<?xml version="1.0" encoding="UTF-8"?>
<gpx creator="StravaGPX" version="1.1" xmlns="http://www.topografix.com/GPX/1/1" xmlns:xsi="http://www.w3.org/2001/XMLSchema-instance" xsi:schemaLocation="http://www.topografix.com/GPX/1/1 http://www.topografix.com/GPX/1/1/gpx.xsd">
 <trk>
  <name>Morning Trail Run</name>
  <type>trail_running</type>
  <trkseg>
   <trkpt lat="46.3689280" lon="14.8948130">
    <ele>1413.0</ele>
   </trkpt>
   <trkpt lat="46.3689280" lon="14.8948130">
    <ele>1413.0</ele>
   </trkpt>
   <trkpt lat="46.3689280" lon="14.8948130">
    <ele>1413.0</ele>
   </trkpt>
   <trkpt lat="46.3689280" lon="14.8948130">
    <ele>1413.0</ele>
   </trkpt>
   <trkpt lat="46.3689080" lon="14.8948630">
    <ele>1413.2</ele>
   </trkpt>
   <trkpt lat="46.3688870" lon="14.8949320">
    <ele>1413.2</ele>
   </trkpt>
   <trkpt lat="46.3688630" lon="14.8950080">
    <ele>1413.2</ele>
   </trkpt>
   <trkpt lat="46.3688400" lon="14.8950850">
    <ele>1413.2</ele>
   </trkpt>
   <trkpt lat="46.3688200" lon="14.8951600">
    <ele>1413.0</ele>
   </trkpt>
   <trkpt lat="46.3688030" lon="14.8952270">
    <ele>1412.6</ele>
   </trkpt>
   <trkpt lat="46.3687930" lon="14.8952920">
    <ele>1412.6</ele>
   </trkpt>
   <trkpt lat="46.3687830" lon="14.8953480">
    <ele>1412.4</ele>
   </trkpt>
   <trkpt lat="46.3687720" lon="14.8954050">
    <ele>1412.4</ele>
   </trkpt>
   <trkpt lat="46.3687620" lon="14.8954650">
    <ele>1412.4</ele>
   </trkpt>
   <trkpt lat="46.3687480" lon="14.8955230">
    <ele>1412.0</ele>
   </trkpt>
   <trkpt lat="46.3687400" lon="14.8955870">
    <ele>1411.8</ele>
   </trkpt>
   <trkpt lat="46.3687320" lon="14.8956480">
    <ele>1411.2</ele>
   </trkpt>
   <trkpt lat="46.3687230" lon="14.8957120">
    <ele>1411.0</ele>
   </trkpt>
   <trkpt lat="46.3687170" lon="14.8957680">
    <ele>1411.0</ele>
   </trkpt>
   <trkpt lat="46.3687080" lon="14.8958320">
    <ele>1410.4</ele>
   </trkpt>
   <trkpt lat="46.3687020" lon="14.8958870">
    <ele>1409.8</ele>
   </trkpt>
   <trkpt lat="46.3686950" lon="14.8959470">
    <ele>1409.0</ele>
   </trkpt>
   <trkpt lat="46.3686970" lon="14.8960100">
    <ele>1408.4</ele>
   </trkpt>
   <trkpt lat="46.3687030" lon="14.8960720">
    <ele>1407.8</ele>
   </trkpt>
   <trkpt lat="46.3687150" lon="14.8961330">
    <ele>1407.6</ele>
   </trkpt>
   <trkpt lat="46.3687270" lon="14.8961970">
    <ele>1407.2</ele>
   </trkpt>
   <trkpt lat="46.3687420" lon="14.8962530">
    <ele>1406.4</ele>
   </trkpt>
   <trkpt lat="46.3687580" lon="14.8963130">
    <ele>1406.0</ele>
   </trkpt>
   <trkpt lat="46.3687770" lon="14.8963720">
    <ele>1405.6</ele>
   </trkpt>
   <trkpt lat="46.3687980" lon="14.8964320">
    <ele>1405.4</ele>
   </trkpt>
   <trkpt lat="46.3688180" lon="14.8964900">
    <ele>1404.8</ele>
   </trkpt>
   <trkpt lat="46.3688370" lon="14.8965430">
    <ele>1404.2</ele>
   </trkpt>
   <trkpt lat="46.3688580" lon="14.8965980">
    <ele>1404.0</ele>
   </trkpt>
   <trkpt lat="46.3688800" lon="14.8966550">
    <ele>1403.8</ele>
   </trkpt>
   <trkpt lat="46.3689030" lon="14.8967100">
    <ele>1403.2</ele>
   </trkpt>
   <trkpt lat="46.3689270" lon="14.8967550">
    <ele>1402.8</ele>
   </trkpt>
   <trkpt lat="46.3689520" lon="14.8968020">
    <ele>1402.4</ele>
   </trkpt>
   <trkpt lat="46.3689750" lon="14.8968470">
    <ele>1402.2</ele>
   </trkpt>
   <trkpt lat="46.3689950" lon="14.8968930">
    <ele>1402.2</ele>
   </trkpt>
   <trkpt lat="46.3690170" lon="14.8969400">
    <ele>1402.0</ele>
   </trkpt>
   <trkpt lat="46.3690420" lon="14.8969830">
    <ele>1401.2</ele>
   </trkpt>
   <trkpt lat="46.3690680" lon="14.8970280">
    <ele>1401.2</ele>
   </trkpt>
   <trkpt lat="46.3690970" lon="14.8970680">
    <ele>1401.2</ele>
   </trkpt>
   <trkpt lat="46.3691170" lon="14.8971130">
    <ele>1400.8</ele>
   </trkpt>
   <trkpt lat="46.3691420" lon="14.8971550">
    <ele>1400.6</ele>
   </trkpt>
   <trkpt lat="46.3691720" lon="14.8971920">
    <ele>1400.6</ele>
   </trkpt>
   <trkpt lat="46.3692050" lon="14.8972280">
    <ele>1400.6</ele>
   </trkpt>
   <trkpt lat="46.3692420" lon="14.8972600">
    <ele>1400.4</ele>
   </trkpt>
   <trkpt lat="46.3692780" lon="14.8972820">
    <ele>1400.0</ele>
   </trkpt>
   <trkpt lat="46.3693130" lon="14.8973070">
    <ele>1400.0</ele>
   </trkpt>
   <trkpt lat="46.3693450" lon="14.8973330">
    <ele>1399.8</ele>
   </trkpt>
   <trkpt lat="46.3693820" lon="14.8973620">
    <ele>1399.6</ele>
   </trkpt>
   <trkpt lat="46.3694130" lon="14.8973950">
    <ele>1399.2</ele>
   </trkpt>
   <trkpt lat="46.3694450" lon="14.8974280">
    <ele>1398.6</ele>
   </trkpt>
   <trkpt lat="46.3694750" lon="14.8974570">
    <ele>1398.2</ele>
   </trkpt>
   <trkpt lat="46.3695030" lon="14.8974850">
    <ele>1398.2</ele>
   </trkpt>
   <trkpt lat="46.3695370" lon="14.8975180">
    <ele>1397.6</ele>
   </trkpt>
   <trkpt lat="46.3695720" lon="14.8975520">
    <ele>1397.0</ele>
   </trkpt>
   <trkpt lat="46.3696100" lon="14.8975880">
    <ele>1396.4</ele>
   </trkpt>
   <trkpt lat="46.3696470" lon="14.8976180">
    <ele>1396.0</ele>
   </trkpt>
   <trkpt lat="46.3696820" lon="14.8976530">
    <ele>1395.6</ele>
   </trkpt>
   <trkpt lat="46.3697150" lon="14.8976880">
    <ele>1394.8</ele>
   </trkpt>
   <trkpt lat="46.3697480" lon="14.8977230">
    <ele>1394.4</ele>
   </trkpt>
   <trkpt lat="46.3697870" lon="14.8977470">
    <ele>1393.8</ele>
   </trkpt>
   <trkpt lat="46.3698200" lon="14.8977720">
    <ele>1393.6</ele>
   </trkpt>
   <trkpt lat="46.3698530" lon="14.8977950">
    <ele>1393.2</ele>
   </trkpt>
   <trkpt lat="46.3698850" lon="14.8978150">
    <ele>1392.4</ele>
   </trkpt>
   <trkpt lat="46.3699180" lon="14.8978370">
    <ele>1392.0</ele>
   </trkpt>
   <trkpt lat="46.3699530" lon="14.8978600">
    <ele>1391.6</ele>
   </trkpt>
   <trkpt lat="46.3699850" lon="14.8978780">
    <ele>1391.6</ele>
   </trkpt>
   <trkpt lat="46.3700100" lon="14.8978980">
    <ele>1391.6</ele>
   </trkpt>
   <trkpt lat="46.3700430" lon="14.8979200">
    <ele>1391.0</ele>
   </trkpt>
   <trkpt lat="46.3700770" lon="14.8979420">
    <ele>1390.4</ele>
   </trkpt>
   <trkpt lat="46.3701150" lon="14.8979670">
    <ele>1390.0</ele>
   </trkpt>
   <trkpt lat="46.3701480" lon="14.8980030">
    <ele>1390.0</ele>
   </trkpt>
   <trkpt lat="46.3701800" lon="14.8980370">
    <ele>1389.4</ele>
   </trkpt>
   <trkpt lat="46.3702200" lon="14.8980650">
    <ele>1389.0</ele>
   </trkpt>
   <trkpt lat="46.3702530" lon="14.8980970">
    <ele>1388.6</ele>
   </trkpt>
   <trkpt lat="46.3702930" lon="14.8981300">
    <ele>1388.4</ele>
   </trkpt>
   <trkpt lat="46.3703300" lon="14.8981630">
    <ele>1388.2</ele>
   </trkpt>
   <trkpt lat="46.3703650" lon="14.8982020">
    <ele>1387.8</ele>
   </trkpt>
   <trkpt lat="46.3704000" lon="14.8982370">
    <ele>1387.4</ele>
   </trkpt>
   <trkpt lat="46.3704320" lon="14.8982720">
    <ele>1387.0</ele>
   </trkpt>
   <trkpt lat="46.3704620" lon="14.8983120">
    <ele>1386.8</ele>
   </trkpt>
   <trkpt lat="46.3704920" lon="14.8983580">
    <ele>1386.8</ele>
   </trkpt>
   <trkpt lat="46.3705170" lon="14.8984100">
    <ele>1386.8</ele>
   </trkpt>
   <trkpt lat="46.3705380" lon="14.8984600">
    <ele>1386.6</ele>
   </trkpt>
   <trkpt lat="46.3705650" lon="14.8985120">
    <ele>1386.6</ele>
   </trkpt>
   <trkpt lat="46.3705950" lon="14.8985600">
    <ele>1386.4</ele>
   </trkpt>
   <trkpt lat="46.3706230" lon="14.8986000">
    <ele>1386.0</ele>
   </trkpt>
   <trkpt lat="46.3706470" lon="14.8986470">
    <ele>1386.0</ele>
   </trkpt>
   <trkpt lat="46.3706680" lon="14.8986950">
    <ele>1386.0</ele>
   </trkpt>
   <trkpt lat="46.3706950" lon="14.8987400">
    <ele>1385.8</ele>
   </trkpt>
   <trkpt lat="46.3707180" lon="14.8987900">
    <ele>1385.6</ele>
   </trkpt>
   <trkpt lat="46.3707420" lon="14.8988370">
    <ele>1385.2</ele>
   </trkpt>
   <trkpt lat="46.3707700" lon="14.8988820">
    <ele>1385.2</ele>
   </trkpt>
   <trkpt lat="46.3707950" lon="14.8989300">
    <ele>1384.8</ele>
   </trkpt>
   <trkpt lat="46.3708180" lon="14.8989820">
    <ele>1384.4</ele>
   </trkpt>
   <trkpt lat="46.3708430" lon="14.8990300">
    <ele>1383.8</ele>
   </trkpt>
   <trkpt lat="46.3708650" lon="14.8990820">
    <ele>1383.8</ele>
   </trkpt>
   <trkpt lat="46.3708780" lon="14.8991380">
    <ele>1383.4</ele>
   </trkpt>
   <trkpt lat="46.3708920" lon="14.8991900">
    <ele>1383.4</ele>
   </trkpt>
   <trkpt lat="46.3709030" lon="14.8992420">
    <ele>1383.0</ele>
   </trkpt>
   <trkpt lat="46.3709170" lon="14.8992980">
    <ele>1383.0</ele>
   </trkpt>
   <trkpt lat="46.3709300" lon="14.8993450">
    <ele>1382.8</ele>
   </trkpt>
   <trkpt lat="46.3709500" lon="14.8993920">
    <ele>1382.8</ele>
   </trkpt>
   <trkpt lat="46.3709680" lon="14.8994400">
    <ele>1382.6</ele>
   </trkpt>
   <trkpt lat="46.3709850" lon="14.8994870">
    <ele>1382.6</ele>
   </trkpt>
   <trkpt lat="46.3710030" lon="14.8995370">
    <ele>1382.4</ele>
   </trkpt>
   <trkpt lat="46.3710180" lon="14.8995850">
    <ele>1382.4</ele>
   </trkpt>
   <trkpt lat="46.3710350" lon="14.8996350">
    <ele>1382.4</ele>
   </trkpt>
   <trkpt lat="46.3710500" lon="14.8996830">
    <ele>1382.2</ele>
   </trkpt>
   <trkpt lat="46.3710680" lon="14.8997330">
    <ele>1382.2</ele>
   </trkpt>
   <trkpt lat="46.3710850" lon="14.8997780">
    <ele>1382.2</ele>
   </trkpt>
   <trkpt lat="46.3710980" lon="14.8998250">
    <ele>1382.4</ele>
   </trkpt>
   <trkpt lat="46.3711120" lon="14.8998680">
    <ele>1382.8</ele>
   </trkpt>
   <trkpt lat="46.3711300" lon="14.8999100">
    <ele>1382.8</ele>
   </trkpt>
   <trkpt lat="46.3711480" lon="14.8999520">
    <ele>1382.8</ele>
   </trkpt>
   <trkpt lat="46.3711670" lon="14.8999950">
    <ele>1383.0</ele>
   </trkpt>
   <trkpt lat="46.3711880" lon="14.9000380">
    <ele>1383.0</ele>
   </trkpt>
   <trkpt lat="46.3712100" lon="14.9000770">
    <ele>1383.2</ele>
   </trkpt>
   <trkpt lat="46.3712320" lon="14.9001150">
    <ele>1383.6</ele>
   </trkpt>
   <trkpt lat="46.3712530" lon="14.9001480">
    <ele>1383.8</ele>
   </trkpt>
   <trkpt lat="46.3712770" lon="14.9001830">
    <ele>1383.8</ele>
   </trkpt>
   <trkpt lat="46.3713030" lon="14.9002170">
    <ele>1383.8</ele>
   </trkpt>
   <trkpt lat="46.3713270" lon="14.9002530">
    <ele>1384.0</ele>
   </trkpt>
   <trkpt lat="46.3713520" lon="14.9002900">
    <ele>1384.0</ele>
   </trkpt>
   <trkpt lat="46.3713750" lon="14.9003230">
    <ele>1384.0</ele>
   </trkpt>
   <trkpt lat="46.3713980" lon="14.9003620">
    <ele>1384.0</ele>
   </trkpt>
   <trkpt lat="46.3714220" lon="14.9004000">
    <ele>1384.2</ele>
   </trkpt>
   <trkpt lat="46.3714430" lon="14.9004380">
    <ele>1384.2</ele>
   </trkpt>
   <trkpt lat="46.3714670" lon="14.9004780">
    <ele>1384.2</ele>
   </trkpt>
   <trkpt lat="46.3714920" lon="14.9005180">
    <ele>1384.4</ele>
   </trkpt>
   <trkpt lat="46.3715150" lon="14.9005550">
    <ele>1384.4</ele>
   </trkpt>
   <trkpt lat="46.3715380" lon="14.9005950">
    <ele>1384.4</ele>
   </trkpt>
   <trkpt lat="46.3715620" lon="14.9006280">
    <ele>1384.8</ele>
   </trkpt>
   <trkpt lat="46.3715880" lon="14.9006630">
    <ele>1384.8</ele>
   </trkpt>
   <trkpt lat="46.3716130" lon="14.9007000">
    <ele>1384.8</ele>
   </trkpt>
   <trkpt lat="46.3716420" lon="14.9007370">
    <ele>1384.8</ele>
   </trkpt>
   <trkpt lat="46.3716680" lon="14.9007730">
    <ele>1384.8</ele>
   </trkpt>
   <trkpt lat="46.3716880" lon="14.9008130">
    <ele>1384.6</ele>
   </trkpt>
   <trkpt lat="46.3717080" lon="14.9008550">
    <ele>1384.6</ele>
   </trkpt>
   <trkpt lat="46.3717250" lon="14.9008980">
    <ele>1384.6</ele>
   </trkpt>
   <trkpt lat="46.3717420" lon="14.9009430">
    <ele>1384.6</ele>
   </trkpt>
   <trkpt lat="46.3717570" lon="14.9009830">
    <ele>1384.6</ele>
   </trkpt>
   <trkpt lat="46.3717760" lon="14.9010250">
    <ele>1384.8</ele>
   </trkpt>
   <trkpt lat="46.3717930" lon="14.9010600">
    <ele>1384.8</ele>
   </trkpt>
   <trkpt lat="46.3718120" lon="14.9010970">
    <ele>1384.8</ele>
   </trkpt>
   <trkpt lat="46.3718320" lon="14.9011350">
    <ele>1385.0</ele>
   </trkpt>
   <trkpt lat="46.3718570" lon="14.9011750">
    <ele>1385.0</ele>
   </trkpt>
   <trkpt lat="46.3718770" lon="14.9012170">
    <ele>1384.8</ele>
   </trkpt>
   <trkpt lat="46.3718980" lon="14.9012620">
    <ele>1384.8</ele>
   </trkpt>
   <trkpt lat="46.3719180" lon="14.9013030">
    <ele>1384.8</ele>
   </trkpt>
   <trkpt lat="46.3719380" lon="14.9013450">
    <ele>1384.8</ele>
   </trkpt>
   <trkpt lat="46.3719600" lon="14.9013850">
    <ele>1384.8</ele>
   </trkpt>
   <trkpt lat="46.3719800" lon="14.9014280">
    <ele>1384.6</ele>
   </trkpt>
   <trkpt lat="46.3720020" lon="14.9014700">
    <ele>1384.2</ele>
   </trkpt>
   <trkpt lat="46.3720230" lon="14.9015130">
    <ele>1384.2</ele>
   </trkpt>
   <trkpt lat="46.3720430" lon="14.9015550">
    <ele>1384.0</ele>
   </trkpt>
   <trkpt lat="46.3720650" lon="14.9015950">
    <ele>1383.6</ele>
   </trkpt>
   <trkpt lat="46.3720900" lon="14.9016320">
    <ele>1383.0</ele>
   </trkpt>
   <trkpt lat="46.3721120" lon="14.9016680">
    <ele>1382.6</ele>
   </trkpt>
   <trkpt lat="46.3721370" lon="14.9017020">
    <ele>1382.4</ele>
   </trkpt>
   <trkpt lat="46.3721620" lon="14.9017380">
    <ele>1381.8</ele>
   </trkpt>
   <trkpt lat="46.3721820" lon="14.9017830">
    <ele>1381.8</ele>
   </trkpt>
   <trkpt lat="46.3722030" lon="14.9018280">
    <ele>1381.4</ele>
   </trkpt>
   <trkpt lat="46.3722200" lon="14.9018780">
    <ele>1381.0</ele>
   </trkpt>
   <trkpt lat="46.3722370" lon="14.9019230">
    <ele>1380.8</ele>
   </trkpt>
   <trkpt lat="46.3722480" lon="14.9019680">
    <ele>1380.4</ele>
   </trkpt>
   <trkpt lat="46.3722630" lon="14.9020170">
    <ele>1380.4</ele>
   </trkpt>
   <trkpt lat="46.3722720" lon="14.9020650">
    <ele>1379.8</ele>
   </trkpt>
   <trkpt lat="46.3722830" lon="14.9021150">
    <ele>1379.0</ele>
   </trkpt>
   <trkpt lat="46.3722910" lon="14.9021650">
    <ele>1378.8</ele>
   </trkpt>
   <trkpt lat="46.3722980" lon="14.9022220">
    <ele>1378.8</ele>
   </trkpt>
   <trkpt lat="46.3723030" lon="14.9022780">
    <ele>1378.4</ele>
   </trkpt>
   <trkpt lat="46.3723030" lon="14.9023300">
    <ele>1378.0</ele>
   </trkpt>
   <trkpt lat="46.3722970" lon="14.9023820">
    <ele>1377.8</ele>
   </trkpt>
   <trkpt lat="46.3722870" lon="14.9024330">
    <ele>1377.8</ele>
   </trkpt>
   <trkpt lat="46.3722750" lon="14.9024830">
    <ele>1377.4</ele>
   </trkpt>
   <trkpt lat="46.3722580" lon="14.9025370">
    <ele>1376.6</ele>
   </trkpt>
   <trkpt lat="46.3722430" lon="14.9025850">
    <ele>1376.6</ele>
   </trkpt>
   <trkpt lat="46.3722250" lon="14.9026350">
    <ele>1376.4</ele>
   </trkpt>
   <trkpt lat="46.3722070" lon="14.9026880">
    <ele>1375.8</ele>
   </trkpt>
   <trkpt lat="46.3721880" lon="14.9027380">
    <ele>1375.6</ele>
   </trkpt>
   <trkpt lat="46.3721730" lon="14.9027900">
    <ele>1374.8</ele>
   </trkpt>
   <trkpt lat="46.3721580" lon="14.9028380">
    <ele>1374.8</ele>
   </trkpt>
   <trkpt lat="46.3721430" lon="14.9028880">
    <ele>1374.4</ele>
   </trkpt>
   <trkpt lat="46.3721320" lon="14.9029350">
    <ele>1374.0</ele>
   </trkpt>
   <trkpt lat="46.3721180" lon="14.9029830">
    <ele>1373.4</ele>
   </trkpt>
   <trkpt lat="46.3721050" lon="14.9030330">
    <ele>1372.8</ele>
   </trkpt>
   <trkpt lat="46.3720920" lon="14.9030820">
    <ele>1372.8</ele>
   </trkpt>
   <trkpt lat="46.3720780" lon="14.9031330">
    <ele>1372.6</ele>
   </trkpt>
   <trkpt lat="46.3720700" lon="14.9031830">
    <ele>1372.2</ele>
   </trkpt>
   <trkpt lat="46.3720580" lon="14.9032400">
    <ele>1371.8</ele>
   </trkpt>
   <trkpt lat="46.3720430" lon="14.9032880">
    <ele>1371.0</ele>
   </trkpt>
   <trkpt lat="46.3720280" lon="14.9033370">
    <ele>1371.0</ele>
   </trkpt>
   <trkpt lat="46.3720120" lon="14.9033870">
    <ele>1371.0</ele>
   </trkpt>
   <trkpt lat="46.3719950" lon="14.9034350">
    <ele>1370.8</ele>
   </trkpt>
   <trkpt lat="46.3719750" lon="14.9034830">
    <ele>1370.4</ele>
   </trkpt>
   <trkpt lat="46.3719530" lon="14.9035320">
    <ele>1369.6</ele>
   </trkpt>
   <trkpt lat="46.3719370" lon="14.9035750">
    <ele>1369.6</ele>
   </trkpt>
   <trkpt lat="46.3719180" lon="14.9036130">
    <ele>1369.0</ele>
   </trkpt>
   <trkpt lat="46.3719020" lon="14.9036450">
    <ele>1368.2</ele>
   </trkpt>
   <trkpt lat="46.3718920" lon="14.9036700">
    <ele>1367.8</ele>
   </trkpt>
   <trkpt lat="46.3718900" lon="14.9036900">
    <ele>1367.4</ele>
   </trkpt>
   <trkpt lat="46.3718950" lon="14.9037070">
    <ele>1367.2</ele>
   </trkpt>
   <trkpt lat="46.3718950" lon="14.9037070">
    <ele>1367.0</ele>
   </trkpt>
   <trkpt lat="46.3719120" lon="14.9037280">
    <ele>1367.0</ele>
   </trkpt>
   <trkpt lat="46.3719120" lon="14.9037280">
    <ele>1367.0</ele>
   </trkpt>
   <trkpt lat="46.3719330" lon="14.9037800">
    <ele>1367.0</ele>
   </trkpt>
   <trkpt lat="46.3719330" lon="14.9037800">
    <ele>1367.2</ele>
   </trkpt>
   <trkpt lat="46.3719620" lon="14.9038350">
    <ele>1367.4</ele>
   </trkpt>
   <trkpt lat="46.3719770" lon="14.9038570">
    <ele>1367.4</ele>
   </trkpt>
   <trkpt lat="46.3719880" lon="14.9038680">
    <ele>1367.8</ele>
   </trkpt>
   <trkpt lat="46.3720050" lon="14.9038850">
    <ele>1368.0</ele>
   </trkpt>
   <trkpt lat="46.3720170" lon="14.9038970">
    <ele>1368.4</ele>
   </trkpt>
   <trkpt lat="46.3720170" lon="14.9038970">
    <ele>1368.8</ele>
   </trkpt>
   <trkpt lat="46.3720470" lon="14.9039200">
    <ele>1369.2</ele>
   </trkpt>
   <trkpt lat="46.3720470" lon="14.9039200">
    <ele>1369.8</ele>
   </trkpt>
   <trkpt lat="46.3720830" lon="14.9039430">
    <ele>1370.2</ele>
   </trkpt>
   <trkpt lat="46.3721000" lon="14.9039530">
    <ele>1371.0</ele>
   </trkpt>
   <trkpt lat="46.3721200" lon="14.9039600">
    <ele>1371.0</ele>
   </trkpt>
   <trkpt lat="46.3721380" lon="14.9039630">
    <ele>1371.6</ele>
   </trkpt>
   <trkpt lat="46.3721580" lon="14.9039670">
    <ele>1372.0</ele>
   </trkpt>
   <trkpt lat="46.3721770" lon="14.9039670">
    <ele>1372.4</ele>
   </trkpt>
   <trkpt lat="46.3721950" lon="14.9039620">
    <ele>1373.2</ele>
   </trkpt>
   <trkpt lat="46.3722120" lon="14.9039620">
    <ele>1373.8</ele>
   </trkpt>
   <trkpt lat="46.3722300" lon="14.9039600">
    <ele>1374.4</ele>
   </trkpt>
   <trkpt lat="46.3722300" lon="14.9039600">
    <ele>1374.6</ele>
   </trkpt>
   <trkpt lat="46.3722700" lon="14.9039670">
    <ele>1375.0</ele>
   </trkpt>
   <trkpt lat="46.3722880" lon="14.9039650">
    <ele>1375.6</ele>
   </trkpt>
   <trkpt lat="46.3723120" lon="14.9039600">
    <ele>1375.6</ele>
   </trkpt>
   <trkpt lat="46.3723330" lon="14.9039620">
    <ele>1376.0</ele>
   </trkpt>
   <trkpt lat="46.3723530" lon="14.9039650">
    <ele>1376.4</ele>
   </trkpt>
   <trkpt lat="46.3723730" lon="14.9039670">
    <ele>1376.6</ele>
   </trkpt>
   <trkpt lat="46.3723930" lon="14.9039680">
    <ele>1376.8</ele>
   </trkpt>
   <trkpt lat="46.3724170" lon="14.9039620">
    <ele>1377.0</ele>
   </trkpt>
   <trkpt lat="46.3724370" lon="14.9039550">
    <ele>1377.8</ele>
   </trkpt>
   <trkpt lat="46.3724570" lon="14.9039470">
    <ele>1378.2</ele>
   </trkpt>
   <trkpt lat="46.3724720" lon="14.9039470">
    <ele>1378.2</ele>
   </trkpt>
   <trkpt lat="46.3724850" lon="14.9039520">
    <ele>1378.8</ele>
   </trkpt>
   <trkpt lat="46.3724850" lon="14.9039520">
    <ele>1379.4</ele>
   </trkpt>
   <trkpt lat="46.3725130" lon="14.9039650">
    <ele>1379.6</ele>
   </trkpt>
   <trkpt lat="46.3725130" lon="14.9039650">
    <ele>1380.0</ele>
   </trkpt>
   <trkpt lat="46.3725420" lon="14.9039800">
    <ele>1380.4</ele>
   </trkpt>
   <trkpt lat="46.3725420" lon="14.9039800">
    <ele>1380.6</ele>
   </trkpt>
   <trkpt lat="46.3725720" lon="14.9039920">
    <ele>1381.0</ele>
   </trkpt>
   <trkpt lat="46.3725720" lon="14.9039920">
    <ele>1381.4</ele>
   </trkpt>
   <trkpt lat="46.3725980" lon="14.9039950">
    <ele>1382.2</ele>
   </trkpt>
   <trkpt lat="46.3725980" lon="14.9039950">
    <ele>1382.4</ele>
   </trkpt>
   <trkpt lat="46.3726430" lon="14.9039870">
    <ele>1382.6</ele>
   </trkpt>
   <trkpt lat="46.3726700" lon="14.9039820">
    <ele>1383.2</ele>
   </trkpt>
   <trkpt lat="46.3726930" lon="14.9039670">
    <ele>1384.0</ele>
   </trkpt>
   <trkpt lat="46.3727100" lon="14.9039500">
    <ele>1384.0</ele>
   </trkpt>
   <trkpt lat="46.3727270" lon="14.9039400">
    <ele>1384.4</ele>
   </trkpt>
   <trkpt lat="46.3727450" lon="14.9039330">
    <ele>1385.0</ele>
   </trkpt>
   <trkpt lat="46.3727630" lon="14.9039280">
    <ele>1385.0</ele>
   </trkpt>
   <trkpt lat="46.3727830" lon="14.9039330">
    <ele>1385.4</ele>
   </trkpt>
   <trkpt lat="46.3728020" lon="14.9039370">
    <ele>1385.8</ele>
   </trkpt>
   <trkpt lat="46.3728180" lon="14.9039420">
    <ele>1386.2</ele>
   </trkpt>
   <trkpt lat="46.3728380" lon="14.9039420">
    <ele>1386.6</ele>
   </trkpt>
   <trkpt lat="46.3728580" lon="14.9039330">
    <ele>1386.8</ele>
   </trkpt>
   <trkpt lat="46.3728770" lon="14.9039230">
    <ele>1387.4</ele>
   </trkpt>
   <trkpt lat="46.3728970" lon="14.9039150">
    <ele>1387.8</ele>
   </trkpt>
   <trkpt lat="46.3729130" lon="14.9039080">
    <ele>1388.0</ele>
   </trkpt>
   <trkpt lat="46.3729280" lon="14.9039080">
    <ele>1388.4</ele>
   </trkpt>
   <trkpt lat="46.3729500" lon="14.9039030">
    <ele>1388.6</ele>
   </trkpt>
   <trkpt lat="46.3729670" lon="14.9038980">
    <ele>1388.8</ele>
   </trkpt>
   <trkpt lat="46.3729670" lon="14.9038980">
    <ele>1388.8</ele>
   </trkpt>
   <trkpt lat="46.3730000" lon="14.9038980">
    <ele>1389.4</ele>
   </trkpt>
   <trkpt lat="46.3730200" lon="14.9038980">
    <ele>1389.8</ele>
   </trkpt>
   <trkpt lat="46.3730470" lon="14.9038850">
    <ele>1390.0</ele>
   </trkpt>
   <trkpt lat="46.3730720" lon="14.9038750">
    <ele>1390.0</ele>
   </trkpt>
   <trkpt lat="46.3730950" lon="14.9038620">
    <ele>1390.6</ele>
   </trkpt>
   <trkpt lat="46.3731280" lon="14.9038350">
    <ele>1390.8</ele>
   </trkpt>
   <trkpt lat="46.3731520" lon="14.9038130">
    <ele>1390.8</ele>
   </trkpt>
   <trkpt lat="46.3731750" lon="14.9037850">
    <ele>1391.0</ele>
   </trkpt>
   <trkpt lat="46.3731930" lon="14.9037700">
    <ele>1391.6</ele>
   </trkpt>
   <trkpt lat="46.3732070" lon="14.9037680">
    <ele>1391.6</ele>
   </trkpt>
   <trkpt lat="46.3732230" lon="14.9037630">
    <ele>1392.0</ele>
   </trkpt>
   <trkpt lat="46.3732700" lon="14.9037720">
    <ele>1392.2</ele>
   </trkpt>
   <trkpt lat="46.3732830" lon="14.9037720">
    <ele>1392.4</ele>
   </trkpt>
   <trkpt lat="46.3733070" lon="14.9037900">
    <ele>1392.4</ele>
   </trkpt>
   <trkpt lat="46.3733180" lon="14.9037980">
    <ele>1392.6</ele>
   </trkpt>
   <trkpt lat="46.3733400" lon="14.9037970">
    <ele>1393.2</ele>
   </trkpt>
   <trkpt lat="46.3733620" lon="14.9037770">
    <ele>1393.2</ele>
   </trkpt>
   <trkpt lat="46.3733750" lon="14.9037650">
    <ele>1393.4</ele>
   </trkpt>
   <trkpt lat="46.3734030" lon="14.9037450">
    <ele>1393.8</ele>
   </trkpt>
   <trkpt lat="46.3734300" lon="14.9037250">
    <ele>1394.4</ele>
   </trkpt>
   <trkpt lat="46.3734570" lon="14.9037200">
    <ele>1394.4</ele>
   </trkpt>
   <trkpt lat="46.3734850" lon="14.9037180">
    <ele>1394.8</ele>
   </trkpt>
   <trkpt lat="46.3735070" lon="14.9037170">
    <ele>1394.8</ele>
   </trkpt>
   <trkpt lat="46.3735250" lon="14.9037000">
    <ele>1395.6</ele>
   </trkpt>
   <trkpt lat="46.3735380" lon="14.9036880">
    <ele>1395.6</ele>
   </trkpt>
   <trkpt lat="46.3735480" lon="14.9036800">
    <ele>1396.0</ele>
   </trkpt>
   <trkpt lat="46.3735480" lon="14.9036800">
    <ele>1396.6</ele>
   </trkpt>
   <trkpt lat="46.3735800" lon="14.9036600">
    <ele>1396.8</ele>
   </trkpt>
   <trkpt lat="46.3735800" lon="14.9036600">
    <ele>1397.2</ele>
   </trkpt>
   <trkpt lat="46.3736130" lon="14.9036320">
    <ele>1397.8</ele>
   </trkpt>
   <trkpt lat="46.3736130" lon="14.9036320">
    <ele>1398.0</ele>
   </trkpt>
   <trkpt lat="46.3736430" lon="14.9036170">
    <ele>1398.4</ele>
   </trkpt>
   <trkpt lat="46.3736430" lon="14.9036170">
    <ele>1398.8</ele>
   </trkpt>
   <trkpt lat="46.3736780" lon="14.9036150">
    <ele>1399.0</ele>
   </trkpt>
   <trkpt lat="46.3736780" lon="14.9036150">
    <ele>1399.4</ele>
   </trkpt>
   <trkpt lat="46.3737220" lon="14.9036080">
    <ele>1399.8</ele>
   </trkpt>
   <trkpt lat="46.3737400" lon="14.9036000">
    <ele>1400.2</ele>
   </trkpt>
   <trkpt lat="46.3737630" lon="14.9035870">
    <ele>1400.4</ele>
   </trkpt>
   <trkpt lat="46.3737880" lon="14.9035780">
    <ele>1400.6</ele>
   </trkpt>
   <trkpt lat="46.3738100" lon="14.9035750">
    <ele>1401.0</ele>
   </trkpt>
   <trkpt lat="46.3738330" lon="14.9035750">
    <ele>1401.0</ele>
   </trkpt>
   <trkpt lat="46.3738600" lon="14.9035800">
    <ele>1401.2</ele>
   </trkpt>
   <trkpt lat="46.3738750" lon="14.9035820">
    <ele>1401.4</ele>
   </trkpt>
   <trkpt lat="46.3738950" lon="14.9035870">
    <ele>1401.6</ele>
   </trkpt>
   <trkpt lat="46.3739120" lon="14.9035980">
    <ele>1401.6</ele>
   </trkpt>
   <trkpt lat="46.3739280" lon="14.9036030">
    <ele>1401.8</ele>
   </trkpt>
   <trkpt lat="46.3739280" lon="14.9036030">
    <ele>1402.2</ele>
   </trkpt>
   <trkpt lat="46.3739530" lon="14.9036180">
    <ele>1402.2</ele>
   </trkpt>
   <trkpt lat="46.3739530" lon="14.9036180">
    <ele>1402.6</ele>
   </trkpt>
   <trkpt lat="46.3739800" lon="14.9036330">
    <ele>1403.4</ele>
   </trkpt>
   <trkpt lat="46.3739800" lon="14.9036330">
    <ele>1403.6</ele>
   </trkpt>
   <trkpt lat="46.3740130" lon="14.9036400">
    <ele>1403.8</ele>
   </trkpt>
   <trkpt lat="46.3740130" lon="14.9036400">
    <ele>1404.2</ele>
   </trkpt>
   <trkpt lat="46.3740550" lon="14.9036430">
    <ele>1404.6</ele>
   </trkpt>
   <trkpt lat="46.3740770" lon="14.9036470">
    <ele>1404.8</ele>
   </trkpt>
   <trkpt lat="46.3740950" lon="14.9036520">
    <ele>1405.0</ele>
   </trkpt>
   <trkpt lat="46.3741230" lon="14.9036580">
    <ele>1405.2</ele>
   </trkpt>
   <trkpt lat="46.3741470" lon="14.9036520">
    <ele>1405.4</ele>
   </trkpt>
   <trkpt lat="46.3741670" lon="14.9036620">
    <ele>1405.4</ele>
   </trkpt>
   <trkpt lat="46.3741870" lon="14.9036700">
    <ele>1405.6</ele>
   </trkpt>
   <trkpt lat="46.3742180" lon="14.9036770">
    <ele>1405.8</ele>
   </trkpt>
   <trkpt lat="46.3742420" lon="14.9036920">
    <ele>1405.8</ele>
   </trkpt>
   <trkpt lat="46.3742650" lon="14.9036980">
    <ele>1405.8</ele>
   </trkpt>
   <trkpt lat="46.3742920" lon="14.9036980">
    <ele>1405.8</ele>
   </trkpt>
   <trkpt lat="46.3743200" lon="14.9037020">
    <ele>1406.0</ele>
   </trkpt>
   <trkpt lat="46.3743520" lon="14.9037050">
    <ele>1406.0</ele>
   </trkpt>
   <trkpt lat="46.3743820" lon="14.9037100">
    <ele>1406.2</ele>
   </trkpt>
   <trkpt lat="46.3744070" lon="14.9037250">
    <ele>1406.2</ele>
   </trkpt>
   <trkpt lat="46.3744320" lon="14.9037320">
    <ele>1406.2</ele>
   </trkpt>
   <trkpt lat="46.3744500" lon="14.9037420">
    <ele>1406.4</ele>
   </trkpt>
   <trkpt lat="46.3744700" lon="14.9037650">
    <ele>1406.8</ele>
   </trkpt>
   <trkpt lat="46.3744900" lon="14.9037800">
    <ele>1406.8</ele>
   </trkpt>
   <trkpt lat="46.3745130" lon="14.9037830">
    <ele>1407.0</ele>
   </trkpt>
   <trkpt lat="46.3745300" lon="14.9037780">
    <ele>1407.4</ele>
   </trkpt>
   <trkpt lat="46.3745580" lon="14.9037820">
    <ele>1407.4</ele>
   </trkpt>
   <trkpt lat="46.3745830" lon="14.9037830">
    <ele>1407.4</ele>
   </trkpt>
   <trkpt lat="46.3746080" lon="14.9037780">
    <ele>1407.6</ele>
   </trkpt>
   <trkpt lat="46.3746270" lon="14.9037780">
    <ele>1408.0</ele>
   </trkpt>
   <trkpt lat="46.3746430" lon="14.9037780">
    <ele>1408.2</ele>
   </trkpt>
   <trkpt lat="46.3746600" lon="14.9037730">
    <ele>1408.2</ele>
   </trkpt>
   <trkpt lat="46.3746870" lon="14.9037600">
    <ele>1408.4</ele>
   </trkpt>
   <trkpt lat="46.3747100" lon="14.9037600">
    <ele>1409.0</ele>
   </trkpt>
   <trkpt lat="46.3747300" lon="14.9037670">
    <ele>1409.4</ele>
   </trkpt>
   <trkpt lat="46.3747520" lon="14.9037700">
    <ele>1409.4</ele>
   </trkpt>
   <trkpt lat="46.3747730" lon="14.9037750">
    <ele>1410.0</ele>
   </trkpt>
   <trkpt lat="46.3747900" lon="14.9037750">
    <ele>1410.0</ele>
   </trkpt>
   <trkpt lat="46.3748100" lon="14.9037820">
    <ele>1410.2</ele>
   </trkpt>
   <trkpt lat="46.3748320" lon="14.9037820">
    <ele>1410.2</ele>
   </trkpt>
   <trkpt lat="46.3748500" lon="14.9037950">
    <ele>1410.6</ele>
   </trkpt>
   <trkpt lat="46.3748780" lon="14.9038200">
    <ele>1410.6</ele>
   </trkpt>
   <trkpt lat="46.3749030" lon="14.9038350">
    <ele>1411.0</ele>
   </trkpt>
   <trkpt lat="46.3749270" lon="14.9038500">
    <ele>1411.4</ele>
   </trkpt>
   <trkpt lat="46.3749480" lon="14.9038550">
    <ele>1411.4</ele>
   </trkpt>
   <trkpt lat="46.3749670" lon="14.9038680">
    <ele>1411.4</ele>
   </trkpt>
   <trkpt lat="46.3749870" lon="14.9038800">
    <ele>1411.6</ele>
   </trkpt>
   <trkpt lat="46.3750000" lon="14.9038830">
    <ele>1412.2</ele>
   </trkpt>
   <trkpt lat="46.3750170" lon="14.9038750">
    <ele>1412.4</ele>
   </trkpt>
   <trkpt lat="46.3750380" lon="14.9038750">
    <ele>1412.8</ele>
   </trkpt>
   <trkpt lat="46.3750620" lon="14.9038750">
    <ele>1413.2</ele>
   </trkpt>
   <trkpt lat="46.3750850" lon="14.9039020">
    <ele>1413.8</ele>
   </trkpt>
   <trkpt lat="46.3751050" lon="14.9039150">
    <ele>1413.8</ele>
   </trkpt>
   <trkpt lat="46.3751270" lon="14.9039220">
    <ele>1414.2</ele>
   </trkpt>
   <trkpt lat="46.3751520" lon="14.9039350">
    <ele>1414.4</ele>
   </trkpt>
   <trkpt lat="46.3751720" lon="14.9039450">
    <ele>1414.6</ele>
   </trkpt>
   <trkpt lat="46.3751880" lon="14.9039480">
    <ele>1415.0</ele>
   </trkpt>
   <trkpt lat="46.3752080" lon="14.9039570">
    <ele>1415.4</ele>
   </trkpt>
   <trkpt lat="46.3752280" lon="14.9039720">
    <ele>1416.0</ele>
   </trkpt>
   <trkpt lat="46.3752480" lon="14.9039820">
    <ele>1416.4</ele>
   </trkpt>
   <trkpt lat="46.3752680" lon="14.9039830">
    <ele>1416.6</ele>
   </trkpt>
   <trkpt lat="46.3752850" lon="14.9039880">
    <ele>1417.0</ele>
   </trkpt>
   <trkpt lat="46.3753050" lon="14.9039800">
    <ele>1417.4</ele>
   </trkpt>
   <trkpt lat="46.3753250" lon="14.9039720">
    <ele>1417.4</ele>
   </trkpt>
   <trkpt lat="46.3753480" lon="14.9039700">
    <ele>1417.6</ele>
   </trkpt>
   <trkpt lat="46.3753650" lon="14.9039630">
    <ele>1418.0</ele>
   </trkpt>
   <trkpt lat="46.3753780" lon="14.9039670">
    <ele>1418.4</ele>
   </trkpt>
   <trkpt lat="46.3754000" lon="14.9039600">
    <ele>1418.6</ele>
   </trkpt>
   <trkpt lat="46.3754180" lon="14.9039450">
    <ele>1418.8</ele>
   </trkpt>
   <trkpt lat="46.3754180" lon="14.9039450">
    <ele>1419.4</ele>
   </trkpt>
   <trkpt lat="46.3754530" lon="14.9039350">
    <ele>1419.4</ele>
   </trkpt>
   <trkpt lat="46.3754880" lon="14.9039180">
    <ele>1419.6</ele>
   </trkpt>
   <trkpt lat="46.3755130" lon="14.9039120">
    <ele>1419.6</ele>
   </trkpt>
   <trkpt lat="46.3755450" lon="14.9038980">
    <ele>1419.8</ele>
   </trkpt>
   <trkpt lat="46.3755680" lon="14.9038930">
    <ele>1419.8</ele>
   </trkpt>
   <trkpt lat="46.3755880" lon="14.9038850">
    <ele>1419.8</ele>
   </trkpt>
   <trkpt lat="46.3756150" lon="14.9038780">
    <ele>1419.8</ele>
   </trkpt>
   <trkpt lat="46.3756320" lon="14.9038720">
    <ele>1419.8</ele>
   </trkpt>
   <trkpt lat="46.3756530" lon="14.9038630">
    <ele>1419.8</ele>
   </trkpt>
   <trkpt lat="46.3756750" lon="14.9038520">
    <ele>1420.4</ele>
   </trkpt>
   <trkpt lat="46.3756880" lon="14.9038470">
    <ele>1420.4</ele>
   </trkpt>
   <trkpt lat="46.3757030" lon="14.9038330">
    <ele>1420.6</ele>
   </trkpt>
   <trkpt lat="46.3757270" lon="14.9038250">
    <ele>1421.0</ele>
   </trkpt>
   <trkpt lat="46.3757520" lon="14.9038120">
    <ele>1421.4</ele>
   </trkpt>
   <trkpt lat="46.3757720" lon="14.9037970">
    <ele>1421.8</ele>
   </trkpt>
   <trkpt lat="46.3757880" lon="14.9037870">
    <ele>1422.2</ele>
   </trkpt>
   <trkpt lat="46.3758050" lon="14.9037920">
    <ele>1422.4</ele>
   </trkpt>
   <trkpt lat="46.3758250" lon="14.9037920">
    <ele>1422.8</ele>
   </trkpt>
   <trkpt lat="46.3758430" lon="14.9037980">
    <ele>1423.0</ele>
   </trkpt>
   <trkpt lat="46.3758430" lon="14.9037980">
    <ele>1423.6</ele>
   </trkpt>
   <trkpt lat="46.3758780" lon="14.9038100">
    <ele>1424.0</ele>
   </trkpt>
   <trkpt lat="46.3758950" lon="14.9038120">
    <ele>1424.2</ele>
   </trkpt>
   <trkpt lat="46.3759150" lon="14.9038130">
    <ele>1425.0</ele>
   </trkpt>
   <trkpt lat="46.3759380" lon="14.9038120">
    <ele>1425.0</ele>
   </trkpt>
   <trkpt lat="46.3759520" lon="14.9038180">
    <ele>1425.6</ele>
   </trkpt>
   <trkpt lat="46.3759520" lon="14.9038180">
    <ele>1425.8</ele>
   </trkpt>
   <trkpt lat="46.3759770" lon="14.9038200">
    <ele>1425.8</ele>
   </trkpt>
   <trkpt lat="46.3759770" lon="14.9038200">
    <ele>1426.2</ele>
   </trkpt>
   <trkpt lat="46.3760080" lon="14.9038220">
    <ele>1426.6</ele>
   </trkpt>
   <trkpt lat="46.3760080" lon="14.9038220">
    <ele>1426.6</ele>
   </trkpt>
   <trkpt lat="46.3760330" lon="14.9038250">
    <ele>1426.8</ele>
   </trkpt>
   <trkpt lat="46.3760330" lon="14.9038250">
    <ele>1427.2</ele>
   </trkpt>
   <trkpt lat="46.3760730" lon="14.9038320">
    <ele>1427.6</ele>
   </trkpt>
   <trkpt lat="46.3760730" lon="14.9038320">
    <ele>1427.8</ele>
   </trkpt>
   <trkpt lat="46.3761100" lon="14.9038300">
    <ele>1427.8</ele>
   </trkpt>
   <trkpt lat="46.3761330" lon="14.9038320">
    <ele>1428.2</ele>
   </trkpt>
   <trkpt lat="46.3761580" lon="14.9038230">
    <ele>1428.2</ele>
   </trkpt>
   <trkpt lat="46.3761830" lon="14.9038170">
    <ele>1428.4</ele>
   </trkpt>
   <trkpt lat="46.3762100" lon="14.9038080">
    <ele>1428.6</ele>
   </trkpt>
   <trkpt lat="46.3762370" lon="14.9038070">
    <ele>1428.8</ele>
   </trkpt>
   <trkpt lat="46.3762630" lon="14.9038000">
    <ele>1429.0</ele>
   </trkpt>
   <trkpt lat="46.3762920" lon="14.9037930">
    <ele>1429.2</ele>
   </trkpt>
   <trkpt lat="46.3763170" lon="14.9037830">
    <ele>1429.4</ele>
   </trkpt>
   <trkpt lat="46.3763330" lon="14.9037870">
    <ele>1429.8</ele>
   </trkpt>
   <trkpt lat="46.3763500" lon="14.9037900">
    <ele>1430.0</ele>
   </trkpt>
   <trkpt lat="46.3763730" lon="14.9038050">
    <ele>1430.2</ele>
   </trkpt>
   <trkpt lat="46.3763920" lon="14.9038200">
    <ele>1430.6</ele>
   </trkpt>
   <trkpt lat="46.3764180" lon="14.9038420">
    <ele>1430.8</ele>
   </trkpt>
   <trkpt lat="46.3764430" lon="14.9038620">
    <ele>1430.8</ele>
   </trkpt>
   <trkpt lat="46.3764670" lon="14.9038830">
    <ele>1430.8</ele>
   </trkpt>
   <trkpt lat="46.3764880" lon="14.9039000">
    <ele>1431.0</ele>
   </trkpt>
   <trkpt lat="46.3765100" lon="14.9039180">
    <ele>1431.0</ele>
   </trkpt>
   <trkpt lat="46.3765280" lon="14.9039300">
    <ele>1431.0</ele>
   </trkpt>
   <trkpt lat="46.3765430" lon="14.9039380">
    <ele>1431.2</ele>
   </trkpt>
   <trkpt lat="46.3765620" lon="14.9039370">
    <ele>1431.4</ele>
   </trkpt>
   <trkpt lat="46.3765800" lon="14.9039420">
    <ele>1431.6</ele>
   </trkpt>
   <trkpt lat="46.3765800" lon="14.9039420">
    <ele>1431.8</ele>
   </trkpt>
   <trkpt lat="46.3766150" lon="14.9039630">
    <ele>1432.2</ele>
   </trkpt>
   <trkpt lat="46.3766300" lon="14.9039720">
    <ele>1432.6</ele>
   </trkpt>
   <trkpt lat="46.3766300" lon="14.9039720">
    <ele>1432.6</ele>
   </trkpt>
   <trkpt lat="46.3766600" lon="14.9039870">
    <ele>1433.0</ele>
   </trkpt>
   <trkpt lat="46.3766600" lon="14.9039870">
    <ele>1433.4</ele>
   </trkpt>
   <trkpt lat="46.3766970" lon="14.9040000">
    <ele>1433.8</ele>
   </trkpt>
   <trkpt lat="46.3766970" lon="14.9040000">
    <ele>1434.4</ele>
   </trkpt>
   <trkpt lat="46.3767280" lon="14.9039920">
    <ele>1434.6</ele>
   </trkpt>
   <trkpt lat="46.3767280" lon="14.9039920">
    <ele>1434.8</ele>
   </trkpt>
   <trkpt lat="46.3767620" lon="14.9039800">
    <ele>1435.0</ele>
   </trkpt>
   <trkpt lat="46.3767620" lon="14.9039800">
    <ele>1435.6</ele>
   </trkpt>
   <trkpt lat="46.3768070" lon="14.9039820">
    <ele>1435.8</ele>
   </trkpt>
   <trkpt lat="46.3768250" lon="14.9039600">
    <ele>1436.0</ele>
   </trkpt>
   <trkpt lat="46.3768420" lon="14.9039370">
    <ele>1436.2</ele>
   </trkpt>
   <trkpt lat="46.3768580" lon="14.9039200">
    <ele>1436.6</ele>
   </trkpt>
   <trkpt lat="46.3768780" lon="14.9039050">
    <ele>1436.6</ele>
   </trkpt>
   <trkpt lat="46.3769020" lon="14.9038880">
    <ele>1436.8</ele>
   </trkpt>
   <trkpt lat="46.3769220" lon="14.9038680">
    <ele>1437.0</ele>
   </trkpt>
   <trkpt lat="46.3769420" lon="14.9038530">
    <ele>1437.4</ele>
   </trkpt>
   <trkpt lat="46.3769570" lon="14.9038470">
    <ele>1437.6</ele>
   </trkpt>
   <trkpt lat="46.3769970" lon="14.9038750">
    <ele>1437.6</ele>
   </trkpt>
   <trkpt lat="46.3770170" lon="14.9038630">
    <ele>1438.0</ele>
   </trkpt>
   <trkpt lat="46.3770350" lon="14.9038750">
    <ele>1438.4</ele>
   </trkpt>
   <trkpt lat="46.3770520" lon="14.9038780">
    <ele>1438.8</ele>
   </trkpt>
   <trkpt lat="46.3770700" lon="14.9038880">
    <ele>1438.8</ele>
   </trkpt>
   <trkpt lat="46.3770700" lon="14.9038880">
    <ele>1439.0</ele>
   </trkpt>
   <trkpt lat="46.3771000" lon="14.9039000">
    <ele>1439.6</ele>
   </trkpt>
   <trkpt lat="46.3771000" lon="14.9039000">
    <ele>1440.0</ele>
   </trkpt>
   <trkpt lat="46.3771280" lon="14.9039400">
    <ele>1440.4</ele>
   </trkpt>
   <trkpt lat="46.3771280" lon="14.9039400">
    <ele>1440.4</ele>
   </trkpt>
   <trkpt lat="46.3771530" lon="14.9039570">
    <ele>1441.2</ele>
   </trkpt>
   <trkpt lat="46.3771530" lon="14.9039570">
    <ele>1441.4</ele>
   </trkpt>
   <trkpt lat="46.3771870" lon="14.9039930">
    <ele>1441.4</ele>
   </trkpt>
   <trkpt lat="46.3772120" lon="14.9040130">
    <ele>1441.6</ele>
   </trkpt>
   <trkpt lat="46.3772350" lon="14.9040230">
    <ele>1442.0</ele>
   </trkpt>
   <trkpt lat="46.3772620" lon="14.9040330">
    <ele>1442.2</ele>
   </trkpt>
   <trkpt lat="46.3772880" lon="14.9040580">
    <ele>1442.2</ele>
   </trkpt>
   <trkpt lat="46.3773030" lon="14.9040750">
    <ele>1442.4</ele>
   </trkpt>
   <trkpt lat="46.3773180" lon="14.9040830">
    <ele>1442.8</ele>
   </trkpt>
   <trkpt lat="46.3773350" lon="14.9040900">
    <ele>1442.8</ele>
   </trkpt>
   <trkpt lat="46.3773580" lon="14.9040970">
    <ele>1442.8</ele>
   </trkpt>
   <trkpt lat="46.3773800" lon="14.9041120">
    <ele>1443.0</ele>
   </trkpt>
   <trkpt lat="46.3774020" lon="14.9041050">
    <ele>1443.6</ele>
   </trkpt>
   <trkpt lat="46.3774180" lon="14.9041180">
    <ele>1443.8</ele>
   </trkpt>
   <trkpt lat="46.3774380" lon="14.9041120">
    <ele>1443.8</ele>
   </trkpt>
   <trkpt lat="46.3774570" lon="14.9041030">
    <ele>1444.2</ele>
   </trkpt>
   <trkpt lat="46.3774750" lon="14.9041070">
    <ele>1444.6</ele>
   </trkpt>
   <trkpt lat="46.3774950" lon="14.9040980">
    <ele>1444.6</ele>
   </trkpt>
   <trkpt lat="46.3775180" lon="14.9040880">
    <ele>1445.0</ele>
   </trkpt>
   <trkpt lat="46.3775420" lon="14.9040830">
    <ele>1445.2</ele>
   </trkpt>
   <trkpt lat="46.3775650" lon="14.9040880">
    <ele>1445.6</ele>
   </trkpt>
   <trkpt lat="46.3775820" lon="14.9041020">
    <ele>1445.8</ele>
   </trkpt>
   <trkpt lat="46.3776050" lon="14.9041100">
    <ele>1445.8</ele>
   </trkpt>
   <trkpt lat="46.3776280" lon="14.9041220">
    <ele>1446.0</ele>
   </trkpt>
   <trkpt lat="46.3776670" lon="14.9041620">
    <ele>1446.4</ele>
   </trkpt>
   <trkpt lat="46.3776850" lon="14.9041720">
    <ele>1446.4</ele>
   </trkpt>
   <trkpt lat="46.3777020" lon="14.9041830">
    <ele>1446.4</ele>
   </trkpt>
   <trkpt lat="46.3777350" lon="14.9041750">
    <ele>1446.6</ele>
   </trkpt>
   <trkpt lat="46.3777550" lon="14.9041670">
    <ele>1447.2</ele>
   </trkpt>
   <trkpt lat="46.3777780" lon="14.9041620">
    <ele>1447.2</ele>
   </trkpt>
   <trkpt lat="46.3777950" lon="14.9041700">
    <ele>1447.2</ele>
   </trkpt>
   <trkpt lat="46.3778150" lon="14.9041780">
    <ele>1447.6</ele>
   </trkpt>
   <trkpt lat="46.3778270" lon="14.9041930">
    <ele>1447.8</ele>
   </trkpt>
   <trkpt lat="46.3778270" lon="14.9041930">
    <ele>1448.0</ele>
   </trkpt>
   <trkpt lat="46.3778430" lon="14.9042280">
    <ele>1448.4</ele>
   </trkpt>
   <trkpt lat="46.3778430" lon="14.9042280">
    <ele>1448.6</ele>
   </trkpt>
   <trkpt lat="46.3778680" lon="14.9042530">
    <ele>1449.0</ele>
   </trkpt>
   <trkpt lat="46.3778680" lon="14.9042530">
    <ele>1449.2</ele>
   </trkpt>
   <trkpt lat="46.3779050" lon="14.9042850">
    <ele>1449.2</ele>
   </trkpt>
   <trkpt lat="46.3779170" lon="14.9043100">
    <ele>1449.6</ele>
   </trkpt>
   <trkpt lat="46.3779220" lon="14.9043350">
    <ele>1450.2</ele>
   </trkpt>
   <trkpt lat="46.3779220" lon="14.9043600">
    <ele>1450.2</ele>
   </trkpt>
   <trkpt lat="46.3779280" lon="14.9043830">
    <ele>1450.4</ele>
   </trkpt>
   <trkpt lat="46.3779380" lon="14.9044070">
    <ele>1450.8</ele>
   </trkpt>
   <trkpt lat="46.3779380" lon="14.9044070">
    <ele>1450.8</ele>
   </trkpt>
   <trkpt lat="46.3779620" lon="14.9044550">
    <ele>1451.2</ele>
   </trkpt>
   <trkpt lat="46.3779700" lon="14.9044770">
    <ele>1451.6</ele>
   </trkpt>
   <trkpt lat="46.3779820" lon="14.9045000">
    <ele>1451.8</ele>
   </trkpt>
   <trkpt lat="46.3779850" lon="14.9045270">
    <ele>1452.0</ele>
   </trkpt>
   <trkpt lat="46.3780000" lon="14.9045500">
    <ele>1452.8</ele>
   </trkpt>
   <trkpt lat="46.3780050" lon="14.9045820">
    <ele>1453.0</ele>
   </trkpt>
   <trkpt lat="46.3780130" lon="14.9046150">
    <ele>1453.4</ele>
   </trkpt>
   <trkpt lat="46.3780270" lon="14.9046380">
    <ele>1453.6</ele>
   </trkpt>
   <trkpt lat="46.3780380" lon="14.9046600">
    <ele>1453.8</ele>
   </trkpt>
   <trkpt lat="46.3780580" lon="14.9046820">
    <ele>1454.0</ele>
   </trkpt>
   <trkpt lat="46.3780770" lon="14.9046980">
    <ele>1454.2</ele>
   </trkpt>
   <trkpt lat="46.3780920" lon="14.9047120">
    <ele>1454.6</ele>
   </trkpt>
   <trkpt lat="46.3781180" lon="14.9047280">
    <ele>1454.6</ele>
   </trkpt>
   <trkpt lat="46.3781380" lon="14.9047450">
    <ele>1454.8</ele>
   </trkpt>
   <trkpt lat="46.3781580" lon="14.9047600">
    <ele>1455.0</ele>
   </trkpt>
   <trkpt lat="46.3781770" lon="14.9047630">
    <ele>1455.2</ele>
   </trkpt>
   <trkpt lat="46.3781900" lon="14.9047780">
    <ele>1455.2</ele>
   </trkpt>
   <trkpt lat="46.3782020" lon="14.9048070">
    <ele>1455.6</ele>
   </trkpt>
   <trkpt lat="46.3782020" lon="14.9048070">
    <ele>1455.6</ele>
   </trkpt>
   <trkpt lat="46.3782180" lon="14.9048370">
    <ele>1456.2</ele>
   </trkpt>
   <trkpt lat="46.3782180" lon="14.9048370">
    <ele>1456.2</ele>
   </trkpt>
   <trkpt lat="46.3782380" lon="14.9048700">
    <ele>1456.6</ele>
   </trkpt>
   <trkpt lat="46.3782770" lon="14.9048920">
    <ele>1457.0</ele>
   </trkpt>
   <trkpt lat="46.3782900" lon="14.9049080">
    <ele>1457.0</ele>
   </trkpt>
   <trkpt lat="46.3783180" lon="14.9049230">
    <ele>1457.2</ele>
   </trkpt>
   <trkpt lat="46.3783370" lon="14.9049330">
    <ele>1457.8</ele>
   </trkpt>
   <trkpt lat="46.3783500" lon="14.9049520">
    <ele>1457.8</ele>
   </trkpt>
   <trkpt lat="46.3783930" lon="14.9049420">
    <ele>1458.0</ele>
   </trkpt>
   <trkpt lat="46.3784150" lon="14.9049350">
    <ele>1458.2</ele>
   </trkpt>
   <trkpt lat="46.3784330" lon="14.9049280">
    <ele>1458.8</ele>
   </trkpt>
   <trkpt lat="46.3784680" lon="14.9049230">
    <ele>1458.8</ele>
   </trkpt>
   <trkpt lat="46.3784870" lon="14.9049130">
    <ele>1459.0</ele>
   </trkpt>
   <trkpt lat="46.3785120" lon="14.9049100">
    <ele>1459.2</ele>
   </trkpt>
   <trkpt lat="46.3785320" lon="14.9049020">
    <ele>1459.6</ele>
   </trkpt>
   <trkpt lat="46.3785500" lon="14.9049020">
    <ele>1459.6</ele>
   </trkpt>
   <trkpt lat="46.3785870" lon="14.9048900">
    <ele>1459.8</ele>
   </trkpt>
   <trkpt lat="46.3786150" lon="14.9048880">
    <ele>1460.0</ele>
   </trkpt>
   <trkpt lat="46.3786480" lon="14.9048930">
    <ele>1460.4</ele>
   </trkpt>
   <trkpt lat="46.3786750" lon="14.9048930">
    <ele>1460.6</ele>
   </trkpt>
   <trkpt lat="46.3787070" lon="14.9048820">
    <ele>1460.6</ele>
   </trkpt>
   <trkpt lat="46.3787320" lon="14.9048650">
    <ele>1460.8</ele>
   </trkpt>
   <trkpt lat="46.3787550" lon="14.9048530">
    <ele>1460.8</ele>
   </trkpt>
   <trkpt lat="46.3787770" lon="14.9048400">
    <ele>1460.8</ele>
   </trkpt>
   <trkpt lat="46.3788030" lon="14.9048250">
    <ele>1461.0</ele>
   </trkpt>
   <trkpt lat="46.3788270" lon="14.9048120">
    <ele>1461.0</ele>
   </trkpt>
   <trkpt lat="46.3788520" lon="14.9047980">
    <ele>1460.8</ele>
   </trkpt>
   <trkpt lat="46.3788770" lon="14.9047820">
    <ele>1460.8</ele>
   </trkpt>
   <trkpt lat="46.3789000" lon="14.9047680">
    <ele>1461.0</ele>
   </trkpt>
   <trkpt lat="46.3789200" lon="14.9047550">
    <ele>1461.0</ele>
   </trkpt>
   <trkpt lat="46.3789420" lon="14.9047400">
    <ele>1461.0</ele>
   </trkpt>
   <trkpt lat="46.3789620" lon="14.9047230">
    <ele>1461.2</ele>
   </trkpt>
   <trkpt lat="46.3789870" lon="14.9047030">
    <ele>1461.4</ele>
   </trkpt>
   <trkpt lat="46.3790080" lon="14.9046830">
    <ele>1461.4</ele>
   </trkpt>
   <trkpt lat="46.3790280" lon="14.9046680">
    <ele>1461.6</ele>
   </trkpt>
   <trkpt lat="46.3790450" lon="14.9046470">
    <ele>1461.8</ele>
   </trkpt>
   <trkpt lat="46.3790650" lon="14.9046180">
    <ele>1461.8</ele>
   </trkpt>
   <trkpt lat="46.3790830" lon="14.9045950">
    <ele>1461.8</ele>
   </trkpt>
   <trkpt lat="46.3791050" lon="14.9045670">
    <ele>1462.0</ele>
   </trkpt>
   <trkpt lat="46.3791230" lon="14.9045400">
    <ele>1462.2</ele>
   </trkpt>
   <trkpt lat="46.3791380" lon="14.9045270">
    <ele>1462.6</ele>
   </trkpt>
   <trkpt lat="46.3791570" lon="14.9045100">
    <ele>1462.6</ele>
   </trkpt>
   <trkpt lat="46.3791750" lon="14.9045000">
    <ele>1462.8</ele>
   </trkpt>
   <trkpt lat="46.3791950" lon="14.9044870">
    <ele>1463.2</ele>
   </trkpt>
   <trkpt lat="46.3792150" lon="14.9044780">
    <ele>1463.6</ele>
   </trkpt>
   <trkpt lat="46.3792320" lon="14.9044880">
    <ele>1464.0</ele>
   </trkpt>
   <trkpt lat="46.3792320" lon="14.9044880">
    <ele>1464.0</ele>
   </trkpt>
   <trkpt lat="46.3792550" lon="14.9044900">
    <ele>1464.4</ele>
   </trkpt>
   <trkpt lat="46.3792550" lon="14.9044900">
    <ele>1464.8</ele>
   </trkpt>
   <trkpt lat="46.3792830" lon="14.9044750">
    <ele>1465.0</ele>
   </trkpt>
   <trkpt lat="46.3792830" lon="14.9044750">
    <ele>1465.2</ele>
   </trkpt>
   <trkpt lat="46.3793100" lon="14.9044870">
    <ele>1465.4</ele>
   </trkpt>
   <trkpt lat="46.3793100" lon="14.9044870">
    <ele>1466.0</ele>
   </trkpt>
   <trkpt lat="46.3793410" lon="14.9044780">
    <ele>1466.6</ele>
   </trkpt>
   <trkpt lat="46.3793410" lon="14.9044780">
    <ele>1466.6</ele>
   </trkpt>
   <trkpt lat="46.3793730" lon="14.9044600">
    <ele>1467.0</ele>
   </trkpt>
   <trkpt lat="46.3793730" lon="14.9044600">
    <ele>1467.6</ele>
   </trkpt>
   <trkpt lat="46.3794030" lon="14.9044420">
    <ele>1467.8</ele>
   </trkpt>
   <trkpt lat="46.3794030" lon="14.9044420">
    <ele>1468.0</ele>
   </trkpt>
   <trkpt lat="46.3794530" lon="14.9044370">
    <ele>1468.4</ele>
   </trkpt>
   <trkpt lat="46.3794800" lon="14.9044330">
    <ele>1468.6</ele>
   </trkpt>
   <trkpt lat="46.3795030" lon="14.9044230">
    <ele>1468.8</ele>
   </trkpt>
   <trkpt lat="46.3795270" lon="14.9044130">
    <ele>1468.8</ele>
   </trkpt>
   <trkpt lat="46.3795450" lon="14.9044030">
    <ele>1469.0</ele>
   </trkpt>
   <trkpt lat="46.3795660" lon="14.9043920">
    <ele>1469.2</ele>
   </trkpt>
   <trkpt lat="46.3795880" lon="14.9043850">
    <ele>1469.2</ele>
   </trkpt>
   <trkpt lat="46.3796100" lon="14.9043870">
    <ele>1469.4</ele>
   </trkpt>
   <trkpt lat="46.3796330" lon="14.9043900">
    <ele>1469.6</ele>
   </trkpt>
   <trkpt lat="46.3796560" lon="14.9044000">
    <ele>1469.8</ele>
   </trkpt>
   <trkpt lat="46.3796780" lon="14.9044100">
    <ele>1469.8</ele>
   </trkpt>
   <trkpt lat="46.3797030" lon="14.9044170">
    <ele>1470.0</ele>
   </trkpt>
   <trkpt lat="46.3797250" lon="14.9044200">
    <ele>1470.4</ele>
   </trkpt>
   <trkpt lat="46.3797470" lon="14.9044220">
    <ele>1470.6</ele>
   </trkpt>
   <trkpt lat="46.3797700" lon="14.9044200">
    <ele>1470.6</ele>
   </trkpt>
   <trkpt lat="46.3797950" lon="14.9044200">
    <ele>1470.8</ele>
   </trkpt>
   <trkpt lat="46.3798170" lon="14.9044250">
    <ele>1470.8</ele>
   </trkpt>
   <trkpt lat="46.3798420" lon="14.9044230">
    <ele>1470.8</ele>
   </trkpt>
   <trkpt lat="46.3798680" lon="14.9044220">
    <ele>1470.8</ele>
   </trkpt>
   <trkpt lat="46.3798870" lon="14.9044130">
    <ele>1470.8</ele>
   </trkpt>
   <trkpt lat="46.3799100" lon="14.9044070">
    <ele>1471.0</ele>
   </trkpt>
   <trkpt lat="46.3799270" lon="14.9043970">
    <ele>1471.2</ele>
   </trkpt>
   <trkpt lat="46.3799500" lon="14.9043900">
    <ele>1471.4</ele>
   </trkpt>
   <trkpt lat="46.3799750" lon="14.9043820">
    <ele>1471.6</ele>
   </trkpt>
   <trkpt lat="46.3799970" lon="14.9043820">
    <ele>1471.6</ele>
   </trkpt>
   <trkpt lat="46.3800180" lon="14.9043770">
    <ele>1472.0</ele>
   </trkpt>
   <trkpt lat="46.3800400" lon="14.9043750">
    <ele>1472.0</ele>
   </trkpt>
   <trkpt lat="46.3800580" lon="14.9043750">
    <ele>1472.0</ele>
   </trkpt>
   <trkpt lat="46.3800800" lon="14.9043770">
    <ele>1472.0</ele>
   </trkpt>
   <trkpt lat="46.3800980" lon="14.9043780">
    <ele>1472.0</ele>
   </trkpt>
   <trkpt lat="46.3801180" lon="14.9043770">
    <ele>1472.0</ele>
   </trkpt>
   <trkpt lat="46.3801370" lon="14.9043770">
    <ele>1472.4</ele>
   </trkpt>
   <trkpt lat="46.3801570" lon="14.9043850">
    <ele>1472.6</ele>
   </trkpt>
   <trkpt lat="46.3801770" lon="14.9043950">
    <ele>1472.6</ele>
   </trkpt>
   <trkpt lat="46.3801930" lon="14.9044030">
    <ele>1472.6</ele>
   </trkpt>
   <trkpt lat="46.3802170" lon="14.9044130">
    <ele>1472.6</ele>
   </trkpt>
   <trkpt lat="46.3802400" lon="14.9044230">
    <ele>1473.2</ele>
   </trkpt>
   <trkpt lat="46.3802650" lon="14.9044350">
    <ele>1473.2</ele>
   </trkpt>
   <trkpt lat="46.3802930" lon="14.9044550">
    <ele>1473.2</ele>
   </trkpt>
   <trkpt lat="46.3803170" lon="14.9044650">
    <ele>1473.2</ele>
   </trkpt>
   <trkpt lat="46.3803380" lon="14.9044800">
    <ele>1473.4</ele>
   </trkpt>
   <trkpt lat="46.3803580" lon="14.9044830">
    <ele>1473.4</ele>
   </trkpt>
   <trkpt lat="46.3803730" lon="14.9044830">
    <ele>1473.6</ele>
   </trkpt>
   <trkpt lat="46.3803830" lon="14.9044850">
    <ele>1473.6</ele>
   </trkpt>
   <trkpt lat="46.3803830" lon="14.9044850">
    <ele>1473.6</ele>
   </trkpt>
   <trkpt lat="46.3804120" lon="14.9044900">
    <ele>1474.0</ele>
   </trkpt>
   <trkpt lat="46.3804120" lon="14.9044900">
    <ele>1474.0</ele>
   </trkpt>
   <trkpt lat="46.3804380" lon="14.9044880">
    <ele>1474.4</ele>
   </trkpt>
   <trkpt lat="46.3804380" lon="14.9044880">
    <ele>1474.4</ele>
   </trkpt>
   <trkpt lat="46.3804800" lon="14.9044920">
    <ele>1474.6</ele>
   </trkpt>
   <trkpt lat="46.3804800" lon="14.9044920">
    <ele>1474.8</ele>
   </trkpt>
   <trkpt lat="46.3805180" lon="14.9044970">
    <ele>1475.0</ele>
   </trkpt>
   <trkpt lat="46.3805420" lon="14.9045030">
    <ele>1475.2</ele>
   </trkpt>
   <trkpt lat="46.3805650" lon="14.9045130">
    <ele>1475.2</ele>
   </trkpt>
   <trkpt lat="46.3805870" lon="14.9045130">
    <ele>1475.4</ele>
   </trkpt>
   <trkpt lat="46.3806030" lon="14.9045130">
    <ele>1475.6</ele>
   </trkpt>
   <trkpt lat="46.3806230" lon="14.9045180">
    <ele>1475.8</ele>
   </trkpt>
   <trkpt lat="46.3806420" lon="14.9045280">
    <ele>1475.8</ele>
   </trkpt>
   <trkpt lat="46.3806600" lon="14.9045400">
    <ele>1476.0</ele>
   </trkpt>
   <trkpt lat="46.3806830" lon="14.9045520">
    <ele>1476.2</ele>
   </trkpt>
   <trkpt lat="46.3807070" lon="14.9045600">
    <ele>1476.4</ele>
   </trkpt>
   <trkpt lat="46.3807270" lon="14.9045600">
    <ele>1476.4</ele>
   </trkpt>
   <trkpt lat="46.3807450" lon="14.9045650">
    <ele>1476.4</ele>
   </trkpt>
   <trkpt lat="46.3807650" lon="14.9045720">
    <ele>1477.0</ele>
   </trkpt>
   <trkpt lat="46.3807900" lon="14.9045700">
    <ele>1477.2</ele>
   </trkpt>
   <trkpt lat="46.3808130" lon="14.9045700">
    <ele>1477.2</ele>
   </trkpt>
   <trkpt lat="46.3808380" lon="14.9045700">
    <ele>1477.0</ele>
   </trkpt>
   <trkpt lat="46.3808630" lon="14.9045700">
    <ele>1477.2</ele>
   </trkpt>
   <trkpt lat="46.3808870" lon="14.9045720">
    <ele>1477.0</ele>
   </trkpt>
   <trkpt lat="46.3809130" lon="14.9045780">
    <ele>1477.0</ele>
   </trkpt>
   <trkpt lat="46.3809380" lon="14.9045830">
    <ele>1477.2</ele>
   </trkpt>
   <trkpt lat="46.3809580" lon="14.9045880">
    <ele>1477.2</ele>
   </trkpt>
   <trkpt lat="46.3809760" lon="14.9045880">
    <ele>1477.2</ele>
   </trkpt>
   <trkpt lat="46.3809950" lon="14.9045850">
    <ele>1477.8</ele>
   </trkpt>
   <trkpt lat="46.3810130" lon="14.9045870">
    <ele>1478.2</ele>
   </trkpt>
   <trkpt lat="46.3810350" lon="14.9045920">
    <ele>1478.2</ele>
   </trkpt>
   <trkpt lat="46.3810570" lon="14.9045930">
    <ele>1478.6</ele>
   </trkpt>
   <trkpt lat="46.3810750" lon="14.9045930">
    <ele>1478.8</ele>
   </trkpt>
   <trkpt lat="46.3810920" lon="14.9045950">
    <ele>1479.0</ele>
   </trkpt>
   <trkpt lat="46.3811080" lon="14.9046030">
    <ele>1479.2</ele>
   </trkpt>
   <trkpt lat="46.3811300" lon="14.9046150">
    <ele>1479.4</ele>
   </trkpt>
   <trkpt lat="46.3811480" lon="14.9046250">
    <ele>1479.8</ele>
   </trkpt>
   <trkpt lat="46.3811700" lon="14.9046470">
    <ele>1479.8</ele>
   </trkpt>
   <trkpt lat="46.3811850" lon="14.9046700">
    <ele>1480.0</ele>
   </trkpt>
   <trkpt lat="46.3812030" lon="14.9046920">
    <ele>1480.4</ele>
   </trkpt>
   <trkpt lat="46.3812200" lon="14.9047070">
    <ele>1480.4</ele>
   </trkpt>
   <trkpt lat="46.3812400" lon="14.9047270">
    <ele>1480.6</ele>
   </trkpt>
   <trkpt lat="46.3812530" lon="14.9047400">
    <ele>1481.0</ele>
   </trkpt>
   <trkpt lat="46.3812660" lon="14.9047530">
    <ele>1481.2</ele>
   </trkpt>
   <trkpt lat="46.3812660" lon="14.9047530">
    <ele>1481.8</ele>
   </trkpt>
   <trkpt lat="46.3812920" lon="14.9047800">
    <ele>1482.0</ele>
   </trkpt>
   <trkpt lat="46.3813050" lon="14.9048030">
    <ele>1482.2</ele>
   </trkpt>
   <trkpt lat="46.3813220" lon="14.9048270">
    <ele>1482.6</ele>
   </trkpt>
   <trkpt lat="46.3813380" lon="14.9048430">
    <ele>1483.0</ele>
   </trkpt>
   <trkpt lat="46.3813550" lon="14.9048630">
    <ele>1483.0</ele>
   </trkpt>
   <trkpt lat="46.3813720" lon="14.9048880">
    <ele>1483.2</ele>
   </trkpt>
   <trkpt lat="46.3813900" lon="14.9049030">
    <ele>1483.4</ele>
   </trkpt>
   <trkpt lat="46.3814050" lon="14.9049170">
    <ele>1484.0</ele>
   </trkpt>
   <trkpt lat="46.3814230" lon="14.9049330">
    <ele>1484.4</ele>
   </trkpt>
   <trkpt lat="46.3814400" lon="14.9049370">
    <ele>1484.4</ele>
   </trkpt>
   <trkpt lat="46.3814400" lon="14.9049370">
    <ele>1484.8</ele>
   </trkpt>
   <trkpt lat="46.3814680" lon="14.9049320">
    <ele>1485.4</ele>
   </trkpt>
   <trkpt lat="46.3814680" lon="14.9049320">
    <ele>1485.4</ele>
   </trkpt>
   <trkpt lat="46.3815000" lon="14.9049250">
    <ele>1486.0</ele>
   </trkpt>
   <trkpt lat="46.3815000" lon="14.9049250">
    <ele>1486.4</ele>
   </trkpt>
   <trkpt lat="46.3815350" lon="14.9049150">
    <ele>1486.8</ele>
   </trkpt>
   <trkpt lat="46.3815350" lon="14.9049150">
    <ele>1487.4</ele>
   </trkpt>
   <trkpt lat="46.3815670" lon="14.9049100">
    <ele>1487.4</ele>
   </trkpt>
   <trkpt lat="46.3815670" lon="14.9049100">
    <ele>1487.8</ele>
   </trkpt>
   <trkpt lat="46.3816050" lon="14.9049180">
    <ele>1488.0</ele>
   </trkpt>
   <trkpt lat="46.3816050" lon="14.9049180">
    <ele>1488.0</ele>
   </trkpt>
   <trkpt lat="46.3816420" lon="14.9049320">
    <ele>1488.4</ele>
   </trkpt>
   <trkpt lat="46.3816580" lon="14.9049380">
    <ele>1488.6</ele>
   </trkpt>
   <trkpt lat="46.3816780" lon="14.9049400">
    <ele>1489.4</ele>
   </trkpt>
   <trkpt lat="46.3817000" lon="14.9049380">
    <ele>1489.4</ele>
   </trkpt>
   <trkpt lat="46.3817200" lon="14.9049320">
    <ele>1489.6</ele>
   </trkpt>
   <trkpt lat="46.3817400" lon="14.9049270">
    <ele>1489.6</ele>
   </trkpt>
   <trkpt lat="46.3817580" lon="14.9049280">
    <ele>1490.2</ele>
   </trkpt>
   <trkpt lat="46.3817770" lon="14.9049330">
    <ele>1490.6</ele>
   </trkpt>
   <trkpt lat="46.3817980" lon="14.9049300">
    <ele>1491.0</ele>
   </trkpt>
   <trkpt lat="46.3818180" lon="14.9049270">
    <ele>1491.0</ele>
   </trkpt>
   <trkpt lat="46.3818400" lon="14.9049250">
    <ele>1492.0</ele>
   </trkpt>
   <trkpt lat="46.3818630" lon="14.9049220">
    <ele>1492.0</ele>
   </trkpt>
   <trkpt lat="46.3818820" lon="14.9049220">
    <ele>1492.2</ele>
   </trkpt>
   <trkpt lat="46.3819020" lon="14.9049130">
    <ele>1492.6</ele>
   </trkpt>
   <trkpt lat="46.3819230" lon="14.9049070">
    <ele>1492.8</ele>
   </trkpt>
   <trkpt lat="46.3819470" lon="14.9049070">
    <ele>1493.0</ele>
   </trkpt>
   <trkpt lat="46.3819700" lon="14.9049080">
    <ele>1493.0</ele>
   </trkpt>
   <trkpt lat="46.3819930" lon="14.9049080">
    <ele>1493.2</ele>
   </trkpt>
   <trkpt lat="46.3820280" lon="14.9049150">
    <ele>1493.2</ele>
   </trkpt>
   <trkpt lat="46.3820530" lon="14.9049200">
    <ele>1493.4</ele>
   </trkpt>
   <trkpt lat="46.3820850" lon="14.9049350">
    <ele>1493.6</ele>
   </trkpt>
   <trkpt lat="46.3821130" lon="14.9049500">
    <ele>1493.6</ele>
   </trkpt>
   <trkpt lat="46.3821370" lon="14.9049620">
    <ele>1493.8</ele>
   </trkpt>
   <trkpt lat="46.3821620" lon="14.9049700">
    <ele>1493.8</ele>
   </trkpt>
   <trkpt lat="46.3821870" lon="14.9049770">
    <ele>1494.0</ele>
   </trkpt>
   <trkpt lat="46.3822080" lon="14.9049800">
    <ele>1494.0</ele>
   </trkpt>
   <trkpt lat="46.3822320" lon="14.9049870">
    <ele>1494.2</ele>
   </trkpt>
   <trkpt lat="46.3822570" lon="14.9049880">
    <ele>1494.4</ele>
   </trkpt>
   <trkpt lat="46.3822820" lon="14.9049870">
    <ele>1494.4</ele>
   </trkpt>
   <trkpt lat="46.3823050" lon="14.9049870">
    <ele>1494.4</ele>
   </trkpt>
   <trkpt lat="46.3823300" lon="14.9049880">
    <ele>1494.4</ele>
   </trkpt>
   <trkpt lat="46.3823570" lon="14.9049820">
    <ele>1494.6</ele>
   </trkpt>
   <trkpt lat="46.3823820" lon="14.9049820">
    <ele>1494.8</ele>
   </trkpt>
   <trkpt lat="46.3824070" lon="14.9049770">
    <ele>1494.8</ele>
   </trkpt>
   <trkpt lat="46.3824310" lon="14.9049730">
    <ele>1494.8</ele>
   </trkpt>
   <trkpt lat="46.3824570" lon="14.9049700">
    <ele>1494.8</ele>
   </trkpt>
   <trkpt lat="46.3824850" lon="14.9049650">
    <ele>1495.4</ele>
   </trkpt>
   <trkpt lat="46.3825100" lon="14.9049600">
    <ele>1495.4</ele>
   </trkpt>
   <trkpt lat="46.3825350" lon="14.9049580">
    <ele>1495.4</ele>
   </trkpt>
   <trkpt lat="46.3825600" lon="14.9049500">
    <ele>1495.8</ele>
   </trkpt>
   <trkpt lat="46.3825850" lon="14.9049450">
    <ele>1495.8</ele>
   </trkpt>
   <trkpt lat="46.3826100" lon="14.9049380">
    <ele>1496.4</ele>
   </trkpt>
   <trkpt lat="46.3826350" lon="14.9049330">
    <ele>1496.4</ele>
   </trkpt>
   <trkpt lat="46.3826600" lon="14.9049330">
    <ele>1496.6</ele>
   </trkpt>
   <trkpt lat="46.3826870" lon="14.9049370">
    <ele>1496.6</ele>
   </trkpt>
   <trkpt lat="46.3827120" lon="14.9049470">
    <ele>1496.8</ele>
   </trkpt>
   <trkpt lat="46.3827350" lon="14.9049550">
    <ele>1497.0</ele>
   </trkpt>
   <trkpt lat="46.3827600" lon="14.9049650">
    <ele>1497.0</ele>
   </trkpt>
   <trkpt lat="46.3827850" lon="14.9049700">
    <ele>1497.2</ele>
   </trkpt>
   <trkpt lat="46.3828120" lon="14.9049780">
    <ele>1497.2</ele>
   </trkpt>
   <trkpt lat="46.3828370" lon="14.9049870">
    <ele>1497.0</ele>
   </trkpt>
   <trkpt lat="46.3828630" lon="14.9049900">
    <ele>1497.0</ele>
   </trkpt>
   <trkpt lat="46.3828880" lon="14.9049900">
    <ele>1497.0</ele>
   </trkpt>
   <trkpt lat="46.3829170" lon="14.9049930">
    <ele>1497.0</ele>
   </trkpt>
   <trkpt lat="46.3829420" lon="14.9049900">
    <ele>1497.0</ele>
   </trkpt>
   <trkpt lat="46.3829670" lon="14.9049830">
    <ele>1497.0</ele>
   </trkpt>
   <trkpt lat="46.3829950" lon="14.9049750">
    <ele>1497.0</ele>
   </trkpt>
   <trkpt lat="46.3830230" lon="14.9049620">
    <ele>1497.0</ele>
   </trkpt>
   <trkpt lat="46.3830520" lon="14.9049480">
    <ele>1497.0</ele>
   </trkpt>
   <trkpt lat="46.3830750" lon="14.9049430">
    <ele>1497.0</ele>
   </trkpt>
   <trkpt lat="46.3830980" lon="14.9049370">
    <ele>1497.0</ele>
   </trkpt>
   <trkpt lat="46.3831250" lon="14.9049280">
    <ele>1497.2</ele>
   </trkpt>
   <trkpt lat="46.3831480" lon="14.9049270">
    <ele>1497.2</ele>
   </trkpt>
   <trkpt lat="46.3831770" lon="14.9049220">
    <ele>1497.4</ele>
   </trkpt>
   <trkpt lat="46.3832050" lon="14.9049170">
    <ele>1497.4</ele>
   </trkpt>
   <trkpt lat="46.3832270" lon="14.9049100">
    <ele>1497.4</ele>
   </trkpt>
   <trkpt lat="46.3832550" lon="14.9049050">
    <ele>1497.8</ele>
   </trkpt>
   <trkpt lat="46.3832810" lon="14.9049000">
    <ele>1498.0</ele>
   </trkpt>
   <trkpt lat="46.3833100" lon="14.9048880">
    <ele>1498.0</ele>
   </trkpt>
   <trkpt lat="46.3833370" lon="14.9048780">
    <ele>1498.0</ele>
   </trkpt>
   <trkpt lat="46.3833650" lon="14.9048680">
    <ele>1498.2</ele>
   </trkpt>
   <trkpt lat="46.3833970" lon="14.9048600">
    <ele>1498.4</ele>
   </trkpt>
   <trkpt lat="46.3834270" lon="14.9048530">
    <ele>1498.4</ele>
   </trkpt>
   <trkpt lat="46.3834520" lon="14.9048400">
    <ele>1498.6</ele>
   </trkpt>
   <trkpt lat="46.3834800" lon="14.9048320">
    <ele>1498.6</ele>
   </trkpt>
   <trkpt lat="46.3835100" lon="14.9048270">
    <ele>1498.6</ele>
   </trkpt>
   <trkpt lat="46.3835380" lon="14.9048270">
    <ele>1498.8</ele>
   </trkpt>
   <trkpt lat="46.3835700" lon="14.9048280">
    <ele>1498.8</ele>
   </trkpt>
   <trkpt lat="46.3835980" lon="14.9048280">
    <ele>1499.0</ele>
   </trkpt>
   <trkpt lat="46.3836270" lon="14.9048320">
    <ele>1499.0</ele>
   </trkpt>
   <trkpt lat="46.3836550" lon="14.9048330">
    <ele>1499.0</ele>
   </trkpt>
   <trkpt lat="46.3836820" lon="14.9048350">
    <ele>1499.2</ele>
   </trkpt>
   <trkpt lat="46.3837100" lon="14.9048400">
    <ele>1499.4</ele>
   </trkpt>
   <trkpt lat="46.3837350" lon="14.9048420">
    <ele>1499.4</ele>
   </trkpt>
   <trkpt lat="46.3837670" lon="14.9048450">
    <ele>1499.4</ele>
   </trkpt>
   <trkpt lat="46.3837960" lon="14.9048470">
    <ele>1499.4</ele>
   </trkpt>
   <trkpt lat="46.3838280" lon="14.9048500">
    <ele>1499.4</ele>
   </trkpt>
   <trkpt lat="46.3838580" lon="14.9048500">
    <ele>1499.6</ele>
   </trkpt>
   <trkpt lat="46.3838880" lon="14.9048550">
    <ele>1499.8</ele>
   </trkpt>
   <trkpt lat="46.3839180" lon="14.9048480">
    <ele>1500.0</ele>
   </trkpt>
   <trkpt lat="46.3839430" lon="14.9048350">
    <ele>1500.0</ele>
   </trkpt>
   <trkpt lat="46.3839680" lon="14.9048220">
    <ele>1500.2</ele>
   </trkpt>
   <trkpt lat="46.3839900" lon="14.9048050">
    <ele>1500.2</ele>
   </trkpt>
   <trkpt lat="46.3840120" lon="14.9047850">
    <ele>1500.2</ele>
   </trkpt>
   <trkpt lat="46.3840330" lon="14.9047580">
    <ele>1500.4</ele>
   </trkpt>
   <trkpt lat="46.3840530" lon="14.9047300">
    <ele>1500.8</ele>
   </trkpt>
   <trkpt lat="46.3840730" lon="14.9047030">
    <ele>1500.8</ele>
   </trkpt>
   <trkpt lat="46.3840920" lon="14.9046750">
    <ele>1501.0</ele>
   </trkpt>
   <trkpt lat="46.3841100" lon="14.9046450">
    <ele>1501.0</ele>
   </trkpt>
   <trkpt lat="46.3841280" lon="14.9046180">
    <ele>1501.0</ele>
   </trkpt>
   <trkpt lat="46.3841470" lon="14.9045920">
    <ele>1501.2</ele>
   </trkpt>
   <trkpt lat="46.3841620" lon="14.9045700">
    <ele>1501.8</ele>
   </trkpt>
   <trkpt lat="46.3841770" lon="14.9045470">
    <ele>1502.2</ele>
   </trkpt>
   <trkpt lat="46.3841900" lon="14.9045250">
    <ele>1502.2</ele>
   </trkpt>
   <trkpt lat="46.3842070" lon="14.9045070">
    <ele>1502.4</ele>
   </trkpt>
   <trkpt lat="46.3842270" lon="14.9044870">
    <ele>1502.4</ele>
   </trkpt>
   <trkpt lat="46.3842450" lon="14.9044670">
    <ele>1502.8</ele>
   </trkpt>
   <trkpt lat="46.3842600" lon="14.9044450">
    <ele>1503.2</ele>
   </trkpt>
   <trkpt lat="46.3842780" lon="14.9044250">
    <ele>1503.8</ele>
   </trkpt>
   <trkpt lat="46.3842980" lon="14.9044050">
    <ele>1504.0</ele>
   </trkpt>
   <trkpt lat="46.3843200" lon="14.9043920">
    <ele>1504.2</ele>
   </trkpt>
   <trkpt lat="46.3843430" lon="14.9043780">
    <ele>1504.4</ele>
   </trkpt>
   <trkpt lat="46.3843680" lon="14.9043620">
    <ele>1504.4</ele>
   </trkpt>
   <trkpt lat="46.3843920" lon="14.9043430">
    <ele>1504.8</ele>
   </trkpt>
   <trkpt lat="46.3844130" lon="14.9043270">
    <ele>1505.0</ele>
   </trkpt>
   <trkpt lat="46.3844380" lon="14.9043120">
    <ele>1505.0</ele>
   </trkpt>
   <trkpt lat="46.3844630" lon="14.9042800">
    <ele>1505.0</ele>
   </trkpt>
   <trkpt lat="46.3844820" lon="14.9042380">
    <ele>1504.4</ele>
   </trkpt>
   <trkpt lat="46.3844970" lon="14.9042030">
    <ele>1503.8</ele>
   </trkpt>
   <trkpt lat="46.3845230" lon="14.9041780">
    <ele>1503.2</ele>
   </trkpt>
   <trkpt lat="46.3845600" lon="14.9041670">
    <ele>1502.4</ele>
   </trkpt>
   <trkpt lat="46.3845970" lon="14.9041650">
    <ele>1502.4</ele>
   </trkpt>
   <trkpt lat="46.3846350" lon="14.9041650">
    <ele>1502.2</ele>
   </trkpt>
   <trkpt lat="46.3846720" lon="14.9041680">
    <ele>1501.6</ele>
   </trkpt>
   <trkpt lat="46.3847080" lon="14.9041570">
    <ele>1501.4</ele>
   </trkpt>
   <trkpt lat="46.3847400" lon="14.9041350">
    <ele>1500.8</ele>
   </trkpt>
   <trkpt lat="46.3847720" lon="14.9041130">
    <ele>1500.2</ele>
   </trkpt>
   <trkpt lat="46.3848020" lon="14.9040900">
    <ele>1499.4</ele>
   </trkpt>
   <trkpt lat="46.3848300" lon="14.9040750">
    <ele>1498.4</ele>
   </trkpt>
   <trkpt lat="46.3848600" lon="14.9040700">
    <ele>1497.4</ele>
   </trkpt>
   <trkpt lat="46.3848830" lon="14.9040620">
    <ele>1496.2</ele>
   </trkpt>
   <trkpt lat="46.3849070" lon="14.9040470">
    <ele>1495.2</ele>
   </trkpt>
   <trkpt lat="46.3849230" lon="14.9040300">
    <ele>1495.0</ele>
   </trkpt>
   <trkpt lat="46.3849430" lon="14.9040170">
    <ele>1494.0</ele>
   </trkpt>
   <trkpt lat="46.3849520" lon="14.9040080">
    <ele>1493.4</ele>
   </trkpt>
   <trkpt lat="46.3849520" lon="14.9040080">
    <ele>1492.4</ele>
   </trkpt>
   <trkpt lat="46.3849720" lon="14.9040030">
    <ele>1491.8</ele>
   </trkpt>
   <trkpt lat="46.3849720" lon="14.9040030">
    <ele>1490.4</ele>
   </trkpt>
   <trkpt lat="46.3850020" lon="14.9039580">
    <ele>1490.4</ele>
   </trkpt>
   <trkpt lat="46.3850020" lon="14.9039580">
    <ele>1489.2</ele>
   </trkpt>
   <trkpt lat="46.3850150" lon="14.9039200">
    <ele>1489.2</ele>
   </trkpt>
   <trkpt lat="46.3850150" lon="14.9039200">
    <ele>1488.2</ele>
   </trkpt>
   <trkpt lat="46.3850550" lon="14.9039150">
    <ele>1487.8</ele>
   </trkpt>
   <trkpt lat="46.3850550" lon="14.9039150">
    <ele>1487.0</ele>
   </trkpt>
   <trkpt lat="46.3850920" lon="14.9039000">
    <ele>1486.0</ele>
   </trkpt>
   <trkpt lat="46.3851130" lon="14.9038870">
    <ele>1485.2</ele>
   </trkpt>
   <trkpt lat="46.3851380" lon="14.9038850">
    <ele>1484.6</ele>
   </trkpt>
   <trkpt lat="46.3851630" lon="14.9038820">
    <ele>1484.2</ele>
   </trkpt>
   <trkpt lat="46.3851900" lon="14.9038730">
    <ele>1483.4</ele>
   </trkpt>
   <trkpt lat="46.3852150" lon="14.9038520">
    <ele>1482.8</ele>
   </trkpt>
   <trkpt lat="46.3852420" lon="14.9038300">
    <ele>1481.6</ele>
   </trkpt>
   <trkpt lat="46.3852630" lon="14.9038120">
    <ele>1481.0</ele>
   </trkpt>
   <trkpt lat="46.3852920" lon="14.9038070">
    <ele>1481.0</ele>
   </trkpt>
   <trkpt lat="46.3853180" lon="14.9038020">
    <ele>1480.2</ele>
   </trkpt>
   <trkpt lat="46.3853480" lon="14.9037950">
    <ele>1479.4</ele>
   </trkpt>
   <trkpt lat="46.3853770" lon="14.9037850">
    <ele>1479.0</ele>
   </trkpt>
   <trkpt lat="46.3854050" lon="14.9037770">
    <ele>1478.0</ele>
   </trkpt>
   <trkpt lat="46.3854350" lon="14.9037600">
    <ele>1477.4</ele>
   </trkpt>
   <trkpt lat="46.3854580" lon="14.9037380">
    <ele>1476.4</ele>
   </trkpt>
   <trkpt lat="46.3854820" lon="14.9037100">
    <ele>1475.8</ele>
   </trkpt>
   <trkpt lat="46.3855050" lon="14.9036850">
    <ele>1475.0</ele>
   </trkpt>
   <trkpt lat="46.3855300" lon="14.9036600">
    <ele>1474.6</ele>
   </trkpt>
   <trkpt lat="46.3855580" lon="14.9036400">
    <ele>1474.0</ele>
   </trkpt>
   <trkpt lat="46.3855880" lon="14.9036350">
    <ele>1473.4</ele>
   </trkpt>
   <trkpt lat="46.3856170" lon="14.9036370">
    <ele>1472.6</ele>
   </trkpt>
   <trkpt lat="46.3856420" lon="14.9036330">
    <ele>1472.0</ele>
   </trkpt>
   <trkpt lat="46.3856680" lon="14.9036270">
    <ele>1471.0</ele>
   </trkpt>
   <trkpt lat="46.3856980" lon="14.9036200">
    <ele>1470.2</ele>
   </trkpt>
   <trkpt lat="46.3857210" lon="14.9036130">
    <ele>1469.4</ele>
   </trkpt>
   <trkpt lat="46.3857420" lon="14.9035980">
    <ele>1468.6</ele>
   </trkpt>
   <trkpt lat="46.3857550" lon="14.9035870">
    <ele>1468.0</ele>
   </trkpt>
   <trkpt lat="46.3857700" lon="14.9035750">
    <ele>1467.0</ele>
   </trkpt>
   <trkpt lat="46.3857870" lon="14.9035650">
    <ele>1466.4</ele>
   </trkpt>
   <trkpt lat="46.3858020" lon="14.9035530">
    <ele>1465.6</ele>
   </trkpt>
   <trkpt lat="46.3858210" lon="14.9035380">
    <ele>1464.8</ele>
   </trkpt>
   <trkpt lat="46.3858400" lon="14.9035230">
    <ele>1464.2</ele>
   </trkpt>
   <trkpt lat="46.3858620" lon="14.9035070">
    <ele>1464.0</ele>
   </trkpt>
   <trkpt lat="46.3858820" lon="14.9034970">
    <ele>1462.6</ele>
   </trkpt>
   <trkpt lat="46.3859050" lon="14.9034820">
    <ele>1462.2</ele>
   </trkpt>
   <trkpt lat="46.3859330" lon="14.9034680">
    <ele>1461.8</ele>
   </trkpt>
   <trkpt lat="46.3859620" lon="14.9034530">
    <ele>1460.6</ele>
   </trkpt>
   <trkpt lat="46.3859970" lon="14.9034370">
    <ele>1459.8</ele>
   </trkpt>
   <trkpt lat="46.3860270" lon="14.9034180">
    <ele>1459.2</ele>
   </trkpt>
   <trkpt lat="46.3860550" lon="14.9034170">
    <ele>1458.2</ele>
   </trkpt>
   <trkpt lat="46.3860930" lon="14.9034230">
    <ele>1457.4</ele>
   </trkpt>
   <trkpt lat="46.3861270" lon="14.9034230">
    <ele>1456.8</ele>
   </trkpt>
   <trkpt lat="46.3861630" lon="14.9034170">
    <ele>1455.6</ele>
   </trkpt>
   <trkpt lat="46.3861970" lon="14.9034020">
    <ele>1455.0</ele>
   </trkpt>
   <trkpt lat="46.3862270" lon="14.9033800">
    <ele>1454.6</ele>
   </trkpt>
   <trkpt lat="46.3862570" lon="14.9033550">
    <ele>1454.2</ele>
   </trkpt>
   <trkpt lat="46.3862870" lon="14.9033330">
    <ele>1453.8</ele>
   </trkpt>
   <trkpt lat="46.3863100" lon="14.9033150">
    <ele>1452.6</ele>
   </trkpt>
   <trkpt lat="46.3863330" lon="14.9032950">
    <ele>1451.8</ele>
   </trkpt>
   <trkpt lat="46.3863600" lon="14.9032700">
    <ele>1451.0</ele>
   </trkpt>
   <trkpt lat="46.3863770" lon="14.9032430">
    <ele>1450.4</ele>
   </trkpt>
   <trkpt lat="46.3863970" lon="14.9032120">
    <ele>1449.6</ele>
   </trkpt>
   <trkpt lat="46.3864120" lon="14.9031700">
    <ele>1449.6</ele>
   </trkpt>
   <trkpt lat="46.3864270" lon="14.9031320">
    <ele>1449.0</ele>
   </trkpt>
   <trkpt lat="46.3864370" lon="14.9030830">
    <ele>1448.8</ele>
   </trkpt>
   <trkpt lat="46.3864470" lon="14.9030330">
    <ele>1447.0</ele>
   </trkpt>
   <trkpt lat="46.3864530" lon="14.9029770">
    <ele>1447.0</ele>
   </trkpt>
   <trkpt lat="46.3864550" lon="14.9029170">
    <ele>1445.6</ele>
   </trkpt>
   <trkpt lat="46.3864620" lon="14.9028630">
    <ele>1445.6</ele>
   </trkpt>
   <trkpt lat="46.3864620" lon="14.9028030">
    <ele>1444.6</ele>
   </trkpt>
   <trkpt lat="46.3864680" lon="14.9027470">
    <ele>1444.4</ele>
   </trkpt>
   <trkpt lat="46.3864820" lon="14.9027050">
    <ele>1444.0</ele>
   </trkpt>
   <trkpt lat="46.3864900" lon="14.9026500">
    <ele>1443.6</ele>
   </trkpt>
   <trkpt lat="46.3865070" lon="14.9026180">
    <ele>1443.4</ele>
   </trkpt>
   <trkpt lat="46.3865250" lon="14.9026000">
    <ele>1443.2</ele>
   </trkpt>
   <trkpt lat="46.3865470" lon="14.9025870">
    <ele>1443.2</ele>
   </trkpt>
   <trkpt lat="46.3865630" lon="14.9025830">
    <ele>1442.8</ele>
   </trkpt>
   <trkpt lat="46.3865870" lon="14.9025780">
    <ele>1442.0</ele>
   </trkpt>
   <trkpt lat="46.3866120" lon="14.9025750">
    <ele>1441.4</ele>
   </trkpt>
   <trkpt lat="46.3866400" lon="14.9025750">
    <ele>1441.0</ele>
   </trkpt>
   <trkpt lat="46.3866600" lon="14.9025770">
    <ele>1440.0</ele>
   </trkpt>
   <trkpt lat="46.3866720" lon="14.9025980">
    <ele>1439.6</ele>
   </trkpt>
   <trkpt lat="46.3866930" lon="14.9026170">
    <ele>1438.6</ele>
   </trkpt>
   <trkpt lat="46.3867170" lon="14.9026350">
    <ele>1438.0</ele>
   </trkpt>
   <trkpt lat="46.3867450" lon="14.9026630">
    <ele>1437.6</ele>
   </trkpt>
   <trkpt lat="46.3867700" lon="14.9026870">
    <ele>1436.6</ele>
   </trkpt>
   <trkpt lat="46.3868000" lon="14.9026970">
    <ele>1435.8</ele>
   </trkpt>
   <trkpt lat="46.3868320" lon="14.9027020">
    <ele>1434.8</ele>
   </trkpt>
   <trkpt lat="46.3868620" lon="14.9026970">
    <ele>1434.6</ele>
   </trkpt>
   <trkpt lat="46.3868980" lon="14.9027020">
    <ele>1434.0</ele>
   </trkpt>
   <trkpt lat="46.3869350" lon="14.9027130">
    <ele>1433.8</ele>
   </trkpt>
   <trkpt lat="46.3869720" lon="14.9027270">
    <ele>1433.0</ele>
   </trkpt>
   <trkpt lat="46.3870080" lon="14.9027350">
    <ele>1432.0</ele>
   </trkpt>
   <trkpt lat="46.3870430" lon="14.9027370">
    <ele>1431.8</ele>
   </trkpt>
   <trkpt lat="46.3870780" lon="14.9027300">
    <ele>1431.0</ele>
   </trkpt>
   <trkpt lat="46.3871130" lon="14.9027230">
    <ele>1430.0</ele>
   </trkpt>
   <trkpt lat="46.3871450" lon="14.9027270">
    <ele>1429.4</ele>
   </trkpt>
   <trkpt lat="46.3871760" lon="14.9027270">
    <ele>1429.0</ele>
   </trkpt>
   <trkpt lat="46.3872030" lon="14.9027200">
    <ele>1428.4</ele>
   </trkpt>
   <trkpt lat="46.3872330" lon="14.9027100">
    <ele>1428.4</ele>
   </trkpt>
   <trkpt lat="46.3872630" lon="14.9026980">
    <ele>1427.6</ele>
   </trkpt>
   <trkpt lat="46.3872950" lon="14.9026900">
    <ele>1427.4</ele>
   </trkpt>
   <trkpt lat="46.3873330" lon="14.9026750">
    <ele>1426.6</ele>
   </trkpt>
   <trkpt lat="46.3873670" lon="14.9026620">
    <ele>1426.6</ele>
   </trkpt>
   <trkpt lat="46.3874030" lon="14.9026500">
    <ele>1426.2</ele>
   </trkpt>
   <trkpt lat="46.3874400" lon="14.9026450">
    <ele>1426.0</ele>
   </trkpt>
   <trkpt lat="46.3874730" lon="14.9026420">
    <ele>1425.4</ele>
   </trkpt>
   <trkpt lat="46.3875050" lon="14.9026400">
    <ele>1424.4</ele>
   </trkpt>
   <trkpt lat="46.3875380" lon="14.9026300">
    <ele>1424.0</ele>
   </trkpt>
   <trkpt lat="46.3875670" lon="14.9026220">
    <ele>1423.6</ele>
   </trkpt>
   <trkpt lat="46.3875950" lon="14.9026000">
    <ele>1423.2</ele>
   </trkpt>
   <trkpt lat="46.3876150" lon="14.9025750">
    <ele>1422.8</ele>
   </trkpt>
   <trkpt lat="46.3876250" lon="14.9025670">
    <ele>1422.0</ele>
   </trkpt>
   <trkpt lat="46.3876420" lon="14.9025680">
    <ele>1422.0</ele>
   </trkpt>
   <trkpt lat="46.3876650" lon="14.9025750">
    <ele>1421.4</ele>
   </trkpt>
   <trkpt lat="46.3876930" lon="14.9025930">
    <ele>1421.2</ele>
   </trkpt>
   <trkpt lat="46.3877280" lon="14.9026130">
    <ele>1421.0</ele>
   </trkpt>
   <trkpt lat="46.3877580" lon="14.9026370">
    <ele>1420.8</ele>
   </trkpt>
   <trkpt lat="46.3877950" lon="14.9026570">
    <ele>1420.4</ele>
   </trkpt>
   <trkpt lat="46.3878320" lon="14.9026720">
    <ele>1420.0</ele>
   </trkpt>
   <trkpt lat="46.3878670" lon="14.9026830">
    <ele>1419.4</ele>
   </trkpt>
   <trkpt lat="46.3879030" lon="14.9026930">
    <ele>1419.4</ele>
   </trkpt>
   <trkpt lat="46.3879400" lon="14.9027020">
    <ele>1419.0</ele>
   </trkpt>
   <trkpt lat="46.3879730" lon="14.9027100">
    <ele>1418.4</ele>
   </trkpt>
   <trkpt lat="46.3880100" lon="14.9027230">
    <ele>1417.8</ele>
   </trkpt>
   <trkpt lat="46.3880450" lon="14.9027420">
    <ele>1417.2</ele>
   </trkpt>
   <trkpt lat="46.3880780" lon="14.9027570">
    <ele>1416.8</ele>
   </trkpt>
   <trkpt lat="46.3881150" lon="14.9027620">
    <ele>1416.8</ele>
   </trkpt>
   <trkpt lat="46.3881500" lon="14.9027670">
    <ele>1416.0</ele>
   </trkpt>
   <trkpt lat="46.3881850" lon="14.9027730">
    <ele>1416.0</ele>
   </trkpt>
   <trkpt lat="46.3882220" lon="14.9027780">
    <ele>1414.4</ele>
   </trkpt>
   <trkpt lat="46.3882550" lon="14.9027870">
    <ele>1414.2</ele>
   </trkpt>
   <trkpt lat="46.3882880" lon="14.9027880">
    <ele>1413.6</ele>
   </trkpt>
   <trkpt lat="46.3883220" lon="14.9027770">
    <ele>1413.2</ele>
   </trkpt>
   <trkpt lat="46.3883480" lon="14.9027620">
    <ele>1412.6</ele>
   </trkpt>
   <trkpt lat="46.3883720" lon="14.9027600">
    <ele>1412.4</ele>
   </trkpt>
   <trkpt lat="46.3883980" lon="14.9027650">
    <ele>1411.8</ele>
   </trkpt>
   <trkpt lat="46.3884200" lon="14.9027620">
    <ele>1411.4</ele>
   </trkpt>
   <trkpt lat="46.3884430" lon="14.9027530">
    <ele>1410.6</ele>
   </trkpt>
   <trkpt lat="46.3884670" lon="14.9027470">
    <ele>1409.6</ele>
   </trkpt>
   <trkpt lat="46.3884950" lon="14.9027450">
    <ele>1408.6</ele>
   </trkpt>
   <trkpt lat="46.3885230" lon="14.9027530">
    <ele>1408.0</ele>
   </trkpt>
   <trkpt lat="46.3885520" lon="14.9027600">
    <ele>1407.0</ele>
   </trkpt>
   <trkpt lat="46.3885770" lon="14.9027600">
    <ele>1406.4</ele>
   </trkpt>
   <trkpt lat="46.3886070" lon="14.9027650">
    <ele>1405.6</ele>
   </trkpt>
   <trkpt lat="46.3886330" lon="14.9027580">
    <ele>1405.0</ele>
   </trkpt>
   <trkpt lat="46.3886600" lon="14.9027530">
    <ele>1404.6</ele>
   </trkpt>
   <trkpt lat="46.3886850" lon="14.9027470">
    <ele>1403.6</ele>
   </trkpt>
   <trkpt lat="46.3887120" lon="14.9027370">
    <ele>1403.0</ele>
   </trkpt>
   <trkpt lat="46.3887330" lon="14.9027120">
    <ele>1402.0</ele>
   </trkpt>
   <trkpt lat="46.3887530" lon="14.9026880">
    <ele>1401.4</ele>
   </trkpt>
   <trkpt lat="46.3887770" lon="14.9026720">
    <ele>1400.4</ele>
   </trkpt>
   <trkpt lat="46.3888020" lon="14.9026570">
    <ele>1399.8</ele>
   </trkpt>
   <trkpt lat="46.3888200" lon="14.9026450">
    <ele>1399.0</ele>
   </trkpt>
   <trkpt lat="46.3888420" lon="14.9026330">
    <ele>1398.2</ele>
   </trkpt>
   <trkpt lat="46.3888600" lon="14.9026250">
    <ele>1397.4</ele>
   </trkpt>
   <trkpt lat="46.3888780" lon="14.9026180">
    <ele>1396.8</ele>
   </trkpt>
   <trkpt lat="46.3889000" lon="14.9026080">
    <ele>1396.0</ele>
   </trkpt>
   <trkpt lat="46.3889230" lon="14.9026020">
    <ele>1395.0</ele>
   </trkpt>
   <trkpt lat="46.3889430" lon="14.9025920">
    <ele>1394.2</ele>
   </trkpt>
   <trkpt lat="46.3889680" lon="14.9025870">
    <ele>1393.4</ele>
   </trkpt>
   <trkpt lat="46.3889920" lon="14.9025850">
    <ele>1392.4</ele>
   </trkpt>
   <trkpt lat="46.3890150" lon="14.9025820">
    <ele>1391.6</ele>
   </trkpt>
   <trkpt lat="46.3890330" lon="14.9025800">
    <ele>1390.6</ele>
   </trkpt>
   <trkpt lat="46.3890520" lon="14.9025720">
    <ele>1390.0</ele>
   </trkpt>
   <trkpt lat="46.3890730" lon="14.9025670">
    <ele>1389.4</ele>
   </trkpt>
   <trkpt lat="46.3890970" lon="14.9025550">
    <ele>1388.6</ele>
   </trkpt>
   <trkpt lat="46.3891220" lon="14.9025430">
    <ele>1387.8</ele>
   </trkpt>
   <trkpt lat="46.3891430" lon="14.9025300">
    <ele>1387.0</ele>
   </trkpt>
   <trkpt lat="46.3891630" lon="14.9025130">
    <ele>1386.4</ele>
   </trkpt>
   <trkpt lat="46.3891850" lon="14.9025030">
    <ele>1385.2</ele>
   </trkpt>
   <trkpt lat="46.3892100" lon="14.9024950">
    <ele>1384.4</ele>
   </trkpt>
   <trkpt lat="46.3892330" lon="14.9024830">
    <ele>1383.4</ele>
   </trkpt>
   <trkpt lat="46.3892520" lon="14.9024650">
    <ele>1382.6</ele>
   </trkpt>
   <trkpt lat="46.3892720" lon="14.9024530">
    <ele>1381.4</ele>
   </trkpt>
   <trkpt lat="46.3892900" lon="14.9024400">
    <ele>1380.6</ele>
   </trkpt>
   <trkpt lat="46.3893100" lon="14.9024350">
    <ele>1379.8</ele>
   </trkpt>
   <trkpt lat="46.3893300" lon="14.9024380">
    <ele>1378.8</ele>
   </trkpt>
   <trkpt lat="46.3893500" lon="14.9024320">
    <ele>1378.2</ele>
   </trkpt>
   <trkpt lat="46.3893730" lon="14.9024200">
    <ele>1377.4</ele>
   </trkpt>
   <trkpt lat="46.3893950" lon="14.9024070">
    <ele>1377.0</ele>
   </trkpt>
   <trkpt lat="46.3894180" lon="14.9023920">
    <ele>1376.2</ele>
   </trkpt>
   <trkpt lat="46.3894420" lon="14.9023750">
    <ele>1375.4</ele>
   </trkpt>
   <trkpt lat="46.3894650" lon="14.9023550">
    <ele>1374.4</ele>
   </trkpt>
   <trkpt lat="46.3894930" lon="14.9023300">
    <ele>1373.4</ele>
   </trkpt>
   <trkpt lat="46.3895180" lon="14.9022970">
    <ele>1372.4</ele>
   </trkpt>
   <trkpt lat="46.3895380" lon="14.9022680">
    <ele>1371.2</ele>
   </trkpt>
   <trkpt lat="46.3895570" lon="14.9022380">
    <ele>1369.6</ele>
   </trkpt>
   <trkpt lat="46.3895800" lon="14.9022130">
    <ele>1369.6</ele>
   </trkpt>
   <trkpt lat="46.3895970" lon="14.9021750">
    <ele>1367.8</ele>
   </trkpt>
   <trkpt lat="46.3896150" lon="14.9021450">
    <ele>1367.8</ele>
   </trkpt>
   <trkpt lat="46.3896330" lon="14.9021180">
    <ele>1366.2</ele>
   </trkpt>
   <trkpt lat="46.3896580" lon="14.9020980">
    <ele>1365.6</ele>
   </trkpt>
   <trkpt lat="46.3896800" lon="14.9020870">
    <ele>1364.8</ele>
   </trkpt>
   <trkpt lat="46.3897030" lon="14.9020770">
    <ele>1364.2</ele>
   </trkpt>
   <trkpt lat="46.3897230" lon="14.9020680">
    <ele>1363.4</ele>
   </trkpt>
   <trkpt lat="46.3897470" lon="14.9020620">
    <ele>1362.0</ele>
   </trkpt>
   <trkpt lat="46.3897700" lon="14.9020650">
    <ele>1361.4</ele>
   </trkpt>
   <trkpt lat="46.3897900" lon="14.9020800">
    <ele>1360.0</ele>
   </trkpt>
   <trkpt lat="46.3898150" lon="14.9020930">
    <ele>1359.8</ele>
   </trkpt>
   <trkpt lat="46.3898400" lon="14.9021100">
    <ele>1359.2</ele>
   </trkpt>
   <trkpt lat="46.3898630" lon="14.9021270">
    <ele>1358.6</ele>
   </trkpt>
   <trkpt lat="46.3898820" lon="14.9021480">
    <ele>1357.8</ele>
   </trkpt>
   <trkpt lat="46.3898980" lon="14.9021730">
    <ele>1357.2</ele>
   </trkpt>
   <trkpt lat="46.3899130" lon="14.9022000">
    <ele>1356.2</ele>
   </trkpt>
   <trkpt lat="46.3899330" lon="14.9022300">
    <ele>1356.0</ele>
   </trkpt>
   <trkpt lat="46.3899500" lon="14.9022520">
    <ele>1355.4</ele>
   </trkpt>
   <trkpt lat="46.3899630" lon="14.9022780">
    <ele>1354.6</ele>
   </trkpt>
   <trkpt lat="46.3899770" lon="14.9023120">
    <ele>1353.8</ele>
   </trkpt>
   <trkpt lat="46.3899880" lon="14.9023380">
    <ele>1352.8</ele>
   </trkpt>
   <trkpt lat="46.3900030" lon="14.9023700">
    <ele>1352.4</ele>
   </trkpt>
   <trkpt lat="46.3900150" lon="14.9024020">
    <ele>1351.8</ele>
   </trkpt>
   <trkpt lat="46.3900300" lon="14.9024320">
    <ele>1351.8</ele>
   </trkpt>
   <trkpt lat="46.3900430" lon="14.9024680">
    <ele>1350.8</ele>
   </trkpt>
   <trkpt lat="46.3900620" lon="14.9025000">
    <ele>1350.0</ele>
   </trkpt>
   <trkpt lat="46.3900800" lon="14.9025280">
    <ele>1349.0</ele>
   </trkpt>
   <trkpt lat="46.3901030" lon="14.9025470">
    <ele>1348.2</ele>
   </trkpt>
   <trkpt lat="46.3901270" lon="14.9025570">
    <ele>1347.0</ele>
   </trkpt>
   <trkpt lat="46.3901530" lon="14.9025570">
    <ele>1346.4</ele>
   </trkpt>
   <trkpt lat="46.3901830" lon="14.9025450">
    <ele>1345.6</ele>
   </trkpt>
   <trkpt lat="46.3902170" lon="14.9025420">
    <ele>1344.8</ele>
   </trkpt>
   <trkpt lat="46.3902480" lon="14.9025330">
    <ele>1344.0</ele>
   </trkpt>
   <trkpt lat="46.3902800" lon="14.9025250">
    <ele>1343.6</ele>
   </trkpt>
   <trkpt lat="46.3903100" lon="14.9025200">
    <ele>1342.4</ele>
   </trkpt>
   <trkpt lat="46.3903350" lon="14.9025180">
    <ele>1341.6</ele>
   </trkpt>
   <trkpt lat="46.3903630" lon="14.9025150">
    <ele>1340.8</ele>
   </trkpt>
   <trkpt lat="46.3903870" lon="14.9025070">
    <ele>1340.4</ele>
   </trkpt>
   <trkpt lat="46.3904070" lon="14.9024970">
    <ele>1339.4</ele>
   </trkpt>
   <trkpt lat="46.3904330" lon="14.9024820">
    <ele>1339.0</ele>
   </trkpt>
   <trkpt lat="46.3904680" lon="14.9024600">
    <ele>1338.0</ele>
   </trkpt>
   <trkpt lat="46.3904970" lon="14.9024350">
    <ele>1337.6</ele>
   </trkpt>
   <trkpt lat="46.3905100" lon="14.9023970">
    <ele>1337.2</ele>
   </trkpt>
   <trkpt lat="46.3905170" lon="14.9023580">
    <ele>1336.6</ele>
   </trkpt>
   <trkpt lat="46.3905300" lon="14.9023220">
    <ele>1335.8</ele>
   </trkpt>
   <trkpt lat="46.3905400" lon="14.9022850">
    <ele>1335.0</ele>
   </trkpt>
   <trkpt lat="46.3905500" lon="14.9022450">
    <ele>1334.2</ele>
   </trkpt>
   <trkpt lat="46.3905560" lon="14.9022080">
    <ele>1333.6</ele>
   </trkpt>
   <trkpt lat="46.3905720" lon="14.9021730">
    <ele>1333.0</ele>
   </trkpt>
   <trkpt lat="46.3905850" lon="14.9021420">
    <ele>1332.4</ele>
   </trkpt>
   <trkpt lat="46.3905970" lon="14.9021020">
    <ele>1331.6</ele>
   </trkpt>
   <trkpt lat="46.3906100" lon="14.9020630">
    <ele>1330.8</ele>
   </trkpt>
   <trkpt lat="46.3906250" lon="14.9020130">
    <ele>1330.0</ele>
   </trkpt>
   <trkpt lat="46.3906420" lon="14.9019720">
    <ele>1329.4</ele>
   </trkpt>
   <trkpt lat="46.3906580" lon="14.9019280">
    <ele>1328.2</ele>
   </trkpt>
   <trkpt lat="46.3906770" lon="14.9018950">
    <ele>1327.6</ele>
   </trkpt>
   <trkpt lat="46.3907020" lon="14.9018720">
    <ele>1326.8</ele>
   </trkpt>
   <trkpt lat="46.3907350" lon="14.9018530">
    <ele>1326.0</ele>
   </trkpt>
   <trkpt lat="46.3907680" lon="14.9018420">
    <ele>1325.8</ele>
   </trkpt>
   <trkpt lat="46.3908030" lon="14.9018300">
    <ele>1324.6</ele>
   </trkpt>
   <trkpt lat="46.3908400" lon="14.9018300">
    <ele>1323.8</ele>
   </trkpt>
   <trkpt lat="46.3908770" lon="14.9018350">
    <ele>1322.8</ele>
   </trkpt>
   <trkpt lat="46.3909070" lon="14.9018480">
    <ele>1322.4</ele>
   </trkpt>
   <trkpt lat="46.3909330" lon="14.9018730">
    <ele>1321.6</ele>
   </trkpt>
   <trkpt lat="46.3909580" lon="14.9019030">
    <ele>1321.6</ele>
   </trkpt>
   <trkpt lat="46.3909820" lon="14.9019270">
    <ele>1320.6</ele>
   </trkpt>
   <trkpt lat="46.3910130" lon="14.9019480">
    <ele>1320.4</ele>
   </trkpt>
   <trkpt lat="46.3910420" lon="14.9019720">
    <ele>1320.2</ele>
   </trkpt>
   <trkpt lat="46.3910700" lon="14.9019870">
    <ele>1320.0</ele>
   </trkpt>
   <trkpt lat="46.3911020" lon="14.9020020">
    <ele>1320.0</ele>
   </trkpt>
   <trkpt lat="46.3911350" lon="14.9020150">
    <ele>1319.8</ele>
   </trkpt>
   <trkpt lat="46.3911680" lon="14.9020250">
    <ele>1319.8</ele>
   </trkpt>
   <trkpt lat="46.3912000" lon="14.9020300">
    <ele>1319.6</ele>
   </trkpt>
   <trkpt lat="46.3912320" lon="14.9020370">
    <ele>1319.6</ele>
   </trkpt>
   <trkpt lat="46.3912670" lon="14.9020400">
    <ele>1319.4</ele>
   </trkpt>
   <trkpt lat="46.3912970" lon="14.9020520">
    <ele>1319.4</ele>
   </trkpt>
   <trkpt lat="46.3913270" lon="14.9020670">
    <ele>1319.0</ele>
   </trkpt>
   <trkpt lat="46.3913600" lon="14.9020830">
    <ele>1318.8</ele>
   </trkpt>
   <trkpt lat="46.3913900" lon="14.9020950">
    <ele>1318.8</ele>
   </trkpt>
   <trkpt lat="46.3914150" lon="14.9021170">
    <ele>1318.8</ele>
   </trkpt>
   <trkpt lat="46.3914430" lon="14.9021380">
    <ele>1318.8</ele>
   </trkpt>
   <trkpt lat="46.3914730" lon="14.9021530">
    <ele>1318.6</ele>
   </trkpt>
   <trkpt lat="46.3915020" lon="14.9021680">
    <ele>1318.4</ele>
   </trkpt>
   <trkpt lat="46.3915350" lon="14.9021800">
    <ele>1318.4</ele>
   </trkpt>
   <trkpt lat="46.3915670" lon="14.9021950">
    <ele>1318.4</ele>
   </trkpt>
   <trkpt lat="46.3916000" lon="14.9022030">
    <ele>1318.2</ele>
   </trkpt>
   <trkpt lat="46.3916370" lon="14.9022080">
    <ele>1318.2</ele>
   </trkpt>
   <trkpt lat="46.3916720" lon="14.9022180">
    <ele>1317.8</ele>
   </trkpt>
   <trkpt lat="46.3917070" lon="14.9022300">
    <ele>1317.8</ele>
   </trkpt>
   <trkpt lat="46.3917420" lon="14.9022400">
    <ele>1317.8</ele>
   </trkpt>
   <trkpt lat="46.3917750" lon="14.9022450">
    <ele>1317.8</ele>
   </trkpt>
   <trkpt lat="46.3918070" lon="14.9022570">
    <ele>1317.6</ele>
   </trkpt>
   <trkpt lat="46.3918380" lon="14.9022670">
    <ele>1317.4</ele>
   </trkpt>
   <trkpt lat="46.3918700" lon="14.9022800">
    <ele>1317.4</ele>
   </trkpt>
   <trkpt lat="46.3919050" lon="14.9022950">
    <ele>1317.0</ele>
   </trkpt>
   <trkpt lat="46.3919330" lon="14.9023070">
    <ele>1317.0</ele>
   </trkpt>
   <trkpt lat="46.3919670" lon="14.9023150">
    <ele>1317.0</ele>
   </trkpt>
   <trkpt lat="46.3920020" lon="14.9023130">
    <ele>1317.0</ele>
   </trkpt>
   <trkpt lat="46.3920380" lon="14.9023170">
    <ele>1317.0</ele>
   </trkpt>
   <trkpt lat="46.3920750" lon="14.9023200">
    <ele>1316.4</ele>
   </trkpt>
   <trkpt lat="46.3921120" lon="14.9023150">
    <ele>1316.4</ele>
   </trkpt>
   <trkpt lat="46.3921480" lon="14.9023200">
    <ele>1316.2</ele>
   </trkpt>
   <trkpt lat="46.3921870" lon="14.9023170">
    <ele>1316.2</ele>
   </trkpt>
   <trkpt lat="46.3922270" lon="14.9023130">
    <ele>1316.2</ele>
   </trkpt>
   <trkpt lat="46.3922680" lon="14.9023070">
    <ele>1315.8</ele>
   </trkpt>
   <trkpt lat="46.3923080" lon="14.9023030">
    <ele>1315.6</ele>
   </trkpt>
   <trkpt lat="46.3923450" lon="14.9023050">
    <ele>1315.2</ele>
   </trkpt>
   <trkpt lat="46.3923830" lon="14.9023050">
    <ele>1315.2</ele>
   </trkpt>
   <trkpt lat="46.3924220" lon="14.9023020">
    <ele>1315.2</ele>
   </trkpt>
   <trkpt lat="46.3924550" lon="14.9022950">
    <ele>1315.0</ele>
   </trkpt>
   <trkpt lat="46.3924880" lon="14.9022880">
    <ele>1315.0</ele>
   </trkpt>
   <trkpt lat="46.3925200" lon="14.9022770">
    <ele>1314.6</ele>
   </trkpt>
   <trkpt lat="46.3925550" lon="14.9022670">
    <ele>1314.6</ele>
   </trkpt>
   <trkpt lat="46.3925920" lon="14.9022600">
    <ele>1314.6</ele>
   </trkpt>
   <trkpt lat="46.3926320" lon="14.9022480">
    <ele>1314.6</ele>
   </trkpt>
   <trkpt lat="46.3926720" lon="14.9022330">
    <ele>1314.4</ele>
   </trkpt>
   <trkpt lat="46.3927050" lon="14.9022180">
    <ele>1313.8</ele>
   </trkpt>
   <trkpt lat="46.3927430" lon="14.9022050">
    <ele>1313.8</ele>
   </trkpt>
   <trkpt lat="46.3927830" lon="14.9021920">
    <ele>1313.8</ele>
   </trkpt>
   <trkpt lat="46.3928220" lon="14.9021820">
    <ele>1313.6</ele>
   </trkpt>
   <trkpt lat="46.3928570" lon="14.9021670">
    <ele>1313.6</ele>
   </trkpt>
   <trkpt lat="46.3928930" lon="14.9021480">
    <ele>1313.4</ele>
   </trkpt>
   <trkpt lat="46.3929230" lon="14.9021370">
    <ele>1313.4</ele>
   </trkpt>
   <trkpt lat="46.3929550" lon="14.9021250">
    <ele>1313.4</ele>
   </trkpt>
   <trkpt lat="46.3929850" lon="14.9021100">
    <ele>1313.4</ele>
   </trkpt>
   <trkpt lat="46.3930180" lon="14.9020980">
    <ele>1313.4</ele>
   </trkpt>
   <trkpt lat="46.3930480" lon="14.9020920">
    <ele>1313.4</ele>
   </trkpt>
   <trkpt lat="46.3930820" lon="14.9020830">
    <ele>1312.6</ele>
   </trkpt>
   <trkpt lat="46.3931130" lon="14.9020770">
    <ele>1312.6</ele>
   </trkpt>
   <trkpt lat="46.3931480" lon="14.9020670">
    <ele>1312.6</ele>
   </trkpt>
   <trkpt lat="46.3931830" lon="14.9020550">
    <ele>1312.6</ele>
   </trkpt>
   <trkpt lat="46.3932200" lon="14.9020480">
    <ele>1312.4</ele>
   </trkpt>
   <trkpt lat="46.3932580" lon="14.9020400">
    <ele>1312.4</ele>
   </trkpt>
   <trkpt lat="46.3932970" lon="14.9020320">
    <ele>1312.2</ele>
   </trkpt>
   <trkpt lat="46.3933330" lon="14.9020250">
    <ele>1311.8</ele>
   </trkpt>
   <trkpt lat="46.3933670" lon="14.9020200">
    <ele>1311.8</ele>
   </trkpt>
   <trkpt lat="46.3934020" lon="14.9020150">
    <ele>1311.8</ele>
   </trkpt>
   <trkpt lat="46.3934350" lon="14.9020120">
    <ele>1311.8</ele>
   </trkpt>
   <trkpt lat="46.3934670" lon="14.9020100">
    <ele>1311.6</ele>
   </trkpt>
   <trkpt lat="46.3934980" lon="14.9020070">
    <ele>1311.4</ele>
   </trkpt>
   <trkpt lat="46.3935300" lon="14.9020000">
    <ele>1311.4</ele>
   </trkpt>
   <trkpt lat="46.3935620" lon="14.9019970">
    <ele>1311.4</ele>
   </trkpt>
   <trkpt lat="46.3935930" lon="14.9019920">
    <ele>1311.4</ele>
   </trkpt>
   <trkpt lat="46.3936250" lon="14.9019850">
    <ele>1311.4</ele>
   </trkpt>
   <trkpt lat="46.3936570" lon="14.9019850">
    <ele>1311.4</ele>
   </trkpt>
   <trkpt lat="46.3936910" lon="14.9019850">
    <ele>1311.0</ele>
   </trkpt>
   <trkpt lat="46.3937270" lon="14.9019830">
    <ele>1310.8</ele>
   </trkpt>
   <trkpt lat="46.3937580" lon="14.9019770">
    <ele>1310.8</ele>
   </trkpt>
   <trkpt lat="46.3937950" lon="14.9019730">
    <ele>1310.8</ele>
   </trkpt>
   <trkpt lat="46.3938250" lon="14.9019730">
    <ele>1310.8</ele>
   </trkpt>
   <trkpt lat="46.3938570" lon="14.9019670">
    <ele>1310.6</ele>
   </trkpt>
   <trkpt lat="46.3938930" lon="14.9019620">
    <ele>1310.4</ele>
   </trkpt>
   <trkpt lat="46.3939300" lon="14.9019500">
    <ele>1310.4</ele>
   </trkpt>
   <trkpt lat="46.3939620" lon="14.9019400">
    <ele>1310.4</ele>
   </trkpt>
   <trkpt lat="46.3939950" lon="14.9019270">
    <ele>1310.4</ele>
   </trkpt>
   <trkpt lat="46.3940280" lon="14.9019120">
    <ele>1310.4</ele>
   </trkpt>
   <trkpt lat="46.3940630" lon="14.9018970">
    <ele>1310.4</ele>
   </trkpt>
   <trkpt lat="46.3940950" lon="14.9018800">
    <ele>1310.4</ele>
   </trkpt>
   <trkpt lat="46.3941300" lon="14.9018620">
    <ele>1310.4</ele>
   </trkpt>
   <trkpt lat="46.3941620" lon="14.9018400">
    <ele>1310.2</ele>
   </trkpt>
   <trkpt lat="46.3941930" lon="14.9018130">
    <ele>1310.0</ele>
   </trkpt>
   <trkpt lat="46.3942220" lon="14.9017850">
    <ele>1309.8</ele>
   </trkpt>
   <trkpt lat="46.3942510" lon="14.9017550">
    <ele>1309.8</ele>
   </trkpt>
   <trkpt lat="46.3942850" lon="14.9017230">
    <ele>1309.6</ele>
   </trkpt>
   <trkpt lat="46.3943150" lon="14.9016900">
    <ele>1309.6</ele>
   </trkpt>
   <trkpt lat="46.3943420" lon="14.9016650">
    <ele>1309.2</ele>
   </trkpt>
   <trkpt lat="46.3943730" lon="14.9016350">
    <ele>1309.2</ele>
   </trkpt>
   <trkpt lat="46.3944050" lon="14.9016000">
    <ele>1309.2</ele>
   </trkpt>
   <trkpt lat="46.3944350" lon="14.9015680">
    <ele>1309.4</ele>
   </trkpt>
   <trkpt lat="46.3944630" lon="14.9015380">
    <ele>1309.4</ele>
   </trkpt>
   <trkpt lat="46.3944930" lon="14.9015030">
    <ele>1309.4</ele>
   </trkpt>
   <trkpt lat="46.3945170" lon="14.9014680">
    <ele>1309.4</ele>
   </trkpt>
   <trkpt lat="46.3945380" lon="14.9014380">
    <ele>1309.4</ele>
   </trkpt>
   <trkpt lat="46.3945580" lon="14.9014030">
    <ele>1309.4</ele>
   </trkpt>
   <trkpt lat="46.3945720" lon="14.9013730">
    <ele>1309.6</ele>
   </trkpt>
   <trkpt lat="46.3945880" lon="14.9013420">
    <ele>1309.6</ele>
   </trkpt>
   <trkpt lat="46.3946050" lon="14.9013030">
    <ele>1309.6</ele>
   </trkpt>
   <trkpt lat="46.3946270" lon="14.9012570">
    <ele>1309.6</ele>
   </trkpt>
   <trkpt lat="46.3946470" lon="14.9012180">
    <ele>1310.0</ele>
   </trkpt>
   <trkpt lat="46.3946650" lon="14.9011830">
    <ele>1310.2</ele>
   </trkpt>
   <trkpt lat="46.3946850" lon="14.9011480">
    <ele>1310.2</ele>
   </trkpt>
   <trkpt lat="46.3947080" lon="14.9011150">
    <ele>1310.2</ele>
   </trkpt>
   <trkpt lat="46.3947280" lon="14.9010830">
    <ele>1310.2</ele>
   </trkpt>
   <trkpt lat="46.3947450" lon="14.9010470">
    <ele>1310.6</ele>
   </trkpt>
   <trkpt lat="46.3947550" lon="14.9010100">
    <ele>1310.6</ele>
   </trkpt>
   <trkpt lat="46.3947670" lon="14.9009730">
    <ele>1310.8</ele>
   </trkpt>
   <trkpt lat="46.3947800" lon="14.9009330">
    <ele>1310.8</ele>
   </trkpt>
   <trkpt lat="46.3947930" lon="14.9008950">
    <ele>1311.0</ele>
   </trkpt>
   <trkpt lat="46.3948070" lon="14.9008550">
    <ele>1311.0</ele>
   </trkpt>
   <trkpt lat="46.3948170" lon="14.9008180">
    <ele>1311.2</ele>
   </trkpt>
   <trkpt lat="46.3948330" lon="14.9007730">
    <ele>1311.2</ele>
   </trkpt>
   <trkpt lat="46.3948470" lon="14.9007280">
    <ele>1311.2</ele>
   </trkpt>
   <trkpt lat="46.3948600" lon="14.9006850">
    <ele>1311.4</ele>
   </trkpt>
   <trkpt lat="46.3948770" lon="14.9006370">
    <ele>1311.4</ele>
   </trkpt>
   <trkpt lat="46.3948930" lon="14.9005920">
    <ele>1311.6</ele>
   </trkpt>
   <trkpt lat="46.3949020" lon="14.9005470">
    <ele>1311.6</ele>
   </trkpt>
   <trkpt lat="46.3949130" lon="14.9005080">
    <ele>1311.6</ele>
   </trkpt>
   <trkpt lat="46.3949250" lon="14.9004670">
    <ele>1311.8</ele>
   </trkpt>
   <trkpt lat="46.3949370" lon="14.9004250">
    <ele>1312.0</ele>
   </trkpt>
   <trkpt lat="46.3949450" lon="14.9003850">
    <ele>1312.2</ele>
   </trkpt>
   <trkpt lat="46.3949500" lon="14.9003420">
    <ele>1312.2</ele>
   </trkpt>
   <trkpt lat="46.3949580" lon="14.9003030">
    <ele>1312.4</ele>
   </trkpt>
   <trkpt lat="46.3949680" lon="14.9002600">
    <ele>1312.4</ele>
   </trkpt>
   <trkpt lat="46.3949780" lon="14.9002220">
    <ele>1312.6</ele>
   </trkpt>
   <trkpt lat="46.3949870" lon="14.9001770">
    <ele>1312.8</ele>
   </trkpt>
   <trkpt lat="46.3949970" lon="14.9001280">
    <ele>1312.8</ele>
   </trkpt>
   <trkpt lat="46.3950110" lon="14.9000870">
    <ele>1313.0</ele>
   </trkpt>
   <trkpt lat="46.3950270" lon="14.9000470">
    <ele>1313.0</ele>
   </trkpt>
   <trkpt lat="46.3950430" lon="14.9000050">
    <ele>1313.4</ele>
   </trkpt>
   <trkpt lat="46.3950600" lon="14.8999680">
    <ele>1313.4</ele>
   </trkpt>
   <trkpt lat="46.3950770" lon="14.8999330">
    <ele>1313.6</ele>
   </trkpt>
   <trkpt lat="46.3950930" lon="14.8998930">
    <ele>1313.6</ele>
   </trkpt>
   <trkpt lat="46.3951100" lon="14.8998550">
    <ele>1314.0</ele>
   </trkpt>
   <trkpt lat="46.3951270" lon="14.8998220">
    <ele>1314.2</ele>
   </trkpt>
   <trkpt lat="46.3951350" lon="14.8997830">
    <ele>1314.2</ele>
   </trkpt>
   <trkpt lat="46.3951480" lon="14.8997430">
    <ele>1314.4</ele>
   </trkpt>
   <trkpt lat="46.3951600" lon="14.8997100">
    <ele>1314.4</ele>
   </trkpt>
   <trkpt lat="46.3951780" lon="14.8996750">
    <ele>1314.6</ele>
   </trkpt>
   <trkpt lat="46.3951920" lon="14.8996480">
    <ele>1314.8</ele>
   </trkpt>
   <trkpt lat="46.3952050" lon="14.8996170">
    <ele>1314.8</ele>
   </trkpt>
   <trkpt lat="46.3952220" lon="14.8995850">
    <ele>1314.8</ele>
   </trkpt>
   <trkpt lat="46.3952430" lon="14.8995520">
    <ele>1314.8</ele>
   </trkpt>
   <trkpt lat="46.3952620" lon="14.8995220">
    <ele>1315.2</ele>
   </trkpt>
   <trkpt lat="46.3952770" lon="14.8994880">
    <ele>1315.4</ele>
   </trkpt>
   <trkpt lat="46.3952950" lon="14.8994550">
    <ele>1315.4</ele>
   </trkpt>
   <trkpt lat="46.3953100" lon="14.8994250">
    <ele>1315.4</ele>
   </trkpt>
   <trkpt lat="46.3953250" lon="14.8993870">
    <ele>1315.4</ele>
   </trkpt>
   <trkpt lat="46.3953400" lon="14.8993500">
    <ele>1316.0</ele>
   </trkpt>
   <trkpt lat="46.3953520" lon="14.8993130">
    <ele>1316.2</ele>
   </trkpt>
   <trkpt lat="46.3953650" lon="14.8992800">
    <ele>1316.2</ele>
   </trkpt>
   <trkpt lat="46.3953800" lon="14.8992480">
    <ele>1316.4</ele>
   </trkpt>
   <trkpt lat="46.3953980" lon="14.8992200">
    <ele>1316.4</ele>
   </trkpt>
   <trkpt lat="46.3954200" lon="14.8991870">
    <ele>1316.8</ele>
   </trkpt>
   <trkpt lat="46.3954380" lon="14.8991600">
    <ele>1316.8</ele>
   </trkpt>
   <trkpt lat="46.3954600" lon="14.8991280">
    <ele>1316.8</ele>
   </trkpt>
   <trkpt lat="46.3954780" lon="14.8990980">
    <ele>1316.8</ele>
   </trkpt>
   <trkpt lat="46.3954980" lon="14.8990700">
    <ele>1316.8</ele>
   </trkpt>
   <trkpt lat="46.3955220" lon="14.8990470">
    <ele>1317.0</ele>
   </trkpt>
   <trkpt lat="46.3955480" lon="14.8990230">
    <ele>1317.0</ele>
   </trkpt>
   <trkpt lat="46.3955770" lon="14.8990100">
    <ele>1317.0</ele>
   </trkpt>
   <trkpt lat="46.3956050" lon="14.8989980">
    <ele>1317.2</ele>
   </trkpt>
   <trkpt lat="46.3956370" lon="14.8989850">
    <ele>1317.2</ele>
   </trkpt>
   <trkpt lat="46.3956680" lon="14.8989780">
    <ele>1317.2</ele>
   </trkpt>
   <trkpt lat="46.3956970" lon="14.8989680">
    <ele>1317.2</ele>
   </trkpt>
   <trkpt lat="46.3957270" lon="14.8989670">
    <ele>1317.4</ele>
   </trkpt>
   <trkpt lat="46.3957600" lon="14.8989630">
    <ele>1317.6</ele>
   </trkpt>
   <trkpt lat="46.3957950" lon="14.8989550">
    <ele>1317.6</ele>
   </trkpt>
   <trkpt lat="46.3958270" lon="14.8989520">
    <ele>1317.8</ele>
   </trkpt>
   <trkpt lat="46.3958530" lon="14.8989480">
    <ele>1317.8</ele>
   </trkpt>
   <trkpt lat="46.3958780" lon="14.8989470">
    <ele>1317.8</ele>
   </trkpt>
   <trkpt lat="46.3959080" lon="14.8989370">
    <ele>1317.8</ele>
   </trkpt>
   <trkpt lat="46.3959350" lon="14.8989220">
    <ele>1318.2</ele>
   </trkpt>
   <trkpt lat="46.3959670" lon="14.8989070">
    <ele>1318.2</ele>
   </trkpt>
   <trkpt lat="46.3959980" lon="14.8988880">
    <ele>1318.2</ele>
   </trkpt>
   <trkpt lat="46.3960270" lon="14.8988620">
    <ele>1318.4</ele>
   </trkpt>
   <trkpt lat="46.3960550" lon="14.8988320">
    <ele>1318.4</ele>
   </trkpt>
   <trkpt lat="46.3960800" lon="14.8987980">
    <ele>1318.4</ele>
   </trkpt>
   <trkpt lat="46.3961000" lon="14.8987620">
    <ele>1318.4</ele>
   </trkpt>
   <trkpt lat="46.3961180" lon="14.8987120">
    <ele>1318.4</ele>
   </trkpt>
   <trkpt lat="46.3961400" lon="14.8986750">
    <ele>1318.4</ele>
   </trkpt>
   <trkpt lat="46.3961600" lon="14.8986350">
    <ele>1318.4</ele>
   </trkpt>
   <trkpt lat="46.3961780" lon="14.8986020">
    <ele>1318.4</ele>
   </trkpt>
   <trkpt lat="46.3962020" lon="14.8985670">
    <ele>1318.2</ele>
   </trkpt>
   <trkpt lat="46.3962280" lon="14.8985280">
    <ele>1318.2</ele>
   </trkpt>
   <trkpt lat="46.3962500" lon="14.8984930">
    <ele>1318.2</ele>
   </trkpt>
   <trkpt lat="46.3962770" lon="14.8984620">
    <ele>1318.2</ele>
   </trkpt>
   <trkpt lat="46.3963050" lon="14.8984330">
    <ele>1318.2</ele>
   </trkpt>
   <trkpt lat="46.3963350" lon="14.8984120">
    <ele>1318.0</ele>
   </trkpt>
   <trkpt lat="46.3963670" lon="14.8983850">
    <ele>1317.6</ele>
   </trkpt>
   <trkpt lat="46.3964000" lon="14.8983550">
    <ele>1317.6</ele>
   </trkpt>
   <trkpt lat="46.3964320" lon="14.8983370">
    <ele>1317.6</ele>
   </trkpt>
   <trkpt lat="46.3964630" lon="14.8983250">
    <ele>1317.4</ele>
   </trkpt>
   <trkpt lat="46.3964980" lon="14.8983170">
    <ele>1317.2</ele>
   </trkpt>
   <trkpt lat="46.3965370" lon="14.8983130">
    <ele>1317.0</ele>
   </trkpt>
   <trkpt lat="46.3965730" lon="14.8983150">
    <ele>1316.8</ele>
   </trkpt>
   <trkpt lat="46.3966100" lon="14.8983100">
    <ele>1316.8</ele>
   </trkpt>
   <trkpt lat="46.3966520" lon="14.8983050">
    <ele>1316.0</ele>
   </trkpt>
   <trkpt lat="46.3966870" lon="14.8983030">
    <ele>1316.0</ele>
   </trkpt>
   <trkpt lat="46.3967230" lon="14.8983080">
    <ele>1315.8</ele>
   </trkpt>
   <trkpt lat="46.3967580" lon="14.8983130">
    <ele>1315.6</ele>
   </trkpt>
   <trkpt lat="46.3967970" lon="14.8983170">
    <ele>1315.4</ele>
   </trkpt>
   <trkpt lat="46.3968330" lon="14.8983270">
    <ele>1314.6</ele>
   </trkpt>
   <trkpt lat="46.3968630" lon="14.8983350">
    <ele>1314.4</ele>
   </trkpt>
   <trkpt lat="46.3968970" lon="14.8983450">
    <ele>1314.2</ele>
   </trkpt>
   <trkpt lat="46.3969270" lon="14.8983570">
    <ele>1313.8</ele>
   </trkpt>
   <trkpt lat="46.3969600" lon="14.8983680">
    <ele>1313.6</ele>
   </trkpt>
   <trkpt lat="46.3969950" lon="14.8983770">
    <ele>1313.2</ele>
   </trkpt>
   <trkpt lat="46.3970250" lon="14.8983900">
    <ele>1313.2</ele>
   </trkpt>
   <trkpt lat="46.3970600" lon="14.8984120">
    <ele>1313.2</ele>
   </trkpt>
   <trkpt lat="46.3970950" lon="14.8984370">
    <ele>1312.6</ele>
   </trkpt>
   <trkpt lat="46.3971280" lon="14.8984650">
    <ele>1312.2</ele>
   </trkpt>
   <trkpt lat="46.3971600" lon="14.8984970">
    <ele>1312.2</ele>
   </trkpt>
   <trkpt lat="46.3971930" lon="14.8985300">
    <ele>1311.6</ele>
   </trkpt>
   <trkpt lat="46.3972230" lon="14.8985630">
    <ele>1311.2</ele>
   </trkpt>
   <trkpt lat="46.3972550" lon="14.8985950">
    <ele>1310.6</ele>
   </trkpt>
   <trkpt lat="46.3972870" lon="14.8986220">
    <ele>1310.4</ele>
   </trkpt>
   <trkpt lat="46.3973200" lon="14.8986380">
    <ele>1309.8</ele>
   </trkpt>
   <trkpt lat="46.3973520" lon="14.8986570">
    <ele>1309.0</ele>
   </trkpt>
   <trkpt lat="46.3973830" lon="14.8986750">
    <ele>1308.8</ele>
   </trkpt>
   <trkpt lat="46.3974180" lon="14.8987000">
    <ele>1308.6</ele>
   </trkpt>
   <trkpt lat="46.3974500" lon="14.8987170">
    <ele>1308.0</ele>
   </trkpt>
   <trkpt lat="46.3974880" lon="14.8987400">
    <ele>1307.8</ele>
   </trkpt>
   <trkpt lat="46.3975250" lon="14.8987650">
    <ele>1307.4</ele>
   </trkpt>
   <trkpt lat="46.3975620" lon="14.8987930">
    <ele>1307.4</ele>
   </trkpt>
   <trkpt lat="46.3975920" lon="14.8988230">
    <ele>1306.6</ele>
   </trkpt>
   <trkpt lat="46.3976200" lon="14.8988550">
    <ele>1305.8</ele>
   </trkpt>
   <trkpt lat="46.3976480" lon="14.8988870">
    <ele>1305.4</ele>
   </trkpt>
   <trkpt lat="46.3976820" lon="14.8989280">
    <ele>1305.0</ele>
   </trkpt>
   <trkpt lat="46.3977120" lon="14.8989670">
    <ele>1304.8</ele>
   </trkpt>
   <trkpt lat="46.3977420" lon="14.8990100">
    <ele>1304.2</ele>
   </trkpt>
   <trkpt lat="46.3977650" lon="14.8990520">
    <ele>1303.2</ele>
   </trkpt>
   <trkpt lat="46.3977880" lon="14.8990970">
    <ele>1302.4</ele>
   </trkpt>
   <trkpt lat="46.3978080" lon="14.8991480">
    <ele>1301.8</ele>
   </trkpt>
   <trkpt lat="46.3978250" lon="14.8991930">
    <ele>1301.4</ele>
   </trkpt>
   <trkpt lat="46.3978470" lon="14.8992430">
    <ele>1300.6</ele>
   </trkpt>
   <trkpt lat="46.3978670" lon="14.8992880">
    <ele>1300.2</ele>
   </trkpt>
   <trkpt lat="46.3978850" lon="14.8993420">
    <ele>1299.8</ele>
   </trkpt>
   <trkpt lat="46.3979050" lon="14.8994000">
    <ele>1299.0</ele>
   </trkpt>
   <trkpt lat="46.3979280" lon="14.8994470">
    <ele>1298.6</ele>
   </trkpt>
   <trkpt lat="46.3979520" lon="14.8994950">
    <ele>1298.0</ele>
   </trkpt>
   <trkpt lat="46.3979770" lon="14.8995370">
    <ele>1297.8</ele>
   </trkpt>
   <trkpt lat="46.3980000" lon="14.8995930">
    <ele>1297.0</ele>
   </trkpt>
   <trkpt lat="46.3980200" lon="14.8996520">
    <ele>1296.0</ele>
   </trkpt>
   <trkpt lat="46.3980400" lon="14.8997050">
    <ele>1295.6</ele>
   </trkpt>
   <trkpt lat="46.3980530" lon="14.8997700">
    <ele>1294.8</ele>
   </trkpt>
   <trkpt lat="46.3980680" lon="14.8998230">
    <ele>1294.6</ele>
   </trkpt>
   <trkpt lat="46.3980820" lon="14.8998770">
    <ele>1293.8</ele>
   </trkpt>
   <trkpt lat="46.3980970" lon="14.8999270">
    <ele>1292.8</ele>
   </trkpt>
   <trkpt lat="46.3981150" lon="14.8999780">
    <ele>1292.4</ele>
   </trkpt>
   <trkpt lat="46.3981350" lon="14.9000250">
    <ele>1292.0</ele>
   </trkpt>
   <trkpt lat="46.3981620" lon="14.9000650">
    <ele>1291.4</ele>
   </trkpt>
   <trkpt lat="46.3981930" lon="14.9001030">
    <ele>1290.8</ele>
   </trkpt>
   <trkpt lat="46.3982270" lon="14.9001320">
    <ele>1290.0</ele>
   </trkpt>
   <trkpt lat="46.3982700" lon="14.9001450">
    <ele>1289.8</ele>
   </trkpt>
   <trkpt lat="46.3983080" lon="14.9001520">
    <ele>1289.8</ele>
   </trkpt>
   <trkpt lat="46.3983470" lon="14.9001570">
    <ele>1289.2</ele>
   </trkpt>
   <trkpt lat="46.3983830" lon="14.9001570">
    <ele>1288.8</ele>
   </trkpt>
   <trkpt lat="46.3984220" lon="14.9001480">
    <ele>1288.0</ele>
   </trkpt>
   <trkpt lat="46.3984530" lon="14.9001370">
    <ele>1287.8</ele>
   </trkpt>
   <trkpt lat="46.3984830" lon="14.9001250">
    <ele>1287.6</ele>
   </trkpt>
   <trkpt lat="46.3985130" lon="14.9001050">
    <ele>1287.6</ele>
   </trkpt>
   <trkpt lat="46.3985480" lon="14.9000830">
    <ele>1287.6</ele>
   </trkpt>
   <trkpt lat="46.3985780" lon="14.9000600">
    <ele>1287.6</ele>
   </trkpt>
   <trkpt lat="46.3986080" lon="14.9000380">
    <ele>1287.6</ele>
   </trkpt>
   <trkpt lat="46.3986370" lon="14.9000070">
    <ele>1287.6</ele>
   </trkpt>
   <trkpt lat="46.3986580" lon="14.8999780">
    <ele>1287.4</ele>
   </trkpt>
   <trkpt lat="46.3986870" lon="14.8999380">
    <ele>1287.2</ele>
   </trkpt>
   <trkpt lat="46.3987100" lon="14.8999030">
    <ele>1287.2</ele>
   </trkpt>
   <trkpt lat="46.3987380" lon="14.8998670">
    <ele>1287.2</ele>
   </trkpt>
   <trkpt lat="46.3987670" lon="14.8998320">
    <ele>1287.2</ele>
   </trkpt>
   <trkpt lat="46.3988020" lon="14.8998000">
    <ele>1287.4</ele>
   </trkpt>
   <trkpt lat="46.3988330" lon="14.8997620">
    <ele>1287.8</ele>
   </trkpt>
   <trkpt lat="46.3988650" lon="14.8997270">
    <ele>1287.8</ele>
   </trkpt>
   <trkpt lat="46.3988900" lon="14.8996930">
    <ele>1287.8</ele>
   </trkpt>
   <trkpt lat="46.3989150" lon="14.8996630">
    <ele>1287.8</ele>
   </trkpt>
   <trkpt lat="46.3989400" lon="14.8996330">
    <ele>1287.8</ele>
   </trkpt>
   <trkpt lat="46.3989630" lon="14.8996000">
    <ele>1288.0</ele>
   </trkpt>
   <trkpt lat="46.3989870" lon="14.8995670">
    <ele>1288.0</ele>
   </trkpt>
   <trkpt lat="46.3990080" lon="14.8995300">
    <ele>1288.2</ele>
   </trkpt>
   <trkpt lat="46.3990320" lon="14.8994980">
    <ele>1288.4</ele>
   </trkpt>
   <trkpt lat="46.3990480" lon="14.8994630">
    <ele>1288.8</ele>
   </trkpt>
   <trkpt lat="46.3990700" lon="14.8994330">
    <ele>1288.8</ele>
   </trkpt>
   <trkpt lat="46.3990950" lon="14.8994020">
    <ele>1288.8</ele>
   </trkpt>
   <trkpt lat="46.3991200" lon="14.8993730">
    <ele>1288.8</ele>
   </trkpt>
   <trkpt lat="46.3991430" lon="14.8993430">
    <ele>1289.0</ele>
   </trkpt>
   <trkpt lat="46.3991670" lon="14.8993080">
    <ele>1289.0</ele>
   </trkpt>
   <trkpt lat="46.3991880" lon="14.8992730">
    <ele>1289.0</ele>
   </trkpt>
   <trkpt lat="46.3992100" lon="14.8992420">
    <ele>1289.0</ele>
   </trkpt>
   <trkpt lat="46.3992300" lon="14.8992050">
    <ele>1289.4</ele>
   </trkpt>
   <trkpt lat="46.3992520" lon="14.8991750">
    <ele>1289.6</ele>
   </trkpt>
   <trkpt lat="46.3992720" lon="14.8991350">
    <ele>1290.0</ele>
   </trkpt>
   <trkpt lat="46.3992970" lon="14.8991020">
    <ele>1290.2</ele>
   </trkpt>
   <trkpt lat="46.3993150" lon="14.8990750">
    <ele>1290.4</ele>
   </trkpt>
   <trkpt lat="46.3993300" lon="14.8990470">
    <ele>1290.4</ele>
   </trkpt>
   <trkpt lat="46.3993480" lon="14.8990200">
    <ele>1290.4</ele>
   </trkpt>
   <trkpt lat="46.3993680" lon="14.8989850">
    <ele>1290.8</ele>
   </trkpt>
   <trkpt lat="46.3993880" lon="14.8989620">
    <ele>1290.8</ele>
   </trkpt>
   <trkpt lat="46.3994150" lon="14.8989430">
    <ele>1291.0</ele>
   </trkpt>
   <trkpt lat="46.3994420" lon="14.8989250">
    <ele>1291.0</ele>
   </trkpt>
   <trkpt lat="46.3994750" lon="14.8989080">
    <ele>1291.2</ele>
   </trkpt>
   <trkpt lat="46.3995080" lon="14.8988880">
    <ele>1291.2</ele>
   </trkpt>
   <trkpt lat="46.3995370" lon="14.8988750">
    <ele>1291.4</ele>
   </trkpt>
   <trkpt lat="46.3995600" lon="14.8988630">
    <ele>1291.6</ele>
   </trkpt>
   <trkpt lat="46.3995830" lon="14.8988570">
    <ele>1291.6</ele>
   </trkpt>
   <trkpt lat="46.3996130" lon="14.8988500">
    <ele>1291.6</ele>
   </trkpt>
   <trkpt lat="46.3996420" lon="14.8988400">
    <ele>1291.6</ele>
   </trkpt>
   <trkpt lat="46.3996700" lon="14.8988300">
    <ele>1291.6</ele>
   </trkpt>
   <trkpt lat="46.3996930" lon="14.8988200">
    <ele>1291.6</ele>
   </trkpt>
   <trkpt lat="46.3997250" lon="14.8988020">
    <ele>1292.0</ele>
   </trkpt>
   <trkpt lat="46.3997520" lon="14.8987900">
    <ele>1292.2</ele>
   </trkpt>
   <trkpt lat="46.3997800" lon="14.8987800">
    <ele>1292.2</ele>
   </trkpt>
   <trkpt lat="46.3998080" lon="14.8987650">
    <ele>1292.2</ele>
   </trkpt>
   <trkpt lat="46.3998430" lon="14.8987480">
    <ele>1292.0</ele>
   </trkpt>
   <trkpt lat="46.3998730" lon="14.8987370">
    <ele>1292.0</ele>
   </trkpt>
   <trkpt lat="46.3999000" lon="14.8987250">
    <ele>1292.0</ele>
   </trkpt>
   <trkpt lat="46.3999280" lon="14.8987150">
    <ele>1292.0</ele>
   </trkpt>
   <trkpt lat="46.3999580" lon="14.8987070">
    <ele>1292.2</ele>
   </trkpt>
   <trkpt lat="46.3999830" lon="14.8986970">
    <ele>1292.4</ele>
   </trkpt>
   <trkpt lat="46.4000150" lon="14.8986870">
    <ele>1292.4</ele>
   </trkpt>
   <trkpt lat="46.4000480" lon="14.8986750">
    <ele>1292.4</ele>
   </trkpt>
   <trkpt lat="46.4000780" lon="14.8986600">
    <ele>1292.4</ele>
   </trkpt>
   <trkpt lat="46.4001100" lon="14.8986480">
    <ele>1292.4</ele>
   </trkpt>
   <trkpt lat="46.4001420" lon="14.8986350">
    <ele>1292.6</ele>
   </trkpt>
   <trkpt lat="46.4001720" lon="14.8986170">
    <ele>1292.8</ele>
   </trkpt>
   <trkpt lat="46.4001970" lon="14.8986020">
    <ele>1293.0</ele>
   </trkpt>
   <trkpt lat="46.4002200" lon="14.8985900">
    <ele>1293.0</ele>
   </trkpt>
   <trkpt lat="46.4002450" lon="14.8985770">
    <ele>1293.0</ele>
   </trkpt>
   <trkpt lat="46.4002730" lon="14.8985600">
    <ele>1293.0</ele>
   </trkpt>
   <trkpt lat="46.4002970" lon="14.8985480">
    <ele>1293.0</ele>
   </trkpt>
   <trkpt lat="46.4003200" lon="14.8985350">
    <ele>1293.0</ele>
   </trkpt>
   <trkpt lat="46.4003450" lon="14.8985280">
    <ele>1293.0</ele>
   </trkpt>
   <trkpt lat="46.4003700" lon="14.8985200">
    <ele>1293.4</ele>
   </trkpt>
   <trkpt lat="46.4003920" lon="14.8985120">
    <ele>1293.8</ele>
   </trkpt>
   <trkpt lat="46.4004220" lon="14.8984970">
    <ele>1293.8</ele>
   </trkpt>
   <trkpt lat="46.4004470" lon="14.8984770">
    <ele>1293.8</ele>
   </trkpt>
   <trkpt lat="46.4004720" lon="14.8984630">
    <ele>1293.8</ele>
   </trkpt>
   <trkpt lat="46.4004900" lon="14.8984420">
    <ele>1293.8</ele>
   </trkpt>
   <trkpt lat="46.4005170" lon="14.8984150">
    <ele>1293.8</ele>
   </trkpt>
   <trkpt lat="46.4005430" lon="14.8983930">
    <ele>1294.0</ele>
   </trkpt>
   <trkpt lat="46.4005680" lon="14.8983700">
    <ele>1294.2</ele>
   </trkpt>
   <trkpt lat="46.4005950" lon="14.8983450">
    <ele>1294.6</ele>
   </trkpt>
   <trkpt lat="46.4006230" lon="14.8983220">
    <ele>1294.8</ele>
   </trkpt>
   <trkpt lat="46.4006500" lon="14.8982930">
    <ele>1294.8</ele>
   </trkpt>
   <trkpt lat="46.4006770" lon="14.8982670">
    <ele>1294.8</ele>
   </trkpt>
   <trkpt lat="46.4007050" lon="14.8982400">
    <ele>1294.8</ele>
   </trkpt>
   <trkpt lat="46.4007320" lon="14.8982150">
    <ele>1294.8</ele>
   </trkpt>
   <trkpt lat="46.4007570" lon="14.8981930">
    <ele>1295.0</ele>
   </trkpt>
   <trkpt lat="46.4007850" lon="14.8981620">
    <ele>1295.4</ele>
   </trkpt>
   <trkpt lat="46.4008050" lon="14.8981370">
    <ele>1295.8</ele>
   </trkpt>
   <trkpt lat="46.4008250" lon="14.8981130">
    <ele>1296.0</ele>
   </trkpt>
   <trkpt lat="46.4008450" lon="14.8980970">
    <ele>1296.0</ele>
   </trkpt>
   <trkpt lat="46.4008700" lon="14.8980780">
    <ele>1296.0</ele>
   </trkpt>
   <trkpt lat="46.4009000" lon="14.8980600">
    <ele>1296.2</ele>
   </trkpt>
   <trkpt lat="46.4009250" lon="14.8980380">
    <ele>1296.4</ele>
   </trkpt>
   <trkpt lat="46.4009520" lon="14.8980250">
    <ele>1297.2</ele>
   </trkpt>
   <trkpt lat="46.4009830" lon="14.8980150">
    <ele>1297.2</ele>
   </trkpt>
   <trkpt lat="46.4010110" lon="14.8980120">
    <ele>1297.2</ele>
   </trkpt>
   <trkpt lat="46.4010430" lon="14.8980100">
    <ele>1297.2</ele>
   </trkpt>
   <trkpt lat="46.4010720" lon="14.8980100">
    <ele>1297.4</ele>
   </trkpt>
   <trkpt lat="46.4011000" lon="14.8980180">
    <ele>1297.4</ele>
   </trkpt>
   <trkpt lat="46.4011250" lon="14.8980370">
    <ele>1297.8</ele>
   </trkpt>
   <trkpt lat="46.4011480" lon="14.8980530">
    <ele>1298.2</ele>
   </trkpt>
   <trkpt lat="46.4011720" lon="14.8980680">
    <ele>1298.2</ele>
   </trkpt>
   <trkpt lat="46.4011870" lon="14.8980870">
    <ele>1298.2</ele>
   </trkpt>
   <trkpt lat="46.4012050" lon="14.8981030">
    <ele>1298.2</ele>
   </trkpt>
   <trkpt lat="46.4012230" lon="14.8981170">
    <ele>1298.6</ele>
   </trkpt>
   <trkpt lat="46.4012480" lon="14.8981280">
    <ele>1298.8</ele>
   </trkpt>
   <trkpt lat="46.4012730" lon="14.8981430">
    <ele>1298.8</ele>
   </trkpt>
   <trkpt lat="46.4012980" lon="14.8981600">
    <ele>1299.0</ele>
   </trkpt>
   <trkpt lat="46.4013230" lon="14.8981730">
    <ele>1299.0</ele>
   </trkpt>
   <trkpt lat="46.4013470" lon="14.8981900">
    <ele>1299.0</ele>
   </trkpt>
   <trkpt lat="46.4013680" lon="14.8982070">
    <ele>1299.0</ele>
   </trkpt>
   <trkpt lat="46.4013930" lon="14.8982230">
    <ele>1299.4</ele>
   </trkpt>
   <trkpt lat="46.4014170" lon="14.8982430">
    <ele>1299.6</ele>
   </trkpt>
   <trkpt lat="46.4014430" lon="14.8982650">
    <ele>1299.8</ele>
   </trkpt>
   <trkpt lat="46.4014700" lon="14.8982870">
    <ele>1299.8</ele>
   </trkpt>
   <trkpt lat="46.4014980" lon="14.8983080">
    <ele>1299.8</ele>
   </trkpt>
   <trkpt lat="46.4015260" lon="14.8983350">
    <ele>1300.0</ele>
   </trkpt>
   <trkpt lat="46.4015520" lon="14.8983550">
    <ele>1300.2</ele>
   </trkpt>
   <trkpt lat="46.4015830" lon="14.8983720">
    <ele>1300.4</ele>
   </trkpt>
   <trkpt lat="46.4016150" lon="14.8983830">
    <ele>1300.4</ele>
   </trkpt>
   <trkpt lat="46.4016480" lon="14.8983870">
    <ele>1300.4</ele>
   </trkpt>
   <trkpt lat="46.4016820" lon="14.8983980">
    <ele>1300.6</ele>
   </trkpt>
   <trkpt lat="46.4017100" lon="14.8984070">
    <ele>1300.6</ele>
   </trkpt>
   <trkpt lat="46.4017400" lon="14.8984150">
    <ele>1300.8</ele>
   </trkpt>
   <trkpt lat="46.4017700" lon="14.8984180">
    <ele>1300.8</ele>
   </trkpt>
   <trkpt lat="46.4018000" lon="14.8984280">
    <ele>1300.8</ele>
   </trkpt>
   <trkpt lat="46.4018280" lon="14.8984350">
    <ele>1300.8</ele>
   </trkpt>
   <trkpt lat="46.4018610" lon="14.8984430">
    <ele>1300.8</ele>
   </trkpt>
   <trkpt lat="46.4018930" lon="14.8984430">
    <ele>1300.8</ele>
   </trkpt>
   <trkpt lat="46.4019270" lon="14.8984450">
    <ele>1300.8</ele>
   </trkpt>
   <trkpt lat="46.4019580" lon="14.8984420">
    <ele>1300.8</ele>
   </trkpt>
   <trkpt lat="46.4019920" lon="14.8984420">
    <ele>1300.8</ele>
   </trkpt>
   <trkpt lat="46.4020250" lon="14.8984470">
    <ele>1300.6</ele>
   </trkpt>
   <trkpt lat="46.4020580" lon="14.8984470">
    <ele>1300.6</ele>
   </trkpt>
   <trkpt lat="46.4020830" lon="14.8984450">
    <ele>1300.6</ele>
   </trkpt>
   <trkpt lat="46.4021180" lon="14.8984520">
    <ele>1300.6</ele>
   </trkpt>
   <trkpt lat="46.4021520" lon="14.8984520">
    <ele>1300.6</ele>
   </trkpt>
   <trkpt lat="46.4021830" lon="14.8984500">
    <ele>1300.6</ele>
   </trkpt>
   <trkpt lat="46.4022100" lon="14.8984470">
    <ele>1301.0</ele>
   </trkpt>
   <trkpt lat="46.4022400" lon="14.8984370">
    <ele>1301.0</ele>
   </trkpt>
   <trkpt lat="46.4022650" lon="14.8984250">
    <ele>1301.0</ele>
   </trkpt>
   <trkpt lat="46.4023020" lon="14.8984150">
    <ele>1301.0</ele>
   </trkpt>
   <trkpt lat="46.4023300" lon="14.8983980">
    <ele>1301.0</ele>
   </trkpt>
   <trkpt lat="46.4023550" lon="14.8983850">
    <ele>1301.2</ele>
   </trkpt>
   <trkpt lat="46.4023760" lon="14.8983650">
    <ele>1301.2</ele>
   </trkpt>
   <trkpt lat="46.4024000" lon="14.8983470">
    <ele>1301.6</ele>
   </trkpt>
   <trkpt lat="46.4024270" lon="14.8983250">
    <ele>1302.0</ele>
   </trkpt>
   <trkpt lat="46.4024480" lon="14.8983080">
    <ele>1302.0</ele>
   </trkpt>
   <trkpt lat="46.4024750" lon="14.8982900">
    <ele>1302.0</ele>
   </trkpt>
   <trkpt lat="46.4024970" lon="14.8982700">
    <ele>1302.0</ele>
   </trkpt>
   <trkpt lat="46.4025270" lon="14.8982450">
    <ele>1302.2</ele>
   </trkpt>
   <trkpt lat="46.4025520" lon="14.8982220">
    <ele>1302.4</ele>
   </trkpt>
   <trkpt lat="46.4025780" lon="14.8982000">
    <ele>1303.0</ele>
   </trkpt>
   <trkpt lat="46.4026070" lon="14.8981770">
    <ele>1303.4</ele>
   </trkpt>
   <trkpt lat="46.4026330" lon="14.8981520">
    <ele>1303.4</ele>
   </trkpt>
   <trkpt lat="46.4026550" lon="14.8981280">
    <ele>1303.4</ele>
   </trkpt>
   <trkpt lat="46.4026770" lon="14.8981000">
    <ele>1303.6</ele>
   </trkpt>
   <trkpt lat="46.4027000" lon="14.8980680">
    <ele>1303.8</ele>
   </trkpt>
   <trkpt lat="46.4027230" lon="14.8980400">
    <ele>1304.2</ele>
   </trkpt>
   <trkpt lat="46.4027420" lon="14.8980100">
    <ele>1304.4</ele>
   </trkpt>
   <trkpt lat="46.4027620" lon="14.8979800">
    <ele>1304.8</ele>
   </trkpt>
   <trkpt lat="46.4027830" lon="14.8979520">
    <ele>1305.2</ele>
   </trkpt>
   <trkpt lat="46.4028050" lon="14.8979270">
    <ele>1305.2</ele>
   </trkpt>
   <trkpt lat="46.4028230" lon="14.8979080">
    <ele>1305.4</ele>
   </trkpt>
   <trkpt lat="46.4028430" lon="14.8978930">
    <ele>1305.4</ele>
   </trkpt>
   <trkpt lat="46.4028630" lon="14.8978800">
    <ele>1305.6</ele>
   </trkpt>
   <trkpt lat="46.4028850" lon="14.8978600">
    <ele>1305.8</ele>
   </trkpt>
   <trkpt lat="46.4029100" lon="14.8978400">
    <ele>1306.4</ele>
   </trkpt>
   <trkpt lat="46.4029330" lon="14.8978270">
    <ele>1306.8</ele>
   </trkpt>
   <trkpt lat="46.4029600" lon="14.8978130">
    <ele>1307.0</ele>
   </trkpt>
   <trkpt lat="46.4029850" lon="14.8978070">
    <ele>1307.2</ele>
   </trkpt>
   <trkpt lat="46.4030130" lon="14.8977900">
    <ele>1307.2</ele>
   </trkpt>
   <trkpt lat="46.4030400" lon="14.8977720">
    <ele>1307.6</ele>
   </trkpt>
   <trkpt lat="46.4030680" lon="14.8977470">
    <ele>1307.8</ele>
   </trkpt>
   <trkpt lat="46.4030970" lon="14.8977320">
    <ele>1308.0</ele>
   </trkpt>
   <trkpt lat="46.4031180" lon="14.8977180">
    <ele>1308.2</ele>
   </trkpt>
   <trkpt lat="46.4031450" lon="14.8977120">
    <ele>1308.2</ele>
   </trkpt>
   <trkpt lat="46.4031700" lon="14.8977000">
    <ele>1308.4</ele>
   </trkpt>
   <trkpt lat="46.4031970" lon="14.8976950">
    <ele>1308.6</ele>
   </trkpt>
   <trkpt lat="46.4032230" lon="14.8976880">
    <ele>1308.8</ele>
   </trkpt>
   <trkpt lat="46.4032470" lon="14.8976830">
    <ele>1309.2</ele>
   </trkpt>
   <trkpt lat="46.4032730" lon="14.8976800">
    <ele>1309.4</ele>
   </trkpt>
   <trkpt lat="46.4032920" lon="14.8976780">
    <ele>1309.6</ele>
   </trkpt>
   <trkpt lat="46.4033080" lon="14.8976720">
    <ele>1309.6</ele>
   </trkpt>
   <trkpt lat="46.4033280" lon="14.8976700">
    <ele>1310.0</ele>
   </trkpt>
   <trkpt lat="46.4033500" lon="14.8976650">
    <ele>1310.4</ele>
   </trkpt>
   <trkpt lat="46.4033700" lon="14.8976630">
    <ele>1310.8</ele>
   </trkpt>
   <trkpt lat="46.4033920" lon="14.8976670">
    <ele>1311.2</ele>
   </trkpt>
   <trkpt lat="46.4034130" lon="14.8976720">
    <ele>1311.2</ele>
   </trkpt>
   <trkpt lat="46.4034370" lon="14.8976880">
    <ele>1311.4</ele>
   </trkpt>
   <trkpt lat="46.4034630" lon="14.8977000">
    <ele>1311.4</ele>
   </trkpt>
   <trkpt lat="46.4034830" lon="14.8977050">
    <ele>1311.6</ele>
   </trkpt>
   <trkpt lat="46.4035000" lon="14.8977100">
    <ele>1311.8</ele>
   </trkpt>
   <trkpt lat="46.4035180" lon="14.8977170">
    <ele>1312.4</ele>
   </trkpt>
   <trkpt lat="46.4035430" lon="14.8977320">
    <ele>1312.8</ele>
   </trkpt>
   <trkpt lat="46.4035680" lon="14.8977420">
    <ele>1312.8</ele>
   </trkpt>
   <trkpt lat="46.4035880" lon="14.8977570">
    <ele>1313.2</ele>
   </trkpt>
   <trkpt lat="46.4036080" lon="14.8977730">
    <ele>1313.2</ele>
   </trkpt>
   <trkpt lat="46.4036330" lon="14.8977850">
    <ele>1313.6</ele>
   </trkpt>
   <trkpt lat="46.4036570" lon="14.8977970">
    <ele>1313.8</ele>
   </trkpt>
   <trkpt lat="46.4036720" lon="14.8977920">
    <ele>1313.8</ele>
   </trkpt>
   <trkpt lat="46.4036730" lon="14.8978000">
    <ele>1314.0</ele>
   </trkpt>
   <trkpt lat="46.4036620" lon="14.8977570">
    <ele>1314.2</ele>
   </trkpt>
   <trkpt lat="46.4036620" lon="14.8977570">
    <ele>1314.6</ele>
   </trkpt>
   <trkpt lat="46.4036280" lon="14.8976920">
    <ele>1315.0</ele>
   </trkpt>
   <trkpt lat="46.4036070" lon="14.8976600">
    <ele>1315.0</ele>
   </trkpt>
   <trkpt lat="46.4035820" lon="14.8976250">
    <ele>1315.2</ele>
   </trkpt>
   <trkpt lat="46.4035620" lon="14.8975920">
    <ele>1315.2</ele>
   </trkpt>
   <trkpt lat="46.4035410" lon="14.8975580">
    <ele>1315.4</ele>
   </trkpt>
   <trkpt lat="46.4035200" lon="14.8975250">
    <ele>1315.6</ele>
   </trkpt>
   <trkpt lat="46.4035020" lon="14.8974920">
    <ele>1316.2</ele>
   </trkpt>
   <trkpt lat="46.4034830" lon="14.8974520">
    <ele>1316.2</ele>
   </trkpt>
   <trkpt lat="46.4034620" lon="14.8974170">
    <ele>1316.2</ele>
   </trkpt>
   <trkpt lat="46.4034350" lon="14.8973830">
    <ele>1316.2</ele>
   </trkpt>
   <trkpt lat="46.4034100" lon="14.8973480">
    <ele>1316.2</ele>
   </trkpt>
   <trkpt lat="46.4033920" lon="14.8973130">
    <ele>1316.4</ele>
   </trkpt>
   <trkpt lat="46.4033770" lon="14.8972820">
    <ele>1316.4</ele>
   </trkpt>
   <trkpt lat="46.4033650" lon="14.8972430">
    <ele>1316.8</ele>
   </trkpt>
   <trkpt lat="46.4033570" lon="14.8972020">
    <ele>1317.0</ele>
   </trkpt>
   <trkpt lat="46.4033570" lon="14.8971670">
    <ele>1317.0</ele>
   </trkpt>
   <trkpt lat="46.4033750" lon="14.8971530">
    <ele>1317.2</ele>
   </trkpt>
   <trkpt lat="46.4033860" lon="14.8971440">
    <ele>1317.6</ele>
   </trkpt>
   <trkpt lat="46.4033860" lon="14.8971440">
    <ele>1317.6</ele>
   </trkpt>
   <trkpt lat="46.4034100" lon="14.8971250">
    <ele>1317.6</ele>
   </trkpt>
   <trkpt lat="46.4034100" lon="14.8971250">
    <ele>1317.8</ele>
   </trkpt>
   <trkpt lat="46.4034500" lon="14.8971430">
    <ele>1318.0</ele>
   </trkpt>
   <trkpt lat="46.4034670" lon="14.8971580">
    <ele>1318.2</ele>
   </trkpt>
   <trkpt lat="46.4034880" lon="14.8971820">
    <ele>1318.4</ele>
   </trkpt>
   <trkpt lat="46.4035050" lon="14.8972030">
    <ele>1318.6</ele>
   </trkpt>
   <trkpt lat="46.4035220" lon="14.8972220">
    <ele>1319.0</ele>
   </trkpt>
   <trkpt lat="46.4035400" lon="14.8972430">
    <ele>1319.4</ele>
   </trkpt>
   <trkpt lat="46.4035630" lon="14.8972530">
    <ele>1319.4</ele>
   </trkpt>
   <trkpt lat="46.4035880" lon="14.8972650">
    <ele>1319.6</ele>
   </trkpt>
   <trkpt lat="46.4036080" lon="14.8972730">
    <ele>1319.8</ele>
   </trkpt>
   <trkpt lat="46.4036300" lon="14.8972850">
    <ele>1320.4</ele>
   </trkpt>
   <trkpt lat="46.4036470" lon="14.8972920">
    <ele>1320.6</ele>
   </trkpt>
   <trkpt lat="46.4036620" lon="14.8973000">
    <ele>1321.0</ele>
   </trkpt>
   <trkpt lat="46.4036780" lon="14.8973050">
    <ele>1321.0</ele>
   </trkpt>
   <trkpt lat="46.4036780" lon="14.8973050">
    <ele>1321.2</ele>
   </trkpt>
   <trkpt lat="46.4037070" lon="14.8972980">
    <ele>1321.6</ele>
   </trkpt>
   <trkpt lat="46.4037070" lon="14.8972980">
    <ele>1322.0</ele>
   </trkpt>
   <trkpt lat="46.4037380" lon="14.8973100">
    <ele>1322.2</ele>
   </trkpt>
   <trkpt lat="46.4037380" lon="14.8973100">
    <ele>1322.4</ele>
   </trkpt>
   <trkpt lat="46.4037720" lon="14.8973170">
    <ele>1322.4</ele>
   </trkpt>
   <trkpt lat="46.4037720" lon="14.8973170">
    <ele>1322.6</ele>
   </trkpt>
   <trkpt lat="46.4038130" lon="14.8973400">
    <ele>1323.2</ele>
   </trkpt>
   <trkpt lat="46.4038280" lon="14.8973580">
    <ele>1323.4</ele>
   </trkpt>
   <trkpt lat="46.4038450" lon="14.8973770">
    <ele>1323.4</ele>
   </trkpt>
   <trkpt lat="46.4038600" lon="14.8973930">
    <ele>1323.8</ele>
   </trkpt>
   <trkpt lat="46.4038780" lon="14.8974130">
    <ele>1324.0</ele>
   </trkpt>
   <trkpt lat="46.4039000" lon="14.8974330">
    <ele>1324.0</ele>
   </trkpt>
   <trkpt lat="46.4039170" lon="14.8974500">
    <ele>1324.4</ele>
   </trkpt>
   <trkpt lat="46.4039300" lon="14.8974620">
    <ele>1324.6</ele>
   </trkpt>
   <trkpt lat="46.4039430" lon="14.8974670">
    <ele>1325.2</ele>
   </trkpt>
   <trkpt lat="46.4039580" lon="14.8974770">
    <ele>1325.6</ele>
   </trkpt>
   <trkpt lat="46.4039580" lon="14.8974770">
    <ele>1325.6</ele>
   </trkpt>
   <trkpt lat="46.4039800" lon="14.8974900">
    <ele>1326.0</ele>
   </trkpt>
   <trkpt lat="46.4039800" lon="14.8974900">
    <ele>1326.4</ele>
   </trkpt>
   <trkpt lat="46.4040020" lon="14.8975000">
    <ele>1326.6</ele>
   </trkpt>
   <trkpt lat="46.4040020" lon="14.8975000">
    <ele>1326.8</ele>
   </trkpt>
   <trkpt lat="46.4040270" lon="14.8975050">
    <ele>1327.0</ele>
   </trkpt>
   <trkpt lat="46.4040270" lon="14.8975050">
    <ele>1327.4</ele>
   </trkpt>
   <trkpt lat="46.4040420" lon="14.8975150">
    <ele>1327.8</ele>
   </trkpt>
   <trkpt lat="46.4040420" lon="14.8975150">
    <ele>1328.0</ele>
   </trkpt>
   <trkpt lat="46.4040680" lon="14.8975250">
    <ele>1328.2</ele>
   </trkpt>
   <trkpt lat="46.4040680" lon="14.8975250">
    <ele>1328.6</ele>
   </trkpt>
   <trkpt lat="46.4040920" lon="14.8975380">
    <ele>1328.8</ele>
   </trkpt>
   <trkpt lat="46.4040920" lon="14.8975380">
    <ele>1329.0</ele>
   </trkpt>
   <trkpt lat="46.4041170" lon="14.8975520">
    <ele>1329.4</ele>
   </trkpt>
   <trkpt lat="46.4041170" lon="14.8975520">
    <ele>1329.8</ele>
   </trkpt>
   <trkpt lat="46.4041380" lon="14.8975580">
    <ele>1330.0</ele>
   </trkpt>
   <trkpt lat="46.4041380" lon="14.8975580">
    <ele>1330.4</ele>
   </trkpt>
   <trkpt lat="46.4041620" lon="14.8975650">
    <ele>1330.8</ele>
   </trkpt>
   <trkpt lat="46.4041620" lon="14.8975650">
    <ele>1331.0</ele>
   </trkpt>
   <trkpt lat="46.4041850" lon="14.8975750">
    <ele>1331.4</ele>
   </trkpt>
   <trkpt lat="46.4041850" lon="14.8975750">
    <ele>1331.8</ele>
   </trkpt>
   <trkpt lat="46.4042080" lon="14.8975970">
    <ele>1332.2</ele>
   </trkpt>
   <trkpt lat="46.4042080" lon="14.8975970">
    <ele>1332.6</ele>
   </trkpt>
   <trkpt lat="46.4042220" lon="14.8976220">
    <ele>1333.0</ele>
   </trkpt>
   <trkpt lat="46.4042220" lon="14.8976220">
    <ele>1333.2</ele>
   </trkpt>
   <trkpt lat="46.4042450" lon="14.8976370">
    <ele>1333.4</ele>
   </trkpt>
   <trkpt lat="46.4042450" lon="14.8976370">
    <ele>1333.8</ele>
   </trkpt>
   <trkpt lat="46.4042650" lon="14.8976520">
    <ele>1334.4</ele>
   </trkpt>
   <trkpt lat="46.4042650" lon="14.8976520">
    <ele>1335.0</ele>
   </trkpt>
   <trkpt lat="46.4042980" lon="14.8976850">
    <ele>1335.2</ele>
   </trkpt>
   <trkpt lat="46.4042980" lon="14.8976850">
    <ele>1335.6</ele>
   </trkpt>
   <trkpt lat="46.4043200" lon="14.8977170">
    <ele>1336.0</ele>
   </trkpt>
   <trkpt lat="46.4043200" lon="14.8977170">
    <ele>1336.2</ele>
   </trkpt>
   <trkpt lat="46.4043400" lon="14.8977320">
    <ele>1336.4</ele>
   </trkpt>
   <trkpt lat="46.4043400" lon="14.8977320">
    <ele>1336.8</ele>
   </trkpt>
   <trkpt lat="46.4043670" lon="14.8977350">
    <ele>1337.0</ele>
   </trkpt>
   <trkpt lat="46.4043670" lon="14.8977350">
    <ele>1337.4</ele>
   </trkpt>
   <trkpt lat="46.4043950" lon="14.8977430">
    <ele>1337.6</ele>
   </trkpt>
   <trkpt lat="46.4043950" lon="14.8977430">
    <ele>1337.8</ele>
   </trkpt>
   <trkpt lat="46.4044180" lon="14.8977630">
    <ele>1338.0</ele>
   </trkpt>
   <trkpt lat="46.4044180" lon="14.8977630">
    <ele>1338.4</ele>
   </trkpt>
   <trkpt lat="46.4044430" lon="14.8977770">
    <ele>1338.6</ele>
   </trkpt>
   <trkpt lat="46.4044430" lon="14.8977770">
    <ele>1339.0</ele>
   </trkpt>
   <trkpt lat="46.4044700" lon="14.8977880">
    <ele>1339.2</ele>
   </trkpt>
   <trkpt lat="46.4044700" lon="14.8977880">
    <ele>1339.6</ele>
   </trkpt>
   <trkpt lat="46.4044850" lon="14.8977970">
    <ele>1340.0</ele>
   </trkpt>
   <trkpt lat="46.4044850" lon="14.8977970">
    <ele>1340.2</ele>
   </trkpt>
   <trkpt lat="46.4045070" lon="14.8978170">
    <ele>1340.4</ele>
   </trkpt>
   <trkpt lat="46.4045070" lon="14.8978170">
    <ele>1340.8</ele>
   </trkpt>
   <trkpt lat="46.4045300" lon="14.8978200">
    <ele>1341.2</ele>
   </trkpt>
   <trkpt lat="46.4045300" lon="14.8978200">
    <ele>1341.6</ele>
   </trkpt>
   <trkpt lat="46.4045530" lon="14.8978430">
    <ele>1342.0</ele>
   </trkpt>
   <trkpt lat="46.4045530" lon="14.8978430">
    <ele>1342.4</ele>
   </trkpt>
   <trkpt lat="46.4045770" lon="14.8978650">
    <ele>1342.6</ele>
   </trkpt>
   <trkpt lat="46.4045770" lon="14.8978650">
    <ele>1342.8</ele>
   </trkpt>
   <trkpt lat="46.4045880" lon="14.8978970">
    <ele>1343.2</ele>
   </trkpt>
   <trkpt lat="46.4045880" lon="14.8978970">
    <ele>1344.0</ele>
   </trkpt>
   <trkpt lat="46.4046100" lon="14.8979230">
    <ele>1344.0</ele>
   </trkpt>
   <trkpt lat="46.4046100" lon="14.8979230">
    <ele>1344.4</ele>
   </trkpt>
   <trkpt lat="46.4046320" lon="14.8979400">
    <ele>1345.0</ele>
   </trkpt>
   <trkpt lat="46.4046320" lon="14.8979400">
    <ele>1345.0</ele>
   </trkpt>
   <trkpt lat="46.4046670" lon="14.8979530">
    <ele>1345.4</ele>
   </trkpt>
   <trkpt lat="46.4046670" lon="14.8979530">
    <ele>1345.8</ele>
   </trkpt>
   <trkpt lat="46.4046970" lon="14.8979670">
    <ele>1346.0</ele>
   </trkpt>
   <trkpt lat="46.4046970" lon="14.8979670">
    <ele>1346.2</ele>
   </trkpt>
   <trkpt lat="46.4047200" lon="14.8979730">
    <ele>1346.4</ele>
   </trkpt>
   <trkpt lat="46.4047200" lon="14.8979730">
    <ele>1346.8</ele>
   </trkpt>
   <trkpt lat="46.4047450" lon="14.8979820">
    <ele>1347.0</ele>
   </trkpt>
   <trkpt lat="46.4047450" lon="14.8979820">
    <ele>1347.2</ele>
   </trkpt>
   <trkpt lat="46.4047700" lon="14.8979950">
    <ele>1347.6</ele>
   </trkpt>
   <trkpt lat="46.4047700" lon="14.8979950">
    <ele>1347.8</ele>
   </trkpt>
   <trkpt lat="46.4048050" lon="14.8980150">
    <ele>1348.0</ele>
   </trkpt>
   <trkpt lat="46.4048050" lon="14.8980150">
    <ele>1348.2</ele>
   </trkpt>
   <trkpt lat="46.4048350" lon="14.8980350">
    <ele>1348.6</ele>
   </trkpt>
   <trkpt lat="46.4048350" lon="14.8980350">
    <ele>1349.0</ele>
   </trkpt>
   <trkpt lat="46.4048570" lon="14.8980550">
    <ele>1349.4</ele>
   </trkpt>
   <trkpt lat="46.4048570" lon="14.8980550">
    <ele>1349.8</ele>
   </trkpt>
   <trkpt lat="46.4048770" lon="14.8980700">
    <ele>1350.2</ele>
   </trkpt>
   <trkpt lat="46.4048770" lon="14.8980700">
    <ele>1350.2</ele>
   </trkpt>
   <trkpt lat="46.4049020" lon="14.8980820">
    <ele>1350.4</ele>
   </trkpt>
   <trkpt lat="46.4049020" lon="14.8980820">
    <ele>1350.6</ele>
   </trkpt>
   <trkpt lat="46.4049230" lon="14.8980880">
    <ele>1350.8</ele>
   </trkpt>
   <trkpt lat="46.4049230" lon="14.8980880">
    <ele>1351.0</ele>
   </trkpt>
   <trkpt lat="46.4049420" lon="14.8981030">
    <ele>1351.2</ele>
   </trkpt>
   <trkpt lat="46.4049420" lon="14.8981030">
    <ele>1351.4</ele>
   </trkpt>
   <trkpt lat="46.4049650" lon="14.8981170">
    <ele>1351.6</ele>
   </trkpt>
   <trkpt lat="46.4049650" lon="14.8981170">
    <ele>1351.8</ele>
   </trkpt>
   <trkpt lat="46.4049950" lon="14.8981280">
    <ele>1352.0</ele>
   </trkpt>
   <trkpt lat="46.4049950" lon="14.8981280">
    <ele>1352.2</ele>
   </trkpt>
   <trkpt lat="46.4050250" lon="14.8981350">
    <ele>1353.0</ele>
   </trkpt>
   <trkpt lat="46.4050250" lon="14.8981350">
    <ele>1353.0</ele>
   </trkpt>
   <trkpt lat="46.4050450" lon="14.8981630">
    <ele>1353.6</ele>
   </trkpt>
   <trkpt lat="46.4050450" lon="14.8981630">
    <ele>1353.6</ele>
   </trkpt>
   <trkpt lat="46.4050730" lon="14.8981630">
    <ele>1354.4</ele>
   </trkpt>
   <trkpt lat="46.4050730" lon="14.8981630">
    <ele>1354.6</ele>
   </trkpt>
   <trkpt lat="46.4051080" lon="14.8981620">
    <ele>1355.0</ele>
   </trkpt>
   <trkpt lat="46.4051080" lon="14.8981620">
    <ele>1355.4</ele>
   </trkpt>
   <trkpt lat="46.4051420" lon="14.8981650">
    <ele>1355.4</ele>
   </trkpt>
   <trkpt lat="46.4051420" lon="14.8981650">
    <ele>1355.8</ele>
   </trkpt>
   <trkpt lat="46.4051770" lon="14.8981680">
    <ele>1356.2</ele>
   </trkpt>
   <trkpt lat="46.4051980" lon="14.8981700">
    <ele>1356.6</ele>
   </trkpt>
   <trkpt lat="46.4052200" lon="14.8981680">
    <ele>1357.0</ele>
   </trkpt>
   <trkpt lat="46.4052400" lon="14.8981680">
    <ele>1357.4</ele>
   </trkpt>
   <trkpt lat="46.4052530" lon="14.8981630">
    <ele>1357.8</ele>
   </trkpt>
   <trkpt lat="46.4052720" lon="14.8981600">
    <ele>1357.8</ele>
   </trkpt>
   <trkpt lat="46.4052720" lon="14.8981600">
    <ele>1358.0</ele>
   </trkpt>
   <trkpt lat="46.4053020" lon="14.8981470">
    <ele>1358.4</ele>
   </trkpt>
   <trkpt lat="46.4053020" lon="14.8981470">
    <ele>1358.8</ele>
   </trkpt>
   <trkpt lat="46.4053350" lon="14.8981320">
    <ele>1359.0</ele>
   </trkpt>
   <trkpt lat="46.4053350" lon="14.8981320">
    <ele>1359.2</ele>
   </trkpt>
   <trkpt lat="46.4053600" lon="14.8981200">
    <ele>1359.8</ele>
   </trkpt>
   <trkpt lat="46.4053600" lon="14.8981200">
    <ele>1360.0</ele>
   </trkpt>
   <trkpt lat="46.4053820" lon="14.8981000">
    <ele>1360.0</ele>
   </trkpt>
   <trkpt lat="46.4053820" lon="14.8981000">
    <ele>1360.2</ele>
   </trkpt>
   <trkpt lat="46.4054220" lon="14.8980820">
    <ele>1360.6</ele>
   </trkpt>
   <trkpt lat="46.4054530" lon="14.8980700">
    <ele>1361.0</ele>
   </trkpt>
   <trkpt lat="46.4054800" lon="14.8980550">
    <ele>1361.0</ele>
   </trkpt>
   <trkpt lat="46.4055000" lon="14.8980430">
    <ele>1361.2</ele>
   </trkpt>
   <trkpt lat="46.4055270" lon="14.8980270">
    <ele>1361.4</ele>
   </trkpt>
   <trkpt lat="46.4055530" lon="14.8980020">
    <ele>1361.6</ele>
   </trkpt>
   <trkpt lat="46.4055730" lon="14.8979820">
    <ele>1361.6</ele>
   </trkpt>
   <trkpt lat="46.4055930" lon="14.8979650">
    <ele>1362.0</ele>
   </trkpt>
   <trkpt lat="46.4056130" lon="14.8979620">
    <ele>1362.2</ele>
   </trkpt>
   <trkpt lat="46.4056400" lon="14.8979600">
    <ele>1362.2</ele>
   </trkpt>
   <trkpt lat="46.4056700" lon="14.8979630">
    <ele>1362.2</ele>
   </trkpt>
   <trkpt lat="46.4057030" lon="14.8979580">
    <ele>1362.2</ele>
   </trkpt>
   <trkpt lat="46.4057300" lon="14.8979630">
    <ele>1362.2</ele>
   </trkpt>
   <trkpt lat="46.4057560" lon="14.8979700">
    <ele>1362.2</ele>
   </trkpt>
   <trkpt lat="46.4057850" lon="14.8979780">
    <ele>1362.2</ele>
   </trkpt>
   <trkpt lat="46.4058100" lon="14.8979880">
    <ele>1362.0</ele>
   </trkpt>
   <trkpt lat="46.4058420" lon="14.8980020">
    <ele>1361.6</ele>
   </trkpt>
   <trkpt lat="46.4058670" lon="14.8980220">
    <ele>1361.4</ele>
   </trkpt>
   <trkpt lat="46.4058900" lon="14.8980450">
    <ele>1361.0</ele>
   </trkpt>
   <trkpt lat="46.4059150" lon="14.8980750">
    <ele>1360.4</ele>
   </trkpt>
   <trkpt lat="46.4059380" lon="14.8981020">
    <ele>1359.6</ele>
   </trkpt>
   <trkpt lat="46.4059620" lon="14.8981350">
    <ele>1359.2</ele>
   </trkpt>
   <trkpt lat="46.4059820" lon="14.8981680">
    <ele>1359.2</ele>
   </trkpt>
   <trkpt lat="46.4059980" lon="14.8982030">
    <ele>1358.2</ele>
   </trkpt>
   <trkpt lat="46.4060150" lon="14.8982370">
    <ele>1357.8</ele>
   </trkpt>
   <trkpt lat="46.4060380" lon="14.8982620">
    <ele>1357.0</ele>
   </trkpt>
   <trkpt lat="46.4060670" lon="14.8982820">
    <ele>1356.2</ele>
   </trkpt>
   <trkpt lat="46.4060980" lon="14.8982820">
    <ele>1355.8</ele>
   </trkpt>
   <trkpt lat="46.4061300" lon="14.8982680">
    <ele>1355.2</ele>
   </trkpt>
   <trkpt lat="46.4061600" lon="14.8982500">
    <ele>1355.0</ele>
   </trkpt>
   <trkpt lat="46.4061850" lon="14.8982370">
    <ele>1354.6</ele>
   </trkpt>
   <trkpt lat="46.4062150" lon="14.8982180">
    <ele>1354.0</ele>
   </trkpt>
   <trkpt lat="46.4062380" lon="14.8982000">
    <ele>1353.6</ele>
   </trkpt>
   <trkpt lat="46.4062630" lon="14.8981780">
    <ele>1353.0</ele>
   </trkpt>
   <trkpt lat="46.4062850" lon="14.8981530">
    <ele>1352.8</ele>
   </trkpt>
   <trkpt lat="46.4063070" lon="14.8981320">
    <ele>1352.8</ele>
   </trkpt>
   <trkpt lat="46.4063350" lon="14.8981030">
    <ele>1352.8</ele>
   </trkpt>
   <trkpt lat="46.4063530" lon="14.8980830">
    <ele>1352.8</ele>
   </trkpt>
   <trkpt lat="46.4063780" lon="14.8980670">
    <ele>1352.4</ele>
   </trkpt>
   <trkpt lat="46.4064080" lon="14.8980530">
    <ele>1352.4</ele>
   </trkpt>
   <trkpt lat="46.4064470" lon="14.8980420">
    <ele>1352.4</ele>
   </trkpt>
   <trkpt lat="46.4064780" lon="14.8980400">
    <ele>1352.2</ele>
   </trkpt>
   <trkpt lat="46.4065080" lon="14.8980480">
    <ele>1351.8</ele>
   </trkpt>
   <trkpt lat="46.4065370" lon="14.8980550">
    <ele>1351.8</ele>
   </trkpt>
   <trkpt lat="46.4065650" lon="14.8980600">
    <ele>1351.6</ele>
   </trkpt>
   <trkpt lat="46.4065920" lon="14.8980620">
    <ele>1351.6</ele>
   </trkpt>
   <trkpt lat="46.4066220" lon="14.8980620">
    <ele>1351.6</ele>
   </trkpt>
   <trkpt lat="46.4066550" lon="14.8980630">
    <ele>1351.2</ele>
   </trkpt>
   <trkpt lat="46.4066900" lon="14.8980580">
    <ele>1351.2</ele>
   </trkpt>
   <trkpt lat="46.4067220" lon="14.8980550">
    <ele>1351.2</ele>
   </trkpt>
   <trkpt lat="46.4067480" lon="14.8980500">
    <ele>1351.4</ele>
   </trkpt>
   <trkpt lat="46.4067720" lon="14.8980420">
    <ele>1351.4</ele>
   </trkpt>
   <trkpt lat="46.4068020" lon="14.8980300">
    <ele>1351.4</ele>
   </trkpt>
   <trkpt lat="46.4068200" lon="14.8980200">
    <ele>1351.4</ele>
   </trkpt>
   <trkpt lat="46.4068480" lon="14.8980100">
    <ele>1351.4</ele>
   </trkpt>
   <trkpt lat="46.4068680" lon="14.8980120">
    <ele>1351.6</ele>
   </trkpt>
   <trkpt lat="46.4068900" lon="14.8980100">
    <ele>1351.6</ele>
   </trkpt>
   <trkpt lat="46.4069120" lon="14.8980100">
    <ele>1352.0</ele>
   </trkpt>
   <trkpt lat="46.4069330" lon="14.8980130">
    <ele>1352.0</ele>
   </trkpt>
   <trkpt lat="46.4069550" lon="14.8980200">
    <ele>1352.2</ele>
   </trkpt>
   <trkpt lat="46.4069750" lon="14.8980280">
    <ele>1352.4</ele>
   </trkpt>
   <trkpt lat="46.4069980" lon="14.8980320">
    <ele>1352.6</ele>
   </trkpt>
   <trkpt lat="46.4070250" lon="14.8980270">
    <ele>1353.2</ele>
   </trkpt>
   <trkpt lat="46.4070520" lon="14.8980280">
    <ele>1353.2</ele>
   </trkpt>
   <trkpt lat="46.4070820" lon="14.8980320">
    <ele>1353.4</ele>
   </trkpt>
   <trkpt lat="46.4071120" lon="14.8980330">
    <ele>1353.6</ele>
   </trkpt>
   <trkpt lat="46.4071330" lon="14.8980400">
    <ele>1353.8</ele>
   </trkpt>
   <trkpt lat="46.4071530" lon="14.8980430">
    <ele>1354.2</ele>
   </trkpt>
   <trkpt lat="46.4071780" lon="14.8980470">
    <ele>1354.4</ele>
   </trkpt>
   <trkpt lat="46.4072020" lon="14.8980480">
    <ele>1354.4</ele>
   </trkpt>
   <trkpt lat="46.4072230" lon="14.8980470">
    <ele>1354.8</ele>
   </trkpt>
   <trkpt lat="46.4072370" lon="14.8980470">
    <ele>1355.2</ele>
   </trkpt>
   <trkpt lat="46.4072520" lon="14.8980500">
    <ele>1355.4</ele>
   </trkpt>
   <trkpt lat="46.4072520" lon="14.8980500">
    <ele>1355.6</ele>
   </trkpt>
   <trkpt lat="46.4072870" lon="14.8980570">
    <ele>1355.6</ele>
   </trkpt>
   <trkpt lat="46.4072870" lon="14.8980570">
    <ele>1356.0</ele>
   </trkpt>
   <trkpt lat="46.4073320" lon="14.8980630">
    <ele>1356.2</ele>
   </trkpt>
   <trkpt lat="46.4073480" lon="14.8980680">
    <ele>1356.4</ele>
   </trkpt>
   <trkpt lat="46.4073750" lon="14.8980800">
    <ele>1356.4</ele>
   </trkpt>
   <trkpt lat="46.4073970" lon="14.8980870">
    <ele>1356.6</ele>
   </trkpt>
   <trkpt lat="46.4074150" lon="14.8980980">
    <ele>1357.0</ele>
   </trkpt>
   <trkpt lat="46.4074360" lon="14.8981180">
    <ele>1357.0</ele>
   </trkpt>
   <trkpt lat="46.4074530" lon="14.8981300">
    <ele>1357.2</ele>
   </trkpt>
   <trkpt lat="46.4074650" lon="14.8981370">
    <ele>1357.4</ele>
   </trkpt>
   <trkpt lat="46.4074870" lon="14.8981500">
    <ele>1357.6</ele>
   </trkpt>
   <trkpt lat="46.4075070" lon="14.8981620">
    <ele>1358.2</ele>
   </trkpt>
   <trkpt lat="46.4075350" lon="14.8981770">
    <ele>1358.4</ele>
   </trkpt>
   <trkpt lat="46.4075530" lon="14.8981870">
    <ele>1358.6</ele>
   </trkpt>
   <trkpt lat="46.4075730" lon="14.8981930">
    <ele>1358.8</ele>
   </trkpt>
   <trkpt lat="46.4075950" lon="14.8981970">
    <ele>1359.2</ele>
   </trkpt>
   <trkpt lat="46.4076150" lon="14.8982050">
    <ele>1359.8</ele>
   </trkpt>
   <trkpt lat="46.4076370" lon="14.8982170">
    <ele>1360.0</ele>
   </trkpt>
   <trkpt lat="46.4076580" lon="14.8982350">
    <ele>1360.2</ele>
   </trkpt>
   <trkpt lat="46.4076750" lon="14.8982530">
    <ele>1360.6</ele>
   </trkpt>
   <trkpt lat="46.4076930" lon="14.8982780">
    <ele>1360.6</ele>
   </trkpt>
   <trkpt lat="46.4077100" lon="14.8983020">
    <ele>1360.6</ele>
   </trkpt>
   <trkpt lat="46.4077350" lon="14.8983270">
    <ele>1360.8</ele>
   </trkpt>
   <trkpt lat="46.4077570" lon="14.8983570">
    <ele>1361.2</ele>
   </trkpt>
   <trkpt lat="46.4077700" lon="14.8983820">
    <ele>1361.2</ele>
   </trkpt>
   <trkpt lat="46.4077850" lon="14.8984200">
    <ele>1361.2</ele>
   </trkpt>
   <trkpt lat="46.4077970" lon="14.8984520">
    <ele>1361.2</ele>
   </trkpt>
   <trkpt lat="46.4078120" lon="14.8984780">
    <ele>1361.8</ele>
   </trkpt>
   <trkpt lat="46.4078220" lon="14.8985070">
    <ele>1362.0</ele>
   </trkpt>
   <trkpt lat="46.4078350" lon="14.8985380">
    <ele>1362.0</ele>
   </trkpt>
   <trkpt lat="46.4078480" lon="14.8985700">
    <ele>1362.2</ele>
   </trkpt>
   <trkpt lat="46.4078670" lon="14.8986000">
    <ele>1362.6</ele>
   </trkpt>
   <trkpt lat="46.4078830" lon="14.8986270">
    <ele>1362.6</ele>
   </trkpt>
   <trkpt lat="46.4078950" lon="14.8986530">
    <ele>1362.6</ele>
   </trkpt>
   <trkpt lat="46.4079080" lon="14.8986780">
    <ele>1362.6</ele>
   </trkpt>
   <trkpt lat="46.4079250" lon="14.8987100">
    <ele>1362.6</ele>
   </trkpt>
   <trkpt lat="46.4079400" lon="14.8987400">
    <ele>1362.8</ele>
   </trkpt>
   <trkpt lat="46.4079550" lon="14.8987700">
    <ele>1363.2</ele>
   </trkpt>
   <trkpt lat="46.4079670" lon="14.8988050">
    <ele>1363.2</ele>
   </trkpt>
   <trkpt lat="46.4079780" lon="14.8988370">
    <ele>1363.4</ele>
   </trkpt>
   <trkpt lat="46.4079920" lon="14.8988670">
    <ele>1363.6</ele>
   </trkpt>
   <trkpt lat="46.4079980" lon="14.8989000">
    <ele>1363.6</ele>
   </trkpt>
   <trkpt lat="46.4080130" lon="14.8989330">
    <ele>1363.8</ele>
   </trkpt>
   <trkpt lat="46.4080200" lon="14.8989580">
    <ele>1363.8</ele>
   </trkpt>
   <trkpt lat="46.4080280" lon="14.8989850">
    <ele>1364.0</ele>
   </trkpt>
   <trkpt lat="46.4080370" lon="14.8990120">
    <ele>1364.2</ele>
   </trkpt>
   <trkpt lat="46.4080450" lon="14.8990430">
    <ele>1364.6</ele>
   </trkpt>
   <trkpt lat="46.4080480" lon="14.8990720">
    <ele>1364.8</ele>
   </trkpt>
   <trkpt lat="46.4080550" lon="14.8991020">
    <ele>1364.8</ele>
   </trkpt>
   <trkpt lat="46.4080620" lon="14.8991350">
    <ele>1364.8</ele>
   </trkpt>
   <trkpt lat="46.4080680" lon="14.8991570">
    <ele>1365.4</ele>
   </trkpt>
   <trkpt lat="46.4080780" lon="14.8991830">
    <ele>1365.6</ele>
   </trkpt>
   <trkpt lat="46.4080850" lon="14.8992070">
    <ele>1365.6</ele>
   </trkpt>
   <trkpt lat="46.4080930" lon="14.8992320">
    <ele>1365.8</ele>
   </trkpt>
   <trkpt lat="46.4080930" lon="14.8992320">
    <ele>1366.0</ele>
   </trkpt>
   <trkpt lat="46.4081070" lon="14.8992800">
    <ele>1366.4</ele>
   </trkpt>
   <trkpt lat="46.4081070" lon="14.8992800">
    <ele>1366.6</ele>
   </trkpt>
   <trkpt lat="46.4081320" lon="14.8993300">
    <ele>1366.6</ele>
   </trkpt>
   <trkpt lat="46.4081480" lon="14.8993530">
    <ele>1367.0</ele>
   </trkpt>
   <trkpt lat="46.4081650" lon="14.8993730">
    <ele>1367.4</ele>
   </trkpt>
   <trkpt lat="46.4081780" lon="14.8993970">
    <ele>1367.8</ele>
   </trkpt>
   <trkpt lat="46.4081950" lon="14.8994230">
    <ele>1367.8</ele>
   </trkpt>
   <trkpt lat="46.4082130" lon="14.8994500">
    <ele>1368.0</ele>
   </trkpt>
   <trkpt lat="46.4082280" lon="14.8994770">
    <ele>1368.4</ele>
   </trkpt>
   <trkpt lat="46.4082400" lon="14.8995030">
    <ele>1368.6</ele>
   </trkpt>
   <trkpt lat="46.4082530" lon="14.8995280">
    <ele>1369.0</ele>
   </trkpt>
   <trkpt lat="46.4082720" lon="14.8995520">
    <ele>1369.2</ele>
   </trkpt>
   <trkpt lat="46.4082850" lon="14.8995730">
    <ele>1369.2</ele>
   </trkpt>
   <trkpt lat="46.4082980" lon="14.8996020">
    <ele>1369.6</ele>
   </trkpt>
   <trkpt lat="46.4083120" lon="14.8996350">
    <ele>1369.6</ele>
   </trkpt>
   <trkpt lat="46.4083330" lon="14.8996770">
    <ele>1369.8</ele>
   </trkpt>
   <trkpt lat="46.4083570" lon="14.8997030">
    <ele>1369.8</ele>
   </trkpt>
   <trkpt lat="46.4083730" lon="14.8997320">
    <ele>1369.8</ele>
   </trkpt>
   <trkpt lat="46.4083920" lon="14.8997600">
    <ele>1369.8</ele>
   </trkpt>
   <trkpt lat="46.4084130" lon="14.8997850">
    <ele>1370.0</ele>
   </trkpt>
   <trkpt lat="46.4084330" lon="14.8998180">
    <ele>1370.0</ele>
   </trkpt>
   <trkpt lat="46.4084580" lon="14.8998470">
    <ele>1369.8</ele>
   </trkpt>
   <trkpt lat="46.4084850" lon="14.8998700">
    <ele>1369.8</ele>
   </trkpt>
   <trkpt lat="46.4085120" lon="14.8998980">
    <ele>1369.4</ele>
   </trkpt>
   <trkpt lat="46.4085370" lon="14.8999230">
    <ele>1369.4</ele>
   </trkpt>
   <trkpt lat="46.4085630" lon="14.8999520">
    <ele>1369.2</ele>
   </trkpt>
   <trkpt lat="46.4085920" lon="14.8999800">
    <ele>1369.0</ele>
   </trkpt>
   <trkpt lat="46.4086170" lon="14.9000130">
    <ele>1368.6</ele>
   </trkpt>
   <trkpt lat="46.4086450" lon="14.9000500">
    <ele>1368.0</ele>
   </trkpt>
   <trkpt lat="46.4086720" lon="14.9000750">
    <ele>1367.8</ele>
   </trkpt>
   <trkpt lat="46.4086950" lon="14.9001050">
    <ele>1367.8</ele>
   </trkpt>
   <trkpt lat="46.4087230" lon="14.9001300">
    <ele>1367.4</ele>
   </trkpt>
   <trkpt lat="46.4087550" lon="14.9001570">
    <ele>1367.0</ele>
   </trkpt>
   <trkpt lat="46.4087900" lon="14.9001780">
    <ele>1366.4</ele>
   </trkpt>
   <trkpt lat="46.4088200" lon="14.9001950">
    <ele>1366.4</ele>
   </trkpt>
   <trkpt lat="46.4088520" lon="14.9002150">
    <ele>1366.4</ele>
   </trkpt>
   <trkpt lat="46.4088800" lon="14.9002270">
    <ele>1366.2</ele>
   </trkpt>
   <trkpt lat="46.4089070" lon="14.9002370">
    <ele>1365.6</ele>
   </trkpt>
   <trkpt lat="46.4089330" lon="14.9002420">
    <ele>1365.6</ele>
   </trkpt>
   <trkpt lat="46.4089650" lon="14.9002430">
    <ele>1365.6</ele>
   </trkpt>
   <trkpt lat="46.4089950" lon="14.9002450">
    <ele>1365.6</ele>
   </trkpt>
   <trkpt lat="46.4090200" lon="14.9002450">
    <ele>1365.8</ele>
   </trkpt>
   <trkpt lat="46.4090480" lon="14.9002500">
    <ele>1365.8</ele>
   </trkpt>
   <trkpt lat="46.4090730" lon="14.9002580">
    <ele>1365.8</ele>
   </trkpt>
   <trkpt lat="46.4091020" lon="14.9002620">
    <ele>1365.4</ele>
   </trkpt>
   <trkpt lat="46.4091270" lon="14.9002680">
    <ele>1365.4</ele>
   </trkpt>
   <trkpt lat="46.4091550" lon="14.9002650">
    <ele>1365.4</ele>
   </trkpt>
   <trkpt lat="46.4091880" lon="14.9002680">
    <ele>1365.4</ele>
   </trkpt>
   <trkpt lat="46.4092250" lon="14.9002630">
    <ele>1365.4</ele>
   </trkpt>
   <trkpt lat="46.4092620" lon="14.9002620">
    <ele>1365.4</ele>
   </trkpt>
   <trkpt lat="46.4092970" lon="14.9002550">
    <ele>1365.4</ele>
   </trkpt>
   <trkpt lat="46.4093250" lon="14.9002520">
    <ele>1365.4</ele>
   </trkpt>
   <trkpt lat="46.4093520" lon="14.9002450">
    <ele>1365.4</ele>
   </trkpt>
   <trkpt lat="46.4093780" lon="14.9002400">
    <ele>1365.2</ele>
   </trkpt>
   <trkpt lat="46.4094070" lon="14.9002420">
    <ele>1365.0</ele>
   </trkpt>
   <trkpt lat="46.4094320" lon="14.9002450">
    <ele>1365.0</ele>
   </trkpt>
   <trkpt lat="46.4094630" lon="14.9002470">
    <ele>1365.0</ele>
   </trkpt>
   <trkpt lat="46.4094930" lon="14.9002420">
    <ele>1365.2</ele>
   </trkpt>
   <trkpt lat="46.4095230" lon="14.9002370">
    <ele>1365.2</ele>
   </trkpt>
   <trkpt lat="46.4095520" lon="14.9002330">
    <ele>1365.2</ele>
   </trkpt>
   <trkpt lat="46.4095850" lon="14.9002250">
    <ele>1365.2</ele>
   </trkpt>
   <trkpt lat="46.4096180" lon="14.9002170">
    <ele>1365.0</ele>
   </trkpt>
   <trkpt lat="46.4096500" lon="14.9002070">
    <ele>1364.6</ele>
   </trkpt>
   <trkpt lat="46.4096830" lon="14.9001950">
    <ele>1364.6</ele>
   </trkpt>
   <trkpt lat="46.4097100" lon="14.9001900">
    <ele>1364.6</ele>
   </trkpt>
   <trkpt lat="46.4097350" lon="14.9001820">
    <ele>1364.6</ele>
   </trkpt>
   <trkpt lat="46.4097670" lon="14.9001670">
    <ele>1364.6</ele>
   </trkpt>
   <trkpt lat="46.4098030" lon="14.9001580">
    <ele>1364.2</ele>
   </trkpt>
   <trkpt lat="46.4098380" lon="14.9001420">
    <ele>1364.0</ele>
   </trkpt>
   <trkpt lat="46.4098630" lon="14.9001270">
    <ele>1363.8</ele>
   </trkpt>
   <trkpt lat="46.4098870" lon="14.9001100">
    <ele>1363.8</ele>
   </trkpt>
   <trkpt lat="46.4099250" lon="14.9000900">
    <ele>1363.6</ele>
   </trkpt>
   <trkpt lat="46.4099630" lon="14.9000680">
    <ele>1363.2</ele>
   </trkpt>
   <trkpt lat="46.4099900" lon="14.9000530">
    <ele>1363.0</ele>
   </trkpt>
   <trkpt lat="46.4100170" lon="14.9000350">
    <ele>1363.0</ele>
   </trkpt>
   <trkpt lat="46.4100420" lon="14.9000170">
    <ele>1362.8</ele>
   </trkpt>
   <trkpt lat="46.4100770" lon="14.8999920">
    <ele>1362.4</ele>
   </trkpt>
   <trkpt lat="46.4101170" lon="14.8999630">
    <ele>1362.0</ele>
   </trkpt>
   <trkpt lat="46.4101550" lon="14.8999350">
    <ele>1361.8</ele>
   </trkpt>
   <trkpt lat="46.4101870" lon="14.8999080">
    <ele>1361.8</ele>
   </trkpt>
   <trkpt lat="46.4102220" lon="14.8998850">
    <ele>1361.6</ele>
   </trkpt>
   <trkpt lat="46.4102450" lon="14.8998700">
    <ele>1360.8</ele>
   </trkpt>
   <trkpt lat="46.4102770" lon="14.8998480">
    <ele>1360.0</ele>
   </trkpt>
   <trkpt lat="46.4103070" lon="14.8998300">
    <ele>1359.8</ele>
   </trkpt>
   <trkpt lat="46.4103420" lon="14.8998120">
    <ele>1359.4</ele>
   </trkpt>
   <trkpt lat="46.4103780" lon="14.8997930">
    <ele>1359.4</ele>
   </trkpt>
   <trkpt lat="46.4104150" lon="14.8997800">
    <ele>1359.0</ele>
   </trkpt>
   <trkpt lat="46.4104480" lon="14.8997670">
    <ele>1358.4</ele>
   </trkpt>
   <trkpt lat="46.4104770" lon="14.8997520">
    <ele>1358.2</ele>
   </trkpt>
   <trkpt lat="46.4105120" lon="14.8997370">
    <ele>1358.2</ele>
   </trkpt>
   <trkpt lat="46.4105430" lon="14.8997220">
    <ele>1358.0</ele>
   </trkpt>
   <trkpt lat="46.4105750" lon="14.8997100">
    <ele>1357.8</ele>
   </trkpt>
   <trkpt lat="46.4106030" lon="14.8997020">
    <ele>1357.2</ele>
   </trkpt>
   <trkpt lat="46.4106370" lon="14.8996930">
    <ele>1357.2</ele>
   </trkpt>
   <trkpt lat="46.4106750" lon="14.8996780">
    <ele>1357.0</ele>
   </trkpt>
   <trkpt lat="46.4107100" lon="14.8996600">
    <ele>1357.0</ele>
   </trkpt>
   <trkpt lat="46.4107400" lon="14.8996400">
    <ele>1356.8</ele>
   </trkpt>
   <trkpt lat="46.4107670" lon="14.8996270">
    <ele>1356.4</ele>
   </trkpt>
   <trkpt lat="46.4107950" lon="14.8996070">
    <ele>1356.4</ele>
   </trkpt>
   <trkpt lat="46.4108220" lon="14.8995880">
    <ele>1356.2</ele>
   </trkpt>
   <trkpt lat="46.4108470" lon="14.8995730">
    <ele>1356.2</ele>
   </trkpt>
   <trkpt lat="46.4108770" lon="14.8995520">
    <ele>1356.0</ele>
   </trkpt>
   <trkpt lat="46.4109060" lon="14.8995270">
    <ele>1355.6</ele>
   </trkpt>
   <trkpt lat="46.4109320" lon="14.8995120">
    <ele>1355.4</ele>
   </trkpt>
   <trkpt lat="46.4109570" lon="14.8994970">
    <ele>1355.4</ele>
   </trkpt>
   <trkpt lat="46.4109800" lon="14.8994880">
    <ele>1355.2</ele>
   </trkpt>
   <trkpt lat="46.4110070" lon="14.8994850">
    <ele>1355.0</ele>
   </trkpt>
   <trkpt lat="46.4110370" lon="14.8994870">
    <ele>1354.6</ele>
   </trkpt>
   <trkpt lat="46.4110670" lon="14.8994800">
    <ele>1354.4</ele>
   </trkpt>
   <trkpt lat="46.4110970" lon="14.8994680">
    <ele>1354.0</ele>
   </trkpt>
   <trkpt lat="46.4111280" lon="14.8994570">
    <ele>1354.0</ele>
   </trkpt>
   <trkpt lat="46.4111630" lon="14.8994450">
    <ele>1353.8</ele>
   </trkpt>
   <trkpt lat="46.4111980" lon="14.8994370">
    <ele>1353.4</ele>
   </trkpt>
   <trkpt lat="46.4112280" lon="14.8994320">
    <ele>1353.0</ele>
   </trkpt>
   <trkpt lat="46.4112600" lon="14.8994280">
    <ele>1352.6</ele>
   </trkpt>
   <trkpt lat="46.4112920" lon="14.8994300">
    <ele>1352.4</ele>
   </trkpt>
   <trkpt lat="46.4113280" lon="14.8994370">
    <ele>1352.4</ele>
   </trkpt>
   <trkpt lat="46.4113650" lon="14.8994450">
    <ele>1352.4</ele>
   </trkpt>
   <trkpt lat="46.4114020" lon="14.8994480">
    <ele>1352.4</ele>
   </trkpt>
   <trkpt lat="46.4114350" lon="14.8994500">
    <ele>1352.0</ele>
   </trkpt>
   <trkpt lat="46.4114700" lon="14.8994500">
    <ele>1351.8</ele>
   </trkpt>
   <trkpt lat="46.4115000" lon="14.8994550">
    <ele>1351.6</ele>
   </trkpt>
   <trkpt lat="46.4115300" lon="14.8994680">
    <ele>1351.6</ele>
   </trkpt>
   <trkpt lat="46.4115630" lon="14.8994800">
    <ele>1351.6</ele>
   </trkpt>
   <trkpt lat="46.4115950" lon="14.8994920">
    <ele>1351.8</ele>
   </trkpt>
   <trkpt lat="46.4116270" lon="14.8995020">
    <ele>1351.8</ele>
   </trkpt>
   <trkpt lat="46.4116550" lon="14.8995170">
    <ele>1351.8</ele>
   </trkpt>
   <trkpt lat="46.4116870" lon="14.8995320">
    <ele>1351.6</ele>
   </trkpt>
   <trkpt lat="46.4117130" lon="14.8995470">
    <ele>1351.4</ele>
   </trkpt>
   <trkpt lat="46.4117400" lon="14.8995600">
    <ele>1351.4</ele>
   </trkpt>
   <trkpt lat="46.4117680" lon="14.8995730">
    <ele>1351.4</ele>
   </trkpt>
   <trkpt lat="46.4117970" lon="14.8995900">
    <ele>1351.6</ele>
   </trkpt>
   <trkpt lat="46.4118250" lon="14.8996020">
    <ele>1351.6</ele>
   </trkpt>
   <trkpt lat="46.4118500" lon="14.8996150">
    <ele>1351.8</ele>
   </trkpt>
   <trkpt lat="46.4118770" lon="14.8996280">
    <ele>1351.8</ele>
   </trkpt>
   <trkpt lat="46.4119050" lon="14.8996370">
    <ele>1352.0</ele>
   </trkpt>
   <trkpt lat="46.4119320" lon="14.8996430">
    <ele>1352.0</ele>
   </trkpt>
   <trkpt lat="46.4119600" lon="14.8996480">
    <ele>1352.0</ele>
   </trkpt>
   <trkpt lat="46.4119850" lon="14.8996520">
    <ele>1352.0</ele>
   </trkpt>
   <trkpt lat="46.4120130" lon="14.8996530">
    <ele>1352.2</ele>
   </trkpt>
   <trkpt lat="46.4120400" lon="14.8996550">
    <ele>1352.2</ele>
   </trkpt>
   <trkpt lat="46.4120680" lon="14.8996570">
    <ele>1352.2</ele>
   </trkpt>
   <trkpt lat="46.4120900" lon="14.8996620">
    <ele>1352.4</ele>
   </trkpt>
   <trkpt lat="46.4121130" lon="14.8996730">
    <ele>1352.6</ele>
   </trkpt>
   <trkpt lat="46.4121330" lon="14.8996850">
    <ele>1353.0</ele>
   </trkpt>
   <trkpt lat="46.4121570" lon="14.8997030">
    <ele>1353.0</ele>
   </trkpt>
   <trkpt lat="46.4121780" lon="14.8997200">
    <ele>1353.2</ele>
   </trkpt>
   <trkpt lat="46.4121970" lon="14.8997350">
    <ele>1353.2</ele>
   </trkpt>
   <trkpt lat="46.4122200" lon="14.8997480">
    <ele>1353.2</ele>
   </trkpt>
   <trkpt lat="46.4122400" lon="14.8997600">
    <ele>1353.2</ele>
   </trkpt>
   <trkpt lat="46.4122630" lon="14.8997720">
    <ele>1353.8</ele>
   </trkpt>
   <trkpt lat="46.4122880" lon="14.8997750">
    <ele>1354.0</ele>
   </trkpt>
   <trkpt lat="46.4123120" lon="14.8997820">
    <ele>1354.2</ele>
   </trkpt>
   <trkpt lat="46.4123330" lon="14.8997850">
    <ele>1354.4</ele>
   </trkpt>
   <trkpt lat="46.4123550" lon="14.8997900">
    <ele>1354.4</ele>
   </trkpt>
   <trkpt lat="46.4123770" lon="14.8997900">
    <ele>1355.2</ele>
   </trkpt>
   <trkpt lat="46.4123970" lon="14.8997870">
    <ele>1355.2</ele>
   </trkpt>
   <trkpt lat="46.4124150" lon="14.8997880">
    <ele>1355.2</ele>
   </trkpt>
   <trkpt lat="46.4124330" lon="14.8997930">
    <ele>1355.4</ele>
   </trkpt>
   <trkpt lat="46.4124530" lon="14.8997980">
    <ele>1356.0</ele>
   </trkpt>
   <trkpt lat="46.4124720" lon="14.8998070">
    <ele>1356.4</ele>
   </trkpt>
   <trkpt lat="46.4124980" lon="14.8998150">
    <ele>1356.4</ele>
   </trkpt>
   <trkpt lat="46.4125150" lon="14.8998200">
    <ele>1356.6</ele>
   </trkpt>
   <trkpt lat="46.4125150" lon="14.8998200">
    <ele>1357.0</ele>
   </trkpt>
   <trkpt lat="46.4125400" lon="14.8998270">
    <ele>1357.2</ele>
   </trkpt>
   <trkpt lat="46.4125610" lon="14.8998230">
    <ele>1357.4</ele>
   </trkpt>
   <trkpt lat="46.4125830" lon="14.8998170">
    <ele>1357.8</ele>
   </trkpt>
   <trkpt lat="46.4126020" lon="14.8998170">
    <ele>1358.0</ele>
   </trkpt>
   <trkpt lat="46.4126200" lon="14.8998230">
    <ele>1358.2</ele>
   </trkpt>
   <trkpt lat="46.4126370" lon="14.8998350">
    <ele>1358.2</ele>
   </trkpt>
   <trkpt lat="46.4126530" lon="14.8998430">
    <ele>1358.6</ele>
   </trkpt>
   <trkpt lat="46.4126730" lon="14.8998420">
    <ele>1359.0</ele>
   </trkpt>
   <trkpt lat="46.4126920" lon="14.8998470">
    <ele>1359.4</ele>
   </trkpt>
   <trkpt lat="46.4127100" lon="14.8998520">
    <ele>1359.8</ele>
   </trkpt>
   <trkpt lat="46.4127280" lon="14.8998530">
    <ele>1360.0</ele>
   </trkpt>
   <trkpt lat="46.4127470" lon="14.8998550">
    <ele>1360.4</ele>
   </trkpt>
   <trkpt lat="46.4127470" lon="14.8998550">
    <ele>1360.8</ele>
   </trkpt>
   <trkpt lat="46.4127780" lon="14.8998570">
    <ele>1361.0</ele>
   </trkpt>
   <trkpt lat="46.4127780" lon="14.8998570">
    <ele>1361.4</ele>
   </trkpt>
   <trkpt lat="46.4128130" lon="14.8998670">
    <ele>1361.6</ele>
   </trkpt>
   <trkpt lat="46.4128130" lon="14.8998670">
    <ele>1362.0</ele>
   </trkpt>
   <trkpt lat="46.4128470" lon="14.8998720">
    <ele>1362.2</ele>
   </trkpt>
   <trkpt lat="46.4128470" lon="14.8998720">
    <ele>1362.4</ele>
   </trkpt>
   <trkpt lat="46.4128770" lon="14.8998720">
    <ele>1363.0</ele>
   </trkpt>
   <trkpt lat="46.4128770" lon="14.8998720">
    <ele>1363.2</ele>
   </trkpt>
   <trkpt lat="46.4129070" lon="14.8998730">
    <ele>1363.4</ele>
   </trkpt>
   <trkpt lat="46.4129070" lon="14.8998730">
    <ele>1363.8</ele>
   </trkpt>
   <trkpt lat="46.4129350" lon="14.8998720">
    <ele>1364.2</ele>
   </trkpt>
   <trkpt lat="46.4129350" lon="14.8998720">
    <ele>1364.4</ele>
   </trkpt>
   <trkpt lat="46.4129670" lon="14.8998730">
    <ele>1364.6</ele>
   </trkpt>
   <trkpt lat="46.4129670" lon="14.8998730">
    <ele>1365.0</ele>
   </trkpt>
   <trkpt lat="46.4129950" lon="14.8998770">
    <ele>1365.4</ele>
   </trkpt>
   <trkpt lat="46.4129950" lon="14.8998770">
    <ele>1365.6</ele>
   </trkpt>
   <trkpt lat="46.4130250" lon="14.8998820">
    <ele>1365.8</ele>
   </trkpt>
   <trkpt lat="46.4130250" lon="14.8998820">
    <ele>1366.0</ele>
   </trkpt>
   <trkpt lat="46.4130620" lon="14.8998830">
    <ele>1366.4</ele>
   </trkpt>
   <trkpt lat="46.4130620" lon="14.8998830">
    <ele>1366.6</ele>
   </trkpt>
   <trkpt lat="46.4130920" lon="14.8998880">
    <ele>1367.0</ele>
   </trkpt>
   <trkpt lat="46.4130920" lon="14.8998880">
    <ele>1367.4</ele>
   </trkpt>
   <trkpt lat="46.4131170" lon="14.8998930">
    <ele>1367.6</ele>
   </trkpt>
   <trkpt lat="46.4131170" lon="14.8998930">
    <ele>1367.8</ele>
   </trkpt>
   <trkpt lat="46.4131470" lon="14.8998830">
    <ele>1368.2</ele>
   </trkpt>
   <trkpt lat="46.4131470" lon="14.8998830">
    <ele>1368.6</ele>
   </trkpt>
   <trkpt lat="46.4131730" lon="14.8998730">
    <ele>1368.8</ele>
   </trkpt>
   <trkpt lat="46.4131730" lon="14.8998730">
    <ele>1369.0</ele>
   </trkpt>
   <trkpt lat="46.4131980" lon="14.8998780">
    <ele>1369.6</ele>
   </trkpt>
   <trkpt lat="46.4131980" lon="14.8998780">
    <ele>1370.0</ele>
   </trkpt>
   <trkpt lat="46.4132320" lon="14.8998980">
    <ele>1370.2</ele>
   </trkpt>
   <trkpt lat="46.4132320" lon="14.8998980">
    <ele>1370.2</ele>
   </trkpt>
   <trkpt lat="46.4132580" lon="14.8999370">
    <ele>1370.6</ele>
   </trkpt>
   <trkpt lat="46.4132720" lon="14.8999570">
    <ele>1371.0</ele>
   </trkpt>
   <trkpt lat="46.4132870" lon="14.8999750">
    <ele>1371.0</ele>
   </trkpt>
   <trkpt lat="46.4133030" lon="14.8999930">
    <ele>1371.4</ele>
   </trkpt>
   <trkpt lat="46.4133220" lon="14.9000150">
    <ele>1371.4</ele>
   </trkpt>
   <trkpt lat="46.4133380" lon="14.9000250">
    <ele>1372.0</ele>
   </trkpt>
   <trkpt lat="46.4133600" lon="14.9000380">
    <ele>1372.0</ele>
   </trkpt>
   <trkpt lat="46.4133820" lon="14.9000470">
    <ele>1372.4</ele>
   </trkpt>
   <trkpt lat="46.4133980" lon="14.9000720">
    <ele>1372.4</ele>
   </trkpt>
   <trkpt lat="46.4134150" lon="14.9000970">
    <ele>1373.2</ele>
   </trkpt>
   <trkpt lat="46.4134300" lon="14.9001180">
    <ele>1373.6</ele>
   </trkpt>
   <trkpt lat="46.4134430" lon="14.9001600">
    <ele>1373.6</ele>
   </trkpt>
   <trkpt lat="46.4134500" lon="14.9001950">
    <ele>1373.8</ele>
   </trkpt>
   <trkpt lat="46.4134570" lon="14.9002350">
    <ele>1374.2</ele>
   </trkpt>
   <trkpt lat="46.4134620" lon="14.9002780">
    <ele>1374.2</ele>
   </trkpt>
   <trkpt lat="46.4134700" lon="14.9003200">
    <ele>1374.4</ele>
   </trkpt>
   <trkpt lat="46.4134770" lon="14.9003650">
    <ele>1374.4</ele>
   </trkpt>
   <trkpt lat="46.4134830" lon="14.9004130">
    <ele>1374.4</ele>
   </trkpt>
   <trkpt lat="46.4134900" lon="14.9004580">
    <ele>1374.4</ele>
   </trkpt>
   <trkpt lat="46.4135020" lon="14.9004980">
    <ele>1374.2</ele>
   </trkpt>
   <trkpt lat="46.4135100" lon="14.9005370">
    <ele>1374.2</ele>
   </trkpt>
   <trkpt lat="46.4135200" lon="14.9005750">
    <ele>1374.2</ele>
   </trkpt>
   <trkpt lat="46.4135320" lon="14.9006170">
    <ele>1374.2</ele>
   </trkpt>
   <trkpt lat="46.4135430" lon="14.9006580">
    <ele>1374.2</ele>
   </trkpt>
   <trkpt lat="46.4135520" lon="14.9007020">
    <ele>1374.4</ele>
   </trkpt>
   <trkpt lat="46.4135600" lon="14.9007430">
    <ele>1374.2</ele>
   </trkpt>
   <trkpt lat="46.4135680" lon="14.9007830">
    <ele>1374.2</ele>
   </trkpt>
   <trkpt lat="46.4135770" lon="14.9008270">
    <ele>1374.2</ele>
   </trkpt>
   <trkpt lat="46.4135830" lon="14.9008650">
    <ele>1374.2</ele>
   </trkpt>
   <trkpt lat="46.4135930" lon="14.9009030">
    <ele>1374.2</ele>
   </trkpt>
   <trkpt lat="46.4136030" lon="14.9009380">
    <ele>1374.2</ele>
   </trkpt>
   <trkpt lat="46.4136150" lon="14.9009770">
    <ele>1374.4</ele>
   </trkpt>
   <trkpt lat="46.4136270" lon="14.9010150">
    <ele>1374.4</ele>
   </trkpt>
   <trkpt lat="46.4136360" lon="14.9010550">
    <ele>1374.4</ele>
   </trkpt>
   <trkpt lat="46.4136470" lon="14.9010950">
    <ele>1374.2</ele>
   </trkpt>
   <trkpt lat="46.4136530" lon="14.9011350">
    <ele>1374.2</ele>
   </trkpt>
   <trkpt lat="46.4136630" lon="14.9011770">
    <ele>1374.2</ele>
   </trkpt>
   <trkpt lat="46.4136700" lon="14.9012170">
    <ele>1374.2</ele>
   </trkpt>
   <trkpt lat="46.4136780" lon="14.9012570">
    <ele>1374.2</ele>
   </trkpt>
   <trkpt lat="46.4136870" lon="14.9012980">
    <ele>1374.2</ele>
   </trkpt>
   <trkpt lat="46.4136980" lon="14.9013370">
    <ele>1374.2</ele>
   </trkpt>
   <trkpt lat="46.4137050" lon="14.9013800">
    <ele>1374.2</ele>
   </trkpt>
   <trkpt lat="46.4137120" lon="14.9014200">
    <ele>1374.2</ele>
   </trkpt>
   <trkpt lat="46.4137180" lon="14.9014620">
    <ele>1374.2</ele>
   </trkpt>
   <trkpt lat="46.4137250" lon="14.9015000">
    <ele>1374.2</ele>
   </trkpt>
   <trkpt lat="46.4137320" lon="14.9015420">
    <ele>1374.2</ele>
   </trkpt>
   <trkpt lat="46.4137380" lon="14.9015850">
    <ele>1374.2</ele>
   </trkpt>
   <trkpt lat="46.4137430" lon="14.9016220">
    <ele>1374.4</ele>
   </trkpt>
   <trkpt lat="46.4137420" lon="14.9016580">
    <ele>1374.4</ele>
   </trkpt>
   <trkpt lat="46.4137380" lon="14.9016950">
    <ele>1374.4</ele>
   </trkpt>
   <trkpt lat="46.4137430" lon="14.9017300">
    <ele>1374.6</ele>
   </trkpt>
   <trkpt lat="46.4137450" lon="14.9017680">
    <ele>1374.6</ele>
   </trkpt>
   <trkpt lat="46.4137450" lon="14.9018070">
    <ele>1375.0</ele>
   </trkpt>
   <trkpt lat="46.4137470" lon="14.9018470">
    <ele>1375.0</ele>
   </trkpt>
   <trkpt lat="46.4137500" lon="14.9018830">
    <ele>1375.2</ele>
   </trkpt>
   <trkpt lat="46.4137550" lon="14.9019220">
    <ele>1375.2</ele>
   </trkpt>
   <trkpt lat="46.4137580" lon="14.9019520">
    <ele>1375.2</ele>
   </trkpt>
   <trkpt lat="46.4137600" lon="14.9019880">
    <ele>1375.6</ele>
   </trkpt>
   <trkpt lat="46.4137650" lon="14.9020270">
    <ele>1375.8</ele>
   </trkpt>
   <trkpt lat="46.4137700" lon="14.9020570">
    <ele>1376.0</ele>
   </trkpt>
   <trkpt lat="46.4137770" lon="14.9020930">
    <ele>1376.0</ele>
   </trkpt>
   <trkpt lat="46.4137820" lon="14.9021330">
    <ele>1376.0</ele>
   </trkpt>
   <trkpt lat="46.4137820" lon="14.9021750">
    <ele>1376.2</ele>
   </trkpt>
   <trkpt lat="46.4137870" lon="14.9022130">
    <ele>1376.4</ele>
   </trkpt>
   <trkpt lat="46.4137970" lon="14.9022550">
    <ele>1376.4</ele>
   </trkpt>
   <trkpt lat="46.4138080" lon="14.9022970">
    <ele>1376.4</ele>
   </trkpt>
   <trkpt lat="46.4138170" lon="14.9023350">
    <ele>1376.4</ele>
   </trkpt>
   <trkpt lat="46.4138250" lon="14.9023730">
    <ele>1376.6</ele>
   </trkpt>
   <trkpt lat="46.4138330" lon="14.9024120">
    <ele>1376.6</ele>
   </trkpt>
   <trkpt lat="46.4138430" lon="14.9024520">
    <ele>1376.6</ele>
   </trkpt>
   <trkpt lat="46.4138520" lon="14.9024930">
    <ele>1376.8</ele>
   </trkpt>
   <trkpt lat="46.4138620" lon="14.9025320">
    <ele>1376.8</ele>
   </trkpt>
   <trkpt lat="46.4138730" lon="14.9025720">
    <ele>1376.8</ele>
   </trkpt>
   <trkpt lat="46.4138780" lon="14.9026180">
    <ele>1377.0</ele>
   </trkpt>
   <trkpt lat="46.4138870" lon="14.9026580">
    <ele>1377.2</ele>
   </trkpt>
   <trkpt lat="46.4138950" lon="14.9026930">
    <ele>1377.4</ele>
   </trkpt>
   <trkpt lat="46.4139050" lon="14.9027250">
    <ele>1377.4</ele>
   </trkpt>
   <trkpt lat="46.4139150" lon="14.9027650">
    <ele>1377.4</ele>
   </trkpt>
   <trkpt lat="46.4139280" lon="14.9028000">
    <ele>1377.6</ele>
   </trkpt>
   <trkpt lat="46.4139430" lon="14.9028370">
    <ele>1377.6</ele>
   </trkpt>
   <trkpt lat="46.4139620" lon="14.9028720">
    <ele>1377.6</ele>
   </trkpt>
   <trkpt lat="46.4139780" lon="14.9029080">
    <ele>1377.8</ele>
   </trkpt>
   <trkpt lat="46.4139950" lon="14.9029500">
    <ele>1377.8</ele>
   </trkpt>
   <trkpt lat="46.4140080" lon="14.9029870">
    <ele>1377.6</ele>
   </trkpt>
   <trkpt lat="46.4140270" lon="14.9030250">
    <ele>1377.6</ele>
   </trkpt>
   <trkpt lat="46.4140420" lon="14.9030630">
    <ele>1377.4</ele>
   </trkpt>
   <trkpt lat="46.4140570" lon="14.9031000">
    <ele>1377.4</ele>
   </trkpt>
   <trkpt lat="46.4140720" lon="14.9031380">
    <ele>1377.4</ele>
   </trkpt>
   <trkpt lat="46.4140830" lon="14.9031720">
    <ele>1377.4</ele>
   </trkpt>
   <trkpt lat="46.4140980" lon="14.9031980">
    <ele>1377.4</ele>
   </trkpt>
   <trkpt lat="46.4141200" lon="14.9032230">
    <ele>1377.4</ele>
   </trkpt>
   <trkpt lat="46.4141430" lon="14.9032480">
    <ele>1377.4</ele>
   </trkpt>
   <trkpt lat="46.4141700" lon="14.9032730">
    <ele>1377.4</ele>
   </trkpt>
   <trkpt lat="46.4141960" lon="14.9032970">
    <ele>1377.4</ele>
   </trkpt>
   <trkpt lat="46.4142250" lon="14.9033220">
    <ele>1377.4</ele>
   </trkpt>
   <trkpt lat="46.4142550" lon="14.9033450">
    <ele>1377.4</ele>
   </trkpt>
   <trkpt lat="46.4142820" lon="14.9033700">
    <ele>1377.4</ele>
   </trkpt>
   <trkpt lat="46.4143070" lon="14.9033870">
    <ele>1377.4</ele>
   </trkpt>
   <trkpt lat="46.4143400" lon="14.9034000">
    <ele>1377.2</ele>
   </trkpt>
   <trkpt lat="46.4143720" lon="14.9034080">
    <ele>1377.0</ele>
   </trkpt>
   <trkpt lat="46.4144000" lon="14.9034150">
    <ele>1377.0</ele>
   </trkpt>
   <trkpt lat="46.4144280" lon="14.9034200">
    <ele>1377.0</ele>
   </trkpt>
   <trkpt lat="46.4144580" lon="14.9034250">
    <ele>1376.6</ele>
   </trkpt>
   <trkpt lat="46.4144860" lon="14.9034300">
    <ele>1376.6</ele>
   </trkpt>
   <trkpt lat="46.4145150" lon="14.9034320">
    <ele>1376.6</ele>
   </trkpt>
   <trkpt lat="46.4145500" lon="14.9034450">
    <ele>1377.0</ele>
   </trkpt>
   <trkpt lat="46.4145820" lon="14.9034430">
    <ele>1377.2</ele>
   </trkpt>
   <trkpt lat="46.4146120" lon="14.9034530">
    <ele>1377.2</ele>
   </trkpt>
   <trkpt lat="46.4146380" lon="14.9034600">
    <ele>1377.4</ele>
   </trkpt>
   <trkpt lat="46.4146650" lon="14.9034620">
    <ele>1377.4</ele>
   </trkpt>
   <trkpt lat="46.4146880" lon="14.9034620">
    <ele>1377.6</ele>
   </trkpt>
   <trkpt lat="46.4147170" lon="14.9034670">
    <ele>1377.8</ele>
   </trkpt>
   <trkpt lat="46.4147420" lon="14.9034680">
    <ele>1377.8</ele>
   </trkpt>
   <trkpt lat="46.4147670" lon="14.9034650">
    <ele>1378.0</ele>
   </trkpt>
   <trkpt lat="46.4147970" lon="14.9034620">
    <ele>1378.2</ele>
   </trkpt>
   <trkpt lat="46.4148220" lon="14.9034620">
    <ele>1378.6</ele>
   </trkpt>
   <trkpt lat="46.4148500" lon="14.9034580">
    <ele>1379.0</ele>
   </trkpt>
   <trkpt lat="46.4148750" lon="14.9034470">
    <ele>1379.0</ele>
   </trkpt>
   <trkpt lat="46.4148980" lon="14.9034380">
    <ele>1379.2</ele>
   </trkpt>
   <trkpt lat="46.4149220" lon="14.9034330">
    <ele>1379.2</ele>
   </trkpt>
   <trkpt lat="46.4149480" lon="14.9034200">
    <ele>1379.4</ele>
   </trkpt>
   <trkpt lat="46.4149770" lon="14.9034020">
    <ele>1379.8</ele>
   </trkpt>
   <trkpt lat="46.4149970" lon="14.9033920">
    <ele>1380.0</ele>
   </trkpt>
   <trkpt lat="46.4150180" lon="14.9033800">
    <ele>1380.0</ele>
   </trkpt>
   <trkpt lat="46.4150400" lon="14.9033620">
    <ele>1380.2</ele>
   </trkpt>
   <trkpt lat="46.4150680" lon="14.9033480">
    <ele>1380.2</ele>
   </trkpt>
   <trkpt lat="46.4150950" lon="14.9033370">
    <ele>1380.4</ele>
   </trkpt>
   <trkpt lat="46.4151150" lon="14.9033320">
    <ele>1380.6</ele>
   </trkpt>
   <trkpt lat="46.4151420" lon="14.9033200">
    <ele>1380.8</ele>
   </trkpt>
   <trkpt lat="46.4151680" lon="14.9033100">
    <ele>1381.0</ele>
   </trkpt>
   <trkpt lat="46.4151980" lon="14.9033020">
    <ele>1381.4</ele>
   </trkpt>
   <trkpt lat="46.4152280" lon="14.9033000">
    <ele>1381.4</ele>
   </trkpt>
   <trkpt lat="46.4152570" lon="14.9033030">
    <ele>1381.6</ele>
   </trkpt>
   <trkpt lat="46.4152820" lon="14.9033050">
    <ele>1381.6</ele>
   </trkpt>
   <trkpt lat="46.4153080" lon="14.9033100">
    <ele>1382.4</ele>
   </trkpt>
   <trkpt lat="46.4153400" lon="14.9033170">
    <ele>1382.4</ele>
   </trkpt>
   <trkpt lat="46.4153620" lon="14.9033230">
    <ele>1382.4</ele>
   </trkpt>
   <trkpt lat="46.4153850" lon="14.9033370">
    <ele>1382.6</ele>
   </trkpt>
   <trkpt lat="46.4154080" lon="14.9033530">
    <ele>1383.0</ele>
   </trkpt>
   <trkpt lat="46.4154270" lon="14.9033800">
    <ele>1383.2</ele>
   </trkpt>
   <trkpt lat="46.4154470" lon="14.9034030">
    <ele>1383.2</ele>
   </trkpt>
   <trkpt lat="46.4154650" lon="14.9034230">
    <ele>1383.2</ele>
   </trkpt>
   <trkpt lat="46.4154830" lon="14.9034500">
    <ele>1383.2</ele>
   </trkpt>
   <trkpt lat="46.4154950" lon="14.9034770">
    <ele>1383.6</ele>
   </trkpt>
   <trkpt lat="46.4155100" lon="14.9035080">
    <ele>1383.8</ele>
   </trkpt>
   <trkpt lat="46.4155220" lon="14.9035430">
    <ele>1383.8</ele>
   </trkpt>
   <trkpt lat="46.4155320" lon="14.9035750">
    <ele>1384.0</ele>
   </trkpt>
   <trkpt lat="46.4155400" lon="14.9036050">
    <ele>1384.2</ele>
   </trkpt>
   <trkpt lat="46.4155470" lon="14.9036380">
    <ele>1384.6</ele>
   </trkpt>
   <trkpt lat="46.4155530" lon="14.9036600">
    <ele>1385.2</ele>
   </trkpt>
   <trkpt lat="46.4155570" lon="14.9036870">
    <ele>1385.2</ele>
   </trkpt>
   <trkpt lat="46.4155580" lon="14.9037130">
    <ele>1385.4</ele>
   </trkpt>
   <trkpt lat="46.4155630" lon="14.9037420">
    <ele>1385.6</ele>
   </trkpt>
   <trkpt lat="46.4155670" lon="14.9037720">
    <ele>1386.2</ele>
   </trkpt>
   <trkpt lat="46.4155720" lon="14.9038050">
    <ele>1386.8</ele>
   </trkpt>
   <trkpt lat="46.4155780" lon="14.9038480">
    <ele>1386.8</ele>
   </trkpt>
   <trkpt lat="46.4155850" lon="14.9038800">
    <ele>1387.0</ele>
   </trkpt>
   <trkpt lat="46.4155950" lon="14.9039150">
    <ele>1387.2</ele>
   </trkpt>
   <trkpt lat="46.4156100" lon="14.9039520">
    <ele>1387.2</ele>
   </trkpt>
   <trkpt lat="46.4156300" lon="14.9039900">
    <ele>1387.2</ele>
   </trkpt>
   <trkpt lat="46.4156500" lon="14.9040250">
    <ele>1387.4</ele>
   </trkpt>
   <trkpt lat="46.4156670" lon="14.9040570">
    <ele>1387.4</ele>
   </trkpt>
   <trkpt lat="46.4156800" lon="14.9040920">
    <ele>1387.4</ele>
   </trkpt>
   <trkpt lat="46.4156950" lon="14.9041220">
    <ele>1387.2</ele>
   </trkpt>
   <trkpt lat="46.4157070" lon="14.9041470">
    <ele>1387.2</ele>
   </trkpt>
   <trkpt lat="46.4157150" lon="14.9041750">
    <ele>1387.2</ele>
   </trkpt>
   <trkpt lat="46.4157270" lon="14.9042050">
    <ele>1387.6</ele>
   </trkpt>
   <trkpt lat="46.4157350" lon="14.9042330">
    <ele>1387.6</ele>
   </trkpt>
   <trkpt lat="46.4157370" lon="14.9042700">
    <ele>1387.8</ele>
   </trkpt>
   <trkpt lat="46.4157410" lon="14.9043000">
    <ele>1388.0</ele>
   </trkpt>
   <trkpt lat="46.4157470" lon="14.9043330">
    <ele>1388.4</ele>
   </trkpt>
   <trkpt lat="46.4157520" lon="14.9043630">
    <ele>1388.6</ele>
   </trkpt>
   <trkpt lat="46.4157630" lon="14.9043970">
    <ele>1388.8</ele>
   </trkpt>
   <trkpt lat="46.4157800" lon="14.9044250">
    <ele>1389.0</ele>
   </trkpt>
   <trkpt lat="46.4157950" lon="14.9044530">
    <ele>1389.4</ele>
   </trkpt>
   <trkpt lat="46.4158150" lon="14.9044820">
    <ele>1389.4</ele>
   </trkpt>
   <trkpt lat="46.4158330" lon="14.9045100">
    <ele>1389.6</ele>
   </trkpt>
   <trkpt lat="46.4158520" lon="14.9045370">
    <ele>1389.8</ele>
   </trkpt>
   <trkpt lat="46.4158700" lon="14.9045630">
    <ele>1390.0</ele>
   </trkpt>
   <trkpt lat="46.4158870" lon="14.9045850">
    <ele>1390.2</ele>
   </trkpt>
   <trkpt lat="46.4159050" lon="14.9046050">
    <ele>1390.4</ele>
   </trkpt>
   <trkpt lat="46.4159280" lon="14.9046270">
    <ele>1390.4</ele>
   </trkpt>
   <trkpt lat="46.4159470" lon="14.9046470">
    <ele>1390.6</ele>
   </trkpt>
   <trkpt lat="46.4159670" lon="14.9046750">
    <ele>1390.8</ele>
   </trkpt>
   <trkpt lat="46.4159850" lon="14.9046950">
    <ele>1390.8</ele>
   </trkpt>
   <trkpt lat="46.4160000" lon="14.9047170">
    <ele>1391.0</ele>
   </trkpt>
   <trkpt lat="46.4160150" lon="14.9047370">
    <ele>1391.0</ele>
   </trkpt>
   <trkpt lat="46.4160320" lon="14.9047550">
    <ele>1391.2</ele>
   </trkpt>
   <trkpt lat="46.4160500" lon="14.9047800">
    <ele>1391.2</ele>
   </trkpt>
   <trkpt lat="46.4160680" lon="14.9047970">
    <ele>1391.2</ele>
   </trkpt>
   <trkpt lat="46.4160850" lon="14.9048170">
    <ele>1391.6</ele>
   </trkpt>
   <trkpt lat="46.4161030" lon="14.9048320">
    <ele>1391.8</ele>
   </trkpt>
   <trkpt lat="46.4161270" lon="14.9048500">
    <ele>1391.8</ele>
   </trkpt>
   <trkpt lat="46.4161480" lon="14.9048780">
    <ele>1391.8</ele>
   </trkpt>
   <trkpt lat="46.4161660" lon="14.9049000">
    <ele>1392.4</ele>
   </trkpt>
   <trkpt lat="46.4161850" lon="14.9049180">
    <ele>1392.4</ele>
   </trkpt>
   <trkpt lat="46.4162050" lon="14.9049330">
    <ele>1392.6</ele>
   </trkpt>
   <trkpt lat="46.4162200" lon="14.9049480">
    <ele>1392.8</ele>
   </trkpt>
   <trkpt lat="46.4162420" lon="14.9049630">
    <ele>1393.2</ele>
   </trkpt>
   <trkpt lat="46.4162600" lon="14.9049800">
    <ele>1393.2</ele>
   </trkpt>
   <trkpt lat="46.4162870" lon="14.9049950">
    <ele>1393.4</ele>
   </trkpt>
   <trkpt lat="46.4163080" lon="14.9050120">
    <ele>1393.6</ele>
   </trkpt>
   <trkpt lat="46.4163250" lon="14.9050280">
    <ele>1394.2</ele>
   </trkpt>
   <trkpt lat="46.4163450" lon="14.9050430">
    <ele>1394.6</ele>
   </trkpt>
   <trkpt lat="46.4163700" lon="14.9050570">
    <ele>1394.8</ele>
   </trkpt>
   <trkpt lat="46.4163970" lon="14.9050680">
    <ele>1395.0</ele>
   </trkpt>
   <trkpt lat="46.4164220" lon="14.9050820">
    <ele>1395.2</ele>
   </trkpt>
   <trkpt lat="46.4164420" lon="14.9050930">
    <ele>1395.8</ele>
   </trkpt>
   <trkpt lat="46.4164600" lon="14.9051120">
    <ele>1396.2</ele>
   </trkpt>
   <trkpt lat="46.4164750" lon="14.9051330">
    <ele>1396.2</ele>
   </trkpt>
   <trkpt lat="46.4164920" lon="14.9051570">
    <ele>1396.2</ele>
   </trkpt>
   <trkpt lat="46.4165050" lon="14.9051800">
    <ele>1396.6</ele>
   </trkpt>
   <trkpt lat="46.4165200" lon="14.9052030">
    <ele>1396.8</ele>
   </trkpt>
   <trkpt lat="46.4165370" lon="14.9052280">
    <ele>1397.0</ele>
   </trkpt>
   <trkpt lat="46.4165600" lon="14.9052620">
    <ele>1397.0</ele>
   </trkpt>
   <trkpt lat="46.4165830" lon="14.9052850">
    <ele>1397.0</ele>
   </trkpt>
   <trkpt lat="46.4166080" lon="14.9053080">
    <ele>1397.0</ele>
   </trkpt>
   <trkpt lat="46.4166270" lon="14.9053320">
    <ele>1397.2</ele>
   </trkpt>
   <trkpt lat="46.4166500" lon="14.9053470">
    <ele>1397.2</ele>
   </trkpt>
   <trkpt lat="46.4166730" lon="14.9053720">
    <ele>1397.2</ele>
   </trkpt>
   <trkpt lat="46.4166980" lon="14.9053980">
    <ele>1397.4</ele>
   </trkpt>
   <trkpt lat="46.4167200" lon="14.9054150">
    <ele>1397.6</ele>
   </trkpt>
   <trkpt lat="46.4167400" lon="14.9054320">
    <ele>1397.6</ele>
   </trkpt>
   <trkpt lat="46.4167580" lon="14.9054580">
    <ele>1397.6</ele>
   </trkpt>
   <trkpt lat="46.4167750" lon="14.9054700">
    <ele>1397.8</ele>
   </trkpt>
   <trkpt lat="46.4167980" lon="14.9054850">
    <ele>1397.8</ele>
   </trkpt>
   <trkpt lat="46.4168220" lon="14.9054970">
    <ele>1398.0</ele>
   </trkpt>
   <trkpt lat="46.4168430" lon="14.9055100">
    <ele>1398.2</ele>
   </trkpt>
   <trkpt lat="46.4168650" lon="14.9055250">
    <ele>1398.6</ele>
   </trkpt>
   <trkpt lat="46.4168880" lon="14.9055380">
    <ele>1399.0</ele>
   </trkpt>
   <trkpt lat="46.4169150" lon="14.9055500">
    <ele>1399.2</ele>
   </trkpt>
   <trkpt lat="46.4169370" lon="14.9055650">
    <ele>1399.4</ele>
   </trkpt>
   <trkpt lat="46.4169570" lon="14.9055770">
    <ele>1399.4</ele>
   </trkpt>
   <trkpt lat="46.4169730" lon="14.9055930">
    <ele>1399.4</ele>
   </trkpt>
   <trkpt lat="46.4169920" lon="14.9056070">
    <ele>1399.8</ele>
   </trkpt>
   <trkpt lat="46.4170080" lon="14.9056220">
    <ele>1400.4</ele>
   </trkpt>
   <trkpt lat="46.4170270" lon="14.9056420">
    <ele>1400.4</ele>
   </trkpt>
   <trkpt lat="46.4170470" lon="14.9056600">
    <ele>1400.6</ele>
   </trkpt>
   <trkpt lat="46.4170680" lon="14.9056720">
    <ele>1401.0</ele>
   </trkpt>
   <trkpt lat="46.4170920" lon="14.9056850">
    <ele>1401.2</ele>
   </trkpt>
   <trkpt lat="46.4171100" lon="14.9057020">
    <ele>1401.4</ele>
   </trkpt>
   <trkpt lat="46.4171280" lon="14.9057180">
    <ele>1401.4</ele>
   </trkpt>
   <trkpt lat="46.4171480" lon="14.9057280">
    <ele>1401.8</ele>
   </trkpt>
   <trkpt lat="46.4171680" lon="14.9057380">
    <ele>1402.2</ele>
   </trkpt>
   <trkpt lat="46.4171870" lon="14.9057500">
    <ele>1402.2</ele>
   </trkpt>
   <trkpt lat="46.4172080" lon="14.9057630">
    <ele>1402.4</ele>
   </trkpt>
   <trkpt lat="46.4172280" lon="14.9057800">
    <ele>1402.6</ele>
   </trkpt>
   <trkpt lat="46.4172480" lon="14.9057920">
    <ele>1403.0</ele>
   </trkpt>
   <trkpt lat="46.4172700" lon="14.9058000">
    <ele>1403.2</ele>
   </trkpt>
   <trkpt lat="46.4172920" lon="14.9058050">
    <ele>1403.2</ele>
   </trkpt>
   <trkpt lat="46.4173100" lon="14.9058120">
    <ele>1403.6</ele>
   </trkpt>
   <trkpt lat="46.4173370" lon="14.9058220">
    <ele>1404.0</ele>
   </trkpt>
   <trkpt lat="46.4173650" lon="14.9058230">
    <ele>1404.0</ele>
   </trkpt>
   <trkpt lat="46.4173930" lon="14.9058220">
    <ele>1404.4</ele>
   </trkpt>
   <trkpt lat="46.4174180" lon="14.9058300">
    <ele>1404.4</ele>
   </trkpt>
   <trkpt lat="46.4174420" lon="14.9058400">
    <ele>1405.2</ele>
   </trkpt>
   <trkpt lat="46.4174650" lon="14.9058480">
    <ele>1405.2</ele>
   </trkpt>
   <trkpt lat="46.4174870" lon="14.9058500">
    <ele>1405.4</ele>
   </trkpt>
   <trkpt lat="46.4175050" lon="14.9058520">
    <ele>1406.0</ele>
   </trkpt>
   <trkpt lat="46.4175250" lon="14.9058470">
    <ele>1406.0</ele>
   </trkpt>
   <trkpt lat="46.4175450" lon="14.9058320">
    <ele>1406.2</ele>
   </trkpt>
   <trkpt lat="46.4175600" lon="14.9058150">
    <ele>1406.4</ele>
   </trkpt>
   <trkpt lat="46.4175600" lon="14.9058150">
    <ele>1406.4</ele>
   </trkpt>
   <trkpt lat="46.4175760" lon="14.9057970">
    <ele>1406.6</ele>
   </trkpt>
   <trkpt lat="46.4175760" lon="14.9057970">
    <ele>1406.6</ele>
   </trkpt>
   <trkpt lat="46.4175740" lon="14.9057680">
    <ele>1406.8</ele>
   </trkpt>
   <trkpt lat="46.4175740" lon="14.9057680">
    <ele>1407.0</ele>
   </trkpt>
   <trkpt lat="46.4175740" lon="14.9057680">
    <ele>1407.4</ele>
   </trkpt>
   <trkpt lat="46.4175700" lon="14.9057250">
    <ele>1407.8</ele>
   </trkpt>
   <trkpt lat="46.4175700" lon="14.9057250">
    <ele>1408.2</ele>
   </trkpt>
   <trkpt lat="46.4175630" lon="14.9056880">
    <ele>1408.4</ele>
   </trkpt>
   <trkpt lat="46.4175630" lon="14.9056880">
    <ele>1408.6</ele>
   </trkpt>
   <trkpt lat="46.4175580" lon="14.9056550">
    <ele>1408.8</ele>
   </trkpt>
   <trkpt lat="46.4175580" lon="14.9056550">
    <ele>1409.2</ele>
   </trkpt>
   <trkpt lat="46.4175520" lon="14.9056200">
    <ele>1409.6</ele>
   </trkpt>
   <trkpt lat="46.4175520" lon="14.9056200">
    <ele>1409.8</ele>
   </trkpt>
   <trkpt lat="46.4175430" lon="14.9055780">
    <ele>1410.2</ele>
   </trkpt>
   <trkpt lat="46.4175430" lon="14.9055780">
    <ele>1410.6</ele>
   </trkpt>
   <trkpt lat="46.4175350" lon="14.9055400">
    <ele>1410.8</ele>
   </trkpt>
   <trkpt lat="46.4175350" lon="14.9055400">
    <ele>1411.2</ele>
   </trkpt>
   <trkpt lat="46.4175300" lon="14.9055020">
    <ele>1411.6</ele>
   </trkpt>
   <trkpt lat="46.4175300" lon="14.9055020">
    <ele>1411.8</ele>
   </trkpt>
   <trkpt lat="46.4175250" lon="14.9054670">
    <ele>1412.2</ele>
   </trkpt>
   <trkpt lat="46.4175250" lon="14.9054670">
    <ele>1412.6</ele>
   </trkpt>
   <trkpt lat="46.4175200" lon="14.9054430">
    <ele>1412.8</ele>
   </trkpt>
   <trkpt lat="46.4175200" lon="14.9054430">
    <ele>1413.2</ele>
   </trkpt>
   <trkpt lat="46.4175200" lon="14.9054430">
    <ele>1413.4</ele>
   </trkpt>
   <trkpt lat="46.4175230" lon="14.9054130">
    <ele>1413.8</ele>
   </trkpt>
   <trkpt lat="46.4175230" lon="14.9054130">
    <ele>1414.0</ele>
   </trkpt>
   <trkpt lat="46.4175230" lon="14.9054130">
    <ele>1414.4</ele>
   </trkpt>
   <trkpt lat="46.4175250" lon="14.9053850">
    <ele>1414.8</ele>
   </trkpt>
   <trkpt lat="46.4175250" lon="14.9053850">
    <ele>1415.0</ele>
   </trkpt>
   <trkpt lat="46.4175250" lon="14.9053850">
    <ele>1415.4</ele>
   </trkpt>
   <trkpt lat="46.4175250" lon="14.9053850">
    <ele>1415.6</ele>
   </trkpt>
   <trkpt lat="46.4175180" lon="14.9053600">
    <ele>1416.0</ele>
   </trkpt>
   <trkpt lat="46.4175180" lon="14.9053600">
    <ele>1416.4</ele>
   </trkpt>
   <trkpt lat="46.4175180" lon="14.9053600">
    <ele>1416.6</ele>
   </trkpt>
   <trkpt lat="46.4175180" lon="14.9053600">
    <ele>1417.0</ele>
   </trkpt>
   <trkpt lat="46.4175080" lon="14.9053270">
    <ele>1417.2</ele>
   </trkpt>
   <trkpt lat="46.4175080" lon="14.9053270">
    <ele>1417.6</ele>
   </trkpt>
   <trkpt lat="46.4175080" lon="14.9053270">
    <ele>1417.8</ele>
   </trkpt>
   <trkpt lat="46.4174870" lon="14.9053030">
    <ele>1418.2</ele>
   </trkpt>
   <trkpt lat="46.4174870" lon="14.9053030">
    <ele>1418.6</ele>
   </trkpt>
   <trkpt lat="46.4174870" lon="14.9053030">
    <ele>1419.0</ele>
   </trkpt>
   <trkpt lat="46.4174720" lon="14.9052700">
    <ele>1419.2</ele>
   </trkpt>
   <trkpt lat="46.4174720" lon="14.9052700">
    <ele>1419.6</ele>
   </trkpt>
   <trkpt lat="46.4174620" lon="14.9052320">
    <ele>1420.0</ele>
   </trkpt>
   <trkpt lat="46.4174620" lon="14.9052320">
    <ele>1420.0</ele>
   </trkpt>
   <trkpt lat="46.4174450" lon="14.9051980">
    <ele>1420.2</ele>
   </trkpt>
   <trkpt lat="46.4174450" lon="14.9051980">
    <ele>1420.4</ele>
   </trkpt>
   <trkpt lat="46.4174370" lon="14.9051700">
    <ele>1420.6</ele>
   </trkpt>
   <trkpt lat="46.4174370" lon="14.9051700">
    <ele>1420.8</ele>
   </trkpt>
   <trkpt lat="46.4174320" lon="14.9051430">
    <ele>1421.0</ele>
   </trkpt>
   <trkpt lat="46.4174320" lon="14.9051430">
    <ele>1421.2</ele>
   </trkpt>
   <trkpt lat="46.4174250" lon="14.9051150">
    <ele>1421.4</ele>
   </trkpt>
   <trkpt lat="46.4174250" lon="14.9051150">
    <ele>1421.6</ele>
   </trkpt>
   <trkpt lat="46.4174170" lon="14.9050880">
    <ele>1421.8</ele>
   </trkpt>
   <trkpt lat="46.4174170" lon="14.9050880">
    <ele>1422.2</ele>
   </trkpt>
   <trkpt lat="46.4174070" lon="14.9050580">
    <ele>1422.4</ele>
   </trkpt>
   <trkpt lat="46.4174070" lon="14.9050580">
    <ele>1423.0</ele>
   </trkpt>
   <trkpt lat="46.4174030" lon="14.9050350">
    <ele>1423.2</ele>
   </trkpt>
   <trkpt lat="46.4174030" lon="14.9050350">
    <ele>1423.6</ele>
   </trkpt>
   <trkpt lat="46.4174030" lon="14.9050350">
    <ele>1424.0</ele>
   </trkpt>
   <trkpt lat="46.4173950" lon="14.9050030">
    <ele>1424.4</ele>
   </trkpt>
   <trkpt lat="46.4173950" lon="14.9050030">
    <ele>1424.6</ele>
   </trkpt>
   <trkpt lat="46.4173950" lon="14.9050030">
    <ele>1424.8</ele>
   </trkpt>
   <trkpt lat="46.4173930" lon="14.9049700">
    <ele>1425.0</ele>
   </trkpt>
   <trkpt lat="46.4173930" lon="14.9049700">
    <ele>1425.2</ele>
   </trkpt>
   <trkpt lat="46.4173930" lon="14.9049700">
    <ele>1425.6</ele>
   </trkpt>
   <trkpt lat="46.4173930" lon="14.9049430">
    <ele>1425.8</ele>
   </trkpt>
   <trkpt lat="46.4173930" lon="14.9049430">
    <ele>1426.2</ele>
   </trkpt>
   <trkpt lat="46.4173930" lon="14.9049430">
    <ele>1426.4</ele>
   </trkpt>
   <trkpt lat="46.4173800" lon="14.9049070">
    <ele>1426.6</ele>
   </trkpt>
   <trkpt lat="46.4173800" lon="14.9049070">
    <ele>1426.8</ele>
   </trkpt>
   <trkpt lat="46.4173800" lon="14.9049070">
    <ele>1426.8</ele>
   </trkpt>
   <trkpt lat="46.4173680" lon="14.9048800">
    <ele>1427.0</ele>
   </trkpt>
   <trkpt lat="46.4173680" lon="14.9048800">
    <ele>1427.4</ele>
   </trkpt>
   <trkpt lat="46.4173680" lon="14.9048800">
    <ele>1427.6</ele>
   </trkpt>
   <trkpt lat="46.4173620" lon="14.9048500">
    <ele>1428.0</ele>
   </trkpt>
   <trkpt lat="46.4173620" lon="14.9048500">
    <ele>1428.2</ele>
   </trkpt>
   <trkpt lat="46.4173620" lon="14.9048500">
    <ele>1428.6</ele>
   </trkpt>
   <trkpt lat="46.4173550" lon="14.9048280">
    <ele>1429.0</ele>
   </trkpt>
   <trkpt lat="46.4173550" lon="14.9048280">
    <ele>1429.2</ele>
   </trkpt>
   <trkpt lat="46.4173550" lon="14.9048280">
    <ele>1429.6</ele>
   </trkpt>
   <trkpt lat="46.4173500" lon="14.9047870">
    <ele>1430.0</ele>
   </trkpt>
   <trkpt lat="46.4173500" lon="14.9047870">
    <ele>1430.2</ele>
   </trkpt>
   <trkpt lat="46.4173430" lon="14.9047650">
    <ele>1430.6</ele>
   </trkpt>
   <trkpt lat="46.4173430" lon="14.9047650">
    <ele>1430.8</ele>
   </trkpt>
   <trkpt lat="46.4173430" lon="14.9047650">
    <ele>1431.2</ele>
   </trkpt>
   <trkpt lat="46.4173330" lon="14.9047280">
    <ele>1431.4</ele>
   </trkpt>
   <trkpt lat="46.4173330" lon="14.9047280">
    <ele>1431.6</ele>
   </trkpt>
   <trkpt lat="46.4173280" lon="14.9046930">
    <ele>1431.8</ele>
   </trkpt>
   <trkpt lat="46.4173280" lon="14.9046930">
    <ele>1432.2</ele>
   </trkpt>
   <trkpt lat="46.4173150" lon="14.9046780">
    <ele>1432.2</ele>
   </trkpt>
   <trkpt lat="46.4173150" lon="14.9046780">
    <ele>1432.6</ele>
   </trkpt>
   <trkpt lat="46.4173080" lon="14.9046400">
    <ele>1433.0</ele>
   </trkpt>
   <trkpt lat="46.4173080" lon="14.9046400">
    <ele>1433.4</ele>
   </trkpt>
   <trkpt lat="46.4172970" lon="14.9046120">
    <ele>1433.6</ele>
   </trkpt>
   <trkpt lat="46.4172970" lon="14.9046120">
    <ele>1433.8</ele>
   </trkpt>
   <trkpt lat="46.4172800" lon="14.9045720">
    <ele>1434.0</ele>
   </trkpt>
   <trkpt lat="46.4172800" lon="14.9045720">
    <ele>1434.2</ele>
   </trkpt>
   <trkpt lat="46.4172750" lon="14.9045250">
    <ele>1434.4</ele>
   </trkpt>
   <trkpt lat="46.4172750" lon="14.9045250">
    <ele>1434.6</ele>
   </trkpt>
   <trkpt lat="46.4172670" lon="14.9044950">
    <ele>1434.8</ele>
   </trkpt>
   <trkpt lat="46.4172670" lon="14.9044950">
    <ele>1435.0</ele>
   </trkpt>
   <trkpt lat="46.4172580" lon="14.9044650">
    <ele>1435.2</ele>
   </trkpt>
   <trkpt lat="46.4172580" lon="14.9044650">
    <ele>1435.4</ele>
   </trkpt>
   <trkpt lat="46.4172580" lon="14.9044350">
    <ele>1435.8</ele>
   </trkpt>
   <trkpt lat="46.4172580" lon="14.9044350">
    <ele>1436.0</ele>
   </trkpt>
   <trkpt lat="46.4172670" lon="14.9044100">
    <ele>1436.2</ele>
   </trkpt>
   <trkpt lat="46.4172670" lon="14.9044100">
    <ele>1436.4</ele>
   </trkpt>
   <trkpt lat="46.4172670" lon="14.9044100">
    <ele>1436.6</ele>
   </trkpt>
   <trkpt lat="46.4172780" lon="14.9043820">
    <ele>1436.8</ele>
   </trkpt>
   <trkpt lat="46.4172780" lon="14.9043820">
    <ele>1437.0</ele>
   </trkpt>
   <trkpt lat="46.4172780" lon="14.9043820">
    <ele>1437.2</ele>
   </trkpt>
   <trkpt lat="46.4172830" lon="14.9043520">
    <ele>1437.4</ele>
   </trkpt>
   <trkpt lat="46.4172830" lon="14.9043520">
    <ele>1437.8</ele>
   </trkpt>
   <trkpt lat="46.4172830" lon="14.9043520">
    <ele>1438.0</ele>
   </trkpt>
   <trkpt lat="46.4172900" lon="14.9043300">
    <ele>1438.2</ele>
   </trkpt>
   <trkpt lat="46.4172900" lon="14.9043300">
    <ele>1438.4</ele>
   </trkpt>
   <trkpt lat="46.4172900" lon="14.9043300">
    <ele>1439.2</ele>
   </trkpt>
   <trkpt lat="46.4172970" lon="14.9042950">
    <ele>1439.2</ele>
   </trkpt>
   <trkpt lat="46.4172970" lon="14.9042950">
    <ele>1439.8</ele>
   </trkpt>
   <trkpt lat="46.4172970" lon="14.9042950">
    <ele>1439.8</ele>
   </trkpt>
   <trkpt lat="46.4173150" lon="14.9042650">
    <ele>1440.2</ele>
   </trkpt>
   <trkpt lat="46.4173150" lon="14.9042650">
    <ele>1440.6</ele>
   </trkpt>
   <trkpt lat="46.4173150" lon="14.9042650">
    <ele>1441.0</ele>
   </trkpt>
   <trkpt lat="46.4173130" lon="14.9042420">
    <ele>1441.4</ele>
   </trkpt>
   <trkpt lat="46.4173130" lon="14.9042420">
    <ele>1441.6</ele>
   </trkpt>
   <trkpt lat="46.4173130" lon="14.9042420">
    <ele>1441.8</ele>
   </trkpt>
   <trkpt lat="46.4173250" lon="14.9042120">
    <ele>1442.2</ele>
   </trkpt>
   <trkpt lat="46.4173250" lon="14.9042120">
    <ele>1442.6</ele>
   </trkpt>
   <trkpt lat="46.4173250" lon="14.9042120">
    <ele>1442.8</ele>
   </trkpt>
   <trkpt lat="46.4173220" lon="14.9041880">
    <ele>1443.2</ele>
   </trkpt>
   <trkpt lat="46.4173220" lon="14.9041880">
    <ele>1443.6</ele>
   </trkpt>
   <trkpt lat="46.4173220" lon="14.9041880">
    <ele>1443.8</ele>
   </trkpt>
   <trkpt lat="46.4173220" lon="14.9041880">
    <ele>1444.0</ele>
   </trkpt>
   <trkpt lat="46.4173220" lon="14.9041520">
    <ele>1444.0</ele>
   </trkpt>
   <trkpt lat="46.4173220" lon="14.9041520">
    <ele>1444.4</ele>
   </trkpt>
   <trkpt lat="46.4173220" lon="14.9041520">
    <ele>1444.6</ele>
   </trkpt>
   <trkpt lat="46.4173280" lon="14.9041270">
    <ele>1445.2</ele>
   </trkpt>
   <trkpt lat="46.4173280" lon="14.9041270">
    <ele>1445.6</ele>
   </trkpt>
   <trkpt lat="46.4173280" lon="14.9041270">
    <ele>1445.8</ele>
   </trkpt>
   <trkpt lat="46.4173350" lon="14.9040970">
    <ele>1446.0</ele>
   </trkpt>
   <trkpt lat="46.4173350" lon="14.9040970">
    <ele>1446.4</ele>
   </trkpt>
   <trkpt lat="46.4173350" lon="14.9040970">
    <ele>1446.6</ele>
   </trkpt>
   <trkpt lat="46.4173400" lon="14.9040770">
    <ele>1447.0</ele>
   </trkpt>
   <trkpt lat="46.4173400" lon="14.9040770">
    <ele>1447.2</ele>
   </trkpt>
   <trkpt lat="46.4173400" lon="14.9040770">
    <ele>1447.4</ele>
   </trkpt>
   <trkpt lat="46.4173400" lon="14.9040770">
    <ele>1447.6</ele>
   </trkpt>
   <trkpt lat="46.4173330" lon="14.9040480">
    <ele>1448.0</ele>
   </trkpt>
   <trkpt lat="46.4173330" lon="14.9040480">
    <ele>1448.2</ele>
   </trkpt>
   <trkpt lat="46.4173330" lon="14.9040480">
    <ele>1448.4</ele>
   </trkpt>
   <trkpt lat="46.4173330" lon="14.9040480">
    <ele>1448.6</ele>
   </trkpt>
   <trkpt lat="46.4173380" lon="14.9040100">
    <ele>1448.8</ele>
   </trkpt>
   <trkpt lat="46.4173380" lon="14.9040100">
    <ele>1449.0</ele>
   </trkpt>
   <trkpt lat="46.4173380" lon="14.9040100">
    <ele>1449.4</ele>
   </trkpt>
   <trkpt lat="46.4173380" lon="14.9039720">
    <ele>1449.6</ele>
   </trkpt>
   <trkpt lat="46.4173380" lon="14.9039720">
    <ele>1450.0</ele>
   </trkpt>
   <trkpt lat="46.4173380" lon="14.9039720">
    <ele>1450.2</ele>
   </trkpt>
   <trkpt lat="46.4173300" lon="14.9039520">
    <ele>1450.6</ele>
   </trkpt>
   <trkpt lat="46.4173300" lon="14.9039520">
    <ele>1451.0</ele>
   </trkpt>
   <trkpt lat="46.4173300" lon="14.9039520">
    <ele>1451.4</ele>
   </trkpt>
   <trkpt lat="46.4173300" lon="14.9039520">
    <ele>1451.6</ele>
   </trkpt>
   <trkpt lat="46.4173480" lon="14.9039080">
    <ele>1452.0</ele>
   </trkpt>
   <trkpt lat="46.4173480" lon="14.9039080">
    <ele>1452.0</ele>
   </trkpt>
   <trkpt lat="46.4173480" lon="14.9039080">
    <ele>1452.2</ele>
   </trkpt>
   <trkpt lat="46.4173500" lon="14.9038720">
    <ele>1452.4</ele>
   </trkpt>
   <trkpt lat="46.4173500" lon="14.9038720">
    <ele>1452.8</ele>
   </trkpt>
   <trkpt lat="46.4173620" lon="14.9038380">
    <ele>1453.0</ele>
   </trkpt>
   <trkpt lat="46.4173620" lon="14.9038380">
    <ele>1453.4</ele>
   </trkpt>
   <trkpt lat="46.4173670" lon="14.9038080">
    <ele>1453.6</ele>
   </trkpt>
   <trkpt lat="46.4173670" lon="14.9038080">
    <ele>1453.8</ele>
   </trkpt>
   <trkpt lat="46.4173750" lon="14.9037830">
    <ele>1453.8</ele>
   </trkpt>
   <trkpt lat="46.4173750" lon="14.9037830">
    <ele>1453.8</ele>
   </trkpt>
   <trkpt lat="46.4173820" lon="14.9037570">
    <ele>1453.8</ele>
   </trkpt>
   <trkpt lat="46.4173820" lon="14.9037570">
    <ele>1454.0</ele>
   </trkpt>
   <trkpt lat="46.4173820" lon="14.9037570">
    <ele>1454.2</ele>
   </trkpt>
   <trkpt lat="46.4173950" lon="14.9037330">
    <ele>1454.2</ele>
   </trkpt>
   <trkpt lat="46.4173950" lon="14.9037330">
    <ele>1454.6</ele>
   </trkpt>
   <trkpt lat="46.4173950" lon="14.9037330">
    <ele>1454.8</ele>
   </trkpt>
   <trkpt lat="46.4174030" lon="14.9036970">
    <ele>1455.6</ele>
   </trkpt>
   <trkpt lat="46.4174030" lon="14.9036970">
    <ele>1455.6</ele>
   </trkpt>
   <trkpt lat="46.4174030" lon="14.9036970">
    <ele>1456.0</ele>
   </trkpt>
   <trkpt lat="46.4174100" lon="14.9036870">
    <ele>1456.0</ele>
   </trkpt>
   <trkpt lat="46.4174100" lon="14.9036870">
    <ele>1456.4</ele>
   </trkpt>
   <trkpt lat="46.4174100" lon="14.9036870">
    <ele>1456.8</ele>
   </trkpt>
   <trkpt lat="46.4174100" lon="14.9036870">
    <ele>1457.0</ele>
   </trkpt>
   <trkpt lat="46.4174100" lon="14.9036870">
    <ele>1457.8</ele>
   </trkpt>
   <trkpt lat="46.4174030" lon="14.9036450">
    <ele>1458.0</ele>
   </trkpt>
   <trkpt lat="46.4174030" lon="14.9036450">
    <ele>1458.2</ele>
   </trkpt>
   <trkpt lat="46.4174030" lon="14.9036450">
    <ele>1458.4</ele>
   </trkpt>
   <trkpt lat="46.4173980" lon="14.9036200">
    <ele>1458.6</ele>
   </trkpt>
   <trkpt lat="46.4173980" lon="14.9036200">
    <ele>1458.8</ele>
   </trkpt>
   <trkpt lat="46.4173980" lon="14.9036200">
    <ele>1459.2</ele>
   </trkpt>
   <trkpt lat="46.4174050" lon="14.9035870">
    <ele>1459.4</ele>
   </trkpt>
   <trkpt lat="46.4174050" lon="14.9035870">
    <ele>1459.6</ele>
   </trkpt>
   <trkpt lat="46.4174050" lon="14.9035870">
    <ele>1459.8</ele>
   </trkpt>
   <trkpt lat="46.4174150" lon="14.9035630">
    <ele>1460.2</ele>
   </trkpt>
   <trkpt lat="46.4174150" lon="14.9035630">
    <ele>1460.4</ele>
   </trkpt>
   <trkpt lat="46.4174150" lon="14.9035630">
    <ele>1460.8</ele>
   </trkpt>
   <trkpt lat="46.4174150" lon="14.9035630">
    <ele>1461.0</ele>
   </trkpt>
   <trkpt lat="46.4174170" lon="14.9035320">
    <ele>1461.4</ele>
   </trkpt>
   <trkpt lat="46.4174170" lon="14.9035320">
    <ele>1461.6</ele>
   </trkpt>
   <trkpt lat="46.4174170" lon="14.9035320">
    <ele>1462.0</ele>
   </trkpt>
   <trkpt lat="46.4174270" lon="14.9034920">
    <ele>1462.2</ele>
   </trkpt>
   <trkpt lat="46.4174270" lon="14.9034920">
    <ele>1462.4</ele>
   </trkpt>
   <trkpt lat="46.4174300" lon="14.9034680">
    <ele>1462.8</ele>
   </trkpt>
   <trkpt lat="46.4174300" lon="14.9034680">
    <ele>1463.0</ele>
   </trkpt>
   <trkpt lat="46.4174300" lon="14.9034420">
    <ele>1463.4</ele>
   </trkpt>
   <trkpt lat="46.4174300" lon="14.9034420">
    <ele>1463.6</ele>
   </trkpt>
   <trkpt lat="46.4174220" lon="14.9034080">
    <ele>1464.0</ele>
   </trkpt>
   <trkpt lat="46.4174220" lon="14.9034080">
    <ele>1464.2</ele>
   </trkpt>
   <trkpt lat="46.4174130" lon="14.9033770">
    <ele>1464.4</ele>
   </trkpt>
   <trkpt lat="46.4174130" lon="14.9033770">
    <ele>1464.4</ele>
   </trkpt>
   <trkpt lat="46.4173980" lon="14.9033550">
    <ele>1464.8</ele>
   </trkpt>
   <trkpt lat="46.4173980" lon="14.9033550">
    <ele>1465.0</ele>
   </trkpt>
   <trkpt lat="46.4173870" lon="14.9033280">
    <ele>1465.2</ele>
   </trkpt>
   <trkpt lat="46.4173870" lon="14.9033280">
    <ele>1465.6</ele>
   </trkpt>
   <trkpt lat="46.4173870" lon="14.9033000">
    <ele>1465.8</ele>
   </trkpt>
   <trkpt lat="46.4173870" lon="14.9033000">
    <ele>1466.0</ele>
   </trkpt>
   <trkpt lat="46.4173880" lon="14.9032680">
    <ele>1466.4</ele>
   </trkpt>
   <trkpt lat="46.4173880" lon="14.9032680">
    <ele>1466.8</ele>
   </trkpt>
   <trkpt lat="46.4173780" lon="14.9032420">
    <ele>1467.0</ele>
   </trkpt>
   <trkpt lat="46.4173780" lon="14.9032420">
    <ele>1467.2</ele>
   </trkpt>
   <trkpt lat="46.4173700" lon="14.9032130">
    <ele>1467.6</ele>
   </trkpt>
   <trkpt lat="46.4173700" lon="14.9032130">
    <ele>1467.8</ele>
   </trkpt>
   <trkpt lat="46.4173570" lon="14.9031830">
    <ele>1468.0</ele>
   </trkpt>
   <trkpt lat="46.4173570" lon="14.9031830">
    <ele>1468.4</ele>
   </trkpt>
   <trkpt lat="46.4173420" lon="14.9031520">
    <ele>1468.6</ele>
   </trkpt>
   <trkpt lat="46.4173420" lon="14.9031520">
    <ele>1468.8</ele>
   </trkpt>
   <trkpt lat="46.4173200" lon="14.9031080">
    <ele>1469.0</ele>
   </trkpt>
   <trkpt lat="46.4173200" lon="14.9031080">
    <ele>1469.0</ele>
   </trkpt>
   <trkpt lat="46.4173000" lon="14.9030850">
    <ele>1469.2</ele>
   </trkpt>
   <trkpt lat="46.4173000" lon="14.9030850">
    <ele>1469.4</ele>
   </trkpt>
   <trkpt lat="46.4172820" lon="14.9030620">
    <ele>1469.4</ele>
   </trkpt>
   <trkpt lat="46.4172820" lon="14.9030620">
    <ele>1469.6</ele>
   </trkpt>
   <trkpt lat="46.4172680" lon="14.9030320">
    <ele>1469.8</ele>
   </trkpt>
   <trkpt lat="46.4172680" lon="14.9030320">
    <ele>1470.0</ele>
   </trkpt>
   <trkpt lat="46.4172570" lon="14.9029950">
    <ele>1470.4</ele>
   </trkpt>
   <trkpt lat="46.4172570" lon="14.9029950">
    <ele>1470.6</ele>
   </trkpt>
   <trkpt lat="46.4172500" lon="14.9029600">
    <ele>1470.8</ele>
   </trkpt>
   <trkpt lat="46.4172500" lon="14.9029600">
    <ele>1471.2</ele>
   </trkpt>
   <trkpt lat="46.4172450" lon="14.9029270">
    <ele>1471.4</ele>
   </trkpt>
   <trkpt lat="46.4172450" lon="14.9029270">
    <ele>1471.8</ele>
   </trkpt>
   <trkpt lat="46.4172480" lon="14.9028800">
    <ele>1472.0</ele>
   </trkpt>
   <trkpt lat="46.4172480" lon="14.9028800">
    <ele>1472.2</ele>
   </trkpt>
   <trkpt lat="46.4172420" lon="14.9028470">
    <ele>1472.4</ele>
   </trkpt>
   <trkpt lat="46.4172420" lon="14.9028470">
    <ele>1472.8</ele>
   </trkpt>
   <trkpt lat="46.4172400" lon="14.9028300">
    <ele>1473.0</ele>
   </trkpt>
   <trkpt lat="46.4172400" lon="14.9028300">
    <ele>1473.4</ele>
   </trkpt>
   <trkpt lat="46.4172400" lon="14.9028300">
    <ele>1473.6</ele>
   </trkpt>
   <trkpt lat="46.4172450" lon="14.9027950">
    <ele>1473.8</ele>
   </trkpt>
   <trkpt lat="46.4172450" lon="14.9027950">
    <ele>1474.4</ele>
   </trkpt>
   <trkpt lat="46.4172450" lon="14.9027950">
    <ele>1474.6</ele>
   </trkpt>
   <trkpt lat="46.4172430" lon="14.9027700">
    <ele>1474.8</ele>
   </trkpt>
   <trkpt lat="46.4172430" lon="14.9027700">
    <ele>1475.2</ele>
   </trkpt>
   <trkpt lat="46.4172430" lon="14.9027700">
    <ele>1475.4</ele>
   </trkpt>
   <trkpt lat="46.4172450" lon="14.9027300">
    <ele>1475.8</ele>
   </trkpt>
   <trkpt lat="46.4172450" lon="14.9027300">
    <ele>1476.0</ele>
   </trkpt>
   <trkpt lat="46.4172450" lon="14.9027300">
    <ele>1476.4</ele>
   </trkpt>
   <trkpt lat="46.4172350" lon="14.9026900">
    <ele>1476.4</ele>
   </trkpt>
   <trkpt lat="46.4172350" lon="14.9026900">
    <ele>1476.8</ele>
   </trkpt>
   <trkpt lat="46.4172350" lon="14.9026600">
    <ele>1477.0</ele>
   </trkpt>
   <trkpt lat="46.4172350" lon="14.9026600">
    <ele>1477.2</ele>
   </trkpt>
   <trkpt lat="46.4172350" lon="14.9026330">
    <ele>1477.6</ele>
   </trkpt>
   <trkpt lat="46.4172350" lon="14.9026330">
    <ele>1477.8</ele>
   </trkpt>
   <trkpt lat="46.4172350" lon="14.9026070">
    <ele>1478.0</ele>
   </trkpt>
   <trkpt lat="46.4172350" lon="14.9026070">
    <ele>1478.2</ele>
   </trkpt>
   <trkpt lat="46.4172430" lon="14.9025820">
    <ele>1478.6</ele>
   </trkpt>
   <trkpt lat="46.4172430" lon="14.9025820">
    <ele>1478.8</ele>
   </trkpt>
   <trkpt lat="46.4172550" lon="14.9025530">
    <ele>1479.0</ele>
   </trkpt>
   <trkpt lat="46.4172550" lon="14.9025530">
    <ele>1479.4</ele>
   </trkpt>
   <trkpt lat="46.4172600" lon="14.9025200">
    <ele>1479.6</ele>
   </trkpt>
   <trkpt lat="46.4172600" lon="14.9025200">
    <ele>1480.0</ele>
   </trkpt>
   <trkpt lat="46.4172550" lon="14.9024930">
    <ele>1480.0</ele>
   </trkpt>
   <trkpt lat="46.4172550" lon="14.9024930">
    <ele>1480.4</ele>
   </trkpt>
   <trkpt lat="46.4172430" lon="14.9024680">
    <ele>1480.8</ele>
   </trkpt>
   <trkpt lat="46.4172430" lon="14.9024680">
    <ele>1481.0</ele>
   </trkpt>
   <trkpt lat="46.4172330" lon="14.9024380">
    <ele>1481.4</ele>
   </trkpt>
   <trkpt lat="46.4172330" lon="14.9024380">
    <ele>1481.6</ele>
   </trkpt>
   <trkpt lat="46.4172320" lon="14.9024120">
    <ele>1482.0</ele>
   </trkpt>
   <trkpt lat="46.4172320" lon="14.9024120">
    <ele>1482.2</ele>
   </trkpt>
   <trkpt lat="46.4172320" lon="14.9024120">
    <ele>1482.4</ele>
   </trkpt>
   <trkpt lat="46.4172380" lon="14.9023780">
    <ele>1482.8</ele>
   </trkpt>
   <trkpt lat="46.4172380" lon="14.9023780">
    <ele>1483.2</ele>
   </trkpt>
   <trkpt lat="46.4172350" lon="14.9023400">
    <ele>1483.6</ele>
   </trkpt>
   <trkpt lat="46.4172350" lon="14.9023400">
    <ele>1483.8</ele>
   </trkpt>
   <trkpt lat="46.4172370" lon="14.9023020">
    <ele>1484.0</ele>
   </trkpt>
   <trkpt lat="46.4172370" lon="14.9023020">
    <ele>1484.2</ele>
   </trkpt>
   <trkpt lat="46.4172370" lon="14.9022750">
    <ele>1484.4</ele>
   </trkpt>
   <trkpt lat="46.4172370" lon="14.9022750">
    <ele>1484.6</ele>
   </trkpt>
   <trkpt lat="46.4172320" lon="14.9022550">
    <ele>1484.8</ele>
   </trkpt>
   <trkpt lat="46.4172320" lon="14.9022550">
    <ele>1485.0</ele>
   </trkpt>
   <trkpt lat="46.4172320" lon="14.9022550">
    <ele>1485.2</ele>
   </trkpt>
   <trkpt lat="46.4172350" lon="14.9022070">
    <ele>1485.6</ele>
   </trkpt>
   <trkpt lat="46.4172350" lon="14.9022070">
    <ele>1485.6</ele>
   </trkpt>
   <trkpt lat="46.4172280" lon="14.9021900">
    <ele>1486.0</ele>
   </trkpt>
   <trkpt lat="46.4172280" lon="14.9021900">
    <ele>1486.4</ele>
   </trkpt>
   <trkpt lat="46.4172280" lon="14.9021900">
    <ele>1486.6</ele>
   </trkpt>
   <trkpt lat="46.4172200" lon="14.9021550">
    <ele>1487.0</ele>
   </trkpt>
   <trkpt lat="46.4172200" lon="14.9021550">
    <ele>1487.2</ele>
   </trkpt>
   <trkpt lat="46.4172200" lon="14.9021550">
    <ele>1487.6</ele>
   </trkpt>
   <trkpt lat="46.4172130" lon="14.9021150">
    <ele>1487.8</ele>
   </trkpt>
   <trkpt lat="46.4172130" lon="14.9021150">
    <ele>1488.0</ele>
   </trkpt>
   <trkpt lat="46.4172130" lon="14.9021150">
    <ele>1488.6</ele>
   </trkpt>
   <trkpt lat="46.4172120" lon="14.9020850">
    <ele>1488.6</ele>
   </trkpt>
   <trkpt lat="46.4172120" lon="14.9020850">
    <ele>1489.2</ele>
   </trkpt>
   <trkpt lat="46.4172120" lon="14.9020850">
    <ele>1489.6</ele>
   </trkpt>
   <trkpt lat="46.4172120" lon="14.9020480">
    <ele>1489.8</ele>
   </trkpt>
   <trkpt lat="46.4172120" lon="14.9020480">
    <ele>1490.0</ele>
   </trkpt>
   <trkpt lat="46.4172120" lon="14.9020480">
    <ele>1490.2</ele>
   </trkpt>
   <trkpt lat="46.4172080" lon="14.9020120">
    <ele>1490.6</ele>
   </trkpt>
   <trkpt lat="46.4172080" lon="14.9020120">
    <ele>1490.8</ele>
   </trkpt>
   <trkpt lat="46.4172080" lon="14.9019800">
    <ele>1491.0</ele>
   </trkpt>
   <trkpt lat="46.4172080" lon="14.9019800">
    <ele>1491.2</ele>
   </trkpt>
   <trkpt lat="46.4172070" lon="14.9019550">
    <ele>1491.6</ele>
   </trkpt>
   <trkpt lat="46.4172070" lon="14.9019550">
    <ele>1491.8</ele>
   </trkpt>
   <trkpt lat="46.4172100" lon="14.9019200">
    <ele>1492.2</ele>
   </trkpt>
   <trkpt lat="46.4172100" lon="14.9019200">
    <ele>1492.4</ele>
   </trkpt>
   <trkpt lat="46.4172120" lon="14.9019020">
    <ele>1492.8</ele>
   </trkpt>
   <trkpt lat="46.4172120" lon="14.9019020">
    <ele>1493.2</ele>
   </trkpt>
   <trkpt lat="46.4172180" lon="14.9018700">
    <ele>1493.4</ele>
   </trkpt>
   <trkpt lat="46.4172180" lon="14.9018700">
    <ele>1493.4</ele>
   </trkpt>
   <trkpt lat="46.4172270" lon="14.9018450">
    <ele>1493.8</ele>
   </trkpt>
   <trkpt lat="46.4172270" lon="14.9018450">
    <ele>1494.2</ele>
   </trkpt>
   <trkpt lat="46.4172280" lon="14.9018170">
    <ele>1494.4</ele>
   </trkpt>
   <trkpt lat="46.4172280" lon="14.9018170">
    <ele>1494.8</ele>
   </trkpt>
   <trkpt lat="46.4172280" lon="14.9018170">
    <ele>1495.2</ele>
   </trkpt>
   <trkpt lat="46.4172170" lon="14.9017850">
    <ele>1495.4</ele>
   </trkpt>
   <trkpt lat="46.4172170" lon="14.9017850">
    <ele>1495.6</ele>
   </trkpt>
   <trkpt lat="46.4172170" lon="14.9017850">
    <ele>1495.8</ele>
   </trkpt>
   <trkpt lat="46.4171970" lon="14.9017430">
    <ele>1496.2</ele>
   </trkpt>
   <trkpt lat="46.4171970" lon="14.9017430">
    <ele>1496.6</ele>
   </trkpt>
   <trkpt lat="46.4171780" lon="14.9017230">
    <ele>1497.0</ele>
   </trkpt>
   <trkpt lat="46.4171780" lon="14.9017230">
    <ele>1497.4</ele>
   </trkpt>
   <trkpt lat="46.4171580" lon="14.9017000">
    <ele>1497.6</ele>
   </trkpt>
   <trkpt lat="46.4171580" lon="14.9017000">
    <ele>1497.6</ele>
   </trkpt>
   <trkpt lat="46.4171480" lon="14.9016720">
    <ele>1497.6</ele>
   </trkpt>
   <trkpt lat="46.4171480" lon="14.9016720">
    <ele>1497.8</ele>
   </trkpt>
   <trkpt lat="46.4171420" lon="14.9016430">
    <ele>1498.0</ele>
   </trkpt>
   <trkpt lat="46.4171420" lon="14.9016430">
    <ele>1498.2</ele>
   </trkpt>
   <trkpt lat="46.4171320" lon="14.9016180">
    <ele>1498.4</ele>
   </trkpt>
   <trkpt lat="46.4171320" lon="14.9016180">
    <ele>1498.6</ele>
   </trkpt>
   <trkpt lat="46.4171320" lon="14.9015930">
    <ele>1498.8</ele>
   </trkpt>
   <trkpt lat="46.4171320" lon="14.9015930">
    <ele>1499.2</ele>
   </trkpt>
   <trkpt lat="46.4171270" lon="14.9015620">
    <ele>1499.4</ele>
   </trkpt>
   <trkpt lat="46.4171270" lon="14.9015620">
    <ele>1499.6</ele>
   </trkpt>
   <trkpt lat="46.4171170" lon="14.9015400">
    <ele>1499.8</ele>
   </trkpt>
   <trkpt lat="46.4171170" lon="14.9015400">
    <ele>1500.2</ele>
   </trkpt>
   <trkpt lat="46.4171130" lon="14.9015180">
    <ele>1500.6</ele>
   </trkpt>
   <trkpt lat="46.4171130" lon="14.9015180">
    <ele>1500.8</ele>
   </trkpt>
   <trkpt lat="46.4171130" lon="14.9015180">
    <ele>1500.8</ele>
   </trkpt>
   <trkpt lat="46.4171180" lon="14.9014830">
    <ele>1501.0</ele>
   </trkpt>
   <trkpt lat="46.4171180" lon="14.9014830">
    <ele>1501.4</ele>
   </trkpt>
   <trkpt lat="46.4171180" lon="14.9014830">
    <ele>1501.6</ele>
   </trkpt>
   <trkpt lat="46.4171020" lon="14.9014550">
    <ele>1502.0</ele>
   </trkpt>
   <trkpt lat="46.4171020" lon="14.9014550">
    <ele>1502.4</ele>
   </trkpt>
   <trkpt lat="46.4171020" lon="14.9014550">
    <ele>1502.6</ele>
   </trkpt>
   <trkpt lat="46.4170950" lon="14.9014270">
    <ele>1502.8</ele>
   </trkpt>
   <trkpt lat="46.4170950" lon="14.9014270">
    <ele>1503.0</ele>
   </trkpt>
   <trkpt lat="46.4170950" lon="14.9014270">
    <ele>1503.4</ele>
   </trkpt>
   <trkpt lat="46.4170900" lon="14.9013830">
    <ele>1503.6</ele>
   </trkpt>
   <trkpt lat="46.4170900" lon="14.9013830">
    <ele>1504.0</ele>
   </trkpt>
   <trkpt lat="46.4170930" lon="14.9013520">
    <ele>1504.2</ele>
   </trkpt>
   <trkpt lat="46.4170930" lon="14.9013520">
    <ele>1504.6</ele>
   </trkpt>
   <trkpt lat="46.4170850" lon="14.9013220">
    <ele>1505.2</ele>
   </trkpt>
   <trkpt lat="46.4170850" lon="14.9013220">
    <ele>1505.2</ele>
   </trkpt>
   <trkpt lat="46.4170750" lon="14.9013030">
    <ele>1505.8</ele>
   </trkpt>
   <trkpt lat="46.4170750" lon="14.9013030">
    <ele>1505.8</ele>
   </trkpt>
   <trkpt lat="46.4170700" lon="14.9012720">
    <ele>1506.4</ele>
   </trkpt>
   <trkpt lat="46.4170700" lon="14.9012720">
    <ele>1506.6</ele>
   </trkpt>
   <trkpt lat="46.4170700" lon="14.9012720">
    <ele>1506.8</ele>
   </trkpt>
   <trkpt lat="46.4170570" lon="14.9012470">
    <ele>1507.0</ele>
   </trkpt>
   <trkpt lat="46.4170570" lon="14.9012470">
    <ele>1507.4</ele>
   </trkpt>
   <trkpt lat="46.4170570" lon="14.9012470">
    <ele>1507.6</ele>
   </trkpt>
   <trkpt lat="46.4170630" lon="14.9012130">
    <ele>1508.0</ele>
   </trkpt>
   <trkpt lat="46.4170630" lon="14.9012130">
    <ele>1508.4</ele>
   </trkpt>
   <trkpt lat="46.4170630" lon="14.9012130">
    <ele>1508.6</ele>
   </trkpt>
   <trkpt lat="46.4170630" lon="14.9012130">
    <ele>1508.8</ele>
   </trkpt>
   <trkpt lat="46.4170530" lon="14.9012000">
    <ele>1509.0</ele>
   </trkpt>
   <trkpt lat="46.4170530" lon="14.9012000">
    <ele>1509.4</ele>
   </trkpt>
   <trkpt lat="46.4170530" lon="14.9012000">
    <ele>1509.6</ele>
   </trkpt>
   <trkpt lat="46.4170530" lon="14.9012000">
    <ele>1510.0</ele>
   </trkpt>
   <trkpt lat="46.4170530" lon="14.9012000">
    <ele>1510.2</ele>
   </trkpt>
   <trkpt lat="46.4170370" lon="14.9011770">
    <ele>1510.6</ele>
   </trkpt>
   <trkpt lat="46.4170370" lon="14.9011770">
    <ele>1511.0</ele>
   </trkpt>
   <trkpt lat="46.4170370" lon="14.9011770">
    <ele>1511.2</ele>
   </trkpt>
   <trkpt lat="46.4170370" lon="14.9011770">
    <ele>1511.4</ele>
   </trkpt>
   <trkpt lat="46.4170220" lon="14.9011450">
    <ele>1511.8</ele>
   </trkpt>
   <trkpt lat="46.4170220" lon="14.9011450">
    <ele>1512.0</ele>
   </trkpt>
   <trkpt lat="46.4170220" lon="14.9011450">
    <ele>1512.4</ele>
   </trkpt>
   <trkpt lat="46.4170330" lon="14.9011150">
    <ele>1512.8</ele>
   </trkpt>
   <trkpt lat="46.4170330" lon="14.9011150">
    <ele>1513.0</ele>
   </trkpt>
   <trkpt lat="46.4170330" lon="14.9011150">
    <ele>1513.4</ele>
   </trkpt>
   <trkpt lat="46.4170330" lon="14.9010820">
    <ele>1513.6</ele>
   </trkpt>
   <trkpt lat="46.4170330" lon="14.9010820">
    <ele>1514.0</ele>
   </trkpt>
   <trkpt lat="46.4170330" lon="14.9010820">
    <ele>1514.4</ele>
   </trkpt>
   <trkpt lat="46.4170450" lon="14.9010630">
    <ele>1514.6</ele>
   </trkpt>
   <trkpt lat="46.4170450" lon="14.9010630">
    <ele>1514.8</ele>
   </trkpt>
   <trkpt lat="46.4170450" lon="14.9010630">
    <ele>1515.0</ele>
   </trkpt>
   <trkpt lat="46.4170450" lon="14.9010630">
    <ele>1515.4</ele>
   </trkpt>
   <trkpt lat="46.4170450" lon="14.9010630">
    <ele>1515.6</ele>
   </trkpt>
   <trkpt lat="46.4170250" lon="14.9010330">
    <ele>1516.0</ele>
   </trkpt>
   <trkpt lat="46.4170250" lon="14.9010330">
    <ele>1516.2</ele>
   </trkpt>
   <trkpt lat="46.4170250" lon="14.9010330">
    <ele>1516.4</ele>
   </trkpt>
   <trkpt lat="46.4170250" lon="14.9010330">
    <ele>1516.6</ele>
   </trkpt>
   <trkpt lat="46.4170250" lon="14.9010330">
    <ele>1517.0</ele>
   </trkpt>
   <trkpt lat="46.4170250" lon="14.9010330">
    <ele>1517.4</ele>
   </trkpt>
   <trkpt lat="46.4170400" lon="14.9009950">
    <ele>1517.8</ele>
   </trkpt>
   <trkpt lat="46.4170400" lon="14.9009950">
    <ele>1518.2</ele>
   </trkpt>
   <trkpt lat="46.4170400" lon="14.9009950">
    <ele>1518.4</ele>
   </trkpt>
   <trkpt lat="46.4170410" lon="14.9009690">
    <ele>1518.6</ele>
   </trkpt>
   <trkpt lat="46.4170410" lon="14.9009690">
    <ele>1518.8</ele>
   </trkpt>
   <trkpt lat="46.4170410" lon="14.9009690">
    <ele>1519.2</ele>
   </trkpt>
   <trkpt lat="46.4170410" lon="14.9009690">
    <ele>1519.4</ele>
   </trkpt>
   <trkpt lat="46.4170410" lon="14.9009690">
    <ele>1519.6</ele>
   </trkpt>
   <trkpt lat="46.4170420" lon="14.9009300">
    <ele>1520.0</ele>
   </trkpt>
   <trkpt lat="46.4170420" lon="14.9009300">
    <ele>1520.2</ele>
   </trkpt>
   <trkpt lat="46.4170420" lon="14.9009300">
    <ele>1520.6</ele>
   </trkpt>
   <trkpt lat="46.4170370" lon="14.9009070">
    <ele>1520.8</ele>
   </trkpt>
   <trkpt lat="46.4170370" lon="14.9009070">
    <ele>1521.0</ele>
   </trkpt>
   <trkpt lat="46.4170370" lon="14.9009070">
    <ele>1521.2</ele>
   </trkpt>
   <trkpt lat="46.4170370" lon="14.9009070">
    <ele>1521.4</ele>
   </trkpt>
   <trkpt lat="46.4170370" lon="14.9009070">
    <ele>1521.8</ele>
   </trkpt>
   <trkpt lat="46.4170370" lon="14.9009070">
    <ele>1522.2</ele>
   </trkpt>
   <trkpt lat="46.4170370" lon="14.9009070">
    <ele>1522.4</ele>
   </trkpt>
   <trkpt lat="46.4170370" lon="14.9009070">
    <ele>1522.8</ele>
   </trkpt>
   <trkpt lat="46.4170370" lon="14.9009070">
    <ele>1523.0</ele>
   </trkpt>
   <trkpt lat="46.4170570" lon="14.9008770">
    <ele>1523.4</ele>
   </trkpt>
   <trkpt lat="46.4170570" lon="14.9008770">
    <ele>1523.6</ele>
   </trkpt>
   <trkpt lat="46.4170570" lon="14.9008770">
    <ele>1523.8</ele>
   </trkpt>
   <trkpt lat="46.4170570" lon="14.9008770">
    <ele>1524.6</ele>
   </trkpt>
   <trkpt lat="46.4170880" lon="14.9008470">
    <ele>1524.6</ele>
   </trkpt>
   <trkpt lat="46.4170880" lon="14.9008470">
    <ele>1524.8</ele>
   </trkpt>
   <trkpt lat="46.4171000" lon="14.9008280">
    <ele>1524.8</ele>
   </trkpt>
   <trkpt lat="46.4171000" lon="14.9008280">
    <ele>1525.4</ele>
   </trkpt>
   <trkpt lat="46.4171170" lon="14.9008080">
    <ele>1525.8</ele>
   </trkpt>
   <trkpt lat="46.4171170" lon="14.9008080">
    <ele>1526.0</ele>
   </trkpt>
   <trkpt lat="46.4171380" lon="14.9007950">
    <ele>1526.2</ele>
   </trkpt>
   <trkpt lat="46.4171380" lon="14.9007950">
    <ele>1526.4</ele>
   </trkpt>
   <trkpt lat="46.4171570" lon="14.9007920">
    <ele>1526.8</ele>
   </trkpt>
   <trkpt lat="46.4171570" lon="14.9007920">
    <ele>1527.0</ele>
   </trkpt>
   <trkpt lat="46.4171730" lon="14.9007850">
    <ele>1527.4</ele>
   </trkpt>
   <trkpt lat="46.4171730" lon="14.9007850">
    <ele>1527.6</ele>
   </trkpt>
   <trkpt lat="46.4171730" lon="14.9007850">
    <ele>1527.8</ele>
   </trkpt>
   <trkpt lat="46.4171920" lon="14.9007580">
    <ele>1528.0</ele>
   </trkpt>
   <trkpt lat="46.4171920" lon="14.9007580">
    <ele>1528.2</ele>
   </trkpt>
   <trkpt lat="46.4171920" lon="14.9007580">
    <ele>1528.6</ele>
   </trkpt>
   <trkpt lat="46.4171970" lon="14.9007270">
    <ele>1528.8</ele>
   </trkpt>
   <trkpt lat="46.4171970" lon="14.9007270">
    <ele>1529.0</ele>
   </trkpt>
   <trkpt lat="46.4171970" lon="14.9007270">
    <ele>1529.2</ele>
   </trkpt>
   <trkpt lat="46.4172070" lon="14.9007100">
    <ele>1529.6</ele>
   </trkpt>
   <trkpt lat="46.4172070" lon="14.9007100">
    <ele>1530.0</ele>
   </trkpt>
   <trkpt lat="46.4172070" lon="14.9007100">
    <ele>1530.4</ele>
   </trkpt>
   <trkpt lat="46.4172320" lon="14.9006870">
    <ele>1530.6</ele>
   </trkpt>
   <trkpt lat="46.4172320" lon="14.9006870">
    <ele>1530.8</ele>
   </trkpt>
   <trkpt lat="46.4172320" lon="14.9006870">
    <ele>1531.2</ele>
   </trkpt>
   <trkpt lat="46.4172500" lon="14.9006650">
    <ele>1531.2</ele>
   </trkpt>
   <trkpt lat="46.4172500" lon="14.9006650">
    <ele>1531.4</ele>
   </trkpt>
   <trkpt lat="46.4172670" lon="14.9006430">
    <ele>1531.6</ele>
   </trkpt>
   <trkpt lat="46.4172670" lon="14.9006430">
    <ele>1532.0</ele>
   </trkpt>
   <trkpt lat="46.4172800" lon="14.9006270">
    <ele>1532.2</ele>
   </trkpt>
   <trkpt lat="46.4172800" lon="14.9006270">
    <ele>1532.6</ele>
   </trkpt>
   <trkpt lat="46.4172970" lon="14.9006130">
    <ele>1532.8</ele>
   </trkpt>
   <trkpt lat="46.4172970" lon="14.9006130">
    <ele>1533.2</ele>
   </trkpt>
   <trkpt lat="46.4172970" lon="14.9006130">
    <ele>1533.4</ele>
   </trkpt>
   <trkpt lat="46.4173000" lon="14.9006020">
    <ele>1533.6</ele>
   </trkpt>
   <trkpt lat="46.4173000" lon="14.9006020">
    <ele>1534.0</ele>
   </trkpt>
   <trkpt lat="46.4173000" lon="14.9006020">
    <ele>1534.4</ele>
   </trkpt>
   <trkpt lat="46.4173000" lon="14.9006020">
    <ele>1534.8</ele>
   </trkpt>
   <trkpt lat="46.4173320" lon="14.9005880">
    <ele>1535.2</ele>
   </trkpt>
   <trkpt lat="46.4173320" lon="14.9005880">
    <ele>1535.4</ele>
   </trkpt>
   <trkpt lat="46.4173320" lon="14.9005880">
    <ele>1535.6</ele>
   </trkpt>
   <trkpt lat="46.4173470" lon="14.9005820">
    <ele>1535.6</ele>
   </trkpt>
   <trkpt lat="46.4173470" lon="14.9005820">
    <ele>1535.8</ele>
   </trkpt>
   <trkpt lat="46.4173470" lon="14.9005820">
    <ele>1536.0</ele>
   </trkpt>
   <trkpt lat="46.4173720" lon="14.9005730">
    <ele>1536.2</ele>
   </trkpt>
   <trkpt lat="46.4173720" lon="14.9005730">
    <ele>1536.6</ele>
   </trkpt>
   <trkpt lat="46.4173950" lon="14.9005570">
    <ele>1537.0</ele>
   </trkpt>
   <trkpt lat="46.4173950" lon="14.9005570">
    <ele>1537.2</ele>
   </trkpt>
   <trkpt lat="46.4174080" lon="14.9005400">
    <ele>1537.4</ele>
   </trkpt>
   <trkpt lat="46.4174080" lon="14.9005400">
    <ele>1537.6</ele>
   </trkpt>
   <trkpt lat="46.4174300" lon="14.9005280">
    <ele>1537.8</ele>
   </trkpt>
   <trkpt lat="46.4174300" lon="14.9005280">
    <ele>1538.0</ele>
   </trkpt>
   <trkpt lat="46.4174580" lon="14.9005180">
    <ele>1538.0</ele>
   </trkpt>
   <trkpt lat="46.4174580" lon="14.9005180">
    <ele>1538.2</ele>
   </trkpt>
   <trkpt lat="46.4174820" lon="14.9005080">
    <ele>1538.4</ele>
   </trkpt>
   <trkpt lat="46.4174820" lon="14.9005080">
    <ele>1538.8</ele>
   </trkpt>
   <trkpt lat="46.4175120" lon="14.9005070">
    <ele>1539.2</ele>
   </trkpt>
   <trkpt lat="46.4175120" lon="14.9005070">
    <ele>1539.8</ele>
   </trkpt>
   <trkpt lat="46.4175350" lon="14.9004980">
    <ele>1539.8</ele>
   </trkpt>
   <trkpt lat="46.4175350" lon="14.9004980">
    <ele>1539.8</ele>
   </trkpt>
   <trkpt lat="46.4175500" lon="14.9004820">
    <ele>1539.8</ele>
   </trkpt>
   <trkpt lat="46.4175500" lon="14.9004820">
    <ele>1539.8</ele>
   </trkpt>
   <trkpt lat="46.4175750" lon="14.9004600">
    <ele>1539.8</ele>
   </trkpt>
   <trkpt lat="46.4175750" lon="14.9004600">
    <ele>1540.0</ele>
   </trkpt>
   <trkpt lat="46.4175880" lon="14.9004430">
    <ele>1540.0</ele>
   </trkpt>
   <trkpt lat="46.4175880" lon="14.9004430">
    <ele>1540.2</ele>
   </trkpt>
   <trkpt lat="46.4175970" lon="14.9004170">
    <ele>1540.4</ele>
   </trkpt>
   <trkpt lat="46.4175970" lon="14.9004170">
    <ele>1540.6</ele>
   </trkpt>
   <trkpt lat="46.4175970" lon="14.9004170">
    <ele>1540.8</ele>
   </trkpt>
   <trkpt lat="46.4175900" lon="14.9003920">
    <ele>1541.0</ele>
   </trkpt>
   <trkpt lat="46.4175900" lon="14.9003920">
    <ele>1541.2</ele>
   </trkpt>
   <trkpt lat="46.4175900" lon="14.9003920">
    <ele>1541.6</ele>
   </trkpt>
   <trkpt lat="46.4175900" lon="14.9003920">
    <ele>1541.8</ele>
   </trkpt>
   <trkpt lat="46.4175680" lon="14.9003650">
    <ele>1542.2</ele>
   </trkpt>
   <trkpt lat="46.4175680" lon="14.9003650">
    <ele>1542.4</ele>
   </trkpt>
   <trkpt lat="46.4175680" lon="14.9003650">
    <ele>1542.8</ele>
   </trkpt>
   <trkpt lat="46.4175380" lon="14.9003530">
    <ele>1543.2</ele>
   </trkpt>
   <trkpt lat="46.4175380" lon="14.9003530">
    <ele>1543.6</ele>
   </trkpt>
   <trkpt lat="46.4175170" lon="14.9003500">
    <ele>1543.6</ele>
   </trkpt>
   <trkpt lat="46.4175170" lon="14.9003500">
    <ele>1543.8</ele>
   </trkpt>
   <trkpt lat="46.4174970" lon="14.9003430">
    <ele>1544.0</ele>
   </trkpt>
   <trkpt lat="46.4174970" lon="14.9003430">
    <ele>1544.0</ele>
   </trkpt>
   <trkpt lat="46.4174870" lon="14.9003320">
    <ele>1544.2</ele>
   </trkpt>
   <trkpt lat="46.4174870" lon="14.9003320">
    <ele>1544.6</ele>
   </trkpt>
   <trkpt lat="46.4174870" lon="14.9003320">
    <ele>1544.8</ele>
   </trkpt>
   <trkpt lat="46.4174730" lon="14.9003100">
    <ele>1545.0</ele>
   </trkpt>
   <trkpt lat="46.4174730" lon="14.9003100">
    <ele>1545.2</ele>
   </trkpt>
   <trkpt lat="46.4174730" lon="14.9003100">
    <ele>1545.6</ele>
   </trkpt>
   <trkpt lat="46.4174530" lon="14.9002920">
    <ele>1545.6</ele>
   </trkpt>
   <trkpt lat="46.4174530" lon="14.9002920">
    <ele>1546.2</ele>
   </trkpt>
   <trkpt lat="46.4174530" lon="14.9002920">
    <ele>1546.6</ele>
   </trkpt>
   <trkpt lat="46.4174300" lon="14.9002750">
    <ele>1547.0</ele>
   </trkpt>
   <trkpt lat="46.4174300" lon="14.9002750">
    <ele>1547.4</ele>
   </trkpt>
   <trkpt lat="46.4174300" lon="14.9002750">
    <ele>1547.6</ele>
   </trkpt>
   <trkpt lat="46.4174150" lon="14.9002570">
    <ele>1548.0</ele>
   </trkpt>
   <trkpt lat="46.4174150" lon="14.9002570">
    <ele>1548.4</ele>
   </trkpt>
   <trkpt lat="46.4174150" lon="14.9002570">
    <ele>1548.6</ele>
   </trkpt>
   <trkpt lat="46.4174000" lon="14.9002300">
    <ele>1549.0</ele>
   </trkpt>
   <trkpt lat="46.4174000" lon="14.9002300">
    <ele>1549.4</ele>
   </trkpt>
   <trkpt lat="46.4174000" lon="14.9002300">
    <ele>1549.8</ele>
   </trkpt>
   <trkpt lat="46.4174030" lon="14.9002050">
    <ele>1550.0</ele>
   </trkpt>
   <trkpt lat="46.4174030" lon="14.9002050">
    <ele>1550.2</ele>
   </trkpt>
   <trkpt lat="46.4174030" lon="14.9002050">
    <ele>1551.0</ele>
   </trkpt>
   <trkpt lat="46.4174150" lon="14.9001780">
    <ele>1552.0</ele>
   </trkpt>
   <trkpt lat="46.4174150" lon="14.9001780">
    <ele>1552.6</ele>
   </trkpt>
   <trkpt lat="46.4174150" lon="14.9001780">
    <ele>1552.6</ele>
   </trkpt>
   <trkpt lat="46.4174350" lon="14.9001630">
    <ele>1552.6</ele>
   </trkpt>
   <trkpt lat="46.4174350" lon="14.9001630">
    <ele>1552.6</ele>
   </trkpt>
   <trkpt lat="46.4174350" lon="14.9001630">
    <ele>1552.6</ele>
   </trkpt>
   <trkpt lat="46.4174530" lon="14.9001470">
    <ele>1552.6</ele>
   </trkpt>
   <trkpt lat="46.4174530" lon="14.9001470">
    <ele>1552.6</ele>
   </trkpt>
   <trkpt lat="46.4174530" lon="14.9001470">
    <ele>1553.2</ele>
   </trkpt>
   <trkpt lat="46.4174730" lon="14.9001280">
    <ele>1553.6</ele>
   </trkpt>
   <trkpt lat="46.4174730" lon="14.9001280">
    <ele>1554.4</ele>
   </trkpt>
   <trkpt lat="46.4174730" lon="14.9001280">
    <ele>1555.6</ele>
   </trkpt>
   <trkpt lat="46.4174900" lon="14.9001050">
    <ele>1556.0</ele>
   </trkpt>
   <trkpt lat="46.4174900" lon="14.9001050">
    <ele>1556.0</ele>
   </trkpt>
   <trkpt lat="46.4174900" lon="14.9001050">
    <ele>1556.2</ele>
   </trkpt>
   <trkpt lat="46.4175070" lon="14.9000870">
    <ele>1556.4</ele>
   </trkpt>
   <trkpt lat="46.4175070" lon="14.9000870">
    <ele>1556.4</ele>
   </trkpt>
   <trkpt lat="46.4175070" lon="14.9000870">
    <ele>1556.6</ele>
   </trkpt>
   <trkpt lat="46.4175400" lon="14.9000820">
    <ele>1556.8</ele>
   </trkpt>
   <trkpt lat="46.4175400" lon="14.9000820">
    <ele>1556.8</ele>
   </trkpt>
   <trkpt lat="46.4175580" lon="14.9000700">
    <ele>1556.8</ele>
   </trkpt>
   <trkpt lat="46.4175580" lon="14.9000700">
    <ele>1556.8</ele>
   </trkpt>
   <trkpt lat="46.4175830" lon="14.9000620">
    <ele>1557.4</ele>
   </trkpt>
   <trkpt lat="46.4175830" lon="14.9000620">
    <ele>1557.8</ele>
   </trkpt>
   <trkpt lat="46.4176080" lon="14.9000450">
    <ele>1557.8</ele>
   </trkpt>
   <trkpt lat="46.4176080" lon="14.9000450">
    <ele>1558.4</ele>
   </trkpt>
   <trkpt lat="46.4176350" lon="14.9000330">
    <ele>1558.8</ele>
   </trkpt>
   <trkpt lat="46.4176350" lon="14.9000330">
    <ele>1558.8</ele>
   </trkpt>
   <trkpt lat="46.4176570" lon="14.9000180">
    <ele>1558.8</ele>
   </trkpt>
   <trkpt lat="46.4176570" lon="14.9000180">
    <ele>1558.8</ele>
   </trkpt>
   <trkpt lat="46.4176770" lon="14.9000080">
    <ele>1558.8</ele>
   </trkpt>
   <trkpt lat="46.4176770" lon="14.9000080">
    <ele>1558.8</ele>
   </trkpt>
   <trkpt lat="46.4177000" lon="14.8999970">
    <ele>1558.8</ele>
   </trkpt>
   <trkpt lat="46.4177000" lon="14.8999970">
    <ele>1558.8</ele>
   </trkpt>
   <trkpt lat="46.4177200" lon="14.8999830">
    <ele>1559.2</ele>
   </trkpt>
   <trkpt lat="46.4177200" lon="14.8999830">
    <ele>1559.6</ele>
   </trkpt>
   <trkpt lat="46.4177400" lon="14.8999670">
    <ele>1560.4</ele>
   </trkpt>
   <trkpt lat="46.4177400" lon="14.8999670">
    <ele>1561.0</ele>
   </trkpt>
   <trkpt lat="46.4177570" lon="14.8999520">
    <ele>1561.4</ele>
   </trkpt>
   <trkpt lat="46.4177570" lon="14.8999520">
    <ele>1562.0</ele>
   </trkpt>
   <trkpt lat="46.4177700" lon="14.8999250">
    <ele>1562.2</ele>
   </trkpt>
   <trkpt lat="46.4177700" lon="14.8999250">
    <ele>1562.4</ele>
   </trkpt>
   <trkpt lat="46.4177680" lon="14.8998980">
    <ele>1562.4</ele>
   </trkpt>
   <trkpt lat="46.4177680" lon="14.8998980">
    <ele>1562.4</ele>
   </trkpt>
   <trkpt lat="46.4177670" lon="14.8998670">
    <ele>1562.6</ele>
   </trkpt>
   <trkpt lat="46.4177670" lon="14.8998670">
    <ele>1562.8</ele>
   </trkpt>
   <trkpt lat="46.4177750" lon="14.8998400">
    <ele>1562.8</ele>
   </trkpt>
   <trkpt lat="46.4177750" lon="14.8998400">
    <ele>1563.0</ele>
   </trkpt>
   <trkpt lat="46.4177870" lon="14.8998120">
    <ele>1563.0</ele>
   </trkpt>
   <trkpt lat="46.4177870" lon="14.8998120">
    <ele>1563.2</ele>
   </trkpt>
   <trkpt lat="46.4178000" lon="14.8997730">
    <ele>1563.6</ele>
   </trkpt>
   <trkpt lat="46.4178000" lon="14.8997730">
    <ele>1565.4</ele>
   </trkpt>
   <trkpt lat="46.4178230" lon="14.8997350">
    <ele>1565.4</ele>
   </trkpt>
   <trkpt lat="46.4178230" lon="14.8997350">
    <ele>1565.6</ele>
   </trkpt>
   <trkpt lat="46.4178500" lon="14.8996830">
    <ele>1565.6</ele>
   </trkpt>
   <trkpt lat="46.4178650" lon="14.8996620">
    <ele>1565.6</ele>
   </trkpt>
   <trkpt lat="46.4178820" lon="14.8996330">
    <ele>1565.8</ele>
   </trkpt>
   <trkpt lat="46.4178970" lon="14.8996050">
    <ele>1565.8</ele>
   </trkpt>
   <trkpt lat="46.4179130" lon="14.8995730">
    <ele>1566.0</ele>
   </trkpt>
   <trkpt lat="46.4179280" lon="14.8995420">
    <ele>1566.2</ele>
   </trkpt>
   <trkpt lat="46.4179420" lon="14.8995120">
    <ele>1566.2</ele>
   </trkpt>
   <trkpt lat="46.4179500" lon="14.8994830">
    <ele>1566.4</ele>
   </trkpt>
   <trkpt lat="46.4179580" lon="14.8994550">
    <ele>1566.6</ele>
   </trkpt>
   <trkpt lat="46.4179650" lon="14.8994320">
    <ele>1566.8</ele>
   </trkpt>
   <trkpt lat="46.4179750" lon="14.8994070">
    <ele>1566.8</ele>
   </trkpt>
   <trkpt lat="46.4179880" lon="14.8993830">
    <ele>1567.2</ele>
   </trkpt>
   <trkpt lat="46.4179980" lon="14.8993580">
    <ele>1567.2</ele>
   </trkpt>
   <trkpt lat="46.4180100" lon="14.8993320">
    <ele>1567.4</ele>
   </trkpt>
   <trkpt lat="46.4180200" lon="14.8993050">
    <ele>1567.6</ele>
   </trkpt>
   <trkpt lat="46.4180320" lon="14.8992750">
    <ele>1568.0</ele>
   </trkpt>
   <trkpt lat="46.4180380" lon="14.8992420">
    <ele>1568.0</ele>
   </trkpt>
   <trkpt lat="46.4180450" lon="14.8992100">
    <ele>1568.2</ele>
   </trkpt>
   <trkpt lat="46.4180550" lon="14.8991770">
    <ele>1568.6</ele>
   </trkpt>
   <trkpt lat="46.4180620" lon="14.8991480">
    <ele>1569.2</ele>
   </trkpt>
   <trkpt lat="46.4180680" lon="14.8991150">
    <ele>1569.2</ele>
   </trkpt>
   <trkpt lat="46.4180750" lon="14.8990800">
    <ele>1569.4</ele>
   </trkpt>
   <trkpt lat="46.4180800" lon="14.8990480">
    <ele>1569.4</ele>
   </trkpt>
   <trkpt lat="46.4180850" lon="14.8990130">
    <ele>1569.4</ele>
   </trkpt>
   <trkpt lat="46.4180880" lon="14.8989830">
    <ele>1569.6</ele>
   </trkpt>
   <trkpt lat="46.4181000" lon="14.8989530">
    <ele>1569.6</ele>
   </trkpt>
   <trkpt lat="46.4181050" lon="14.8989270">
    <ele>1570.2</ele>
   </trkpt>
   <trkpt lat="46.4181080" lon="14.8988970">
    <ele>1570.2</ele>
   </trkpt>
   <trkpt lat="46.4181130" lon="14.8988630">
    <ele>1570.6</ele>
   </trkpt>
   <trkpt lat="46.4181130" lon="14.8988280">
    <ele>1570.8</ele>
   </trkpt>
   <trkpt lat="46.4181120" lon="14.8987920">
    <ele>1570.8</ele>
   </trkpt>
   <trkpt lat="46.4181100" lon="14.8987500">
    <ele>1570.8</ele>
   </trkpt>
   <trkpt lat="46.4181120" lon="14.8987070">
    <ele>1570.8</ele>
   </trkpt>
   <trkpt lat="46.4181120" lon="14.8986600">
    <ele>1570.8</ele>
   </trkpt>
   <trkpt lat="46.4181120" lon="14.8986170">
    <ele>1570.8</ele>
   </trkpt>
   <trkpt lat="46.4181100" lon="14.8985720">
    <ele>1570.6</ele>
   </trkpt>
   <trkpt lat="46.4181070" lon="14.8985200">
    <ele>1570.6</ele>
   </trkpt>
   <trkpt lat="46.4181050" lon="14.8984680">
    <ele>1570.6</ele>
   </trkpt>
   <trkpt lat="46.4181080" lon="14.8984150">
    <ele>1570.0</ele>
   </trkpt>
   <trkpt lat="46.4181100" lon="14.8983700">
    <ele>1569.8</ele>
   </trkpt>
   <trkpt lat="46.4181050" lon="14.8983200">
    <ele>1569.4</ele>
   </trkpt>
   <trkpt lat="46.4181000" lon="14.8982720">
    <ele>1569.2</ele>
   </trkpt>
   <trkpt lat="46.4180950" lon="14.8982220">
    <ele>1569.2</ele>
   </trkpt>
   <trkpt lat="46.4180920" lon="14.8981670">
    <ele>1568.6</ele>
   </trkpt>
   <trkpt lat="46.4180830" lon="14.8981120">
    <ele>1568.2</ele>
   </trkpt>
   <trkpt lat="46.4180800" lon="14.8980600">
    <ele>1567.8</ele>
   </trkpt>
   <trkpt lat="46.4180770" lon="14.8980080">
    <ele>1567.6</ele>
   </trkpt>
   <trkpt lat="46.4180720" lon="14.8979600">
    <ele>1567.2</ele>
   </trkpt>
   <trkpt lat="46.4180620" lon="14.8979100">
    <ele>1566.2</ele>
   </trkpt>
   <trkpt lat="46.4180550" lon="14.8978600">
    <ele>1566.0</ele>
   </trkpt>
   <trkpt lat="46.4180430" lon="14.8978080">
    <ele>1565.2</ele>
   </trkpt>
   <trkpt lat="46.4180350" lon="14.8977600">
    <ele>1564.8</ele>
   </trkpt>
   <trkpt lat="46.4180230" lon="14.8977150">
    <ele>1563.8</ele>
   </trkpt>
   <trkpt lat="46.4180050" lon="14.8976750">
    <ele>1563.4</ele>
   </trkpt>
   <trkpt lat="46.4179770" lon="14.8976450">
    <ele>1563.0</ele>
   </trkpt>
   <trkpt lat="46.4179500" lon="14.8976170">
    <ele>1562.2</ele>
   </trkpt>
   <trkpt lat="46.4179180" lon="14.8975920">
    <ele>1561.8</ele>
   </trkpt>
   <trkpt lat="46.4178880" lon="14.8975700">
    <ele>1561.2</ele>
   </trkpt>
   <trkpt lat="46.4178570" lon="14.8975480">
    <ele>1560.4</ele>
   </trkpt>
   <trkpt lat="46.4178300" lon="14.8975300">
    <ele>1559.8</ele>
   </trkpt>
   <trkpt lat="46.4178070" lon="14.8975150">
    <ele>1559.2</ele>
   </trkpt>
   <trkpt lat="46.4177820" lon="14.8974880">
    <ele>1558.6</ele>
   </trkpt>
   <trkpt lat="46.4177600" lon="14.8974600">
    <ele>1558.2</ele>
   </trkpt>
   <trkpt lat="46.4177350" lon="14.8974380">
    <ele>1557.6</ele>
   </trkpt>
   <trkpt lat="46.4177110" lon="14.8974180">
    <ele>1556.6</ele>
   </trkpt>
   <trkpt lat="46.4176850" lon="14.8974080">
    <ele>1555.8</ele>
   </trkpt>
   <trkpt lat="46.4176580" lon="14.8973920">
    <ele>1555.0</ele>
   </trkpt>
   <trkpt lat="46.4176330" lon="14.8973730">
    <ele>1554.0</ele>
   </trkpt>
   <trkpt lat="46.4176050" lon="14.8973520">
    <ele>1553.4</ele>
   </trkpt>
   <trkpt lat="46.4175800" lon="14.8973330">
    <ele>1552.8</ele>
   </trkpt>
   <trkpt lat="46.4175530" lon="14.8973170">
    <ele>1552.0</ele>
   </trkpt>
   <trkpt lat="46.4175250" lon="14.8973050">
    <ele>1551.2</ele>
   </trkpt>
   <trkpt lat="46.4174980" lon="14.8972970">
    <ele>1550.2</ele>
   </trkpt>
   <trkpt lat="46.4174730" lon="14.8972780">
    <ele>1549.4</ele>
   </trkpt>
   <trkpt lat="46.4174520" lon="14.8972520">
    <ele>1548.4</ele>
   </trkpt>
   <trkpt lat="46.4174270" lon="14.8972330">
    <ele>1547.4</ele>
   </trkpt>
   <trkpt lat="46.4174070" lon="14.8972200">
    <ele>1546.8</ele>
   </trkpt>
   <trkpt lat="46.4173800" lon="14.8972000">
    <ele>1546.2</ele>
   </trkpt>
   <trkpt lat="46.4173550" lon="14.8971880">
    <ele>1545.2</ele>
   </trkpt>
   <trkpt lat="46.4173280" lon="14.8971750">
    <ele>1544.4</ele>
   </trkpt>
   <trkpt lat="46.4173050" lon="14.8971730">
    <ele>1543.4</ele>
   </trkpt>
   <trkpt lat="46.4172880" lon="14.8971650">
    <ele>1542.4</ele>
   </trkpt>
   <trkpt lat="46.4172670" lon="14.8971480">
    <ele>1541.4</ele>
   </trkpt>
   <trkpt lat="46.4172380" lon="14.8971400">
    <ele>1540.6</ele>
   </trkpt>
   <trkpt lat="46.4172170" lon="14.8971450">
    <ele>1539.6</ele>
   </trkpt>
   <trkpt lat="46.4171950" lon="14.8971420">
    <ele>1538.6</ele>
   </trkpt>
   <trkpt lat="46.4171700" lon="14.8971350">
    <ele>1538.0</ele>
   </trkpt>
   <trkpt lat="46.4171500" lon="14.8971270">
    <ele>1537.4</ele>
   </trkpt>
   <trkpt lat="46.4171280" lon="14.8971230">
    <ele>1535.8</ele>
   </trkpt>
   <trkpt lat="46.4171050" lon="14.8971220">
    <ele>1535.8</ele>
   </trkpt>
   <trkpt lat="46.4170850" lon="14.8971250">
    <ele>1534.2</ele>
   </trkpt>
   <trkpt lat="46.4170680" lon="14.8971330">
    <ele>1534.2</ele>
   </trkpt>
   <trkpt lat="46.4170480" lon="14.8971370">
    <ele>1532.4</ele>
   </trkpt>
   <trkpt lat="46.4170300" lon="14.8971350">
    <ele>1531.8</ele>
   </trkpt>
   <trkpt lat="46.4170120" lon="14.8971170">
    <ele>1531.0</ele>
   </trkpt>
   <trkpt lat="46.4169900" lon="14.8970900">
    <ele>1530.4</ele>
   </trkpt>
   <trkpt lat="46.4169780" lon="14.8970550">
    <ele>1530.4</ele>
   </trkpt>
   <trkpt lat="46.4169700" lon="14.8970200">
    <ele>1529.6</ele>
   </trkpt>
   <trkpt lat="46.4169650" lon="14.8969850">
    <ele>1528.4</ele>
   </trkpt>
   <trkpt lat="46.4169530" lon="14.8969620">
    <ele>1527.6</ele>
   </trkpt>
   <trkpt lat="46.4169330" lon="14.8969680">
    <ele>1526.8</ele>
   </trkpt>
   <trkpt lat="46.4169330" lon="14.8969680">
    <ele>1525.8</ele>
   </trkpt>
   <trkpt lat="46.4168920" lon="14.8969800">
    <ele>1525.2</ele>
   </trkpt>
   <trkpt lat="46.4168680" lon="14.8969980">
    <ele>1524.6</ele>
   </trkpt>
   <trkpt lat="46.4168470" lon="14.8970150">
    <ele>1524.0</ele>
   </trkpt>
   <trkpt lat="46.4168250" lon="14.8970150">
    <ele>1523.4</ele>
   </trkpt>
   <trkpt lat="46.4168070" lon="14.8969970">
    <ele>1522.2</ele>
   </trkpt>
   <trkpt lat="46.4167950" lon="14.8969700">
    <ele>1522.2</ele>
   </trkpt>
   <trkpt lat="46.4167820" lon="14.8969400">
    <ele>1521.6</ele>
   </trkpt>
   <trkpt lat="46.4167680" lon="14.8969050">
    <ele>1521.2</ele>
   </trkpt>
   <trkpt lat="46.4167580" lon="14.8968820">
    <ele>1520.4</ele>
   </trkpt>
   <trkpt lat="46.4167470" lon="14.8968780">
    <ele>1519.6</ele>
   </trkpt>
   <trkpt lat="46.4167470" lon="14.8968780">
    <ele>1518.8</ele>
   </trkpt>
   <trkpt lat="46.4167200" lon="14.8968900">
    <ele>1518.0</ele>
   </trkpt>
   <trkpt lat="46.4167200" lon="14.8968900">
    <ele>1517.2</ele>
   </trkpt>
   <trkpt lat="46.4166950" lon="14.8968570">
    <ele>1516.6</ele>
   </trkpt>
   <trkpt lat="46.4166950" lon="14.8968570">
    <ele>1516.4</ele>
   </trkpt>
   <trkpt lat="46.4166570" lon="14.8968200">
    <ele>1515.4</ele>
   </trkpt>
   <trkpt lat="46.4166370" lon="14.8968150">
    <ele>1514.8</ele>
   </trkpt>
   <trkpt lat="46.4166180" lon="14.8968200">
    <ele>1514.2</ele>
   </trkpt>
   <trkpt lat="46.4166020" lon="14.8968270">
    <ele>1513.6</ele>
   </trkpt>
   <trkpt lat="46.4165800" lon="14.8968330">
    <ele>1512.6</ele>
   </trkpt>
   <trkpt lat="46.4165620" lon="14.8968380">
    <ele>1511.8</ele>
   </trkpt>
   <trkpt lat="46.4165430" lon="14.8968430">
    <ele>1511.2</ele>
   </trkpt>
   <trkpt lat="46.4165250" lon="14.8968420">
    <ele>1510.2</ele>
   </trkpt>
   <trkpt lat="46.4165100" lon="14.8968270">
    <ele>1509.8</ele>
   </trkpt>
   <trkpt lat="46.4165100" lon="14.8968270">
    <ele>1509.2</ele>
   </trkpt>
   <trkpt lat="46.4164770" lon="14.8967670">
    <ele>1508.8</ele>
   </trkpt>
   <trkpt lat="46.4164580" lon="14.8967330">
    <ele>1508.2</ele>
   </trkpt>
   <trkpt lat="46.4164420" lon="14.8967070">
    <ele>1507.4</ele>
   </trkpt>
   <trkpt lat="46.4164250" lon="14.8966950">
    <ele>1506.4</ele>
   </trkpt>
   <trkpt lat="46.4164090" lon="14.8967060">
    <ele>1505.8</ele>
   </trkpt>
   <trkpt lat="46.4164090" lon="14.8967060">
    <ele>1505.2</ele>
   </trkpt>
   <trkpt lat="46.4163780" lon="14.8967280">
    <ele>1504.6</ele>
   </trkpt>
   <trkpt lat="46.4163780" lon="14.8967280">
    <ele>1503.4</ele>
   </trkpt>
   <trkpt lat="46.4163480" lon="14.8966970">
    <ele>1502.8</ele>
   </trkpt>
   <trkpt lat="46.4163480" lon="14.8966970">
    <ele>1502.0</ele>
   </trkpt>
   <trkpt lat="46.4163150" lon="14.8966570">
    <ele>1501.4</ele>
   </trkpt>
   <trkpt lat="46.4162900" lon="14.8966530">
    <ele>1500.8</ele>
   </trkpt>
   <trkpt lat="46.4162700" lon="14.8966470">
    <ele>1500.2</ele>
   </trkpt>
   <trkpt lat="46.4162480" lon="14.8966350">
    <ele>1499.8</ele>
   </trkpt>
   <trkpt lat="46.4162280" lon="14.8966180">
    <ele>1498.6</ele>
   </trkpt>
   <trkpt lat="46.4162020" lon="14.8965970">
    <ele>1498.2</ele>
   </trkpt>
   <trkpt lat="46.4161700" lon="14.8966020">
    <ele>1497.6</ele>
   </trkpt>
   <trkpt lat="46.4161450" lon="14.8966080">
    <ele>1497.2</ele>
   </trkpt>
   <trkpt lat="46.4161130" lon="14.8966150">
    <ele>1496.0</ele>
   </trkpt>
   <trkpt lat="46.4160850" lon="14.8966170">
    <ele>1495.4</ele>
   </trkpt>
   <trkpt lat="46.4160580" lon="14.8966150">
    <ele>1494.6</ele>
   </trkpt>
   <trkpt lat="46.4160370" lon="14.8966050">
    <ele>1493.8</ele>
   </trkpt>
   <trkpt lat="46.4160100" lon="14.8965950">
    <ele>1492.8</ele>
   </trkpt>
   <trkpt lat="46.4159830" lon="14.8965800">
    <ele>1492.2</ele>
   </trkpt>
   <trkpt lat="46.4159650" lon="14.8965580">
    <ele>1490.8</ele>
   </trkpt>
   <trkpt lat="46.4159480" lon="14.8965350">
    <ele>1490.8</ele>
   </trkpt>
   <trkpt lat="46.4159270" lon="14.8965070">
    <ele>1489.6</ele>
   </trkpt>
   <trkpt lat="46.4159000" lon="14.8964880">
    <ele>1489.2</ele>
   </trkpt>
   <trkpt lat="46.4158750" lon="14.8964800">
    <ele>1488.0</ele>
   </trkpt>
   <trkpt lat="46.4158470" lon="14.8964780">
    <ele>1487.0</ele>
   </trkpt>
   <trkpt lat="46.4158230" lon="14.8964820">
    <ele>1486.2</ele>
   </trkpt>
   <trkpt lat="46.4158020" lon="14.8964930">
    <ele>1485.2</ele>
   </trkpt>
   <trkpt lat="46.4157820" lon="14.8965100">
    <ele>1484.4</ele>
   </trkpt>
   <trkpt lat="46.4157520" lon="14.8965200">
    <ele>1484.0</ele>
   </trkpt>
   <trkpt lat="46.4157220" lon="14.8965280">
    <ele>1483.8</ele>
   </trkpt>
   <trkpt lat="46.4156930" lon="14.8965350">
    <ele>1482.8</ele>
   </trkpt>
   <trkpt lat="46.4156700" lon="14.8965450">
    <ele>1482.0</ele>
   </trkpt>
   <trkpt lat="46.4156470" lon="14.8965520">
    <ele>1481.2</ele>
   </trkpt>
   <trkpt lat="46.4156230" lon="14.8965520">
    <ele>1480.6</ele>
   </trkpt>
   <trkpt lat="46.4155980" lon="14.8965420">
    <ele>1480.0</ele>
   </trkpt>
   <trkpt lat="46.4155730" lon="14.8965280">
    <ele>1479.4</ele>
   </trkpt>
   <trkpt lat="46.4155420" lon="14.8965230">
    <ele>1478.8</ele>
   </trkpt>
   <trkpt lat="46.4155100" lon="14.8965200">
    <ele>1478.0</ele>
   </trkpt>
   <trkpt lat="46.4154730" lon="14.8965170">
    <ele>1477.2</ele>
   </trkpt>
   <trkpt lat="46.4154370" lon="14.8965250">
    <ele>1477.0</ele>
   </trkpt>
   <trkpt lat="46.4154020" lon="14.8965400">
    <ele>1475.6</ele>
   </trkpt>
   <trkpt lat="46.4153650" lon="14.8965530">
    <ele>1475.2</ele>
   </trkpt>
   <trkpt lat="46.4153330" lon="14.8965620">
    <ele>1474.8</ele>
   </trkpt>
   <trkpt lat="46.4153000" lon="14.8965650">
    <ele>1473.8</ele>
   </trkpt>
   <trkpt lat="46.4152670" lon="14.8965620">
    <ele>1473.2</ele>
   </trkpt>
   <trkpt lat="46.4152400" lon="14.8965580">
    <ele>1472.2</ele>
   </trkpt>
   <trkpt lat="46.4152120" lon="14.8965550">
    <ele>1471.4</ele>
   </trkpt>
   <trkpt lat="46.4151880" lon="14.8965500">
    <ele>1471.2</ele>
   </trkpt>
   <trkpt lat="46.4151630" lon="14.8965420">
    <ele>1470.2</ele>
   </trkpt>
   <trkpt lat="46.4151380" lon="14.8965320">
    <ele>1469.6</ele>
   </trkpt>
   <trkpt lat="46.4151100" lon="14.8965330">
    <ele>1468.8</ele>
   </trkpt>
   <trkpt lat="46.4150880" lon="14.8965430">
    <ele>1468.4</ele>
   </trkpt>
   <trkpt lat="46.4150730" lon="14.8965570">
    <ele>1467.0</ele>
   </trkpt>
   <trkpt lat="46.4150620" lon="14.8965600">
    <ele>1466.4</ele>
   </trkpt>
   <trkpt lat="46.4150620" lon="14.8965600">
    <ele>1466.0</ele>
   </trkpt>
   <trkpt lat="46.4150320" lon="14.8965650">
    <ele>1465.4</ele>
   </trkpt>
   <trkpt lat="46.4150320" lon="14.8965650">
    <ele>1465.0</ele>
   </trkpt>
   <trkpt lat="46.4149850" lon="14.8966100">
    <ele>1464.4</ele>
   </trkpt>
   <trkpt lat="46.4149630" lon="14.8966400">
    <ele>1464.4</ele>
   </trkpt>
   <trkpt lat="46.4149420" lon="14.8966720">
    <ele>1463.6</ele>
   </trkpt>
   <trkpt lat="46.4149270" lon="14.8967150">
    <ele>1463.4</ele>
   </trkpt>
   <trkpt lat="46.4149230" lon="14.8967580">
    <ele>1463.4</ele>
   </trkpt>
   <trkpt lat="46.4149230" lon="14.8968070">
    <ele>1463.2</ele>
   </trkpt>
   <trkpt lat="46.4149250" lon="14.8968550">
    <ele>1463.0</ele>
   </trkpt>
   <trkpt lat="46.4149220" lon="14.8969100">
    <ele>1462.4</ele>
   </trkpt>
   <trkpt lat="46.4149170" lon="14.8969570">
    <ele>1462.2</ele>
   </trkpt>
   <trkpt lat="46.4149130" lon="14.8970030">
    <ele>1461.8</ele>
   </trkpt>
   <trkpt lat="46.4149120" lon="14.8970550">
    <ele>1461.2</ele>
   </trkpt>
   <trkpt lat="46.4149070" lon="14.8971020">
    <ele>1460.8</ele>
   </trkpt>
   <trkpt lat="46.4149020" lon="14.8971530">
    <ele>1460.0</ele>
   </trkpt>
   <trkpt lat="46.4149200" lon="14.8972000">
    <ele>1459.4</ele>
   </trkpt>
   <trkpt lat="46.4149400" lon="14.8972350">
    <ele>1458.6</ele>
   </trkpt>
   <trkpt lat="46.4149620" lon="14.8972600">
    <ele>1457.8</ele>
   </trkpt>
   <trkpt lat="46.4149830" lon="14.8972850">
    <ele>1457.0</ele>
   </trkpt>
   <trkpt lat="46.4150010" lon="14.8973230">
    <ele>1456.2</ele>
   </trkpt>
   <trkpt lat="46.4150150" lon="14.8973670">
    <ele>1454.4</ele>
   </trkpt>
   <trkpt lat="46.4150380" lon="14.8973970">
    <ele>1454.4</ele>
   </trkpt>
   <trkpt lat="46.4150570" lon="14.8974300">
    <ele>1452.8</ele>
   </trkpt>
   <trkpt lat="46.4150680" lon="14.8974550">
    <ele>1452.8</ele>
   </trkpt>
   <trkpt lat="46.4150770" lon="14.8975000">
    <ele>1451.0</ele>
   </trkpt>
   <trkpt lat="46.4150830" lon="14.8975430">
    <ele>1450.2</ele>
   </trkpt>
   <trkpt lat="46.4150930" lon="14.8975900">
    <ele>1449.4</ele>
   </trkpt>
   <trkpt lat="46.4150980" lon="14.8976300">
    <ele>1448.6</ele>
   </trkpt>
   <trkpt lat="46.4151050" lon="14.8976750">
    <ele>1447.8</ele>
   </trkpt>
   <trkpt lat="46.4151130" lon="14.8977220">
    <ele>1447.2</ele>
   </trkpt>
   <trkpt lat="46.4151220" lon="14.8977600">
    <ele>1445.8</ele>
   </trkpt>
   <trkpt lat="46.4151250" lon="14.8977930">
    <ele>1445.2</ele>
   </trkpt>
   <trkpt lat="46.4151220" lon="14.8978220">
    <ele>1444.0</ele>
   </trkpt>
   <trkpt lat="46.4151020" lon="14.8978500">
    <ele>1443.4</ele>
   </trkpt>
   <trkpt lat="46.4150770" lon="14.8978620">
    <ele>1443.2</ele>
   </trkpt>
   <trkpt lat="46.4150460" lon="14.8978580">
    <ele>1442.4</ele>
   </trkpt>
   <trkpt lat="46.4150170" lon="14.8978530">
    <ele>1442.4</ele>
   </trkpt>
   <trkpt lat="46.4149830" lon="14.8978520">
    <ele>1441.8</ele>
   </trkpt>
   <trkpt lat="46.4149500" lon="14.8978570">
    <ele>1441.0</ele>
   </trkpt>
   <trkpt lat="46.4149220" lon="14.8978700">
    <ele>1440.4</ele>
   </trkpt>
   <trkpt lat="46.4148930" lon="14.8978920">
    <ele>1439.8</ele>
   </trkpt>
   <trkpt lat="46.4148670" lon="14.8979170">
    <ele>1439.0</ele>
   </trkpt>
   <trkpt lat="46.4148430" lon="14.8979500">
    <ele>1438.8</ele>
   </trkpt>
   <trkpt lat="46.4148280" lon="14.8979820">
    <ele>1437.8</ele>
   </trkpt>
   <trkpt lat="46.4148170" lon="14.8980170">
    <ele>1436.8</ele>
   </trkpt>
   <trkpt lat="46.4148000" lon="14.8980570">
    <ele>1436.0</ele>
   </trkpt>
   <trkpt lat="46.4147800" lon="14.8981030">
    <ele>1434.8</ele>
   </trkpt>
   <trkpt lat="46.4147630" lon="14.8981430">
    <ele>1434.0</ele>
   </trkpt>
   <trkpt lat="46.4147450" lon="14.8981750">
    <ele>1433.6</ele>
   </trkpt>
   <trkpt lat="46.4147230" lon="14.8982070">
    <ele>1432.6</ele>
   </trkpt>
   <trkpt lat="46.4147080" lon="14.8982350">
    <ele>1431.8</ele>
   </trkpt>
   <trkpt lat="46.4146970" lon="14.8982680">
    <ele>1431.2</ele>
   </trkpt>
   <trkpt lat="46.4146850" lon="14.8982900">
    <ele>1430.0</ele>
   </trkpt>
   <trkpt lat="46.4146730" lon="14.8983080">
    <ele>1429.4</ele>
   </trkpt>
   <trkpt lat="46.4146570" lon="14.8983270">
    <ele>1428.8</ele>
   </trkpt>
   <trkpt lat="46.4146380" lon="14.8983380">
    <ele>1428.2</ele>
   </trkpt>
   <trkpt lat="46.4146150" lon="14.8983420">
    <ele>1427.6</ele>
   </trkpt>
   <trkpt lat="46.4145920" lon="14.8983530">
    <ele>1427.0</ele>
   </trkpt>
   <trkpt lat="46.4145730" lon="14.8983730">
    <ele>1426.2</ele>
   </trkpt>
   <trkpt lat="46.4145550" lon="14.8983870">
    <ele>1425.2</ele>
   </trkpt>
   <trkpt lat="46.4145350" lon="14.8984150">
    <ele>1424.8</ele>
   </trkpt>
   <trkpt lat="46.4145220" lon="14.8984470">
    <ele>1423.8</ele>
   </trkpt>
   <trkpt lat="46.4145080" lon="14.8984720">
    <ele>1423.2</ele>
   </trkpt>
   <trkpt lat="46.4144900" lon="14.8984900">
    <ele>1422.8</ele>
   </trkpt>
   <trkpt lat="46.4144750" lon="14.8985180">
    <ele>1422.2</ele>
   </trkpt>
   <trkpt lat="46.4144580" lon="14.8985520">
    <ele>1421.8</ele>
   </trkpt>
   <trkpt lat="46.4144380" lon="14.8985830">
    <ele>1420.8</ele>
   </trkpt>
   <trkpt lat="46.4144170" lon="14.8986130">
    <ele>1420.4</ele>
   </trkpt>
   <trkpt lat="46.4143930" lon="14.8986380">
    <ele>1420.2</ele>
   </trkpt>
   <trkpt lat="46.4143720" lon="14.8986550">
    <ele>1419.0</ele>
   </trkpt>
   <trkpt lat="46.4143470" lon="14.8986700">
    <ele>1418.8</ele>
   </trkpt>
   <trkpt lat="46.4143230" lon="14.8986950">
    <ele>1418.0</ele>
   </trkpt>
   <trkpt lat="46.4143020" lon="14.8987180">
    <ele>1417.8</ele>
   </trkpt>
   <trkpt lat="46.4142860" lon="14.8987420">
    <ele>1417.2</ele>
   </trkpt>
   <trkpt lat="46.4142720" lon="14.8987570">
    <ele>1416.2</ele>
   </trkpt>
   <trkpt lat="46.4142530" lon="14.8987620">
    <ele>1415.8</ele>
   </trkpt>
   <trkpt lat="46.4142300" lon="14.8987730">
    <ele>1414.8</ele>
   </trkpt>
   <trkpt lat="46.4142080" lon="14.8987950">
    <ele>1414.4</ele>
   </trkpt>
   <trkpt lat="46.4141900" lon="14.8988230">
    <ele>1413.8</ele>
   </trkpt>
   <trkpt lat="46.4141730" lon="14.8988600">
    <ele>1412.8</ele>
   </trkpt>
   <trkpt lat="46.4141630" lon="14.8989030">
    <ele>1412.4</ele>
   </trkpt>
   <trkpt lat="46.4141520" lon="14.8989430">
    <ele>1411.6</ele>
   </trkpt>
   <trkpt lat="46.4141400" lon="14.8989820">
    <ele>1411.2</ele>
   </trkpt>
   <trkpt lat="46.4141300" lon="14.8990080">
    <ele>1410.6</ele>
   </trkpt>
   <trkpt lat="46.4141180" lon="14.8990220">
    <ele>1409.6</ele>
   </trkpt>
   <trkpt lat="46.4141000" lon="14.8990150">
    <ele>1409.0</ele>
   </trkpt>
   <trkpt lat="46.4141000" lon="14.8990150">
    <ele>1408.0</ele>
   </trkpt>
   <trkpt lat="46.4140730" lon="14.8990450">
    <ele>1408.0</ele>
   </trkpt>
   <trkpt lat="46.4140730" lon="14.8990450">
    <ele>1406.8</ele>
   </trkpt>
   <trkpt lat="46.4140380" lon="14.8990880">
    <ele>1406.8</ele>
   </trkpt>
   <trkpt lat="46.4140250" lon="14.8991080">
    <ele>1406.0</ele>
   </trkpt>
   <trkpt lat="46.4140090" lon="14.8991010">
    <ele>1405.2</ele>
   </trkpt>
   <trkpt lat="46.4140090" lon="14.8991010">
    <ele>1404.6</ele>
   </trkpt>
   <trkpt lat="46.4139770" lon="14.8990870">
    <ele>1404.2</ele>
   </trkpt>
   <trkpt lat="46.4139770" lon="14.8990870">
    <ele>1403.6</ele>
   </trkpt>
   <trkpt lat="46.4139420" lon="14.8990850">
    <ele>1402.8</ele>
   </trkpt>
   <trkpt lat="46.4139420" lon="14.8990850">
    <ele>1402.8</ele>
   </trkpt>
   <trkpt lat="46.4139030" lon="14.8991120">
    <ele>1401.8</ele>
   </trkpt>
   <trkpt lat="46.4138830" lon="14.8991270">
    <ele>1401.2</ele>
   </trkpt>
   <trkpt lat="46.4138620" lon="14.8991420">
    <ele>1400.8</ele>
   </trkpt>
   <trkpt lat="46.4138430" lon="14.8991570">
    <ele>1400.0</ele>
   </trkpt>
   <trkpt lat="46.4138280" lon="14.8991720">
    <ele>1399.4</ele>
   </trkpt>
   <trkpt lat="46.4138120" lon="14.8991780">
    <ele>1398.6</ele>
   </trkpt>
   <trkpt lat="46.4137920" lon="14.8991880">
    <ele>1397.6</ele>
   </trkpt>
   <trkpt lat="46.4137730" lon="14.8992120">
    <ele>1397.0</ele>
   </trkpt>
   <trkpt lat="46.4137530" lon="14.8992350">
    <ele>1395.8</ele>
   </trkpt>
   <trkpt lat="46.4137350" lon="14.8992550">
    <ele>1395.8</ele>
   </trkpt>
   <trkpt lat="46.4137170" lon="14.8992720">
    <ele>1395.2</ele>
   </trkpt>
   <trkpt lat="46.4136950" lon="14.8992900">
    <ele>1394.4</ele>
   </trkpt>
   <trkpt lat="46.4136770" lon="14.8993130">
    <ele>1393.4</ele>
   </trkpt>
   <trkpt lat="46.4136550" lon="14.8993370">
    <ele>1392.6</ele>
   </trkpt>
   <trkpt lat="46.4136350" lon="14.8993600">
    <ele>1392.0</ele>
   </trkpt>
   <trkpt lat="46.4136150" lon="14.8993880">
    <ele>1391.2</ele>
   </trkpt>
   <trkpt lat="46.4135980" lon="14.8994130">
    <ele>1390.4</ele>
   </trkpt>
   <trkpt lat="46.4135870" lon="14.8994430">
    <ele>1390.0</ele>
   </trkpt>
   <trkpt lat="46.4135730" lon="14.8994830">
    <ele>1389.2</ele>
   </trkpt>
   <trkpt lat="46.4135620" lon="14.8995180">
    <ele>1388.4</ele>
   </trkpt>
   <trkpt lat="46.4135550" lon="14.8995520">
    <ele>1387.8</ele>
   </trkpt>
   <trkpt lat="46.4135500" lon="14.8995870">
    <ele>1387.0</ele>
   </trkpt>
   <trkpt lat="46.4135400" lon="14.8996230">
    <ele>1386.4</ele>
   </trkpt>
   <trkpt lat="46.4135330" lon="14.8996550">
    <ele>1385.6</ele>
   </trkpt>
   <trkpt lat="46.4135250" lon="14.8996750">
    <ele>1384.8</ele>
   </trkpt>
   <trkpt lat="46.4135100" lon="14.8996930">
    <ele>1384.4</ele>
   </trkpt>
   <trkpt lat="46.4134920" lon="14.8997180">
    <ele>1383.8</ele>
   </trkpt>
   <trkpt lat="46.4134800" lon="14.8997420">
    <ele>1383.4</ele>
   </trkpt>
   <trkpt lat="46.4134700" lon="14.8997630">
    <ele>1382.8</ele>
   </trkpt>
   <trkpt lat="46.4134550" lon="14.8997880">
    <ele>1382.0</ele>
   </trkpt>
   <trkpt lat="46.4134370" lon="14.8998170">
    <ele>1381.6</ele>
   </trkpt>
   <trkpt lat="46.4134170" lon="14.8998430">
    <ele>1381.0</ele>
   </trkpt>
   <trkpt lat="46.4133950" lon="14.8998670">
    <ele>1380.4</ele>
   </trkpt>
   <trkpt lat="46.4133750" lon="14.8998830">
    <ele>1379.6</ele>
   </trkpt>
   <trkpt lat="46.4133570" lon="14.8999020">
    <ele>1379.0</ele>
   </trkpt>
   <trkpt lat="46.4133400" lon="14.8999180">
    <ele>1378.4</ele>
   </trkpt>
   <trkpt lat="46.4133280" lon="14.8999330">
    <ele>1378.0</ele>
   </trkpt>
   <trkpt lat="46.4133130" lon="14.8999450">
    <ele>1377.8</ele>
   </trkpt>
   <trkpt lat="46.4132930" lon="14.8999500">
    <ele>1377.2</ele>
   </trkpt>
   <trkpt lat="46.4132730" lon="14.8999630">
    <ele>1376.4</ele>
   </trkpt>
   <trkpt lat="46.4132500" lon="14.8999730">
    <ele>1376.2</ele>
   </trkpt>
   <trkpt lat="46.4132270" lon="14.8999700">
    <ele>1376.0</ele>
   </trkpt>
   <trkpt lat="46.4132020" lon="14.8999550">
    <ele>1375.6</ele>
   </trkpt>
   <trkpt lat="46.4131830" lon="14.8999370">
    <ele>1375.2</ele>
   </trkpt>
   <trkpt lat="46.4131780" lon="14.8999250">
    <ele>1374.6</ele>
   </trkpt>
   <trkpt lat="46.4131750" lon="14.8998880">
    <ele>1374.2</ele>
   </trkpt>
   <trkpt lat="46.4131700" lon="14.8998480">
    <ele>1373.8</ele>
   </trkpt>
   <trkpt lat="46.4131630" lon="14.8998030">
    <ele>1373.6</ele>
   </trkpt>
   <trkpt lat="46.4131530" lon="14.8997570">
    <ele>1373.2</ele>
   </trkpt>
   <trkpt lat="46.4131380" lon="14.8997080">
    <ele>1372.6</ele>
   </trkpt>
   <trkpt lat="46.4131270" lon="14.8996650">
    <ele>1372.0</ele>
   </trkpt>
   <trkpt lat="46.4131130" lon="14.8996180">
    <ele>1371.6</ele>
   </trkpt>
   <trkpt lat="46.4131020" lon="14.8995780">
    <ele>1371.2</ele>
   </trkpt>
   <trkpt lat="46.4130870" lon="14.8995320">
    <ele>1371.0</ele>
   </trkpt>
   <trkpt lat="46.4130760" lon="14.8994780">
    <ele>1370.2</ele>
   </trkpt>
   <trkpt lat="46.4130600" lon="14.8994300">
    <ele>1370.2</ele>
   </trkpt>
   <trkpt lat="46.4130470" lon="14.8993830">
    <ele>1370.2</ele>
   </trkpt>
   <trkpt lat="46.4130370" lon="14.8993300">
    <ele>1370.0</ele>
   </trkpt>
   <trkpt lat="46.4130230" lon="14.8992800">
    <ele>1369.8</ele>
   </trkpt>
   <trkpt lat="46.4130100" lon="14.8992350">
    <ele>1369.4</ele>
   </trkpt>
   <trkpt lat="46.4129980" lon="14.8991880">
    <ele>1368.8</ele>
   </trkpt>
   <trkpt lat="46.4129920" lon="14.8991400">
    <ele>1368.4</ele>
   </trkpt>
   <trkpt lat="46.4129870" lon="14.8990880">
    <ele>1367.8</ele>
   </trkpt>
   <trkpt lat="46.4129820" lon="14.8990400">
    <ele>1367.6</ele>
   </trkpt>
   <trkpt lat="46.4129820" lon="14.8989920">
    <ele>1367.2</ele>
   </trkpt>
   <trkpt lat="46.4129820" lon="14.8989400">
    <ele>1366.8</ele>
   </trkpt>
   <trkpt lat="46.4129770" lon="14.8988950">
    <ele>1366.8</ele>
   </trkpt>
   <trkpt lat="46.4129620" lon="14.8988620">
    <ele>1366.2</ele>
   </trkpt>
   <trkpt lat="46.4129420" lon="14.8988500">
    <ele>1366.0</ele>
   </trkpt>
   <trkpt lat="46.4129180" lon="14.8988600">
    <ele>1365.2</ele>
   </trkpt>
   <trkpt lat="46.4128970" lon="14.8988870">
    <ele>1364.8</ele>
   </trkpt>
   <trkpt lat="46.4128780" lon="14.8989100">
    <ele>1364.4</ele>
   </trkpt>
   <trkpt lat="46.4128620" lon="14.8989200">
    <ele>1364.0</ele>
   </trkpt>
   <trkpt lat="46.4128480" lon="14.8989120">
    <ele>1363.8</ele>
   </trkpt>
   <trkpt lat="46.4128480" lon="14.8989120">
    <ele>1363.0</ele>
   </trkpt>
   <trkpt lat="46.4128230" lon="14.8988780">
    <ele>1362.6</ele>
   </trkpt>
   <trkpt lat="46.4128230" lon="14.8988780">
    <ele>1362.0</ele>
   </trkpt>
   <trkpt lat="46.4127920" lon="14.8988420">
    <ele>1361.6</ele>
   </trkpt>
   <trkpt lat="46.4127780" lon="14.8988250">
    <ele>1360.8</ele>
   </trkpt>
   <trkpt lat="46.4127580" lon="14.8988130">
    <ele>1360.2</ele>
   </trkpt>
   <trkpt lat="46.4127400" lon="14.8988070">
    <ele>1359.8</ele>
   </trkpt>
   <trkpt lat="46.4127230" lon="14.8987970">
    <ele>1359.0</ele>
   </trkpt>
   <trkpt lat="46.4127230" lon="14.8987970">
    <ele>1358.8</ele>
   </trkpt>
   <trkpt lat="46.4127020" lon="14.8987700">
    <ele>1358.2</ele>
   </trkpt>
   <trkpt lat="46.4127020" lon="14.8987700">
    <ele>1357.4</ele>
   </trkpt>
   <trkpt lat="46.4126780" lon="14.8987450">
    <ele>1356.8</ele>
   </trkpt>
   <trkpt lat="46.4126780" lon="14.8987450">
    <ele>1356.2</ele>
   </trkpt>
   <trkpt lat="46.4126680" lon="14.8987200">
    <ele>1355.4</ele>
   </trkpt>
   <trkpt lat="46.4126680" lon="14.8987200">
    <ele>1354.6</ele>
   </trkpt>
   <trkpt lat="46.4126680" lon="14.8987020">
    <ele>1354.0</ele>
   </trkpt>
   <trkpt lat="46.4126680" lon="14.8987020">
    <ele>1353.8</ele>
   </trkpt>
   <trkpt lat="46.4126620" lon="14.8986550">
    <ele>1353.4</ele>
   </trkpt>
   <trkpt lat="46.4126620" lon="14.8986550">
    <ele>1353.0</ele>
   </trkpt>
   <trkpt lat="46.4126430" lon="14.8985900">
    <ele>1352.6</ele>
   </trkpt>
   <trkpt lat="46.4126300" lon="14.8985520">
    <ele>1352.4</ele>
   </trkpt>
   <trkpt lat="46.4126220" lon="14.8985120">
    <ele>1352.2</ele>
   </trkpt>
   <trkpt lat="46.4126130" lon="14.8984750">
    <ele>1352.2</ele>
   </trkpt>
   <trkpt lat="46.4126050" lon="14.8984270">
    <ele>1352.2</ele>
   </trkpt>
   <trkpt lat="46.4125980" lon="14.8983800">
    <ele>1352.2</ele>
   </trkpt>
   <trkpt lat="46.4125970" lon="14.8983350">
    <ele>1352.2</ele>
   </trkpt>
   <trkpt lat="46.4125930" lon="14.8982970">
    <ele>1352.4</ele>
   </trkpt>
   <trkpt lat="46.4125920" lon="14.8982530">
    <ele>1352.4</ele>
   </trkpt>
   <trkpt lat="46.4125850" lon="14.8982170">
    <ele>1352.4</ele>
   </trkpt>
   <trkpt lat="46.4125820" lon="14.8981850">
    <ele>1352.4</ele>
   </trkpt>
   <trkpt lat="46.4125800" lon="14.8981450">
    <ele>1352.4</ele>
   </trkpt>
   <trkpt lat="46.4125820" lon="14.8980980">
    <ele>1352.6</ele>
   </trkpt>
   <trkpt lat="46.4125850" lon="14.8980480">
    <ele>1352.6</ele>
   </trkpt>
   <trkpt lat="46.4125870" lon="14.8980050">
    <ele>1352.6</ele>
   </trkpt>
   <trkpt lat="46.4125820" lon="14.8979670">
    <ele>1352.2</ele>
   </trkpt>
   <trkpt lat="46.4125800" lon="14.8979250">
    <ele>1352.2</ele>
   </trkpt>
   <trkpt lat="46.4125820" lon="14.8978850">
    <ele>1352.2</ele>
   </trkpt>
   <trkpt lat="46.4125870" lon="14.8978420">
    <ele>1352.0</ele>
   </trkpt>
   <trkpt lat="46.4125920" lon="14.8977980">
    <ele>1351.8</ele>
   </trkpt>
   <trkpt lat="46.4126000" lon="14.8977530">
    <ele>1351.6</ele>
   </trkpt>
   <trkpt lat="46.4126070" lon="14.8977080">
    <ele>1351.6</ele>
   </trkpt>
   <trkpt lat="46.4126150" lon="14.8976700">
    <ele>1351.4</ele>
   </trkpt>
   <trkpt lat="46.4126250" lon="14.8976280">
    <ele>1351.4</ele>
   </trkpt>
   <trkpt lat="46.4126350" lon="14.8975950">
    <ele>1351.4</ele>
   </trkpt>
   <trkpt lat="46.4126470" lon="14.8975570">
    <ele>1351.0</ele>
   </trkpt>
   <trkpt lat="46.4126600" lon="14.8975230">
    <ele>1351.0</ele>
   </trkpt>
   <trkpt lat="46.4126720" lon="14.8975000">
    <ele>1351.0</ele>
   </trkpt>
   <trkpt lat="46.4126850" lon="14.8974630">
    <ele>1350.8</ele>
   </trkpt>
   <trkpt lat="46.4127000" lon="14.8974280">
    <ele>1350.4</ele>
   </trkpt>
   <trkpt lat="46.4127180" lon="14.8973880">
    <ele>1350.2</ele>
   </trkpt>
   <trkpt lat="46.4127370" lon="14.8973480">
    <ele>1350.2</ele>
   </trkpt>
   <trkpt lat="46.4127570" lon="14.8973080">
    <ele>1350.2</ele>
   </trkpt>
   <trkpt lat="46.4127720" lon="14.8972580">
    <ele>1349.8</ele>
   </trkpt>
   <trkpt lat="46.4127830" lon="14.8972170">
    <ele>1349.6</ele>
   </trkpt>
   <trkpt lat="46.4127950" lon="14.8971730">
    <ele>1349.4</ele>
   </trkpt>
   <trkpt lat="46.4128050" lon="14.8971300">
    <ele>1349.2</ele>
   </trkpt>
   <trkpt lat="46.4128170" lon="14.8970830">
    <ele>1349.0</ele>
   </trkpt>
   <trkpt lat="46.4128230" lon="14.8970420">
    <ele>1349.0</ele>
   </trkpt>
   <trkpt lat="46.4128270" lon="14.8969970">
    <ele>1349.0</ele>
   </trkpt>
   <trkpt lat="46.4128330" lon="14.8969500">
    <ele>1349.0</ele>
   </trkpt>
   <trkpt lat="46.4128530" lon="14.8969020">
    <ele>1349.0</ele>
   </trkpt>
   <trkpt lat="46.4128670" lon="14.8968550">
    <ele>1349.0</ele>
   </trkpt>
   <trkpt lat="46.4128780" lon="14.8968080">
    <ele>1348.8</ele>
   </trkpt>
   <trkpt lat="46.4128880" lon="14.8967650">
    <ele>1348.8</ele>
   </trkpt>
   <trkpt lat="46.4128920" lon="14.8967270">
    <ele>1348.8</ele>
   </trkpt>
   <trkpt lat="46.4128980" lon="14.8966820">
    <ele>1348.8</ele>
   </trkpt>
   <trkpt lat="46.4129020" lon="14.8966330">
    <ele>1348.6</ele>
   </trkpt>
   <trkpt lat="46.4129120" lon="14.8965870">
    <ele>1348.2</ele>
   </trkpt>
   <trkpt lat="46.4129180" lon="14.8965330">
    <ele>1348.2</ele>
   </trkpt>
   <trkpt lat="46.4129250" lon="14.8964850">
    <ele>1348.2</ele>
   </trkpt>
   <trkpt lat="46.4129330" lon="14.8964420">
    <ele>1347.6</ele>
   </trkpt>
   <trkpt lat="46.4129470" lon="14.8963980">
    <ele>1347.4</ele>
   </trkpt>
   <trkpt lat="46.4129600" lon="14.8963630">
    <ele>1347.0</ele>
   </trkpt>
   <trkpt lat="46.4129750" lon="14.8963280">
    <ele>1347.0</ele>
   </trkpt>
   <trkpt lat="46.4129870" lon="14.8962970">
    <ele>1346.6</ele>
   </trkpt>
   <trkpt lat="46.4129980" lon="14.8962670">
    <ele>1346.0</ele>
   </trkpt>
   <trkpt lat="46.4130130" lon="14.8962280">
    <ele>1345.8</ele>
   </trkpt>
   <trkpt lat="46.4130350" lon="14.8961920">
    <ele>1345.4</ele>
   </trkpt>
   <trkpt lat="46.4130520" lon="14.8961580">
    <ele>1345.0</ele>
   </trkpt>
   <trkpt lat="46.4130700" lon="14.8961270">
    <ele>1344.6</ele>
   </trkpt>
   <trkpt lat="46.4130870" lon="14.8960900">
    <ele>1344.0</ele>
   </trkpt>
   <trkpt lat="46.4130980" lon="14.8960500">
    <ele>1343.4</ele>
   </trkpt>
   <trkpt lat="46.4131080" lon="14.8960030">
    <ele>1342.8</ele>
   </trkpt>
   <trkpt lat="46.4131180" lon="14.8959580">
    <ele>1341.8</ele>
   </trkpt>
   <trkpt lat="46.4131180" lon="14.8959150">
    <ele>1340.8</ele>
   </trkpt>
   <trkpt lat="46.4131120" lon="14.8958700">
    <ele>1340.2</ele>
   </trkpt>
   <trkpt lat="46.4131080" lon="14.8958220">
    <ele>1340.0</ele>
   </trkpt>
   <trkpt lat="46.4131030" lon="14.8957700">
    <ele>1339.2</ele>
   </trkpt>
   <trkpt lat="46.4130970" lon="14.8957220">
    <ele>1338.6</ele>
   </trkpt>
   <trkpt lat="46.4130880" lon="14.8956720">
    <ele>1338.2</ele>
   </trkpt>
   <trkpt lat="46.4130820" lon="14.8956220">
    <ele>1337.8</ele>
   </trkpt>
   <trkpt lat="46.4130780" lon="14.8955720">
    <ele>1337.4</ele>
   </trkpt>
   <trkpt lat="46.4130750" lon="14.8955220">
    <ele>1337.4</ele>
   </trkpt>
   <trkpt lat="46.4130700" lon="14.8954770">
    <ele>1336.8</ele>
   </trkpt>
   <trkpt lat="46.4130700" lon="14.8954230">
    <ele>1336.6</ele>
   </trkpt>
   <trkpt lat="46.4130630" lon="14.8953780">
    <ele>1336.6</ele>
   </trkpt>
   <trkpt lat="46.4130570" lon="14.8953350">
    <ele>1336.2</ele>
   </trkpt>
   <trkpt lat="46.4130500" lon="14.8952930">
    <ele>1336.0</ele>
   </trkpt>
   <trkpt lat="46.4130450" lon="14.8952530">
    <ele>1336.0</ele>
   </trkpt>
   <trkpt lat="46.4130420" lon="14.8952050">
    <ele>1336.0</ele>
   </trkpt>
   <trkpt lat="46.4130370" lon="14.8951470">
    <ele>1335.6</ele>
   </trkpt>
   <trkpt lat="46.4130370" lon="14.8950970">
    <ele>1335.6</ele>
   </trkpt>
   <trkpt lat="46.4130280" lon="14.8950450">
    <ele>1335.6</ele>
   </trkpt>
   <trkpt lat="46.4130170" lon="14.8949920">
    <ele>1335.6</ele>
   </trkpt>
   <trkpt lat="46.4130100" lon="14.8949530">
    <ele>1335.8</ele>
   </trkpt>
   <trkpt lat="46.4130030" lon="14.8949100">
    <ele>1335.8</ele>
   </trkpt>
   <trkpt lat="46.4130000" lon="14.8948730">
    <ele>1335.8</ele>
   </trkpt>
   <trkpt lat="46.4129980" lon="14.8948480">
    <ele>1335.8</ele>
   </trkpt>
   <trkpt lat="46.4129920" lon="14.8948320">
    <ele>1335.8</ele>
   </trkpt>
   <trkpt lat="46.4129920" lon="14.8948320">
    <ele>1335.8</ele>
   </trkpt>
   <trkpt lat="46.4129720" lon="14.8948450">
    <ele>1335.8</ele>
   </trkpt>
   <trkpt lat="46.4129720" lon="14.8948450">
    <ele>1335.6</ele>
   </trkpt>
   <trkpt lat="46.4129720" lon="14.8948450">
    <ele>1335.4</ele>
   </trkpt>
   <trkpt lat="46.4129450" lon="14.8948820">
    <ele>1334.8</ele>
   </trkpt>
   <trkpt lat="46.4129450" lon="14.8948820">
    <ele>1334.2</ele>
   </trkpt>
   <trkpt lat="46.4129180" lon="14.8949050">
    <ele>1333.8</ele>
   </trkpt>
   <trkpt lat="46.4129180" lon="14.8949050">
    <ele>1333.0</ele>
   </trkpt>
   <trkpt lat="46.4129000" lon="14.8948980">
    <ele>1332.4</ele>
   </trkpt>
   <trkpt lat="46.4129000" lon="14.8948980">
    <ele>1331.8</ele>
   </trkpt>
   <trkpt lat="46.4128780" lon="14.8948700">
    <ele>1331.2</ele>
   </trkpt>
   <trkpt lat="46.4128780" lon="14.8948700">
    <ele>1330.8</ele>
   </trkpt>
   <trkpt lat="46.4128630" lon="14.8948150">
    <ele>1330.2</ele>
   </trkpt>
   <trkpt lat="46.4128580" lon="14.8947800">
    <ele>1329.6</ele>
   </trkpt>
   <trkpt lat="46.4128550" lon="14.8947500">
    <ele>1329.2</ele>
   </trkpt>
   <trkpt lat="46.4128550" lon="14.8947270">
    <ele>1328.6</ele>
   </trkpt>
   <trkpt lat="46.4128530" lon="14.8947030">
    <ele>1328.4</ele>
   </trkpt>
   <trkpt lat="46.4128580" lon="14.8946730">
    <ele>1328.2</ele>
   </trkpt>
   <trkpt lat="46.4128600" lon="14.8946470">
    <ele>1327.6</ele>
   </trkpt>
   <trkpt lat="46.4128600" lon="14.8946470">
    <ele>1327.2</ele>
   </trkpt>
   <trkpt lat="46.4128520" lon="14.8946000">
    <ele>1326.6</ele>
   </trkpt>
   <trkpt lat="46.4128520" lon="14.8946000">
    <ele>1326.2</ele>
   </trkpt>
   <trkpt lat="46.4128220" lon="14.8945780">
    <ele>1325.8</ele>
   </trkpt>
   <trkpt lat="46.4128220" lon="14.8945780">
    <ele>1325.2</ele>
   </trkpt>
   <trkpt lat="46.4127830" lon="14.8945420">
    <ele>1324.4</ele>
   </trkpt>
   <trkpt lat="46.4127670" lon="14.8945320">
    <ele>1324.0</ele>
   </trkpt>
   <trkpt lat="46.4127500" lon="14.8945230">
    <ele>1323.2</ele>
   </trkpt>
   <trkpt lat="46.4127350" lon="14.8945070">
    <ele>1322.6</ele>
   </trkpt>
   <trkpt lat="46.4127180" lon="14.8944750">
    <ele>1322.4</ele>
   </trkpt>
   <trkpt lat="46.4127000" lon="14.8944430">
    <ele>1321.8</ele>
   </trkpt>
   <trkpt lat="46.4126800" lon="14.8944150">
    <ele>1321.4</ele>
   </trkpt>
   <trkpt lat="46.4126530" lon="14.8943870">
    <ele>1320.6</ele>
   </trkpt>
   <trkpt lat="46.4126320" lon="14.8943670">
    <ele>1320.0</ele>
   </trkpt>
   <trkpt lat="46.4126170" lon="14.8943470">
    <ele>1319.6</ele>
   </trkpt>
   <trkpt lat="46.4126080" lon="14.8943250">
    <ele>1319.2</ele>
   </trkpt>
   <trkpt lat="46.4126100" lon="14.8943000">
    <ele>1318.6</ele>
   </trkpt>
   <trkpt lat="46.4126100" lon="14.8943000">
    <ele>1318.0</ele>
   </trkpt>
   <trkpt lat="46.4126230" lon="14.8942600">
    <ele>1317.4</ele>
   </trkpt>
   <trkpt lat="46.4126230" lon="14.8942600">
    <ele>1317.0</ele>
   </trkpt>
   <trkpt lat="46.4126530" lon="14.8942570">
    <ele>1316.4</ele>
   </trkpt>
   <trkpt lat="46.4126530" lon="14.8942570">
    <ele>1315.6</ele>
   </trkpt>
   <trkpt lat="46.4126930" lon="14.8942500">
    <ele>1315.2</ele>
   </trkpt>
   <trkpt lat="46.4126930" lon="14.8942500">
    <ele>1314.8</ele>
   </trkpt>
   <trkpt lat="46.4127320" lon="14.8942250">
    <ele>1314.2</ele>
   </trkpt>
   <trkpt lat="46.4127480" lon="14.8942070">
    <ele>1313.6</ele>
   </trkpt>
   <trkpt lat="46.4127600" lon="14.8941920">
    <ele>1312.8</ele>
   </trkpt>
   <trkpt lat="46.4127750" lon="14.8941720">
    <ele>1312.0</ele>
   </trkpt>
   <trkpt lat="46.4127980" lon="14.8941630">
    <ele>1311.4</ele>
   </trkpt>
   <trkpt lat="46.4128200" lon="14.8941450">
    <ele>1310.8</ele>
   </trkpt>
   <trkpt lat="46.4128430" lon="14.8941270">
    <ele>1310.2</ele>
   </trkpt>
   <trkpt lat="46.4128670" lon="14.8941120">
    <ele>1309.6</ele>
   </trkpt>
   <trkpt lat="46.4128880" lon="14.8941020">
    <ele>1308.8</ele>
   </trkpt>
   <trkpt lat="46.4129130" lon="14.8940930">
    <ele>1307.8</ele>
   </trkpt>
   <trkpt lat="46.4129250" lon="14.8940700">
    <ele>1307.8</ele>
   </trkpt>
   <trkpt lat="46.4129330" lon="14.8940500">
    <ele>1306.4</ele>
   </trkpt>
   <trkpt lat="46.4129450" lon="14.8940200">
    <ele>1306.4</ele>
   </trkpt>
   <trkpt lat="46.4129500" lon="14.8939820">
    <ele>1305.0</ele>
   </trkpt>
   <trkpt lat="46.4129550" lon="14.8939430">
    <ele>1304.4</ele>
   </trkpt>
   <trkpt lat="46.4129680" lon="14.8939030">
    <ele>1303.8</ele>
   </trkpt>
   <trkpt lat="46.4129820" lon="14.8938670">
    <ele>1303.2</ele>
   </trkpt>
   <trkpt lat="46.4129950" lon="14.8938380">
    <ele>1302.8</ele>
   </trkpt>
   <trkpt lat="46.4130050" lon="14.8938030">
    <ele>1302.4</ele>
   </trkpt>
   <trkpt lat="46.4130120" lon="14.8937670">
    <ele>1302.0</ele>
   </trkpt>
   <trkpt lat="46.4130250" lon="14.8937270">
    <ele>1301.8</ele>
   </trkpt>
   <trkpt lat="46.4130380" lon="14.8936870">
    <ele>1301.6</ele>
   </trkpt>
   <trkpt lat="46.4130570" lon="14.8936450">
    <ele>1301.4</ele>
   </trkpt>
   <trkpt lat="46.4130760" lon="14.8936150">
    <ele>1300.6</ele>
   </trkpt>
   <trkpt lat="46.4130970" lon="14.8935900">
    <ele>1300.2</ele>
   </trkpt>
   <trkpt lat="46.4131180" lon="14.8935750">
    <ele>1300.0</ele>
   </trkpt>
   <trkpt lat="46.4131430" lon="14.8935570">
    <ele>1299.8</ele>
   </trkpt>
   <trkpt lat="46.4131700" lon="14.8935530">
    <ele>1299.6</ele>
   </trkpt>
   <trkpt lat="46.4131980" lon="14.8935530">
    <ele>1299.0</ele>
   </trkpt>
   <trkpt lat="46.4132250" lon="14.8935500">
    <ele>1298.8</ele>
   </trkpt>
   <trkpt lat="46.4132480" lon="14.8935400">
    <ele>1298.8</ele>
   </trkpt>
   <trkpt lat="46.4132650" lon="14.8935330">
    <ele>1298.8</ele>
   </trkpt>
   <trkpt lat="46.4132770" lon="14.8935350">
    <ele>1299.0</ele>
   </trkpt>
   <trkpt lat="46.4133020" lon="14.8935400">
    <ele>1299.0</ele>
   </trkpt>
   <trkpt lat="46.4133250" lon="14.8935280">
    <ele>1299.0</ele>
   </trkpt>
   <trkpt lat="46.4133350" lon="14.8935050">
    <ele>1299.0</ele>
   </trkpt>
   <trkpt lat="46.4133350" lon="14.8935050">
    <ele>1299.0</ele>
   </trkpt>
   <trkpt lat="46.4133220" lon="14.8934630">
    <ele>1299.0</ele>
   </trkpt>
   <trkpt lat="46.4133220" lon="14.8934630">
    <ele>1299.0</ele>
   </trkpt>
   <trkpt lat="46.4132970" lon="14.8934250">
    <ele>1299.0</ele>
   </trkpt>
   <trkpt lat="46.4132780" lon="14.8934000">
    <ele>1298.6</ele>
   </trkpt>
   <trkpt lat="46.4132550" lon="14.8933820">
    <ele>1298.6</ele>
   </trkpt>
   <trkpt lat="46.4132280" lon="14.8933570">
    <ele>1298.6</ele>
   </trkpt>
   <trkpt lat="46.4132070" lon="14.8933320">
    <ele>1298.6</ele>
   </trkpt>
   <trkpt lat="46.4131830" lon="14.8933150">
    <ele>1298.6</ele>
   </trkpt>
   <trkpt lat="46.4131580" lon="14.8933000">
    <ele>1298.8</ele>
   </trkpt>
   <trkpt lat="46.4131320" lon="14.8932800">
    <ele>1298.8</ele>
   </trkpt>
   <trkpt lat="46.4131080" lon="14.8932530">
    <ele>1298.6</ele>
   </trkpt>
   <trkpt lat="46.4130920" lon="14.8932220">
    <ele>1298.4</ele>
   </trkpt>
   <trkpt lat="46.4130800" lon="14.8931920">
    <ele>1298.0</ele>
   </trkpt>
   <trkpt lat="46.4130680" lon="14.8931550">
    <ele>1297.4</ele>
   </trkpt>
   <trkpt lat="46.4130550" lon="14.8931180">
    <ele>1297.0</ele>
   </trkpt>
   <trkpt lat="46.4130450" lon="14.8930780">
    <ele>1296.4</ele>
   </trkpt>
   <trkpt lat="46.4130400" lon="14.8930330">
    <ele>1295.8</ele>
   </trkpt>
   <trkpt lat="46.4130370" lon="14.8929980">
    <ele>1295.0</ele>
   </trkpt>
   <trkpt lat="46.4130300" lon="14.8929600">
    <ele>1294.0</ele>
   </trkpt>
   <trkpt lat="46.4130220" lon="14.8929200">
    <ele>1293.4</ele>
   </trkpt>
   <trkpt lat="46.4130120" lon="14.8928730">
    <ele>1292.6</ele>
   </trkpt>
   <trkpt lat="46.4130020" lon="14.8928350">
    <ele>1291.8</ele>
   </trkpt>
   <trkpt lat="46.4129930" lon="14.8928000">
    <ele>1291.2</ele>
   </trkpt>
   <trkpt lat="46.4129850" lon="14.8927630">
    <ele>1290.6</ele>
   </trkpt>
   <trkpt lat="46.4129730" lon="14.8927270">
    <ele>1289.8</ele>
   </trkpt>
   <trkpt lat="46.4129600" lon="14.8926950">
    <ele>1289.4</ele>
   </trkpt>
   <trkpt lat="46.4129520" lon="14.8926650">
    <ele>1288.8</ele>
   </trkpt>
   <trkpt lat="46.4129470" lon="14.8926370">
    <ele>1288.8</ele>
   </trkpt>
   <trkpt lat="46.4129450" lon="14.8926100">
    <ele>1288.2</ele>
   </trkpt>
   <trkpt lat="46.4129230" lon="14.8925950">
    <ele>1287.4</ele>
   </trkpt>
   <trkpt lat="46.4129230" lon="14.8925950">
    <ele>1286.8</ele>
   </trkpt>
   <trkpt lat="46.4128930" lon="14.8925750">
    <ele>1286.8</ele>
   </trkpt>
   <trkpt lat="46.4128650" lon="14.8925700">
    <ele>1286.2</ele>
   </trkpt>
   <trkpt lat="46.4128400" lon="14.8925570">
    <ele>1285.2</ele>
   </trkpt>
   <trkpt lat="46.4128080" lon="14.8925450">
    <ele>1284.4</ele>
   </trkpt>
   <trkpt lat="46.4127780" lon="14.8925220">
    <ele>1283.8</ele>
   </trkpt>
   <trkpt lat="46.4127470" lon="14.8924980">
    <ele>1283.6</ele>
   </trkpt>
   <trkpt lat="46.4127150" lon="14.8924780">
    <ele>1283.0</ele>
   </trkpt>
   <trkpt lat="46.4126800" lon="14.8924570">
    <ele>1281.4</ele>
   </trkpt>
   <trkpt lat="46.4126450" lon="14.8924400">
    <ele>1281.4</ele>
   </trkpt>
   <trkpt lat="46.4126100" lon="14.8924270">
    <ele>1279.8</ele>
   </trkpt>
   <trkpt lat="46.4125750" lon="14.8924150">
    <ele>1279.2</ele>
   </trkpt>
   <trkpt lat="46.4125430" lon="14.8924020">
    <ele>1278.6</ele>
   </trkpt>
   <trkpt lat="46.4125150" lon="14.8923800">
    <ele>1278.0</ele>
   </trkpt>
   <trkpt lat="46.4124900" lon="14.8923520">
    <ele>1277.4</ele>
   </trkpt>
   <trkpt lat="46.4124700" lon="14.8923180">
    <ele>1276.8</ele>
   </trkpt>
   <trkpt lat="46.4124520" lon="14.8922770">
    <ele>1276.4</ele>
   </trkpt>
   <trkpt lat="46.4124380" lon="14.8922370">
    <ele>1275.8</ele>
   </trkpt>
   <trkpt lat="46.4124350" lon="14.8921980">
    <ele>1275.2</ele>
   </trkpt>
   <trkpt lat="46.4124330" lon="14.8921500">
    <ele>1274.6</ele>
   </trkpt>
   <trkpt lat="46.4124280" lon="14.8921070">
    <ele>1274.0</ele>
   </trkpt>
   <trkpt lat="46.4124270" lon="14.8920550">
    <ele>1273.4</ele>
   </trkpt>
   <trkpt lat="46.4124250" lon="14.8920020">
    <ele>1272.4</ele>
   </trkpt>
   <trkpt lat="46.4124150" lon="14.8919470">
    <ele>1271.6</ele>
   </trkpt>
   <trkpt lat="46.4124030" lon="14.8918900">
    <ele>1271.0</ele>
   </trkpt>
   <trkpt lat="46.4123950" lon="14.8918380">
    <ele>1269.6</ele>
   </trkpt>
   <trkpt lat="46.4123970" lon="14.8917850">
    <ele>1269.4</ele>
   </trkpt>
   <trkpt lat="46.4124030" lon="14.8917370">
    <ele>1268.4</ele>
   </trkpt>
   <trkpt lat="46.4124120" lon="14.8916850">
    <ele>1267.6</ele>
   </trkpt>
   <trkpt lat="46.4124020" lon="14.8916330">
    <ele>1266.6</ele>
   </trkpt>
   <trkpt lat="46.4123830" lon="14.8915950">
    <ele>1265.8</ele>
   </trkpt>
   <trkpt lat="46.4123550" lon="14.8915700">
    <ele>1264.8</ele>
   </trkpt>
   <trkpt lat="46.4123200" lon="14.8915630">
    <ele>1264.6</ele>
   </trkpt>
   <trkpt lat="46.4122780" lon="14.8915730">
    <ele>1264.0</ele>
   </trkpt>
   <trkpt lat="46.4122400" lon="14.8915930">
    <ele>1263.8</ele>
   </trkpt>
   <trkpt lat="46.4122020" lon="14.8916250">
    <ele>1263.6</ele>
   </trkpt>
   <trkpt lat="46.4121680" lon="14.8916670">
    <ele>1263.4</ele>
   </trkpt>
   <trkpt lat="46.4121380" lon="14.8917080">
    <ele>1262.6</ele>
   </trkpt>
   <trkpt lat="46.4121130" lon="14.8917470">
    <ele>1261.8</ele>
   </trkpt>
   <trkpt lat="46.4120870" lon="14.8917920">
    <ele>1261.2</ele>
   </trkpt>
   <trkpt lat="46.4120580" lon="14.8918420">
    <ele>1260.6</ele>
   </trkpt>
   <trkpt lat="46.4120300" lon="14.8918850">
    <ele>1260.2</ele>
   </trkpt>
   <trkpt lat="46.4120000" lon="14.8919320">
    <ele>1259.6</ele>
   </trkpt>
   <trkpt lat="46.4119680" lon="14.8919720">
    <ele>1259.4</ele>
   </trkpt>
   <trkpt lat="46.4119400" lon="14.8920120">
    <ele>1259.2</ele>
   </trkpt>
   <trkpt lat="46.4119100" lon="14.8920450">
    <ele>1259.2</ele>
   </trkpt>
   <trkpt lat="46.4118820" lon="14.8920680">
    <ele>1258.8</ele>
   </trkpt>
   <trkpt lat="46.4118500" lon="14.8920950">
    <ele>1258.2</ele>
   </trkpt>
   <trkpt lat="46.4118200" lon="14.8921220">
    <ele>1257.6</ele>
   </trkpt>
   <trkpt lat="46.4117920" lon="14.8921620">
    <ele>1257.2</ele>
   </trkpt>
   <trkpt lat="46.4117650" lon="14.8922070">
    <ele>1257.2</ele>
   </trkpt>
   <trkpt lat="46.4117470" lon="14.8922600">
    <ele>1257.0</ele>
   </trkpt>
   <trkpt lat="46.4117350" lon="14.8923120">
    <ele>1257.0</ele>
   </trkpt>
   <trkpt lat="46.4117270" lon="14.8923680">
    <ele>1256.4</ele>
   </trkpt>
   <trkpt lat="46.4117280" lon="14.8924230">
    <ele>1255.8</ele>
   </trkpt>
   <trkpt lat="46.4117350" lon="14.8924770">
    <ele>1255.4</ele>
   </trkpt>
   <trkpt lat="46.4117430" lon="14.8925320">
    <ele>1255.0</ele>
   </trkpt>
   <trkpt lat="46.4117550" lon="14.8925920">
    <ele>1255.0</ele>
   </trkpt>
   <trkpt lat="46.4117720" lon="14.8926530">
    <ele>1254.8</ele>
   </trkpt>
   <trkpt lat="46.4117830" lon="14.8927030">
    <ele>1254.6</ele>
   </trkpt>
   <trkpt lat="46.4118020" lon="14.8927520">
    <ele>1254.2</ele>
   </trkpt>
   <trkpt lat="46.4118220" lon="14.8927930">
    <ele>1253.8</ele>
   </trkpt>
   <trkpt lat="46.4118450" lon="14.8928370">
    <ele>1253.4</ele>
   </trkpt>
   <trkpt lat="46.4118720" lon="14.8928750">
    <ele>1252.8</ele>
   </trkpt>
   <trkpt lat="46.4119020" lon="14.8929150">
    <ele>1252.6</ele>
   </trkpt>
   <trkpt lat="46.4119300" lon="14.8929530">
    <ele>1252.4</ele>
   </trkpt>
   <trkpt lat="46.4119650" lon="14.8929950">
    <ele>1252.0</ele>
   </trkpt>
   <trkpt lat="46.4119980" lon="14.8930330">
    <ele>1251.4</ele>
   </trkpt>
   <trkpt lat="46.4120280" lon="14.8930620">
    <ele>1250.6</ele>
   </trkpt>
   <trkpt lat="46.4120630" lon="14.8930930">
    <ele>1250.4</ele>
   </trkpt>
   <trkpt lat="46.4120930" lon="14.8931230">
    <ele>1250.2</ele>
   </trkpt>
   <trkpt lat="46.4121230" lon="14.8931550">
    <ele>1250.0</ele>
   </trkpt>
   <trkpt lat="46.4121450" lon="14.8931880">
    <ele>1249.4</ele>
   </trkpt>
   <trkpt lat="46.4121620" lon="14.8932270">
    <ele>1248.4</ele>
   </trkpt>
   <trkpt lat="46.4121680" lon="14.8932780">
    <ele>1247.8</ele>
   </trkpt>
   <trkpt lat="46.4121580" lon="14.8933300">
    <ele>1247.8</ele>
   </trkpt>
   <trkpt lat="46.4121420" lon="14.8933750">
    <ele>1247.2</ele>
   </trkpt>
   <trkpt lat="46.4121200" lon="14.8934100">
    <ele>1247.0</ele>
   </trkpt>
   <trkpt lat="46.4120900" lon="14.8934350">
    <ele>1246.6</ele>
   </trkpt>
   <trkpt lat="46.4120570" lon="14.8934700">
    <ele>1246.0</ele>
   </trkpt>
   <trkpt lat="46.4120250" lon="14.8935000">
    <ele>1245.6</ele>
   </trkpt>
   <trkpt lat="46.4119930" lon="14.8935420">
    <ele>1245.0</ele>
   </trkpt>
   <trkpt lat="46.4119650" lon="14.8935830">
    <ele>1244.6</ele>
   </trkpt>
   <trkpt lat="46.4119350" lon="14.8936270">
    <ele>1244.2</ele>
   </trkpt>
   <trkpt lat="46.4119120" lon="14.8936720">
    <ele>1244.2</ele>
   </trkpt>
   <trkpt lat="46.4118920" lon="14.8937100">
    <ele>1243.8</ele>
   </trkpt>
   <trkpt lat="46.4118680" lon="14.8937520">
    <ele>1243.4</ele>
   </trkpt>
   <trkpt lat="46.4118480" lon="14.8937880">
    <ele>1243.2</ele>
   </trkpt>
   <trkpt lat="46.4118230" lon="14.8938380">
    <ele>1242.8</ele>
   </trkpt>
   <trkpt lat="46.4118000" lon="14.8938850">
    <ele>1242.6</ele>
   </trkpt>
   <trkpt lat="46.4117800" lon="14.8939320">
    <ele>1242.4</ele>
   </trkpt>
   <trkpt lat="46.4117620" lon="14.8939800">
    <ele>1241.8</ele>
   </trkpt>
   <trkpt lat="46.4117400" lon="14.8940250">
    <ele>1241.6</ele>
   </trkpt>
   <trkpt lat="46.4117220" lon="14.8940680">
    <ele>1241.0</ele>
   </trkpt>
   <trkpt lat="46.4117050" lon="14.8941130">
    <ele>1241.0</ele>
   </trkpt>
   <trkpt lat="46.4116870" lon="14.8941600">
    <ele>1240.8</ele>
   </trkpt>
   <trkpt lat="46.4116700" lon="14.8942020">
    <ele>1240.8</ele>
   </trkpt>
   <trkpt lat="46.4116520" lon="14.8942400">
    <ele>1240.4</ele>
   </trkpt>
   <trkpt lat="46.4116330" lon="14.8942780">
    <ele>1239.8</ele>
   </trkpt>
   <trkpt lat="46.4116100" lon="14.8943070">
    <ele>1239.8</ele>
   </trkpt>
   <trkpt lat="46.4115820" lon="14.8943320">
    <ele>1239.4</ele>
   </trkpt>
   <trkpt lat="46.4115520" lon="14.8943400">
    <ele>1239.4</ele>
   </trkpt>
   <trkpt lat="46.4115170" lon="14.8943370">
    <ele>1239.4</ele>
   </trkpt>
   <trkpt lat="46.4114870" lon="14.8943230">
    <ele>1239.2</ele>
   </trkpt>
   <trkpt lat="46.4114570" lon="14.8942970">
    <ele>1239.0</ele>
   </trkpt>
   <trkpt lat="46.4114250" lon="14.8942680">
    <ele>1238.6</ele>
   </trkpt>
   <trkpt lat="46.4113980" lon="14.8942380">
    <ele>1238.6</ele>
   </trkpt>
   <trkpt lat="46.4113700" lon="14.8942080">
    <ele>1238.6</ele>
   </trkpt>
   <trkpt lat="46.4113480" lon="14.8941670">
    <ele>1238.2</ele>
   </trkpt>
   <trkpt lat="46.4113270" lon="14.8941280">
    <ele>1238.0</ele>
   </trkpt>
   <trkpt lat="46.4113050" lon="14.8940930">
    <ele>1238.0</ele>
   </trkpt>
   <trkpt lat="46.4112800" lon="14.8940620">
    <ele>1238.0</ele>
   </trkpt>
   <trkpt lat="46.4112480" lon="14.8940380">
    <ele>1238.0</ele>
   </trkpt>
   <trkpt lat="46.4112130" lon="14.8940170">
    <ele>1238.0</ele>
   </trkpt>
   <trkpt lat="46.4111800" lon="14.8939970">
    <ele>1238.0</ele>
   </trkpt>
   <trkpt lat="46.4111430" lon="14.8939850">
    <ele>1237.6</ele>
   </trkpt>
   <trkpt lat="46.4111100" lon="14.8939820">
    <ele>1237.4</ele>
   </trkpt>
   <trkpt lat="46.4110730" lon="14.8939850">
    <ele>1237.4</ele>
   </trkpt>
   <trkpt lat="46.4110370" lon="14.8939870">
    <ele>1237.4</ele>
   </trkpt>
   <trkpt lat="46.4110030" lon="14.8939900">
    <ele>1237.2</ele>
   </trkpt>
   <trkpt lat="46.4109720" lon="14.8939980">
    <ele>1237.2</ele>
   </trkpt>
   <trkpt lat="46.4109400" lon="14.8940030">
    <ele>1237.2</ele>
   </trkpt>
   <trkpt lat="46.4109050" lon="14.8940080">
    <ele>1236.6</ele>
   </trkpt>
   <trkpt lat="46.4108730" lon="14.8940220">
    <ele>1236.6</ele>
   </trkpt>
   <trkpt lat="46.4108370" lon="14.8940370">
    <ele>1236.2</ele>
   </trkpt>
   <trkpt lat="46.4108000" lon="14.8940520">
    <ele>1236.2</ele>
   </trkpt>
   <trkpt lat="46.4107620" lon="14.8940650">
    <ele>1236.2</ele>
   </trkpt>
   <trkpt lat="46.4107230" lon="14.8940720">
    <ele>1236.0</ele>
   </trkpt>
   <trkpt lat="46.4106870" lon="14.8940820">
    <ele>1236.0</ele>
   </trkpt>
   <trkpt lat="46.4106570" lon="14.8940930">
    <ele>1235.4</ele>
   </trkpt>
   <trkpt lat="46.4106250" lon="14.8941020">
    <ele>1235.4</ele>
   </trkpt>
   <trkpt lat="46.4105930" lon="14.8941080">
    <ele>1235.2</ele>
   </trkpt>
   <trkpt lat="46.4105620" lon="14.8941130">
    <ele>1235.2</ele>
   </trkpt>
   <trkpt lat="46.4105280" lon="14.8941230">
    <ele>1235.2</ele>
   </trkpt>
   <trkpt lat="46.4104950" lon="14.8941300">
    <ele>1235.2</ele>
   </trkpt>
   <trkpt lat="46.4104620" lon="14.8941350">
    <ele>1235.0</ele>
   </trkpt>
   <trkpt lat="46.4104250" lon="14.8941400">
    <ele>1235.0</ele>
   </trkpt>
   <trkpt lat="46.4103910" lon="14.8941450">
    <ele>1234.4</ele>
   </trkpt>
   <trkpt lat="46.4103550" lon="14.8941500">
    <ele>1234.4</ele>
   </trkpt>
   <trkpt lat="46.4103200" lon="14.8941520">
    <ele>1234.4</ele>
   </trkpt>
   <trkpt lat="46.4102870" lon="14.8941500">
    <ele>1234.4</ele>
   </trkpt>
   <trkpt lat="46.4102530" lon="14.8941480">
    <ele>1234.6</ele>
   </trkpt>
   <trkpt lat="46.4102200" lon="14.8941400">
    <ele>1234.6</ele>
   </trkpt>
   <trkpt lat="46.4101950" lon="14.8941280">
    <ele>1234.6</ele>
   </trkpt>
   <trkpt lat="46.4101720" lon="14.8941000">
    <ele>1234.2</ele>
   </trkpt>
   <trkpt lat="46.4101480" lon="14.8940720">
    <ele>1234.2</ele>
   </trkpt>
   <trkpt lat="46.4101200" lon="14.8940300">
    <ele>1234.2</ele>
   </trkpt>
   <trkpt lat="46.4101000" lon="14.8939970">
    <ele>1234.2</ele>
   </trkpt>
   <trkpt lat="46.4100830" lon="14.8939650">
    <ele>1234.2</ele>
   </trkpt>
   <trkpt lat="46.4100670" lon="14.8939320">
    <ele>1234.6</ele>
   </trkpt>
   <trkpt lat="46.4100530" lon="14.8938970">
    <ele>1235.0</ele>
   </trkpt>
   <trkpt lat="46.4100370" lon="14.8938580">
    <ele>1235.0</ele>
   </trkpt>
   <trkpt lat="46.4100220" lon="14.8938230">
    <ele>1235.2</ele>
   </trkpt>
   <trkpt lat="46.4100080" lon="14.8937900">
    <ele>1235.2</ele>
   </trkpt>
   <trkpt lat="46.4099950" lon="14.8937580">
    <ele>1235.2</ele>
   </trkpt>
   <trkpt lat="46.4099780" lon="14.8937280">
    <ele>1235.6</ele>
   </trkpt>
   <trkpt lat="46.4099600" lon="14.8936950">
    <ele>1235.8</ele>
   </trkpt>
   <trkpt lat="46.4099400" lon="14.8936650">
    <ele>1236.0</ele>
   </trkpt>
   <trkpt lat="46.4099170" lon="14.8936280">
    <ele>1236.0</ele>
   </trkpt>
   <trkpt lat="46.4098930" lon="14.8936000">
    <ele>1236.2</ele>
   </trkpt>
   <trkpt lat="46.4098720" lon="14.8935750">
    <ele>1236.2</ele>
   </trkpt>
   <trkpt lat="46.4098450" lon="14.8935420">
    <ele>1236.2</ele>
   </trkpt>
   <trkpt lat="46.4098250" lon="14.8935030">
    <ele>1236.6</ele>
   </trkpt>
   <trkpt lat="46.4098030" lon="14.8934720">
    <ele>1236.8</ele>
   </trkpt>
   <trkpt lat="46.4097850" lon="14.8934380">
    <ele>1237.0</ele>
   </trkpt>
   <trkpt lat="46.4097630" lon="14.8934120">
    <ele>1237.0</ele>
   </trkpt>
   <trkpt lat="46.4097410" lon="14.8933930">
    <ele>1237.2</ele>
   </trkpt>
   <trkpt lat="46.4097200" lon="14.8933700">
    <ele>1237.4</ele>
   </trkpt>
   <trkpt lat="46.4096980" lon="14.8933500">
    <ele>1237.8</ele>
   </trkpt>
   <trkpt lat="46.4096750" lon="14.8933300">
    <ele>1238.2</ele>
   </trkpt>
   <trkpt lat="46.4096510" lon="14.8933170">
    <ele>1238.2</ele>
   </trkpt>
   <trkpt lat="46.4096320" lon="14.8933030">
    <ele>1238.4</ele>
   </trkpt>
   <trkpt lat="46.4096080" lon="14.8932950">
    <ele>1238.6</ele>
   </trkpt>
   <trkpt lat="46.4095850" lon="14.8932870">
    <ele>1238.8</ele>
   </trkpt>
   <trkpt lat="46.4095600" lon="14.8932880">
    <ele>1239.0</ele>
   </trkpt>
   <trkpt lat="46.4095370" lon="14.8932900">
    <ele>1239.2</ele>
   </trkpt>
   <trkpt lat="46.4095130" lon="14.8932970">
    <ele>1239.4</ele>
   </trkpt>
   <trkpt lat="46.4094870" lon="14.8933070">
    <ele>1239.4</ele>
   </trkpt>
   <trkpt lat="46.4094630" lon="14.8933120">
    <ele>1239.6</ele>
   </trkpt>
   <trkpt lat="46.4094430" lon="14.8933270">
    <ele>1240.0</ele>
   </trkpt>
   <trkpt lat="46.4094180" lon="14.8933470">
    <ele>1240.4</ele>
   </trkpt>
   <trkpt lat="46.4093950" lon="14.8933700">
    <ele>1240.6</ele>
   </trkpt>
   <trkpt lat="46.4093770" lon="14.8933870">
    <ele>1240.6</ele>
   </trkpt>
   <trkpt lat="46.4093570" lon="14.8933980">
    <ele>1240.8</ele>
   </trkpt>
   <trkpt lat="46.4093370" lon="14.8934120">
    <ele>1241.0</ele>
   </trkpt>
   <trkpt lat="46.4093170" lon="14.8934200">
    <ele>1241.6</ele>
   </trkpt>
   <trkpt lat="46.4092920" lon="14.8934320">
    <ele>1241.8</ele>
   </trkpt>
   <trkpt lat="46.4092670" lon="14.8934430">
    <ele>1241.8</ele>
   </trkpt>
   <trkpt lat="46.4092430" lon="14.8934530">
    <ele>1242.0</ele>
   </trkpt>
   <trkpt lat="46.4092230" lon="14.8934650">
    <ele>1242.2</ele>
   </trkpt>
   <trkpt lat="46.4092050" lon="14.8934700">
    <ele>1242.4</ele>
   </trkpt>
   <trkpt lat="46.4091850" lon="14.8934770">
    <ele>1242.6</ele>
   </trkpt>
   <trkpt lat="46.4091630" lon="14.8934830">
    <ele>1242.6</ele>
   </trkpt>
   <trkpt lat="46.4091400" lon="14.8934830">
    <ele>1243.0</ele>
   </trkpt>
   <trkpt lat="46.4091170" lon="14.8934850">
    <ele>1243.0</ele>
   </trkpt>
   <trkpt lat="46.4090930" lon="14.8934830">
    <ele>1243.4</ele>
   </trkpt>
   <trkpt lat="46.4090670" lon="14.8934770">
    <ele>1243.4</ele>
   </trkpt>
   <trkpt lat="46.4090420" lon="14.8934730">
    <ele>1243.4</ele>
   </trkpt>
   <trkpt lat="46.4090200" lon="14.8934680">
    <ele>1243.8</ele>
   </trkpt>
   <trkpt lat="46.4089970" lon="14.8934670">
    <ele>1244.0</ele>
   </trkpt>
   <trkpt lat="46.4089750" lon="14.8934620">
    <ele>1244.4</ele>
   </trkpt>
   <trkpt lat="46.4089520" lon="14.8934620">
    <ele>1244.4</ele>
   </trkpt>
   <trkpt lat="46.4089280" lon="14.8934670">
    <ele>1244.6</ele>
   </trkpt>
   <trkpt lat="46.4089030" lon="14.8934730">
    <ele>1244.8</ele>
   </trkpt>
   <trkpt lat="46.4088770" lon="14.8934880">
    <ele>1245.4</ele>
   </trkpt>
   <trkpt lat="46.4088550" lon="14.8935080">
    <ele>1245.4</ele>
   </trkpt>
   <trkpt lat="46.4088370" lon="14.8935330">
    <ele>1245.4</ele>
   </trkpt>
   <trkpt lat="46.4088170" lon="14.8935620">
    <ele>1245.6</ele>
   </trkpt>
   <trkpt lat="46.4087970" lon="14.8935880">
    <ele>1246.0</ele>
   </trkpt>
   <trkpt lat="46.4087800" lon="14.8936200">
    <ele>1246.4</ele>
   </trkpt>
   <trkpt lat="46.4087630" lon="14.8936480">
    <ele>1246.4</ele>
   </trkpt>
   <trkpt lat="46.4087450" lon="14.8936770">
    <ele>1246.4</ele>
   </trkpt>
   <trkpt lat="46.4087270" lon="14.8937020">
    <ele>1246.6</ele>
   </trkpt>
   <trkpt lat="46.4087120" lon="14.8937320">
    <ele>1246.8</ele>
   </trkpt>
   <trkpt lat="46.4086980" lon="14.8937570">
    <ele>1247.0</ele>
   </trkpt>
   <trkpt lat="46.4086830" lon="14.8937830">
    <ele>1247.2</ele>
   </trkpt>
   <trkpt lat="46.4086720" lon="14.8938080">
    <ele>1247.2</ele>
   </trkpt>
   <trkpt lat="46.4086570" lon="14.8938330">
    <ele>1247.4</ele>
   </trkpt>
   <trkpt lat="46.4086430" lon="14.8938530">
    <ele>1247.6</ele>
   </trkpt>
   <trkpt lat="46.4086270" lon="14.8938730">
    <ele>1248.0</ele>
   </trkpt>
   <trkpt lat="46.4086080" lon="14.8938970">
    <ele>1248.4</ele>
   </trkpt>
   <trkpt lat="46.4085950" lon="14.8939180">
    <ele>1248.4</ele>
   </trkpt>
   <trkpt lat="46.4085800" lon="14.8939350">
    <ele>1248.6</ele>
   </trkpt>
   <trkpt lat="46.4085620" lon="14.8939520">
    <ele>1249.0</ele>
   </trkpt>
   <trkpt lat="46.4085430" lon="14.8939670">
    <ele>1249.4</ele>
   </trkpt>
   <trkpt lat="46.4085230" lon="14.8939880">
    <ele>1249.6</ele>
   </trkpt>
   <trkpt lat="46.4085030" lon="14.8940120">
    <ele>1249.6</ele>
   </trkpt>
   <trkpt lat="46.4084820" lon="14.8940320">
    <ele>1249.8</ele>
   </trkpt>
   <trkpt lat="46.4084600" lon="14.8940480">
    <ele>1250.0</ele>
   </trkpt>
   <trkpt lat="46.4084380" lon="14.8940620">
    <ele>1250.4</ele>
   </trkpt>
   <trkpt lat="46.4084150" lon="14.8940770">
    <ele>1250.6</ele>
   </trkpt>
   <trkpt lat="46.4083900" lon="14.8940920">
    <ele>1250.6</ele>
   </trkpt>
   <trkpt lat="46.4083700" lon="14.8941050">
    <ele>1250.8</ele>
   </trkpt>
   <trkpt lat="46.4083500" lon="14.8941200">
    <ele>1250.8</ele>
   </trkpt>
   <trkpt lat="46.4083310" lon="14.8941330">
    <ele>1251.2</ele>
   </trkpt>
   <trkpt lat="46.4083100" lon="14.8941420">
    <ele>1251.2</ele>
   </trkpt>
   <trkpt lat="46.4082900" lon="14.8941520">
    <ele>1251.4</ele>
   </trkpt>
   <trkpt lat="46.4082680" lon="14.8941680">
    <ele>1251.4</ele>
   </trkpt>
   <trkpt lat="46.4082470" lon="14.8941770">
    <ele>1251.6</ele>
   </trkpt>
   <trkpt lat="46.4082280" lon="14.8941920">
    <ele>1251.8</ele>
   </trkpt>
   <trkpt lat="46.4082100" lon="14.8942020">
    <ele>1252.0</ele>
   </trkpt>
   <trkpt lat="46.4081870" lon="14.8942130">
    <ele>1252.2</ele>
   </trkpt>
   <trkpt lat="46.4081580" lon="14.8942270">
    <ele>1252.2</ele>
   </trkpt>
   <trkpt lat="46.4081330" lon="14.8942370">
    <ele>1252.4</ele>
   </trkpt>
   <trkpt lat="46.4081100" lon="14.8942470">
    <ele>1252.6</ele>
   </trkpt>
   <trkpt lat="46.4080870" lon="14.8942600">
    <ele>1253.2</ele>
   </trkpt>
   <trkpt lat="46.4080670" lon="14.8942770">
    <ele>1253.4</ele>
   </trkpt>
   <trkpt lat="46.4080480" lon="14.8942930">
    <ele>1253.6</ele>
   </trkpt>
   <trkpt lat="46.4080300" lon="14.8943100">
    <ele>1253.6</ele>
   </trkpt>
   <trkpt lat="46.4080070" lon="14.8943350">
    <ele>1254.0</ele>
   </trkpt>
   <trkpt lat="46.4079850" lon="14.8943530">
    <ele>1254.4</ele>
   </trkpt>
   <trkpt lat="46.4079630" lon="14.8943620">
    <ele>1254.4</ele>
   </trkpt>
   <trkpt lat="46.4079450" lon="14.8943770">
    <ele>1254.6</ele>
   </trkpt>
   <trkpt lat="46.4079230" lon="14.8943850">
    <ele>1254.6</ele>
   </trkpt>
   <trkpt lat="46.4079030" lon="14.8944000">
    <ele>1255.4</ele>
   </trkpt>
   <trkpt lat="46.4078750" lon="14.8944170">
    <ele>1255.4</ele>
   </trkpt>
   <trkpt lat="46.4078470" lon="14.8944280">
    <ele>1255.4</ele>
   </trkpt>
   <trkpt lat="46.4078220" lon="14.8944450">
    <ele>1255.4</ele>
   </trkpt>
   <trkpt lat="46.4077970" lon="14.8944600">
    <ele>1255.8</ele>
   </trkpt>
   <trkpt lat="46.4077700" lon="14.8944700">
    <ele>1256.2</ele>
   </trkpt>
   <trkpt lat="46.4077470" lon="14.8944780">
    <ele>1256.4</ele>
   </trkpt>
   <trkpt lat="46.4077230" lon="14.8944850">
    <ele>1256.4</ele>
   </trkpt>
   <trkpt lat="46.4076980" lon="14.8944920">
    <ele>1256.6</ele>
   </trkpt>
   <trkpt lat="46.4076730" lon="14.8944970">
    <ele>1256.8</ele>
   </trkpt>
   <trkpt lat="46.4076480" lon="14.8945000">
    <ele>1257.0</ele>
   </trkpt>
   <trkpt lat="46.4076220" lon="14.8945030">
    <ele>1257.2</ele>
   </trkpt>
   <trkpt lat="46.4076050" lon="14.8944980">
    <ele>1257.4</ele>
   </trkpt>
   <trkpt lat="46.4075870" lon="14.8944900">
    <ele>1257.4</ele>
   </trkpt>
   <trkpt lat="46.4075680" lon="14.8944720">
    <ele>1257.8</ele>
   </trkpt>
   <trkpt lat="46.4075470" lon="14.8944550">
    <ele>1258.2</ele>
   </trkpt>
   <trkpt lat="46.4075330" lon="14.8944400">
    <ele>1258.4</ele>
   </trkpt>
   <trkpt lat="46.4075200" lon="14.8944200">
    <ele>1258.4</ele>
   </trkpt>
   <trkpt lat="46.4075030" lon="14.8944020">
    <ele>1258.6</ele>
   </trkpt>
   <trkpt lat="46.4074920" lon="14.8943820">
    <ele>1258.8</ele>
   </trkpt>
   <trkpt lat="46.4074830" lon="14.8943570">
    <ele>1259.0</ele>
   </trkpt>
   <trkpt lat="46.4074730" lon="14.8943370">
    <ele>1259.2</ele>
   </trkpt>
   <trkpt lat="46.4074730" lon="14.8943370">
    <ele>1259.2</ele>
   </trkpt>
   <trkpt lat="46.4074530" lon="14.8943000">
    <ele>1259.4</ele>
   </trkpt>
   <trkpt lat="46.4074360" lon="14.8942650">
    <ele>1259.6</ele>
   </trkpt>
   <trkpt lat="46.4074220" lon="14.8942280">
    <ele>1259.6</ele>
   </trkpt>
   <trkpt lat="46.4074070" lon="14.8941950">
    <ele>1259.8</ele>
   </trkpt>
   <trkpt lat="46.4073930" lon="14.8941670">
    <ele>1259.8</ele>
   </trkpt>
   <trkpt lat="46.4073770" lon="14.8941300">
    <ele>1260.2</ele>
   </trkpt>
   <trkpt lat="46.4073630" lon="14.8941020">
    <ele>1260.4</ele>
   </trkpt>
   <trkpt lat="46.4073470" lon="14.8940770">
    <ele>1260.6</ele>
   </trkpt>
   <trkpt lat="46.4073330" lon="14.8940500">
    <ele>1260.6</ele>
   </trkpt>
   <trkpt lat="46.4073180" lon="14.8940270">
    <ele>1260.6</ele>
   </trkpt>
   <trkpt lat="46.4073020" lon="14.8940030">
    <ele>1261.0</ele>
   </trkpt>
   <trkpt lat="46.4072880" lon="14.8939830">
    <ele>1261.0</ele>
   </trkpt>
   <trkpt lat="46.4072680" lon="14.8939570">
    <ele>1261.0</ele>
   </trkpt>
   <trkpt lat="46.4072480" lon="14.8939300">
    <ele>1261.2</ele>
   </trkpt>
   <trkpt lat="46.4072280" lon="14.8939070">
    <ele>1261.4</ele>
   </trkpt>
   <trkpt lat="46.4072100" lon="14.8938850">
    <ele>1261.8</ele>
   </trkpt>
   <trkpt lat="46.4071950" lon="14.8938630">
    <ele>1261.8</ele>
   </trkpt>
   <trkpt lat="46.4071780" lon="14.8938420">
    <ele>1262.0</ele>
   </trkpt>
   <trkpt lat="46.4071600" lon="14.8938200">
    <ele>1262.0</ele>
   </trkpt>
   <trkpt lat="46.4071420" lon="14.8937950">
    <ele>1262.2</ele>
   </trkpt>
   <trkpt lat="46.4071220" lon="14.8937780">
    <ele>1262.6</ele>
   </trkpt>
   <trkpt lat="46.4071030" lon="14.8937570">
    <ele>1262.8</ele>
   </trkpt>
   <trkpt lat="46.4070820" lon="14.8937370">
    <ele>1262.8</ele>
   </trkpt>
   <trkpt lat="46.4070620" lon="14.8937250">
    <ele>1262.8</ele>
   </trkpt>
   <trkpt lat="46.4070430" lon="14.8937070">
    <ele>1263.2</ele>
   </trkpt>
   <trkpt lat="46.4070230" lon="14.8936830">
    <ele>1263.6</ele>
   </trkpt>
   <trkpt lat="46.4070020" lon="14.8936700">
    <ele>1263.6</ele>
   </trkpt>
   <trkpt lat="46.4069820" lon="14.8936570">
    <ele>1263.6</ele>
   </trkpt>
   <trkpt lat="46.4069580" lon="14.8936500">
    <ele>1263.6</ele>
   </trkpt>
   <trkpt lat="46.4069330" lon="14.8936350">
    <ele>1263.8</ele>
   </trkpt>
   <trkpt lat="46.4069080" lon="14.8936230">
    <ele>1264.2</ele>
   </trkpt>
   <trkpt lat="46.4068850" lon="14.8936080">
    <ele>1264.2</ele>
   </trkpt>
   <trkpt lat="46.4068620" lon="14.8935970">
    <ele>1264.2</ele>
   </trkpt>
   <trkpt lat="46.4068380" lon="14.8935830">
    <ele>1264.4</ele>
   </trkpt>
   <trkpt lat="46.4068100" lon="14.8935730">
    <ele>1264.6</ele>
   </trkpt>
   <trkpt lat="46.4067850" lon="14.8935720">
    <ele>1264.6</ele>
   </trkpt>
   <trkpt lat="46.4067570" lon="14.8935650">
    <ele>1264.8</ele>
   </trkpt>
   <trkpt lat="46.4067300" lon="14.8935650">
    <ele>1264.8</ele>
   </trkpt>
   <trkpt lat="46.4067050" lon="14.8935650">
    <ele>1264.8</ele>
   </trkpt>
   <trkpt lat="46.4066820" lon="14.8935650">
    <ele>1264.8</ele>
   </trkpt>
   <trkpt lat="46.4066570" lon="14.8935700">
    <ele>1265.2</ele>
   </trkpt>
   <trkpt lat="46.4066300" lon="14.8935680">
    <ele>1265.2</ele>
   </trkpt>
   <trkpt lat="46.4066030" lon="14.8935600">
    <ele>1265.2</ele>
   </trkpt>
   <trkpt lat="46.4065750" lon="14.8935620">
    <ele>1265.2</ele>
   </trkpt>
   <trkpt lat="46.4065470" lon="14.8935750">
    <ele>1265.2</ele>
   </trkpt>
   <trkpt lat="46.4065200" lon="14.8935930">
    <ele>1265.2</ele>
   </trkpt>
   <trkpt lat="46.4064920" lon="14.8936130">
    <ele>1265.2</ele>
   </trkpt>
   <trkpt lat="46.4064680" lon="14.8936370">
    <ele>1265.4</ele>
   </trkpt>
   <trkpt lat="46.4064470" lon="14.8936650">
    <ele>1265.6</ele>
   </trkpt>
   <trkpt lat="46.4064230" lon="14.8936880">
    <ele>1265.6</ele>
   </trkpt>
   <trkpt lat="46.4063970" lon="14.8937180">
    <ele>1265.6</ele>
   </trkpt>
   <trkpt lat="46.4063680" lon="14.8937400">
    <ele>1265.8</ele>
   </trkpt>
   <trkpt lat="46.4063420" lon="14.8937630">
    <ele>1266.0</ele>
   </trkpt>
   <trkpt lat="46.4063150" lon="14.8937830">
    <ele>1266.0</ele>
   </trkpt>
   <trkpt lat="46.4062900" lon="14.8938070">
    <ele>1266.0</ele>
   </trkpt>
   <trkpt lat="46.4062630" lon="14.8938350">
    <ele>1265.8</ele>
   </trkpt>
   <trkpt lat="46.4062370" lon="14.8938550">
    <ele>1265.8</ele>
   </trkpt>
   <trkpt lat="46.4062100" lon="14.8938720">
    <ele>1265.8</ele>
   </trkpt>
   <trkpt lat="46.4061830" lon="14.8938880">
    <ele>1266.0</ele>
   </trkpt>
   <trkpt lat="46.4061580" lon="14.8939080">
    <ele>1266.0</ele>
   </trkpt>
   <trkpt lat="46.4061330" lon="14.8939230">
    <ele>1266.0</ele>
   </trkpt>
   <trkpt lat="46.4061120" lon="14.8939430">
    <ele>1266.0</ele>
   </trkpt>
   <trkpt lat="46.4060880" lon="14.8939680">
    <ele>1266.0</ele>
   </trkpt>
   <trkpt lat="46.4060630" lon="14.8939880">
    <ele>1266.2</ele>
   </trkpt>
   <trkpt lat="46.4060380" lon="14.8940080">
    <ele>1266.2</ele>
   </trkpt>
   <trkpt lat="46.4060170" lon="14.8940230">
    <ele>1266.4</ele>
   </trkpt>
   <trkpt lat="46.4059900" lon="14.8940420">
    <ele>1266.4</ele>
   </trkpt>
   <trkpt lat="46.4059570" lon="14.8940620">
    <ele>1266.4</ele>
   </trkpt>
   <trkpt lat="46.4059270" lon="14.8940750">
    <ele>1266.4</ele>
   </trkpt>
   <trkpt lat="46.4059000" lon="14.8940850">
    <ele>1266.4</ele>
   </trkpt>
   <trkpt lat="46.4058720" lon="14.8940920">
    <ele>1266.4</ele>
   </trkpt>
   <trkpt lat="46.4058450" lon="14.8941050">
    <ele>1266.6</ele>
   </trkpt>
   <trkpt lat="46.4058200" lon="14.8941220">
    <ele>1266.8</ele>
   </trkpt>
   <trkpt lat="46.4057970" lon="14.8941400">
    <ele>1266.8</ele>
   </trkpt>
   <trkpt lat="46.4057720" lon="14.8941570">
    <ele>1266.8</ele>
   </trkpt>
   <trkpt lat="46.4057450" lon="14.8941750">
    <ele>1266.8</ele>
   </trkpt>
   <trkpt lat="46.4057180" lon="14.8941880">
    <ele>1266.8</ele>
   </trkpt>
   <trkpt lat="46.4056930" lon="14.8942100">
    <ele>1266.8</ele>
   </trkpt>
   <trkpt lat="46.4056650" lon="14.8942250">
    <ele>1267.4</ele>
   </trkpt>
   <trkpt lat="46.4056350" lon="14.8942380">
    <ele>1267.4</ele>
   </trkpt>
   <trkpt lat="46.4056120" lon="14.8942530">
    <ele>1267.4</ele>
   </trkpt>
   <trkpt lat="46.4055850" lon="14.8942680">
    <ele>1267.4</ele>
   </trkpt>
   <trkpt lat="46.4055550" lon="14.8942800">
    <ele>1267.4</ele>
   </trkpt>
   <trkpt lat="46.4055270" lon="14.8942950">
    <ele>1267.6</ele>
   </trkpt>
   <trkpt lat="46.4055020" lon="14.8943080">
    <ele>1267.8</ele>
   </trkpt>
   <trkpt lat="46.4054820" lon="14.8943220">
    <ele>1267.8</ele>
   </trkpt>
   <trkpt lat="46.4054580" lon="14.8943300">
    <ele>1267.8</ele>
   </trkpt>
   <trkpt lat="46.4054370" lon="14.8943470">
    <ele>1267.8</ele>
   </trkpt>
   <trkpt lat="46.4054170" lon="14.8943630">
    <ele>1268.0</ele>
   </trkpt>
   <trkpt lat="46.4053900" lon="14.8943830">
    <ele>1268.0</ele>
   </trkpt>
   <trkpt lat="46.4053600" lon="14.8943980">
    <ele>1268.4</ele>
   </trkpt>
   <trkpt lat="46.4053350" lon="14.8944080">
    <ele>1268.4</ele>
   </trkpt>
   <trkpt lat="46.4053120" lon="14.8944150">
    <ele>1268.4</ele>
   </trkpt>
   <trkpt lat="46.4052880" lon="14.8944220">
    <ele>1268.4</ele>
   </trkpt>
   <trkpt lat="46.4052650" lon="14.8944280">
    <ele>1268.4</ele>
   </trkpt>
   <trkpt lat="46.4052410" lon="14.8944370">
    <ele>1268.8</ele>
   </trkpt>
   <trkpt lat="46.4052130" lon="14.8944530">
    <ele>1269.0</ele>
   </trkpt>
   <trkpt lat="46.4051900" lon="14.8944580">
    <ele>1269.0</ele>
   </trkpt>
   <trkpt lat="46.4051630" lon="14.8944680">
    <ele>1269.0</ele>
   </trkpt>
   <trkpt lat="46.4051350" lon="14.8944770">
    <ele>1269.0</ele>
   </trkpt>
   <trkpt lat="46.4051130" lon="14.8944870">
    <ele>1269.0</ele>
   </trkpt>
   <trkpt lat="46.4050920" lon="14.8944950">
    <ele>1269.0</ele>
   </trkpt>
   <trkpt lat="46.4050670" lon="14.8944980">
    <ele>1269.4</ele>
   </trkpt>
   <trkpt lat="46.4050350" lon="14.8945020">
    <ele>1269.6</ele>
   </trkpt>
   <trkpt lat="46.4050000" lon="14.8945020">
    <ele>1269.6</ele>
   </trkpt>
   <trkpt lat="46.4049680" lon="14.8945000">
    <ele>1269.8</ele>
   </trkpt>
   <trkpt lat="46.4049370" lon="14.8944980">
    <ele>1270.0</ele>
   </trkpt>
   <trkpt lat="46.4049080" lon="14.8944980">
    <ele>1270.0</ele>
   </trkpt>
   <trkpt lat="46.4048770" lon="14.8944970">
    <ele>1270.0</ele>
   </trkpt>
   <trkpt lat="46.4048500" lon="14.8944920">
    <ele>1270.0</ele>
   </trkpt>
   <trkpt lat="46.4048250" lon="14.8944870">
    <ele>1270.0</ele>
   </trkpt>
   <trkpt lat="46.4047980" lon="14.8944870">
    <ele>1270.0</ele>
   </trkpt>
   <trkpt lat="46.4047680" lon="14.8944880">
    <ele>1270.0</ele>
   </trkpt>
   <trkpt lat="46.4047370" lon="14.8944900">
    <ele>1270.2</ele>
   </trkpt>
   <trkpt lat="46.4047080" lon="14.8944930">
    <ele>1270.2</ele>
   </trkpt>
   <trkpt lat="46.4046820" lon="14.8944900">
    <ele>1270.2</ele>
   </trkpt>
   <trkpt lat="46.4046530" lon="14.8944770">
    <ele>1270.2</ele>
   </trkpt>
   <trkpt lat="46.4046270" lon="14.8944600">
    <ele>1270.2</ele>
   </trkpt>
   <trkpt lat="46.4045980" lon="14.8944370">
    <ele>1270.4</ele>
   </trkpt>
   <trkpt lat="46.4045770" lon="14.8944020">
    <ele>1270.6</ele>
   </trkpt>
   <trkpt lat="46.4045530" lon="14.8943700">
    <ele>1270.6</ele>
   </trkpt>
   <trkpt lat="46.4045370" lon="14.8943330">
    <ele>1270.6</ele>
   </trkpt>
   <trkpt lat="46.4045230" lon="14.8942930">
    <ele>1270.4</ele>
   </trkpt>
   <trkpt lat="46.4045080" lon="14.8942630">
    <ele>1270.4</ele>
   </trkpt>
   <trkpt lat="46.4044930" lon="14.8942170">
    <ele>1270.4</ele>
   </trkpt>
   <trkpt lat="46.4044780" lon="14.8941750">
    <ele>1270.6</ele>
   </trkpt>
   <trkpt lat="46.4044630" lon="14.8941270">
    <ele>1270.8</ele>
   </trkpt>
   <trkpt lat="46.4044550" lon="14.8940750">
    <ele>1270.8</ele>
   </trkpt>
   <trkpt lat="46.4044520" lon="14.8940170">
    <ele>1270.8</ele>
   </trkpt>
   <trkpt lat="46.4044500" lon="14.8939680">
    <ele>1270.4</ele>
   </trkpt>
   <trkpt lat="46.4044570" lon="14.8939200">
    <ele>1270.4</ele>
   </trkpt>
   <trkpt lat="46.4044680" lon="14.8938780">
    <ele>1270.4</ele>
   </trkpt>
   <trkpt lat="46.4044820" lon="14.8938430">
    <ele>1270.4</ele>
   </trkpt>
   <trkpt lat="46.4044950" lon="14.8938120">
    <ele>1270.4</ele>
   </trkpt>
   <trkpt lat="46.4045120" lon="14.8937770">
    <ele>1270.4</ele>
   </trkpt>
   <trkpt lat="46.4045320" lon="14.8937420">
    <ele>1270.2</ele>
   </trkpt>
   <trkpt lat="46.4045500" lon="14.8937120">
    <ele>1270.0</ele>
   </trkpt>
   <trkpt lat="46.4045700" lon="14.8936800">
    <ele>1270.0</ele>
   </trkpt>
   <trkpt lat="46.4045850" lon="14.8936480">
    <ele>1270.0</ele>
   </trkpt>
   <trkpt lat="46.4045980" lon="14.8936150">
    <ele>1270.4</ele>
   </trkpt>
   <trkpt lat="46.4046070" lon="14.8935730">
    <ele>1270.4</ele>
   </trkpt>
   <trkpt lat="46.4046080" lon="14.8935330">
    <ele>1270.4</ele>
   </trkpt>
   <trkpt lat="46.4046070" lon="14.8934920">
    <ele>1270.4</ele>
   </trkpt>
   <trkpt lat="46.4046050" lon="14.8934480">
    <ele>1270.4</ele>
   </trkpt>
   <trkpt lat="46.4046000" lon="14.8934130">
    <ele>1270.6</ele>
   </trkpt>
   <trkpt lat="46.4045920" lon="14.8933700">
    <ele>1270.6</ele>
   </trkpt>
   <trkpt lat="46.4045830" lon="14.8933350">
    <ele>1271.0</ele>
   </trkpt>
   <trkpt lat="46.4045770" lon="14.8932950">
    <ele>1271.2</ele>
   </trkpt>
   <trkpt lat="46.4045750" lon="14.8932580">
    <ele>1271.2</ele>
   </trkpt>
   <trkpt lat="46.4045720" lon="14.8932200">
    <ele>1271.2</ele>
   </trkpt>
   <trkpt lat="46.4045680" lon="14.8931770">
    <ele>1271.2</ele>
   </trkpt>
   <trkpt lat="46.4045680" lon="14.8931380">
    <ele>1271.2</ele>
   </trkpt>
   <trkpt lat="46.4045720" lon="14.8930970">
    <ele>1271.4</ele>
   </trkpt>
   <trkpt lat="46.4045750" lon="14.8930620">
    <ele>1271.4</ele>
   </trkpt>
   <trkpt lat="46.4045800" lon="14.8930230">
    <ele>1271.8</ele>
   </trkpt>
   <trkpt lat="46.4045850" lon="14.8929870">
    <ele>1271.8</ele>
   </trkpt>
   <trkpt lat="46.4045930" lon="14.8929500">
    <ele>1271.8</ele>
   </trkpt>
   <trkpt lat="46.4045950" lon="14.8929120">
    <ele>1271.8</ele>
   </trkpt>
   <trkpt lat="46.4045950" lon="14.8928730">
    <ele>1272.0</ele>
   </trkpt>
   <trkpt lat="46.4045970" lon="14.8928320">
    <ele>1272.2</ele>
   </trkpt>
   <trkpt lat="46.4045970" lon="14.8927900">
    <ele>1272.4</ele>
   </trkpt>
   <trkpt lat="46.4045950" lon="14.8927530">
    <ele>1272.4</ele>
   </trkpt>
   <trkpt lat="46.4045900" lon="14.8927150">
    <ele>1272.4</ele>
   </trkpt>
   <trkpt lat="46.4045830" lon="14.8926750">
    <ele>1272.4</ele>
   </trkpt>
   <trkpt lat="46.4045750" lon="14.8926420">
    <ele>1273.0</ele>
   </trkpt>
   <trkpt lat="46.4045650" lon="14.8926030">
    <ele>1273.0</ele>
   </trkpt>
   <trkpt lat="46.4045530" lon="14.8925700">
    <ele>1273.2</ele>
   </trkpt>
   <trkpt lat="46.4045480" lon="14.8925370">
    <ele>1273.2</ele>
   </trkpt>
   <trkpt lat="46.4045400" lon="14.8925020">
    <ele>1273.4</ele>
   </trkpt>
   <trkpt lat="46.4045300" lon="14.8924670">
    <ele>1273.4</ele>
   </trkpt>
   <trkpt lat="46.4045170" lon="14.8924250">
    <ele>1273.4</ele>
   </trkpt>
   <trkpt lat="46.4045030" lon="14.8923850">
    <ele>1273.8</ele>
   </trkpt>
   <trkpt lat="46.4044900" lon="14.8923430">
    <ele>1274.0</ele>
   </trkpt>
   <trkpt lat="46.4044750" lon="14.8923050">
    <ele>1274.0</ele>
   </trkpt>
   <trkpt lat="46.4044550" lon="14.8922630">
    <ele>1274.0</ele>
   </trkpt>
   <trkpt lat="46.4044360" lon="14.8922320">
    <ele>1274.0</ele>
   </trkpt>
   <trkpt lat="46.4044200" lon="14.8921980">
    <ele>1274.0</ele>
   </trkpt>
   <trkpt lat="46.4043970" lon="14.8921670">
    <ele>1274.0</ele>
   </trkpt>
   <trkpt lat="46.4043730" lon="14.8921300">
    <ele>1274.0</ele>
   </trkpt>
   <trkpt lat="46.4043520" lon="14.8920970">
    <ele>1274.0</ele>
   </trkpt>
   <trkpt lat="46.4043280" lon="14.8920630">
    <ele>1274.0</ele>
   </trkpt>
   <trkpt lat="46.4043050" lon="14.8920270">
    <ele>1274.0</ele>
   </trkpt>
   <trkpt lat="46.4042830" lon="14.8919920">
    <ele>1274.0</ele>
   </trkpt>
   <trkpt lat="46.4042570" lon="14.8919530">
    <ele>1274.0</ele>
   </trkpt>
   <trkpt lat="46.4042300" lon="14.8919120">
    <ele>1273.4</ele>
   </trkpt>
   <trkpt lat="46.4042020" lon="14.8918720">
    <ele>1273.2</ele>
   </trkpt>
   <trkpt lat="46.4041780" lon="14.8918320">
    <ele>1272.6</ele>
   </trkpt>
   <trkpt lat="46.4041520" lon="14.8917930">
    <ele>1272.4</ele>
   </trkpt>
   <trkpt lat="46.4041230" lon="14.8917520">
    <ele>1271.8</ele>
   </trkpt>
   <trkpt lat="46.4040950" lon="14.8917100">
    <ele>1271.0</ele>
   </trkpt>
   <trkpt lat="46.4040670" lon="14.8916720">
    <ele>1270.8</ele>
   </trkpt>
   <trkpt lat="46.4040370" lon="14.8916330">
    <ele>1270.2</ele>
   </trkpt>
   <trkpt lat="46.4040070" lon="14.8915920">
    <ele>1270.0</ele>
   </trkpt>
   <trkpt lat="46.4039750" lon="14.8915580">
    <ele>1269.8</ele>
   </trkpt>
   <trkpt lat="46.4039480" lon="14.8915280">
    <ele>1269.6</ele>
   </trkpt>
   <trkpt lat="46.4039170" lon="14.8914970">
    <ele>1269.2</ele>
   </trkpt>
   <trkpt lat="46.4038870" lon="14.8914700">
    <ele>1268.2</ele>
   </trkpt>
   <trkpt lat="46.4038570" lon="14.8914430">
    <ele>1268.0</ele>
   </trkpt>
   <trkpt lat="46.4038230" lon="14.8914180">
    <ele>1267.6</ele>
   </trkpt>
   <trkpt lat="46.4037920" lon="14.8913950">
    <ele>1267.4</ele>
   </trkpt>
   <trkpt lat="46.4037600" lon="14.8913700">
    <ele>1267.0</ele>
   </trkpt>
   <trkpt lat="46.4037300" lon="14.8913430">
    <ele>1266.2</ele>
   </trkpt>
   <trkpt lat="46.4037000" lon="14.8913120">
    <ele>1265.8</ele>
   </trkpt>
   <trkpt lat="46.4036700" lon="14.8912800">
    <ele>1265.4</ele>
   </trkpt>
   <trkpt lat="46.4036430" lon="14.8912470">
    <ele>1265.4</ele>
   </trkpt>
   <trkpt lat="46.4036180" lon="14.8912180">
    <ele>1264.6</ele>
   </trkpt>
   <trkpt lat="46.4035880" lon="14.8911830">
    <ele>1264.0</ele>
   </trkpt>
   <trkpt lat="46.4035580" lon="14.8911500">
    <ele>1263.6</ele>
   </trkpt>
   <trkpt lat="46.4035280" lon="14.8911170">
    <ele>1263.4</ele>
   </trkpt>
   <trkpt lat="46.4034960" lon="14.8910750">
    <ele>1263.4</ele>
   </trkpt>
   <trkpt lat="46.4034630" lon="14.8910420">
    <ele>1262.6</ele>
   </trkpt>
   <trkpt lat="46.4034370" lon="14.8910070">
    <ele>1261.8</ele>
   </trkpt>
   <trkpt lat="46.4034050" lon="14.8909750">
    <ele>1261.6</ele>
   </trkpt>
   <trkpt lat="46.4033730" lon="14.8909420">
    <ele>1261.0</ele>
   </trkpt>
   <trkpt lat="46.4033450" lon="14.8909030">
    <ele>1260.8</ele>
   </trkpt>
   <trkpt lat="46.4033130" lon="14.8908700">
    <ele>1260.6</ele>
   </trkpt>
   <trkpt lat="46.4032830" lon="14.8908400">
    <ele>1259.8</ele>
   </trkpt>
   <trkpt lat="46.4032520" lon="14.8908070">
    <ele>1259.2</ele>
   </trkpt>
   <trkpt lat="46.4032180" lon="14.8907750">
    <ele>1258.6</ele>
   </trkpt>
   <trkpt lat="46.4031880" lon="14.8907420">
    <ele>1258.4</ele>
   </trkpt>
   <trkpt lat="46.4031550" lon="14.8907120">
    <ele>1258.0</ele>
   </trkpt>
   <trkpt lat="46.4031230" lon="14.8906800">
    <ele>1257.4</ele>
   </trkpt>
   <trkpt lat="46.4030920" lon="14.8906500">
    <ele>1257.0</ele>
   </trkpt>
   <trkpt lat="46.4030620" lon="14.8906180">
    <ele>1256.0</ele>
   </trkpt>
   <trkpt lat="46.4030280" lon="14.8905920">
    <ele>1256.0</ele>
   </trkpt>
   <trkpt lat="46.4029970" lon="14.8905650">
    <ele>1255.0</ele>
   </trkpt>
   <trkpt lat="46.4029650" lon="14.8905400">
    <ele>1255.0</ele>
   </trkpt>
   <trkpt lat="46.4029320" lon="14.8905180">
    <ele>1254.0</ele>
   </trkpt>
   <trkpt lat="46.4028980" lon="14.8904950">
    <ele>1253.6</ele>
   </trkpt>
   <trkpt lat="46.4028630" lon="14.8904670">
    <ele>1253.6</ele>
   </trkpt>
   <trkpt lat="46.4028320" lon="14.8904370">
    <ele>1253.4</ele>
   </trkpt>
   <trkpt lat="46.4027950" lon="14.8904070">
    <ele>1253.0</ele>
   </trkpt>
   <trkpt lat="46.4027580" lon="14.8903820">
    <ele>1252.0</ele>
   </trkpt>
   <trkpt lat="46.4027250" lon="14.8903530">
    <ele>1251.8</ele>
   </trkpt>
   <trkpt lat="46.4026900" lon="14.8903250">
    <ele>1251.2</ele>
   </trkpt>
   <trkpt lat="46.4026580" lon="14.8902930">
    <ele>1251.0</ele>
   </trkpt>
   <trkpt lat="46.4026220" lon="14.8902600">
    <ele>1250.2</ele>
   </trkpt>
   <trkpt lat="46.4025930" lon="14.8902230">
    <ele>1249.6</ele>
   </trkpt>
   <trkpt lat="46.4025630" lon="14.8901820">
    <ele>1249.4</ele>
   </trkpt>
   <trkpt lat="46.4025350" lon="14.8901370">
    <ele>1248.8</ele>
   </trkpt>
   <trkpt lat="46.4025180" lon="14.8901120">
    <ele>1248.6</ele>
   </trkpt>
   <trkpt lat="46.4024950" lon="14.8900720">
    <ele>1248.4</ele>
   </trkpt>
   <trkpt lat="46.4024750" lon="14.8900370">
    <ele>1247.8</ele>
   </trkpt>
   <trkpt lat="46.4024550" lon="14.8899930">
    <ele>1247.4</ele>
   </trkpt>
   <trkpt lat="46.4024400" lon="14.8899520">
    <ele>1246.8</ele>
   </trkpt>
   <trkpt lat="46.4024250" lon="14.8899000">
    <ele>1246.4</ele>
   </trkpt>
   <trkpt lat="46.4024080" lon="14.8898500">
    <ele>1246.2</ele>
   </trkpt>
   <trkpt lat="46.4023930" lon="14.8897970">
    <ele>1246.2</ele>
   </trkpt>
   <trkpt lat="46.4023800" lon="14.8897450">
    <ele>1245.4</ele>
   </trkpt>
   <trkpt lat="46.4023650" lon="14.8896970">
    <ele>1244.8</ele>
   </trkpt>
   <trkpt lat="46.4023520" lon="14.8896450">
    <ele>1244.6</ele>
   </trkpt>
   <trkpt lat="46.4023380" lon="14.8895970">
    <ele>1244.2</ele>
   </trkpt>
   <trkpt lat="46.4023220" lon="14.8895480">
    <ele>1244.0</ele>
   </trkpt>
   <trkpt lat="46.4023050" lon="14.8894980">
    <ele>1243.4</ele>
   </trkpt>
   <trkpt lat="46.4022880" lon="14.8894480">
    <ele>1242.8</ele>
   </trkpt>
   <trkpt lat="46.4022720" lon="14.8893970">
    <ele>1242.4</ele>
   </trkpt>
   <trkpt lat="46.4022500" lon="14.8893500">
    <ele>1242.0</ele>
   </trkpt>
   <trkpt lat="46.4022270" lon="14.8893080">
    <ele>1241.8</ele>
   </trkpt>
   <trkpt lat="46.4022050" lon="14.8892670">
    <ele>1241.8</ele>
   </trkpt>
   <trkpt lat="46.4021850" lon="14.8892180">
    <ele>1241.2</ele>
   </trkpt>
   <trkpt lat="46.4021650" lon="14.8891800">
    <ele>1241.0</ele>
   </trkpt>
   <trkpt lat="46.4021450" lon="14.8891430">
    <ele>1240.2</ele>
   </trkpt>
   <trkpt lat="46.4021200" lon="14.8891030">
    <ele>1240.2</ele>
   </trkpt>
   <trkpt lat="46.4020950" lon="14.8890670">
    <ele>1240.0</ele>
   </trkpt>
   <trkpt lat="46.4020680" lon="14.8890270">
    <ele>1239.4</ele>
   </trkpt>
   <trkpt lat="46.4020430" lon="14.8889900">
    <ele>1238.8</ele>
   </trkpt>
   <trkpt lat="46.4020180" lon="14.8889500">
    <ele>1238.0</ele>
   </trkpt>
   <trkpt lat="46.4019920" lon="14.8889170">
    <ele>1237.8</ele>
   </trkpt>
   <trkpt lat="46.4019580" lon="14.8888780">
    <ele>1237.4</ele>
   </trkpt>
   <trkpt lat="46.4019280" lon="14.8888470">
    <ele>1237.4</ele>
   </trkpt>
   <trkpt lat="46.4018970" lon="14.8888070">
    <ele>1237.0</ele>
   </trkpt>
   <trkpt lat="46.4018670" lon="14.8887670">
    <ele>1236.0</ele>
   </trkpt>
   <trkpt lat="46.4018400" lon="14.8887320">
    <ele>1235.6</ele>
   </trkpt>
   <trkpt lat="46.4018130" lon="14.8886970">
    <ele>1235.2</ele>
   </trkpt>
   <trkpt lat="46.4017850" lon="14.8886680">
    <ele>1235.0</ele>
   </trkpt>
   <trkpt lat="46.4017570" lon="14.8886350">
    <ele>1235.0</ele>
   </trkpt>
   <trkpt lat="46.4017200" lon="14.8886020">
    <ele>1234.2</ele>
   </trkpt>
   <trkpt lat="46.4016850" lon="14.8885800">
    <ele>1233.8</ele>
   </trkpt>
   <trkpt lat="46.4016520" lon="14.8885630">
    <ele>1233.2</ele>
   </trkpt>
   <trkpt lat="46.4016200" lon="14.8885530">
    <ele>1232.8</ele>
   </trkpt>
   <trkpt lat="46.4015850" lon="14.8885600">
    <ele>1232.6</ele>
   </trkpt>
   <trkpt lat="46.4015500" lon="14.8885820">
    <ele>1232.4</ele>
   </trkpt>
   <trkpt lat="46.4015200" lon="14.8886120">
    <ele>1231.8</ele>
   </trkpt>
   <trkpt lat="46.4014920" lon="14.8886470">
    <ele>1230.8</ele>
   </trkpt>
   <trkpt lat="46.4014650" lon="14.8886880">
    <ele>1230.8</ele>
   </trkpt>
   <trkpt lat="46.4014420" lon="14.8887350">
    <ele>1230.2</ele>
   </trkpt>
   <trkpt lat="46.4014270" lon="14.8887780">
    <ele>1230.0</ele>
   </trkpt>
   <trkpt lat="46.4014130" lon="14.8888230">
    <ele>1229.6</ele>
   </trkpt>
   <trkpt lat="46.4013950" lon="14.8888720">
    <ele>1229.6</ele>
   </trkpt>
   <trkpt lat="46.4013800" lon="14.8889130">
    <ele>1229.0</ele>
   </trkpt>
   <trkpt lat="46.4013570" lon="14.8889550">
    <ele>1228.4</ele>
   </trkpt>
   <trkpt lat="46.4013300" lon="14.8890030">
    <ele>1228.2</ele>
   </trkpt>
   <trkpt lat="46.4013000" lon="14.8890430">
    <ele>1228.0</ele>
   </trkpt>
   <trkpt lat="46.4012720" lon="14.8890920">
    <ele>1228.0</ele>
   </trkpt>
   <trkpt lat="46.4012430" lon="14.8891230">
    <ele>1227.4</ele>
   </trkpt>
   <trkpt lat="46.4012120" lon="14.8891600">
    <ele>1226.6</ele>
   </trkpt>
   <trkpt lat="46.4011850" lon="14.8891830">
    <ele>1226.4</ele>
   </trkpt>
   <trkpt lat="46.4011530" lon="14.8892020">
    <ele>1226.0</ele>
   </trkpt>
   <trkpt lat="46.4011220" lon="14.8892180">
    <ele>1225.8</ele>
   </trkpt>
   <trkpt lat="46.4010880" lon="14.8892280">
    <ele>1225.6</ele>
   </trkpt>
   <trkpt lat="46.4010560" lon="14.8892370">
    <ele>1225.0</ele>
   </trkpt>
   <trkpt lat="46.4010250" lon="14.8892470">
    <ele>1224.8</ele>
   </trkpt>
   <trkpt lat="46.4009870" lon="14.8892520">
    <ele>1224.0</ele>
   </trkpt>
   <trkpt lat="46.4009500" lon="14.8892570">
    <ele>1223.6</ele>
   </trkpt>
   <trkpt lat="46.4009120" lon="14.8892730">
    <ele>1223.6</ele>
   </trkpt>
   <trkpt lat="46.4008770" lon="14.8892900">
    <ele>1223.2</ele>
   </trkpt>
   <trkpt lat="46.4008420" lon="14.8893020">
    <ele>1222.6</ele>
   </trkpt>
   <trkpt lat="46.4008100" lon="14.8893130">
    <ele>1222.0</ele>
   </trkpt>
   <trkpt lat="46.4007770" lon="14.8893330">
    <ele>1221.8</ele>
   </trkpt>
   <trkpt lat="46.4007400" lon="14.8893570">
    <ele>1221.4</ele>
   </trkpt>
   <trkpt lat="46.4007050" lon="14.8893750">
    <ele>1221.0</ele>
   </trkpt>
   <trkpt lat="46.4006670" lon="14.8893980">
    <ele>1221.0</ele>
   </trkpt>
   <trkpt lat="46.4006300" lon="14.8894320">
    <ele>1220.6</ele>
   </trkpt>
   <trkpt lat="46.4006000" lon="14.8894630">
    <ele>1220.2</ele>
   </trkpt>
   <trkpt lat="46.4005670" lon="14.8895000">
    <ele>1219.6</ele>
   </trkpt>
   <trkpt lat="46.4005430" lon="14.8895350">
    <ele>1219.2</ele>
   </trkpt>
   <trkpt lat="46.4005230" lon="14.8895700">
    <ele>1219.0</ele>
   </trkpt>
   <trkpt lat="46.4005000" lon="14.8896070">
    <ele>1218.8</ele>
   </trkpt>
   <trkpt lat="46.4004780" lon="14.8896500">
    <ele>1218.8</ele>
   </trkpt>
   <trkpt lat="46.4004580" lon="14.8897000">
    <ele>1218.4</ele>
   </trkpt>
   <trkpt lat="46.4004380" lon="14.8897480">
    <ele>1217.8</ele>
   </trkpt>
   <trkpt lat="46.4004170" lon="14.8898080">
    <ele>1217.0</ele>
   </trkpt>
   <trkpt lat="46.4004030" lon="14.8898580">
    <ele>1216.6</ele>
   </trkpt>
   <trkpt lat="46.4003930" lon="14.8899070">
    <ele>1216.2</ele>
   </trkpt>
   <trkpt lat="46.4003820" lon="14.8899600">
    <ele>1216.2</ele>
   </trkpt>
   <trkpt lat="46.4003650" lon="14.8900120">
    <ele>1215.6</ele>
   </trkpt>
   <trkpt lat="46.4003470" lon="14.8900620">
    <ele>1214.8</ele>
   </trkpt>
   <trkpt lat="46.4003250" lon="14.8901130">
    <ele>1214.6</ele>
   </trkpt>
   <trkpt lat="46.4003030" lon="14.8901620">
    <ele>1214.0</ele>
   </trkpt>
   <trkpt lat="46.4002830" lon="14.8902020">
    <ele>1213.8</ele>
   </trkpt>
   <trkpt lat="46.4002700" lon="14.8902480">
    <ele>1213.8</ele>
   </trkpt>
   <trkpt lat="46.4002580" lon="14.8902980">
    <ele>1213.0</ele>
   </trkpt>
   <trkpt lat="46.4002500" lon="14.8903530">
    <ele>1212.8</ele>
   </trkpt>
   <trkpt lat="46.4002380" lon="14.8904100">
    <ele>1212.2</ele>
   </trkpt>
   <trkpt lat="46.4002350" lon="14.8904630">
    <ele>1212.0</ele>
   </trkpt>
   <trkpt lat="46.4002330" lon="14.8905180">
    <ele>1211.6</ele>
   </trkpt>
   <trkpt lat="46.4002250" lon="14.8905700">
    <ele>1211.6</ele>
   </trkpt>
   <trkpt lat="46.4002150" lon="14.8906280">
    <ele>1211.0</ele>
   </trkpt>
   <trkpt lat="46.4002150" lon="14.8906820">
    <ele>1210.2</ele>
   </trkpt>
   <trkpt lat="46.4002170" lon="14.8907380">
    <ele>1210.0</ele>
   </trkpt>
   <trkpt lat="46.4002170" lon="14.8908000">
    <ele>1209.4</ele>
   </trkpt>
   <trkpt lat="46.4002170" lon="14.8908600">
    <ele>1209.4</ele>
   </trkpt>
   <trkpt lat="46.4002250" lon="14.8909250">
    <ele>1209.2</ele>
   </trkpt>
   <trkpt lat="46.4002350" lon="14.8909800">
    <ele>1208.4</ele>
   </trkpt>
   <trkpt lat="46.4002350" lon="14.8910450">
    <ele>1208.2</ele>
   </trkpt>
   <trkpt lat="46.4002270" lon="14.8911000">
    <ele>1207.8</ele>
   </trkpt>
   <trkpt lat="46.4002150" lon="14.8911480">
    <ele>1207.6</ele>
   </trkpt>
   <trkpt lat="46.4001930" lon="14.8911950">
    <ele>1207.4</ele>
   </trkpt>
   <trkpt lat="46.4001670" lon="14.8912270">
    <ele>1206.4</ele>
   </trkpt>
   <trkpt lat="46.4001350" lon="14.8912580">
    <ele>1206.0</ele>
   </trkpt>
   <trkpt lat="46.4001080" lon="14.8912850">
    <ele>1204.6</ele>
   </trkpt>
   <trkpt lat="46.4000720" lon="14.8913130">
    <ele>1204.6</ele>
   </trkpt>
   <trkpt lat="46.4000380" lon="14.8913270">
    <ele>1204.0</ele>
   </trkpt>
   <trkpt lat="46.4000030" lon="14.8913420">
    <ele>1204.0</ele>
   </trkpt>
   <trkpt lat="46.3999670" lon="14.8913580">
    <ele>1203.2</ele>
   </trkpt>
   <trkpt lat="46.3999330" lon="14.8913730">
    <ele>1202.8</ele>
   </trkpt>
   <trkpt lat="46.3998880" lon="14.8913920">
    <ele>1202.0</ele>
   </trkpt>
   <trkpt lat="46.3998530" lon="14.8914020">
    <ele>1201.6</ele>
   </trkpt>
   <trkpt lat="46.3998170" lon="14.8914200">
    <ele>1201.2</ele>
   </trkpt>
   <trkpt lat="46.3997800" lon="14.8914430">
    <ele>1201.2</ele>
   </trkpt>
   <trkpt lat="46.3997470" lon="14.8914730">
    <ele>1201.0</ele>
   </trkpt>
   <trkpt lat="46.3997180" lon="14.8915100">
    <ele>1200.4</ele>
   </trkpt>
   <trkpt lat="46.3997000" lon="14.8915480">
    <ele>1200.2</ele>
   </trkpt>
   <trkpt lat="46.3996700" lon="14.8915950">
    <ele>1199.8</ele>
   </trkpt>
   <trkpt lat="46.3996500" lon="14.8916350">
    <ele>1199.8</ele>
   </trkpt>
   <trkpt lat="46.3996350" lon="14.8916680">
    <ele>1199.6</ele>
   </trkpt>
   <trkpt lat="46.3996170" lon="14.8916950">
    <ele>1198.8</ele>
   </trkpt>
   <trkpt lat="46.3995880" lon="14.8917150">
    <ele>1198.4</ele>
   </trkpt>
   <trkpt lat="46.3995560" lon="14.8917280">
    <ele>1198.0</ele>
   </trkpt>
   <trkpt lat="46.3995230" lon="14.8917400">
    <ele>1198.0</ele>
   </trkpt>
   <trkpt lat="46.3994850" lon="14.8917450">
    <ele>1197.2</ele>
   </trkpt>
   <trkpt lat="46.3994450" lon="14.8917430">
    <ele>1196.6</ele>
   </trkpt>
   <trkpt lat="46.3994050" lon="14.8917420">
    <ele>1196.4</ele>
   </trkpt>
   <trkpt lat="46.3993680" lon="14.8917380">
    <ele>1195.8</ele>
   </trkpt>
   <trkpt lat="46.3993350" lon="14.8917280">
    <ele>1195.8</ele>
   </trkpt>
   <trkpt lat="46.3992980" lon="14.8917220">
    <ele>1195.4</ele>
   </trkpt>
   <trkpt lat="46.3992670" lon="14.8917100">
    <ele>1194.8</ele>
   </trkpt>
   <trkpt lat="46.3992330" lon="14.8916950">
    <ele>1194.6</ele>
   </trkpt>
   <trkpt lat="46.3991980" lon="14.8916830">
    <ele>1194.2</ele>
   </trkpt>
   <trkpt lat="46.3991630" lon="14.8916780">
    <ele>1194.2</ele>
   </trkpt>
   <trkpt lat="46.3991230" lon="14.8916870">
    <ele>1194.0</ele>
   </trkpt>
   <trkpt lat="46.3990850" lon="14.8917050">
    <ele>1193.4</ele>
   </trkpt>
   <trkpt lat="46.3990470" lon="14.8917280">
    <ele>1193.0</ele>
   </trkpt>
   <trkpt lat="46.3990120" lon="14.8917570">
    <ele>1192.6</ele>
   </trkpt>
   <trkpt lat="46.3989850" lon="14.8917900">
    <ele>1192.6</ele>
   </trkpt>
   <trkpt lat="46.3989620" lon="14.8918330">
    <ele>1192.2</ele>
   </trkpt>
   <trkpt lat="46.3989380" lon="14.8918820">
    <ele>1191.6</ele>
   </trkpt>
   <trkpt lat="46.3989220" lon="14.8919320">
    <ele>1191.4</ele>
   </trkpt>
   <trkpt lat="46.3989030" lon="14.8919830">
    <ele>1191.2</ele>
   </trkpt>
   <trkpt lat="46.3988850" lon="14.8920300">
    <ele>1191.2</ele>
   </trkpt>
   <trkpt lat="46.3988600" lon="14.8920750">
    <ele>1191.0</ele>
   </trkpt>
   <trkpt lat="46.3988300" lon="14.8921150">
    <ele>1190.2</ele>
   </trkpt>
   <trkpt lat="46.3987980" lon="14.8921480">
    <ele>1190.2</ele>
   </trkpt>
   <trkpt lat="46.3987650" lon="14.8921720">
    <ele>1189.6</ele>
   </trkpt>
   <trkpt lat="46.3987280" lon="14.8921820">
    <ele>1188.8</ele>
   </trkpt>
   <trkpt lat="46.3986930" lon="14.8921720">
    <ele>1188.2</ele>
   </trkpt>
   <trkpt lat="46.3986650" lon="14.8921520">
    <ele>1188.0</ele>
   </trkpt>
   <trkpt lat="46.3986370" lon="14.8921130">
    <ele>1187.6</ele>
   </trkpt>
   <trkpt lat="46.3986120" lon="14.8920670">
    <ele>1187.0</ele>
   </trkpt>
   <trkpt lat="46.3985930" lon="14.8920150">
    <ele>1186.2</ele>
   </trkpt>
   <trkpt lat="46.3985780" lon="14.8919670">
    <ele>1185.8</ele>
   </trkpt>
   <trkpt lat="46.3985680" lon="14.8919100">
    <ele>1185.2</ele>
   </trkpt>
   <trkpt lat="46.3985530" lon="14.8918550">
    <ele>1185.2</ele>
   </trkpt>
   <trkpt lat="46.3985350" lon="14.8917980">
    <ele>1185.2</ele>
   </trkpt>
   <trkpt lat="46.3985170" lon="14.8917470">
    <ele>1184.8</ele>
   </trkpt>
   <trkpt lat="46.3984950" lon="14.8917000">
    <ele>1184.4</ele>
   </trkpt>
   <trkpt lat="46.3984700" lon="14.8916570">
    <ele>1183.8</ele>
   </trkpt>
   <trkpt lat="46.3984430" lon="14.8916200">
    <ele>1183.4</ele>
   </trkpt>
   <trkpt lat="46.3984120" lon="14.8915950">
    <ele>1183.2</ele>
   </trkpt>
   <trkpt lat="46.3983800" lon="14.8915670">
    <ele>1183.2</ele>
   </trkpt>
   <trkpt lat="46.3983470" lon="14.8915450">
    <ele>1182.8</ele>
   </trkpt>
   <trkpt lat="46.3983100" lon="14.8915280">
    <ele>1181.8</ele>
   </trkpt>
   <trkpt lat="46.3982700" lon="14.8915150">
    <ele>1182.0</ele>
   </trkpt>
   <trkpt lat="46.3982300" lon="14.8915050">
    <ele>1181.0</ele>
   </trkpt>
   <trkpt lat="46.3981930" lon="14.8914980">
    <ele>1181.0</ele>
   </trkpt>
   <trkpt lat="46.3981550" lon="14.8914970">
    <ele>1180.4</ele>
   </trkpt>
   <trkpt lat="46.3981200" lon="14.8914920">
    <ele>1179.8</ele>
   </trkpt>
   <trkpt lat="46.3980830" lon="14.8914850">
    <ele>1179.2</ele>
   </trkpt>
   <trkpt lat="46.3980480" lon="14.8914780">
    <ele>1179.0</ele>
   </trkpt>
   <trkpt lat="46.3980130" lon="14.8914700">
    <ele>1178.8</ele>
   </trkpt>
   <trkpt lat="46.3979770" lon="14.8914650">
    <ele>1178.6</ele>
   </trkpt>
   <trkpt lat="46.3979420" lon="14.8914520">
    <ele>1178.2</ele>
   </trkpt>
   <trkpt lat="46.3979050" lon="14.8914330">
    <ele>1177.4</ele>
   </trkpt>
   <trkpt lat="46.3978760" lon="14.8914100">
    <ele>1177.0</ele>
   </trkpt>
   <trkpt lat="46.3978520" lon="14.8913720">
    <ele>1176.6</ele>
   </trkpt>
   <trkpt lat="46.3978330" lon="14.8913320">
    <ele>1176.4</ele>
   </trkpt>
   <trkpt lat="46.3978200" lon="14.8912880">
    <ele>1176.0</ele>
   </trkpt>
   <trkpt lat="46.3978120" lon="14.8912370">
    <ele>1175.6</ele>
   </trkpt>
   <trkpt lat="46.3978050" lon="14.8911800">
    <ele>1174.8</ele>
   </trkpt>
   <trkpt lat="46.3978070" lon="14.8911220">
    <ele>1174.0</ele>
   </trkpt>
   <trkpt lat="46.3978080" lon="14.8910680">
    <ele>1173.8</ele>
   </trkpt>
   <trkpt lat="46.3978100" lon="14.8910100">
    <ele>1173.2</ele>
   </trkpt>
   <trkpt lat="46.3978070" lon="14.8909550">
    <ele>1173.0</ele>
   </trkpt>
   <trkpt lat="46.3978000" lon="14.8909020">
    <ele>1172.8</ele>
   </trkpt>
   <trkpt lat="46.3977850" lon="14.8908470">
    <ele>1172.4</ele>
   </trkpt>
   <trkpt lat="46.3977670" lon="14.8907980">
    <ele>1172.0</ele>
   </trkpt>
   <trkpt lat="46.3977430" lon="14.8907500">
    <ele>1171.2</ele>
   </trkpt>
   <trkpt lat="46.3977150" lon="14.8907080">
    <ele>1170.8</ele>
   </trkpt>
   <trkpt lat="46.3976850" lon="14.8906750">
    <ele>1170.6</ele>
   </trkpt>
   <trkpt lat="46.3976550" lon="14.8906380">
    <ele>1170.6</ele>
   </trkpt>
   <trkpt lat="46.3976250" lon="14.8906030">
    <ele>1170.4</ele>
   </trkpt>
   <trkpt lat="46.3975900" lon="14.8905720">
    <ele>1169.8</ele>
   </trkpt>
   <trkpt lat="46.3975530" lon="14.8905570">
    <ele>1169.4</ele>
   </trkpt>
   <trkpt lat="46.3975200" lon="14.8905370">
    <ele>1168.6</ele>
   </trkpt>
   <trkpt lat="46.3974870" lon="14.8905230">
    <ele>1168.4</ele>
   </trkpt>
   <trkpt lat="46.3974500" lon="14.8905100">
    <ele>1168.2</ele>
   </trkpt>
   <trkpt lat="46.3974150" lon="14.8905120">
    <ele>1168.0</ele>
   </trkpt>
   <trkpt lat="46.3973750" lon="14.8905100">
    <ele>1167.6</ele>
   </trkpt>
   <trkpt lat="46.3973380" lon="14.8905120">
    <ele>1167.4</ele>
   </trkpt>
   <trkpt lat="46.3973020" lon="14.8905130">
    <ele>1167.0</ele>
   </trkpt>
   <trkpt lat="46.3972650" lon="14.8905170">
    <ele>1166.4</ele>
   </trkpt>
   <trkpt lat="46.3972300" lon="14.8905220">
    <ele>1166.0</ele>
   </trkpt>
   <trkpt lat="46.3971930" lon="14.8905350">
    <ele>1165.6</ele>
   </trkpt>
   <trkpt lat="46.3971570" lon="14.8905530">
    <ele>1165.6</ele>
   </trkpt>
   <trkpt lat="46.3971160" lon="14.8905770">
    <ele>1165.2</ele>
   </trkpt>
   <trkpt lat="46.3970730" lon="14.8906080">
    <ele>1165.2</ele>
   </trkpt>
   <trkpt lat="46.3970350" lon="14.8906380">
    <ele>1164.6</ele>
   </trkpt>
   <trkpt lat="46.3970020" lon="14.8906720">
    <ele>1164.0</ele>
   </trkpt>
   <trkpt lat="46.3969700" lon="14.8907080">
    <ele>1163.6</ele>
   </trkpt>
   <trkpt lat="46.3969380" lon="14.8907470">
    <ele>1163.6</ele>
   </trkpt>
   <trkpt lat="46.3969070" lon="14.8907800">
    <ele>1163.4</ele>
   </trkpt>
   <trkpt lat="46.3968770" lon="14.8908050">
    <ele>1163.2</ele>
   </trkpt>
   <trkpt lat="46.3968470" lon="14.8908300">
    <ele>1162.4</ele>
   </trkpt>
   <trkpt lat="46.3968200" lon="14.8908480">
    <ele>1162.2</ele>
   </trkpt>
   <trkpt lat="46.3967880" lon="14.8908650">
    <ele>1161.8</ele>
   </trkpt>
   <trkpt lat="46.3967550" lon="14.8908770">
    <ele>1161.8</ele>
   </trkpt>
   <trkpt lat="46.3967230" lon="14.8908880">
    <ele>1161.8</ele>
   </trkpt>
   <trkpt lat="46.3966920" lon="14.8908980">
    <ele>1161.4</ele>
   </trkpt>
   <trkpt lat="46.3966550" lon="14.8909070">
    <ele>1161.0</ele>
   </trkpt>
   <trkpt lat="46.3966200" lon="14.8909080">
    <ele>1160.4</ele>
   </trkpt>
   <trkpt lat="46.3965850" lon="14.8909070">
    <ele>1160.2</ele>
   </trkpt>
   <trkpt lat="46.3965480" lon="14.8909050">
    <ele>1159.8</ele>
   </trkpt>
   <trkpt lat="46.3965100" lon="14.8909080">
    <ele>1159.8</ele>
   </trkpt>
   <trkpt lat="46.3964720" lon="14.8909120">
    <ele>1159.6</ele>
   </trkpt>
   <trkpt lat="46.3964330" lon="14.8909130">
    <ele>1158.6</ele>
   </trkpt>
   <trkpt lat="46.3963950" lon="14.8909130">
    <ele>1158.6</ele>
   </trkpt>
   <trkpt lat="46.3963550" lon="14.8909120">
    <ele>1158.2</ele>
   </trkpt>
   <trkpt lat="46.3963200" lon="14.8909030">
    <ele>1157.8</ele>
   </trkpt>
   <trkpt lat="46.3962780" lon="14.8909020">
    <ele>1157.0</ele>
   </trkpt>
   <trkpt lat="46.3962430" lon="14.8909020">
    <ele>1156.6</ele>
   </trkpt>
   <trkpt lat="46.3962080" lon="14.8908970">
    <ele>1156.2</ele>
   </trkpt>
   <trkpt lat="46.3961750" lon="14.8908870">
    <ele>1156.2</ele>
   </trkpt>
   <trkpt lat="46.3961400" lon="14.8908730">
    <ele>1156.2</ele>
   </trkpt>
   <trkpt lat="46.3961030" lon="14.8908600">
    <ele>1155.6</ele>
   </trkpt>
   <trkpt lat="46.3960680" lon="14.8908470">
    <ele>1155.2</ele>
   </trkpt>
   <trkpt lat="46.3960300" lon="14.8908330">
    <ele>1154.8</ele>
   </trkpt>
   <trkpt lat="46.3959970" lon="14.8908220">
    <ele>1154.6</ele>
   </trkpt>
   <trkpt lat="46.3959630" lon="14.8908030">
    <ele>1154.2</ele>
   </trkpt>
   <trkpt lat="46.3959330" lon="14.8907880">
    <ele>1154.2</ele>
   </trkpt>
   <trkpt lat="46.3959030" lon="14.8907700">
    <ele>1153.8</ele>
   </trkpt>
   <trkpt lat="46.3958700" lon="14.8907530">
    <ele>1153.2</ele>
   </trkpt>
   <trkpt lat="46.3958370" lon="14.8907370">
    <ele>1153.2</ele>
   </trkpt>
   <trkpt lat="46.3958020" lon="14.8907180">
    <ele>1153.0</ele>
   </trkpt>
   <trkpt lat="46.3957700" lon="14.8906980">
    <ele>1152.8</ele>
   </trkpt>
   <trkpt lat="46.3957380" lon="14.8906780">
    <ele>1152.4</ele>
   </trkpt>
   <trkpt lat="46.3957030" lon="14.8906580">
    <ele>1152.0</ele>
   </trkpt>
   <trkpt lat="46.3956700" lon="14.8906380">
    <ele>1151.8</ele>
   </trkpt>
   <trkpt lat="46.3956330" lon="14.8906250">
    <ele>1151.2</ele>
   </trkpt>
   <trkpt lat="46.3955980" lon="14.8906080">
    <ele>1151.2</ele>
   </trkpt>
   <trkpt lat="46.3955600" lon="14.8905870">
    <ele>1151.2</ele>
   </trkpt>
   <trkpt lat="46.3955270" lon="14.8905550">
    <ele>1150.8</ele>
   </trkpt>
   <trkpt lat="46.3954970" lon="14.8905230">
    <ele>1150.4</ele>
   </trkpt>
   <trkpt lat="46.3954700" lon="14.8904900">
    <ele>1149.8</ele>
   </trkpt>
   <trkpt lat="46.3954430" lon="14.8904550">
    <ele>1149.4</ele>
   </trkpt>
   <trkpt lat="46.3954130" lon="14.8904280">
    <ele>1149.4</ele>
   </trkpt>
   <trkpt lat="46.3953870" lon="14.8903970">
    <ele>1149.4</ele>
   </trkpt>
   <trkpt lat="46.3953580" lon="14.8903670">
    <ele>1149.0</ele>
   </trkpt>
   <trkpt lat="46.3953320" lon="14.8903370">
    <ele>1148.4</ele>
   </trkpt>
   <trkpt lat="46.3953030" lon="14.8903020">
    <ele>1148.4</ele>
   </trkpt>
   <trkpt lat="46.3952780" lon="14.8902650">
    <ele>1148.0</ele>
   </trkpt>
   <trkpt lat="46.3952550" lon="14.8902220">
    <ele>1148.0</ele>
   </trkpt>
   <trkpt lat="46.3952300" lon="14.8901820">
    <ele>1148.0</ele>
   </trkpt>
   <trkpt lat="46.3952070" lon="14.8901420">
    <ele>1147.6</ele>
   </trkpt>
   <trkpt lat="46.3951820" lon="14.8900970">
    <ele>1147.0</ele>
   </trkpt>
   <trkpt lat="46.3951570" lon="14.8900570">
    <ele>1146.8</ele>
   </trkpt>
   <trkpt lat="46.3951350" lon="14.8900220">
    <ele>1146.2</ele>
   </trkpt>
   <trkpt lat="46.3951070" lon="14.8899850">
    <ele>1146.2</ele>
   </trkpt>
   <trkpt lat="46.3950780" lon="14.8899530">
    <ele>1146.2</ele>
   </trkpt>
   <trkpt lat="46.3950500" lon="14.8899220">
    <ele>1145.8</ele>
   </trkpt>
   <trkpt lat="46.3950180" lon="14.8899000">
    <ele>1145.6</ele>
   </trkpt>
   <trkpt lat="46.3949870" lon="14.8898730">
    <ele>1145.0</ele>
   </trkpt>
   <trkpt lat="46.3949550" lon="14.8898580">
    <ele>1144.8</ele>
   </trkpt>
   <trkpt lat="46.3949220" lon="14.8898370">
    <ele>1144.8</ele>
   </trkpt>
   <trkpt lat="46.3948870" lon="14.8898220">
    <ele>1144.4</ele>
   </trkpt>
   <trkpt lat="46.3948500" lon="14.8898080">
    <ele>1144.0</ele>
   </trkpt>
   <trkpt lat="46.3948100" lon="14.8897930">
    <ele>1143.4</ele>
   </trkpt>
   <trkpt lat="46.3947700" lon="14.8897800">
    <ele>1143.4</ele>
   </trkpt>
   <trkpt lat="46.3947330" lon="14.8897680">
    <ele>1143.4</ele>
   </trkpt>
   <trkpt lat="46.3946970" lon="14.8897620">
    <ele>1142.8</ele>
   </trkpt>
   <trkpt lat="46.3946620" lon="14.8897600">
    <ele>1142.6</ele>
   </trkpt>
   <trkpt lat="46.3946250" lon="14.8897480">
    <ele>1142.2</ele>
   </trkpt>
   <trkpt lat="46.3945880" lon="14.8897420">
    <ele>1142.0</ele>
   </trkpt>
   <trkpt lat="46.3945550" lon="14.8897380">
    <ele>1142.0</ele>
   </trkpt>
   <trkpt lat="46.3945180" lon="14.8897350">
    <ele>1141.8</ele>
   </trkpt>
   <trkpt lat="46.3944850" lon="14.8897270">
    <ele>1141.4</ele>
   </trkpt>
   <trkpt lat="46.3944470" lon="14.8897230">
    <ele>1140.6</ele>
   </trkpt>
   <trkpt lat="46.3944080" lon="14.8897320">
    <ele>1140.6</ele>
   </trkpt>
   <trkpt lat="46.3943700" lon="14.8897330">
    <ele>1140.6</ele>
   </trkpt>
   <trkpt lat="46.3943280" lon="14.8897400">
    <ele>1140.6</ele>
   </trkpt>
   <trkpt lat="46.3942920" lon="14.8897400">
    <ele>1139.8</ele>
   </trkpt>
   <trkpt lat="46.3942530" lon="14.8897350">
    <ele>1139.8</ele>
   </trkpt>
   <trkpt lat="46.3942170" lon="14.8897280">
    <ele>1139.6</ele>
   </trkpt>
   <trkpt lat="46.3941880" lon="14.8897150">
    <ele>1139.6</ele>
   </trkpt>
   <trkpt lat="46.3941600" lon="14.8896950">
    <ele>1139.4</ele>
   </trkpt>
   <trkpt lat="46.3941330" lon="14.8896650">
    <ele>1139.2</ele>
   </trkpt>
   <trkpt lat="46.3941120" lon="14.8896320">
    <ele>1139.0</ele>
   </trkpt>
   <trkpt lat="46.3940930" lon="14.8895950">
    <ele>1138.6</ele>
   </trkpt>
   <trkpt lat="46.3940730" lon="14.8895550">
    <ele>1138.4</ele>
   </trkpt>
   <trkpt lat="46.3940500" lon="14.8895180">
    <ele>1138.4</ele>
   </trkpt>
   <trkpt lat="46.3940280" lon="14.8894820">
    <ele>1138.4</ele>
   </trkpt>
   <trkpt lat="46.3940050" lon="14.8894450">
    <ele>1138.4</ele>
   </trkpt>
   <trkpt lat="46.3939830" lon="14.8894150">
    <ele>1138.4</ele>
   </trkpt>
   <trkpt lat="46.3939530" lon="14.8894000">
    <ele>1138.4</ele>
   </trkpt>
   <trkpt lat="46.3939220" lon="14.8893770">
    <ele>1138.0</ele>
   </trkpt>
   <trkpt lat="46.3938880" lon="14.8893500">
    <ele>1137.8</ele>
   </trkpt>
   <trkpt lat="46.3938570" lon="14.8893250">
    <ele>1137.6</ele>
   </trkpt>
   <trkpt lat="46.3938230" lon="14.8893050">
    <ele>1137.6</ele>
   </trkpt>
   <trkpt lat="46.3937920" lon="14.8892830">
    <ele>1137.6</ele>
   </trkpt>
   <trkpt lat="46.3937580" lon="14.8892620">
    <ele>1137.4</ele>
   </trkpt>
   <trkpt lat="46.3937250" lon="14.8892400">
    <ele>1137.4</ele>
   </trkpt>
   <trkpt lat="46.3936950" lon="14.8892230">
    <ele>1137.0</ele>
   </trkpt>
   <trkpt lat="46.3936580" lon="14.8892150">
    <ele>1137.0</ele>
   </trkpt>
   <trkpt lat="46.3936230" lon="14.8892080">
    <ele>1136.6</ele>
   </trkpt>
   <trkpt lat="46.3935880" lon="14.8892080">
    <ele>1136.4</ele>
   </trkpt>
   <trkpt lat="46.3935570" lon="14.8892130">
    <ele>1136.2</ele>
   </trkpt>
   <trkpt lat="46.3935250" lon="14.8892300">
    <ele>1135.8</ele>
   </trkpt>
   <trkpt lat="46.3934950" lon="14.8892570">
    <ele>1135.8</ele>
   </trkpt>
   <trkpt lat="46.3934670" lon="14.8892880">
    <ele>1135.4</ele>
   </trkpt>
   <trkpt lat="46.3934320" lon="14.8893200">
    <ele>1135.0</ele>
   </trkpt>
   <trkpt lat="46.3934020" lon="14.8893480">
    <ele>1134.8</ele>
   </trkpt>
   <trkpt lat="46.3933750" lon="14.8893830">
    <ele>1134.4</ele>
   </trkpt>
   <trkpt lat="46.3933470" lon="14.8894220">
    <ele>1134.0</ele>
   </trkpt>
   <trkpt lat="46.3933180" lon="14.8894480">
    <ele>1133.8</ele>
   </trkpt>
   <trkpt lat="46.3932830" lon="14.8894750">
    <ele>1133.0</ele>
   </trkpt>
   <trkpt lat="46.3932580" lon="14.8894980">
    <ele>1133.0</ele>
   </trkpt>
   <trkpt lat="46.3932250" lon="14.8895170">
    <ele>1132.8</ele>
   </trkpt>
   <trkpt lat="46.3931880" lon="14.8895370">
    <ele>1132.4</ele>
   </trkpt>
   <trkpt lat="46.3931530" lon="14.8895480">
    <ele>1132.0</ele>
   </trkpt>
   <trkpt lat="46.3931150" lon="14.8895580">
    <ele>1131.2</ele>
   </trkpt>
   <trkpt lat="46.3930770" lon="14.8895700">
    <ele>1131.2</ele>
   </trkpt>
   <trkpt lat="46.3930370" lon="14.8895770">
    <ele>1130.8</ele>
   </trkpt>
   <trkpt lat="46.3929980" lon="14.8895820">
    <ele>1130.8</ele>
   </trkpt>
   <trkpt lat="46.3929620" lon="14.8895820">
    <ele>1130.4</ele>
   </trkpt>
   <trkpt lat="46.3929200" lon="14.8895830">
    <ele>1129.8</ele>
   </trkpt>
   <trkpt lat="46.3928800" lon="14.8895820">
    <ele>1129.4</ele>
   </trkpt>
   <trkpt lat="46.3928400" lon="14.8895880">
    <ele>1128.8</ele>
   </trkpt>
   <trkpt lat="46.3928050" lon="14.8896020">
    <ele>1128.6</ele>
   </trkpt>
   <trkpt lat="46.3927650" lon="14.8896150">
    <ele>1128.4</ele>
   </trkpt>
   <trkpt lat="46.3927300" lon="14.8896250">
    <ele>1127.8</ele>
   </trkpt>
   <trkpt lat="46.3926850" lon="14.8896480">
    <ele>1127.4</ele>
   </trkpt>
   <trkpt lat="46.3926500" lon="14.8896730">
    <ele>1126.8</ele>
   </trkpt>
   <trkpt lat="46.3926160" lon="14.8896980">
    <ele>1126.6</ele>
   </trkpt>
   <trkpt lat="46.3925850" lon="14.8897220">
    <ele>1126.2</ele>
   </trkpt>
   <trkpt lat="46.3925550" lon="14.8897530">
    <ele>1125.4</ele>
   </trkpt>
   <trkpt lat="46.3925260" lon="14.8897800">
    <ele>1125.0</ele>
   </trkpt>
   <trkpt lat="46.3924970" lon="14.8898080">
    <ele>1124.6</ele>
   </trkpt>
   <trkpt lat="46.3924680" lon="14.8898370">
    <ele>1124.4</ele>
   </trkpt>
   <trkpt lat="46.3924280" lon="14.8898700">
    <ele>1124.0</ele>
   </trkpt>
   <trkpt lat="46.3923980" lon="14.8899030">
    <ele>1123.4</ele>
   </trkpt>
   <trkpt lat="46.3923650" lon="14.8899320">
    <ele>1123.0</ele>
   </trkpt>
   <trkpt lat="46.3923330" lon="14.8899600">
    <ele>1123.0</ele>
   </trkpt>
   <trkpt lat="46.3923020" lon="14.8899900">
    <ele>1122.2</ele>
   </trkpt>
   <trkpt lat="46.3922650" lon="14.8900270">
    <ele>1122.2</ele>
   </trkpt>
   <trkpt lat="46.3922300" lon="14.8900580">
    <ele>1121.0</ele>
   </trkpt>
   <trkpt lat="46.3922080" lon="14.8900870">
    <ele>1121.0</ele>
   </trkpt>
   <trkpt lat="46.3921830" lon="14.8901080">
    <ele>1120.4</ele>
   </trkpt>
   <trkpt lat="46.3921530" lon="14.8901320">
    <ele>1120.0</ele>
   </trkpt>
   <trkpt lat="46.3921170" lon="14.8901480">
    <ele>1119.4</ele>
   </trkpt>
   <trkpt lat="46.3920850" lon="14.8901730">
    <ele>1118.8</ele>
   </trkpt>
   <trkpt lat="46.3920450" lon="14.8901880">
    <ele>1118.6</ele>
   </trkpt>
   <trkpt lat="46.3920030" lon="14.8902070">
    <ele>1118.4</ele>
   </trkpt>
   <trkpt lat="46.3919720" lon="14.8902270">
    <ele>1118.0</ele>
   </trkpt>
   <trkpt lat="46.3919350" lon="14.8902480">
    <ele>1117.2</ele>
   </trkpt>
   <trkpt lat="46.3919020" lon="14.8902620">
    <ele>1116.8</ele>
   </trkpt>
   <trkpt lat="46.3918600" lon="14.8902820">
    <ele>1116.4</ele>
   </trkpt>
   <trkpt lat="46.3918220" lon="14.8902950">
    <ele>1116.0</ele>
   </trkpt>
   <trkpt lat="46.3917870" lon="14.8903020">
    <ele>1115.6</ele>
   </trkpt>
   <trkpt lat="46.3917450" lon="14.8903080">
    <ele>1114.6</ele>
   </trkpt>
   <trkpt lat="46.3917030" lon="14.8903120">
    <ele>1114.6</ele>
   </trkpt>
   <trkpt lat="46.3916630" lon="14.8903150">
    <ele>1114.4</ele>
   </trkpt>
   <trkpt lat="46.3916270" lon="14.8903220">
    <ele>1113.6</ele>
   </trkpt>
   <trkpt lat="46.3915920" lon="14.8903330">
    <ele>1113.4</ele>
   </trkpt>
   <trkpt lat="46.3915580" lon="14.8903420">
    <ele>1113.2</ele>
   </trkpt>
   <trkpt lat="46.3915220" lon="14.8903480">
    <ele>1113.0</ele>
   </trkpt>
   <trkpt lat="46.3914820" lon="14.8903450">
    <ele>1112.6</ele>
   </trkpt>
   <trkpt lat="46.3914480" lon="14.8903480">
    <ele>1111.8</ele>
   </trkpt>
   <trkpt lat="46.3914080" lon="14.8903480">
    <ele>1111.4</ele>
   </trkpt>
   <trkpt lat="46.3913770" lon="14.8903530">
    <ele>1110.4</ele>
   </trkpt>
   <trkpt lat="46.3913430" lon="14.8903620">
    <ele>1110.0</ele>
   </trkpt>
   <trkpt lat="46.3913130" lon="14.8903680">
    <ele>1109.6</ele>
   </trkpt>
   <trkpt lat="46.3912750" lon="14.8903800">
    <ele>1109.6</ele>
   </trkpt>
   <trkpt lat="46.3912380" lon="14.8903880">
    <ele>1109.0</ele>
   </trkpt>
   <trkpt lat="46.3911980" lon="14.8903980">
    <ele>1108.0</ele>
   </trkpt>
   <trkpt lat="46.3911580" lon="14.8904080">
    <ele>1107.6</ele>
   </trkpt>
   <trkpt lat="46.3911250" lon="14.8904200">
    <ele>1107.2</ele>
   </trkpt>
   <trkpt lat="46.3910900" lon="14.8904280">
    <ele>1107.0</ele>
   </trkpt>
   <trkpt lat="46.3910530" lon="14.8904400">
    <ele>1106.6</ele>
   </trkpt>
   <trkpt lat="46.3910180" lon="14.8904430">
    <ele>1105.8</ele>
   </trkpt>
   <trkpt lat="46.3909830" lon="14.8904380">
    <ele>1105.4</ele>
   </trkpt>
   <trkpt lat="46.3909480" lon="14.8904230">
    <ele>1104.8</ele>
   </trkpt>
   <trkpt lat="46.3909100" lon="14.8903980">
    <ele>1104.6</ele>
   </trkpt>
   <trkpt lat="46.3908780" lon="14.8903650">
    <ele>1104.0</ele>
   </trkpt>
   <trkpt lat="46.3908530" lon="14.8903180">
    <ele>1104.0</ele>
   </trkpt>
   <trkpt lat="46.3908350" lon="14.8902720">
    <ele>1103.4</ele>
   </trkpt>
   <trkpt lat="46.3908250" lon="14.8902230">
    <ele>1102.6</ele>
   </trkpt>
   <trkpt lat="46.3908200" lon="14.8901720">
    <ele>1102.0</ele>
   </trkpt>
   <trkpt lat="46.3908230" lon="14.8901300">
    <ele>1101.8</ele>
   </trkpt>
   <trkpt lat="46.3908370" lon="14.8900870">
    <ele>1101.6</ele>
   </trkpt>
   <trkpt lat="46.3908600" lon="14.8900500">
    <ele>1101.0</ele>
   </trkpt>
   <trkpt lat="46.3908920" lon="14.8900230">
    <ele>1100.2</ele>
   </trkpt>
   <trkpt lat="46.3909270" lon="14.8899920">
    <ele>1099.8</ele>
   </trkpt>
   <trkpt lat="46.3909570" lon="14.8899650">
    <ele>1099.2</ele>
   </trkpt>
   <trkpt lat="46.3909850" lon="14.8899330">
    <ele>1099.0</ele>
   </trkpt>
   <trkpt lat="46.3910150" lon="14.8899050">
    <ele>1098.8</ele>
   </trkpt>
   <trkpt lat="46.3910430" lon="14.8898780">
    <ele>1098.6</ele>
   </trkpt>
   <trkpt lat="46.3910630" lon="14.8898480">
    <ele>1098.4</ele>
   </trkpt>
   <trkpt lat="46.3910800" lon="14.8898170">
    <ele>1097.8</ele>
   </trkpt>
   <trkpt lat="46.3910970" lon="14.8897900">
    <ele>1097.8</ele>
   </trkpt>
   <trkpt lat="46.3911150" lon="14.8897650">
    <ele>1097.8</ele>
   </trkpt>
   <trkpt lat="46.3911300" lon="14.8897400">
    <ele>1097.8</ele>
   </trkpt>
   <trkpt lat="46.3911470" lon="14.8897180">
    <ele>1098.0</ele>
   </trkpt>
   <trkpt lat="46.3911610" lon="14.8896930">
    <ele>1098.0</ele>
   </trkpt>
   <trkpt lat="46.3911730" lon="14.8896680">
    <ele>1098.2</ele>
   </trkpt>
   <trkpt lat="46.3911900" lon="14.8896470">
    <ele>1098.6</ele>
   </trkpt>
   <trkpt lat="46.3912080" lon="14.8896270">
    <ele>1098.8</ele>
   </trkpt>
   <trkpt lat="46.3912220" lon="14.8896020">
    <ele>1099.6</ele>
   </trkpt>
   <trkpt lat="46.3912370" lon="14.8895750">
    <ele>1099.8</ele>
   </trkpt>
   <trkpt lat="46.3912520" lon="14.8895530">
    <ele>1099.8</ele>
   </trkpt>
   <trkpt lat="46.3912670" lon="14.8895220">
    <ele>1100.0</ele>
   </trkpt>
   <trkpt lat="46.3912730" lon="14.8894880">
    <ele>1100.2</ele>
   </trkpt>
   <trkpt lat="46.3912850" lon="14.8894570">
    <ele>1100.8</ele>
   </trkpt>
   <trkpt lat="46.3912930" lon="14.8894270">
    <ele>1101.0</ele>
   </trkpt>
   <trkpt lat="46.3912980" lon="14.8893970">
    <ele>1101.2</ele>
   </trkpt>
   <trkpt lat="46.3913070" lon="14.8893680">
    <ele>1101.2</ele>
   </trkpt>
   <trkpt lat="46.3913120" lon="14.8893370">
    <ele>1101.4</ele>
   </trkpt>
   <trkpt lat="46.3913150" lon="14.8893070">
    <ele>1102.0</ele>
   </trkpt>
   <trkpt lat="46.3913230" lon="14.8892780">
    <ele>1102.4</ele>
   </trkpt>
   <trkpt lat="46.3913250" lon="14.8892480">
    <ele>1102.6</ele>
   </trkpt>
   <trkpt lat="46.3913280" lon="14.8892170">
    <ele>1102.8</ele>
   </trkpt>
   <trkpt lat="46.3913320" lon="14.8891880">
    <ele>1103.0</ele>
   </trkpt>
   <trkpt lat="46.3913330" lon="14.8891600">
    <ele>1103.6</ele>
   </trkpt>
   <trkpt lat="46.3913330" lon="14.8891300">
    <ele>1103.8</ele>
   </trkpt>
   <trkpt lat="46.3913370" lon="14.8891000">
    <ele>1103.8</ele>
   </trkpt>
   <trkpt lat="46.3913370" lon="14.8890720">
    <ele>1104.2</ele>
   </trkpt>
   <trkpt lat="46.3913300" lon="14.8890420">
    <ele>1104.6</ele>
   </trkpt>
   <trkpt lat="46.3913250" lon="14.8890100">
    <ele>1105.0</ele>
   </trkpt>
   <trkpt lat="46.3913230" lon="14.8889780">
    <ele>1105.2</ele>
   </trkpt>
   <trkpt lat="46.3913230" lon="14.8889530">
    <ele>1105.2</ele>
   </trkpt>
   <trkpt lat="46.3913220" lon="14.8889230">
    <ele>1105.8</ele>
   </trkpt>
   <trkpt lat="46.3913220" lon="14.8888950">
    <ele>1106.0</ele>
   </trkpt>
   <trkpt lat="46.3913200" lon="14.8888630">
    <ele>1106.2</ele>
   </trkpt>
   <trkpt lat="46.3913220" lon="14.8888320">
    <ele>1106.4</ele>
   </trkpt>
   <trkpt lat="46.3913180" lon="14.8888000">
    <ele>1106.6</ele>
   </trkpt>
   <trkpt lat="46.3913220" lon="14.8887700">
    <ele>1107.2</ele>
   </trkpt>
   <trkpt lat="46.3913200" lon="14.8887380">
    <ele>1107.4</ele>
   </trkpt>
   <trkpt lat="46.3913200" lon="14.8887070">
    <ele>1107.4</ele>
   </trkpt>
   <trkpt lat="46.3913230" lon="14.8886750">
    <ele>1107.6</ele>
   </trkpt>
   <trkpt lat="46.3913250" lon="14.8886450">
    <ele>1108.0</ele>
   </trkpt>
   <trkpt lat="46.3913250" lon="14.8886150">
    <ele>1108.6</ele>
   </trkpt>
   <trkpt lat="46.3913270" lon="14.8885880">
    <ele>1108.8</ele>
   </trkpt>
   <trkpt lat="46.3913300" lon="14.8885600">
    <ele>1108.8</ele>
   </trkpt>
   <trkpt lat="46.3913370" lon="14.8885330">
    <ele>1109.0</ele>
   </trkpt>
   <trkpt lat="46.3913470" lon="14.8885070">
    <ele>1109.4</ele>
   </trkpt>
   <trkpt lat="46.3913580" lon="14.8884820">
    <ele>1109.6</ele>
   </trkpt>
   <trkpt lat="46.3913630" lon="14.8884570">
    <ele>1109.6</ele>
   </trkpt>
   <trkpt lat="46.3913730" lon="14.8884300">
    <ele>1109.8</ele>
   </trkpt>
   <trkpt lat="46.3913820" lon="14.8884030">
    <ele>1110.4</ele>
   </trkpt>
   <trkpt lat="46.3913900" lon="14.8883770">
    <ele>1110.6</ele>
   </trkpt>
   <trkpt lat="46.3913980" lon="14.8883500">
    <ele>1110.6</ele>
   </trkpt>
   <trkpt lat="46.3914070" lon="14.8883250">
    <ele>1110.8</ele>
   </trkpt>
   <trkpt lat="46.3914150" lon="14.8882970">
    <ele>1111.2</ele>
   </trkpt>
   <trkpt lat="46.3914230" lon="14.8882670">
    <ele>1111.6</ele>
   </trkpt>
   <trkpt lat="46.3914270" lon="14.8882350">
    <ele>1111.8</ele>
   </trkpt>
   <trkpt lat="46.3914320" lon="14.8882030">
    <ele>1111.8</ele>
   </trkpt>
   <trkpt lat="46.3914370" lon="14.8881750">
    <ele>1112.4</ele>
   </trkpt>
   <trkpt lat="46.3914380" lon="14.8881500">
    <ele>1112.4</ele>
   </trkpt>
   <trkpt lat="46.3914420" lon="14.8881200">
    <ele>1112.6</ele>
   </trkpt>
   <trkpt lat="46.3914430" lon="14.8880920">
    <ele>1112.8</ele>
   </trkpt>
   <trkpt lat="46.3914470" lon="14.8880630">
    <ele>1113.4</ele>
   </trkpt>
   <trkpt lat="46.3914480" lon="14.8880330">
    <ele>1113.4</ele>
   </trkpt>
   <trkpt lat="46.3914520" lon="14.8880050">
    <ele>1113.8</ele>
   </trkpt>
   <trkpt lat="46.3914570" lon="14.8879780">
    <ele>1113.8</ele>
   </trkpt>
   <trkpt lat="46.3914580" lon="14.8879520">
    <ele>1114.6</ele>
   </trkpt>
   <trkpt lat="46.3914630" lon="14.8879220">
    <ele>1114.6</ele>
   </trkpt>
   <trkpt lat="46.3914670" lon="14.8878930">
    <ele>1114.8</ele>
   </trkpt>
   <trkpt lat="46.3914730" lon="14.8878670">
    <ele>1115.0</ele>
   </trkpt>
   <trkpt lat="46.3914750" lon="14.8878320">
    <ele>1115.6</ele>
   </trkpt>
   <trkpt lat="46.3914780" lon="14.8878020">
    <ele>1115.8</ele>
   </trkpt>
   <trkpt lat="46.3914820" lon="14.8877720">
    <ele>1115.8</ele>
   </trkpt>
   <trkpt lat="46.3914830" lon="14.8877420">
    <ele>1116.2</ele>
   </trkpt>
   <trkpt lat="46.3914820" lon="14.8877100">
    <ele>1116.4</ele>
   </trkpt>
   <trkpt lat="46.3914830" lon="14.8876780">
    <ele>1117.0</ele>
   </trkpt>
   <trkpt lat="46.3914850" lon="14.8876530">
    <ele>1117.0</ele>
   </trkpt>
   <trkpt lat="46.3914870" lon="14.8876250">
    <ele>1117.2</ele>
   </trkpt>
   <trkpt lat="46.3914850" lon="14.8875930">
    <ele>1117.2</ele>
   </trkpt>
   <trkpt lat="46.3914850" lon="14.8875650">
    <ele>1117.6</ele>
   </trkpt>
   <trkpt lat="46.3914870" lon="14.8875320">
    <ele>1118.0</ele>
   </trkpt>
   <trkpt lat="46.3914900" lon="14.8875020">
    <ele>1118.4</ele>
   </trkpt>
   <trkpt lat="46.3914930" lon="14.8874670">
    <ele>1118.6</ele>
   </trkpt>
   <trkpt lat="46.3915000" lon="14.8874350">
    <ele>1118.6</ele>
   </trkpt>
   <trkpt lat="46.3915050" lon="14.8874030">
    <ele>1118.8</ele>
   </trkpt>
   <trkpt lat="46.3915120" lon="14.8873770">
    <ele>1119.0</ele>
   </trkpt>
   <trkpt lat="46.3915220" lon="14.8873500">
    <ele>1119.4</ele>
   </trkpt>
   <trkpt lat="46.3915300" lon="14.8873180">
    <ele>1119.6</ele>
   </trkpt>
   <trkpt lat="46.3915400" lon="14.8872930">
    <ele>1119.8</ele>
   </trkpt>
   <trkpt lat="46.3915530" lon="14.8872670">
    <ele>1120.0</ele>
   </trkpt>
   <trkpt lat="46.3915650" lon="14.8872400">
    <ele>1120.4</ele>
   </trkpt>
   <trkpt lat="46.3915730" lon="14.8872130">
    <ele>1120.8</ele>
   </trkpt>
   <trkpt lat="46.3915870" lon="14.8871820">
    <ele>1121.0</ele>
   </trkpt>
   <trkpt lat="46.3915980" lon="14.8871550">
    <ele>1121.0</ele>
   </trkpt>
   <trkpt lat="46.3916130" lon="14.8871270">
    <ele>1121.2</ele>
   </trkpt>
   <trkpt lat="46.3916250" lon="14.8871020">
    <ele>1121.6</ele>
   </trkpt>
   <trkpt lat="46.3916500" lon="14.8870770">
    <ele>1121.8</ele>
   </trkpt>
   <trkpt lat="46.3916620" lon="14.8870530">
    <ele>1122.0</ele>
   </trkpt>
   <trkpt lat="46.3916730" lon="14.8870270">
    <ele>1122.0</ele>
   </trkpt>
   <trkpt lat="46.3916850" lon="14.8870050">
    <ele>1122.2</ele>
   </trkpt>
   <trkpt lat="46.3916930" lon="14.8869830">
    <ele>1122.6</ele>
   </trkpt>
   <trkpt lat="46.3917070" lon="14.8869580">
    <ele>1122.6</ele>
   </trkpt>
   <trkpt lat="46.3917200" lon="14.8869300">
    <ele>1122.8</ele>
   </trkpt>
   <trkpt lat="46.3917330" lon="14.8868970">
    <ele>1123.0</ele>
   </trkpt>
   <trkpt lat="46.3917450" lon="14.8868630">
    <ele>1123.2</ele>
   </trkpt>
   <trkpt lat="46.3917550" lon="14.8868280">
    <ele>1123.6</ele>
   </trkpt>
   <trkpt lat="46.3917620" lon="14.8867970">
    <ele>1123.6</ele>
   </trkpt>
   <trkpt lat="46.3917650" lon="14.8867630">
    <ele>1123.8</ele>
   </trkpt>
   <trkpt lat="46.3917720" lon="14.8867320">
    <ele>1124.0</ele>
   </trkpt>
   <trkpt lat="46.3917770" lon="14.8866970">
    <ele>1124.4</ele>
   </trkpt>
   <trkpt lat="46.3917800" lon="14.8866620">
    <ele>1124.4</ele>
   </trkpt>
   <trkpt lat="46.3917850" lon="14.8866320">
    <ele>1124.4</ele>
   </trkpt>
   <trkpt lat="46.3917970" lon="14.8866030">
    <ele>1124.4</ele>
   </trkpt>
   <trkpt lat="46.3918070" lon="14.8865780">
    <ele>1124.6</ele>
   </trkpt>
   <trkpt lat="46.3918100" lon="14.8865470">
    <ele>1124.8</ele>
   </trkpt>
   <trkpt lat="46.3918130" lon="14.8865200">
    <ele>1125.0</ele>
   </trkpt>
   <trkpt lat="46.3918170" lon="14.8864880">
    <ele>1125.0</ele>
   </trkpt>
   <trkpt lat="46.3918130" lon="14.8864550">
    <ele>1125.2</ele>
   </trkpt>
   <trkpt lat="46.3918120" lon="14.8864230">
    <ele>1125.6</ele>
   </trkpt>
   <trkpt lat="46.3918080" lon="14.8863880">
    <ele>1126.0</ele>
   </trkpt>
   <trkpt lat="46.3918020" lon="14.8863550">
    <ele>1126.0</ele>
   </trkpt>
   <trkpt lat="46.3917950" lon="14.8863170">
    <ele>1126.0</ele>
   </trkpt>
   <trkpt lat="46.3917920" lon="14.8862820">
    <ele>1126.4</ele>
   </trkpt>
   <trkpt lat="46.3917900" lon="14.8862480">
    <ele>1126.8</ele>
   </trkpt>
   <trkpt lat="46.3917850" lon="14.8862220">
    <ele>1127.0</ele>
   </trkpt>
   <trkpt lat="46.3917780" lon="14.8861930">
    <ele>1127.2</ele>
   </trkpt>
   <trkpt lat="46.3917660" lon="14.8861650">
    <ele>1127.2</ele>
   </trkpt>
   <trkpt lat="46.3917550" lon="14.8861370">
    <ele>1128.0</ele>
   </trkpt>
   <trkpt lat="46.3917470" lon="14.8861080">
    <ele>1128.0</ele>
   </trkpt>
   <trkpt lat="46.3917350" lon="14.8860800">
    <ele>1128.2</ele>
   </trkpt>
   <trkpt lat="46.3917230" lon="14.8860620">
    <ele>1128.4</ele>
   </trkpt>
   <trkpt lat="46.3917030" lon="14.8860430">
    <ele>1128.6</ele>
   </trkpt>
   <trkpt lat="46.3916830" lon="14.8860300">
    <ele>1129.0</ele>
   </trkpt>
   <trkpt lat="46.3916580" lon="14.8860270">
    <ele>1129.4</ele>
   </trkpt>
   <trkpt lat="46.3916400" lon="14.8860220">
    <ele>1129.6</ele>
   </trkpt>
   <trkpt lat="46.3916200" lon="14.8860250">
    <ele>1129.6</ele>
   </trkpt>
   <trkpt lat="46.3916030" lon="14.8860200">
    <ele>1129.8</ele>
   </trkpt>
   <trkpt lat="46.3915870" lon="14.8860130">
    <ele>1130.2</ele>
   </trkpt>
   <trkpt lat="46.3915670" lon="14.8860030">
    <ele>1130.4</ele>
   </trkpt>
   <trkpt lat="46.3915470" lon="14.8859920">
    <ele>1130.6</ele>
   </trkpt>
   <trkpt lat="46.3915270" lon="14.8859820">
    <ele>1130.6</ele>
   </trkpt>
   <trkpt lat="46.3915070" lon="14.8859720">
    <ele>1130.8</ele>
   </trkpt>
   <trkpt lat="46.3914880" lon="14.8859620">
    <ele>1131.2</ele>
   </trkpt>
   <trkpt lat="46.3914750" lon="14.8859450">
    <ele>1131.6</ele>
   </trkpt>
   <trkpt lat="46.3914620" lon="14.8859220">
    <ele>1131.8</ele>
   </trkpt>
   <trkpt lat="46.3914430" lon="14.8859050">
    <ele>1131.8</ele>
   </trkpt>
   <trkpt lat="46.3914280" lon="14.8858830">
    <ele>1132.0</ele>
   </trkpt>
   <trkpt lat="46.3914170" lon="14.8858650">
    <ele>1132.2</ele>
   </trkpt>
   <trkpt lat="46.3914030" lon="14.8858380">
    <ele>1132.8</ele>
   </trkpt>
   <trkpt lat="46.3913920" lon="14.8858150">
    <ele>1133.0</ele>
   </trkpt>
   <trkpt lat="46.3913780" lon="14.8857950">
    <ele>1133.2</ele>
   </trkpt>
   <trkpt lat="46.3913580" lon="14.8857770">
    <ele>1133.4</ele>
   </trkpt>
   <trkpt lat="46.3913430" lon="14.8857580">
    <ele>1133.6</ele>
   </trkpt>
   <trkpt lat="46.3913250" lon="14.8857430">
    <ele>1134.2</ele>
   </trkpt>
   <trkpt lat="46.3913050" lon="14.8857250">
    <ele>1134.6</ele>
   </trkpt>
   <trkpt lat="46.3912920" lon="14.8857080">
    <ele>1134.4</ele>
   </trkpt>
   <trkpt lat="46.3912780" lon="14.8857020">
    <ele>1134.6</ele>
   </trkpt>
   <trkpt lat="46.3912620" lon="14.8856950">
    <ele>1134.8</ele>
   </trkpt>
   <trkpt lat="46.3912620" lon="14.8856950">
    <ele>1135.4</ele>
   </trkpt>
   <trkpt lat="46.3912280" lon="14.8856900">
    <ele>1135.6</ele>
   </trkpt>
   <trkpt lat="46.3912280" lon="14.8856900">
    <ele>1135.6</ele>
   </trkpt>
   <trkpt lat="46.3911970" lon="14.8856720">
    <ele>1135.8</ele>
   </trkpt>
   <trkpt lat="46.3911970" lon="14.8856720">
    <ele>1136.2</ele>
   </trkpt>
   <trkpt lat="46.3911770" lon="14.8856230">
    <ele>1136.4</ele>
   </trkpt>
   <trkpt lat="46.3911650" lon="14.8855970">
    <ele>1136.6</ele>
   </trkpt>
   <trkpt lat="46.3911500" lon="14.8855670">
    <ele>1136.6</ele>
   </trkpt>
   <trkpt lat="46.3911380" lon="14.8855350">
    <ele>1136.8</ele>
   </trkpt>
   <trkpt lat="46.3911320" lon="14.8855000">
    <ele>1137.0</ele>
   </trkpt>
   <trkpt lat="46.3911250" lon="14.8854570">
    <ele>1137.4</ele>
   </trkpt>
   <trkpt lat="46.3911220" lon="14.8854180">
    <ele>1137.6</ele>
   </trkpt>
   <trkpt lat="46.3911180" lon="14.8853800">
    <ele>1137.6</ele>
   </trkpt>
   <trkpt lat="46.3911120" lon="14.8853470">
    <ele>1137.8</ele>
   </trkpt>
   <trkpt lat="46.3911030" lon="14.8853150">
    <ele>1138.2</ele>
   </trkpt>
   <trkpt lat="46.3910980" lon="14.8852830">
    <ele>1138.6</ele>
   </trkpt>
   <trkpt lat="46.3911020" lon="14.8852550">
    <ele>1138.6</ele>
   </trkpt>
   <trkpt lat="46.3911030" lon="14.8852250">
    <ele>1138.8</ele>
   </trkpt>
   <trkpt lat="46.3911020" lon="14.8852020">
    <ele>1139.2</ele>
   </trkpt>
   <trkpt lat="46.3910950" lon="14.8851750">
    <ele>1139.4</ele>
   </trkpt>
   <trkpt lat="46.3910950" lon="14.8851450">
    <ele>1139.6</ele>
   </trkpt>
   <trkpt lat="46.3910950" lon="14.8851170">
    <ele>1139.8</ele>
   </trkpt>
   <trkpt lat="46.3910900" lon="14.8850930">
    <ele>1140.0</ele>
   </trkpt>
   <trkpt lat="46.3910840" lon="14.8850690">
    <ele>1140.4</ele>
   </trkpt>
   <trkpt lat="46.3910840" lon="14.8850690">
    <ele>1140.8</ele>
   </trkpt>
   <trkpt lat="46.3910730" lon="14.8850200">
    <ele>1140.8</ele>
   </trkpt>
   <trkpt lat="46.3910600" lon="14.8849900">
    <ele>1141.0</ele>
   </trkpt>
   <trkpt lat="46.3910450" lon="14.8849580">
    <ele>1141.2</ele>
   </trkpt>
   <trkpt lat="46.3910320" lon="14.8849350">
    <ele>1141.4</ele>
   </trkpt>
   <trkpt lat="46.3910180" lon="14.8848980">
    <ele>1141.8</ele>
   </trkpt>
   <trkpt lat="46.3910050" lon="14.8848680">
    <ele>1141.8</ele>
   </trkpt>
   <trkpt lat="46.3909950" lon="14.8848400">
    <ele>1142.0</ele>
   </trkpt>
   <trkpt lat="46.3909900" lon="14.8848050">
    <ele>1142.2</ele>
   </trkpt>
   <trkpt lat="46.3909880" lon="14.8847720">
    <ele>1142.6</ele>
   </trkpt>
   <trkpt lat="46.3909870" lon="14.8847490">
    <ele>1142.6</ele>
   </trkpt>
   <trkpt lat="46.3909860" lon="14.8847270">
    <ele>1142.8</ele>
   </trkpt>
   <trkpt lat="46.3909850" lon="14.8847050">
    <ele>1142.8</ele>
   </trkpt>
   <trkpt lat="46.3909850" lon="14.8847050">
    <ele>1143.6</ele>
   </trkpt>
   <trkpt lat="46.3909830" lon="14.8846600">
    <ele>1143.6</ele>
   </trkpt>
   <trkpt lat="46.3909830" lon="14.8846600">
    <ele>1143.8</ele>
   </trkpt>
   <trkpt lat="46.3910020" lon="14.8846070">
    <ele>1143.8</ele>
   </trkpt>
   <trkpt lat="46.3910100" lon="14.8845780">
    <ele>1144.2</ele>
   </trkpt>
   <trkpt lat="46.3910220" lon="14.8845470">
    <ele>1144.6</ele>
   </trkpt>
   <trkpt lat="46.3910370" lon="14.8845220">
    <ele>1144.8</ele>
   </trkpt>
   <trkpt lat="46.3910500" lon="14.8844950">
    <ele>1145.0</ele>
   </trkpt>
   <trkpt lat="46.3910600" lon="14.8844680">
    <ele>1145.0</ele>
   </trkpt>
   <trkpt lat="46.3910680" lon="14.8844480">
    <ele>1145.4</ele>
   </trkpt>
   <trkpt lat="46.3910770" lon="14.8844250">
    <ele>1145.6</ele>
   </trkpt>
   <trkpt lat="46.3910870" lon="14.8843980">
    <ele>1145.8</ele>
   </trkpt>
   <trkpt lat="46.3910980" lon="14.8843780">
    <ele>1145.8</ele>
   </trkpt>
   <trkpt lat="46.3911120" lon="14.8843520">
    <ele>1146.0</ele>
   </trkpt>
   <trkpt lat="46.3911200" lon="14.8843300">
    <ele>1146.6</ele>
   </trkpt>
   <trkpt lat="46.3911320" lon="14.8843120">
    <ele>1146.6</ele>
   </trkpt>
   <trkpt lat="46.3911450" lon="14.8842920">
    <ele>1146.8</ele>
   </trkpt>
   <trkpt lat="46.3911580" lon="14.8842720">
    <ele>1147.0</ele>
   </trkpt>
   <trkpt lat="46.3911580" lon="14.8842720">
    <ele>1147.2</ele>
   </trkpt>
   <trkpt lat="46.3911800" lon="14.8842320">
    <ele>1147.6</ele>
   </trkpt>
   <trkpt lat="46.3911920" lon="14.8842100">
    <ele>1147.8</ele>
   </trkpt>
   <trkpt lat="46.3912050" lon="14.8841880">
    <ele>1147.8</ele>
   </trkpt>
   <trkpt lat="46.3912180" lon="14.8841670">
    <ele>1148.0</ele>
   </trkpt>
   <trkpt lat="46.3912370" lon="14.8841420">
    <ele>1148.2</ele>
   </trkpt>
   <trkpt lat="46.3912530" lon="14.8841220">
    <ele>1148.6</ele>
   </trkpt>
   <trkpt lat="46.3912730" lon="14.8841020">
    <ele>1149.0</ele>
   </trkpt>
   <trkpt lat="46.3912850" lon="14.8840770">
    <ele>1149.0</ele>
   </trkpt>
   <trkpt lat="46.3912950" lon="14.8840520">
    <ele>1149.0</ele>
   </trkpt>
   <trkpt lat="46.3913070" lon="14.8840280">
    <ele>1149.2</ele>
   </trkpt>
   <trkpt lat="46.3913100" lon="14.8840120">
    <ele>1149.6</ele>
   </trkpt>
   <trkpt lat="46.3913200" lon="14.8839880">
    <ele>1149.8</ele>
   </trkpt>
   <trkpt lat="46.3913200" lon="14.8839880">
    <ele>1149.8</ele>
   </trkpt>
   <trkpt lat="46.3913370" lon="14.8839370">
    <ele>1150.2</ele>
   </trkpt>
   <trkpt lat="46.3913520" lon="14.8839120">
    <ele>1150.4</ele>
   </trkpt>
   <trkpt lat="46.3913620" lon="14.8838880">
    <ele>1150.8</ele>
   </trkpt>
   <trkpt lat="46.3913670" lon="14.8838670">
    <ele>1151.0</ele>
   </trkpt>
   <trkpt lat="46.3913670" lon="14.8838400">
    <ele>1151.0</ele>
   </trkpt>
   <trkpt lat="46.3913730" lon="14.8838020">
    <ele>1151.2</ele>
   </trkpt>
   <trkpt lat="46.3913750" lon="14.8837720">
    <ele>1151.4</ele>
   </trkpt>
   <trkpt lat="46.3913780" lon="14.8837430">
    <ele>1151.8</ele>
   </trkpt>
   <trkpt lat="46.3913800" lon="14.8837120">
    <ele>1152.2</ele>
   </trkpt>
   <trkpt lat="46.3913870" lon="14.8836830">
    <ele>1152.2</ele>
   </trkpt>
   <trkpt lat="46.3913900" lon="14.8836530">
    <ele>1152.4</ele>
   </trkpt>
   <trkpt lat="46.3913950" lon="14.8836220">
    <ele>1152.4</ele>
   </trkpt>
   <trkpt lat="46.3914050" lon="14.8835880">
    <ele>1152.8</ele>
   </trkpt>
   <trkpt lat="46.3914100" lon="14.8835520">
    <ele>1153.0</ele>
   </trkpt>
   <trkpt lat="46.3914170" lon="14.8835120">
    <ele>1153.4</ele>
   </trkpt>
   <trkpt lat="46.3914230" lon="14.8834680">
    <ele>1153.6</ele>
   </trkpt>
   <trkpt lat="46.3914250" lon="14.8834230">
    <ele>1153.6</ele>
   </trkpt>
   <trkpt lat="46.3914280" lon="14.8833780">
    <ele>1153.8</ele>
   </trkpt>
   <trkpt lat="46.3914320" lon="14.8833380">
    <ele>1153.8</ele>
   </trkpt>
   <trkpt lat="46.3914280" lon="14.8832950">
    <ele>1154.0</ele>
   </trkpt>
   <trkpt lat="46.3914250" lon="14.8832480">
    <ele>1153.8</ele>
   </trkpt>
   <trkpt lat="46.3914170" lon="14.8832000">
    <ele>1153.8</ele>
   </trkpt>
   <trkpt lat="46.3914050" lon="14.8831470">
    <ele>1153.8</ele>
   </trkpt>
   <trkpt lat="46.3913900" lon="14.8831020">
    <ele>1153.6</ele>
   </trkpt>
   <trkpt lat="46.3913730" lon="14.8830620">
    <ele>1153.4</ele>
   </trkpt>
   <trkpt lat="46.3913500" lon="14.8830250">
    <ele>1153.4</ele>
   </trkpt>
   <trkpt lat="46.3913270" lon="14.8829930">
    <ele>1153.2</ele>
   </trkpt>
   <trkpt lat="46.3913070" lon="14.8829570">
    <ele>1153.0</ele>
   </trkpt>
   <trkpt lat="46.3912800" lon="14.8829170">
    <ele>1153.0</ele>
   </trkpt>
   <trkpt lat="46.3912520" lon="14.8828780">
    <ele>1152.8</ele>
   </trkpt>
   <trkpt lat="46.3912270" lon="14.8828420">
    <ele>1152.8</ele>
   </trkpt>
   <trkpt lat="46.3912020" lon="14.8828070">
    <ele>1152.4</ele>
   </trkpt>
   <trkpt lat="46.3911800" lon="14.8827630">
    <ele>1152.4</ele>
   </trkpt>
   <trkpt lat="46.3911530" lon="14.8827270">
    <ele>1152.4</ele>
   </trkpt>
   <trkpt lat="46.3911250" lon="14.8826880">
    <ele>1152.2</ele>
   </trkpt>
   <trkpt lat="46.3910970" lon="14.8826450">
    <ele>1152.2</ele>
   </trkpt>
   <trkpt lat="46.3910700" lon="14.8826070">
    <ele>1151.8</ele>
   </trkpt>
   <trkpt lat="46.3910450" lon="14.8825650">
    <ele>1151.8</ele>
   </trkpt>
   <trkpt lat="46.3910230" lon="14.8825170">
    <ele>1151.6</ele>
   </trkpt>
   <trkpt lat="46.3910070" lon="14.8824650">
    <ele>1151.2</ele>
   </trkpt>
   <trkpt lat="46.3910020" lon="14.8824070">
    <ele>1151.0</ele>
   </trkpt>
   <trkpt lat="46.3910080" lon="14.8823550">
    <ele>1151.0</ele>
   </trkpt>
   <trkpt lat="46.3910200" lon="14.8823120">
    <ele>1150.8</ele>
   </trkpt>
   <trkpt lat="46.3910350" lon="14.8822720">
    <ele>1150.6</ele>
   </trkpt>
   <trkpt lat="46.3910550" lon="14.8822400">
    <ele>1149.8</ele>
   </trkpt>
   <trkpt lat="46.3910830" lon="14.8822150">
    <ele>1149.8</ele>
   </trkpt>
   <trkpt lat="46.3911160" lon="14.8821850">
    <ele>1149.8</ele>
   </trkpt>
   <trkpt lat="46.3911500" lon="14.8821620">
    <ele>1149.6</ele>
   </trkpt>
   <trkpt lat="46.3911820" lon="14.8821370">
    <ele>1149.6</ele>
   </trkpt>
   <trkpt lat="46.3912170" lon="14.8821170">
    <ele>1149.2</ele>
   </trkpt>
   <trkpt lat="46.3912500" lon="14.8820950">
    <ele>1149.2</ele>
   </trkpt>
   <trkpt lat="46.3912830" lon="14.8820700">
    <ele>1149.2</ele>
   </trkpt>
   <trkpt lat="46.3913170" lon="14.8820450">
    <ele>1148.8</ele>
   </trkpt>
   <trkpt lat="46.3913500" lon="14.8820180">
    <ele>1148.6</ele>
   </trkpt>
   <trkpt lat="46.3913780" lon="14.8819850">
    <ele>1148.4</ele>
   </trkpt>
   <trkpt lat="46.3914030" lon="14.8819480">
    <ele>1148.2</ele>
   </trkpt>
   <trkpt lat="46.3914350" lon="14.8819120">
    <ele>1148.2</ele>
   </trkpt>
   <trkpt lat="46.3914580" lon="14.8818730">
    <ele>1148.0</ele>
   </trkpt>
   <trkpt lat="46.3914820" lon="14.8818370">
    <ele>1147.8</ele>
   </trkpt>
   <trkpt lat="46.3915050" lon="14.8818000">
    <ele>1147.4</ele>
   </trkpt>
   <trkpt lat="46.3915300" lon="14.8817600">
    <ele>1147.4</ele>
   </trkpt>
   <trkpt lat="46.3915530" lon="14.8817220">
    <ele>1147.4</ele>
   </trkpt>
   <trkpt lat="46.3915770" lon="14.8816850">
    <ele>1146.8</ele>
   </trkpt>
   <trkpt lat="46.3916000" lon="14.8816420">
    <ele>1146.8</ele>
   </trkpt>
   <trkpt lat="46.3916250" lon="14.8816070">
    <ele>1146.8</ele>
   </trkpt>
   <trkpt lat="46.3916520" lon="14.8815720">
    <ele>1146.4</ele>
   </trkpt>
   <trkpt lat="46.3916800" lon="14.8815370">
    <ele>1146.4</ele>
   </trkpt>
   <trkpt lat="46.3917070" lon="14.8815050">
    <ele>1145.8</ele>
   </trkpt>
   <trkpt lat="46.3917370" lon="14.8814730">
    <ele>1145.6</ele>
   </trkpt>
   <trkpt lat="46.3917680" lon="14.8814450">
    <ele>1145.6</ele>
   </trkpt>
   <trkpt lat="46.3917980" lon="14.8814120">
    <ele>1145.2</ele>
   </trkpt>
   <trkpt lat="46.3918250" lon="14.8813780">
    <ele>1145.0</ele>
   </trkpt>
   <trkpt lat="46.3918530" lon="14.8813520">
    <ele>1144.4</ele>
   </trkpt>
   <trkpt lat="46.3918820" lon="14.8813230">
    <ele>1144.4</ele>
   </trkpt>
   <trkpt lat="46.3919080" lon="14.8812950">
    <ele>1143.8</ele>
   </trkpt>
   <trkpt lat="46.3919380" lon="14.8812680">
    <ele>1143.4</ele>
   </trkpt>
   <trkpt lat="46.3919680" lon="14.8812430">
    <ele>1143.2</ele>
   </trkpt>
   <trkpt lat="46.3919950" lon="14.8812150">
    <ele>1143.0</ele>
   </trkpt>
   <trkpt lat="46.3920250" lon="14.8811830">
    <ele>1143.0</ele>
   </trkpt>
   <trkpt lat="46.3920530" lon="14.8811530">
    <ele>1142.6</ele>
   </trkpt>
   <trkpt lat="46.3920800" lon="14.8811180">
    <ele>1142.0</ele>
   </trkpt>
   <trkpt lat="46.3921130" lon="14.8810850">
    <ele>1142.0</ele>
   </trkpt>
   <trkpt lat="46.3921420" lon="14.8810580">
    <ele>1141.6</ele>
   </trkpt>
   <trkpt lat="46.3921730" lon="14.8810300">
    <ele>1141.2</ele>
   </trkpt>
   <trkpt lat="46.3922000" lon="14.8810000">
    <ele>1141.0</ele>
   </trkpt>
   <trkpt lat="46.3922280" lon="14.8809720">
    <ele>1140.2</ele>
   </trkpt>
   <trkpt lat="46.3922580" lon="14.8809470">
    <ele>1140.2</ele>
   </trkpt>
   <trkpt lat="46.3922850" lon="14.8809230">
    <ele>1140.2</ele>
   </trkpt>
   <trkpt lat="46.3923150" lon="14.8809020">
    <ele>1139.8</ele>
   </trkpt>
   <trkpt lat="46.3923470" lon="14.8808780">
    <ele>1139.8</ele>
   </trkpt>
   <trkpt lat="46.3923770" lon="14.8808550">
    <ele>1139.4</ele>
   </trkpt>
   <trkpt lat="46.3924080" lon="14.8808320">
    <ele>1139.4</ele>
   </trkpt>
   <trkpt lat="46.3924350" lon="14.8808120">
    <ele>1139.2</ele>
   </trkpt>
   <trkpt lat="46.3924620" lon="14.8807920">
    <ele>1139.2</ele>
   </trkpt>
   <trkpt lat="46.3924870" lon="14.8807770">
    <ele>1139.2</ele>
   </trkpt>
   <trkpt lat="46.3925130" lon="14.8807600">
    <ele>1139.2</ele>
   </trkpt>
   <trkpt lat="46.3925420" lon="14.8807420">
    <ele>1139.2</ele>
   </trkpt>
   <trkpt lat="46.3925670" lon="14.8807280">
    <ele>1139.2</ele>
   </trkpt>
   <trkpt lat="46.3925950" lon="14.8807130">
    <ele>1139.4</ele>
   </trkpt>
   <trkpt lat="46.3926230" lon="14.8806950">
    <ele>1139.4</ele>
   </trkpt>
   <trkpt lat="46.3926520" lon="14.8806830">
    <ele>1139.4</ele>
   </trkpt>
   <trkpt lat="46.3926820" lon="14.8806700">
    <ele>1139.8</ele>
   </trkpt>
   <trkpt lat="46.3927130" lon="14.8806530">
    <ele>1139.8</ele>
   </trkpt>
   <trkpt lat="46.3927430" lon="14.8806350">
    <ele>1139.8</ele>
   </trkpt>
   <trkpt lat="46.3927720" lon="14.8806180">
    <ele>1140.0</ele>
   </trkpt>
   <trkpt lat="46.3928020" lon="14.8806050">
    <ele>1140.0</ele>
   </trkpt>
   <trkpt lat="46.3928320" lon="14.8805880">
    <ele>1140.2</ele>
   </trkpt>
   <trkpt lat="46.3928580" lon="14.8805770">
    <ele>1140.4</ele>
   </trkpt>
   <trkpt lat="46.3928850" lon="14.8805620">
    <ele>1140.4</ele>
   </trkpt>
   <trkpt lat="46.3929120" lon="14.8805430">
    <ele>1140.4</ele>
   </trkpt>
   <trkpt lat="46.3929350" lon="14.8805230">
    <ele>1140.4</ele>
   </trkpt>
   <trkpt lat="46.3929600" lon="14.8805030">
    <ele>1140.8</ele>
   </trkpt>
   <trkpt lat="46.3929800" lon="14.8804750">
    <ele>1140.8</ele>
   </trkpt>
   <trkpt lat="46.3929900" lon="14.8804450">
    <ele>1141.0</ele>
   </trkpt>
   <trkpt lat="46.3929930" lon="14.8804080">
    <ele>1141.0</ele>
   </trkpt>
   <trkpt lat="46.3929880" lon="14.8803680">
    <ele>1141.0</ele>
   </trkpt>
   <trkpt lat="46.3929830" lon="14.8803270">
    <ele>1141.2</ele>
   </trkpt>
   <trkpt lat="46.3929720" lon="14.8802900">
    <ele>1141.4</ele>
   </trkpt>
   <trkpt lat="46.3929580" lon="14.8802550">
    <ele>1141.8</ele>
   </trkpt>
   <trkpt lat="46.3929400" lon="14.8802170">
    <ele>1142.0</ele>
   </trkpt>
   <trkpt lat="46.3929230" lon="14.8801800">
    <ele>1142.0</ele>
   </trkpt>
   <trkpt lat="46.3929100" lon="14.8801420">
    <ele>1142.2</ele>
   </trkpt>
   <trkpt lat="46.3929000" lon="14.8801030">
    <ele>1142.2</ele>
   </trkpt>
   <trkpt lat="46.3928830" lon="14.8800630">
    <ele>1142.4</ele>
   </trkpt>
   <trkpt lat="46.3928700" lon="14.8800330">
    <ele>1142.6</ele>
   </trkpt>
   <trkpt lat="46.3928570" lon="14.8799980">
    <ele>1143.0</ele>
   </trkpt>
   <trkpt lat="46.3928480" lon="14.8799620">
    <ele>1143.2</ele>
   </trkpt>
   <trkpt lat="46.3928400" lon="14.8799200">
    <ele>1143.2</ele>
   </trkpt>
   <trkpt lat="46.3928400" lon="14.8798730">
    <ele>1143.2</ele>
   </trkpt>
   <trkpt lat="46.3928350" lon="14.8798300">
    <ele>1143.2</ele>
   </trkpt>
   <trkpt lat="46.3928300" lon="14.8797850">
    <ele>1143.6</ele>
   </trkpt>
   <trkpt lat="46.3928250" lon="14.8797400">
    <ele>1143.8</ele>
   </trkpt>
   <trkpt lat="46.3928230" lon="14.8796950">
    <ele>1143.8</ele>
   </trkpt>
   <trkpt lat="46.3928170" lon="14.8796430">
    <ele>1143.8</ele>
   </trkpt>
   <trkpt lat="46.3928080" lon="14.8796000">
    <ele>1143.8</ele>
   </trkpt>
   <trkpt lat="46.3927980" lon="14.8795530">
    <ele>1143.8</ele>
   </trkpt>
   <trkpt lat="46.3927850" lon="14.8795080">
    <ele>1143.8</ele>
   </trkpt>
   <trkpt lat="46.3927700" lon="14.8794720">
    <ele>1143.6</ele>
   </trkpt>
   <trkpt lat="46.3927520" lon="14.8794330">
    <ele>1143.6</ele>
   </trkpt>
   <trkpt lat="46.3927320" lon="14.8794050">
    <ele>1143.4</ele>
   </trkpt>
   <trkpt lat="46.3927070" lon="14.8793800">
    <ele>1143.4</ele>
   </trkpt>
   <trkpt lat="46.3926800" lon="14.8793600">
    <ele>1143.4</ele>
   </trkpt>
   <trkpt lat="46.3926570" lon="14.8793380">
    <ele>1143.8</ele>
   </trkpt>
   <trkpt lat="46.3926280" lon="14.8793200">
    <ele>1144.0</ele>
   </trkpt>
   <trkpt lat="46.3926030" lon="14.8793020">
    <ele>1144.0</ele>
   </trkpt>
   <trkpt lat="46.3925750" lon="14.8792870">
    <ele>1144.2</ele>
   </trkpt>
   <trkpt lat="46.3925470" lon="14.8792730">
    <ele>1144.6</ele>
   </trkpt>
   <trkpt lat="46.3925150" lon="14.8792580">
    <ele>1144.6</ele>
   </trkpt>
   <trkpt lat="46.3924870" lon="14.8792480">
    <ele>1144.6</ele>
   </trkpt>
   <trkpt lat="46.3924580" lon="14.8792330">
    <ele>1144.6</ele>
   </trkpt>
   <trkpt lat="46.3924300" lon="14.8792220">
    <ele>1144.8</ele>
   </trkpt>
   <trkpt lat="46.3924030" lon="14.8792100">
    <ele>1144.8</ele>
   </trkpt>
   <trkpt lat="46.3923730" lon="14.8792000">
    <ele>1144.8</ele>
   </trkpt>
   <trkpt lat="46.3923450" lon="14.8791880">
    <ele>1145.0</ele>
   </trkpt>
   <trkpt lat="46.3923170" lon="14.8791770">
    <ele>1145.2</ele>
   </trkpt>
   <trkpt lat="46.3922830" lon="14.8791680">
    <ele>1145.4</ele>
   </trkpt>
   <trkpt lat="46.3922530" lon="14.8791630">
    <ele>1145.4</ele>
   </trkpt>
   <trkpt lat="46.3922220" lon="14.8791570">
    <ele>1145.4</ele>
   </trkpt>
   <trkpt lat="46.3921920" lon="14.8791520">
    <ele>1145.4</ele>
   </trkpt>
   <trkpt lat="46.3921620" lon="14.8791450">
    <ele>1145.4</ele>
   </trkpt>
   <trkpt lat="46.3921300" lon="14.8791400">
    <ele>1145.6</ele>
   </trkpt>
   <trkpt lat="46.3921000" lon="14.8791330">
    <ele>1145.6</ele>
   </trkpt>
   <trkpt lat="46.3920700" lon="14.8791270">
    <ele>1145.6</ele>
   </trkpt>
   <trkpt lat="46.3920420" lon="14.8791130">
    <ele>1145.6</ele>
   </trkpt>
   <trkpt lat="46.3920180" lon="14.8790950">
    <ele>1145.8</ele>
   </trkpt>
   <trkpt lat="46.3919970" lon="14.8790730">
    <ele>1145.8</ele>
   </trkpt>
   <trkpt lat="46.3919770" lon="14.8790500">
    <ele>1146.0</ele>
   </trkpt>
   <trkpt lat="46.3919600" lon="14.8790180">
    <ele>1146.0</ele>
   </trkpt>
   <trkpt lat="46.3919430" lon="14.8789830">
    <ele>1146.2</ele>
   </trkpt>
   <trkpt lat="46.3919270" lon="14.8789480">
    <ele>1146.6</ele>
   </trkpt>
   <trkpt lat="46.3919120" lon="14.8789080">
    <ele>1146.8</ele>
   </trkpt>
   <trkpt lat="46.3918950" lon="14.8788730">
    <ele>1146.8</ele>
   </trkpt>
   <trkpt lat="46.3918780" lon="14.8788370">
    <ele>1147.0</ele>
   </trkpt>
   <trkpt lat="46.3918570" lon="14.8788050">
    <ele>1147.4</ele>
   </trkpt>
   <trkpt lat="46.3918380" lon="14.8787730">
    <ele>1147.4</ele>
   </trkpt>
   <trkpt lat="46.3918130" lon="14.8787500">
    <ele>1147.4</ele>
   </trkpt>
   <trkpt lat="46.3917870" lon="14.8787320">
    <ele>1147.6</ele>
   </trkpt>
   <trkpt lat="46.3917620" lon="14.8787150">
    <ele>1147.8</ele>
   </trkpt>
   <trkpt lat="46.3917350" lon="14.8787050">
    <ele>1148.0</ele>
   </trkpt>
   <trkpt lat="46.3917080" lon="14.8786950">
    <ele>1148.2</ele>
   </trkpt>
   <trkpt lat="46.3916820" lon="14.8786850">
    <ele>1148.2</ele>
   </trkpt>
   <trkpt lat="46.3916550" lon="14.8786780">
    <ele>1148.2</ele>
   </trkpt>
   <trkpt lat="46.3916250" lon="14.8786700">
    <ele>1148.4</ele>
   </trkpt>
   <trkpt lat="46.3916000" lon="14.8786600">
    <ele>1148.6</ele>
   </trkpt>
   <trkpt lat="46.3915730" lon="14.8786470">
    <ele>1148.6</ele>
   </trkpt>
   <trkpt lat="46.3915430" lon="14.8786400">
    <ele>1148.8</ele>
   </trkpt>
   <trkpt lat="46.3915150" lon="14.8786330">
    <ele>1148.8</ele>
   </trkpt>
   <trkpt lat="46.3914850" lon="14.8786250">
    <ele>1148.8</ele>
   </trkpt>
   <trkpt lat="46.3914530" lon="14.8786150">
    <ele>1148.8</ele>
   </trkpt>
   <trkpt lat="46.3914270" lon="14.8786020">
    <ele>1149.0</ele>
   </trkpt>
   <trkpt lat="46.3914000" lon="14.8785920">
    <ele>1148.6</ele>
   </trkpt>
   <trkpt lat="46.3913700" lon="14.8785820">
    <ele>1148.6</ele>
   </trkpt>
   <trkpt lat="46.3913370" lon="14.8785770">
    <ele>1148.6</ele>
   </trkpt>
   <trkpt lat="46.3913050" lon="14.8785720">
    <ele>1148.4</ele>
   </trkpt>
   <trkpt lat="46.3912720" lon="14.8785670">
    <ele>1148.4</ele>
   </trkpt>
   <trkpt lat="46.3912400" lon="14.8785600">
    <ele>1148.4</ele>
   </trkpt>
   <trkpt lat="46.3912100" lon="14.8785500">
    <ele>1148.2</ele>
   </trkpt>
   <trkpt lat="46.3911800" lon="14.8785430">
    <ele>1147.6</ele>
   </trkpt>
   <trkpt lat="46.3911500" lon="14.8785400">
    <ele>1147.6</ele>
   </trkpt>
   <trkpt lat="46.3911220" lon="14.8785380">
    <ele>1147.4</ele>
   </trkpt>
   <trkpt lat="46.3910900" lon="14.8785380">
    <ele>1147.4</ele>
   </trkpt>
   <trkpt lat="46.3910600" lon="14.8785350">
    <ele>1147.4</ele>
   </trkpt>
   <trkpt lat="46.3910300" lon="14.8785280">
    <ele>1147.0</ele>
   </trkpt>
   <trkpt lat="46.3910020" lon="14.8785280">
    <ele>1147.0</ele>
   </trkpt>
   <trkpt lat="46.3909720" lon="14.8785250">
    <ele>1147.0</ele>
   </trkpt>
   <trkpt lat="46.3909380" lon="14.8785320">
    <ele>1147.2</ele>
   </trkpt>
   <trkpt lat="46.3909080" lon="14.8785330">
    <ele>1147.4</ele>
   </trkpt>
   <trkpt lat="46.3908780" lon="14.8785380">
    <ele>1147.4</ele>
   </trkpt>
   <trkpt lat="46.3908520" lon="14.8785480">
    <ele>1147.2</ele>
   </trkpt>
   <trkpt lat="46.3908230" lon="14.8785570">
    <ele>1147.2</ele>
   </trkpt>
   <trkpt lat="46.3907970" lon="14.8785650">
    <ele>1147.2</ele>
   </trkpt>
   <trkpt lat="46.3907730" lon="14.8785730">
    <ele>1147.2</ele>
   </trkpt>
   <trkpt lat="46.3907470" lon="14.8785850">
    <ele>1147.8</ele>
   </trkpt>
   <trkpt lat="46.3907250" lon="14.8785970">
    <ele>1147.8</ele>
   </trkpt>
   <trkpt lat="46.3907000" lon="14.8786130">
    <ele>1147.8</ele>
   </trkpt>
   <trkpt lat="46.3906750" lon="14.8786230">
    <ele>1148.0</ele>
   </trkpt>
   <trkpt lat="46.3906520" lon="14.8786400">
    <ele>1148.0</ele>
   </trkpt>
   <trkpt lat="46.3906250" lon="14.8786570">
    <ele>1148.4</ele>
   </trkpt>
   <trkpt lat="46.3906010" lon="14.8786700">
    <ele>1149.0</ele>
   </trkpt>
   <trkpt lat="46.3905780" lon="14.8786880">
    <ele>1149.0</ele>
   </trkpt>
   <trkpt lat="46.3905550" lon="14.8787000">
    <ele>1149.0</ele>
   </trkpt>
   <trkpt lat="46.3905280" lon="14.8787080">
    <ele>1149.0</ele>
   </trkpt>
   <trkpt lat="46.3905030" lon="14.8787170">
    <ele>1149.2</ele>
   </trkpt>
   <trkpt lat="46.3904820" lon="14.8787280">
    <ele>1149.6</ele>
   </trkpt>
   <trkpt lat="46.3904570" lon="14.8787420">
    <ele>1149.8</ele>
   </trkpt>
   <trkpt lat="46.3904320" lon="14.8787550">
    <ele>1150.0</ele>
   </trkpt>
   <trkpt lat="46.3904050" lon="14.8787620">
    <ele>1150.2</ele>
   </trkpt>
   <trkpt lat="46.3903820" lon="14.8787750">
    <ele>1150.2</ele>
   </trkpt>
   <trkpt lat="46.3903530" lon="14.8787830">
    <ele>1150.4</ele>
   </trkpt>
   <trkpt lat="46.3903280" lon="14.8787950">
    <ele>1150.8</ele>
   </trkpt>
   <trkpt lat="46.3903050" lon="14.8788030">
    <ele>1150.8</ele>
   </trkpt>
   <trkpt lat="46.3902770" lon="14.8788130">
    <ele>1150.8</ele>
   </trkpt>
   <trkpt lat="46.3902520" lon="14.8788200">
    <ele>1151.0</ele>
   </trkpt>
   <trkpt lat="46.3902250" lon="14.8788280">
    <ele>1151.4</ele>
   </trkpt>
   <trkpt lat="46.3901980" lon="14.8788330">
    <ele>1151.8</ele>
   </trkpt>
   <trkpt lat="46.3901720" lon="14.8788380">
    <ele>1151.8</ele>
   </trkpt>
   <trkpt lat="46.3901450" lon="14.8788470">
    <ele>1152.0</ele>
   </trkpt>
   <trkpt lat="46.3901170" lon="14.8788530">
    <ele>1152.0</ele>
   </trkpt>
   <trkpt lat="46.3900900" lon="14.8788670">
    <ele>1152.0</ele>
   </trkpt>
   <trkpt lat="46.3900630" lon="14.8788780">
    <ele>1152.0</ele>
   </trkpt>
   <trkpt lat="46.3900370" lon="14.8788920">
    <ele>1152.0</ele>
   </trkpt>
   <trkpt lat="46.3900070" lon="14.8789050">
    <ele>1152.0</ele>
   </trkpt>
   <trkpt lat="46.3899770" lon="14.8789180">
    <ele>1152.0</ele>
   </trkpt>
   <trkpt lat="46.3899500" lon="14.8789370">
    <ele>1151.8</ele>
   </trkpt>
   <trkpt lat="46.3899180" lon="14.8789620">
    <ele>1151.8</ele>
   </trkpt>
   <trkpt lat="46.3898850" lon="14.8789850">
    <ele>1151.8</ele>
   </trkpt>
   <trkpt lat="46.3898580" lon="14.8790100">
    <ele>1151.6</ele>
   </trkpt>
   <trkpt lat="46.3898320" lon="14.8790280">
    <ele>1151.6</ele>
   </trkpt>
   <trkpt lat="46.3898000" lon="14.8790470">
    <ele>1150.8</ele>
   </trkpt>
   <trkpt lat="46.3897670" lon="14.8790630">
    <ele>1150.8</ele>
   </trkpt>
   <trkpt lat="46.3897370" lon="14.8790800">
    <ele>1150.8</ele>
   </trkpt>
   <trkpt lat="46.3897020" lon="14.8790930">
    <ele>1150.6</ele>
   </trkpt>
   <trkpt lat="46.3896680" lon="14.8791120">
    <ele>1150.6</ele>
   </trkpt>
   <trkpt lat="46.3896370" lon="14.8791280">
    <ele>1150.2</ele>
   </trkpt>
   <trkpt lat="46.3896080" lon="14.8791480">
    <ele>1150.0</ele>
   </trkpt>
   <trkpt lat="46.3895800" lon="14.8791680">
    <ele>1149.6</ele>
   </trkpt>
   <trkpt lat="46.3895520" lon="14.8791900">
    <ele>1149.6</ele>
   </trkpt>
   <trkpt lat="46.3895230" lon="14.8792100">
    <ele>1149.4</ele>
   </trkpt>
   <trkpt lat="46.3894850" lon="14.8792280">
    <ele>1149.0</ele>
   </trkpt>
   <trkpt lat="46.3894520" lon="14.8792450">
    <ele>1148.6</ele>
   </trkpt>
   <trkpt lat="46.3894170" lon="14.8792570">
    <ele>1148.2</ele>
   </trkpt>
   <trkpt lat="46.3893850" lon="14.8792670">
    <ele>1148.2</ele>
   </trkpt>
   <trkpt lat="46.3893500" lon="14.8792770">
    <ele>1147.8</ele>
   </trkpt>
   <trkpt lat="46.3893150" lon="14.8792870">
    <ele>1147.2</ele>
   </trkpt>
   <trkpt lat="46.3892750" lon="14.8792930">
    <ele>1146.8</ele>
   </trkpt>
   <trkpt lat="46.3892380" lon="14.8792950">
    <ele>1146.4</ele>
   </trkpt>
   <trkpt lat="46.3891980" lon="14.8792880">
    <ele>1146.4</ele>
   </trkpt>
   <trkpt lat="46.3891630" lon="14.8792830">
    <ele>1146.0</ele>
   </trkpt>
   <trkpt lat="46.3891300" lon="14.8792730">
    <ele>1145.4</ele>
   </trkpt>
   <trkpt lat="46.3890920" lon="14.8792550">
    <ele>1144.8</ele>
   </trkpt>
   <trkpt lat="46.3890620" lon="14.8792370">
    <ele>1144.2</ele>
   </trkpt>
   <trkpt lat="46.3890300" lon="14.8792170">
    <ele>1144.0</ele>
   </trkpt>
   <trkpt lat="46.3889970" lon="14.8791970">
    <ele>1143.8</ele>
   </trkpt>
   <trkpt lat="46.3889630" lon="14.8791730">
    <ele>1143.4</ele>
   </trkpt>
   <trkpt lat="46.3889280" lon="14.8791470">
    <ele>1143.0</ele>
   </trkpt>
   <trkpt lat="46.3888970" lon="14.8791220">
    <ele>1142.6</ele>
   </trkpt>
   <trkpt lat="46.3888670" lon="14.8791000">
    <ele>1141.8</ele>
   </trkpt>
   <trkpt lat="46.3888350" lon="14.8790780">
    <ele>1141.4</ele>
   </trkpt>
   <trkpt lat="46.3888030" lon="14.8790570">
    <ele>1141.0</ele>
   </trkpt>
   <trkpt lat="46.3887700" lon="14.8790300">
    <ele>1140.4</ele>
   </trkpt>
   <trkpt lat="46.3887370" lon="14.8790130">
    <ele>1140.2</ele>
   </trkpt>
   <trkpt lat="46.3887000" lon="14.8790050">
    <ele>1139.8</ele>
   </trkpt>
   <trkpt lat="46.3886630" lon="14.8789980">
    <ele>1139.0</ele>
   </trkpt>
   <trkpt lat="46.3886270" lon="14.8789970">
    <ele>1138.6</ele>
   </trkpt>
   <trkpt lat="46.3885860" lon="14.8789950">
    <ele>1137.6</ele>
   </trkpt>
   <trkpt lat="46.3885470" lon="14.8789930">
    <ele>1137.2</ele>
   </trkpt>
   <trkpt lat="46.3885080" lon="14.8790000">
    <ele>1136.8</ele>
   </trkpt>
   <trkpt lat="46.3884700" lon="14.8790080">
    <ele>1136.6</ele>
   </trkpt>
   <trkpt lat="46.3884310" lon="14.8790150">
    <ele>1136.2</ele>
   </trkpt>
   <trkpt lat="46.3883950" lon="14.8790150">
    <ele>1135.2</ele>
   </trkpt>
   <trkpt lat="46.3883550" lon="14.8790180">
    <ele>1135.0</ele>
   </trkpt>
   <trkpt lat="46.3883180" lon="14.8790230">
    <ele>1134.6</ele>
   </trkpt>
   <trkpt lat="46.3882780" lon="14.8790320">
    <ele>1134.4</ele>
   </trkpt>
   <trkpt lat="46.3882420" lon="14.8790380">
    <ele>1134.0</ele>
   </trkpt>
   <trkpt lat="46.3882020" lon="14.8790430">
    <ele>1133.2</ele>
   </trkpt>
   <trkpt lat="46.3881650" lon="14.8790420">
    <ele>1132.8</ele>
   </trkpt>
   <trkpt lat="46.3881300" lon="14.8790450">
    <ele>1132.2</ele>
   </trkpt>
   <trkpt lat="46.3880950" lon="14.8790500">
    <ele>1132.2</ele>
   </trkpt>
   <trkpt lat="46.3880530" lon="14.8790500">
    <ele>1131.4</ele>
   </trkpt>
   <trkpt lat="46.3880150" lon="14.8790570">
    <ele>1130.6</ele>
   </trkpt>
   <trkpt lat="46.3879820" lon="14.8790530">
    <ele>1130.2</ele>
   </trkpt>
   <trkpt lat="46.3879430" lon="14.8790570">
    <ele>1129.8</ele>
   </trkpt>
   <trkpt lat="46.3879050" lon="14.8790570">
    <ele>1129.6</ele>
   </trkpt>
   <trkpt lat="46.3878670" lon="14.8790630">
    <ele>1129.0</ele>
   </trkpt>
   <trkpt lat="46.3878330" lon="14.8790670">
    <ele>1128.2</ele>
   </trkpt>
   <trkpt lat="46.3877920" lon="14.8790670">
    <ele>1127.8</ele>
   </trkpt>
   <trkpt lat="46.3877500" lon="14.8790580">
    <ele>1127.2</ele>
   </trkpt>
   <trkpt lat="46.3877130" lon="14.8790520">
    <ele>1127.0</ele>
   </trkpt>
   <trkpt lat="46.3876770" lon="14.8790500">
    <ele>1126.4</ele>
   </trkpt>
   <trkpt lat="46.3876420" lon="14.8790430">
    <ele>1125.4</ele>
   </trkpt>
   <trkpt lat="46.3876070" lon="14.8790350">
    <ele>1125.0</ele>
   </trkpt>
   <trkpt lat="46.3875720" lon="14.8790220">
    <ele>1124.6</ele>
   </trkpt>
   <trkpt lat="46.3875400" lon="14.8790080">
    <ele>1124.6</ele>
   </trkpt>
   <trkpt lat="46.3875030" lon="14.8790020">
    <ele>1124.2</ele>
   </trkpt>
   <trkpt lat="46.3874680" lon="14.8789900">
    <ele>1123.4</ele>
   </trkpt>
   <trkpt lat="46.3874280" lon="14.8789870">
    <ele>1122.8</ele>
   </trkpt>
   <trkpt lat="46.3873950" lon="14.8789820">
    <ele>1122.4</ele>
   </trkpt>
   <trkpt lat="46.3873580" lon="14.8789800">
    <ele>1122.2</ele>
   </trkpt>
   <trkpt lat="46.3873250" lon="14.8789800">
    <ele>1121.6</ele>
   </trkpt>
   <trkpt lat="46.3872920" lon="14.8789820">
    <ele>1121.0</ele>
   </trkpt>
   <trkpt lat="46.3872550" lon="14.8789870">
    <ele>1120.6</ele>
   </trkpt>
   <trkpt lat="46.3872070" lon="14.8790200">
    <ele>1120.2</ele>
   </trkpt>
   <trkpt lat="46.3871630" lon="14.8790420">
    <ele>1120.0</ele>
   </trkpt>
   <trkpt lat="46.3871270" lon="14.8790630">
    <ele>1119.4</ele>
   </trkpt>
   <trkpt lat="46.3870880" lon="14.8790820">
    <ele>1118.6</ele>
   </trkpt>
   <trkpt lat="46.3870550" lon="14.8791070">
    <ele>1118.2</ele>
   </trkpt>
   <trkpt lat="46.3870230" lon="14.8791280">
    <ele>1118.0</ele>
   </trkpt>
   <trkpt lat="46.3869950" lon="14.8791500">
    <ele>1117.8</ele>
   </trkpt>
   <trkpt lat="46.3869670" lon="14.8791820">
    <ele>1117.8</ele>
   </trkpt>
   <trkpt lat="46.3869420" lon="14.8792150">
    <ele>1116.2</ele>
   </trkpt>
   <trkpt lat="46.3869230" lon="14.8792600">
    <ele>1116.2</ele>
   </trkpt>
   <trkpt lat="46.3869020" lon="14.8793000">
    <ele>1115.8</ele>
   </trkpt>
   <trkpt lat="46.3868780" lon="14.8793470">
    <ele>1115.2</ele>
   </trkpt>
   <trkpt lat="46.3868450" lon="14.8794100">
    <ele>1115.2</ele>
   </trkpt>
   <trkpt lat="46.3868220" lon="14.8794530">
    <ele>1113.6</ele>
   </trkpt>
   <trkpt lat="46.3868050" lon="14.8794950">
    <ele>1113.6</ele>
   </trkpt>
   <trkpt lat="46.3867830" lon="14.8795230">
    <ele>1112.8</ele>
   </trkpt>
   <trkpt lat="46.3867570" lon="14.8795450">
    <ele>1112.0</ele>
   </trkpt>
   <trkpt lat="46.3867280" lon="14.8795530">
    <ele>1111.4</ele>
   </trkpt>
   <trkpt lat="46.3866950" lon="14.8795480">
    <ele>1110.6</ele>
   </trkpt>
   <trkpt lat="46.3866630" lon="14.8795380">
    <ele>1110.2</ele>
   </trkpt>
   <trkpt lat="46.3866280" lon="14.8795200">
    <ele>1110.0</ele>
   </trkpt>
   <trkpt lat="46.3866000" lon="14.8794970">
    <ele>1109.0</ele>
   </trkpt>
   <trkpt lat="46.3865670" lon="14.8794480">
    <ele>1108.4</ele>
   </trkpt>
   <trkpt lat="46.3865480" lon="14.8794020">
    <ele>1107.8</ele>
   </trkpt>
   <trkpt lat="46.3865370" lon="14.8793480">
    <ele>1107.6</ele>
   </trkpt>
   <trkpt lat="46.3865280" lon="14.8792980">
    <ele>1106.8</ele>
   </trkpt>
   <trkpt lat="46.3865220" lon="14.8792430">
    <ele>1106.2</ele>
   </trkpt>
   <trkpt lat="46.3865250" lon="14.8791870">
    <ele>1105.8</ele>
   </trkpt>
   <trkpt lat="46.3865300" lon="14.8791270">
    <ele>1104.8</ele>
   </trkpt>
   <trkpt lat="46.3865300" lon="14.8790650">
    <ele>1104.4</ele>
   </trkpt>
   <trkpt lat="46.3865270" lon="14.8790120">
    <ele>1104.4</ele>
   </trkpt>
   <trkpt lat="46.3865200" lon="14.8789580">
    <ele>1103.6</ele>
   </trkpt>
   <trkpt lat="46.3865150" lon="14.8789080">
    <ele>1103.4</ele>
   </trkpt>
   <trkpt lat="46.3865050" lon="14.8788580">
    <ele>1102.8</ele>
   </trkpt>
   <trkpt lat="46.3864930" lon="14.8788100">
    <ele>1102.6</ele>
   </trkpt>
   <trkpt lat="46.3864750" lon="14.8787570">
    <ele>1102.2</ele>
   </trkpt>
   <trkpt lat="46.3864550" lon="14.8787100">
    <ele>1102.0</ele>
   </trkpt>
   <trkpt lat="46.3864330" lon="14.8786620">
    <ele>1101.8</ele>
   </trkpt>
   <trkpt lat="46.3864130" lon="14.8786100">
    <ele>1101.0</ele>
   </trkpt>
   <trkpt lat="46.3864000" lon="14.8785630">
    <ele>1100.8</ele>
   </trkpt>
   <trkpt lat="46.3863900" lon="14.8785080">
    <ele>1100.2</ele>
   </trkpt>
   <trkpt lat="46.3863870" lon="14.8784530">
    <ele>1099.6</ele>
   </trkpt>
   <trkpt lat="46.3863850" lon="14.8783980">
    <ele>1099.2</ele>
   </trkpt>
   <trkpt lat="46.3863830" lon="14.8783470">
    <ele>1098.8</ele>
   </trkpt>
   <trkpt lat="46.3863870" lon="14.8783030">
    <ele>1098.8</ele>
   </trkpt>
   <trkpt lat="46.3863920" lon="14.8782530">
    <ele>1098.6</ele>
   </trkpt>
   <trkpt lat="46.3864050" lon="14.8782080">
    <ele>1098.0</ele>
   </trkpt>
   <trkpt lat="46.3864160" lon="14.8781630">
    <ele>1097.8</ele>
   </trkpt>
   <trkpt lat="46.3864250" lon="14.8781220">
    <ele>1097.8</ele>
   </trkpt>
   <trkpt lat="46.3864370" lon="14.8780800">
    <ele>1097.6</ele>
   </trkpt>
   <trkpt lat="46.3864480" lon="14.8780400">
    <ele>1097.4</ele>
   </trkpt>
   <trkpt lat="46.3864620" lon="14.8780020">
    <ele>1096.8</ele>
   </trkpt>
   <trkpt lat="46.3864780" lon="14.8779570">
    <ele>1096.8</ele>
   </trkpt>
   <trkpt lat="46.3864930" lon="14.8779130">
    <ele>1096.8</ele>
   </trkpt>
   <trkpt lat="46.3865080" lon="14.8778670">
    <ele>1096.6</ele>
   </trkpt>
   <trkpt lat="46.3865250" lon="14.8778220">
    <ele>1096.4</ele>
   </trkpt>
   <trkpt lat="46.3865450" lon="14.8777820">
    <ele>1096.0</ele>
   </trkpt>
   <trkpt lat="46.3865650" lon="14.8777400">
    <ele>1095.8</ele>
   </trkpt>
   <trkpt lat="46.3865880" lon="14.8777000">
    <ele>1095.6</ele>
   </trkpt>
   <trkpt lat="46.3866080" lon="14.8776580">
    <ele>1095.4</ele>
   </trkpt>
   <trkpt lat="46.3866300" lon="14.8776180">
    <ele>1095.2</ele>
   </trkpt>
   <trkpt lat="46.3866520" lon="14.8775780">
    <ele>1094.6</ele>
   </trkpt>
   <trkpt lat="46.3866820" lon="14.8775420">
    <ele>1094.6</ele>
   </trkpt>
   <trkpt lat="46.3867070" lon="14.8775080">
    <ele>1094.4</ele>
   </trkpt>
   <trkpt lat="46.3867300" lon="14.8774670">
    <ele>1094.4</ele>
   </trkpt>
   <trkpt lat="46.3867480" lon="14.8774270">
    <ele>1094.4</ele>
   </trkpt>
   <trkpt lat="46.3867600" lon="14.8773820">
    <ele>1094.4</ele>
   </trkpt>
   <trkpt lat="46.3867670" lon="14.8773320">
    <ele>1094.2</ele>
   </trkpt>
   <trkpt lat="46.3867600" lon="14.8772820">
    <ele>1094.2</ele>
   </trkpt>
   <trkpt lat="46.3867420" lon="14.8772350">
    <ele>1094.2</ele>
   </trkpt>
   <trkpt lat="46.3867170" lon="14.8771970">
    <ele>1094.0</ele>
   </trkpt>
   <trkpt lat="46.3866870" lon="14.8771630">
    <ele>1093.6</ele>
   </trkpt>
   <trkpt lat="46.3866500" lon="14.8771350">
    <ele>1093.4</ele>
   </trkpt>
   <trkpt lat="46.3866120" lon="14.8771170">
    <ele>1093.4</ele>
   </trkpt>
   <trkpt lat="46.3865770" lon="14.8771030">
    <ele>1092.8</ele>
   </trkpt>
   <trkpt lat="46.3865420" lon="14.8770950">
    <ele>1092.8</ele>
   </trkpt>
   <trkpt lat="46.3865070" lon="14.8770880">
    <ele>1092.2</ele>
   </trkpt>
   <trkpt lat="46.3864720" lon="14.8770800">
    <ele>1092.2</ele>
   </trkpt>
   <trkpt lat="46.3864400" lon="14.8770750">
    <ele>1092.0</ele>
   </trkpt>
   <trkpt lat="46.3864050" lon="14.8770670">
    <ele>1091.6</ele>
   </trkpt>
   <trkpt lat="46.3863710" lon="14.8770600">
    <ele>1091.2</ele>
   </trkpt>
   <trkpt lat="46.3863400" lon="14.8770620">
    <ele>1091.0</ele>
   </trkpt>
   <trkpt lat="46.3863030" lon="14.8770720">
    <ele>1090.6</ele>
   </trkpt>
   <trkpt lat="46.3862680" lon="14.8770750">
    <ele>1090.6</ele>
   </trkpt>
   <trkpt lat="46.3862350" lon="14.8770870">
    <ele>1090.6</ele>
   </trkpt>
   <trkpt lat="46.3861980" lon="14.8770930">
    <ele>1090.6</ele>
   </trkpt>
   <trkpt lat="46.3861650" lon="14.8771000">
    <ele>1090.6</ele>
   </trkpt>
   <trkpt lat="46.3861380" lon="14.8771050">
    <ele>1090.2</ele>
   </trkpt>
   <trkpt lat="46.3861100" lon="14.8771080">
    <ele>1090.0</ele>
   </trkpt>
   <trkpt lat="46.3860780" lon="14.8771050">
    <ele>1089.4</ele>
   </trkpt>
   <trkpt lat="46.3860450" lon="14.8770970">
    <ele>1089.2</ele>
   </trkpt>
   <trkpt lat="46.3860100" lon="14.8770920">
    <ele>1089.2</ele>
   </trkpt>
   <trkpt lat="46.3859720" lon="14.8770870">
    <ele>1089.2</ele>
   </trkpt>
   <trkpt lat="46.3859350" lon="14.8770820">
    <ele>1089.0</ele>
   </trkpt>
   <trkpt lat="46.3859000" lon="14.8770700">
    <ele>1088.4</ele>
   </trkpt>
   <trkpt lat="46.3858650" lon="14.8770550">
    <ele>1088.4</ele>
   </trkpt>
   <trkpt lat="46.3858320" lon="14.8770400">
    <ele>1088.2</ele>
   </trkpt>
   <trkpt lat="46.3857950" lon="14.8770170">
    <ele>1088.2</ele>
   </trkpt>
   <trkpt lat="46.3857620" lon="14.8769920">
    <ele>1088.0</ele>
   </trkpt>
   <trkpt lat="46.3857320" lon="14.8769720">
    <ele>1087.6</ele>
   </trkpt>
   <trkpt lat="46.3857000" lon="14.8769530">
    <ele>1087.2</ele>
   </trkpt>
   <trkpt lat="46.3856670" lon="14.8769320">
    <ele>1087.0</ele>
   </trkpt>
   <trkpt lat="46.3856350" lon="14.8769170">
    <ele>1087.0</ele>
   </trkpt>
   <trkpt lat="46.3856020" lon="14.8768980">
    <ele>1086.8</ele>
   </trkpt>
   <trkpt lat="46.3855700" lon="14.8768830">
    <ele>1086.6</ele>
   </trkpt>
   <trkpt lat="46.3855370" lon="14.8768720">
    <ele>1086.2</ele>
   </trkpt>
   <trkpt lat="46.3855030" lon="14.8768630">
    <ele>1086.0</ele>
   </trkpt>
   <trkpt lat="46.3854680" lon="14.8768550">
    <ele>1086.0</ele>
   </trkpt>
   <trkpt lat="46.3854300" lon="14.8768530">
    <ele>1085.8</ele>
   </trkpt>
   <trkpt lat="46.3853970" lon="14.8768480">
    <ele>1085.6</ele>
   </trkpt>
   <trkpt lat="46.3853630" lon="14.8768400">
    <ele>1085.4</ele>
   </trkpt>
   <trkpt lat="46.3853330" lon="14.8768330">
    <ele>1085.2</ele>
   </trkpt>
   <trkpt lat="46.3853020" lon="14.8768250">
    <ele>1085.0</ele>
   </trkpt>
   <trkpt lat="46.3852730" lon="14.8768150">
    <ele>1085.2</ele>
   </trkpt>
   <trkpt lat="46.3852450" lon="14.8768080">
    <ele>1084.8</ele>
   </trkpt>
   <trkpt lat="46.3852150" lon="14.8768050">
    <ele>1084.6</ele>
   </trkpt>
   <trkpt lat="46.3851850" lon="14.8767950">
    <ele>1084.2</ele>
   </trkpt>
   <trkpt lat="46.3851550" lon="14.8767820">
    <ele>1084.2</ele>
   </trkpt>
   <trkpt lat="46.3851220" lon="14.8767620">
    <ele>1084.2</ele>
   </trkpt>
   <trkpt lat="46.3850870" lon="14.8767420">
    <ele>1084.2</ele>
   </trkpt>
   <trkpt lat="46.3850520" lon="14.8767220">
    <ele>1084.0</ele>
   </trkpt>
   <trkpt lat="46.3850200" lon="14.8767100">
    <ele>1083.8</ele>
   </trkpt>
   <trkpt lat="46.3849850" lon="14.8766980">
    <ele>1083.6</ele>
   </trkpt>
   <trkpt lat="46.3849530" lon="14.8766850">
    <ele>1083.4</ele>
   </trkpt>
   <trkpt lat="46.3849160" lon="14.8766700">
    <ele>1083.0</ele>
   </trkpt>
   <trkpt lat="46.3848770" lon="14.8766580">
    <ele>1082.8</ele>
   </trkpt>
   <trkpt lat="46.3848350" lon="14.8766420">
    <ele>1082.6</ele>
   </trkpt>
   <trkpt lat="46.3848000" lon="14.8766150">
    <ele>1082.6</ele>
   </trkpt>
   <trkpt lat="46.3847700" lon="14.8765920">
    <ele>1082.6</ele>
   </trkpt>
   <trkpt lat="46.3847370" lon="14.8765680">
    <ele>1082.4</ele>
   </trkpt>
   <trkpt lat="46.3847080" lon="14.8765470">
    <ele>1082.4</ele>
   </trkpt>
   <trkpt lat="46.3846770" lon="14.8765250">
    <ele>1082.4</ele>
   </trkpt>
   <trkpt lat="46.3846470" lon="14.8765030">
    <ele>1081.8</ele>
   </trkpt>
   <trkpt lat="46.3846170" lon="14.8764730">
    <ele>1081.8</ele>
   </trkpt>
   <trkpt lat="46.3845850" lon="14.8764430">
    <ele>1081.6</ele>
   </trkpt>
   <trkpt lat="46.3845530" lon="14.8764120">
    <ele>1081.6</ele>
   </trkpt>
   <trkpt lat="46.3845270" lon="14.8763770">
    <ele>1081.4</ele>
   </trkpt>
   <trkpt lat="46.3844970" lon="14.8763500">
    <ele>1081.0</ele>
   </trkpt>
   <trkpt lat="46.3844680" lon="14.8763170">
    <ele>1081.0</ele>
   </trkpt>
   <trkpt lat="46.3844460" lon="14.8762750">
    <ele>1080.8</ele>
   </trkpt>
   <trkpt lat="46.3844250" lon="14.8762400">
    <ele>1080.6</ele>
   </trkpt>
   <trkpt lat="46.3844010" lon="14.8762000">
    <ele>1080.0</ele>
   </trkpt>
   <trkpt lat="46.3843820" lon="14.8761580">
    <ele>1079.8</ele>
   </trkpt>
   <trkpt lat="46.3843560" lon="14.8761170">
    <ele>1079.6</ele>
   </trkpt>
   <trkpt lat="46.3843330" lon="14.8760720">
    <ele>1079.4</ele>
   </trkpt>
   <trkpt lat="46.3843100" lon="14.8760300">
    <ele>1079.0</ele>
   </trkpt>
   <trkpt lat="46.3842870" lon="14.8759870">
    <ele>1079.0</ele>
   </trkpt>
   <trkpt lat="46.3842620" lon="14.8759470">
    <ele>1078.6</ele>
   </trkpt>
   <trkpt lat="46.3842370" lon="14.8759050">
    <ele>1078.4</ele>
   </trkpt>
   <trkpt lat="46.3842080" lon="14.8758700">
    <ele>1078.4</ele>
   </trkpt>
   <trkpt lat="46.3841800" lon="14.8758370">
    <ele>1078.2</ele>
   </trkpt>
   <trkpt lat="46.3841500" lon="14.8758070">
    <ele>1078.2</ele>
   </trkpt>
   <trkpt lat="46.3841180" lon="14.8757750">
    <ele>1078.0</ele>
   </trkpt>
   <trkpt lat="46.3840870" lon="14.8757530">
    <ele>1078.0</ele>
   </trkpt>
   <trkpt lat="46.3840550" lon="14.8757330">
    <ele>1077.8</ele>
   </trkpt>
   <trkpt lat="46.3840270" lon="14.8757270">
    <ele>1077.8</ele>
   </trkpt>
   <trkpt lat="46.3839930" lon="14.8757170">
    <ele>1077.8</ele>
   </trkpt>
   <trkpt lat="46.3839580" lon="14.8757100">
    <ele>1077.6</ele>
   </trkpt>
   <trkpt lat="46.3839230" lon="14.8757000">
    <ele>1077.4</ele>
   </trkpt>
   <trkpt lat="46.3838900" lon="14.8756950">
    <ele>1077.4</ele>
   </trkpt>
   <trkpt lat="46.3838550" lon="14.8756920">
    <ele>1077.4</ele>
   </trkpt>
   <trkpt lat="46.3838230" lon="14.8756870">
    <ele>1077.0</ele>
   </trkpt>
   <trkpt lat="46.3837880" lon="14.8756850">
    <ele>1076.8</ele>
   </trkpt>
   <trkpt lat="46.3837570" lon="14.8756770">
    <ele>1076.6</ele>
   </trkpt>
   <trkpt lat="46.3837250" lon="14.8756680">
    <ele>1076.6</ele>
   </trkpt>
   <trkpt lat="46.3836950" lon="14.8756480">
    <ele>1076.4</ele>
   </trkpt>
   <trkpt lat="46.3836670" lon="14.8756250">
    <ele>1076.0</ele>
   </trkpt>
   <trkpt lat="46.3836400" lon="14.8755970">
    <ele>1075.8</ele>
   </trkpt>
   <trkpt lat="46.3836120" lon="14.8755600">
    <ele>1075.8</ele>
   </trkpt>
   <trkpt lat="46.3835900" lon="14.8755200">
    <ele>1075.6</ele>
   </trkpt>
   <trkpt lat="46.3835670" lon="14.8754800">
    <ele>1075.4</ele>
   </trkpt>
   <trkpt lat="46.3835430" lon="14.8754380">
    <ele>1074.8</ele>
   </trkpt>
   <trkpt lat="46.3835200" lon="14.8753930">
    <ele>1074.8</ele>
   </trkpt>
   <trkpt lat="46.3834980" lon="14.8753580">
    <ele>1074.6</ele>
   </trkpt>
   <trkpt lat="46.3834750" lon="14.8753320">
    <ele>1074.6</ele>
   </trkpt>
   <trkpt lat="46.3834430" lon="14.8753020">
    <ele>1074.2</ele>
   </trkpt>
   <trkpt lat="46.3834120" lon="14.8752800">
    <ele>1073.6</ele>
   </trkpt>
   <trkpt lat="46.3833820" lon="14.8752550">
    <ele>1073.4</ele>
   </trkpt>
   <trkpt lat="46.3833450" lon="14.8752430">
    <ele>1073.4</ele>
   </trkpt>
   <trkpt lat="46.3833150" lon="14.8752430">
    <ele>1073.4</ele>
   </trkpt>
   <trkpt lat="46.3832810" lon="14.8752370">
    <ele>1073.2</ele>
   </trkpt>
   <trkpt lat="46.3832480" lon="14.8752320">
    <ele>1073.0</ele>
   </trkpt>
   <trkpt lat="46.3832130" lon="14.8752250">
    <ele>1073.2</ele>
   </trkpt>
   <trkpt lat="46.3831770" lon="14.8752170">
    <ele>1073.0</ele>
   </trkpt>
   <trkpt lat="46.3831400" lon="14.8752120">
    <ele>1073.0</ele>
   </trkpt>
   <trkpt lat="46.3831030" lon="14.8752020">
    <ele>1073.0</ele>
   </trkpt>
   <trkpt lat="46.3830720" lon="14.8751850">
    <ele>1072.6</ele>
   </trkpt>
   <trkpt lat="46.3830320" lon="14.8751680">
    <ele>1072.4</ele>
   </trkpt>
   <trkpt lat="46.3829970" lon="14.8751470">
    <ele>1072.4</ele>
   </trkpt>
   <trkpt lat="46.3829680" lon="14.8751150">
    <ele>1072.2</ele>
   </trkpt>
   <trkpt lat="46.3829430" lon="14.8750770">
    <ele>1072.2</ele>
   </trkpt>
   <trkpt lat="46.3829220" lon="14.8750380">
    <ele>1072.0</ele>
   </trkpt>
   <trkpt lat="46.3829050" lon="14.8749980">
    <ele>1072.0</ele>
   </trkpt>
   <trkpt lat="46.3828970" lon="14.8749550">
    <ele>1072.0</ele>
   </trkpt>
   <trkpt lat="46.3828870" lon="14.8749100">
    <ele>1072.0</ele>
   </trkpt>
   <trkpt lat="46.3828780" lon="14.8748650">
    <ele>1072.0</ele>
   </trkpt>
   <trkpt lat="46.3828730" lon="14.8748180">
    <ele>1071.8</ele>
   </trkpt>
   <trkpt lat="46.3828730" lon="14.8747670">
    <ele>1071.6</ele>
   </trkpt>
   <trkpt lat="46.3828880" lon="14.8747180">
    <ele>1071.6</ele>
   </trkpt>
   <trkpt lat="46.3828980" lon="14.8746720">
    <ele>1071.2</ele>
   </trkpt>
   <trkpt lat="46.3829030" lon="14.8746250">
    <ele>1071.2</ele>
   </trkpt>
   <trkpt lat="46.3829120" lon="14.8745780">
    <ele>1071.0</ele>
   </trkpt>
   <trkpt lat="46.3829270" lon="14.8745300">
    <ele>1070.8</ele>
   </trkpt>
   <trkpt lat="46.3829370" lon="14.8744880">
    <ele>1070.2</ele>
   </trkpt>
   <trkpt lat="46.3829520" lon="14.8744550">
    <ele>1070.0</ele>
   </trkpt>
   <trkpt lat="46.3829800" lon="14.8744220">
    <ele>1069.8</ele>
   </trkpt>
   <trkpt lat="46.3830100" lon="14.8743950">
    <ele>1069.2</ele>
   </trkpt>
   <trkpt lat="46.3830400" lon="14.8743700">
    <ele>1069.0</ele>
   </trkpt>
   <trkpt lat="46.3830730" lon="14.8743480">
    <ele>1068.6</ele>
   </trkpt>
   <trkpt lat="46.3831100" lon="14.8743280">
    <ele>1068.6</ele>
   </trkpt>
   <trkpt lat="46.3831430" lon="14.8743170">
    <ele>1068.2</ele>
   </trkpt>
   <trkpt lat="46.3831780" lon="14.8743020">
    <ele>1067.6</ele>
   </trkpt>
   <trkpt lat="46.3832120" lon="14.8742930">
    <ele>1067.4</ele>
   </trkpt>
   <trkpt lat="46.3832430" lon="14.8742950">
    <ele>1067.2</ele>
   </trkpt>
   <trkpt lat="46.3832720" lon="14.8742870">
    <ele>1067.0</ele>
   </trkpt>
   <trkpt lat="46.3833000" lon="14.8742830">
    <ele>1066.8</ele>
   </trkpt>
   <trkpt lat="46.3833230" lon="14.8742750">
    <ele>1066.6</ele>
   </trkpt>
   <trkpt lat="46.3833500" lon="14.8742620">
    <ele>1066.4</ele>
   </trkpt>
   <trkpt lat="46.3833770" lon="14.8742450">
    <ele>1066.4</ele>
   </trkpt>
   <trkpt lat="46.3834150" lon="14.8742250">
    <ele>1066.4</ele>
   </trkpt>
   <trkpt lat="46.3834480" lon="14.8741950">
    <ele>1066.2</ele>
   </trkpt>
   <trkpt lat="46.3834770" lon="14.8741750">
    <ele>1066.0</ele>
   </trkpt>
   <trkpt lat="46.3835000" lon="14.8741480">
    <ele>1066.0</ele>
   </trkpt>
   <trkpt lat="46.3835250" lon="14.8741180">
    <ele>1066.0</ele>
   </trkpt>
   <trkpt lat="46.3835510" lon="14.8740870">
    <ele>1066.0</ele>
   </trkpt>
   <trkpt lat="46.3835720" lon="14.8740550">
    <ele>1066.0</ele>
   </trkpt>
   <trkpt lat="46.3836030" lon="14.8740020">
    <ele>1066.0</ele>
   </trkpt>
   <trkpt lat="46.3836170" lon="14.8739600">
    <ele>1066.0</ele>
   </trkpt>
   <trkpt lat="46.3836230" lon="14.8739100">
    <ele>1066.0</ele>
   </trkpt>
   <trkpt lat="46.3836400" lon="14.8738530">
    <ele>1065.8</ele>
   </trkpt>
   <trkpt lat="46.3836530" lon="14.8738070">
    <ele>1065.8</ele>
   </trkpt>
   <trkpt lat="46.3836620" lon="14.8737630">
    <ele>1065.8</ele>
   </trkpt>
   <trkpt lat="46.3836750" lon="14.8737180">
    <ele>1065.6</ele>
   </trkpt>
   <trkpt lat="46.3836830" lon="14.8736720">
    <ele>1065.6</ele>
   </trkpt>
   <trkpt lat="46.3836930" lon="14.8736280">
    <ele>1065.6</ele>
   </trkpt>
   <trkpt lat="46.3837020" lon="14.8735830">
    <ele>1065.6</ele>
   </trkpt>
   <trkpt lat="46.3837130" lon="14.8735380">
    <ele>1065.6</ele>
   </trkpt>
   <trkpt lat="46.3837220" lon="14.8734930">
    <ele>1065.6</ele>
   </trkpt>
   <trkpt lat="46.3837350" lon="14.8734480">
    <ele>1065.6</ele>
   </trkpt>
   <trkpt lat="46.3837510" lon="14.8734080">
    <ele>1065.6</ele>
   </trkpt>
   <trkpt lat="46.3837670" lon="14.8733680">
    <ele>1065.6</ele>
   </trkpt>
   <trkpt lat="46.3837830" lon="14.8733280">
    <ele>1065.6</ele>
   </trkpt>
   <trkpt lat="46.3837980" lon="14.8732930">
    <ele>1065.6</ele>
   </trkpt>
   <trkpt lat="46.3838170" lon="14.8732600">
    <ele>1065.4</ele>
   </trkpt>
   <trkpt lat="46.3838430" lon="14.8732320">
    <ele>1065.4</ele>
   </trkpt>
   <trkpt lat="46.3838680" lon="14.8732030">
    <ele>1065.4</ele>
   </trkpt>
   <trkpt lat="46.3838920" lon="14.8731780">
    <ele>1065.4</ele>
   </trkpt>
   <trkpt lat="46.3839150" lon="14.8731520">
    <ele>1065.4</ele>
   </trkpt>
   <trkpt lat="46.3839400" lon="14.8731220">
    <ele>1065.4</ele>
   </trkpt>
   <trkpt lat="46.3839680" lon="14.8730920">
    <ele>1065.4</ele>
   </trkpt>
   <trkpt lat="46.3839950" lon="14.8730620">
    <ele>1065.2</ele>
   </trkpt>
   <trkpt lat="46.3840230" lon="14.8730320">
    <ele>1065.2</ele>
   </trkpt>
   <trkpt lat="46.3840500" lon="14.8730020">
    <ele>1065.2</ele>
   </trkpt>
   <trkpt lat="46.3840750" lon="14.8729650">
    <ele>1065.2</ele>
   </trkpt>
   <trkpt lat="46.3841000" lon="14.8729270">
    <ele>1065.2</ele>
   </trkpt>
   <trkpt lat="46.3841220" lon="14.8728870">
    <ele>1065.2</ele>
   </trkpt>
   <trkpt lat="46.3841420" lon="14.8728520">
    <ele>1065.2</ele>
   </trkpt>
   <trkpt lat="46.3841580" lon="14.8728120">
    <ele>1065.0</ele>
   </trkpt>
   <trkpt lat="46.3841750" lon="14.8727700">
    <ele>1065.0</ele>
   </trkpt>
   <trkpt lat="46.3841920" lon="14.8727280">
    <ele>1064.8</ele>
   </trkpt>
   <trkpt lat="46.3842070" lon="14.8726880">
    <ele>1064.8</ele>
   </trkpt>
   <trkpt lat="46.3842250" lon="14.8726480">
    <ele>1064.8</ele>
   </trkpt>
   <trkpt lat="46.3842430" lon="14.8726070">
    <ele>1064.8</ele>
   </trkpt>
   <trkpt lat="46.3842630" lon="14.8725670">
    <ele>1064.2</ele>
   </trkpt>
   <trkpt lat="46.3842850" lon="14.8725300">
    <ele>1064.2</ele>
   </trkpt>
   <trkpt lat="46.3843050" lon="14.8724950">
    <ele>1064.2</ele>
   </trkpt>
   <trkpt lat="46.3843250" lon="14.8724580">
    <ele>1064.2</ele>
   </trkpt>
   <trkpt lat="46.3843420" lon="14.8724200">
    <ele>1064.2</ele>
   </trkpt>
   <trkpt lat="46.3843670" lon="14.8723880">
    <ele>1064.2</ele>
   </trkpt>
   <trkpt lat="46.3843870" lon="14.8723550">
    <ele>1064.0</ele>
   </trkpt>
   <trkpt lat="46.3844030" lon="14.8723180">
    <ele>1064.0</ele>
   </trkpt>
   <trkpt lat="46.3844250" lon="14.8722850">
    <ele>1064.0</ele>
   </trkpt>
   <trkpt lat="46.3844420" lon="14.8722480">
    <ele>1064.0</ele>
   </trkpt>
   <trkpt lat="46.3844600" lon="14.8722170">
    <ele>1064.0</ele>
   </trkpt>
   <trkpt lat="46.3844830" lon="14.8721900">
    <ele>1064.2</ele>
   </trkpt>
   <trkpt lat="46.3845080" lon="14.8721570">
    <ele>1064.4</ele>
   </trkpt>
   <trkpt lat="46.3845330" lon="14.8721300">
    <ele>1064.4</ele>
   </trkpt>
   <trkpt lat="46.3845530" lon="14.8720980">
    <ele>1064.4</ele>
   </trkpt>
   <trkpt lat="46.3845770" lon="14.8720650">
    <ele>1064.4</ele>
   </trkpt>
   <trkpt lat="46.3845970" lon="14.8720350">
    <ele>1064.4</ele>
   </trkpt>
   <trkpt lat="46.3846200" lon="14.8720000">
    <ele>1064.2</ele>
   </trkpt>
   <trkpt lat="46.3846420" lon="14.8719670">
    <ele>1064.2</ele>
   </trkpt>
   <trkpt lat="46.3846570" lon="14.8719320">
    <ele>1064.0</ele>
   </trkpt>
   <trkpt lat="46.3846770" lon="14.8718980">
    <ele>1064.0</ele>
   </trkpt>
   <trkpt lat="46.3846980" lon="14.8718670">
    <ele>1064.0</ele>
   </trkpt>
   <trkpt lat="46.3847150" lon="14.8718370">
    <ele>1064.0</ele>
   </trkpt>
   <trkpt lat="46.3847370" lon="14.8718080">
    <ele>1064.2</ele>
   </trkpt>
   <trkpt lat="46.3847570" lon="14.8717720">
    <ele>1064.2</ele>
   </trkpt>
   <trkpt lat="46.3847780" lon="14.8717400">
    <ele>1064.2</ele>
   </trkpt>
   <trkpt lat="46.3848000" lon="14.8717050">
    <ele>1064.2</ele>
   </trkpt>
   <trkpt lat="46.3848220" lon="14.8716780">
    <ele>1064.2</ele>
   </trkpt>
   <trkpt lat="46.3848480" lon="14.8716450">
    <ele>1064.2</ele>
   </trkpt>
   <trkpt lat="46.3848750" lon="14.8716150">
    <ele>1064.2</ele>
   </trkpt>
   <trkpt lat="46.3849050" lon="14.8715820">
    <ele>1064.2</ele>
   </trkpt>
   <trkpt lat="46.3849320" lon="14.8715520">
    <ele>1064.2</ele>
   </trkpt>
   <trkpt lat="46.3849550" lon="14.8715180">
    <ele>1064.2</ele>
   </trkpt>
   <trkpt lat="46.3849800" lon="14.8714870">
    <ele>1064.2</ele>
   </trkpt>
   <trkpt lat="46.3850050" lon="14.8714570">
    <ele>1064.2</ele>
   </trkpt>
   <trkpt lat="46.3850280" lon="14.8714230">
    <ele>1064.2</ele>
   </trkpt>
   <trkpt lat="46.3850480" lon="14.8713930">
    <ele>1064.2</ele>
   </trkpt>
   <trkpt lat="46.3850700" lon="14.8713620">
    <ele>1064.2</ele>
   </trkpt>
   <trkpt lat="46.3850900" lon="14.8713230">
    <ele>1064.2</ele>
   </trkpt>
   <trkpt lat="46.3851120" lon="14.8712880">
    <ele>1064.2</ele>
   </trkpt>
   <trkpt lat="46.3851300" lon="14.8712470">
    <ele>1064.2</ele>
   </trkpt>
   <trkpt lat="46.3851400" lon="14.8712050">
    <ele>1064.2</ele>
   </trkpt>
   <trkpt lat="46.3851450" lon="14.8711600">
    <ele>1064.0</ele>
   </trkpt>
   <trkpt lat="46.3851500" lon="14.8711170">
    <ele>1063.8</ele>
   </trkpt>
   <trkpt lat="46.3851570" lon="14.8710700">
    <ele>1063.8</ele>
   </trkpt>
   <trkpt lat="46.3851670" lon="14.8710180">
    <ele>1063.8</ele>
   </trkpt>
   <trkpt lat="46.3851820" lon="14.8709700">
    <ele>1063.8</ele>
   </trkpt>
   <trkpt lat="46.3851830" lon="14.8709230">
    <ele>1063.8</ele>
   </trkpt>
   <trkpt lat="46.3851780" lon="14.8708770">
    <ele>1063.4</ele>
   </trkpt>
   <trkpt lat="46.3851770" lon="14.8708270">
    <ele>1063.4</ele>
   </trkpt>
   <trkpt lat="46.3851800" lon="14.8707830">
    <ele>1063.4</ele>
   </trkpt>
   <trkpt lat="46.3851820" lon="14.8707380">
    <ele>1063.4</ele>
   </trkpt>
   <trkpt lat="46.3851820" lon="14.8706930">
    <ele>1063.4</ele>
   </trkpt>
   <trkpt lat="46.3851850" lon="14.8706550">
    <ele>1063.4</ele>
   </trkpt>
   <trkpt lat="46.3851900" lon="14.8706170">
    <ele>1063.4</ele>
   </trkpt>
   <trkpt lat="46.3851970" lon="14.8705680">
    <ele>1063.2</ele>
   </trkpt>
   <trkpt lat="46.3852050" lon="14.8705180">
    <ele>1063.2</ele>
   </trkpt>
   <trkpt lat="46.3852120" lon="14.8704700">
    <ele>1063.2</ele>
   </trkpt>
   <trkpt lat="46.3852220" lon="14.8704220">
    <ele>1063.2</ele>
   </trkpt>
   <trkpt lat="46.3852300" lon="14.8703830">
    <ele>1063.2</ele>
   </trkpt>
   <trkpt lat="46.3852430" lon="14.8703380">
    <ele>1063.2</ele>
   </trkpt>
   <trkpt lat="46.3852550" lon="14.8703000">
    <ele>1063.4</ele>
   </trkpt>
   <trkpt lat="46.3852730" lon="14.8702620">
    <ele>1063.4</ele>
   </trkpt>
   <trkpt lat="46.3852950" lon="14.8702230">
    <ele>1063.2</ele>
   </trkpt>
   <trkpt lat="46.3853080" lon="14.8701800">
    <ele>1063.2</ele>
   </trkpt>
   <trkpt lat="46.3853300" lon="14.8701470">
    <ele>1063.0</ele>
   </trkpt>
   <trkpt lat="46.3853480" lon="14.8701100">
    <ele>1063.0</ele>
   </trkpt>
   <trkpt lat="46.3853700" lon="14.8700750">
    <ele>1063.0</ele>
   </trkpt>
   <trkpt lat="46.3853870" lon="14.8700380">
    <ele>1063.0</ele>
   </trkpt>
   <trkpt lat="46.3854100" lon="14.8700000">
    <ele>1063.0</ele>
   </trkpt>
   <trkpt lat="46.3854280" lon="14.8699650">
    <ele>1063.0</ele>
   </trkpt>
   <trkpt lat="46.3854530" lon="14.8699320">
    <ele>1063.0</ele>
   </trkpt>
   <trkpt lat="46.3854760" lon="14.8699020">
    <ele>1063.0</ele>
   </trkpt>
   <trkpt lat="46.3854980" lon="14.8698680">
    <ele>1063.0</ele>
   </trkpt>
   <trkpt lat="46.3855220" lon="14.8698430">
    <ele>1062.8</ele>
   </trkpt>
   <trkpt lat="46.3855430" lon="14.8698170">
    <ele>1062.8</ele>
   </trkpt>
   <trkpt lat="46.3855670" lon="14.8697950">
    <ele>1062.8</ele>
   </trkpt>
   <trkpt lat="46.3855930" lon="14.8697700">
    <ele>1062.8</ele>
   </trkpt>
   <trkpt lat="46.3856170" lon="14.8697500">
    <ele>1062.8</ele>
   </trkpt>
   <trkpt lat="46.3856400" lon="14.8697270">
    <ele>1062.6</ele>
   </trkpt>
   <trkpt lat="46.3856630" lon="14.8697070">
    <ele>1062.6</ele>
   </trkpt>
   <trkpt lat="46.3856880" lon="14.8696880">
    <ele>1062.4</ele>
   </trkpt>
   <trkpt lat="46.3857130" lon="14.8696670">
    <ele>1062.4</ele>
   </trkpt>
   <trkpt lat="46.3857430" lon="14.8696430">
    <ele>1062.0</ele>
   </trkpt>
   <trkpt lat="46.3857660" lon="14.8696180">
    <ele>1062.0</ele>
   </trkpt>
   <trkpt lat="46.3857920" lon="14.8695920">
    <ele>1062.0</ele>
   </trkpt>
   <trkpt lat="46.3858110" lon="14.8695620">
    <ele>1062.2</ele>
   </trkpt>
   <trkpt lat="46.3858350" lon="14.8695320">
    <ele>1062.2</ele>
   </trkpt>
   <trkpt lat="46.3858550" lon="14.8695000">
    <ele>1062.2</ele>
   </trkpt>
   <trkpt lat="46.3858620" lon="14.8694600">
    <ele>1062.2</ele>
   </trkpt>
   <trkpt lat="46.3858620" lon="14.8694220">
    <ele>1062.2</ele>
   </trkpt>
   <trkpt lat="46.3858560" lon="14.8693870">
    <ele>1062.4</ele>
   </trkpt>
   <trkpt lat="46.3858480" lon="14.8693520">
    <ele>1062.8</ele>
   </trkpt>
   <trkpt lat="46.3858400" lon="14.8693180">
    <ele>1062.8</ele>
   </trkpt>
   <trkpt lat="46.3858280" lon="14.8692870">
    <ele>1063.0</ele>
   </trkpt>
   <trkpt lat="46.3858150" lon="14.8692570">
    <ele>1063.2</ele>
   </trkpt>
   <trkpt lat="46.3858020" lon="14.8692250">
    <ele>1063.6</ele>
   </trkpt>
   <trkpt lat="46.3857850" lon="14.8691980">
    <ele>1063.6</ele>
   </trkpt>
   <trkpt lat="46.3857680" lon="14.8691750">
    <ele>1063.6</ele>
   </trkpt>
   <trkpt lat="46.3857480" lon="14.8691530">
    <ele>1063.8</ele>
   </trkpt>
   <trkpt lat="46.3857280" lon="14.8691350">
    <ele>1064.2</ele>
   </trkpt>
   <trkpt lat="46.3857070" lon="14.8691170">
    <ele>1064.4</ele>
   </trkpt>
   <trkpt lat="46.3856870" lon="14.8691000">
    <ele>1064.6</ele>
   </trkpt>
   <trkpt lat="46.3856650" lon="14.8690900">
    <ele>1065.0</ele>
   </trkpt>
   <trkpt lat="46.3856420" lon="14.8690820">
    <ele>1065.4</ele>
   </trkpt>
   <trkpt lat="46.3856170" lon="14.8690720">
    <ele>1065.4</ele>
   </trkpt>
   <trkpt lat="46.3855930" lon="14.8690670">
    <ele>1065.6</ele>
   </trkpt>
   <trkpt lat="46.3855680" lon="14.8690670">
    <ele>1065.8</ele>
   </trkpt>
   <trkpt lat="46.3855480" lon="14.8690700">
    <ele>1066.2</ele>
   </trkpt>
   <trkpt lat="46.3855270" lon="14.8690700">
    <ele>1066.4</ele>
   </trkpt>
   <trkpt lat="46.3855080" lon="14.8690670">
    <ele>1066.4</ele>
   </trkpt>
   <trkpt lat="46.3854880" lon="14.8690670">
    <ele>1066.4</ele>
   </trkpt>
   <trkpt lat="46.3854680" lon="14.8690650">
    <ele>1066.4</ele>
   </trkpt>
   <trkpt lat="46.3854480" lon="14.8690650">
    <ele>1066.8</ele>
   </trkpt>
   <trkpt lat="46.3854270" lon="14.8690650">
    <ele>1067.2</ele>
   </trkpt>
   <trkpt lat="46.3854070" lon="14.8690680">
    <ele>1067.2</ele>
   </trkpt>
   <trkpt lat="46.3853870" lon="14.8690680">
    <ele>1067.4</ele>
   </trkpt>
   <trkpt lat="46.3853620" lon="14.8690720">
    <ele>1067.6</ele>
   </trkpt>
   <trkpt lat="46.3853400" lon="14.8690720">
    <ele>1068.0</ele>
   </trkpt>
   <trkpt lat="46.3853150" lon="14.8690700">
    <ele>1068.0</ele>
   </trkpt>
   <trkpt lat="46.3852900" lon="14.8690720">
    <ele>1068.2</ele>
   </trkpt>
   <trkpt lat="46.3852680" lon="14.8690780">
    <ele>1068.2</ele>
   </trkpt>
   <trkpt lat="46.3852470" lon="14.8690820">
    <ele>1068.6</ele>
   </trkpt>
   <trkpt lat="46.3852280" lon="14.8690800">
    <ele>1068.8</ele>
   </trkpt>
   <trkpt lat="46.3852100" lon="14.8690730">
    <ele>1069.0</ele>
   </trkpt>
   <trkpt lat="46.3851880" lon="14.8690700">
    <ele>1069.4</ele>
   </trkpt>
   <trkpt lat="46.3851670" lon="14.8690630">
    <ele>1069.4</ele>
   </trkpt>
   <trkpt lat="46.3851430" lon="14.8690570">
    <ele>1069.6</ele>
   </trkpt>
   <trkpt lat="46.3851200" lon="14.8690570">
    <ele>1069.6</ele>
   </trkpt>
   <trkpt lat="46.3850970" lon="14.8690500">
    <ele>1069.8</ele>
   </trkpt>
   <trkpt lat="46.3850730" lon="14.8690450">
    <ele>1070.0</ele>
   </trkpt>
   <trkpt lat="46.3850500" lon="14.8690380">
    <ele>1070.2</ele>
   </trkpt>
   <trkpt lat="46.3850300" lon="14.8690370">
    <ele>1070.4</ele>
   </trkpt>
   <trkpt lat="46.3850100" lon="14.8690280">
    <ele>1070.8</ele>
   </trkpt>
   <trkpt lat="46.3849880" lon="14.8690200">
    <ele>1071.2</ele>
   </trkpt>
   <trkpt lat="46.3849670" lon="14.8690180">
    <ele>1071.2</ele>
   </trkpt>
   <trkpt lat="46.3849470" lon="14.8690120">
    <ele>1071.2</ele>
   </trkpt>
   <trkpt lat="46.3849250" lon="14.8690100">
    <ele>1071.4</ele>
   </trkpt>
   <trkpt lat="46.3849070" lon="14.8690120">
    <ele>1072.0</ele>
   </trkpt>
   <trkpt lat="46.3848870" lon="14.8690100">
    <ele>1072.0</ele>
   </trkpt>
   <trkpt lat="46.3848670" lon="14.8690070">
    <ele>1072.2</ele>
   </trkpt>
   <trkpt lat="46.3848470" lon="14.8689980">
    <ele>1072.4</ele>
   </trkpt>
   <trkpt lat="46.3848270" lon="14.8689880">
    <ele>1072.8</ele>
   </trkpt>
   <trkpt lat="46.3848050" lon="14.8689820">
    <ele>1073.0</ele>
   </trkpt>
   <trkpt lat="46.3847820" lon="14.8689730">
    <ele>1073.2</ele>
   </trkpt>
   <trkpt lat="46.3847570" lon="14.8689700">
    <ele>1073.4</ele>
   </trkpt>
   <trkpt lat="46.3847370" lon="14.8689670">
    <ele>1073.6</ele>
   </trkpt>
   <trkpt lat="46.3847170" lon="14.8689650">
    <ele>1074.2</ele>
   </trkpt>
   <trkpt lat="46.3846970" lon="14.8689580">
    <ele>1074.2</ele>
   </trkpt>
   <trkpt lat="46.3846750" lon="14.8689550">
    <ele>1074.2</ele>
   </trkpt>
   <trkpt lat="46.3846530" lon="14.8689530">
    <ele>1074.4</ele>
   </trkpt>
   <trkpt lat="46.3846330" lon="14.8689550">
    <ele>1075.0</ele>
   </trkpt>
   <trkpt lat="46.3846150" lon="14.8689500">
    <ele>1075.2</ele>
   </trkpt>
   <trkpt lat="46.3845930" lon="14.8689530">
    <ele>1075.2</ele>
   </trkpt>
   <trkpt lat="46.3845730" lon="14.8689550">
    <ele>1075.6</ele>
   </trkpt>
   <trkpt lat="46.3845500" lon="14.8689530">
    <ele>1076.0</ele>
   </trkpt>
   <trkpt lat="46.3845300" lon="14.8689570">
    <ele>1076.0</ele>
   </trkpt>
   <trkpt lat="46.3845100" lon="14.8689600">
    <ele>1076.2</ele>
   </trkpt>
   <trkpt lat="46.3844880" lon="14.8689670">
    <ele>1076.2</ele>
   </trkpt>
   <trkpt lat="46.3844650" lon="14.8689750">
    <ele>1076.6</ele>
   </trkpt>
   <trkpt lat="46.3844430" lon="14.8689850">
    <ele>1076.6</ele>
   </trkpt>
   <trkpt lat="46.3844200" lon="14.8689880">
    <ele>1076.6</ele>
   </trkpt>
   <trkpt lat="46.3843980" lon="14.8689870">
    <ele>1077.0</ele>
   </trkpt>
   <trkpt lat="46.3843750" lon="14.8689920">
    <ele>1077.0</ele>
   </trkpt>
   <trkpt lat="46.3843520" lon="14.8689950">
    <ele>1077.2</ele>
   </trkpt>
   <trkpt lat="46.3843270" lon="14.8690020">
    <ele>1077.2</ele>
   </trkpt>
   <trkpt lat="46.3843030" lon="14.8690120">
    <ele>1077.4</ele>
   </trkpt>
   <trkpt lat="46.3842830" lon="14.8690220">
    <ele>1077.4</ele>
   </trkpt>
   <trkpt lat="46.3842630" lon="14.8690320">
    <ele>1077.6</ele>
   </trkpt>
   <trkpt lat="46.3842430" lon="14.8690400">
    <ele>1077.8</ele>
   </trkpt>
   <trkpt lat="46.3842230" lon="14.8690480">
    <ele>1078.0</ele>
   </trkpt>
   <trkpt lat="46.3842020" lon="14.8690550">
    <ele>1078.0</ele>
   </trkpt>
   <trkpt lat="46.3841800" lon="14.8690620">
    <ele>1078.0</ele>
   </trkpt>
   <trkpt lat="46.3841620" lon="14.8690670">
    <ele>1078.2</ele>
   </trkpt>
   <trkpt lat="46.3841430" lon="14.8690750">
    <ele>1078.4</ele>
   </trkpt>
   <trkpt lat="46.3841220" lon="14.8690850">
    <ele>1078.6</ele>
   </trkpt>
   <trkpt lat="46.3841030" lon="14.8690900">
    <ele>1078.6</ele>
   </trkpt>
   <trkpt lat="46.3840850" lon="14.8690980">
    <ele>1078.8</ele>
   </trkpt>
   <trkpt lat="46.3840650" lon="14.8691080">
    <ele>1079.0</ele>
   </trkpt>
   <trkpt lat="46.3840470" lon="14.8691220">
    <ele>1079.0</ele>
   </trkpt>
   <trkpt lat="46.3840250" lon="14.8691280">
    <ele>1079.0</ele>
   </trkpt>
   <trkpt lat="46.3840050" lon="14.8691320">
    <ele>1079.6</ele>
   </trkpt>
   <trkpt lat="46.3839830" lon="14.8691380">
    <ele>1079.6</ele>
   </trkpt>
   <trkpt lat="46.3839630" lon="14.8691470">
    <ele>1079.6</ele>
   </trkpt>
   <trkpt lat="46.3839420" lon="14.8691580">
    <ele>1079.6</ele>
   </trkpt>
   <trkpt lat="46.3839250" lon="14.8691670">
    <ele>1080.0</ele>
   </trkpt>
   <trkpt lat="46.3839050" lon="14.8691730">
    <ele>1080.0</ele>
   </trkpt>
   <trkpt lat="46.3838830" lon="14.8691800">
    <ele>1080.2</ele>
   </trkpt>
   <trkpt lat="46.3838630" lon="14.8691830">
    <ele>1080.4</ele>
   </trkpt>
   <trkpt lat="46.3838380" lon="14.8691870">
    <ele>1080.6</ele>
   </trkpt>
   <trkpt lat="46.3838180" lon="14.8691950">
    <ele>1080.6</ele>
   </trkpt>
   <trkpt lat="46.3837960" lon="14.8692050">
    <ele>1080.8</ele>
   </trkpt>
   <trkpt lat="46.3837770" lon="14.8692170">
    <ele>1081.0</ele>
   </trkpt>
   <trkpt lat="46.3837620" lon="14.8692250">
    <ele>1081.0</ele>
   </trkpt>
   <trkpt lat="46.3837400" lon="14.8692320">
    <ele>1081.2</ele>
   </trkpt>
   <trkpt lat="46.3837170" lon="14.8692420">
    <ele>1081.4</ele>
   </trkpt>
   <trkpt lat="46.3836950" lon="14.8692480">
    <ele>1081.6</ele>
   </trkpt>
   <trkpt lat="46.3836730" lon="14.8692500">
    <ele>1081.6</ele>
   </trkpt>
   <trkpt lat="46.3836550" lon="14.8692620">
    <ele>1081.8</ele>
   </trkpt>
   <trkpt lat="46.3836380" lon="14.8692770">
    <ele>1082.0</ele>
   </trkpt>
   <trkpt lat="46.3836280" lon="14.8692930">
    <ele>1082.2</ele>
   </trkpt>
   <trkpt lat="46.3836130" lon="14.8693150">
    <ele>1082.8</ele>
   </trkpt>
   <trkpt lat="46.3836050" lon="14.8693470">
    <ele>1082.8</ele>
   </trkpt>
   <trkpt lat="46.3836000" lon="14.8693820">
    <ele>1083.0</ele>
   </trkpt>
   <trkpt lat="46.3835980" lon="14.8694200">
    <ele>1083.4</ele>
   </trkpt>
   <trkpt lat="46.3836050" lon="14.8694580">
    <ele>1083.8</ele>
   </trkpt>
   <trkpt lat="46.3836150" lon="14.8694850">
    <ele>1083.8</ele>
   </trkpt>
   <trkpt lat="46.3836330" lon="14.8695120">
    <ele>1084.0</ele>
   </trkpt>
   <trkpt lat="46.3836520" lon="14.8695370">
    <ele>1084.2</ele>
   </trkpt>
   <trkpt lat="46.3836700" lon="14.8695570">
    <ele>1084.6</ele>
   </trkpt>
   <trkpt lat="46.3836850" lon="14.8695680">
    <ele>1084.8</ele>
   </trkpt>
   <trkpt lat="46.3837030" lon="14.8695750">
    <ele>1084.8</ele>
   </trkpt>
   <trkpt lat="46.3837220" lon="14.8695720">
    <ele>1085.2</ele>
   </trkpt>
   <trkpt lat="46.3837220" lon="14.8695720">
    <ele>1085.4</ele>
   </trkpt>
   <trkpt lat="46.3837550" lon="14.8695650">
    <ele>1085.6</ele>
   </trkpt>
   <trkpt lat="46.3837780" lon="14.8695530">
    <ele>1085.8</ele>
   </trkpt>
   <trkpt lat="46.3837960" lon="14.8695430">
    <ele>1086.0</ele>
   </trkpt>
   <trkpt lat="46.3837960" lon="14.8695430">
    <ele>1086.2</ele>
   </trkpt>
   <trkpt lat="46.3838130" lon="14.8695330">
    <ele>1086.4</ele>
   </trkpt>
   <trkpt lat="46.3838130" lon="14.8695330">
    <ele>1086.6</ele>
   </trkpt>
   <trkpt lat="46.3838350" lon="14.8695500">
    <ele>1086.8</ele>
   </trkpt>
   <trkpt lat="46.3838350" lon="14.8695500">
    <ele>1087.2</ele>
   </trkpt>
   <trkpt lat="46.3838580" lon="14.8695630">
    <ele>1087.6</ele>
   </trkpt>
   <trkpt lat="46.3838580" lon="14.8695630">
    <ele>1087.8</ele>
   </trkpt>
   <trkpt lat="46.3838930" lon="14.8695720">
    <ele>1087.8</ele>
   </trkpt>
   <trkpt lat="46.3838930" lon="14.8695720">
    <ele>1088.0</ele>
   </trkpt>
   <trkpt lat="46.3839230" lon="14.8695830">
    <ele>1088.6</ele>
   </trkpt>
   <trkpt lat="46.3839230" lon="14.8695830">
    <ele>1088.6</ele>
   </trkpt>
   <trkpt lat="46.3839650" lon="14.8696100">
    <ele>1088.8</ele>
   </trkpt>
   <trkpt lat="46.3839900" lon="14.8696300">
    <ele>1089.0</ele>
   </trkpt>
   <trkpt lat="46.3840100" lon="14.8696500">
    <ele>1089.4</ele>
   </trkpt>
   <trkpt lat="46.3840300" lon="14.8696680">
    <ele>1089.6</ele>
   </trkpt>
   <trkpt lat="46.3840530" lon="14.8696900">
    <ele>1089.8</ele>
   </trkpt>
   <trkpt lat="46.3840630" lon="14.8697080">
    <ele>1090.0</ele>
   </trkpt>
   <trkpt lat="46.3840630" lon="14.8697350">
    <ele>1090.2</ele>
   </trkpt>
   <trkpt lat="46.3840630" lon="14.8697630">
    <ele>1090.4</ele>
   </trkpt>
   <trkpt lat="46.3840630" lon="14.8697630">
    <ele>1090.4</ele>
   </trkpt>
   <trkpt lat="46.3840530" lon="14.8698000">
    <ele>1090.4</ele>
   </trkpt>
   <trkpt lat="46.3840530" lon="14.8698000">
    <ele>1090.4</ele>
   </trkpt>
   <trkpt lat="46.3840250" lon="14.8698320">
    <ele>1091.0</ele>
   </trkpt>
   <trkpt lat="46.3840250" lon="14.8698320">
    <ele>1091.2</ele>
   </trkpt>
   <trkpt lat="46.3839800" lon="14.8698670">
    <ele>1091.2</ele>
   </trkpt>
   <trkpt lat="46.3839630" lon="14.8698830">
    <ele>1091.4</ele>
   </trkpt>
   <trkpt lat="46.3839470" lon="14.8699030">
    <ele>1091.6</ele>
   </trkpt>
   <trkpt lat="46.3839280" lon="14.8699230">
    <ele>1091.8</ele>
   </trkpt>
   <trkpt lat="46.3839050" lon="14.8699370">
    <ele>1092.0</ele>
   </trkpt>
   <trkpt lat="46.3838820" lon="14.8699500">
    <ele>1092.0</ele>
   </trkpt>
   <trkpt lat="46.3838670" lon="14.8699580">
    <ele>1092.2</ele>
   </trkpt>
   <trkpt lat="46.3838480" lon="14.8699680">
    <ele>1092.2</ele>
   </trkpt>
   <trkpt lat="46.3838350" lon="14.8699800">
    <ele>1093.0</ele>
   </trkpt>
   <trkpt lat="46.3838150" lon="14.8699880">
    <ele>1093.0</ele>
   </trkpt>
   <trkpt lat="46.3838150" lon="14.8699880">
    <ele>1093.0</ele>
   </trkpt>
   <trkpt lat="46.3837820" lon="14.8700130">
    <ele>1093.2</ele>
   </trkpt>
   <trkpt lat="46.3837600" lon="14.8700270">
    <ele>1093.6</ele>
   </trkpt>
   <trkpt lat="46.3837420" lon="14.8700380">
    <ele>1093.8</ele>
   </trkpt>
   <trkpt lat="46.3837220" lon="14.8700450">
    <ele>1093.8</ele>
   </trkpt>
   <trkpt lat="46.3837050" lon="14.8700570">
    <ele>1094.0</ele>
   </trkpt>
   <trkpt lat="46.3836870" lon="14.8700680">
    <ele>1094.4</ele>
   </trkpt>
   <trkpt lat="46.3836700" lon="14.8700780">
    <ele>1094.8</ele>
   </trkpt>
   <trkpt lat="46.3836520" lon="14.8700820">
    <ele>1094.8</ele>
   </trkpt>
   <trkpt lat="46.3836350" lon="14.8700850">
    <ele>1095.0</ele>
   </trkpt>
   <trkpt lat="46.3836170" lon="14.8700830">
    <ele>1095.2</ele>
   </trkpt>
   <trkpt lat="46.3836170" lon="14.8700830">
    <ele>1095.8</ele>
   </trkpt>
   <trkpt lat="46.3835780" lon="14.8700930">
    <ele>1095.8</ele>
   </trkpt>
   <trkpt lat="46.3835620" lon="14.8701000">
    <ele>1096.0</ele>
   </trkpt>
   <trkpt lat="46.3835400" lon="14.8701080">
    <ele>1096.2</ele>
   </trkpt>
   <trkpt lat="46.3835250" lon="14.8701130">
    <ele>1096.6</ele>
   </trkpt>
   <trkpt lat="46.3835100" lon="14.8701180">
    <ele>1097.0</ele>
   </trkpt>
   <trkpt lat="46.3835100" lon="14.8701180">
    <ele>1097.0</ele>
   </trkpt>
   <trkpt lat="46.3834920" lon="14.8701270">
    <ele>1097.2</ele>
   </trkpt>
   <trkpt lat="46.3834920" lon="14.8701270">
    <ele>1097.4</ele>
   </trkpt>
   <trkpt lat="46.3834600" lon="14.8701300">
    <ele>1097.8</ele>
   </trkpt>
   <trkpt lat="46.3834600" lon="14.8701300">
    <ele>1098.0</ele>
   </trkpt>
   <trkpt lat="46.3834370" lon="14.8701450">
    <ele>1098.2</ele>
   </trkpt>
   <trkpt lat="46.3834370" lon="14.8701450">
    <ele>1098.4</ele>
   </trkpt>
   <trkpt lat="46.3834050" lon="14.8701630">
    <ele>1098.8</ele>
   </trkpt>
   <trkpt lat="46.3834050" lon="14.8701630">
    <ele>1098.8</ele>
   </trkpt>
   <trkpt lat="46.3833770" lon="14.8701800">
    <ele>1099.0</ele>
   </trkpt>
   <trkpt lat="46.3833770" lon="14.8701800">
    <ele>1099.2</ele>
   </trkpt>
   <trkpt lat="46.3833500" lon="14.8701880">
    <ele>1099.8</ele>
   </trkpt>
   <trkpt lat="46.3833500" lon="14.8701880">
    <ele>1100.0</ele>
   </trkpt>
   <trkpt lat="46.3833180" lon="14.8702050">
    <ele>1100.2</ele>
   </trkpt>
   <trkpt lat="46.3833180" lon="14.8702050">
    <ele>1100.2</ele>
   </trkpt>
   <trkpt lat="46.3832750" lon="14.8702170">
    <ele>1100.6</ele>
   </trkpt>
   <trkpt lat="46.3832480" lon="14.8702250">
    <ele>1101.2</ele>
   </trkpt>
   <trkpt lat="46.3832270" lon="14.8702420">
    <ele>1101.6</ele>
   </trkpt>
   <trkpt lat="46.3832100" lon="14.8702530">
    <ele>1101.8</ele>
   </trkpt>
   <trkpt lat="46.3831870" lon="14.8702600">
    <ele>1102.2</ele>
   </trkpt>
   <trkpt lat="46.3831710" lon="14.8702650">
    <ele>1102.6</ele>
   </trkpt>
   <trkpt lat="46.3831560" lon="14.8702700">
    <ele>1103.0</ele>
   </trkpt>
   <trkpt lat="46.3831560" lon="14.8702700">
    <ele>1103.2</ele>
   </trkpt>
   <trkpt lat="46.3831250" lon="14.8702800">
    <ele>1103.2</ele>
   </trkpt>
   <trkpt lat="46.3831250" lon="14.8702800">
    <ele>1103.6</ele>
   </trkpt>
   <trkpt lat="46.3830830" lon="14.8702820">
    <ele>1104.0</ele>
   </trkpt>
   <trkpt lat="46.3830620" lon="14.8702900">
    <ele>1104.0</ele>
   </trkpt>
   <trkpt lat="46.3830360" lon="14.8702930">
    <ele>1104.2</ele>
   </trkpt>
   <trkpt lat="46.3830130" lon="14.8703030">
    <ele>1104.4</ele>
   </trkpt>
   <trkpt lat="46.3829930" lon="14.8703050">
    <ele>1104.8</ele>
   </trkpt>
   <trkpt lat="46.3829770" lon="14.8703120">
    <ele>1105.0</ele>
   </trkpt>
   <trkpt lat="46.3829570" lon="14.8703130">
    <ele>1105.0</ele>
   </trkpt>
   <trkpt lat="46.3829350" lon="14.8703120">
    <ele>1105.4</ele>
   </trkpt>
   <trkpt lat="46.3829130" lon="14.8703120">
    <ele>1105.4</ele>
   </trkpt>
   <trkpt lat="46.3828930" lon="14.8703120">
    <ele>1105.8</ele>
   </trkpt>
   <trkpt lat="46.3828720" lon="14.8703130">
    <ele>1106.0</ele>
   </trkpt>
   <trkpt lat="46.3828450" lon="14.8703170">
    <ele>1106.0</ele>
   </trkpt>
   <trkpt lat="46.3828170" lon="14.8703180">
    <ele>1106.6</ele>
   </trkpt>
   <trkpt lat="46.3827950" lon="14.8703180">
    <ele>1106.6</ele>
   </trkpt>
   <trkpt lat="46.3827750" lon="14.8703270">
    <ele>1106.8</ele>
   </trkpt>
   <trkpt lat="46.3827550" lon="14.8703280">
    <ele>1106.8</ele>
   </trkpt>
   <trkpt lat="46.3827280" lon="14.8703300">
    <ele>1107.2</ele>
   </trkpt>
   <trkpt lat="46.3827070" lon="14.8703350">
    <ele>1107.4</ele>
   </trkpt>
   <trkpt lat="46.3826850" lon="14.8703400">
    <ele>1107.4</ele>
   </trkpt>
   <trkpt lat="46.3826620" lon="14.8703430">
    <ele>1107.4</ele>
   </trkpt>
   <trkpt lat="46.3826400" lon="14.8703500">
    <ele>1107.8</ele>
   </trkpt>
   <trkpt lat="46.3826200" lon="14.8703530">
    <ele>1108.2</ele>
   </trkpt>
   <trkpt lat="46.3826000" lon="14.8703520">
    <ele>1108.0</ele>
   </trkpt>
   <trkpt lat="46.3825820" lon="14.8703500">
    <ele>1108.2</ele>
   </trkpt>
   <trkpt lat="46.3825650" lon="14.8703500">
    <ele>1108.4</ele>
   </trkpt>
   <trkpt lat="46.3825430" lon="14.8703520">
    <ele>1108.8</ele>
   </trkpt>
   <trkpt lat="46.3825220" lon="14.8703500">
    <ele>1109.0</ele>
   </trkpt>
   <trkpt lat="46.3825030" lon="14.8703550">
    <ele>1109.2</ele>
   </trkpt>
   <trkpt lat="46.3825030" lon="14.8703550">
    <ele>1109.2</ele>
   </trkpt>
   <trkpt lat="46.3824760" lon="14.8703570">
    <ele>1109.4</ele>
   </trkpt>
   <trkpt lat="46.3824760" lon="14.8703570">
    <ele>1109.8</ele>
   </trkpt>
   <trkpt lat="46.3824420" lon="14.8703600">
    <ele>1110.0</ele>
   </trkpt>
   <trkpt lat="46.3824420" lon="14.8703600">
    <ele>1110.2</ele>
   </trkpt>
   <trkpt lat="46.3824020" lon="14.8703420">
    <ele>1110.2</ele>
   </trkpt>
   <trkpt lat="46.3823830" lon="14.8703230">
    <ele>1110.4</ele>
   </trkpt>
   <trkpt lat="46.3823630" lon="14.8703130">
    <ele>1110.8</ele>
   </trkpt>
   <trkpt lat="46.3823480" lon="14.8703030">
    <ele>1111.0</ele>
   </trkpt>
   <trkpt lat="46.3823320" lon="14.8702870">
    <ele>1111.2</ele>
   </trkpt>
   <trkpt lat="46.3823180" lon="14.8702700">
    <ele>1111.2</ele>
   </trkpt>
   <trkpt lat="46.3823050" lon="14.8702470">
    <ele>1111.6</ele>
   </trkpt>
   <trkpt lat="46.3822930" lon="14.8702300">
    <ele>1112.0</ele>
   </trkpt>
   <trkpt lat="46.3822780" lon="14.8702150">
    <ele>1112.0</ele>
   </trkpt>
   <trkpt lat="46.3822630" lon="14.8701930">
    <ele>1112.2</ele>
   </trkpt>
   <trkpt lat="46.3822500" lon="14.8701730">
    <ele>1112.2</ele>
   </trkpt>
   <trkpt lat="46.3822370" lon="14.8701580">
    <ele>1112.4</ele>
   </trkpt>
   <trkpt lat="46.3822280" lon="14.8701320">
    <ele>1112.8</ele>
   </trkpt>
   <trkpt lat="46.3822170" lon="14.8701130">
    <ele>1113.0</ele>
   </trkpt>
   <trkpt lat="46.3822030" lon="14.8700880">
    <ele>1113.2</ele>
   </trkpt>
   <trkpt lat="46.3821950" lon="14.8700620">
    <ele>1113.4</ele>
   </trkpt>
   <trkpt lat="46.3821850" lon="14.8700400">
    <ele>1113.8</ele>
   </trkpt>
   <trkpt lat="46.3821730" lon="14.8700130">
    <ele>1114.2</ele>
   </trkpt>
   <trkpt lat="46.3821630" lon="14.8699870">
    <ele>1114.2</ele>
   </trkpt>
   <trkpt lat="46.3821530" lon="14.8699630">
    <ele>1114.4</ele>
   </trkpt>
   <trkpt lat="46.3821420" lon="14.8699350">
    <ele>1114.6</ele>
   </trkpt>
   <trkpt lat="46.3821270" lon="14.8699180">
    <ele>1115.0</ele>
   </trkpt>
   <trkpt lat="46.3821150" lon="14.8698920">
    <ele>1115.2</ele>
   </trkpt>
   <trkpt lat="46.3821030" lon="14.8698650">
    <ele>1115.4</ele>
   </trkpt>
   <trkpt lat="46.3820870" lon="14.8698500">
    <ele>1115.4</ele>
   </trkpt>
   <trkpt lat="46.3820800" lon="14.8698320">
    <ele>1115.6</ele>
   </trkpt>
   <trkpt lat="46.3820680" lon="14.8698080">
    <ele>1116.0</ele>
   </trkpt>
   <trkpt lat="46.3820520" lon="14.8697830">
    <ele>1116.2</ele>
   </trkpt>
   <trkpt lat="46.3820420" lon="14.8697620">
    <ele>1116.2</ele>
   </trkpt>
   <trkpt lat="46.3820330" lon="14.8697420">
    <ele>1116.4</ele>
   </trkpt>
   <trkpt lat="46.3820370" lon="14.8697080">
    <ele>1116.6</ele>
   </trkpt>
   <trkpt lat="46.3820380" lon="14.8696730">
    <ele>1116.6</ele>
   </trkpt>
   <trkpt lat="46.3820470" lon="14.8696420">
    <ele>1116.8</ele>
   </trkpt>
   <trkpt lat="46.3820600" lon="14.8696130">
    <ele>1116.8</ele>
   </trkpt>
   <trkpt lat="46.3820700" lon="14.8695870">
    <ele>1117.0</ele>
   </trkpt>
   <trkpt lat="46.3820830" lon="14.8695630">
    <ele>1117.4</ele>
   </trkpt>
   <trkpt lat="46.3821030" lon="14.8695430">
    <ele>1117.6</ele>
   </trkpt>
   <trkpt lat="46.3821270" lon="14.8695270">
    <ele>1118.0</ele>
   </trkpt>
   <trkpt lat="46.3821550" lon="14.8695130">
    <ele>1118.0</ele>
   </trkpt>
   <trkpt lat="46.3821750" lon="14.8695070">
    <ele>1118.0</ele>
   </trkpt>
   <trkpt lat="46.3822000" lon="14.8694930">
    <ele>1118.6</ele>
   </trkpt>
   <trkpt lat="46.3822270" lon="14.8694700">
    <ele>1118.6</ele>
   </trkpt>
   <trkpt lat="46.3822500" lon="14.8694520">
    <ele>1118.8</ele>
   </trkpt>
   <trkpt lat="46.3822750" lon="14.8694300">
    <ele>1118.8</ele>
   </trkpt>
   <trkpt lat="46.3822980" lon="14.8694070">
    <ele>1119.0</ele>
   </trkpt>
   <trkpt lat="46.3823180" lon="14.8693850">
    <ele>1119.0</ele>
   </trkpt>
   <trkpt lat="46.3823380" lon="14.8693600">
    <ele>1119.2</ele>
   </trkpt>
   <trkpt lat="46.3823570" lon="14.8693300">
    <ele>1119.2</ele>
   </trkpt>
   <trkpt lat="46.3823770" lon="14.8693050">
    <ele>1119.2</ele>
   </trkpt>
   <trkpt lat="46.3823930" lon="14.8692770">
    <ele>1119.4</ele>
   </trkpt>
   <trkpt lat="46.3824120" lon="14.8692520">
    <ele>1119.6</ele>
   </trkpt>
   <trkpt lat="46.3824350" lon="14.8692220">
    <ele>1119.6</ele>
   </trkpt>
   <trkpt lat="46.3824500" lon="14.8691920">
    <ele>1119.6</ele>
   </trkpt>
   <trkpt lat="46.3824680" lon="14.8691580">
    <ele>1119.8</ele>
   </trkpt>
   <trkpt lat="46.3824870" lon="14.8691250">
    <ele>1120.0</ele>
   </trkpt>
   <trkpt lat="46.3825050" lon="14.8690970">
    <ele>1120.2</ele>
   </trkpt>
   <trkpt lat="46.3825220" lon="14.8690580">
    <ele>1120.2</ele>
   </trkpt>
   <trkpt lat="46.3825380" lon="14.8690300">
    <ele>1120.2</ele>
   </trkpt>
   <trkpt lat="46.3825520" lon="14.8689970">
    <ele>1120.4</ele>
   </trkpt>
   <trkpt lat="46.3825620" lon="14.8689630">
    <ele>1120.6</ele>
   </trkpt>
   <trkpt lat="46.3825700" lon="14.8689300">
    <ele>1120.6</ele>
   </trkpt>
   <trkpt lat="46.3825770" lon="14.8688900">
    <ele>1120.6</ele>
   </trkpt>
   <trkpt lat="46.3825820" lon="14.8688580">
    <ele>1120.6</ele>
   </trkpt>
   <trkpt lat="46.3825880" lon="14.8688270">
    <ele>1120.8</ele>
   </trkpt>
   <trkpt lat="46.3825930" lon="14.8687880">
    <ele>1121.0</ele>
   </trkpt>
   <trkpt lat="46.3825950" lon="14.8687530">
    <ele>1121.0</ele>
   </trkpt>
   <trkpt lat="46.3825970" lon="14.8687170">
    <ele>1121.0</ele>
   </trkpt>
   <trkpt lat="46.3825930" lon="14.8686770">
    <ele>1121.4</ele>
   </trkpt>
   <trkpt lat="46.3825920" lon="14.8686350">
    <ele>1121.6</ele>
   </trkpt>
   <trkpt lat="46.3825880" lon="14.8685950">
    <ele>1121.6</ele>
   </trkpt>
   <trkpt lat="46.3825880" lon="14.8685580">
    <ele>1121.6</ele>
   </trkpt>
   <trkpt lat="46.3825900" lon="14.8685150">
    <ele>1121.8</ele>
   </trkpt>
   <trkpt lat="46.3825920" lon="14.8684750">
    <ele>1122.0</ele>
   </trkpt>
   <trkpt lat="46.3825880" lon="14.8684370">
    <ele>1122.2</ele>
   </trkpt>
   <trkpt lat="46.3825830" lon="14.8684000">
    <ele>1122.2</ele>
   </trkpt>
   <trkpt lat="46.3825770" lon="14.8683680">
    <ele>1122.2</ele>
   </trkpt>
   <trkpt lat="46.3825630" lon="14.8683270">
    <ele>1122.2</ele>
   </trkpt>
   <trkpt lat="46.3825520" lon="14.8682880">
    <ele>1122.2</ele>
   </trkpt>
   <trkpt lat="46.3825400" lon="14.8682520">
    <ele>1122.2</ele>
   </trkpt>
   <trkpt lat="46.3825220" lon="14.8682120">
    <ele>1122.4</ele>
   </trkpt>
   <trkpt lat="46.3825030" lon="14.8681750">
    <ele>1122.4</ele>
   </trkpt>
   <trkpt lat="46.3824900" lon="14.8681370">
    <ele>1122.4</ele>
   </trkpt>
   <trkpt lat="46.3824780" lon="14.8681020">
    <ele>1122.4</ele>
   </trkpt>
   <trkpt lat="46.3824650" lon="14.8680600">
    <ele>1122.4</ele>
   </trkpt>
   <trkpt lat="46.3824550" lon="14.8680250">
    <ele>1122.4</ele>
   </trkpt>
   <trkpt lat="46.3824370" lon="14.8679930">
    <ele>1122.8</ele>
   </trkpt>
   <trkpt lat="46.3824170" lon="14.8679620">
    <ele>1123.0</ele>
   </trkpt>
   <trkpt lat="46.3823950" lon="14.8679350">
    <ele>1123.2</ele>
   </trkpt>
   <trkpt lat="46.3823770" lon="14.8679080">
    <ele>1123.2</ele>
   </trkpt>
   <trkpt lat="46.3823620" lon="14.8678870">
    <ele>1123.2</ele>
   </trkpt>
   <trkpt lat="46.3823480" lon="14.8678630">
    <ele>1123.4</ele>
   </trkpt>
   <trkpt lat="46.3823320" lon="14.8678450">
    <ele>1123.6</ele>
   </trkpt>
   <trkpt lat="46.3823150" lon="14.8678180">
    <ele>1123.6</ele>
   </trkpt>
   <trkpt lat="46.3822920" lon="14.8677980">
    <ele>1123.8</ele>
   </trkpt>
   <trkpt lat="46.3822720" lon="14.8677720">
    <ele>1123.8</ele>
   </trkpt>
   <trkpt lat="46.3822500" lon="14.8677520">
    <ele>1124.0</ele>
   </trkpt>
   <trkpt lat="46.3822320" lon="14.8677280">
    <ele>1124.2</ele>
   </trkpt>
   <trkpt lat="46.3822120" lon="14.8677020">
    <ele>1124.4</ele>
   </trkpt>
   <trkpt lat="46.3821920" lon="14.8676770">
    <ele>1124.4</ele>
   </trkpt>
   <trkpt lat="46.3821700" lon="14.8676500">
    <ele>1124.6</ele>
   </trkpt>
   <trkpt lat="46.3821520" lon="14.8676300">
    <ele>1124.6</ele>
   </trkpt>
   <trkpt lat="46.3821320" lon="14.8676070">
    <ele>1125.0</ele>
   </trkpt>
   <trkpt lat="46.3821120" lon="14.8675870">
    <ele>1125.0</ele>
   </trkpt>
   <trkpt lat="46.3820930" lon="14.8675550">
    <ele>1125.2</ele>
   </trkpt>
   <trkpt lat="46.3820730" lon="14.8675280">
    <ele>1125.2</ele>
   </trkpt>
   <trkpt lat="46.3820600" lon="14.8675020">
    <ele>1125.8</ele>
   </trkpt>
   <trkpt lat="46.3820470" lon="14.8674750">
    <ele>1125.8</ele>
   </trkpt>
   <trkpt lat="46.3820350" lon="14.8674480">
    <ele>1126.0</ele>
   </trkpt>
   <trkpt lat="46.3820180" lon="14.8674280">
    <ele>1126.0</ele>
   </trkpt>
   <trkpt lat="46.3819970" lon="14.8674070">
    <ele>1126.2</ele>
   </trkpt>
   <trkpt lat="46.3819800" lon="14.8673830">
    <ele>1126.6</ele>
   </trkpt>
   <trkpt lat="46.3819670" lon="14.8673620">
    <ele>1126.6</ele>
   </trkpt>
   <trkpt lat="46.3819480" lon="14.8673320">
    <ele>1126.6</ele>
   </trkpt>
   <trkpt lat="46.3819280" lon="14.8673050">
    <ele>1126.6</ele>
   </trkpt>
   <trkpt lat="46.3819130" lon="14.8672730">
    <ele>1126.8</ele>
   </trkpt>
   <trkpt lat="46.3818980" lon="14.8672520">
    <ele>1127.2</ele>
   </trkpt>
   <trkpt lat="46.3818800" lon="14.8672300">
    <ele>1127.4</ele>
   </trkpt>
   <trkpt lat="46.3818630" lon="14.8671950">
    <ele>1127.4</ele>
   </trkpt>
   <trkpt lat="46.3818480" lon="14.8671620">
    <ele>1127.6</ele>
   </trkpt>
   <trkpt lat="46.3818350" lon="14.8671330">
    <ele>1127.6</ele>
   </trkpt>
   <trkpt lat="46.3818230" lon="14.8671050">
    <ele>1127.8</ele>
   </trkpt>
   <trkpt lat="46.3818100" lon="14.8670720">
    <ele>1128.0</ele>
   </trkpt>
   <trkpt lat="46.3817970" lon="14.8670400">
    <ele>1128.2</ele>
   </trkpt>
   <trkpt lat="46.3817880" lon="14.8670050">
    <ele>1128.2</ele>
   </trkpt>
   <trkpt lat="46.3817770" lon="14.8669650">
    <ele>1128.2</ele>
   </trkpt>
   <trkpt lat="46.3817650" lon="14.8669300">
    <ele>1128.4</ele>
   </trkpt>
   <trkpt lat="46.3817530" lon="14.8668980">
    <ele>1128.6</ele>
   </trkpt>
   <trkpt lat="46.3817430" lon="14.8668700">
    <ele>1128.8</ele>
   </trkpt>
   <trkpt lat="46.3817330" lon="14.8668380">
    <ele>1128.8</ele>
   </trkpt>
   <trkpt lat="46.3817170" lon="14.8667970">
    <ele>1128.8</ele>
   </trkpt>
   <trkpt lat="46.3817070" lon="14.8667630">
    <ele>1129.0</ele>
   </trkpt>
   <trkpt lat="46.3817020" lon="14.8667350">
    <ele>1129.4</ele>
   </trkpt>
   <trkpt lat="46.3816950" lon="14.8667030">
    <ele>1129.6</ele>
   </trkpt>
   <trkpt lat="46.3816930" lon="14.8666750">
    <ele>1129.6</ele>
   </trkpt>
   <trkpt lat="46.3816870" lon="14.8666430">
    <ele>1129.6</ele>
   </trkpt>
   <trkpt lat="46.3816780" lon="14.8666120">
    <ele>1129.8</ele>
   </trkpt>
   <trkpt lat="46.3816720" lon="14.8665770">
    <ele>1130.2</ele>
   </trkpt>
   <trkpt lat="46.3816630" lon="14.8665450">
    <ele>1130.6</ele>
   </trkpt>
   <trkpt lat="46.3816550" lon="14.8665180">
    <ele>1130.6</ele>
   </trkpt>
   <trkpt lat="46.3816420" lon="14.8664930">
    <ele>1130.8</ele>
   </trkpt>
   <trkpt lat="46.3816350" lon="14.8664680">
    <ele>1130.8</ele>
   </trkpt>
   <trkpt lat="46.3816090" lon="14.8664600">
    <ele>1131.0</ele>
   </trkpt>
   <trkpt lat="46.3815910" lon="14.8664560">
    <ele>1131.6</ele>
   </trkpt>
   <trkpt lat="46.3815910" lon="14.8664560">
    <ele>1131.6</ele>
   </trkpt>
   <trkpt lat="46.3815650" lon="14.8664480">
    <ele>1131.8</ele>
   </trkpt>
   <trkpt lat="46.3815650" lon="14.8664480">
    <ele>1131.8</ele>
   </trkpt>
   <trkpt lat="46.3815420" lon="14.8664930">
    <ele>1132.2</ele>
   </trkpt>
   <trkpt lat="46.3815320" lon="14.8665250">
    <ele>1132.4</ele>
   </trkpt>
   <trkpt lat="46.3815250" lon="14.8665570">
    <ele>1132.6</ele>
   </trkpt>
   <trkpt lat="46.3815220" lon="14.8665950">
    <ele>1132.6</ele>
   </trkpt>
   <trkpt lat="46.3815200" lon="14.8666280">
    <ele>1132.8</ele>
   </trkpt>
   <trkpt lat="46.3815180" lon="14.8666630">
    <ele>1133.0</ele>
   </trkpt>
   <trkpt lat="46.3815200" lon="14.8666920">
    <ele>1133.6</ele>
   </trkpt>
   <trkpt lat="46.3815200" lon="14.8667230">
    <ele>1133.8</ele>
   </trkpt>
   <trkpt lat="46.3815220" lon="14.8667630">
    <ele>1133.8</ele>
   </trkpt>
   <trkpt lat="46.3815250" lon="14.8668070">
    <ele>1134.0</ele>
   </trkpt>
   <trkpt lat="46.3815280" lon="14.8668500">
    <ele>1134.2</ele>
   </trkpt>
   <trkpt lat="46.3815250" lon="14.8668970">
    <ele>1134.6</ele>
   </trkpt>
   <trkpt lat="46.3815180" lon="14.8669330">
    <ele>1134.6</ele>
   </trkpt>
   <trkpt lat="46.3815150" lon="14.8669630">
    <ele>1134.8</ele>
   </trkpt>
   <trkpt lat="46.3815070" lon="14.8669970">
    <ele>1134.8</ele>
   </trkpt>
   <trkpt lat="46.3815020" lon="14.8670250">
    <ele>1135.2</ele>
   </trkpt>
   <trkpt lat="46.3814970" lon="14.8670500">
    <ele>1135.6</ele>
   </trkpt>
   <trkpt lat="46.3814970" lon="14.8670800">
    <ele>1135.6</ele>
   </trkpt>
   <trkpt lat="46.3814980" lon="14.8671120">
    <ele>1135.8</ele>
   </trkpt>
   <trkpt lat="46.3815000" lon="14.8671430">
    <ele>1136.0</ele>
   </trkpt>
   <trkpt lat="46.3815000" lon="14.8671730">
    <ele>1136.0</ele>
   </trkpt>
   <trkpt lat="46.3814950" lon="14.8672050">
    <ele>1136.6</ele>
   </trkpt>
   <trkpt lat="46.3814950" lon="14.8672380">
    <ele>1136.8</ele>
   </trkpt>
   <trkpt lat="46.3814920" lon="14.8672720">
    <ele>1137.0</ele>
   </trkpt>
   <trkpt lat="46.3814900" lon="14.8673070">
    <ele>1137.0</ele>
   </trkpt>
   <trkpt lat="46.3814850" lon="14.8673350">
    <ele>1137.8</ele>
   </trkpt>
   <trkpt lat="46.3814830" lon="14.8673630">
    <ele>1137.8</ele>
   </trkpt>
   <trkpt lat="46.3814830" lon="14.8673930">
    <ele>1137.8</ele>
   </trkpt>
   <trkpt lat="46.3814850" lon="14.8674220">
    <ele>1138.0</ele>
   </trkpt>
   <trkpt lat="46.3814850" lon="14.8674580">
    <ele>1138.4</ele>
   </trkpt>
   <trkpt lat="46.3814870" lon="14.8674880">
    <ele>1138.4</ele>
   </trkpt>
   <trkpt lat="46.3814920" lon="14.8675200">
    <ele>1138.6</ele>
   </trkpt>
   <trkpt lat="46.3815020" lon="14.8675500">
    <ele>1138.6</ele>
   </trkpt>
   <trkpt lat="46.3815070" lon="14.8675720">
    <ele>1139.0</ele>
   </trkpt>
   <trkpt lat="46.3815200" lon="14.8675950">
    <ele>1139.4</ele>
   </trkpt>
   <trkpt lat="46.3815270" lon="14.8676150">
    <ele>1139.6</ele>
   </trkpt>
   <trkpt lat="46.3815350" lon="14.8676400">
    <ele>1139.8</ele>
   </trkpt>
   <trkpt lat="46.3815470" lon="14.8676670">
    <ele>1139.8</ele>
   </trkpt>
   <trkpt lat="46.3815530" lon="14.8676880">
    <ele>1140.2</ele>
   </trkpt>
   <trkpt lat="46.3815630" lon="14.8677200">
    <ele>1140.4</ele>
   </trkpt>
   <trkpt lat="46.3815730" lon="14.8677480">
    <ele>1140.6</ele>
   </trkpt>
   <trkpt lat="46.3815770" lon="14.8677870">
    <ele>1140.6</ele>
   </trkpt>
   <trkpt lat="46.3815800" lon="14.8678170">
    <ele>1140.6</ele>
   </trkpt>
   <trkpt lat="46.3815830" lon="14.8678550">
    <ele>1141.0</ele>
   </trkpt>
   <trkpt lat="46.3815850" lon="14.8678900">
    <ele>1141.4</ele>
   </trkpt>
   <trkpt lat="46.3815850" lon="14.8679270">
    <ele>1141.6</ele>
   </trkpt>
   <trkpt lat="46.3815880" lon="14.8679650">
    <ele>1141.8</ele>
   </trkpt>
   <trkpt lat="46.3815900" lon="14.8680020">
    <ele>1142.0</ele>
   </trkpt>
   <trkpt lat="46.3815950" lon="14.8680300">
    <ele>1142.2</ele>
   </trkpt>
   <trkpt lat="46.3816030" lon="14.8680630">
    <ele>1142.6</ele>
   </trkpt>
   <trkpt lat="46.3816070" lon="14.8680980">
    <ele>1142.8</ele>
   </trkpt>
   <trkpt lat="46.3816120" lon="14.8681330">
    <ele>1143.0</ele>
   </trkpt>
   <trkpt lat="46.3816170" lon="14.8681650">
    <ele>1143.2</ele>
   </trkpt>
   <trkpt lat="46.3816220" lon="14.8681950">
    <ele>1143.6</ele>
   </trkpt>
   <trkpt lat="46.3816300" lon="14.8682200">
    <ele>1143.8</ele>
   </trkpt>
   <trkpt lat="46.3816380" lon="14.8682480">
    <ele>1143.8</ele>
   </trkpt>
   <trkpt lat="46.3816450" lon="14.8682720">
    <ele>1144.0</ele>
   </trkpt>
   <trkpt lat="46.3816520" lon="14.8682970">
    <ele>1144.2</ele>
   </trkpt>
   <trkpt lat="46.3816520" lon="14.8683220">
    <ele>1144.4</ele>
   </trkpt>
   <trkpt lat="46.3816530" lon="14.8683470">
    <ele>1144.6</ele>
   </trkpt>
   <trkpt lat="46.3816530" lon="14.8683470">
    <ele>1144.8</ele>
   </trkpt>
   <trkpt lat="46.3816550" lon="14.8683970">
    <ele>1144.8</ele>
   </trkpt>
   <trkpt lat="46.3816550" lon="14.8683970">
    <ele>1145.2</ele>
   </trkpt>
   <trkpt lat="46.3816450" lon="14.8684430">
    <ele>1145.4</ele>
   </trkpt>
   <trkpt lat="46.3816450" lon="14.8684430">
    <ele>1145.6</ele>
   </trkpt>
   <trkpt lat="46.3816270" lon="14.8684980">
    <ele>1145.6</ele>
   </trkpt>
   <trkpt lat="46.3816170" lon="14.8685280">
    <ele>1145.8</ele>
   </trkpt>
   <trkpt lat="46.3816100" lon="14.8685520">
    <ele>1146.2</ele>
   </trkpt>
   <trkpt lat="46.3816030" lon="14.8685880">
    <ele>1146.4</ele>
   </trkpt>
   <trkpt lat="46.3815930" lon="14.8686180">
    <ele>1146.4</ele>
   </trkpt>
   <trkpt lat="46.3815850" lon="14.8686450">
    <ele>1146.6</ele>
   </trkpt>
   <trkpt lat="46.3815720" lon="14.8686630">
    <ele>1146.8</ele>
   </trkpt>
   <trkpt lat="46.3815550" lon="14.8686750">
    <ele>1147.2</ele>
   </trkpt>
   <trkpt lat="46.3815360" lon="14.8686870">
    <ele>1147.4</ele>
   </trkpt>
   <trkpt lat="46.3815190" lon="14.8686980">
    <ele>1147.6</ele>
   </trkpt>
   <trkpt lat="46.3815030" lon="14.8687090">
    <ele>1147.6</ele>
   </trkpt>
   <trkpt lat="46.3815030" lon="14.8687090">
    <ele>1148.0</ele>
   </trkpt>
   <trkpt lat="46.3814700" lon="14.8687300">
    <ele>1148.2</ele>
   </trkpt>
   <trkpt lat="46.3814480" lon="14.8687470">
    <ele>1148.2</ele>
   </trkpt>
   <trkpt lat="46.3814300" lon="14.8687670">
    <ele>1148.4</ele>
   </trkpt>
   <trkpt lat="46.3814100" lon="14.8687850">
    <ele>1148.6</ele>
   </trkpt>
   <trkpt lat="46.3813950" lon="14.8688070">
    <ele>1149.0</ele>
   </trkpt>
   <trkpt lat="46.3813780" lon="14.8688270">
    <ele>1149.2</ele>
   </trkpt>
   <trkpt lat="46.3813630" lon="14.8688450">
    <ele>1149.2</ele>
   </trkpt>
   <trkpt lat="46.3813470" lon="14.8688600">
    <ele>1149.4</ele>
   </trkpt>
   <trkpt lat="46.3813300" lon="14.8688730">
    <ele>1149.4</ele>
   </trkpt>
   <trkpt lat="46.3813100" lon="14.8688870">
    <ele>1150.0</ele>
   </trkpt>
   <trkpt lat="46.3812920" lon="14.8688970">
    <ele>1150.0</ele>
   </trkpt>
   <trkpt lat="46.3812650" lon="14.8689100">
    <ele>1150.2</ele>
   </trkpt>
   <trkpt lat="46.3812430" lon="14.8689150">
    <ele>1150.4</ele>
   </trkpt>
   <trkpt lat="46.3812250" lon="14.8689170">
    <ele>1150.6</ele>
   </trkpt>
   <trkpt lat="46.3812050" lon="14.8689150">
    <ele>1150.8</ele>
   </trkpt>
   <trkpt lat="46.3811850" lon="14.8689200">
    <ele>1150.8</ele>
   </trkpt>
   <trkpt lat="46.3811720" lon="14.8689230">
    <ele>1151.0</ele>
   </trkpt>
   <trkpt lat="46.3811500" lon="14.8689300">
    <ele>1151.2</ele>
   </trkpt>
   <trkpt lat="46.3811300" lon="14.8689400">
    <ele>1151.4</ele>
   </trkpt>
   <trkpt lat="46.3811100" lon="14.8689470">
    <ele>1151.4</ele>
   </trkpt>
   <trkpt lat="46.3810970" lon="14.8689530">
    <ele>1151.6</ele>
   </trkpt>
   <trkpt lat="46.3810800" lon="14.8689650">
    <ele>1152.0</ele>
   </trkpt>
   <trkpt lat="46.3810800" lon="14.8689650">
    <ele>1152.2</ele>
   </trkpt>
   <trkpt lat="46.3810500" lon="14.8689780">
    <ele>1152.2</ele>
   </trkpt>
   <trkpt lat="46.3810500" lon="14.8689780">
    <ele>1152.4</ele>
   </trkpt>
   <trkpt lat="46.3810250" lon="14.8689930">
    <ele>1152.6</ele>
   </trkpt>
   <trkpt lat="46.3810250" lon="14.8689930">
    <ele>1153.0</ele>
   </trkpt>
   <trkpt lat="46.3809920" lon="14.8690200">
    <ele>1153.2</ele>
   </trkpt>
   <trkpt lat="46.3809920" lon="14.8690200">
    <ele>1153.2</ele>
   </trkpt>
   <trkpt lat="46.3809600" lon="14.8690420">
    <ele>1153.4</ele>
   </trkpt>
   <trkpt lat="46.3809450" lon="14.8690550">
    <ele>1153.6</ele>
   </trkpt>
   <trkpt lat="46.3809250" lon="14.8690670">
    <ele>1154.0</ele>
   </trkpt>
   <trkpt lat="46.3809070" lon="14.8690770">
    <ele>1154.0</ele>
   </trkpt>
   <trkpt lat="46.3808900" lon="14.8690900">
    <ele>1154.2</ele>
   </trkpt>
   <trkpt lat="46.3808730" lon="14.8691030">
    <ele>1154.4</ele>
   </trkpt>
   <trkpt lat="46.3808480" lon="14.8691180">
    <ele>1154.8</ele>
   </trkpt>
   <trkpt lat="46.3808320" lon="14.8691350">
    <ele>1154.8</ele>
   </trkpt>
   <trkpt lat="46.3808130" lon="14.8691520">
    <ele>1155.0</ele>
   </trkpt>
   <trkpt lat="46.3807950" lon="14.8691630">
    <ele>1155.0</ele>
   </trkpt>
   <trkpt lat="46.3807780" lon="14.8691820">
    <ele>1155.4</ele>
   </trkpt>
   <trkpt lat="46.3807600" lon="14.8691900">
    <ele>1155.8</ele>
   </trkpt>
   <trkpt lat="46.3807380" lon="14.8692000">
    <ele>1155.8</ele>
   </trkpt>
   <trkpt lat="46.3807170" lon="14.8692100">
    <ele>1156.0</ele>
   </trkpt>
   <trkpt lat="46.3806930" lon="14.8692150">
    <ele>1156.0</ele>
   </trkpt>
   <trkpt lat="46.3806750" lon="14.8692270">
    <ele>1156.4</ele>
   </trkpt>
   <trkpt lat="46.3806620" lon="14.8692380">
    <ele>1156.6</ele>
   </trkpt>
   <trkpt lat="46.3806400" lon="14.8692520">
    <ele>1156.6</ele>
   </trkpt>
   <trkpt lat="46.3806180" lon="14.8692650">
    <ele>1156.8</ele>
   </trkpt>
   <trkpt lat="46.3805950" lon="14.8692780">
    <ele>1157.2</ele>
   </trkpt>
   <trkpt lat="46.3805750" lon="14.8692980">
    <ele>1157.4</ele>
   </trkpt>
   <trkpt lat="46.3805570" lon="14.8693120">
    <ele>1157.4</ele>
   </trkpt>
   <trkpt lat="46.3805350" lon="14.8693230">
    <ele>1157.6</ele>
   </trkpt>
   <trkpt lat="46.3805080" lon="14.8693380">
    <ele>1158.0</ele>
   </trkpt>
   <trkpt lat="46.3804850" lon="14.8693480">
    <ele>1158.2</ele>
   </trkpt>
   <trkpt lat="46.3804610" lon="14.8693580">
    <ele>1158.4</ele>
   </trkpt>
   <trkpt lat="46.3804380" lon="14.8693780">
    <ele>1158.4</ele>
   </trkpt>
   <trkpt lat="46.3804230" lon="14.8693950">
    <ele>1158.4</ele>
   </trkpt>
   <trkpt lat="46.3804080" lon="14.8694130">
    <ele>1158.6</ele>
   </trkpt>
   <trkpt lat="46.3803930" lon="14.8694280">
    <ele>1159.0</ele>
   </trkpt>
   <trkpt lat="46.3803780" lon="14.8694450">
    <ele>1159.2</ele>
   </trkpt>
   <trkpt lat="46.3803630" lon="14.8694720">
    <ele>1159.2</ele>
   </trkpt>
   <trkpt lat="46.3803520" lon="14.8694880">
    <ele>1159.4</ele>
   </trkpt>
   <trkpt lat="46.3803330" lon="14.8695030">
    <ele>1159.6</ele>
   </trkpt>
   <trkpt lat="46.3803170" lon="14.8695120">
    <ele>1160.2</ele>
   </trkpt>
   <trkpt lat="46.3802970" lon="14.8695220">
    <ele>1160.2</ele>
   </trkpt>
   <trkpt lat="46.3802820" lon="14.8695330">
    <ele>1160.4</ele>
   </trkpt>
   <trkpt lat="46.3802630" lon="14.8695400">
    <ele>1160.4</ele>
   </trkpt>
   <trkpt lat="46.3802430" lon="14.8695500">
    <ele>1161.2</ele>
   </trkpt>
   <trkpt lat="46.3802230" lon="14.8695620">
    <ele>1161.4</ele>
   </trkpt>
   <trkpt lat="46.3802030" lon="14.8695630">
    <ele>1161.4</ele>
   </trkpt>
   <trkpt lat="46.3801830" lon="14.8695670">
    <ele>1161.6</ele>
   </trkpt>
   <trkpt lat="46.3801600" lon="14.8695750">
    <ele>1161.8</ele>
   </trkpt>
   <trkpt lat="46.3801380" lon="14.8695830">
    <ele>1162.2</ele>
   </trkpt>
   <trkpt lat="46.3801250" lon="14.8695920">
    <ele>1162.2</ele>
   </trkpt>
   <trkpt lat="46.3801080" lon="14.8696020">
    <ele>1162.4</ele>
   </trkpt>
   <trkpt lat="46.3800900" lon="14.8696120">
    <ele>1162.6</ele>
   </trkpt>
   <trkpt lat="46.3800720" lon="14.8696220">
    <ele>1163.0</ele>
   </trkpt>
   <trkpt lat="46.3800720" lon="14.8696220">
    <ele>1163.0</ele>
   </trkpt>
   <trkpt lat="46.3800400" lon="14.8696420">
    <ele>1163.2</ele>
   </trkpt>
   <trkpt lat="46.3800400" lon="14.8696420">
    <ele>1163.4</ele>
   </trkpt>
   <trkpt lat="46.3800120" lon="14.8696530">
    <ele>1163.6</ele>
   </trkpt>
   <trkpt lat="46.3800120" lon="14.8696530">
    <ele>1164.0</ele>
   </trkpt>
   <trkpt lat="46.3799770" lon="14.8696650">
    <ele>1164.2</ele>
   </trkpt>
   <trkpt lat="46.3799550" lon="14.8696710">
    <ele>1164.2</ele>
   </trkpt>
   <trkpt lat="46.3799320" lon="14.8696770">
    <ele>1164.4</ele>
   </trkpt>
   <trkpt lat="46.3799120" lon="14.8696830">
    <ele>1164.6</ele>
   </trkpt>
   <trkpt lat="46.3798930" lon="14.8696850">
    <ele>1165.0</ele>
   </trkpt>
   <trkpt lat="46.3798770" lon="14.8696880">
    <ele>1165.2</ele>
   </trkpt>
   <trkpt lat="46.3798560" lon="14.8696950">
    <ele>1165.4</ele>
   </trkpt>
   <trkpt lat="46.3798330" lon="14.8697020">
    <ele>1165.6</ele>
   </trkpt>
   <trkpt lat="46.3798150" lon="14.8697080">
    <ele>1166.0</ele>
   </trkpt>
   <trkpt lat="46.3797970" lon="14.8697230">
    <ele>1166.0</ele>
   </trkpt>
   <trkpt lat="46.3797800" lon="14.8697380">
    <ele>1166.0</ele>
   </trkpt>
   <trkpt lat="46.3797620" lon="14.8697470">
    <ele>1166.2</ele>
   </trkpt>
   <trkpt lat="46.3797420" lon="14.8697570">
    <ele>1166.4</ele>
   </trkpt>
   <trkpt lat="46.3797230" lon="14.8697720">
    <ele>1166.8</ele>
   </trkpt>
   <trkpt lat="46.3797000" lon="14.8697830">
    <ele>1167.0</ele>
   </trkpt>
   <trkpt lat="46.3796770" lon="14.8697980">
    <ele>1167.0</ele>
   </trkpt>
   <trkpt lat="46.3796620" lon="14.8698130">
    <ele>1167.2</ele>
   </trkpt>
   <trkpt lat="46.3796450" lon="14.8698330">
    <ele>1167.4</ele>
   </trkpt>
   <trkpt lat="46.3796320" lon="14.8698580">
    <ele>1167.6</ele>
   </trkpt>
   <trkpt lat="46.3796150" lon="14.8698880">
    <ele>1167.8</ele>
   </trkpt>
   <trkpt lat="46.3796050" lon="14.8699150">
    <ele>1167.8</ele>
   </trkpt>
   <trkpt lat="46.3795950" lon="14.8699500">
    <ele>1168.2</ele>
   </trkpt>
   <trkpt lat="46.3795820" lon="14.8699730">
    <ele>1168.6</ele>
   </trkpt>
   <trkpt lat="46.3795660" lon="14.8699970">
    <ele>1168.6</ele>
   </trkpt>
   <trkpt lat="46.3795530" lon="14.8700200">
    <ele>1168.8</ele>
   </trkpt>
   <trkpt lat="46.3795400" lon="14.8700430">
    <ele>1168.8</ele>
   </trkpt>
   <trkpt lat="46.3795270" lon="14.8700670">
    <ele>1169.2</ele>
   </trkpt>
   <trkpt lat="46.3795130" lon="14.8700870">
    <ele>1169.6</ele>
   </trkpt>
   <trkpt lat="46.3795030" lon="14.8701080">
    <ele>1169.6</ele>
   </trkpt>
   <trkpt lat="46.3794880" lon="14.8701320">
    <ele>1169.6</ele>
   </trkpt>
   <trkpt lat="46.3794700" lon="14.8701570">
    <ele>1169.8</ele>
   </trkpt>
   <trkpt lat="46.3794570" lon="14.8701820">
    <ele>1170.2</ele>
   </trkpt>
   <trkpt lat="46.3794470" lon="14.8702050">
    <ele>1170.4</ele>
   </trkpt>
   <trkpt lat="46.3794320" lon="14.8702230">
    <ele>1170.4</ele>
   </trkpt>
   <trkpt lat="46.3794200" lon="14.8702480">
    <ele>1170.6</ele>
   </trkpt>
   <trkpt lat="46.3794070" lon="14.8702730">
    <ele>1171.0</ele>
   </trkpt>
   <trkpt lat="46.3793920" lon="14.8703030">
    <ele>1171.2</ele>
   </trkpt>
   <trkpt lat="46.3793750" lon="14.8703270">
    <ele>1171.4</ele>
   </trkpt>
   <trkpt lat="46.3793620" lon="14.8703500">
    <ele>1171.4</ele>
   </trkpt>
   <trkpt lat="46.3793550" lon="14.8703730">
    <ele>1171.6</ele>
   </trkpt>
   <trkpt lat="46.3793480" lon="14.8703980">
    <ele>1172.0</ele>
   </trkpt>
   <trkpt lat="46.3793450" lon="14.8704320">
    <ele>1172.4</ele>
   </trkpt>
   <trkpt lat="46.3793380" lon="14.8704520">
    <ele>1172.6</ele>
   </trkpt>
   <trkpt lat="46.3793400" lon="14.8704780">
    <ele>1172.6</ele>
   </trkpt>
   <trkpt lat="46.3793400" lon="14.8704780">
    <ele>1173.2</ele>
   </trkpt>
   <trkpt lat="46.3793370" lon="14.8705180">
    <ele>1173.2</ele>
   </trkpt>
   <trkpt lat="46.3793370" lon="14.8705180">
    <ele>1173.6</ele>
   </trkpt>
   <trkpt lat="46.3793450" lon="14.8705580">
    <ele>1173.6</ele>
   </trkpt>
   <trkpt lat="46.3793450" lon="14.8705580">
    <ele>1174.4</ele>
   </trkpt>
   <trkpt lat="46.3793380" lon="14.8706420">
    <ele>1174.6</ele>
   </trkpt>
   <trkpt lat="46.3793300" lon="14.8706700">
    <ele>1174.6</ele>
   </trkpt>
   <trkpt lat="46.3793280" lon="14.8707020">
    <ele>1174.8</ele>
   </trkpt>
   <trkpt lat="46.3793250" lon="14.8707320">
    <ele>1175.0</ele>
   </trkpt>
   <trkpt lat="46.3793250" lon="14.8707600">
    <ele>1175.4</ele>
   </trkpt>
   <trkpt lat="46.3793250" lon="14.8707950">
    <ele>1175.6</ele>
   </trkpt>
   <trkpt lat="46.3793220" lon="14.8708300">
    <ele>1175.6</ele>
   </trkpt>
   <trkpt lat="46.3793200" lon="14.8708620">
    <ele>1175.8</ele>
   </trkpt>
   <trkpt lat="46.3793170" lon="14.8708980">
    <ele>1176.4</ele>
   </trkpt>
   <trkpt lat="46.3793200" lon="14.8709280">
    <ele>1176.6</ele>
   </trkpt>
   <trkpt lat="46.3793220" lon="14.8709530">
    <ele>1176.6</ele>
   </trkpt>
   <trkpt lat="46.3793220" lon="14.8709770">
    <ele>1176.8</ele>
   </trkpt>
   <trkpt lat="46.3793170" lon="14.8709980">
    <ele>1177.2</ele>
   </trkpt>
   <trkpt lat="46.3793170" lon="14.8709980">
    <ele>1177.6</ele>
   </trkpt>
   <trkpt lat="46.3793150" lon="14.8710380">
    <ele>1177.6</ele>
   </trkpt>
   <trkpt lat="46.3793150" lon="14.8710380">
    <ele>1177.8</ele>
   </trkpt>
   <trkpt lat="46.3793150" lon="14.8710900">
    <ele>1178.0</ele>
   </trkpt>
   <trkpt lat="46.3793150" lon="14.8710900">
    <ele>1178.2</ele>
   </trkpt>
   <trkpt lat="46.3793070" lon="14.8711400">
    <ele>1178.4</ele>
   </trkpt>
   <trkpt lat="46.3792980" lon="14.8711670">
    <ele>1178.4</ele>
   </trkpt>
   <trkpt lat="46.3792870" lon="14.8712000">
    <ele>1178.6</ele>
   </trkpt>
   <trkpt lat="46.3792730" lon="14.8712270">
    <ele>1179.0</ele>
   </trkpt>
   <trkpt lat="46.3792650" lon="14.8712550">
    <ele>1179.4</ele>
   </trkpt>
   <trkpt lat="46.3792550" lon="14.8712820">
    <ele>1179.4</ele>
   </trkpt>
   <trkpt lat="46.3792480" lon="14.8713050">
    <ele>1179.6</ele>
   </trkpt>
   <trkpt lat="46.3792450" lon="14.8713300">
    <ele>1180.4</ele>
   </trkpt>
   <trkpt lat="46.3792370" lon="14.8713550">
    <ele>1180.4</ele>
   </trkpt>
   <trkpt lat="46.3792370" lon="14.8713550">
    <ele>1180.6</ele>
   </trkpt>
   <trkpt lat="46.3792200" lon="14.8713900">
    <ele>1180.6</ele>
   </trkpt>
   <trkpt lat="46.3792200" lon="14.8713900">
    <ele>1181.0</ele>
   </trkpt>
   <trkpt lat="46.3791920" lon="14.8714170">
    <ele>1181.0</ele>
   </trkpt>
   <trkpt lat="46.3791920" lon="14.8714170">
    <ele>1181.2</ele>
   </trkpt>
   <trkpt lat="46.3791580" lon="14.8714430">
    <ele>1181.2</ele>
   </trkpt>
   <trkpt lat="46.3791420" lon="14.8714600">
    <ele>1181.4</ele>
   </trkpt>
   <trkpt lat="46.3791300" lon="14.8714770">
    <ele>1182.0</ele>
   </trkpt>
   <trkpt lat="46.3791300" lon="14.8714770">
    <ele>1182.0</ele>
   </trkpt>
   <trkpt lat="46.3791020" lon="14.8715070">
    <ele>1182.2</ele>
   </trkpt>
   <trkpt lat="46.3790870" lon="14.8715230">
    <ele>1182.4</ele>
   </trkpt>
   <trkpt lat="46.3790720" lon="14.8715450">
    <ele>1182.8</ele>
   </trkpt>
   <trkpt lat="46.3790580" lon="14.8715620">
    <ele>1183.0</ele>
   </trkpt>
   <trkpt lat="46.3790450" lon="14.8715820">
    <ele>1183.2</ele>
   </trkpt>
   <trkpt lat="46.3790330" lon="14.8715980">
    <ele>1183.4</ele>
   </trkpt>
   <trkpt lat="46.3790200" lon="14.8716150">
    <ele>1183.8</ele>
   </trkpt>
   <trkpt lat="46.3790020" lon="14.8716330">
    <ele>1184.2</ele>
   </trkpt>
   <trkpt lat="46.3789830" lon="14.8716480">
    <ele>1184.2</ele>
   </trkpt>
   <trkpt lat="46.3789700" lon="14.8716620">
    <ele>1184.2</ele>
   </trkpt>
   <trkpt lat="46.3789580" lon="14.8716820">
    <ele>1184.4</ele>
   </trkpt>
   <trkpt lat="46.3789450" lon="14.8717000">
    <ele>1185.0</ele>
   </trkpt>
   <trkpt lat="46.3789280" lon="14.8717180">
    <ele>1185.2</ele>
   </trkpt>
   <trkpt lat="46.3789120" lon="14.8717370">
    <ele>1185.4</ele>
   </trkpt>
   <trkpt lat="46.3788930" lon="14.8717480">
    <ele>1185.4</ele>
   </trkpt>
   <trkpt lat="46.3788750" lon="14.8717580">
    <ele>1185.8</ele>
   </trkpt>
   <trkpt lat="46.3788570" lon="14.8717670">
    <ele>1186.0</ele>
   </trkpt>
   <trkpt lat="46.3788400" lon="14.8717800">
    <ele>1186.2</ele>
   </trkpt>
   <trkpt lat="46.3788270" lon="14.8718000">
    <ele>1186.4</ele>
   </trkpt>
   <trkpt lat="46.3788130" lon="14.8718150">
    <ele>1186.6</ele>
   </trkpt>
   <trkpt lat="46.3788020" lon="14.8718350">
    <ele>1187.0</ele>
   </trkpt>
   <trkpt lat="46.3787900" lon="14.8718570">
    <ele>1187.0</ele>
   </trkpt>
   <trkpt lat="46.3787900" lon="14.8718570">
    <ele>1187.0</ele>
   </trkpt>
   <trkpt lat="46.3787670" lon="14.8718950">
    <ele>1187.0</ele>
   </trkpt>
   <trkpt lat="46.3787670" lon="14.8718950">
    <ele>1187.4</ele>
   </trkpt>
   <trkpt lat="46.3787330" lon="14.8719250">
    <ele>1187.8</ele>
   </trkpt>
   <trkpt lat="46.3787180" lon="14.8719380">
    <ele>1188.0</ele>
   </trkpt>
   <trkpt lat="46.3787180" lon="14.8719380">
    <ele>1188.4</ele>
   </trkpt>
   <trkpt lat="46.3786870" lon="14.8719600">
    <ele>1188.8</ele>
   </trkpt>
   <trkpt lat="46.3786680" lon="14.8719750">
    <ele>1188.8</ele>
   </trkpt>
   <trkpt lat="46.3786530" lon="14.8719920">
    <ele>1188.8</ele>
   </trkpt>
   <trkpt lat="46.3786370" lon="14.8720070">
    <ele>1189.2</ele>
   </trkpt>
   <trkpt lat="46.3786200" lon="14.8720250">
    <ele>1189.6</ele>
   </trkpt>
   <trkpt lat="46.3786050" lon="14.8720450">
    <ele>1189.6</ele>
   </trkpt>
   <trkpt lat="46.3785900" lon="14.8720580">
    <ele>1189.6</ele>
   </trkpt>
   <trkpt lat="46.3785720" lon="14.8720730">
    <ele>1190.0</ele>
   </trkpt>
   <trkpt lat="46.3785530" lon="14.8720850">
    <ele>1190.2</ele>
   </trkpt>
   <trkpt lat="46.3785380" lon="14.8720980">
    <ele>1190.4</ele>
   </trkpt>
   <trkpt lat="46.3785200" lon="14.8721130">
    <ele>1190.4</ele>
   </trkpt>
   <trkpt lat="46.3785050" lon="14.8721300">
    <ele>1190.8</ele>
   </trkpt>
   <trkpt lat="46.3784880" lon="14.8721400">
    <ele>1191.0</ele>
   </trkpt>
   <trkpt lat="46.3784730" lon="14.8721570">
    <ele>1191.0</ele>
   </trkpt>
   <trkpt lat="46.3784580" lon="14.8721650">
    <ele>1191.0</ele>
   </trkpt>
   <trkpt lat="46.3784580" lon="14.8721650">
    <ele>1191.6</ele>
   </trkpt>
   <trkpt lat="46.3784300" lon="14.8721920">
    <ele>1192.0</ele>
   </trkpt>
   <trkpt lat="46.3784300" lon="14.8721920">
    <ele>1192.2</ele>
   </trkpt>
   <trkpt lat="46.3784070" lon="14.8722180">
    <ele>1192.2</ele>
   </trkpt>
   <trkpt lat="46.3784070" lon="14.8722180">
    <ele>1192.4</ele>
   </trkpt>
   <trkpt lat="46.3783730" lon="14.8722470">
    <ele>1192.8</ele>
   </trkpt>
   <trkpt lat="46.3783730" lon="14.8722470">
    <ele>1193.0</ele>
   </trkpt>
   <trkpt lat="46.3783430" lon="14.8722820">
    <ele>1193.2</ele>
   </trkpt>
   <trkpt lat="46.3783280" lon="14.8723030">
    <ele>1193.2</ele>
   </trkpt>
   <trkpt lat="46.3783120" lon="14.8723130">
    <ele>1193.8</ele>
   </trkpt>
   <trkpt lat="46.3782980" lon="14.8723280">
    <ele>1194.0</ele>
   </trkpt>
   <trkpt lat="46.3782850" lon="14.8723470">
    <ele>1194.0</ele>
   </trkpt>
   <trkpt lat="46.3782850" lon="14.8723470">
    <ele>1194.2</ele>
   </trkpt>
   <trkpt lat="46.3782570" lon="14.8723720">
    <ele>1194.6</ele>
   </trkpt>
   <trkpt lat="46.3782570" lon="14.8723720">
    <ele>1194.8</ele>
   </trkpt>
   <trkpt lat="46.3782230" lon="14.8723920">
    <ele>1195.0</ele>
   </trkpt>
   <trkpt lat="46.3782230" lon="14.8723920">
    <ele>1195.0</ele>
   </trkpt>
   <trkpt lat="46.3781870" lon="14.8724200">
    <ele>1195.4</ele>
   </trkpt>
   <trkpt lat="46.3781670" lon="14.8724330">
    <ele>1196.0</ele>
   </trkpt>
   <trkpt lat="46.3781500" lon="14.8724450">
    <ele>1196.0</ele>
   </trkpt>
   <trkpt lat="46.3781370" lon="14.8724650">
    <ele>1196.0</ele>
   </trkpt>
   <trkpt lat="46.3781220" lon="14.8724800">
    <ele>1196.2</ele>
   </trkpt>
   <trkpt lat="46.3781050" lon="14.8724930">
    <ele>1196.6</ele>
   </trkpt>
   <trkpt lat="46.3780900" lon="14.8725070">
    <ele>1196.8</ele>
   </trkpt>
   <trkpt lat="46.3780900" lon="14.8725070">
    <ele>1196.8</ele>
   </trkpt>
   <trkpt lat="46.3780630" lon="14.8725230">
    <ele>1197.0</ele>
   </trkpt>
   <trkpt lat="46.3780630" lon="14.8725230">
    <ele>1197.4</ele>
   </trkpt>
   <trkpt lat="46.3780350" lon="14.8725500">
    <ele>1197.6</ele>
   </trkpt>
   <trkpt lat="46.3780350" lon="14.8725500">
    <ele>1197.6</ele>
   </trkpt>
   <trkpt lat="46.3780050" lon="14.8725750">
    <ele>1198.0</ele>
   </trkpt>
   <trkpt lat="46.3780050" lon="14.8725750">
    <ele>1198.4</ele>
   </trkpt>
   <trkpt lat="46.3779720" lon="14.8725980">
    <ele>1198.6</ele>
   </trkpt>
   <trkpt lat="46.3779720" lon="14.8725980">
    <ele>1198.6</ele>
   </trkpt>
   <trkpt lat="46.3779370" lon="14.8726250">
    <ele>1198.8</ele>
   </trkpt>
   <trkpt lat="46.3779200" lon="14.8726350">
    <ele>1199.4</ele>
   </trkpt>
   <trkpt lat="46.3779020" lon="14.8726450">
    <ele>1199.6</ele>
   </trkpt>
   <trkpt lat="46.3778860" lon="14.8726570">
    <ele>1199.8</ele>
   </trkpt>
   <trkpt lat="46.3778860" lon="14.8726570">
    <ele>1199.8</ele>
   </trkpt>
   <trkpt lat="46.3778550" lon="14.8726750">
    <ele>1200.2</ele>
   </trkpt>
   <trkpt lat="46.3778370" lon="14.8726900">
    <ele>1200.2</ele>
   </trkpt>
   <trkpt lat="46.3778200" lon="14.8727050">
    <ele>1200.4</ele>
   </trkpt>
   <trkpt lat="46.3778020" lon="14.8727270">
    <ele>1200.6</ele>
   </trkpt>
   <trkpt lat="46.3777870" lon="14.8727450">
    <ele>1201.0</ele>
   </trkpt>
   <trkpt lat="46.3777680" lon="14.8727620">
    <ele>1201.2</ele>
   </trkpt>
   <trkpt lat="46.3777500" lon="14.8727770">
    <ele>1201.2</ele>
   </trkpt>
   <trkpt lat="46.3777350" lon="14.8727850">
    <ele>1202.0</ele>
   </trkpt>
   <trkpt lat="46.3777170" lon="14.8728000">
    <ele>1202.0</ele>
   </trkpt>
   <trkpt lat="46.3777030" lon="14.8728130">
    <ele>1202.2</ele>
   </trkpt>
   <trkpt lat="46.3776880" lon="14.8728270">
    <ele>1202.4</ele>
   </trkpt>
   <trkpt lat="46.3776700" lon="14.8728380">
    <ele>1202.8</ele>
   </trkpt>
   <trkpt lat="46.3776570" lon="14.8728500">
    <ele>1202.8</ele>
   </trkpt>
   <trkpt lat="46.3776570" lon="14.8728500">
    <ele>1203.0</ele>
   </trkpt>
   <trkpt lat="46.3776270" lon="14.8728780">
    <ele>1203.4</ele>
   </trkpt>
   <trkpt lat="46.3776100" lon="14.8728950">
    <ele>1204.0</ele>
   </trkpt>
   <trkpt lat="46.3775930" lon="14.8729080">
    <ele>1204.0</ele>
   </trkpt>
   <trkpt lat="46.3775750" lon="14.8729220">
    <ele>1204.2</ele>
   </trkpt>
   <trkpt lat="46.3775570" lon="14.8729330">
    <ele>1204.6</ele>
   </trkpt>
   <trkpt lat="46.3775380" lon="14.8729450">
    <ele>1204.8</ele>
   </trkpt>
   <trkpt lat="46.3775220" lon="14.8729620">
    <ele>1204.8</ele>
   </trkpt>
   <trkpt lat="46.3775070" lon="14.8729770">
    <ele>1205.0</ele>
   </trkpt>
   <trkpt lat="46.3774900" lon="14.8729880">
    <ele>1205.4</ele>
   </trkpt>
   <trkpt lat="46.3774780" lon="14.8729980">
    <ele>1205.4</ele>
   </trkpt>
   <trkpt lat="46.3774780" lon="14.8729980">
    <ele>1205.6</ele>
   </trkpt>
   <trkpt lat="46.3774470" lon="14.8730220">
    <ele>1206.0</ele>
   </trkpt>
   <trkpt lat="46.3774470" lon="14.8730220">
    <ele>1206.4</ele>
   </trkpt>
   <trkpt lat="46.3774130" lon="14.8730500">
    <ele>1206.4</ele>
   </trkpt>
   <trkpt lat="46.3773950" lon="14.8730650">
    <ele>1206.6</ele>
   </trkpt>
   <trkpt lat="46.3773770" lon="14.8730770">
    <ele>1207.0</ele>
   </trkpt>
   <trkpt lat="46.3773570" lon="14.8730950">
    <ele>1207.2</ele>
   </trkpt>
   <trkpt lat="46.3773380" lon="14.8731130">
    <ele>1207.2</ele>
   </trkpt>
   <trkpt lat="46.3773200" lon="14.8731300">
    <ele>1207.6</ele>
   </trkpt>
   <trkpt lat="46.3773020" lon="14.8731430">
    <ele>1207.6</ele>
   </trkpt>
   <trkpt lat="46.3772850" lon="14.8731570">
    <ele>1207.8</ele>
   </trkpt>
   <trkpt lat="46.3772680" lon="14.8731730">
    <ele>1208.0</ele>
   </trkpt>
   <trkpt lat="46.3772520" lon="14.8731850">
    <ele>1208.0</ele>
   </trkpt>
   <trkpt lat="46.3772330" lon="14.8731970">
    <ele>1208.4</ele>
   </trkpt>
   <trkpt lat="46.3772130" lon="14.8732100">
    <ele>1208.6</ele>
   </trkpt>
   <trkpt lat="46.3771970" lon="14.8732220">
    <ele>1208.6</ele>
   </trkpt>
   <trkpt lat="46.3771800" lon="14.8732370">
    <ele>1209.0</ele>
   </trkpt>
   <trkpt lat="46.3771670" lon="14.8732530">
    <ele>1209.4</ele>
   </trkpt>
   <trkpt lat="46.3771500" lon="14.8732630">
    <ele>1209.6</ele>
   </trkpt>
   <trkpt lat="46.3771320" lon="14.8732820">
    <ele>1209.8</ele>
   </trkpt>
   <trkpt lat="46.3771150" lon="14.8732980">
    <ele>1210.0</ele>
   </trkpt>
   <trkpt lat="46.3770970" lon="14.8733220">
    <ele>1210.4</ele>
   </trkpt>
   <trkpt lat="46.3770830" lon="14.8733470">
    <ele>1210.6</ele>
   </trkpt>
   <trkpt lat="46.3770700" lon="14.8733730">
    <ele>1210.6</ele>
   </trkpt>
   <trkpt lat="46.3770600" lon="14.8733980">
    <ele>1210.8</ele>
   </trkpt>
   <trkpt lat="46.3770480" lon="14.8734320">
    <ele>1211.2</ele>
   </trkpt>
   <trkpt lat="46.3770360" lon="14.8734600">
    <ele>1211.2</ele>
   </trkpt>
   <trkpt lat="46.3770270" lon="14.8734880">
    <ele>1211.4</ele>
   </trkpt>
   <trkpt lat="46.3770170" lon="14.8735120">
    <ele>1211.6</ele>
   </trkpt>
   <trkpt lat="46.3770100" lon="14.8735350">
    <ele>1212.0</ele>
   </trkpt>
   <trkpt lat="46.3770030" lon="14.8735630">
    <ele>1212.2</ele>
   </trkpt>
   <trkpt lat="46.3769980" lon="14.8735920">
    <ele>1212.2</ele>
   </trkpt>
   <trkpt lat="46.3769930" lon="14.8736180">
    <ele>1212.2</ele>
   </trkpt>
   <trkpt lat="46.3769910" lon="14.8736480">
    <ele>1212.6</ele>
   </trkpt>
   <trkpt lat="46.3769910" lon="14.8736770">
    <ele>1212.8</ele>
   </trkpt>
   <trkpt lat="46.3769980" lon="14.8737050">
    <ele>1213.0</ele>
   </trkpt>
   <trkpt lat="46.3770030" lon="14.8737270">
    <ele>1213.0</ele>
   </trkpt>
   <trkpt lat="46.3770030" lon="14.8737270">
    <ele>1213.0</ele>
   </trkpt>
   <trkpt lat="46.3770230" lon="14.8737520">
    <ele>1213.2</ele>
   </trkpt>
   <trkpt lat="46.3770230" lon="14.8737520">
    <ele>1213.4</ele>
   </trkpt>
   <trkpt lat="46.3770350" lon="14.8737870">
    <ele>1213.6</ele>
   </trkpt>
   <trkpt lat="46.3770350" lon="14.8737870">
    <ele>1213.8</ele>
   </trkpt>
   <trkpt lat="46.3770450" lon="14.8738200">
    <ele>1214.0</ele>
   </trkpt>
   <trkpt lat="46.3770450" lon="14.8738200">
    <ele>1214.2</ele>
   </trkpt>
   <trkpt lat="46.3770620" lon="14.8738500">
    <ele>1214.6</ele>
   </trkpt>
   <trkpt lat="46.3770620" lon="14.8738500">
    <ele>1214.8</ele>
   </trkpt>
   <trkpt lat="46.3770830" lon="14.8738780">
    <ele>1215.0</ele>
   </trkpt>
   <trkpt lat="46.3770830" lon="14.8738780">
    <ele>1215.2</ele>
   </trkpt>
   <trkpt lat="46.3771020" lon="14.8739130">
    <ele>1215.4</ele>
   </trkpt>
   <trkpt lat="46.3771020" lon="14.8739130">
    <ele>1215.4</ele>
   </trkpt>
   <trkpt lat="46.3771150" lon="14.8739500">
    <ele>1215.4</ele>
   </trkpt>
   <trkpt lat="46.3771150" lon="14.8739500">
    <ele>1215.4</ele>
   </trkpt>
   <trkpt lat="46.3771180" lon="14.8739870">
    <ele>1215.6</ele>
   </trkpt>
   <trkpt lat="46.3771180" lon="14.8739870">
    <ele>1215.8</ele>
   </trkpt>
   <trkpt lat="46.3771100" lon="14.8740120">
    <ele>1216.2</ele>
   </trkpt>
   <trkpt lat="46.3771100" lon="14.8740120">
    <ele>1216.6</ele>
   </trkpt>
   <trkpt lat="46.3771050" lon="14.8740250">
    <ele>1217.0</ele>
   </trkpt>
   <trkpt lat="46.3771050" lon="14.8740250">
    <ele>1217.6</ele>
   </trkpt>
   <trkpt lat="46.3771050" lon="14.8740250">
    <ele>1218.0</ele>
   </trkpt>
   <trkpt lat="46.3770780" lon="14.8740550">
    <ele>1218.4</ele>
   </trkpt>
   <trkpt lat="46.3770780" lon="14.8740550">
    <ele>1218.8</ele>
   </trkpt>
   <trkpt lat="46.3770730" lon="14.8740930">
    <ele>1218.8</ele>
   </trkpt>
   <trkpt lat="46.3770730" lon="14.8740930">
    <ele>1218.8</ele>
   </trkpt>
   <trkpt lat="46.3770650" lon="14.8741370">
    <ele>1219.0</ele>
   </trkpt>
   <trkpt lat="46.3770650" lon="14.8741370">
    <ele>1219.0</ele>
   </trkpt>
   <trkpt lat="46.3770600" lon="14.8741770">
    <ele>1219.2</ele>
   </trkpt>
   <trkpt lat="46.3770600" lon="14.8741770">
    <ele>1219.4</ele>
   </trkpt>
   <trkpt lat="46.3770580" lon="14.8742130">
    <ele>1219.8</ele>
   </trkpt>
   <trkpt lat="46.3770580" lon="14.8742130">
    <ele>1220.0</ele>
   </trkpt>
   <trkpt lat="46.3770580" lon="14.8742530">
    <ele>1220.4</ele>
   </trkpt>
   <trkpt lat="46.3770580" lon="14.8742530">
    <ele>1220.6</ele>
   </trkpt>
   <trkpt lat="46.3770520" lon="14.8742870">
    <ele>1220.8</ele>
   </trkpt>
   <trkpt lat="46.3770520" lon="14.8742870">
    <ele>1221.0</ele>
   </trkpt>
   <trkpt lat="46.3770500" lon="14.8743230">
    <ele>1221.2</ele>
   </trkpt>
   <trkpt lat="46.3770500" lon="14.8743230">
    <ele>1221.4</ele>
   </trkpt>
   <trkpt lat="46.3770520" lon="14.8743620">
    <ele>1221.8</ele>
   </trkpt>
   <trkpt lat="46.3770520" lon="14.8743620">
    <ele>1221.8</ele>
   </trkpt>
   <trkpt lat="46.3770520" lon="14.8743980">
    <ele>1222.0</ele>
   </trkpt>
   <trkpt lat="46.3770520" lon="14.8743980">
    <ele>1222.4</ele>
   </trkpt>
   <trkpt lat="46.3770480" lon="14.8744280">
    <ele>1222.6</ele>
   </trkpt>
   <trkpt lat="46.3770480" lon="14.8744280">
    <ele>1223.0</ele>
   </trkpt>
   <trkpt lat="46.3770430" lon="14.8744600">
    <ele>1223.2</ele>
   </trkpt>
   <trkpt lat="46.3770430" lon="14.8744600">
    <ele>1223.6</ele>
   </trkpt>
   <trkpt lat="46.3770380" lon="14.8744970">
    <ele>1223.6</ele>
   </trkpt>
   <trkpt lat="46.3770380" lon="14.8744970">
    <ele>1223.8</ele>
   </trkpt>
   <trkpt lat="46.3770380" lon="14.8745320">
    <ele>1224.2</ele>
   </trkpt>
   <trkpt lat="46.3770380" lon="14.8745320">
    <ele>1224.6</ele>
   </trkpt>
   <trkpt lat="46.3770380" lon="14.8745620">
    <ele>1224.8</ele>
   </trkpt>
   <trkpt lat="46.3770380" lon="14.8745620">
    <ele>1225.0</ele>
   </trkpt>
   <trkpt lat="46.3770420" lon="14.8745930">
    <ele>1225.4</ele>
   </trkpt>
   <trkpt lat="46.3770420" lon="14.8745930">
    <ele>1225.6</ele>
   </trkpt>
   <trkpt lat="46.3770430" lon="14.8746230">
    <ele>1225.8</ele>
   </trkpt>
   <trkpt lat="46.3770430" lon="14.8746230">
    <ele>1226.0</ele>
   </trkpt>
   <trkpt lat="46.3770360" lon="14.8746550">
    <ele>1226.2</ele>
   </trkpt>
   <trkpt lat="46.3770360" lon="14.8746550">
    <ele>1226.6</ele>
   </trkpt>
   <trkpt lat="46.3770320" lon="14.8746820">
    <ele>1226.8</ele>
   </trkpt>
   <trkpt lat="46.3770320" lon="14.8746820">
    <ele>1227.4</ele>
   </trkpt>
   <trkpt lat="46.3770320" lon="14.8747100">
    <ele>1227.8</ele>
   </trkpt>
   <trkpt lat="46.3770320" lon="14.8747100">
    <ele>1228.2</ele>
   </trkpt>
   <trkpt lat="46.3770350" lon="14.8747480">
    <ele>1228.2</ele>
   </trkpt>
   <trkpt lat="46.3770350" lon="14.8747480">
    <ele>1229.0</ele>
   </trkpt>
   <trkpt lat="46.3770380" lon="14.8747800">
    <ele>1229.0</ele>
   </trkpt>
   <trkpt lat="46.3770380" lon="14.8747800">
    <ele>1229.0</ele>
   </trkpt>
   <trkpt lat="46.3770380" lon="14.8748120">
    <ele>1229.0</ele>
   </trkpt>
   <trkpt lat="46.3770380" lon="14.8748120">
    <ele>1229.8</ele>
   </trkpt>
   <trkpt lat="46.3770360" lon="14.8748500">
    <ele>1230.2</ele>
   </trkpt>
   <trkpt lat="46.3770360" lon="14.8748500">
    <ele>1230.4</ele>
   </trkpt>
   <trkpt lat="46.3770420" lon="14.8748780">
    <ele>1230.6</ele>
   </trkpt>
   <trkpt lat="46.3770420" lon="14.8748780">
    <ele>1230.8</ele>
   </trkpt>
   <trkpt lat="46.3770430" lon="14.8749100">
    <ele>1230.8</ele>
   </trkpt>
   <trkpt lat="46.3770430" lon="14.8749100">
    <ele>1231.0</ele>
   </trkpt>
   <trkpt lat="46.3770430" lon="14.8749480">
    <ele>1231.4</ele>
   </trkpt>
   <trkpt lat="46.3770430" lon="14.8749480">
    <ele>1231.6</ele>
   </trkpt>
   <trkpt lat="46.3770470" lon="14.8749800">
    <ele>1231.8</ele>
   </trkpt>
   <trkpt lat="46.3770470" lon="14.8749800">
    <ele>1232.0</ele>
   </trkpt>
   <trkpt lat="46.3770470" lon="14.8750220">
    <ele>1232.4</ele>
   </trkpt>
   <trkpt lat="46.3770470" lon="14.8750220">
    <ele>1232.6</ele>
   </trkpt>
   <trkpt lat="46.3770450" lon="14.8750600">
    <ele>1233.0</ele>
   </trkpt>
   <trkpt lat="46.3770450" lon="14.8750600">
    <ele>1233.2</ele>
   </trkpt>
   <trkpt lat="46.3770500" lon="14.8750930">
    <ele>1233.4</ele>
   </trkpt>
   <trkpt lat="46.3770500" lon="14.8750930">
    <ele>1233.8</ele>
   </trkpt>
   <trkpt lat="46.3770520" lon="14.8751180">
    <ele>1234.0</ele>
   </trkpt>
   <trkpt lat="46.3770520" lon="14.8751180">
    <ele>1234.2</ele>
   </trkpt>
   <trkpt lat="46.3770520" lon="14.8751470">
    <ele>1234.6</ele>
   </trkpt>
   <trkpt lat="46.3770520" lon="14.8751470">
    <ele>1234.8</ele>
   </trkpt>
   <trkpt lat="46.3770580" lon="14.8751750">
    <ele>1235.2</ele>
   </trkpt>
   <trkpt lat="46.3770580" lon="14.8751750">
    <ele>1235.6</ele>
   </trkpt>
   <trkpt lat="46.3770600" lon="14.8752020">
    <ele>1235.8</ele>
   </trkpt>
   <trkpt lat="46.3770600" lon="14.8752020">
    <ele>1236.2</ele>
   </trkpt>
   <trkpt lat="46.3770580" lon="14.8752250">
    <ele>1236.4</ele>
   </trkpt>
   <trkpt lat="46.3770580" lon="14.8752250">
    <ele>1236.6</ele>
   </trkpt>
   <trkpt lat="46.3770580" lon="14.8752250">
    <ele>1237.0</ele>
   </trkpt>
   <trkpt lat="46.3770550" lon="14.8752620">
    <ele>1237.6</ele>
   </trkpt>
   <trkpt lat="46.3770550" lon="14.8752620">
    <ele>1237.8</ele>
   </trkpt>
   <trkpt lat="46.3770550" lon="14.8752620">
    <ele>1238.2</ele>
   </trkpt>
   <trkpt lat="46.3770580" lon="14.8753030">
    <ele>1238.2</ele>
   </trkpt>
   <trkpt lat="46.3770580" lon="14.8753030">
    <ele>1238.2</ele>
   </trkpt>
   <trkpt lat="46.3770670" lon="14.8753350">
    <ele>1238.6</ele>
   </trkpt>
   <trkpt lat="46.3770670" lon="14.8753350">
    <ele>1238.8</ele>
   </trkpt>
   <trkpt lat="46.3770770" lon="14.8753670">
    <ele>1239.2</ele>
   </trkpt>
   <trkpt lat="46.3770770" lon="14.8753670">
    <ele>1239.4</ele>
   </trkpt>
   <trkpt lat="46.3770770" lon="14.8754000">
    <ele>1239.8</ele>
   </trkpt>
   <trkpt lat="46.3770770" lon="14.8754000">
    <ele>1239.8</ele>
   </trkpt>
   <trkpt lat="46.3770750" lon="14.8754300">
    <ele>1240.0</ele>
   </trkpt>
   <trkpt lat="46.3770750" lon="14.8754300">
    <ele>1240.2</ele>
   </trkpt>
   <trkpt lat="46.3770750" lon="14.8754620">
    <ele>1240.2</ele>
   </trkpt>
   <trkpt lat="46.3770750" lon="14.8754620">
    <ele>1240.4</ele>
   </trkpt>
   <trkpt lat="46.3770780" lon="14.8754920">
    <ele>1240.8</ele>
   </trkpt>
   <trkpt lat="46.3770780" lon="14.8754920">
    <ele>1241.0</ele>
   </trkpt>
   <trkpt lat="46.3770850" lon="14.8755150">
    <ele>1241.2</ele>
   </trkpt>
   <trkpt lat="46.3770850" lon="14.8755150">
    <ele>1241.6</ele>
   </trkpt>
   <trkpt lat="46.3770920" lon="14.8755480">
    <ele>1241.8</ele>
   </trkpt>
   <trkpt lat="46.3770920" lon="14.8755480">
    <ele>1242.0</ele>
   </trkpt>
   <trkpt lat="46.3771070" lon="14.8755800">
    <ele>1242.4</ele>
   </trkpt>
   <trkpt lat="46.3771070" lon="14.8755800">
    <ele>1242.8</ele>
   </trkpt>
   <trkpt lat="46.3771230" lon="14.8756100">
    <ele>1243.2</ele>
   </trkpt>
   <trkpt lat="46.3771230" lon="14.8756100">
    <ele>1243.6</ele>
   </trkpt>
   <trkpt lat="46.3771430" lon="14.8756330">
    <ele>1243.8</ele>
   </trkpt>
   <trkpt lat="46.3771430" lon="14.8756330">
    <ele>1244.0</ele>
   </trkpt>
   <trkpt lat="46.3771670" lon="14.8756480">
    <ele>1244.0</ele>
   </trkpt>
   <trkpt lat="46.3771670" lon="14.8756480">
    <ele>1244.0</ele>
   </trkpt>
   <trkpt lat="46.3771880" lon="14.8756730">
    <ele>1244.0</ele>
   </trkpt>
   <trkpt lat="46.3771880" lon="14.8756730">
    <ele>1244.2</ele>
   </trkpt>
   <trkpt lat="46.3772100" lon="14.8756970">
    <ele>1244.2</ele>
   </trkpt>
   <trkpt lat="46.3772100" lon="14.8756970">
    <ele>1244.4</ele>
   </trkpt>
   <trkpt lat="46.3772280" lon="14.8757280">
    <ele>1245.0</ele>
   </trkpt>
   <trkpt lat="46.3772280" lon="14.8757280">
    <ele>1245.0</ele>
   </trkpt>
   <trkpt lat="46.3772430" lon="14.8757650">
    <ele>1245.6</ele>
   </trkpt>
   <trkpt lat="46.3772430" lon="14.8757650">
    <ele>1246.0</ele>
   </trkpt>
   <trkpt lat="46.3772620" lon="14.8757950">
    <ele>1246.2</ele>
   </trkpt>
   <trkpt lat="46.3772620" lon="14.8757950">
    <ele>1246.6</ele>
   </trkpt>
   <trkpt lat="46.3772800" lon="14.8758220">
    <ele>1246.8</ele>
   </trkpt>
   <trkpt lat="46.3772800" lon="14.8758220">
    <ele>1247.0</ele>
   </trkpt>
   <trkpt lat="46.3772980" lon="14.8758500">
    <ele>1247.4</ele>
   </trkpt>
   <trkpt lat="46.3772980" lon="14.8758500">
    <ele>1247.4</ele>
   </trkpt>
   <trkpt lat="46.3773220" lon="14.8758780">
    <ele>1247.6</ele>
   </trkpt>
   <trkpt lat="46.3773220" lon="14.8758780">
    <ele>1247.8</ele>
   </trkpt>
   <trkpt lat="46.3773380" lon="14.8759020">
    <ele>1248.2</ele>
   </trkpt>
   <trkpt lat="46.3773380" lon="14.8759020">
    <ele>1248.6</ele>
   </trkpt>
   <trkpt lat="46.3773470" lon="14.8759250">
    <ele>1248.6</ele>
   </trkpt>
   <trkpt lat="46.3773470" lon="14.8759250">
    <ele>1248.8</ele>
   </trkpt>
   <trkpt lat="46.3773570" lon="14.8759570">
    <ele>1249.4</ele>
   </trkpt>
   <trkpt lat="46.3773570" lon="14.8759570">
    <ele>1249.6</ele>
   </trkpt>
   <trkpt lat="46.3773780" lon="14.8759730">
    <ele>1249.6</ele>
   </trkpt>
   <trkpt lat="46.3773780" lon="14.8759730">
    <ele>1249.8</ele>
   </trkpt>
   <trkpt lat="46.3773950" lon="14.8759970">
    <ele>1250.0</ele>
   </trkpt>
   <trkpt lat="46.3773950" lon="14.8759970">
    <ele>1250.4</ele>
   </trkpt>
   <trkpt lat="46.3774080" lon="14.8760280">
    <ele>1250.6</ele>
   </trkpt>
   <trkpt lat="46.3774080" lon="14.8760280">
    <ele>1250.6</ele>
   </trkpt>
   <trkpt lat="46.3774280" lon="14.8760550">
    <ele>1250.6</ele>
   </trkpt>
   <trkpt lat="46.3774280" lon="14.8760550">
    <ele>1250.8</ele>
   </trkpt>
   <trkpt lat="46.3774470" lon="14.8760800">
    <ele>1250.8</ele>
   </trkpt>
   <trkpt lat="46.3774470" lon="14.8760800">
    <ele>1251.0</ele>
   </trkpt>
   <trkpt lat="46.3774620" lon="14.8761020">
    <ele>1251.0</ele>
   </trkpt>
   <trkpt lat="46.3774620" lon="14.8761020">
    <ele>1251.4</ele>
   </trkpt>
   <trkpt lat="46.3774770" lon="14.8761270">
    <ele>1251.6</ele>
   </trkpt>
   <trkpt lat="46.3774770" lon="14.8761270">
    <ele>1251.8</ele>
   </trkpt>
   <trkpt lat="46.3774880" lon="14.8761530">
    <ele>1251.8</ele>
   </trkpt>
   <trkpt lat="46.3774880" lon="14.8761530">
    <ele>1252.2</ele>
   </trkpt>
   <trkpt lat="46.3774900" lon="14.8761900">
    <ele>1252.4</ele>
   </trkpt>
   <trkpt lat="46.3774900" lon="14.8761900">
    <ele>1252.6</ele>
   </trkpt>
   <trkpt lat="46.3774930" lon="14.8762250">
    <ele>1253.0</ele>
   </trkpt>
   <trkpt lat="46.3774930" lon="14.8762250">
    <ele>1253.2</ele>
   </trkpt>
   <trkpt lat="46.3774920" lon="14.8762580">
    <ele>1253.4</ele>
   </trkpt>
   <trkpt lat="46.3774920" lon="14.8762580">
    <ele>1253.6</ele>
   </trkpt>
   <trkpt lat="46.3774930" lon="14.8762930">
    <ele>1253.8</ele>
   </trkpt>
   <trkpt lat="46.3774930" lon="14.8762930">
    <ele>1254.2</ele>
   </trkpt>
   <trkpt lat="46.3774880" lon="14.8763230">
    <ele>1254.4</ele>
   </trkpt>
   <trkpt lat="46.3774880" lon="14.8763230">
    <ele>1254.4</ele>
   </trkpt>
   <trkpt lat="46.3774870" lon="14.8763580">
    <ele>1254.6</ele>
   </trkpt>
   <trkpt lat="46.3774870" lon="14.8763580">
    <ele>1255.0</ele>
   </trkpt>
   <trkpt lat="46.3774850" lon="14.8763950">
    <ele>1255.0</ele>
   </trkpt>
   <trkpt lat="46.3774850" lon="14.8763950">
    <ele>1255.2</ele>
   </trkpt>
   <trkpt lat="46.3774820" lon="14.8764330">
    <ele>1255.6</ele>
   </trkpt>
   <trkpt lat="46.3774820" lon="14.8764330">
    <ele>1255.8</ele>
   </trkpt>
   <trkpt lat="46.3774780" lon="14.8764630">
    <ele>1256.4</ele>
   </trkpt>
   <trkpt lat="46.3774780" lon="14.8764630">
    <ele>1256.6</ele>
   </trkpt>
   <trkpt lat="46.3774730" lon="14.8764880">
    <ele>1256.6</ele>
   </trkpt>
   <trkpt lat="46.3774730" lon="14.8764880">
    <ele>1256.8</ele>
   </trkpt>
   <trkpt lat="46.3774670" lon="14.8765130">
    <ele>1256.8</ele>
   </trkpt>
   <trkpt lat="46.3774670" lon="14.8765130">
    <ele>1257.0</ele>
   </trkpt>
   <trkpt lat="46.3774670" lon="14.8765130">
    <ele>1257.4</ele>
   </trkpt>
   <trkpt lat="46.3774600" lon="14.8765470">
    <ele>1257.8</ele>
   </trkpt>
   <trkpt lat="46.3774600" lon="14.8765470">
    <ele>1258.0</ele>
   </trkpt>
   <trkpt lat="46.3774600" lon="14.8765470">
    <ele>1258.4</ele>
   </trkpt>
   <trkpt lat="46.3774500" lon="14.8765870">
    <ele>1258.6</ele>
   </trkpt>
   <trkpt lat="46.3774500" lon="14.8765870">
    <ele>1258.8</ele>
   </trkpt>
   <trkpt lat="46.3774430" lon="14.8766170">
    <ele>1259.0</ele>
   </trkpt>
   <trkpt lat="46.3774430" lon="14.8766170">
    <ele>1259.2</ele>
   </trkpt>
   <trkpt lat="46.3774280" lon="14.8766500">
    <ele>1259.4</ele>
   </trkpt>
   <trkpt lat="46.3774280" lon="14.8766500">
    <ele>1259.8</ele>
   </trkpt>
   <trkpt lat="46.3774120" lon="14.8766820">
    <ele>1260.0</ele>
   </trkpt>
   <trkpt lat="46.3774120" lon="14.8766820">
    <ele>1260.0</ele>
   </trkpt>
   <trkpt lat="46.3773970" lon="14.8767150">
    <ele>1260.4</ele>
   </trkpt>
   <trkpt lat="46.3773970" lon="14.8767150">
    <ele>1260.6</ele>
   </trkpt>
   <trkpt lat="46.3773750" lon="14.8767420">
    <ele>1260.8</ele>
   </trkpt>
   <trkpt lat="46.3773750" lon="14.8767420">
    <ele>1261.0</ele>
   </trkpt>
   <trkpt lat="46.3773570" lon="14.8767650">
    <ele>1261.0</ele>
   </trkpt>
   <trkpt lat="46.3773570" lon="14.8767650">
    <ele>1261.2</ele>
   </trkpt>
   <trkpt lat="46.3773380" lon="14.8767930">
    <ele>1261.4</ele>
   </trkpt>
   <trkpt lat="46.3773380" lon="14.8767930">
    <ele>1261.4</ele>
   </trkpt>
   <trkpt lat="46.3773200" lon="14.8768200">
    <ele>1261.6</ele>
   </trkpt>
   <trkpt lat="46.3773200" lon="14.8768200">
    <ele>1262.0</ele>
   </trkpt>
   <trkpt lat="46.3773030" lon="14.8768400">
    <ele>1262.4</ele>
   </trkpt>
   <trkpt lat="46.3773030" lon="14.8768400">
    <ele>1262.4</ele>
   </trkpt>
   <trkpt lat="46.3772750" lon="14.8768470">
    <ele>1262.6</ele>
   </trkpt>
   <trkpt lat="46.3772750" lon="14.8768470">
    <ele>1262.8</ele>
   </trkpt>
   <trkpt lat="46.3772530" lon="14.8768630">
    <ele>1263.0</ele>
   </trkpt>
   <trkpt lat="46.3772530" lon="14.8768630">
    <ele>1263.2</ele>
   </trkpt>
   <trkpt lat="46.3772300" lon="14.8768920">
    <ele>1263.4</ele>
   </trkpt>
   <trkpt lat="46.3772300" lon="14.8768920">
    <ele>1263.4</ele>
   </trkpt>
   <trkpt lat="46.3772120" lon="14.8769170">
    <ele>1263.4</ele>
   </trkpt>
   <trkpt lat="46.3772120" lon="14.8769170">
    <ele>1263.6</ele>
   </trkpt>
   <trkpt lat="46.3771920" lon="14.8769420">
    <ele>1263.8</ele>
   </trkpt>
   <trkpt lat="46.3771920" lon="14.8769420">
    <ele>1264.2</ele>
   </trkpt>
   <trkpt lat="46.3771650" lon="14.8769630">
    <ele>1264.6</ele>
   </trkpt>
   <trkpt lat="46.3771650" lon="14.8769630">
    <ele>1265.0</ele>
   </trkpt>
   <trkpt lat="46.3771430" lon="14.8769870">
    <ele>1265.2</ele>
   </trkpt>
   <trkpt lat="46.3771430" lon="14.8769870">
    <ele>1265.6</ele>
   </trkpt>
   <trkpt lat="46.3771280" lon="14.8770030">
    <ele>1265.8</ele>
   </trkpt>
   <trkpt lat="46.3771280" lon="14.8770030">
    <ele>1266.2</ele>
   </trkpt>
   <trkpt lat="46.3771070" lon="14.8770280">
    <ele>1266.4</ele>
   </trkpt>
   <trkpt lat="46.3771070" lon="14.8770280">
    <ele>1266.4</ele>
   </trkpt>
   <trkpt lat="46.3770880" lon="14.8770530">
    <ele>1266.6</ele>
   </trkpt>
   <trkpt lat="46.3770880" lon="14.8770530">
    <ele>1266.8</ele>
   </trkpt>
   <trkpt lat="46.3770780" lon="14.8770870">
    <ele>1267.2</ele>
   </trkpt>
   <trkpt lat="46.3770780" lon="14.8770870">
    <ele>1267.2</ele>
   </trkpt>
   <trkpt lat="46.3770650" lon="14.8771180">
    <ele>1267.4</ele>
   </trkpt>
   <trkpt lat="46.3770650" lon="14.8771180">
    <ele>1267.8</ele>
   </trkpt>
   <trkpt lat="46.3770530" lon="14.8771520">
    <ele>1268.2</ele>
   </trkpt>
   <trkpt lat="46.3770530" lon="14.8771520">
    <ele>1268.6</ele>
   </trkpt>
   <trkpt lat="46.3770430" lon="14.8771780">
    <ele>1268.8</ele>
   </trkpt>
   <trkpt lat="46.3770430" lon="14.8771780">
    <ele>1268.8</ele>
   </trkpt>
   <trkpt lat="46.3770360" lon="14.8772100">
    <ele>1269.2</ele>
   </trkpt>
   <trkpt lat="46.3770360" lon="14.8772100">
    <ele>1269.6</ele>
   </trkpt>
   <trkpt lat="46.3770250" lon="14.8772350">
    <ele>1269.6</ele>
   </trkpt>
   <trkpt lat="46.3770250" lon="14.8772350">
    <ele>1269.8</ele>
   </trkpt>
   <trkpt lat="46.3770120" lon="14.8772630">
    <ele>1270.0</ele>
   </trkpt>
   <trkpt lat="46.3770120" lon="14.8772630">
    <ele>1270.2</ele>
   </trkpt>
   <trkpt lat="46.3769980" lon="14.8772950">
    <ele>1270.2</ele>
   </trkpt>
   <trkpt lat="46.3769980" lon="14.8772950">
    <ele>1270.4</ele>
   </trkpt>
   <trkpt lat="46.3769820" lon="14.8773230">
    <ele>1270.6</ele>
   </trkpt>
   <trkpt lat="46.3769820" lon="14.8773230">
    <ele>1270.8</ele>
   </trkpt>
   <trkpt lat="46.3769650" lon="14.8773500">
    <ele>1270.8</ele>
   </trkpt>
   <trkpt lat="46.3769650" lon="14.8773500">
    <ele>1271.2</ele>
   </trkpt>
   <trkpt lat="46.3769550" lon="14.8773770">
    <ele>1271.6</ele>
   </trkpt>
   <trkpt lat="46.3769550" lon="14.8773770">
    <ele>1271.6</ele>
   </trkpt>
   <trkpt lat="46.3769430" lon="14.8774030">
    <ele>1272.2</ele>
   </trkpt>
   <trkpt lat="46.3769430" lon="14.8774030">
    <ele>1272.8</ele>
   </trkpt>
   <trkpt lat="46.3769180" lon="14.8774270">
    <ele>1273.0</ele>
   </trkpt>
   <trkpt lat="46.3769180" lon="14.8774270">
    <ele>1273.0</ele>
   </trkpt>
   <trkpt lat="46.3769020" lon="14.8774580">
    <ele>1273.6</ele>
   </trkpt>
   <trkpt lat="46.3769020" lon="14.8774580">
    <ele>1273.8</ele>
   </trkpt>
   <trkpt lat="46.3768950" lon="14.8774900">
    <ele>1274.2</ele>
   </trkpt>
   <trkpt lat="46.3768950" lon="14.8774900">
    <ele>1274.4</ele>
   </trkpt>
   <trkpt lat="46.3768900" lon="14.8775220">
    <ele>1274.4</ele>
   </trkpt>
   <trkpt lat="46.3768900" lon="14.8775220">
    <ele>1275.0</ele>
   </trkpt>
   <trkpt lat="46.3768820" lon="14.8775550">
    <ele>1275.2</ele>
   </trkpt>
   <trkpt lat="46.3768820" lon="14.8775550">
    <ele>1275.6</ele>
   </trkpt>
   <trkpt lat="46.3768770" lon="14.8775800">
    <ele>1275.8</ele>
   </trkpt>
   <trkpt lat="46.3768770" lon="14.8775800">
    <ele>1276.2</ele>
   </trkpt>
   <trkpt lat="46.3768630" lon="14.8776030">
    <ele>1276.8</ele>
   </trkpt>
   <trkpt lat="46.3768630" lon="14.8776030">
    <ele>1277.0</ele>
   </trkpt>
   <trkpt lat="46.3768500" lon="14.8776270">
    <ele>1277.0</ele>
   </trkpt>
   <trkpt lat="46.3768500" lon="14.8776270">
    <ele>1277.2</ele>
   </trkpt>
   <trkpt lat="46.3768420" lon="14.8776580">
    <ele>1277.4</ele>
   </trkpt>
   <trkpt lat="46.3768420" lon="14.8776580">
    <ele>1277.8</ele>
   </trkpt>
   <trkpt lat="46.3768400" lon="14.8776850">
    <ele>1278.0</ele>
   </trkpt>
   <trkpt lat="46.3768400" lon="14.8776850">
    <ele>1278.2</ele>
   </trkpt>
   <trkpt lat="46.3768300" lon="14.8777200">
    <ele>1278.4</ele>
   </trkpt>
   <trkpt lat="46.3768300" lon="14.8777200">
    <ele>1278.8</ele>
   </trkpt>
   <trkpt lat="46.3768170" lon="14.8777480">
    <ele>1279.2</ele>
   </trkpt>
   <trkpt lat="46.3768170" lon="14.8777480">
    <ele>1279.4</ele>
   </trkpt>
   <trkpt lat="46.3768150" lon="14.8777850">
    <ele>1279.8</ele>
   </trkpt>
   <trkpt lat="46.3768150" lon="14.8777850">
    <ele>1280.2</ele>
   </trkpt>
   <trkpt lat="46.3768070" lon="14.8778130">
    <ele>1280.2</ele>
   </trkpt>
   <trkpt lat="46.3768070" lon="14.8778130">
    <ele>1280.6</ele>
   </trkpt>
   <trkpt lat="46.3767970" lon="14.8778420">
    <ele>1280.8</ele>
   </trkpt>
   <trkpt lat="46.3767970" lon="14.8778420">
    <ele>1281.0</ele>
   </trkpt>
   <trkpt lat="46.3767870" lon="14.8778750">
    <ele>1281.2</ele>
   </trkpt>
   <trkpt lat="46.3767870" lon="14.8778750">
    <ele>1281.6</ele>
   </trkpt>
   <trkpt lat="46.3767830" lon="14.8778980">
    <ele>1281.8</ele>
   </trkpt>
   <trkpt lat="46.3767830" lon="14.8778980">
    <ele>1282.2</ele>
   </trkpt>
   <trkpt lat="46.3767730" lon="14.8779170">
    <ele>1282.6</ele>
   </trkpt>
   <trkpt lat="46.3767730" lon="14.8779170">
    <ele>1283.0</ele>
   </trkpt>
   <trkpt lat="46.3767620" lon="14.8779470">
    <ele>1283.4</ele>
   </trkpt>
   <trkpt lat="46.3767620" lon="14.8779470">
    <ele>1283.4</ele>
   </trkpt>
   <trkpt lat="46.3767480" lon="14.8779830">
    <ele>1283.4</ele>
   </trkpt>
   <trkpt lat="46.3767480" lon="14.8779830">
    <ele>1283.6</ele>
   </trkpt>
   <trkpt lat="46.3767450" lon="14.8780130">
    <ele>1283.8</ele>
   </trkpt>
   <trkpt lat="46.3767450" lon="14.8780130">
    <ele>1284.2</ele>
   </trkpt>
   <trkpt lat="46.3767420" lon="14.8780500">
    <ele>1284.4</ele>
   </trkpt>
   <trkpt lat="46.3767420" lon="14.8780500">
    <ele>1284.8</ele>
   </trkpt>
   <trkpt lat="46.3767380" lon="14.8780780">
    <ele>1285.0</ele>
   </trkpt>
   <trkpt lat="46.3767380" lon="14.8780780">
    <ele>1285.4</ele>
   </trkpt>
   <trkpt lat="46.3767320" lon="14.8780980">
    <ele>1285.6</ele>
   </trkpt>
   <trkpt lat="46.3767320" lon="14.8780980">
    <ele>1286.0</ele>
   </trkpt>
   <trkpt lat="46.3767320" lon="14.8780980">
    <ele>1286.2</ele>
   </trkpt>
   <trkpt lat="46.3767280" lon="14.8781270">
    <ele>1286.4</ele>
   </trkpt>
   <trkpt lat="46.3767280" lon="14.8781270">
    <ele>1286.8</ele>
   </trkpt>
   <trkpt lat="46.3767280" lon="14.8781270">
    <ele>1287.0</ele>
   </trkpt>
   <trkpt lat="46.3767180" lon="14.8781570">
    <ele>1287.2</ele>
   </trkpt>
   <trkpt lat="46.3767180" lon="14.8781570">
    <ele>1287.6</ele>
   </trkpt>
   <trkpt lat="46.3767180" lon="14.8781570">
    <ele>1287.6</ele>
   </trkpt>
   <trkpt lat="46.3767070" lon="14.8781870">
    <ele>1287.6</ele>
   </trkpt>
   <trkpt lat="46.3767070" lon="14.8781870">
    <ele>1287.6</ele>
   </trkpt>
   <trkpt lat="46.3767070" lon="14.8781870">
    <ele>1288.2</ele>
   </trkpt>
   <trkpt lat="46.3767000" lon="14.8782250">
    <ele>1288.4</ele>
   </trkpt>
   <trkpt lat="46.3767000" lon="14.8782250">
    <ele>1288.6</ele>
   </trkpt>
   <trkpt lat="46.3766870" lon="14.8782500">
    <ele>1288.8</ele>
   </trkpt>
   <trkpt lat="46.3766870" lon="14.8782500">
    <ele>1289.2</ele>
   </trkpt>
   <trkpt lat="46.3766730" lon="14.8782770">
    <ele>1289.2</ele>
   </trkpt>
   <trkpt lat="46.3766730" lon="14.8782770">
    <ele>1290.0</ele>
   </trkpt>
   <trkpt lat="46.3766650" lon="14.8783000">
    <ele>1290.0</ele>
   </trkpt>
   <trkpt lat="46.3766650" lon="14.8783000">
    <ele>1290.4</ele>
   </trkpt>
   <trkpt lat="46.3766600" lon="14.8783230">
    <ele>1290.6</ele>
   </trkpt>
   <trkpt lat="46.3766600" lon="14.8783230">
    <ele>1291.0</ele>
   </trkpt>
   <trkpt lat="46.3766580" lon="14.8783600">
    <ele>1291.4</ele>
   </trkpt>
   <trkpt lat="46.3766580" lon="14.8783600">
    <ele>1291.6</ele>
   </trkpt>
   <trkpt lat="46.3766480" lon="14.8783950">
    <ele>1292.0</ele>
   </trkpt>
   <trkpt lat="46.3766480" lon="14.8783950">
    <ele>1292.2</ele>
   </trkpt>
   <trkpt lat="46.3766380" lon="14.8784250">
    <ele>1292.6</ele>
   </trkpt>
   <trkpt lat="46.3766380" lon="14.8784250">
    <ele>1292.8</ele>
   </trkpt>
   <trkpt lat="46.3766280" lon="14.8784600">
    <ele>1293.2</ele>
   </trkpt>
   <trkpt lat="46.3766280" lon="14.8784600">
    <ele>1293.6</ele>
   </trkpt>
   <trkpt lat="46.3766180" lon="14.8784900">
    <ele>1293.6</ele>
   </trkpt>
   <trkpt lat="46.3766180" lon="14.8784900">
    <ele>1294.0</ele>
   </trkpt>
   <trkpt lat="46.3765950" lon="14.8785150">
    <ele>1294.0</ele>
   </trkpt>
   <trkpt lat="46.3765950" lon="14.8785150">
    <ele>1294.2</ele>
   </trkpt>
   <trkpt lat="46.3765870" lon="14.8785400">
    <ele>1294.6</ele>
   </trkpt>
   <trkpt lat="46.3765870" lon="14.8785400">
    <ele>1294.6</ele>
   </trkpt>
   <trkpt lat="46.3765720" lon="14.8785780">
    <ele>1295.0</ele>
   </trkpt>
   <trkpt lat="46.3765720" lon="14.8785780">
    <ele>1295.4</ele>
   </trkpt>
   <trkpt lat="46.3765650" lon="14.8786200">
    <ele>1295.6</ele>
   </trkpt>
   <trkpt lat="46.3765650" lon="14.8786200">
    <ele>1296.0</ele>
   </trkpt>
   <trkpt lat="46.3765570" lon="14.8786620">
    <ele>1296.0</ele>
   </trkpt>
   <trkpt lat="46.3765570" lon="14.8786620">
    <ele>1296.4</ele>
   </trkpt>
   <trkpt lat="46.3765570" lon="14.8787100">
    <ele>1296.6</ele>
   </trkpt>
   <trkpt lat="46.3765570" lon="14.8787100">
    <ele>1296.8</ele>
   </trkpt>
   <trkpt lat="46.3765650" lon="14.8787570">
    <ele>1296.8</ele>
   </trkpt>
   <trkpt lat="46.3765650" lon="14.8787570">
    <ele>1297.2</ele>
   </trkpt>
   <trkpt lat="46.3765550" lon="14.8788070">
    <ele>1297.4</ele>
   </trkpt>
   <trkpt lat="46.3765550" lon="14.8788070">
    <ele>1297.6</ele>
   </trkpt>
   <trkpt lat="46.3765420" lon="14.8788530">
    <ele>1298.0</ele>
   </trkpt>
   <trkpt lat="46.3765420" lon="14.8788530">
    <ele>1298.0</ele>
   </trkpt>
   <trkpt lat="46.3765330" lon="14.8788930">
    <ele>1298.0</ele>
   </trkpt>
   <trkpt lat="46.3765330" lon="14.8788930">
    <ele>1298.4</ele>
   </trkpt>
   <trkpt lat="46.3765270" lon="14.8789320">
    <ele>1298.4</ele>
   </trkpt>
   <trkpt lat="46.3765270" lon="14.8789320">
    <ele>1298.6</ele>
   </trkpt>
   <trkpt lat="46.3765120" lon="14.8789780">
    <ele>1298.8</ele>
   </trkpt>
   <trkpt lat="46.3765120" lon="14.8789780">
    <ele>1299.0</ele>
   </trkpt>
   <trkpt lat="46.3764950" lon="14.8790300">
    <ele>1299.0</ele>
   </trkpt>
   <trkpt lat="46.3764850" lon="14.8790550">
    <ele>1299.2</ele>
   </trkpt>
   <trkpt lat="46.3764730" lon="14.8790780">
    <ele>1299.8</ele>
   </trkpt>
   <trkpt lat="46.3764680" lon="14.8791050">
    <ele>1299.8</ele>
   </trkpt>
   <trkpt lat="46.3764600" lon="14.8791300">
    <ele>1300.0</ele>
   </trkpt>
   <trkpt lat="46.3764500" lon="14.8791530">
    <ele>1300.0</ele>
   </trkpt>
   <trkpt lat="46.3764450" lon="14.8791750">
    <ele>1300.0</ele>
   </trkpt>
   <trkpt lat="46.3764420" lon="14.8792070">
    <ele>1300.2</ele>
   </trkpt>
   <trkpt lat="46.3764370" lon="14.8792370">
    <ele>1300.4</ele>
   </trkpt>
   <trkpt lat="46.3764250" lon="14.8792650">
    <ele>1300.6</ele>
   </trkpt>
   <trkpt lat="46.3764180" lon="14.8792830">
    <ele>1300.6</ele>
   </trkpt>
   <trkpt lat="46.3764120" lon="14.8792980">
    <ele>1301.0</ele>
   </trkpt>
   <trkpt lat="46.3764120" lon="14.8792980">
    <ele>1301.0</ele>
   </trkpt>
   <trkpt lat="46.3764100" lon="14.8793350">
    <ele>1301.2</ele>
   </trkpt>
   <trkpt lat="46.3764100" lon="14.8793350">
    <ele>1301.6</ele>
   </trkpt>
   <trkpt lat="46.3764020" lon="14.8793650">
    <ele>1302.0</ele>
   </trkpt>
   <trkpt lat="46.3764020" lon="14.8793650">
    <ele>1302.2</ele>
   </trkpt>
   <trkpt lat="46.3763870" lon="14.8794080">
    <ele>1302.4</ele>
   </trkpt>
   <trkpt lat="46.3763870" lon="14.8794080">
    <ele>1302.8</ele>
   </trkpt>
   <trkpt lat="46.3763650" lon="14.8794630">
    <ele>1303.0</ele>
   </trkpt>
   <trkpt lat="46.3763550" lon="14.8794870">
    <ele>1303.0</ele>
   </trkpt>
   <trkpt lat="46.3763430" lon="14.8795170">
    <ele>1303.2</ele>
   </trkpt>
   <trkpt lat="46.3763270" lon="14.8795520">
    <ele>1303.4</ele>
   </trkpt>
   <trkpt lat="46.3763200" lon="14.8795830">
    <ele>1303.4</ele>
   </trkpt>
   <trkpt lat="46.3763080" lon="14.8796180">
    <ele>1304.0</ele>
   </trkpt>
   <trkpt lat="46.3763020" lon="14.8796370">
    <ele>1304.0</ele>
   </trkpt>
   <trkpt lat="46.3762930" lon="14.8796630">
    <ele>1304.4</ele>
   </trkpt>
   <trkpt lat="46.3762920" lon="14.8796880">
    <ele>1304.6</ele>
   </trkpt>
   <trkpt lat="46.3762870" lon="14.8797120">
    <ele>1304.8</ele>
   </trkpt>
   <trkpt lat="46.3762870" lon="14.8797120">
    <ele>1304.8</ele>
   </trkpt>
   <trkpt lat="46.3762820" lon="14.8797530">
    <ele>1305.0</ele>
   </trkpt>
   <trkpt lat="46.3762820" lon="14.8797530">
    <ele>1305.2</ele>
   </trkpt>
   <trkpt lat="46.3762680" lon="14.8797820">
    <ele>1305.4</ele>
   </trkpt>
   <trkpt lat="46.3762680" lon="14.8797820">
    <ele>1305.6</ele>
   </trkpt>
   <trkpt lat="46.3762520" lon="14.8798030">
    <ele>1305.8</ele>
   </trkpt>
   <trkpt lat="46.3762520" lon="14.8798030">
    <ele>1305.8</ele>
   </trkpt>
   <trkpt lat="46.3762200" lon="14.8798300">
    <ele>1306.0</ele>
   </trkpt>
   <trkpt lat="46.3762200" lon="14.8798300">
    <ele>1306.0</ele>
   </trkpt>
   <trkpt lat="46.3762000" lon="14.8798500">
    <ele>1306.2</ele>
   </trkpt>
   <trkpt lat="46.3762000" lon="14.8798500">
    <ele>1306.6</ele>
   </trkpt>
   <trkpt lat="46.3761900" lon="14.8798750">
    <ele>1306.8</ele>
   </trkpt>
   <trkpt lat="46.3761900" lon="14.8798750">
    <ele>1307.2</ele>
   </trkpt>
   <trkpt lat="46.3761880" lon="14.8799130">
    <ele>1307.4</ele>
   </trkpt>
   <trkpt lat="46.3761880" lon="14.8799130">
    <ele>1307.6</ele>
   </trkpt>
   <trkpt lat="46.3761750" lon="14.8799400">
    <ele>1307.8</ele>
   </trkpt>
   <trkpt lat="46.3761750" lon="14.8799400">
    <ele>1308.0</ele>
   </trkpt>
   <trkpt lat="46.3761670" lon="14.8799770">
    <ele>1308.4</ele>
   </trkpt>
   <trkpt lat="46.3761670" lon="14.8799770">
    <ele>1308.4</ele>
   </trkpt>
   <trkpt lat="46.3761530" lon="14.8800050">
    <ele>1308.8</ele>
   </trkpt>
   <trkpt lat="46.3761530" lon="14.8800050">
    <ele>1309.0</ele>
   </trkpt>
   <trkpt lat="46.3761470" lon="14.8800450">
    <ele>1309.2</ele>
   </trkpt>
   <trkpt lat="46.3761470" lon="14.8800450">
    <ele>1309.6</ele>
   </trkpt>
   <trkpt lat="46.3761370" lon="14.8800780">
    <ele>1309.8</ele>
   </trkpt>
   <trkpt lat="46.3761370" lon="14.8800780">
    <ele>1310.2</ele>
   </trkpt>
   <trkpt lat="46.3760980" lon="14.8800920">
    <ele>1310.4</ele>
   </trkpt>
   <trkpt lat="46.3760980" lon="14.8800920">
    <ele>1310.6</ele>
   </trkpt>
   <trkpt lat="46.3760850" lon="14.8801220">
    <ele>1310.8</ele>
   </trkpt>
   <trkpt lat="46.3760850" lon="14.8801220">
    <ele>1311.0</ele>
   </trkpt>
   <trkpt lat="46.3760830" lon="14.8801480">
    <ele>1311.2</ele>
   </trkpt>
   <trkpt lat="46.3760830" lon="14.8801480">
    <ele>1311.4</ele>
   </trkpt>
   <trkpt lat="46.3760800" lon="14.8801800">
    <ele>1311.6</ele>
   </trkpt>
   <trkpt lat="46.3760800" lon="14.8801800">
    <ele>1312.0</ele>
   </trkpt>
   <trkpt lat="46.3760800" lon="14.8801800">
    <ele>1312.2</ele>
   </trkpt>
   <trkpt lat="46.3760670" lon="14.8802080">
    <ele>1312.2</ele>
   </trkpt>
   <trkpt lat="46.3760670" lon="14.8802080">
    <ele>1312.6</ele>
   </trkpt>
   <trkpt lat="46.3760670" lon="14.8802080">
    <ele>1312.8</ele>
   </trkpt>
   <trkpt lat="46.3760520" lon="14.8802420">
    <ele>1313.0</ele>
   </trkpt>
   <trkpt lat="46.3760520" lon="14.8802420">
    <ele>1313.2</ele>
   </trkpt>
   <trkpt lat="46.3760350" lon="14.8802670">
    <ele>1313.4</ele>
   </trkpt>
   <trkpt lat="46.3760350" lon="14.8802670">
    <ele>1313.6</ele>
   </trkpt>
   <trkpt lat="46.3760230" lon="14.8802880">
    <ele>1314.0</ele>
   </trkpt>
   <trkpt lat="46.3760230" lon="14.8802880">
    <ele>1314.2</ele>
   </trkpt>
   <trkpt lat="46.3760170" lon="14.8803180">
    <ele>1314.4</ele>
   </trkpt>
   <trkpt lat="46.3760170" lon="14.8803180">
    <ele>1314.8</ele>
   </trkpt>
   <trkpt lat="46.3760170" lon="14.8803450">
    <ele>1315.0</ele>
   </trkpt>
   <trkpt lat="46.3760170" lon="14.8803450">
    <ele>1315.4</ele>
   </trkpt>
   <trkpt lat="46.3760070" lon="14.8803950">
    <ele>1315.6</ele>
   </trkpt>
   <trkpt lat="46.3760070" lon="14.8803950">
    <ele>1315.8</ele>
   </trkpt>
   <trkpt lat="46.3759970" lon="14.8804270">
    <ele>1316.2</ele>
   </trkpt>
   <trkpt lat="46.3759970" lon="14.8804270">
    <ele>1316.4</ele>
   </trkpt>
   <trkpt lat="46.3759870" lon="14.8804570">
    <ele>1316.8</ele>
   </trkpt>
   <trkpt lat="46.3759870" lon="14.8804570">
    <ele>1317.0</ele>
   </trkpt>
   <trkpt lat="46.3759700" lon="14.8804850">
    <ele>1317.2</ele>
   </trkpt>
   <trkpt lat="46.3759700" lon="14.8804850">
    <ele>1317.8</ele>
   </trkpt>
   <trkpt lat="46.3759550" lon="14.8805170">
    <ele>1318.0</ele>
   </trkpt>
   <trkpt lat="46.3759550" lon="14.8805170">
    <ele>1318.2</ele>
   </trkpt>
   <trkpt lat="46.3759470" lon="14.8805370">
    <ele>1318.4</ele>
   </trkpt>
   <trkpt lat="46.3759470" lon="14.8805370">
    <ele>1318.6</ele>
   </trkpt>
   <trkpt lat="46.3759420" lon="14.8805770">
    <ele>1319.2</ele>
   </trkpt>
   <trkpt lat="46.3759420" lon="14.8805770">
    <ele>1319.4</ele>
   </trkpt>
   <trkpt lat="46.3759350" lon="14.8806230">
    <ele>1319.4</ele>
   </trkpt>
   <trkpt lat="46.3759350" lon="14.8806230">
    <ele>1319.8</ele>
   </trkpt>
   <trkpt lat="46.3759330" lon="14.8806600">
    <ele>1320.0</ele>
   </trkpt>
   <trkpt lat="46.3759330" lon="14.8806600">
    <ele>1320.2</ele>
   </trkpt>
   <trkpt lat="46.3759180" lon="14.8806900">
    <ele>1320.2</ele>
   </trkpt>
   <trkpt lat="46.3759180" lon="14.8806900">
    <ele>1320.6</ele>
   </trkpt>
   <trkpt lat="46.3758980" lon="14.8807230">
    <ele>1321.0</ele>
   </trkpt>
   <trkpt lat="46.3758980" lon="14.8807230">
    <ele>1321.2</ele>
   </trkpt>
   <trkpt lat="46.3758780" lon="14.8807470">
    <ele>1321.6</ele>
   </trkpt>
   <trkpt lat="46.3758780" lon="14.8807470">
    <ele>1321.8</ele>
   </trkpt>
   <trkpt lat="46.3758670" lon="14.8807750">
    <ele>1322.0</ele>
   </trkpt>
   <trkpt lat="46.3758670" lon="14.8807750">
    <ele>1322.4</ele>
   </trkpt>
   <trkpt lat="46.3758520" lon="14.8807970">
    <ele>1322.6</ele>
   </trkpt>
   <trkpt lat="46.3758520" lon="14.8807970">
    <ele>1322.8</ele>
   </trkpt>
   <trkpt lat="46.3758320" lon="14.8808250">
    <ele>1323.0</ele>
   </trkpt>
   <trkpt lat="46.3758320" lon="14.8808250">
    <ele>1323.2</ele>
   </trkpt>
   <trkpt lat="46.3758170" lon="14.8808530">
    <ele>1323.4</ele>
   </trkpt>
   <trkpt lat="46.3758170" lon="14.8808530">
    <ele>1323.6</ele>
   </trkpt>
   <trkpt lat="46.3758030" lon="14.8808800">
    <ele>1323.8</ele>
   </trkpt>
   <trkpt lat="46.3758030" lon="14.8808800">
    <ele>1324.0</ele>
   </trkpt>
   <trkpt lat="46.3757900" lon="14.8809080">
    <ele>1324.0</ele>
   </trkpt>
   <trkpt lat="46.3757900" lon="14.8809080">
    <ele>1324.2</ele>
   </trkpt>
   <trkpt lat="46.3757720" lon="14.8809250">
    <ele>1324.4</ele>
   </trkpt>
   <trkpt lat="46.3757720" lon="14.8809250">
    <ele>1324.6</ele>
   </trkpt>
   <trkpt lat="46.3757620" lon="14.8809470">
    <ele>1324.8</ele>
   </trkpt>
   <trkpt lat="46.3757620" lon="14.8809470">
    <ele>1325.0</ele>
   </trkpt>
   <trkpt lat="46.3757470" lon="14.8809670">
    <ele>1325.2</ele>
   </trkpt>
   <trkpt lat="46.3757470" lon="14.8809670">
    <ele>1325.4</ele>
   </trkpt>
   <trkpt lat="46.3757470" lon="14.8809670">
    <ele>1325.6</ele>
   </trkpt>
   <trkpt lat="46.3757330" lon="14.8809900">
    <ele>1325.8</ele>
   </trkpt>
   <trkpt lat="46.3757330" lon="14.8809900">
    <ele>1326.2</ele>
   </trkpt>
   <trkpt lat="46.3757200" lon="14.8810250">
    <ele>1326.4</ele>
   </trkpt>
   <trkpt lat="46.3757200" lon="14.8810250">
    <ele>1326.6</ele>
   </trkpt>
   <trkpt lat="46.3757100" lon="14.8810370">
    <ele>1327.0</ele>
   </trkpt>
   <trkpt lat="46.3757100" lon="14.8810370">
    <ele>1327.4</ele>
   </trkpt>
   <trkpt lat="46.3756970" lon="14.8810580">
    <ele>1327.6</ele>
   </trkpt>
   <trkpt lat="46.3756970" lon="14.8810580">
    <ele>1328.0</ele>
   </trkpt>
   <trkpt lat="46.3756970" lon="14.8810580">
    <ele>1328.0</ele>
   </trkpt>
   <trkpt lat="46.3757080" lon="14.8810980">
    <ele>1328.2</ele>
   </trkpt>
   <trkpt lat="46.3757080" lon="14.8810980">
    <ele>1328.6</ele>
   </trkpt>
   <trkpt lat="46.3757080" lon="14.8810980">
    <ele>1328.8</ele>
   </trkpt>
   <trkpt lat="46.3757120" lon="14.8811370">
    <ele>1329.0</ele>
   </trkpt>
   <trkpt lat="46.3757120" lon="14.8811370">
    <ele>1329.0</ele>
   </trkpt>
   <trkpt lat="46.3757250" lon="14.8811670">
    <ele>1329.2</ele>
   </trkpt>
   <trkpt lat="46.3757250" lon="14.8811670">
    <ele>1329.2</ele>
   </trkpt>
   <trkpt lat="46.3757250" lon="14.8812120">
    <ele>1329.6</ele>
   </trkpt>
   <trkpt lat="46.3757250" lon="14.8812120">
    <ele>1329.8</ele>
   </trkpt>
   <trkpt lat="46.3757130" lon="14.8812470">
    <ele>1330.0</ele>
   </trkpt>
   <trkpt lat="46.3757130" lon="14.8812470">
    <ele>1330.4</ele>
   </trkpt>
   <trkpt lat="46.3757000" lon="14.8812950">
    <ele>1330.6</ele>
   </trkpt>
   <trkpt lat="46.3757000" lon="14.8812950">
    <ele>1330.8</ele>
   </trkpt>
   <trkpt lat="46.3757120" lon="14.8813220">
    <ele>1331.2</ele>
   </trkpt>
   <trkpt lat="46.3757120" lon="14.8813220">
    <ele>1331.4</ele>
   </trkpt>
   <trkpt lat="46.3757250" lon="14.8813520">
    <ele>1331.6</ele>
   </trkpt>
   <trkpt lat="46.3757250" lon="14.8813520">
    <ele>1331.8</ele>
   </trkpt>
   <trkpt lat="46.3757230" lon="14.8813770">
    <ele>1332.0</ele>
   </trkpt>
   <trkpt lat="46.3757230" lon="14.8813770">
    <ele>1332.4</ele>
   </trkpt>
   <trkpt lat="46.3757230" lon="14.8813770">
    <ele>1332.8</ele>
   </trkpt>
   <trkpt lat="46.3757230" lon="14.8814070">
    <ele>1333.0</ele>
   </trkpt>
   <trkpt lat="46.3757230" lon="14.8814070">
    <ele>1333.4</ele>
   </trkpt>
   <trkpt lat="46.3757230" lon="14.8814070">
    <ele>1333.8</ele>
   </trkpt>
   <trkpt lat="46.3757180" lon="14.8814500">
    <ele>1334.2</ele>
   </trkpt>
   <trkpt lat="46.3757180" lon="14.8814500">
    <ele>1334.2</ele>
   </trkpt>
   <trkpt lat="46.3757020" lon="14.8814720">
    <ele>1334.6</ele>
   </trkpt>
   <trkpt lat="46.3757020" lon="14.8814720">
    <ele>1334.6</ele>
   </trkpt>
   <trkpt lat="46.3756980" lon="14.8815000">
    <ele>1335.2</ele>
   </trkpt>
   <trkpt lat="46.3756980" lon="14.8815000">
    <ele>1335.4</ele>
   </trkpt>
   <trkpt lat="46.3757030" lon="14.8815280">
    <ele>1335.8</ele>
   </trkpt>
   <trkpt lat="46.3757030" lon="14.8815280">
    <ele>1336.0</ele>
   </trkpt>
   <trkpt lat="46.3756880" lon="14.8815570">
    <ele>1336.4</ele>
   </trkpt>
   <trkpt lat="46.3756880" lon="14.8815570">
    <ele>1336.6</ele>
   </trkpt>
   <trkpt lat="46.3756730" lon="14.8815770">
    <ele>1336.8</ele>
   </trkpt>
   <trkpt lat="46.3756730" lon="14.8815770">
    <ele>1337.2</ele>
   </trkpt>
   <trkpt lat="46.3756630" lon="14.8815920">
    <ele>1337.4</ele>
   </trkpt>
   <trkpt lat="46.3756630" lon="14.8815920">
    <ele>1337.8</ele>
   </trkpt>
   <trkpt lat="46.3756630" lon="14.8815920">
    <ele>1338.0</ele>
   </trkpt>
   <trkpt lat="46.3756520" lon="14.8815950">
    <ele>1338.2</ele>
   </trkpt>
   <trkpt lat="46.3756520" lon="14.8815950">
    <ele>1338.4</ele>
   </trkpt>
   <trkpt lat="46.3756520" lon="14.8815950">
    <ele>1338.8</ele>
   </trkpt>
   <trkpt lat="46.3756520" lon="14.8815950">
    <ele>1339.0</ele>
   </trkpt>
   <trkpt lat="46.3756320" lon="14.8816280">
    <ele>1339.4</ele>
   </trkpt>
   <trkpt lat="46.3756320" lon="14.8816280">
    <ele>1339.6</ele>
   </trkpt>
   <trkpt lat="46.3756320" lon="14.8816280">
    <ele>1339.8</ele>
   </trkpt>
   <trkpt lat="46.3756120" lon="14.8816500">
    <ele>1340.2</ele>
   </trkpt>
   <trkpt lat="46.3756120" lon="14.8816500">
    <ele>1340.4</ele>
   </trkpt>
   <trkpt lat="46.3755930" lon="14.8816830">
    <ele>1340.8</ele>
   </trkpt>
   <trkpt lat="46.3755930" lon="14.8816830">
    <ele>1341.0</ele>
   </trkpt>
   <trkpt lat="46.3755750" lon="14.8817050">
    <ele>1341.2</ele>
   </trkpt>
   <trkpt lat="46.3755750" lon="14.8817050">
    <ele>1341.6</ele>
   </trkpt>
   <trkpt lat="46.3755680" lon="14.8817280">
    <ele>1342.0</ele>
   </trkpt>
   <trkpt lat="46.3755680" lon="14.8817280">
    <ele>1342.2</ele>
   </trkpt>
   <trkpt lat="46.3755680" lon="14.8817280">
    <ele>1342.4</ele>
   </trkpt>
   <trkpt lat="46.3755680" lon="14.8817550">
    <ele>1342.8</ele>
   </trkpt>
   <trkpt lat="46.3755680" lon="14.8817550">
    <ele>1343.0</ele>
   </trkpt>
   <trkpt lat="46.3755680" lon="14.8817550">
    <ele>1343.4</ele>
   </trkpt>
   <trkpt lat="46.3755470" lon="14.8817770">
    <ele>1343.6</ele>
   </trkpt>
   <trkpt lat="46.3755470" lon="14.8817770">
    <ele>1343.8</ele>
   </trkpt>
   <trkpt lat="46.3755470" lon="14.8817770">
    <ele>1344.0</ele>
   </trkpt>
   <trkpt lat="46.3755150" lon="14.8817970">
    <ele>1344.2</ele>
   </trkpt>
   <trkpt lat="46.3755150" lon="14.8817970">
    <ele>1344.4</ele>
   </trkpt>
   <trkpt lat="46.3754970" lon="14.8818170">
    <ele>1344.8</ele>
   </trkpt>
   <trkpt lat="46.3754970" lon="14.8818170">
    <ele>1345.0</ele>
   </trkpt>
   <trkpt lat="46.3754930" lon="14.8818550">
    <ele>1345.2</ele>
   </trkpt>
   <trkpt lat="46.3754930" lon="14.8818550">
    <ele>1345.6</ele>
   </trkpt>
   <trkpt lat="46.3754850" lon="14.8818830">
    <ele>1345.8</ele>
   </trkpt>
   <trkpt lat="46.3754850" lon="14.8818830">
    <ele>1346.2</ele>
   </trkpt>
   <trkpt lat="46.3754770" lon="14.8819020">
    <ele>1346.4</ele>
   </trkpt>
   <trkpt lat="46.3754770" lon="14.8819020">
    <ele>1346.8</ele>
   </trkpt>
   <trkpt lat="46.3754770" lon="14.8819020">
    <ele>1347.2</ele>
   </trkpt>
   <trkpt lat="46.3754770" lon="14.8819430">
    <ele>1347.4</ele>
   </trkpt>
   <trkpt lat="46.3754770" lon="14.8819430">
    <ele>1347.6</ele>
   </trkpt>
   <trkpt lat="46.3754770" lon="14.8819430">
    <ele>1347.8</ele>
   </trkpt>
   <trkpt lat="46.3754730" lon="14.8819730">
    <ele>1348.2</ele>
   </trkpt>
   <trkpt lat="46.3754730" lon="14.8819730">
    <ele>1348.6</ele>
   </trkpt>
   <trkpt lat="46.3754730" lon="14.8819730">
    <ele>1349.0</ele>
   </trkpt>
   <trkpt lat="46.3754750" lon="14.8820130">
    <ele>1349.4</ele>
   </trkpt>
   <trkpt lat="46.3754750" lon="14.8820130">
    <ele>1349.8</ele>
   </trkpt>
   <trkpt lat="46.3754770" lon="14.8820520">
    <ele>1350.0</ele>
   </trkpt>
   <trkpt lat="46.3754770" lon="14.8820520">
    <ele>1350.4</ele>
   </trkpt>
   <trkpt lat="46.3754780" lon="14.8820950">
    <ele>1350.8</ele>
   </trkpt>
   <trkpt lat="46.3754780" lon="14.8820950">
    <ele>1350.8</ele>
   </trkpt>
   <trkpt lat="46.3754870" lon="14.8821250">
    <ele>1351.4</ele>
   </trkpt>
   <trkpt lat="46.3754870" lon="14.8821250">
    <ele>1351.8</ele>
   </trkpt>
   <trkpt lat="46.3754930" lon="14.8821530">
    <ele>1352.0</ele>
   </trkpt>
   <trkpt lat="46.3754930" lon="14.8821530">
    <ele>1352.4</ele>
   </trkpt>
   <trkpt lat="46.3754950" lon="14.8821830">
    <ele>1352.4</ele>
   </trkpt>
   <trkpt lat="46.3754950" lon="14.8821830">
    <ele>1352.8</ele>
   </trkpt>
   <trkpt lat="46.3754970" lon="14.8822130">
    <ele>1353.0</ele>
   </trkpt>
   <trkpt lat="46.3754970" lon="14.8822130">
    <ele>1353.2</ele>
   </trkpt>
   <trkpt lat="46.3754920" lon="14.8822530">
    <ele>1353.6</ele>
   </trkpt>
   <trkpt lat="46.3754920" lon="14.8822530">
    <ele>1353.8</ele>
   </trkpt>
   <trkpt lat="46.3754770" lon="14.8822930">
    <ele>1354.0</ele>
   </trkpt>
   <trkpt lat="46.3754770" lon="14.8822930">
    <ele>1354.4</ele>
   </trkpt>
   <trkpt lat="46.3754700" lon="14.8823250">
    <ele>1354.8</ele>
   </trkpt>
   <trkpt lat="46.3754700" lon="14.8823250">
    <ele>1355.0</ele>
   </trkpt>
   <trkpt lat="46.3754750" lon="14.8823680">
    <ele>1355.2</ele>
   </trkpt>
   <trkpt lat="46.3754750" lon="14.8823680">
    <ele>1355.2</ele>
   </trkpt>
   <trkpt lat="46.3754870" lon="14.8824180">
    <ele>1355.6</ele>
   </trkpt>
   <trkpt lat="46.3754870" lon="14.8824180">
    <ele>1355.8</ele>
   </trkpt>
   <trkpt lat="46.3754970" lon="14.8824470">
    <ele>1356.0</ele>
   </trkpt>
   <trkpt lat="46.3754970" lon="14.8824470">
    <ele>1356.0</ele>
   </trkpt>
   <trkpt lat="46.3755070" lon="14.8824830">
    <ele>1356.2</ele>
   </trkpt>
   <trkpt lat="46.3755070" lon="14.8824830">
    <ele>1356.4</ele>
   </trkpt>
   <trkpt lat="46.3755220" lon="14.8825130">
    <ele>1356.6</ele>
   </trkpt>
   <trkpt lat="46.3755220" lon="14.8825130">
    <ele>1356.8</ele>
   </trkpt>
   <trkpt lat="46.3755270" lon="14.8825520">
    <ele>1357.0</ele>
   </trkpt>
   <trkpt lat="46.3755270" lon="14.8825520">
    <ele>1357.2</ele>
   </trkpt>
   <trkpt lat="46.3755230" lon="14.8826070">
    <ele>1357.6</ele>
   </trkpt>
   <trkpt lat="46.3755230" lon="14.8826070">
    <ele>1357.6</ele>
   </trkpt>
   <trkpt lat="46.3755350" lon="14.8826430">
    <ele>1358.0</ele>
   </trkpt>
   <trkpt lat="46.3755350" lon="14.8826430">
    <ele>1358.2</ele>
   </trkpt>
   <trkpt lat="46.3755450" lon="14.8826750">
    <ele>1358.2</ele>
   </trkpt>
   <trkpt lat="46.3755450" lon="14.8826750">
    <ele>1358.8</ele>
   </trkpt>
   <trkpt lat="46.3755550" lon="14.8827100">
    <ele>1359.0</ele>
   </trkpt>
   <trkpt lat="46.3755550" lon="14.8827100">
    <ele>1359.2</ele>
   </trkpt>
   <trkpt lat="46.3755650" lon="14.8827480">
    <ele>1359.2</ele>
   </trkpt>
   <trkpt lat="46.3755650" lon="14.8827480">
    <ele>1359.4</ele>
   </trkpt>
   <trkpt lat="46.3755670" lon="14.8827830">
    <ele>1359.6</ele>
   </trkpt>
   <trkpt lat="46.3755670" lon="14.8827830">
    <ele>1359.8</ele>
   </trkpt>
   <trkpt lat="46.3755580" lon="14.8828200">
    <ele>1360.0</ele>
   </trkpt>
   <trkpt lat="46.3755580" lon="14.8828200">
    <ele>1360.0</ele>
   </trkpt>
   <trkpt lat="46.3755480" lon="14.8828600">
    <ele>1360.2</ele>
   </trkpt>
   <trkpt lat="46.3755480" lon="14.8828600">
    <ele>1360.4</ele>
   </trkpt>
   <trkpt lat="46.3755380" lon="14.8828930">
    <ele>1360.4</ele>
   </trkpt>
   <trkpt lat="46.3755380" lon="14.8828930">
    <ele>1360.4</ele>
   </trkpt>
   <trkpt lat="46.3755270" lon="14.8829400">
    <ele>1360.6</ele>
   </trkpt>
   <trkpt lat="46.3755270" lon="14.8829400">
    <ele>1360.6</ele>
   </trkpt>
   <trkpt lat="46.3755200" lon="14.8829770">
    <ele>1360.6</ele>
   </trkpt>
   <trkpt lat="46.3755200" lon="14.8829770">
    <ele>1360.8</ele>
   </trkpt>
   <trkpt lat="46.3755170" lon="14.8830050">
    <ele>1360.8</ele>
   </trkpt>
   <trkpt lat="46.3755170" lon="14.8830050">
    <ele>1360.8</ele>
   </trkpt>
   <trkpt lat="46.3755150" lon="14.8830370">
    <ele>1360.8</ele>
   </trkpt>
   <trkpt lat="46.3755150" lon="14.8830370">
    <ele>1361.0</ele>
   </trkpt>
   <trkpt lat="46.3755080" lon="14.8830700">
    <ele>1361.0</ele>
   </trkpt>
   <trkpt lat="46.3755080" lon="14.8830700">
    <ele>1361.2</ele>
   </trkpt>
   <trkpt lat="46.3754930" lon="14.8830970">
    <ele>1361.4</ele>
   </trkpt>
   <trkpt lat="46.3754930" lon="14.8830970">
    <ele>1361.6</ele>
   </trkpt>
   <trkpt lat="46.3754930" lon="14.8831330">
    <ele>1362.0</ele>
   </trkpt>
   <trkpt lat="46.3754930" lon="14.8831330">
    <ele>1362.0</ele>
   </trkpt>
   <trkpt lat="46.3754780" lon="14.8831650">
    <ele>1362.2</ele>
   </trkpt>
   <trkpt lat="46.3754780" lon="14.8831650">
    <ele>1362.8</ele>
   </trkpt>
   <trkpt lat="46.3754630" lon="14.8831980">
    <ele>1362.8</ele>
   </trkpt>
   <trkpt lat="46.3754630" lon="14.8831980">
    <ele>1363.2</ele>
   </trkpt>
   <trkpt lat="46.3754420" lon="14.8832270">
    <ele>1363.2</ele>
   </trkpt>
   <trkpt lat="46.3754420" lon="14.8832270">
    <ele>1363.6</ele>
   </trkpt>
   <trkpt lat="46.3754150" lon="14.8832670">
    <ele>1364.0</ele>
   </trkpt>
   <trkpt lat="46.3754150" lon="14.8832670">
    <ele>1364.0</ele>
   </trkpt>
   <trkpt lat="46.3754000" lon="14.8833000">
    <ele>1364.2</ele>
   </trkpt>
   <trkpt lat="46.3754000" lon="14.8833000">
    <ele>1364.2</ele>
   </trkpt>
   <trkpt lat="46.3753920" lon="14.8833200">
    <ele>1364.4</ele>
   </trkpt>
   <trkpt lat="46.3753920" lon="14.8833200">
    <ele>1364.6</ele>
   </trkpt>
   <trkpt lat="46.3753800" lon="14.8833300">
    <ele>1364.8</ele>
   </trkpt>
   <trkpt lat="46.3753800" lon="14.8833300">
    <ele>1365.0</ele>
   </trkpt>
   <trkpt lat="46.3753800" lon="14.8833300">
    <ele>1365.4</ele>
   </trkpt>
   <trkpt lat="46.3753580" lon="14.8833630">
    <ele>1365.6</ele>
   </trkpt>
   <trkpt lat="46.3753580" lon="14.8833630">
    <ele>1365.8</ele>
   </trkpt>
   <trkpt lat="46.3753450" lon="14.8833820">
    <ele>1366.0</ele>
   </trkpt>
   <trkpt lat="46.3753450" lon="14.8833820">
    <ele>1366.2</ele>
   </trkpt>
   <trkpt lat="46.3753330" lon="14.8834080">
    <ele>1366.6</ele>
   </trkpt>
   <trkpt lat="46.3753330" lon="14.8834080">
    <ele>1367.2</ele>
   </trkpt>
   <trkpt lat="46.3753250" lon="14.8834250">
    <ele>1367.4</ele>
   </trkpt>
   <trkpt lat="46.3753250" lon="14.8834250">
    <ele>1367.6</ele>
   </trkpt>
   <trkpt lat="46.3753250" lon="14.8834250">
    <ele>1367.8</ele>
   </trkpt>
   <trkpt lat="46.3753080" lon="14.8834430">
    <ele>1368.2</ele>
   </trkpt>
   <trkpt lat="46.3753080" lon="14.8834430">
    <ele>1368.4</ele>
   </trkpt>
   <trkpt lat="46.3753080" lon="14.8834430">
    <ele>1368.8</ele>
   </trkpt>
   <trkpt lat="46.3752930" lon="14.8834700">
    <ele>1369.2</ele>
   </trkpt>
   <trkpt lat="46.3752930" lon="14.8834700">
    <ele>1369.4</ele>
   </trkpt>
   <trkpt lat="46.3752930" lon="14.8834700">
    <ele>1369.8</ele>
   </trkpt>
   <trkpt lat="46.3752830" lon="14.8834980">
    <ele>1370.0</ele>
   </trkpt>
   <trkpt lat="46.3752830" lon="14.8834980">
    <ele>1370.4</ele>
   </trkpt>
   <trkpt lat="46.3752830" lon="14.8834980">
    <ele>1370.6</ele>
   </trkpt>
   <trkpt lat="46.3752620" lon="14.8835220">
    <ele>1371.0</ele>
   </trkpt>
   <trkpt lat="46.3752620" lon="14.8835220">
    <ele>1371.2</ele>
   </trkpt>
   <trkpt lat="46.3752450" lon="14.8835420">
    <ele>1371.6</ele>
   </trkpt>
   <trkpt lat="46.3752450" lon="14.8835420">
    <ele>1372.0</ele>
   </trkpt>
   <trkpt lat="46.3752320" lon="14.8835630">
    <ele>1372.4</ele>
   </trkpt>
   <trkpt lat="46.3752320" lon="14.8835630">
    <ele>1372.8</ele>
   </trkpt>
   <trkpt lat="46.3752170" lon="14.8835880">
    <ele>1373.0</ele>
   </trkpt>
   <trkpt lat="46.3752170" lon="14.8835880">
    <ele>1373.4</ele>
   </trkpt>
   <trkpt lat="46.3751980" lon="14.8836020">
    <ele>1373.8</ele>
   </trkpt>
   <trkpt lat="46.3751980" lon="14.8836020">
    <ele>1374.0</ele>
   </trkpt>
   <trkpt lat="46.3751880" lon="14.8836230">
    <ele>1374.2</ele>
   </trkpt>
   <trkpt lat="46.3751880" lon="14.8836230">
    <ele>1374.6</ele>
   </trkpt>
   <trkpt lat="46.3751880" lon="14.8836230">
    <ele>1374.8</ele>
   </trkpt>
   <trkpt lat="46.3751870" lon="14.8836570">
    <ele>1375.2</ele>
   </trkpt>
   <trkpt lat="46.3751870" lon="14.8836570">
    <ele>1375.4</ele>
   </trkpt>
   <trkpt lat="46.3751870" lon="14.8836570">
    <ele>1375.6</ele>
   </trkpt>
   <trkpt lat="46.3751800" lon="14.8836830">
    <ele>1375.8</ele>
   </trkpt>
   <trkpt lat="46.3751800" lon="14.8836830">
    <ele>1376.2</ele>
   </trkpt>
   <trkpt lat="46.3751800" lon="14.8836830">
    <ele>1376.4</ele>
   </trkpt>
   <trkpt lat="46.3751630" lon="14.8836980">
    <ele>1376.8</ele>
   </trkpt>
   <trkpt lat="46.3751630" lon="14.8836980">
    <ele>1377.0</ele>
   </trkpt>
   <trkpt lat="46.3751630" lon="14.8836980">
    <ele>1377.4</ele>
   </trkpt>
   <trkpt lat="46.3751630" lon="14.8836980">
    <ele>1377.8</ele>
   </trkpt>
   <trkpt lat="46.3751430" lon="14.8837170">
    <ele>1378.0</ele>
   </trkpt>
   <trkpt lat="46.3751430" lon="14.8837170">
    <ele>1378.4</ele>
   </trkpt>
   <trkpt lat="46.3751430" lon="14.8837170">
    <ele>1378.8</ele>
   </trkpt>
   <trkpt lat="46.3751270" lon="14.8837250">
    <ele>1379.0</ele>
   </trkpt>
   <trkpt lat="46.3751270" lon="14.8837250">
    <ele>1379.2</ele>
   </trkpt>
   <trkpt lat="46.3751270" lon="14.8837250">
    <ele>1379.8</ele>
   </trkpt>
   <trkpt lat="46.3751020" lon="14.8837280">
    <ele>1380.2</ele>
   </trkpt>
   <trkpt lat="46.3751020" lon="14.8837280">
    <ele>1380.6</ele>
   </trkpt>
   <trkpt lat="46.3751020" lon="14.8837280">
    <ele>1380.8</ele>
   </trkpt>
   <trkpt lat="46.3750880" lon="14.8837430">
    <ele>1380.8</ele>
   </trkpt>
   <trkpt lat="46.3750880" lon="14.8837430">
    <ele>1381.4</ele>
   </trkpt>
   <trkpt lat="46.3750880" lon="14.8837430">
    <ele>1381.8</ele>
   </trkpt>
   <trkpt lat="46.3750570" lon="14.8837620">
    <ele>1382.0</ele>
   </trkpt>
   <trkpt lat="46.3750570" lon="14.8837620">
    <ele>1382.6</ele>
   </trkpt>
   <trkpt lat="46.3750200" lon="14.8837500">
    <ele>1383.0</ele>
   </trkpt>
   <trkpt lat="46.3750200" lon="14.8837500">
    <ele>1383.4</ele>
   </trkpt>
   <trkpt lat="46.3749830" lon="14.8837280">
    <ele>1383.6</ele>
   </trkpt>
   <trkpt lat="46.3749700" lon="14.8837130">
    <ele>1384.0</ele>
   </trkpt>
   <trkpt lat="46.3749530" lon="14.8837000">
    <ele>1384.4</ele>
   </trkpt>
   <trkpt lat="46.3749380" lon="14.8836880">
    <ele>1384.4</ele>
   </trkpt>
   <trkpt lat="46.3749170" lon="14.8836830">
    <ele>1384.6</ele>
   </trkpt>
   <trkpt lat="46.3748970" lon="14.8836730">
    <ele>1385.0</ele>
   </trkpt>
   <trkpt lat="46.3748770" lon="14.8836650">
    <ele>1385.0</ele>
   </trkpt>
   <trkpt lat="46.3748550" lon="14.8836600">
    <ele>1385.2</ele>
   </trkpt>
   <trkpt lat="46.3748350" lon="14.8836550">
    <ele>1385.4</ele>
   </trkpt>
   <trkpt lat="46.3748150" lon="14.8836520">
    <ele>1385.8</ele>
   </trkpt>
   <trkpt lat="46.3747920" lon="14.8836530">
    <ele>1385.8</ele>
   </trkpt>
   <trkpt lat="46.3747730" lon="14.8836470">
    <ele>1385.8</ele>
   </trkpt>
   <trkpt lat="46.3747520" lon="14.8836450">
    <ele>1386.0</ele>
   </trkpt>
   <trkpt lat="46.3747280" lon="14.8836370">
    <ele>1386.2</ele>
   </trkpt>
   <trkpt lat="46.3747050" lon="14.8836250">
    <ele>1386.2</ele>
   </trkpt>
   <trkpt lat="46.3746800" lon="14.8836170">
    <ele>1386.4</ele>
   </trkpt>
   <trkpt lat="46.3746600" lon="14.8836180">
    <ele>1386.4</ele>
   </trkpt>
   <trkpt lat="46.3746380" lon="14.8836220">
    <ele>1386.8</ele>
   </trkpt>
   <trkpt lat="46.3746180" lon="14.8836250">
    <ele>1386.8</ele>
   </trkpt>
   <trkpt lat="46.3746030" lon="14.8836230">
    <ele>1386.8</ele>
   </trkpt>
   <trkpt lat="46.3745850" lon="14.8836250">
    <ele>1387.0</ele>
   </trkpt>
   <trkpt lat="46.3745670" lon="14.8836270">
    <ele>1387.0</ele>
   </trkpt>
   <trkpt lat="46.3745480" lon="14.8836300">
    <ele>1387.0</ele>
   </trkpt>
   <trkpt lat="46.3745480" lon="14.8836300">
    <ele>1387.2</ele>
   </trkpt>
   <trkpt lat="46.3745220" lon="14.8836430">
    <ele>1387.4</ele>
   </trkpt>
   <trkpt lat="46.3745220" lon="14.8836430">
    <ele>1387.6</ele>
   </trkpt>
   <trkpt lat="46.3745100" lon="14.8836620">
    <ele>1387.6</ele>
   </trkpt>
   <trkpt lat="46.3745100" lon="14.8836620">
    <ele>1387.6</ele>
   </trkpt>
   <trkpt lat="46.3745050" lon="14.8836880">
    <ele>1387.6</ele>
   </trkpt>
   <trkpt lat="46.3745050" lon="14.8836880">
    <ele>1387.8</ele>
   </trkpt>
   <trkpt lat="46.3744880" lon="14.8837100">
    <ele>1388.0</ele>
   </trkpt>
   <trkpt lat="46.3744880" lon="14.8837100">
    <ele>1388.4</ele>
   </trkpt>
   <trkpt lat="46.3744850" lon="14.8837330">
    <ele>1388.8</ele>
   </trkpt>
   <trkpt lat="46.3744850" lon="14.8837330">
    <ele>1389.2</ele>
   </trkpt>
   <trkpt lat="46.3744850" lon="14.8837330">
    <ele>1389.4</ele>
   </trkpt>
   <trkpt lat="46.3744680" lon="14.8837570">
    <ele>1389.6</ele>
   </trkpt>
   <trkpt lat="46.3744680" lon="14.8837570">
    <ele>1389.8</ele>
   </trkpt>
   <trkpt lat="46.3744680" lon="14.8837570">
    <ele>1390.2</ele>
   </trkpt>
   <trkpt lat="46.3744650" lon="14.8838080">
    <ele>1390.4</ele>
   </trkpt>
   <trkpt lat="46.3744650" lon="14.8838080">
    <ele>1391.0</ele>
   </trkpt>
   <trkpt lat="46.3744730" lon="14.8838280">
    <ele>1391.6</ele>
   </trkpt>
   <trkpt lat="46.3744730" lon="14.8838280">
    <ele>1391.6</ele>
   </trkpt>
   <trkpt lat="46.3744920" lon="14.8838480">
    <ele>1392.0</ele>
   </trkpt>
   <trkpt lat="46.3744920" lon="14.8838480">
    <ele>1392.0</ele>
   </trkpt>
   <trkpt lat="46.3745120" lon="14.8838700">
    <ele>1392.0</ele>
   </trkpt>
   <trkpt lat="46.3745120" lon="14.8838700">
    <ele>1392.4</ele>
   </trkpt>
   <trkpt lat="46.3745400" lon="14.8838770">
    <ele>1392.6</ele>
   </trkpt>
   <trkpt lat="46.3745400" lon="14.8838770">
    <ele>1393.2</ele>
   </trkpt>
   <trkpt lat="46.3745650" lon="14.8838830">
    <ele>1394.2</ele>
   </trkpt>
   <trkpt lat="46.3745650" lon="14.8838830">
    <ele>1394.2</ele>
   </trkpt>
   <trkpt lat="46.3745920" lon="14.8838980">
    <ele>1394.2</ele>
   </trkpt>
   <trkpt lat="46.3745920" lon="14.8838980">
    <ele>1394.2</ele>
   </trkpt>
   <trkpt lat="46.3746270" lon="14.8839280">
    <ele>1394.2</ele>
   </trkpt>
   <trkpt lat="46.3746500" lon="14.8839500">
    <ele>1394.6</ele>
   </trkpt>
   <trkpt lat="46.3746680" lon="14.8839720">
    <ele>1394.6</ele>
   </trkpt>
   <trkpt lat="46.3746850" lon="14.8839870">
    <ele>1394.8</ele>
   </trkpt>
   <trkpt lat="46.3747030" lon="14.8840000">
    <ele>1394.8</ele>
   </trkpt>
   <trkpt lat="46.3747170" lon="14.8840130">
    <ele>1394.8</ele>
   </trkpt>
   <trkpt lat="46.3747350" lon="14.8840330">
    <ele>1395.0</ele>
   </trkpt>
   <trkpt lat="46.3747500" lon="14.8840500">
    <ele>1395.0</ele>
   </trkpt>
   <trkpt lat="46.3747650" lon="14.8840680">
    <ele>1395.2</ele>
   </trkpt>
   <trkpt lat="46.3747770" lon="14.8840870">
    <ele>1395.2</ele>
   </trkpt>
   <trkpt lat="46.3747880" lon="14.8841070">
    <ele>1395.4</ele>
   </trkpt>
   <trkpt lat="46.3748050" lon="14.8841270">
    <ele>1395.4</ele>
   </trkpt>
   <trkpt lat="46.3748200" lon="14.8841470">
    <ele>1395.6</ele>
   </trkpt>
   <trkpt lat="46.3748350" lon="14.8841700">
    <ele>1395.8</ele>
   </trkpt>
   <trkpt lat="46.3748500" lon="14.8841970">
    <ele>1395.8</ele>
   </trkpt>
   <trkpt lat="46.3748630" lon="14.8842180">
    <ele>1396.2</ele>
   </trkpt>
   <trkpt lat="46.3748780" lon="14.8842330">
    <ele>1396.2</ele>
   </trkpt>
   <trkpt lat="46.3748950" lon="14.8842520">
    <ele>1396.4</ele>
   </trkpt>
   <trkpt lat="46.3749100" lon="14.8842670">
    <ele>1396.4</ele>
   </trkpt>
   <trkpt lat="46.3749270" lon="14.8842870">
    <ele>1396.8</ele>
   </trkpt>
   <trkpt lat="46.3749430" lon="14.8842930">
    <ele>1397.0</ele>
   </trkpt>
   <trkpt lat="46.3749620" lon="14.8843080">
    <ele>1397.2</ele>
   </trkpt>
   <trkpt lat="46.3749770" lon="14.8843280">
    <ele>1397.2</ele>
   </trkpt>
   <trkpt lat="46.3749900" lon="14.8843450">
    <ele>1397.6</ele>
   </trkpt>
   <trkpt lat="46.3750030" lon="14.8843630">
    <ele>1398.0</ele>
   </trkpt>
   <trkpt lat="46.3750150" lon="14.8843850">
    <ele>1398.0</ele>
   </trkpt>
   <trkpt lat="46.3750270" lon="14.8844070">
    <ele>1398.2</ele>
   </trkpt>
   <trkpt lat="46.3750380" lon="14.8844320">
    <ele>1398.6</ele>
   </trkpt>
   <trkpt lat="46.3750530" lon="14.8844530">
    <ele>1398.6</ele>
   </trkpt>
   <trkpt lat="46.3750660" lon="14.8844720">
    <ele>1398.8</ele>
   </trkpt>
   <trkpt lat="46.3750800" lon="14.8844920">
    <ele>1399.2</ele>
   </trkpt>
   <trkpt lat="46.3750930" lon="14.8845070">
    <ele>1399.6</ele>
   </trkpt>
   <trkpt lat="46.3751050" lon="14.8845270">
    <ele>1399.6</ele>
   </trkpt>
   <trkpt lat="46.3751170" lon="14.8845470">
    <ele>1399.8</ele>
   </trkpt>
   <trkpt lat="46.3751300" lon="14.8845650">
    <ele>1400.2</ele>
   </trkpt>
   <trkpt lat="46.3751300" lon="14.8845650">
    <ele>1400.4</ele>
   </trkpt>
   <trkpt lat="46.3751530" lon="14.8846000">
    <ele>1400.6</ele>
   </trkpt>
   <trkpt lat="46.3751530" lon="14.8846000">
    <ele>1400.8</ele>
   </trkpt>
   <trkpt lat="46.3751730" lon="14.8846420">
    <ele>1401.4</ele>
   </trkpt>
   <trkpt lat="46.3751730" lon="14.8846420">
    <ele>1401.6</ele>
   </trkpt>
   <trkpt lat="46.3751920" lon="14.8846770">
    <ele>1401.8</ele>
   </trkpt>
   <trkpt lat="46.3751920" lon="14.8846770">
    <ele>1402.0</ele>
   </trkpt>
   <trkpt lat="46.3752100" lon="14.8847120">
    <ele>1402.6</ele>
   </trkpt>
   <trkpt lat="46.3752100" lon="14.8847120">
    <ele>1402.6</ele>
   </trkpt>
   <trkpt lat="46.3752320" lon="14.8847480">
    <ele>1402.8</ele>
   </trkpt>
   <trkpt lat="46.3752320" lon="14.8847480">
    <ele>1403.2</ele>
   </trkpt>
   <trkpt lat="46.3752530" lon="14.8847880">
    <ele>1403.4</ele>
   </trkpt>
   <trkpt lat="46.3752530" lon="14.8847880">
    <ele>1403.6</ele>
   </trkpt>
   <trkpt lat="46.3752770" lon="14.8848250">
    <ele>1403.8</ele>
   </trkpt>
   <trkpt lat="46.3752770" lon="14.8848250">
    <ele>1404.2</ele>
   </trkpt>
   <trkpt lat="46.3752980" lon="14.8848570">
    <ele>1404.4</ele>
   </trkpt>
   <trkpt lat="46.3752980" lon="14.8848570">
    <ele>1404.6</ele>
   </trkpt>
   <trkpt lat="46.3753220" lon="14.8848880">
    <ele>1404.8</ele>
   </trkpt>
   <trkpt lat="46.3753220" lon="14.8848880">
    <ele>1405.2</ele>
   </trkpt>
   <trkpt lat="46.3753470" lon="14.8849180">
    <ele>1405.2</ele>
   </trkpt>
   <trkpt lat="46.3753470" lon="14.8849180">
    <ele>1405.4</ele>
   </trkpt>
   <trkpt lat="46.3753770" lon="14.8849430">
    <ele>1405.6</ele>
   </trkpt>
   <trkpt lat="46.3753770" lon="14.8849430">
    <ele>1406.0</ele>
   </trkpt>
   <trkpt lat="46.3754050" lon="14.8849800">
    <ele>1406.0</ele>
   </trkpt>
   <trkpt lat="46.3754050" lon="14.8849800">
    <ele>1406.2</ele>
   </trkpt>
   <trkpt lat="46.3754230" lon="14.8850130">
    <ele>1406.8</ele>
   </trkpt>
   <trkpt lat="46.3754230" lon="14.8850130">
    <ele>1406.8</ele>
   </trkpt>
   <trkpt lat="46.3754400" lon="14.8850470">
    <ele>1407.0</ele>
   </trkpt>
   <trkpt lat="46.3754400" lon="14.8850470">
    <ele>1407.2</ele>
   </trkpt>
   <trkpt lat="46.3754570" lon="14.8850780">
    <ele>1407.6</ele>
   </trkpt>
   <trkpt lat="46.3754570" lon="14.8850780">
    <ele>1407.8</ele>
   </trkpt>
   <trkpt lat="46.3754820" lon="14.8851000">
    <ele>1408.2</ele>
   </trkpt>
   <trkpt lat="46.3754820" lon="14.8851000">
    <ele>1408.2</ele>
   </trkpt>
   <trkpt lat="46.3755070" lon="14.8851250">
    <ele>1408.8</ele>
   </trkpt>
   <trkpt lat="46.3755070" lon="14.8851250">
    <ele>1409.0</ele>
   </trkpt>
   <trkpt lat="46.3755280" lon="14.8851550">
    <ele>1409.6</ele>
   </trkpt>
   <trkpt lat="46.3755280" lon="14.8851550">
    <ele>1410.0</ele>
   </trkpt>
   <trkpt lat="46.3755520" lon="14.8851830">
    <ele>1410.2</ele>
   </trkpt>
   <trkpt lat="46.3755520" lon="14.8851830">
    <ele>1410.4</ele>
   </trkpt>
   <trkpt lat="46.3755720" lon="14.8852220">
    <ele>1410.4</ele>
   </trkpt>
   <trkpt lat="46.3755720" lon="14.8852220">
    <ele>1410.6</ele>
   </trkpt>
   <trkpt lat="46.3755970" lon="14.8852620">
    <ele>1410.6</ele>
   </trkpt>
   <trkpt lat="46.3755970" lon="14.8852620">
    <ele>1410.8</ele>
   </trkpt>
   <trkpt lat="46.3756170" lon="14.8853030">
    <ele>1411.0</ele>
   </trkpt>
   <trkpt lat="46.3756170" lon="14.8853030">
    <ele>1411.0</ele>
   </trkpt>
   <trkpt lat="46.3756320" lon="14.8853400">
    <ele>1411.2</ele>
   </trkpt>
   <trkpt lat="46.3756320" lon="14.8853400">
    <ele>1411.4</ele>
   </trkpt>
   <trkpt lat="46.3756570" lon="14.8853720">
    <ele>1411.4</ele>
   </trkpt>
   <trkpt lat="46.3756570" lon="14.8853720">
    <ele>1411.6</ele>
   </trkpt>
   <trkpt lat="46.3756780" lon="14.8854030">
    <ele>1411.8</ele>
   </trkpt>
   <trkpt lat="46.3756780" lon="14.8854030">
    <ele>1411.8</ele>
   </trkpt>
   <trkpt lat="46.3757000" lon="14.8854370">
    <ele>1412.0</ele>
   </trkpt>
   <trkpt lat="46.3757000" lon="14.8854370">
    <ele>1412.2</ele>
   </trkpt>
   <trkpt lat="46.3757220" lon="14.8854580">
    <ele>1412.4</ele>
   </trkpt>
   <trkpt lat="46.3757220" lon="14.8854580">
    <ele>1412.8</ele>
   </trkpt>
   <trkpt lat="46.3757480" lon="14.8854630">
    <ele>1413.0</ele>
   </trkpt>
   <trkpt lat="46.3757480" lon="14.8854630">
    <ele>1413.4</ele>
   </trkpt>
   <trkpt lat="46.3757780" lon="14.8854650">
    <ele>1413.6</ele>
   </trkpt>
   <trkpt lat="46.3757780" lon="14.8854650">
    <ele>1414.0</ele>
   </trkpt>
   <trkpt lat="46.3758050" lon="14.8854650">
    <ele>1414.2</ele>
   </trkpt>
   <trkpt lat="46.3758050" lon="14.8854650">
    <ele>1414.6</ele>
   </trkpt>
   <trkpt lat="46.3758300" lon="14.8854570">
    <ele>1414.6</ele>
   </trkpt>
   <trkpt lat="46.3758300" lon="14.8854570">
    <ele>1415.0</ele>
   </trkpt>
   <trkpt lat="46.3758600" lon="14.8854420">
    <ele>1415.2</ele>
   </trkpt>
   <trkpt lat="46.3758600" lon="14.8854420">
    <ele>1415.6</ele>
   </trkpt>
   <trkpt lat="46.3758900" lon="14.8854350">
    <ele>1415.8</ele>
   </trkpt>
   <trkpt lat="46.3758900" lon="14.8854350">
    <ele>1416.6</ele>
   </trkpt>
   <trkpt lat="46.3759280" lon="14.8854170">
    <ele>1416.6</ele>
   </trkpt>
   <trkpt lat="46.3759280" lon="14.8854170">
    <ele>1417.4</ele>
   </trkpt>
   <trkpt lat="46.3759630" lon="14.8854030">
    <ele>1417.4</ele>
   </trkpt>
   <trkpt lat="46.3759830" lon="14.8853980">
    <ele>1417.6</ele>
   </trkpt>
   <trkpt lat="46.3760030" lon="14.8853900">
    <ele>1417.6</ele>
   </trkpt>
   <trkpt lat="46.3760230" lon="14.8853880">
    <ele>1417.6</ele>
   </trkpt>
   <trkpt lat="46.3760470" lon="14.8853870">
    <ele>1418.0</ele>
   </trkpt>
   <trkpt lat="46.3760730" lon="14.8853930">
    <ele>1418.2</ele>
   </trkpt>
   <trkpt lat="46.3760970" lon="14.8854000">
    <ele>1418.2</ele>
   </trkpt>
   <trkpt lat="46.3761170" lon="14.8854050">
    <ele>1418.2</ele>
   </trkpt>
   <trkpt lat="46.3761430" lon="14.8854080">
    <ele>1418.2</ele>
   </trkpt>
   <trkpt lat="46.3761650" lon="14.8854130">
    <ele>1418.2</ele>
   </trkpt>
   <trkpt lat="46.3761860" lon="14.8854280">
    <ele>1418.4</ele>
   </trkpt>
   <trkpt lat="46.3762080" lon="14.8854420">
    <ele>1418.2</ele>
   </trkpt>
   <trkpt lat="46.3762270" lon="14.8854530">
    <ele>1418.2</ele>
   </trkpt>
   <trkpt lat="46.3762430" lon="14.8854630">
    <ele>1418.2</ele>
   </trkpt>
   <trkpt lat="46.3762600" lon="14.8854730">
    <ele>1418.2</ele>
   </trkpt>
   <trkpt lat="46.3762770" lon="14.8854830">
    <ele>1418.2</ele>
   </trkpt>
   <trkpt lat="46.3762920" lon="14.8854980">
    <ele>1418.6</ele>
   </trkpt>
   <trkpt lat="46.3762920" lon="14.8854980">
    <ele>1418.6</ele>
   </trkpt>
   <trkpt lat="46.3763220" lon="14.8855270">
    <ele>1418.8</ele>
   </trkpt>
   <trkpt lat="46.3763220" lon="14.8855270">
    <ele>1419.0</ele>
   </trkpt>
   <trkpt lat="46.3763500" lon="14.8855480">
    <ele>1419.2</ele>
   </trkpt>
   <trkpt lat="46.3763500" lon="14.8855480">
    <ele>1419.8</ele>
   </trkpt>
   <trkpt lat="46.3763780" lon="14.8855770">
    <ele>1419.8</ele>
   </trkpt>
   <trkpt lat="46.3763780" lon="14.8855770">
    <ele>1420.2</ele>
   </trkpt>
   <trkpt lat="46.3764070" lon="14.8856030">
    <ele>1420.2</ele>
   </trkpt>
   <trkpt lat="46.3764070" lon="14.8856030">
    <ele>1420.8</ele>
   </trkpt>
   <trkpt lat="46.3764280" lon="14.8856250">
    <ele>1420.8</ele>
   </trkpt>
   <trkpt lat="46.3764280" lon="14.8856250">
    <ele>1420.8</ele>
   </trkpt>
   <trkpt lat="46.3764530" lon="14.8856450">
    <ele>1421.4</ele>
   </trkpt>
   <trkpt lat="46.3764530" lon="14.8856450">
    <ele>1422.0</ele>
   </trkpt>
   <trkpt lat="46.3764780" lon="14.8856720">
    <ele>1422.2</ele>
   </trkpt>
   <trkpt lat="46.3764780" lon="14.8856720">
    <ele>1422.2</ele>
   </trkpt>
   <trkpt lat="46.3765020" lon="14.8856950">
    <ele>1422.2</ele>
   </trkpt>
   <trkpt lat="46.3765020" lon="14.8856950">
    <ele>1423.2</ele>
   </trkpt>
   <trkpt lat="46.3765270" lon="14.8857100">
    <ele>1424.2</ele>
   </trkpt>
   <trkpt lat="46.3765270" lon="14.8857100">
    <ele>1424.2</ele>
   </trkpt>
   <trkpt lat="46.3765500" lon="14.8857280">
    <ele>1424.2</ele>
   </trkpt>
   <trkpt lat="46.3765500" lon="14.8857280">
    <ele>1424.2</ele>
   </trkpt>
   <trkpt lat="46.3765720" lon="14.8857470">
    <ele>1425.4</ele>
   </trkpt>
   <trkpt lat="46.3765720" lon="14.8857470">
    <ele>1425.8</ele>
   </trkpt>
   <trkpt lat="46.3765920" lon="14.8857680">
    <ele>1425.8</ele>
   </trkpt>
   <trkpt lat="46.3765920" lon="14.8857680">
    <ele>1426.4</ele>
   </trkpt>
   <trkpt lat="46.3766100" lon="14.8857850">
    <ele>1426.4</ele>
   </trkpt>
   <trkpt lat="46.3766100" lon="14.8857850">
    <ele>1426.4</ele>
   </trkpt>
   <trkpt lat="46.3766320" lon="14.8858030">
    <ele>1426.4</ele>
   </trkpt>
   <trkpt lat="46.3766320" lon="14.8858030">
    <ele>1426.2</ele>
   </trkpt>
   <trkpt lat="46.3766500" lon="14.8858180">
    <ele>1426.2</ele>
   </trkpt>
   <trkpt lat="46.3766500" lon="14.8858180">
    <ele>1426.2</ele>
   </trkpt>
   <trkpt lat="46.3766730" lon="14.8858300">
    <ele>1426.4</ele>
   </trkpt>
   <trkpt lat="46.3766730" lon="14.8858300">
    <ele>1426.4</ele>
   </trkpt>
   <trkpt lat="46.3766900" lon="14.8858450">
    <ele>1426.6</ele>
   </trkpt>
   <trkpt lat="46.3766900" lon="14.8858450">
    <ele>1427.4</ele>
   </trkpt>
   <trkpt lat="46.3767120" lon="14.8858630">
    <ele>1428.2</ele>
   </trkpt>
   <trkpt lat="46.3767120" lon="14.8858630">
    <ele>1428.2</ele>
   </trkpt>
   <trkpt lat="46.3767320" lon="14.8858850">
    <ele>1428.2</ele>
   </trkpt>
   <trkpt lat="46.3767320" lon="14.8858850">
    <ele>1429.4</ele>
   </trkpt>
   <trkpt lat="46.3767520" lon="14.8859150">
    <ele>1429.6</ele>
   </trkpt>
   <trkpt lat="46.3767520" lon="14.8859150">
    <ele>1429.6</ele>
   </trkpt>
   <trkpt lat="46.3767670" lon="14.8859480">
    <ele>1429.8</ele>
   </trkpt>
   <trkpt lat="46.3767670" lon="14.8859480">
    <ele>1430.2</ele>
   </trkpt>
   <trkpt lat="46.3767830" lon="14.8859780">
    <ele>1430.6</ele>
   </trkpt>
   <trkpt lat="46.3767830" lon="14.8859780">
    <ele>1431.4</ele>
   </trkpt>
   <trkpt lat="46.3768020" lon="14.8860080">
    <ele>1431.4</ele>
   </trkpt>
   <trkpt lat="46.3768020" lon="14.8860080">
    <ele>1431.4</ele>
   </trkpt>
   <trkpt lat="46.3768170" lon="14.8860370">
    <ele>1431.4</ele>
   </trkpt>
   <trkpt lat="46.3768170" lon="14.8860370">
    <ele>1431.2</ele>
   </trkpt>
   <trkpt lat="46.3768230" lon="14.8860770">
    <ele>1431.2</ele>
   </trkpt>
   <trkpt lat="46.3768230" lon="14.8860770">
    <ele>1431.2</ele>
   </trkpt>
   <trkpt lat="46.3768300" lon="14.8861130">
    <ele>1431.2</ele>
   </trkpt>
   <trkpt lat="46.3768300" lon="14.8861130">
    <ele>1431.4</ele>
   </trkpt>
   <trkpt lat="46.3768370" lon="14.8861570">
    <ele>1431.6</ele>
   </trkpt>
   <trkpt lat="46.3768370" lon="14.8861570">
    <ele>1431.8</ele>
   </trkpt>
   <trkpt lat="46.3768370" lon="14.8861930">
    <ele>1432.0</ele>
   </trkpt>
   <trkpt lat="46.3768370" lon="14.8861930">
    <ele>1432.4</ele>
   </trkpt>
   <trkpt lat="46.3768220" lon="14.8862220">
    <ele>1432.6</ele>
   </trkpt>
   <trkpt lat="46.3768220" lon="14.8862220">
    <ele>1432.8</ele>
   </trkpt>
   <trkpt lat="46.3767980" lon="14.8862420">
    <ele>1433.0</ele>
   </trkpt>
   <trkpt lat="46.3767980" lon="14.8862420">
    <ele>1433.2</ele>
   </trkpt>
   <trkpt lat="46.3767820" lon="14.8862730">
    <ele>1433.4</ele>
   </trkpt>
   <trkpt lat="46.3767820" lon="14.8862730">
    <ele>1433.6</ele>
   </trkpt>
   <trkpt lat="46.3767730" lon="14.8863170">
    <ele>1433.8</ele>
   </trkpt>
   <trkpt lat="46.3767730" lon="14.8863170">
    <ele>1434.0</ele>
   </trkpt>
   <trkpt lat="46.3767720" lon="14.8863530">
    <ele>1434.2</ele>
   </trkpt>
   <trkpt lat="46.3767720" lon="14.8863530">
    <ele>1434.2</ele>
   </trkpt>
   <trkpt lat="46.3767670" lon="14.8863820">
    <ele>1434.6</ele>
   </trkpt>
   <trkpt lat="46.3767670" lon="14.8863820">
    <ele>1434.6</ele>
   </trkpt>
   <trkpt lat="46.3767820" lon="14.8864130">
    <ele>1434.8</ele>
   </trkpt>
   <trkpt lat="46.3767820" lon="14.8864130">
    <ele>1434.8</ele>
   </trkpt>
   <trkpt lat="46.3768050" lon="14.8864600">
    <ele>1434.8</ele>
   </trkpt>
   <trkpt lat="46.3768050" lon="14.8864600">
    <ele>1434.8</ele>
   </trkpt>
   <trkpt lat="46.3768300" lon="14.8865180">
    <ele>1434.8</ele>
   </trkpt>
   <trkpt lat="46.3768370" lon="14.8865430">
    <ele>1434.8</ele>
   </trkpt>
   <trkpt lat="46.3768400" lon="14.8865720">
    <ele>1434.8</ele>
   </trkpt>
   <trkpt lat="46.3768420" lon="14.8866020">
    <ele>1434.8</ele>
   </trkpt>
   <trkpt lat="46.3768420" lon="14.8866270">
    <ele>1435.0</ele>
   </trkpt>
   <trkpt lat="46.3768430" lon="14.8866580">
    <ele>1435.2</ele>
   </trkpt>
   <trkpt lat="46.3768420" lon="14.8866920">
    <ele>1435.6</ele>
   </trkpt>
   <trkpt lat="46.3768430" lon="14.8867230">
    <ele>1435.6</ele>
   </trkpt>
   <trkpt lat="46.3768450" lon="14.8867570">
    <ele>1435.6</ele>
   </trkpt>
   <trkpt lat="46.3768500" lon="14.8867930">
    <ele>1435.8</ele>
   </trkpt>
   <trkpt lat="46.3768530" lon="14.8868320">
    <ele>1435.8</ele>
   </trkpt>
   <trkpt lat="46.3768530" lon="14.8868670">
    <ele>1435.8</ele>
   </trkpt>
   <trkpt lat="46.3768550" lon="14.8869000">
    <ele>1436.2</ele>
   </trkpt>
   <trkpt lat="46.3768620" lon="14.8869300">
    <ele>1436.2</ele>
   </trkpt>
   <trkpt lat="46.3768730" lon="14.8869550">
    <ele>1436.2</ele>
   </trkpt>
   <trkpt lat="46.3768870" lon="14.8869770">
    <ele>1436.2</ele>
   </trkpt>
   <trkpt lat="46.3769000" lon="14.8870030">
    <ele>1436.4</ele>
   </trkpt>
   <trkpt lat="46.3769080" lon="14.8870350">
    <ele>1436.4</ele>
   </trkpt>
   <trkpt lat="46.3769170" lon="14.8870650">
    <ele>1436.4</ele>
   </trkpt>
   <trkpt lat="46.3769320" lon="14.8870950">
    <ele>1436.4</ele>
   </trkpt>
   <trkpt lat="46.3769430" lon="14.8871220">
    <ele>1436.6</ele>
   </trkpt>
   <trkpt lat="46.3769550" lon="14.8871500">
    <ele>1436.6</ele>
   </trkpt>
   <trkpt lat="46.3769650" lon="14.8871770">
    <ele>1436.6</ele>
   </trkpt>
   <trkpt lat="46.3769730" lon="14.8872000">
    <ele>1436.8</ele>
   </trkpt>
   <trkpt lat="46.3769830" lon="14.8872280">
    <ele>1436.8</ele>
   </trkpt>
   <trkpt lat="46.3769970" lon="14.8872570">
    <ele>1437.0</ele>
   </trkpt>
   <trkpt lat="46.3770070" lon="14.8872870">
    <ele>1437.2</ele>
   </trkpt>
   <trkpt lat="46.3770150" lon="14.8873200">
    <ele>1437.2</ele>
   </trkpt>
   <trkpt lat="46.3770270" lon="14.8873480">
    <ele>1437.2</ele>
   </trkpt>
   <trkpt lat="46.3770380" lon="14.8873770">
    <ele>1437.4</ele>
   </trkpt>
   <trkpt lat="46.3770520" lon="14.8874050">
    <ele>1437.4</ele>
   </trkpt>
   <trkpt lat="46.3770620" lon="14.8874280">
    <ele>1437.4</ele>
   </trkpt>
   <trkpt lat="46.3770700" lon="14.8874580">
    <ele>1437.6</ele>
   </trkpt>
   <trkpt lat="46.3770780" lon="14.8874830">
    <ele>1438.0</ele>
   </trkpt>
   <trkpt lat="46.3770880" lon="14.8875070">
    <ele>1438.0</ele>
   </trkpt>
   <trkpt lat="46.3770980" lon="14.8875250">
    <ele>1438.0</ele>
   </trkpt>
   <trkpt lat="46.3771070" lon="14.8875480">
    <ele>1438.2</ele>
   </trkpt>
   <trkpt lat="46.3771150" lon="14.8875730">
    <ele>1438.8</ele>
   </trkpt>
   <trkpt lat="46.3771230" lon="14.8875970">
    <ele>1438.8</ele>
   </trkpt>
   <trkpt lat="46.3771230" lon="14.8875970">
    <ele>1439.0</ele>
   </trkpt>
   <trkpt lat="46.3771350" lon="14.8876420">
    <ele>1439.4</ele>
   </trkpt>
   <trkpt lat="46.3771350" lon="14.8876420">
    <ele>1439.6</ele>
   </trkpt>
   <trkpt lat="46.3771420" lon="14.8876780">
    <ele>1439.8</ele>
   </trkpt>
   <trkpt lat="46.3771420" lon="14.8876780">
    <ele>1440.0</ele>
   </trkpt>
   <trkpt lat="46.3771400" lon="14.8877200">
    <ele>1440.4</ele>
   </trkpt>
   <trkpt lat="46.3771400" lon="14.8877200">
    <ele>1440.6</ele>
   </trkpt>
   <trkpt lat="46.3771350" lon="14.8877630">
    <ele>1440.8</ele>
   </trkpt>
   <trkpt lat="46.3771350" lon="14.8877630">
    <ele>1441.4</ele>
   </trkpt>
   <trkpt lat="46.3771260" lon="14.8878080">
    <ele>1441.8</ele>
   </trkpt>
   <trkpt lat="46.3771260" lon="14.8878080">
    <ele>1441.8</ele>
   </trkpt>
   <trkpt lat="46.3771030" lon="14.8878450">
    <ele>1442.0</ele>
   </trkpt>
   <trkpt lat="46.3771030" lon="14.8878450">
    <ele>1442.4</ele>
   </trkpt>
   <trkpt lat="46.3770730" lon="14.8878650">
    <ele>1442.4</ele>
   </trkpt>
   <trkpt lat="46.3770730" lon="14.8878650">
    <ele>1442.8</ele>
   </trkpt>
   <trkpt lat="46.3770360" lon="14.8878730">
    <ele>1443.2</ele>
   </trkpt>
   <trkpt lat="46.3770360" lon="14.8878730">
    <ele>1443.2</ele>
   </trkpt>
   <trkpt lat="46.3769980" lon="14.8878830">
    <ele>1443.6</ele>
   </trkpt>
   <trkpt lat="46.3769800" lon="14.8878880">
    <ele>1443.6</ele>
   </trkpt>
   <trkpt lat="46.3769630" lon="14.8878980">
    <ele>1444.0</ele>
   </trkpt>
   <trkpt lat="46.3769480" lon="14.8879070">
    <ele>1444.0</ele>
   </trkpt>
   <trkpt lat="46.3769480" lon="14.8879070">
    <ele>1444.0</ele>
   </trkpt>
   <trkpt lat="46.3769150" lon="14.8879250">
    <ele>1444.0</ele>
   </trkpt>
   <trkpt lat="46.3769150" lon="14.8879250">
    <ele>1444.0</ele>
   </trkpt>
   <trkpt lat="46.3768870" lon="14.8879370">
    <ele>1443.8</ele>
   </trkpt>
   <trkpt lat="46.3768870" lon="14.8879370">
    <ele>1444.0</ele>
   </trkpt>
   <trkpt lat="46.3768600" lon="14.8879380">
    <ele>1444.0</ele>
   </trkpt>
   <trkpt lat="46.3768600" lon="14.8879380">
    <ele>1444.2</ele>
   </trkpt>
   <trkpt lat="46.3768320" lon="14.8879380">
    <ele>1444.4</ele>
   </trkpt>
   <trkpt lat="46.3768320" lon="14.8879380">
    <ele>1444.4</ele>
   </trkpt>
   <trkpt lat="46.3768070" lon="14.8879350">
    <ele>1444.8</ele>
   </trkpt>
   <trkpt lat="46.3768070" lon="14.8879350">
    <ele>1445.2</ele>
   </trkpt>
   <trkpt lat="46.3767820" lon="14.8879430">
    <ele>1445.6</ele>
   </trkpt>
   <trkpt lat="46.3767820" lon="14.8879430">
    <ele>1446.2</ele>
   </trkpt>
   <trkpt lat="46.3767550" lon="14.8879500">
    <ele>1446.8</ele>
   </trkpt>
   <trkpt lat="46.3767550" lon="14.8879500">
    <ele>1447.2</ele>
   </trkpt>
   <trkpt lat="46.3767350" lon="14.8879470">
    <ele>1447.4</ele>
   </trkpt>
   <trkpt lat="46.3767350" lon="14.8879470">
    <ele>1447.8</ele>
   </trkpt>
   <trkpt lat="46.3767170" lon="14.8879380">
    <ele>1448.0</ele>
   </trkpt>
   <trkpt lat="46.3767170" lon="14.8879380">
    <ele>1448.4</ele>
   </trkpt>
   <trkpt lat="46.3766930" lon="14.8879250">
    <ele>1449.0</ele>
   </trkpt>
   <trkpt lat="46.3766930" lon="14.8879250">
    <ele>1449.4</ele>
   </trkpt>
   <trkpt lat="46.3766680" lon="14.8879270">
    <ele>1449.8</ele>
   </trkpt>
   <trkpt lat="46.3766680" lon="14.8879270">
    <ele>1450.0</ele>
   </trkpt>
   <trkpt lat="46.3766480" lon="14.8879330">
    <ele>1450.4</ele>
   </trkpt>
   <trkpt lat="46.3766480" lon="14.8879330">
    <ele>1450.8</ele>
   </trkpt>
   <trkpt lat="46.3766280" lon="14.8879200">
    <ele>1451.0</ele>
   </trkpt>
   <trkpt lat="46.3766280" lon="14.8879200">
    <ele>1451.4</ele>
   </trkpt>
   <trkpt lat="46.3766100" lon="14.8879250">
    <ele>1451.4</ele>
   </trkpt>
   <trkpt lat="46.3766100" lon="14.8879250">
    <ele>1451.6</ele>
   </trkpt>
   <trkpt lat="46.3765900" lon="14.8879300">
    <ele>1452.0</ele>
   </trkpt>
   <trkpt lat="46.3765900" lon="14.8879300">
    <ele>1452.4</ele>
   </trkpt>
   <trkpt lat="46.3765700" lon="14.8879400">
    <ele>1452.8</ele>
   </trkpt>
   <trkpt lat="46.3765700" lon="14.8879400">
    <ele>1453.0</ele>
   </trkpt>
   <trkpt lat="46.3765480" lon="14.8879450">
    <ele>1453.0</ele>
   </trkpt>
   <trkpt lat="46.3765480" lon="14.8879450">
    <ele>1453.2</ele>
   </trkpt>
   <trkpt lat="46.3765270" lon="14.8879470">
    <ele>1453.4</ele>
   </trkpt>
   <trkpt lat="46.3765270" lon="14.8879470">
    <ele>1453.6</ele>
   </trkpt>
   <trkpt lat="46.3765080" lon="14.8879630">
    <ele>1454.0</ele>
   </trkpt>
   <trkpt lat="46.3765080" lon="14.8879630">
    <ele>1454.2</ele>
   </trkpt>
   <trkpt lat="46.3764880" lon="14.8879730">
    <ele>1454.6</ele>
   </trkpt>
   <trkpt lat="46.3764880" lon="14.8879730">
    <ele>1455.2</ele>
   </trkpt>
   <trkpt lat="46.3764650" lon="14.8879830">
    <ele>1455.6</ele>
   </trkpt>
   <trkpt lat="46.3764650" lon="14.8879830">
    <ele>1455.8</ele>
   </trkpt>
   <trkpt lat="46.3764450" lon="14.8879930">
    <ele>1456.2</ele>
   </trkpt>
   <trkpt lat="46.3764450" lon="14.8879930">
    <ele>1456.6</ele>
   </trkpt>
   <trkpt lat="46.3764230" lon="14.8879980">
    <ele>1457.0</ele>
   </trkpt>
   <trkpt lat="46.3764230" lon="14.8879980">
    <ele>1457.4</ele>
   </trkpt>
   <trkpt lat="46.3764000" lon="14.8880070">
    <ele>1457.8</ele>
   </trkpt>
   <trkpt lat="46.3764000" lon="14.8880070">
    <ele>1458.0</ele>
   </trkpt>
   <trkpt lat="46.3763720" lon="14.8880120">
    <ele>1458.4</ele>
   </trkpt>
   <trkpt lat="46.3763720" lon="14.8880120">
    <ele>1458.6</ele>
   </trkpt>
   <trkpt lat="46.3763450" lon="14.8880050">
    <ele>1458.6</ele>
   </trkpt>
   <trkpt lat="46.3763450" lon="14.8880050">
    <ele>1458.8</ele>
   </trkpt>
   <trkpt lat="46.3763200" lon="14.8880030">
    <ele>1459.0</ele>
   </trkpt>
   <trkpt lat="46.3763200" lon="14.8880030">
    <ele>1459.4</ele>
   </trkpt>
   <trkpt lat="46.3762950" lon="14.8880070">
    <ele>1459.6</ele>
   </trkpt>
   <trkpt lat="46.3762950" lon="14.8880070">
    <ele>1459.6</ele>
   </trkpt>
   <trkpt lat="46.3762700" lon="14.8879970">
    <ele>1460.0</ele>
   </trkpt>
   <trkpt lat="46.3762700" lon="14.8879970">
    <ele>1460.4</ele>
   </trkpt>
   <trkpt lat="46.3762420" lon="14.8879870">
    <ele>1460.8</ele>
   </trkpt>
   <trkpt lat="46.3762420" lon="14.8879870">
    <ele>1461.4</ele>
   </trkpt>
   <trkpt lat="46.3762030" lon="14.8879750">
    <ele>1461.4</ele>
   </trkpt>
   <trkpt lat="46.3762030" lon="14.8879750">
    <ele>1461.6</ele>
   </trkpt>
   <trkpt lat="46.3761620" lon="14.8879600">
    <ele>1461.8</ele>
   </trkpt>
   <trkpt lat="46.3761400" lon="14.8879530">
    <ele>1462.0</ele>
   </trkpt>
   <trkpt lat="46.3761200" lon="14.8879480">
    <ele>1462.0</ele>
   </trkpt>
   <trkpt lat="46.3761000" lon="14.8879450">
    <ele>1461.8</ele>
   </trkpt>
   <trkpt lat="46.3760820" lon="14.8879330">
    <ele>1461.8</ele>
   </trkpt>
   <trkpt lat="46.3760580" lon="14.8879200">
    <ele>1462.0</ele>
   </trkpt>
   <trkpt lat="46.3760350" lon="14.8879070">
    <ele>1462.0</ele>
   </trkpt>
   <trkpt lat="46.3760130" lon="14.8878920">
    <ele>1462.2</ele>
   </trkpt>
   <trkpt lat="46.3759970" lon="14.8878770">
    <ele>1462.2</ele>
   </trkpt>
   <trkpt lat="46.3759780" lon="14.8878580">
    <ele>1462.2</ele>
   </trkpt>
   <trkpt lat="46.3759580" lon="14.8878420">
    <ele>1462.2</ele>
   </trkpt>
   <trkpt lat="46.3759380" lon="14.8878270">
    <ele>1462.4</ele>
   </trkpt>
   <trkpt lat="46.3759180" lon="14.8878080">
    <ele>1462.4</ele>
   </trkpt>
   <trkpt lat="46.3758970" lon="14.8877930">
    <ele>1462.4</ele>
   </trkpt>
   <trkpt lat="46.3758750" lon="14.8877820">
    <ele>1462.4</ele>
   </trkpt>
   <trkpt lat="46.3758530" lon="14.8877630">
    <ele>1462.4</ele>
   </trkpt>
   <trkpt lat="46.3758350" lon="14.8877480">
    <ele>1462.4</ele>
   </trkpt>
   <trkpt lat="46.3758170" lon="14.8877350">
    <ele>1462.4</ele>
   </trkpt>
   <trkpt lat="46.3757980" lon="14.8877220">
    <ele>1462.4</ele>
   </trkpt>
   <trkpt lat="46.3757780" lon="14.8877070">
    <ele>1462.4</ele>
   </trkpt>
   <trkpt lat="46.3757570" lon="14.8876880">
    <ele>1462.4</ele>
   </trkpt>
   <trkpt lat="46.3757370" lon="14.8876720">
    <ele>1462.4</ele>
   </trkpt>
   <trkpt lat="46.3757150" lon="14.8876570">
    <ele>1462.4</ele>
   </trkpt>
   <trkpt lat="46.3756950" lon="14.8876450">
    <ele>1462.4</ele>
   </trkpt>
   <trkpt lat="46.3756730" lon="14.8876320">
    <ele>1462.6</ele>
   </trkpt>
   <trkpt lat="46.3756550" lon="14.8876200">
    <ele>1462.6</ele>
   </trkpt>
   <trkpt lat="46.3756320" lon="14.8876100">
    <ele>1462.8</ele>
   </trkpt>
   <trkpt lat="46.3756100" lon="14.8876020">
    <ele>1462.8</ele>
   </trkpt>
   <trkpt lat="46.3755900" lon="14.8875920">
    <ele>1463.0</ele>
   </trkpt>
   <trkpt lat="46.3755700" lon="14.8875820">
    <ele>1463.2</ele>
   </trkpt>
   <trkpt lat="46.3755520" lon="14.8875720">
    <ele>1463.2</ele>
   </trkpt>
   <trkpt lat="46.3755320" lon="14.8875670">
    <ele>1463.4</ele>
   </trkpt>
   <trkpt lat="46.3755120" lon="14.8875670">
    <ele>1463.6</ele>
   </trkpt>
   <trkpt lat="46.3754920" lon="14.8875620">
    <ele>1463.8</ele>
   </trkpt>
   <trkpt lat="46.3754700" lon="14.8875600">
    <ele>1463.8</ele>
   </trkpt>
   <trkpt lat="46.3754520" lon="14.8875600">
    <ele>1464.2</ele>
   </trkpt>
   <trkpt lat="46.3754330" lon="14.8875620">
    <ele>1464.2</ele>
   </trkpt>
   <trkpt lat="46.3754120" lon="14.8875650">
    <ele>1464.4</ele>
   </trkpt>
   <trkpt lat="46.3753930" lon="14.8875720">
    <ele>1464.6</ele>
   </trkpt>
   <trkpt lat="46.3753730" lon="14.8875830">
    <ele>1465.0</ele>
   </trkpt>
   <trkpt lat="46.3753580" lon="14.8875900">
    <ele>1465.0</ele>
   </trkpt>
   <trkpt lat="46.3753430" lon="14.8875970">
    <ele>1465.2</ele>
   </trkpt>
   <trkpt lat="46.3753250" lon="14.8876070">
    <ele>1465.4</ele>
   </trkpt>
   <trkpt lat="46.3753050" lon="14.8876130">
    <ele>1465.4</ele>
   </trkpt>
   <trkpt lat="46.3752850" lon="14.8876170">
    <ele>1465.6</ele>
   </trkpt>
   <trkpt lat="46.3752680" lon="14.8876170">
    <ele>1465.8</ele>
   </trkpt>
   <trkpt lat="46.3752530" lon="14.8876100">
    <ele>1466.2</ele>
   </trkpt>
   <trkpt lat="46.3752530" lon="14.8876100">
    <ele>1466.6</ele>
   </trkpt>
   <trkpt lat="46.3752200" lon="14.8876050">
    <ele>1466.6</ele>
   </trkpt>
   <trkpt lat="46.3752200" lon="14.8876050">
    <ele>1467.0</ele>
   </trkpt>
   <trkpt lat="46.3751880" lon="14.8876000">
    <ele>1467.4</ele>
   </trkpt>
   <trkpt lat="46.3751880" lon="14.8876000">
    <ele>1467.6</ele>
   </trkpt>
   <trkpt lat="46.3751580" lon="14.8876020">
    <ele>1468.0</ele>
   </trkpt>
   <trkpt lat="46.3751580" lon="14.8876020">
    <ele>1468.4</ele>
   </trkpt>
   <trkpt lat="46.3751280" lon="14.8876120">
    <ele>1468.8</ele>
   </trkpt>
   <trkpt lat="46.3751280" lon="14.8876120">
    <ele>1468.8</ele>
   </trkpt>
   <trkpt lat="46.3751050" lon="14.8876350">
    <ele>1469.2</ele>
   </trkpt>
   <trkpt lat="46.3751050" lon="14.8876350">
    <ele>1469.2</ele>
   </trkpt>
   <trkpt lat="46.3750850" lon="14.8876650">
    <ele>1470.0</ele>
   </trkpt>
   <trkpt lat="46.3750850" lon="14.8876650">
    <ele>1470.0</ele>
   </trkpt>
   <trkpt lat="46.3750650" lon="14.8876920">
    <ele>1470.6</ele>
   </trkpt>
   <trkpt lat="46.3750650" lon="14.8876920">
    <ele>1470.8</ele>
   </trkpt>
   <trkpt lat="46.3750380" lon="14.8876980">
    <ele>1471.0</ele>
   </trkpt>
   <trkpt lat="46.3750380" lon="14.8876980">
    <ele>1471.6</ele>
   </trkpt>
   <trkpt lat="46.3750120" lon="14.8876980">
    <ele>1471.8</ele>
   </trkpt>
   <trkpt lat="46.3750120" lon="14.8876980">
    <ele>1472.0</ele>
   </trkpt>
   <trkpt lat="46.3749900" lon="14.8877170">
    <ele>1472.4</ele>
   </trkpt>
   <trkpt lat="46.3749900" lon="14.8877170">
    <ele>1472.6</ele>
   </trkpt>
   <trkpt lat="46.3749730" lon="14.8877470">
    <ele>1473.0</ele>
   </trkpt>
   <trkpt lat="46.3749730" lon="14.8877470">
    <ele>1473.4</ele>
   </trkpt>
   <trkpt lat="46.3749580" lon="14.8877780">
    <ele>1473.6</ele>
   </trkpt>
   <trkpt lat="46.3749580" lon="14.8877780">
    <ele>1473.8</ele>
   </trkpt>
   <trkpt lat="46.3749370" lon="14.8878030">
    <ele>1474.0</ele>
   </trkpt>
   <trkpt lat="46.3749370" lon="14.8878030">
    <ele>1474.2</ele>
   </trkpt>
   <trkpt lat="46.3749150" lon="14.8878230">
    <ele>1474.4</ele>
   </trkpt>
   <trkpt lat="46.3749150" lon="14.8878230">
    <ele>1474.6</ele>
   </trkpt>
   <trkpt lat="46.3748950" lon="14.8878500">
    <ele>1474.8</ele>
   </trkpt>
   <trkpt lat="46.3748950" lon="14.8878500">
    <ele>1474.8</ele>
   </trkpt>
   <trkpt lat="46.3748700" lon="14.8878670">
    <ele>1475.2</ele>
   </trkpt>
   <trkpt lat="46.3748700" lon="14.8878670">
    <ele>1475.4</ele>
   </trkpt>
   <trkpt lat="46.3748480" lon="14.8878920">
    <ele>1475.8</ele>
   </trkpt>
   <trkpt lat="46.3748480" lon="14.8878920">
    <ele>1476.0</ele>
   </trkpt>
   <trkpt lat="46.3748280" lon="14.8879150">
    <ele>1476.2</ele>
   </trkpt>
   <trkpt lat="46.3748280" lon="14.8879150">
    <ele>1476.4</ele>
   </trkpt>
   <trkpt lat="46.3748120" lon="14.8879400">
    <ele>1476.8</ele>
   </trkpt>
   <trkpt lat="46.3748120" lon="14.8879400">
    <ele>1477.2</ele>
   </trkpt>
   <trkpt lat="46.3747930" lon="14.8879620">
    <ele>1477.4</ele>
   </trkpt>
   <trkpt lat="46.3747930" lon="14.8879620">
    <ele>1477.6</ele>
   </trkpt>
   <trkpt lat="46.3747730" lon="14.8879870">
    <ele>1477.6</ele>
   </trkpt>
   <trkpt lat="46.3747730" lon="14.8879870">
    <ele>1477.8</ele>
   </trkpt>
   <trkpt lat="46.3747500" lon="14.8880120">
    <ele>1478.0</ele>
   </trkpt>
   <trkpt lat="46.3747500" lon="14.8880120">
    <ele>1478.2</ele>
   </trkpt>
   <trkpt lat="46.3747270" lon="14.8880280">
    <ele>1478.4</ele>
   </trkpt>
   <trkpt lat="46.3747270" lon="14.8880280">
    <ele>1478.6</ele>
   </trkpt>
   <trkpt lat="46.3747070" lon="14.8880480">
    <ele>1478.8</ele>
   </trkpt>
   <trkpt lat="46.3747070" lon="14.8880480">
    <ele>1479.0</ele>
   </trkpt>
   <trkpt lat="46.3746900" lon="14.8880680">
    <ele>1479.2</ele>
   </trkpt>
   <trkpt lat="46.3746900" lon="14.8880680">
    <ele>1479.6</ele>
   </trkpt>
   <trkpt lat="46.3746700" lon="14.8880900">
    <ele>1480.0</ele>
   </trkpt>
   <trkpt lat="46.3746700" lon="14.8880900">
    <ele>1480.2</ele>
   </trkpt>
   <trkpt lat="46.3746480" lon="14.8881050">
    <ele>1480.2</ele>
   </trkpt>
   <trkpt lat="46.3746480" lon="14.8881050">
    <ele>1480.4</ele>
   </trkpt>
   <trkpt lat="46.3746270" lon="14.8881170">
    <ele>1480.8</ele>
   </trkpt>
   <trkpt lat="46.3746270" lon="14.8881170">
    <ele>1481.2</ele>
   </trkpt>
   <trkpt lat="46.3746020" lon="14.8881220">
    <ele>1481.2</ele>
   </trkpt>
   <trkpt lat="46.3746020" lon="14.8881220">
    <ele>1481.4</ele>
   </trkpt>
   <trkpt lat="46.3745800" lon="14.8881480">
    <ele>1481.6</ele>
   </trkpt>
   <trkpt lat="46.3745800" lon="14.8881480">
    <ele>1482.0</ele>
   </trkpt>
   <trkpt lat="46.3745620" lon="14.8881800">
    <ele>1482.4</ele>
   </trkpt>
   <trkpt lat="46.3745620" lon="14.8881800">
    <ele>1482.8</ele>
   </trkpt>
   <trkpt lat="46.3745450" lon="14.8882120">
    <ele>1483.0</ele>
   </trkpt>
   <trkpt lat="46.3745450" lon="14.8882120">
    <ele>1483.2</ele>
   </trkpt>
   <trkpt lat="46.3745280" lon="14.8882380">
    <ele>1483.4</ele>
   </trkpt>
   <trkpt lat="46.3745280" lon="14.8882380">
    <ele>1483.8</ele>
   </trkpt>
   <trkpt lat="46.3745080" lon="14.8882630">
    <ele>1484.0</ele>
   </trkpt>
   <trkpt lat="46.3745080" lon="14.8882630">
    <ele>1484.2</ele>
   </trkpt>
   <trkpt lat="46.3744880" lon="14.8882930">
    <ele>1484.6</ele>
   </trkpt>
   <trkpt lat="46.3744880" lon="14.8882930">
    <ele>1484.8</ele>
   </trkpt>
   <trkpt lat="46.3744750" lon="14.8883200">
    <ele>1485.0</ele>
   </trkpt>
   <trkpt lat="46.3744750" lon="14.8883200">
    <ele>1485.4</ele>
   </trkpt>
   <trkpt lat="46.3744610" lon="14.8883470">
    <ele>1485.4</ele>
   </trkpt>
   <trkpt lat="46.3744610" lon="14.8883470">
    <ele>1485.4</ele>
   </trkpt>
   <trkpt lat="46.3744500" lon="14.8883630">
    <ele>1485.4</ele>
   </trkpt>
   <trkpt lat="46.3744500" lon="14.8883630">
    <ele>1485.8</ele>
   </trkpt>
   <trkpt lat="46.3744400" lon="14.8883850">
    <ele>1486.2</ele>
   </trkpt>
   <trkpt lat="46.3744400" lon="14.8883850">
    <ele>1486.6</ele>
   </trkpt>
   <trkpt lat="46.3744400" lon="14.8883850">
    <ele>1486.8</ele>
   </trkpt>
   <trkpt lat="46.3744200" lon="14.8884130">
    <ele>1487.2</ele>
   </trkpt>
   <trkpt lat="46.3744200" lon="14.8884130">
    <ele>1487.6</ele>
   </trkpt>
   <trkpt lat="46.3744100" lon="14.8884350">
    <ele>1488.0</ele>
   </trkpt>
   <trkpt lat="46.3744100" lon="14.8884350">
    <ele>1488.4</ele>
   </trkpt>
   <trkpt lat="46.3744100" lon="14.8884350">
    <ele>1488.8</ele>
   </trkpt>
   <trkpt lat="46.3743970" lon="14.8884700">
    <ele>1489.2</ele>
   </trkpt>
   <trkpt lat="46.3743970" lon="14.8884700">
    <ele>1489.6</ele>
   </trkpt>
   <trkpt lat="46.3743970" lon="14.8884700">
    <ele>1489.8</ele>
   </trkpt>
   <trkpt lat="46.3743780" lon="14.8884950">
    <ele>1490.0</ele>
   </trkpt>
   <trkpt lat="46.3743780" lon="14.8884950">
    <ele>1490.4</ele>
   </trkpt>
   <trkpt lat="46.3743780" lon="14.8884950">
    <ele>1490.8</ele>
   </trkpt>
   <trkpt lat="46.3743570" lon="14.8885180">
    <ele>1491.2</ele>
   </trkpt>
   <trkpt lat="46.3743570" lon="14.8885180">
    <ele>1491.6</ele>
   </trkpt>
   <trkpt lat="46.3743430" lon="14.8885420">
    <ele>1492.0</ele>
   </trkpt>
   <trkpt lat="46.3743430" lon="14.8885420">
    <ele>1492.2</ele>
   </trkpt>
   <trkpt lat="46.3743250" lon="14.8885680">
    <ele>1492.6</ele>
   </trkpt>
   <trkpt lat="46.3743250" lon="14.8885680">
    <ele>1492.6</ele>
   </trkpt>
   <trkpt lat="46.3743120" lon="14.8885920">
    <ele>1493.0</ele>
   </trkpt>
   <trkpt lat="46.3743120" lon="14.8885920">
    <ele>1493.2</ele>
   </trkpt>
   <trkpt lat="46.3742930" lon="14.8886120">
    <ele>1493.2</ele>
   </trkpt>
   <trkpt lat="46.3742930" lon="14.8886120">
    <ele>1493.2</ele>
   </trkpt>
   <trkpt lat="46.3742780" lon="14.8886300">
    <ele>1493.6</ele>
   </trkpt>
   <trkpt lat="46.3742780" lon="14.8886300">
    <ele>1494.2</ele>
   </trkpt>
   <trkpt lat="46.3742650" lon="14.8886480">
    <ele>1494.2</ele>
   </trkpt>
   <trkpt lat="46.3742650" lon="14.8886480">
    <ele>1494.4</ele>
   </trkpt>
   <trkpt lat="46.3742520" lon="14.8886670">
    <ele>1494.6</ele>
   </trkpt>
   <trkpt lat="46.3742520" lon="14.8886670">
    <ele>1495.0</ele>
   </trkpt>
   <trkpt lat="46.3742380" lon="14.8886920">
    <ele>1495.4</ele>
   </trkpt>
   <trkpt lat="46.3742380" lon="14.8886920">
    <ele>1495.8</ele>
   </trkpt>
   <trkpt lat="46.3742280" lon="14.8887150">
    <ele>1496.2</ele>
   </trkpt>
   <trkpt lat="46.3742280" lon="14.8887150">
    <ele>1496.4</ele>
   </trkpt>
   <trkpt lat="46.3742250" lon="14.8887400">
    <ele>1496.8</ele>
   </trkpt>
   <trkpt lat="46.3742250" lon="14.8887400">
    <ele>1497.0</ele>
   </trkpt>
   <trkpt lat="46.3742160" lon="14.8887670">
    <ele>1497.4</ele>
   </trkpt>
   <trkpt lat="46.3742160" lon="14.8887670">
    <ele>1497.6</ele>
   </trkpt>
   <trkpt lat="46.3742160" lon="14.8887670">
    <ele>1497.6</ele>
   </trkpt>
   <trkpt lat="46.3741980" lon="14.8887900">
    <ele>1497.8</ele>
   </trkpt>
   <trkpt lat="46.3741980" lon="14.8887900">
    <ele>1498.4</ele>
   </trkpt>
   <trkpt lat="46.3741980" lon="14.8887900">
    <ele>1498.6</ele>
   </trkpt>
   <trkpt lat="46.3741880" lon="14.8888070">
    <ele>1498.8</ele>
   </trkpt>
   <trkpt lat="46.3741880" lon="14.8888070">
    <ele>1499.0</ele>
   </trkpt>
   <trkpt lat="46.3741880" lon="14.8888070">
    <ele>1499.6</ele>
   </trkpt>
   <trkpt lat="46.3741750" lon="14.8888330">
    <ele>1499.8</ele>
   </trkpt>
   <trkpt lat="46.3741750" lon="14.8888330">
    <ele>1500.4</ele>
   </trkpt>
   <trkpt lat="46.3741750" lon="14.8888330">
    <ele>1500.8</ele>
   </trkpt>
   <trkpt lat="46.3741670" lon="14.8888670">
    <ele>1501.0</ele>
   </trkpt>
   <trkpt lat="46.3741670" lon="14.8888670">
    <ele>1501.4</ele>
   </trkpt>
   <trkpt lat="46.3741670" lon="14.8888670">
    <ele>1501.6</ele>
   </trkpt>
   <trkpt lat="46.3741520" lon="14.8888920">
    <ele>1501.8</ele>
   </trkpt>
   <trkpt lat="46.3741520" lon="14.8888920">
    <ele>1502.2</ele>
   </trkpt>
   <trkpt lat="46.3741520" lon="14.8888920">
    <ele>1502.4</ele>
   </trkpt>
   <trkpt lat="46.3741420" lon="14.8889230">
    <ele>1502.6</ele>
   </trkpt>
   <trkpt lat="46.3741420" lon="14.8889230">
    <ele>1502.6</ele>
   </trkpt>
   <trkpt lat="46.3741420" lon="14.8889230">
    <ele>1503.2</ele>
   </trkpt>
   <trkpt lat="46.3741420" lon="14.8889570">
    <ele>1503.2</ele>
   </trkpt>
   <trkpt lat="46.3741420" lon="14.8889570">
    <ele>1503.6</ele>
   </trkpt>
   <trkpt lat="46.3741420" lon="14.8889570">
    <ele>1503.6</ele>
   </trkpt>
   <trkpt lat="46.3741430" lon="14.8889880">
    <ele>1505.0</ele>
   </trkpt>
   <trkpt lat="46.3741430" lon="14.8889880">
    <ele>1505.2</ele>
   </trkpt>
   <trkpt lat="46.3741430" lon="14.8889880">
    <ele>1505.6</ele>
   </trkpt>
   <trkpt lat="46.3741270" lon="14.8890150">
    <ele>1505.8</ele>
   </trkpt>
   <trkpt lat="46.3741270" lon="14.8890150">
    <ele>1506.2</ele>
   </trkpt>
   <trkpt lat="46.3741270" lon="14.8890150">
    <ele>1506.2</ele>
   </trkpt>
   <trkpt lat="46.3741200" lon="14.8890450">
    <ele>1506.4</ele>
   </trkpt>
   <trkpt lat="46.3741200" lon="14.8890450">
    <ele>1506.6</ele>
   </trkpt>
   <trkpt lat="46.3741200" lon="14.8890450">
    <ele>1507.0</ele>
   </trkpt>
   <trkpt lat="46.3741070" lon="14.8890600">
    <ele>1507.2</ele>
   </trkpt>
   <trkpt lat="46.3741070" lon="14.8890600">
    <ele>1508.0</ele>
   </trkpt>
   <trkpt lat="46.3741070" lon="14.8890600">
    <ele>1508.4</ele>
   </trkpt>
   <trkpt lat="46.3741070" lon="14.8890950">
    <ele>1508.4</ele>
   </trkpt>
   <trkpt lat="46.3741070" lon="14.8890950">
    <ele>1509.0</ele>
   </trkpt>
   <trkpt lat="46.3741070" lon="14.8890950">
    <ele>1509.4</ele>
   </trkpt>
   <trkpt lat="46.3741020" lon="14.8891370">
    <ele>1509.6</ele>
   </trkpt>
   <trkpt lat="46.3741020" lon="14.8891370">
    <ele>1509.8</ele>
   </trkpt>
   <trkpt lat="46.3740930" lon="14.8891650">
    <ele>1510.0</ele>
   </trkpt>
   <trkpt lat="46.3740930" lon="14.8891650">
    <ele>1510.0</ele>
   </trkpt>
   <trkpt lat="46.3740820" lon="14.8891930">
    <ele>1510.2</ele>
   </trkpt>
   <trkpt lat="46.3740820" lon="14.8891930">
    <ele>1510.8</ele>
   </trkpt>
   <trkpt lat="46.3740820" lon="14.8891930">
    <ele>1511.6</ele>
   </trkpt>
   <trkpt lat="46.3740750" lon="14.8892130">
    <ele>1511.6</ele>
   </trkpt>
   <trkpt lat="46.3740750" lon="14.8892130">
    <ele>1511.6</ele>
   </trkpt>
   <trkpt lat="46.3740750" lon="14.8892130">
    <ele>1512.0</ele>
   </trkpt>
   <trkpt lat="46.3740750" lon="14.8892130">
    <ele>1512.4</ele>
   </trkpt>
   <trkpt lat="46.3740720" lon="14.8892530">
    <ele>1512.6</ele>
   </trkpt>
   <trkpt lat="46.3740720" lon="14.8892530">
    <ele>1513.2</ele>
   </trkpt>
   <trkpt lat="46.3740720" lon="14.8892530">
    <ele>1513.6</ele>
   </trkpt>
   <trkpt lat="46.3740650" lon="14.8892820">
    <ele>1514.0</ele>
   </trkpt>
   <trkpt lat="46.3740650" lon="14.8892820">
    <ele>1514.4</ele>
   </trkpt>
   <trkpt lat="46.3740650" lon="14.8892820">
    <ele>1514.6</ele>
   </trkpt>
   <trkpt lat="46.3740670" lon="14.8893070">
    <ele>1514.6</ele>
   </trkpt>
   <trkpt lat="46.3740670" lon="14.8893070">
    <ele>1514.6</ele>
   </trkpt>
   <trkpt lat="46.3740670" lon="14.8893070">
    <ele>1514.8</ele>
   </trkpt>
   <trkpt lat="46.3740600" lon="14.8893370">
    <ele>1515.0</ele>
   </trkpt>
   <trkpt lat="46.3740600" lon="14.8893370">
    <ele>1515.4</ele>
   </trkpt>
   <trkpt lat="46.3740600" lon="14.8893370">
    <ele>1515.8</ele>
   </trkpt>
   <trkpt lat="46.3740430" lon="14.8893630">
    <ele>1516.2</ele>
   </trkpt>
   <trkpt lat="46.3740430" lon="14.8893630">
    <ele>1516.6</ele>
   </trkpt>
   <trkpt lat="46.3740430" lon="14.8893630">
    <ele>1517.0</ele>
   </trkpt>
   <trkpt lat="46.3740400" lon="14.8893970">
    <ele>1517.2</ele>
   </trkpt>
   <trkpt lat="46.3740400" lon="14.8893970">
    <ele>1517.8</ele>
   </trkpt>
   <trkpt lat="46.3740400" lon="14.8893970">
    <ele>1517.8</ele>
   </trkpt>
   <trkpt lat="46.3740280" lon="14.8894230">
    <ele>1518.0</ele>
   </trkpt>
   <trkpt lat="46.3740280" lon="14.8894230">
    <ele>1518.0</ele>
   </trkpt>
   <trkpt lat="46.3740280" lon="14.8894230">
    <ele>1518.2</ele>
   </trkpt>
   <trkpt lat="46.3740250" lon="14.8894550">
    <ele>1518.6</ele>
   </trkpt>
   <trkpt lat="46.3740250" lon="14.8894550">
    <ele>1518.8</ele>
   </trkpt>
   <trkpt lat="46.3740250" lon="14.8894550">
    <ele>1519.0</ele>
   </trkpt>
   <trkpt lat="46.3740200" lon="14.8894770">
    <ele>1519.2</ele>
   </trkpt>
   <trkpt lat="46.3740200" lon="14.8894770">
    <ele>1519.4</ele>
   </trkpt>
   <trkpt lat="46.3740200" lon="14.8894770">
    <ele>1519.8</ele>
   </trkpt>
   <trkpt lat="46.3740200" lon="14.8894770">
    <ele>1520.4</ele>
   </trkpt>
   <trkpt lat="46.3739950" lon="14.8895030">
    <ele>1521.0</ele>
   </trkpt>
   <trkpt lat="46.3739950" lon="14.8895030">
    <ele>1521.2</ele>
   </trkpt>
   <trkpt lat="46.3739950" lon="14.8895030">
    <ele>1521.4</ele>
   </trkpt>
   <trkpt lat="46.3739880" lon="14.8895320">
    <ele>1521.8</ele>
   </trkpt>
   <trkpt lat="46.3739880" lon="14.8895320">
    <ele>1521.8</ele>
   </trkpt>
   <trkpt lat="46.3739880" lon="14.8895320">
    <ele>1522.2</ele>
   </trkpt>
   <trkpt lat="46.3739750" lon="14.8895630">
    <ele>1522.4</ele>
   </trkpt>
   <trkpt lat="46.3739750" lon="14.8895630">
    <ele>1522.6</ele>
   </trkpt>
   <trkpt lat="46.3739750" lon="14.8895630">
    <ele>1522.8</ele>
   </trkpt>
   <trkpt lat="46.3739530" lon="14.8895920">
    <ele>1523.2</ele>
   </trkpt>
   <trkpt lat="46.3739530" lon="14.8895920">
    <ele>1524.2</ele>
   </trkpt>
   <trkpt lat="46.3739530" lon="14.8895920">
    <ele>1524.8</ele>
   </trkpt>
   <trkpt lat="46.3739400" lon="14.8896230">
    <ele>1525.2</ele>
   </trkpt>
   <trkpt lat="46.3739400" lon="14.8896230">
    <ele>1525.4</ele>
   </trkpt>
   <trkpt lat="46.3739400" lon="14.8896230">
    <ele>1525.6</ele>
   </trkpt>
   <trkpt lat="46.3739150" lon="14.8896430">
    <ele>1525.6</ele>
   </trkpt>
   <trkpt lat="46.3739150" lon="14.8896430">
    <ele>1525.8</ele>
   </trkpt>
   <trkpt lat="46.3738980" lon="14.8896600">
    <ele>1525.8</ele>
   </trkpt>
   <trkpt lat="46.3738980" lon="14.8896600">
    <ele>1526.2</ele>
   </trkpt>
   <trkpt lat="46.3738850" lon="14.8896820">
    <ele>1526.6</ele>
   </trkpt>
   <trkpt lat="46.3738850" lon="14.8896820">
    <ele>1527.0</ele>
   </trkpt>
   <trkpt lat="46.3738670" lon="14.8896970">
    <ele>1527.2</ele>
   </trkpt>
   <trkpt lat="46.3738670" lon="14.8896970">
    <ele>1527.4</ele>
   </trkpt>
   <trkpt lat="46.3738420" lon="14.8897100">
    <ele>1527.6</ele>
   </trkpt>
   <trkpt lat="46.3738420" lon="14.8897100">
    <ele>1528.2</ele>
   </trkpt>
   <trkpt lat="46.3738120" lon="14.8897230">
    <ele>1528.2</ele>
   </trkpt>
   <trkpt lat="46.3738120" lon="14.8897230">
    <ele>1528.8</ele>
   </trkpt>
   <trkpt lat="46.3737820" lon="14.8897350">
    <ele>1529.2</ele>
   </trkpt>
   <trkpt lat="46.3737820" lon="14.8897350">
    <ele>1529.6</ele>
   </trkpt>
   <trkpt lat="46.3737520" lon="14.8897380">
    <ele>1529.8</ele>
   </trkpt>
   <trkpt lat="46.3737520" lon="14.8897380">
    <ele>1530.2</ele>
   </trkpt>
   <trkpt lat="46.3737220" lon="14.8897450">
    <ele>1530.4</ele>
   </trkpt>
   <trkpt lat="46.3737220" lon="14.8897450">
    <ele>1530.6</ele>
   </trkpt>
   <trkpt lat="46.3736930" lon="14.8897520">
    <ele>1530.6</ele>
   </trkpt>
   <trkpt lat="46.3736930" lon="14.8897520">
    <ele>1530.6</ele>
   </trkpt>
   <trkpt lat="46.3736670" lon="14.8897700">
    <ele>1530.8</ele>
   </trkpt>
   <trkpt lat="46.3736670" lon="14.8897700">
    <ele>1530.8</ele>
   </trkpt>
   <trkpt lat="46.3736450" lon="14.8897950">
    <ele>1530.8</ele>
   </trkpt>
   <trkpt lat="46.3736450" lon="14.8897950">
    <ele>1531.0</ele>
   </trkpt>
   <trkpt lat="46.3736180" lon="14.8898200">
    <ele>1531.0</ele>
   </trkpt>
   <trkpt lat="46.3736180" lon="14.8898200">
    <ele>1531.2</ele>
   </trkpt>
   <trkpt lat="46.3735920" lon="14.8898350">
    <ele>1531.4</ele>
   </trkpt>
   <trkpt lat="46.3735920" lon="14.8898350">
    <ele>1531.6</ele>
   </trkpt>
   <trkpt lat="46.3735650" lon="14.8898480">
    <ele>1531.6</ele>
   </trkpt>
   <trkpt lat="46.3735650" lon="14.8898480">
    <ele>1531.6</ele>
   </trkpt>
   <trkpt lat="46.3735370" lon="14.8898700">
    <ele>1531.8</ele>
   </trkpt>
   <trkpt lat="46.3735370" lon="14.8898700">
    <ele>1532.2</ele>
   </trkpt>
   <trkpt lat="46.3735080" lon="14.8898850">
    <ele>1532.8</ele>
   </trkpt>
   <trkpt lat="46.3735080" lon="14.8898850">
    <ele>1533.2</ele>
   </trkpt>
   <trkpt lat="46.3734830" lon="14.8899030">
    <ele>1533.6</ele>
   </trkpt>
   <trkpt lat="46.3734830" lon="14.8899030">
    <ele>1534.0</ele>
   </trkpt>
   <trkpt lat="46.3734530" lon="14.8899150">
    <ele>1534.0</ele>
   </trkpt>
   <trkpt lat="46.3734530" lon="14.8899150">
    <ele>1534.0</ele>
   </trkpt>
   <trkpt lat="46.3734220" lon="14.8899280">
    <ele>1534.0</ele>
   </trkpt>
   <trkpt lat="46.3734220" lon="14.8899280">
    <ele>1534.0</ele>
   </trkpt>
   <trkpt lat="46.3733930" lon="14.8899520">
    <ele>1534.0</ele>
   </trkpt>
   <trkpt lat="46.3733930" lon="14.8899520">
    <ele>1534.0</ele>
   </trkpt>
   <trkpt lat="46.3733630" lon="14.8899620">
    <ele>1534.0</ele>
   </trkpt>
   <trkpt lat="46.3733630" lon="14.8899620">
    <ele>1534.0</ele>
   </trkpt>
   <trkpt lat="46.3733370" lon="14.8899750">
    <ele>1534.2</ele>
   </trkpt>
   <trkpt lat="46.3733370" lon="14.8899750">
    <ele>1534.4</ele>
   </trkpt>
   <trkpt lat="46.3733120" lon="14.8899870">
    <ele>1534.6</ele>
   </trkpt>
   <trkpt lat="46.3733120" lon="14.8899870">
    <ele>1534.8</ele>
   </trkpt>
   <trkpt lat="46.3732850" lon="14.8900070">
    <ele>1535.0</ele>
   </trkpt>
   <trkpt lat="46.3732850" lon="14.8900070">
    <ele>1535.4</ele>
   </trkpt>
   <trkpt lat="46.3732600" lon="14.8900300">
    <ele>1535.8</ele>
   </trkpt>
   <trkpt lat="46.3732600" lon="14.8900300">
    <ele>1536.2</ele>
   </trkpt>
   <trkpt lat="46.3732380" lon="14.8900530">
    <ele>1536.4</ele>
   </trkpt>
   <trkpt lat="46.3732380" lon="14.8900530">
    <ele>1536.6</ele>
   </trkpt>
   <trkpt lat="46.3732170" lon="14.8900770">
    <ele>1536.6</ele>
   </trkpt>
   <trkpt lat="46.3732170" lon="14.8900770">
    <ele>1537.0</ele>
   </trkpt>
   <trkpt lat="46.3731920" lon="14.8900950">
    <ele>1537.0</ele>
   </trkpt>
   <trkpt lat="46.3731920" lon="14.8900950">
    <ele>1537.2</ele>
   </trkpt>
   <trkpt lat="46.3731630" lon="14.8901120">
    <ele>1537.6</ele>
   </trkpt>
   <trkpt lat="46.3731630" lon="14.8901120">
    <ele>1537.6</ele>
   </trkpt>
   <trkpt lat="46.3731380" lon="14.8901280">
    <ele>1537.8</ele>
   </trkpt>
   <trkpt lat="46.3731380" lon="14.8901280">
    <ele>1538.2</ele>
   </trkpt>
   <trkpt lat="46.3731120" lon="14.8901320">
    <ele>1538.4</ele>
   </trkpt>
   <trkpt lat="46.3731120" lon="14.8901320">
    <ele>1538.8</ele>
   </trkpt>
   <trkpt lat="46.3730870" lon="14.8901420">
    <ele>1539.2</ele>
   </trkpt>
   <trkpt lat="46.3730870" lon="14.8901420">
    <ele>1539.4</ele>
   </trkpt>
   <trkpt lat="46.3730600" lon="14.8901480">
    <ele>1539.8</ele>
   </trkpt>
   <trkpt lat="46.3730600" lon="14.8901480">
    <ele>1540.2</ele>
   </trkpt>
   <trkpt lat="46.3730320" lon="14.8901530">
    <ele>1540.4</ele>
   </trkpt>
   <trkpt lat="46.3730320" lon="14.8901530">
    <ele>1540.8</ele>
   </trkpt>
   <trkpt lat="46.3730050" lon="14.8901600">
    <ele>1541.2</ele>
   </trkpt>
   <trkpt lat="46.3730050" lon="14.8901600">
    <ele>1541.4</ele>
   </trkpt>
   <trkpt lat="46.3729800" lon="14.8901670">
    <ele>1541.6</ele>
   </trkpt>
   <trkpt lat="46.3729800" lon="14.8901670">
    <ele>1542.0</ele>
   </trkpt>
   <trkpt lat="46.3729600" lon="14.8901770">
    <ele>1542.2</ele>
   </trkpt>
   <trkpt lat="46.3729600" lon="14.8901770">
    <ele>1542.2</ele>
   </trkpt>
   <trkpt lat="46.3729330" lon="14.8901750">
    <ele>1542.2</ele>
   </trkpt>
   <trkpt lat="46.3729330" lon="14.8901750">
    <ele>1542.4</ele>
   </trkpt>
   <trkpt lat="46.3729100" lon="14.8901700">
    <ele>1542.6</ele>
   </trkpt>
   <trkpt lat="46.3729100" lon="14.8901700">
    <ele>1543.0</ele>
   </trkpt>
   <trkpt lat="46.3728870" lon="14.8901630">
    <ele>1543.4</ele>
   </trkpt>
   <trkpt lat="46.3728870" lon="14.8901630">
    <ele>1543.6</ele>
   </trkpt>
   <trkpt lat="46.3728650" lon="14.8901520">
    <ele>1543.8</ele>
   </trkpt>
   <trkpt lat="46.3728650" lon="14.8901520">
    <ele>1544.2</ele>
   </trkpt>
   <trkpt lat="46.3728470" lon="14.8901400">
    <ele>1544.4</ele>
   </trkpt>
   <trkpt lat="46.3728470" lon="14.8901400">
    <ele>1544.8</ele>
   </trkpt>
   <trkpt lat="46.3728250" lon="14.8901270">
    <ele>1545.0</ele>
   </trkpt>
   <trkpt lat="46.3728250" lon="14.8901270">
    <ele>1545.2</ele>
   </trkpt>
   <trkpt lat="46.3728030" lon="14.8901120">
    <ele>1545.6</ele>
   </trkpt>
   <trkpt lat="46.3728030" lon="14.8901120">
    <ele>1546.0</ele>
   </trkpt>
   <trkpt lat="46.3727880" lon="14.8900950">
    <ele>1546.4</ele>
   </trkpt>
   <trkpt lat="46.3727880" lon="14.8900950">
    <ele>1546.8</ele>
   </trkpt>
   <trkpt lat="46.3727720" lon="14.8900680">
    <ele>1547.0</ele>
   </trkpt>
   <trkpt lat="46.3727720" lon="14.8900680">
    <ele>1547.2</ele>
   </trkpt>
   <trkpt lat="46.3727550" lon="14.8900400">
    <ele>1547.4</ele>
   </trkpt>
   <trkpt lat="46.3727550" lon="14.8900400">
    <ele>1547.6</ele>
   </trkpt>
   <trkpt lat="46.3727370" lon="14.8900170">
    <ele>1547.8</ele>
   </trkpt>
   <trkpt lat="46.3727370" lon="14.8900170">
    <ele>1548.0</ele>
   </trkpt>
   <trkpt lat="46.3727200" lon="14.8899900">
    <ele>1548.2</ele>
   </trkpt>
   <trkpt lat="46.3727200" lon="14.8899900">
    <ele>1548.4</ele>
   </trkpt>
   <trkpt lat="46.3727030" lon="14.8899600">
    <ele>1548.8</ele>
   </trkpt>
   <trkpt lat="46.3727030" lon="14.8899600">
    <ele>1549.2</ele>
   </trkpt>
   <trkpt lat="46.3726830" lon="14.8899320">
    <ele>1549.2</ele>
   </trkpt>
   <trkpt lat="46.3726830" lon="14.8899320">
    <ele>1549.6</ele>
   </trkpt>
   <trkpt lat="46.3726630" lon="14.8899020">
    <ele>1549.8</ele>
   </trkpt>
   <trkpt lat="46.3726630" lon="14.8899020">
    <ele>1550.2</ele>
   </trkpt>
   <trkpt lat="46.3726420" lon="14.8898670">
    <ele>1550.6</ele>
   </trkpt>
   <trkpt lat="46.3726420" lon="14.8898670">
    <ele>1550.6</ele>
   </trkpt>
   <trkpt lat="46.3726200" lon="14.8898330">
    <ele>1550.8</ele>
   </trkpt>
   <trkpt lat="46.3726200" lon="14.8898330">
    <ele>1551.0</ele>
   </trkpt>
   <trkpt lat="46.3725980" lon="14.8898080">
    <ele>1551.0</ele>
   </trkpt>
   <trkpt lat="46.3725980" lon="14.8898080">
    <ele>1551.2</ele>
   </trkpt>
   <trkpt lat="46.3725780" lon="14.8897750">
    <ele>1551.2</ele>
   </trkpt>
   <trkpt lat="46.3725780" lon="14.8897750">
    <ele>1551.4</ele>
   </trkpt>
   <trkpt lat="46.3725500" lon="14.8897500">
    <ele>1551.8</ele>
   </trkpt>
   <trkpt lat="46.3725500" lon="14.8897500">
    <ele>1551.8</ele>
   </trkpt>
   <trkpt lat="46.3725150" lon="14.8897230">
    <ele>1551.8</ele>
   </trkpt>
   <trkpt lat="46.3724970" lon="14.8897170">
    <ele>1551.8</ele>
   </trkpt>
   <trkpt lat="46.3724770" lon="14.8897070">
    <ele>1551.8</ele>
   </trkpt>
   <trkpt lat="46.3724520" lon="14.8896920">
    <ele>1551.8</ele>
   </trkpt>
   <trkpt lat="46.3724280" lon="14.8896770">
    <ele>1551.8</ele>
   </trkpt>
   <trkpt lat="46.3723980" lon="14.8896630">
    <ele>1552.0</ele>
   </trkpt>
   <trkpt lat="46.3723700" lon="14.8896480">
    <ele>1551.8</ele>
   </trkpt>
   <trkpt lat="46.3723450" lon="14.8896320">
    <ele>1551.8</ele>
   </trkpt>
   <trkpt lat="46.3723200" lon="14.8896150">
    <ele>1551.8</ele>
   </trkpt>
   <trkpt lat="46.3722910" lon="14.8895950">
    <ele>1551.8</ele>
   </trkpt>
   <trkpt lat="46.3722620" lon="14.8895800">
    <ele>1551.8</ele>
   </trkpt>
   <trkpt lat="46.3722320" lon="14.8895580">
    <ele>1551.8</ele>
   </trkpt>
   <trkpt lat="46.3722030" lon="14.8895330">
    <ele>1551.6</ele>
   </trkpt>
   <trkpt lat="46.3721770" lon="14.8895100">
    <ele>1551.0</ele>
   </trkpt>
   <trkpt lat="46.3721500" lon="14.8894870">
    <ele>1550.8</ele>
   </trkpt>
   <trkpt lat="46.3721230" lon="14.8894630">
    <ele>1550.6</ele>
   </trkpt>
   <trkpt lat="46.3720970" lon="14.8894380">
    <ele>1550.4</ele>
   </trkpt>
   <trkpt lat="46.3720720" lon="14.8894180">
    <ele>1550.0</ele>
   </trkpt>
   <trkpt lat="46.3720500" lon="14.8894000">
    <ele>1549.6</ele>
   </trkpt>
   <trkpt lat="46.3720270" lon="14.8893800">
    <ele>1549.6</ele>
   </trkpt>
   <trkpt lat="46.3720080" lon="14.8893650">
    <ele>1549.6</ele>
   </trkpt>
   <trkpt lat="46.3719930" lon="14.8893450">
    <ele>1549.8</ele>
   </trkpt>
   <trkpt lat="46.3719750" lon="14.8893220">
    <ele>1549.8</ele>
   </trkpt>
   <trkpt lat="46.3719620" lon="14.8892980">
    <ele>1549.8</ele>
   </trkpt>
   <trkpt lat="46.3719480" lon="14.8892800">
    <ele>1549.8</ele>
   </trkpt>
   <trkpt lat="46.3719320" lon="14.8892630">
    <ele>1550.0</ele>
   </trkpt>
   <trkpt lat="46.3719200" lon="14.8892520">
    <ele>1550.4</ele>
   </trkpt>
   <trkpt lat="46.3719200" lon="14.8892520">
    <ele>1550.8</ele>
   </trkpt>
   <trkpt lat="46.3718920" lon="14.8892320">
    <ele>1551.2</ele>
   </trkpt>
   <trkpt lat="46.3718920" lon="14.8892320">
    <ele>1551.6</ele>
   </trkpt>
   <trkpt lat="46.3718750" lon="14.8892030">
    <ele>1552.0</ele>
   </trkpt>
   <trkpt lat="46.3718750" lon="14.8892030">
    <ele>1552.4</ele>
   </trkpt>
   <trkpt lat="46.3718570" lon="14.8891920">
    <ele>1552.8</ele>
   </trkpt>
   <trkpt lat="46.3718570" lon="14.8891920">
    <ele>1553.2</ele>
   </trkpt>
   <trkpt lat="46.3718300" lon="14.8891750">
    <ele>1553.4</ele>
   </trkpt>
   <trkpt lat="46.3718300" lon="14.8891750">
    <ele>1553.6</ele>
   </trkpt>
   <trkpt lat="46.3718070" lon="14.8891550">
    <ele>1553.8</ele>
   </trkpt>
   <trkpt lat="46.3718070" lon="14.8891550">
    <ele>1554.2</ele>
   </trkpt>
   <trkpt lat="46.3717820" lon="14.8891450">
    <ele>1554.6</ele>
   </trkpt>
   <trkpt lat="46.3717820" lon="14.8891450">
    <ele>1554.8</ele>
   </trkpt>
   <trkpt lat="46.3717530" lon="14.8891370">
    <ele>1555.0</ele>
   </trkpt>
   <trkpt lat="46.3717530" lon="14.8891370">
    <ele>1555.4</ele>
   </trkpt>
   <trkpt lat="46.3717310" lon="14.8891200">
    <ele>1555.8</ele>
   </trkpt>
   <trkpt lat="46.3717310" lon="14.8891200">
    <ele>1556.0</ele>
   </trkpt>
   <trkpt lat="46.3717080" lon="14.8890970">
    <ele>1556.2</ele>
   </trkpt>
   <trkpt lat="46.3717080" lon="14.8890970">
    <ele>1556.6</ele>
   </trkpt>
   <trkpt lat="46.3716880" lon="14.8890730">
    <ele>1557.0</ele>
   </trkpt>
   <trkpt lat="46.3716880" lon="14.8890730">
    <ele>1557.2</ele>
   </trkpt>
   <trkpt lat="46.3716650" lon="14.8890520">
    <ele>1557.4</ele>
   </trkpt>
   <trkpt lat="46.3716650" lon="14.8890520">
    <ele>1558.0</ele>
   </trkpt>
   <trkpt lat="46.3716400" lon="14.8890400">
    <ele>1558.4</ele>
   </trkpt>
   <trkpt lat="46.3716400" lon="14.8890400">
    <ele>1558.6</ele>
   </trkpt>
   <trkpt lat="46.3716150" lon="14.8890250">
    <ele>1558.6</ele>
   </trkpt>
   <trkpt lat="46.3716150" lon="14.8890250">
    <ele>1558.6</ele>
   </trkpt>
   <trkpt lat="46.3715900" lon="14.8889980">
    <ele>1558.8</ele>
   </trkpt>
   <trkpt lat="46.3715900" lon="14.8889980">
    <ele>1558.8</ele>
   </trkpt>
   <trkpt lat="46.3715700" lon="14.8889680">
    <ele>1559.0</ele>
   </trkpt>
   <trkpt lat="46.3715700" lon="14.8889680">
    <ele>1559.0</ele>
   </trkpt>
   <trkpt lat="46.3715600" lon="14.8889450">
    <ele>1559.0</ele>
   </trkpt>
   <trkpt lat="46.3715600" lon="14.8889450">
    <ele>1559.2</ele>
   </trkpt>
   <trkpt lat="46.3715430" lon="14.8889480">
    <ele>1559.4</ele>
   </trkpt>
   <trkpt lat="46.3715430" lon="14.8889480">
    <ele>1559.6</ele>
   </trkpt>
   <trkpt lat="46.3715150" lon="14.8889400">
    <ele>1559.6</ele>
   </trkpt>
   <trkpt lat="46.3715150" lon="14.8889400">
    <ele>1559.8</ele>
   </trkpt>
   <trkpt lat="46.3714670" lon="14.8889080">
    <ele>1559.6</ele>
   </trkpt>
   <trkpt lat="46.3714350" lon="14.8888900">
    <ele>1559.6</ele>
   </trkpt>
   <trkpt lat="46.3714000" lon="14.8888750">
    <ele>1559.6</ele>
   </trkpt>
   <trkpt lat="46.3713650" lon="14.8888520">
    <ele>1559.0</ele>
   </trkpt>
   <trkpt lat="46.3713270" lon="14.8888250">
    <ele>1558.2</ele>
   </trkpt>
   <trkpt lat="46.3712880" lon="14.8887980">
    <ele>1558.0</ele>
   </trkpt>
   <trkpt lat="46.3712530" lon="14.8887780">
    <ele>1558.0</ele>
   </trkpt>
   <trkpt lat="46.3712230" lon="14.8887620">
    <ele>1557.8</ele>
   </trkpt>
   <trkpt lat="46.3711950" lon="14.8887420">
    <ele>1557.6</ele>
   </trkpt>
   <trkpt lat="46.3711670" lon="14.8887270">
    <ele>1557.6</ele>
   </trkpt>
   <trkpt lat="46.3711400" lon="14.8887150">
    <ele>1557.6</ele>
   </trkpt>
   <trkpt lat="46.3711120" lon="14.8887020">
    <ele>1557.4</ele>
   </trkpt>
   <trkpt lat="46.3710800" lon="14.8886900">
    <ele>1557.2</ele>
   </trkpt>
   <trkpt lat="46.3710450" lon="14.8886750">
    <ele>1556.8</ele>
   </trkpt>
   <trkpt lat="46.3710120" lon="14.8886550">
    <ele>1556.8</ele>
   </trkpt>
   <trkpt lat="46.3709730" lon="14.8886350">
    <ele>1556.2</ele>
   </trkpt>
   <trkpt lat="46.3709350" lon="14.8886120">
    <ele>1556.2</ele>
   </trkpt>
   <trkpt lat="46.3708980" lon="14.8885950">
    <ele>1556.0</ele>
   </trkpt>
   <trkpt lat="46.3708600" lon="14.8885720">
    <ele>1555.8</ele>
   </trkpt>
   <trkpt lat="46.3708230" lon="14.8885500">
    <ele>1555.8</ele>
   </trkpt>
   <trkpt lat="46.3707900" lon="14.8885300">
    <ele>1555.8</ele>
   </trkpt>
   <trkpt lat="46.3707580" lon="14.8885130">
    <ele>1555.6</ele>
   </trkpt>
   <trkpt lat="46.3707250" lon="14.8884880">
    <ele>1555.6</ele>
   </trkpt>
   <trkpt lat="46.3706870" lon="14.8884580">
    <ele>1555.4</ele>
   </trkpt>
   <trkpt lat="46.3706520" lon="14.8884350">
    <ele>1554.6</ele>
   </trkpt>
   <trkpt lat="46.3706170" lon="14.8884120">
    <ele>1554.4</ele>
   </trkpt>
   <trkpt lat="46.3705820" lon="14.8883870">
    <ele>1554.0</ele>
   </trkpt>
   <trkpt lat="46.3705480" lon="14.8883620">
    <ele>1554.0</ele>
   </trkpt>
   <trkpt lat="46.3705130" lon="14.8883370">
    <ele>1553.8</ele>
   </trkpt>
   <trkpt lat="46.3704820" lon="14.8883080">
    <ele>1553.4</ele>
   </trkpt>
   <trkpt lat="46.3704480" lon="14.8882870">
    <ele>1552.6</ele>
   </trkpt>
   <trkpt lat="46.3704150" lon="14.8882750">
    <ele>1552.0</ele>
   </trkpt>
   <trkpt lat="46.3703830" lon="14.8882530">
    <ele>1551.6</ele>
   </trkpt>
   <trkpt lat="46.3703480" lon="14.8882350">
    <ele>1551.2</ele>
   </trkpt>
   <trkpt lat="46.3703150" lon="14.8882180">
    <ele>1551.0</ele>
   </trkpt>
   <trkpt lat="46.3702780" lon="14.8882070">
    <ele>1550.8</ele>
   </trkpt>
   <trkpt lat="46.3702420" lon="14.8881970">
    <ele>1549.8</ele>
   </trkpt>
   <trkpt lat="46.3702070" lon="14.8881920">
    <ele>1549.4</ele>
   </trkpt>
   <trkpt lat="46.3701770" lon="14.8881970">
    <ele>1548.4</ele>
   </trkpt>
   <trkpt lat="46.3701450" lon="14.8881970">
    <ele>1548.4</ele>
   </trkpt>
   <trkpt lat="46.3701120" lon="14.8881900">
    <ele>1548.2</ele>
   </trkpt>
   <trkpt lat="46.3700780" lon="14.8881880">
    <ele>1547.8</ele>
   </trkpt>
   <trkpt lat="46.3700430" lon="14.8881920">
    <ele>1546.8</ele>
   </trkpt>
   <trkpt lat="46.3700100" lon="14.8881980">
    <ele>1545.8</ele>
   </trkpt>
   <trkpt lat="46.3699730" lon="14.8882030">
    <ele>1545.0</ele>
   </trkpt>
   <trkpt lat="46.3699370" lon="14.8882070">
    <ele>1544.4</ele>
   </trkpt>
   <trkpt lat="46.3699000" lon="14.8882150">
    <ele>1543.2</ele>
   </trkpt>
   <trkpt lat="46.3698630" lon="14.8882200">
    <ele>1542.2</ele>
   </trkpt>
   <trkpt lat="46.3698280" lon="14.8882300">
    <ele>1541.6</ele>
   </trkpt>
   <trkpt lat="46.3697900" lon="14.8882400">
    <ele>1540.0</ele>
   </trkpt>
   <trkpt lat="46.3697500" lon="14.8882530">
    <ele>1539.0</ele>
   </trkpt>
   <trkpt lat="46.3697100" lon="14.8882620">
    <ele>1537.6</ele>
   </trkpt>
   <trkpt lat="46.3696710" lon="14.8882750">
    <ele>1537.0</ele>
   </trkpt>
   <trkpt lat="46.3696320" lon="14.8882830">
    <ele>1535.8</ele>
   </trkpt>
   <trkpt lat="46.3695920" lon="14.8882920">
    <ele>1535.0</ele>
   </trkpt>
   <trkpt lat="46.3695520" lon="14.8883020">
    <ele>1533.8</ele>
   </trkpt>
   <trkpt lat="46.3695130" lon="14.8883120">
    <ele>1533.2</ele>
   </trkpt>
   <trkpt lat="46.3694730" lon="14.8883180">
    <ele>1532.2</ele>
   </trkpt>
   <trkpt lat="46.3694320" lon="14.8883250">
    <ele>1530.6</ele>
   </trkpt>
   <trkpt lat="46.3693970" lon="14.8883330">
    <ele>1530.6</ele>
   </trkpt>
   <trkpt lat="46.3693620" lon="14.8883480">
    <ele>1529.6</ele>
   </trkpt>
   <trkpt lat="46.3693300" lon="14.8883580">
    <ele>1529.6</ele>
   </trkpt>
   <trkpt lat="46.3692950" lon="14.8883700">
    <ele>1528.8</ele>
   </trkpt>
   <trkpt lat="46.3692600" lon="14.8883800">
    <ele>1528.0</ele>
   </trkpt>
   <trkpt lat="46.3692220" lon="14.8883900">
    <ele>1527.6</ele>
   </trkpt>
   <trkpt lat="46.3691850" lon="14.8884000">
    <ele>1526.6</ele>
   </trkpt>
   <trkpt lat="46.3691520" lon="14.8884150">
    <ele>1526.2</ele>
   </trkpt>
   <trkpt lat="46.3691220" lon="14.8884330">
    <ele>1525.4</ele>
   </trkpt>
   <trkpt lat="46.3690920" lon="14.8884520">
    <ele>1525.2</ele>
   </trkpt>
   <trkpt lat="46.3690670" lon="14.8884650">
    <ele>1525.0</ele>
   </trkpt>
   <trkpt lat="46.3690400" lon="14.8884800">
    <ele>1525.2</ele>
   </trkpt>
   <trkpt lat="46.3690170" lon="14.8884950">
    <ele>1525.2</ele>
   </trkpt>
   <trkpt lat="46.3689900" lon="14.8885070">
    <ele>1525.2</ele>
   </trkpt>
   <trkpt lat="46.3689670" lon="14.8885180">
    <ele>1525.4</ele>
   </trkpt>
   <trkpt lat="46.3689400" lon="14.8885280">
    <ele>1525.4</ele>
   </trkpt>
   <trkpt lat="46.3689110" lon="14.8885380">
    <ele>1525.6</ele>
   </trkpt>
   <trkpt lat="46.3688870" lon="14.8885450">
    <ele>1525.6</ele>
   </trkpt>
   <trkpt lat="46.3688620" lon="14.8885570">
    <ele>1525.8</ele>
   </trkpt>
   <trkpt lat="46.3688420" lon="14.8885620">
    <ele>1526.2</ele>
   </trkpt>
   <trkpt lat="46.3688200" lon="14.8885650">
    <ele>1526.6</ele>
   </trkpt>
   <trkpt lat="46.3687980" lon="14.8885670">
    <ele>1527.0</ele>
   </trkpt>
   <trkpt lat="46.3687750" lon="14.8885650">
    <ele>1527.2</ele>
   </trkpt>
   <trkpt lat="46.3687520" lon="14.8885600">
    <ele>1527.2</ele>
   </trkpt>
   <trkpt lat="46.3687300" lon="14.8885520">
    <ele>1527.4</ele>
   </trkpt>
   <trkpt lat="46.3687080" lon="14.8885470">
    <ele>1527.4</ele>
   </trkpt>
   <trkpt lat="46.3686850" lon="14.8885450">
    <ele>1527.8</ele>
   </trkpt>
   <trkpt lat="46.3686600" lon="14.8885400">
    <ele>1528.0</ele>
   </trkpt>
   <trkpt lat="46.3686370" lon="14.8885370">
    <ele>1528.2</ele>
   </trkpt>
   <trkpt lat="46.3686130" lon="14.8885270">
    <ele>1528.2</ele>
   </trkpt>
   <trkpt lat="46.3685930" lon="14.8885150">
    <ele>1528.4</ele>
   </trkpt>
   <trkpt lat="46.3685730" lon="14.8885050">
    <ele>1528.8</ele>
   </trkpt>
   <trkpt lat="46.3685530" lon="14.8884930">
    <ele>1529.2</ele>
   </trkpt>
   <trkpt lat="46.3685350" lon="14.8884830">
    <ele>1529.6</ele>
   </trkpt>
   <trkpt lat="46.3685130" lon="14.8884750">
    <ele>1529.6</ele>
   </trkpt>
   <trkpt lat="46.3684930" lon="14.8884680">
    <ele>1529.8</ele>
   </trkpt>
   <trkpt lat="46.3684730" lon="14.8884570">
    <ele>1530.0</ele>
   </trkpt>
   <trkpt lat="46.3684530" lon="14.8884450">
    <ele>1530.4</ele>
   </trkpt>
   <trkpt lat="46.3684330" lon="14.8884370">
    <ele>1530.8</ele>
   </trkpt>
   <trkpt lat="46.3684120" lon="14.8884300">
    <ele>1531.0</ele>
   </trkpt>
   <trkpt lat="46.3683900" lon="14.8884230">
    <ele>1531.0</ele>
   </trkpt>
   <trkpt lat="46.3683720" lon="14.8884120">
    <ele>1531.2</ele>
   </trkpt>
   <trkpt lat="46.3683530" lon="14.8884000">
    <ele>1531.6</ele>
   </trkpt>
   <trkpt lat="46.3683350" lon="14.8883900">
    <ele>1532.0</ele>
   </trkpt>
   <trkpt lat="46.3683120" lon="14.8883830">
    <ele>1532.4</ele>
   </trkpt>
   <trkpt lat="46.3682970" lon="14.8883780">
    <ele>1532.6</ele>
   </trkpt>
   <trkpt lat="46.3682780" lon="14.8883720">
    <ele>1532.6</ele>
   </trkpt>
   <trkpt lat="46.3682580" lon="14.8883670">
    <ele>1533.0</ele>
   </trkpt>
   <trkpt lat="46.3682400" lon="14.8883530">
    <ele>1533.4</ele>
   </trkpt>
   <trkpt lat="46.3682230" lon="14.8883430">
    <ele>1534.2</ele>
   </trkpt>
   <trkpt lat="46.3682080" lon="14.8883430">
    <ele>1534.4</ele>
   </trkpt>
   <trkpt lat="46.3682080" lon="14.8883430">
    <ele>1534.6</ele>
   </trkpt>
   <trkpt lat="46.3681750" lon="14.8883350">
    <ele>1535.0</ele>
   </trkpt>
   <trkpt lat="46.3681750" lon="14.8883350">
    <ele>1535.4</ele>
   </trkpt>
   <trkpt lat="46.3681480" lon="14.8883300">
    <ele>1536.0</ele>
   </trkpt>
   <trkpt lat="46.3681480" lon="14.8883300">
    <ele>1536.2</ele>
   </trkpt>
   <trkpt lat="46.3681220" lon="14.8883320">
    <ele>1536.4</ele>
   </trkpt>
   <trkpt lat="46.3681220" lon="14.8883320">
    <ele>1536.8</ele>
   </trkpt>
   <trkpt lat="46.3680950" lon="14.8883270">
    <ele>1537.4</ele>
   </trkpt>
   <trkpt lat="46.3680950" lon="14.8883270">
    <ele>1537.8</ele>
   </trkpt>
   <trkpt lat="46.3680700" lon="14.8883250">
    <ele>1538.0</ele>
   </trkpt>
   <trkpt lat="46.3680700" lon="14.8883250">
    <ele>1538.4</ele>
   </trkpt>
   <trkpt lat="46.3680370" lon="14.8883200">
    <ele>1539.0</ele>
   </trkpt>
   <trkpt lat="46.3680370" lon="14.8883200">
    <ele>1539.0</ele>
   </trkpt>
   <trkpt lat="46.3680070" lon="14.8883200">
    <ele>1539.4</ele>
   </trkpt>
   <trkpt lat="46.3680070" lon="14.8883200">
    <ele>1539.4</ele>
   </trkpt>
   <trkpt lat="46.3679730" lon="14.8883080">
    <ele>1540.0</ele>
   </trkpt>
   <trkpt lat="46.3679730" lon="14.8883080">
    <ele>1540.4</ele>
   </trkpt>
   <trkpt lat="46.3679450" lon="14.8883050">
    <ele>1540.6</ele>
   </trkpt>
   <trkpt lat="46.3679450" lon="14.8883050">
    <ele>1541.0</ele>
   </trkpt>
   <trkpt lat="46.3679180" lon="14.8883030">
    <ele>1541.6</ele>
   </trkpt>
   <trkpt lat="46.3679180" lon="14.8883030">
    <ele>1541.6</ele>
   </trkpt>
   <trkpt lat="46.3678870" lon="14.8882880">
    <ele>1541.8</ele>
   </trkpt>
   <trkpt lat="46.3678870" lon="14.8882880">
    <ele>1542.0</ele>
   </trkpt>
   <trkpt lat="46.3678570" lon="14.8882730">
    <ele>1542.4</ele>
   </trkpt>
   <trkpt lat="46.3678570" lon="14.8882730">
    <ele>1542.8</ele>
   </trkpt>
   <trkpt lat="46.3678280" lon="14.8882680">
    <ele>1542.8</ele>
   </trkpt>
   <trkpt lat="46.3678280" lon="14.8882680">
    <ele>1543.2</ele>
   </trkpt>
   <trkpt lat="46.3677980" lon="14.8882730">
    <ele>1543.6</ele>
   </trkpt>
   <trkpt lat="46.3677980" lon="14.8882730">
    <ele>1543.6</ele>
   </trkpt>
   <trkpt lat="46.3677720" lon="14.8882770">
    <ele>1544.0</ele>
   </trkpt>
   <trkpt lat="46.3677720" lon="14.8882770">
    <ele>1544.2</ele>
   </trkpt>
   <trkpt lat="46.3677500" lon="14.8882850">
    <ele>1544.4</ele>
   </trkpt>
   <trkpt lat="46.3677500" lon="14.8882850">
    <ele>1544.8</ele>
   </trkpt>
   <trkpt lat="46.3677250" lon="14.8882880">
    <ele>1545.0</ele>
   </trkpt>
   <trkpt lat="46.3677250" lon="14.8882880">
    <ele>1545.2</ele>
   </trkpt>
   <trkpt lat="46.3676980" lon="14.8882920">
    <ele>1545.4</ele>
   </trkpt>
   <trkpt lat="46.3676980" lon="14.8882920">
    <ele>1545.6</ele>
   </trkpt>
   <trkpt lat="46.3676680" lon="14.8882880">
    <ele>1545.6</ele>
   </trkpt>
   <trkpt lat="46.3676680" lon="14.8882880">
    <ele>1545.8</ele>
   </trkpt>
   <trkpt lat="46.3676400" lon="14.8882780">
    <ele>1545.8</ele>
   </trkpt>
   <trkpt lat="46.3676400" lon="14.8882780">
    <ele>1546.0</ele>
   </trkpt>
   <trkpt lat="46.3676130" lon="14.8882730">
    <ele>1546.2</ele>
   </trkpt>
   <trkpt lat="46.3676130" lon="14.8882730">
    <ele>1546.4</ele>
   </trkpt>
   <trkpt lat="46.3675880" lon="14.8882900">
    <ele>1546.6</ele>
   </trkpt>
   <trkpt lat="46.3675880" lon="14.8882900">
    <ele>1546.8</ele>
   </trkpt>
   <trkpt lat="46.3675620" lon="14.8882900">
    <ele>1547.2</ele>
   </trkpt>
   <trkpt lat="46.3675620" lon="14.8882900">
    <ele>1547.4</ele>
   </trkpt>
   <trkpt lat="46.3675370" lon="14.8882900">
    <ele>1547.8</ele>
   </trkpt>
   <trkpt lat="46.3675370" lon="14.8882900">
    <ele>1548.0</ele>
   </trkpt>
   <trkpt lat="46.3675050" lon="14.8882870">
    <ele>1549.2</ele>
   </trkpt>
   <trkpt lat="46.3675050" lon="14.8882870">
    <ele>1549.4</ele>
   </trkpt>
   <trkpt lat="46.3674780" lon="14.8882800">
    <ele>1549.4</ele>
   </trkpt>
   <trkpt lat="46.3674780" lon="14.8882800">
    <ele>1549.4</ele>
   </trkpt>
   <trkpt lat="46.3674480" lon="14.8882780">
    <ele>1549.4</ele>
   </trkpt>
   <trkpt lat="46.3674480" lon="14.8882780">
    <ele>1549.4</ele>
   </trkpt>
   <trkpt lat="46.3674180" lon="14.8882830">
    <ele>1549.6</ele>
   </trkpt>
   <trkpt lat="46.3674180" lon="14.8882830">
    <ele>1549.8</ele>
   </trkpt>
   <trkpt lat="46.3673880" lon="14.8882830">
    <ele>1550.2</ele>
   </trkpt>
   <trkpt lat="46.3673880" lon="14.8882830">
    <ele>1550.4</ele>
   </trkpt>
   <trkpt lat="46.3673580" lon="14.8882850">
    <ele>1550.6</ele>
   </trkpt>
   <trkpt lat="46.3673580" lon="14.8882850">
    <ele>1551.0</ele>
   </trkpt>
   <trkpt lat="46.3673280" lon="14.8882830">
    <ele>1551.2</ele>
   </trkpt>
   <trkpt lat="46.3673280" lon="14.8882830">
    <ele>1551.4</ele>
   </trkpt>
   <trkpt lat="46.3673000" lon="14.8882800">
    <ele>1551.6</ele>
   </trkpt>
   <trkpt lat="46.3673000" lon="14.8882800">
    <ele>1552.2</ele>
   </trkpt>
   <trkpt lat="46.3672650" lon="14.8882800">
    <ele>1552.2</ele>
   </trkpt>
   <trkpt lat="46.3672650" lon="14.8882800">
    <ele>1552.4</ele>
   </trkpt>
   <trkpt lat="46.3672370" lon="14.8882720">
    <ele>1552.6</ele>
   </trkpt>
   <trkpt lat="46.3672370" lon="14.8882720">
    <ele>1552.8</ele>
   </trkpt>
   <trkpt lat="46.3672070" lon="14.8882570">
    <ele>1553.0</ele>
   </trkpt>
   <trkpt lat="46.3672070" lon="14.8882570">
    <ele>1553.2</ele>
   </trkpt>
   <trkpt lat="46.3671750" lon="14.8882430">
    <ele>1553.4</ele>
   </trkpt>
   <trkpt lat="46.3671750" lon="14.8882430">
    <ele>1553.6</ele>
   </trkpt>
   <trkpt lat="46.3671410" lon="14.8882420">
    <ele>1553.8</ele>
   </trkpt>
   <trkpt lat="46.3671410" lon="14.8882420">
    <ele>1553.8</ele>
   </trkpt>
   <trkpt lat="46.3671100" lon="14.8882300">
    <ele>1554.0</ele>
   </trkpt>
   <trkpt lat="46.3671100" lon="14.8882300">
    <ele>1554.0</ele>
   </trkpt>
   <trkpt lat="46.3670720" lon="14.8882180">
    <ele>1554.2</ele>
   </trkpt>
   <trkpt lat="46.3670720" lon="14.8882180">
    <ele>1554.6</ele>
   </trkpt>
   <trkpt lat="46.3670380" lon="14.8882030">
    <ele>1554.8</ele>
   </trkpt>
   <trkpt lat="46.3670380" lon="14.8882030">
    <ele>1555.0</ele>
   </trkpt>
   <trkpt lat="46.3670070" lon="14.8882020">
    <ele>1555.2</ele>
   </trkpt>
   <trkpt lat="46.3670070" lon="14.8882020">
    <ele>1555.2</ele>
   </trkpt>
   <trkpt lat="46.3669830" lon="14.8882070">
    <ele>1555.4</ele>
   </trkpt>
   <trkpt lat="46.3669830" lon="14.8882070">
    <ele>1555.6</ele>
   </trkpt>
   <trkpt lat="46.3669570" lon="14.8882080">
    <ele>1555.6</ele>
   </trkpt>
   <trkpt lat="46.3669570" lon="14.8882080">
    <ele>1556.0</ele>
   </trkpt>
   <trkpt lat="46.3669300" lon="14.8882100">
    <ele>1556.2</ele>
   </trkpt>
   <trkpt lat="46.3669300" lon="14.8882100">
    <ele>1556.6</ele>
   </trkpt>
   <trkpt lat="46.3669050" lon="14.8882070">
    <ele>1557.0</ele>
   </trkpt>
   <trkpt lat="46.3669050" lon="14.8882070">
    <ele>1557.6</ele>
   </trkpt>
   <trkpt lat="46.3668820" lon="14.8882070">
    <ele>1557.8</ele>
   </trkpt>
   <trkpt lat="46.3668820" lon="14.8882070">
    <ele>1558.2</ele>
   </trkpt>
   <trkpt lat="46.3668580" lon="14.8882030">
    <ele>1558.4</ele>
   </trkpt>
   <trkpt lat="46.3668580" lon="14.8882030">
    <ele>1559.0</ele>
   </trkpt>
   <trkpt lat="46.3668370" lon="14.8882080">
    <ele>1559.4</ele>
   </trkpt>
   <trkpt lat="46.3668370" lon="14.8882080">
    <ele>1559.8</ele>
   </trkpt>
   <trkpt lat="46.3668150" lon="14.8882230">
    <ele>1560.2</ele>
   </trkpt>
   <trkpt lat="46.3668150" lon="14.8882230">
    <ele>1560.8</ele>
   </trkpt>
   <trkpt lat="46.3667870" lon="14.8882300">
    <ele>1561.0</ele>
   </trkpt>
   <trkpt lat="46.3667870" lon="14.8882300">
    <ele>1561.4</ele>
   </trkpt>
   <trkpt lat="46.3667630" lon="14.8882420">
    <ele>1562.0</ele>
   </trkpt>
   <trkpt lat="46.3667630" lon="14.8882420">
    <ele>1562.4</ele>
   </trkpt>
   <trkpt lat="46.3667400" lon="14.8882550">
    <ele>1562.6</ele>
   </trkpt>
   <trkpt lat="46.3667400" lon="14.8882550">
    <ele>1563.0</ele>
   </trkpt>
   <trkpt lat="46.3667220" lon="14.8882780">
    <ele>1563.4</ele>
   </trkpt>
   <trkpt lat="46.3667220" lon="14.8882780">
    <ele>1563.6</ele>
   </trkpt>
   <trkpt lat="46.3666980" lon="14.8883000">
    <ele>1564.0</ele>
   </trkpt>
   <trkpt lat="46.3666980" lon="14.8883000">
    <ele>1564.2</ele>
   </trkpt>
   <trkpt lat="46.3666730" lon="14.8883230">
    <ele>1564.6</ele>
   </trkpt>
   <trkpt lat="46.3666730" lon="14.8883230">
    <ele>1565.0</ele>
   </trkpt>
   <trkpt lat="46.3666400" lon="14.8883470">
    <ele>1565.4</ele>
   </trkpt>
   <trkpt lat="46.3666400" lon="14.8883470">
    <ele>1565.8</ele>
   </trkpt>
   <trkpt lat="46.3666080" lon="14.8883730">
    <ele>1566.0</ele>
   </trkpt>
   <trkpt lat="46.3665900" lon="14.8883870">
    <ele>1566.2</ele>
   </trkpt>
   <trkpt lat="46.3665680" lon="14.8883930">
    <ele>1566.6</ele>
   </trkpt>
   <trkpt lat="46.3665450" lon="14.8884050">
    <ele>1566.6</ele>
   </trkpt>
   <trkpt lat="46.3665220" lon="14.8884230">
    <ele>1566.6</ele>
   </trkpt>
   <trkpt lat="46.3665020" lon="14.8884370">
    <ele>1566.8</ele>
   </trkpt>
   <trkpt lat="46.3664820" lon="14.8884570">
    <ele>1567.0</ele>
   </trkpt>
   <trkpt lat="46.3664580" lon="14.8884780">
    <ele>1567.2</ele>
   </trkpt>
   <trkpt lat="46.3664350" lon="14.8884980">
    <ele>1567.2</ele>
   </trkpt>
   <trkpt lat="46.3664120" lon="14.8885200">
    <ele>1567.4</ele>
   </trkpt>
   <trkpt lat="46.3663900" lon="14.8885430">
    <ele>1567.6</ele>
   </trkpt>
   <trkpt lat="46.3663650" lon="14.8885720">
    <ele>1567.6</ele>
   </trkpt>
   <trkpt lat="46.3663420" lon="14.8886030">
    <ele>1567.6</ele>
   </trkpt>
   <trkpt lat="46.3663180" lon="14.8886350">
    <ele>1567.6</ele>
   </trkpt>
   <trkpt lat="46.3662950" lon="14.8886630">
    <ele>1567.6</ele>
   </trkpt>
   <trkpt lat="46.3662730" lon="14.8886930">
    <ele>1567.6</ele>
   </trkpt>
   <trkpt lat="46.3662500" lon="14.8887220">
    <ele>1567.6</ele>
   </trkpt>
   <trkpt lat="46.3662280" lon="14.8887520">
    <ele>1567.6</ele>
   </trkpt>
   <trkpt lat="46.3662070" lon="14.8887770">
    <ele>1567.4</ele>
   </trkpt>
   <trkpt lat="46.3661820" lon="14.8888050">
    <ele>1567.2</ele>
   </trkpt>
   <trkpt lat="46.3661580" lon="14.8888320">
    <ele>1567.2</ele>
   </trkpt>
   <trkpt lat="46.3661350" lon="14.8888580">
    <ele>1567.0</ele>
   </trkpt>
   <trkpt lat="46.3661150" lon="14.8888880">
    <ele>1566.6</ele>
   </trkpt>
   <trkpt lat="46.3661000" lon="14.8889200">
    <ele>1566.4</ele>
   </trkpt>
   <trkpt lat="46.3660850" lon="14.8889600">
    <ele>1566.2</ele>
   </trkpt>
   <trkpt lat="46.3660700" lon="14.8890020">
    <ele>1566.2</ele>
   </trkpt>
   <trkpt lat="46.3660570" lon="14.8890400">
    <ele>1566.0</ele>
   </trkpt>
   <trkpt lat="46.3660400" lon="14.8890780">
    <ele>1565.6</ele>
   </trkpt>
   <trkpt lat="46.3660220" lon="14.8891150">
    <ele>1565.2</ele>
   </trkpt>
   <trkpt lat="46.3660030" lon="14.8891530">
    <ele>1564.8</ele>
   </trkpt>
   <trkpt lat="46.3659900" lon="14.8891930">
    <ele>1564.0</ele>
   </trkpt>
   <trkpt lat="46.3659730" lon="14.8892330">
    <ele>1563.2</ele>
   </trkpt>
   <trkpt lat="46.3659600" lon="14.8892670">
    <ele>1562.6</ele>
   </trkpt>
   <trkpt lat="46.3659480" lon="14.8893030">
    <ele>1561.8</ele>
   </trkpt>
   <trkpt lat="46.3659320" lon="14.8893400">
    <ele>1560.8</ele>
   </trkpt>
   <trkpt lat="46.3659120" lon="14.8893730">
    <ele>1559.8</ele>
   </trkpt>
   <trkpt lat="46.3658850" lon="14.8894080">
    <ele>1559.0</ele>
   </trkpt>
   <trkpt lat="46.3658600" lon="14.8894450">
    <ele>1557.8</ele>
   </trkpt>
   <trkpt lat="46.3658300" lon="14.8894850">
    <ele>1556.6</ele>
   </trkpt>
   <trkpt lat="46.3657980" lon="14.8895330">
    <ele>1555.6</ele>
   </trkpt>
   <trkpt lat="46.3657670" lon="14.8895830">
    <ele>1555.0</ele>
   </trkpt>
   <trkpt lat="46.3657380" lon="14.8896320">
    <ele>1554.2</ele>
   </trkpt>
   <trkpt lat="46.3657120" lon="14.8896720">
    <ele>1553.4</ele>
   </trkpt>
   <trkpt lat="46.3656870" lon="14.8897120">
    <ele>1553.0</ele>
   </trkpt>
   <trkpt lat="46.3656630" lon="14.8897500">
    <ele>1552.4</ele>
   </trkpt>
   <trkpt lat="46.3656370" lon="14.8897820">
    <ele>1552.2</ele>
   </trkpt>
   <trkpt lat="46.3656050" lon="14.8898170">
    <ele>1551.6</ele>
   </trkpt>
   <trkpt lat="46.3655780" lon="14.8898480">
    <ele>1551.0</ele>
   </trkpt>
   <trkpt lat="46.3655500" lon="14.8898780">
    <ele>1550.6</ele>
   </trkpt>
   <trkpt lat="46.3655200" lon="14.8899020">
    <ele>1550.0</ele>
   </trkpt>
   <trkpt lat="46.3654930" lon="14.8899170">
    <ele>1550.0</ele>
   </trkpt>
   <trkpt lat="46.3654700" lon="14.8899370">
    <ele>1550.0</ele>
   </trkpt>
   <trkpt lat="46.3654450" lon="14.8899520">
    <ele>1550.2</ele>
   </trkpt>
   <trkpt lat="46.3654220" lon="14.8899730">
    <ele>1550.4</ele>
   </trkpt>
   <trkpt lat="46.3653970" lon="14.8899900">
    <ele>1550.6</ele>
   </trkpt>
   <trkpt lat="46.3653730" lon="14.8900080">
    <ele>1550.6</ele>
   </trkpt>
   <trkpt lat="46.3653520" lon="14.8900270">
    <ele>1550.8</ele>
   </trkpt>
   <trkpt lat="46.3653230" lon="14.8900400">
    <ele>1550.8</ele>
   </trkpt>
   <trkpt lat="46.3652980" lon="14.8900530">
    <ele>1551.0</ele>
   </trkpt>
   <trkpt lat="46.3652720" lon="14.8900630">
    <ele>1551.4</ele>
   </trkpt>
   <trkpt lat="46.3652470" lon="14.8900770">
    <ele>1551.6</ele>
   </trkpt>
   <trkpt lat="46.3652200" lon="14.8900900">
    <ele>1551.6</ele>
   </trkpt>
   <trkpt lat="46.3651970" lon="14.8901050">
    <ele>1551.6</ele>
   </trkpt>
   <trkpt lat="46.3651770" lon="14.8901180">
    <ele>1551.8</ele>
   </trkpt>
   <trkpt lat="46.3651530" lon="14.8901300">
    <ele>1552.0</ele>
   </trkpt>
   <trkpt lat="46.3651330" lon="14.8901450">
    <ele>1552.4</ele>
   </trkpt>
   <trkpt lat="46.3651150" lon="14.8901580">
    <ele>1552.4</ele>
   </trkpt>
   <trkpt lat="46.3651050" lon="14.8901820">
    <ele>1552.6</ele>
   </trkpt>
   <trkpt lat="46.3650970" lon="14.8902070">
    <ele>1552.6</ele>
   </trkpt>
   <trkpt lat="46.3650900" lon="14.8902350">
    <ele>1552.8</ele>
   </trkpt>
   <trkpt lat="46.3650850" lon="14.8902600">
    <ele>1553.0</ele>
   </trkpt>
   <trkpt lat="46.3650820" lon="14.8902850">
    <ele>1553.0</ele>
   </trkpt>
   <trkpt lat="46.3650780" lon="14.8903080">
    <ele>1554.0</ele>
   </trkpt>
   <trkpt lat="46.3650780" lon="14.8903080">
    <ele>1554.0</ele>
   </trkpt>
   <trkpt lat="46.3650730" lon="14.8903550">
    <ele>1554.0</ele>
   </trkpt>
   <trkpt lat="46.3650730" lon="14.8903550">
    <ele>1554.4</ele>
   </trkpt>
   <trkpt lat="46.3650670" lon="14.8903950">
    <ele>1554.8</ele>
   </trkpt>
   <trkpt lat="46.3650670" lon="14.8903950">
    <ele>1555.2</ele>
   </trkpt>
   <trkpt lat="46.3650630" lon="14.8904500">
    <ele>1555.6</ele>
   </trkpt>
   <trkpt lat="46.3650630" lon="14.8904500">
    <ele>1555.8</ele>
   </trkpt>
   <trkpt lat="46.3650550" lon="14.8905100">
    <ele>1556.4</ele>
   </trkpt>
   <trkpt lat="46.3650480" lon="14.8905370">
    <ele>1556.8</ele>
   </trkpt>
   <trkpt lat="46.3650420" lon="14.8905680">
    <ele>1557.0</ele>
   </trkpt>
   <trkpt lat="46.3650380" lon="14.8905970">
    <ele>1557.4</ele>
   </trkpt>
   <trkpt lat="46.3650350" lon="14.8906320">
    <ele>1557.8</ele>
   </trkpt>
   <trkpt lat="46.3650280" lon="14.8906670">
    <ele>1558.0</ele>
   </trkpt>
   <trkpt lat="46.3650280" lon="14.8906970">
    <ele>1558.0</ele>
   </trkpt>
   <trkpt lat="46.3650280" lon="14.8907220">
    <ele>1558.2</ele>
   </trkpt>
   <trkpt lat="46.3650350" lon="14.8907520">
    <ele>1558.0</ele>
   </trkpt>
   <trkpt lat="46.3650370" lon="14.8907820">
    <ele>1558.0</ele>
   </trkpt>
   <trkpt lat="46.3650280" lon="14.8908170">
    <ele>1558.0</ele>
   </trkpt>
   <trkpt lat="46.3650170" lon="14.8908470">
    <ele>1558.0</ele>
   </trkpt>
   <trkpt lat="46.3650050" lon="14.8908820">
    <ele>1558.0</ele>
   </trkpt>
   <trkpt lat="46.3649980" lon="14.8909180">
    <ele>1558.0</ele>
   </trkpt>
   <trkpt lat="46.3649920" lon="14.8909550">
    <ele>1557.8</ele>
   </trkpt>
   <trkpt lat="46.3649870" lon="14.8909880">
    <ele>1558.0</ele>
   </trkpt>
   <trkpt lat="46.3649820" lon="14.8910270">
    <ele>1558.0</ele>
   </trkpt>
   <trkpt lat="46.3649780" lon="14.8910680">
    <ele>1558.0</ele>
   </trkpt>
   <trkpt lat="46.3649710" lon="14.8911080">
    <ele>1558.0</ele>
   </trkpt>
   <trkpt lat="46.3649600" lon="14.8911420">
    <ele>1558.2</ele>
   </trkpt>
   <trkpt lat="46.3649450" lon="14.8911730">
    <ele>1558.4</ele>
   </trkpt>
   <trkpt lat="46.3649370" lon="14.8912100">
    <ele>1558.4</ele>
   </trkpt>
   <trkpt lat="46.3649370" lon="14.8912470">
    <ele>1558.4</ele>
   </trkpt>
   <trkpt lat="46.3649430" lon="14.8912880">
    <ele>1558.4</ele>
   </trkpt>
   <trkpt lat="46.3649550" lon="14.8913320">
    <ele>1558.4</ele>
   </trkpt>
   <trkpt lat="46.3649730" lon="14.8913670">
    <ele>1558.4</ele>
   </trkpt>
   <trkpt lat="46.3649950" lon="14.8913920">
    <ele>1557.8</ele>
   </trkpt>
   <trkpt lat="46.3650170" lon="14.8914180">
    <ele>1557.8</ele>
   </trkpt>
   <trkpt lat="46.3650320" lon="14.8914550">
    <ele>1557.8</ele>
   </trkpt>
   <trkpt lat="46.3650530" lon="14.8914880">
    <ele>1557.4</ele>
   </trkpt>
   <trkpt lat="46.3650770" lon="14.8915170">
    <ele>1556.8</ele>
   </trkpt>
   <trkpt lat="46.3651030" lon="14.8915370">
    <ele>1556.2</ele>
   </trkpt>
   <trkpt lat="46.3651280" lon="14.8915520">
    <ele>1555.4</ele>
   </trkpt>
   <trkpt lat="46.3651550" lon="14.8915680">
    <ele>1554.4</ele>
   </trkpt>
   <trkpt lat="46.3651750" lon="14.8916000">
    <ele>1553.8</ele>
   </trkpt>
   <trkpt lat="46.3651970" lon="14.8916250">
    <ele>1553.4</ele>
   </trkpt>
   <trkpt lat="46.3652200" lon="14.8916470">
    <ele>1552.8</ele>
   </trkpt>
   <trkpt lat="46.3652450" lon="14.8916770">
    <ele>1552.2</ele>
   </trkpt>
   <trkpt lat="46.3652650" lon="14.8917130">
    <ele>1551.6</ele>
   </trkpt>
   <trkpt lat="46.3652880" lon="14.8917430">
    <ele>1551.0</ele>
   </trkpt>
   <trkpt lat="46.3653120" lon="14.8917630">
    <ele>1550.4</ele>
   </trkpt>
   <trkpt lat="46.3653350" lon="14.8917770">
    <ele>1549.6</ele>
   </trkpt>
   <trkpt lat="46.3653630" lon="14.8917930">
    <ele>1548.8</ele>
   </trkpt>
   <trkpt lat="46.3653870" lon="14.8918100">
    <ele>1547.8</ele>
   </trkpt>
   <trkpt lat="46.3654130" lon="14.8918230">
    <ele>1546.6</ele>
   </trkpt>
   <trkpt lat="46.3654400" lon="14.8918280">
    <ele>1546.0</ele>
   </trkpt>
   <trkpt lat="46.3654700" lon="14.8918330">
    <ele>1545.2</ele>
   </trkpt>
   <trkpt lat="46.3654970" lon="14.8918430">
    <ele>1544.0</ele>
   </trkpt>
   <trkpt lat="46.3655220" lon="14.8918630">
    <ele>1543.0</ele>
   </trkpt>
   <trkpt lat="46.3655420" lon="14.8918880">
    <ele>1542.2</ele>
   </trkpt>
   <trkpt lat="46.3655750" lon="14.8919100">
    <ele>1541.2</ele>
   </trkpt>
   <trkpt lat="46.3656050" lon="14.8919370">
    <ele>1540.4</ele>
   </trkpt>
   <trkpt lat="46.3656370" lon="14.8919630">
    <ele>1539.4</ele>
   </trkpt>
   <trkpt lat="46.3656650" lon="14.8919880">
    <ele>1538.8</ele>
   </trkpt>
   <trkpt lat="46.3656900" lon="14.8920120">
    <ele>1537.8</ele>
   </trkpt>
   <trkpt lat="46.3657170" lon="14.8920300">
    <ele>1537.4</ele>
   </trkpt>
   <trkpt lat="46.3657430" lon="14.8920520">
    <ele>1536.6</ele>
   </trkpt>
   <trkpt lat="46.3657680" lon="14.8920730">
    <ele>1536.2</ele>
   </trkpt>
   <trkpt lat="46.3657920" lon="14.8921050">
    <ele>1535.8</ele>
   </trkpt>
   <trkpt lat="46.3658120" lon="14.8921400">
    <ele>1535.0</ele>
   </trkpt>
   <trkpt lat="46.3658300" lon="14.8921670">
    <ele>1533.8</ele>
   </trkpt>
   <trkpt lat="46.3658520" lon="14.8921900">
    <ele>1533.4</ele>
   </trkpt>
   <trkpt lat="46.3658820" lon="14.8921980">
    <ele>1532.4</ele>
   </trkpt>
   <trkpt lat="46.3659130" lon="14.8921950">
    <ele>1531.6</ele>
   </trkpt>
   <trkpt lat="46.3659420" lon="14.8921830">
    <ele>1531.0</ele>
   </trkpt>
   <trkpt lat="46.3659670" lon="14.8921670">
    <ele>1530.4</ele>
   </trkpt>
   <trkpt lat="46.3659930" lon="14.8921470">
    <ele>1529.8</ele>
   </trkpt>
   <trkpt lat="46.3660230" lon="14.8921150">
    <ele>1529.4</ele>
   </trkpt>
   <trkpt lat="46.3660520" lon="14.8920880">
    <ele>1527.8</ele>
   </trkpt>
   <trkpt lat="46.3660830" lon="14.8920700">
    <ele>1527.8</ele>
   </trkpt>
   <trkpt lat="46.3661200" lon="14.8920620">
    <ele>1526.0</ele>
   </trkpt>
   <trkpt lat="46.3661550" lon="14.8920670">
    <ele>1526.0</ele>
   </trkpt>
   <trkpt lat="46.3661930" lon="14.8920720">
    <ele>1524.4</ele>
   </trkpt>
   <trkpt lat="46.3662320" lon="14.8920780">
    <ele>1523.2</ele>
   </trkpt>
   <trkpt lat="46.3662770" lon="14.8920820">
    <ele>1522.2</ele>
   </trkpt>
   <trkpt lat="46.3663170" lon="14.8920730">
    <ele>1521.2</ele>
   </trkpt>
   <trkpt lat="46.3663530" lon="14.8920550">
    <ele>1520.0</ele>
   </trkpt>
   <trkpt lat="46.3663880" lon="14.8920370">
    <ele>1518.8</ele>
   </trkpt>
   <trkpt lat="46.3664200" lon="14.8920180">
    <ele>1518.4</ele>
   </trkpt>
   <trkpt lat="46.3664500" lon="14.8920000">
    <ele>1517.8</ele>
   </trkpt>
   <trkpt lat="46.3664830" lon="14.8919780">
    <ele>1517.4</ele>
   </trkpt>
   <trkpt lat="46.3665130" lon="14.8919580">
    <ele>1517.2</ele>
   </trkpt>
   <trkpt lat="46.3665480" lon="14.8919500">
    <ele>1517.0</ele>
   </trkpt>
   <trkpt lat="46.3665830" lon="14.8919530">
    <ele>1516.4</ele>
   </trkpt>
   <trkpt lat="46.3666170" lon="14.8919770">
    <ele>1515.8</ele>
   </trkpt>
   <trkpt lat="46.3666500" lon="14.8919970">
    <ele>1515.2</ele>
   </trkpt>
   <trkpt lat="46.3666820" lon="14.8920130">
    <ele>1514.0</ele>
   </trkpt>
   <trkpt lat="46.3667120" lon="14.8920250">
    <ele>1513.8</ele>
   </trkpt>
   <trkpt lat="46.3667420" lon="14.8920400">
    <ele>1513.2</ele>
   </trkpt>
   <trkpt lat="46.3667720" lon="14.8920620">
    <ele>1513.0</ele>
   </trkpt>
   <trkpt lat="46.3667980" lon="14.8920900">
    <ele>1512.8</ele>
   </trkpt>
   <trkpt lat="46.3668200" lon="14.8921200">
    <ele>1512.4</ele>
   </trkpt>
   <trkpt lat="46.3668380" lon="14.8921620">
    <ele>1511.8</ele>
   </trkpt>
   <trkpt lat="46.3668500" lon="14.8922080">
    <ele>1511.2</ele>
   </trkpt>
   <trkpt lat="46.3668570" lon="14.8922570">
    <ele>1510.4</ele>
   </trkpt>
   <trkpt lat="46.3668580" lon="14.8923000">
    <ele>1509.8</ele>
   </trkpt>
   <trkpt lat="46.3668530" lon="14.8923470">
    <ele>1509.4</ele>
   </trkpt>
   <trkpt lat="46.3668430" lon="14.8923970">
    <ele>1509.2</ele>
   </trkpt>
   <trkpt lat="46.3668300" lon="14.8924430">
    <ele>1509.2</ele>
   </trkpt>
   <trkpt lat="46.3668070" lon="14.8924920">
    <ele>1508.4</ele>
   </trkpt>
   <trkpt lat="46.3667830" lon="14.8925280">
    <ele>1508.0</ele>
   </trkpt>
   <trkpt lat="46.3667580" lon="14.8925700">
    <ele>1507.6</ele>
   </trkpt>
   <trkpt lat="46.3667330" lon="14.8926120">
    <ele>1507.0</ele>
   </trkpt>
   <trkpt lat="46.3667100" lon="14.8926570">
    <ele>1506.0</ele>
   </trkpt>
   <trkpt lat="46.3666850" lon="14.8927030">
    <ele>1505.8</ele>
   </trkpt>
   <trkpt lat="46.3666620" lon="14.8927470">
    <ele>1505.6</ele>
   </trkpt>
   <trkpt lat="46.3666420" lon="14.8927880">
    <ele>1505.6</ele>
   </trkpt>
   <trkpt lat="46.3666250" lon="14.8928270">
    <ele>1505.4</ele>
   </trkpt>
   <trkpt lat="46.3666100" lon="14.8928620">
    <ele>1504.8</ele>
   </trkpt>
   <trkpt lat="46.3665950" lon="14.8929020">
    <ele>1504.6</ele>
   </trkpt>
   <trkpt lat="46.3665750" lon="14.8929420">
    <ele>1503.6</ele>
   </trkpt>
   <trkpt lat="46.3665580" lon="14.8929800">
    <ele>1503.0</ele>
   </trkpt>
   <trkpt lat="46.3665400" lon="14.8930150">
    <ele>1502.0</ele>
   </trkpt>
   <trkpt lat="46.3665180" lon="14.8930480">
    <ele>1501.4</ele>
   </trkpt>
   <trkpt lat="46.3665000" lon="14.8930830">
    <ele>1500.2</ele>
   </trkpt>
   <trkpt lat="46.3664780" lon="14.8931170">
    <ele>1499.6</ele>
   </trkpt>
   <trkpt lat="46.3664620" lon="14.8931530">
    <ele>1498.6</ele>
   </trkpt>
   <trkpt lat="46.3664430" lon="14.8931920">
    <ele>1498.2</ele>
   </trkpt>
   <trkpt lat="46.3664200" lon="14.8932280">
    <ele>1497.4</ele>
   </trkpt>
   <trkpt lat="46.3663930" lon="14.8932650">
    <ele>1496.8</ele>
   </trkpt>
   <trkpt lat="46.3663630" lon="14.8933100">
    <ele>1496.4</ele>
   </trkpt>
   <trkpt lat="46.3663350" lon="14.8933530">
    <ele>1495.6</ele>
   </trkpt>
   <trkpt lat="46.3663070" lon="14.8933870">
    <ele>1494.8</ele>
   </trkpt>
   <trkpt lat="46.3662770" lon="14.8934230">
    <ele>1494.8</ele>
   </trkpt>
   <trkpt lat="46.3662500" lon="14.8934570">
    <ele>1493.2</ele>
   </trkpt>
   <trkpt lat="46.3662280" lon="14.8934970">
    <ele>1493.2</ele>
   </trkpt>
   <trkpt lat="46.3662130" lon="14.8935370">
    <ele>1491.0</ele>
   </trkpt>
   <trkpt lat="46.3661980" lon="14.8935820">
    <ele>1491.0</ele>
   </trkpt>
   <trkpt lat="46.3661800" lon="14.8936270">
    <ele>1489.6</ele>
   </trkpt>
   <trkpt lat="46.3661650" lon="14.8936780">
    <ele>1488.8</ele>
   </trkpt>
   <trkpt lat="46.3661500" lon="14.8937320">
    <ele>1488.0</ele>
   </trkpt>
   <trkpt lat="46.3661400" lon="14.8937900">
    <ele>1487.2</ele>
   </trkpt>
   <trkpt lat="46.3661250" lon="14.8938480">
    <ele>1486.4</ele>
   </trkpt>
   <trkpt lat="46.3661100" lon="14.8938980">
    <ele>1486.2</ele>
   </trkpt>
   <trkpt lat="46.3660980" lon="14.8939420">
    <ele>1485.6</ele>
   </trkpt>
   <trkpt lat="46.3660870" lon="14.8939920">
    <ele>1485.2</ele>
   </trkpt>
   <trkpt lat="46.3660700" lon="14.8940370">
    <ele>1484.0</ele>
   </trkpt>
   <trkpt lat="46.3660500" lon="14.8940770">
    <ele>1483.2</ele>
   </trkpt>
   <trkpt lat="46.3660300" lon="14.8941180">
    <ele>1482.4</ele>
   </trkpt>
   <trkpt lat="46.3660150" lon="14.8941630">
    <ele>1481.6</ele>
   </trkpt>
   <trkpt lat="46.3660000" lon="14.8942030">
    <ele>1480.8</ele>
   </trkpt>
   <trkpt lat="46.3659800" lon="14.8942450">
    <ele>1480.2</ele>
   </trkpt>
   <trkpt lat="46.3659650" lon="14.8942820">
    <ele>1479.0</ele>
   </trkpt>
   <trkpt lat="46.3659450" lon="14.8943150">
    <ele>1478.2</ele>
   </trkpt>
   <trkpt lat="46.3659250" lon="14.8943380">
    <ele>1477.2</ele>
   </trkpt>
   <trkpt lat="46.3659020" lon="14.8943520">
    <ele>1476.4</ele>
   </trkpt>
   <trkpt lat="46.3658780" lon="14.8943550">
    <ele>1475.6</ele>
   </trkpt>
   <trkpt lat="46.3658550" lon="14.8943680">
    <ele>1474.8</ele>
   </trkpt>
   <trkpt lat="46.3658300" lon="14.8943830">
    <ele>1474.0</ele>
   </trkpt>
   <trkpt lat="46.3658070" lon="14.8944070">
    <ele>1473.2</ele>
   </trkpt>
   <trkpt lat="46.3657850" lon="14.8944330">
    <ele>1472.2</ele>
   </trkpt>
   <trkpt lat="46.3657730" lon="14.8944720">
    <ele>1471.4</ele>
   </trkpt>
   <trkpt lat="46.3657730" lon="14.8945120">
    <ele>1470.4</ele>
   </trkpt>
   <trkpt lat="46.3657830" lon="14.8945420">
    <ele>1470.0</ele>
   </trkpt>
   <trkpt lat="46.3658070" lon="14.8945630">
    <ele>1468.6</ele>
   </trkpt>
   <trkpt lat="46.3658320" lon="14.8945780">
    <ele>1468.0</ele>
   </trkpt>
   <trkpt lat="46.3658620" lon="14.8945880">
    <ele>1467.4</ele>
   </trkpt>
   <trkpt lat="46.3658880" lon="14.8945980">
    <ele>1467.0</ele>
   </trkpt>
   <trkpt lat="46.3659170" lon="14.8946030">
    <ele>1466.2</ele>
   </trkpt>
   <trkpt lat="46.3659470" lon="14.8946200">
    <ele>1465.0</ele>
   </trkpt>
   <trkpt lat="46.3659730" lon="14.8946370">
    <ele>1464.4</ele>
   </trkpt>
   <trkpt lat="46.3660000" lon="14.8946520">
    <ele>1463.8</ele>
   </trkpt>
   <trkpt lat="46.3660280" lon="14.8946650">
    <ele>1463.4</ele>
   </trkpt>
   <trkpt lat="46.3660550" lon="14.8946680">
    <ele>1462.8</ele>
   </trkpt>
   <trkpt lat="46.3660820" lon="14.8946720">
    <ele>1462.6</ele>
   </trkpt>
   <trkpt lat="46.3661130" lon="14.8946820">
    <ele>1461.8</ele>
   </trkpt>
   <trkpt lat="46.3661430" lon="14.8946950">
    <ele>1460.6</ele>
   </trkpt>
   <trkpt lat="46.3661770" lon="14.8947020">
    <ele>1459.8</ele>
   </trkpt>
   <trkpt lat="46.3662030" lon="14.8947150">
    <ele>1459.0</ele>
   </trkpt>
   <trkpt lat="46.3662330" lon="14.8947200">
    <ele>1458.2</ele>
   </trkpt>
   <trkpt lat="46.3662580" lon="14.8947270">
    <ele>1457.2</ele>
   </trkpt>
   <trkpt lat="46.3662820" lon="14.8947420">
    <ele>1456.4</ele>
   </trkpt>
   <trkpt lat="46.3663070" lon="14.8947500">
    <ele>1455.6</ele>
   </trkpt>
   <trkpt lat="46.3663320" lon="14.8947480">
    <ele>1454.8</ele>
   </trkpt>
   <trkpt lat="46.3663620" lon="14.8947600">
    <ele>1454.0</ele>
   </trkpt>
   <trkpt lat="46.3663880" lon="14.8947750">
    <ele>1453.4</ele>
   </trkpt>
   <trkpt lat="46.3664170" lon="14.8947820">
    <ele>1452.4</ele>
   </trkpt>
   <trkpt lat="46.3664530" lon="14.8947830">
    <ele>1451.6</ele>
   </trkpt>
   <trkpt lat="46.3664880" lon="14.8947930">
    <ele>1450.6</ele>
   </trkpt>
   <trkpt lat="46.3665170" lon="14.8948070">
    <ele>1450.0</ele>
   </trkpt>
   <trkpt lat="46.3665430" lon="14.8948180">
    <ele>1449.0</ele>
   </trkpt>
   <trkpt lat="46.3665680" lon="14.8948270">
    <ele>1448.4</ele>
   </trkpt>
   <trkpt lat="46.3665980" lon="14.8948220">
    <ele>1447.8</ele>
   </trkpt>
   <trkpt lat="46.3666330" lon="14.8948120">
    <ele>1447.2</ele>
   </trkpt>
   <trkpt lat="46.3666650" lon="14.8948080">
    <ele>1447.0</ele>
   </trkpt>
   <trkpt lat="46.3667000" lon="14.8948070">
    <ele>1446.0</ele>
   </trkpt>
   <trkpt lat="46.3667330" lon="14.8947950">
    <ele>1445.4</ele>
   </trkpt>
   <trkpt lat="46.3667680" lon="14.8947930">
    <ele>1443.8</ele>
   </trkpt>
   <trkpt lat="46.3668100" lon="14.8947800">
    <ele>1443.8</ele>
   </trkpt>
   <trkpt lat="46.3668500" lon="14.8947620">
    <ele>1442.0</ele>
   </trkpt>
   <trkpt lat="46.3668870" lon="14.8947450">
    <ele>1442.0</ele>
   </trkpt>
   <trkpt lat="46.3669270" lon="14.8947370">
    <ele>1440.8</ele>
   </trkpt>
   <trkpt lat="46.3669650" lon="14.8947280">
    <ele>1440.2</ele>
   </trkpt>
   <trkpt lat="46.3670030" lon="14.8947230">
    <ele>1439.6</ele>
   </trkpt>
   <trkpt lat="46.3670370" lon="14.8947170">
    <ele>1438.8</ele>
   </trkpt>
   <trkpt lat="46.3670750" lon="14.8947120">
    <ele>1437.8</ele>
   </trkpt>
   <trkpt lat="46.3671200" lon="14.8947070">
    <ele>1437.2</ele>
   </trkpt>
   <trkpt lat="46.3671570" lon="14.8947020">
    <ele>1436.4</ele>
   </trkpt>
   <trkpt lat="46.3671860" lon="14.8946970">
    <ele>1436.0</ele>
   </trkpt>
   <trkpt lat="46.3672200" lon="14.8946880">
    <ele>1435.2</ele>
   </trkpt>
   <trkpt lat="46.3672550" lon="14.8946820">
    <ele>1435.0</ele>
   </trkpt>
   <trkpt lat="46.3672920" lon="14.8946730">
    <ele>1434.2</ele>
   </trkpt>
   <trkpt lat="46.3673180" lon="14.8946670">
    <ele>1433.4</ele>
   </trkpt>
   <trkpt lat="46.3673500" lon="14.8946500">
    <ele>1433.2</ele>
   </trkpt>
   <trkpt lat="46.3673800" lon="14.8946400">
    <ele>1432.4</ele>
   </trkpt>
   <trkpt lat="46.3674170" lon="14.8946250">
    <ele>1432.0</ele>
   </trkpt>
   <trkpt lat="46.3674500" lon="14.8946100">
    <ele>1431.2</ele>
   </trkpt>
   <trkpt lat="46.3674900" lon="14.8945970">
    <ele>1430.6</ele>
   </trkpt>
   <trkpt lat="46.3675300" lon="14.8945830">
    <ele>1429.8</ele>
   </trkpt>
   <trkpt lat="46.3675700" lon="14.8945720">
    <ele>1429.2</ele>
   </trkpt>
   <trkpt lat="46.3676100" lon="14.8945570">
    <ele>1428.2</ele>
   </trkpt>
   <trkpt lat="46.3676500" lon="14.8945500">
    <ele>1427.2</ele>
   </trkpt>
   <trkpt lat="46.3676900" lon="14.8945400">
    <ele>1426.6</ele>
   </trkpt>
   <trkpt lat="46.3677270" lon="14.8945320">
    <ele>1425.8</ele>
   </trkpt>
   <trkpt lat="46.3677680" lon="14.8945200">
    <ele>1425.2</ele>
   </trkpt>
   <trkpt lat="46.3678100" lon="14.8945120">
    <ele>1424.4</ele>
   </trkpt>
   <trkpt lat="46.3678470" lon="14.8944980">
    <ele>1424.2</ele>
   </trkpt>
   <trkpt lat="46.3678770" lon="14.8944830">
    <ele>1423.4</ele>
   </trkpt>
   <trkpt lat="46.3679120" lon="14.8944480">
    <ele>1423.0</ele>
   </trkpt>
   <trkpt lat="46.3679400" lon="14.8944230">
    <ele>1423.0</ele>
   </trkpt>
   <trkpt lat="46.3679700" lon="14.8943950">
    <ele>1422.6</ele>
   </trkpt>
   <trkpt lat="46.3680020" lon="14.8943730">
    <ele>1422.0</ele>
   </trkpt>
   <trkpt lat="46.3680320" lon="14.8943500">
    <ele>1421.0</ele>
   </trkpt>
   <trkpt lat="46.3680620" lon="14.8943320">
    <ele>1420.6</ele>
   </trkpt>
   <trkpt lat="46.3680900" lon="14.8943170">
    <ele>1419.8</ele>
   </trkpt>
   <trkpt lat="46.3681200" lon="14.8942970">
    <ele>1419.4</ele>
   </trkpt>
   <trkpt lat="46.3681520" lon="14.8942830">
    <ele>1418.4</ele>
   </trkpt>
   <trkpt lat="46.3681820" lon="14.8942720">
    <ele>1418.2</ele>
   </trkpt>
   <trkpt lat="46.3682080" lon="14.8942620">
    <ele>1417.8</ele>
   </trkpt>
   <trkpt lat="46.3682380" lon="14.8942580">
    <ele>1417.2</ele>
   </trkpt>
   <trkpt lat="46.3682680" lon="14.8942620">
    <ele>1417.2</ele>
   </trkpt>
   <trkpt lat="46.3682980" lon="14.8942630">
    <ele>1416.4</ele>
   </trkpt>
   <trkpt lat="46.3683270" lon="14.8942630">
    <ele>1416.0</ele>
   </trkpt>
   <trkpt lat="46.3683600" lon="14.8942550">
    <ele>1414.8</ele>
   </trkpt>
   <trkpt lat="46.3683950" lon="14.8942500">
    <ele>1414.2</ele>
   </trkpt>
   <trkpt lat="46.3684270" lon="14.8942470">
    <ele>1413.8</ele>
   </trkpt>
   <trkpt lat="46.3684600" lon="14.8942480">
    <ele>1413.2</ele>
   </trkpt>
   <trkpt lat="46.3684930" lon="14.8942400">
    <ele>1412.8</ele>
   </trkpt>
   <trkpt lat="46.3685230" lon="14.8942370">
    <ele>1412.2</ele>
   </trkpt>
   <trkpt lat="46.3685500" lon="14.8942230">
    <ele>1411.6</ele>
   </trkpt>
   <trkpt lat="46.3685750" lon="14.8942070">
    <ele>1411.4</ele>
   </trkpt>
   <trkpt lat="46.3686020" lon="14.8941830">
    <ele>1411.0</ele>
   </trkpt>
   <trkpt lat="46.3686280" lon="14.8941620">
    <ele>1410.8</ele>
   </trkpt>
   <trkpt lat="46.3686530" lon="14.8941330">
    <ele>1410.4</ele>
   </trkpt>
   <trkpt lat="46.3686720" lon="14.8941070">
    <ele>1410.4</ele>
   </trkpt>
   <trkpt lat="46.3686870" lon="14.8940800">
    <ele>1410.4</ele>
   </trkpt>
   <trkpt lat="46.3687030" lon="14.8940550">
    <ele>1410.4</ele>
   </trkpt>
   <trkpt lat="46.3687170" lon="14.8940300">
    <ele>1410.6</ele>
   </trkpt>
   <trkpt lat="46.3687280" lon="14.8940080">
    <ele>1410.8</ele>
   </trkpt>
   <trkpt lat="46.3687420" lon="14.8939850">
    <ele>1411.0</ele>
   </trkpt>
   <trkpt lat="46.3687580" lon="14.8939600">
    <ele>1411.4</ele>
   </trkpt>
   <trkpt lat="46.3687750" lon="14.8939300">
    <ele>1411.8</ele>
   </trkpt>
   <trkpt lat="46.3687920" lon="14.8939080">
    <ele>1412.2</ele>
   </trkpt>
   <trkpt lat="46.3688100" lon="14.8938850">
    <ele>1413.4</ele>
   </trkpt>
   <trkpt lat="46.3688220" lon="14.8938600">
    <ele>1414.0</ele>
   </trkpt>
   <trkpt lat="46.3688320" lon="14.8938320">
    <ele>1414.4</ele>
   </trkpt>
   <trkpt lat="46.3688420" lon="14.8938070">
    <ele>1414.4</ele>
   </trkpt>
   <trkpt lat="46.3688480" lon="14.8937770">
    <ele>1414.8</ele>
   </trkpt>
   <trkpt lat="46.3688570" lon="14.8937500">
    <ele>1415.0</ele>
   </trkpt>
   <trkpt lat="46.3688630" lon="14.8937230">
    <ele>1415.2</ele>
   </trkpt>
   <trkpt lat="46.3688720" lon="14.8936950">
    <ele>1415.6</ele>
   </trkpt>
   <trkpt lat="46.3688850" lon="14.8936720">
    <ele>1416.0</ele>
   </trkpt>
   <trkpt lat="46.3689000" lon="14.8936550">
    <ele>1416.6</ele>
   </trkpt>
   <trkpt lat="46.3689200" lon="14.8936430">
    <ele>1417.4</ele>
   </trkpt>
   <trkpt lat="46.3689400" lon="14.8936220">
    <ele>1418.0</ele>
   </trkpt>
   <trkpt lat="46.3689600" lon="14.8936030">
    <ele>1418.2</ele>
   </trkpt>
   <trkpt lat="46.3689830" lon="14.8935920">
    <ele>1418.8</ele>
   </trkpt>
   <trkpt lat="46.3690070" lon="14.8935930">
    <ele>1418.8</ele>
   </trkpt>
   <trkpt lat="46.3690330" lon="14.8936070">
    <ele>1419.0</ele>
   </trkpt>
   <trkpt lat="46.3690600" lon="14.8936220">
    <ele>1419.0</ele>
   </trkpt>
   <trkpt lat="46.3690830" lon="14.8936480">
    <ele>1419.4</ele>
   </trkpt>
   <trkpt lat="46.3690930" lon="14.8936880">
    <ele>1419.8</ele>
   </trkpt>
   <trkpt lat="46.3690920" lon="14.8937270">
    <ele>1420.2</ele>
   </trkpt>
   <trkpt lat="46.3690800" lon="14.8937700">
    <ele>1420.2</ele>
   </trkpt>
   <trkpt lat="46.3690680" lon="14.8938150">
    <ele>1420.2</ele>
   </trkpt>
   <trkpt lat="46.3690530" lon="14.8938680">
    <ele>1420.4</ele>
   </trkpt>
   <trkpt lat="46.3690370" lon="14.8939180">
    <ele>1420.4</ele>
   </trkpt>
   <trkpt lat="46.3690200" lon="14.8939730">
    <ele>1420.4</ele>
   </trkpt>
   <trkpt lat="46.3690070" lon="14.8940320">
    <ele>1420.6</ele>
   </trkpt>
   <trkpt lat="46.3689920" lon="14.8940950">
    <ele>1420.8</ele>
   </trkpt>
   <trkpt lat="46.3689820" lon="14.8941520">
    <ele>1420.8</ele>
   </trkpt>
   <trkpt lat="46.3689750" lon="14.8942080">
    <ele>1420.8</ele>
   </trkpt>
   <trkpt lat="46.3689700" lon="14.8942770">
    <ele>1420.8</ele>
   </trkpt>
   <trkpt lat="46.3689670" lon="14.8943380">
    <ele>1420.6</ele>
   </trkpt>
   <trkpt lat="46.3689600" lon="14.8944070">
    <ele>1420.6</ele>
   </trkpt>
   <trkpt lat="46.3689550" lon="14.8944680">
    <ele>1420.4</ele>
   </trkpt>
   <trkpt lat="46.3689450" lon="14.8945300">
    <ele>1420.4</ele>
   </trkpt>
   <trkpt lat="46.3689370" lon="14.8945850">
    <ele>1420.2</ele>
   </trkpt>
   <trkpt lat="46.3689300" lon="14.8946420">
    <ele>1420.0</ele>
   </trkpt>
   <trkpt lat="46.3689180" lon="14.8946980">
    <ele>1419.2</ele>
   </trkpt>
   <trkpt lat="46.3689100" lon="14.8947520">
    <ele>1418.8</ele>
   </trkpt>
   <trkpt lat="46.3689030" lon="14.8948050">
    <ele>1418.4</ele>
   </trkpt>
   <trkpt lat="46.3688970" lon="14.8948580">
    <ele>1417.8</ele>
   </trkpt>
   <trkpt lat="46.3688900" lon="14.8949070">
    <ele>1417.4</ele>
   </trkpt>
   <trkpt lat="46.3688830" lon="14.8949430">
    <ele>1417.0</ele>
   </trkpt>
   <trkpt lat="46.3688860" lon="14.8949420">
    <ele>1416.8</ele>
   </trkpt>
   <trkpt lat="46.3688880" lon="14.8949420">
    <ele>1416.4</ele>
   </trkpt>
   <trkpt lat="46.3688890" lon="14.8949410">
    <ele>1416.2</ele>
   </trkpt>
   <trkpt lat="46.3688890" lon="14.8949410">
    <ele>1415.8</ele>
   </trkpt>
   <trkpt lat="46.3688910" lon="14.8949400">
    <ele>1415.6</ele>
   </trkpt>
   <trkpt lat="46.3688910" lon="14.8949400">
    <ele>1415.4</ele>
   </trkpt>
   <trkpt lat="46.3688910" lon="14.8949400">
    <ele>1415.4</ele>
   </trkpt>
   <trkpt lat="46.3688910" lon="14.8949400">
    <ele>1415.2</ele>
   </trkpt>
   <trkpt lat="46.3688910" lon="14.8949400">
    <ele>1415.2</ele>
   </trkpt>
   <trkpt lat="46.3688910" lon="14.8949400">
    <ele>1415.2</ele>
   </trkpt>
   <trkpt lat="46.3688910" lon="14.8949400">
    <ele>1415.2</ele>
   </trkpt>
   <trkpt lat="46.3688930" lon="14.8949400">
    <ele>1415.0</ele>
   </trkpt>
   <trkpt lat="46.3688930" lon="14.8949400">
    <ele>1415.0</ele>
   </trkpt>
   <trkpt lat="46.3688930" lon="14.8949400">
    <ele>1415.2</ele>
   </trkpt>
   <trkpt lat="46.3689110" lon="14.8948980">
    <ele>1415.2</ele>
   </trkpt>
   <trkpt lat="46.3689110" lon="14.8948980">
    <ele>1415.2</ele>
   </trkpt>
   <trkpt lat="46.3689110" lon="14.8948980">
    <ele>1415.0</ele>
   </trkpt>
   <trkpt lat="46.3689110" lon="14.8948980">
    <ele>1415.0</ele>
   </trkpt>
   <trkpt lat="46.3689110" lon="14.8948980">
    <ele>1415.0</ele>
   </trkpt>
   <trkpt lat="46.3689110" lon="14.8948980">
    <ele>1415.0</ele>
   </trkpt>
   <trkpt lat="46.3689110" lon="14.8948980">
    <ele>1415.0</ele>
   </trkpt>
   <trkpt lat="46.3689110" lon="14.8948980">
    <ele>1415.0</ele>
   </trkpt>
   <trkpt lat="46.3689110" lon="14.8948980">
    <ele>1415.0</ele>
   </trkpt>
   <trkpt lat="46.3689110" lon="14.8948980">
    <ele>1415.0</ele>
   </trkpt>
   <trkpt lat="46.3689110" lon="14.8948980">
    <ele>1415.0</ele>
   </trkpt>
   <trkpt lat="46.3689110" lon="14.8948980">
    <ele>1415.0</ele>
   </trkpt>
   <trkpt lat="46.3689110" lon="14.8948980">
    <ele>1415.0</ele>
   </trkpt>
   <trkpt lat="46.3689110" lon="14.8948980">
    <ele>1415.0</ele>
   </trkpt>
   <trkpt lat="46.3689110" lon="14.8948980">
    <ele>1415.0</ele>
   </trkpt>
   <trkpt lat="46.3689110" lon="14.8948980">
    <ele>1415.0</ele>
   </trkpt>
   <trkpt lat="46.3689110" lon="14.8948980">
    <ele>1415.0</ele>
   </trkpt>
   <trkpt lat="46.3689110" lon="14.8948980">
    <ele>1415.0</ele>
   </trkpt>
   <trkpt lat="46.3689110" lon="14.8948980">
    <ele>1415.0</ele>
   </trkpt>
   <trkpt lat="46.3689110" lon="14.8948980">
    <ele>1415.0</ele>
   </trkpt>
   <trkpt lat="46.3689110" lon="14.8948980">
    <ele>1415.0</ele>
   </trkpt>
   <trkpt lat="46.3689110" lon="14.8948980">
    <ele>1415.0</ele>
   </trkpt>
   <trkpt lat="46.3689110" lon="14.8948980">
    <ele>1415.0</ele>
   </trkpt>
   <trkpt lat="46.3689110" lon="14.8948980">
    <ele>1415.0</ele>
   </trkpt>
   <trkpt lat="46.3689110" lon="14.8948980">
    <ele>1415.0</ele>
   </trkpt>
   <trkpt lat="46.3689110" lon="14.8948980">
    <ele>1415.2</ele>
   </trkpt>
   <trkpt lat="46.3689030" lon="14.8948880">
    <ele>1415.2</ele>
   </trkpt>
   <trkpt lat="46.3689030" lon="14.8948880">
    <ele>1415.2</ele>
   </trkpt>
  </trkseg>
 </trk>
</gpx>
