<?xml version="1.0" encoding="UTF-8"?>
<gpx creator="https://gpx.studio" version="1.1" xmlns="http://www.topografix.com/GPX/1/1" xmlns:xsi="http://www.w3.org/2001/XMLSchema-instance" xsi:schemaLocation="http://www.topografix.com/GPX/1/1 http://www.topografix.com/GPX/1/1/gpx.xsd http://www.garmin.com/xmlschemas/GpxExtensions/v3 http://www.garmin.com/xmlschemas/GpxExtensionsv3.xsd http://www.garmin.com/xmlschemas/TrackPointExtension/v1 http://www.garmin.com/xmlschemas/TrackPointExtensionv1.xsd http://www.garmin.com/xmlschemas/PowerExtension/v1 http://www.garmin.com/xmlschemas/PowerExtensionv1.xsd http://www.topografix.com/GPX/gpx_style/0/2 http://www.topografix.com/GPX/gpx_style/0/2/gpx_style.xsd" xmlns:gpxtpx="http://www.garmin.com/xmlschemas/TrackPointExtension/v1" xmlns:gpxx="http://www.garmin.com/xmlschemas/GpxExtensions/v3" xmlns:gpxpx="http://www.garmin.com/xmlschemas/PowerExtension/v1" xmlns:gpx_style="http://www.topografix.com/GPX/gpx_style/0/2">
  <metadata>
    <name>triglav-trail-44km</name>
    <author>
      <name>gpx.studio</name>
      <link href="https://gpx.studio"/>
    </author>
  </metadata>
  <trk>
    <name>triglav-trail-44km</name>
    <trkseg>
      <trkpt lat="46.458398" lon="13.935929">
        <ele>658.89</ele>
      </trkpt>
      <trkpt lat="46.458211" lon="13.935744">
        <ele>659</ele>
      </trkpt>
      <trkpt lat="46.457763" lon="13.936079">
        <ele>658.97</ele>
      </trkpt>
      <trkpt lat="46.457674" lon="13.936032">
        <ele>658.22</ele>
      </trkpt>
      <trkpt lat="46.457582" lon="13.936098">
        <ele>656.14</ele>
      </trkpt>
      <trkpt lat="46.457523" lon="13.936129">
        <ele>654.41</ele>
      </trkpt>
      <trkpt lat="46.457473" lon="13.936171">
        <ele>654</ele>
      </trkpt>
      <trkpt lat="46.457424" lon="13.936215">
        <ele>654.42</ele>
      </trkpt>
      <trkpt lat="46.457356" lon="13.9363">
        <ele>656.68</ele>
      </trkpt>
      <trkpt lat="46.457181" lon="13.935983">
        <ele>657.9</ele>
      </trkpt>
      <trkpt lat="46.457009" lon="13.93556">
        <ele>657.93</ele>
      </trkpt>
      <trkpt lat="46.456899" lon="13.935359">
        <ele>658.22</ele>
      </trkpt>
      <trkpt lat="46.45685" lon="13.935271">
        <ele>658.35</ele>
      </trkpt>
      <trkpt lat="46.456724" lon="13.935077">
        <ele>658.62</ele>
      </trkpt>
      <trkpt lat="46.456383" lon="13.93478">
        <ele>659.74</ele>
      </trkpt>
      <trkpt lat="46.4562" lon="13.934638">
        <ele>660.06</ele>
      </trkpt>
      <trkpt lat="46.455635" lon="13.934423">
        <ele>663.76</ele>
      </trkpt>
      <trkpt lat="46.455471" lon="13.934447">
        <ele>665.48</ele>
      </trkpt>
      <trkpt lat="46.455431" lon="13.934432">
        <ele>665.21</ele>
      </trkpt>
      <trkpt lat="46.45538" lon="13.934395">
        <ele>664.64</ele>
      </trkpt>
      <trkpt lat="46.45523" lon="13.934368">
        <ele>664.56</ele>
      </trkpt>
      <trkpt lat="46.455162" lon="13.934341">
        <ele>664.74</ele>
      </trkpt>
      <trkpt lat="46.455037" lon="13.934272">
        <ele>664.97</ele>
      </trkpt>
      <trkpt lat="46.45483" lon="13.934128">
        <ele>665.14</ele>
      </trkpt>
      <trkpt lat="46.454736" lon="13.934052">
        <ele>664.74</ele>
      </trkpt>
      <trkpt lat="46.454635" lon="13.933924">
        <ele>665.43</ele>
      </trkpt>
      <trkpt lat="46.454602" lon="13.933821">
        <ele>665.56</ele>
      </trkpt>
      <trkpt lat="46.45451" lon="13.93376">
        <ele>665.74</ele>
      </trkpt>
      <trkpt lat="46.454387" lon="13.933656">
        <ele>666.42</ele>
      </trkpt>
      <trkpt lat="46.454268" lon="13.933358">
        <ele>666.21</ele>
      </trkpt>
      <trkpt lat="46.453845" lon="13.932564">
        <ele>669.64</ele>
      </trkpt>
      <trkpt lat="46.453688" lon="13.932334">
        <ele>671.18</ele>
      </trkpt>
      <trkpt lat="46.453583" lon="13.932127">
        <ele>670.64</ele>
      </trkpt>
      <trkpt lat="46.453415" lon="13.931923">
        <ele>670.37</ele>
      </trkpt>
      <trkpt lat="46.453185" lon="13.931722">
        <ele>671.27</ele>
      </trkpt>
      <trkpt lat="46.453095" lon="13.931693">
        <ele>672.44</ele>
      </trkpt>
      <trkpt lat="46.453013" lon="13.931594">
        <ele>670.53</ele>
      </trkpt>
      <trkpt lat="46.452815" lon="13.931365">
        <ele>672.13</ele>
      </trkpt>
      <trkpt lat="46.452678" lon="13.931144">
        <ele>671.55</ele>
      </trkpt>
      <trkpt lat="46.452552" lon="13.930893">
        <ele>672.01</ele>
      </trkpt>
      <trkpt lat="46.452397" lon="13.930625">
        <ele>672.84</ele>
      </trkpt>
      <trkpt lat="46.452267" lon="13.930443">
        <ele>672.89</ele>
      </trkpt>
      <trkpt lat="46.452104" lon="13.930247">
        <ele>673.18</ele>
      </trkpt>
      <trkpt lat="46.451903" lon="13.930069">
        <ele>673.59</ele>
      </trkpt>
      <trkpt lat="46.451566" lon="13.929818">
        <ele>674.97</ele>
      </trkpt>
      <trkpt lat="46.451322" lon="13.929593">
        <ele>676.11</ele>
      </trkpt>
      <trkpt lat="46.45108" lon="13.929445">
        <ele>676.84</ele>
      </trkpt>
      <trkpt lat="46.450827" lon="13.92931">
        <ele>677.84</ele>
      </trkpt>
      <trkpt lat="46.450791" lon="13.929276">
        <ele>677.92</ele>
      </trkpt>
      <trkpt lat="46.450679" lon="13.92901">
        <ele>678.88</ele>
      </trkpt>
      <trkpt lat="46.45062" lon="13.928809">
        <ele>678.31</ele>
      </trkpt>
      <trkpt lat="46.45057" lon="13.928564">
        <ele>678.73</ele>
      </trkpt>
      <trkpt lat="46.450507" lon="13.928162">
        <ele>679.26</ele>
      </trkpt>
      <trkpt lat="46.450461" lon="13.927917">
        <ele>679.81</ele>
      </trkpt>
      <trkpt lat="46.450313" lon="13.927644">
        <ele>680.06</ele>
      </trkpt>
      <trkpt lat="46.450141" lon="13.927399">
        <ele>681.35</ele>
      </trkpt>
      <trkpt lat="46.449962" lon="13.927169">
        <ele>682.15</ele>
      </trkpt>
      <trkpt lat="46.449857" lon="13.926972">
        <ele>682.03</ele>
      </trkpt>
      <trkpt lat="46.449734" lon="13.926675">
        <ele>682.93</ele>
      </trkpt>
      <trkpt lat="46.449543" lon="13.926488">
        <ele>683.48</ele>
      </trkpt>
      <trkpt lat="46.449368" lon="13.926382">
        <ele>683.61</ele>
      </trkpt>
      <trkpt lat="46.449211" lon="13.926271">
        <ele>684.15</ele>
      </trkpt>
      <trkpt lat="46.44909" lon="13.926054">
        <ele>684.16</ele>
      </trkpt>
      <trkpt lat="46.44903" lon="13.925874">
        <ele>683.9</ele>
      </trkpt>
      <trkpt lat="46.449008" lon="13.925749">
        <ele>683.83</ele>
      </trkpt>
      <trkpt lat="46.448949" lon="13.925604">
        <ele>684.28</ele>
      </trkpt>
      <trkpt lat="46.448878" lon="13.925503">
        <ele>685.53</ele>
      </trkpt>
      <trkpt lat="46.448848" lon="13.925322">
        <ele>684.94</ele>
      </trkpt>
      <trkpt lat="46.448802" lon="13.924331">
        <ele>684.51</ele>
      </trkpt>
      <trkpt lat="46.448857" lon="13.924142">
        <ele>683.56</ele>
      </trkpt>
      <trkpt lat="46.448878" lon="13.923942">
        <ele>684.19</ele>
      </trkpt>
      <trkpt lat="46.448712" lon="13.923858">
        <ele>688.22</ele>
      </trkpt>
      <trkpt lat="46.448763" lon="13.923247">
        <ele>686.98</ele>
      </trkpt>
      <trkpt lat="46.448764" lon="13.923038">
        <ele>687.81</ele>
      </trkpt>
      <trkpt lat="46.448755" lon="13.922892">
        <ele>688.15</ele>
      </trkpt>
      <trkpt lat="46.448763" lon="13.922749">
        <ele>687.98</ele>
      </trkpt>
      <trkpt lat="46.448747" lon="13.922591">
        <ele>688.34</ele>
      </trkpt>
      <trkpt lat="46.448717" lon="13.922466">
        <ele>688.88</ele>
      </trkpt>
      <trkpt lat="46.448686" lon="13.922377">
        <ele>688.78</ele>
      </trkpt>
      <trkpt lat="46.448612" lon="13.922277">
        <ele>689.49</ele>
      </trkpt>
      <trkpt lat="46.448314" lon="13.922124">
        <ele>691.11</ele>
      </trkpt>
      <trkpt lat="46.448025" lon="13.922018">
        <ele>691.66</ele>
      </trkpt>
      <trkpt lat="46.447828" lon="13.921882">
        <ele>691.57</ele>
      </trkpt>
      <trkpt lat="46.447708" lon="13.92176">
        <ele>692.17</ele>
      </trkpt>
      <trkpt lat="46.447636" lon="13.921619">
        <ele>693.88</ele>
      </trkpt>
      <trkpt lat="46.447598" lon="13.921382">
        <ele>694.68</ele>
      </trkpt>
      <trkpt lat="46.44759" lon="13.921255">
        <ele>694.53</ele>
      </trkpt>
      <trkpt lat="46.44761" lon="13.921125">
        <ele>693.85</ele>
      </trkpt>
      <trkpt lat="46.447694" lon="13.92089">
        <ele>693.33</ele>
      </trkpt>
      <trkpt lat="46.447703" lon="13.920781">
        <ele>693.81</ele>
      </trkpt>
      <trkpt lat="46.447787" lon="13.920599">
        <ele>692.92</ele>
      </trkpt>
      <trkpt lat="46.447863" lon="13.920487">
        <ele>693.19</ele>
      </trkpt>
      <trkpt lat="46.447913" lon="13.920323">
        <ele>693.25</ele>
      </trkpt>
      <trkpt lat="46.447938" lon="13.920195">
        <ele>693.51</ele>
      </trkpt>
      <trkpt lat="46.44798" lon="13.919982">
        <ele>693.95</ele>
      </trkpt>
      <trkpt lat="46.447979" lon="13.919905">
        <ele>694.21</ele>
      </trkpt>
      <trkpt lat="46.447961" lon="13.919815">
        <ele>694.64</ele>
      </trkpt>
      <trkpt lat="46.447877" lon="13.919637">
        <ele>695.2</ele>
      </trkpt>
      <trkpt lat="46.447751" lon="13.919417">
        <ele>695.36</ele>
      </trkpt>
      <trkpt lat="46.447606" lon="13.91921">
        <ele>695.67</ele>
      </trkpt>
      <trkpt lat="46.447451" lon="13.919042">
        <ele>696.09</ele>
      </trkpt>
      <trkpt lat="46.446915" lon="13.91865">
        <ele>697.58</ele>
      </trkpt>
      <trkpt lat="46.446836" lon="13.918564">
        <ele>698</ele>
      </trkpt>
      <trkpt lat="46.446654" lon="13.91823">
        <ele>698</ele>
      </trkpt>
      <trkpt lat="46.446261" lon="13.917319">
        <ele>700.01</ele>
      </trkpt>
      <trkpt lat="46.446103" lon="13.917022">
        <ele>701.42</ele>
      </trkpt>
      <trkpt lat="46.446007" lon="13.916806">
        <ele>702.05</ele>
      </trkpt>
      <trkpt lat="46.445893" lon="13.916459">
        <ele>702.93</ele>
      </trkpt>
      <trkpt lat="46.445768" lon="13.91616">
        <ele>702.38</ele>
      </trkpt>
      <trkpt lat="46.445683" lon="13.915912">
        <ele>702.43</ele>
      </trkpt>
      <trkpt lat="46.445515" lon="13.915471">
        <ele>702.38</ele>
      </trkpt>
      <trkpt lat="46.44522" lon="13.914911">
        <ele>705.74</ele>
      </trkpt>
      <trkpt lat="46.445077" lon="13.914726">
        <ele>706.24</ele>
      </trkpt>
      <trkpt lat="46.444914" lon="13.914542">
        <ele>708</ele>
      </trkpt>
      <trkpt lat="46.444605" lon="13.914069">
        <ele>709.06</ele>
      </trkpt>
      <trkpt lat="46.444439" lon="13.9138">
        <ele>710</ele>
      </trkpt>
      <trkpt lat="46.444189" lon="13.913372">
        <ele>711.41</ele>
      </trkpt>
      <trkpt lat="46.444065" lon="13.913135">
        <ele>710.59</ele>
      </trkpt>
      <trkpt lat="46.443929" lon="13.912845">
        <ele>710.69</ele>
      </trkpt>
      <trkpt lat="46.443772" lon="13.912327">
        <ele>711</ele>
      </trkpt>
      <trkpt lat="46.443631" lon="13.91177">
        <ele>712</ele>
      </trkpt>
      <trkpt lat="46.443565" lon="13.911553">
        <ele>712</ele>
      </trkpt>
      <trkpt lat="46.443471" lon="13.911306">
        <ele>713</ele>
      </trkpt>
      <trkpt lat="46.443235" lon="13.910842">
        <ele>715</ele>
      </trkpt>
      <trkpt lat="46.44308" lon="13.910495">
        <ele>716.71</ele>
      </trkpt>
      <trkpt lat="46.442977" lon="13.910152">
        <ele>717</ele>
      </trkpt>
      <trkpt lat="46.442947" lon="13.909968">
        <ele>717.84</ele>
      </trkpt>
      <trkpt lat="46.442942" lon="13.909726">
        <ele>717.34</ele>
      </trkpt>
      <trkpt lat="46.44296" lon="13.909251">
        <ele>718</ele>
      </trkpt>
      <trkpt lat="46.442991" lon="13.908892">
        <ele>719</ele>
      </trkpt>
      <trkpt lat="46.443005" lon="13.908643">
        <ele>719.53</ele>
      </trkpt>
      <trkpt lat="46.442996" lon="13.908419">
        <ele>720</ele>
      </trkpt>
      <trkpt lat="46.442967" lon="13.908227">
        <ele>719.89</ele>
      </trkpt>
      <trkpt lat="46.44285" lon="13.907892">
        <ele>719.88</ele>
      </trkpt>
      <trkpt lat="46.44275" lon="13.907446">
        <ele>720</ele>
      </trkpt>
      <trkpt lat="46.442682" lon="13.906993">
        <ele>720.48</ele>
      </trkpt>
      <trkpt lat="46.442682" lon="13.906993">
        <ele>720.48</ele>
      </trkpt>
      <trkpt lat="46.442613" lon="13.906525">
        <ele>720.98</ele>
      </trkpt>
      <trkpt lat="46.442467" lon="13.90565">
        <ele>722.21</ele>
      </trkpt>
      <trkpt lat="46.442354" lon="13.905261">
        <ele>724.06</ele>
      </trkpt>
      <trkpt lat="46.442059" lon="13.904658">
        <ele>726</ele>
      </trkpt>
      <trkpt lat="46.441947" lon="13.904365">
        <ele>727.2</ele>
      </trkpt>
      <trkpt lat="46.441839" lon="13.903953">
        <ele>728</ele>
      </trkpt>
      <trkpt lat="46.441758" lon="13.903462">
        <ele>729.06</ele>
      </trkpt>
      <trkpt lat="46.44171" lon="13.902856">
        <ele>730</ele>
      </trkpt>
      <trkpt lat="46.441624" lon="13.902621">
        <ele>731.44</ele>
      </trkpt>
      <trkpt lat="46.441386" lon="13.902475">
        <ele>733.83</ele>
      </trkpt>
      <trkpt lat="46.441288" lon="13.902364">
        <ele>734.06</ele>
      </trkpt>
      <trkpt lat="46.440972" lon="13.901845">
        <ele>733.98</ele>
      </trkpt>
      <trkpt lat="46.440974" lon="13.901724">
        <ele>733.77</ele>
      </trkpt>
      <trkpt lat="46.441049" lon="13.901398">
        <ele>734.64</ele>
      </trkpt>
      <trkpt lat="46.441103" lon="13.901071">
        <ele>735.04</ele>
      </trkpt>
      <trkpt lat="46.440782" lon="13.900822">
        <ele>736</ele>
      </trkpt>
      <trkpt lat="46.440366" lon="13.900336">
        <ele>737.14</ele>
      </trkpt>
      <trkpt lat="46.440093" lon="13.899572">
        <ele>739.27</ele>
      </trkpt>
      <trkpt lat="46.439938" lon="13.899292">
        <ele>740.42</ele>
      </trkpt>
      <trkpt lat="46.439853" lon="13.89899">
        <ele>740.5</ele>
      </trkpt>
      <trkpt lat="46.439782" lon="13.898805">
        <ele>741.51</ele>
      </trkpt>
      <trkpt lat="46.439737" lon="13.898535">
        <ele>743.2</ele>
      </trkpt>
      <trkpt lat="46.439637" lon="13.898135">
        <ele>745.7</ele>
      </trkpt>
      <trkpt lat="46.439537" lon="13.897734">
        <ele>744.83</ele>
      </trkpt>
      <trkpt lat="46.439344" lon="13.897296">
        <ele>744.28</ele>
      </trkpt>
      <trkpt lat="46.439118" lon="13.896902">
        <ele>746.74</ele>
      </trkpt>
      <trkpt lat="46.438883" lon="13.896555">
        <ele>751.64</ele>
      </trkpt>
      <trkpt lat="46.438678" lon="13.896319">
        <ele>753.24</ele>
      </trkpt>
      <trkpt lat="46.438556" lon="13.8962">
        <ele>753.6</ele>
      </trkpt>
      <trkpt lat="46.438365" lon="13.896114">
        <ele>753.86</ele>
      </trkpt>
      <trkpt lat="46.438277" lon="13.896047">
        <ele>753.98</ele>
      </trkpt>
      <trkpt lat="46.438219" lon="13.895968">
        <ele>754.09</ele>
      </trkpt>
      <trkpt lat="46.438178" lon="13.895872">
        <ele>754.21</ele>
      </trkpt>
      <trkpt lat="46.438157" lon="13.89567">
        <ele>754.45</ele>
      </trkpt>
      <trkpt lat="46.438117" lon="13.895427">
        <ele>754.06</ele>
      </trkpt>
      <trkpt lat="46.437991" lon="13.894631">
        <ele>758.31</ele>
      </trkpt>
      <trkpt lat="46.437867" lon="13.894158">
        <ele>756.17</ele>
      </trkpt>
      <trkpt lat="46.43774" lon="13.893753">
        <ele>755.14</ele>
      </trkpt>
      <trkpt lat="46.437557" lon="13.893244">
        <ele>757.59</ele>
      </trkpt>
      <trkpt lat="46.43721" lon="13.892531">
        <ele>759.4</ele>
      </trkpt>
      <trkpt lat="46.437139" lon="13.892284">
        <ele>760.21</ele>
      </trkpt>
      <trkpt lat="46.437104" lon="13.891953">
        <ele>761.3</ele>
      </trkpt>
      <trkpt lat="46.43709" lon="13.891436">
        <ele>764.61</ele>
      </trkpt>
      <trkpt lat="46.437047" lon="13.891225">
        <ele>767.85</ele>
      </trkpt>
      <trkpt lat="46.436978" lon="13.891054">
        <ele>769.91</ele>
      </trkpt>
      <trkpt lat="46.436735" lon="13.890728">
        <ele>780.08</ele>
      </trkpt>
      <trkpt lat="46.4365" lon="13.8905">
        <ele>787.67</ele>
      </trkpt>
      <trkpt lat="46.43624" lon="13.890308">
        <ele>791.52</ele>
      </trkpt>
      <trkpt lat="46.435974" lon="13.889917">
        <ele>799.33</ele>
      </trkpt>
      <trkpt lat="46.435803" lon="13.889569">
        <ele>803.59</ele>
      </trkpt>
      <trkpt lat="46.435723" lon="13.889263">
        <ele>808.83</ele>
      </trkpt>
      <trkpt lat="46.435607" lon="13.889013">
        <ele>812.99</ele>
      </trkpt>
      <trkpt lat="46.435518" lon="13.888969">
        <ele>815.22</ele>
      </trkpt>
      <trkpt lat="46.435292" lon="13.888908">
        <ele>820.02</ele>
      </trkpt>
      <trkpt lat="46.435044" lon="13.888563">
        <ele>826.35</ele>
      </trkpt>
      <trkpt lat="46.434814" lon="13.888373">
        <ele>830.51</ele>
      </trkpt>
      <trkpt lat="46.434643" lon="13.888212">
        <ele>832.1</ele>
      </trkpt>
      <trkpt lat="46.434479" lon="13.887977">
        <ele>833.25</ele>
      </trkpt>
      <trkpt lat="46.434356" lon="13.887844">
        <ele>833.27</ele>
      </trkpt>
      <trkpt lat="46.434079" lon="13.887676">
        <ele>835.38</ele>
      </trkpt>
      <trkpt lat="46.433963" lon="13.887534">
        <ele>837.45</ele>
      </trkpt>
      <trkpt lat="46.433889" lon="13.887298">
        <ele>835.92</ele>
      </trkpt>
      <trkpt lat="46.433788" lon="13.886986">
        <ele>836.24</ele>
      </trkpt>
      <trkpt lat="46.433621" lon="13.886635">
        <ele>839.08</ele>
      </trkpt>
      <trkpt lat="46.433463" lon="13.886472">
        <ele>839.75</ele>
      </trkpt>
      <trkpt lat="46.433294" lon="13.886329">
        <ele>842.43</ele>
      </trkpt>
      <trkpt lat="46.433197" lon="13.886192">
        <ele>844.75</ele>
      </trkpt>
      <trkpt lat="46.433149" lon="13.885963">
        <ele>846.34</ele>
      </trkpt>
      <trkpt lat="46.433074" lon="13.885904">
        <ele>842.72</ele>
      </trkpt>
      <trkpt lat="46.433039" lon="13.885739">
        <ele>843.23</ele>
      </trkpt>
      <trkpt lat="46.433011" lon="13.885622">
        <ele>846.4</ele>
      </trkpt>
      <trkpt lat="46.432908" lon="13.885645">
        <ele>842.99</ele>
      </trkpt>
      <trkpt lat="46.43276" lon="13.88555">
        <ele>842.16</ele>
      </trkpt>
      <trkpt lat="46.432684" lon="13.885489">
        <ele>840.16</ele>
      </trkpt>
      <trkpt lat="46.432605" lon="13.885471">
        <ele>834.5</ele>
      </trkpt>
      <trkpt lat="46.432598" lon="13.885279">
        <ele>834.44</ele>
      </trkpt>
      <trkpt lat="46.432578" lon="13.885192">
        <ele>833.98</ele>
      </trkpt>
      <trkpt lat="46.432579" lon="13.885048">
        <ele>836.55</ele>
      </trkpt>
      <trkpt lat="46.43259" lon="13.884973">
        <ele>838.58</ele>
      </trkpt>
      <trkpt lat="46.432585" lon="13.884921">
        <ele>840.66</ele>
      </trkpt>
      <trkpt lat="46.43255" lon="13.884901">
        <ele>841.85</ele>
      </trkpt>
      <trkpt lat="46.432497" lon="13.884909">
        <ele>842.14</ele>
      </trkpt>
      <trkpt lat="46.4324" lon="13.884956">
        <ele>841.56</ele>
      </trkpt>
      <trkpt lat="46.432319" lon="13.885009">
        <ele>836.02</ele>
      </trkpt>
      <trkpt lat="46.432281" lon="13.884977">
        <ele>835.44</ele>
      </trkpt>
      <trkpt lat="46.432194" lon="13.884877">
        <ele>836.34</ele>
      </trkpt>
      <trkpt lat="46.432141" lon="13.884815">
        <ele>838.97</ele>
      </trkpt>
      <trkpt lat="46.432002" lon="13.884817">
        <ele>837.06</ele>
      </trkpt>
      <trkpt lat="46.431935" lon="13.884772">
        <ele>837.4</ele>
      </trkpt>
      <trkpt lat="46.431778" lon="13.884705">
        <ele>832.58</ele>
      </trkpt>
      <trkpt lat="46.431507" lon="13.884347">
        <ele>829.39</ele>
      </trkpt>
      <trkpt lat="46.431355" lon="13.884179">
        <ele>826.93</ele>
      </trkpt>
      <trkpt lat="46.431289" lon="13.88405">
        <ele>827.74</ele>
      </trkpt>
      <trkpt lat="46.431214" lon="13.883949">
        <ele>827.58</ele>
      </trkpt>
      <trkpt lat="46.431097" lon="13.883816">
        <ele>827.87</ele>
      </trkpt>
      <trkpt lat="46.431006" lon="13.883706">
        <ele>825.79</ele>
      </trkpt>
      <trkpt lat="46.430985" lon="13.883632">
        <ele>826</ele>
      </trkpt>
      <trkpt lat="46.430584" lon="13.883007">
        <ele>824.12</ele>
      </trkpt>
      <trkpt lat="46.430486" lon="13.882794">
        <ele>822.44</ele>
      </trkpt>
      <trkpt lat="46.430372" lon="13.882274">
        <ele>822.55</ele>
      </trkpt>
      <trkpt lat="46.430284" lon="13.882157">
        <ele>821.88</ele>
      </trkpt>
      <trkpt lat="46.430233" lon="13.882059">
        <ele>821.84</ele>
      </trkpt>
      <trkpt lat="46.430096" lon="13.881434">
        <ele>828.66</ele>
      </trkpt>
      <trkpt lat="46.429937" lon="13.881233">
        <ele>828.65</ele>
      </trkpt>
      <trkpt lat="46.429887" lon="13.881092">
        <ele>828.55</ele>
      </trkpt>
      <trkpt lat="46.429843" lon="13.88078">
        <ele>829.96</ele>
      </trkpt>
      <trkpt lat="46.429723" lon="13.880342">
        <ele>834.77</ele>
      </trkpt>
      <trkpt lat="46.429686" lon="13.879972">
        <ele>847.16</ele>
      </trkpt>
      <trkpt lat="46.429696" lon="13.879677">
        <ele>850.88</ele>
      </trkpt>
      <trkpt lat="46.429829" lon="13.879505">
        <ele>856.9</ele>
      </trkpt>
      <trkpt lat="46.429905" lon="13.879426">
        <ele>862.35</ele>
      </trkpt>
      <trkpt lat="46.429846" lon="13.87936">
        <ele>864.3</ele>
      </trkpt>
      <trkpt lat="46.429737" lon="13.879269">
        <ele>864.94</ele>
      </trkpt>
      <trkpt lat="46.429763" lon="13.879133">
        <ele>867.72</ele>
      </trkpt>
      <trkpt lat="46.429915" lon="13.87896">
        <ele>871.33</ele>
      </trkpt>
      <trkpt lat="46.429987" lon="13.878932">
        <ele>874.54</ele>
      </trkpt>
      <trkpt lat="46.429975" lon="13.878932">
        <ele>874.07</ele>
      </trkpt>
      <trkpt lat="46.429997" lon="13.878857">
        <ele>875.62</ele>
      </trkpt>
      <trkpt lat="46.429899" lon="13.878747">
        <ele>875.12</ele>
      </trkpt>
      <trkpt lat="46.429694" lon="13.87861">
        <ele>874.57</ele>
      </trkpt>
      <trkpt lat="46.429569" lon="13.878343">
        <ele>875.07</ele>
      </trkpt>
      <trkpt lat="46.429466" lon="13.878222">
        <ele>874.84</ele>
      </trkpt>
      <trkpt lat="46.429353" lon="13.877988">
        <ele>873.52</ele>
      </trkpt>
      <trkpt lat="46.429228" lon="13.877677">
        <ele>872.86</ele>
      </trkpt>
      <trkpt lat="46.429129" lon="13.877207">
        <ele>875.51</ele>
      </trkpt>
      <trkpt lat="46.428988" lon="13.876972">
        <ele>877.06</ele>
      </trkpt>
      <trkpt lat="46.428915" lon="13.87666">
        <ele>880.58</ele>
      </trkpt>
      <trkpt lat="46.428815" lon="13.876303">
        <ele>887</ele>
      </trkpt>
      <trkpt lat="46.428637" lon="13.875893">
        <ele>890.51</ele>
      </trkpt>
      <trkpt lat="46.42836" lon="13.875599">
        <ele>891.3</ele>
      </trkpt>
      <trkpt lat="46.428145" lon="13.875342">
        <ele>891.73</ele>
      </trkpt>
      <trkpt lat="46.428039" lon="13.875247">
        <ele>889.88</ele>
      </trkpt>
      <trkpt lat="46.427949" lon="13.875132">
        <ele>889.61</ele>
      </trkpt>
      <trkpt lat="46.427871" lon="13.874946">
        <ele>889.32</ele>
      </trkpt>
      <trkpt lat="46.427718" lon="13.874304">
        <ele>891.14</ele>
      </trkpt>
      <trkpt lat="46.427643" lon="13.874081">
        <ele>893.8</ele>
      </trkpt>
      <trkpt lat="46.427412" lon="13.873501">
        <ele>899.89</ele>
      </trkpt>
      <trkpt lat="46.427251" lon="13.873365">
        <ele>897.92</ele>
      </trkpt>
      <trkpt lat="46.42701" lon="13.873114">
        <ele>897.55</ele>
      </trkpt>
      <trkpt lat="46.426809" lon="13.872814">
        <ele>896.78</ele>
      </trkpt>
      <trkpt lat="46.426673" lon="13.87247">
        <ele>898.63</ele>
      </trkpt>
      <trkpt lat="46.4265" lon="13.872127">
        <ele>901.25</ele>
      </trkpt>
      <trkpt lat="46.426369" lon="13.871955">
        <ele>894.44</ele>
      </trkpt>
      <trkpt lat="46.426281" lon="13.87189">
        <ele>890.19</ele>
      </trkpt>
      <trkpt lat="46.426224" lon="13.871711">
        <ele>890.32</ele>
      </trkpt>
      <trkpt lat="46.426216" lon="13.871484">
        <ele>892.73</ele>
      </trkpt>
      <trkpt lat="46.426094" lon="13.871252">
        <ele>883.28</ele>
      </trkpt>
      <trkpt lat="46.425941" lon="13.871038">
        <ele>875.49</ele>
      </trkpt>
      <trkpt lat="46.425919" lon="13.870859">
        <ele>882.55</ele>
      </trkpt>
      <trkpt lat="46.425853" lon="13.870733">
        <ele>888.92</ele>
      </trkpt>
      <trkpt lat="46.425805" lon="13.870584">
        <ele>897.28</ele>
      </trkpt>
      <trkpt lat="46.425644" lon="13.870545">
        <ele>901.47</ele>
      </trkpt>
      <trkpt lat="46.425443" lon="13.870427">
        <ele>906.17</ele>
      </trkpt>
      <trkpt lat="46.425198" lon="13.870348">
        <ele>899.47</ele>
      </trkpt>
      <trkpt lat="46.425046" lon="13.870209">
        <ele>902.02</ele>
      </trkpt>
      <trkpt lat="46.424923" lon="13.869969">
        <ele>902.13</ele>
      </trkpt>
      <trkpt lat="46.424714" lon="13.869785">
        <ele>908.2</ele>
      </trkpt>
      <trkpt lat="46.424491" lon="13.869554">
        <ele>911.9</ele>
      </trkpt>
      <trkpt lat="46.424299" lon="13.869279">
        <ele>911.31</ele>
      </trkpt>
      <trkpt lat="46.424068" lon="13.868716">
        <ele>912.92</ele>
      </trkpt>
      <trkpt lat="46.423915" lon="13.868484">
        <ele>914.81</ele>
      </trkpt>
      <trkpt lat="46.423762" lon="13.868253">
        <ele>913.32</ele>
      </trkpt>
      <trkpt lat="46.423513" lon="13.867816">
        <ele>914.81</ele>
      </trkpt>
      <trkpt lat="46.423317" lon="13.867541">
        <ele>917.17</ele>
      </trkpt>
      <trkpt lat="46.422963" lon="13.867196">
        <ele>918.75</ele>
      </trkpt>
      <trkpt lat="46.422745" lon="13.867004">
        <ele>917.91</ele>
      </trkpt>
      <trkpt lat="46.422671" lon="13.866962">
        <ele>917.64</ele>
      </trkpt>
      <trkpt lat="46.422671" lon="13.866962">
        <ele>917.64</ele>
      </trkpt>
      <trkpt lat="46.422483" lon="13.866856">
        <ele>916.95</ele>
      </trkpt>
      <trkpt lat="46.422155" lon="13.866624">
        <ele>916.91</ele>
      </trkpt>
      <trkpt lat="46.42195" lon="13.866336">
        <ele>917.74</ele>
      </trkpt>
      <trkpt lat="46.42178" lon="13.865891">
        <ele>920.65</ele>
      </trkpt>
      <trkpt lat="46.421684" lon="13.865616">
        <ele>921.95</ele>
      </trkpt>
      <trkpt lat="46.421684" lon="13.865293">
        <ele>924.15</ele>
      </trkpt>
      <trkpt lat="46.421592" lon="13.865118">
        <ele>926.27</ele>
      </trkpt>
      <trkpt lat="46.421592" lon="13.864725">
        <ele>928.8</ele>
      </trkpt>
      <trkpt lat="46.421361" lon="13.864284">
        <ele>930.31</ele>
      </trkpt>
      <trkpt lat="46.421308" lon="13.863734">
        <ele>930.06</ele>
      </trkpt>
      <trkpt lat="46.421335" lon="13.86352">
        <ele>935.18</ele>
      </trkpt>
      <trkpt lat="46.42134" lon="13.863216">
        <ele>937.98</ele>
      </trkpt>
      <trkpt lat="46.421242" lon="13.862856">
        <ele>939.55</ele>
      </trkpt>
      <trkpt lat="46.421225" lon="13.862542">
        <ele>943.61</ele>
      </trkpt>
      <trkpt lat="46.420677" lon="13.861701">
        <ele>945.12</ele>
      </trkpt>
      <trkpt lat="46.420503" lon="13.861469">
        <ele>943.32</ele>
      </trkpt>
      <trkpt lat="46.420034" lon="13.860858">
        <ele>945.89</ele>
      </trkpt>
      <trkpt lat="46.419812" lon="13.860517">
        <ele>945.12</ele>
      </trkpt>
      <trkpt lat="46.419566" lon="13.86011">
        <ele>946.42</ele>
      </trkpt>
      <trkpt lat="46.419168" lon="13.859747">
        <ele>943.17</ele>
      </trkpt>
      <trkpt lat="46.419026" lon="13.859513">
        <ele>944.34</ele>
      </trkpt>
      <trkpt lat="46.418892" lon="13.859244">
        <ele>944.05</ele>
      </trkpt>
      <trkpt lat="46.418729" lon="13.858845">
        <ele>943.53</ele>
      </trkpt>
      <trkpt lat="46.418636" lon="13.858765">
        <ele>944.93</ele>
      </trkpt>
      <trkpt lat="46.418565" lon="13.858744">
        <ele>944.25</ele>
      </trkpt>
      <trkpt lat="46.418426" lon="13.858631">
        <ele>942.32</ele>
      </trkpt>
      <trkpt lat="46.418189" lon="13.858319">
        <ele>939.41</ele>
      </trkpt>
      <trkpt lat="46.417915" lon="13.85796">
        <ele>938.79</ele>
      </trkpt>
      <trkpt lat="46.417838" lon="13.857761">
        <ele>938.5</ele>
      </trkpt>
      <trkpt lat="46.417748" lon="13.857354">
        <ele>939.83</ele>
      </trkpt>
      <trkpt lat="46.41766" lon="13.857173">
        <ele>940.5</ele>
      </trkpt>
      <trkpt lat="46.417533" lon="13.857053">
        <ele>940.96</ele>
      </trkpt>
      <trkpt lat="46.417533" lon="13.857053">
        <ele>940.96</ele>
      </trkpt>
      <trkpt lat="46.417272" lon="13.856807">
        <ele>941.91</ele>
      </trkpt>
      <trkpt lat="46.416941" lon="13.856443">
        <ele>943.04</ele>
      </trkpt>
      <trkpt lat="46.416717" lon="13.856224">
        <ele>944.51</ele>
      </trkpt>
      <trkpt lat="46.416666" lon="13.856141">
        <ele>944.98</ele>
      </trkpt>
      <trkpt lat="46.416604" lon="13.855976">
        <ele>945.47</ele>
      </trkpt>
      <trkpt lat="46.416501" lon="13.856098">
        <ele>944.16</ele>
      </trkpt>
      <trkpt lat="46.416471" lon="13.855836">
        <ele>945.67</ele>
      </trkpt>
      <trkpt lat="46.4162" lon="13.855059">
        <ele>948.45</ele>
      </trkpt>
      <trkpt lat="46.41606" lon="13.854797">
        <ele>949.66</ele>
      </trkpt>
      <trkpt lat="46.41579" lon="13.854513">
        <ele>951.11</ele>
      </trkpt>
      <trkpt lat="46.415598" lon="13.85434">
        <ele>951.31</ele>
      </trkpt>
      <trkpt lat="46.415454" lon="13.854139">
        <ele>952.42</ele>
      </trkpt>
      <trkpt lat="46.415344" lon="13.854123">
        <ele>952.08</ele>
      </trkpt>
      <trkpt lat="46.415242" lon="13.85407">
        <ele>952.77</ele>
      </trkpt>
      <trkpt lat="46.41492" lon="13.853945">
        <ele>955.28</ele>
      </trkpt>
      <trkpt lat="46.414826" lon="13.853842">
        <ele>957.33</ele>
      </trkpt>
      <trkpt lat="46.414744" lon="13.853666">
        <ele>959.96</ele>
      </trkpt>
      <trkpt lat="46.414742" lon="13.853403">
        <ele>961.37</ele>
      </trkpt>
      <trkpt lat="46.414669" lon="13.853301">
        <ele>963.42</ele>
      </trkpt>
      <trkpt lat="46.41458" lon="13.853126">
        <ele>965.14</ele>
      </trkpt>
      <trkpt lat="46.414561" lon="13.853014">
        <ele>966.78</ele>
      </trkpt>
      <trkpt lat="46.414521" lon="13.852769">
        <ele>970.35</ele>
      </trkpt>
      <trkpt lat="46.414418" lon="13.852269">
        <ele>975.5</ele>
      </trkpt>
      <trkpt lat="46.414317" lon="13.851837">
        <ele>975.91</ele>
      </trkpt>
      <trkpt lat="46.414138" lon="13.851676">
        <ele>976.76</ele>
      </trkpt>
      <trkpt lat="46.413974" lon="13.851438">
        <ele>977.52</ele>
      </trkpt>
      <trkpt lat="46.413811" lon="13.851118">
        <ele>978</ele>
      </trkpt>
      <trkpt lat="46.413689" lon="13.850827">
        <ele>978.72</ele>
      </trkpt>
      <trkpt lat="46.413463" lon="13.850212">
        <ele>979.43</ele>
      </trkpt>
      <trkpt lat="46.413409" lon="13.850105">
        <ele>979.87</ele>
      </trkpt>
      <trkpt lat="46.413207" lon="13.849534">
        <ele>981.26</ele>
      </trkpt>
      <trkpt lat="46.413105" lon="13.849151">
        <ele>982.55</ele>
      </trkpt>
      <trkpt lat="46.413088" lon="13.849">
        <ele>983.3</ele>
      </trkpt>
      <trkpt lat="46.412946" lon="13.848878">
        <ele>983</ele>
      </trkpt>
      <trkpt lat="46.412716" lon="13.848559">
        <ele>982.81</ele>
      </trkpt>
      <trkpt lat="46.412592" lon="13.848325">
        <ele>982.8</ele>
      </trkpt>
      <trkpt lat="46.412452" lon="13.848172">
        <ele>981.19</ele>
      </trkpt>
      <trkpt lat="46.41226" lon="13.848523">
        <ele>978.01</ele>
      </trkpt>
      <trkpt lat="46.412164" lon="13.848251">
        <ele>978</ele>
      </trkpt>
      <trkpt lat="46.411966" lon="13.848084">
        <ele>977.24</ele>
      </trkpt>
      <trkpt lat="46.411882" lon="13.847999">
        <ele>978</ele>
      </trkpt>
      <trkpt lat="46.411463" lon="13.84792">
        <ele>982</ele>
      </trkpt>
      <trkpt lat="46.41126" lon="13.847685">
        <ele>982</ele>
      </trkpt>
      <trkpt lat="46.411057" lon="13.847449">
        <ele>984.35</ele>
      </trkpt>
      <trkpt lat="46.410577" lon="13.847152">
        <ele>989.09</ele>
      </trkpt>
      <trkpt lat="46.410236" lon="13.846676">
        <ele>991.96</ele>
      </trkpt>
      <trkpt lat="46.410092" lon="13.846043">
        <ele>991.28</ele>
      </trkpt>
      <trkpt lat="46.410029" lon="13.845922">
        <ele>991.54</ele>
      </trkpt>
      <trkpt lat="46.409918" lon="13.845707">
        <ele>992.02</ele>
      </trkpt>
      <trkpt lat="46.409507" lon="13.845323">
        <ele>993.11</ele>
      </trkpt>
      <trkpt lat="46.40929" lon="13.845019">
        <ele>993.55</ele>
      </trkpt>
      <trkpt lat="46.409106" lon="13.844921">
        <ele>993.99</ele>
      </trkpt>
      <trkpt lat="46.408953" lon="13.844869">
        <ele>994</ele>
      </trkpt>
      <trkpt lat="46.408886" lon="13.844555">
        <ele>993.3</ele>
      </trkpt>
      <trkpt lat="46.408682" lon="13.844357">
        <ele>994.78</ele>
      </trkpt>
      <trkpt lat="46.408768" lon="13.84394">
        <ele>994.25</ele>
      </trkpt>
      <trkpt lat="46.408844" lon="13.84386">
        <ele>994.53</ele>
      </trkpt>
      <trkpt lat="46.409136" lon="13.843768">
        <ele>996.18</ele>
      </trkpt>
      <trkpt lat="46.409263" lon="13.843524">
        <ele>996.36</ele>
      </trkpt>
      <trkpt lat="46.409318" lon="13.843388">
        <ele>996</ele>
      </trkpt>
      <trkpt lat="46.409284" lon="13.843259">
        <ele>996</ele>
      </trkpt>
      <trkpt lat="46.409216" lon="13.843109">
        <ele>997.06</ele>
      </trkpt>
      <trkpt lat="46.409156" lon="13.843038">
        <ele>997.04</ele>
      </trkpt>
      <trkpt lat="46.409109" lon="13.842916">
        <ele>997</ele>
      </trkpt>
      <trkpt lat="46.409035" lon="13.842784">
        <ele>997.5</ele>
      </trkpt>
      <trkpt lat="46.408961" lon="13.84269">
        <ele>998</ele>
      </trkpt>
      <trkpt lat="46.408681" lon="13.842445">
        <ele>999.03</ele>
      </trkpt>
      <trkpt lat="46.408581" lon="13.842344">
        <ele>999.92</ele>
      </trkpt>
      <trkpt lat="46.408273" lon="13.842185">
        <ele>1000.48</ele>
      </trkpt>
      <trkpt lat="46.407993" lon="13.842005">
        <ele>1001</ele>
      </trkpt>
      <trkpt lat="46.407727" lon="13.841889">
        <ele>1002.08</ele>
      </trkpt>
      <trkpt lat="46.40764" lon="13.841837">
        <ele>1002.81</ele>
      </trkpt>
      <trkpt lat="46.407468" lon="13.841704">
        <ele>1003</ele>
      </trkpt>
      <trkpt lat="46.407372" lon="13.841658">
        <ele>1003.12</ele>
      </trkpt>
      <trkpt lat="46.407296" lon="13.841653">
        <ele>1003.76</ele>
      </trkpt>
      <trkpt lat="46.407134" lon="13.841706">
        <ele>1004.7</ele>
      </trkpt>
      <trkpt lat="46.407062" lon="13.84171">
        <ele>1004.68</ele>
      </trkpt>
      <trkpt lat="46.406773" lon="13.841687">
        <ele>1005.97</ele>
      </trkpt>
      <trkpt lat="46.406632" lon="13.841645">
        <ele>1006.02</ele>
      </trkpt>
      <trkpt lat="46.406553" lon="13.841605">
        <ele>1006.28</ele>
      </trkpt>
      <trkpt lat="46.406472" lon="13.841578">
        <ele>1006.06</ele>
      </trkpt>
      <trkpt lat="46.406185" lon="13.841549">
        <ele>1006.29</ele>
      </trkpt>
      <trkpt lat="46.406067" lon="13.841517">
        <ele>1006.8</ele>
      </trkpt>
      <trkpt lat="46.405949" lon="13.841503">
        <ele>1006.9</ele>
      </trkpt>
      <trkpt lat="46.405656" lon="13.841346">
        <ele>1007.8</ele>
      </trkpt>
      <trkpt lat="46.405422" lon="13.841173">
        <ele>1008.8</ele>
      </trkpt>
      <trkpt lat="46.405337" lon="13.841092">
        <ele>1009</ele>
      </trkpt>
      <trkpt lat="46.4053" lon="13.84103">
        <ele>1009</ele>
      </trkpt>
      <trkpt lat="46.405252" lon="13.840815">
        <ele>1009.89</ele>
      </trkpt>
      <trkpt lat="46.405208" lon="13.840723">
        <ele>1010</ele>
      </trkpt>
      <trkpt lat="46.404983" lon="13.84047">
        <ele>1010.27</ele>
      </trkpt>
      <trkpt lat="46.404878" lon="13.840387">
        <ele>1011</ele>
      </trkpt>
      <trkpt lat="46.404769" lon="13.840319">
        <ele>1011.06</ele>
      </trkpt>
      <trkpt lat="46.404649" lon="13.840256">
        <ele>1012.34</ele>
      </trkpt>
      <trkpt lat="46.404525" lon="13.840216">
        <ele>1013.37</ele>
      </trkpt>
      <trkpt lat="46.404395" lon="13.840162">
        <ele>1013.77</ele>
      </trkpt>
      <trkpt lat="46.404274" lon="13.840079">
        <ele>1014.97</ele>
      </trkpt>
      <trkpt lat="46.404171" lon="13.83998">
        <ele>1015.4</ele>
      </trkpt>
      <trkpt lat="46.404074" lon="13.839854">
        <ele>1015.55</ele>
      </trkpt>
      <trkpt lat="46.403864" lon="13.839657">
        <ele>1015.81</ele>
      </trkpt>
      <trkpt lat="46.403792" lon="13.839545">
        <ele>1015.69</ele>
      </trkpt>
      <trkpt lat="46.403726" lon="13.839405">
        <ele>1015.23</ele>
      </trkpt>
      <trkpt lat="46.403657" lon="13.839283">
        <ele>1015.35</ele>
      </trkpt>
      <trkpt lat="46.403567" lon="13.839182">
        <ele>1014.92</ele>
      </trkpt>
      <trkpt lat="46.403424" lon="13.839051">
        <ele>1014.46</ele>
      </trkpt>
      <trkpt lat="46.403337" lon="13.838981">
        <ele>1016.01</ele>
      </trkpt>
      <trkpt lat="46.403252" lon="13.838932">
        <ele>1017.98</ele>
      </trkpt>
      <trkpt lat="46.403095" lon="13.838876">
        <ele>1018.68</ele>
      </trkpt>
      <trkpt lat="46.402947" lon="13.8388">
        <ele>1017.63</ele>
      </trkpt>
      <trkpt lat="46.402837" lon="13.838703">
        <ele>1017.3</ele>
      </trkpt>
      <trkpt lat="46.402732" lon="13.838593">
        <ele>1017.34</ele>
      </trkpt>
      <trkpt lat="46.402558" lon="13.838501">
        <ele>1018.24</ele>
      </trkpt>
      <trkpt lat="46.40244" lon="13.838455">
        <ele>1019.04</ele>
      </trkpt>
      <trkpt lat="46.402323" lon="13.83843">
        <ele>1020.03</ele>
      </trkpt>
      <trkpt lat="46.401904" lon="13.83839">
        <ele>1019.99</ele>
      </trkpt>
      <trkpt lat="46.40149" lon="13.838473">
        <ele>1020.71</ele>
      </trkpt>
      <trkpt lat="46.401372" lon="13.838482">
        <ele>1021.32</ele>
      </trkpt>
      <trkpt lat="46.401137" lon="13.838354">
        <ele>1022.87</ele>
      </trkpt>
      <trkpt lat="46.400997" lon="13.838308">
        <ele>1023</ele>
      </trkpt>
      <trkpt lat="46.400821" lon="13.838291">
        <ele>1024</ele>
      </trkpt>
      <trkpt lat="46.400532" lon="13.838139">
        <ele>1025</ele>
      </trkpt>
      <trkpt lat="46.400424" lon="13.83812">
        <ele>1025.39</ele>
      </trkpt>
      <trkpt lat="46.400314" lon="13.838118">
        <ele>1025.84</ele>
      </trkpt>
      <trkpt lat="46.400206" lon="13.838075">
        <ele>1026</ele>
      </trkpt>
      <trkpt lat="46.400103" lon="13.838013">
        <ele>1026.51</ele>
      </trkpt>
      <trkpt lat="46.399806" lon="13.837941">
        <ele>1027.55</ele>
      </trkpt>
      <trkpt lat="46.399751" lon="13.837899">
        <ele>1028.15</ele>
      </trkpt>
      <trkpt lat="46.399655" lon="13.837793">
        <ele>1030.55</ele>
      </trkpt>
      <trkpt lat="46.399528" lon="13.837709">
        <ele>1033.08</ele>
      </trkpt>
      <trkpt lat="46.399376" lon="13.837684">
        <ele>1035.38</ele>
      </trkpt>
      <trkpt lat="46.399239" lon="13.837642">
        <ele>1038.48</ele>
      </trkpt>
      <trkpt lat="46.399112" lon="13.83758">
        <ele>1040.08</ele>
      </trkpt>
      <trkpt lat="46.398997" lon="13.837487">
        <ele>1041.71</ele>
      </trkpt>
      <trkpt lat="46.398785" lon="13.837472">
        <ele>1044.17</ele>
      </trkpt>
      <trkpt lat="46.398666" lon="13.837484">
        <ele>1044.38</ele>
      </trkpt>
      <trkpt lat="46.398542" lon="13.837549">
        <ele>1043.25</ele>
      </trkpt>
      <trkpt lat="46.398418" lon="13.837575">
        <ele>1043.79</ele>
      </trkpt>
      <trkpt lat="46.398294" lon="13.837577">
        <ele>1045.27</ele>
      </trkpt>
      <trkpt lat="46.398011" lon="13.83765">
        <ele>1046.84</ele>
      </trkpt>
      <trkpt lat="46.397871" lon="13.83761">
        <ele>1046.76</ele>
      </trkpt>
      <trkpt lat="46.397725" lon="13.837534">
        <ele>1046.91</ele>
      </trkpt>
      <trkpt lat="46.397609" lon="13.837502">
        <ele>1046.31</ele>
      </trkpt>
      <trkpt lat="46.397472" lon="13.837492">
        <ele>1045.59</ele>
      </trkpt>
      <trkpt lat="46.397343" lon="13.837501">
        <ele>1045.88</ele>
      </trkpt>
      <trkpt lat="46.397183" lon="13.837531">
        <ele>1046.02</ele>
      </trkpt>
      <trkpt lat="46.397011" lon="13.837461">
        <ele>1048.92</ele>
      </trkpt>
      <trkpt lat="46.396833" lon="13.837427">
        <ele>1051.14</ele>
      </trkpt>
      <trkpt lat="46.396742" lon="13.837331">
        <ele>1052.99</ele>
      </trkpt>
      <trkpt lat="46.396626" lon="13.83731">
        <ele>1054.96</ele>
      </trkpt>
      <trkpt lat="46.396529" lon="13.837263">
        <ele>1056.32</ele>
      </trkpt>
      <trkpt lat="46.396249" lon="13.837252">
        <ele>1058.88</ele>
      </trkpt>
      <trkpt lat="46.396195" lon="13.837275">
        <ele>1058.53</ele>
      </trkpt>
      <trkpt lat="46.396096" lon="13.837287">
        <ele>1058.59</ele>
      </trkpt>
      <trkpt lat="46.395996" lon="13.837222">
        <ele>1060.12</ele>
      </trkpt>
      <trkpt lat="46.395937" lon="13.837152">
        <ele>1061.64</ele>
      </trkpt>
      <trkpt lat="46.395858" lon="13.83708">
        <ele>1062.8</ele>
      </trkpt>
      <trkpt lat="46.395744" lon="13.836939">
        <ele>1065.18</ele>
      </trkpt>
      <trkpt lat="46.395622" lon="13.836805">
        <ele>1067.77</ele>
      </trkpt>
      <trkpt lat="46.395511" lon="13.836723">
        <ele>1069.07</ele>
      </trkpt>
      <trkpt lat="46.395476" lon="13.836683">
        <ele>1069.77</ele>
      </trkpt>
      <trkpt lat="46.395408" lon="13.836482">
        <ele>1074.32</ele>
      </trkpt>
      <trkpt lat="46.395357" lon="13.836455">
        <ele>1074.43</ele>
      </trkpt>
      <trkpt lat="46.395296" lon="13.836457">
        <ele>1073.76</ele>
      </trkpt>
      <trkpt lat="46.395144" lon="13.836449">
        <ele>1077.29</ele>
      </trkpt>
      <trkpt lat="46.395096" lon="13.836486">
        <ele>1078.5</ele>
      </trkpt>
      <trkpt lat="46.395061" lon="13.836532">
        <ele>1078.84</ele>
      </trkpt>
      <trkpt lat="46.394961" lon="13.836587">
        <ele>1080.15</ele>
      </trkpt>
      <trkpt lat="46.394935" lon="13.836561">
        <ele>1081.41</ele>
      </trkpt>
      <trkpt lat="46.394894" lon="13.836566">
        <ele>1082.46</ele>
      </trkpt>
      <trkpt lat="46.394833" lon="13.836546">
        <ele>1084.58</ele>
      </trkpt>
      <trkpt lat="46.394826" lon="13.836607">
        <ele>1083.66</ele>
      </trkpt>
      <trkpt lat="46.394785" lon="13.836635">
        <ele>1084.57</ele>
      </trkpt>
      <trkpt lat="46.394716" lon="13.836659">
        <ele>1086.45</ele>
      </trkpt>
      <trkpt lat="46.394658" lon="13.836636">
        <ele>1088.17</ele>
      </trkpt>
      <trkpt lat="46.3946" lon="13.836588">
        <ele>1090.4</ele>
      </trkpt>
      <trkpt lat="46.394545" lon="13.836461">
        <ele>1094.93</ele>
      </trkpt>
      <trkpt lat="46.394478" lon="13.836394">
        <ele>1096.73</ele>
      </trkpt>
      <trkpt lat="46.394365" lon="13.836361">
        <ele>1097.26</ele>
      </trkpt>
      <trkpt lat="46.394325" lon="13.836331">
        <ele>1097.85</ele>
      </trkpt>
      <trkpt lat="46.394248" lon="13.836236">
        <ele>1100.03</ele>
      </trkpt>
      <trkpt lat="46.39422" lon="13.836174">
        <ele>1101.48</ele>
      </trkpt>
      <trkpt lat="46.394203" lon="13.836111">
        <ele>1103.17</ele>
      </trkpt>
      <trkpt lat="46.394163" lon="13.836102">
        <ele>1103.45</ele>
      </trkpt>
      <trkpt lat="46.394115" lon="13.836054">
        <ele>1104.84</ele>
      </trkpt>
      <trkpt lat="46.394073" lon="13.836028">
        <ele>1105.98</ele>
      </trkpt>
      <trkpt lat="46.393931" lon="13.835968">
        <ele>1109.07</ele>
      </trkpt>
      <trkpt lat="46.393783" lon="13.835924">
        <ele>1111.65</ele>
      </trkpt>
      <trkpt lat="46.39365" lon="13.835908">
        <ele>1114.21</ele>
      </trkpt>
      <trkpt lat="46.393597" lon="13.83592">
        <ele>1114.89</ele>
      </trkpt>
      <trkpt lat="46.393528" lon="13.835877">
        <ele>1117.05</ele>
      </trkpt>
      <trkpt lat="46.393466" lon="13.835805">
        <ele>1119.72</ele>
      </trkpt>
      <trkpt lat="46.393307" lon="13.835732">
        <ele>1123</ele>
      </trkpt>
      <trkpt lat="46.393046" lon="13.835499">
        <ele>1132.45</ele>
      </trkpt>
      <trkpt lat="46.392953" lon="13.835431">
        <ele>1134.76</ele>
      </trkpt>
      <trkpt lat="46.392862" lon="13.835384">
        <ele>1136.97</ele>
      </trkpt>
      <trkpt lat="46.392682" lon="13.835233">
        <ele>1143.32</ele>
      </trkpt>
      <trkpt lat="46.392576" lon="13.83516">
        <ele>1147.04</ele>
      </trkpt>
      <trkpt lat="46.392507" lon="13.835083">
        <ele>1149.15</ele>
      </trkpt>
      <trkpt lat="46.392317" lon="13.834835">
        <ele>1155.99</ele>
      </trkpt>
      <trkpt lat="46.392061" lon="13.834538">
        <ele>1164.18</ele>
      </trkpt>
      <trkpt lat="46.391989" lon="13.834467">
        <ele>1166.51</ele>
      </trkpt>
      <trkpt lat="46.391975" lon="13.834413">
        <ele>1168.06</ele>
      </trkpt>
      <trkpt lat="46.39191" lon="13.834363">
        <ele>1169.36</ele>
      </trkpt>
      <trkpt lat="46.391867" lon="13.834342">
        <ele>1170.35</ele>
      </trkpt>
      <trkpt lat="46.391839" lon="13.83431">
        <ele>1171.64</ele>
      </trkpt>
      <trkpt lat="46.391841" lon="13.834272">
        <ele>1172.71</ele>
      </trkpt>
      <trkpt lat="46.391777" lon="13.834184">
        <ele>1174.73</ele>
      </trkpt>
      <trkpt lat="46.391701" lon="13.834113">
        <ele>1177.23</ele>
      </trkpt>
      <trkpt lat="46.391523" lon="13.833897">
        <ele>1185.18</ele>
      </trkpt>
      <trkpt lat="46.391519" lon="13.833832">
        <ele>1186.16</ele>
      </trkpt>
      <trkpt lat="46.391444" lon="13.83375">
        <ele>1189.16</ele>
      </trkpt>
      <trkpt lat="46.391417" lon="13.833774">
        <ele>1189.75</ele>
      </trkpt>
      <trkpt lat="46.391378" lon="13.833764">
        <ele>1190.88</ele>
      </trkpt>
      <trkpt lat="46.391358" lon="13.833698">
        <ele>1191.86</ele>
      </trkpt>
      <trkpt lat="46.391315" lon="13.833686">
        <ele>1193.62</ele>
      </trkpt>
      <trkpt lat="46.391283" lon="13.833646">
        <ele>1194.94</ele>
      </trkpt>
      <trkpt lat="46.391252" lon="13.833627">
        <ele>1196.07</ele>
      </trkpt>
      <trkpt lat="46.391222" lon="13.833625">
        <ele>1197.02</ele>
      </trkpt>
      <trkpt lat="46.391153" lon="13.833551">
        <ele>1199.66</ele>
      </trkpt>
      <trkpt lat="46.391164" lon="13.833506">
        <ele>1199.83</ele>
      </trkpt>
      <trkpt lat="46.391132" lon="13.833454">
        <ele>1201.44</ele>
      </trkpt>
      <trkpt lat="46.391034" lon="13.83336">
        <ele>1205.68</ele>
      </trkpt>
      <trkpt lat="46.390917" lon="13.833223">
        <ele>1211.79</ele>
      </trkpt>
      <trkpt lat="46.390755" lon="13.833174">
        <ele>1217.08</ele>
      </trkpt>
      <trkpt lat="46.390408" lon="13.832896">
        <ele>1228.68</ele>
      </trkpt>
      <trkpt lat="46.390354" lon="13.832831">
        <ele>1230.6</ele>
      </trkpt>
      <trkpt lat="46.390296" lon="13.832828">
        <ele>1231.08</ele>
      </trkpt>
      <trkpt lat="46.390249" lon="13.832807">
        <ele>1232.42</ele>
      </trkpt>
      <trkpt lat="46.390189" lon="13.832733">
        <ele>1235.35</ele>
      </trkpt>
      <trkpt lat="46.390179" lon="13.832681">
        <ele>1236.86</ele>
      </trkpt>
      <trkpt lat="46.390136" lon="13.83263">
        <ele>1238.96</ele>
      </trkpt>
      <trkpt lat="46.39009" lon="13.832556">
        <ele>1242</ele>
      </trkpt>
      <trkpt lat="46.389988" lon="13.832439">
        <ele>1246.51</ele>
      </trkpt>
      <trkpt lat="46.389955" lon="13.832421">
        <ele>1247.63</ele>
      </trkpt>
      <trkpt lat="46.389972" lon="13.832374">
        <ele>1248.31</ele>
      </trkpt>
      <trkpt lat="46.389924" lon="13.832286">
        <ele>1251.66</ele>
      </trkpt>
      <trkpt lat="46.389912" lon="13.832214">
        <ele>1253.8</ele>
      </trkpt>
      <trkpt lat="46.389889" lon="13.832171">
        <ele>1255.61</ele>
      </trkpt>
      <trkpt lat="46.389887" lon="13.832021">
        <ele>1259.08</ele>
      </trkpt>
      <trkpt lat="46.389894" lon="13.831971">
        <ele>1259.4</ele>
      </trkpt>
      <trkpt lat="46.389888" lon="13.831919">
        <ele>1259.96</ele>
      </trkpt>
      <trkpt lat="46.389826" lon="13.831788">
        <ele>1262.17</ele>
      </trkpt>
      <trkpt lat="46.389779" lon="13.831645">
        <ele>1264.27</ele>
      </trkpt>
      <trkpt lat="46.389743" lon="13.831603">
        <ele>1266.03</ele>
      </trkpt>
      <trkpt lat="46.389764" lon="13.831407">
        <ele>1267.4</ele>
      </trkpt>
      <trkpt lat="46.389766" lon="13.831325">
        <ele>1268.81</ele>
      </trkpt>
      <trkpt lat="46.389734" lon="13.831296">
        <ele>1270.3</ele>
      </trkpt>
      <trkpt lat="46.389727" lon="13.831196">
        <ele>1271.18</ele>
      </trkpt>
      <trkpt lat="46.389708" lon="13.831151">
        <ele>1272.23</ele>
      </trkpt>
      <trkpt lat="46.389671" lon="13.831012">
        <ele>1274.26</ele>
      </trkpt>
      <trkpt lat="46.389661" lon="13.830935">
        <ele>1275.72</ele>
      </trkpt>
      <trkpt lat="46.389635" lon="13.830872">
        <ele>1277.67</ele>
      </trkpt>
      <trkpt lat="46.389646" lon="13.830827">
        <ele>1278.1</ele>
      </trkpt>
      <trkpt lat="46.389639" lon="13.83079">
        <ele>1278.87</ele>
      </trkpt>
      <trkpt lat="46.389651" lon="13.830717">
        <ele>1279.54</ele>
      </trkpt>
      <trkpt lat="46.389704" lon="13.830518">
        <ele>1280.76</ele>
      </trkpt>
      <trkpt lat="46.389716" lon="13.830388">
        <ele>1281.38</ele>
      </trkpt>
      <trkpt lat="46.389733" lon="13.830305">
        <ele>1281.13</ele>
      </trkpt>
      <trkpt lat="46.38973" lon="13.830184">
        <ele>1281.36</ele>
      </trkpt>
      <trkpt lat="46.389715" lon="13.830075">
        <ele>1282.59</ele>
      </trkpt>
      <trkpt lat="46.38973" lon="13.830056">
        <ele>1282.29</ele>
      </trkpt>
      <trkpt lat="46.389686" lon="13.829921">
        <ele>1285.12</ele>
      </trkpt>
      <trkpt lat="46.389801" lon="13.829602">
        <ele>1282.94</ele>
      </trkpt>
      <trkpt lat="46.389805" lon="13.829544">
        <ele>1282.54</ele>
      </trkpt>
      <trkpt lat="46.38983" lon="13.829471">
        <ele>1281.21</ele>
      </trkpt>
      <trkpt lat="46.389835" lon="13.829373">
        <ele>1282.13</ele>
      </trkpt>
      <trkpt lat="46.389824" lon="13.829334">
        <ele>1283.18</ele>
      </trkpt>
      <trkpt lat="46.389828" lon="13.829306">
        <ele>1283.5</ele>
      </trkpt>
      <trkpt lat="46.389855" lon="13.829295">
        <ele>1282.99</ele>
      </trkpt>
      <trkpt lat="46.389865" lon="13.829258">
        <ele>1283.52</ele>
      </trkpt>
      <trkpt lat="46.389883" lon="13.829242">
        <ele>1283.48</ele>
      </trkpt>
      <trkpt lat="46.389895" lon="13.829197">
        <ele>1284.3</ele>
      </trkpt>
      <trkpt lat="46.389945" lon="13.829095">
        <ele>1285.28</ele>
      </trkpt>
      <trkpt lat="46.389967" lon="13.829033">
        <ele>1286.82</ele>
      </trkpt>
      <trkpt lat="46.389991" lon="13.829002">
        <ele>1287.45</ele>
      </trkpt>
      <trkpt lat="46.389996" lon="13.828964">
        <ele>1288.33</ele>
      </trkpt>
      <trkpt lat="46.389964" lon="13.828903">
        <ele>1290.35</ele>
      </trkpt>
      <trkpt lat="46.389961" lon="13.8288">
        <ele>1292.77</ele>
      </trkpt>
      <trkpt lat="46.389946" lon="13.828709">
        <ele>1295.53</ele>
      </trkpt>
      <trkpt lat="46.389952" lon="13.828631">
        <ele>1297.6</ele>
      </trkpt>
      <trkpt lat="46.389958" lon="13.828584">
        <ele>1298.93</ele>
      </trkpt>
      <trkpt lat="46.389977" lon="13.828565">
        <ele>1299.36</ele>
      </trkpt>
      <trkpt lat="46.39" lon="13.828497">
        <ele>1301.54</ele>
      </trkpt>
      <trkpt lat="46.38999" lon="13.828411">
        <ele>1304.35</ele>
      </trkpt>
      <trkpt lat="46.390041" lon="13.828287">
        <ele>1308.39</ele>
      </trkpt>
      <trkpt lat="46.390021" lon="13.828216">
        <ele>1310.3</ele>
      </trkpt>
      <trkpt lat="46.390049" lon="13.828125">
        <ele>1313.19</ele>
      </trkpt>
      <trkpt lat="46.390051" lon="13.828077">
        <ele>1314.59</ele>
      </trkpt>
      <trkpt lat="46.390096" lon="13.827979">
        <ele>1317.42</ele>
      </trkpt>
      <trkpt lat="46.390082" lon="13.827954">
        <ele>1317.82</ele>
      </trkpt>
      <trkpt lat="46.39002" lon="13.827935">
        <ele>1317.99</ele>
      </trkpt>
      <trkpt lat="46.389998" lon="13.827903">
        <ele>1318.82</ele>
      </trkpt>
      <trkpt lat="46.390007" lon="13.827826">
        <ele>1321.43</ele>
      </trkpt>
      <trkpt lat="46.390054" lon="13.82768">
        <ele>1326.66</ele>
      </trkpt>
      <trkpt lat="46.390086" lon="13.82761">
        <ele>1329.13</ele>
      </trkpt>
      <trkpt lat="46.390123" lon="13.827561">
        <ele>1331.15</ele>
      </trkpt>
      <trkpt lat="46.390135" lon="13.82751">
        <ele>1332.79</ele>
      </trkpt>
      <trkpt lat="46.390126" lon="13.827459">
        <ele>1334.18</ele>
      </trkpt>
      <trkpt lat="46.39011" lon="13.827421">
        <ele>1335.15</ele>
      </trkpt>
      <trkpt lat="46.390099" lon="13.827178">
        <ele>1342.53</ele>
      </trkpt>
      <trkpt lat="46.390059" lon="13.82711">
        <ele>1344.52</ele>
      </trkpt>
      <trkpt lat="46.390057" lon="13.826858">
        <ele>1353.38</ele>
      </trkpt>
      <trkpt lat="46.390038" lon="13.82678">
        <ele>1356.32</ele>
      </trkpt>
      <trkpt lat="46.390054" lon="13.826641">
        <ele>1360.34</ele>
      </trkpt>
      <trkpt lat="46.390098" lon="13.826527">
        <ele>1363.07</ele>
      </trkpt>
      <trkpt lat="46.390104" lon="13.82647">
        <ele>1364.83</ele>
      </trkpt>
      <trkpt lat="46.39009" lon="13.826403">
        <ele>1366.7</ele>
      </trkpt>
      <trkpt lat="46.390068" lon="13.826367">
        <ele>1367.46</ele>
      </trkpt>
      <trkpt lat="46.39005" lon="13.826309">
        <ele>1369.39</ele>
      </trkpt>
      <trkpt lat="46.390049" lon="13.826231">
        <ele>1371.61</ele>
      </trkpt>
      <trkpt lat="46.390028" lon="13.826195">
        <ele>1372.8</ele>
      </trkpt>
      <trkpt lat="46.389997" lon="13.826176">
        <ele>1373.59</ele>
      </trkpt>
      <trkpt lat="46.389987" lon="13.826064">
        <ele>1375.84</ele>
      </trkpt>
      <trkpt lat="46.389967" lon="13.826025">
        <ele>1376.62</ele>
      </trkpt>
      <trkpt lat="46.389958" lon="13.825965">
        <ele>1377.91</ele>
      </trkpt>
      <trkpt lat="46.389975" lon="13.825821">
        <ele>1381.3</ele>
      </trkpt>
      <trkpt lat="46.389959" lon="13.825766">
        <ele>1382.9</ele>
      </trkpt>
      <trkpt lat="46.389931" lon="13.825729">
        <ele>1384.41</ele>
      </trkpt>
      <trkpt lat="46.389919" lon="13.825678">
        <ele>1386.05</ele>
      </trkpt>
      <trkpt lat="46.389894" lon="13.825642">
        <ele>1387.34</ele>
      </trkpt>
      <trkpt lat="46.389898" lon="13.825569">
        <ele>1388.99</ele>
      </trkpt>
      <trkpt lat="46.389915" lon="13.8255">
        <ele>1390.3</ele>
      </trkpt>
      <trkpt lat="46.38991" lon="13.825439">
        <ele>1391.8</ele>
      </trkpt>
      <trkpt lat="46.389894" lon="13.825393">
        <ele>1393.14</ele>
      </trkpt>
      <trkpt lat="46.389886" lon="13.825331">
        <ele>1394.71</ele>
      </trkpt>
      <trkpt lat="46.389891" lon="13.825215">
        <ele>1397.63</ele>
      </trkpt>
      <trkpt lat="46.389916" lon="13.825163">
        <ele>1398.76</ele>
      </trkpt>
      <trkpt lat="46.389922" lon="13.825083">
        <ele>1400.93</ele>
      </trkpt>
      <trkpt lat="46.389862" lon="13.824964">
        <ele>1404.25</ele>
      </trkpt>
      <trkpt lat="46.389767" lon="13.824714">
        <ele>1413.33</ele>
      </trkpt>
      <trkpt lat="46.389743" lon="13.824632">
        <ele>1416.1</ele>
      </trkpt>
      <trkpt lat="46.389739" lon="13.82456">
        <ele>1417.9</ele>
      </trkpt>
      <trkpt lat="46.389743" lon="13.824372">
        <ele>1422.18</ele>
      </trkpt>
      <trkpt lat="46.389729" lon="13.824281">
        <ele>1424.62</ele>
      </trkpt>
      <trkpt lat="46.389711" lon="13.824192">
        <ele>1426.65</ele>
      </trkpt>
      <trkpt lat="46.389679" lon="13.824107">
        <ele>1429.49</ele>
      </trkpt>
      <trkpt lat="46.389634" lon="13.824039">
        <ele>1432.72</ele>
      </trkpt>
      <trkpt lat="46.389636" lon="13.823899">
        <ele>1435.53</ele>
      </trkpt>
      <trkpt lat="46.389618" lon="13.823731">
        <ele>1439.87</ele>
      </trkpt>
      <trkpt lat="46.389569" lon="13.823576">
        <ele>1444.39</ele>
      </trkpt>
      <trkpt lat="46.389531" lon="13.823509">
        <ele>1447.16</ele>
      </trkpt>
      <trkpt lat="46.389534" lon="13.823422">
        <ele>1448.58</ele>
      </trkpt>
      <trkpt lat="46.389556" lon="13.823341">
        <ele>1449.52</ele>
      </trkpt>
      <trkpt lat="46.389521" lon="13.823219">
        <ele>1453.72</ele>
      </trkpt>
      <trkpt lat="46.389497" lon="13.823102">
        <ele>1456.86</ele>
      </trkpt>
      <trkpt lat="46.389499" lon="13.823028">
        <ele>1458.16</ele>
      </trkpt>
      <trkpt lat="46.389517" lon="13.82297">
        <ele>1458.73</ele>
      </trkpt>
      <trkpt lat="46.389525" lon="13.822911">
        <ele>1459.69</ele>
      </trkpt>
      <trkpt lat="46.389513" lon="13.82282">
        <ele>1461.59</ele>
      </trkpt>
      <trkpt lat="46.389516" lon="13.822639">
        <ele>1464.65</ele>
      </trkpt>
      <trkpt lat="46.389523" lon="13.822591">
        <ele>1465.3</ele>
      </trkpt>
      <trkpt lat="46.389474" lon="13.822557">
        <ele>1467.2</ele>
      </trkpt>
      <trkpt lat="46.38949" lon="13.822509">
        <ele>1467.89</ele>
      </trkpt>
      <trkpt lat="46.389473" lon="13.822457">
        <ele>1469.55</ele>
      </trkpt>
      <trkpt lat="46.38948" lon="13.822378">
        <ele>1471.11</ele>
      </trkpt>
      <trkpt lat="46.389459" lon="13.822314">
        <ele>1473.04</ele>
      </trkpt>
      <trkpt lat="46.389467" lon="13.822264">
        <ele>1473.58</ele>
      </trkpt>
      <trkpt lat="46.389414" lon="13.822191">
        <ele>1477.3</ele>
      </trkpt>
      <trkpt lat="46.389417" lon="13.822159">
        <ele>1478.05</ele>
      </trkpt>
      <trkpt lat="46.389431" lon="13.822119">
        <ele>1478.72</ele>
      </trkpt>
      <trkpt lat="46.389433" lon="13.822073">
        <ele>1480</ele>
      </trkpt>
      <trkpt lat="46.389458" lon="13.822066">
        <ele>1479.71</ele>
      </trkpt>
      <trkpt lat="46.389472" lon="13.822034">
        <ele>1480.38</ele>
      </trkpt>
      <trkpt lat="46.389478" lon="13.821967">
        <ele>1481.81</ele>
      </trkpt>
      <trkpt lat="46.389497" lon="13.821944">
        <ele>1481.85</ele>
      </trkpt>
      <trkpt lat="46.389487" lon="13.821908">
        <ele>1482.96</ele>
      </trkpt>
      <trkpt lat="46.38949" lon="13.821876">
        <ele>1483.6</ele>
      </trkpt>
      <trkpt lat="46.389469" lon="13.821817">
        <ele>1485.89</ele>
      </trkpt>
      <trkpt lat="46.38948" lon="13.821739">
        <ele>1487.82</ele>
      </trkpt>
      <trkpt lat="46.389503" lon="13.821707">
        <ele>1487.99</ele>
      </trkpt>
      <trkpt lat="46.389488" lon="13.821652">
        <ele>1489.18</ele>
      </trkpt>
      <trkpt lat="46.389461" lon="13.82162">
        <ele>1490.57</ele>
      </trkpt>
      <trkpt lat="46.389449" lon="13.821506">
        <ele>1492.74</ele>
      </trkpt>
      <trkpt lat="46.389458" lon="13.821236">
        <ele>1497.6</ele>
      </trkpt>
      <trkpt lat="46.389433" lon="13.821177">
        <ele>1500.1</ele>
      </trkpt>
      <trkpt lat="46.389461" lon="13.821078">
        <ele>1502.2</ele>
      </trkpt>
      <trkpt lat="46.389497" lon="13.821011">
        <ele>1503.94</ele>
      </trkpt>
      <trkpt lat="46.389467" lon="13.82093">
        <ele>1506.58</ele>
      </trkpt>
      <trkpt lat="46.389421" lon="13.820838">
        <ele>1509.65</ele>
      </trkpt>
      <trkpt lat="46.389443" lon="13.820769">
        <ele>1511.75</ele>
      </trkpt>
      <trkpt lat="46.389421" lon="13.820692">
        <ele>1514.35</ele>
      </trkpt>
      <trkpt lat="46.389387" lon="13.820616">
        <ele>1516.76</ele>
      </trkpt>
      <trkpt lat="46.389412" lon="13.820569">
        <ele>1518.02</ele>
      </trkpt>
      <trkpt lat="46.389373" lon="13.820505">
        <ele>1520.53</ele>
      </trkpt>
      <trkpt lat="46.38939" lon="13.820474">
        <ele>1521</ele>
      </trkpt>
      <trkpt lat="46.389344" lon="13.820351">
        <ele>1524.65</ele>
      </trkpt>
      <trkpt lat="46.389318" lon="13.820309">
        <ele>1526.06</ele>
      </trkpt>
      <trkpt lat="46.38925" lon="13.82015">
        <ele>1531.75</ele>
      </trkpt>
      <trkpt lat="46.389204" lon="13.820002">
        <ele>1536.96</ele>
      </trkpt>
      <trkpt lat="46.389181" lon="13.819901">
        <ele>1540.31</ele>
      </trkpt>
      <trkpt lat="46.389176" lon="13.819788">
        <ele>1543.36</ele>
      </trkpt>
      <trkpt lat="46.389189" lon="13.819703">
        <ele>1545.59</ele>
      </trkpt>
      <trkpt lat="46.389222" lon="13.819572">
        <ele>1549.12</ele>
      </trkpt>
      <trkpt lat="46.389261" lon="13.819536">
        <ele>1549.96</ele>
      </trkpt>
      <trkpt lat="46.389238" lon="13.819477">
        <ele>1552.63</ele>
      </trkpt>
      <trkpt lat="46.389195" lon="13.819311">
        <ele>1559.76</ele>
      </trkpt>
      <trkpt lat="46.389173" lon="13.819175">
        <ele>1564.77</ele>
      </trkpt>
      <trkpt lat="46.389111" lon="13.819078">
        <ele>1568.68</ele>
      </trkpt>
      <trkpt lat="46.389105" lon="13.819013">
        <ele>1570.99</ele>
      </trkpt>
      <trkpt lat="46.389122" lon="13.818883">
        <ele>1575.82</ele>
      </trkpt>
      <trkpt lat="46.389105" lon="13.818742">
        <ele>1581.64</ele>
      </trkpt>
      <trkpt lat="46.389124" lon="13.818695">
        <ele>1583.45</ele>
      </trkpt>
      <trkpt lat="46.389091" lon="13.818654">
        <ele>1585.17</ele>
      </trkpt>
      <trkpt lat="46.389089" lon="13.81857">
        <ele>1588.5</ele>
      </trkpt>
      <trkpt lat="46.389072" lon="13.818513">
        <ele>1590.65</ele>
      </trkpt>
      <trkpt lat="46.38901" lon="13.818446">
        <ele>1592.73</ele>
      </trkpt>
      <trkpt lat="46.388916" lon="13.818417">
        <ele>1594.95</ele>
      </trkpt>
      <trkpt lat="46.388803" lon="13.8184">
        <ele>1598.65</ele>
      </trkpt>
      <trkpt lat="46.388772" lon="13.818342">
        <ele>1601.39</ele>
      </trkpt>
      <trkpt lat="46.388766" lon="13.81818">
        <ele>1606.35</ele>
      </trkpt>
      <trkpt lat="46.38871" lon="13.818175">
        <ele>1609.48</ele>
      </trkpt>
      <trkpt lat="46.388679" lon="13.818152">
        <ele>1611.75</ele>
      </trkpt>
      <trkpt lat="46.388596" lon="13.818001">
        <ele>1620.5</ele>
      </trkpt>
      <trkpt lat="46.38856" lon="13.818017">
        <ele>1622.16</ele>
      </trkpt>
      <trkpt lat="46.388519" lon="13.817939">
        <ele>1626.87</ele>
      </trkpt>
      <trkpt lat="46.388507" lon="13.817841">
        <ele>1629.97</ele>
      </trkpt>
      <trkpt lat="46.388402" lon="13.817835">
        <ele>1636.29</ele>
      </trkpt>
      <trkpt lat="46.388382" lon="13.817737">
        <ele>1640.05</ele>
      </trkpt>
      <trkpt lat="46.388361" lon="13.817545">
        <ele>1646.84</ele>
      </trkpt>
      <trkpt lat="46.388342" lon="13.817444">
        <ele>1650.46</ele>
      </trkpt>
      <trkpt lat="46.38826" lon="13.817223">
        <ele>1661.22</ele>
      </trkpt>
      <trkpt lat="46.388214" lon="13.817143">
        <ele>1666.32</ele>
      </trkpt>
      <trkpt lat="46.388211" lon="13.817024">
        <ele>1669.8</ele>
      </trkpt>
      <trkpt lat="46.388172" lon="13.817031">
        <ele>1671.7</ele>
      </trkpt>
      <trkpt lat="46.388054" lon="13.81712">
        <ele>1677.11</ele>
      </trkpt>
      <trkpt lat="46.388029" lon="13.817081">
        <ele>1679.64</ele>
      </trkpt>
      <trkpt lat="46.388009" lon="13.817016">
        <ele>1683.09</ele>
      </trkpt>
      <trkpt lat="46.38803" lon="13.816644">
        <ele>1693.7</ele>
      </trkpt>
      <trkpt lat="46.388028" lon="13.816451">
        <ele>1700.44</ele>
      </trkpt>
      <trkpt lat="46.388012" lon="13.816128">
        <ele>1712.93</ele>
      </trkpt>
      <trkpt lat="46.387996" lon="13.815993">
        <ele>1718.09</ele>
      </trkpt>
      <trkpt lat="46.387991" lon="13.815877">
        <ele>1720.27</ele>
      </trkpt>
      <trkpt lat="46.387937" lon="13.815791">
        <ele>1724.58</ele>
      </trkpt>
      <trkpt lat="46.387914" lon="13.815668">
        <ele>1730.3</ele>
      </trkpt>
      <trkpt lat="46.387917" lon="13.815514">
        <ele>1735.28</ele>
      </trkpt>
      <trkpt lat="46.387897" lon="13.815399">
        <ele>1739.9</ele>
      </trkpt>
      <trkpt lat="46.387863" lon="13.815296">
        <ele>1745.77</ele>
      </trkpt>
      <trkpt lat="46.38785" lon="13.81521">
        <ele>1750.56</ele>
      </trkpt>
      <trkpt lat="46.387865" lon="13.815116">
        <ele>1754.3</ele>
      </trkpt>
      <trkpt lat="46.387985" lon="13.814885">
        <ele>1763.22</ele>
      </trkpt>
      <trkpt lat="46.387964" lon="13.814877">
        <ele>1763.13</ele>
      </trkpt>
      <trkpt lat="46.387947" lon="13.814831">
        <ele>1764.81</ele>
      </trkpt>
      <trkpt lat="46.387926" lon="13.814741">
        <ele>1765.92</ele>
      </trkpt>
      <trkpt lat="46.387885" lon="13.814698">
        <ele>1765.31</ele>
      </trkpt>
      <trkpt lat="46.387817" lon="13.814765">
        <ele>1765.94</ele>
      </trkpt>
      <trkpt lat="46.387744" lon="13.814792">
        <ele>1769.56</ele>
      </trkpt>
      <trkpt lat="46.387696" lon="13.814762">
        <ele>1768.93</ele>
      </trkpt>
      <trkpt lat="46.387628" lon="13.814684">
        <ele>1764.47</ele>
      </trkpt>
      <trkpt lat="46.387568" lon="13.814641">
        <ele>1762.65</ele>
      </trkpt>
      <trkpt lat="46.387525" lon="13.81461">
        <ele>1758.34</ele>
      </trkpt>
      <trkpt lat="46.387483" lon="13.814607">
        <ele>1756.61</ele>
      </trkpt>
      <trkpt lat="46.38743" lon="13.814663">
        <ele>1757.19</ele>
      </trkpt>
      <trkpt lat="46.387241" lon="13.814752">
        <ele>1753.9</ele>
      </trkpt>
      <trkpt lat="46.387071" lon="13.814742">
        <ele>1749.51</ele>
      </trkpt>
      <trkpt lat="46.387037" lon="13.814754">
        <ele>1748.79</ele>
      </trkpt>
      <trkpt lat="46.386954" lon="13.814835">
        <ele>1749.5</ele>
      </trkpt>
      <trkpt lat="46.386922" lon="13.814837">
        <ele>1748.36</ele>
      </trkpt>
      <trkpt lat="46.386884" lon="13.814816">
        <ele>1745.41</ele>
      </trkpt>
      <trkpt lat="46.386843" lon="13.814815">
        <ele>1743.66</ele>
      </trkpt>
      <trkpt lat="46.38681" lon="13.814844">
        <ele>1744.26</ele>
      </trkpt>
      <trkpt lat="46.386767" lon="13.814903">
        <ele>1746.96</ele>
      </trkpt>
      <trkpt lat="46.386727" lon="13.814916">
        <ele>1746.31</ele>
      </trkpt>
      <trkpt lat="46.386571" lon="13.814914">
        <ele>1741.19</ele>
      </trkpt>
      <trkpt lat="46.386471" lon="13.814969">
        <ele>1742.12</ele>
      </trkpt>
      <trkpt lat="46.38641" lon="13.814928">
        <ele>1737.08</ele>
      </trkpt>
      <trkpt lat="46.386383" lon="13.814858">
        <ele>1732.89</ele>
      </trkpt>
      <trkpt lat="46.386144" lon="13.814694">
        <ele>1728.5</ele>
      </trkpt>
      <trkpt lat="46.386115" lon="13.814657">
        <ele>1727.57</ele>
      </trkpt>
      <trkpt lat="46.386061" lon="13.814559">
        <ele>1724.69</ele>
      </trkpt>
      <trkpt lat="46.386025" lon="13.814526">
        <ele>1724.24</ele>
      </trkpt>
      <trkpt lat="46.385969" lon="13.8145">
        <ele>1723.55</ele>
      </trkpt>
      <trkpt lat="46.38588" lon="13.814484">
        <ele>1722.92</ele>
      </trkpt>
      <trkpt lat="46.385669" lon="13.814455">
        <ele>1718.37</ele>
      </trkpt>
      <trkpt lat="46.385585" lon="13.814431">
        <ele>1714.75</ele>
      </trkpt>
      <trkpt lat="46.385546" lon="13.814446">
        <ele>1714.45</ele>
      </trkpt>
      <trkpt lat="46.385526" lon="13.814485">
        <ele>1716.18</ele>
      </trkpt>
      <trkpt lat="46.385499" lon="13.814519">
        <ele>1719.73</ele>
      </trkpt>
      <trkpt lat="46.385486" lon="13.81452">
        <ele>1720.03</ele>
      </trkpt>
      <trkpt lat="46.385442" lon="13.814455">
        <ele>1713.7</ele>
      </trkpt>
      <trkpt lat="46.385428" lon="13.814371">
        <ele>1709.82</ele>
      </trkpt>
      <trkpt lat="46.38534" lon="13.814212">
        <ele>1704.67</ele>
      </trkpt>
      <trkpt lat="46.385314" lon="13.814137">
        <ele>1702.11</ele>
      </trkpt>
      <trkpt lat="46.385285" lon="13.814115">
        <ele>1701.37</ele>
      </trkpt>
      <trkpt lat="46.385238" lon="13.814102">
        <ele>1701.16</ele>
      </trkpt>
      <trkpt lat="46.385242" lon="13.814082">
        <ele>1700.19</ele>
      </trkpt>
      <trkpt lat="46.385277" lon="13.81407">
        <ele>1699.34</ele>
      </trkpt>
      <trkpt lat="46.385314" lon="13.814085">
        <ele>1699.72</ele>
      </trkpt>
      <trkpt lat="46.385329" lon="13.814075">
        <ele>1699.02</ele>
      </trkpt>
      <trkpt lat="46.38533" lon="13.814062">
        <ele>1698.36</ele>
      </trkpt>
      <trkpt lat="46.385285" lon="13.814012">
        <ele>1696.56</ele>
      </trkpt>
      <trkpt lat="46.385225" lon="13.813995">
        <ele>1696.25</ele>
      </trkpt>
      <trkpt lat="46.385213" lon="13.813977">
        <ele>1695.52</ele>
      </trkpt>
      <trkpt lat="46.385227" lon="13.813961">
        <ele>1694.66</ele>
      </trkpt>
      <trkpt lat="46.385279" lon="13.813942">
        <ele>1693.42</ele>
      </trkpt>
      <trkpt lat="46.385322" lon="13.813939">
        <ele>1692.99</ele>
      </trkpt>
      <trkpt lat="46.385338" lon="13.81393">
        <ele>1692.19</ele>
      </trkpt>
      <trkpt lat="46.385337" lon="13.813909">
        <ele>1691.36</ele>
      </trkpt>
      <trkpt lat="46.385279" lon="13.813859">
        <ele>1689.88</ele>
      </trkpt>
      <trkpt lat="46.385158" lon="13.813845">
        <ele>1688.52</ele>
      </trkpt>
      <trkpt lat="46.385152" lon="13.813832">
        <ele>1687.78</ele>
      </trkpt>
      <trkpt lat="46.385157" lon="13.813815">
        <ele>1686.98</ele>
      </trkpt>
      <trkpt lat="46.385179" lon="13.813796">
        <ele>1686.57</ele>
      </trkpt>
      <trkpt lat="46.385257" lon="13.81375">
        <ele>1685.05</ele>
      </trkpt>
      <trkpt lat="46.385324" lon="13.81372">
        <ele>1683.59</ele>
      </trkpt>
      <trkpt lat="46.385382" lon="13.813712">
        <ele>1681.08</ele>
      </trkpt>
      <trkpt lat="46.385387" lon="13.813695">
        <ele>1680.01</ele>
      </trkpt>
      <trkpt lat="46.385335" lon="13.813648">
        <ele>1679.82</ele>
      </trkpt>
      <trkpt lat="46.385224" lon="13.813584">
        <ele>1677.31</ele>
      </trkpt>
      <trkpt lat="46.385096" lon="13.813554">
        <ele>1674.47</ele>
      </trkpt>
      <trkpt lat="46.385037" lon="13.813568">
        <ele>1672.96</ele>
      </trkpt>
      <trkpt lat="46.385011" lon="13.813559">
        <ele>1671.61</ele>
      </trkpt>
      <trkpt lat="46.385012" lon="13.813538">
        <ele>1670.88</ele>
      </trkpt>
      <trkpt lat="46.385055" lon="13.813479">
        <ele>1670.2</ele>
      </trkpt>
      <trkpt lat="46.385145" lon="13.813392">
        <ele>1667.6</ele>
      </trkpt>
      <trkpt lat="46.385342" lon="13.81328">
        <ele>1662.86</ele>
      </trkpt>
      <trkpt lat="46.385456" lon="13.813283">
        <ele>1660.42</ele>
      </trkpt>
      <trkpt lat="46.385483" lon="13.813267">
        <ele>1658.08</ele>
      </trkpt>
      <trkpt lat="46.385481" lon="13.813239">
        <ele>1656.88</ele>
      </trkpt>
      <trkpt lat="46.385392" lon="13.813161">
        <ele>1655.79</ele>
      </trkpt>
      <trkpt lat="46.385349" lon="13.813093">
        <ele>1653.08</ele>
      </trkpt>
      <trkpt lat="46.38531" lon="13.813079">
        <ele>1652.85</ele>
      </trkpt>
      <trkpt lat="46.385234" lon="13.813081">
        <ele>1652.24</ele>
      </trkpt>
      <trkpt lat="46.385033" lon="13.813027">
        <ele>1647.64</ele>
      </trkpt>
      <trkpt lat="46.384952" lon="13.813043">
        <ele>1646.24</ele>
      </trkpt>
      <trkpt lat="46.384897" lon="13.813043">
        <ele>1644.3</ele>
      </trkpt>
      <trkpt lat="46.38473" lon="13.813106">
        <ele>1640.11</ele>
      </trkpt>
      <trkpt lat="46.384665" lon="13.813112">
        <ele>1638.18</ele>
      </trkpt>
      <trkpt lat="46.384569" lon="13.813076">
        <ele>1634.42</ele>
      </trkpt>
      <trkpt lat="46.384493" lon="13.812976">
        <ele>1629.8</ele>
      </trkpt>
      <trkpt lat="46.38446" lon="13.812951">
        <ele>1628.45</ele>
      </trkpt>
      <trkpt lat="46.384417" lon="13.812961">
        <ele>1628.33</ele>
      </trkpt>
      <trkpt lat="46.384408" lon="13.812948">
        <ele>1627.8</ele>
      </trkpt>
      <trkpt lat="46.384412" lon="13.812916">
        <ele>1626.71</ele>
      </trkpt>
      <trkpt lat="46.384461" lon="13.812873">
        <ele>1625.17</ele>
      </trkpt>
      <trkpt lat="46.384496" lon="13.81287">
        <ele>1625.12</ele>
      </trkpt>
      <trkpt lat="46.384602" lon="13.812908">
        <ele>1626.74</ele>
      </trkpt>
      <trkpt lat="46.384641" lon="13.812904">
        <ele>1627.74</ele>
      </trkpt>
      <trkpt lat="46.38465" lon="13.812887">
        <ele>1627.3</ele>
      </trkpt>
      <trkpt lat="46.384641" lon="13.812874">
        <ele>1626.3</ele>
      </trkpt>
      <trkpt lat="46.384601" lon="13.812853">
        <ele>1623.91</ele>
      </trkpt>
      <trkpt lat="46.384536" lon="13.812774">
        <ele>1620.3</ele>
      </trkpt>
      <trkpt lat="46.384511" lon="13.812705">
        <ele>1617.25</ele>
      </trkpt>
      <trkpt lat="46.384456" lon="13.812633">
        <ele>1614.61</ele>
      </trkpt>
      <trkpt lat="46.384416" lon="13.812603">
        <ele>1613.95</ele>
      </trkpt>
      <trkpt lat="46.384375" lon="13.812596">
        <ele>1614.3</ele>
      </trkpt>
      <trkpt lat="46.384328" lon="13.812613">
        <ele>1613.82</ele>
      </trkpt>
      <trkpt lat="46.384253" lon="13.812617">
        <ele>1612.01</ele>
      </trkpt>
      <trkpt lat="46.384226" lon="13.812534">
        <ele>1608.57</ele>
      </trkpt>
      <trkpt lat="46.384208" lon="13.812514">
        <ele>1607.59</ele>
      </trkpt>
      <trkpt lat="46.384188" lon="13.812523">
        <ele>1607.8</ele>
      </trkpt>
      <trkpt lat="46.384167" lon="13.812556">
        <ele>1608.97</ele>
      </trkpt>
      <trkpt lat="46.384115" lon="13.812544">
        <ele>1608.01</ele>
      </trkpt>
      <trkpt lat="46.384022" lon="13.812577">
        <ele>1608.6</ele>
      </trkpt>
      <trkpt lat="46.383984" lon="13.812572">
        <ele>1608.55</ele>
      </trkpt>
      <trkpt lat="46.383755" lon="13.812444">
        <ele>1603.91</ele>
      </trkpt>
      <trkpt lat="46.383639" lon="13.812343">
        <ele>1600.66</ele>
      </trkpt>
      <trkpt lat="46.383637" lon="13.812317">
        <ele>1599.36</ele>
      </trkpt>
      <trkpt lat="46.383647" lon="13.81231">
        <ele>1598.78</ele>
      </trkpt>
      <trkpt lat="46.383737" lon="13.812361">
        <ele>1599.62</ele>
      </trkpt>
      <trkpt lat="46.383811" lon="13.812389">
        <ele>1599.89</ele>
      </trkpt>
      <trkpt lat="46.383913" lon="13.812395">
        <ele>1599.01</ele>
      </trkpt>
      <trkpt lat="46.383945" lon="13.812417">
        <ele>1600.85</ele>
      </trkpt>
      <trkpt lat="46.383967" lon="13.812414">
        <ele>1601.01</ele>
      </trkpt>
      <trkpt lat="46.384019" lon="13.812357">
        <ele>1598.9</ele>
      </trkpt>
      <trkpt lat="46.384054" lon="13.812353">
        <ele>1598.99</ele>
      </trkpt>
      <trkpt lat="46.38407" lon="13.812341">
        <ele>1598.53</ele>
      </trkpt>
      <trkpt lat="46.384062" lon="13.81232">
        <ele>1597.33</ele>
      </trkpt>
      <trkpt lat="46.384028" lon="13.812304">
        <ele>1596.24</ele>
      </trkpt>
      <trkpt lat="46.384004" lon="13.812306">
        <ele>1595.92</ele>
      </trkpt>
      <trkpt lat="46.383958" lon="13.812347">
        <ele>1597.16</ele>
      </trkpt>
      <trkpt lat="46.383926" lon="13.812335">
        <ele>1595.87</ele>
      </trkpt>
      <trkpt lat="46.38387" lon="13.812279">
        <ele>1592.55</ele>
      </trkpt>
      <trkpt lat="46.383798" lon="13.812224">
        <ele>1590.55</ele>
      </trkpt>
      <trkpt lat="46.383746" lon="13.81215">
        <ele>1587.71</ele>
      </trkpt>
      <trkpt lat="46.383696" lon="13.812039">
        <ele>1583.9</ele>
      </trkpt>
      <trkpt lat="46.383651" lon="13.811984">
        <ele>1583.59</ele>
      </trkpt>
      <trkpt lat="46.383605" lon="13.811952">
        <ele>1582.89</ele>
      </trkpt>
      <trkpt lat="46.383481" lon="13.811927">
        <ele>1582.35</ele>
      </trkpt>
      <trkpt lat="46.383425" lon="13.811879">
        <ele>1579.79</ele>
      </trkpt>
      <trkpt lat="46.383363" lon="13.811854">
        <ele>1577.59</ele>
      </trkpt>
      <trkpt lat="46.383361" lon="13.811839">
        <ele>1576.76</ele>
      </trkpt>
      <trkpt lat="46.383406" lon="13.811823">
        <ele>1576.35</ele>
      </trkpt>
      <trkpt lat="46.383475" lon="13.811825">
        <ele>1576.65</ele>
      </trkpt>
      <trkpt lat="46.383488" lon="13.811801">
        <ele>1575.25</ele>
      </trkpt>
      <trkpt lat="46.383464" lon="13.811786">
        <ele>1574.39</ele>
      </trkpt>
      <trkpt lat="46.383457" lon="13.811752">
        <ele>1572.42</ele>
      </trkpt>
      <trkpt lat="46.383421" lon="13.811662">
        <ele>1567.17</ele>
      </trkpt>
      <trkpt lat="46.383359" lon="13.811623">
        <ele>1565.24</ele>
      </trkpt>
      <trkpt lat="46.383276" lon="13.811606">
        <ele>1564.12</ele>
      </trkpt>
      <trkpt lat="46.383269" lon="13.811583">
        <ele>1562.82</ele>
      </trkpt>
      <trkpt lat="46.383277" lon="13.811571">
        <ele>1562.28</ele>
      </trkpt>
      <trkpt lat="46.383298" lon="13.811567">
        <ele>1562.47</ele>
      </trkpt>
      <trkpt lat="46.383433" lon="13.811568">
        <ele>1561.5</ele>
      </trkpt>
      <trkpt lat="46.383443" lon="13.811562">
        <ele>1560.89</ele>
      </trkpt>
      <trkpt lat="46.383445" lon="13.811534">
        <ele>1559.11</ele>
      </trkpt>
      <trkpt lat="46.383268" lon="13.811452">
        <ele>1555.5</ele>
      </trkpt>
      <trkpt lat="46.383214" lon="13.811457">
        <ele>1555.17</ele>
      </trkpt>
      <trkpt lat="46.383174" lon="13.811426">
        <ele>1553.09</ele>
      </trkpt>
      <trkpt lat="46.383057" lon="13.811383">
        <ele>1549.77</ele>
      </trkpt>
      <trkpt lat="46.383011" lon="13.811409">
        <ele>1550.33</ele>
      </trkpt>
      <trkpt lat="46.382951" lon="13.811407">
        <ele>1549.43</ele>
      </trkpt>
      <trkpt lat="46.382928" lon="13.811411">
        <ele>1549.54</ele>
      </trkpt>
      <trkpt lat="46.382909" lon="13.811386">
        <ele>1548.45</ele>
      </trkpt>
      <trkpt lat="46.382851" lon="13.811202">
        <ele>1541.01</ele>
      </trkpt>
      <trkpt lat="46.38263" lon="13.81104">
        <ele>1536.68</ele>
      </trkpt>
      <trkpt lat="46.382621" lon="13.811009">
        <ele>1534.77</ele>
      </trkpt>
      <trkpt lat="46.382591" lon="13.810958">
        <ele>1531.87</ele>
      </trkpt>
      <trkpt lat="46.382465" lon="13.810878">
        <ele>1531.64</ele>
      </trkpt>
      <trkpt lat="46.382468" lon="13.810863">
        <ele>1530.73</ele>
      </trkpt>
      <trkpt lat="46.38248" lon="13.810859">
        <ele>1530.1</ele>
      </trkpt>
      <trkpt lat="46.382614" lon="13.810908">
        <ele>1528.36</ele>
      </trkpt>
      <trkpt lat="46.382902" lon="13.810858">
        <ele>1521.63</ele>
      </trkpt>
      <trkpt lat="46.382911" lon="13.810853">
        <ele>1521.08</ele>
      </trkpt>
      <trkpt lat="46.382915" lon="13.810827">
        <ele>1519.49</ele>
      </trkpt>
      <trkpt lat="46.382776" lon="13.810765">
        <ele>1518.5</ele>
      </trkpt>
      <trkpt lat="46.38265" lon="13.810751">
        <ele>1518.34</ele>
      </trkpt>
      <trkpt lat="46.382547" lon="13.810665">
        <ele>1514</ele>
      </trkpt>
      <trkpt lat="46.382428" lon="13.810658">
        <ele>1515.08</ele>
      </trkpt>
      <trkpt lat="46.382004" lon="13.810509">
        <ele>1501.89</ele>
      </trkpt>
      <trkpt lat="46.381935" lon="13.810498">
        <ele>1504</ele>
      </trkpt>
      <trkpt lat="46.381857" lon="13.810472">
        <ele>1504.43</ele>
      </trkpt>
      <trkpt lat="46.381716" lon="13.810415">
        <ele>1502.33</ele>
      </trkpt>
      <trkpt lat="46.381676" lon="13.810468">
        <ele>1507.55</ele>
      </trkpt>
      <trkpt lat="46.381541" lon="13.810499">
        <ele>1514.5</ele>
      </trkpt>
      <trkpt lat="46.381488" lon="13.810492">
        <ele>1516.34</ele>
      </trkpt>
      <trkpt lat="46.381461" lon="13.810473">
        <ele>1515.24</ele>
      </trkpt>
      <trkpt lat="46.381414" lon="13.81047">
        <ele>1517.07</ele>
      </trkpt>
      <trkpt lat="46.381324" lon="13.81048">
        <ele>1515.88</ele>
      </trkpt>
      <trkpt lat="46.381254" lon="13.810509">
        <ele>1516.21</ele>
      </trkpt>
      <trkpt lat="46.381209" lon="13.810568">
        <ele>1520.22</ele>
      </trkpt>
      <trkpt lat="46.381151" lon="13.810617">
        <ele>1523.33</ele>
      </trkpt>
      <trkpt lat="46.381084" lon="13.810666">
        <ele>1524.87</ele>
      </trkpt>
      <trkpt lat="46.380999" lon="13.81069">
        <ele>1523.23</ele>
      </trkpt>
      <trkpt lat="46.380906" lon="13.810736">
        <ele>1521.23</ele>
      </trkpt>
      <trkpt lat="46.380872" lon="13.810838">
        <ele>1523.61</ele>
      </trkpt>
      <trkpt lat="46.380866" lon="13.810899">
        <ele>1526.67</ele>
      </trkpt>
      <trkpt lat="46.380872" lon="13.8109">
        <ele>1527.19</ele>
      </trkpt>
      <trkpt lat="46.380959" lon="13.8108">
        <ele>1527.61</ele>
      </trkpt>
      <trkpt lat="46.38102" lon="13.810772">
        <ele>1529.87</ele>
      </trkpt>
      <trkpt lat="46.381061" lon="13.810769">
        <ele>1532.1</ele>
      </trkpt>
      <trkpt lat="46.38107" lon="13.810782">
        <ele>1533.65</ele>
      </trkpt>
      <trkpt lat="46.381025" lon="13.810837">
        <ele>1534.67</ele>
      </trkpt>
      <trkpt lat="46.380996" lon="13.810864">
        <ele>1534.07</ele>
      </trkpt>
      <trkpt lat="46.380986" lon="13.810895">
        <ele>1535.32</ele>
      </trkpt>
      <trkpt lat="46.380982" lon="13.810975">
        <ele>1540.53</ele>
      </trkpt>
      <trkpt lat="46.380941" lon="13.811058">
        <ele>1542.4</ele>
      </trkpt>
      <trkpt lat="46.380943" lon="13.811114">
        <ele>1547.43</ele>
      </trkpt>
      <trkpt lat="46.380996" lon="13.811043">
        <ele>1546.65</ele>
      </trkpt>
      <trkpt lat="46.381055" lon="13.811005">
        <ele>1549.66</ele>
      </trkpt>
      <trkpt lat="46.381071" lon="13.810964">
        <ele>1548.01</ele>
      </trkpt>
      <trkpt lat="46.381133" lon="13.810931">
        <ele>1550.53</ele>
      </trkpt>
      <trkpt lat="46.381206" lon="13.810912">
        <ele>1553.38</ele>
      </trkpt>
      <trkpt lat="46.381269" lon="13.810885">
        <ele>1553.75</ele>
      </trkpt>
      <trkpt lat="46.38131" lon="13.810877">
        <ele>1554.03</ele>
      </trkpt>
      <trkpt lat="46.381321" lon="13.810893">
        <ele>1555.68</ele>
      </trkpt>
      <trkpt lat="46.381302" lon="13.81091">
        <ele>1557.25</ele>
      </trkpt>
      <trkpt lat="46.381211" lon="13.810942">
        <ele>1556.7</ele>
      </trkpt>
      <trkpt lat="46.381166" lon="13.810971">
        <ele>1557.41</ele>
      </trkpt>
      <trkpt lat="46.381139" lon="13.811053">
        <ele>1562.58</ele>
      </trkpt>
      <trkpt lat="46.381097" lon="13.811092">
        <ele>1560.71</ele>
      </trkpt>
      <trkpt lat="46.381073" lon="13.811131">
        <ele>1560.81</ele>
      </trkpt>
      <trkpt lat="46.381036" lon="13.811163">
        <ele>1559.27</ele>
      </trkpt>
      <trkpt lat="46.381013" lon="13.811203">
        <ele>1560.4</ele>
      </trkpt>
      <trkpt lat="46.380998" lon="13.811244">
        <ele>1563.11</ele>
      </trkpt>
      <trkpt lat="46.380999" lon="13.811268">
        <ele>1565.54</ele>
      </trkpt>
      <trkpt lat="46.380944" lon="13.8113">
        <ele>1565.33</ele>
      </trkpt>
      <trkpt lat="46.380885" lon="13.811282">
        <ele>1562.3</ele>
      </trkpt>
      <trkpt lat="46.380861" lon="13.811308">
        <ele>1565.12</ele>
      </trkpt>
      <trkpt lat="46.38081" lon="13.811322">
        <ele>1566.45</ele>
      </trkpt>
      <trkpt lat="46.380704" lon="13.811327">
        <ele>1567.69</ele>
      </trkpt>
      <trkpt lat="46.380627" lon="13.81136">
        <ele>1570.97</ele>
      </trkpt>
      <trkpt lat="46.380616" lon="13.811392">
        <ele>1574.8</ele>
      </trkpt>
      <trkpt lat="46.380624" lon="13.811398">
        <ele>1575.91</ele>
      </trkpt>
      <trkpt lat="46.380756" lon="13.811399">
        <ele>1577.61</ele>
      </trkpt>
      <trkpt lat="46.380864" lon="13.811388">
        <ele>1575</ele>
      </trkpt>
      <trkpt lat="46.380902" lon="13.811397">
        <ele>1577.07</ele>
      </trkpt>
      <trkpt lat="46.381027" lon="13.811299">
        <ele>1570.16</ele>
      </trkpt>
      <trkpt lat="46.381141" lon="13.811218">
        <ele>1574.95</ele>
      </trkpt>
      <trkpt lat="46.381164" lon="13.811227">
        <ele>1578.17</ele>
      </trkpt>
      <trkpt lat="46.381172" lon="13.811241">
        <ele>1579.91</ele>
      </trkpt>
      <trkpt lat="46.381172" lon="13.811263">
        <ele>1581.13</ele>
      </trkpt>
      <trkpt lat="46.38111" lon="13.811374">
        <ele>1582.7</ele>
      </trkpt>
      <trkpt lat="46.380987" lon="13.81144">
        <ele>1588.25</ele>
      </trkpt>
      <trkpt lat="46.380909" lon="13.811477">
        <ele>1595.41</ele>
      </trkpt>
      <trkpt lat="46.380817" lon="13.811495">
        <ele>1600.37</ele>
      </trkpt>
      <trkpt lat="46.380663" lon="13.811526">
        <ele>1597.37</ele>
      </trkpt>
      <trkpt lat="46.380597" lon="13.811557">
        <ele>1596.84</ele>
      </trkpt>
      <trkpt lat="46.380521" lon="13.811576">
        <ele>1597.76</ele>
      </trkpt>
      <trkpt lat="46.380393" lon="13.811477">
        <ele>1592.16</ele>
      </trkpt>
      <trkpt lat="46.380299" lon="13.811489">
        <ele>1596.89</ele>
      </trkpt>
      <trkpt lat="46.380201" lon="13.811525">
        <ele>1598.25</ele>
      </trkpt>
      <trkpt lat="46.379874" lon="13.811665">
        <ele>1606.69</ele>
      </trkpt>
      <trkpt lat="46.379785" lon="13.811679">
        <ele>1608.72</ele>
      </trkpt>
      <trkpt lat="46.379731" lon="13.811668">
        <ele>1608.41</ele>
      </trkpt>
      <trkpt lat="46.379659" lon="13.811632">
        <ele>1606.81</ele>
      </trkpt>
      <trkpt lat="46.379608" lon="13.811638">
        <ele>1607.78</ele>
      </trkpt>
      <trkpt lat="46.379486" lon="13.811735">
        <ele>1612.2</ele>
      </trkpt>
      <trkpt lat="46.379429" lon="13.811775">
        <ele>1616.64</ele>
      </trkpt>
      <trkpt lat="46.37941" lon="13.811815">
        <ele>1623.04</ele>
      </trkpt>
      <trkpt lat="46.379281" lon="13.811844">
        <ele>1626.94</ele>
      </trkpt>
      <trkpt lat="46.379193" lon="13.811816">
        <ele>1624.56</ele>
      </trkpt>
      <trkpt lat="46.379185" lon="13.811765">
        <ele>1615.93</ele>
      </trkpt>
      <trkpt lat="46.37919" lon="13.811691">
        <ele>1608.52</ele>
      </trkpt>
      <trkpt lat="46.379155" lon="13.811658">
        <ele>1609.67</ele>
      </trkpt>
      <trkpt lat="46.379141" lon="13.811578">
        <ele>1609.23</ele>
      </trkpt>
      <trkpt lat="46.37916" lon="13.811528">
        <ele>1607.63</ele>
      </trkpt>
      <trkpt lat="46.379178" lon="13.81144">
        <ele>1606.59</ele>
      </trkpt>
      <trkpt lat="46.379182" lon="13.811363">
        <ele>1607.59</ele>
      </trkpt>
      <trkpt lat="46.379222" lon="13.811287">
        <ele>1607.57</ele>
      </trkpt>
      <trkpt lat="46.379271" lon="13.811213">
        <ele>1606.05</ele>
      </trkpt>
      <trkpt lat="46.379393" lon="13.810867">
        <ele>1617.79</ele>
      </trkpt>
      <trkpt lat="46.37941" lon="13.810806">
        <ele>1618.02</ele>
      </trkpt>
      <trkpt lat="46.379421" lon="13.810724">
        <ele>1619.44</ele>
      </trkpt>
      <trkpt lat="46.379399" lon="13.810699">
        <ele>1621.41</ele>
      </trkpt>
      <trkpt lat="46.379332" lon="13.81059">
        <ele>1625.61</ele>
      </trkpt>
      <trkpt lat="46.379323" lon="13.810594">
        <ele>1626.6</ele>
      </trkpt>
      <trkpt lat="46.379311" lon="13.810618">
        <ele>1627.91</ele>
      </trkpt>
      <trkpt lat="46.379325" lon="13.810751">
        <ele>1625.86</ele>
      </trkpt>
      <trkpt lat="46.379293" lon="13.81086">
        <ele>1624.82</ele>
      </trkpt>
      <trkpt lat="46.379216" lon="13.811026">
        <ele>1624.75</ele>
      </trkpt>
      <trkpt lat="46.379121" lon="13.811163">
        <ele>1626.24</ele>
      </trkpt>
      <trkpt lat="46.378968" lon="13.811296">
        <ele>1638.06</ele>
      </trkpt>
      <trkpt lat="46.378949" lon="13.811345">
        <ele>1638.73</ele>
      </trkpt>
      <trkpt lat="46.378948" lon="13.811521">
        <ele>1635.03</ele>
      </trkpt>
      <trkpt lat="46.378931" lon="13.811651">
        <ele>1636.56</ele>
      </trkpt>
      <trkpt lat="46.378913" lon="13.811715">
        <ele>1638.61</ele>
      </trkpt>
      <trkpt lat="46.378916" lon="13.811806">
        <ele>1639.77</ele>
      </trkpt>
      <trkpt lat="46.378904" lon="13.81183">
        <ele>1641.62</ele>
      </trkpt>
      <trkpt lat="46.378894" lon="13.811811">
        <ele>1642.57</ele>
      </trkpt>
      <trkpt lat="46.378888" lon="13.811735">
        <ele>1642.95</ele>
      </trkpt>
      <trkpt lat="46.378868" lon="13.811654">
        <ele>1647.47</ele>
      </trkpt>
      <trkpt lat="46.378847" lon="13.811598">
        <ele>1651.88</ele>
      </trkpt>
      <trkpt lat="46.378843" lon="13.811553">
        <ele>1653.33</ele>
      </trkpt>
      <trkpt lat="46.378847" lon="13.811519">
        <ele>1653.3</ele>
      </trkpt>
      <trkpt lat="46.378878" lon="13.811421">
        <ele>1649.38</ele>
      </trkpt>
      <trkpt lat="46.378883" lon="13.811371">
        <ele>1649.38</ele>
      </trkpt>
      <trkpt lat="46.378849" lon="13.81129">
        <ele>1657.47</ele>
      </trkpt>
      <trkpt lat="46.378843" lon="13.811252">
        <ele>1659.36</ele>
      </trkpt>
      <trkpt lat="46.378893" lon="13.811169">
        <ele>1654.31</ele>
      </trkpt>
      <trkpt lat="46.378921" lon="13.811074">
        <ele>1655.44</ele>
      </trkpt>
      <trkpt lat="46.378961" lon="13.810988">
        <ele>1655.9</ele>
      </trkpt>
      <trkpt lat="46.37897" lon="13.810951">
        <ele>1657</ele>
      </trkpt>
      <trkpt lat="46.37897" lon="13.810899">
        <ele>1659.84</ele>
      </trkpt>
      <trkpt lat="46.378986" lon="13.810821">
        <ele>1661.29</ele>
      </trkpt>
      <trkpt lat="46.379003" lon="13.810793">
        <ele>1660.3</ele>
      </trkpt>
      <trkpt lat="46.379007" lon="13.810732">
        <ele>1661.97</ele>
      </trkpt>
      <trkpt lat="46.378994" lon="13.810685">
        <ele>1664.78</ele>
      </trkpt>
      <trkpt lat="46.378957" lon="13.810649">
        <ele>1668.58</ele>
      </trkpt>
      <trkpt lat="46.378921" lon="13.810639">
        <ele>1672.12</ele>
      </trkpt>
      <trkpt lat="46.378879" lon="13.810609">
        <ele>1672.9</ele>
      </trkpt>
      <trkpt lat="46.378817" lon="13.810626">
        <ele>1675.18</ele>
      </trkpt>
      <trkpt lat="46.378805" lon="13.810633">
        <ele>1675.83</ele>
      </trkpt>
      <trkpt lat="46.378798" lon="13.810651">
        <ele>1676.9</ele>
      </trkpt>
      <trkpt lat="46.378796" lon="13.810676">
        <ele>1678.06</ele>
      </trkpt>
      <trkpt lat="46.378806" lon="13.810691">
        <ele>1678.39</ele>
      </trkpt>
      <trkpt lat="46.378884" lon="13.810728">
        <ele>1674.68</ele>
      </trkpt>
      <trkpt lat="46.37892" lon="13.810728">
        <ele>1672.34</ele>
      </trkpt>
      <trkpt lat="46.378932" lon="13.810759">
        <ele>1669.88</ele>
      </trkpt>
      <trkpt lat="46.378912" lon="13.810791">
        <ele>1670.99</ele>
      </trkpt>
      <trkpt lat="46.37887" lon="13.810805">
        <ele>1674.29</ele>
      </trkpt>
      <trkpt lat="46.378848" lon="13.810852">
        <ele>1676.04</ele>
      </trkpt>
      <trkpt lat="46.37885" lon="13.810931">
        <ele>1673.25</ele>
      </trkpt>
      <trkpt lat="46.378837" lon="13.810995">
        <ele>1672.84</ele>
      </trkpt>
      <trkpt lat="46.378818" lon="13.811052">
        <ele>1673.78</ele>
      </trkpt>
      <trkpt lat="46.378774" lon="13.81105">
        <ele>1680.05</ele>
      </trkpt>
      <trkpt lat="46.378745" lon="13.811019">
        <ele>1683.66</ele>
      </trkpt>
      <trkpt lat="46.378701" lon="13.811009">
        <ele>1687.88</ele>
      </trkpt>
      <trkpt lat="46.378626" lon="13.810954">
        <ele>1690.23</ele>
      </trkpt>
      <trkpt lat="46.378589" lon="13.810948">
        <ele>1691.28</ele>
      </trkpt>
      <trkpt lat="46.378555" lon="13.810975">
        <ele>1693.48</ele>
      </trkpt>
      <trkpt lat="46.378559" lon="13.811009">
        <ele>1694.77</ele>
      </trkpt>
      <trkpt lat="46.378638" lon="13.811144">
        <ele>1692.51</ele>
      </trkpt>
      <trkpt lat="46.378622" lon="13.811252">
        <ele>1692.47</ele>
      </trkpt>
      <trkpt lat="46.378571" lon="13.81127">
        <ele>1696.29</ele>
      </trkpt>
      <trkpt lat="46.378546" lon="13.811263">
        <ele>1698.5</ele>
      </trkpt>
      <trkpt lat="46.378519" lon="13.811221">
        <ele>1701.21</ele>
      </trkpt>
      <trkpt lat="46.378417" lon="13.811164">
        <ele>1705.64</ele>
      </trkpt>
      <trkpt lat="46.378352" lon="13.811154">
        <ele>1708.71</ele>
      </trkpt>
      <trkpt lat="46.378221" lon="13.811109">
        <ele>1711.94</ele>
      </trkpt>
      <trkpt lat="46.37821" lon="13.81113">
        <ele>1713.5</ele>
      </trkpt>
      <trkpt lat="46.378234" lon="13.811172">
        <ele>1714.68</ele>
      </trkpt>
      <trkpt lat="46.378291" lon="13.811217">
        <ele>1714.45</ele>
      </trkpt>
      <trkpt lat="46.378314" lon="13.811259">
        <ele>1714.46</ele>
      </trkpt>
      <trkpt lat="46.378331" lon="13.811376">
        <ele>1716</ele>
      </trkpt>
      <trkpt lat="46.378341" lon="13.81147">
        <ele>1715.1</ele>
      </trkpt>
      <trkpt lat="46.378332" lon="13.811574">
        <ele>1715.46</ele>
      </trkpt>
      <trkpt lat="46.378305" lon="13.811648">
        <ele>1715.75</ele>
      </trkpt>
      <trkpt lat="46.378242" lon="13.81177">
        <ele>1717.4</ele>
      </trkpt>
      <trkpt lat="46.378228" lon="13.811785">
        <ele>1718.29</ele>
      </trkpt>
      <trkpt lat="46.378199" lon="13.811771">
        <ele>1721.59</ele>
      </trkpt>
      <trkpt lat="46.378204" lon="13.811635">
        <ele>1724.12</ele>
      </trkpt>
      <trkpt lat="46.37819" lon="13.811583">
        <ele>1726.55</ele>
      </trkpt>
      <trkpt lat="46.37814" lon="13.811537">
        <ele>1730.82</ele>
      </trkpt>
      <trkpt lat="46.378057" lon="13.811416">
        <ele>1731.81</ele>
      </trkpt>
      <trkpt lat="46.377945" lon="13.811355">
        <ele>1734.83</ele>
      </trkpt>
      <trkpt lat="46.377828" lon="13.81137">
        <ele>1739.75</ele>
      </trkpt>
      <trkpt lat="46.377759" lon="13.811405">
        <ele>1742.47</ele>
      </trkpt>
      <trkpt lat="46.377696" lon="13.81138">
        <ele>1742.35</ele>
      </trkpt>
      <trkpt lat="46.377654" lon="13.811377">
        <ele>1742.93</ele>
      </trkpt>
      <trkpt lat="46.377561" lon="13.811421">
        <ele>1745.32</ele>
      </trkpt>
      <trkpt lat="46.377523" lon="13.811489">
        <ele>1748.14</ele>
      </trkpt>
      <trkpt lat="46.377473" lon="13.811518">
        <ele>1748.87</ele>
      </trkpt>
      <trkpt lat="46.377439" lon="13.811552">
        <ele>1749.91</ele>
      </trkpt>
      <trkpt lat="46.377405" lon="13.811563">
        <ele>1749.97</ele>
      </trkpt>
      <trkpt lat="46.377399" lon="13.811574">
        <ele>1750.57</ele>
      </trkpt>
      <trkpt lat="46.377401" lon="13.811589">
        <ele>1751.6</ele>
      </trkpt>
      <trkpt lat="46.377409" lon="13.811599">
        <ele>1752.39</ele>
      </trkpt>
      <trkpt lat="46.377475" lon="13.811595">
        <ele>1753.23</ele>
      </trkpt>
      <trkpt lat="46.37759" lon="13.811626">
        <ele>1755.65</ele>
      </trkpt>
      <trkpt lat="46.377709" lon="13.811658">
        <ele>1755.16</ele>
      </trkpt>
      <trkpt lat="46.37777" lon="13.811706">
        <ele>1755.68</ele>
      </trkpt>
      <trkpt lat="46.377819" lon="13.811772">
        <ele>1755.73</ele>
      </trkpt>
      <trkpt lat="46.377847" lon="13.811825">
        <ele>1755.14</ele>
      </trkpt>
      <trkpt lat="46.377894" lon="13.811894">
        <ele>1752.05</ele>
      </trkpt>
      <trkpt lat="46.377895" lon="13.811908">
        <ele>1752.02</ele>
      </trkpt>
      <trkpt lat="46.37788" lon="13.811928">
        <ele>1753.47</ele>
      </trkpt>
      <trkpt lat="46.377855" lon="13.811925">
        <ele>1755.86</ele>
      </trkpt>
      <trkpt lat="46.377756" lon="13.811876">
        <ele>1761.49</ele>
      </trkpt>
      <trkpt lat="46.377663" lon="13.811917">
        <ele>1766.35</ele>
      </trkpt>
      <trkpt lat="46.377587" lon="13.811886">
        <ele>1766.88</ele>
      </trkpt>
      <trkpt lat="46.377531" lon="13.811898">
        <ele>1768.26</ele>
      </trkpt>
      <trkpt lat="46.377516" lon="13.811922">
        <ele>1769.49</ele>
      </trkpt>
      <trkpt lat="46.377516" lon="13.811968">
        <ele>1771.34</ele>
      </trkpt>
      <trkpt lat="46.377543" lon="13.812">
        <ele>1772.23</ele>
      </trkpt>
      <trkpt lat="46.377679" lon="13.812108">
        <ele>1774</ele>
      </trkpt>
      <trkpt lat="46.377721" lon="13.812163">
        <ele>1774.98</ele>
      </trkpt>
      <trkpt lat="46.377722" lon="13.81218">
        <ele>1775.67</ele>
      </trkpt>
      <trkpt lat="46.377715" lon="13.812186">
        <ele>1776.25</ele>
      </trkpt>
      <trkpt lat="46.377553" lon="13.812161">
        <ele>1779.88</ele>
      </trkpt>
      <trkpt lat="46.37738" lon="13.812153">
        <ele>1782.6</ele>
      </trkpt>
      <trkpt lat="46.377325" lon="13.812188">
        <ele>1784.78</ele>
      </trkpt>
      <trkpt lat="46.377253" lon="13.812217">
        <ele>1788.94</ele>
      </trkpt>
      <trkpt lat="46.377186" lon="13.812256">
        <ele>1790.78</ele>
      </trkpt>
      <trkpt lat="46.377046" lon="13.812287">
        <ele>1789.21</ele>
      </trkpt>
      <trkpt lat="46.376999" lon="13.812338">
        <ele>1792.13</ele>
      </trkpt>
      <trkpt lat="46.376977" lon="13.812379">
        <ele>1794.99</ele>
      </trkpt>
      <trkpt lat="46.37688" lon="13.812432">
        <ele>1798.22</ele>
      </trkpt>
      <trkpt lat="46.376732" lon="13.812494">
        <ele>1802.52</ele>
      </trkpt>
      <trkpt lat="46.376582" lon="13.812463">
        <ele>1812.11</ele>
      </trkpt>
      <trkpt lat="46.376556" lon="13.812434">
        <ele>1814.03</ele>
      </trkpt>
      <trkpt lat="46.376528" lon="13.812331">
        <ele>1813.54</ele>
      </trkpt>
      <trkpt lat="46.37648" lon="13.812194">
        <ele>1811.85</ele>
      </trkpt>
      <trkpt lat="46.376327" lon="13.812054">
        <ele>1817.42</ele>
      </trkpt>
      <trkpt lat="46.37627" lon="13.811998">
        <ele>1816.3</ele>
      </trkpt>
      <trkpt lat="46.376203" lon="13.811909">
        <ele>1814.27</ele>
      </trkpt>
      <trkpt lat="46.376123" lon="13.811859">
        <ele>1813.21</ele>
      </trkpt>
      <trkpt lat="46.376053" lon="13.811836">
        <ele>1812.12</ele>
      </trkpt>
      <trkpt lat="46.375929" lon="13.811835">
        <ele>1808.16</ele>
      </trkpt>
      <trkpt lat="46.375906" lon="13.811849">
        <ele>1807.17</ele>
      </trkpt>
      <trkpt lat="46.375858" lon="13.811906">
        <ele>1807.28</ele>
      </trkpt>
      <trkpt lat="46.375792" lon="13.811964">
        <ele>1805.57</ele>
      </trkpt>
      <trkpt lat="46.375741" lon="13.81203">
        <ele>1805.37</ele>
      </trkpt>
      <trkpt lat="46.375713" lon="13.812106">
        <ele>1807.55</ele>
      </trkpt>
      <trkpt lat="46.375691" lon="13.812177">
        <ele>1811.51</ele>
      </trkpt>
      <trkpt lat="46.375601" lon="13.812316">
        <ele>1817.36</ele>
      </trkpt>
      <trkpt lat="46.375568" lon="13.812354">
        <ele>1819.97</ele>
      </trkpt>
      <trkpt lat="46.375403" lon="13.812404">
        <ele>1825.27</ele>
      </trkpt>
      <trkpt lat="46.3753" lon="13.812396">
        <ele>1826.62</ele>
      </trkpt>
      <trkpt lat="46.375131" lon="13.812284">
        <ele>1823.6</ele>
      </trkpt>
      <trkpt lat="46.375079" lon="13.812279">
        <ele>1822.64</ele>
      </trkpt>
      <trkpt lat="46.374958" lon="13.812402">
        <ele>1824.56</ele>
      </trkpt>
      <trkpt lat="46.374902" lon="13.812475">
        <ele>1826.22</ele>
      </trkpt>
      <trkpt lat="46.374873" lon="13.812528">
        <ele>1828.4</ele>
      </trkpt>
      <trkpt lat="46.374748" lon="13.812622">
        <ele>1832.9</ele>
      </trkpt>
      <trkpt lat="46.374743" lon="13.812639">
        <ele>1833.86</ele>
      </trkpt>
      <trkpt lat="46.374765" lon="13.812658">
        <ele>1836.32</ele>
      </trkpt>
      <trkpt lat="46.374787" lon="13.812668">
        <ele>1837.24</ele>
      </trkpt>
      <trkpt lat="46.374836" lon="13.812665">
        <ele>1837.48</ele>
      </trkpt>
      <trkpt lat="46.374889" lon="13.812642">
        <ele>1836.27</ele>
      </trkpt>
      <trkpt lat="46.374977" lon="13.812582">
        <ele>1834.9</ele>
      </trkpt>
      <trkpt lat="46.375031" lon="13.81259">
        <ele>1838</ele>
      </trkpt>
      <trkpt lat="46.375026" lon="13.812618">
        <ele>1839.47</ele>
      </trkpt>
      <trkpt lat="46.374989" lon="13.812648">
        <ele>1839.55</ele>
      </trkpt>
      <trkpt lat="46.374908" lon="13.812755">
        <ele>1845.08</ele>
      </trkpt>
      <trkpt lat="46.374855" lon="13.812797">
        <ele>1847.61</ele>
      </trkpt>
      <trkpt lat="46.374731" lon="13.812787">
        <ele>1844.69</ele>
      </trkpt>
      <trkpt lat="46.374664" lon="13.812859">
        <ele>1848.02</ele>
      </trkpt>
      <trkpt lat="46.374585" lon="13.812877">
        <ele>1844.61</ele>
      </trkpt>
      <trkpt lat="46.374498" lon="13.812948">
        <ele>1845.59</ele>
      </trkpt>
      <trkpt lat="46.374399" lon="13.813051">
        <ele>1848.79</ele>
      </trkpt>
      <trkpt lat="46.37426" lon="13.813131">
        <ele>1846.4</ele>
      </trkpt>
      <trkpt lat="46.3742" lon="13.813201">
        <ele>1845.4</ele>
      </trkpt>
      <trkpt lat="46.37407" lon="13.813449">
        <ele>1844.52</ele>
      </trkpt>
      <trkpt lat="46.373979" lon="13.813585">
        <ele>1842.85</ele>
      </trkpt>
      <trkpt lat="46.373878" lon="13.813752">
        <ele>1845.33</ele>
      </trkpt>
      <trkpt lat="46.373777" lon="13.81388">
        <ele>1847.42</ele>
      </trkpt>
      <trkpt lat="46.373659" lon="13.813933">
        <ele>1845.57</ele>
      </trkpt>
      <trkpt lat="46.373582" lon="13.814007">
        <ele>1843.27</ele>
      </trkpt>
      <trkpt lat="46.373493" lon="13.814166">
        <ele>1844.45</ele>
      </trkpt>
      <trkpt lat="46.373432" lon="13.814243">
        <ele>1844.8</ele>
      </trkpt>
      <trkpt lat="46.373219" lon="13.814433">
        <ele>1842.34</ele>
      </trkpt>
      <trkpt lat="46.373144" lon="13.814508">
        <ele>1842.73</ele>
      </trkpt>
      <trkpt lat="46.373076" lon="13.814585">
        <ele>1842.82</ele>
      </trkpt>
      <trkpt lat="46.373016" lon="13.814689">
        <ele>1846.38</ele>
      </trkpt>
      <trkpt lat="46.372962" lon="13.8147">
        <ele>1845.24</ele>
      </trkpt>
      <trkpt lat="46.372862" lon="13.814772">
        <ele>1846.63</ele>
      </trkpt>
      <trkpt lat="46.372792" lon="13.814855">
        <ele>1851.12</ele>
      </trkpt>
      <trkpt lat="46.372739" lon="13.814869">
        <ele>1850.3</ele>
      </trkpt>
      <trkpt lat="46.372689" lon="13.814903">
        <ele>1852.22</ele>
      </trkpt>
      <trkpt lat="46.37256" lon="13.814963">
        <ele>1852.12</ele>
      </trkpt>
      <trkpt lat="46.372317" lon="13.815094">
        <ele>1854.36</ele>
      </trkpt>
      <trkpt lat="46.372059" lon="13.815188">
        <ele>1852.9</ele>
      </trkpt>
      <trkpt lat="46.371911" lon="13.815238">
        <ele>1855.27</ele>
      </trkpt>
      <trkpt lat="46.371822" lon="13.815259">
        <ele>1853.65</ele>
      </trkpt>
      <trkpt lat="46.371757" lon="13.815288">
        <ele>1855.13</ele>
      </trkpt>
      <trkpt lat="46.37168" lon="13.815294">
        <ele>1853.95</ele>
      </trkpt>
      <trkpt lat="46.371586" lon="13.815376">
        <ele>1860.28</ele>
      </trkpt>
      <trkpt lat="46.371456" lon="13.815451">
        <ele>1856.86</ele>
      </trkpt>
      <trkpt lat="46.371413" lon="13.815523">
        <ele>1858.42</ele>
      </trkpt>
      <trkpt lat="46.371401" lon="13.815588">
        <ele>1864.04</ele>
      </trkpt>
      <trkpt lat="46.371338" lon="13.815666">
        <ele>1864.48</ele>
      </trkpt>
      <trkpt lat="46.371255" lon="13.815758">
        <ele>1868.86</ele>
      </trkpt>
      <trkpt lat="46.371065" lon="13.815872">
        <ele>1867.22</ele>
      </trkpt>
      <trkpt lat="46.370952" lon="13.815982">
        <ele>1868.74</ele>
      </trkpt>
      <trkpt lat="46.370885" lon="13.816067">
        <ele>1878.66</ele>
      </trkpt>
      <trkpt lat="46.370842" lon="13.816119">
        <ele>1892.19</ele>
      </trkpt>
      <trkpt lat="46.370807" lon="13.81613">
        <ele>1897.23</ele>
      </trkpt>
      <trkpt lat="46.370744" lon="13.816069">
        <ele>1889.4</ele>
      </trkpt>
      <trkpt lat="46.370576" lon="13.815947">
        <ele>1887.75</ele>
      </trkpt>
      <trkpt lat="46.370468" lon="13.81593">
        <ele>1892.71</ele>
      </trkpt>
      <trkpt lat="46.370422" lon="13.815881">
        <ele>1886.81</ele>
      </trkpt>
      <trkpt lat="46.370311" lon="13.815796">
        <ele>1884.22</ele>
      </trkpt>
      <trkpt lat="46.370234" lon="13.815802">
        <ele>1885.09</ele>
      </trkpt>
      <trkpt lat="46.370088" lon="13.815967">
        <ele>1890.58</ele>
      </trkpt>
      <trkpt lat="46.370048" lon="13.816061">
        <ele>1894.25</ele>
      </trkpt>
      <trkpt lat="46.369964" lon="13.816136">
        <ele>1896.2</ele>
      </trkpt>
      <trkpt lat="46.369845" lon="13.816232">
        <ele>1898.75</ele>
      </trkpt>
      <trkpt lat="46.369772" lon="13.816266">
        <ele>1899.03</ele>
      </trkpt>
      <trkpt lat="46.369737" lon="13.816261">
        <ele>1897.25</ele>
      </trkpt>
      <trkpt lat="46.369642" lon="13.816346">
        <ele>1898.01</ele>
      </trkpt>
      <trkpt lat="46.369587" lon="13.816423">
        <ele>1900.53</ele>
      </trkpt>
      <trkpt lat="46.369582" lon="13.816466">
        <ele>1902.85</ele>
      </trkpt>
      <trkpt lat="46.369547" lon="13.816519">
        <ele>1904.74</ele>
      </trkpt>
      <trkpt lat="46.369492" lon="13.816568">
        <ele>1908.5</ele>
      </trkpt>
      <trkpt lat="46.369386" lon="13.816581">
        <ele>1911.18</ele>
      </trkpt>
      <trkpt lat="46.369285" lon="13.8166">
        <ele>1915.6</ele>
      </trkpt>
      <trkpt lat="46.369215" lon="13.816585">
        <ele>1917.9</ele>
      </trkpt>
      <trkpt lat="46.369186" lon="13.816561">
        <ele>1916.76</ele>
      </trkpt>
      <trkpt lat="46.369179" lon="13.816564">
        <ele>1917.6</ele>
      </trkpt>
      <trkpt lat="46.369172" lon="13.816588">
        <ele>1920.68</ele>
      </trkpt>
      <trkpt lat="46.369181" lon="13.816611">
        <ele>1922.6</ele>
      </trkpt>
      <trkpt lat="46.369237" lon="13.816657">
        <ele>1924.25</ele>
      </trkpt>
      <trkpt lat="46.369276" lon="13.816666">
        <ele>1922.74</ele>
      </trkpt>
      <trkpt lat="46.369328" lon="13.816656">
        <ele>1919.21</ele>
      </trkpt>
      <trkpt lat="46.369373" lon="13.816677">
        <ele>1919.29</ele>
      </trkpt>
      <trkpt lat="46.369434" lon="13.816727">
        <ele>1920.43</ele>
      </trkpt>
      <trkpt lat="46.369497" lon="13.816745">
        <ele>1920.45</ele>
      </trkpt>
      <trkpt lat="46.369682" lon="13.816765">
        <ele>1921.63</ele>
      </trkpt>
      <trkpt lat="46.369734" lon="13.816755">
        <ele>1921.95</ele>
      </trkpt>
      <trkpt lat="46.369743" lon="13.816765">
        <ele>1922.48</ele>
      </trkpt>
      <trkpt lat="46.369735" lon="13.816787">
        <ele>1923.32</ele>
      </trkpt>
      <trkpt lat="46.369699" lon="13.816818">
        <ele>1924.22</ele>
      </trkpt>
      <trkpt lat="46.369595" lon="13.816883">
        <ele>1927.31</ele>
      </trkpt>
      <trkpt lat="46.369488" lon="13.816943">
        <ele>1932.39</ele>
      </trkpt>
      <trkpt lat="46.369346" lon="13.816958">
        <ele>1937.57</ele>
      </trkpt>
      <trkpt lat="46.369289" lon="13.816887">
        <ele>1936.8</ele>
      </trkpt>
      <trkpt lat="46.369229" lon="13.816851">
        <ele>1938.38</ele>
      </trkpt>
      <trkpt lat="46.369083" lon="13.816738">
        <ele>1939.75</ele>
      </trkpt>
      <trkpt lat="46.369044" lon="13.816739">
        <ele>1941.16</ele>
      </trkpt>
      <trkpt lat="46.368993" lon="13.816766">
        <ele>1944.17</ele>
      </trkpt>
      <trkpt lat="46.36886" lon="13.81673">
        <ele>1945.92</ele>
      </trkpt>
      <trkpt lat="46.368725" lon="13.816628">
        <ele>1946.73</ele>
      </trkpt>
      <trkpt lat="46.368624" lon="13.816529">
        <ele>1947.12</ele>
      </trkpt>
      <trkpt lat="46.36845" lon="13.816429">
        <ele>1951.85</ele>
      </trkpt>
      <trkpt lat="46.368406" lon="13.816364">
        <ele>1952.71</ele>
      </trkpt>
      <trkpt lat="46.368399" lon="13.816339">
        <ele>1952.6</ele>
      </trkpt>
      <trkpt lat="46.368398" lon="13.816237">
        <ele>1950.28</ele>
      </trkpt>
      <trkpt lat="46.368388" lon="13.816242">
        <ele>1951</ele>
      </trkpt>
      <trkpt lat="46.368382" lon="13.816261">
        <ele>1951.77</ele>
      </trkpt>
      <trkpt lat="46.368381" lon="13.816403">
        <ele>1955.53</ele>
      </trkpt>
      <trkpt lat="46.368401" lon="13.816477">
        <ele>1956.75</ele>
      </trkpt>
      <trkpt lat="46.368481" lon="13.81664">
        <ele>1958.22</ele>
      </trkpt>
      <trkpt lat="46.368488" lon="13.816659">
        <ele>1959</ele>
      </trkpt>
      <trkpt lat="46.368483" lon="13.81667">
        <ele>1959.84</ele>
      </trkpt>
      <trkpt lat="46.368471" lon="13.81667">
        <ele>1960.46</ele>
      </trkpt>
      <trkpt lat="46.36828" lon="13.816504">
        <ele>1966.58</ele>
      </trkpt>
      <trkpt lat="46.368151" lon="13.816434">
        <ele>1969.18</ele>
      </trkpt>
      <trkpt lat="46.368108" lon="13.816432">
        <ele>1971.26</ele>
      </trkpt>
      <trkpt lat="46.368096" lon="13.816444">
        <ele>1973.28</ele>
      </trkpt>
      <trkpt lat="46.368097" lon="13.816463">
        <ele>1975.69</ele>
      </trkpt>
      <trkpt lat="46.368166" lon="13.816506">
        <ele>1976.31</ele>
      </trkpt>
      <trkpt lat="46.368244" lon="13.816604">
        <ele>1977</ele>
      </trkpt>
      <trkpt lat="46.368319" lon="13.816679">
        <ele>1974.21</ele>
      </trkpt>
      <trkpt lat="46.368324" lon="13.816746">
        <ele>1976.81</ele>
      </trkpt>
      <trkpt lat="46.368338" lon="13.816798">
        <ele>1977.05</ele>
      </trkpt>
      <trkpt lat="46.368407" lon="13.816851">
        <ele>1974.54</ele>
      </trkpt>
      <trkpt lat="46.368425" lon="13.816878">
        <ele>1974.87</ele>
      </trkpt>
      <trkpt lat="46.368454" lon="13.817028">
        <ele>1979.87</ele>
      </trkpt>
      <trkpt lat="46.368533" lon="13.817144">
        <ele>1981.59</ele>
      </trkpt>
      <trkpt lat="46.36869" lon="13.817261">
        <ele>1983.87</ele>
      </trkpt>
      <trkpt lat="46.368792" lon="13.817442">
        <ele>1988.68</ele>
      </trkpt>
      <trkpt lat="46.36885" lon="13.81757">
        <ele>1994.44</ele>
      </trkpt>
      <trkpt lat="46.368849" lon="13.817581">
        <ele>1995.52</ele>
      </trkpt>
      <trkpt lat="46.368837" lon="13.817585">
        <ele>1996.19</ele>
      </trkpt>
      <trkpt lat="46.368812" lon="13.817574">
        <ele>1995.47</ele>
      </trkpt>
      <trkpt lat="46.368653" lon="13.817477">
        <ele>1995.93</ele>
      </trkpt>
      <trkpt lat="46.368565" lon="13.817456">
        <ele>1997.69</ele>
      </trkpt>
      <trkpt lat="46.368479" lon="13.817452">
        <ele>1999.65</ele>
      </trkpt>
      <trkpt lat="46.368377" lon="13.817476">
        <ele>2004.07</ele>
      </trkpt>
      <trkpt lat="46.368333" lon="13.817451">
        <ele>2004</ele>
      </trkpt>
      <trkpt lat="46.368285" lon="13.817402">
        <ele>2003.28</ele>
      </trkpt>
      <trkpt lat="46.368233" lon="13.817372">
        <ele>2003.96</ele>
      </trkpt>
      <trkpt lat="46.368102" lon="13.817368">
        <ele>2008.75</ele>
      </trkpt>
      <trkpt lat="46.368075" lon="13.817356">
        <ele>2010.81</ele>
      </trkpt>
      <trkpt lat="46.368074" lon="13.817382">
        <ele>2011.02</ele>
      </trkpt>
      <trkpt lat="46.368087" lon="13.817426">
        <ele>2010.72</ele>
      </trkpt>
      <trkpt lat="46.368114" lon="13.817487">
        <ele>2010.52</ele>
      </trkpt>
      <trkpt lat="46.368133" lon="13.817585">
        <ele>2012.85</ele>
      </trkpt>
      <trkpt lat="46.368146" lon="13.817708">
        <ele>2016.47</ele>
      </trkpt>
      <trkpt lat="46.36814" lon="13.817734">
        <ele>2017.36</ele>
      </trkpt>
      <trkpt lat="46.368131" lon="13.817739">
        <ele>2017.61</ele>
      </trkpt>
      <trkpt lat="46.368092" lon="13.81772">
        <ele>2017.97</ele>
      </trkpt>
      <trkpt lat="46.368057" lon="13.817686">
        <ele>2018.03</ele>
      </trkpt>
      <trkpt lat="46.368031" lon="13.81768">
        <ele>2018.62</ele>
      </trkpt>
      <trkpt lat="46.36797" lon="13.817699">
        <ele>2021.31</ele>
      </trkpt>
      <trkpt lat="46.367959" lon="13.81773">
        <ele>2022.71</ele>
      </trkpt>
      <trkpt lat="46.367994" lon="13.817795">
        <ele>2024.34</ele>
      </trkpt>
      <trkpt lat="46.367988" lon="13.817814">
        <ele>2025.38</ele>
      </trkpt>
      <trkpt lat="46.367979" lon="13.817817">
        <ele>2025.85</ele>
      </trkpt>
      <trkpt lat="46.367873" lon="13.817776">
        <ele>2027.23</ele>
      </trkpt>
      <trkpt lat="46.367843" lon="13.817752">
        <ele>2025.58</ele>
      </trkpt>
      <trkpt lat="46.367826" lon="13.817719">
        <ele>2024.49</ele>
      </trkpt>
      <trkpt lat="46.367814" lon="13.817723">
        <ele>2024.43</ele>
      </trkpt>
      <trkpt lat="46.367783" lon="13.817776">
        <ele>2025.68</ele>
      </trkpt>
      <trkpt lat="46.367757" lon="13.817861">
        <ele>2029.14</ele>
      </trkpt>
      <trkpt lat="46.367676" lon="13.81796">
        <ele>2029.41</ele>
      </trkpt>
      <trkpt lat="46.367653" lon="13.818008">
        <ele>2029.9</ele>
      </trkpt>
      <trkpt lat="46.367634" lon="13.818067">
        <ele>2031.02</ele>
      </trkpt>
      <trkpt lat="46.367651" lon="13.818277">
        <ele>2032.86</ele>
      </trkpt>
      <trkpt lat="46.367646" lon="13.8184">
        <ele>2036.99</ele>
      </trkpt>
      <trkpt lat="46.367601" lon="13.818541">
        <ele>2044.13</ele>
      </trkpt>
      <trkpt lat="46.367521" lon="13.818609">
        <ele>2041.06</ele>
      </trkpt>
      <trkpt lat="46.367417" lon="13.818714">
        <ele>2044.52</ele>
      </trkpt>
      <trkpt lat="46.367336" lon="13.818791">
        <ele>2045.05</ele>
      </trkpt>
      <trkpt lat="46.367215" lon="13.818887">
        <ele>2048.66</ele>
      </trkpt>
      <trkpt lat="46.367162" lon="13.818886">
        <ele>2047.16</ele>
      </trkpt>
      <trkpt lat="46.367041" lon="13.818957">
        <ele>2049.35</ele>
      </trkpt>
      <trkpt lat="46.367038" lon="13.818979">
        <ele>2050.69</ele>
      </trkpt>
      <trkpt lat="46.367108" lon="13.818992">
        <ele>2052.94</ele>
      </trkpt>
      <trkpt lat="46.367163" lon="13.818986">
        <ele>2053.71</ele>
      </trkpt>
      <trkpt lat="46.367188" lon="13.818996">
        <ele>2055.53</ele>
      </trkpt>
      <trkpt lat="46.367097" lon="13.81903">
        <ele>2055.39</ele>
      </trkpt>
      <trkpt lat="46.367066" lon="13.819051">
        <ele>2055.87</ele>
      </trkpt>
      <trkpt lat="46.367077" lon="13.819066">
        <ele>2057.27</ele>
      </trkpt>
      <trkpt lat="46.367192" lon="13.819053">
        <ele>2060.45</ele>
      </trkpt>
      <trkpt lat="46.367277" lon="13.819032">
        <ele>2062.56</ele>
      </trkpt>
      <trkpt lat="46.367398" lon="13.818985">
        <ele>2064.21</ele>
      </trkpt>
      <trkpt lat="46.367433" lon="13.818921">
        <ele>2061.81</ele>
      </trkpt>
      <trkpt lat="46.36748" lon="13.818874">
        <ele>2062.42</ele>
      </trkpt>
      <trkpt lat="46.367539" lon="13.818854">
        <ele>2066.22</ele>
      </trkpt>
      <trkpt lat="46.367745" lon="13.81874">
        <ele>2071.93</ele>
      </trkpt>
      <trkpt lat="46.367785" lon="13.818697">
        <ele>2071.88</ele>
      </trkpt>
      <trkpt lat="46.367939" lon="13.818643">
        <ele>2079.88</ele>
      </trkpt>
      <trkpt lat="46.367897" lon="13.818705">
        <ele>2081.74</ele>
      </trkpt>
      <trkpt lat="46.367817" lon="13.818734">
        <ele>2077.57</ele>
      </trkpt>
      <trkpt lat="46.36776" lon="13.818824">
        <ele>2077.75</ele>
      </trkpt>
      <trkpt lat="46.367731" lon="13.818945">
        <ele>2081.68</ele>
      </trkpt>
      <trkpt lat="46.367599" lon="13.819187">
        <ele>2085.39</ele>
      </trkpt>
      <trkpt lat="46.367554" lon="13.819295">
        <ele>2088.01</ele>
      </trkpt>
      <trkpt lat="46.367488" lon="13.819408">
        <ele>2092.39</ele>
      </trkpt>
      <trkpt lat="46.367421" lon="13.819482">
        <ele>2095.17</ele>
      </trkpt>
      <trkpt lat="46.367285" lon="13.81952">
        <ele>2096</ele>
      </trkpt>
      <trkpt lat="46.367227" lon="13.819597">
        <ele>2099.12</ele>
      </trkpt>
      <trkpt lat="46.367217" lon="13.819625">
        <ele>2100.81</ele>
      </trkpt>
      <trkpt lat="46.367221" lon="13.819637">
        <ele>2101.75</ele>
      </trkpt>
      <trkpt lat="46.367315" lon="13.819667">
        <ele>2105.65</ele>
      </trkpt>
      <trkpt lat="46.367336" lon="13.81969">
        <ele>2108.1</ele>
      </trkpt>
      <trkpt lat="46.367222" lon="13.819724">
        <ele>2108.54</ele>
      </trkpt>
      <trkpt lat="46.367103" lon="13.819786">
        <ele>2109.93</ele>
      </trkpt>
      <trkpt lat="46.367011" lon="13.819894">
        <ele>2112.41</ele>
      </trkpt>
      <trkpt lat="46.366857" lon="13.820018">
        <ele>2113.52</ele>
      </trkpt>
      <trkpt lat="46.366741" lon="13.820115">
        <ele>2120.31</ele>
      </trkpt>
      <trkpt lat="46.366694" lon="13.82014">
        <ele>2124.26</ele>
      </trkpt>
      <trkpt lat="46.366609" lon="13.820122">
        <ele>2128.98</ele>
      </trkpt>
      <trkpt lat="46.366456" lon="13.820112">
        <ele>2135.5</ele>
      </trkpt>
      <trkpt lat="46.366408" lon="13.820113">
        <ele>2134.45</ele>
      </trkpt>
      <trkpt lat="46.366358" lon="13.820085">
        <ele>2129.38</ele>
      </trkpt>
      <trkpt lat="46.366289" lon="13.8201">
        <ele>2128.7</ele>
      </trkpt>
      <trkpt lat="46.36622" lon="13.820175">
        <ele>2134.33</ele>
      </trkpt>
      <trkpt lat="46.366112" lon="13.820168">
        <ele>2136.39</ele>
      </trkpt>
      <trkpt lat="46.366046" lon="13.820166">
        <ele>2140.3</ele>
      </trkpt>
      <trkpt lat="46.365966" lon="13.820102">
        <ele>2138.75</ele>
      </trkpt>
      <trkpt lat="46.365924" lon="13.820081">
        <ele>2138.69</ele>
      </trkpt>
      <trkpt lat="46.365856" lon="13.820116">
        <ele>2145.61</ele>
      </trkpt>
      <trkpt lat="46.365788" lon="13.820097">
        <ele>2147.87</ele>
      </trkpt>
      <trkpt lat="46.365741" lon="13.820054">
        <ele>2146.7</ele>
      </trkpt>
      <trkpt lat="46.365707" lon="13.820001">
        <ele>2145.2</ele>
      </trkpt>
      <trkpt lat="46.365624" lon="13.819831">
        <ele>2143.01</ele>
      </trkpt>
      <trkpt lat="46.365568" lon="13.819757">
        <ele>2144.17</ele>
      </trkpt>
      <trkpt lat="46.365545" lon="13.819652">
        <ele>2141.8</ele>
      </trkpt>
      <trkpt lat="46.365508" lon="13.819552">
        <ele>2140.3</ele>
      </trkpt>
      <trkpt lat="46.365466" lon="13.819472">
        <ele>2139.51</ele>
      </trkpt>
      <trkpt lat="46.365342" lon="13.819315">
        <ele>2141.09</ele>
      </trkpt>
      <trkpt lat="46.365315" lon="13.819297">
        <ele>2141.44</ele>
      </trkpt>
      <trkpt lat="46.365226" lon="13.81935">
        <ele>2145.43</ele>
      </trkpt>
      <trkpt lat="46.365139" lon="13.819417">
        <ele>2148.35</ele>
      </trkpt>
      <trkpt lat="46.365083" lon="13.819612">
        <ele>2151.97</ele>
      </trkpt>
      <trkpt lat="46.36498" lon="13.819701">
        <ele>2151.76</ele>
      </trkpt>
      <trkpt lat="46.364825" lon="13.819923">
        <ele>2153.71</ele>
      </trkpt>
      <trkpt lat="46.364785" lon="13.819973">
        <ele>2153.08</ele>
      </trkpt>
      <trkpt lat="46.364741" lon="13.820049">
        <ele>2153.82</ele>
      </trkpt>
      <trkpt lat="46.364645" lon="13.820144">
        <ele>2151.34</ele>
      </trkpt>
      <trkpt lat="46.364367" lon="13.820453">
        <ele>2153.78</ele>
      </trkpt>
      <trkpt lat="46.364225" lon="13.820521">
        <ele>2155.98</ele>
      </trkpt>
      <trkpt lat="46.364091" lon="13.820519">
        <ele>2153.86</ele>
      </trkpt>
      <trkpt lat="46.364005" lon="13.820555">
        <ele>2152.58</ele>
      </trkpt>
      <trkpt lat="46.363873" lon="13.820664">
        <ele>2153.54</ele>
      </trkpt>
      <trkpt lat="46.363727" lon="13.820712">
        <ele>2155.83</ele>
      </trkpt>
      <trkpt lat="46.363579" lon="13.820735">
        <ele>2157.69</ele>
      </trkpt>
      <trkpt lat="46.363449" lon="13.820813">
        <ele>2158.99</ele>
      </trkpt>
      <trkpt lat="46.363328" lon="13.820846">
        <ele>2158.73</ele>
      </trkpt>
      <trkpt lat="46.363206" lon="13.82094">
        <ele>2161.45</ele>
      </trkpt>
      <trkpt lat="46.363074" lon="13.821066">
        <ele>2163.57</ele>
      </trkpt>
      <trkpt lat="46.362937" lon="13.821134">
        <ele>2164.45</ele>
      </trkpt>
      <trkpt lat="46.362846" lon="13.821232">
        <ele>2164.31</ele>
      </trkpt>
      <trkpt lat="46.362703" lon="13.821205">
        <ele>2163.94</ele>
      </trkpt>
      <trkpt lat="46.362548" lon="13.821276">
        <ele>2163.02</ele>
      </trkpt>
      <trkpt lat="46.362521" lon="13.821387">
        <ele>2162.13</ele>
      </trkpt>
      <trkpt lat="46.362214" lon="13.82156">
        <ele>2155.27</ele>
      </trkpt>
      <trkpt lat="46.362112" lon="13.821588">
        <ele>2152.1</ele>
      </trkpt>
      <trkpt lat="46.362061" lon="13.82165">
        <ele>2150.59</ele>
      </trkpt>
      <trkpt lat="46.36199" lon="13.82163">
        <ele>2147.48</ele>
      </trkpt>
      <trkpt lat="46.361929" lon="13.8216">
        <ele>2144.82</ele>
      </trkpt>
      <trkpt lat="46.361792" lon="13.821569">
        <ele>2140.14</ele>
      </trkpt>
      <trkpt lat="46.361701" lon="13.821633">
        <ele>2137.9</ele>
      </trkpt>
      <trkpt lat="46.361525" lon="13.821628">
        <ele>2135.53</ele>
      </trkpt>
      <trkpt lat="46.361433" lon="13.821573">
        <ele>2133.62</ele>
      </trkpt>
      <trkpt lat="46.361355" lon="13.821575">
        <ele>2131.84</ele>
      </trkpt>
      <trkpt lat="46.361256" lon="13.821548">
        <ele>2130.33</ele>
      </trkpt>
      <trkpt lat="46.360881" lon="13.821742">
        <ele>2124.82</ele>
      </trkpt>
      <trkpt lat="46.360799" lon="13.821749">
        <ele>2123.91</ele>
      </trkpt>
      <trkpt lat="46.360713" lon="13.821771">
        <ele>2123.22</ele>
      </trkpt>
      <trkpt lat="46.360624" lon="13.821813">
        <ele>2122.65</ele>
      </trkpt>
      <trkpt lat="46.360493" lon="13.821887">
        <ele>2121.22</ele>
      </trkpt>
      <trkpt lat="46.360373" lon="13.821967">
        <ele>2121.58</ele>
      </trkpt>
      <trkpt lat="46.3603" lon="13.82209">
        <ele>2121</ele>
      </trkpt>
      <trkpt lat="46.360232" lon="13.822251">
        <ele>2121.28</ele>
      </trkpt>
      <trkpt lat="46.360145" lon="13.8223">
        <ele>2121.66</ele>
      </trkpt>
      <trkpt lat="46.360074" lon="13.822399">
        <ele>2120.52</ele>
      </trkpt>
      <trkpt lat="46.359927" lon="13.822544">
        <ele>2119.35</ele>
      </trkpt>
      <trkpt lat="46.35985" lon="13.822581">
        <ele>2119.65</ele>
      </trkpt>
      <trkpt lat="46.359618" lon="13.822659">
        <ele>2120.51</ele>
      </trkpt>
      <trkpt lat="46.359474" lon="13.822868">
        <ele>2120.19</ele>
      </trkpt>
      <trkpt lat="46.359367" lon="13.823026">
        <ele>2117.17</ele>
      </trkpt>
      <trkpt lat="46.359291" lon="13.823173">
        <ele>2113.14</ele>
      </trkpt>
      <trkpt lat="46.359269" lon="13.823267">
        <ele>2111.55</ele>
      </trkpt>
      <trkpt lat="46.3592" lon="13.823364">
        <ele>2110.65</ele>
      </trkpt>
      <trkpt lat="46.359128" lon="13.823403">
        <ele>2107.57</ele>
      </trkpt>
      <trkpt lat="46.35906" lon="13.823479">
        <ele>2105.59</ele>
      </trkpt>
      <trkpt lat="46.358982" lon="13.823524">
        <ele>2104.48</ele>
      </trkpt>
      <trkpt lat="46.358877" lon="13.823449">
        <ele>2106.67</ele>
      </trkpt>
      <trkpt lat="46.358768" lon="13.823426">
        <ele>2108.54</ele>
      </trkpt>
      <trkpt lat="46.358635" lon="13.823434">
        <ele>2110.89</ele>
      </trkpt>
      <trkpt lat="46.35849" lon="13.823512">
        <ele>2109.63</ele>
      </trkpt>
      <trkpt lat="46.358392" lon="13.823573">
        <ele>2106.4</ele>
      </trkpt>
      <trkpt lat="46.358232" lon="13.823566">
        <ele>2100.6</ele>
      </trkpt>
      <trkpt lat="46.358245" lon="13.823699">
        <ele>2100.5</ele>
      </trkpt>
      <trkpt lat="46.358272" lon="13.823804">
        <ele>2101.29</ele>
      </trkpt>
      <trkpt lat="46.358297" lon="13.82394">
        <ele>2101.27</ele>
      </trkpt>
      <trkpt lat="46.358356" lon="13.823979">
        <ele>2100.73</ele>
      </trkpt>
      <trkpt lat="46.358433" lon="13.82405">
        <ele>2099.55</ele>
      </trkpt>
      <trkpt lat="46.35848" lon="13.82414">
        <ele>2098.49</ele>
      </trkpt>
      <trkpt lat="46.358478" lon="13.824243">
        <ele>2098.7</ele>
      </trkpt>
      <trkpt lat="46.358463" lon="13.824473">
        <ele>2101.89</ele>
      </trkpt>
      <trkpt lat="46.358488" lon="13.824596">
        <ele>2099.91</ele>
      </trkpt>
      <trkpt lat="46.358525" lon="13.824793">
        <ele>2092.65</ele>
      </trkpt>
      <trkpt lat="46.358475" lon="13.824901">
        <ele>2088.48</ele>
      </trkpt>
      <trkpt lat="46.358405" lon="13.825005">
        <ele>2083.37</ele>
      </trkpt>
      <trkpt lat="46.358333" lon="13.825039">
        <ele>2080.21</ele>
      </trkpt>
      <trkpt lat="46.358279" lon="13.825035">
        <ele>2078.82</ele>
      </trkpt>
      <trkpt lat="46.358174" lon="13.825205">
        <ele>2072.3</ele>
      </trkpt>
      <trkpt lat="46.358208" lon="13.825293">
        <ele>2070.11</ele>
      </trkpt>
      <trkpt lat="46.358219" lon="13.825423">
        <ele>2068.23</ele>
      </trkpt>
      <trkpt lat="46.358308" lon="13.825572">
        <ele>2067.31</ele>
      </trkpt>
      <trkpt lat="46.358404" lon="13.825681">
        <ele>2065.87</ele>
      </trkpt>
      <trkpt lat="46.358452" lon="13.825749">
        <ele>2066.25</ele>
      </trkpt>
      <trkpt lat="46.358503" lon="13.825863">
        <ele>2063.12</ele>
      </trkpt>
      <trkpt lat="46.358607" lon="13.825968">
        <ele>2061.83</ele>
      </trkpt>
      <trkpt lat="46.35874" lon="13.82605">
        <ele>2060.39</ele>
      </trkpt>
      <trkpt lat="46.35896" lon="13.826249">
        <ele>2051.07</ele>
      </trkpt>
      <trkpt lat="46.359157" lon="13.82648">
        <ele>2040.68</ele>
      </trkpt>
      <trkpt lat="46.359197" lon="13.826634">
        <ele>2034.24</ele>
      </trkpt>
      <trkpt lat="46.359264" lon="13.826832">
        <ele>2029.04</ele>
      </trkpt>
      <trkpt lat="46.359337" lon="13.827068">
        <ele>2020.05</ele>
      </trkpt>
      <trkpt lat="46.359464" lon="13.827208">
        <ele>2009.87</ele>
      </trkpt>
      <trkpt lat="46.359677" lon="13.82727">
        <ele>2004.6</ele>
      </trkpt>
      <trkpt lat="46.359749" lon="13.82736">
        <ele>2001.87</ele>
      </trkpt>
      <trkpt lat="46.359789" lon="13.827463">
        <ele>1999.6</ele>
      </trkpt>
      <trkpt lat="46.359783" lon="13.827612">
        <ele>1995.47</ele>
      </trkpt>
      <trkpt lat="46.359832" lon="13.827888">
        <ele>1988.52</ele>
      </trkpt>
      <trkpt lat="46.359859" lon="13.827941">
        <ele>1987.79</ele>
      </trkpt>
      <trkpt lat="46.359912" lon="13.828012">
        <ele>1987.02</ele>
      </trkpt>
      <trkpt lat="46.359999" lon="13.828062">
        <ele>1989.05</ele>
      </trkpt>
      <trkpt lat="46.360059" lon="13.828131">
        <ele>1989.56</ele>
      </trkpt>
      <trkpt lat="46.360104" lon="13.828302">
        <ele>1986.54</ele>
      </trkpt>
      <trkpt lat="46.360208" lon="13.828465">
        <ele>1990.36</ele>
      </trkpt>
      <trkpt lat="46.360302" lon="13.828726">
        <ele>1992.36</ele>
      </trkpt>
      <trkpt lat="46.360322" lon="13.828921">
        <ele>1993.61</ele>
      </trkpt>
      <trkpt lat="46.360322" lon="13.829076">
        <ele>1993.02</ele>
      </trkpt>
      <trkpt lat="46.360352" lon="13.82932">
        <ele>1991.41</ele>
      </trkpt>
      <trkpt lat="46.360381" lon="13.829399">
        <ele>1992.17</ele>
      </trkpt>
      <trkpt lat="46.360445" lon="13.829673">
        <ele>1990.42</ele>
      </trkpt>
      <trkpt lat="46.360507" lon="13.829792">
        <ele>1989.96</ele>
      </trkpt>
      <trkpt lat="46.360522" lon="13.829888">
        <ele>1988.92</ele>
      </trkpt>
      <trkpt lat="46.360539" lon="13.829942">
        <ele>1989.61</ele>
      </trkpt>
      <trkpt lat="46.360526" lon="13.829998">
        <ele>1986.93</ele>
      </trkpt>
      <trkpt lat="46.360557" lon="13.830224">
        <ele>1986.05</ele>
      </trkpt>
      <trkpt lat="46.360572" lon="13.830453">
        <ele>1979.3</ele>
      </trkpt>
      <trkpt lat="46.360719" lon="13.830752">
        <ele>1974.75</ele>
      </trkpt>
      <trkpt lat="46.360848" lon="13.831058">
        <ele>1964.24</ele>
      </trkpt>
      <trkpt lat="46.360845" lon="13.831298">
        <ele>1956.33</ele>
      </trkpt>
      <trkpt lat="46.36081" lon="13.831325">
        <ele>1953.94</ele>
      </trkpt>
      <trkpt lat="46.360769" lon="13.831326">
        <ele>1951.85</ele>
      </trkpt>
      <trkpt lat="46.360779" lon="13.831384">
        <ele>1951</ele>
      </trkpt>
      <trkpt lat="46.360734" lon="13.83138">
        <ele>1948.97</ele>
      </trkpt>
      <trkpt lat="46.36071" lon="13.831426">
        <ele>1946.86</ele>
      </trkpt>
      <trkpt lat="46.360661" lon="13.831394">
        <ele>1945.56</ele>
      </trkpt>
      <trkpt lat="46.360626" lon="13.83145">
        <ele>1942.7</ele>
      </trkpt>
      <trkpt lat="46.360612" lon="13.831535">
        <ele>1939.77</ele>
      </trkpt>
      <trkpt lat="46.36055" lon="13.831579">
        <ele>1935.6</ele>
      </trkpt>
      <trkpt lat="46.360554" lon="13.83167">
        <ele>1933.4</ele>
      </trkpt>
      <trkpt lat="46.360526" lon="13.831668">
        <ele>1932.47</ele>
      </trkpt>
      <trkpt lat="46.360535" lon="13.831738">
        <ele>1931.1</ele>
      </trkpt>
      <trkpt lat="46.360505" lon="13.831759">
        <ele>1929.57</ele>
      </trkpt>
      <trkpt lat="46.360493" lon="13.831803">
        <ele>1928.12</ele>
      </trkpt>
      <trkpt lat="46.360421" lon="13.8318">
        <ele>1925.61</ele>
      </trkpt>
      <trkpt lat="46.360386" lon="13.831878">
        <ele>1923.1</ele>
      </trkpt>
      <trkpt lat="46.360369" lon="13.831985">
        <ele>1921.43</ele>
      </trkpt>
      <trkpt lat="46.360329" lon="13.832009">
        <ele>1921.05</ele>
      </trkpt>
      <trkpt lat="46.360373" lon="13.832355">
        <ele>1916.42</ele>
      </trkpt>
      <trkpt lat="46.360496" lon="13.832609">
        <ele>1912.47</ele>
      </trkpt>
      <trkpt lat="46.360557" lon="13.832638">
        <ele>1913.25</ele>
      </trkpt>
      <trkpt lat="46.360617" lon="13.83274">
        <ele>1914.11</ele>
      </trkpt>
      <trkpt lat="46.360635" lon="13.832848">
        <ele>1914.06</ele>
      </trkpt>
      <trkpt lat="46.360789" lon="13.833153">
        <ele>1918.66</ele>
      </trkpt>
      <trkpt lat="46.360843" lon="13.833226">
        <ele>1920.54</ele>
      </trkpt>
      <trkpt lat="46.36085" lon="13.833303">
        <ele>1918.66</ele>
      </trkpt>
      <trkpt lat="46.360928" lon="13.833517">
        <ele>1919.09</ele>
      </trkpt>
      <trkpt lat="46.360993" lon="13.833608">
        <ele>1919.86</ele>
      </trkpt>
      <trkpt lat="46.361113" lon="13.833684">
        <ele>1922.1</ele>
      </trkpt>
      <trkpt lat="46.361127" lon="13.833802">
        <ele>1917.17</ele>
      </trkpt>
      <trkpt lat="46.361212" lon="13.833923">
        <ele>1915.98</ele>
      </trkpt>
      <trkpt lat="46.361243" lon="13.834006">
        <ele>1913.93</ele>
      </trkpt>
      <trkpt lat="46.361824" lon="13.834794">
        <ele>1901.44</ele>
      </trkpt>
      <trkpt lat="46.36186" lon="13.834984">
        <ele>1897.95</ele>
      </trkpt>
      <trkpt lat="46.361907" lon="13.835178">
        <ele>1896.05</ele>
      </trkpt>
      <trkpt lat="46.362139" lon="13.835541">
        <ele>1890.59</ele>
      </trkpt>
      <trkpt lat="46.362241" lon="13.83567">
        <ele>1888.79</ele>
      </trkpt>
      <trkpt lat="46.362306" lon="13.835769">
        <ele>1886.8</ele>
      </trkpt>
      <trkpt lat="46.362338" lon="13.835868">
        <ele>1884.59</ele>
      </trkpt>
      <trkpt lat="46.362422" lon="13.835923">
        <ele>1885.39</ele>
      </trkpt>
      <trkpt lat="46.362429" lon="13.835962">
        <ele>1884.03</ele>
      </trkpt>
      <trkpt lat="46.362402" lon="13.836003">
        <ele>1882.02</ele>
      </trkpt>
      <trkpt lat="46.362451" lon="13.836101">
        <ele>1881.07</ele>
      </trkpt>
      <trkpt lat="46.362464" lon="13.836201">
        <ele>1879.07</ele>
      </trkpt>
      <trkpt lat="46.362498" lon="13.83623">
        <ele>1879.47</ele>
      </trkpt>
      <trkpt lat="46.362479" lon="13.836263">
        <ele>1878.24</ele>
      </trkpt>
      <trkpt lat="46.362471" lon="13.836304">
        <ele>1877.12</ele>
      </trkpt>
      <trkpt lat="46.362484" lon="13.836431">
        <ele>1874.96</ele>
      </trkpt>
      <trkpt lat="46.36247" lon="13.836487">
        <ele>1873.46</ele>
      </trkpt>
      <trkpt lat="46.362491" lon="13.8366">
        <ele>1871.99</ele>
      </trkpt>
      <trkpt lat="46.36248" lon="13.836656">
        <ele>1870.73</ele>
      </trkpt>
      <trkpt lat="46.362479" lon="13.836748">
        <ele>1869.57</ele>
      </trkpt>
      <trkpt lat="46.362417" lon="13.836948">
        <ele>1866.12</ele>
      </trkpt>
      <trkpt lat="46.36238" lon="13.836991">
        <ele>1865.9</ele>
      </trkpt>
      <trkpt lat="46.362312" lon="13.83715">
        <ele>1863.68</ele>
      </trkpt>
      <trkpt lat="46.362289" lon="13.837315">
        <ele>1861.47</ele>
      </trkpt>
      <trkpt lat="46.362237" lon="13.837432">
        <ele>1859.36</ele>
      </trkpt>
      <trkpt lat="46.362186" lon="13.837496">
        <ele>1858.38</ele>
      </trkpt>
      <trkpt lat="46.362157" lon="13.83755">
        <ele>1858.27</ele>
      </trkpt>
      <trkpt lat="46.362049" lon="13.837791">
        <ele>1854.29</ele>
      </trkpt>
      <trkpt lat="46.362056" lon="13.837974">
        <ele>1851.91</ele>
      </trkpt>
      <trkpt lat="46.362074" lon="13.837992">
        <ele>1851.65</ele>
      </trkpt>
      <trkpt lat="46.362097" lon="13.838052">
        <ele>1850.95</ele>
      </trkpt>
      <trkpt lat="46.362203" lon="13.83811">
        <ele>1848.96</ele>
      </trkpt>
      <trkpt lat="46.362225" lon="13.838195">
        <ele>1846.11</ele>
      </trkpt>
      <trkpt lat="46.36221" lon="13.838322">
        <ele>1844.34</ele>
      </trkpt>
      <trkpt lat="46.36223" lon="13.838416">
        <ele>1842.45</ele>
      </trkpt>
      <trkpt lat="46.362263" lon="13.838763">
        <ele>1838.76</ele>
      </trkpt>
      <trkpt lat="46.362193" lon="13.838955">
        <ele>1838.13</ele>
      </trkpt>
      <trkpt lat="46.36221" lon="13.839096">
        <ele>1834.41</ele>
      </trkpt>
      <trkpt lat="46.362242" lon="13.839193">
        <ele>1833.31</ele>
      </trkpt>
      <trkpt lat="46.362238" lon="13.839286">
        <ele>1832.62</ele>
      </trkpt>
      <trkpt lat="46.362272" lon="13.839378">
        <ele>1830.97</ele>
      </trkpt>
      <trkpt lat="46.362287" lon="13.839538">
        <ele>1828.94</ele>
      </trkpt>
      <trkpt lat="46.362314" lon="13.839982">
        <ele>1826.97</ele>
      </trkpt>
      <trkpt lat="46.362277" lon="13.840033">
        <ele>1826.8</ele>
      </trkpt>
      <trkpt lat="46.362266" lon="13.840118">
        <ele>1826.62</ele>
      </trkpt>
      <trkpt lat="46.362281" lon="13.840181">
        <ele>1826.26</ele>
      </trkpt>
      <trkpt lat="46.362332" lon="13.8402">
        <ele>1826.2</ele>
      </trkpt>
      <trkpt lat="46.362371" lon="13.840283">
        <ele>1825.36</ele>
      </trkpt>
      <trkpt lat="46.362385" lon="13.840346">
        <ele>1824.4</ele>
      </trkpt>
      <trkpt lat="46.362408" lon="13.84039">
        <ele>1823.76</ele>
      </trkpt>
      <trkpt lat="46.362559" lon="13.840615">
        <ele>1819.3</ele>
      </trkpt>
      <trkpt lat="46.362556" lon="13.840697">
        <ele>1818.92</ele>
      </trkpt>
      <trkpt lat="46.362609" lon="13.840968">
        <ele>1814.2</ele>
      </trkpt>
      <trkpt lat="46.362546" lon="13.84111">
        <ele>1810.95</ele>
      </trkpt>
      <trkpt lat="46.362515" lon="13.841226">
        <ele>1807.88</ele>
      </trkpt>
      <trkpt lat="46.36251" lon="13.84128">
        <ele>1806.1</ele>
      </trkpt>
      <trkpt lat="46.362491" lon="13.841362">
        <ele>1804.01</ele>
      </trkpt>
      <trkpt lat="46.362479" lon="13.841544">
        <ele>1798.37</ele>
      </trkpt>
      <trkpt lat="46.362454" lon="13.841551">
        <ele>1798.45</ele>
      </trkpt>
      <trkpt lat="46.362429" lon="13.841587">
        <ele>1797.15</ele>
      </trkpt>
      <trkpt lat="46.362433" lon="13.841648">
        <ele>1794.42</ele>
      </trkpt>
      <trkpt lat="46.362402" lon="13.841666">
        <ele>1793.87</ele>
      </trkpt>
      <trkpt lat="46.362376" lon="13.841716">
        <ele>1792.57</ele>
      </trkpt>
      <trkpt lat="46.362343" lon="13.84174">
        <ele>1791.74</ele>
      </trkpt>
      <trkpt lat="46.362302" lon="13.841799">
        <ele>1789.18</ele>
      </trkpt>
      <trkpt lat="46.362216" lon="13.841849">
        <ele>1786.95</ele>
      </trkpt>
      <trkpt lat="46.361976" lon="13.842071">
        <ele>1783.17</ele>
      </trkpt>
      <trkpt lat="46.361846" lon="13.842152">
        <ele>1781.3</ele>
      </trkpt>
      <trkpt lat="46.361789" lon="13.842385">
        <ele>1779.2</ele>
      </trkpt>
      <trkpt lat="46.36166" lon="13.842616">
        <ele>1776.6</ele>
      </trkpt>
      <trkpt lat="46.361609" lon="13.84273">
        <ele>1775.84</ele>
      </trkpt>
      <trkpt lat="46.361474" lon="13.842848">
        <ele>1774.1</ele>
      </trkpt>
      <trkpt lat="46.361353" lon="13.84304">
        <ele>1771.97</ele>
      </trkpt>
      <trkpt lat="46.36125" lon="13.843098">
        <ele>1770.75</ele>
      </trkpt>
      <trkpt lat="46.361157" lon="13.843224">
        <ele>1769.36</ele>
      </trkpt>
      <trkpt lat="46.361079" lon="13.843391">
        <ele>1768.55</ele>
      </trkpt>
      <trkpt lat="46.361053" lon="13.843573">
        <ele>1766.85</ele>
      </trkpt>
      <trkpt lat="46.360872" lon="13.843917">
        <ele>1763.7</ele>
      </trkpt>
      <trkpt lat="46.360826" lon="13.844219">
        <ele>1759.95</ele>
      </trkpt>
      <trkpt lat="46.360679" lon="13.84452">
        <ele>1754.16</ele>
      </trkpt>
      <trkpt lat="46.360648" lon="13.844667">
        <ele>1751.03</ele>
      </trkpt>
      <trkpt lat="46.360566" lon="13.845058">
        <ele>1746.42</ele>
      </trkpt>
      <trkpt lat="46.360476" lon="13.845072">
        <ele>1745.54</ele>
      </trkpt>
      <trkpt lat="46.360395" lon="13.845155">
        <ele>1744.61</ele>
      </trkpt>
      <trkpt lat="46.360344" lon="13.845257">
        <ele>1744.03</ele>
      </trkpt>
      <trkpt lat="46.360289" lon="13.845291">
        <ele>1743.86</ele>
      </trkpt>
      <trkpt lat="46.360211" lon="13.84544">
        <ele>1742.39</ele>
      </trkpt>
      <trkpt lat="46.360179" lon="13.845536">
        <ele>1740.93</ele>
      </trkpt>
      <trkpt lat="46.360145" lon="13.84572">
        <ele>1738.68</ele>
      </trkpt>
      <trkpt lat="46.360091" lon="13.845914">
        <ele>1737.24</ele>
      </trkpt>
      <trkpt lat="46.360143" lon="13.846127">
        <ele>1735.83</ele>
      </trkpt>
      <trkpt lat="46.360155" lon="13.846302">
        <ele>1734.91</ele>
      </trkpt>
      <trkpt lat="46.360113" lon="13.84672">
        <ele>1732.55</ele>
      </trkpt>
      <trkpt lat="46.360108" lon="13.847179">
        <ele>1732.76</ele>
      </trkpt>
      <trkpt lat="46.360124" lon="13.847268">
        <ele>1734.03</ele>
      </trkpt>
      <trkpt lat="46.360138" lon="13.847469">
        <ele>1737.16</ele>
      </trkpt>
      <trkpt lat="46.360144" lon="13.847595">
        <ele>1737.35</ele>
      </trkpt>
      <trkpt lat="46.360217" lon="13.847858">
        <ele>1739.1</ele>
      </trkpt>
      <trkpt lat="46.360215" lon="13.84796">
        <ele>1738.72</ele>
      </trkpt>
      <trkpt lat="46.360236" lon="13.848083">
        <ele>1739.18</ele>
      </trkpt>
      <trkpt lat="46.360228" lon="13.848148">
        <ele>1738.43</ele>
      </trkpt>
      <trkpt lat="46.360241" lon="13.848199">
        <ele>1738.58</ele>
      </trkpt>
      <trkpt lat="46.360273" lon="13.84826">
        <ele>1739.33</ele>
      </trkpt>
      <trkpt lat="46.360353" lon="13.84837">
        <ele>1739.56</ele>
      </trkpt>
      <trkpt lat="46.360393" lon="13.848468">
        <ele>1739.84</ele>
      </trkpt>
      <trkpt lat="46.360428" lon="13.848491">
        <ele>1740.84</ele>
      </trkpt>
      <trkpt lat="46.360468" lon="13.848565">
        <ele>1742.23</ele>
      </trkpt>
      <trkpt lat="46.360545" lon="13.848839">
        <ele>1744.82</ele>
      </trkpt>
      <trkpt lat="46.36057" lon="13.848979">
        <ele>1745.68</ele>
      </trkpt>
      <trkpt lat="46.36059" lon="13.849049">
        <ele>1746.35</ele>
      </trkpt>
      <trkpt lat="46.360652" lon="13.849207">
        <ele>1746.62</ele>
      </trkpt>
      <trkpt lat="46.360694" lon="13.849376">
        <ele>1746.96</ele>
      </trkpt>
      <trkpt lat="46.360706" lon="13.849458">
        <ele>1747.24</ele>
      </trkpt>
      <trkpt lat="46.360767" lon="13.849661">
        <ele>1748.74</ele>
      </trkpt>
      <trkpt lat="46.360816" lon="13.849764">
        <ele>1749.04</ele>
      </trkpt>
      <trkpt lat="46.360909" lon="13.850045">
        <ele>1747.4</ele>
      </trkpt>
      <trkpt lat="46.360999" lon="13.850133">
        <ele>1748.27</ele>
      </trkpt>
      <trkpt lat="46.361005" lon="13.850189">
        <ele>1747.51</ele>
      </trkpt>
      <trkpt lat="46.361028" lon="13.850278">
        <ele>1747.12</ele>
      </trkpt>
      <trkpt lat="46.361054" lon="13.850313">
        <ele>1747.8</ele>
      </trkpt>
      <trkpt lat="46.361072" lon="13.850426">
        <ele>1747.23</ele>
      </trkpt>
      <trkpt lat="46.361058" lon="13.850485">
        <ele>1746.17</ele>
      </trkpt>
      <trkpt lat="46.361066" lon="13.850551">
        <ele>1745.97</ele>
      </trkpt>
      <trkpt lat="46.361088" lon="13.850629">
        <ele>1747.06</ele>
      </trkpt>
      <trkpt lat="46.361078" lon="13.850678">
        <ele>1747.25</ele>
      </trkpt>
      <trkpt lat="46.361031" lon="13.850734">
        <ele>1745.91</ele>
      </trkpt>
      <trkpt lat="46.360998" lon="13.850831">
        <ele>1745.14</ele>
      </trkpt>
      <trkpt lat="46.361004" lon="13.850958">
        <ele>1745.35</ele>
      </trkpt>
      <trkpt lat="46.361024" lon="13.851019">
        <ele>1746.11</ele>
      </trkpt>
      <trkpt lat="46.361121" lon="13.851144">
        <ele>1751.02</ele>
      </trkpt>
      <trkpt lat="46.361133" lon="13.851188">
        <ele>1751.06</ele>
      </trkpt>
      <trkpt lat="46.361143" lon="13.851313">
        <ele>1749.98</ele>
      </trkpt>
      <trkpt lat="46.361213" lon="13.851487">
        <ele>1752.33</ele>
      </trkpt>
      <trkpt lat="46.361186" lon="13.851706">
        <ele>1753.77</ele>
      </trkpt>
      <trkpt lat="46.361183" lon="13.851801">
        <ele>1755.06</ele>
      </trkpt>
      <trkpt lat="46.361213" lon="13.852114">
        <ele>1755.86</ele>
      </trkpt>
      <trkpt lat="46.361219" lon="13.852301">
        <ele>1757.9</ele>
      </trkpt>
      <trkpt lat="46.361246" lon="13.852609">
        <ele>1760.54</ele>
      </trkpt>
      <trkpt lat="46.361254" lon="13.852882">
        <ele>1761.42</ele>
      </trkpt>
      <trkpt lat="46.361236" lon="13.853182">
        <ele>1761.27</ele>
      </trkpt>
      <trkpt lat="46.361241" lon="13.853395">
        <ele>1762.56</ele>
      </trkpt>
      <trkpt lat="46.361211" lon="13.853485">
        <ele>1762.67</ele>
      </trkpt>
      <trkpt lat="46.361217" lon="13.853839">
        <ele>1763.04</ele>
      </trkpt>
      <trkpt lat="46.361203" lon="13.854134">
        <ele>1763.05</ele>
      </trkpt>
      <trkpt lat="46.361168" lon="13.854176">
        <ele>1761.55</ele>
      </trkpt>
      <trkpt lat="46.361156" lon="13.854236">
        <ele>1761.68</ele>
      </trkpt>
      <trkpt lat="46.361171" lon="13.854287">
        <ele>1763.45</ele>
      </trkpt>
      <trkpt lat="46.361102" lon="13.854358">
        <ele>1761.95</ele>
      </trkpt>
      <trkpt lat="46.361049" lon="13.854498">
        <ele>1763.23</ele>
      </trkpt>
      <trkpt lat="46.360962" lon="13.854659">
        <ele>1764.17</ele>
      </trkpt>
      <trkpt lat="46.360691" lon="13.855048">
        <ele>1767.22</ele>
      </trkpt>
      <trkpt lat="46.360562" lon="13.855174">
        <ele>1766.99</ele>
      </trkpt>
      <trkpt lat="46.360468" lon="13.855299">
        <ele>1767.24</ele>
      </trkpt>
      <trkpt lat="46.36041" lon="13.855401">
        <ele>1767.9</ele>
      </trkpt>
      <trkpt lat="46.360315" lon="13.855475">
        <ele>1767.27</ele>
      </trkpt>
      <trkpt lat="46.360282" lon="13.855576">
        <ele>1768.7</ele>
      </trkpt>
      <trkpt lat="46.360232" lon="13.855596">
        <ele>1767.85</ele>
      </trkpt>
      <trkpt lat="46.360173" lon="13.855644">
        <ele>1766.91</ele>
      </trkpt>
      <trkpt lat="46.360112" lon="13.855717">
        <ele>1766.62</ele>
      </trkpt>
      <trkpt lat="46.360081" lon="13.855812">
        <ele>1767.31</ele>
      </trkpt>
      <trkpt lat="46.35997" lon="13.856043">
        <ele>1769.15</ele>
      </trkpt>
      <trkpt lat="46.359705" lon="13.856502">
        <ele>1770.79</ele>
      </trkpt>
      <trkpt lat="46.359628" lon="13.856661">
        <ele>1770.26</ele>
      </trkpt>
      <trkpt lat="46.359618" lon="13.856794">
        <ele>1771.03</ele>
      </trkpt>
      <trkpt lat="46.359597" lon="13.856954">
        <ele>1773.26</ele>
      </trkpt>
      <trkpt lat="46.359546" lon="13.856984">
        <ele>1773.64</ele>
      </trkpt>
      <trkpt lat="46.359461" lon="13.85701">
        <ele>1774.61</ele>
      </trkpt>
      <trkpt lat="46.359405" lon="13.857043">
        <ele>1776.18</ele>
      </trkpt>
      <trkpt lat="46.35931" lon="13.857063">
        <ele>1777.41</ele>
      </trkpt>
      <trkpt lat="46.359177" lon="13.85713">
        <ele>1778.84</ele>
      </trkpt>
      <trkpt lat="46.359003" lon="13.857268">
        <ele>1779.63</ele>
      </trkpt>
      <trkpt lat="46.358928" lon="13.857357">
        <ele>1778.68</ele>
      </trkpt>
      <trkpt lat="46.358846" lon="13.857541">
        <ele>1779.25</ele>
      </trkpt>
      <trkpt lat="46.35877" lon="13.85773">
        <ele>1781.48</ele>
      </trkpt>
      <trkpt lat="46.358684" lon="13.857803">
        <ele>1781.36</ele>
      </trkpt>
      <trkpt lat="46.358633" lon="13.857833">
        <ele>1780.96</ele>
      </trkpt>
      <trkpt lat="46.3585" lon="13.857859">
        <ele>1780.66</ele>
      </trkpt>
      <trkpt lat="46.358479" lon="13.85788">
        <ele>1781.43</ele>
      </trkpt>
      <trkpt lat="46.358459" lon="13.857932">
        <ele>1783.69</ele>
      </trkpt>
      <trkpt lat="46.358382" lon="13.85796">
        <ele>1784.32</ele>
      </trkpt>
      <trkpt lat="46.358245" lon="13.858035">
        <ele>1785.31</ele>
      </trkpt>
      <trkpt lat="46.358172" lon="13.858051">
        <ele>1783.99</ele>
      </trkpt>
      <trkpt lat="46.358089" lon="13.858101">
        <ele>1782.96</ele>
      </trkpt>
      <trkpt lat="46.358066" lon="13.858222">
        <ele>1784.88</ele>
      </trkpt>
      <trkpt lat="46.35803" lon="13.858352">
        <ele>1784.1</ele>
      </trkpt>
      <trkpt lat="46.357984" lon="13.858425">
        <ele>1784.5</ele>
      </trkpt>
      <trkpt lat="46.357931" lon="13.858508">
        <ele>1782.53</ele>
      </trkpt>
      <trkpt lat="46.357889" lon="13.85871">
        <ele>1786.75</ele>
      </trkpt>
      <trkpt lat="46.357856" lon="13.858824">
        <ele>1788.42</ele>
      </trkpt>
      <trkpt lat="46.357824" lon="13.85906">
        <ele>1794.92</ele>
      </trkpt>
      <trkpt lat="46.357765" lon="13.859224">
        <ele>1799.74</ele>
      </trkpt>
      <trkpt lat="46.357717" lon="13.859264">
        <ele>1800.78</ele>
      </trkpt>
      <trkpt lat="46.357582" lon="13.859414">
        <ele>1803.61</ele>
      </trkpt>
      <trkpt lat="46.357539" lon="13.859493">
        <ele>1804.69</ele>
      </trkpt>
      <trkpt lat="46.357504" lon="13.859591">
        <ele>1808.31</ele>
      </trkpt>
      <trkpt lat="46.3574" lon="13.859626">
        <ele>1807.27</ele>
      </trkpt>
      <trkpt lat="46.357354" lon="13.859666">
        <ele>1808.51</ele>
      </trkpt>
      <trkpt lat="46.357289" lon="13.859757">
        <ele>1811</ele>
      </trkpt>
      <trkpt lat="46.357254" lon="13.859844">
        <ele>1813.55</ele>
      </trkpt>
      <trkpt lat="46.357178" lon="13.859967">
        <ele>1815.58</ele>
      </trkpt>
      <trkpt lat="46.357088" lon="13.860112">
        <ele>1817.25</ele>
      </trkpt>
      <trkpt lat="46.35697" lon="13.860262">
        <ele>1818.81</ele>
      </trkpt>
      <trkpt lat="46.356878" lon="13.860335">
        <ele>1822.78</ele>
      </trkpt>
      <trkpt lat="46.356767" lon="13.860308">
        <ele>1825.22</ele>
      </trkpt>
      <trkpt lat="46.356669" lon="13.86028">
        <ele>1827.51</ele>
      </trkpt>
      <trkpt lat="46.356631" lon="13.860294">
        <ele>1829.06</ele>
      </trkpt>
      <trkpt lat="46.356599" lon="13.86037">
        <ele>1831.95</ele>
      </trkpt>
      <trkpt lat="46.35656" lon="13.860385">
        <ele>1831.38</ele>
      </trkpt>
      <trkpt lat="46.35653" lon="13.860445">
        <ele>1830.56</ele>
      </trkpt>
      <trkpt lat="46.356523" lon="13.860548">
        <ele>1828.73</ele>
      </trkpt>
      <trkpt lat="46.356536" lon="13.860676">
        <ele>1828.1</ele>
      </trkpt>
      <trkpt lat="46.356501" lon="13.860791">
        <ele>1825.66</ele>
      </trkpt>
      <trkpt lat="46.356449" lon="13.860866">
        <ele>1823.39</ele>
      </trkpt>
      <trkpt lat="46.356397" lon="13.860961">
        <ele>1821.35</ele>
      </trkpt>
      <trkpt lat="46.356351" lon="13.861109">
        <ele>1820.81</ele>
      </trkpt>
      <trkpt lat="46.356278" lon="13.861194">
        <ele>1820.28</ele>
      </trkpt>
      <trkpt lat="46.356202" lon="13.861261">
        <ele>1820.57</ele>
      </trkpt>
      <trkpt lat="46.356074" lon="13.861284">
        <ele>1820.03</ele>
      </trkpt>
      <trkpt lat="46.355975" lon="13.861377">
        <ele>1820.51</ele>
      </trkpt>
      <trkpt lat="46.355945" lon="13.861437">
        <ele>1820.95</ele>
      </trkpt>
      <trkpt lat="46.355923" lon="13.861445">
        <ele>1820.79</ele>
      </trkpt>
      <trkpt lat="46.355945" lon="13.861437">
        <ele>1820.95</ele>
      </trkpt>
      <trkpt lat="46.355975" lon="13.861377">
        <ele>1820.51</ele>
      </trkpt>
      <trkpt lat="46.356074" lon="13.861284">
        <ele>1820.03</ele>
      </trkpt>
      <trkpt lat="46.356202" lon="13.861261">
        <ele>1820.57</ele>
      </trkpt>
      <trkpt lat="46.356313" lon="13.86124">
        <ele>1822.21</ele>
      </trkpt>
      <trkpt lat="46.356447" lon="13.861156">
        <ele>1826.68</ele>
      </trkpt>
      <trkpt lat="46.356455" lon="13.861101">
        <ele>1826.4</ele>
      </trkpt>
      <trkpt lat="46.356488" lon="13.861056">
        <ele>1827.93</ele>
      </trkpt>
      <trkpt lat="46.356494" lon="13.861008">
        <ele>1827.85</ele>
      </trkpt>
      <trkpt lat="46.356514" lon="13.860953">
        <ele>1828.75</ele>
      </trkpt>
      <trkpt lat="46.356568" lon="13.860869">
        <ele>1831.57</ele>
      </trkpt>
      <trkpt lat="46.356587" lon="13.860812">
        <ele>1831.97</ele>
      </trkpt>
      <trkpt lat="46.356662" lon="13.860652">
        <ele>1834.93</ele>
      </trkpt>
      <trkpt lat="46.35669" lon="13.860627">
        <ele>1835.78</ele>
      </trkpt>
      <trkpt lat="46.356722" lon="13.860649">
        <ele>1837.28</ele>
      </trkpt>
      <trkpt lat="46.356778" lon="13.860737">
        <ele>1838.27</ele>
      </trkpt>
      <trkpt lat="46.35683" lon="13.860787">
        <ele>1839.9</ele>
      </trkpt>
      <trkpt lat="46.356885" lon="13.860812">
        <ele>1841.39</ele>
      </trkpt>
      <trkpt lat="46.356962" lon="13.860789">
        <ele>1841.02</ele>
      </trkpt>
      <trkpt lat="46.357023" lon="13.860759">
        <ele>1841.67</ele>
      </trkpt>
      <trkpt lat="46.357127" lon="13.860678">
        <ele>1841.98</ele>
      </trkpt>
      <trkpt lat="46.357251" lon="13.860569">
        <ele>1843.45</ele>
      </trkpt>
      <trkpt lat="46.357302" lon="13.860514">
        <ele>1843.47</ele>
      </trkpt>
      <trkpt lat="46.35737" lon="13.86051">
        <ele>1846.25</ele>
      </trkpt>
      <trkpt lat="46.357433" lon="13.860459">
        <ele>1846.56</ele>
      </trkpt>
      <trkpt lat="46.357473" lon="13.860457">
        <ele>1848.47</ele>
      </trkpt>
      <trkpt lat="46.357591" lon="13.86034">
        <ele>1849.4</ele>
      </trkpt>
      <trkpt lat="46.357689" lon="13.860278">
        <ele>1851.8</ele>
      </trkpt>
      <trkpt lat="46.357752" lon="13.860196">
        <ele>1851.36</ele>
      </trkpt>
      <trkpt lat="46.357782" lon="13.860177">
        <ele>1851.78</ele>
      </trkpt>
      <trkpt lat="46.357888" lon="13.860164">
        <ele>1854.26</ele>
      </trkpt>
      <trkpt lat="46.357922" lon="13.860109">
        <ele>1853.07</ele>
      </trkpt>
      <trkpt lat="46.358063" lon="13.859956">
        <ele>1855.69</ele>
      </trkpt>
      <trkpt lat="46.358097" lon="13.859878">
        <ele>1855.35</ele>
      </trkpt>
      <trkpt lat="46.358127" lon="13.859769">
        <ele>1854.48</ele>
      </trkpt>
      <trkpt lat="46.358213" lon="13.859582">
        <ele>1856.53</ele>
      </trkpt>
      <trkpt lat="46.358249" lon="13.859538">
        <ele>1857.21</ele>
      </trkpt>
      <trkpt lat="46.358288" lon="13.859513">
        <ele>1858.15</ele>
      </trkpt>
      <trkpt lat="46.358323" lon="13.85945">
        <ele>1858.33</ele>
      </trkpt>
      <trkpt lat="46.358359" lon="13.859344">
        <ele>1858.39</ele>
      </trkpt>
      <trkpt lat="46.358442" lon="13.859205">
        <ele>1860.05</ele>
      </trkpt>
      <trkpt lat="46.358593" lon="13.859118">
        <ele>1862.68</ele>
      </trkpt>
      <trkpt lat="46.358601" lon="13.859071">
        <ele>1861.6</ele>
      </trkpt>
      <trkpt lat="46.358626" lon="13.859034">
        <ele>1861.32</ele>
      </trkpt>
      <trkpt lat="46.35875" lon="13.858947">
        <ele>1861</ele>
      </trkpt>
      <trkpt lat="46.358806" lon="13.858891">
        <ele>1860.11</ele>
      </trkpt>
      <trkpt lat="46.358841" lon="13.858875">
        <ele>1860.37</ele>
      </trkpt>
      <trkpt lat="46.358927" lon="13.85886">
        <ele>1859.12</ele>
      </trkpt>
      <trkpt lat="46.358982" lon="13.8589">
        <ele>1861.18</ele>
      </trkpt>
      <trkpt lat="46.359016" lon="13.858895">
        <ele>1861.44</ele>
      </trkpt>
      <trkpt lat="46.359045" lon="13.858857">
        <ele>1859.25</ele>
      </trkpt>
      <trkpt lat="46.359088" lon="13.858833">
        <ele>1858.44</ele>
      </trkpt>
      <trkpt lat="46.359202" lon="13.858782">
        <ele>1860.78</ele>
      </trkpt>
      <trkpt lat="46.35926" lon="13.858718">
        <ele>1859.13</ele>
      </trkpt>
      <trkpt lat="46.359301" lon="13.85873">
        <ele>1859.69</ele>
      </trkpt>
      <trkpt lat="46.359347" lon="13.858773">
        <ele>1861.31</ele>
      </trkpt>
      <trkpt lat="46.359435" lon="13.858837">
        <ele>1861.16</ele>
      </trkpt>
      <trkpt lat="46.359504" lon="13.858868">
        <ele>1864.5</ele>
      </trkpt>
      <trkpt lat="46.359608" lon="13.858856">
        <ele>1865.38</ele>
      </trkpt>
      <trkpt lat="46.359693" lon="13.858806">
        <ele>1862.26</ele>
      </trkpt>
      <trkpt lat="46.359764" lon="13.8588">
        <ele>1861.98</ele>
      </trkpt>
      <trkpt lat="46.359801" lon="13.85881">
        <ele>1862.61</ele>
      </trkpt>
      <trkpt lat="46.359876" lon="13.858862">
        <ele>1866.05</ele>
      </trkpt>
      <trkpt lat="46.359926" lon="13.858858">
        <ele>1865.38</ele>
      </trkpt>
      <trkpt lat="46.360041" lon="13.858804">
        <ele>1865.49</ele>
      </trkpt>
      <trkpt lat="46.360176" lon="13.858765">
        <ele>1868.65</ele>
      </trkpt>
      <trkpt lat="46.360251" lon="13.858707">
        <ele>1870.55</ele>
      </trkpt>
      <trkpt lat="46.36032" lon="13.858668">
        <ele>1872.56</ele>
      </trkpt>
      <trkpt lat="46.360364" lon="13.858609">
        <ele>1872.78</ele>
      </trkpt>
      <trkpt lat="46.36041" lon="13.85859">
        <ele>1874.49</ele>
      </trkpt>
      <trkpt lat="46.360791" lon="13.858681">
        <ele>1889.32</ele>
      </trkpt>
      <trkpt lat="46.360971" lon="13.85856">
        <ele>1894.02</ele>
      </trkpt>
      <trkpt lat="46.361172" lon="13.858451">
        <ele>1900.64</ele>
      </trkpt>
      <trkpt lat="46.361323" lon="13.8584">
        <ele>1906.21</ele>
      </trkpt>
      <trkpt lat="46.361759" lon="13.858309">
        <ele>1919.37</ele>
      </trkpt>
      <trkpt lat="46.361938" lon="13.858231">
        <ele>1923.29</ele>
      </trkpt>
      <trkpt lat="46.362014" lon="13.858181">
        <ele>1925</ele>
      </trkpt>
      <trkpt lat="46.362066" lon="13.858095">
        <ele>1924.64</ele>
      </trkpt>
      <trkpt lat="46.362166" lon="13.858024">
        <ele>1928.07</ele>
      </trkpt>
      <trkpt lat="46.362309" lon="13.857976">
        <ele>1932.29</ele>
      </trkpt>
      <trkpt lat="46.36241" lon="13.857964">
        <ele>1935.02</ele>
      </trkpt>
      <trkpt lat="46.362508" lon="13.857935">
        <ele>1938.9</ele>
      </trkpt>
      <trkpt lat="46.362546" lon="13.85788">
        <ele>1940.07</ele>
      </trkpt>
      <trkpt lat="46.362571" lon="13.857782">
        <ele>1941.27</ele>
      </trkpt>
      <trkpt lat="46.362585" lon="13.857653">
        <ele>1943.37</ele>
      </trkpt>
      <trkpt lat="46.362623" lon="13.857543">
        <ele>1946.25</ele>
      </trkpt>
      <trkpt lat="46.362671" lon="13.857344">
        <ele>1952.39</ele>
      </trkpt>
      <trkpt lat="46.362713" lon="13.857126">
        <ele>1946.14</ele>
      </trkpt>
      <trkpt lat="46.362745" lon="13.857006">
        <ele>1955.7</ele>
      </trkpt>
      <trkpt lat="46.362764" lon="13.856854">
        <ele>1963.76</ele>
      </trkpt>
      <trkpt lat="46.36278" lon="13.856736">
        <ele>1967.03</ele>
      </trkpt>
      <trkpt lat="46.362809" lon="13.856678">
        <ele>1968.92</ele>
      </trkpt>
      <trkpt lat="46.363042" lon="13.856519">
        <ele>1980.86</ele>
      </trkpt>
      <trkpt lat="46.363153" lon="13.856404">
        <ele>1983.89</ele>
      </trkpt>
      <trkpt lat="46.36324" lon="13.856345">
        <ele>1987.17</ele>
      </trkpt>
      <trkpt lat="46.363352" lon="13.85634">
        <ele>1994.69</ele>
      </trkpt>
      <trkpt lat="46.363487" lon="13.856262">
        <ele>2001.38</ele>
      </trkpt>
      <trkpt lat="46.36361" lon="13.856201">
        <ele>2003.28</ele>
      </trkpt>
      <trkpt lat="46.363711" lon="13.856167">
        <ele>2006.29</ele>
      </trkpt>
      <trkpt lat="46.363743" lon="13.856125">
        <ele>2006.05</ele>
      </trkpt>
      <trkpt lat="46.363812" lon="13.856067">
        <ele>2007.17</ele>
      </trkpt>
      <trkpt lat="46.363867" lon="13.856042">
        <ele>2009.06</ele>
      </trkpt>
      <trkpt lat="46.364081" lon="13.855897">
        <ele>2009.59</ele>
      </trkpt>
      <trkpt lat="46.364167" lon="13.855913">
        <ele>2011.7</ele>
      </trkpt>
      <trkpt lat="46.364389" lon="13.855874">
        <ele>2013.14</ele>
      </trkpt>
      <trkpt lat="46.364493" lon="13.855933">
        <ele>2015.69</ele>
      </trkpt>
      <trkpt lat="46.36456" lon="13.855953">
        <ele>2015.45</ele>
      </trkpt>
      <trkpt lat="46.364732" lon="13.855904">
        <ele>2016.95</ele>
      </trkpt>
      <trkpt lat="46.364838" lon="13.855902">
        <ele>2017.84</ele>
      </trkpt>
      <trkpt lat="46.36495" lon="13.855935">
        <ele>2018.23</ele>
      </trkpt>
      <trkpt lat="46.364979" lon="13.85596">
        <ele>2018.89</ele>
      </trkpt>
      <trkpt lat="46.36505" lon="13.856114">
        <ele>2024.66</ele>
      </trkpt>
      <trkpt lat="46.36517" lon="13.856222">
        <ele>2024.59</ele>
      </trkpt>
      <trkpt lat="46.365214" lon="13.856216">
        <ele>2023.89</ele>
      </trkpt>
      <trkpt lat="46.365394" lon="13.85611">
        <ele>2022.14</ele>
      </trkpt>
      <trkpt lat="46.365516" lon="13.85617">
        <ele>2023.3</ele>
      </trkpt>
      <trkpt lat="46.365612" lon="13.85613">
        <ele>2022.42</ele>
      </trkpt>
      <trkpt lat="46.365713" lon="13.856154">
        <ele>2024.17</ele>
      </trkpt>
      <trkpt lat="46.365733" lon="13.856141">
        <ele>2024.3</ele>
      </trkpt>
      <trkpt lat="46.365739" lon="13.856069">
        <ele>2024.91</ele>
      </trkpt>
      <trkpt lat="46.365785" lon="13.856002">
        <ele>2027.17</ele>
      </trkpt>
      <trkpt lat="46.365908" lon="13.855929">
        <ele>2027.97</ele>
      </trkpt>
      <trkpt lat="46.365943" lon="13.855867">
        <ele>2027.26</ele>
      </trkpt>
      <trkpt lat="46.365975" lon="13.85578">
        <ele>2026.24</ele>
      </trkpt>
      <trkpt lat="46.366085" lon="13.855741">
        <ele>2025.45</ele>
      </trkpt>
      <trkpt lat="46.366243" lon="13.855713">
        <ele>2020.85</ele>
      </trkpt>
      <trkpt lat="46.366291" lon="13.855884">
        <ele>2020.17</ele>
      </trkpt>
      <trkpt lat="46.366397" lon="13.85594">
        <ele>2017.5</ele>
      </trkpt>
      <trkpt lat="46.366464" lon="13.855928">
        <ele>2014.69</ele>
      </trkpt>
      <trkpt lat="46.366615" lon="13.856018">
        <ele>2014.97</ele>
      </trkpt>
      <trkpt lat="46.366716" lon="13.856113">
        <ele>2016.28</ele>
      </trkpt>
      <trkpt lat="46.366772" lon="13.856108">
        <ele>2015.57</ele>
      </trkpt>
      <trkpt lat="46.366821" lon="13.856123">
        <ele>2016.18</ele>
      </trkpt>
      <trkpt lat="46.366888" lon="13.856113">
        <ele>2016.79</ele>
      </trkpt>
      <trkpt lat="46.366917" lon="13.856073">
        <ele>2016.37</ele>
      </trkpt>
      <trkpt lat="46.366959" lon="13.856045">
        <ele>2016.65</ele>
      </trkpt>
      <trkpt lat="46.36702" lon="13.856046">
        <ele>2017.35</ele>
      </trkpt>
      <trkpt lat="46.367075" lon="13.856011">
        <ele>2016.75</ele>
      </trkpt>
      <trkpt lat="46.367139" lon="13.856052">
        <ele>2017.27</ele>
      </trkpt>
      <trkpt lat="46.367198" lon="13.856039">
        <ele>2016.78</ele>
      </trkpt>
      <trkpt lat="46.367241" lon="13.856017">
        <ele>2016.18</ele>
      </trkpt>
      <trkpt lat="46.367294" lon="13.856029">
        <ele>2016.37</ele>
      </trkpt>
      <trkpt lat="46.367351" lon="13.856015">
        <ele>2016.78</ele>
      </trkpt>
      <trkpt lat="46.367503" lon="13.855922">
        <ele>2017.55</ele>
      </trkpt>
      <trkpt lat="46.36759" lon="13.855898">
        <ele>2018.4</ele>
      </trkpt>
      <trkpt lat="46.367646" lon="13.855962">
        <ele>2019.18</ele>
      </trkpt>
      <trkpt lat="46.36773" lon="13.855993">
        <ele>2019.36</ele>
      </trkpt>
      <trkpt lat="46.367948" lon="13.85617">
        <ele>2021.04</ele>
      </trkpt>
      <trkpt lat="46.367981" lon="13.856328">
        <ele>2020.38</ele>
      </trkpt>
      <trkpt lat="46.367994" lon="13.856463">
        <ele>2020.32</ele>
      </trkpt>
      <trkpt lat="46.368032" lon="13.856517">
        <ele>2019.33</ele>
      </trkpt>
      <trkpt lat="46.368137" lon="13.856754">
        <ele>2018.91</ele>
      </trkpt>
      <trkpt lat="46.368178" lon="13.856984">
        <ele>2018.21</ele>
      </trkpt>
      <trkpt lat="46.368136" lon="13.857257">
        <ele>2017.03</ele>
      </trkpt>
      <trkpt lat="46.368136" lon="13.857477">
        <ele>2015.35</ele>
      </trkpt>
      <trkpt lat="46.368078" lon="13.857795">
        <ele>2010.55</ele>
      </trkpt>
      <trkpt lat="46.368019" lon="13.858113">
        <ele>2008.53</ele>
      </trkpt>
      <trkpt lat="46.368037" lon="13.858514">
        <ele>2001.91</ele>
      </trkpt>
      <trkpt lat="46.368032" lon="13.858547">
        <ele>2001.53</ele>
      </trkpt>
      <trkpt lat="46.367984" lon="13.858853">
        <ele>1997.97</ele>
      </trkpt>
      <trkpt lat="46.367948" lon="13.859089">
        <ele>1998.14</ele>
      </trkpt>
      <trkpt lat="46.368098" lon="13.859232">
        <ele>1987.28</ele>
      </trkpt>
      <trkpt lat="46.368188" lon="13.859254">
        <ele>1981.38</ele>
      </trkpt>
      <trkpt lat="46.368232" lon="13.859354">
        <ele>1979.96</ele>
      </trkpt>
      <trkpt lat="46.368258" lon="13.859513">
        <ele>1983.46</ele>
      </trkpt>
      <trkpt lat="46.36825" lon="13.859661">
        <ele>1986.71</ele>
      </trkpt>
      <trkpt lat="46.368205" lon="13.859728">
        <ele>1987.34</ele>
      </trkpt>
      <trkpt lat="46.368128" lon="13.859741">
        <ele>1986.07</ele>
      </trkpt>
      <trkpt lat="46.368089" lon="13.859781">
        <ele>1983.36</ele>
      </trkpt>
      <trkpt lat="46.368078" lon="13.859858">
        <ele>1980.59</ele>
      </trkpt>
      <trkpt lat="46.368158" lon="13.859964">
        <ele>1978.04</ele>
      </trkpt>
      <trkpt lat="46.368286" lon="13.860091">
        <ele>1974.94</ele>
      </trkpt>
      <trkpt lat="46.368282" lon="13.86016">
        <ele>1972.5</ele>
      </trkpt>
      <trkpt lat="46.3683" lon="13.860229">
        <ele>1970.72</ele>
      </trkpt>
      <trkpt lat="46.368332" lon="13.860278">
        <ele>1969.97</ele>
      </trkpt>
      <trkpt lat="46.368322" lon="13.86032">
        <ele>1968.5</ele>
      </trkpt>
      <trkpt lat="46.368358" lon="13.860376">
        <ele>1966.9</ele>
      </trkpt>
      <trkpt lat="46.368343" lon="13.86045">
        <ele>1964.89</ele>
      </trkpt>
      <trkpt lat="46.368348" lon="13.86051">
        <ele>1963.5</ele>
      </trkpt>
      <trkpt lat="46.368375" lon="13.86053">
        <ele>1962.97</ele>
      </trkpt>
      <trkpt lat="46.368378" lon="13.860594">
        <ele>1961.5</ele>
      </trkpt>
      <trkpt lat="46.368411" lon="13.86062">
        <ele>1960.96</ele>
      </trkpt>
      <trkpt lat="46.368401" lon="13.860652">
        <ele>1960.11</ele>
      </trkpt>
      <trkpt lat="46.368419" lon="13.86071">
        <ele>1958.95</ele>
      </trkpt>
      <trkpt lat="46.368483" lon="13.860739">
        <ele>1958.77</ele>
      </trkpt>
      <trkpt lat="46.368518" lon="13.860783">
        <ele>1956.77</ele>
      </trkpt>
      <trkpt lat="46.368528" lon="13.860857">
        <ele>1955.13</ele>
      </trkpt>
      <trkpt lat="46.368496" lon="13.860923">
        <ele>1953.91</ele>
      </trkpt>
      <trkpt lat="46.368499" lon="13.860974">
        <ele>1952.54</ele>
      </trkpt>
      <trkpt lat="46.368448" lon="13.861037">
        <ele>1950.51</ele>
      </trkpt>
      <trkpt lat="46.368387" lon="13.861264">
        <ele>1950.16</ele>
      </trkpt>
      <trkpt lat="46.368361" lon="13.861301">
        <ele>1950.62</ele>
      </trkpt>
      <trkpt lat="46.368367" lon="13.861436">
        <ele>1949.77</ele>
      </trkpt>
      <trkpt lat="46.368383" lon="13.861489">
        <ele>1948.5</ele>
      </trkpt>
      <trkpt lat="46.368413" lon="13.861522">
        <ele>1947.24</ele>
      </trkpt>
      <trkpt lat="46.368421" lon="13.861619">
        <ele>1944.77</ele>
      </trkpt>
      <trkpt lat="46.36841" lon="13.861656">
        <ele>1943.46</ele>
      </trkpt>
      <trkpt lat="46.368374" lon="13.861667">
        <ele>1943.78</ele>
      </trkpt>
      <trkpt lat="46.368364" lon="13.861705">
        <ele>1942.27</ele>
      </trkpt>
      <trkpt lat="46.3684" lon="13.861715">
        <ele>1941.04</ele>
      </trkpt>
      <trkpt lat="46.368424" lon="13.861749">
        <ele>1939.14</ele>
      </trkpt>
      <trkpt lat="46.368396" lon="13.861825">
        <ele>1936.09</ele>
      </trkpt>
      <trkpt lat="46.368418" lon="13.861837">
        <ele>1935.06</ele>
      </trkpt>
      <trkpt lat="46.368517" lon="13.861854">
        <ele>1932.54</ele>
      </trkpt>
      <trkpt lat="46.368575" lon="13.861901">
        <ele>1929.16</ele>
      </trkpt>
      <trkpt lat="46.368584" lon="13.862006">
        <ele>1923.26</ele>
      </trkpt>
      <trkpt lat="46.368571" lon="13.862018">
        <ele>1922.76</ele>
      </trkpt>
      <trkpt lat="46.368568" lon="13.862034">
        <ele>1921.94</ele>
      </trkpt>
      <trkpt lat="46.368592" lon="13.862048">
        <ele>1920.97</ele>
      </trkpt>
      <trkpt lat="46.368584" lon="13.862063">
        <ele>1920.22</ele>
      </trkpt>
      <trkpt lat="46.36856" lon="13.862061">
        <ele>1920.64</ele>
      </trkpt>
      <trkpt lat="46.36854" lon="13.862078">
        <ele>1919.91</ele>
      </trkpt>
      <trkpt lat="46.368532" lon="13.862114">
        <ele>1918.03</ele>
      </trkpt>
      <trkpt lat="46.368566" lon="13.862124">
        <ele>1917.18</ele>
      </trkpt>
      <trkpt lat="46.368565" lon="13.862143">
        <ele>1916</ele>
      </trkpt>
      <trkpt lat="46.368533" lon="13.862172">
        <ele>1914.66</ele>
      </trkpt>
      <trkpt lat="46.368557" lon="13.862196">
        <ele>1912.87</ele>
      </trkpt>
      <trkpt lat="46.368526" lon="13.862303">
        <ele>1907.21</ele>
      </trkpt>
      <trkpt lat="46.368534" lon="13.86233">
        <ele>1905.41</ele>
      </trkpt>
      <trkpt lat="46.368592" lon="13.862319">
        <ele>1904.51</ele>
      </trkpt>
      <trkpt lat="46.368612" lon="13.862362">
        <ele>1902.64</ele>
      </trkpt>
      <trkpt lat="46.368595" lon="13.8626">
        <ele>1886.76</ele>
      </trkpt>
      <trkpt lat="46.368536" lon="13.863284">
        <ele>1850.04</ele>
      </trkpt>
      <trkpt lat="46.368581" lon="13.8633">
        <ele>1848.29</ele>
      </trkpt>
      <trkpt lat="46.368548" lon="13.863339">
        <ele>1847.16</ele>
      </trkpt>
      <trkpt lat="46.368581" lon="13.863404">
        <ele>1843.62</ele>
      </trkpt>
      <trkpt lat="46.368599" lon="13.863739">
        <ele>1828.28</ele>
      </trkpt>
      <trkpt lat="46.368701" lon="13.864107">
        <ele>1812.33</ele>
      </trkpt>
      <trkpt lat="46.368686" lon="13.864206">
        <ele>1808.4</ele>
      </trkpt>
      <trkpt lat="46.368746" lon="13.864313">
        <ele>1803.36</ele>
      </trkpt>
      <trkpt lat="46.368732" lon="13.864371">
        <ele>1801.15</ele>
      </trkpt>
      <trkpt lat="46.368742" lon="13.864426">
        <ele>1798.83</ele>
      </trkpt>
      <trkpt lat="46.368723" lon="13.864474">
        <ele>1797.18</ele>
      </trkpt>
      <trkpt lat="46.36874" lon="13.864533">
        <ele>1794.68</ele>
      </trkpt>
      <trkpt lat="46.368722" lon="13.864547">
        <ele>1794.26</ele>
      </trkpt>
      <trkpt lat="46.368743" lon="13.86464">
        <ele>1790.29</ele>
      </trkpt>
      <trkpt lat="46.368714" lon="13.864707">
        <ele>1787.8</ele>
      </trkpt>
      <trkpt lat="46.368728" lon="13.864796">
        <ele>1784.13</ele>
      </trkpt>
      <trkpt lat="46.368685" lon="13.864828">
        <ele>1783.29</ele>
      </trkpt>
      <trkpt lat="46.368685" lon="13.864861">
        <ele>1781.96</ele>
      </trkpt>
      <trkpt lat="46.368707" lon="13.864879">
        <ele>1780.92</ele>
      </trkpt>
      <trkpt lat="46.368708" lon="13.864919">
        <ele>1779.49</ele>
      </trkpt>
      <trkpt lat="46.368675" lon="13.864965">
        <ele>1778.13</ele>
      </trkpt>
      <trkpt lat="46.368672" lon="13.864989">
        <ele>1777.24</ele>
      </trkpt>
      <trkpt lat="46.368695" lon="13.865005">
        <ele>1776.53</ele>
      </trkpt>
      <trkpt lat="46.368698" lon="13.865051">
        <ele>1774.88</ele>
      </trkpt>
      <trkpt lat="46.368601" lon="13.86514">
        <ele>1770.75</ele>
      </trkpt>
      <trkpt lat="46.368593" lon="13.865199">
        <ele>1767.97</ele>
      </trkpt>
      <trkpt lat="46.36855" lon="13.865221">
        <ele>1766.59</ele>
      </trkpt>
      <trkpt lat="46.368542" lon="13.865277">
        <ele>1764.27</ele>
      </trkpt>
      <trkpt lat="46.368521" lon="13.8653">
        <ele>1763.02</ele>
      </trkpt>
      <trkpt lat="46.368534" lon="13.86534">
        <ele>1761.62</ele>
      </trkpt>
      <trkpt lat="46.368506" lon="13.865369">
        <ele>1759.81</ele>
      </trkpt>
      <trkpt lat="46.368474" lon="13.86537">
        <ele>1759.04</ele>
      </trkpt>
      <trkpt lat="46.368466" lon="13.865465">
        <ele>1755.37</ele>
      </trkpt>
      <trkpt lat="46.368376" lon="13.865442">
        <ele>1755.41</ele>
      </trkpt>
      <trkpt lat="46.368325" lon="13.865468">
        <ele>1754.92</ele>
      </trkpt>
      <trkpt lat="46.368312" lon="13.865517">
        <ele>1753.56</ele>
      </trkpt>
      <trkpt lat="46.368373" lon="13.865536">
        <ele>1752.11</ele>
      </trkpt>
      <trkpt lat="46.368392" lon="13.865611">
        <ele>1749.94</ele>
      </trkpt>
      <trkpt lat="46.368321" lon="13.865717">
        <ele>1748.26</ele>
      </trkpt>
      <trkpt lat="46.368394" lon="13.865725">
        <ele>1746.62</ele>
      </trkpt>
      <trkpt lat="46.36841" lon="13.865763">
        <ele>1745.33</ele>
      </trkpt>
      <trkpt lat="46.368361" lon="13.865822">
        <ele>1744.83</ele>
      </trkpt>
      <trkpt lat="46.368357" lon="13.865895">
        <ele>1743.2</ele>
      </trkpt>
      <trkpt lat="46.368318" lon="13.865921">
        <ele>1743.92</ele>
      </trkpt>
      <trkpt lat="46.368321" lon="13.866106">
        <ele>1739.88</ele>
      </trkpt>
      <trkpt lat="46.3683" lon="13.86627">
        <ele>1737.43</ele>
      </trkpt>
      <trkpt lat="46.368321" lon="13.866392">
        <ele>1734.42</ele>
      </trkpt>
      <trkpt lat="46.368326" lon="13.866536">
        <ele>1731.59</ele>
      </trkpt>
      <trkpt lat="46.368353" lon="13.866637">
        <ele>1729.54</ele>
      </trkpt>
      <trkpt lat="46.368361" lon="13.86678">
        <ele>1727.73</ele>
      </trkpt>
      <trkpt lat="46.368347" lon="13.866916">
        <ele>1726.39</ele>
      </trkpt>
      <trkpt lat="46.36837" lon="13.8671">
        <ele>1724.92</ele>
      </trkpt>
      <trkpt lat="46.368348" lon="13.867179">
        <ele>1724.26</ele>
      </trkpt>
      <trkpt lat="46.368373" lon="13.867396">
        <ele>1723.35</ele>
      </trkpt>
      <trkpt lat="46.368429" lon="13.867689">
        <ele>1718.99</ele>
      </trkpt>
      <trkpt lat="46.368601" lon="13.867728">
        <ele>1717.51</ele>
      </trkpt>
      <trkpt lat="46.368647" lon="13.867711">
        <ele>1716.14</ele>
      </trkpt>
      <trkpt lat="46.368681" lon="13.867748">
        <ele>1714.57</ele>
      </trkpt>
      <trkpt lat="46.368734" lon="13.867768">
        <ele>1712.99</ele>
      </trkpt>
      <trkpt lat="46.36872" lon="13.867818">
        <ele>1712.48</ele>
      </trkpt>
      <trkpt lat="46.368721" lon="13.867914">
        <ele>1710.62</ele>
      </trkpt>
      <trkpt lat="46.368783" lon="13.868036">
        <ele>1706.24</ele>
      </trkpt>
      <trkpt lat="46.368841" lon="13.868185">
        <ele>1701.29</ele>
      </trkpt>
      <trkpt lat="46.368842" lon="13.868289">
        <ele>1699.28</ele>
      </trkpt>
      <trkpt lat="46.368858" lon="13.868306">
        <ele>1698.72</ele>
      </trkpt>
      <trkpt lat="46.368881" lon="13.868311">
        <ele>1698.22</ele>
      </trkpt>
      <trkpt lat="46.368871" lon="13.868333">
        <ele>1697.49</ele>
      </trkpt>
      <trkpt lat="46.368823" lon="13.868367">
        <ele>1697.34</ele>
      </trkpt>
      <trkpt lat="46.368828" lon="13.868382">
        <ele>1696.36</ele>
      </trkpt>
      <trkpt lat="46.368885" lon="13.868412">
        <ele>1693.57</ele>
      </trkpt>
      <trkpt lat="46.368862" lon="13.868478">
        <ele>1691.25</ele>
      </trkpt>
      <trkpt lat="46.368898" lon="13.86851">
        <ele>1688.49</ele>
      </trkpt>
      <trkpt lat="46.368877" lon="13.868546">
        <ele>1687.29</ele>
      </trkpt>
      <trkpt lat="46.368854" lon="13.86855">
        <ele>1687.89</ele>
      </trkpt>
      <trkpt lat="46.368861" lon="13.868585">
        <ele>1685.81</ele>
      </trkpt>
      <trkpt lat="46.368893" lon="13.868609">
        <ele>1683.46</ele>
      </trkpt>
      <trkpt lat="46.368929" lon="13.868622">
        <ele>1681.56</ele>
      </trkpt>
      <trkpt lat="46.368937" lon="13.868644">
        <ele>1680.14</ele>
      </trkpt>
      <trkpt lat="46.368893" lon="13.868706">
        <ele>1678.39</ele>
      </trkpt>
      <trkpt lat="46.368863" lon="13.868727">
        <ele>1678.09</ele>
      </trkpt>
      <trkpt lat="46.368843" lon="13.868793">
        <ele>1674.91</ele>
      </trkpt>
      <trkpt lat="46.368762" lon="13.868913">
        <ele>1669.8</ele>
      </trkpt>
      <trkpt lat="46.368672" lon="13.868959">
        <ele>1667.79</ele>
      </trkpt>
      <trkpt lat="46.368614" lon="13.869039">
        <ele>1663.18</ele>
      </trkpt>
      <trkpt lat="46.368547" lon="13.869056">
        <ele>1661.74</ele>
      </trkpt>
      <trkpt lat="46.368515" lon="13.869097">
        <ele>1659.11</ele>
      </trkpt>
      <trkpt lat="46.368416" lon="13.86911">
        <ele>1656</ele>
      </trkpt>
      <trkpt lat="46.368325" lon="13.869081">
        <ele>1653.82</ele>
      </trkpt>
      <trkpt lat="46.368271" lon="13.869086">
        <ele>1650.61</ele>
      </trkpt>
      <trkpt lat="46.368186" lon="13.869018">
        <ele>1649.35</ele>
      </trkpt>
      <trkpt lat="46.368137" lon="13.869007">
        <ele>1647.75</ele>
      </trkpt>
      <trkpt lat="46.368096" lon="13.868968">
        <ele>1648.17</ele>
      </trkpt>
      <trkpt lat="46.368058" lon="13.86897">
        <ele>1646.83</ele>
      </trkpt>
      <trkpt lat="46.368019" lon="13.868947">
        <ele>1646.88</ele>
      </trkpt>
      <trkpt lat="46.367939" lon="13.868924">
        <ele>1645.17</ele>
      </trkpt>
      <trkpt lat="46.367844" lon="13.868915">
        <ele>1641.31</ele>
      </trkpt>
      <trkpt lat="46.367758" lon="13.868844">
        <ele>1640.27</ele>
      </trkpt>
      <trkpt lat="46.367711" lon="13.86883">
        <ele>1638.98</ele>
      </trkpt>
      <trkpt lat="46.367657" lon="13.868788">
        <ele>1638.73</ele>
      </trkpt>
      <trkpt lat="46.367568" lon="13.868743">
        <ele>1637.29</ele>
      </trkpt>
      <trkpt lat="46.367439" lon="13.868739">
        <ele>1632.26</ele>
      </trkpt>
      <trkpt lat="46.367316" lon="13.868697">
        <ele>1628.54</ele>
      </trkpt>
      <trkpt lat="46.367326" lon="13.86873">
        <ele>1627.33</ele>
      </trkpt>
      <trkpt lat="46.367348" lon="13.868764">
        <ele>1626.66</ele>
      </trkpt>
      <trkpt lat="46.367344" lon="13.868822">
        <ele>1623.46</ele>
      </trkpt>
      <trkpt lat="46.367307" lon="13.868784">
        <ele>1623.58</ele>
      </trkpt>
      <trkpt lat="46.367237" lon="13.86874">
        <ele>1622.69</ele>
      </trkpt>
      <trkpt lat="46.367168" lon="13.868736">
        <ele>1620.06</ele>
      </trkpt>
      <trkpt lat="46.366984" lon="13.86869">
        <ele>1617.75</ele>
      </trkpt>
      <trkpt lat="46.367003" lon="13.868736">
        <ele>1616.18</ele>
      </trkpt>
      <trkpt lat="46.367023" lon="13.868829">
        <ele>1612.28</ele>
      </trkpt>
      <trkpt lat="46.367081" lon="13.868936">
        <ele>1610.22</ele>
      </trkpt>
      <trkpt lat="46.36708" lon="13.869">
        <ele>1608.61</ele>
      </trkpt>
      <trkpt lat="46.367122" lon="13.86919">
        <ele>1604.45</ele>
      </trkpt>
      <trkpt lat="46.367078" lon="13.869214">
        <ele>1602.79</ele>
      </trkpt>
      <trkpt lat="46.367033" lon="13.869289">
        <ele>1600.34</ele>
      </trkpt>
      <trkpt lat="46.367013" lon="13.869354">
        <ele>1598.85</ele>
      </trkpt>
      <trkpt lat="46.3669" lon="13.869391">
        <ele>1598.22</ele>
      </trkpt>
      <trkpt lat="46.366827" lon="13.869459">
        <ele>1597.27</ele>
      </trkpt>
      <trkpt lat="46.366744" lon="13.869561">
        <ele>1594.45</ele>
      </trkpt>
      <trkpt lat="46.366672" lon="13.869625">
        <ele>1592.29</ele>
      </trkpt>
      <trkpt lat="46.366658" lon="13.869657">
        <ele>1591.44</ele>
      </trkpt>
      <trkpt lat="46.366606" lon="13.869714">
        <ele>1589.77</ele>
      </trkpt>
      <trkpt lat="46.366543" lon="13.86975">
        <ele>1588.13</ele>
      </trkpt>
      <trkpt lat="46.366511" lon="13.869821">
        <ele>1585.93</ele>
      </trkpt>
      <trkpt lat="46.366348" lon="13.869882">
        <ele>1583.57</ele>
      </trkpt>
      <trkpt lat="46.366319" lon="13.869954">
        <ele>1581.97</ele>
      </trkpt>
      <trkpt lat="46.366281" lon="13.870017">
        <ele>1580.85</ele>
      </trkpt>
      <trkpt lat="46.366282" lon="13.87009">
        <ele>1579.52</ele>
      </trkpt>
      <trkpt lat="46.366228" lon="13.870154">
        <ele>1578.27</ele>
      </trkpt>
      <trkpt lat="46.366075" lon="13.870288">
        <ele>1576.4</ele>
      </trkpt>
      <trkpt lat="46.366015" lon="13.870401">
        <ele>1574.13</ele>
      </trkpt>
      <trkpt lat="46.366023" lon="13.87045">
        <ele>1573.8</ele>
      </trkpt>
      <trkpt lat="46.365965" lon="13.870829">
        <ele>1571.39</ele>
      </trkpt>
      <trkpt lat="46.365895" lon="13.871037">
        <ele>1570.17</ele>
      </trkpt>
      <trkpt lat="46.365754" lon="13.871327">
        <ele>1568.49</ele>
      </trkpt>
      <trkpt lat="46.365524" lon="13.871756">
        <ele>1564.16</ele>
      </trkpt>
      <trkpt lat="46.365449" lon="13.871853">
        <ele>1563.73</ele>
      </trkpt>
      <trkpt lat="46.365358" lon="13.871923">
        <ele>1562.79</ele>
      </trkpt>
      <trkpt lat="46.365219" lon="13.872182">
        <ele>1560.8</ele>
      </trkpt>
      <trkpt lat="46.36519" lon="13.87226">
        <ele>1560.38</ele>
      </trkpt>
      <trkpt lat="46.365131" lon="13.872333">
        <ele>1559.94</ele>
      </trkpt>
      <trkpt lat="46.365105" lon="13.872382">
        <ele>1559.76</ele>
      </trkpt>
      <trkpt lat="46.365089" lon="13.872476">
        <ele>1559.4</ele>
      </trkpt>
      <trkpt lat="46.365138" lon="13.872775">
        <ele>1558.91</ele>
      </trkpt>
      <trkpt lat="46.365203" lon="13.872852">
        <ele>1559.86</ele>
      </trkpt>
      <trkpt lat="46.365268" lon="13.872901">
        <ele>1560</ele>
      </trkpt>
      <trkpt lat="46.36531" lon="13.872996">
        <ele>1560.11</ele>
      </trkpt>
      <trkpt lat="46.365339" lon="13.873077">
        <ele>1558.81</ele>
      </trkpt>
      <trkpt lat="46.365325" lon="13.873172">
        <ele>1557.76</ele>
      </trkpt>
      <trkpt lat="46.365325" lon="13.873278">
        <ele>1555.61</ele>
      </trkpt>
      <trkpt lat="46.365293" lon="13.873363">
        <ele>1554.68</ele>
      </trkpt>
      <trkpt lat="46.365287" lon="13.873464">
        <ele>1551.45</ele>
      </trkpt>
      <trkpt lat="46.365237" lon="13.873615">
        <ele>1548.14</ele>
      </trkpt>
      <trkpt lat="46.365246" lon="13.873728">
        <ele>1543.57</ele>
      </trkpt>
      <trkpt lat="46.365224" lon="13.873869">
        <ele>1540.38</ele>
      </trkpt>
      <trkpt lat="46.365224" lon="13.873976">
        <ele>1537.05</ele>
      </trkpt>
      <trkpt lat="46.365209" lon="13.874035">
        <ele>1536.08</ele>
      </trkpt>
      <trkpt lat="46.365242" lon="13.874074">
        <ele>1533</ele>
      </trkpt>
      <trkpt lat="46.36528" lon="13.874196">
        <ele>1528.04</ele>
      </trkpt>
      <trkpt lat="46.365243" lon="13.874412">
        <ele>1523.81</ele>
      </trkpt>
      <trkpt lat="46.365221" lon="13.874509">
        <ele>1521.91</ele>
      </trkpt>
      <trkpt lat="46.365194" lon="13.874562">
        <ele>1521.53</ele>
      </trkpt>
      <trkpt lat="46.365186" lon="13.87463">
        <ele>1519.9</ele>
      </trkpt>
      <trkpt lat="46.365248" lon="13.874749">
        <ele>1515.04</ele>
      </trkpt>
      <trkpt lat="46.365258" lon="13.874808">
        <ele>1513.92</ele>
      </trkpt>
      <trkpt lat="46.365362" lon="13.874888">
        <ele>1509.83</ele>
      </trkpt>
      <trkpt lat="46.365381" lon="13.874929">
        <ele>1509.18</ele>
      </trkpt>
      <trkpt lat="46.365487" lon="13.874963">
        <ele>1505.68</ele>
      </trkpt>
      <trkpt lat="46.365511" lon="13.874996">
        <ele>1504.44</ele>
      </trkpt>
      <trkpt lat="46.365496" lon="13.875133">
        <ele>1502.49</ele>
      </trkpt>
      <trkpt lat="46.36551" lon="13.875225">
        <ele>1500.56</ele>
      </trkpt>
      <trkpt lat="46.365555" lon="13.875245">
        <ele>1499.33</ele>
      </trkpt>
      <trkpt lat="46.365596" lon="13.875307">
        <ele>1497.18</ele>
      </trkpt>
      <trkpt lat="46.365622" lon="13.875366">
        <ele>1495.1</ele>
      </trkpt>
      <trkpt lat="46.365608" lon="13.875463">
        <ele>1493.88</ele>
      </trkpt>
      <trkpt lat="46.36564" lon="13.875584">
        <ele>1490.16</ele>
      </trkpt>
      <trkpt lat="46.365693" lon="13.875666">
        <ele>1485.99</ele>
      </trkpt>
      <trkpt lat="46.365678" lon="13.875727">
        <ele>1484.77</ele>
      </trkpt>
      <trkpt lat="46.365684" lon="13.875773">
        <ele>1483.36</ele>
      </trkpt>
      <trkpt lat="46.365725" lon="13.875962">
        <ele>1477.61</ele>
      </trkpt>
      <trkpt lat="46.365744" lon="13.876015">
        <ele>1475.95</ele>
      </trkpt>
      <trkpt lat="46.365742" lon="13.876106">
        <ele>1474.13</ele>
      </trkpt>
      <trkpt lat="46.365776" lon="13.87616">
        <ele>1473.45</ele>
      </trkpt>
      <trkpt lat="46.36576" lon="13.876265">
        <ele>1471.44</ele>
      </trkpt>
      <trkpt lat="46.365778" lon="13.876341">
        <ele>1470.12</ele>
      </trkpt>
      <trkpt lat="46.365811" lon="13.876376">
        <ele>1469.47</ele>
      </trkpt>
      <trkpt lat="46.365797" lon="13.87643">
        <ele>1468.28</ele>
      </trkpt>
      <trkpt lat="46.365762" lon="13.876456">
        <ele>1467.68</ele>
      </trkpt>
      <trkpt lat="46.365752" lon="13.876487">
        <ele>1466.96</ele>
      </trkpt>
      <trkpt lat="46.365791" lon="13.876588">
        <ele>1464.56</ele>
      </trkpt>
      <trkpt lat="46.365799" lon="13.876719">
        <ele>1461.16</ele>
      </trkpt>
      <trkpt lat="46.36581" lon="13.87679">
        <ele>1459.34</ele>
      </trkpt>
      <trkpt lat="46.365847" lon="13.876874">
        <ele>1457.09</ele>
      </trkpt>
      <trkpt lat="46.365878" lon="13.876878">
        <ele>1456.72</ele>
      </trkpt>
      <trkpt lat="46.365898" lon="13.876925">
        <ele>1455.49</ele>
      </trkpt>
      <trkpt lat="46.365923" lon="13.876951">
        <ele>1454.75</ele>
      </trkpt>
      <trkpt lat="46.365935" lon="13.876992">
        <ele>1453.86</ele>
      </trkpt>
      <trkpt lat="46.365895" lon="13.877033">
        <ele>1453.18</ele>
      </trkpt>
      <trkpt lat="46.365874" lon="13.877071">
        <ele>1452.36</ele>
      </trkpt>
      <trkpt lat="46.365914" lon="13.877151">
        <ele>1450.34</ele>
      </trkpt>
      <trkpt lat="46.365955" lon="13.877205">
        <ele>1448.72</ele>
      </trkpt>
      <trkpt lat="46.365996" lon="13.877222">
        <ele>1447.93</ele>
      </trkpt>
      <trkpt lat="46.36603" lon="13.877287">
        <ele>1445.77</ele>
      </trkpt>
      <trkpt lat="46.365992" lon="13.877321">
        <ele>1445.1</ele>
      </trkpt>
      <trkpt lat="46.365918" lon="13.877445">
        <ele>1442.76</ele>
      </trkpt>
      <trkpt lat="46.365924" lon="13.877641">
        <ele>1439.03</ele>
      </trkpt>
      <trkpt lat="46.365952" lon="13.877783">
        <ele>1437.14</ele>
      </trkpt>
      <trkpt lat="46.365968" lon="13.877811">
        <ele>1436.69</ele>
      </trkpt>
      <trkpt lat="46.366027" lon="13.878046">
        <ele>1433.45</ele>
      </trkpt>
      <trkpt lat="46.366052" lon="13.878079">
        <ele>1432.86</ele>
      </trkpt>
      <trkpt lat="46.366071" lon="13.878164">
        <ele>1431.51</ele>
      </trkpt>
      <trkpt lat="46.366064" lon="13.878256">
        <ele>1430.14</ele>
      </trkpt>
      <trkpt lat="46.366132" lon="13.878411">
        <ele>1428.3</ele>
      </trkpt>
      <trkpt lat="46.366187" lon="13.878512">
        <ele>1427.64</ele>
      </trkpt>
      <trkpt lat="46.366296" lon="13.879003">
        <ele>1424.29</ele>
      </trkpt>
      <trkpt lat="46.366303" lon="13.879191">
        <ele>1423.76</ele>
      </trkpt>
      <trkpt lat="46.366328" lon="13.87935">
        <ele>1423</ele>
      </trkpt>
      <trkpt lat="46.366368" lon="13.879476">
        <ele>1423.24</ele>
      </trkpt>
      <trkpt lat="46.366432" lon="13.879574">
        <ele>1424.27</ele>
      </trkpt>
      <trkpt lat="46.366501" lon="13.879618">
        <ele>1424.82</ele>
      </trkpt>
      <trkpt lat="46.36655" lon="13.879729">
        <ele>1424.71</ele>
      </trkpt>
      <trkpt lat="46.366658" lon="13.879902">
        <ele>1424.19</ele>
      </trkpt>
      <trkpt lat="46.366705" lon="13.87994">
        <ele>1423.87</ele>
      </trkpt>
      <trkpt lat="46.366774" lon="13.879924">
        <ele>1424.36</ele>
      </trkpt>
      <trkpt lat="46.366823" lon="13.879938">
        <ele>1424.33</ele>
      </trkpt>
      <trkpt lat="46.366842" lon="13.87998">
        <ele>1423.75</ele>
      </trkpt>
      <trkpt lat="46.366876" lon="13.880137">
        <ele>1423.55</ele>
      </trkpt>
      <trkpt lat="46.36697" lon="13.880317">
        <ele>1424.08</ele>
      </trkpt>
      <trkpt lat="46.366979" lon="13.880372">
        <ele>1423.65</ele>
      </trkpt>
      <trkpt lat="46.366977" lon="13.880434">
        <ele>1422.35</ele>
      </trkpt>
      <trkpt lat="46.366919" lon="13.880512">
        <ele>1420.5</ele>
      </trkpt>
      <trkpt lat="46.366909" lon="13.880546">
        <ele>1420.16</ele>
      </trkpt>
      <trkpt lat="46.36691" lon="13.880611">
        <ele>1419.51</ele>
      </trkpt>
      <trkpt lat="46.36695" lon="13.880649">
        <ele>1418.5</ele>
      </trkpt>
      <trkpt lat="46.366969" lon="13.880714">
        <ele>1417.37</ele>
      </trkpt>
      <trkpt lat="46.36708" lon="13.88089">
        <ele>1412.38</ele>
      </trkpt>
      <trkpt lat="46.36708" lon="13.880975">
        <ele>1410.75</ele>
      </trkpt>
      <trkpt lat="46.36709" lon="13.881024">
        <ele>1409.67</ele>
      </trkpt>
      <trkpt lat="46.367106" lon="13.88105">
        <ele>1408.9</ele>
      </trkpt>
      <trkpt lat="46.367113" lon="13.881142">
        <ele>1406.87</ele>
      </trkpt>
      <trkpt lat="46.367126" lon="13.881188">
        <ele>1405.62</ele>
      </trkpt>
      <trkpt lat="46.36711" lon="13.881394">
        <ele>1401.93</ele>
      </trkpt>
      <trkpt lat="46.367153" lon="13.881451">
        <ele>1400.92</ele>
      </trkpt>
      <trkpt lat="46.367216" lon="13.881598">
        <ele>1399.27</ele>
      </trkpt>
      <trkpt lat="46.36722" lon="13.881655">
        <ele>1398.75</ele>
      </trkpt>
      <trkpt lat="46.36725" lon="13.881715">
        <ele>1397.76</ele>
      </trkpt>
      <trkpt lat="46.367253" lon="13.881758">
        <ele>1397.32</ele>
      </trkpt>
      <trkpt lat="46.367286" lon="13.881789">
        <ele>1396.33</ele>
      </trkpt>
      <trkpt lat="46.367307" lon="13.881841">
        <ele>1395.78</ele>
      </trkpt>
      <trkpt lat="46.367314" lon="13.881951">
        <ele>1394.38</ele>
      </trkpt>
      <trkpt lat="46.367323" lon="13.88199">
        <ele>1393.83</ele>
      </trkpt>
      <trkpt lat="46.367361" lon="13.882054">
        <ele>1392.68</ele>
      </trkpt>
      <trkpt lat="46.367385" lon="13.882129">
        <ele>1391.33</ele>
      </trkpt>
      <trkpt lat="46.367376" lon="13.882192">
        <ele>1390.52</ele>
      </trkpt>
      <trkpt lat="46.367382" lon="13.88224">
        <ele>1389.66</ele>
      </trkpt>
      <trkpt lat="46.367417" lon="13.882308">
        <ele>1388.22</ele>
      </trkpt>
      <trkpt lat="46.367431" lon="13.88237">
        <ele>1387.37</ele>
      </trkpt>
      <trkpt lat="46.367432" lon="13.882458">
        <ele>1386.13</ele>
      </trkpt>
      <trkpt lat="46.367449" lon="13.882496">
        <ele>1385.96</ele>
      </trkpt>
      <trkpt lat="46.367443" lon="13.882548">
        <ele>1385.42</ele>
      </trkpt>
      <trkpt lat="46.367509" lon="13.882768">
        <ele>1382.22</ele>
      </trkpt>
      <trkpt lat="46.367516" lon="13.882875">
        <ele>1381.51</ele>
      </trkpt>
      <trkpt lat="46.367508" lon="13.882944">
        <ele>1381.44</ele>
      </trkpt>
      <trkpt lat="46.367511" lon="13.883093">
        <ele>1382.23</ele>
      </trkpt>
      <trkpt lat="46.367536" lon="13.883174">
        <ele>1382.28</ele>
      </trkpt>
      <trkpt lat="46.367542" lon="13.883233">
        <ele>1382.37</ele>
      </trkpt>
      <trkpt lat="46.36752" lon="13.883327">
        <ele>1381.76</ele>
      </trkpt>
      <trkpt lat="46.367527" lon="13.883437">
        <ele>1381.15</ele>
      </trkpt>
      <trkpt lat="46.367526" lon="13.883559">
        <ele>1379.78</ele>
      </trkpt>
      <trkpt lat="46.367516" lon="13.883616">
        <ele>1379.21</ele>
      </trkpt>
      <trkpt lat="46.367494" lon="13.883661">
        <ele>1378.88</ele>
      </trkpt>
      <trkpt lat="46.367472" lon="13.883738">
        <ele>1378.14</ele>
      </trkpt>
      <trkpt lat="46.367494" lon="13.883767">
        <ele>1377.2</ele>
      </trkpt>
      <trkpt lat="46.367509" lon="13.88383">
        <ele>1375.96</ele>
      </trkpt>
      <trkpt lat="46.367504" lon="13.883899">
        <ele>1375.37</ele>
      </trkpt>
      <trkpt lat="46.36754" lon="13.883947">
        <ele>1374.14</ele>
      </trkpt>
      <trkpt lat="46.367583" lon="13.884094">
        <ele>1371.28</ele>
      </trkpt>
      <trkpt lat="46.367591" lon="13.884252">
        <ele>1367.55</ele>
      </trkpt>
      <trkpt lat="46.367602" lon="13.884286">
        <ele>1366.3</ele>
      </trkpt>
      <trkpt lat="46.367623" lon="13.884447">
        <ele>1362.54</ele>
      </trkpt>
      <trkpt lat="46.36765" lon="13.884506">
        <ele>1360.29</ele>
      </trkpt>
      <trkpt lat="46.36767" lon="13.8846">
        <ele>1357.85</ele>
      </trkpt>
      <trkpt lat="46.36771" lon="13.884633">
        <ele>1355.6</ele>
      </trkpt>
      <trkpt lat="46.367742" lon="13.884774">
        <ele>1351.7</ele>
      </trkpt>
      <trkpt lat="46.367775" lon="13.884833">
        <ele>1349.43</ele>
      </trkpt>
      <trkpt lat="46.367789" lon="13.884892">
        <ele>1348.19</ele>
      </trkpt>
      <trkpt lat="46.367822" lon="13.884925">
        <ele>1346.5</ele>
      </trkpt>
      <trkpt lat="46.367913" lon="13.884929">
        <ele>1343.29</ele>
      </trkpt>
      <trkpt lat="46.36799" lon="13.885115">
        <ele>1337.97</ele>
      </trkpt>
      <trkpt lat="46.368085" lon="13.885151">
        <ele>1333.71</ele>
      </trkpt>
      <trkpt lat="46.368081" lon="13.885214">
        <ele>1332.93</ele>
      </trkpt>
      <trkpt lat="46.368098" lon="13.885367">
        <ele>1330.24</ele>
      </trkpt>
      <trkpt lat="46.368144" lon="13.88542">
        <ele>1327.73</ele>
      </trkpt>
      <trkpt lat="46.36814" lon="13.885489">
        <ele>1326.65</ele>
      </trkpt>
      <trkpt lat="46.368155" lon="13.885595">
        <ele>1325.08</ele>
      </trkpt>
      <trkpt lat="46.368176" lon="13.885655">
        <ele>1323.76</ele>
      </trkpt>
      <trkpt lat="46.368175" lon="13.885687">
        <ele>1323.52</ele>
      </trkpt>
      <trkpt lat="46.368191" lon="13.885752">
        <ele>1321.97</ele>
      </trkpt>
      <trkpt lat="46.368184" lon="13.885846">
        <ele>1320.92</ele>
      </trkpt>
      <trkpt lat="46.368197" lon="13.885883">
        <ele>1320.13</ele>
      </trkpt>
      <trkpt lat="46.368327" lon="13.885915">
        <ele>1315.85</ele>
      </trkpt>
      <trkpt lat="46.368351" lon="13.885957">
        <ele>1314.38</ele>
      </trkpt>
      <trkpt lat="46.368354" lon="13.886035">
        <ele>1313</ele>
      </trkpt>
      <trkpt lat="46.368365" lon="13.886111">
        <ele>1312.6</ele>
      </trkpt>
      <trkpt lat="46.36839" lon="13.886127">
        <ele>1311.58</ele>
      </trkpt>
      <trkpt lat="46.368455" lon="13.886113">
        <ele>1309.24</ele>
      </trkpt>
      <trkpt lat="46.368472" lon="13.886145">
        <ele>1308.03</ele>
      </trkpt>
      <trkpt lat="46.368457" lon="13.886252">
        <ele>1307.5</ele>
      </trkpt>
      <trkpt lat="46.368478" lon="13.886352">
        <ele>1305.92</ele>
      </trkpt>
      <trkpt lat="46.36852" lon="13.886391">
        <ele>1304.02</ele>
      </trkpt>
      <trkpt lat="46.368574" lon="13.886394">
        <ele>1301.66</ele>
      </trkpt>
      <trkpt lat="46.368622" lon="13.886426">
        <ele>1299.58</ele>
      </trkpt>
      <trkpt lat="46.368656" lon="13.886513">
        <ele>1297.59</ele>
      </trkpt>
      <trkpt lat="46.368731" lon="13.886586">
        <ele>1294.32</ele>
      </trkpt>
      <trkpt lat="46.36877" lon="13.886648">
        <ele>1292.74</ele>
      </trkpt>
      <trkpt lat="46.368786" lon="13.886656">
        <ele>1292.04</ele>
      </trkpt>
      <trkpt lat="46.368788" lon="13.886692">
        <ele>1292</ele>
      </trkpt>
      <trkpt lat="46.368802" lon="13.886704">
        <ele>1291.34</ele>
      </trkpt>
      <trkpt lat="46.368831" lon="13.886692">
        <ele>1289.92</ele>
      </trkpt>
      <trkpt lat="46.368846" lon="13.886653">
        <ele>1289.39</ele>
      </trkpt>
      <trkpt lat="46.368873" lon="13.886648">
        <ele>1288.44</ele>
      </trkpt>
      <trkpt lat="46.368891" lon="13.886716">
        <ele>1287.4</ele>
      </trkpt>
      <trkpt lat="46.368894" lon="13.886754">
        <ele>1286.03</ele>
      </trkpt>
      <trkpt lat="46.368911" lon="13.886777">
        <ele>1285.06</ele>
      </trkpt>
      <trkpt lat="46.368971" lon="13.88677">
        <ele>1281.89</ele>
      </trkpt>
      <trkpt lat="46.368992" lon="13.886805">
        <ele>1280.74</ele>
      </trkpt>
      <trkpt lat="46.368994" lon="13.88687">
        <ele>1280.35</ele>
      </trkpt>
      <trkpt lat="46.369005" lon="13.886892">
        <ele>1279.58</ele>
      </trkpt>
      <trkpt lat="46.369028" lon="13.886923">
        <ele>1278.39</ele>
      </trkpt>
      <trkpt lat="46.369095" lon="13.886976">
        <ele>1275.28</ele>
      </trkpt>
      <trkpt lat="46.369138" lon="13.88707">
        <ele>1273.38</ele>
      </trkpt>
      <trkpt lat="46.369196" lon="13.887126">
        <ele>1270.86</ele>
      </trkpt>
      <trkpt lat="46.369211" lon="13.887158">
        <ele>1270.31</ele>
      </trkpt>
      <trkpt lat="46.369232" lon="13.887176">
        <ele>1269.39</ele>
      </trkpt>
      <trkpt lat="46.369298" lon="13.887154">
        <ele>1266.24</ele>
      </trkpt>
      <trkpt lat="46.369381" lon="13.887205">
        <ele>1262.31</ele>
      </trkpt>
      <trkpt lat="46.369418" lon="13.887245">
        <ele>1260.13</ele>
      </trkpt>
      <trkpt lat="46.369433" lon="13.887327">
        <ele>1259.12</ele>
      </trkpt>
      <trkpt lat="46.369459" lon="13.88741">
        <ele>1257.75</ele>
      </trkpt>
      <trkpt lat="46.369536" lon="13.887526">
        <ele>1254.49</ele>
      </trkpt>
      <trkpt lat="46.369571" lon="13.887602">
        <ele>1252.83</ele>
      </trkpt>
      <trkpt lat="46.369574" lon="13.887664">
        <ele>1252.39</ele>
      </trkpt>
      <trkpt lat="46.369604" lon="13.88784">
        <ele>1250.6</ele>
      </trkpt>
      <trkpt lat="46.369642" lon="13.887905">
        <ele>1248.82</ele>
      </trkpt>
      <trkpt lat="46.369688" lon="13.888047">
        <ele>1246.56</ele>
      </trkpt>
      <trkpt lat="46.36973" lon="13.888143">
        <ele>1244.94</ele>
      </trkpt>
      <trkpt lat="46.369807" lon="13.888239">
        <ele>1242.88</ele>
      </trkpt>
      <trkpt lat="46.369889" lon="13.888207">
        <ele>1242.08</ele>
      </trkpt>
      <trkpt lat="46.369933" lon="13.888206">
        <ele>1241.17</ele>
      </trkpt>
      <trkpt lat="46.370333" lon="13.888356">
        <ele>1232.81</ele>
      </trkpt>
      <trkpt lat="46.370398" lon="13.888391">
        <ele>1231.38</ele>
      </trkpt>
      <trkpt lat="46.370433" lon="13.888443">
        <ele>1230.42</ele>
      </trkpt>
      <trkpt lat="46.37047" lon="13.888458">
        <ele>1229.3</ele>
      </trkpt>
      <trkpt lat="46.370505" lon="13.888465">
        <ele>1228.43</ele>
      </trkpt>
      <trkpt lat="46.370544" lon="13.888451">
        <ele>1227.93</ele>
      </trkpt>
      <trkpt lat="46.370571" lon="13.888487">
        <ele>1226.9</ele>
      </trkpt>
      <trkpt lat="46.37064" lon="13.888688">
        <ele>1222.32</ele>
      </trkpt>
      <trkpt lat="46.370656" lon="13.88879">
        <ele>1220.74</ele>
      </trkpt>
      <trkpt lat="46.370658" lon="13.888885">
        <ele>1219.9</ele>
      </trkpt>
      <trkpt lat="46.370683" lon="13.889002">
        <ele>1218.04</ele>
      </trkpt>
      <trkpt lat="46.370777" lon="13.889307">
        <ele>1212.35</ele>
      </trkpt>
      <trkpt lat="46.370858" lon="13.889382">
        <ele>1209.54</ele>
      </trkpt>
      <trkpt lat="46.370992" lon="13.88957">
        <ele>1204.07</ele>
      </trkpt>
      <trkpt lat="46.371085" lon="13.889654">
        <ele>1200.95</ele>
      </trkpt>
      <trkpt lat="46.371191" lon="13.889637">
        <ele>1198.27</ele>
      </trkpt>
      <trkpt lat="46.371273" lon="13.889609">
        <ele>1197.29</ele>
      </trkpt>
      <trkpt lat="46.37137" lon="13.889679">
        <ele>1196.17</ele>
      </trkpt>
      <trkpt lat="46.371455" lon="13.889757">
        <ele>1194.52</ele>
      </trkpt>
      <trkpt lat="46.371541" lon="13.889776">
        <ele>1191.76</ele>
      </trkpt>
      <trkpt lat="46.371601" lon="13.88977">
        <ele>1189.63</ele>
      </trkpt>
      <trkpt lat="46.371667" lon="13.889785">
        <ele>1186.91</ele>
      </trkpt>
      <trkpt lat="46.371884" lon="13.889732">
        <ele>1184.34</ele>
      </trkpt>
      <trkpt lat="46.372029" lon="13.889747">
        <ele>1182.23</ele>
      </trkpt>
      <trkpt lat="46.372098" lon="13.88986">
        <ele>1179.49</ele>
      </trkpt>
      <trkpt lat="46.372175" lon="13.889904">
        <ele>1177.57</ele>
      </trkpt>
      <trkpt lat="46.372275" lon="13.889926">
        <ele>1175.65</ele>
      </trkpt>
      <trkpt lat="46.372396" lon="13.890081">
        <ele>1170.71</ele>
      </trkpt>
      <trkpt lat="46.372488" lon="13.890134">
        <ele>1168.01</ele>
      </trkpt>
      <trkpt lat="46.372557" lon="13.890243">
        <ele>1164.29</ele>
      </trkpt>
      <trkpt lat="46.372666" lon="13.890341">
        <ele>1159.35</ele>
      </trkpt>
      <trkpt lat="46.372744" lon="13.890471">
        <ele>1152.95</ele>
      </trkpt>
      <trkpt lat="46.372801" lon="13.890546">
        <ele>1149.58</ele>
      </trkpt>
      <trkpt lat="46.372883" lon="13.89063">
        <ele>1145.41</ele>
      </trkpt>
      <trkpt lat="46.372928" lon="13.890742">
        <ele>1141.09</ele>
      </trkpt>
      <trkpt lat="46.372951" lon="13.890847">
        <ele>1137.79</ele>
      </trkpt>
      <trkpt lat="46.373017" lon="13.890915">
        <ele>1134.64</ele>
      </trkpt>
      <trkpt lat="46.373059" lon="13.891016">
        <ele>1131.76</ele>
      </trkpt>
      <trkpt lat="46.373132" lon="13.891117">
        <ele>1128.07</ele>
      </trkpt>
      <trkpt lat="46.373228" lon="13.891283">
        <ele>1122.67</ele>
      </trkpt>
      <trkpt lat="46.37326" lon="13.891463">
        <ele>1118.95</ele>
      </trkpt>
      <trkpt lat="46.373308" lon="13.891562">
        <ele>1116.29</ele>
      </trkpt>
      <trkpt lat="46.373341" lon="13.891694">
        <ele>1113.17</ele>
      </trkpt>
      <trkpt lat="46.373437" lon="13.891804">
        <ele>1110.31</ele>
      </trkpt>
      <trkpt lat="46.373498" lon="13.891893">
        <ele>1107.79</ele>
      </trkpt>
      <trkpt lat="46.373561" lon="13.892025">
        <ele>1104.67</ele>
      </trkpt>
      <trkpt lat="46.373673" lon="13.89221">
        <ele>1097.83</ele>
      </trkpt>
      <trkpt lat="46.373734" lon="13.892438">
        <ele>1092.65</ele>
      </trkpt>
      <trkpt lat="46.373742" lon="13.892552">
        <ele>1090.82</ele>
      </trkpt>
      <trkpt lat="46.373782" lon="13.89289">
        <ele>1086.24</ele>
      </trkpt>
      <trkpt lat="46.373798" lon="13.893208">
        <ele>1083.36</ele>
      </trkpt>
      <trkpt lat="46.37384" lon="13.893324">
        <ele>1081.83</ele>
      </trkpt>
      <trkpt lat="46.373916" lon="13.893387">
        <ele>1080.39</ele>
      </trkpt>
      <trkpt lat="46.373961" lon="13.893412">
        <ele>1079.86</ele>
      </trkpt>
      <trkpt lat="46.374032" lon="13.893427">
        <ele>1079.15</ele>
      </trkpt>
      <trkpt lat="46.374101" lon="13.893508">
        <ele>1078.32</ele>
      </trkpt>
      <trkpt lat="46.374329" lon="13.893883">
        <ele>1073.34</ele>
      </trkpt>
      <trkpt lat="46.374502" lon="13.894195">
        <ele>1069.45</ele>
      </trkpt>
      <trkpt lat="46.374743" lon="13.894562">
        <ele>1063.99</ele>
      </trkpt>
      <trkpt lat="46.374807" lon="13.894621">
        <ele>1062.38</ele>
      </trkpt>
      <trkpt lat="46.374873" lon="13.894658">
        <ele>1061.14</ele>
      </trkpt>
      <trkpt lat="46.374917" lon="13.89473">
        <ele>1060.35</ele>
      </trkpt>
      <trkpt lat="46.374945" lon="13.894826">
        <ele>1059.27</ele>
      </trkpt>
      <trkpt lat="46.374988" lon="13.894933">
        <ele>1058.14</ele>
      </trkpt>
      <trkpt lat="46.375016" lon="13.895065">
        <ele>1056.75</ele>
      </trkpt>
      <trkpt lat="46.375082" lon="13.895211">
        <ele>1054.19</ele>
      </trkpt>
      <trkpt lat="46.375176" lon="13.895368">
        <ele>1050.94</ele>
      </trkpt>
      <trkpt lat="46.375224" lon="13.895514">
        <ele>1048.84</ele>
      </trkpt>
      <trkpt lat="46.375239" lon="13.895634">
        <ele>1047.3</ele>
      </trkpt>
      <trkpt lat="46.375346" lon="13.89574">
        <ele>1044.26</ele>
      </trkpt>
      <trkpt lat="46.375402" lon="13.895909">
        <ele>1041.8</ele>
      </trkpt>
      <trkpt lat="46.375509" lon="13.896046">
        <ele>1039.48</ele>
      </trkpt>
      <trkpt lat="46.375717" lon="13.896234">
        <ele>1036.27</ele>
      </trkpt>
      <trkpt lat="46.375853" lon="13.896312">
        <ele>1035.1</ele>
      </trkpt>
      <trkpt lat="46.37599" lon="13.896413">
        <ele>1031.53</ele>
      </trkpt>
      <trkpt lat="46.376052" lon="13.896393">
        <ele>1030.91</ele>
      </trkpt>
      <trkpt lat="46.376131" lon="13.896434">
        <ele>1029.44</ele>
      </trkpt>
      <trkpt lat="46.376232" lon="13.896506">
        <ele>1027.71</ele>
      </trkpt>
      <trkpt lat="46.37633" lon="13.896596">
        <ele>1026.54</ele>
      </trkpt>
      <trkpt lat="46.376383" lon="13.896615">
        <ele>1026.51</ele>
      </trkpt>
      <trkpt lat="46.376517" lon="13.896599">
        <ele>1024.42</ele>
      </trkpt>
      <trkpt lat="46.37657" lon="13.896614">
        <ele>1023.22</ele>
      </trkpt>
      <trkpt lat="46.376601" lon="13.896677">
        <ele>1022.49</ele>
      </trkpt>
      <trkpt lat="46.376632" lon="13.896782">
        <ele>1021.32</ele>
      </trkpt>
      <trkpt lat="46.376678" lon="13.896896">
        <ele>1020.24</ele>
      </trkpt>
      <trkpt lat="46.376713" lon="13.897042">
        <ele>1020.12</ele>
      </trkpt>
      <trkpt lat="46.376907" lon="13.897487">
        <ele>1013.18</ele>
      </trkpt>
      <trkpt lat="46.376983" lon="13.897606">
        <ele>1011.28</ele>
      </trkpt>
      <trkpt lat="46.377039" lon="13.897731">
        <ele>1009.31</ele>
      </trkpt>
      <trkpt lat="46.377072" lon="13.897857">
        <ele>1008.06</ele>
      </trkpt>
      <trkpt lat="46.377116" lon="13.897972">
        <ele>1006.69</ele>
      </trkpt>
      <trkpt lat="46.377203" lon="13.898112">
        <ele>1003.71</ele>
      </trkpt>
      <trkpt lat="46.377261" lon="13.898289">
        <ele>1000.24</ele>
      </trkpt>
      <trkpt lat="46.3774" lon="13.898495">
        <ele>997.36</ele>
      </trkpt>
      <trkpt lat="46.377447" lon="13.898545">
        <ele>996.59</ele>
      </trkpt>
      <trkpt lat="46.377537" lon="13.898578">
        <ele>998.09</ele>
      </trkpt>
      <trkpt lat="46.377594" lon="13.89863">
        <ele>999.3</ele>
      </trkpt>
      <trkpt lat="46.377798" lon="13.898906">
        <ele>997.98</ele>
      </trkpt>
      <trkpt lat="46.377952" lon="13.899043">
        <ele>995.62</ele>
      </trkpt>
      <trkpt lat="46.378074" lon="13.899144">
        <ele>995.52</ele>
      </trkpt>
      <trkpt lat="46.37821" lon="13.899223">
        <ele>995.51</ele>
      </trkpt>
      <trkpt lat="46.378389" lon="13.899332">
        <ele>993.08</ele>
      </trkpt>
      <trkpt lat="46.378673" lon="13.899436">
        <ele>993.16</ele>
      </trkpt>
      <trkpt lat="46.378824" lon="13.899547">
        <ele>993.03</ele>
      </trkpt>
      <trkpt lat="46.378906" lon="13.899647">
        <ele>992.18</ele>
      </trkpt>
      <trkpt lat="46.378993" lon="13.899688">
        <ele>990.73</ele>
      </trkpt>
      <trkpt lat="46.379141" lon="13.899831">
        <ele>989.98</ele>
      </trkpt>
      <trkpt lat="46.379219" lon="13.899942">
        <ele>990.04</ele>
      </trkpt>
      <trkpt lat="46.37949" lon="13.90023">
        <ele>987.93</ele>
      </trkpt>
      <trkpt lat="46.379689" lon="13.900454">
        <ele>983.63</ele>
      </trkpt>
      <trkpt lat="46.379762" lon="13.90055">
        <ele>981.61</ele>
      </trkpt>
      <trkpt lat="46.379863" lon="13.900639">
        <ele>981.24</ele>
      </trkpt>
      <trkpt lat="46.380043" lon="13.900826">
        <ele>980.93</ele>
      </trkpt>
      <trkpt lat="46.38034" lon="13.901081">
        <ele>975.99</ele>
      </trkpt>
      <trkpt lat="46.380695" lon="13.90122">
        <ele>973</ele>
      </trkpt>
      <trkpt lat="46.3808" lon="13.901272">
        <ele>973</ele>
      </trkpt>
      <trkpt lat="46.380983" lon="13.901421">
        <ele>972</ele>
      </trkpt>
      <trkpt lat="46.381041" lon="13.901507">
        <ele>972</ele>
      </trkpt>
      <trkpt lat="46.38108" lon="13.90163">
        <ele>971.76</ele>
      </trkpt>
      <trkpt lat="46.381117" lon="13.901789">
        <ele>971.45</ele>
      </trkpt>
      <trkpt lat="46.381162" lon="13.901893">
        <ele>971.05</ele>
      </trkpt>
      <trkpt lat="46.38128" lon="13.902051">
        <ele>970.87</ele>
      </trkpt>
      <trkpt lat="46.381329" lon="13.90214">
        <ele>970.22</ele>
      </trkpt>
      <trkpt lat="46.381397" lon="13.902324">
        <ele>970</ele>
      </trkpt>
      <trkpt lat="46.381441" lon="13.902392">
        <ele>969.63</ele>
      </trkpt>
      <trkpt lat="46.381609" lon="13.902538">
        <ele>969</ele>
      </trkpt>
      <trkpt lat="46.381683" lon="13.902635">
        <ele>968.31</ele>
      </trkpt>
      <trkpt lat="46.381802" lon="13.902876">
        <ele>967.69</ele>
      </trkpt>
      <trkpt lat="46.381915" lon="13.903166">
        <ele>967</ele>
      </trkpt>
      <trkpt lat="46.381978" lon="13.903281">
        <ele>966.76</ele>
      </trkpt>
      <trkpt lat="46.382134" lon="13.903518">
        <ele>965.92</ele>
      </trkpt>
      <trkpt lat="46.382219" lon="13.903793">
        <ele>965</ele>
      </trkpt>
      <trkpt lat="46.382328" lon="13.904073">
        <ele>964.32</ele>
      </trkpt>
      <trkpt lat="46.382532" lon="13.904463">
        <ele>962.92</ele>
      </trkpt>
      <trkpt lat="46.382576" lon="13.904607">
        <ele>962.15</ele>
      </trkpt>
      <trkpt lat="46.382695" lon="13.904814">
        <ele>961.82</ele>
      </trkpt>
      <trkpt lat="46.38273" lon="13.904916">
        <ele>961.2</ele>
      </trkpt>
      <trkpt lat="46.382737" lon="13.905091">
        <ele>961</ele>
      </trkpt>
      <trkpt lat="46.382745" lon="13.905159">
        <ele>960.94</ele>
      </trkpt>
      <trkpt lat="46.382772" lon="13.905215">
        <ele>960.73</ele>
      </trkpt>
      <trkpt lat="46.382899" lon="13.905393">
        <ele>959.67</ele>
      </trkpt>
      <trkpt lat="46.382984" lon="13.905454">
        <ele>959.05</ele>
      </trkpt>
      <trkpt lat="46.383129" lon="13.905462">
        <ele>958.5</ele>
      </trkpt>
      <trkpt lat="46.383196" lon="13.905478">
        <ele>958</ele>
      </trkpt>
      <trkpt lat="46.383253" lon="13.905502">
        <ele>958</ele>
      </trkpt>
      <trkpt lat="46.383331" lon="13.905586">
        <ele>957.85</ele>
      </trkpt>
      <trkpt lat="46.383413" lon="13.905747">
        <ele>957.04</ele>
      </trkpt>
      <trkpt lat="46.383534" lon="13.906041">
        <ele>956.05</ele>
      </trkpt>
      <trkpt lat="46.383712" lon="13.906295">
        <ele>954.65</ele>
      </trkpt>
      <trkpt lat="46.383768" lon="13.906359">
        <ele>954.09</ele>
      </trkpt>
      <trkpt lat="46.38406" lon="13.906499">
        <ele>952.64</ele>
      </trkpt>
      <trkpt lat="46.384199" lon="13.906657">
        <ele>951.04</ele>
      </trkpt>
      <trkpt lat="46.384306" lon="13.906855">
        <ele>950.57</ele>
      </trkpt>
      <trkpt lat="46.384631" lon="13.90724">
        <ele>949.26</ele>
      </trkpt>
      <trkpt lat="46.38473" lon="13.907269">
        <ele>949</ele>
      </trkpt>
      <trkpt lat="46.384829" lon="13.907266">
        <ele>948.55</ele>
      </trkpt>
      <trkpt lat="46.384939" lon="13.907234">
        <ele>948.28</ele>
      </trkpt>
      <trkpt lat="46.385084" lon="13.907186">
        <ele>947.01</ele>
      </trkpt>
      <trkpt lat="46.385187" lon="13.907244">
        <ele>947.38</ele>
      </trkpt>
      <trkpt lat="46.385597" lon="13.907231">
        <ele>945.51</ele>
      </trkpt>
      <trkpt lat="46.385758" lon="13.907258">
        <ele>944.72</ele>
      </trkpt>
      <trkpt lat="46.386084" lon="13.907538">
        <ele>944.07</ele>
      </trkpt>
      <trkpt lat="46.386289" lon="13.9076">
        <ele>944</ele>
      </trkpt>
      <trkpt lat="46.38637" lon="13.907655">
        <ele>944</ele>
      </trkpt>
      <trkpt lat="46.38657" lon="13.907844">
        <ele>944.51</ele>
      </trkpt>
      <trkpt lat="46.386874" lon="13.908169">
        <ele>946.1</ele>
      </trkpt>
      <trkpt lat="46.386939" lon="13.908309">
        <ele>946.63</ele>
      </trkpt>
      <trkpt lat="46.386988" lon="13.908436">
        <ele>946.77</ele>
      </trkpt>
      <trkpt lat="46.387095" lon="13.908665">
        <ele>946.34</ele>
      </trkpt>
      <trkpt lat="46.38718" lon="13.908784">
        <ele>946.36</ele>
      </trkpt>
      <trkpt lat="46.387527" lon="13.909086">
        <ele>946.53</ele>
      </trkpt>
      <trkpt lat="46.387613" lon="13.909231">
        <ele>946.42</ele>
      </trkpt>
      <trkpt lat="46.387772" lon="13.909382">
        <ele>945.96</ele>
      </trkpt>
      <trkpt lat="46.387868" lon="13.909536">
        <ele>946.15</ele>
      </trkpt>
      <trkpt lat="46.387955" lon="13.90973">
        <ele>945.4</ele>
      </trkpt>
      <trkpt lat="46.387977" lon="13.909825">
        <ele>945.16</ele>
      </trkpt>
      <trkpt lat="46.38799" lon="13.910049">
        <ele>944.31</ele>
      </trkpt>
      <trkpt lat="46.388014" lon="13.910238">
        <ele>943.12</ele>
      </trkpt>
      <trkpt lat="46.388043" lon="13.91037">
        <ele>942.42</ele>
      </trkpt>
      <trkpt lat="46.388145" lon="13.910679">
        <ele>940.48</ele>
      </trkpt>
      <trkpt lat="46.38819" lon="13.91096">
        <ele>939.07</ele>
      </trkpt>
      <trkpt lat="46.388259" lon="13.911233">
        <ele>937.47</ele>
      </trkpt>
      <trkpt lat="46.388546" lon="13.911709">
        <ele>934.71</ele>
      </trkpt>
      <trkpt lat="46.388688" lon="13.911959">
        <ele>933.25</ele>
      </trkpt>
      <trkpt lat="46.388814" lon="13.912324">
        <ele>930.13</ele>
      </trkpt>
      <trkpt lat="46.388942" lon="13.912524">
        <ele>928.45</ele>
      </trkpt>
      <trkpt lat="46.388953" lon="13.9126">
        <ele>927.84</ele>
      </trkpt>
      <trkpt lat="46.388951" lon="13.912819">
        <ele>926.26</ele>
      </trkpt>
      <trkpt lat="46.38899" lon="13.913064">
        <ele>924.83</ele>
      </trkpt>
      <trkpt lat="46.389109" lon="13.913258">
        <ele>923.4</ele>
      </trkpt>
      <trkpt lat="46.389612" lon="13.913729">
        <ele>918.96</ele>
      </trkpt>
      <trkpt lat="46.389797" lon="13.913934">
        <ele>917.83</ele>
      </trkpt>
      <trkpt lat="46.390145" lon="13.914187">
        <ele>915.55</ele>
      </trkpt>
      <trkpt lat="46.390333" lon="13.91431">
        <ele>914.59</ele>
      </trkpt>
      <trkpt lat="46.390473" lon="13.914426">
        <ele>914.28</ele>
      </trkpt>
      <trkpt lat="46.391081" lon="13.915242">
        <ele>909.7</ele>
      </trkpt>
      <trkpt lat="46.391132" lon="13.915331">
        <ele>909.63</ele>
      </trkpt>
      <trkpt lat="46.391146" lon="13.915405">
        <ele>909.3</ele>
      </trkpt>
      <trkpt lat="46.391131" lon="13.915528">
        <ele>908.5</ele>
      </trkpt>
      <trkpt lat="46.39105" lon="13.915766">
        <ele>907.75</ele>
      </trkpt>
      <trkpt lat="46.391042" lon="13.915858">
        <ele>907.46</ele>
      </trkpt>
      <trkpt lat="46.391064" lon="13.915923">
        <ele>907.13</ele>
      </trkpt>
      <trkpt lat="46.391127" lon="13.915999">
        <ele>907</ele>
      </trkpt>
      <trkpt lat="46.391472" lon="13.91636">
        <ele>905.5</ele>
      </trkpt>
      <trkpt lat="46.391705" lon="13.916511">
        <ele>905.48</ele>
      </trkpt>
      <trkpt lat="46.391863" lon="13.916545">
        <ele>904.63</ele>
      </trkpt>
      <trkpt lat="46.392097" lon="13.916577">
        <ele>902.96</ele>
      </trkpt>
      <trkpt lat="46.392253" lon="13.916578">
        <ele>902.6</ele>
      </trkpt>
      <trkpt lat="46.392487" lon="13.916538">
        <ele>901.75</ele>
      </trkpt>
      <trkpt lat="46.39267" lon="13.916526">
        <ele>901.32</ele>
      </trkpt>
      <trkpt lat="46.39317" lon="13.916587">
        <ele>899.65</ele>
      </trkpt>
      <trkpt lat="46.393506" lon="13.916581">
        <ele>898.25</ele>
      </trkpt>
      <trkpt lat="46.393603" lon="13.916614">
        <ele>897.33</ele>
      </trkpt>
      <trkpt lat="46.393843" lon="13.916733">
        <ele>895.27</ele>
      </trkpt>
      <trkpt lat="46.393973" lon="13.91687">
        <ele>894.11</ele>
      </trkpt>
      <trkpt lat="46.394098" lon="13.916926">
        <ele>893.64</ele>
      </trkpt>
      <trkpt lat="46.394666" lon="13.917121">
        <ele>891.18</ele>
      </trkpt>
      <trkpt lat="46.394773" lon="13.91719">
        <ele>890.39</ele>
      </trkpt>
      <trkpt lat="46.394892" lon="13.917337">
        <ele>889.35</ele>
      </trkpt>
      <trkpt lat="46.395198" lon="13.917814">
        <ele>887.81</ele>
      </trkpt>
      <trkpt lat="46.395374" lon="13.918127">
        <ele>887.28</ele>
      </trkpt>
      <trkpt lat="46.395979" lon="13.919639">
        <ele>882.67</ele>
      </trkpt>
      <trkpt lat="46.396585" lon="13.921116">
        <ele>878</ele>
      </trkpt>
      <trkpt lat="46.39672" lon="13.921464">
        <ele>877</ele>
      </trkpt>
      <trkpt lat="46.396831" lon="13.92166">
        <ele>876</ele>
      </trkpt>
      <trkpt lat="46.396971" lon="13.921776">
        <ele>875.84</ele>
      </trkpt>
      <trkpt lat="46.397248" lon="13.921945">
        <ele>874.48</ele>
      </trkpt>
      <trkpt lat="46.398072" lon="13.922492">
        <ele>871</ele>
      </trkpt>
      <trkpt lat="46.398791" lon="13.922987">
        <ele>868</ele>
      </trkpt>
      <trkpt lat="46.399022" lon="13.923161">
        <ele>867.46</ele>
      </trkpt>
      <trkpt lat="46.399185" lon="13.923237">
        <ele>866.51</ele>
      </trkpt>
      <trkpt lat="46.399293" lon="13.923262">
        <ele>866.11</ele>
      </trkpt>
      <trkpt lat="46.399515" lon="13.923241">
        <ele>865.78</ele>
      </trkpt>
      <trkpt lat="46.399688" lon="13.923211">
        <ele>865.17</ele>
      </trkpt>
      <trkpt lat="46.399772" lon="13.923179">
        <ele>865</ele>
      </trkpt>
      <trkpt lat="46.399946" lon="13.923031">
        <ele>864.12</ele>
      </trkpt>
      <trkpt lat="46.40003" lon="13.922995">
        <ele>864</ele>
      </trkpt>
      <trkpt lat="46.400189" lon="13.922958">
        <ele>863</ele>
      </trkpt>
      <trkpt lat="46.400412" lon="13.922961">
        <ele>862.94</ele>
      </trkpt>
      <trkpt lat="46.401144" lon="13.922936">
        <ele>862.21</ele>
      </trkpt>
      <trkpt lat="46.401421" lon="13.922987">
        <ele>862</ele>
      </trkpt>
      <trkpt lat="46.401644" lon="13.923071">
        <ele>862.15</ele>
      </trkpt>
      <trkpt lat="46.401837" lon="13.923179">
        <ele>862</ele>
      </trkpt>
      <trkpt lat="46.401962" lon="13.923262">
        <ele>862.14</ele>
      </trkpt>
      <trkpt lat="46.402282" lon="13.923648">
        <ele>861.75</ele>
      </trkpt>
      <trkpt lat="46.402592" lon="13.924131">
        <ele>860.66</ele>
      </trkpt>
      <trkpt lat="46.402655" lon="13.924203">
        <ele>860.65</ele>
      </trkpt>
      <trkpt lat="46.402889" lon="13.924343">
        <ele>858.37</ele>
      </trkpt>
      <trkpt lat="46.403176" lon="13.92448">
        <ele>855.54</ele>
      </trkpt>
      <trkpt lat="46.403327" lon="13.924582">
        <ele>854.23</ele>
      </trkpt>
      <trkpt lat="46.4035" lon="13.924723">
        <ele>852.72</ele>
      </trkpt>
      <trkpt lat="46.403672" lon="13.924767">
        <ele>851.32</ele>
      </trkpt>
      <trkpt lat="46.403792" lon="13.924832">
        <ele>850.31</ele>
      </trkpt>
      <trkpt lat="46.403968" lon="13.925053">
        <ele>848.69</ele>
      </trkpt>
      <trkpt lat="46.404134" lon="13.925137">
        <ele>847.42</ele>
      </trkpt>
      <trkpt lat="46.404265" lon="13.925233">
        <ele>846.32</ele>
      </trkpt>
      <trkpt lat="46.404326" lon="13.925303">
        <ele>845.8</ele>
      </trkpt>
      <trkpt lat="46.404399" lon="13.92542">
        <ele>845.2</ele>
      </trkpt>
      <trkpt lat="46.404693" lon="13.925725">
        <ele>843.71</ele>
      </trkpt>
      <trkpt lat="46.404879" lon="13.925892">
        <ele>842.14</ele>
      </trkpt>
      <trkpt lat="46.405234" lon="13.92611">
        <ele>840.17</ele>
      </trkpt>
      <trkpt lat="46.406027" lon="13.926351">
        <ele>839.04</ele>
      </trkpt>
      <trkpt lat="46.406124" lon="13.926416">
        <ele>839.24</ele>
      </trkpt>
      <trkpt lat="46.406316" lon="13.926618">
        <ele>840.95</ele>
      </trkpt>
      <trkpt lat="46.406963" lon="13.927298">
        <ele>835.44</ele>
      </trkpt>
      <trkpt lat="46.407805" lon="13.928114">
        <ele>831.32</ele>
      </trkpt>
      <trkpt lat="46.407952" lon="13.928303">
        <ele>831</ele>
      </trkpt>
      <trkpt lat="46.40806" lon="13.928393">
        <ele>830.32</ele>
      </trkpt>
      <trkpt lat="46.408172" lon="13.928424">
        <ele>830</ele>
      </trkpt>
      <trkpt lat="46.4083" lon="13.928403">
        <ele>829.29</ele>
      </trkpt>
      <trkpt lat="46.408403" lon="13.928438">
        <ele>829</ele>
      </trkpt>
      <trkpt lat="46.40854" lon="13.928678">
        <ele>828.3</ele>
      </trkpt>
      <trkpt lat="46.408796" lon="13.92909">
        <ele>827.15</ele>
      </trkpt>
      <trkpt lat="46.408964" lon="13.929395">
        <ele>826.45</ele>
      </trkpt>
      <trkpt lat="46.409206" lon="13.92959">
        <ele>824.34</ele>
      </trkpt>
      <trkpt lat="46.409311" lon="13.929656">
        <ele>824.18</ele>
      </trkpt>
      <trkpt lat="46.409586" lon="13.929675">
        <ele>822.59</ele>
      </trkpt>
      <trkpt lat="46.410073" lon="13.92978">
        <ele>822.56</ele>
      </trkpt>
      <trkpt lat="46.410326" lon="13.929903">
        <ele>823.44</ele>
      </trkpt>
      <trkpt lat="46.410516" lon="13.930052">
        <ele>824.36</ele>
      </trkpt>
      <trkpt lat="46.410678" lon="13.930154">
        <ele>823.56</ele>
      </trkpt>
      <trkpt lat="46.410767" lon="13.930156">
        <ele>823.25</ele>
      </trkpt>
      <trkpt lat="46.410895" lon="13.930159">
        <ele>822.8</ele>
      </trkpt>
      <trkpt lat="46.411447" lon="13.929934">
        <ele>820.75</ele>
      </trkpt>
      <trkpt lat="46.411898" lon="13.929766">
        <ele>819</ele>
      </trkpt>
      <trkpt lat="46.412136" lon="13.929759">
        <ele>818</ele>
      </trkpt>
      <trkpt lat="46.412446" lon="13.92982">
        <ele>817.73</ele>
      </trkpt>
      <trkpt lat="46.413493" lon="13.930257">
        <ele>813.44</ele>
      </trkpt>
      <trkpt lat="46.413782" lon="13.930392">
        <ele>812.07</ele>
      </trkpt>
      <trkpt lat="46.414042" lon="13.930537">
        <ele>810.91</ele>
      </trkpt>
      <trkpt lat="46.414208" lon="13.930697">
        <ele>810.47</ele>
      </trkpt>
      <trkpt lat="46.41449" lon="13.931016">
        <ele>809.04</ele>
      </trkpt>
      <trkpt lat="46.414625" lon="13.931097">
        <ele>809</ele>
      </trkpt>
      <trkpt lat="46.414792" lon="13.93115">
        <ele>808.37</ele>
      </trkpt>
      <trkpt lat="46.415247" lon="13.93113">
        <ele>807</ele>
      </trkpt>
      <trkpt lat="46.415516" lon="13.930919">
        <ele>807</ele>
      </trkpt>
      <trkpt lat="46.415827" lon="13.93091">
        <ele>806</ele>
      </trkpt>
      <trkpt lat="46.416369" lon="13.931163">
        <ele>804</ele>
      </trkpt>
      <trkpt lat="46.416499" lon="13.931163">
        <ele>804</ele>
      </trkpt>
      <trkpt lat="46.416815" lon="13.931196">
        <ele>802.7</ele>
      </trkpt>
      <trkpt lat="46.416993" lon="13.931131">
        <ele>801.22</ele>
      </trkpt>
      <trkpt lat="46.41706" lon="13.931009">
        <ele>799.52</ele>
      </trkpt>
      <trkpt lat="46.41707" lon="13.930728">
        <ele>796.3</ele>
      </trkpt>
      <trkpt lat="46.417142" lon="13.930493">
        <ele>797.25</ele>
      </trkpt>
      <trkpt lat="46.417564" lon="13.930194">
        <ele>801.81</ele>
      </trkpt>
      <trkpt lat="46.417775" lon="13.930044">
        <ele>800.46</ele>
      </trkpt>
      <trkpt lat="46.417974" lon="13.930177">
        <ele>800</ele>
      </trkpt>
      <trkpt lat="46.418088" lon="13.930297">
        <ele>799.91</ele>
      </trkpt>
      <trkpt lat="46.4182" lon="13.930391">
        <ele>799.07</ele>
      </trkpt>
      <trkpt lat="46.418344" lon="13.930455">
        <ele>798.71</ele>
      </trkpt>
      <trkpt lat="46.418497" lon="13.930471">
        <ele>798.12</ele>
      </trkpt>
      <trkpt lat="46.418734" lon="13.93043">
        <ele>797.31</ele>
      </trkpt>
      <trkpt lat="46.419006" lon="13.930355">
        <ele>796.01</ele>
      </trkpt>
      <trkpt lat="46.419159" lon="13.930342">
        <ele>795.72</ele>
      </trkpt>
      <trkpt lat="46.419272" lon="13.930347">
        <ele>795</ele>
      </trkpt>
      <trkpt lat="46.419491" lon="13.930429">
        <ele>794.79</ele>
      </trkpt>
      <trkpt lat="46.419768" lon="13.93048">
        <ele>793.59</ele>
      </trkpt>
      <trkpt lat="46.419951" lon="13.930498">
        <ele>793</ele>
      </trkpt>
      <trkpt lat="46.420069" lon="13.930498">
        <ele>792.49</ele>
      </trkpt>
      <trkpt lat="46.420363" lon="13.930398">
        <ele>791.59</ele>
      </trkpt>
      <trkpt lat="46.420533" lon="13.930415">
        <ele>791.01</ele>
      </trkpt>
      <trkpt lat="46.420683" lon="13.930458">
        <ele>790.91</ele>
      </trkpt>
      <trkpt lat="46.420767" lon="13.930499">
        <ele>790.61</ele>
      </trkpt>
      <trkpt lat="46.420988" lon="13.930542">
        <ele>790</ele>
      </trkpt>
      <trkpt lat="46.421388" lon="13.930589">
        <ele>788.86</ele>
      </trkpt>
      <trkpt lat="46.421649" lon="13.9308">
        <ele>786.63</ele>
      </trkpt>
      <trkpt lat="46.421844" lon="13.930907">
        <ele>786.19</ele>
      </trkpt>
      <trkpt lat="46.422229" lon="13.931031">
        <ele>786.77</ele>
      </trkpt>
      <trkpt lat="46.422441" lon="13.93118">
        <ele>784.97</ele>
      </trkpt>
      <trkpt lat="46.422635" lon="13.931372">
        <ele>784.51</ele>
      </trkpt>
      <trkpt lat="46.42285" lon="13.931515">
        <ele>784</ele>
      </trkpt>
      <trkpt lat="46.422976" lon="13.93158">
        <ele>783.53</ele>
      </trkpt>
      <trkpt lat="46.423346" lon="13.931731">
        <ele>782</ele>
      </trkpt>
      <trkpt lat="46.423587" lon="13.931781">
        <ele>781</ele>
      </trkpt>
      <trkpt lat="46.423861" lon="13.931822">
        <ele>780</ele>
      </trkpt>
      <trkpt lat="46.424062" lon="13.931819">
        <ele>779.36</ele>
      </trkpt>
      <trkpt lat="46.424329" lon="13.931781">
        <ele>779</ele>
      </trkpt>
      <trkpt lat="46.424862" lon="13.931657">
        <ele>777</ele>
      </trkpt>
      <trkpt lat="46.425186" lon="13.931606">
        <ele>775.89</ele>
      </trkpt>
      <trkpt lat="46.425742" lon="13.931545">
        <ele>774</ele>
      </trkpt>
      <trkpt lat="46.426015" lon="13.931557">
        <ele>775</ele>
      </trkpt>
      <trkpt lat="46.42622" lon="13.931594">
        <ele>775.84</ele>
      </trkpt>
      <trkpt lat="46.426646" lon="13.931722">
        <ele>776.63</ele>
      </trkpt>
      <trkpt lat="46.426796" lon="13.93173">
        <ele>777.21</ele>
      </trkpt>
      <trkpt lat="46.426937" lon="13.931723">
        <ele>777.92</ele>
      </trkpt>
      <trkpt lat="46.427393" lon="13.931598">
        <ele>779.72</ele>
      </trkpt>
      <trkpt lat="46.427622" lon="13.931558">
        <ele>780.2</ele>
      </trkpt>
      <trkpt lat="46.428008" lon="13.931469">
        <ele>781.91</ele>
      </trkpt>
      <trkpt lat="46.428145" lon="13.931382">
        <ele>782.37</ele>
      </trkpt>
      <trkpt lat="46.428394" lon="13.931192">
        <ele>783.53</ele>
      </trkpt>
      <trkpt lat="46.428754" lon="13.930711">
        <ele>785.18</ele>
      </trkpt>
      <trkpt lat="46.428882" lon="13.930523">
        <ele>785.32</ele>
      </trkpt>
      <trkpt lat="46.42904" lon="13.930353">
        <ele>785.82</ele>
      </trkpt>
      <trkpt lat="46.429309" lon="13.930107">
        <ele>785.9</ele>
      </trkpt>
      <trkpt lat="46.429398" lon="13.930062">
        <ele>785.92</ele>
      </trkpt>
      <trkpt lat="46.429579" lon="13.929994">
        <ele>786</ele>
      </trkpt>
      <trkpt lat="46.429738" lon="13.929955">
        <ele>785.83</ele>
      </trkpt>
      <trkpt lat="46.430062" lon="13.93">
        <ele>785.49</ele>
      </trkpt>
      <trkpt lat="46.430476" lon="13.929989">
        <ele>785.05</ele>
      </trkpt>
      <trkpt lat="46.4307" lon="13.929892">
        <ele>785</ele>
      </trkpt>
      <trkpt lat="46.431178" lon="13.929495">
        <ele>785.54</ele>
      </trkpt>
      <trkpt lat="46.431321" lon="13.929431">
        <ele>785.67</ele>
      </trkpt>
      <trkpt lat="46.431495" lon="13.929399">
        <ele>787.03</ele>
      </trkpt>
      <trkpt lat="46.431581" lon="13.92941">
        <ele>787.79</ele>
      </trkpt>
      <trkpt lat="46.431853" lon="13.929519">
        <ele>793.63</ele>
      </trkpt>
      <trkpt lat="46.432067" lon="13.929521">
        <ele>797.02</ele>
      </trkpt>
      <trkpt lat="46.432226" lon="13.929487">
        <ele>799.4</ele>
      </trkpt>
      <trkpt lat="46.432372" lon="13.929468">
        <ele>801.74</ele>
      </trkpt>
      <trkpt lat="46.432489" lon="13.92948">
        <ele>803.79</ele>
      </trkpt>
      <trkpt lat="46.432652" lon="13.929467">
        <ele>807.56</ele>
      </trkpt>
      <trkpt lat="46.432798" lon="13.929512">
        <ele>810.01</ele>
      </trkpt>
      <trkpt lat="46.432987" lon="13.929599">
        <ele>812.52</ele>
      </trkpt>
      <trkpt lat="46.43323" lon="13.92979">
        <ele>817.18</ele>
      </trkpt>
      <trkpt lat="46.433355" lon="13.929871">
        <ele>820.49</ele>
      </trkpt>
      <trkpt lat="46.433511" lon="13.929894">
        <ele>822.97</ele>
      </trkpt>
      <trkpt lat="46.433604" lon="13.929942">
        <ele>825.14</ele>
      </trkpt>
      <trkpt lat="46.433877" lon="13.930158">
        <ele>830.42</ele>
      </trkpt>
      <trkpt lat="46.433913" lon="13.930329">
        <ele>831.83</ele>
      </trkpt>
      <trkpt lat="46.434" lon="13.930368">
        <ele>832.76</ele>
      </trkpt>
      <trkpt lat="46.434088" lon="13.930447">
        <ele>834.01</ele>
      </trkpt>
      <trkpt lat="46.434493" lon="13.930692">
        <ele>836.66</ele>
      </trkpt>
      <trkpt lat="46.43544" lon="13.931072">
        <ele>844.29</ele>
      </trkpt>
      <trkpt lat="46.435616" lon="13.931089">
        <ele>846.15</ele>
      </trkpt>
      <trkpt lat="46.435875" lon="13.931073">
        <ele>847.12</ele>
      </trkpt>
      <trkpt lat="46.436927" lon="13.930951">
        <ele>844.83</ele>
      </trkpt>
      <trkpt lat="46.43753" lon="13.931014">
        <ele>845.4</ele>
      </trkpt>
      <trkpt lat="46.437994" lon="13.931148">
        <ele>842.89</ele>
      </trkpt>
      <trkpt lat="46.438096" lon="13.931149">
        <ele>842.33</ele>
      </trkpt>
      <trkpt lat="46.438466" lon="13.930903">
        <ele>841</ele>
      </trkpt>
      <trkpt lat="46.438584" lon="13.930835">
        <ele>840.93</ele>
      </trkpt>
      <trkpt lat="46.438679" lon="13.930827">
        <ele>840.58</ele>
      </trkpt>
      <trkpt lat="46.438796" lon="13.930869">
        <ele>839.68</ele>
      </trkpt>
      <trkpt lat="46.438939" lon="13.93096">
        <ele>837.85</ele>
      </trkpt>
      <trkpt lat="46.439038" lon="13.931061">
        <ele>836.59</ele>
      </trkpt>
      <trkpt lat="46.439158" lon="13.931288">
        <ele>833.9</ele>
      </trkpt>
      <trkpt lat="46.439351" lon="13.931662">
        <ele>832.94</ele>
      </trkpt>
      <trkpt lat="46.439431" lon="13.931768">
        <ele>831.8</ele>
      </trkpt>
      <trkpt lat="46.439554" lon="13.931818">
        <ele>830.99</ele>
      </trkpt>
      <trkpt lat="46.440054" lon="13.931927">
        <ele>826.01</ele>
      </trkpt>
      <trkpt lat="46.440551" lon="13.932009">
        <ele>823.64</ele>
      </trkpt>
      <trkpt lat="46.440716" lon="13.931989">
        <ele>822.51</ele>
      </trkpt>
      <trkpt lat="46.441017" lon="13.931893">
        <ele>821.47</ele>
      </trkpt>
      <trkpt lat="46.441598" lon="13.931888">
        <ele>818.44</ele>
      </trkpt>
      <trkpt lat="46.442637" lon="13.93201">
        <ele>812.98</ele>
      </trkpt>
      <trkpt lat="46.442901" lon="13.932089">
        <ele>809.58</ele>
      </trkpt>
      <trkpt lat="46.443348" lon="13.932354">
        <ele>804.67</ele>
      </trkpt>
      <trkpt lat="46.443649" lon="13.932488">
        <ele>800.46</ele>
      </trkpt>
      <trkpt lat="46.443869" lon="13.932535">
        <ele>797.94</ele>
      </trkpt>
      <trkpt lat="46.44411" lon="13.932552">
        <ele>796.08</ele>
      </trkpt>
      <trkpt lat="46.444745" lon="13.932465">
        <ele>789.88</ele>
      </trkpt>
      <trkpt lat="46.445274" lon="13.932406">
        <ele>785.69</ele>
      </trkpt>
      <trkpt lat="46.445575" lon="13.932459">
        <ele>780.95</ele>
      </trkpt>
      <trkpt lat="46.446242" lon="13.932547">
        <ele>774.75</ele>
      </trkpt>
      <trkpt lat="46.446764" lon="13.932524">
        <ele>770.17</ele>
      </trkpt>
      <trkpt lat="46.447224" lon="13.932637">
        <ele>767.91</ele>
      </trkpt>
      <trkpt lat="46.448013" lon="13.932901">
        <ele>764.64</ele>
      </trkpt>
      <trkpt lat="46.448539" lon="13.933078">
        <ele>759.87</ele>
      </trkpt>
      <trkpt lat="46.448835" lon="13.933263">
        <ele>757.98</ele>
      </trkpt>
      <trkpt lat="46.449071" lon="13.933484">
        <ele>755.64</ele>
      </trkpt>
      <trkpt lat="46.449266" lon="13.933759">
        <ele>755.37</ele>
      </trkpt>
      <trkpt lat="46.44946" lon="13.934252">
        <ele>752.13</ele>
      </trkpt>
      <trkpt lat="46.449585" lon="13.934626">
        <ele>751.09</ele>
      </trkpt>
      <trkpt lat="46.44977" lon="13.934993">
        <ele>749.29</ele>
      </trkpt>
      <trkpt lat="46.449903" lon="13.935169">
        <ele>747.41</ele>
      </trkpt>
      <trkpt lat="46.450179" lon="13.935401">
        <ele>744.15</ele>
      </trkpt>
      <trkpt lat="46.45044" lon="13.935488">
        <ele>741.75</ele>
      </trkpt>
      <trkpt lat="46.450841" lon="13.935546">
        <ele>736.6</ele>
      </trkpt>
      <trkpt lat="46.451029" lon="13.935638">
        <ele>735.14</ele>
      </trkpt>
      <trkpt lat="46.451541" lon="13.936053">
        <ele>732.19</ele>
      </trkpt>
      <trkpt lat="46.451677" lon="13.936126">
        <ele>732.92</ele>
      </trkpt>
      <trkpt lat="46.452028" lon="13.936117">
        <ele>732.15</ele>
      </trkpt>
      <trkpt lat="46.452775" lon="13.936018">
        <ele>722.94</ele>
      </trkpt>
      <trkpt lat="46.452923" lon="13.936089">
        <ele>723.08</ele>
      </trkpt>
      <trkpt lat="46.452982" lon="13.93626">
        <ele>721.97</ele>
      </trkpt>
      <trkpt lat="46.452953" lon="13.936577">
        <ele>719.24</ele>
      </trkpt>
      <trkpt lat="46.453023" lon="13.936936">
        <ele>716.12</ele>
      </trkpt>
      <trkpt lat="46.453157" lon="13.937092">
        <ele>713.01</ele>
      </trkpt>
      <trkpt lat="46.453567" lon="13.93754">
        <ele>705.19</ele>
      </trkpt>
      <trkpt lat="46.454521" lon="13.938635">
        <ele>690.88</ele>
      </trkpt>
      <trkpt lat="46.454635" lon="13.938671">
        <ele>688.86</ele>
      </trkpt>
      <trkpt lat="46.454806" lon="13.9386">
        <ele>685.97</ele>
      </trkpt>
      <trkpt lat="46.455066" lon="13.938396">
        <ele>682.79</ele>
      </trkpt>
      <trkpt lat="46.455166" lon="13.938374">
        <ele>681.93</ele>
      </trkpt>
      <trkpt lat="46.455122" lon="13.938142">
        <ele>680.57</ele>
      </trkpt>
      <trkpt lat="46.455024" lon="13.937824">
        <ele>678.57</ele>
      </trkpt>
      <trkpt lat="46.454988" lon="13.937547">
        <ele>676.2</ele>
      </trkpt>
      <trkpt lat="46.454975" lon="13.937264">
        <ele>674.56</ele>
      </trkpt>
      <trkpt lat="46.454987" lon="13.937042">
        <ele>674.26</ele>
      </trkpt>
      <trkpt lat="46.45505" lon="13.936847">
        <ele>673.42</ele>
      </trkpt>
      <trkpt lat="46.455154" lon="13.936561">
        <ele>673</ele>
      </trkpt>
      <trkpt lat="46.455273" lon="13.936373">
        <ele>673.14</ele>
      </trkpt>
      <trkpt lat="46.455619" lon="13.935826">
        <ele>673.55</ele>
      </trkpt>
      <trkpt lat="46.455771" lon="13.935748">
        <ele>673.95</ele>
      </trkpt>
      <trkpt lat="46.455866" lon="13.935588">
        <ele>674.03</ele>
      </trkpt>
      <trkpt lat="46.455963" lon="13.935161">
        <ele>673.57</ele>
      </trkpt>
      <trkpt lat="46.455984" lon="13.935095">
        <ele>672.72</ele>
      </trkpt>
      <trkpt lat="46.455986" lon="13.935054">
        <ele>672.05</ele>
      </trkpt>
      <trkpt lat="46.456157" lon="13.934896">
        <ele>666.74</ele>
      </trkpt>
      <trkpt lat="46.456383" lon="13.93478">
        <ele>659.74</ele>
      </trkpt>
      <trkpt lat="46.456724" lon="13.935077">
        <ele>658.62</ele>
      </trkpt>
      <trkpt lat="46.45685" lon="13.935271">
        <ele>658.35</ele>
      </trkpt>
      <trkpt lat="46.457009" lon="13.93556">
        <ele>657.93</ele>
      </trkpt>
      <trkpt lat="46.457181" lon="13.935983">
        <ele>657.9</ele>
      </trkpt>
      <trkpt lat="46.457356" lon="13.9363">
        <ele>656.68</ele>
      </trkpt>
      <trkpt lat="46.457424" lon="13.936215">
        <ele>654.42</ele>
      </trkpt>
      <trkpt lat="46.457473" lon="13.936171">
        <ele>654</ele>
      </trkpt>
      <trkpt lat="46.457523" lon="13.936129">
        <ele>654.41</ele>
      </trkpt>
      <trkpt lat="46.457582" lon="13.936098">
        <ele>656.14</ele>
      </trkpt>
      <trkpt lat="46.457674" lon="13.936032">
        <ele>658.22</ele>
      </trkpt>
      <trkpt lat="46.457763" lon="13.936079">
        <ele>658.97</ele>
      </trkpt>
      <trkpt lat="46.458211" lon="13.935744">
        <ele>659</ele>
      </trkpt>
      <trkpt lat="46.458417" lon="13.935948">
        <ele>658.78</ele>
      </trkpt>
    </trkseg>
  </trk>
</gpx>
