<?xml version="1.0" encoding="UTF-8"?>
<gpx creator="https://gpx.studio" version="1.1" xmlns="http://www.topografix.com/GPX/1/1" xmlns:xsi="http://www.w3.org/2001/XMLSchema-instance" xsi:schemaLocation="http://www.topografix.com/GPX/1/1 http://www.topografix.com/GPX/1/1/gpx.xsd http://www.garmin.com/xmlschemas/GpxExtensions/v3 http://www.garmin.com/xmlschemas/GpxExtensionsv3.xsd http://www.garmin.com/xmlschemas/TrackPointExtension/v1 http://www.garmin.com/xmlschemas/TrackPointExtensionv1.xsd http://www.garmin.com/xmlschemas/PowerExtension/v1 http://www.garmin.com/xmlschemas/PowerExtensionv1.xsd http://www.topografix.com/GPX/gpx_style/0/2 http://www.topografix.com/GPX/gpx_style/0/2/gpx_style.xsd" xmlns:gpxtpx="http://www.garmin.com/xmlschemas/TrackPointExtension/v1" xmlns:gpxx="http://www.garmin.com/xmlschemas/GpxExtensions/v3" xmlns:gpxpx="http://www.garmin.com/xmlschemas/PowerExtension/v1" xmlns:gpx_style="http://www.topografix.com/GPX/gpx_style/0/2">
  <metadata>
    <name>triglav-trail-26km</name>
    <author>
      <name>gpx.studio</name>
      <link href="https://gpx.studio"/>
    </author>
  </metadata>
  <trk>
    <name>triglav-trail-26km</name>
    <trkseg>
      <trkpt lat="46.458396" lon="13.935927">
        <ele>658.9</ele>
      </trkpt>
      <trkpt lat="46.458211" lon="13.935744">
        <ele>659</ele>
      </trkpt>
      <trkpt lat="46.457763" lon="13.936079">
        <ele>658.97</ele>
      </trkpt>
      <trkpt lat="46.457674" lon="13.936032">
        <ele>658.22</ele>
      </trkpt>
      <trkpt lat="46.457582" lon="13.936098">
        <ele>656.14</ele>
      </trkpt>
      <trkpt lat="46.457523" lon="13.936129">
        <ele>654.41</ele>
      </trkpt>
      <trkpt lat="46.457473" lon="13.936171">
        <ele>654</ele>
      </trkpt>
      <trkpt lat="46.457424" lon="13.936215">
        <ele>654.42</ele>
      </trkpt>
      <trkpt lat="46.457356" lon="13.9363">
        <ele>656.68</ele>
      </trkpt>
      <trkpt lat="46.457181" lon="13.935983">
        <ele>657.9</ele>
      </trkpt>
      <trkpt lat="46.457009" lon="13.93556">
        <ele>657.93</ele>
      </trkpt>
      <trkpt lat="46.45685" lon="13.935271">
        <ele>658.35</ele>
      </trkpt>
      <trkpt lat="46.456724" lon="13.935077">
        <ele>658.62</ele>
      </trkpt>
      <trkpt lat="46.456481" lon="13.934866">
        <ele>659.42</ele>
      </trkpt>
      <trkpt lat="46.4562" lon="13.934638">
        <ele>660.06</ele>
      </trkpt>
      <trkpt lat="46.455635" lon="13.934423">
        <ele>663.76</ele>
      </trkpt>
      <trkpt lat="46.455471" lon="13.934447">
        <ele>665.48</ele>
      </trkpt>
      <trkpt lat="46.455431" lon="13.934432">
        <ele>665.21</ele>
      </trkpt>
      <trkpt lat="46.45538" lon="13.934395">
        <ele>664.64</ele>
      </trkpt>
      <trkpt lat="46.45523" lon="13.934368">
        <ele>664.56</ele>
      </trkpt>
      <trkpt lat="46.455162" lon="13.934341">
        <ele>664.74</ele>
      </trkpt>
      <trkpt lat="46.455037" lon="13.934272">
        <ele>664.97</ele>
      </trkpt>
      <trkpt lat="46.45483" lon="13.934128">
        <ele>665.14</ele>
      </trkpt>
      <trkpt lat="46.454736" lon="13.934052">
        <ele>664.74</ele>
      </trkpt>
      <trkpt lat="46.454635" lon="13.933924">
        <ele>665.43</ele>
      </trkpt>
      <trkpt lat="46.454602" lon="13.933821">
        <ele>665.56</ele>
      </trkpt>
      <trkpt lat="46.45451" lon="13.93376">
        <ele>665.74</ele>
      </trkpt>
      <trkpt lat="46.454387" lon="13.933656">
        <ele>666.42</ele>
      </trkpt>
      <trkpt lat="46.454268" lon="13.933358">
        <ele>666.21</ele>
      </trkpt>
      <trkpt lat="46.453845" lon="13.932564">
        <ele>669.64</ele>
      </trkpt>
      <trkpt lat="46.453688" lon="13.932334">
        <ele>671.18</ele>
      </trkpt>
      <trkpt lat="46.453583" lon="13.932127">
        <ele>670.64</ele>
      </trkpt>
      <trkpt lat="46.453439" lon="13.931953">
        <ele>670.41</ele>
      </trkpt>
      <trkpt lat="46.453185" lon="13.931722">
        <ele>671.27</ele>
      </trkpt>
      <trkpt lat="46.453095" lon="13.931693">
        <ele>672.44</ele>
      </trkpt>
      <trkpt lat="46.453013" lon="13.931594">
        <ele>670.53</ele>
      </trkpt>
      <trkpt lat="46.452815" lon="13.931365">
        <ele>672.13</ele>
      </trkpt>
      <trkpt lat="46.452678" lon="13.931144">
        <ele>671.55</ele>
      </trkpt>
      <trkpt lat="46.452552" lon="13.930893">
        <ele>672.01</ele>
      </trkpt>
      <trkpt lat="46.452397" lon="13.930625">
        <ele>672.84</ele>
      </trkpt>
      <trkpt lat="46.452267" lon="13.930443">
        <ele>672.89</ele>
      </trkpt>
      <trkpt lat="46.452104" lon="13.930247">
        <ele>673.18</ele>
      </trkpt>
      <trkpt lat="46.451903" lon="13.930069">
        <ele>673.59</ele>
      </trkpt>
      <trkpt lat="46.451606" lon="13.929855">
        <ele>674.79</ele>
      </trkpt>
      <trkpt lat="46.451322" lon="13.929593">
        <ele>676.11</ele>
      </trkpt>
      <trkpt lat="46.45108" lon="13.929445">
        <ele>676.84</ele>
      </trkpt>
      <trkpt lat="46.450827" lon="13.92931">
        <ele>677.84</ele>
      </trkpt>
      <trkpt lat="46.450791" lon="13.929276">
        <ele>677.92</ele>
      </trkpt>
      <trkpt lat="46.450679" lon="13.92901">
        <ele>678.88</ele>
      </trkpt>
      <trkpt lat="46.45062" lon="13.928809">
        <ele>678.31</ele>
      </trkpt>
      <trkpt lat="46.45057" lon="13.928564">
        <ele>678.73</ele>
      </trkpt>
      <trkpt lat="46.450507" lon="13.928162">
        <ele>679.26</ele>
      </trkpt>
      <trkpt lat="46.450461" lon="13.927917">
        <ele>679.81</ele>
      </trkpt>
      <trkpt lat="46.450313" lon="13.927644">
        <ele>680.06</ele>
      </trkpt>
      <trkpt lat="46.450141" lon="13.927399">
        <ele>681.35</ele>
      </trkpt>
      <trkpt lat="46.449962" lon="13.927169">
        <ele>682.15</ele>
      </trkpt>
      <trkpt lat="46.449857" lon="13.926972">
        <ele>682.03</ele>
      </trkpt>
      <trkpt lat="46.449734" lon="13.926675">
        <ele>682.93</ele>
      </trkpt>
      <trkpt lat="46.449543" lon="13.926488">
        <ele>683.48</ele>
      </trkpt>
      <trkpt lat="46.449368" lon="13.926382">
        <ele>683.61</ele>
      </trkpt>
      <trkpt lat="46.449211" lon="13.926271">
        <ele>684.15</ele>
      </trkpt>
      <trkpt lat="46.44909" lon="13.926054">
        <ele>684.16</ele>
      </trkpt>
      <trkpt lat="46.44903" lon="13.925874">
        <ele>683.9</ele>
      </trkpt>
      <trkpt lat="46.449008" lon="13.925749">
        <ele>683.83</ele>
      </trkpt>
      <trkpt lat="46.448949" lon="13.925604">
        <ele>684.28</ele>
      </trkpt>
      <trkpt lat="46.448878" lon="13.925503">
        <ele>685.53</ele>
      </trkpt>
      <trkpt lat="46.448848" lon="13.925322">
        <ele>684.94</ele>
      </trkpt>
      <trkpt lat="46.448802" lon="13.924331">
        <ele>684.51</ele>
      </trkpt>
      <trkpt lat="46.448857" lon="13.924142">
        <ele>683.56</ele>
      </trkpt>
      <trkpt lat="46.448878" lon="13.923942">
        <ele>684.19</ele>
      </trkpt>
      <trkpt lat="46.448712" lon="13.923858">
        <ele>688.22</ele>
      </trkpt>
      <trkpt lat="46.448763" lon="13.923247">
        <ele>686.98</ele>
      </trkpt>
      <trkpt lat="46.448764" lon="13.923038">
        <ele>687.81</ele>
      </trkpt>
      <trkpt lat="46.448755" lon="13.922892">
        <ele>688.15</ele>
      </trkpt>
      <trkpt lat="46.448763" lon="13.922749">
        <ele>687.98</ele>
      </trkpt>
      <trkpt lat="46.448747" lon="13.922591">
        <ele>688.34</ele>
      </trkpt>
      <trkpt lat="46.448717" lon="13.922466">
        <ele>688.88</ele>
      </trkpt>
      <trkpt lat="46.448686" lon="13.922377">
        <ele>688.78</ele>
      </trkpt>
      <trkpt lat="46.448612" lon="13.922277">
        <ele>689.49</ele>
      </trkpt>
      <trkpt lat="46.448314" lon="13.922124">
        <ele>691.11</ele>
      </trkpt>
      <trkpt lat="46.448025" lon="13.922018">
        <ele>691.66</ele>
      </trkpt>
      <trkpt lat="46.447828" lon="13.921882">
        <ele>691.57</ele>
      </trkpt>
      <trkpt lat="46.447708" lon="13.92176">
        <ele>692.17</ele>
      </trkpt>
      <trkpt lat="46.447636" lon="13.921619">
        <ele>693.88</ele>
      </trkpt>
      <trkpt lat="46.447614" lon="13.921483">
        <ele>694.34</ele>
      </trkpt>
      <trkpt lat="46.447598" lon="13.921382">
        <ele>694.68</ele>
      </trkpt>
      <trkpt lat="46.44759" lon="13.921255">
        <ele>694.53</ele>
      </trkpt>
      <trkpt lat="46.44761" lon="13.921125">
        <ele>693.85</ele>
      </trkpt>
      <trkpt lat="46.447694" lon="13.92089">
        <ele>693.33</ele>
      </trkpt>
      <trkpt lat="46.447703" lon="13.920781">
        <ele>693.81</ele>
      </trkpt>
      <trkpt lat="46.447787" lon="13.920599">
        <ele>692.92</ele>
      </trkpt>
      <trkpt lat="46.447863" lon="13.920487">
        <ele>693.19</ele>
      </trkpt>
      <trkpt lat="46.447913" lon="13.920323">
        <ele>693.25</ele>
      </trkpt>
      <trkpt lat="46.44798" lon="13.919982">
        <ele>693.95</ele>
      </trkpt>
      <trkpt lat="46.447979" lon="13.919905">
        <ele>694.21</ele>
      </trkpt>
      <trkpt lat="46.447961" lon="13.919815">
        <ele>694.64</ele>
      </trkpt>
      <trkpt lat="46.447877" lon="13.919637">
        <ele>695.2</ele>
      </trkpt>
      <trkpt lat="46.447751" lon="13.919417">
        <ele>695.36</ele>
      </trkpt>
      <trkpt lat="46.447606" lon="13.91921">
        <ele>695.67</ele>
      </trkpt>
      <trkpt lat="46.447451" lon="13.919042">
        <ele>696.09</ele>
      </trkpt>
      <trkpt lat="46.446915" lon="13.91865">
        <ele>697.58</ele>
      </trkpt>
      <trkpt lat="46.446836" lon="13.918564">
        <ele>698</ele>
      </trkpt>
      <trkpt lat="46.446654" lon="13.91823">
        <ele>698</ele>
      </trkpt>
      <trkpt lat="46.446261" lon="13.917319">
        <ele>700.01</ele>
      </trkpt>
      <trkpt lat="46.446103" lon="13.917022">
        <ele>701.42</ele>
      </trkpt>
      <trkpt lat="46.446007" lon="13.916806">
        <ele>702.05</ele>
      </trkpt>
      <trkpt lat="46.445893" lon="13.916459">
        <ele>702.93</ele>
      </trkpt>
      <trkpt lat="46.445768" lon="13.91616">
        <ele>702.38</ele>
      </trkpt>
      <trkpt lat="46.445683" lon="13.915912">
        <ele>702.43</ele>
      </trkpt>
      <trkpt lat="46.445515" lon="13.915471">
        <ele>702.38</ele>
      </trkpt>
      <trkpt lat="46.44522" lon="13.914911">
        <ele>705.74</ele>
      </trkpt>
      <trkpt lat="46.445077" lon="13.914726">
        <ele>706.24</ele>
      </trkpt>
      <trkpt lat="46.444914" lon="13.914542">
        <ele>708</ele>
      </trkpt>
      <trkpt lat="46.444605" lon="13.914069">
        <ele>709.06</ele>
      </trkpt>
      <trkpt lat="46.444189" lon="13.913372">
        <ele>711.41</ele>
      </trkpt>
      <trkpt lat="46.444065" lon="13.913135">
        <ele>710.59</ele>
      </trkpt>
      <trkpt lat="46.443929" lon="13.912845">
        <ele>710.69</ele>
      </trkpt>
      <trkpt lat="46.443772" lon="13.912327">
        <ele>711</ele>
      </trkpt>
      <trkpt lat="46.443631" lon="13.91177">
        <ele>712</ele>
      </trkpt>
      <trkpt lat="46.443565" lon="13.911553">
        <ele>712</ele>
      </trkpt>
      <trkpt lat="46.443471" lon="13.911306">
        <ele>713</ele>
      </trkpt>
      <trkpt lat="46.443235" lon="13.910842">
        <ele>715</ele>
      </trkpt>
      <trkpt lat="46.44308" lon="13.910495">
        <ele>716.71</ele>
      </trkpt>
      <trkpt lat="46.442977" lon="13.910152">
        <ele>717</ele>
      </trkpt>
      <trkpt lat="46.442947" lon="13.909968">
        <ele>717.84</ele>
      </trkpt>
      <trkpt lat="46.442944" lon="13.909822">
        <ele>717.54</ele>
      </trkpt>
      <trkpt lat="46.442942" lon="13.909726">
        <ele>717.34</ele>
      </trkpt>
      <trkpt lat="46.44296" lon="13.909251">
        <ele>718</ele>
      </trkpt>
      <trkpt lat="46.442991" lon="13.908892">
        <ele>719</ele>
      </trkpt>
      <trkpt lat="46.443005" lon="13.908643">
        <ele>719.53</ele>
      </trkpt>
      <trkpt lat="46.442996" lon="13.908419">
        <ele>720</ele>
      </trkpt>
      <trkpt lat="46.442967" lon="13.908227">
        <ele>719.89</ele>
      </trkpt>
      <trkpt lat="46.44285" lon="13.907892">
        <ele>719.88</ele>
      </trkpt>
      <trkpt lat="46.44275" lon="13.907446">
        <ele>720</ele>
      </trkpt>
      <trkpt lat="46.442613" lon="13.906525">
        <ele>720.98</ele>
      </trkpt>
      <trkpt lat="46.442467" lon="13.90565">
        <ele>722.21</ele>
      </trkpt>
      <trkpt lat="46.442354" lon="13.905261">
        <ele>724.06</ele>
      </trkpt>
      <trkpt lat="46.442059" lon="13.904658">
        <ele>726</ele>
      </trkpt>
      <trkpt lat="46.441947" lon="13.904365">
        <ele>727.2</ele>
      </trkpt>
      <trkpt lat="46.441839" lon="13.903953">
        <ele>728</ele>
      </trkpt>
      <trkpt lat="46.441758" lon="13.903462">
        <ele>729.06</ele>
      </trkpt>
      <trkpt lat="46.44171" lon="13.902856">
        <ele>730</ele>
      </trkpt>
      <trkpt lat="46.441624" lon="13.902621">
        <ele>731.44</ele>
      </trkpt>
      <trkpt lat="46.441386" lon="13.902475">
        <ele>733.83</ele>
      </trkpt>
      <trkpt lat="46.441288" lon="13.902364">
        <ele>734.06</ele>
      </trkpt>
      <trkpt lat="46.440972" lon="13.901845">
        <ele>733.98</ele>
      </trkpt>
      <trkpt lat="46.440974" lon="13.901724">
        <ele>733.77</ele>
      </trkpt>
      <trkpt lat="46.44093" lon="13.901706">
        <ele>734.07</ele>
      </trkpt>
      <trkpt lat="46.440974" lon="13.901724">
        <ele>733.77</ele>
      </trkpt>
      <trkpt lat="46.441049" lon="13.901398">
        <ele>734.64</ele>
      </trkpt>
      <trkpt lat="46.441103" lon="13.901071">
        <ele>735.04</ele>
      </trkpt>
      <trkpt lat="46.440782" lon="13.900822">
        <ele>736</ele>
      </trkpt>
      <trkpt lat="46.440366" lon="13.900336">
        <ele>737.14</ele>
      </trkpt>
      <trkpt lat="46.440093" lon="13.899572">
        <ele>739.27</ele>
      </trkpt>
      <trkpt lat="46.439938" lon="13.899292">
        <ele>740.42</ele>
      </trkpt>
      <trkpt lat="46.439853" lon="13.89899">
        <ele>740.5</ele>
      </trkpt>
      <trkpt lat="46.439782" lon="13.898805">
        <ele>741.51</ele>
      </trkpt>
      <trkpt lat="46.439737" lon="13.898535">
        <ele>743.2</ele>
      </trkpt>
      <trkpt lat="46.439637" lon="13.898135">
        <ele>745.7</ele>
      </trkpt>
      <trkpt lat="46.439537" lon="13.897734">
        <ele>744.83</ele>
      </trkpt>
      <trkpt lat="46.439344" lon="13.897296">
        <ele>744.28</ele>
      </trkpt>
      <trkpt lat="46.439118" lon="13.896902">
        <ele>746.74</ele>
      </trkpt>
      <trkpt lat="46.438883" lon="13.896555">
        <ele>751.64</ele>
      </trkpt>
      <trkpt lat="46.438678" lon="13.896319">
        <ele>753.24</ele>
      </trkpt>
      <trkpt lat="46.438556" lon="13.8962">
        <ele>753.6</ele>
      </trkpt>
      <trkpt lat="46.438365" lon="13.896114">
        <ele>753.86</ele>
      </trkpt>
      <trkpt lat="46.438277" lon="13.896047">
        <ele>753.98</ele>
      </trkpt>
      <trkpt lat="46.438219" lon="13.895968">
        <ele>754.09</ele>
      </trkpt>
      <trkpt lat="46.438178" lon="13.895872">
        <ele>754.21</ele>
      </trkpt>
      <trkpt lat="46.438157" lon="13.89567">
        <ele>754.45</ele>
      </trkpt>
      <trkpt lat="46.438117" lon="13.895427">
        <ele>754.06</ele>
      </trkpt>
      <trkpt lat="46.437991" lon="13.894631">
        <ele>758.31</ele>
      </trkpt>
      <trkpt lat="46.437867" lon="13.894158">
        <ele>756.17</ele>
      </trkpt>
      <trkpt lat="46.43774" lon="13.893753">
        <ele>755.14</ele>
      </trkpt>
      <trkpt lat="46.437557" lon="13.893244">
        <ele>757.59</ele>
      </trkpt>
      <trkpt lat="46.43741" lon="13.892942">
        <ele>758.36</ele>
      </trkpt>
      <trkpt lat="46.43741" lon="13.892942">
        <ele>758.36</ele>
      </trkpt>
      <trkpt lat="46.43721" lon="13.892531">
        <ele>759.4</ele>
      </trkpt>
      <trkpt lat="46.437139" lon="13.892284">
        <ele>760.21</ele>
      </trkpt>
      <trkpt lat="46.437104" lon="13.891953">
        <ele>761.3</ele>
      </trkpt>
      <trkpt lat="46.43709" lon="13.891436">
        <ele>764.61</ele>
      </trkpt>
      <trkpt lat="46.437047" lon="13.891225">
        <ele>767.85</ele>
      </trkpt>
      <trkpt lat="46.436978" lon="13.891054">
        <ele>769.91</ele>
      </trkpt>
      <trkpt lat="46.436735" lon="13.890728">
        <ele>780.08</ele>
      </trkpt>
      <trkpt lat="46.4365" lon="13.8905">
        <ele>787.67</ele>
      </trkpt>
      <trkpt lat="46.43624" lon="13.890308">
        <ele>791.52</ele>
      </trkpt>
      <trkpt lat="46.435974" lon="13.889917">
        <ele>799.33</ele>
      </trkpt>
      <trkpt lat="46.435803" lon="13.889569">
        <ele>803.59</ele>
      </trkpt>
      <trkpt lat="46.435723" lon="13.889263">
        <ele>808.83</ele>
      </trkpt>
      <trkpt lat="46.435607" lon="13.889013">
        <ele>812.99</ele>
      </trkpt>
      <trkpt lat="46.435518" lon="13.888969">
        <ele>815.22</ele>
      </trkpt>
      <trkpt lat="46.435292" lon="13.888908">
        <ele>820.02</ele>
      </trkpt>
      <trkpt lat="46.435044" lon="13.888563">
        <ele>826.35</ele>
      </trkpt>
      <trkpt lat="46.434814" lon="13.888373">
        <ele>830.51</ele>
      </trkpt>
      <trkpt lat="46.434643" lon="13.888212">
        <ele>832.1</ele>
      </trkpt>
      <trkpt lat="46.434479" lon="13.887977">
        <ele>833.25</ele>
      </trkpt>
      <trkpt lat="46.434356" lon="13.887844">
        <ele>833.27</ele>
      </trkpt>
      <trkpt lat="46.434079" lon="13.887676">
        <ele>835.38</ele>
      </trkpt>
      <trkpt lat="46.433963" lon="13.887534">
        <ele>837.45</ele>
      </trkpt>
      <trkpt lat="46.433889" lon="13.887298">
        <ele>835.92</ele>
      </trkpt>
      <trkpt lat="46.433788" lon="13.886986">
        <ele>836.24</ele>
      </trkpt>
      <trkpt lat="46.433621" lon="13.886635">
        <ele>839.08</ele>
      </trkpt>
      <trkpt lat="46.433463" lon="13.886472">
        <ele>839.75</ele>
      </trkpt>
      <trkpt lat="46.433294" lon="13.886329">
        <ele>842.43</ele>
      </trkpt>
      <trkpt lat="46.433197" lon="13.886192">
        <ele>844.75</ele>
      </trkpt>
      <trkpt lat="46.433149" lon="13.885963">
        <ele>846.34</ele>
      </trkpt>
      <trkpt lat="46.433074" lon="13.885904">
        <ele>842.72</ele>
      </trkpt>
      <trkpt lat="46.433039" lon="13.885739">
        <ele>843.23</ele>
      </trkpt>
      <trkpt lat="46.433011" lon="13.885622">
        <ele>846.4</ele>
      </trkpt>
      <trkpt lat="46.432908" lon="13.885645">
        <ele>842.99</ele>
      </trkpt>
      <trkpt lat="46.43276" lon="13.88555">
        <ele>842.16</ele>
      </trkpt>
      <trkpt lat="46.432684" lon="13.885489">
        <ele>840.16</ele>
      </trkpt>
      <trkpt lat="46.432605" lon="13.885471">
        <ele>834.5</ele>
      </trkpt>
      <trkpt lat="46.432598" lon="13.885279">
        <ele>834.44</ele>
      </trkpt>
      <trkpt lat="46.432578" lon="13.885192">
        <ele>833.98</ele>
      </trkpt>
      <trkpt lat="46.432579" lon="13.885048">
        <ele>836.55</ele>
      </trkpt>
      <trkpt lat="46.43259" lon="13.884973">
        <ele>838.58</ele>
      </trkpt>
      <trkpt lat="46.432585" lon="13.884921">
        <ele>840.66</ele>
      </trkpt>
      <trkpt lat="46.43255" lon="13.884901">
        <ele>841.85</ele>
      </trkpt>
      <trkpt lat="46.432497" lon="13.884909">
        <ele>842.14</ele>
      </trkpt>
      <trkpt lat="46.4324" lon="13.884956">
        <ele>841.56</ele>
      </trkpt>
      <trkpt lat="46.432319" lon="13.885009">
        <ele>836.02</ele>
      </trkpt>
      <trkpt lat="46.432281" lon="13.884977">
        <ele>835.44</ele>
      </trkpt>
      <trkpt lat="46.432194" lon="13.884877">
        <ele>836.34</ele>
      </trkpt>
      <trkpt lat="46.432141" lon="13.884815">
        <ele>838.97</ele>
      </trkpt>
      <trkpt lat="46.432002" lon="13.884817">
        <ele>837.06</ele>
      </trkpt>
      <trkpt lat="46.431935" lon="13.884772">
        <ele>837.4</ele>
      </trkpt>
      <trkpt lat="46.431778" lon="13.884705">
        <ele>832.58</ele>
      </trkpt>
      <trkpt lat="46.431507" lon="13.884347">
        <ele>829.39</ele>
      </trkpt>
      <trkpt lat="46.431355" lon="13.884179">
        <ele>826.93</ele>
      </trkpt>
      <trkpt lat="46.431289" lon="13.88405">
        <ele>827.74</ele>
      </trkpt>
      <trkpt lat="46.431214" lon="13.883949">
        <ele>827.58</ele>
      </trkpt>
      <trkpt lat="46.431097" lon="13.883816">
        <ele>827.87</ele>
      </trkpt>
      <trkpt lat="46.431006" lon="13.883706">
        <ele>825.79</ele>
      </trkpt>
      <trkpt lat="46.430985" lon="13.883632">
        <ele>826</ele>
      </trkpt>
      <trkpt lat="46.430959" lon="13.883592">
        <ele>825.88</ele>
      </trkpt>
      <trkpt lat="46.430584" lon="13.883007">
        <ele>824.12</ele>
      </trkpt>
      <trkpt lat="46.430486" lon="13.882794">
        <ele>822.44</ele>
      </trkpt>
      <trkpt lat="46.430372" lon="13.882274">
        <ele>822.55</ele>
      </trkpt>
      <trkpt lat="46.430284" lon="13.882157">
        <ele>821.88</ele>
      </trkpt>
      <trkpt lat="46.430233" lon="13.882059">
        <ele>821.84</ele>
      </trkpt>
      <trkpt lat="46.430096" lon="13.881434">
        <ele>828.66</ele>
      </trkpt>
      <trkpt lat="46.429937" lon="13.881233">
        <ele>828.65</ele>
      </trkpt>
      <trkpt lat="46.429887" lon="13.881092">
        <ele>828.55</ele>
      </trkpt>
      <trkpt lat="46.429843" lon="13.88078">
        <ele>829.96</ele>
      </trkpt>
      <trkpt lat="46.429723" lon="13.880342">
        <ele>834.77</ele>
      </trkpt>
      <trkpt lat="46.429686" lon="13.879972">
        <ele>847.16</ele>
      </trkpt>
      <trkpt lat="46.429696" lon="13.879677">
        <ele>850.88</ele>
      </trkpt>
      <trkpt lat="46.429829" lon="13.879505">
        <ele>856.9</ele>
      </trkpt>
      <trkpt lat="46.429905" lon="13.879426">
        <ele>862.35</ele>
      </trkpt>
      <trkpt lat="46.429846" lon="13.87936">
        <ele>864.3</ele>
      </trkpt>
      <trkpt lat="46.429737" lon="13.879269">
        <ele>864.94</ele>
      </trkpt>
      <trkpt lat="46.429763" lon="13.879133">
        <ele>867.72</ele>
      </trkpt>
      <trkpt lat="46.429915" lon="13.87896">
        <ele>871.33</ele>
      </trkpt>
      <trkpt lat="46.429987" lon="13.878932">
        <ele>874.54</ele>
      </trkpt>
      <trkpt lat="46.429975" lon="13.878932">
        <ele>874.07</ele>
      </trkpt>
      <trkpt lat="46.429997" lon="13.878857">
        <ele>875.62</ele>
      </trkpt>
      <trkpt lat="46.429899" lon="13.878747">
        <ele>875.12</ele>
      </trkpt>
      <trkpt lat="46.429694" lon="13.87861">
        <ele>874.57</ele>
      </trkpt>
      <trkpt lat="46.429569" lon="13.878343">
        <ele>875.07</ele>
      </trkpt>
      <trkpt lat="46.429466" lon="13.878222">
        <ele>874.84</ele>
      </trkpt>
      <trkpt lat="46.429353" lon="13.877988">
        <ele>873.52</ele>
      </trkpt>
      <trkpt lat="46.429228" lon="13.877677">
        <ele>872.86</ele>
      </trkpt>
      <trkpt lat="46.429129" lon="13.877207">
        <ele>875.51</ele>
      </trkpt>
      <trkpt lat="46.428988" lon="13.876972">
        <ele>877.06</ele>
      </trkpt>
      <trkpt lat="46.428915" lon="13.87666">
        <ele>880.58</ele>
      </trkpt>
      <trkpt lat="46.428815" lon="13.876303">
        <ele>887</ele>
      </trkpt>
      <trkpt lat="46.428637" lon="13.875893">
        <ele>890.51</ele>
      </trkpt>
      <trkpt lat="46.42836" lon="13.875599">
        <ele>891.3</ele>
      </trkpt>
      <trkpt lat="46.428145" lon="13.875342">
        <ele>891.73</ele>
      </trkpt>
      <trkpt lat="46.428039" lon="13.875247">
        <ele>889.88</ele>
      </trkpt>
      <trkpt lat="46.427949" lon="13.875132">
        <ele>889.61</ele>
      </trkpt>
      <trkpt lat="46.427871" lon="13.874946">
        <ele>889.32</ele>
      </trkpt>
      <trkpt lat="46.427718" lon="13.874304">
        <ele>891.14</ele>
      </trkpt>
      <trkpt lat="46.427643" lon="13.874081">
        <ele>893.8</ele>
      </trkpt>
      <trkpt lat="46.427412" lon="13.873501">
        <ele>899.89</ele>
      </trkpt>
      <trkpt lat="46.427251" lon="13.873365">
        <ele>897.92</ele>
      </trkpt>
      <trkpt lat="46.42701" lon="13.873114">
        <ele>897.55</ele>
      </trkpt>
      <trkpt lat="46.426809" lon="13.872814">
        <ele>896.78</ele>
      </trkpt>
      <trkpt lat="46.426673" lon="13.87247">
        <ele>898.63</ele>
      </trkpt>
      <trkpt lat="46.4265" lon="13.872127">
        <ele>901.25</ele>
      </trkpt>
      <trkpt lat="46.426369" lon="13.871955">
        <ele>894.44</ele>
      </trkpt>
      <trkpt lat="46.426281" lon="13.87189">
        <ele>890.19</ele>
      </trkpt>
      <trkpt lat="46.426224" lon="13.871711">
        <ele>890.32</ele>
      </trkpt>
      <trkpt lat="46.426216" lon="13.871484">
        <ele>892.73</ele>
      </trkpt>
      <trkpt lat="46.426094" lon="13.871252">
        <ele>883.28</ele>
      </trkpt>
      <trkpt lat="46.425941" lon="13.871038">
        <ele>875.49</ele>
      </trkpt>
      <trkpt lat="46.425919" lon="13.870859">
        <ele>882.55</ele>
      </trkpt>
      <trkpt lat="46.425853" lon="13.870733">
        <ele>888.92</ele>
      </trkpt>
      <trkpt lat="46.425805" lon="13.870584">
        <ele>897.28</ele>
      </trkpt>
      <trkpt lat="46.425644" lon="13.870545">
        <ele>901.47</ele>
      </trkpt>
      <trkpt lat="46.425443" lon="13.870427">
        <ele>906.17</ele>
      </trkpt>
      <trkpt lat="46.425198" lon="13.870348">
        <ele>899.47</ele>
      </trkpt>
      <trkpt lat="46.425046" lon="13.870209">
        <ele>902.02</ele>
      </trkpt>
      <trkpt lat="46.424923" lon="13.869969">
        <ele>902.13</ele>
      </trkpt>
      <trkpt lat="46.424714" lon="13.869785">
        <ele>908.2</ele>
      </trkpt>
      <trkpt lat="46.424491" lon="13.869554">
        <ele>911.9</ele>
      </trkpt>
      <trkpt lat="46.424299" lon="13.869279">
        <ele>911.31</ele>
      </trkpt>
      <trkpt lat="46.424068" lon="13.868716">
        <ele>912.92</ele>
      </trkpt>
      <trkpt lat="46.423915" lon="13.868484">
        <ele>914.81</ele>
      </trkpt>
      <trkpt lat="46.423762" lon="13.868253">
        <ele>913.32</ele>
      </trkpt>
      <trkpt lat="46.423513" lon="13.867816">
        <ele>914.81</ele>
      </trkpt>
      <trkpt lat="46.423317" lon="13.867541">
        <ele>917.17</ele>
      </trkpt>
      <trkpt lat="46.422963" lon="13.867196">
        <ele>918.75</ele>
      </trkpt>
      <trkpt lat="46.422745" lon="13.867004">
        <ele>917.91</ele>
      </trkpt>
      <trkpt lat="46.422483" lon="13.866856">
        <ele>916.95</ele>
      </trkpt>
      <trkpt lat="46.422155" lon="13.866624">
        <ele>916.91</ele>
      </trkpt>
      <trkpt lat="46.42195" lon="13.866336">
        <ele>917.74</ele>
      </trkpt>
      <trkpt lat="46.42178" lon="13.865891">
        <ele>920.65</ele>
      </trkpt>
      <trkpt lat="46.421684" lon="13.865616">
        <ele>921.95</ele>
      </trkpt>
      <trkpt lat="46.421684" lon="13.865293">
        <ele>924.15</ele>
      </trkpt>
      <trkpt lat="46.421592" lon="13.865118">
        <ele>926.27</ele>
      </trkpt>
      <trkpt lat="46.421592" lon="13.864725">
        <ele>928.8</ele>
      </trkpt>
      <trkpt lat="46.421361" lon="13.864284">
        <ele>930.31</ele>
      </trkpt>
      <trkpt lat="46.421308" lon="13.863734">
        <ele>930.06</ele>
      </trkpt>
      <trkpt lat="46.421335" lon="13.86352">
        <ele>935.18</ele>
      </trkpt>
      <trkpt lat="46.42134" lon="13.863216">
        <ele>937.98</ele>
      </trkpt>
      <trkpt lat="46.421242" lon="13.862856">
        <ele>939.55</ele>
      </trkpt>
      <trkpt lat="46.421227" lon="13.862569">
        <ele>943.26</ele>
      </trkpt>
      <trkpt lat="46.421227" lon="13.862569">
        <ele>943.26</ele>
      </trkpt>
      <trkpt lat="46.421227" lon="13.862569">
        <ele>943.26</ele>
      </trkpt>
      <trkpt lat="46.421225" lon="13.862542">
        <ele>943.61</ele>
      </trkpt>
      <trkpt lat="46.420677" lon="13.861701">
        <ele>945.12</ele>
      </trkpt>
      <trkpt lat="46.420503" lon="13.861469">
        <ele>943.32</ele>
      </trkpt>
      <trkpt lat="46.420034" lon="13.860858">
        <ele>945.89</ele>
      </trkpt>
      <trkpt lat="46.419812" lon="13.860517">
        <ele>945.12</ele>
      </trkpt>
      <trkpt lat="46.419566" lon="13.86011">
        <ele>946.42</ele>
      </trkpt>
      <trkpt lat="46.419168" lon="13.859747">
        <ele>943.17</ele>
      </trkpt>
      <trkpt lat="46.419026" lon="13.859513">
        <ele>944.34</ele>
      </trkpt>
      <trkpt lat="46.418892" lon="13.859244">
        <ele>944.05</ele>
      </trkpt>
      <trkpt lat="46.418729" lon="13.858845">
        <ele>943.53</ele>
      </trkpt>
      <trkpt lat="46.418636" lon="13.858765">
        <ele>944.93</ele>
      </trkpt>
      <trkpt lat="46.418565" lon="13.858744">
        <ele>944.25</ele>
      </trkpt>
      <trkpt lat="46.418426" lon="13.858631">
        <ele>942.32</ele>
      </trkpt>
      <trkpt lat="46.418189" lon="13.858319">
        <ele>939.41</ele>
      </trkpt>
      <trkpt lat="46.417915" lon="13.85796">
        <ele>938.79</ele>
      </trkpt>
      <trkpt lat="46.417838" lon="13.857761">
        <ele>938.5</ele>
      </trkpt>
      <trkpt lat="46.417748" lon="13.857354">
        <ele>939.83</ele>
      </trkpt>
      <trkpt lat="46.41766" lon="13.857173">
        <ele>940.5</ele>
      </trkpt>
      <trkpt lat="46.41729" lon="13.856824">
        <ele>941.84</ele>
      </trkpt>
      <trkpt lat="46.416941" lon="13.856443">
        <ele>943.04</ele>
      </trkpt>
      <trkpt lat="46.416717" lon="13.856224">
        <ele>944.51</ele>
      </trkpt>
      <trkpt lat="46.416666" lon="13.856141">
        <ele>944.98</ele>
      </trkpt>
      <trkpt lat="46.416604" lon="13.855976">
        <ele>945.47</ele>
      </trkpt>
      <trkpt lat="46.416537" lon="13.854853">
        <ele>952</ele>
      </trkpt>
      <trkpt lat="46.416509" lon="13.854611">
        <ele>952.68</ele>
      </trkpt>
      <trkpt lat="46.416398" lon="13.854233">
        <ele>953.88</ele>
      </trkpt>
      <trkpt lat="46.416307" lon="13.854006">
        <ele>955.2</ele>
      </trkpt>
      <trkpt lat="46.416249" lon="13.853805">
        <ele>956.72</ele>
      </trkpt>
      <trkpt lat="46.416214" lon="13.853349">
        <ele>962.58</ele>
      </trkpt>
      <trkpt lat="46.416182" lon="13.852995">
        <ele>965.55</ele>
      </trkpt>
      <trkpt lat="46.416061" lon="13.852661">
        <ele>968.33</ele>
      </trkpt>
      <trkpt lat="46.415823" lon="13.852166">
        <ele>973.01</ele>
      </trkpt>
      <trkpt lat="46.415604" lon="13.85175">
        <ele>975.92</ele>
      </trkpt>
      <trkpt lat="46.415395" lon="13.851432">
        <ele>978.55</ele>
      </trkpt>
      <trkpt lat="46.415004" lon="13.850956">
        <ele>982.28</ele>
      </trkpt>
      <trkpt lat="46.41479" lon="13.850595">
        <ele>983.45</ele>
      </trkpt>
      <trkpt lat="46.414741" lon="13.850405">
        <ele>983.17</ele>
      </trkpt>
      <trkpt lat="46.414697" lon="13.8502">
        <ele>984.65</ele>
      </trkpt>
      <trkpt lat="46.414364" lon="13.849525">
        <ele>988.46</ele>
      </trkpt>
      <trkpt lat="46.414198" lon="13.849138">
        <ele>989.5</ele>
      </trkpt>
      <trkpt lat="46.414044" lon="13.848894">
        <ele>989.28</ele>
      </trkpt>
      <trkpt lat="46.413807" lon="13.848566">
        <ele>987.26</ele>
      </trkpt>
      <trkpt lat="46.413575" lon="13.848119">
        <ele>988.42</ele>
      </trkpt>
      <trkpt lat="46.413252" lon="13.847332">
        <ele>989</ele>
      </trkpt>
      <trkpt lat="46.413002" lon="13.846855">
        <ele>988.63</ele>
      </trkpt>
      <trkpt lat="46.412943" lon="13.846789">
        <ele>988.41</ele>
      </trkpt>
      <trkpt lat="46.412943" lon="13.846789">
        <ele>988.41</ele>
      </trkpt>
      <trkpt lat="46.412557" lon="13.846359">
        <ele>987</ele>
      </trkpt>
      <trkpt lat="46.412111" lon="13.845864">
        <ele>987.53</ele>
      </trkpt>
      <trkpt lat="46.411972" lon="13.845754">
        <ele>988.29</ele>
      </trkpt>
      <trkpt lat="46.411596" lon="13.845543">
        <ele>988.89</ele>
      </trkpt>
      <trkpt lat="46.411496" lon="13.845413">
        <ele>989.1</ele>
      </trkpt>
      <trkpt lat="46.411388" lon="13.845191">
        <ele>989.19</ele>
      </trkpt>
      <trkpt lat="46.411239" lon="13.844955">
        <ele>989.42</ele>
      </trkpt>
      <trkpt lat="46.411019" lon="13.844716">
        <ele>990</ele>
      </trkpt>
      <trkpt lat="46.410829" lon="13.844474">
        <ele>990.24</ele>
      </trkpt>
      <trkpt lat="46.41066" lon="13.844313">
        <ele>990.69</ele>
      </trkpt>
      <trkpt lat="46.410543" lon="13.844234">
        <ele>991.01</ele>
      </trkpt>
      <trkpt lat="46.410336" lon="13.844243">
        <ele>991.88</ele>
      </trkpt>
      <trkpt lat="46.410224" lon="13.844182">
        <ele>992.02</ele>
      </trkpt>
      <trkpt lat="46.410145" lon="13.844126">
        <ele>992.47</ele>
      </trkpt>
      <trkpt lat="46.410005" lon="13.843938">
        <ele>992.75</ele>
      </trkpt>
      <trkpt lat="46.409805" lon="13.843717">
        <ele>994.01</ele>
      </trkpt>
      <trkpt lat="46.409607" lon="13.843579">
        <ele>995</ele>
      </trkpt>
      <trkpt lat="46.409425" lon="13.843534">
        <ele>995.82</ele>
      </trkpt>
      <trkpt lat="46.409318" lon="13.843388">
        <ele>996</ele>
      </trkpt>
      <trkpt lat="46.409284" lon="13.843259">
        <ele>996</ele>
      </trkpt>
      <trkpt lat="46.409216" lon="13.843109">
        <ele>997.06</ele>
      </trkpt>
      <trkpt lat="46.409156" lon="13.843038">
        <ele>997.04</ele>
      </trkpt>
      <trkpt lat="46.409109" lon="13.842916">
        <ele>997</ele>
      </trkpt>
      <trkpt lat="46.409035" lon="13.842784">
        <ele>997.5</ele>
      </trkpt>
      <trkpt lat="46.408961" lon="13.84269">
        <ele>998</ele>
      </trkpt>
      <trkpt lat="46.408681" lon="13.842445">
        <ele>999.03</ele>
      </trkpt>
      <trkpt lat="46.408581" lon="13.842344">
        <ele>999.92</ele>
      </trkpt>
      <trkpt lat="46.408273" lon="13.842185">
        <ele>1000.48</ele>
      </trkpt>
      <trkpt lat="46.407993" lon="13.842005">
        <ele>1001</ele>
      </trkpt>
      <trkpt lat="46.407727" lon="13.841889">
        <ele>1002.08</ele>
      </trkpt>
      <trkpt lat="46.40764" lon="13.841837">
        <ele>1002.81</ele>
      </trkpt>
      <trkpt lat="46.407468" lon="13.841704">
        <ele>1003</ele>
      </trkpt>
      <trkpt lat="46.407372" lon="13.841658">
        <ele>1003.12</ele>
      </trkpt>
      <trkpt lat="46.407296" lon="13.841653">
        <ele>1003.76</ele>
      </trkpt>
      <trkpt lat="46.407134" lon="13.841706">
        <ele>1004.7</ele>
      </trkpt>
      <trkpt lat="46.407062" lon="13.84171">
        <ele>1004.68</ele>
      </trkpt>
      <trkpt lat="46.406773" lon="13.841687">
        <ele>1005.97</ele>
      </trkpt>
      <trkpt lat="46.406632" lon="13.841645">
        <ele>1006.02</ele>
      </trkpt>
      <trkpt lat="46.406553" lon="13.841605">
        <ele>1006.28</ele>
      </trkpt>
      <trkpt lat="46.406472" lon="13.841578">
        <ele>1006.06</ele>
      </trkpt>
      <trkpt lat="46.406185" lon="13.841549">
        <ele>1006.29</ele>
      </trkpt>
      <trkpt lat="46.406067" lon="13.841517">
        <ele>1006.8</ele>
      </trkpt>
      <trkpt lat="46.405949" lon="13.841503">
        <ele>1006.9</ele>
      </trkpt>
      <trkpt lat="46.405656" lon="13.841346">
        <ele>1007.8</ele>
      </trkpt>
      <trkpt lat="46.405422" lon="13.841173">
        <ele>1008.8</ele>
      </trkpt>
      <trkpt lat="46.405337" lon="13.841092">
        <ele>1009</ele>
      </trkpt>
      <trkpt lat="46.4053" lon="13.84103">
        <ele>1009</ele>
      </trkpt>
      <trkpt lat="46.405252" lon="13.840815">
        <ele>1009.89</ele>
      </trkpt>
      <trkpt lat="46.405208" lon="13.840723">
        <ele>1010</ele>
      </trkpt>
      <trkpt lat="46.404983" lon="13.84047">
        <ele>1010.27</ele>
      </trkpt>
      <trkpt lat="46.404878" lon="13.840387">
        <ele>1011</ele>
      </trkpt>
      <trkpt lat="46.404769" lon="13.840319">
        <ele>1011.06</ele>
      </trkpt>
      <trkpt lat="46.404649" lon="13.840256">
        <ele>1012.34</ele>
      </trkpt>
      <trkpt lat="46.404525" lon="13.840216">
        <ele>1013.37</ele>
      </trkpt>
      <trkpt lat="46.404395" lon="13.840162">
        <ele>1013.77</ele>
      </trkpt>
      <trkpt lat="46.404274" lon="13.840079">
        <ele>1014.97</ele>
      </trkpt>
      <trkpt lat="46.404171" lon="13.83998">
        <ele>1015.4</ele>
      </trkpt>
      <trkpt lat="46.404074" lon="13.839854">
        <ele>1015.55</ele>
      </trkpt>
      <trkpt lat="46.403864" lon="13.839657">
        <ele>1015.81</ele>
      </trkpt>
      <trkpt lat="46.403792" lon="13.839545">
        <ele>1015.69</ele>
      </trkpt>
      <trkpt lat="46.403726" lon="13.839405">
        <ele>1015.23</ele>
      </trkpt>
      <trkpt lat="46.403657" lon="13.839283">
        <ele>1015.35</ele>
      </trkpt>
      <trkpt lat="46.403567" lon="13.839182">
        <ele>1014.92</ele>
      </trkpt>
      <trkpt lat="46.403424" lon="13.839051">
        <ele>1014.46</ele>
      </trkpt>
      <trkpt lat="46.403337" lon="13.838981">
        <ele>1016.01</ele>
      </trkpt>
      <trkpt lat="46.403252" lon="13.838932">
        <ele>1017.98</ele>
      </trkpt>
      <trkpt lat="46.403095" lon="13.838876">
        <ele>1018.68</ele>
      </trkpt>
      <trkpt lat="46.402947" lon="13.8388">
        <ele>1017.63</ele>
      </trkpt>
      <trkpt lat="46.402837" lon="13.838703">
        <ele>1017.3</ele>
      </trkpt>
      <trkpt lat="46.402732" lon="13.838593">
        <ele>1017.34</ele>
      </trkpt>
      <trkpt lat="46.402578" lon="13.838511">
        <ele>1018.14</ele>
      </trkpt>
      <trkpt lat="46.40244" lon="13.838455">
        <ele>1019.04</ele>
      </trkpt>
      <trkpt lat="46.402323" lon="13.83843">
        <ele>1020.03</ele>
      </trkpt>
      <trkpt lat="46.401904" lon="13.83839">
        <ele>1019.99</ele>
      </trkpt>
      <trkpt lat="46.40149" lon="13.838473">
        <ele>1020.71</ele>
      </trkpt>
      <trkpt lat="46.401372" lon="13.838482">
        <ele>1021.32</ele>
      </trkpt>
      <trkpt lat="46.401137" lon="13.838354">
        <ele>1022.87</ele>
      </trkpt>
      <trkpt lat="46.400997" lon="13.838308">
        <ele>1023</ele>
      </trkpt>
      <trkpt lat="46.400821" lon="13.838291">
        <ele>1024</ele>
      </trkpt>
      <trkpt lat="46.400532" lon="13.838139">
        <ele>1025</ele>
      </trkpt>
      <trkpt lat="46.400424" lon="13.83812">
        <ele>1025.39</ele>
      </trkpt>
      <trkpt lat="46.400314" lon="13.838118">
        <ele>1025.84</ele>
      </trkpt>
      <trkpt lat="46.400206" lon="13.838075">
        <ele>1026</ele>
      </trkpt>
      <trkpt lat="46.400103" lon="13.838013">
        <ele>1026.51</ele>
      </trkpt>
      <trkpt lat="46.399806" lon="13.837941">
        <ele>1027.55</ele>
      </trkpt>
      <trkpt lat="46.399751" lon="13.837899">
        <ele>1028.15</ele>
      </trkpt>
      <trkpt lat="46.399655" lon="13.837793">
        <ele>1030.55</ele>
      </trkpt>
      <trkpt lat="46.399528" lon="13.837709">
        <ele>1033.08</ele>
      </trkpt>
      <trkpt lat="46.399376" lon="13.837684">
        <ele>1035.38</ele>
      </trkpt>
      <trkpt lat="46.399239" lon="13.837642">
        <ele>1038.48</ele>
      </trkpt>
      <trkpt lat="46.399112" lon="13.83758">
        <ele>1040.08</ele>
      </trkpt>
      <trkpt lat="46.398997" lon="13.837487">
        <ele>1041.71</ele>
      </trkpt>
      <trkpt lat="46.398785" lon="13.837472">
        <ele>1044.17</ele>
      </trkpt>
      <trkpt lat="46.398666" lon="13.837484">
        <ele>1044.38</ele>
      </trkpt>
      <trkpt lat="46.398542" lon="13.837549">
        <ele>1043.25</ele>
      </trkpt>
      <trkpt lat="46.398418" lon="13.837575">
        <ele>1043.79</ele>
      </trkpt>
      <trkpt lat="46.398294" lon="13.837577">
        <ele>1045.27</ele>
      </trkpt>
      <trkpt lat="46.398011" lon="13.83765">
        <ele>1046.84</ele>
      </trkpt>
      <trkpt lat="46.397871" lon="13.83761">
        <ele>1046.76</ele>
      </trkpt>
      <trkpt lat="46.397725" lon="13.837534">
        <ele>1046.91</ele>
      </trkpt>
      <trkpt lat="46.397609" lon="13.837502">
        <ele>1046.31</ele>
      </trkpt>
      <trkpt lat="46.397472" lon="13.837492">
        <ele>1045.59</ele>
      </trkpt>
      <trkpt lat="46.397343" lon="13.837501">
        <ele>1045.88</ele>
      </trkpt>
      <trkpt lat="46.397183" lon="13.837531">
        <ele>1046.02</ele>
      </trkpt>
      <trkpt lat="46.397011" lon="13.837461">
        <ele>1048.92</ele>
      </trkpt>
      <trkpt lat="46.396833" lon="13.837427">
        <ele>1051.14</ele>
      </trkpt>
      <trkpt lat="46.396742" lon="13.837331">
        <ele>1052.99</ele>
      </trkpt>
      <trkpt lat="46.396626" lon="13.83731">
        <ele>1054.96</ele>
      </trkpt>
      <trkpt lat="46.396529" lon="13.837263">
        <ele>1056.32</ele>
      </trkpt>
      <trkpt lat="46.396249" lon="13.837252">
        <ele>1058.88</ele>
      </trkpt>
      <trkpt lat="46.396195" lon="13.837275">
        <ele>1058.53</ele>
      </trkpt>
      <trkpt lat="46.396096" lon="13.837287">
        <ele>1058.59</ele>
      </trkpt>
      <trkpt lat="46.395996" lon="13.837222">
        <ele>1060.12</ele>
      </trkpt>
      <trkpt lat="46.395937" lon="13.837152">
        <ele>1061.64</ele>
      </trkpt>
      <trkpt lat="46.395858" lon="13.83708">
        <ele>1062.8</ele>
      </trkpt>
      <trkpt lat="46.395744" lon="13.836939">
        <ele>1065.18</ele>
      </trkpt>
      <trkpt lat="46.395622" lon="13.836805">
        <ele>1067.77</ele>
      </trkpt>
      <trkpt lat="46.395511" lon="13.836723">
        <ele>1069.07</ele>
      </trkpt>
      <trkpt lat="46.395476" lon="13.836683">
        <ele>1069.77</ele>
      </trkpt>
      <trkpt lat="46.395408" lon="13.836482">
        <ele>1074.32</ele>
      </trkpt>
      <trkpt lat="46.395357" lon="13.836455">
        <ele>1074.43</ele>
      </trkpt>
      <trkpt lat="46.395296" lon="13.836457">
        <ele>1073.76</ele>
      </trkpt>
      <trkpt lat="46.395144" lon="13.836449">
        <ele>1077.29</ele>
      </trkpt>
      <trkpt lat="46.395096" lon="13.836486">
        <ele>1078.5</ele>
      </trkpt>
      <trkpt lat="46.395061" lon="13.836532">
        <ele>1078.84</ele>
      </trkpt>
      <trkpt lat="46.394961" lon="13.836587">
        <ele>1080.15</ele>
      </trkpt>
      <trkpt lat="46.394935" lon="13.836561">
        <ele>1081.41</ele>
      </trkpt>
      <trkpt lat="46.394894" lon="13.836566">
        <ele>1082.46</ele>
      </trkpt>
      <trkpt lat="46.394833" lon="13.836546">
        <ele>1084.58</ele>
      </trkpt>
      <trkpt lat="46.394826" lon="13.836607">
        <ele>1083.66</ele>
      </trkpt>
      <trkpt lat="46.394785" lon="13.836635">
        <ele>1084.57</ele>
      </trkpt>
      <trkpt lat="46.394716" lon="13.836659">
        <ele>1086.45</ele>
      </trkpt>
      <trkpt lat="46.394658" lon="13.836636">
        <ele>1088.17</ele>
      </trkpt>
      <trkpt lat="46.3946" lon="13.836588">
        <ele>1090.4</ele>
      </trkpt>
      <trkpt lat="46.394545" lon="13.836461">
        <ele>1094.93</ele>
      </trkpt>
      <trkpt lat="46.394478" lon="13.836394">
        <ele>1096.73</ele>
      </trkpt>
      <trkpt lat="46.394365" lon="13.836361">
        <ele>1097.26</ele>
      </trkpt>
      <trkpt lat="46.394325" lon="13.836331">
        <ele>1097.85</ele>
      </trkpt>
      <trkpt lat="46.394248" lon="13.836236">
        <ele>1100.03</ele>
      </trkpt>
      <trkpt lat="46.39422" lon="13.836174">
        <ele>1101.48</ele>
      </trkpt>
      <trkpt lat="46.394203" lon="13.836111">
        <ele>1103.17</ele>
      </trkpt>
      <trkpt lat="46.394163" lon="13.836102">
        <ele>1103.45</ele>
      </trkpt>
      <trkpt lat="46.394115" lon="13.836054">
        <ele>1104.84</ele>
      </trkpt>
      <trkpt lat="46.394073" lon="13.836028">
        <ele>1105.98</ele>
      </trkpt>
      <trkpt lat="46.393931" lon="13.835968">
        <ele>1109.07</ele>
      </trkpt>
      <trkpt lat="46.393783" lon="13.835924">
        <ele>1111.65</ele>
      </trkpt>
      <trkpt lat="46.393667" lon="13.83591">
        <ele>1113.88</ele>
      </trkpt>
      <trkpt lat="46.393597" lon="13.83592">
        <ele>1114.89</ele>
      </trkpt>
      <trkpt lat="46.393528" lon="13.835877">
        <ele>1117.05</ele>
      </trkpt>
      <trkpt lat="46.393466" lon="13.835805">
        <ele>1119.72</ele>
      </trkpt>
      <trkpt lat="46.393307" lon="13.835732">
        <ele>1123</ele>
      </trkpt>
      <trkpt lat="46.393046" lon="13.835499">
        <ele>1132.45</ele>
      </trkpt>
      <trkpt lat="46.392953" lon="13.835431">
        <ele>1134.76</ele>
      </trkpt>
      <trkpt lat="46.392862" lon="13.835384">
        <ele>1136.97</ele>
      </trkpt>
      <trkpt lat="46.392682" lon="13.835233">
        <ele>1143.32</ele>
      </trkpt>
      <trkpt lat="46.392576" lon="13.83516">
        <ele>1147.04</ele>
      </trkpt>
      <trkpt lat="46.392507" lon="13.835083">
        <ele>1149.15</ele>
      </trkpt>
      <trkpt lat="46.392317" lon="13.834835">
        <ele>1155.99</ele>
      </trkpt>
      <trkpt lat="46.392061" lon="13.834538">
        <ele>1164.18</ele>
      </trkpt>
      <trkpt lat="46.391989" lon="13.834467">
        <ele>1166.51</ele>
      </trkpt>
      <trkpt lat="46.391975" lon="13.834413">
        <ele>1168.06</ele>
      </trkpt>
      <trkpt lat="46.39191" lon="13.834363">
        <ele>1169.36</ele>
      </trkpt>
      <trkpt lat="46.391867" lon="13.834342">
        <ele>1170.35</ele>
      </trkpt>
      <trkpt lat="46.391839" lon="13.83431">
        <ele>1171.64</ele>
      </trkpt>
      <trkpt lat="46.391841" lon="13.834272">
        <ele>1172.71</ele>
      </trkpt>
      <trkpt lat="46.391777" lon="13.834184">
        <ele>1174.73</ele>
      </trkpt>
      <trkpt lat="46.391701" lon="13.834113">
        <ele>1177.23</ele>
      </trkpt>
      <trkpt lat="46.391523" lon="13.833897">
        <ele>1185.18</ele>
      </trkpt>
      <trkpt lat="46.391519" lon="13.833832">
        <ele>1186.16</ele>
      </trkpt>
      <trkpt lat="46.391444" lon="13.83375">
        <ele>1189.16</ele>
      </trkpt>
      <trkpt lat="46.391417" lon="13.833774">
        <ele>1189.75</ele>
      </trkpt>
      <trkpt lat="46.391378" lon="13.833764">
        <ele>1190.88</ele>
      </trkpt>
      <trkpt lat="46.391358" lon="13.833698">
        <ele>1191.86</ele>
      </trkpt>
      <trkpt lat="46.391315" lon="13.833686">
        <ele>1193.62</ele>
      </trkpt>
      <trkpt lat="46.391283" lon="13.833646">
        <ele>1194.94</ele>
      </trkpt>
      <trkpt lat="46.391252" lon="13.833627">
        <ele>1196.07</ele>
      </trkpt>
      <trkpt lat="46.391222" lon="13.833625">
        <ele>1197.02</ele>
      </trkpt>
      <trkpt lat="46.391153" lon="13.833551">
        <ele>1199.66</ele>
      </trkpt>
      <trkpt lat="46.391164" lon="13.833506">
        <ele>1199.83</ele>
      </trkpt>
      <trkpt lat="46.391132" lon="13.833454">
        <ele>1201.44</ele>
      </trkpt>
      <trkpt lat="46.391034" lon="13.83336">
        <ele>1205.68</ele>
      </trkpt>
      <trkpt lat="46.390917" lon="13.833223">
        <ele>1211.79</ele>
      </trkpt>
      <trkpt lat="46.390755" lon="13.833174">
        <ele>1217.08</ele>
      </trkpt>
      <trkpt lat="46.390408" lon="13.832896">
        <ele>1228.68</ele>
      </trkpt>
      <trkpt lat="46.390354" lon="13.832831">
        <ele>1230.6</ele>
      </trkpt>
      <trkpt lat="46.390296" lon="13.832828">
        <ele>1231.08</ele>
      </trkpt>
      <trkpt lat="46.390249" lon="13.832807">
        <ele>1232.42</ele>
      </trkpt>
      <trkpt lat="46.390189" lon="13.832733">
        <ele>1235.35</ele>
      </trkpt>
      <trkpt lat="46.390179" lon="13.832681">
        <ele>1236.86</ele>
      </trkpt>
      <trkpt lat="46.390136" lon="13.83263">
        <ele>1238.96</ele>
      </trkpt>
      <trkpt lat="46.39009" lon="13.832556">
        <ele>1242</ele>
      </trkpt>
      <trkpt lat="46.389988" lon="13.832439">
        <ele>1246.51</ele>
      </trkpt>
      <trkpt lat="46.389955" lon="13.832421">
        <ele>1247.63</ele>
      </trkpt>
      <trkpt lat="46.389972" lon="13.832374">
        <ele>1248.31</ele>
      </trkpt>
      <trkpt lat="46.389924" lon="13.832286">
        <ele>1251.66</ele>
      </trkpt>
      <trkpt lat="46.389912" lon="13.832214">
        <ele>1253.8</ele>
      </trkpt>
      <trkpt lat="46.389889" lon="13.832171">
        <ele>1255.61</ele>
      </trkpt>
      <trkpt lat="46.389887" lon="13.832021">
        <ele>1259.08</ele>
      </trkpt>
      <trkpt lat="46.389894" lon="13.831971">
        <ele>1259.4</ele>
      </trkpt>
      <trkpt lat="46.389888" lon="13.831919">
        <ele>1259.96</ele>
      </trkpt>
      <trkpt lat="46.389826" lon="13.831788">
        <ele>1262.17</ele>
      </trkpt>
      <trkpt lat="46.389779" lon="13.831645">
        <ele>1264.27</ele>
      </trkpt>
      <trkpt lat="46.389743" lon="13.831603">
        <ele>1266.03</ele>
      </trkpt>
      <trkpt lat="46.389764" lon="13.831407">
        <ele>1267.4</ele>
      </trkpt>
      <trkpt lat="46.389766" lon="13.831325">
        <ele>1268.81</ele>
      </trkpt>
      <trkpt lat="46.389734" lon="13.831296">
        <ele>1270.3</ele>
      </trkpt>
      <trkpt lat="46.389727" lon="13.831196">
        <ele>1271.18</ele>
      </trkpt>
      <trkpt lat="46.389708" lon="13.831151">
        <ele>1272.23</ele>
      </trkpt>
      <trkpt lat="46.389671" lon="13.831012">
        <ele>1274.26</ele>
      </trkpt>
      <trkpt lat="46.389661" lon="13.830935">
        <ele>1275.72</ele>
      </trkpt>
      <trkpt lat="46.389635" lon="13.830872">
        <ele>1277.67</ele>
      </trkpt>
      <trkpt lat="46.389646" lon="13.830827">
        <ele>1278.1</ele>
      </trkpt>
      <trkpt lat="46.389639" lon="13.83079">
        <ele>1278.87</ele>
      </trkpt>
      <trkpt lat="46.389651" lon="13.830717">
        <ele>1279.54</ele>
      </trkpt>
      <trkpt lat="46.389704" lon="13.830518">
        <ele>1280.76</ele>
      </trkpt>
      <trkpt lat="46.389716" lon="13.830388">
        <ele>1281.38</ele>
      </trkpt>
      <trkpt lat="46.389733" lon="13.830305">
        <ele>1281.13</ele>
      </trkpt>
      <trkpt lat="46.38973" lon="13.830184">
        <ele>1281.36</ele>
      </trkpt>
      <trkpt lat="46.389715" lon="13.830075">
        <ele>1282.59</ele>
      </trkpt>
      <trkpt lat="46.38973" lon="13.830056">
        <ele>1282.29</ele>
      </trkpt>
      <trkpt lat="46.389686" lon="13.829921">
        <ele>1285.12</ele>
      </trkpt>
      <trkpt lat="46.389801" lon="13.829602">
        <ele>1282.94</ele>
      </trkpt>
      <trkpt lat="46.389805" lon="13.829544">
        <ele>1282.54</ele>
      </trkpt>
      <trkpt lat="46.38983" lon="13.829471">
        <ele>1281.21</ele>
      </trkpt>
      <trkpt lat="46.389835" lon="13.829373">
        <ele>1282.13</ele>
      </trkpt>
      <trkpt lat="46.389824" lon="13.829334">
        <ele>1283.18</ele>
      </trkpt>
      <trkpt lat="46.389828" lon="13.829306">
        <ele>1283.5</ele>
      </trkpt>
      <trkpt lat="46.389855" lon="13.829295">
        <ele>1282.99</ele>
      </trkpt>
      <trkpt lat="46.389865" lon="13.829258">
        <ele>1283.52</ele>
      </trkpt>
      <trkpt lat="46.389883" lon="13.829242">
        <ele>1283.48</ele>
      </trkpt>
      <trkpt lat="46.389895" lon="13.829197">
        <ele>1284.3</ele>
      </trkpt>
      <trkpt lat="46.389945" lon="13.829095">
        <ele>1285.28</ele>
      </trkpt>
      <trkpt lat="46.389967" lon="13.829033">
        <ele>1286.82</ele>
      </trkpt>
      <trkpt lat="46.389991" lon="13.829002">
        <ele>1287.45</ele>
      </trkpt>
      <trkpt lat="46.389996" lon="13.828964">
        <ele>1288.33</ele>
      </trkpt>
      <trkpt lat="46.389964" lon="13.828903">
        <ele>1290.35</ele>
      </trkpt>
      <trkpt lat="46.389961" lon="13.8288">
        <ele>1292.77</ele>
      </trkpt>
      <trkpt lat="46.389946" lon="13.828709">
        <ele>1295.53</ele>
      </trkpt>
      <trkpt lat="46.389958" lon="13.828584">
        <ele>1298.93</ele>
      </trkpt>
      <trkpt lat="46.389977" lon="13.828565">
        <ele>1299.36</ele>
      </trkpt>
      <trkpt lat="46.39" lon="13.828497">
        <ele>1301.54</ele>
      </trkpt>
      <trkpt lat="46.38999" lon="13.828411">
        <ele>1304.35</ele>
      </trkpt>
      <trkpt lat="46.390041" lon="13.828287">
        <ele>1308.39</ele>
      </trkpt>
      <trkpt lat="46.390021" lon="13.828216">
        <ele>1310.3</ele>
      </trkpt>
      <trkpt lat="46.390049" lon="13.828125">
        <ele>1313.19</ele>
      </trkpt>
      <trkpt lat="46.390051" lon="13.828077">
        <ele>1314.59</ele>
      </trkpt>
      <trkpt lat="46.390096" lon="13.827979">
        <ele>1317.42</ele>
      </trkpt>
      <trkpt lat="46.390082" lon="13.827954">
        <ele>1317.82</ele>
      </trkpt>
      <trkpt lat="46.39002" lon="13.827935">
        <ele>1317.99</ele>
      </trkpt>
      <trkpt lat="46.389998" lon="13.827903">
        <ele>1318.82</ele>
      </trkpt>
      <trkpt lat="46.390007" lon="13.827826">
        <ele>1321.43</ele>
      </trkpt>
      <trkpt lat="46.390054" lon="13.82768">
        <ele>1326.66</ele>
      </trkpt>
      <trkpt lat="46.390086" lon="13.82761">
        <ele>1329.13</ele>
      </trkpt>
      <trkpt lat="46.390123" lon="13.827561">
        <ele>1331.15</ele>
      </trkpt>
      <trkpt lat="46.390135" lon="13.82751">
        <ele>1332.79</ele>
      </trkpt>
      <trkpt lat="46.390126" lon="13.827459">
        <ele>1334.18</ele>
      </trkpt>
      <trkpt lat="46.39011" lon="13.827421">
        <ele>1335.15</ele>
      </trkpt>
      <trkpt lat="46.390099" lon="13.827178">
        <ele>1342.53</ele>
      </trkpt>
      <trkpt lat="46.390059" lon="13.82711">
        <ele>1344.52</ele>
      </trkpt>
      <trkpt lat="46.390057" lon="13.826858">
        <ele>1353.38</ele>
      </trkpt>
      <trkpt lat="46.390038" lon="13.82678">
        <ele>1356.32</ele>
      </trkpt>
      <trkpt lat="46.390054" lon="13.826641">
        <ele>1360.34</ele>
      </trkpt>
      <trkpt lat="46.390098" lon="13.826527">
        <ele>1363.07</ele>
      </trkpt>
      <trkpt lat="46.390104" lon="13.82647">
        <ele>1364.83</ele>
      </trkpt>
      <trkpt lat="46.39009" lon="13.826403">
        <ele>1366.7</ele>
      </trkpt>
      <trkpt lat="46.390068" lon="13.826367">
        <ele>1367.46</ele>
      </trkpt>
      <trkpt lat="46.39005" lon="13.826309">
        <ele>1369.39</ele>
      </trkpt>
      <trkpt lat="46.390049" lon="13.826231">
        <ele>1371.61</ele>
      </trkpt>
      <trkpt lat="46.390028" lon="13.826195">
        <ele>1372.8</ele>
      </trkpt>
      <trkpt lat="46.389997" lon="13.826176">
        <ele>1373.59</ele>
      </trkpt>
      <trkpt lat="46.389987" lon="13.826064">
        <ele>1375.84</ele>
      </trkpt>
      <trkpt lat="46.389967" lon="13.826025">
        <ele>1376.62</ele>
      </trkpt>
      <trkpt lat="46.389958" lon="13.825965">
        <ele>1377.91</ele>
      </trkpt>
      <trkpt lat="46.389975" lon="13.825821">
        <ele>1381.3</ele>
      </trkpt>
      <trkpt lat="46.389959" lon="13.825766">
        <ele>1382.9</ele>
      </trkpt>
      <trkpt lat="46.389931" lon="13.825729">
        <ele>1384.41</ele>
      </trkpt>
      <trkpt lat="46.389919" lon="13.825678">
        <ele>1386.05</ele>
      </trkpt>
      <trkpt lat="46.389894" lon="13.825642">
        <ele>1387.34</ele>
      </trkpt>
      <trkpt lat="46.389898" lon="13.825569">
        <ele>1388.99</ele>
      </trkpt>
      <trkpt lat="46.389915" lon="13.8255">
        <ele>1390.3</ele>
      </trkpt>
      <trkpt lat="46.38991" lon="13.825439">
        <ele>1391.8</ele>
      </trkpt>
      <trkpt lat="46.389894" lon="13.825393">
        <ele>1393.14</ele>
      </trkpt>
      <trkpt lat="46.389886" lon="13.825331">
        <ele>1394.71</ele>
      </trkpt>
      <trkpt lat="46.389891" lon="13.825215">
        <ele>1397.63</ele>
      </trkpt>
      <trkpt lat="46.389916" lon="13.825163">
        <ele>1398.76</ele>
      </trkpt>
      <trkpt lat="46.389922" lon="13.825083">
        <ele>1400.93</ele>
      </trkpt>
      <trkpt lat="46.389862" lon="13.824964">
        <ele>1404.25</ele>
      </trkpt>
      <trkpt lat="46.389767" lon="13.824714">
        <ele>1413.33</ele>
      </trkpt>
      <trkpt lat="46.389916" lon="13.824317">
        <ele>1421.08</ele>
      </trkpt>
      <trkpt lat="46.389997" lon="13.824125">
        <ele>1426.84</ele>
      </trkpt>
      <trkpt lat="46.390041" lon="13.823449">
        <ele>1447.34</ele>
      </trkpt>
      <trkpt lat="46.390098" lon="13.823387">
        <ele>1450.57</ele>
      </trkpt>
      <trkpt lat="46.390174" lon="13.82291">
        <ele>1464.84</ele>
      </trkpt>
      <trkpt lat="46.390306" lon="13.822751">
        <ele>1468.74</ele>
      </trkpt>
      <trkpt lat="46.390394" lon="13.822295">
        <ele>1478.19</ele>
      </trkpt>
      <trkpt lat="46.390597" lon="13.822152">
        <ele>1482.04</ele>
      </trkpt>
      <trkpt lat="46.390987" lon="13.822013">
        <ele>1492.45</ele>
      </trkpt>
      <trkpt lat="46.391091" lon="13.82196">
        <ele>1492.9</ele>
      </trkpt>
      <trkpt lat="46.391237" lon="13.82188">
        <ele>1492.99</ele>
      </trkpt>
      <trkpt lat="46.391281" lon="13.821779">
        <ele>1492.37</ele>
      </trkpt>
      <trkpt lat="46.391331" lon="13.821803">
        <ele>1489.75</ele>
      </trkpt>
      <trkpt lat="46.391405" lon="13.821711">
        <ele>1487.98</ele>
      </trkpt>
      <trkpt lat="46.391424" lon="13.821672">
        <ele>1487.25</ele>
      </trkpt>
      <trkpt lat="46.391499" lon="13.821647">
        <ele>1483.53</ele>
      </trkpt>
      <trkpt lat="46.391542" lon="13.821578">
        <ele>1483.62</ele>
      </trkpt>
      <trkpt lat="46.391613" lon="13.821588">
        <ele>1482.35</ele>
      </trkpt>
      <trkpt lat="46.391686" lon="13.821616">
        <ele>1482.03</ele>
      </trkpt>
      <trkpt lat="46.391693" lon="13.821585">
        <ele>1482.39</ele>
      </trkpt>
      <trkpt lat="46.39174" lon="13.82158">
        <ele>1482.41</ele>
      </trkpt>
      <trkpt lat="46.391827" lon="13.821618">
        <ele>1481.59</ele>
      </trkpt>
      <trkpt lat="46.391949" lon="13.821697">
        <ele>1480.97</ele>
      </trkpt>
      <trkpt lat="46.392021" lon="13.821836">
        <ele>1478.69</ele>
      </trkpt>
      <trkpt lat="46.392214" lon="13.822001">
        <ele>1476.48</ele>
      </trkpt>
      <trkpt lat="46.392466" lon="13.822308">
        <ele>1469.65</ele>
      </trkpt>
      <trkpt lat="46.392583" lon="13.822485">
        <ele>1465.07</ele>
      </trkpt>
      <trkpt lat="46.392609" lon="13.822512">
        <ele>1464.14</ele>
      </trkpt>
      <trkpt lat="46.392701" lon="13.822607">
        <ele>1460.86</ele>
      </trkpt>
      <trkpt lat="46.392723" lon="13.822678">
        <ele>1459.24</ele>
      </trkpt>
      <trkpt lat="46.392728" lon="13.822812">
        <ele>1456.83</ele>
      </trkpt>
      <trkpt lat="46.392752" lon="13.822891">
        <ele>1455.05</ele>
      </trkpt>
      <trkpt lat="46.392797" lon="13.822973">
        <ele>1453.25</ele>
      </trkpt>
      <trkpt lat="46.392805" lon="13.823014">
        <ele>1452.9</ele>
      </trkpt>
      <trkpt lat="46.392832" lon="13.823051">
        <ele>1452.93</ele>
      </trkpt>
      <trkpt lat="46.392833" lon="13.823099">
        <ele>1452.28</ele>
      </trkpt>
      <trkpt lat="46.393181" lon="13.82367">
        <ele>1443.09</ele>
      </trkpt>
      <trkpt lat="46.393239" lon="13.823725">
        <ele>1441.97</ele>
      </trkpt>
      <trkpt lat="46.39327" lon="13.823792">
        <ele>1440.42</ele>
      </trkpt>
      <trkpt lat="46.393336" lon="13.823869">
        <ele>1439.42</ele>
      </trkpt>
      <trkpt lat="46.39346" lon="13.823955">
        <ele>1436.97</ele>
      </trkpt>
      <trkpt lat="46.393526" lon="13.823985">
        <ele>1435.84</ele>
      </trkpt>
      <trkpt lat="46.393555" lon="13.824029">
        <ele>1434.81</ele>
      </trkpt>
      <trkpt lat="46.393622" lon="13.824062">
        <ele>1434.39</ele>
      </trkpt>
      <trkpt lat="46.393628" lon="13.824164">
        <ele>1431.5</ele>
      </trkpt>
      <trkpt lat="46.393678" lon="13.824244">
        <ele>1430</ele>
      </trkpt>
      <trkpt lat="46.393752" lon="13.824288">
        <ele>1430.16</ele>
      </trkpt>
      <trkpt lat="46.393755" lon="13.824492">
        <ele>1425.45</ele>
      </trkpt>
      <trkpt lat="46.393803" lon="13.824595">
        <ele>1424.69</ele>
      </trkpt>
      <trkpt lat="46.393802" lon="13.824729">
        <ele>1421.53</ele>
      </trkpt>
      <trkpt lat="46.39385" lon="13.824768">
        <ele>1422.23</ele>
      </trkpt>
      <trkpt lat="46.393882" lon="13.824869">
        <ele>1421.04</ele>
      </trkpt>
      <trkpt lat="46.393955" lon="13.824841">
        <ele>1424.27</ele>
      </trkpt>
      <trkpt lat="46.393954" lon="13.825003">
        <ele>1421.24</ele>
      </trkpt>
      <trkpt lat="46.394115" lon="13.825492">
        <ele>1417.13</ele>
      </trkpt>
      <trkpt lat="46.394127" lon="13.825592">
        <ele>1415</ele>
      </trkpt>
      <trkpt lat="46.394159" lon="13.825719">
        <ele>1412.4</ele>
      </trkpt>
      <trkpt lat="46.394159" lon="13.825782">
        <ele>1410.76</ele>
      </trkpt>
      <trkpt lat="46.394193" lon="13.825818">
        <ele>1410.64</ele>
      </trkpt>
      <trkpt lat="46.394194" lon="13.825932">
        <ele>1408.14</ele>
      </trkpt>
      <trkpt lat="46.394209" lon="13.826065">
        <ele>1405.41</ele>
      </trkpt>
      <trkpt lat="46.394255" lon="13.826206">
        <ele>1403.06</ele>
      </trkpt>
      <trkpt lat="46.394254" lon="13.826267">
        <ele>1401.98</ele>
      </trkpt>
      <trkpt lat="46.394233" lon="13.826382">
        <ele>1399.44</ele>
      </trkpt>
      <trkpt lat="46.394204" lon="13.826462">
        <ele>1397.21</ele>
      </trkpt>
      <trkpt lat="46.394149" lon="13.826533">
        <ele>1395.12</ele>
      </trkpt>
      <trkpt lat="46.394132" lon="13.826616">
        <ele>1393.17</ele>
      </trkpt>
      <trkpt lat="46.394103" lon="13.826688">
        <ele>1391.11</ele>
      </trkpt>
      <trkpt lat="46.394095" lon="13.826921">
        <ele>1385.99</ele>
      </trkpt>
      <trkpt lat="46.394067" lon="13.827029">
        <ele>1383.83</ele>
      </trkpt>
      <trkpt lat="46.39407" lon="13.827149">
        <ele>1381.59</ele>
      </trkpt>
      <trkpt lat="46.394056" lon="13.827245">
        <ele>1379.58</ele>
      </trkpt>
      <trkpt lat="46.394063" lon="13.827421">
        <ele>1376.54</ele>
      </trkpt>
      <trkpt lat="46.394039" lon="13.827581">
        <ele>1372.83</ele>
      </trkpt>
      <trkpt lat="46.394075" lon="13.827628">
        <ele>1372.66</ele>
      </trkpt>
      <trkpt lat="46.394094" lon="13.8278">
        <ele>1369.11</ele>
      </trkpt>
      <trkpt lat="46.394074" lon="13.82798">
        <ele>1364.69</ele>
      </trkpt>
      <trkpt lat="46.394" lon="13.82825">
        <ele>1357.3</ele>
      </trkpt>
      <trkpt lat="46.39393" lon="13.82837">
        <ele>1351.95</ele>
      </trkpt>
      <trkpt lat="46.393928" lon="13.828552">
        <ele>1345.72</ele>
      </trkpt>
      <trkpt lat="46.394098" lon="13.82901">
        <ele>1338.41</ele>
      </trkpt>
      <trkpt lat="46.394114" lon="13.829307">
        <ele>1326.83</ele>
      </trkpt>
      <trkpt lat="46.39416" lon="13.829444">
        <ele>1322.4</ele>
      </trkpt>
      <trkpt lat="46.39423" lon="13.829527">
        <ele>1322.13</ele>
      </trkpt>
      <trkpt lat="46.394298" lon="13.82967">
        <ele>1318.65</ele>
      </trkpt>
      <trkpt lat="46.394359" lon="13.829766">
        <ele>1315.95</ele>
      </trkpt>
      <trkpt lat="46.394431" lon="13.829911">
        <ele>1309.36</ele>
      </trkpt>
      <trkpt lat="46.394574" lon="13.830065">
        <ele>1303.81</ele>
      </trkpt>
      <trkpt lat="46.394643" lon="13.830158">
        <ele>1302.53</ele>
      </trkpt>
      <trkpt lat="46.394671" lon="13.83051">
        <ele>1292.06</ele>
      </trkpt>
      <trkpt lat="46.394739" lon="13.830744">
        <ele>1283.7</ele>
      </trkpt>
      <trkpt lat="46.394972" lon="13.831432">
        <ele>1260.53</ele>
      </trkpt>
      <trkpt lat="46.395064" lon="13.831604">
        <ele>1254.91</ele>
      </trkpt>
      <trkpt lat="46.395148" lon="13.831834">
        <ele>1248.18</ele>
      </trkpt>
      <trkpt lat="46.395212" lon="13.832041">
        <ele>1241.35</ele>
      </trkpt>
      <trkpt lat="46.395323" lon="13.832184">
        <ele>1237.11</ele>
      </trkpt>
      <trkpt lat="46.395497" lon="13.832492">
        <ele>1226.28</ele>
      </trkpt>
      <trkpt lat="46.395577" lon="13.832605">
        <ele>1222.46</ele>
      </trkpt>
      <trkpt lat="46.395607" lon="13.83286">
        <ele>1210.49</ele>
      </trkpt>
      <trkpt lat="46.395846" lon="13.833045">
        <ele>1206.59</ele>
      </trkpt>
      <trkpt lat="46.395926" lon="13.833277">
        <ele>1195.08</ele>
      </trkpt>
      <trkpt lat="46.396083" lon="13.833425">
        <ele>1187.82</ele>
      </trkpt>
      <trkpt lat="46.396219" lon="13.833446">
        <ele>1188.29</ele>
      </trkpt>
      <trkpt lat="46.396279" lon="13.833646">
        <ele>1179.15</ele>
      </trkpt>
      <trkpt lat="46.396376" lon="13.833806">
        <ele>1172.24</ele>
      </trkpt>
      <trkpt lat="46.396531" lon="13.83395">
        <ele>1164.21</ele>
      </trkpt>
      <trkpt lat="46.396687" lon="13.834197">
        <ele>1155.34</ele>
      </trkpt>
      <trkpt lat="46.396678" lon="13.834298">
        <ele>1151.33</ele>
      </trkpt>
      <trkpt lat="46.396786" lon="13.83444">
        <ele>1147.3</ele>
      </trkpt>
      <trkpt lat="46.396819" lon="13.834563">
        <ele>1142.56</ele>
      </trkpt>
      <trkpt lat="46.396904" lon="13.834671">
        <ele>1138.27</ele>
      </trkpt>
      <trkpt lat="46.396928" lon="13.834791">
        <ele>1133.46</ele>
      </trkpt>
      <trkpt lat="46.397084" lon="13.835019">
        <ele>1125.46</ele>
      </trkpt>
      <trkpt lat="46.397395" lon="13.835475">
        <ele>1106.26</ele>
      </trkpt>
      <trkpt lat="46.397659" lon="13.835687">
        <ele>1094.93</ele>
      </trkpt>
      <trkpt lat="46.397922" lon="13.835899">
        <ele>1088.79</ele>
      </trkpt>
      <trkpt lat="46.398247" lon="13.836336">
        <ele>1077.65</ele>
      </trkpt>
      <trkpt lat="46.398285" lon="13.836521">
        <ele>1072.1</ele>
      </trkpt>
      <trkpt lat="46.39843" lon="13.83665">
        <ele>1067.52</ele>
      </trkpt>
      <trkpt lat="46.398428" lon="13.836876">
        <ele>1061.54</ele>
      </trkpt>
      <trkpt lat="46.398513" lon="13.836929">
        <ele>1060.03</ele>
      </trkpt>
      <trkpt lat="46.398654" lon="13.836937">
        <ele>1057.79</ele>
      </trkpt>
      <trkpt lat="46.398919" lon="13.837476">
        <ele>1042.39</ele>
      </trkpt>
      <trkpt lat="46.398997" lon="13.837487">
        <ele>1041.71</ele>
      </trkpt>
      <trkpt lat="46.399112" lon="13.83758">
        <ele>1040.08</ele>
      </trkpt>
      <trkpt lat="46.399239" lon="13.837642">
        <ele>1038.48</ele>
      </trkpt>
      <trkpt lat="46.399376" lon="13.837684">
        <ele>1035.38</ele>
      </trkpt>
      <trkpt lat="46.399528" lon="13.837709">
        <ele>1033.08</ele>
      </trkpt>
      <trkpt lat="46.399655" lon="13.837793">
        <ele>1030.55</ele>
      </trkpt>
      <trkpt lat="46.399751" lon="13.837899">
        <ele>1028.15</ele>
      </trkpt>
      <trkpt lat="46.399806" lon="13.837941">
        <ele>1027.55</ele>
      </trkpt>
      <trkpt lat="46.400103" lon="13.838013">
        <ele>1026.51</ele>
      </trkpt>
      <trkpt lat="46.400206" lon="13.838075">
        <ele>1026</ele>
      </trkpt>
      <trkpt lat="46.400314" lon="13.838118">
        <ele>1025.84</ele>
      </trkpt>
      <trkpt lat="46.400424" lon="13.83812">
        <ele>1025.39</ele>
      </trkpt>
      <trkpt lat="46.400532" lon="13.838139">
        <ele>1025</ele>
      </trkpt>
      <trkpt lat="46.400821" lon="13.838291">
        <ele>1024</ele>
      </trkpt>
      <trkpt lat="46.400997" lon="13.838308">
        <ele>1023</ele>
      </trkpt>
      <trkpt lat="46.401137" lon="13.838354">
        <ele>1022.87</ele>
      </trkpt>
      <trkpt lat="46.401372" lon="13.838482">
        <ele>1021.32</ele>
      </trkpt>
      <trkpt lat="46.40149" lon="13.838473">
        <ele>1020.71</ele>
      </trkpt>
      <trkpt lat="46.401904" lon="13.83839">
        <ele>1019.99</ele>
      </trkpt>
      <trkpt lat="46.402323" lon="13.83843">
        <ele>1020.03</ele>
      </trkpt>
      <trkpt lat="46.40244" lon="13.838455">
        <ele>1019.04</ele>
      </trkpt>
      <trkpt lat="46.402558" lon="13.838501">
        <ele>1018.24</ele>
      </trkpt>
      <trkpt lat="46.402732" lon="13.838593">
        <ele>1017.34</ele>
      </trkpt>
      <trkpt lat="46.402837" lon="13.838703">
        <ele>1017.3</ele>
      </trkpt>
      <trkpt lat="46.402947" lon="13.8388">
        <ele>1017.63</ele>
      </trkpt>
      <trkpt lat="46.403095" lon="13.838876">
        <ele>1018.68</ele>
      </trkpt>
      <trkpt lat="46.403252" lon="13.838932">
        <ele>1017.98</ele>
      </trkpt>
      <trkpt lat="46.403337" lon="13.838981">
        <ele>1016.01</ele>
      </trkpt>
      <trkpt lat="46.403424" lon="13.839051">
        <ele>1014.46</ele>
      </trkpt>
      <trkpt lat="46.403567" lon="13.839182">
        <ele>1014.92</ele>
      </trkpt>
      <trkpt lat="46.403657" lon="13.839283">
        <ele>1015.35</ele>
      </trkpt>
      <trkpt lat="46.403726" lon="13.839405">
        <ele>1015.23</ele>
      </trkpt>
      <trkpt lat="46.403792" lon="13.839545">
        <ele>1015.69</ele>
      </trkpt>
      <trkpt lat="46.403864" lon="13.839657">
        <ele>1015.81</ele>
      </trkpt>
      <trkpt lat="46.404074" lon="13.839854">
        <ele>1015.55</ele>
      </trkpt>
      <trkpt lat="46.404171" lon="13.83998">
        <ele>1015.4</ele>
      </trkpt>
      <trkpt lat="46.404274" lon="13.840079">
        <ele>1014.97</ele>
      </trkpt>
      <trkpt lat="46.404395" lon="13.840162">
        <ele>1013.77</ele>
      </trkpt>
      <trkpt lat="46.404525" lon="13.840216">
        <ele>1013.37</ele>
      </trkpt>
      <trkpt lat="46.404649" lon="13.840256">
        <ele>1012.34</ele>
      </trkpt>
      <trkpt lat="46.404769" lon="13.840319">
        <ele>1011.06</ele>
      </trkpt>
      <trkpt lat="46.404878" lon="13.840387">
        <ele>1011</ele>
      </trkpt>
      <trkpt lat="46.404983" lon="13.84047">
        <ele>1010.27</ele>
      </trkpt>
      <trkpt lat="46.405208" lon="13.840723">
        <ele>1010</ele>
      </trkpt>
      <trkpt lat="46.405252" lon="13.840815">
        <ele>1009.89</ele>
      </trkpt>
      <trkpt lat="46.4053" lon="13.84103">
        <ele>1009</ele>
      </trkpt>
      <trkpt lat="46.405337" lon="13.841092">
        <ele>1009</ele>
      </trkpt>
      <trkpt lat="46.405422" lon="13.841173">
        <ele>1008.8</ele>
      </trkpt>
      <trkpt lat="46.405656" lon="13.841346">
        <ele>1007.8</ele>
      </trkpt>
      <trkpt lat="46.405949" lon="13.841503">
        <ele>1006.9</ele>
      </trkpt>
      <trkpt lat="46.406067" lon="13.841517">
        <ele>1006.8</ele>
      </trkpt>
      <trkpt lat="46.406185" lon="13.841549">
        <ele>1006.29</ele>
      </trkpt>
      <trkpt lat="46.406472" lon="13.841578">
        <ele>1006.06</ele>
      </trkpt>
      <trkpt lat="46.406553" lon="13.841605">
        <ele>1006.28</ele>
      </trkpt>
      <trkpt lat="46.406632" lon="13.841645">
        <ele>1006.02</ele>
      </trkpt>
      <trkpt lat="46.406773" lon="13.841687">
        <ele>1005.97</ele>
      </trkpt>
      <trkpt lat="46.407062" lon="13.84171">
        <ele>1004.68</ele>
      </trkpt>
      <trkpt lat="46.407134" lon="13.841706">
        <ele>1004.7</ele>
      </trkpt>
      <trkpt lat="46.407296" lon="13.841653">
        <ele>1003.76</ele>
      </trkpt>
      <trkpt lat="46.407372" lon="13.841658">
        <ele>1003.12</ele>
      </trkpt>
      <trkpt lat="46.407468" lon="13.841704">
        <ele>1003</ele>
      </trkpt>
      <trkpt lat="46.40764" lon="13.841837">
        <ele>1002.81</ele>
      </trkpt>
      <trkpt lat="46.407727" lon="13.841889">
        <ele>1002.08</ele>
      </trkpt>
      <trkpt lat="46.407993" lon="13.842005">
        <ele>1001</ele>
      </trkpt>
      <trkpt lat="46.408273" lon="13.842185">
        <ele>1000.48</ele>
      </trkpt>
      <trkpt lat="46.408581" lon="13.842344">
        <ele>999.92</ele>
      </trkpt>
      <trkpt lat="46.408681" lon="13.842445">
        <ele>999.03</ele>
      </trkpt>
      <trkpt lat="46.408961" lon="13.84269">
        <ele>998</ele>
      </trkpt>
      <trkpt lat="46.409035" lon="13.842784">
        <ele>997.5</ele>
      </trkpt>
      <trkpt lat="46.409109" lon="13.842916">
        <ele>997</ele>
      </trkpt>
      <trkpt lat="46.409156" lon="13.843038">
        <ele>997.04</ele>
      </trkpt>
      <trkpt lat="46.409216" lon="13.843109">
        <ele>997.06</ele>
      </trkpt>
      <trkpt lat="46.409284" lon="13.843259">
        <ele>996</ele>
      </trkpt>
      <trkpt lat="46.409318" lon="13.843388">
        <ele>996</ele>
      </trkpt>
      <trkpt lat="46.409425" lon="13.843534">
        <ele>995.82</ele>
      </trkpt>
      <trkpt lat="46.409607" lon="13.843579">
        <ele>995</ele>
      </trkpt>
      <trkpt lat="46.409805" lon="13.843717">
        <ele>994.01</ele>
      </trkpt>
      <trkpt lat="46.410005" lon="13.843938">
        <ele>992.75</ele>
      </trkpt>
      <trkpt lat="46.410145" lon="13.844126">
        <ele>992.47</ele>
      </trkpt>
      <trkpt lat="46.410224" lon="13.844182">
        <ele>992.02</ele>
      </trkpt>
      <trkpt lat="46.410336" lon="13.844243">
        <ele>991.88</ele>
      </trkpt>
      <trkpt lat="46.410543" lon="13.844234">
        <ele>991.01</ele>
      </trkpt>
      <trkpt lat="46.41066" lon="13.844313">
        <ele>990.69</ele>
      </trkpt>
      <trkpt lat="46.410829" lon="13.844474">
        <ele>990.24</ele>
      </trkpt>
      <trkpt lat="46.411019" lon="13.844716">
        <ele>990</ele>
      </trkpt>
      <trkpt lat="46.411239" lon="13.844955">
        <ele>989.42</ele>
      </trkpt>
      <trkpt lat="46.411388" lon="13.845191">
        <ele>989.19</ele>
      </trkpt>
      <trkpt lat="46.411496" lon="13.845413">
        <ele>989.1</ele>
      </trkpt>
      <trkpt lat="46.411596" lon="13.845543">
        <ele>988.89</ele>
      </trkpt>
      <trkpt lat="46.411716" lon="13.845611">
        <ele>988.7</ele>
      </trkpt>
      <trkpt lat="46.411716" lon="13.845611">
        <ele>988.7</ele>
      </trkpt>
      <trkpt lat="46.411972" lon="13.845754">
        <ele>988.29</ele>
      </trkpt>
      <trkpt lat="46.412111" lon="13.845864">
        <ele>987.53</ele>
      </trkpt>
      <trkpt lat="46.412557" lon="13.846359">
        <ele>987</ele>
      </trkpt>
      <trkpt lat="46.413002" lon="13.846855">
        <ele>988.63</ele>
      </trkpt>
      <trkpt lat="46.413252" lon="13.847332">
        <ele>989</ele>
      </trkpt>
      <trkpt lat="46.413575" lon="13.848119">
        <ele>988.42</ele>
      </trkpt>
      <trkpt lat="46.413807" lon="13.848566">
        <ele>987.26</ele>
      </trkpt>
      <trkpt lat="46.414044" lon="13.848894">
        <ele>989.28</ele>
      </trkpt>
      <trkpt lat="46.414198" lon="13.849138">
        <ele>989.5</ele>
      </trkpt>
      <trkpt lat="46.414364" lon="13.849525">
        <ele>988.46</ele>
      </trkpt>
      <trkpt lat="46.414697" lon="13.8502">
        <ele>984.65</ele>
      </trkpt>
      <trkpt lat="46.414741" lon="13.850405">
        <ele>983.17</ele>
      </trkpt>
      <trkpt lat="46.41479" lon="13.850595">
        <ele>983.45</ele>
      </trkpt>
      <trkpt lat="46.415004" lon="13.850956">
        <ele>982.28</ele>
      </trkpt>
      <trkpt lat="46.415395" lon="13.851432">
        <ele>978.55</ele>
      </trkpt>
      <trkpt lat="46.415604" lon="13.85175">
        <ele>975.92</ele>
      </trkpt>
      <trkpt lat="46.415823" lon="13.852166">
        <ele>973.01</ele>
      </trkpt>
      <trkpt lat="46.416061" lon="13.852661">
        <ele>968.33</ele>
      </trkpt>
      <trkpt lat="46.416182" lon="13.852995">
        <ele>965.55</ele>
      </trkpt>
      <trkpt lat="46.416214" lon="13.853349">
        <ele>962.58</ele>
      </trkpt>
      <trkpt lat="46.416249" lon="13.853805">
        <ele>956.72</ele>
      </trkpt>
      <trkpt lat="46.416307" lon="13.854006">
        <ele>955.2</ele>
      </trkpt>
      <trkpt lat="46.416398" lon="13.854233">
        <ele>953.88</ele>
      </trkpt>
      <trkpt lat="46.416509" lon="13.854611">
        <ele>952.68</ele>
      </trkpt>
      <trkpt lat="46.416537" lon="13.854853">
        <ele>952</ele>
      </trkpt>
      <trkpt lat="46.416604" lon="13.855976">
        <ele>945.47</ele>
      </trkpt>
      <trkpt lat="46.416666" lon="13.856141">
        <ele>944.98</ele>
      </trkpt>
      <trkpt lat="46.416717" lon="13.856224">
        <ele>944.51</ele>
      </trkpt>
      <trkpt lat="46.416941" lon="13.856443">
        <ele>943.04</ele>
      </trkpt>
      <trkpt lat="46.417272" lon="13.856807">
        <ele>941.91</ele>
      </trkpt>
      <trkpt lat="46.41766" lon="13.857173">
        <ele>940.5</ele>
      </trkpt>
      <trkpt lat="46.417748" lon="13.857354">
        <ele>939.83</ele>
      </trkpt>
      <trkpt lat="46.417765" lon="13.857434">
        <ele>939.57</ele>
      </trkpt>
      <trkpt lat="46.417838" lon="13.857761">
        <ele>938.5</ele>
      </trkpt>
      <trkpt lat="46.417915" lon="13.85796">
        <ele>938.79</ele>
      </trkpt>
      <trkpt lat="46.418189" lon="13.858319">
        <ele>939.41</ele>
      </trkpt>
      <trkpt lat="46.418426" lon="13.858631">
        <ele>942.32</ele>
      </trkpt>
      <trkpt lat="46.418565" lon="13.858744">
        <ele>944.25</ele>
      </trkpt>
      <trkpt lat="46.418636" lon="13.858765">
        <ele>944.93</ele>
      </trkpt>
      <trkpt lat="46.418729" lon="13.858845">
        <ele>943.53</ele>
      </trkpt>
      <trkpt lat="46.418892" lon="13.859244">
        <ele>944.05</ele>
      </trkpt>
      <trkpt lat="46.419026" lon="13.859513">
        <ele>944.34</ele>
      </trkpt>
      <trkpt lat="46.419168" lon="13.859747">
        <ele>943.17</ele>
      </trkpt>
      <trkpt lat="46.419566" lon="13.86011">
        <ele>946.42</ele>
      </trkpt>
      <trkpt lat="46.419812" lon="13.860517">
        <ele>945.12</ele>
      </trkpt>
      <trkpt lat="46.420034" lon="13.860858">
        <ele>945.89</ele>
      </trkpt>
      <trkpt lat="46.420321" lon="13.86123">
        <ele>943.94</ele>
      </trkpt>
      <trkpt lat="46.420503" lon="13.861469">
        <ele>943.32</ele>
      </trkpt>
      <trkpt lat="46.420677" lon="13.861701">
        <ele>945.12</ele>
      </trkpt>
      <trkpt lat="46.421225" lon="13.862542">
        <ele>943.61</ele>
      </trkpt>
      <trkpt lat="46.421242" lon="13.862856">
        <ele>939.55</ele>
      </trkpt>
      <trkpt lat="46.42134" lon="13.863216">
        <ele>937.98</ele>
      </trkpt>
      <trkpt lat="46.421335" lon="13.86352">
        <ele>935.18</ele>
      </trkpt>
      <trkpt lat="46.421308" lon="13.863734">
        <ele>930.06</ele>
      </trkpt>
      <trkpt lat="46.421361" lon="13.864284">
        <ele>930.31</ele>
      </trkpt>
      <trkpt lat="46.421592" lon="13.864725">
        <ele>928.8</ele>
      </trkpt>
      <trkpt lat="46.421592" lon="13.865118">
        <ele>926.27</ele>
      </trkpt>
      <trkpt lat="46.421684" lon="13.865293">
        <ele>924.15</ele>
      </trkpt>
      <trkpt lat="46.421684" lon="13.865616">
        <ele>921.95</ele>
      </trkpt>
      <trkpt lat="46.42178" lon="13.865891">
        <ele>920.65</ele>
      </trkpt>
      <trkpt lat="46.42195" lon="13.866336">
        <ele>917.74</ele>
      </trkpt>
      <trkpt lat="46.422155" lon="13.866624">
        <ele>916.91</ele>
      </trkpt>
      <trkpt lat="46.422483" lon="13.866856">
        <ele>916.95</ele>
      </trkpt>
      <trkpt lat="46.422745" lon="13.867004">
        <ele>917.91</ele>
      </trkpt>
      <trkpt lat="46.422963" lon="13.867196">
        <ele>918.75</ele>
      </trkpt>
      <trkpt lat="46.423317" lon="13.867541">
        <ele>917.17</ele>
      </trkpt>
      <trkpt lat="46.423513" lon="13.867816">
        <ele>914.81</ele>
      </trkpt>
      <trkpt lat="46.423762" lon="13.868253">
        <ele>913.32</ele>
      </trkpt>
      <trkpt lat="46.423915" lon="13.868484">
        <ele>914.81</ele>
      </trkpt>
      <trkpt lat="46.424068" lon="13.868716">
        <ele>912.92</ele>
      </trkpt>
      <trkpt lat="46.424299" lon="13.869279">
        <ele>911.31</ele>
      </trkpt>
      <trkpt lat="46.424491" lon="13.869554">
        <ele>911.9</ele>
      </trkpt>
      <trkpt lat="46.424714" lon="13.869785">
        <ele>908.2</ele>
      </trkpt>
      <trkpt lat="46.424714" lon="13.869785">
        <ele>908.2</ele>
      </trkpt>
      <trkpt lat="46.424923" lon="13.869969">
        <ele>902.13</ele>
      </trkpt>
      <trkpt lat="46.425046" lon="13.870209">
        <ele>902.02</ele>
      </trkpt>
      <trkpt lat="46.425198" lon="13.870348">
        <ele>899.47</ele>
      </trkpt>
      <trkpt lat="46.425443" lon="13.870427">
        <ele>906.17</ele>
      </trkpt>
      <trkpt lat="46.425644" lon="13.870545">
        <ele>901.47</ele>
      </trkpt>
      <trkpt lat="46.425805" lon="13.870584">
        <ele>897.28</ele>
      </trkpt>
      <trkpt lat="46.425853" lon="13.870733">
        <ele>888.92</ele>
      </trkpt>
      <trkpt lat="46.425919" lon="13.870859">
        <ele>882.55</ele>
      </trkpt>
      <trkpt lat="46.425941" lon="13.871038">
        <ele>875.49</ele>
      </trkpt>
      <trkpt lat="46.426094" lon="13.871252">
        <ele>883.28</ele>
      </trkpt>
      <trkpt lat="46.426216" lon="13.871484">
        <ele>892.73</ele>
      </trkpt>
      <trkpt lat="46.426224" lon="13.871711">
        <ele>890.32</ele>
      </trkpt>
      <trkpt lat="46.426281" lon="13.87189">
        <ele>890.19</ele>
      </trkpt>
      <trkpt lat="46.426369" lon="13.871955">
        <ele>894.44</ele>
      </trkpt>
      <trkpt lat="46.4265" lon="13.872127">
        <ele>901.25</ele>
      </trkpt>
      <trkpt lat="46.426673" lon="13.87247">
        <ele>898.63</ele>
      </trkpt>
      <trkpt lat="46.426809" lon="13.872814">
        <ele>896.78</ele>
      </trkpt>
      <trkpt lat="46.42701" lon="13.873114">
        <ele>897.55</ele>
      </trkpt>
      <trkpt lat="46.427251" lon="13.873365">
        <ele>897.92</ele>
      </trkpt>
      <trkpt lat="46.427412" lon="13.873501">
        <ele>899.89</ele>
      </trkpt>
      <trkpt lat="46.427643" lon="13.874081">
        <ele>893.8</ele>
      </trkpt>
      <trkpt lat="46.427718" lon="13.874304">
        <ele>891.14</ele>
      </trkpt>
      <trkpt lat="46.427871" lon="13.874946">
        <ele>889.32</ele>
      </trkpt>
      <trkpt lat="46.427949" lon="13.875132">
        <ele>889.61</ele>
      </trkpt>
      <trkpt lat="46.428039" lon="13.875247">
        <ele>889.88</ele>
      </trkpt>
      <trkpt lat="46.428145" lon="13.875342">
        <ele>891.73</ele>
      </trkpt>
      <trkpt lat="46.42836" lon="13.875599">
        <ele>891.3</ele>
      </trkpt>
      <trkpt lat="46.428637" lon="13.875893">
        <ele>890.51</ele>
      </trkpt>
      <trkpt lat="46.428815" lon="13.876303">
        <ele>887</ele>
      </trkpt>
      <trkpt lat="46.428915" lon="13.87666">
        <ele>880.58</ele>
      </trkpt>
      <trkpt lat="46.428988" lon="13.876972">
        <ele>877.06</ele>
      </trkpt>
      <trkpt lat="46.429129" lon="13.877207">
        <ele>875.51</ele>
      </trkpt>
      <trkpt lat="46.429228" lon="13.877677">
        <ele>872.86</ele>
      </trkpt>
      <trkpt lat="46.429353" lon="13.877988">
        <ele>873.52</ele>
      </trkpt>
      <trkpt lat="46.429466" lon="13.878222">
        <ele>874.84</ele>
      </trkpt>
      <trkpt lat="46.429569" lon="13.878343">
        <ele>875.07</ele>
      </trkpt>
      <trkpt lat="46.429694" lon="13.87861">
        <ele>874.57</ele>
      </trkpt>
      <trkpt lat="46.429899" lon="13.878747">
        <ele>875.12</ele>
      </trkpt>
      <trkpt lat="46.429997" lon="13.878857">
        <ele>875.62</ele>
      </trkpt>
      <trkpt lat="46.429975" lon="13.878932">
        <ele>874.07</ele>
      </trkpt>
      <trkpt lat="46.429987" lon="13.878932">
        <ele>874.54</ele>
      </trkpt>
      <trkpt lat="46.429915" lon="13.87896">
        <ele>871.33</ele>
      </trkpt>
      <trkpt lat="46.429763" lon="13.879133">
        <ele>867.72</ele>
      </trkpt>
      <trkpt lat="46.429737" lon="13.879269">
        <ele>864.94</ele>
      </trkpt>
      <trkpt lat="46.429846" lon="13.87936">
        <ele>864.3</ele>
      </trkpt>
      <trkpt lat="46.429905" lon="13.879426">
        <ele>862.35</ele>
      </trkpt>
      <trkpt lat="46.429829" lon="13.879505">
        <ele>856.9</ele>
      </trkpt>
      <trkpt lat="46.429696" lon="13.879677">
        <ele>850.88</ele>
      </trkpt>
      <trkpt lat="46.429686" lon="13.879972">
        <ele>847.16</ele>
      </trkpt>
      <trkpt lat="46.429723" lon="13.880342">
        <ele>834.77</ele>
      </trkpt>
      <trkpt lat="46.429843" lon="13.88078">
        <ele>829.96</ele>
      </trkpt>
      <trkpt lat="46.429887" lon="13.881092">
        <ele>828.55</ele>
      </trkpt>
      <trkpt lat="46.429937" lon="13.881233">
        <ele>828.65</ele>
      </trkpt>
      <trkpt lat="46.430096" lon="13.881434">
        <ele>828.66</ele>
      </trkpt>
      <trkpt lat="46.430233" lon="13.882059">
        <ele>821.84</ele>
      </trkpt>
      <trkpt lat="46.430284" lon="13.882157">
        <ele>821.88</ele>
      </trkpt>
      <trkpt lat="46.430372" lon="13.882274">
        <ele>822.55</ele>
      </trkpt>
      <trkpt lat="46.430486" lon="13.882794">
        <ele>822.44</ele>
      </trkpt>
      <trkpt lat="46.430503" lon="13.88283">
        <ele>822.72</ele>
      </trkpt>
      <trkpt lat="46.430584" lon="13.883007">
        <ele>824.12</ele>
      </trkpt>
      <trkpt lat="46.430985" lon="13.883632">
        <ele>826</ele>
      </trkpt>
      <trkpt lat="46.431006" lon="13.883706">
        <ele>825.79</ele>
      </trkpt>
      <trkpt lat="46.431097" lon="13.883816">
        <ele>827.87</ele>
      </trkpt>
      <trkpt lat="46.431214" lon="13.883949">
        <ele>827.58</ele>
      </trkpt>
      <trkpt lat="46.431289" lon="13.88405">
        <ele>827.74</ele>
      </trkpt>
      <trkpt lat="46.431355" lon="13.884179">
        <ele>826.93</ele>
      </trkpt>
      <trkpt lat="46.431507" lon="13.884347">
        <ele>829.39</ele>
      </trkpt>
      <trkpt lat="46.431778" lon="13.884705">
        <ele>832.58</ele>
      </trkpt>
      <trkpt lat="46.431935" lon="13.884772">
        <ele>837.4</ele>
      </trkpt>
      <trkpt lat="46.432002" lon="13.884817">
        <ele>837.06</ele>
      </trkpt>
      <trkpt lat="46.432141" lon="13.884815">
        <ele>838.97</ele>
      </trkpt>
      <trkpt lat="46.432194" lon="13.884877">
        <ele>836.34</ele>
      </trkpt>
      <trkpt lat="46.432281" lon="13.884977">
        <ele>835.44</ele>
      </trkpt>
      <trkpt lat="46.432319" lon="13.885009">
        <ele>836.02</ele>
      </trkpt>
      <trkpt lat="46.4324" lon="13.884956">
        <ele>841.56</ele>
      </trkpt>
      <trkpt lat="46.432497" lon="13.884909">
        <ele>842.14</ele>
      </trkpt>
      <trkpt lat="46.43255" lon="13.884901">
        <ele>841.85</ele>
      </trkpt>
      <trkpt lat="46.432585" lon="13.884921">
        <ele>840.66</ele>
      </trkpt>
      <trkpt lat="46.43259" lon="13.884973">
        <ele>838.58</ele>
      </trkpt>
      <trkpt lat="46.432579" lon="13.885048">
        <ele>836.55</ele>
      </trkpt>
      <trkpt lat="46.432578" lon="13.885192">
        <ele>833.98</ele>
      </trkpt>
      <trkpt lat="46.432598" lon="13.885279">
        <ele>834.44</ele>
      </trkpt>
      <trkpt lat="46.432605" lon="13.885471">
        <ele>834.5</ele>
      </trkpt>
      <trkpt lat="46.432684" lon="13.885489">
        <ele>840.16</ele>
      </trkpt>
      <trkpt lat="46.43276" lon="13.88555">
        <ele>842.16</ele>
      </trkpt>
      <trkpt lat="46.432908" lon="13.885645">
        <ele>842.99</ele>
      </trkpt>
      <trkpt lat="46.433011" lon="13.885622">
        <ele>846.4</ele>
      </trkpt>
      <trkpt lat="46.433039" lon="13.885739">
        <ele>843.23</ele>
      </trkpt>
      <trkpt lat="46.433074" lon="13.885904">
        <ele>842.72</ele>
      </trkpt>
      <trkpt lat="46.433149" lon="13.885963">
        <ele>846.34</ele>
      </trkpt>
      <trkpt lat="46.433197" lon="13.886192">
        <ele>844.75</ele>
      </trkpt>
      <trkpt lat="46.433294" lon="13.886329">
        <ele>842.43</ele>
      </trkpt>
      <trkpt lat="46.433463" lon="13.886472">
        <ele>839.75</ele>
      </trkpt>
      <trkpt lat="46.433621" lon="13.886635">
        <ele>839.08</ele>
      </trkpt>
      <trkpt lat="46.433788" lon="13.886986">
        <ele>836.24</ele>
      </trkpt>
      <trkpt lat="46.433889" lon="13.887298">
        <ele>835.92</ele>
      </trkpt>
      <trkpt lat="46.433963" lon="13.887534">
        <ele>837.45</ele>
      </trkpt>
      <trkpt lat="46.434079" lon="13.887676">
        <ele>835.38</ele>
      </trkpt>
      <trkpt lat="46.434356" lon="13.887844">
        <ele>833.27</ele>
      </trkpt>
      <trkpt lat="46.434479" lon="13.887977">
        <ele>833.25</ele>
      </trkpt>
      <trkpt lat="46.434643" lon="13.888212">
        <ele>832.1</ele>
      </trkpt>
      <trkpt lat="46.434814" lon="13.888373">
        <ele>830.51</ele>
      </trkpt>
      <trkpt lat="46.435044" lon="13.888563">
        <ele>826.35</ele>
      </trkpt>
      <trkpt lat="46.435292" lon="13.888908">
        <ele>820.02</ele>
      </trkpt>
      <trkpt lat="46.435518" lon="13.888969">
        <ele>815.22</ele>
      </trkpt>
      <trkpt lat="46.435607" lon="13.889013">
        <ele>812.99</ele>
      </trkpt>
      <trkpt lat="46.435723" lon="13.889263">
        <ele>808.83</ele>
      </trkpt>
      <trkpt lat="46.435801" lon="13.889561">
        <ele>803.71</ele>
      </trkpt>
      <trkpt lat="46.435974" lon="13.889917">
        <ele>799.33</ele>
      </trkpt>
      <trkpt lat="46.43624" lon="13.890308">
        <ele>791.52</ele>
      </trkpt>
      <trkpt lat="46.4365" lon="13.8905">
        <ele>787.67</ele>
      </trkpt>
      <trkpt lat="46.436735" lon="13.890728">
        <ele>780.08</ele>
      </trkpt>
      <trkpt lat="46.436978" lon="13.891054">
        <ele>769.91</ele>
      </trkpt>
      <trkpt lat="46.437047" lon="13.891225">
        <ele>767.85</ele>
      </trkpt>
      <trkpt lat="46.43709" lon="13.891436">
        <ele>764.61</ele>
      </trkpt>
      <trkpt lat="46.437104" lon="13.891953">
        <ele>761.3</ele>
      </trkpt>
      <trkpt lat="46.437139" lon="13.892284">
        <ele>760.21</ele>
      </trkpt>
      <trkpt lat="46.43721" lon="13.892531">
        <ele>759.4</ele>
      </trkpt>
      <trkpt lat="46.437557" lon="13.893244">
        <ele>757.59</ele>
      </trkpt>
      <trkpt lat="46.43774" lon="13.893753">
        <ele>755.14</ele>
      </trkpt>
      <trkpt lat="46.437867" lon="13.894158">
        <ele>756.17</ele>
      </trkpt>
      <trkpt lat="46.437991" lon="13.894631">
        <ele>758.31</ele>
      </trkpt>
      <trkpt lat="46.438117" lon="13.895427">
        <ele>754.06</ele>
      </trkpt>
      <trkpt lat="46.438157" lon="13.89567">
        <ele>754.45</ele>
      </trkpt>
      <trkpt lat="46.438178" lon="13.895872">
        <ele>754.21</ele>
      </trkpt>
      <trkpt lat="46.438219" lon="13.895968">
        <ele>754.09</ele>
      </trkpt>
      <trkpt lat="46.438277" lon="13.896047">
        <ele>753.98</ele>
      </trkpt>
      <trkpt lat="46.438365" lon="13.896114">
        <ele>753.86</ele>
      </trkpt>
      <trkpt lat="46.438556" lon="13.8962">
        <ele>753.6</ele>
      </trkpt>
      <trkpt lat="46.438678" lon="13.896319">
        <ele>753.24</ele>
      </trkpt>
      <trkpt lat="46.438883" lon="13.896555">
        <ele>751.64</ele>
      </trkpt>
      <trkpt lat="46.439118" lon="13.896902">
        <ele>746.74</ele>
      </trkpt>
      <trkpt lat="46.439344" lon="13.897296">
        <ele>744.28</ele>
      </trkpt>
      <trkpt lat="46.439537" lon="13.897734">
        <ele>744.83</ele>
      </trkpt>
      <trkpt lat="46.439637" lon="13.898135">
        <ele>745.7</ele>
      </trkpt>
      <trkpt lat="46.439737" lon="13.898535">
        <ele>743.2</ele>
      </trkpt>
      <trkpt lat="46.439782" lon="13.898805">
        <ele>741.51</ele>
      </trkpt>
      <trkpt lat="46.439853" lon="13.89899">
        <ele>740.5</ele>
      </trkpt>
      <trkpt lat="46.439938" lon="13.899292">
        <ele>740.42</ele>
      </trkpt>
      <trkpt lat="46.440093" lon="13.899572">
        <ele>739.27</ele>
      </trkpt>
      <trkpt lat="46.440366" lon="13.900336">
        <ele>737.14</ele>
      </trkpt>
      <trkpt lat="46.440782" lon="13.900822">
        <ele>736</ele>
      </trkpt>
      <trkpt lat="46.441103" lon="13.901071">
        <ele>735.04</ele>
      </trkpt>
      <trkpt lat="46.441049" lon="13.901398">
        <ele>734.64</ele>
      </trkpt>
      <trkpt lat="46.440974" lon="13.901724">
        <ele>733.77</ele>
      </trkpt>
      <trkpt lat="46.440972" lon="13.901845">
        <ele>733.98</ele>
      </trkpt>
      <trkpt lat="46.441288" lon="13.902364">
        <ele>734.06</ele>
      </trkpt>
      <trkpt lat="46.441386" lon="13.902475">
        <ele>733.83</ele>
      </trkpt>
      <trkpt lat="46.441624" lon="13.902621">
        <ele>731.44</ele>
      </trkpt>
      <trkpt lat="46.44171" lon="13.902856">
        <ele>730</ele>
      </trkpt>
      <trkpt lat="46.441758" lon="13.903462">
        <ele>729.06</ele>
      </trkpt>
      <trkpt lat="46.441839" lon="13.903953">
        <ele>728</ele>
      </trkpt>
      <trkpt lat="46.441947" lon="13.904365">
        <ele>727.2</ele>
      </trkpt>
      <trkpt lat="46.442059" lon="13.904658">
        <ele>726</ele>
      </trkpt>
      <trkpt lat="46.442167" lon="13.904879">
        <ele>725.29</ele>
      </trkpt>
      <trkpt lat="46.442354" lon="13.905261">
        <ele>724.06</ele>
      </trkpt>
      <trkpt lat="46.442467" lon="13.90565">
        <ele>722.21</ele>
      </trkpt>
      <trkpt lat="46.442613" lon="13.906525">
        <ele>720.98</ele>
      </trkpt>
      <trkpt lat="46.44275" lon="13.907446">
        <ele>720</ele>
      </trkpt>
      <trkpt lat="46.44285" lon="13.907892">
        <ele>719.88</ele>
      </trkpt>
      <trkpt lat="46.442967" lon="13.908227">
        <ele>719.89</ele>
      </trkpt>
      <trkpt lat="46.442996" lon="13.908419">
        <ele>720</ele>
      </trkpt>
      <trkpt lat="46.443005" lon="13.908643">
        <ele>719.53</ele>
      </trkpt>
      <trkpt lat="46.442991" lon="13.908892">
        <ele>719</ele>
      </trkpt>
      <trkpt lat="46.44296" lon="13.909251">
        <ele>718</ele>
      </trkpt>
      <trkpt lat="46.442942" lon="13.909726">
        <ele>717.34</ele>
      </trkpt>
      <trkpt lat="46.442947" lon="13.909968">
        <ele>717.84</ele>
      </trkpt>
      <trkpt lat="46.442977" lon="13.910152">
        <ele>717</ele>
      </trkpt>
      <trkpt lat="46.44308" lon="13.910495">
        <ele>716.71</ele>
      </trkpt>
      <trkpt lat="46.443235" lon="13.910842">
        <ele>715</ele>
      </trkpt>
      <trkpt lat="46.443471" lon="13.911306">
        <ele>713</ele>
      </trkpt>
      <trkpt lat="46.443565" lon="13.911553">
        <ele>712</ele>
      </trkpt>
      <trkpt lat="46.443631" lon="13.91177">
        <ele>712</ele>
      </trkpt>
      <trkpt lat="46.443772" lon="13.912327">
        <ele>711</ele>
      </trkpt>
      <trkpt lat="46.443929" lon="13.912845">
        <ele>710.69</ele>
      </trkpt>
      <trkpt lat="46.444065" lon="13.913135">
        <ele>710.59</ele>
      </trkpt>
      <trkpt lat="46.444189" lon="13.913372">
        <ele>711.41</ele>
      </trkpt>
      <trkpt lat="46.444439" lon="13.9138">
        <ele>710</ele>
      </trkpt>
      <trkpt lat="46.444605" lon="13.914069">
        <ele>709.06</ele>
      </trkpt>
      <trkpt lat="46.444914" lon="13.914542">
        <ele>708</ele>
      </trkpt>
      <trkpt lat="46.445077" lon="13.914726">
        <ele>706.24</ele>
      </trkpt>
      <trkpt lat="46.44522" lon="13.914911">
        <ele>705.74</ele>
      </trkpt>
      <trkpt lat="46.445515" lon="13.915471">
        <ele>702.38</ele>
      </trkpt>
      <trkpt lat="46.445683" lon="13.915912">
        <ele>702.43</ele>
      </trkpt>
      <trkpt lat="46.445768" lon="13.91616">
        <ele>702.38</ele>
      </trkpt>
      <trkpt lat="46.445893" lon="13.916459">
        <ele>702.93</ele>
      </trkpt>
      <trkpt lat="46.446007" lon="13.916806">
        <ele>702.05</ele>
      </trkpt>
      <trkpt lat="46.446103" lon="13.917022">
        <ele>701.42</ele>
      </trkpt>
      <trkpt lat="46.446261" lon="13.917319">
        <ele>700.01</ele>
      </trkpt>
      <trkpt lat="46.446654" lon="13.91823">
        <ele>698</ele>
      </trkpt>
      <trkpt lat="46.446836" lon="13.918564">
        <ele>698</ele>
      </trkpt>
      <trkpt lat="46.446915" lon="13.91865">
        <ele>697.58</ele>
      </trkpt>
      <trkpt lat="46.447451" lon="13.919042">
        <ele>696.09</ele>
      </trkpt>
      <trkpt lat="46.447606" lon="13.91921">
        <ele>695.67</ele>
      </trkpt>
      <trkpt lat="46.447751" lon="13.919417">
        <ele>695.36</ele>
      </trkpt>
      <trkpt lat="46.447877" lon="13.919637">
        <ele>695.2</ele>
      </trkpt>
      <trkpt lat="46.447961" lon="13.919815">
        <ele>694.64</ele>
      </trkpt>
      <trkpt lat="46.447979" lon="13.919905">
        <ele>694.21</ele>
      </trkpt>
      <trkpt lat="46.44798" lon="13.919982">
        <ele>693.95</ele>
      </trkpt>
      <trkpt lat="46.447913" lon="13.920323">
        <ele>693.25</ele>
      </trkpt>
      <trkpt lat="46.447863" lon="13.920487">
        <ele>693.19</ele>
      </trkpt>
      <trkpt lat="46.447787" lon="13.920599">
        <ele>692.92</ele>
      </trkpt>
      <trkpt lat="46.447703" lon="13.920781">
        <ele>693.81</ele>
      </trkpt>
      <trkpt lat="46.447694" lon="13.92089">
        <ele>693.33</ele>
      </trkpt>
      <trkpt lat="46.44761" lon="13.921125">
        <ele>693.85</ele>
      </trkpt>
      <trkpt lat="46.44759" lon="13.921255">
        <ele>694.53</ele>
      </trkpt>
      <trkpt lat="46.447598" lon="13.921382">
        <ele>694.68</ele>
      </trkpt>
      <trkpt lat="46.447636" lon="13.921619">
        <ele>693.88</ele>
      </trkpt>
      <trkpt lat="46.447708" lon="13.92176">
        <ele>692.17</ele>
      </trkpt>
      <trkpt lat="46.447828" lon="13.921882">
        <ele>691.57</ele>
      </trkpt>
      <trkpt lat="46.448025" lon="13.922018">
        <ele>691.66</ele>
      </trkpt>
      <trkpt lat="46.448314" lon="13.922124">
        <ele>691.11</ele>
      </trkpt>
      <trkpt lat="46.448612" lon="13.922277">
        <ele>689.49</ele>
      </trkpt>
      <trkpt lat="46.448686" lon="13.922377">
        <ele>688.78</ele>
      </trkpt>
      <trkpt lat="46.448717" lon="13.922466">
        <ele>688.88</ele>
      </trkpt>
      <trkpt lat="46.448747" lon="13.922591">
        <ele>688.34</ele>
      </trkpt>
      <trkpt lat="46.448763" lon="13.922749">
        <ele>687.98</ele>
      </trkpt>
      <trkpt lat="46.448755" lon="13.922892">
        <ele>688.15</ele>
      </trkpt>
      <trkpt lat="46.448764" lon="13.923038">
        <ele>687.81</ele>
      </trkpt>
      <trkpt lat="46.448763" lon="13.923247">
        <ele>686.98</ele>
      </trkpt>
      <trkpt lat="46.448712" lon="13.923858">
        <ele>688.22</ele>
      </trkpt>
      <trkpt lat="46.448878" lon="13.923942">
        <ele>684.19</ele>
      </trkpt>
      <trkpt lat="46.448857" lon="13.924142">
        <ele>683.56</ele>
      </trkpt>
      <trkpt lat="46.448802" lon="13.924331">
        <ele>684.51</ele>
      </trkpt>
      <trkpt lat="46.448835" lon="13.925003">
        <ele>684.33</ele>
      </trkpt>
      <trkpt lat="46.448848" lon="13.925322">
        <ele>684.94</ele>
      </trkpt>
      <trkpt lat="46.448878" lon="13.925503">
        <ele>685.53</ele>
      </trkpt>
      <trkpt lat="46.448949" lon="13.925604">
        <ele>684.28</ele>
      </trkpt>
      <trkpt lat="46.449008" lon="13.925749">
        <ele>683.83</ele>
      </trkpt>
      <trkpt lat="46.44903" lon="13.925874">
        <ele>683.9</ele>
      </trkpt>
      <trkpt lat="46.44909" lon="13.926054">
        <ele>684.16</ele>
      </trkpt>
      <trkpt lat="46.449211" lon="13.926271">
        <ele>684.15</ele>
      </trkpt>
      <trkpt lat="46.449368" lon="13.926382">
        <ele>683.61</ele>
      </trkpt>
      <trkpt lat="46.449543" lon="13.926488">
        <ele>683.48</ele>
      </trkpt>
      <trkpt lat="46.449734" lon="13.926675">
        <ele>682.93</ele>
      </trkpt>
      <trkpt lat="46.449857" lon="13.926972">
        <ele>682.03</ele>
      </trkpt>
      <trkpt lat="46.449962" lon="13.927169">
        <ele>682.15</ele>
      </trkpt>
      <trkpt lat="46.450141" lon="13.927399">
        <ele>681.35</ele>
      </trkpt>
      <trkpt lat="46.450313" lon="13.927644">
        <ele>680.06</ele>
      </trkpt>
      <trkpt lat="46.450461" lon="13.927917">
        <ele>679.81</ele>
      </trkpt>
      <trkpt lat="46.450507" lon="13.928162">
        <ele>679.26</ele>
      </trkpt>
      <trkpt lat="46.45057" lon="13.928564">
        <ele>678.73</ele>
      </trkpt>
      <trkpt lat="46.45062" lon="13.928809">
        <ele>678.31</ele>
      </trkpt>
      <trkpt lat="46.450679" lon="13.92901">
        <ele>678.88</ele>
      </trkpt>
      <trkpt lat="46.450791" lon="13.929276">
        <ele>677.92</ele>
      </trkpt>
      <trkpt lat="46.450827" lon="13.92931">
        <ele>677.84</ele>
      </trkpt>
      <trkpt lat="46.45108" lon="13.929445">
        <ele>676.84</ele>
      </trkpt>
      <trkpt lat="46.451322" lon="13.929593">
        <ele>676.11</ele>
      </trkpt>
      <trkpt lat="46.451606" lon="13.929855">
        <ele>674.79</ele>
      </trkpt>
      <trkpt lat="46.451903" lon="13.930069">
        <ele>673.59</ele>
      </trkpt>
      <trkpt lat="46.452104" lon="13.930247">
        <ele>673.18</ele>
      </trkpt>
      <trkpt lat="46.452267" lon="13.930443">
        <ele>672.89</ele>
      </trkpt>
      <trkpt lat="46.452397" lon="13.930625">
        <ele>672.84</ele>
      </trkpt>
      <trkpt lat="46.452552" lon="13.930893">
        <ele>672.01</ele>
      </trkpt>
      <trkpt lat="46.452678" lon="13.931144">
        <ele>671.55</ele>
      </trkpt>
      <trkpt lat="46.452815" lon="13.931365">
        <ele>672.13</ele>
      </trkpt>
      <trkpt lat="46.453013" lon="13.931594">
        <ele>670.53</ele>
      </trkpt>
      <trkpt lat="46.453095" lon="13.931693">
        <ele>672.44</ele>
      </trkpt>
      <trkpt lat="46.453185" lon="13.931722">
        <ele>671.27</ele>
      </trkpt>
      <trkpt lat="46.453415" lon="13.931923">
        <ele>670.37</ele>
      </trkpt>
      <trkpt lat="46.453583" lon="13.932127">
        <ele>670.64</ele>
      </trkpt>
      <trkpt lat="46.453688" lon="13.932334">
        <ele>671.18</ele>
      </trkpt>
      <trkpt lat="46.453845" lon="13.932564">
        <ele>669.64</ele>
      </trkpt>
      <trkpt lat="46.454268" lon="13.933358">
        <ele>666.21</ele>
      </trkpt>
      <trkpt lat="46.454387" lon="13.933656">
        <ele>666.42</ele>
      </trkpt>
      <trkpt lat="46.45451" lon="13.93376">
        <ele>665.74</ele>
      </trkpt>
      <trkpt lat="46.454602" lon="13.933821">
        <ele>665.56</ele>
      </trkpt>
      <trkpt lat="46.454635" lon="13.933924">
        <ele>665.43</ele>
      </trkpt>
      <trkpt lat="46.454736" lon="13.934052">
        <ele>664.74</ele>
      </trkpt>
      <trkpt lat="46.45483" lon="13.934128">
        <ele>665.14</ele>
      </trkpt>
      <trkpt lat="46.455037" lon="13.934272">
        <ele>664.97</ele>
      </trkpt>
      <trkpt lat="46.455162" lon="13.934341">
        <ele>664.74</ele>
      </trkpt>
      <trkpt lat="46.45523" lon="13.934368">
        <ele>664.56</ele>
      </trkpt>
      <trkpt lat="46.45538" lon="13.934395">
        <ele>664.64</ele>
      </trkpt>
      <trkpt lat="46.455431" lon="13.934432">
        <ele>665.21</ele>
      </trkpt>
      <trkpt lat="46.455471" lon="13.934447">
        <ele>665.48</ele>
      </trkpt>
      <trkpt lat="46.455635" lon="13.934423">
        <ele>663.76</ele>
      </trkpt>
      <trkpt lat="46.4562" lon="13.934638">
        <ele>660.06</ele>
      </trkpt>
      <trkpt lat="46.456383" lon="13.93478">
        <ele>659.74</ele>
      </trkpt>
      <trkpt lat="46.456724" lon="13.935077">
        <ele>658.62</ele>
      </trkpt>
      <trkpt lat="46.45685" lon="13.935271">
        <ele>658.35</ele>
      </trkpt>
      <trkpt lat="46.456921" lon="13.935399">
        <ele>658.16</ele>
      </trkpt>
      <trkpt lat="46.457009" lon="13.93556">
        <ele>657.93</ele>
      </trkpt>
      <trkpt lat="46.457181" lon="13.935983">
        <ele>657.9</ele>
      </trkpt>
      <trkpt lat="46.457356" lon="13.9363">
        <ele>656.68</ele>
      </trkpt>
      <trkpt lat="46.457424" lon="13.936215">
        <ele>654.42</ele>
      </trkpt>
      <trkpt lat="46.457473" lon="13.936171">
        <ele>654</ele>
      </trkpt>
      <trkpt lat="46.457523" lon="13.936129">
        <ele>654.41</ele>
      </trkpt>
      <trkpt lat="46.457582" lon="13.936098">
        <ele>656.14</ele>
      </trkpt>
      <trkpt lat="46.457674" lon="13.936032">
        <ele>658.22</ele>
      </trkpt>
      <trkpt lat="46.457763" lon="13.936079">
        <ele>658.97</ele>
      </trkpt>
      <trkpt lat="46.458211" lon="13.935744">
        <ele>659</ele>
      </trkpt>
      <trkpt lat="46.4584" lon="13.935931">
        <ele>658.88</ele>
      </trkpt>
    </trkseg>
  </trk>
</gpx>
