<?xml version="1.0" encoding="UTF-8"?>
<gpx xmlns:gpxdata="http://www.cluetrust.com/XML/GPXDATA/1/0" xmlns:xsi="http://www.w3.org/2001/XMLSchema-instance" xmlns="http://www.topografix.com/GPX/1/1" version="1.1" creator="http://ridewithgps.com/" xsi:schemaLocation="http://www.topografix.com/GPX/1/1 http://www.topografix.com/GPX/1/1/gpx.xsd http://www.cluetrust.com/XML/GPXDATA/1/0 http://www.cluetrust.com/Schemas/gpxdata10.xsd">
  <metadata>
    <name>JAT 25 km 2026</name>
    <link href="https://ridewithgps.com/routes/55677898">
      <text>JAT 25 km 2026</text>
    </link>
    <time>2026-06-16T11:08:47Z</time>
  </metadata>
  <trk>
    <name>JAT 25 km 2026</name>
    <trkseg>
      <trkpt lat="46.48503" lon="13.78568">
        <ele>808.1</ele>
      </trkpt>
      <trkpt lat="46.48548" lon="13.78582">
        <ele>807.4</ele>
      </trkpt>
      <trkpt lat="46.48607" lon="13.78592">
        <ele>806.7</ele>
      </trkpt>
      <trkpt lat="46.48653" lon="13.78583">
        <ele>806.2</ele>
      </trkpt>
      <trkpt lat="46.486529" lon="13.785789">
        <ele>806.1</ele>
      </trkpt>
      <trkpt lat="46.48653" lon="13.78583">
        <ele>806.2</ele>
      </trkpt>
      <trkpt lat="46.48656" lon="13.78604">
        <ele>805.7</ele>
      </trkpt>
      <trkpt lat="46.48683" lon="13.78679">
        <ele>803.4</ele>
      </trkpt>
      <trkpt lat="46.48689" lon="13.787">
        <ele>803.0</ele>
      </trkpt>
      <trkpt lat="46.48695" lon="13.78723">
        <ele>802.5</ele>
      </trkpt>
      <trkpt lat="46.48701" lon="13.7876">
        <ele>802.0</ele>
      </trkpt>
      <trkpt lat="46.48707" lon="13.78828">
        <ele>802.5</ele>
      </trkpt>
      <trkpt lat="46.48713" lon="13.78896">
        <ele>800.9</ele>
      </trkpt>
      <trkpt lat="46.48702" lon="13.78896">
        <ele>801.1</ele>
      </trkpt>
      <trkpt lat="46.48643" lon="13.78872">
        <ele>802.4</ele>
      </trkpt>
      <trkpt lat="46.48637" lon="13.78866">
        <ele>802.5</ele>
      </trkpt>
      <trkpt lat="46.48612" lon="13.78829">
        <ele>802.8</ele>
      </trkpt>
      <trkpt lat="46.486" lon="13.78816">
        <ele>802.9</ele>
      </trkpt>
      <trkpt lat="46.48585" lon="13.78793">
        <ele>803.5</ele>
      </trkpt>
      <trkpt lat="46.48573" lon="13.7879">
        <ele>803.6</ele>
      </trkpt>
      <trkpt lat="46.48558" lon="13.7878">
        <ele>803.9</ele>
      </trkpt>
      <trkpt lat="46.48525" lon="13.78715">
        <ele>806.0</ele>
      </trkpt>
      <trkpt lat="46.48504" lon="13.78702">
        <ele>806.2</ele>
      </trkpt>
      <trkpt lat="46.48499" lon="13.78698">
        <ele>806.2</ele>
      </trkpt>
      <trkpt lat="46.48494" lon="13.78692">
        <ele>806.3</ele>
      </trkpt>
      <trkpt lat="46.48474" lon="13.7865">
        <ele>807.0</ele>
      </trkpt>
      <trkpt lat="46.48456" lon="13.78669">
        <ele>806.4</ele>
      </trkpt>
      <trkpt lat="46.48453" lon="13.7867">
        <ele>806.3</ele>
      </trkpt>
      <trkpt lat="46.48449" lon="13.7867">
        <ele>806.2</ele>
      </trkpt>
      <trkpt lat="46.48409" lon="13.78659">
        <ele>806.3</ele>
      </trkpt>
      <trkpt lat="46.48379" lon="13.78655">
        <ele>806.4</ele>
      </trkpt>
      <trkpt lat="46.48363" lon="13.78656">
        <ele>806.3</ele>
      </trkpt>
      <trkpt lat="46.4835" lon="13.78663">
        <ele>806.1</ele>
      </trkpt>
      <trkpt lat="46.4834" lon="13.7863">
        <ele>806.9</ele>
      </trkpt>
      <trkpt lat="46.48326" lon="13.78584">
        <ele>811.7</ele>
      </trkpt>
      <trkpt lat="46.48318" lon="13.78592">
        <ele>813.0</ele>
      </trkpt>
      <trkpt lat="46.48301" lon="13.78605">
        <ele>815.7</ele>
      </trkpt>
      <trkpt lat="46.48294" lon="13.78612">
        <ele>816.9</ele>
      </trkpt>
      <trkpt lat="46.48293" lon="13.78609">
        <ele>817.2</ele>
      </trkpt>
      <trkpt lat="46.48293" lon="13.78609">
        <ele>817.2</ele>
      </trkpt>
      <trkpt lat="46.48283" lon="13.78589">
        <ele>819.6</ele>
      </trkpt>
      <trkpt lat="46.48269" lon="13.7854">
        <ele>819.8</ele>
      </trkpt>
      <trkpt lat="46.48259" lon="13.78522">
        <ele>819.9</ele>
      </trkpt>
      <trkpt lat="46.48254" lon="13.78501">
        <ele>818.6</ele>
      </trkpt>
      <trkpt lat="46.4823" lon="13.7844">
        <ele>821.6</ele>
      </trkpt>
      <trkpt lat="46.48207" lon="13.78396">
        <ele>825.5</ele>
      </trkpt>
      <trkpt lat="46.48193" lon="13.78388">
        <ele>829.1</ele>
      </trkpt>
      <trkpt lat="46.48177" lon="13.78366">
        <ele>829.2</ele>
      </trkpt>
      <trkpt lat="46.48171" lon="13.78348">
        <ele>826.1</ele>
      </trkpt>
      <trkpt lat="46.48157" lon="13.78312">
        <ele>821.7</ele>
      </trkpt>
      <trkpt lat="46.4815" lon="13.78304">
        <ele>821.4</ele>
      </trkpt>
      <trkpt lat="46.48144" lon="13.783">
        <ele>821.4</ele>
      </trkpt>
      <trkpt lat="46.48106" lon="13.78302">
        <ele>825.9</ele>
      </trkpt>
      <trkpt lat="46.48094" lon="13.78298">
        <ele>826.2</ele>
      </trkpt>
      <trkpt lat="46.48047" lon="13.78292">
        <ele>831.7</ele>
      </trkpt>
      <trkpt lat="46.48037" lon="13.78288">
        <ele>831.9</ele>
      </trkpt>
      <trkpt lat="46.48015" lon="13.78265">
        <ele>826.0</ele>
      </trkpt>
      <trkpt lat="46.47988" lon="13.78249">
        <ele>824.5</ele>
      </trkpt>
      <trkpt lat="46.4794" lon="13.78229">
        <ele>833.8</ele>
      </trkpt>
      <trkpt lat="46.47915" lon="13.78207">
        <ele>833.0</ele>
      </trkpt>
      <trkpt lat="46.47904" lon="13.78194">
        <ele>831.3</ele>
      </trkpt>
      <trkpt lat="46.4786" lon="13.78125">
        <ele>825.6</ele>
      </trkpt>
      <trkpt lat="46.47847" lon="13.78114">
        <ele>824.9</ele>
      </trkpt>
      <trkpt lat="46.47838" lon="13.78116">
        <ele>826.1</ele>
      </trkpt>
      <trkpt lat="46.47823" lon="13.78125">
        <ele>828.7</ele>
      </trkpt>
      <trkpt lat="46.47814" lon="13.78126">
        <ele>829.1</ele>
      </trkpt>
      <trkpt lat="46.47806" lon="13.78121">
        <ele>828.1</ele>
      </trkpt>
      <trkpt lat="46.478" lon="13.78122">
        <ele>828.5</ele>
      </trkpt>
      <trkpt lat="46.47792" lon="13.7813">
        <ele>830.3</ele>
      </trkpt>
      <trkpt lat="46.47786" lon="13.78132">
        <ele>830.8</ele>
      </trkpt>
      <trkpt lat="46.4775" lon="13.78134">
        <ele>831.7</ele>
      </trkpt>
      <trkpt lat="46.47738" lon="13.78139">
        <ele>832.6</ele>
      </trkpt>
      <trkpt lat="46.47733" lon="13.78145">
        <ele>833.7</ele>
      </trkpt>
      <trkpt lat="46.47725" lon="13.78146">
        <ele>833.9</ele>
      </trkpt>
      <trkpt lat="46.47714" lon="13.78141">
        <ele>832.9</ele>
      </trkpt>
      <trkpt lat="46.47694" lon="13.78126">
        <ele>830.2</ele>
      </trkpt>
      <trkpt lat="46.4768" lon="13.7812">
        <ele>829.1</ele>
      </trkpt>
      <trkpt lat="46.4767" lon="13.78122">
        <ele>829.5</ele>
      </trkpt>
      <trkpt lat="46.47664" lon="13.78132">
        <ele>831.2</ele>
      </trkpt>
      <trkpt lat="46.47651" lon="13.78141">
        <ele>832.6</ele>
      </trkpt>
      <trkpt lat="46.47631" lon="13.78141">
        <ele>832.5</ele>
      </trkpt>
      <trkpt lat="46.47619" lon="13.78131">
        <ele>831.1</ele>
      </trkpt>
      <trkpt lat="46.47617" lon="13.78133">
        <ele>831.4</ele>
      </trkpt>
      <trkpt lat="46.47614" lon="13.78133">
        <ele>831.4</ele>
      </trkpt>
      <trkpt lat="46.47602" lon="13.78128">
        <ele>830.8</ele>
      </trkpt>
      <trkpt lat="46.47575" lon="13.78132">
        <ele>831.7</ele>
      </trkpt>
      <trkpt lat="46.47556" lon="13.7814">
        <ele>833.0</ele>
      </trkpt>
      <trkpt lat="46.47547" lon="13.78148">
        <ele>833.3</ele>
      </trkpt>
      <trkpt lat="46.47549" lon="13.78186">
        <ele>834.1</ele>
      </trkpt>
      <trkpt lat="46.47553" lon="13.78195">
        <ele>834.7</ele>
      </trkpt>
      <trkpt lat="46.47565" lon="13.78208">
        <ele>836.2</ele>
      </trkpt>
      <trkpt lat="46.47572" lon="13.78228">
        <ele>837.7</ele>
      </trkpt>
      <trkpt lat="46.47568" lon="13.78225">
        <ele>837.3</ele>
      </trkpt>
      <trkpt lat="46.47568" lon="13.78225">
        <ele>837.3</ele>
      </trkpt>
      <trkpt lat="46.47572" lon="13.78228">
        <ele>837.7</ele>
      </trkpt>
      <trkpt lat="46.47585" lon="13.7825">
        <ele>840.1</ele>
      </trkpt>
      <trkpt lat="46.47594" lon="13.78255">
        <ele>841.1</ele>
      </trkpt>
      <trkpt lat="46.47603" lon="13.78263">
        <ele>842.2</ele>
      </trkpt>
      <trkpt lat="46.47609" lon="13.78271">
        <ele>843.1</ele>
      </trkpt>
      <trkpt lat="46.47614" lon="13.78284">
        <ele>844.3</ele>
      </trkpt>
      <trkpt lat="46.47619" lon="13.78302">
        <ele>845.7</ele>
      </trkpt>
      <trkpt lat="46.4762" lon="13.78353">
        <ele>849.3</ele>
      </trkpt>
      <trkpt lat="46.47614" lon="13.78446">
        <ele>858.7</ele>
      </trkpt>
      <trkpt lat="46.47607" lon="13.78476">
        <ele>861.8</ele>
      </trkpt>
      <trkpt lat="46.47602" lon="13.78511">
        <ele>866.2</ele>
      </trkpt>
      <trkpt lat="46.47593" lon="13.78549">
        <ele>872.0</ele>
      </trkpt>
      <trkpt lat="46.47581" lon="13.78631">
        <ele>885.4</ele>
      </trkpt>
      <trkpt lat="46.47577" lon="13.78643">
        <ele>887.3</ele>
      </trkpt>
      <trkpt lat="46.47565" lon="13.78656">
        <ele>888.9</ele>
      </trkpt>
      <trkpt lat="46.47515" lon="13.78684">
        <ele>892.4</ele>
      </trkpt>
      <trkpt lat="46.4749" lon="13.787">
        <ele>894.9</ele>
      </trkpt>
      <trkpt lat="46.4748" lon="13.7871">
        <ele>896.7</ele>
      </trkpt>
      <trkpt lat="46.47455" lon="13.78727">
        <ele>899.0</ele>
      </trkpt>
      <trkpt lat="46.47449" lon="13.78734">
        <ele>900.2</ele>
      </trkpt>
      <trkpt lat="46.47432" lon="13.78783">
        <ele>912.0</ele>
      </trkpt>
      <trkpt lat="46.47423" lon="13.78798">
        <ele>915.5</ele>
      </trkpt>
      <trkpt lat="46.47416" lon="13.78802">
        <ele>916.0</ele>
      </trkpt>
      <trkpt lat="46.47411" lon="13.78798">
        <ele>914.6</ele>
      </trkpt>
      <trkpt lat="46.47405" lon="13.78777">
        <ele>908.4</ele>
      </trkpt>
      <trkpt lat="46.474" lon="13.78766">
        <ele>905.1</ele>
      </trkpt>
      <trkpt lat="46.47391" lon="13.78763">
        <ele>904.0</ele>
      </trkpt>
      <trkpt lat="46.47385" lon="13.78766">
        <ele>904.7</ele>
      </trkpt>
      <trkpt lat="46.4738" lon="13.78772">
        <ele>906.2</ele>
      </trkpt>
      <trkpt lat="46.47381" lon="13.7878">
        <ele>908.5</ele>
      </trkpt>
      <trkpt lat="46.47384" lon="13.78785">
        <ele>910.0</ele>
      </trkpt>
      <trkpt lat="46.47392" lon="13.78789">
        <ele>911.4</ele>
      </trkpt>
      <trkpt lat="46.474" lon="13.78798">
        <ele>914.2</ele>
      </trkpt>
      <trkpt lat="46.47411" lon="13.7883">
        <ele>923.8</ele>
      </trkpt>
      <trkpt lat="46.47418" lon="13.78836">
        <ele>925.8</ele>
      </trkpt>
      <trkpt lat="46.47425" lon="13.78834">
        <ele>926.2</ele>
      </trkpt>
      <trkpt lat="46.4743" lon="13.78831">
        <ele>925.9</ele>
      </trkpt>
      <trkpt lat="46.47447" lon="13.78793">
        <ele>916.5</ele>
      </trkpt>
      <trkpt lat="46.47458" lon="13.7878">
        <ele>913.7</ele>
      </trkpt>
      <trkpt lat="46.47471" lon="13.78776">
        <ele>913.7</ele>
      </trkpt>
      <trkpt lat="46.47546" lon="13.78779">
        <ele>921.0</ele>
      </trkpt>
      <trkpt lat="46.47602" lon="13.7879">
        <ele>927.5</ele>
      </trkpt>
      <trkpt lat="46.47658" lon="13.78801">
        <ele>931.8</ele>
      </trkpt>
      <trkpt lat="46.47671" lon="13.78813">
        <ele>932.9</ele>
      </trkpt>
      <trkpt lat="46.47678" lon="13.78831">
        <ele>934.1</ele>
      </trkpt>
      <trkpt lat="46.47687" lon="13.78878">
        <ele>939.8</ele>
      </trkpt>
      <trkpt lat="46.47697" lon="13.78903">
        <ele>942.3</ele>
      </trkpt>
      <trkpt lat="46.47695" lon="13.78918">
        <ele>944.8</ele>
      </trkpt>
      <trkpt lat="46.47683" lon="13.78945">
        <ele>949.4</ele>
      </trkpt>
      <trkpt lat="46.47679" lon="13.78959">
        <ele>951.4</ele>
      </trkpt>
      <trkpt lat="46.47685" lon="13.78978">
        <ele>953.1</ele>
      </trkpt>
      <trkpt lat="46.4769" lon="13.78985">
        <ele>953.5</ele>
      </trkpt>
      <trkpt lat="46.47702" lon="13.7899">
        <ele>953.2</ele>
      </trkpt>
      <trkpt lat="46.47714" lon="13.78989">
        <ele>952.1</ele>
      </trkpt>
      <trkpt lat="46.47728" lon="13.78983">
        <ele>950.1</ele>
      </trkpt>
      <trkpt lat="46.47757" lon="13.78957">
        <ele>944.3</ele>
      </trkpt>
      <trkpt lat="46.47767" lon="13.78952">
        <ele>943.5</ele>
      </trkpt>
      <trkpt lat="46.47791" lon="13.78954">
        <ele>943.7</ele>
      </trkpt>
      <trkpt lat="46.47807" lon="13.78958">
        <ele>944.1</ele>
      </trkpt>
      <trkpt lat="46.47815" lon="13.78964">
        <ele>944.7</ele>
      </trkpt>
      <trkpt lat="46.47828" lon="13.78977">
        <ele>945.9</ele>
      </trkpt>
      <trkpt lat="46.47856" lon="13.79017">
        <ele>948.7</ele>
      </trkpt>
      <trkpt lat="46.47875" lon="13.79037">
        <ele>948.6</ele>
      </trkpt>
      <trkpt lat="46.47916" lon="13.79127">
        <ele>947.2</ele>
      </trkpt>
      <trkpt lat="46.47931" lon="13.79178">
        <ele>948.7</ele>
      </trkpt>
      <trkpt lat="46.4793" lon="13.79225">
        <ele>948.7</ele>
      </trkpt>
      <trkpt lat="46.47934" lon="13.79244">
        <ele>948.4</ele>
      </trkpt>
      <trkpt lat="46.47943" lon="13.79268">
        <ele>947.5</ele>
      </trkpt>
      <trkpt lat="46.47963" lon="13.79294">
        <ele>943.8</ele>
      </trkpt>
      <trkpt lat="46.47993" lon="13.79327">
        <ele>934.6</ele>
      </trkpt>
      <trkpt lat="46.479947" lon="13.79329">
        <ele>933.9</ele>
      </trkpt>
      <trkpt lat="46.480419" lon="13.7936">
        <ele>929.3</ele>
      </trkpt>
      <trkpt lat="46.480671" lon="13.793783">
        <ele>925.4</ele>
      </trkpt>
      <trkpt lat="46.480823" lon="13.794305">
        <ele>919.8</ele>
      </trkpt>
      <trkpt lat="46.480823" lon="13.794672">
        <ele>921.2</ele>
      </trkpt>
      <trkpt lat="46.480754" lon="13.795112">
        <ele>926.3</ele>
      </trkpt>
      <trkpt lat="46.480798" lon="13.795533">
        <ele>929.0</ele>
      </trkpt>
      <trkpt lat="46.480779" lon="13.795863">
        <ele>932.7</ele>
      </trkpt>
      <trkpt lat="46.480501" lon="13.795973">
        <ele>940.9</ele>
      </trkpt>
      <trkpt lat="46.48019" lon="13.796">
        <ele>949.9</ele>
      </trkpt>
      <trkpt lat="46.47999" lon="13.79609">
        <ele>954.8</ele>
      </trkpt>
      <trkpt lat="46.47982" lon="13.79625">
        <ele>957.1</ele>
      </trkpt>
      <trkpt lat="46.47968" lon="13.79644">
        <ele>958.6</ele>
      </trkpt>
      <trkpt lat="46.47965" lon="13.79652">
        <ele>958.7</ele>
      </trkpt>
      <trkpt lat="46.47974" lon="13.79683">
        <ele>955.3</ele>
      </trkpt>
      <trkpt lat="46.4797" lon="13.79696">
        <ele>956.5</ele>
      </trkpt>
      <trkpt lat="46.47957" lon="13.79712">
        <ele>960.2</ele>
      </trkpt>
      <trkpt lat="46.47956" lon="13.7972">
        <ele>960.6</ele>
      </trkpt>
      <trkpt lat="46.47961" lon="13.79731">
        <ele>959.4</ele>
      </trkpt>
      <trkpt lat="46.47994" lon="13.79778">
        <ele>955.5</ele>
      </trkpt>
      <trkpt lat="46.47993" lon="13.79801">
        <ele>960.5</ele>
      </trkpt>
      <trkpt lat="46.47997" lon="13.79828">
        <ele>964.8</ele>
      </trkpt>
      <trkpt lat="46.48023" lon="13.79891">
        <ele>966.0</ele>
      </trkpt>
      <trkpt lat="46.48028" lon="13.7991">
        <ele>967.3</ele>
      </trkpt>
      <trkpt lat="46.48028" lon="13.79928">
        <ele>968.2</ele>
      </trkpt>
      <trkpt lat="46.48024" lon="13.79947">
        <ele>969.1</ele>
      </trkpt>
      <trkpt lat="46.48021" lon="13.79969">
        <ele>969.6</ele>
      </trkpt>
      <trkpt lat="46.48025" lon="13.79994">
        <ele>968.4</ele>
      </trkpt>
      <trkpt lat="46.48022" lon="13.80019">
        <ele>969.6</ele>
      </trkpt>
      <trkpt lat="46.48026" lon="13.80074">
        <ele>970.5</ele>
      </trkpt>
      <trkpt lat="46.48022" lon="13.80108">
        <ele>973.3</ele>
      </trkpt>
      <trkpt lat="46.48001" lon="13.80159">
        <ele>981.3</ele>
      </trkpt>
      <trkpt lat="46.47999" lon="13.80176">
        <ele>982.3</ele>
      </trkpt>
      <trkpt lat="46.48002" lon="13.80194">
        <ele>981.6</ele>
      </trkpt>
      <trkpt lat="46.48002" lon="13.80194">
        <ele>981.6</ele>
      </trkpt>
      <trkpt lat="46.47993" lon="13.80222">
        <ele>984.0</ele>
      </trkpt>
      <trkpt lat="46.47975" lon="13.80235">
        <ele>989.0</ele>
      </trkpt>
      <trkpt lat="46.4797" lon="13.80246">
        <ele>990.3</ele>
      </trkpt>
      <trkpt lat="46.47966" lon="13.80303">
        <ele>992.1</ele>
      </trkpt>
      <trkpt lat="46.47957" lon="13.80332">
        <ele>994.8</ele>
      </trkpt>
      <trkpt lat="46.47946" lon="13.80434">
        <ele>997.7</ele>
      </trkpt>
      <trkpt lat="46.47937" lon="13.80502">
        <ele>1002.0</ele>
      </trkpt>
      <trkpt lat="46.4794" lon="13.80543">
        <ele>1003.1</ele>
      </trkpt>
      <trkpt lat="46.47947" lon="13.80575">
        <ele>1001.5</ele>
      </trkpt>
      <trkpt lat="46.47937" lon="13.80655">
        <ele>1012.3</ele>
      </trkpt>
      <trkpt lat="46.47935" lon="13.80695">
        <ele>1015.2</ele>
      </trkpt>
      <trkpt lat="46.47943" lon="13.80761">
        <ele>1012.4</ele>
      </trkpt>
      <trkpt lat="46.47951" lon="13.80828">
        <ele>1001.2</ele>
      </trkpt>
      <trkpt lat="46.47942" lon="13.80835">
        <ele>1002.4</ele>
      </trkpt>
      <trkpt lat="46.47927" lon="13.80831">
        <ele>1007.5</ele>
      </trkpt>
      <trkpt lat="46.47908" lon="13.80843">
        <ele>1011.4</ele>
      </trkpt>
      <trkpt lat="46.47883" lon="13.80878">
        <ele>1014.3</ele>
      </trkpt>
      <trkpt lat="46.4788" lon="13.80913">
        <ele>1005.5</ele>
      </trkpt>
      <trkpt lat="46.47887" lon="13.80915">
        <ele>1000.7</ele>
      </trkpt>
      <trkpt lat="46.47901" lon="13.80913">
        <ele>992.8</ele>
      </trkpt>
      <trkpt lat="46.47904" lon="13.80945">
        <ele>987.1</ele>
      </trkpt>
      <trkpt lat="46.47903" lon="13.80967">
        <ele>985.6</ele>
      </trkpt>
      <trkpt lat="46.47897" lon="13.80987">
        <ele>987.1</ele>
      </trkpt>
      <trkpt lat="46.4789" lon="13.81">
        <ele>989.7</ele>
      </trkpt>
      <trkpt lat="46.4789" lon="13.81012">
        <ele>992.1</ele>
      </trkpt>
      <trkpt lat="46.47892" lon="13.81042">
        <ele>996.9</ele>
      </trkpt>
      <trkpt lat="46.47911" lon="13.8106">
        <ele>990.8</ele>
      </trkpt>
      <trkpt lat="46.47946" lon="13.81087">
        <ele>982.8</ele>
      </trkpt>
      <trkpt lat="46.47947" lon="13.81102">
        <ele>983.8</ele>
      </trkpt>
      <trkpt lat="46.47922" lon="13.81155">
        <ele>998.6</ele>
      </trkpt>
      <trkpt lat="46.47925" lon="13.8118">
        <ele>998.2</ele>
      </trkpt>
      <trkpt lat="46.47919" lon="13.81234">
        <ele>999.3</ele>
      </trkpt>
      <trkpt lat="46.47919" lon="13.81307">
        <ele>994.8</ele>
      </trkpt>
      <trkpt lat="46.47921" lon="13.81332">
        <ele>992.2</ele>
      </trkpt>
      <trkpt lat="46.47937" lon="13.81373">
        <ele>983.8</ele>
      </trkpt>
      <trkpt lat="46.4794" lon="13.81392">
        <ele>981.9</ele>
      </trkpt>
      <trkpt lat="46.47938" lon="13.81403">
        <ele>982.4</ele>
      </trkpt>
      <trkpt lat="46.47932" lon="13.81431">
        <ele>983.6</ele>
      </trkpt>
      <trkpt lat="46.47934" lon="13.81475">
        <ele>980.0</ele>
      </trkpt>
      <trkpt lat="46.47951" lon="13.81516">
        <ele>972.4</ele>
      </trkpt>
      <trkpt lat="46.47953" lon="13.81526">
        <ele>971.4</ele>
      </trkpt>
      <trkpt lat="46.47951" lon="13.81537">
        <ele>971.7</ele>
      </trkpt>
      <trkpt lat="46.47938" lon="13.81563">
        <ele>975.0</ele>
      </trkpt>
      <trkpt lat="46.47919" lon="13.81645">
        <ele>973.7</ele>
      </trkpt>
      <trkpt lat="46.47921" lon="13.81682">
        <ele>968.7</ele>
      </trkpt>
      <trkpt lat="46.47917" lon="13.81699">
        <ele>967.6</ele>
      </trkpt>
      <trkpt lat="46.47905" lon="13.81731">
        <ele>969.3</ele>
      </trkpt>
      <trkpt lat="46.47902" lon="13.81749">
        <ele>968.3</ele>
      </trkpt>
      <trkpt lat="46.47898" lon="13.81759">
        <ele>967.9</ele>
      </trkpt>
      <trkpt lat="46.47883" lon="13.81777">
        <ele>970.6</ele>
      </trkpt>
      <trkpt lat="46.47872" lon="13.81797">
        <ele>970.8</ele>
      </trkpt>
      <trkpt lat="46.47868" lon="13.81816">
        <ele>967.8</ele>
      </trkpt>
      <trkpt lat="46.47859" lon="13.81861">
        <ele>962.9</ele>
      </trkpt>
      <trkpt lat="46.47853" lon="13.81888">
        <ele>961.0</ele>
      </trkpt>
      <trkpt lat="46.47853" lon="13.81899">
        <ele>959.1</ele>
      </trkpt>
      <trkpt lat="46.4786" lon="13.81932">
        <ele>954.4</ele>
      </trkpt>
      <trkpt lat="46.47874" lon="13.81974">
        <ele>952.0</ele>
      </trkpt>
      <trkpt lat="46.47881" lon="13.82005">
        <ele>951.9</ele>
      </trkpt>
      <trkpt lat="46.47886" lon="13.82018">
        <ele>951.7</ele>
      </trkpt>
      <trkpt lat="46.47892" lon="13.82028">
        <ele>950.3</ele>
      </trkpt>
      <trkpt lat="46.47902" lon="13.82037">
        <ele>946.3</ele>
      </trkpt>
      <trkpt lat="46.47913" lon="13.82042">
        <ele>941.1</ele>
      </trkpt>
      <trkpt lat="46.47922" lon="13.82052">
        <ele>937.7</ele>
      </trkpt>
      <trkpt lat="46.47932" lon="13.82064">
        <ele>934.0</ele>
      </trkpt>
      <trkpt lat="46.47939" lon="13.8208">
        <ele>932.3</ele>
      </trkpt>
      <trkpt lat="46.47941" lon="13.82095">
        <ele>931.7</ele>
      </trkpt>
      <trkpt lat="46.47938" lon="13.82139">
        <ele>933.9</ele>
      </trkpt>
      <trkpt lat="46.47939" lon="13.8218">
        <ele>932.2</ele>
      </trkpt>
      <trkpt lat="46.47942" lon="13.82205">
        <ele>928.0</ele>
      </trkpt>
      <trkpt lat="46.47965" lon="13.82313">
        <ele>898.8</ele>
      </trkpt>
      <trkpt lat="46.47968" lon="13.82339">
        <ele>892.9</ele>
      </trkpt>
      <trkpt lat="46.47964" lon="13.82353">
        <ele>891.5</ele>
      </trkpt>
      <trkpt lat="46.47959" lon="13.82362">
        <ele>891.0</ele>
      </trkpt>
      <trkpt lat="46.47953" lon="13.82369">
        <ele>891.0</ele>
      </trkpt>
      <trkpt lat="46.47942" lon="13.82369">
        <ele>893.3</ele>
      </trkpt>
      <trkpt lat="46.47926" lon="13.82356">
        <ele>899.8</ele>
      </trkpt>
      <trkpt lat="46.47916" lon="13.82355">
        <ele>902.5</ele>
      </trkpt>
      <trkpt lat="46.47909" lon="13.82358">
        <ele>903.8</ele>
      </trkpt>
      <trkpt lat="46.47902" lon="13.82368">
        <ele>903.3</ele>
      </trkpt>
      <trkpt lat="46.47898" lon="13.82385">
        <ele>900.0</ele>
      </trkpt>
      <trkpt lat="46.47895" lon="13.82416">
        <ele>892.7</ele>
      </trkpt>
      <trkpt lat="46.47886" lon="13.8244">
        <ele>890.5</ele>
      </trkpt>
      <trkpt lat="46.47862" lon="13.82454">
        <ele>895.1</ele>
      </trkpt>
      <trkpt lat="46.47858" lon="13.82462">
        <ele>894.7</ele>
      </trkpt>
      <trkpt lat="46.47853" lon="13.82476">
        <ele>893.5</ele>
      </trkpt>
      <trkpt lat="46.47851" lon="13.82492">
        <ele>891.0</ele>
      </trkpt>
      <trkpt lat="46.47848" lon="13.82503">
        <ele>889.8</ele>
      </trkpt>
      <trkpt lat="46.47827" lon="13.82529">
        <ele>890.5</ele>
      </trkpt>
      <trkpt lat="46.47825" lon="13.82545">
        <ele>887.5</ele>
      </trkpt>
      <trkpt lat="46.47827" lon="13.82561">
        <ele>883.5</ele>
      </trkpt>
      <trkpt lat="46.47841" lon="13.8259">
        <ele>873.4</ele>
      </trkpt>
      <trkpt lat="46.47845" lon="13.82602">
        <ele>869.9</ele>
      </trkpt>
      <trkpt lat="46.47844" lon="13.82612">
        <ele>868.2</ele>
      </trkpt>
      <trkpt lat="46.47829" lon="13.82634">
        <ele>867.6</ele>
      </trkpt>
      <trkpt lat="46.47811" lon="13.82651">
        <ele>867.6</ele>
      </trkpt>
      <trkpt lat="46.47799" lon="13.82656">
        <ele>868.7</ele>
      </trkpt>
      <trkpt lat="46.47796" lon="13.8266">
        <ele>868.3</ele>
      </trkpt>
      <trkpt lat="46.47793" lon="13.8267">
        <ele>866.4</ele>
      </trkpt>
      <trkpt lat="46.47793" lon="13.82676">
        <ele>864.9</ele>
      </trkpt>
      <trkpt lat="46.47797" lon="13.82679">
        <ele>863.5</ele>
      </trkpt>
      <trkpt lat="46.4781" lon="13.82668">
        <ele>863.9</ele>
      </trkpt>
      <trkpt lat="46.47833" lon="13.82659">
        <ele>861.6</ele>
      </trkpt>
      <trkpt lat="46.47845" lon="13.82651">
        <ele>860.1</ele>
      </trkpt>
      <trkpt lat="46.47856" lon="13.82639">
        <ele>859.5</ele>
      </trkpt>
      <trkpt lat="46.47866" lon="13.82633">
        <ele>857.9</ele>
      </trkpt>
      <trkpt lat="46.47874" lon="13.8263">
        <ele>856.3</ele>
      </trkpt>
      <trkpt lat="46.4791" lon="13.82625">
        <ele>847.3</ele>
      </trkpt>
      <trkpt lat="46.47919" lon="13.82618">
        <ele>846.3</ele>
      </trkpt>
      <trkpt lat="46.47963" lon="13.82559">
        <ele>848.9</ele>
      </trkpt>
      <trkpt lat="46.47974" lon="13.82549">
        <ele>848.9</ele>
      </trkpt>
      <trkpt lat="46.47984" lon="13.82545">
        <ele>847.8</ele>
      </trkpt>
      <trkpt lat="46.48006" lon="13.82553">
        <ele>841.6</ele>
      </trkpt>
      <trkpt lat="46.48028" lon="13.82547">
        <ele>836.8</ele>
      </trkpt>
      <trkpt lat="46.48037" lon="13.82541">
        <ele>835.6</ele>
      </trkpt>
      <trkpt lat="46.48045" lon="13.82541">
        <ele>833.5</ele>
      </trkpt>
      <trkpt lat="46.48058" lon="13.82534">
        <ele>831.5</ele>
      </trkpt>
      <trkpt lat="46.48077" lon="13.8251">
        <ele>831.5</ele>
      </trkpt>
      <trkpt lat="46.4809" lon="13.82498">
        <ele>829.9</ele>
      </trkpt>
      <trkpt lat="46.481" lon="13.82495">
        <ele>826.7</ele>
      </trkpt>
      <trkpt lat="46.48112" lon="13.82479">
        <ele>824.2</ele>
      </trkpt>
      <trkpt lat="46.48119" lon="13.8245">
        <ele>824.6</ele>
      </trkpt>
      <trkpt lat="46.48124" lon="13.82442">
        <ele>823.3</ele>
      </trkpt>
      <trkpt lat="46.48155" lon="13.82433">
        <ele>810.4</ele>
      </trkpt>
      <trkpt lat="46.48163" lon="13.82426">
        <ele>807.2</ele>
      </trkpt>
      <trkpt lat="46.48164" lon="13.82416">
        <ele>807.3</ele>
      </trkpt>
      <trkpt lat="46.48157" lon="13.82378">
        <ele>814.7</ele>
      </trkpt>
      <trkpt lat="46.48159" lon="13.82367">
        <ele>815.1</ele>
      </trkpt>
      <trkpt lat="46.48165" lon="13.82362">
        <ele>813.2</ele>
      </trkpt>
      <trkpt lat="46.48173" lon="13.82359">
        <ele>811.6</ele>
      </trkpt>
      <trkpt lat="46.48182" lon="13.82361">
        <ele>809.5</ele>
      </trkpt>
      <trkpt lat="46.48209" lon="13.82373">
        <ele>801.7</ele>
      </trkpt>
      <trkpt lat="46.48221" lon="13.82384">
        <ele>796.8</ele>
      </trkpt>
      <trkpt lat="46.4823" lon="13.8239">
        <ele>793.4</ele>
      </trkpt>
      <trkpt lat="46.48238" lon="13.82387">
        <ele>792.1</ele>
      </trkpt>
      <trkpt lat="46.48248" lon="13.82371">
        <ele>793.4</ele>
      </trkpt>
      <trkpt lat="46.48255" lon="13.82368">
        <ele>792.8</ele>
      </trkpt>
      <trkpt lat="46.48286" lon="13.82382">
        <ele>784.5</ele>
      </trkpt>
      <trkpt lat="46.48286" lon="13.82382">
        <ele>784.5</ele>
      </trkpt>
      <trkpt lat="46.48304" lon="13.82381">
        <ele>781.8</ele>
      </trkpt>
      <trkpt lat="46.48344" lon="13.82358">
        <ele>778.8</ele>
      </trkpt>
      <trkpt lat="46.48351" lon="13.82358">
        <ele>777.4</ele>
      </trkpt>
      <trkpt lat="46.48366" lon="13.82366">
        <ele>773.4</ele>
      </trkpt>
      <trkpt lat="46.48405" lon="13.8235">
        <ele>767.4</ele>
      </trkpt>
      <trkpt lat="46.48412" lon="13.82344">
        <ele>766.4</ele>
      </trkpt>
      <trkpt lat="46.48425" lon="13.8232">
        <ele>765.3</ele>
      </trkpt>
      <trkpt lat="46.48436" lon="13.82321">
        <ele>763.9</ele>
      </trkpt>
      <trkpt lat="46.48402" lon="13.82388">
        <ele>765.0</ele>
      </trkpt>
      <trkpt lat="46.48367" lon="13.82455">
        <ele>762.5</ele>
      </trkpt>
      <trkpt lat="46.48306" lon="13.82546">
        <ele>759.9</ele>
      </trkpt>
      <trkpt lat="46.48292" lon="13.82573">
        <ele>760.1</ele>
      </trkpt>
      <trkpt lat="46.48258" lon="13.82646">
        <ele>761.0</ele>
      </trkpt>
      <trkpt lat="46.48224" lon="13.8272">
        <ele>764.0</ele>
      </trkpt>
      <trkpt lat="46.48185" lon="13.82811">
        <ele>762.0</ele>
      </trkpt>
      <trkpt lat="46.48146" lon="13.82902">
        <ele>758.3</ele>
      </trkpt>
      <trkpt lat="46.48113" lon="13.82969">
        <ele>759.4</ele>
      </trkpt>
      <trkpt lat="46.48097" lon="13.83007">
        <ele>757.7</ele>
      </trkpt>
      <trkpt lat="46.48082" lon="13.83046">
        <ele>754.0</ele>
      </trkpt>
      <trkpt lat="46.48061" lon="13.83119">
        <ele>746.9</ele>
      </trkpt>
      <trkpt lat="46.48049" lon="13.83171">
        <ele>745.8</ele>
      </trkpt>
      <trkpt lat="46.48044" lon="13.83206">
        <ele>747.4</ele>
      </trkpt>
      <trkpt lat="46.48036" lon="13.83281">
        <ele>750.0</ele>
      </trkpt>
      <trkpt lat="46.48036" lon="13.83366">
        <ele>751.7</ele>
      </trkpt>
      <trkpt lat="46.48041" lon="13.83439">
        <ele>753.0</ele>
      </trkpt>
      <trkpt lat="46.48047" lon="13.8348">
        <ele>752.8</ele>
      </trkpt>
      <trkpt lat="46.48065" lon="13.83556">
        <ele>752.6</ele>
      </trkpt>
      <trkpt lat="46.48084" lon="13.83616">
        <ele>750.8</ele>
      </trkpt>
      <trkpt lat="46.48113" lon="13.83689">
        <ele>746.3</ele>
      </trkpt>
      <trkpt lat="46.48149" lon="13.83751">
        <ele>743.9</ele>
      </trkpt>
      <trkpt lat="46.48171" lon="13.8378">
        <ele>743.3</ele>
      </trkpt>
      <trkpt lat="46.48191" lon="13.838">
        <ele>743.0</ele>
      </trkpt>
      <trkpt lat="46.48198" lon="13.83812">
        <ele>742.8</ele>
      </trkpt>
      <trkpt lat="46.48202" lon="13.83826">
        <ele>742.7</ele>
      </trkpt>
      <trkpt lat="46.48202" lon="13.83846">
        <ele>742.8</ele>
      </trkpt>
      <trkpt lat="46.48204" lon="13.83856">
        <ele>742.7</ele>
      </trkpt>
      <trkpt lat="46.48248" lon="13.83944">
        <ele>741.3</ele>
      </trkpt>
      <trkpt lat="46.48261" lon="13.83968">
        <ele>741.0</ele>
      </trkpt>
      <trkpt lat="46.48266" lon="13.83978">
        <ele>740.0</ele>
      </trkpt>
      <trkpt lat="46.48271" lon="13.83982">
        <ele>740.0</ele>
      </trkpt>
      <trkpt lat="46.4827" lon="13.83976">
        <ele>740.0</ele>
      </trkpt>
      <trkpt lat="46.48272" lon="13.83967">
        <ele>740.0</ele>
      </trkpt>
      <trkpt lat="46.482847" lon="13.839289">
        <ele>740.0</ele>
      </trkpt>
      <trkpt lat="46.483078" lon="13.838691">
        <ele>740.2</ele>
      </trkpt>
      <trkpt lat="46.483664" lon="13.837893">
        <ele>743.2</ele>
      </trkpt>
      <trkpt lat="46.484136" lon="13.836991">
        <ele>747.1</ele>
      </trkpt>
      <trkpt lat="46.48431" lon="13.83657">
        <ele>748.1</ele>
      </trkpt>
      <trkpt lat="46.48443" lon="13.83635">
        <ele>748.0</ele>
      </trkpt>
      <trkpt lat="46.48459" lon="13.83622">
        <ele>748.2</ele>
      </trkpt>
      <trkpt lat="46.48473" lon="13.83622">
        <ele>748.6</ele>
      </trkpt>
      <trkpt lat="46.48487" lon="13.83626">
        <ele>749.1</ele>
      </trkpt>
      <trkpt lat="46.48551" lon="13.8366">
        <ele>750.6</ele>
      </trkpt>
      <trkpt lat="46.48556" lon="13.8366">
        <ele>750.7</ele>
      </trkpt>
      <trkpt lat="46.48561" lon="13.83655">
        <ele>750.8</ele>
      </trkpt>
      <trkpt lat="46.48565" lon="13.83631">
        <ele>751.0</ele>
      </trkpt>
      <trkpt lat="46.48567" lon="13.83606">
        <ele>751.2</ele>
      </trkpt>
      <trkpt lat="46.48567" lon="13.83606">
        <ele>751.2</ele>
      </trkpt>
      <trkpt lat="46.48573" lon="13.8348">
        <ele>753.1</ele>
      </trkpt>
      <trkpt lat="46.48575" lon="13.83443">
        <ele>752.8</ele>
      </trkpt>
      <trkpt lat="46.48585" lon="13.83421">
        <ele>753.4</ele>
      </trkpt>
      <trkpt lat="46.48593" lon="13.83411">
        <ele>755.0</ele>
      </trkpt>
      <trkpt lat="46.48639" lon="13.8337">
        <ele>764.0</ele>
      </trkpt>
      <trkpt lat="46.48644" lon="13.83364">
        <ele>764.9</ele>
      </trkpt>
      <trkpt lat="46.48652" lon="13.83339">
        <ele>766.2</ele>
      </trkpt>
      <trkpt lat="46.48663" lon="13.83314">
        <ele>767.1</ele>
      </trkpt>
      <trkpt lat="46.48663" lon="13.83307">
        <ele>766.7</ele>
      </trkpt>
      <trkpt lat="46.48663" lon="13.83296">
        <ele>766.1</ele>
      </trkpt>
      <trkpt lat="46.48661" lon="13.83282">
        <ele>764.8</ele>
      </trkpt>
      <trkpt lat="46.48649" lon="13.83249">
        <ele>760.6</ele>
      </trkpt>
      <trkpt lat="46.48667" lon="13.83252">
        <ele>764.2</ele>
      </trkpt>
      <trkpt lat="46.48674" lon="13.83249">
        <ele>766.4</ele>
      </trkpt>
      <trkpt lat="46.48681" lon="13.83238">
        <ele>768.9</ele>
      </trkpt>
      <trkpt lat="46.48687" lon="13.83245">
        <ele>771.0</ele>
      </trkpt>
      <trkpt lat="46.48699" lon="13.83271">
        <ele>776.2</ele>
      </trkpt>
      <trkpt lat="46.48725" lon="13.83354">
        <ele>789.4</ele>
      </trkpt>
      <trkpt lat="46.48737" lon="13.83428">
        <ele>793.6</ele>
      </trkpt>
      <trkpt lat="46.48742" lon="13.83465">
        <ele>795.2</ele>
      </trkpt>
      <trkpt lat="46.48766" lon="13.83553">
        <ele>826.0</ele>
      </trkpt>
      <trkpt lat="46.48772" lon="13.83568">
        <ele>834.5</ele>
      </trkpt>
      <trkpt lat="46.48777" lon="13.83574">
        <ele>840.5</ele>
      </trkpt>
      <trkpt lat="46.48777" lon="13.83568">
        <ele>840.1</ele>
      </trkpt>
      <trkpt lat="46.4877" lon="13.83532">
        <ele>828.8</ele>
      </trkpt>
      <trkpt lat="46.48771" lon="13.83506">
        <ele>827.8</ele>
      </trkpt>
      <trkpt lat="46.48782" lon="13.8343">
        <ele>830.3</ele>
      </trkpt>
      <trkpt lat="46.48784" lon="13.83419">
        <ele>830.3</ele>
      </trkpt>
      <trkpt lat="46.48787" lon="13.83418">
        <ele>832.9</ele>
      </trkpt>
      <trkpt lat="46.48793" lon="13.83421">
        <ele>839.3</ele>
      </trkpt>
      <trkpt lat="46.48794" lon="13.83426">
        <ele>841.4</ele>
      </trkpt>
      <trkpt lat="46.48789" lon="13.83446">
        <ele>840.8</ele>
      </trkpt>
      <trkpt lat="46.48786" lon="13.83462">
        <ele>840.6</ele>
      </trkpt>
      <trkpt lat="46.48784" lon="13.83514">
        <ele>845.9</ele>
      </trkpt>
      <trkpt lat="46.48785" lon="13.83528">
        <ele>847.8</ele>
      </trkpt>
      <trkpt lat="46.48789" lon="13.83542">
        <ele>853.2</ele>
      </trkpt>
      <trkpt lat="46.48799" lon="13.83569">
        <ele>865.1</ele>
      </trkpt>
      <trkpt lat="46.488" lon="13.83586">
        <ele>866.5</ele>
      </trkpt>
      <trkpt lat="46.48796" lon="13.83641">
        <ele>870.3</ele>
      </trkpt>
      <trkpt lat="46.48786" lon="13.83688">
        <ele>865.5</ele>
      </trkpt>
      <trkpt lat="46.48791" lon="13.83743">
        <ele>888.7</ele>
      </trkpt>
      <trkpt lat="46.48776" lon="13.83855">
        <ele>863.9</ele>
      </trkpt>
      <trkpt lat="46.48779" lon="13.83867">
        <ele>864.0</ele>
      </trkpt>
      <trkpt lat="46.48794" lon="13.8389">
        <ele>875.5</ele>
      </trkpt>
      <trkpt lat="46.48797" lon="13.83904">
        <ele>875.7</ele>
      </trkpt>
      <trkpt lat="46.48798" lon="13.83912">
        <ele>875.0</ele>
      </trkpt>
      <trkpt lat="46.48792" lon="13.83948">
        <ele>866.8</ele>
      </trkpt>
      <trkpt lat="46.48793" lon="13.83959">
        <ele>867.9</ele>
      </trkpt>
      <trkpt lat="46.48799" lon="13.83975">
        <ele>874.0</ele>
      </trkpt>
      <trkpt lat="46.488" lon="13.8401">
        <ele>873.9</ele>
      </trkpt>
      <trkpt lat="46.48815" lon="13.84056">
        <ele>883.1</ele>
      </trkpt>
      <trkpt lat="46.4882" lon="13.84061">
        <ele>886.5</ele>
      </trkpt>
      <trkpt lat="46.488219" lon="13.840602">
        <ele>888.0</ele>
      </trkpt>
      <trkpt lat="46.48825" lon="13.84059">
        <ele>890.5</ele>
      </trkpt>
      <trkpt lat="46.48827" lon="13.84055">
        <ele>892.5</ele>
      </trkpt>
      <trkpt lat="46.48828" lon="13.84047">
        <ele>894.1</ele>
      </trkpt>
      <trkpt lat="46.48824" lon="13.84008">
        <ele>894.9</ele>
      </trkpt>
      <trkpt lat="46.48825" lon="13.83983">
        <ele>898.8</ele>
      </trkpt>
      <trkpt lat="46.48826" lon="13.83978">
        <ele>900.5</ele>
      </trkpt>
      <trkpt lat="46.48831" lon="13.83956">
        <ele>908.9</ele>
      </trkpt>
      <trkpt lat="46.48843" lon="13.83935">
        <ele>917.6</ele>
      </trkpt>
      <trkpt lat="46.48855" lon="13.83921">
        <ele>922.6</ele>
      </trkpt>
      <trkpt lat="46.48862" lon="13.8391">
        <ele>925.8</ele>
      </trkpt>
      <trkpt lat="46.488615" lon="13.839103">
        <ele>925.6</ele>
      </trkpt>
      <trkpt lat="46.48864" lon="13.83901">
        <ele>927.4</ele>
      </trkpt>
      <trkpt lat="46.48867" lon="13.83877">
        <ele>931.2</ele>
      </trkpt>
      <trkpt lat="46.48867" lon="13.83855">
        <ele>934.0</ele>
      </trkpt>
      <trkpt lat="46.48843" lon="13.83769">
        <ele>939.7</ele>
      </trkpt>
      <trkpt lat="46.48838" lon="13.83745">
        <ele>940.2</ele>
      </trkpt>
      <trkpt lat="46.4884" lon="13.83722">
        <ele>938.1</ele>
      </trkpt>
      <trkpt lat="46.48864" lon="13.83668">
        <ele>937.4</ele>
      </trkpt>
      <trkpt lat="46.48896" lon="13.83632">
        <ele>936.4</ele>
      </trkpt>
      <trkpt lat="46.48904" lon="13.83625">
        <ele>937.3</ele>
      </trkpt>
      <trkpt lat="46.48913" lon="13.83624">
        <ele>939.8</ele>
      </trkpt>
      <trkpt lat="46.48921" lon="13.83626">
        <ele>942.0</ele>
      </trkpt>
      <trkpt lat="46.4893" lon="13.83639">
        <ele>945.8</ele>
      </trkpt>
      <trkpt lat="46.48937" lon="13.83686">
        <ele>951.8</ele>
      </trkpt>
      <trkpt lat="46.48943" lon="13.83709">
        <ele>953.2</ele>
      </trkpt>
      <trkpt lat="46.4895" lon="13.8372">
        <ele>954.1</ele>
      </trkpt>
      <trkpt lat="46.48963" lon="13.83732">
        <ele>955.2</ele>
      </trkpt>
      <trkpt lat="46.48974" lon="13.8374">
        <ele>955.9</ele>
      </trkpt>
      <trkpt lat="46.49004" lon="13.83771">
        <ele>957.8</ele>
      </trkpt>
      <trkpt lat="46.49018" lon="13.83777">
        <ele>962.2</ele>
      </trkpt>
      <trkpt lat="46.49029" lon="13.83777">
        <ele>965.7</ele>
      </trkpt>
      <trkpt lat="46.49036" lon="13.83769">
        <ele>967.9</ele>
      </trkpt>
      <trkpt lat="46.49039" lon="13.83758">
        <ele>968.8</ele>
      </trkpt>
      <trkpt lat="46.4904" lon="13.83684">
        <ele>969.9</ele>
      </trkpt>
      <trkpt lat="46.49042" lon="13.83659">
        <ele>970.2</ele>
      </trkpt>
      <trkpt lat="46.49051" lon="13.83578">
        <ele>969.0</ele>
      </trkpt>
      <trkpt lat="46.49057" lon="13.83539">
        <ele>973.1</ele>
      </trkpt>
      <trkpt lat="46.49036" lon="13.83491">
        <ele>968.3</ele>
      </trkpt>
      <trkpt lat="46.49033" lon="13.8347">
        <ele>968.1</ele>
      </trkpt>
      <trkpt lat="46.49031" lon="13.83433">
        <ele>968.8</ele>
      </trkpt>
      <trkpt lat="46.49032" lon="13.83404">
        <ele>971.1</ele>
      </trkpt>
      <trkpt lat="46.49021" lon="13.83357">
        <ele>971.3</ele>
      </trkpt>
      <trkpt lat="46.49019" lon="13.83287">
        <ele>977.4</ele>
      </trkpt>
      <trkpt lat="46.49026" lon="13.83218">
        <ele>984.4</ele>
      </trkpt>
      <trkpt lat="46.49032" lon="13.83148">
        <ele>988.2</ele>
      </trkpt>
      <trkpt lat="46.49045" lon="13.8306">
        <ele>999.6</ele>
      </trkpt>
      <trkpt lat="46.49057" lon="13.82972">
        <ele>1007.3</ele>
      </trkpt>
      <trkpt lat="46.49064" lon="13.82939">
        <ele>1009.8</ele>
      </trkpt>
      <trkpt lat="46.49076" lon="13.8287">
        <ele>1015.8</ele>
      </trkpt>
      <trkpt lat="46.49083" lon="13.82843">
        <ele>1019.7</ele>
      </trkpt>
      <trkpt lat="46.49102" lon="13.82742">
        <ele>1027.6</ele>
      </trkpt>
      <trkpt lat="46.49107" lon="13.82731">
        <ele>1028.8</ele>
      </trkpt>
      <trkpt lat="46.49112" lon="13.82729">
        <ele>1031.1</ele>
      </trkpt>
      <trkpt lat="46.49127" lon="13.82742">
        <ele>1040.5</ele>
      </trkpt>
      <trkpt lat="46.49131" lon="13.82734">
        <ele>1041.5</ele>
      </trkpt>
      <trkpt lat="46.49139" lon="13.8268">
        <ele>1038.2</ele>
      </trkpt>
      <trkpt lat="46.49148" lon="13.82652">
        <ele>1038.4</ele>
      </trkpt>
      <trkpt lat="46.49154" lon="13.82624">
        <ele>1036.7</ele>
      </trkpt>
      <trkpt lat="46.49183" lon="13.82548">
        <ele>1037.0</ele>
      </trkpt>
      <trkpt lat="46.49191" lon="13.82531">
        <ele>1036.8</ele>
      </trkpt>
      <trkpt lat="46.49205" lon="13.82516">
        <ele>1039.5</ele>
      </trkpt>
      <trkpt lat="46.49219" lon="13.82491">
        <ele>1039.3</ele>
      </trkpt>
      <trkpt lat="46.49233" lon="13.82471">
        <ele>1040.6</ele>
      </trkpt>
      <trkpt lat="46.49239" lon="13.82457">
        <ele>1039.8</ele>
      </trkpt>
      <trkpt lat="46.49241" lon="13.82431">
        <ele>1034.2</ele>
      </trkpt>
      <trkpt lat="46.49247" lon="13.82402">
        <ele>1031.7</ele>
      </trkpt>
      <trkpt lat="46.49247" lon="13.82389">
        <ele>1030.6</ele>
      </trkpt>
      <trkpt lat="46.4925" lon="13.82376">
        <ele>1030.6</ele>
      </trkpt>
      <trkpt lat="46.4926" lon="13.8235">
        <ele>1032.7</ele>
      </trkpt>
      <trkpt lat="46.49268" lon="13.82319">
        <ele>1032.9</ele>
      </trkpt>
      <trkpt lat="46.49285" lon="13.82269">
        <ele>1033.3</ele>
      </trkpt>
      <trkpt lat="46.49286" lon="13.82235">
        <ele>1029.1</ele>
      </trkpt>
      <trkpt lat="46.4929" lon="13.82229">
        <ele>1029.6</ele>
      </trkpt>
      <trkpt lat="46.4931" lon="13.82174">
        <ele>1027.7</ele>
      </trkpt>
      <trkpt lat="46.49315" lon="13.82167">
        <ele>1028.0</ele>
      </trkpt>
      <trkpt lat="46.49321" lon="13.82169">
        <ele>1030.0</ele>
      </trkpt>
      <trkpt lat="46.49341" lon="13.8219">
        <ele>1037.9</ele>
      </trkpt>
      <trkpt lat="46.49351" lon="13.82196">
        <ele>1040.2</ele>
      </trkpt>
      <trkpt lat="46.49409" lon="13.82231">
        <ele>1053.1</ele>
      </trkpt>
      <trkpt lat="46.49426" lon="13.82247">
        <ele>1058.3</ele>
      </trkpt>
      <trkpt lat="46.49487" lon="13.82267">
        <ele>1064.7</ele>
      </trkpt>
      <trkpt lat="46.49492" lon="13.82261">
        <ele>1065.4</ele>
      </trkpt>
      <trkpt lat="46.49479" lon="13.82202">
        <ele>1069.8</ele>
      </trkpt>
      <trkpt lat="46.49479" lon="13.82186">
        <ele>1070.3</ele>
      </trkpt>
      <trkpt lat="46.49478" lon="13.82177">
        <ele>1070.2</ele>
      </trkpt>
      <trkpt lat="46.49468" lon="13.82159">
        <ele>1065.8</ele>
      </trkpt>
      <trkpt lat="46.49459" lon="13.82118">
        <ele>1060.2</ele>
      </trkpt>
      <trkpt lat="46.4945" lon="13.82066">
        <ele>1055.8</ele>
      </trkpt>
      <trkpt lat="46.49456" lon="13.82014">
        <ele>1062.3</ele>
      </trkpt>
      <trkpt lat="46.49451" lon="13.82002">
        <ele>1059.3</ele>
      </trkpt>
      <trkpt lat="46.49435" lon="13.81993">
        <ele>1048.1</ele>
      </trkpt>
      <trkpt lat="46.49418" lon="13.8198">
        <ele>1037.4</ele>
      </trkpt>
      <trkpt lat="46.49384" lon="13.81926">
        <ele>1032.7</ele>
      </trkpt>
      <trkpt lat="46.49338" lon="13.81864">
        <ele>1025.3</ele>
      </trkpt>
      <trkpt lat="46.49335" lon="13.81842">
        <ele>1028.1</ele>
      </trkpt>
      <trkpt lat="46.49327" lon="13.81812">
        <ele>1023.9</ele>
      </trkpt>
      <trkpt lat="46.49316" lon="13.81726">
        <ele>1017.3</ele>
      </trkpt>
      <trkpt lat="46.49321" lon="13.81694">
        <ele>1018.9</ele>
      </trkpt>
      <trkpt lat="46.49335" lon="13.8167">
        <ele>1025.1</ele>
      </trkpt>
      <trkpt lat="46.49354" lon="13.81595">
        <ele>1044.6</ele>
      </trkpt>
      <trkpt lat="46.4936" lon="13.81522">
        <ele>1047.3</ele>
      </trkpt>
      <trkpt lat="46.49365" lon="13.81448">
        <ele>1038.4</ele>
      </trkpt>
      <trkpt lat="46.49373" lon="13.81412">
        <ele>1035.9</ele>
      </trkpt>
      <trkpt lat="46.49378" lon="13.81375">
        <ele>1031.6</ele>
      </trkpt>
      <trkpt lat="46.49383" lon="13.81355">
        <ele>1030.2</ele>
      </trkpt>
      <trkpt lat="46.49393" lon="13.81332">
        <ele>1030.1</ele>
      </trkpt>
      <trkpt lat="46.49388" lon="13.81305">
        <ele>1026.2</ele>
      </trkpt>
      <trkpt lat="46.49391" lon="13.81255">
        <ele>1024.7</ele>
      </trkpt>
      <trkpt lat="46.49405" lon="13.81222">
        <ele>1028.1</ele>
      </trkpt>
      <trkpt lat="46.49415" lon="13.81192">
        <ele>1029.4</ele>
      </trkpt>
      <trkpt lat="46.49427" lon="13.81145">
        <ele>1032.0</ele>
      </trkpt>
      <trkpt lat="46.49435" lon="13.81106">
        <ele>1033.9</ele>
      </trkpt>
      <trkpt lat="46.49431" lon="13.8105">
        <ele>1026.5</ele>
      </trkpt>
      <trkpt lat="46.49447" lon="13.8099">
        <ele>1028.8</ele>
      </trkpt>
      <trkpt lat="46.49453" lon="13.8096">
        <ele>1027.3</ele>
      </trkpt>
      <trkpt lat="46.49459" lon="13.80927">
        <ele>1025.0</ele>
      </trkpt>
      <trkpt lat="46.49469" lon="13.80837">
        <ele>1016.1</ele>
      </trkpt>
      <trkpt lat="46.49488" lon="13.80772">
        <ele>1021.0</ele>
      </trkpt>
      <trkpt lat="46.49481" lon="13.8074">
        <ele>1016.2</ele>
      </trkpt>
      <trkpt lat="46.49483" lon="13.80725">
        <ele>1016.2</ele>
      </trkpt>
      <trkpt lat="46.49482" lon="13.80704">
        <ele>1014.6</ele>
      </trkpt>
      <trkpt lat="46.49485" lon="13.80661">
        <ele>1013.2</ele>
      </trkpt>
      <trkpt lat="46.49484" lon="13.80647">
        <ele>1011.7</ele>
      </trkpt>
      <trkpt lat="46.49489" lon="13.80623">
        <ele>1011.8</ele>
      </trkpt>
      <trkpt lat="46.49506" lon="13.80625">
        <ele>1019.9</ele>
      </trkpt>
      <trkpt lat="46.49513" lon="13.8062">
        <ele>1023.3</ele>
      </trkpt>
      <trkpt lat="46.49504" lon="13.80596">
        <ele>1016.2</ele>
      </trkpt>
      <trkpt lat="46.49485" lon="13.80573">
        <ele>1005.4</ele>
      </trkpt>
      <trkpt lat="46.49488" lon="13.8056">
        <ele>1004.7</ele>
      </trkpt>
      <trkpt lat="46.49474" lon="13.80529">
        <ele>994.6</ele>
      </trkpt>
      <trkpt lat="46.49474" lon="13.80529">
        <ele>994.6</ele>
      </trkpt>
      <trkpt lat="46.49469" lon="13.80518">
        <ele>990.9</ele>
      </trkpt>
      <trkpt lat="46.49465" lon="13.80477">
        <ele>985.4</ele>
      </trkpt>
      <trkpt lat="46.49425" lon="13.80475">
        <ele>969.7</ele>
      </trkpt>
      <trkpt lat="46.49404" lon="13.80464">
        <ele>961.7</ele>
      </trkpt>
      <trkpt lat="46.49364" lon="13.80451">
        <ele>947.6</ele>
      </trkpt>
      <trkpt lat="46.49355" lon="13.80435">
        <ele>944.4</ele>
      </trkpt>
      <trkpt lat="46.49363" lon="13.80417">
        <ele>947.0</ele>
      </trkpt>
      <trkpt lat="46.49368" lon="13.80377">
        <ele>947.4</ele>
      </trkpt>
      <trkpt lat="46.4938" lon="13.80314">
        <ele>949.1</ele>
      </trkpt>
      <trkpt lat="46.49381" lon="13.80277">
        <ele>948.9</ele>
      </trkpt>
      <trkpt lat="46.49391" lon="13.80241">
        <ele>951.6</ele>
      </trkpt>
      <trkpt lat="46.4939" lon="13.80226">
        <ele>951.2</ele>
      </trkpt>
      <trkpt lat="46.49398" lon="13.80176">
        <ele>953.6</ele>
      </trkpt>
      <trkpt lat="46.49411" lon="13.80154">
        <ele>957.9</ele>
      </trkpt>
      <trkpt lat="46.49416" lon="13.80127">
        <ele>959.3</ele>
      </trkpt>
      <trkpt lat="46.49426" lon="13.8011">
        <ele>962.7</ele>
      </trkpt>
      <trkpt lat="46.49433" lon="13.80092">
        <ele>965.1</ele>
      </trkpt>
      <trkpt lat="46.49433" lon="13.80076">
        <ele>965.3</ele>
      </trkpt>
      <trkpt lat="46.49427" lon="13.80053">
        <ele>964.1</ele>
      </trkpt>
      <trkpt lat="46.49427" lon="13.80009">
        <ele>965.9</ele>
      </trkpt>
      <trkpt lat="46.49437" lon="13.79988">
        <ele>969.0</ele>
      </trkpt>
      <trkpt lat="46.49436" lon="13.79958">
        <ele>967.8</ele>
      </trkpt>
      <trkpt lat="46.49439" lon="13.79941">
        <ele>968.1</ele>
      </trkpt>
      <trkpt lat="46.49469" lon="13.79908">
        <ele>974.6</ele>
      </trkpt>
      <trkpt lat="46.49477" lon="13.79891">
        <ele>976.8</ele>
      </trkpt>
      <trkpt lat="46.49502" lon="13.79857">
        <ele>984.1</ele>
      </trkpt>
      <trkpt lat="46.49513" lon="13.79809">
        <ele>987.9</ele>
      </trkpt>
      <trkpt lat="46.49517" lon="13.79753">
        <ele>987.2</ele>
      </trkpt>
      <trkpt lat="46.49523" lon="13.7974">
        <ele>988.5</ele>
      </trkpt>
      <trkpt lat="46.49545" lon="13.79732">
        <ele>994.8</ele>
      </trkpt>
      <trkpt lat="46.49585" lon="13.79728">
        <ele>1006.8</ele>
      </trkpt>
      <trkpt lat="46.49597" lon="13.79715">
        <ele>1011.0</ele>
      </trkpt>
      <trkpt lat="46.49596" lon="13.79704">
        <ele>1010.3</ele>
      </trkpt>
      <trkpt lat="46.49588" lon="13.79686">
        <ele>1006.6</ele>
      </trkpt>
      <trkpt lat="46.4956" lon="13.79667">
        <ele>996.7</ele>
      </trkpt>
      <trkpt lat="46.49547" lon="13.79644">
        <ele>993.4</ele>
      </trkpt>
      <trkpt lat="46.49535" lon="13.79616">
        <ele>990.8</ele>
      </trkpt>
      <trkpt lat="46.49534" lon="13.796">
        <ele>991.2</ele>
      </trkpt>
      <trkpt lat="46.49546" lon="13.79574">
        <ele>996.0</ele>
      </trkpt>
      <trkpt lat="46.49542" lon="13.79563">
        <ele>995.6</ele>
      </trkpt>
      <trkpt lat="46.49531" lon="13.79561">
        <ele>992.3</ele>
      </trkpt>
      <trkpt lat="46.49523" lon="13.79556">
        <ele>990.2</ele>
      </trkpt>
      <trkpt lat="46.49515" lon="13.79542">
        <ele>988.3</ele>
      </trkpt>
      <trkpt lat="46.49508" lon="13.79484">
        <ele>988.2</ele>
      </trkpt>
      <trkpt lat="46.495" lon="13.79458">
        <ele>986.0</ele>
      </trkpt>
      <trkpt lat="46.49504" lon="13.79434">
        <ele>988.0</ele>
      </trkpt>
      <trkpt lat="46.49495" lon="13.79423">
        <ele>985.5</ele>
      </trkpt>
      <trkpt lat="46.49486" lon="13.79402">
        <ele>982.9</ele>
      </trkpt>
      <trkpt lat="46.49485" lon="13.79387">
        <ele>982.4</ele>
      </trkpt>
      <trkpt lat="46.49486" lon="13.79371">
        <ele>982.4</ele>
      </trkpt>
      <trkpt lat="46.4949" lon="13.79354">
        <ele>983.3</ele>
      </trkpt>
      <trkpt lat="46.49503" lon="13.79337">
        <ele>987.1</ele>
      </trkpt>
      <trkpt lat="46.49502" lon="13.79329">
        <ele>986.6</ele>
      </trkpt>
      <trkpt lat="46.49488" lon="13.79305">
        <ele>982.1</ele>
      </trkpt>
      <trkpt lat="46.49478" lon="13.7928">
        <ele>978.9</ele>
      </trkpt>
      <trkpt lat="46.49471" lon="13.7924">
        <ele>976.6</ele>
      </trkpt>
      <trkpt lat="46.494678" lon="13.792147">
        <ele>975.5</ele>
      </trkpt>
      <trkpt lat="46.494608" lon="13.792184">
        <ele>973.4</ele>
      </trkpt>
      <trkpt lat="46.494507" lon="13.792364">
        <ele>970.6</ele>
      </trkpt>
      <trkpt lat="46.494422" lon="13.79254">
        <ele>968.4</ele>
      </trkpt>
      <trkpt lat="46.494356" lon="13.792659">
        <ele>966.5</ele>
      </trkpt>
      <trkpt lat="46.494305" lon="13.792705">
        <ele>965.0</ele>
      </trkpt>
      <trkpt lat="46.494244" lon="13.792712">
        <ele>963.3</ele>
      </trkpt>
      <trkpt lat="46.494188" lon="13.792658">
        <ele>961.6</ele>
      </trkpt>
      <trkpt lat="46.494059" lon="13.792496">
        <ele>960.0</ele>
      </trkpt>
      <trkpt lat="46.493958" lon="13.792373">
        <ele>958.5</ele>
      </trkpt>
      <trkpt lat="46.493832" lon="13.792063">
        <ele>956.0</ele>
      </trkpt>
      <trkpt lat="46.49382" lon="13.792053">
        <ele>953.6</ele>
      </trkpt>
      <trkpt lat="46.493803" lon="13.792037">
        <ele>953.4</ele>
      </trkpt>
      <trkpt lat="46.493788" lon="13.792023">
        <ele>953.0</ele>
      </trkpt>
      <trkpt lat="46.493762" lon="13.791983">
        <ele>952.6</ele>
      </trkpt>
      <trkpt lat="46.493743" lon="13.791972">
        <ele>952.4</ele>
      </trkpt>
      <trkpt lat="46.493723" lon="13.791952">
        <ele>952.2</ele>
      </trkpt>
      <trkpt lat="46.493698" lon="13.791932">
        <ele>951.8</ele>
      </trkpt>
      <trkpt lat="46.49368" lon="13.791918">
        <ele>951.4</ele>
      </trkpt>
      <trkpt lat="46.493657" lon="13.791883">
        <ele>951.4</ele>
      </trkpt>
      <trkpt lat="46.493638" lon="13.791863">
        <ele>951.2</ele>
      </trkpt>
      <trkpt lat="46.493618" lon="13.791847">
        <ele>951.4</ele>
      </trkpt>
      <trkpt lat="46.493608" lon="13.791818">
        <ele>949.6</ele>
      </trkpt>
      <trkpt lat="46.493593" lon="13.791805">
        <ele>949.2</ele>
      </trkpt>
      <trkpt lat="46.49357" lon="13.791795">
        <ele>949.0</ele>
      </trkpt>
      <trkpt lat="46.493552" lon="13.79178">
        <ele>949.0</ele>
      </trkpt>
      <trkpt lat="46.493542" lon="13.791757">
        <ele>948.2</ele>
      </trkpt>
      <trkpt lat="46.493542" lon="13.791718">
        <ele>947.8</ele>
      </trkpt>
      <trkpt lat="46.493538" lon="13.791675">
        <ele>947.2</ele>
      </trkpt>
      <trkpt lat="46.493525" lon="13.79163">
        <ele>946.8</ele>
      </trkpt>
      <trkpt lat="46.49352" lon="13.791593">
        <ele>946.2</ele>
      </trkpt>
      <trkpt lat="46.4935" lon="13.791598">
        <ele>945.6</ele>
      </trkpt>
      <trkpt lat="46.49349" lon="13.791563">
        <ele>945.2</ele>
      </trkpt>
      <trkpt lat="46.493493" lon="13.791537">
        <ele>945.2</ele>
      </trkpt>
      <trkpt lat="46.4935" lon="13.791502">
        <ele>945.2</ele>
      </trkpt>
      <trkpt lat="46.493487" lon="13.791468">
        <ele>945.2</ele>
      </trkpt>
      <trkpt lat="46.493507" lon="13.791423">
        <ele>944.6</ele>
      </trkpt>
      <trkpt lat="46.493513" lon="13.791383">
        <ele>944.0</ele>
      </trkpt>
      <trkpt lat="46.493513" lon="13.791353">
        <ele>943.6</ele>
      </trkpt>
      <trkpt lat="46.493503" lon="13.79132">
        <ele>943.4</ele>
      </trkpt>
      <trkpt lat="46.49351" lon="13.791288">
        <ele>942.8</ele>
      </trkpt>
      <trkpt lat="46.493507" lon="13.791252">
        <ele>941.4</ele>
      </trkpt>
      <trkpt lat="46.4935" lon="13.791222">
        <ele>940.8</ele>
      </trkpt>
      <trkpt lat="46.493503" lon="13.791188">
        <ele>940.2</ele>
      </trkpt>
      <trkpt lat="46.49352" lon="13.791152">
        <ele>940.0</ele>
      </trkpt>
      <trkpt lat="46.493522" lon="13.791105">
        <ele>939.0</ele>
      </trkpt>
      <trkpt lat="46.49351" lon="13.791082">
        <ele>938.6</ele>
      </trkpt>
      <trkpt lat="46.49349" lon="13.791078">
        <ele>938.2</ele>
      </trkpt>
      <trkpt lat="46.493468" lon="13.791063">
        <ele>937.4</ele>
      </trkpt>
      <trkpt lat="46.493448" lon="13.791042">
        <ele>936.8</ele>
      </trkpt>
      <trkpt lat="46.493433" lon="13.791027">
        <ele>936.2</ele>
      </trkpt>
      <trkpt lat="46.493433" lon="13.791">
        <ele>935.8</ele>
      </trkpt>
      <trkpt lat="46.493413" lon="13.790983">
        <ele>934.6</ele>
      </trkpt>
      <trkpt lat="46.493403" lon="13.790942">
        <ele>933.4</ele>
      </trkpt>
      <trkpt lat="46.493395" lon="13.790915">
        <ele>932.2</ele>
      </trkpt>
      <trkpt lat="46.493385" lon="13.790882">
        <ele>931.8</ele>
      </trkpt>
      <trkpt lat="46.493365" lon="13.790873">
        <ele>931.4</ele>
      </trkpt>
      <trkpt lat="46.493347" lon="13.790852">
        <ele>931.0</ele>
      </trkpt>
      <trkpt lat="46.493327" lon="13.79083">
        <ele>929.8</ele>
      </trkpt>
      <trkpt lat="46.493308" lon="13.790837">
        <ele>929.4</ele>
      </trkpt>
      <trkpt lat="46.49328" lon="13.790832">
        <ele>927.6</ele>
      </trkpt>
      <trkpt lat="46.49325" lon="13.790822">
        <ele>927.2</ele>
      </trkpt>
      <trkpt lat="46.49324" lon="13.7908">
        <ele>927.0</ele>
      </trkpt>
      <trkpt lat="46.493235" lon="13.790763">
        <ele>926.8</ele>
      </trkpt>
      <trkpt lat="46.493228" lon="13.790725">
        <ele>926.0</ele>
      </trkpt>
      <trkpt lat="46.493225" lon="13.790697">
        <ele>925.4</ele>
      </trkpt>
      <trkpt lat="46.493212" lon="13.790677">
        <ele>925.2</ele>
      </trkpt>
      <trkpt lat="46.493197" lon="13.790627">
        <ele>924.8</ele>
      </trkpt>
      <trkpt lat="46.49318" lon="13.790602">
        <ele>924.8</ele>
      </trkpt>
      <trkpt lat="46.493167" lon="13.790563">
        <ele>924.6</ele>
      </trkpt>
      <trkpt lat="46.493142" lon="13.790515">
        <ele>924.2</ele>
      </trkpt>
      <trkpt lat="46.493132" lon="13.790477">
        <ele>923.4</ele>
      </trkpt>
      <trkpt lat="46.493107" lon="13.790465">
        <ele>922.4</ele>
      </trkpt>
      <trkpt lat="46.493083" lon="13.79044">
        <ele>921.4</ele>
      </trkpt>
      <trkpt lat="46.49308" lon="13.790407">
        <ele>920.6</ele>
      </trkpt>
      <trkpt lat="46.493065" lon="13.790362">
        <ele>919.2</ele>
      </trkpt>
      <trkpt lat="46.493042" lon="13.790343">
        <ele>918.8</ele>
      </trkpt>
      <trkpt lat="46.493023" lon="13.790325">
        <ele>918.2</ele>
      </trkpt>
      <trkpt lat="46.493003" lon="13.790307">
        <ele>917.8</ele>
      </trkpt>
      <trkpt lat="46.492988" lon="13.790277">
        <ele>917.4</ele>
      </trkpt>
      <trkpt lat="46.492968" lon="13.790242">
        <ele>916.6</ele>
      </trkpt>
      <trkpt lat="46.492943" lon="13.790202">
        <ele>916.6</ele>
      </trkpt>
      <trkpt lat="46.492918" lon="13.790167">
        <ele>916.0</ele>
      </trkpt>
      <trkpt lat="46.492895" lon="13.790158">
        <ele>915.8</ele>
      </trkpt>
      <trkpt lat="46.492873" lon="13.790163">
        <ele>915.0</ele>
      </trkpt>
      <trkpt lat="46.492853" lon="13.79016">
        <ele>914.2</ele>
      </trkpt>
      <trkpt lat="46.492828" lon="13.790142">
        <ele>914.0</ele>
      </trkpt>
      <trkpt lat="46.492793" lon="13.79011">
        <ele>913.2</ele>
      </trkpt>
      <trkpt lat="46.492767" lon="13.79009">
        <ele>913.0</ele>
      </trkpt>
      <trkpt lat="46.492745" lon="13.790072">
        <ele>913.2</ele>
      </trkpt>
      <trkpt lat="46.492735" lon="13.790035">
        <ele>913.2</ele>
      </trkpt>
      <trkpt lat="46.492748" lon="13.790015">
        <ele>912.8</ele>
      </trkpt>
      <trkpt lat="46.492738" lon="13.789987">
        <ele>912.0</ele>
      </trkpt>
      <trkpt lat="46.492732" lon="13.789947">
        <ele>911.0</ele>
      </trkpt>
      <trkpt lat="46.49271" lon="13.789948">
        <ele>909.6</ele>
      </trkpt>
      <trkpt lat="46.492693" lon="13.789933">
        <ele>909.2</ele>
      </trkpt>
      <trkpt lat="46.492675" lon="13.789903">
        <ele>909.0</ele>
      </trkpt>
      <trkpt lat="46.492655" lon="13.789897">
        <ele>908.8</ele>
      </trkpt>
      <trkpt lat="46.492633" lon="13.789867">
        <ele>908.8</ele>
      </trkpt>
      <trkpt lat="46.492598" lon="13.789825">
        <ele>908.2</ele>
      </trkpt>
      <trkpt lat="46.492578" lon="13.789813">
        <ele>907.6</ele>
      </trkpt>
      <trkpt lat="46.492557" lon="13.789812">
        <ele>906.8</ele>
      </trkpt>
      <trkpt lat="46.492537" lon="13.789793">
        <ele>906.4</ele>
      </trkpt>
      <trkpt lat="46.492498" lon="13.789767">
        <ele>905.8</ele>
      </trkpt>
      <trkpt lat="46.492477" lon="13.789768">
        <ele>905.2</ele>
      </trkpt>
      <trkpt lat="46.492447" lon="13.789762">
        <ele>904.4</ele>
      </trkpt>
      <trkpt lat="46.492432" lon="13.78975">
        <ele>904.2</ele>
      </trkpt>
      <trkpt lat="46.492408" lon="13.789733">
        <ele>902.8</ele>
      </trkpt>
      <trkpt lat="46.492393" lon="13.789712">
        <ele>902.6</ele>
      </trkpt>
      <trkpt lat="46.492367" lon="13.78969">
        <ele>900.4</ele>
      </trkpt>
      <trkpt lat="46.492342" lon="13.789693">
        <ele>899.6</ele>
      </trkpt>
      <trkpt lat="46.492325" lon="13.78971">
        <ele>898.2</ele>
      </trkpt>
      <trkpt lat="46.49231" lon="13.789695">
        <ele>897.4</ele>
      </trkpt>
      <trkpt lat="46.492293" lon="13.78967">
        <ele>896.4</ele>
      </trkpt>
      <trkpt lat="46.492275" lon="13.789678">
        <ele>895.2</ele>
      </trkpt>
      <trkpt lat="46.492252" lon="13.789675">
        <ele>894.4</ele>
      </trkpt>
      <trkpt lat="46.49223" lon="13.789648">
        <ele>893.6</ele>
      </trkpt>
      <trkpt lat="46.492213" lon="13.78962">
        <ele>892.0</ele>
      </trkpt>
      <trkpt lat="46.49222" lon="13.789587">
        <ele>891.0</ele>
      </trkpt>
      <trkpt lat="46.49222" lon="13.78955">
        <ele>889.6</ele>
      </trkpt>
      <trkpt lat="46.49221" lon="13.789515">
        <ele>888.6</ele>
      </trkpt>
      <trkpt lat="46.4922" lon="13.789473">
        <ele>887.4</ele>
      </trkpt>
      <trkpt lat="46.492192" lon="13.789437">
        <ele>886.8</ele>
      </trkpt>
      <trkpt lat="46.492172" lon="13.789392">
        <ele>886.2</ele>
      </trkpt>
      <trkpt lat="46.49215" lon="13.789365">
        <ele>885.4</ele>
      </trkpt>
      <trkpt lat="46.49213" lon="13.789353">
        <ele>885.4</ele>
      </trkpt>
      <trkpt lat="46.492102" lon="13.789337">
        <ele>885.2</ele>
      </trkpt>
      <trkpt lat="46.492082" lon="13.78932">
        <ele>885.6</ele>
      </trkpt>
      <trkpt lat="46.492102" lon="13.78934">
        <ele>887.4</ele>
      </trkpt>
      <trkpt lat="46.492118" lon="13.789377">
        <ele>888.6</ele>
      </trkpt>
      <trkpt lat="46.492143" lon="13.789388">
        <ele>887.0</ele>
      </trkpt>
      <trkpt lat="46.492127" lon="13.789352">
        <ele>886.0</ele>
      </trkpt>
      <trkpt lat="46.492095" lon="13.789327">
        <ele>885.4</ele>
      </trkpt>
      <trkpt lat="46.492082" lon="13.789303">
        <ele>885.0</ele>
      </trkpt>
      <trkpt lat="46.49207" lon="13.789257">
        <ele>883.8</ele>
      </trkpt>
      <trkpt lat="46.492057" lon="13.78928">
        <ele>883.0</ele>
      </trkpt>
      <trkpt lat="46.492035" lon="13.789268">
        <ele>882.6</ele>
      </trkpt>
      <trkpt lat="46.492015" lon="13.789272">
        <ele>882.2</ele>
      </trkpt>
      <trkpt lat="46.491993" lon="13.789263">
        <ele>881.4</ele>
      </trkpt>
      <trkpt lat="46.49198" lon="13.789287">
        <ele>880.6</ele>
      </trkpt>
      <trkpt lat="46.49196" lon="13.789292">
        <ele>880.0</ele>
      </trkpt>
      <trkpt lat="46.491942" lon="13.789292">
        <ele>878.8</ele>
      </trkpt>
      <trkpt lat="46.491917" lon="13.789292">
        <ele>878.8</ele>
      </trkpt>
      <trkpt lat="46.491893" lon="13.789312">
        <ele>878.2</ele>
      </trkpt>
      <trkpt lat="46.491878" lon="13.789323">
        <ele>876.8</ele>
      </trkpt>
      <trkpt lat="46.491875" lon="13.789352">
        <ele>876.2</ele>
      </trkpt>
      <trkpt lat="46.491872" lon="13.789388">
        <ele>875.0</ele>
      </trkpt>
      <trkpt lat="46.491862" lon="13.789412">
        <ele>874.8</ele>
      </trkpt>
      <trkpt lat="46.49184" lon="13.789437">
        <ele>874.2</ele>
      </trkpt>
      <trkpt lat="46.491813" lon="13.789448">
        <ele>873.0</ele>
      </trkpt>
      <trkpt lat="46.491798" lon="13.789427">
        <ele>872.0</ele>
      </trkpt>
      <trkpt lat="46.491772" lon="13.7894">
        <ele>870.8</ele>
      </trkpt>
      <trkpt lat="46.49175" lon="13.789388">
        <ele>868.6</ele>
      </trkpt>
      <trkpt lat="46.49174" lon="13.789362">
        <ele>867.0</ele>
      </trkpt>
      <trkpt lat="46.49173" lon="13.789337">
        <ele>865.8</ele>
      </trkpt>
      <trkpt lat="46.491718" lon="13.789308">
        <ele>864.8</ele>
      </trkpt>
      <trkpt lat="46.491715" lon="13.78928">
        <ele>864.4</ele>
      </trkpt>
      <trkpt lat="46.491705" lon="13.789238">
        <ele>863.4</ele>
      </trkpt>
      <trkpt lat="46.491712" lon="13.789197">
        <ele>862.4</ele>
      </trkpt>
      <trkpt lat="46.491705" lon="13.789168">
        <ele>862.2</ele>
      </trkpt>
      <trkpt lat="46.491715" lon="13.78911">
        <ele>862.2</ele>
      </trkpt>
      <trkpt lat="46.491723" lon="13.789078">
        <ele>860.8</ele>
      </trkpt>
      <trkpt lat="46.49174" lon="13.789042">
        <ele>860.0</ele>
      </trkpt>
      <trkpt lat="46.49176" lon="13.789003">
        <ele>859.4</ele>
      </trkpt>
      <trkpt lat="46.49176" lon="13.789038">
        <ele>857.2</ele>
      </trkpt>
      <trkpt lat="46.491772" lon="13.789007">
        <ele>856.8</ele>
      </trkpt>
      <trkpt lat="46.491795" lon="13.788968">
        <ele>856.0</ele>
      </trkpt>
      <trkpt lat="46.491775" lon="13.78896">
        <ele>855.2</ele>
      </trkpt>
      <trkpt lat="46.491782" lon="13.788925">
        <ele>854.0</ele>
      </trkpt>
      <trkpt lat="46.491798" lon="13.788883">
        <ele>853.6</ele>
      </trkpt>
      <trkpt lat="46.49182" lon="13.78884">
        <ele>853.2</ele>
      </trkpt>
      <trkpt lat="46.491845" lon="13.788802">
        <ele>852.8</ele>
      </trkpt>
      <trkpt lat="46.491862" lon="13.788763">
        <ele>852.4</ele>
      </trkpt>
      <trkpt lat="46.491872" lon="13.78874">
        <ele>851.8</ele>
      </trkpt>
      <trkpt lat="46.491872" lon="13.788707">
        <ele>850.4</ele>
      </trkpt>
      <trkpt lat="46.491865" lon="13.788677">
        <ele>850.0</ele>
      </trkpt>
      <trkpt lat="46.491858" lon="13.788638">
        <ele>849.2</ele>
      </trkpt>
      <trkpt lat="46.491845" lon="13.788618">
        <ele>849.0</ele>
      </trkpt>
      <trkpt lat="46.491823" lon="13.788595">
        <ele>848.4</ele>
      </trkpt>
      <trkpt lat="46.4918" lon="13.788583">
        <ele>847.2</ele>
      </trkpt>
      <trkpt lat="46.491795" lon="13.788555">
        <ele>845.8</ele>
      </trkpt>
      <trkpt lat="46.491772" lon="13.788522">
        <ele>844.8</ele>
      </trkpt>
      <trkpt lat="46.491753" lon="13.788485">
        <ele>844.2</ele>
      </trkpt>
      <trkpt lat="46.49174" lon="13.788467">
        <ele>844.0</ele>
      </trkpt>
      <trkpt lat="46.49172" lon="13.788435">
        <ele>843.2</ele>
      </trkpt>
      <trkpt lat="46.491715" lon="13.7884">
        <ele>842.8</ele>
      </trkpt>
      <trkpt lat="46.491695" lon="13.788373">
        <ele>842.4</ele>
      </trkpt>
      <trkpt lat="46.49168" lon="13.788355">
        <ele>842.0</ele>
      </trkpt>
      <trkpt lat="46.49166" lon="13.788335">
        <ele>842.0</ele>
      </trkpt>
      <trkpt lat="46.49165" lon="13.788305">
        <ele>841.0</ele>
      </trkpt>
      <trkpt lat="46.491653" lon="13.788272">
        <ele>840.2</ele>
      </trkpt>
      <trkpt lat="46.491638" lon="13.788238">
        <ele>839.2</ele>
      </trkpt>
      <trkpt lat="46.491625" lon="13.788213">
        <ele>838.2</ele>
      </trkpt>
      <trkpt lat="46.491612" lon="13.788183">
        <ele>838.0</ele>
      </trkpt>
      <trkpt lat="46.491602" lon="13.788158">
        <ele>837.2</ele>
      </trkpt>
      <trkpt lat="46.491583" lon="13.788128">
        <ele>836.8</ele>
      </trkpt>
      <trkpt lat="46.491573" lon="13.78809">
        <ele>836.2</ele>
      </trkpt>
      <trkpt lat="46.491552" lon="13.788048">
        <ele>835.4</ele>
      </trkpt>
      <trkpt lat="46.491538" lon="13.788015">
        <ele>835.0</ele>
      </trkpt>
      <trkpt lat="46.491525" lon="13.787993">
        <ele>834.0</ele>
      </trkpt>
      <trkpt lat="46.491522" lon="13.78796">
        <ele>833.6</ele>
      </trkpt>
      <trkpt lat="46.491507" lon="13.78794">
        <ele>832.2</ele>
      </trkpt>
      <trkpt lat="46.491493" lon="13.787918">
        <ele>831.4</ele>
      </trkpt>
      <trkpt lat="46.49148" lon="13.787898">
        <ele>830.8</ele>
      </trkpt>
      <trkpt lat="46.491468" lon="13.787877">
        <ele>830.4</ele>
      </trkpt>
      <trkpt lat="46.491455" lon="13.787853">
        <ele>829.4</ele>
      </trkpt>
      <trkpt lat="46.491437" lon="13.787823">
        <ele>828.6</ele>
      </trkpt>
      <trkpt lat="46.491433" lon="13.787797">
        <ele>827.8</ele>
      </trkpt>
      <trkpt lat="46.491427" lon="13.787753">
        <ele>827.2</ele>
      </trkpt>
      <trkpt lat="46.491413" lon="13.787722">
        <ele>827.2</ele>
      </trkpt>
      <trkpt lat="46.491403" lon="13.787692">
        <ele>827.2</ele>
      </trkpt>
      <trkpt lat="46.491388" lon="13.78766">
        <ele>826.8</ele>
      </trkpt>
      <trkpt lat="46.491388" lon="13.78762">
        <ele>825.8</ele>
      </trkpt>
      <trkpt lat="46.491385" lon="13.787593">
        <ele>825.4</ele>
      </trkpt>
      <trkpt lat="46.491388" lon="13.787562">
        <ele>825.0</ele>
      </trkpt>
      <trkpt lat="46.4914" lon="13.78754">
        <ele>823.8</ele>
      </trkpt>
      <trkpt lat="46.491407" lon="13.787508">
        <ele>823.2</ele>
      </trkpt>
      <trkpt lat="46.491413" lon="13.78748">
        <ele>822.6</ele>
      </trkpt>
      <trkpt lat="46.491403" lon="13.78744">
        <ele>821.8</ele>
      </trkpt>
      <trkpt lat="46.491375" lon="13.787403">
        <ele>821.0</ele>
      </trkpt>
      <trkpt lat="46.491353" lon="13.787387">
        <ele>820.4</ele>
      </trkpt>
      <trkpt lat="46.491327" lon="13.787382">
        <ele>820.2</ele>
      </trkpt>
      <trkpt lat="46.491305" lon="13.787363">
        <ele>820.0</ele>
      </trkpt>
      <trkpt lat="46.49128" lon="13.787315">
        <ele>819.8</ele>
      </trkpt>
      <trkpt lat="46.491257" lon="13.787317">
        <ele>827.8</ele>
      </trkpt>
      <trkpt lat="46.49123" lon="13.78733">
        <ele>826.8</ele>
      </trkpt>
      <trkpt lat="46.49122" lon="13.78727">
        <ele>826.8</ele>
      </trkpt>
      <trkpt lat="46.49096" lon="13.78706">
        <ele>819.0</ele>
      </trkpt>
      <trkpt lat="46.49021" lon="13.78673">
        <ele>805.9</ele>
      </trkpt>
      <trkpt lat="46.49015" lon="13.78669">
        <ele>804.8</ele>
      </trkpt>
      <trkpt lat="46.49007" lon="13.78659">
        <ele>803.0</ele>
      </trkpt>
      <trkpt lat="46.49003" lon="13.78658">
        <ele>802.2</ele>
      </trkpt>
      <trkpt lat="46.48994" lon="13.78662">
        <ele>801.3</ele>
      </trkpt>
      <trkpt lat="46.48969" lon="13.78693">
        <ele>799.9</ele>
      </trkpt>
      <trkpt lat="46.4894" lon="13.7872">
        <ele>797.4</ele>
      </trkpt>
      <trkpt lat="46.48932" lon="13.7872">
        <ele>796.5</ele>
      </trkpt>
      <trkpt lat="46.48927" lon="13.78714">
        <ele>795.8</ele>
      </trkpt>
      <trkpt lat="46.48922" lon="13.78704">
        <ele>795.0</ele>
      </trkpt>
      <trkpt lat="46.48926" lon="13.7862">
        <ele>796.2</ele>
      </trkpt>
      <trkpt lat="46.4893" lon="13.78535">
        <ele>798.2</ele>
      </trkpt>
      <trkpt lat="46.4894" lon="13.7852">
        <ele>799.0</ele>
      </trkpt>
      <trkpt lat="46.48961" lon="13.78498">
        <ele>802.3</ele>
      </trkpt>
      <trkpt lat="46.48969" lon="13.78492">
        <ele>803.5</ele>
      </trkpt>
      <trkpt lat="46.48992" lon="13.78475">
        <ele>806.9</ele>
      </trkpt>
      <trkpt lat="46.4901" lon="13.78468">
        <ele>809.6</ele>
      </trkpt>
      <trkpt lat="46.49025" lon="13.78457">
        <ele>812.1</ele>
      </trkpt>
      <trkpt lat="46.49032" lon="13.78449">
        <ele>813.5</ele>
      </trkpt>
      <trkpt lat="46.49049" lon="13.78425">
        <ele>816.8</ele>
      </trkpt>
      <trkpt lat="46.49054" lon="13.78417">
        <ele>817.7</ele>
      </trkpt>
      <trkpt lat="46.4907" lon="13.78399">
        <ele>820.7</ele>
      </trkpt>
      <trkpt lat="46.49082" lon="13.78372">
        <ele>826.1</ele>
      </trkpt>
      <trkpt lat="46.49108" lon="13.78298">
        <ele>834.8</ele>
      </trkpt>
      <trkpt lat="46.49111" lon="13.78274">
        <ele>836.2</ele>
      </trkpt>
      <trkpt lat="46.49112" lon="13.78242">
        <ele>838.7</ele>
      </trkpt>
      <trkpt lat="46.49117" lon="13.78188">
        <ele>843.4</ele>
      </trkpt>
      <trkpt lat="46.49124" lon="13.78151">
        <ele>844.1</ele>
      </trkpt>
      <trkpt lat="46.49138" lon="13.78102">
        <ele>839.7</ele>
      </trkpt>
      <trkpt lat="46.49141" lon="13.78054">
        <ele>838.9</ele>
      </trkpt>
      <trkpt lat="46.49142" lon="13.78025">
        <ele>839.2</ele>
      </trkpt>
      <trkpt lat="46.49147" lon="13.77995">
        <ele>839.1</ele>
      </trkpt>
      <trkpt lat="46.49159" lon="13.77972">
        <ele>840.4</ele>
      </trkpt>
      <trkpt lat="46.49185" lon="13.77945">
        <ele>842.5</ele>
      </trkpt>
      <trkpt lat="46.49211" lon="13.77929">
        <ele>841.2</ele>
      </trkpt>
      <trkpt lat="46.49211" lon="13.77929">
        <ele>841.2</ele>
      </trkpt>
      <trkpt lat="46.49224" lon="13.77917">
        <ele>840.0</ele>
      </trkpt>
      <trkpt lat="46.49243" lon="13.77862">
        <ele>838.5</ele>
      </trkpt>
      <trkpt lat="46.49253" lon="13.77814">
        <ele>840.6</ele>
      </trkpt>
      <trkpt lat="46.49254" lon="13.77776">
        <ele>846.0</ele>
      </trkpt>
      <trkpt lat="46.49251" lon="13.77745">
        <ele>849.5</ele>
      </trkpt>
      <trkpt lat="46.49223" lon="13.77676">
        <ele>857.1</ele>
      </trkpt>
      <trkpt lat="46.49215" lon="13.77631">
        <ele>854.6</ele>
      </trkpt>
      <trkpt lat="46.49203" lon="13.77604">
        <ele>852.8</ele>
      </trkpt>
      <trkpt lat="46.49201" lon="13.77594">
        <ele>852.0</ele>
      </trkpt>
      <trkpt lat="46.49197" lon="13.77577">
        <ele>850.8</ele>
      </trkpt>
      <trkpt lat="46.49196" lon="13.77557">
        <ele>849.5</ele>
      </trkpt>
      <trkpt lat="46.49199" lon="13.77533">
        <ele>847.8</ele>
      </trkpt>
      <trkpt lat="46.49212" lon="13.77463">
        <ele>845.1</ele>
      </trkpt>
      <trkpt lat="46.49217" lon="13.77449">
        <ele>844.9</ele>
      </trkpt>
      <trkpt lat="46.49229" lon="13.77424">
        <ele>844.8</ele>
      </trkpt>
      <trkpt lat="46.49246" lon="13.77398">
        <ele>843.9</ele>
      </trkpt>
      <trkpt lat="46.49248" lon="13.77392">
        <ele>843.5</ele>
      </trkpt>
      <trkpt lat="46.49257" lon="13.77345">
        <ele>841.8</ele>
      </trkpt>
      <trkpt lat="46.4927" lon="13.77261">
        <ele>843.3</ele>
      </trkpt>
      <trkpt lat="46.49273" lon="13.77255">
        <ele>843.8</ele>
      </trkpt>
      <trkpt lat="46.49282" lon="13.77251">
        <ele>845.4</ele>
      </trkpt>
      <trkpt lat="46.49305" lon="13.77257">
        <ele>849.2</ele>
      </trkpt>
      <trkpt lat="46.49311" lon="13.77256">
        <ele>850.2</ele>
      </trkpt>
      <trkpt lat="46.49317" lon="13.77251">
        <ele>851.2</ele>
      </trkpt>
      <trkpt lat="46.49343" lon="13.77188">
        <ele>858.3</ele>
      </trkpt>
      <trkpt lat="46.49368" lon="13.77126">
        <ele>864.8</ele>
      </trkpt>
      <trkpt lat="46.49393" lon="13.77053">
        <ele>863.3</ele>
      </trkpt>
      <trkpt lat="46.49413" lon="13.77027">
        <ele>862.6</ele>
      </trkpt>
      <trkpt lat="46.4944" lon="13.77005">
        <ele>868.0</ele>
      </trkpt>
      <trkpt lat="46.49456" lon="13.76974">
        <ele>871.9</ele>
      </trkpt>
      <trkpt lat="46.49465" lon="13.76963">
        <ele>874.0</ele>
      </trkpt>
      <trkpt lat="46.49519" lon="13.76917">
        <ele>882.8</ele>
      </trkpt>
      <trkpt lat="46.49519" lon="13.76917">
        <ele>882.8</ele>
      </trkpt>
      <trkpt lat="46.49557" lon="13.76867">
        <ele>889.4</ele>
      </trkpt>
      <trkpt lat="46.49559" lon="13.76859">
        <ele>889.1</ele>
      </trkpt>
      <trkpt lat="46.49563" lon="13.76802">
        <ele>886.4</ele>
      </trkpt>
      <trkpt lat="46.49565" lon="13.76788">
        <ele>886.2</ele>
      </trkpt>
      <trkpt lat="46.49577" lon="13.76752">
        <ele>886.4</ele>
      </trkpt>
      <trkpt lat="46.49587" lon="13.76731">
        <ele>887.1</ele>
      </trkpt>
      <trkpt lat="46.49562" lon="13.76657">
        <ele>883.2</ele>
      </trkpt>
      <trkpt lat="46.49554" lon="13.76643">
        <ele>883.5</ele>
      </trkpt>
      <trkpt lat="46.49552" lon="13.76637">
        <ele>883.8</ele>
      </trkpt>
      <trkpt lat="46.49565" lon="13.76549">
        <ele>889.9</ele>
      </trkpt>
      <trkpt lat="46.49574" lon="13.7647">
        <ele>894.6</ele>
      </trkpt>
      <trkpt lat="46.49572" lon="13.76449">
        <ele>894.2</ele>
      </trkpt>
      <trkpt lat="46.49556" lon="13.76332">
        <ele>888.7</ele>
      </trkpt>
      <trkpt lat="46.49552" lon="13.76284">
        <ele>888.0</ele>
      </trkpt>
      <trkpt lat="46.49551" lon="13.76246">
        <ele>887.6</ele>
      </trkpt>
      <trkpt lat="46.49552" lon="13.76231">
        <ele>887.0</ele>
      </trkpt>
      <trkpt lat="46.49562" lon="13.76199">
        <ele>885.3</ele>
      </trkpt>
      <trkpt lat="46.49562" lon="13.76178">
        <ele>884.4</ele>
      </trkpt>
      <trkpt lat="46.4956" lon="13.76164">
        <ele>883.7</ele>
      </trkpt>
      <trkpt lat="46.49558" lon="13.7616">
        <ele>883.5</ele>
      </trkpt>
      <trkpt lat="46.49537" lon="13.76152">
        <ele>882.1</ele>
      </trkpt>
      <trkpt lat="46.49525" lon="13.76144">
        <ele>880.6</ele>
      </trkpt>
      <trkpt lat="46.4952" lon="13.76128">
        <ele>879.8</ele>
      </trkpt>
      <trkpt lat="46.49517" lon="13.76104">
        <ele>879.3</ele>
      </trkpt>
      <trkpt lat="46.49526" lon="13.76023">
        <ele>876.6</ele>
      </trkpt>
      <trkpt lat="46.49538" lon="13.75944">
        <ele>875.6</ele>
      </trkpt>
      <trkpt lat="46.49549" lon="13.75864">
        <ele>874.7</ele>
      </trkpt>
      <trkpt lat="46.49553" lon="13.75856">
        <ele>874.8</ele>
      </trkpt>
      <trkpt lat="46.49547" lon="13.7585">
        <ele>874.0</ele>
      </trkpt>
      <trkpt lat="46.49547" lon="13.7585">
        <ele>874.0</ele>
      </trkpt>
      <trkpt lat="46.49505" lon="13.75806">
        <ele>868.2</ele>
      </trkpt>
      <trkpt lat="46.49487" lon="13.75792">
        <ele>865.8</ele>
      </trkpt>
      <trkpt lat="46.49449" lon="13.75784">
        <ele>862.2</ele>
      </trkpt>
      <trkpt lat="46.49435" lon="13.75784">
        <ele>861.0</ele>
      </trkpt>
      <trkpt lat="46.49423" lon="13.75787">
        <ele>860.0</ele>
      </trkpt>
      <trkpt lat="46.49398" lon="13.75801">
        <ele>857.1</ele>
      </trkpt>
      <trkpt lat="46.49398" lon="13.758">
        <ele>857.1</ele>
      </trkpt>
      <trkpt lat="46.49399" lon="13.758">
        <ele>857.3</ele>
      </trkpt>
      <trkpt lat="46.49392" lon="13.75764">
        <ele>855.9</ele>
      </trkpt>
      <trkpt lat="46.49384" lon="13.75733">
        <ele>854.6</ele>
      </trkpt>
      <trkpt lat="46.49381" lon="13.75728">
        <ele>854.2</ele>
      </trkpt>
      <trkpt lat="46.49381" lon="13.75728">
        <ele>854.2</ele>
      </trkpt>
      <trkpt lat="46.49381" lon="13.75728">
        <ele>854.2</ele>
      </trkpt>
      <trkpt lat="46.49381" lon="13.75728">
        <ele>854.2</ele>
      </trkpt>
      <trkpt lat="46.49376" lon="13.75717">
        <ele>853.6</ele>
      </trkpt>
      <trkpt lat="46.49382" lon="13.75707">
        <ele>853.7</ele>
      </trkpt>
      <trkpt lat="46.49384" lon="13.75686">
        <ele>854.0</ele>
      </trkpt>
      <trkpt lat="46.49384" lon="13.75673">
        <ele>854.2</ele>
      </trkpt>
      <trkpt lat="46.49381" lon="13.75634">
        <ele>854.8</ele>
      </trkpt>
      <trkpt lat="46.49366" lon="13.756">
        <ele>854.3</ele>
      </trkpt>
      <trkpt lat="46.49319" lon="13.75575">
        <ele>850.7</ele>
      </trkpt>
      <trkpt lat="46.49315" lon="13.75571">
        <ele>850.2</ele>
      </trkpt>
      <trkpt lat="46.49315" lon="13.7557">
        <ele>850.2</ele>
      </trkpt>
      <trkpt lat="46.49302" lon="13.75559">
        <ele>848.8</ele>
      </trkpt>
      <trkpt lat="46.4927" lon="13.7552">
        <ele>844.6</ele>
      </trkpt>
      <trkpt lat="46.49256" lon="13.75495">
        <ele>842.6</ele>
      </trkpt>
      <trkpt lat="46.4925" lon="13.7548">
        <ele>842.2</ele>
      </trkpt>
      <trkpt lat="46.49244" lon="13.7547">
        <ele>842.0</ele>
      </trkpt>
      <trkpt lat="46.49221" lon="13.75449">
        <ele>841.0</ele>
      </trkpt>
      <trkpt lat="46.49184" lon="13.75421">
        <ele>839.0</ele>
      </trkpt>
      <trkpt lat="46.49175" lon="13.75411">
        <ele>838.4</ele>
      </trkpt>
      <trkpt lat="46.49151" lon="13.75369">
        <ele>837.1</ele>
      </trkpt>
      <trkpt lat="46.49151" lon="13.75369">
        <ele>837.1</ele>
      </trkpt>
      <trkpt lat="46.49136" lon="13.75343">
        <ele>836.7</ele>
      </trkpt>
      <trkpt lat="46.49113" lon="13.75317">
        <ele>836.4</ele>
      </trkpt>
      <trkpt lat="46.49103" lon="13.75305">
        <ele>836.3</ele>
      </trkpt>
      <trkpt lat="46.49097" lon="13.7529">
        <ele>836.2</ele>
      </trkpt>
      <trkpt lat="46.49085" lon="13.75248">
        <ele>836.0</ele>
      </trkpt>
      <trkpt lat="46.49078" lon="13.75209">
        <ele>836.3</ele>
      </trkpt>
      <trkpt lat="46.49076" lon="13.75194">
        <ele>836.4</ele>
      </trkpt>
      <trkpt lat="46.49067" lon="13.75249">
        <ele>836.8</ele>
      </trkpt>
      <trkpt lat="46.49042" lon="13.7535">
        <ele>836.9</ele>
      </trkpt>
      <trkpt lat="46.49042" lon="13.7535">
        <ele>836.9</ele>
      </trkpt>
      <trkpt lat="46.49034" lon="13.75384">
        <ele>838.1</ele>
      </trkpt>
      <trkpt lat="46.49023" lon="13.7546">
        <ele>842.6</ele>
      </trkpt>
      <trkpt lat="46.49018" lon="13.75513">
        <ele>846.8</ele>
      </trkpt>
      <trkpt lat="46.49018" lon="13.75513">
        <ele>846.8</ele>
      </trkpt>
      <trkpt lat="46.489437" lon="13.754696">
        <ele>874.4</ele>
      </trkpt>
      <trkpt lat="46.489437" lon="13.754696">
        <ele>874.4</ele>
      </trkpt>
      <trkpt lat="46.488913" lon="13.755487">
        <ele>913.0</ele>
      </trkpt>
      <trkpt lat="46.488913" lon="13.755487">
        <ele>913.0</ele>
      </trkpt>
      <trkpt lat="46.488913" lon="13.755487">
        <ele>913.0</ele>
      </trkpt>
      <trkpt lat="46.4886" lon="13.757716">
        <ele>935.5</ele>
      </trkpt>
      <trkpt lat="46.4886" lon="13.757716">
        <ele>935.5</ele>
      </trkpt>
      <trkpt lat="46.488416" lon="13.758231">
        <ele>940.9</ele>
      </trkpt>
      <trkpt lat="46.488416" lon="13.758231">
        <ele>940.9</ele>
      </trkpt>
      <trkpt lat="46.488416" lon="13.758231">
        <ele>940.9</ele>
      </trkpt>
      <trkpt lat="46.487068" lon="13.758179">
        <ele>986.1</ele>
      </trkpt>
      <trkpt lat="46.487068" lon="13.758179">
        <ele>986.1</ele>
      </trkpt>
      <trkpt lat="46.487068" lon="13.758179">
        <ele>986.1</ele>
      </trkpt>
      <trkpt lat="46.486085" lon="13.758273">
        <ele>1025.9</ele>
      </trkpt>
      <trkpt lat="46.486085" lon="13.758273">
        <ele>1025.9</ele>
      </trkpt>
      <trkpt lat="46.486085" lon="13.758273">
        <ele>1025.9</ele>
      </trkpt>
      <trkpt lat="46.484674" lon="13.758285">
        <ele>1072.4</ele>
      </trkpt>
      <trkpt lat="46.48436" lon="13.75886">
        <ele>1084.0</ele>
      </trkpt>
      <trkpt lat="46.48432" lon="13.759">
        <ele>1085.4</ele>
      </trkpt>
      <trkpt lat="46.4843" lon="13.75916">
        <ele>1086.3</ele>
      </trkpt>
      <trkpt lat="46.48433" lon="13.75927">
        <ele>1085.9</ele>
      </trkpt>
      <trkpt lat="46.4844" lon="13.75935">
        <ele>1084.1</ele>
      </trkpt>
      <trkpt lat="46.4844" lon="13.75935">
        <ele>1084.1</ele>
      </trkpt>
      <trkpt lat="46.48449" lon="13.75945">
        <ele>1081.8</ele>
      </trkpt>
      <trkpt lat="46.48452" lon="13.75952">
        <ele>1081.0</ele>
      </trkpt>
      <trkpt lat="46.48454" lon="13.75963">
        <ele>1080.7</ele>
      </trkpt>
      <trkpt lat="46.4846" lon="13.75967">
        <ele>1078.9</ele>
      </trkpt>
      <trkpt lat="46.48463" lon="13.75973">
        <ele>1078.0</ele>
      </trkpt>
      <trkpt lat="46.48483" lon="13.76038">
        <ele>1070.8</ele>
      </trkpt>
      <trkpt lat="46.48492" lon="13.7609">
        <ele>1065.5</ele>
      </trkpt>
      <trkpt lat="46.485" lon="13.76098">
        <ele>1061.4</ele>
      </trkpt>
      <trkpt lat="46.485" lon="13.76098">
        <ele>1061.4</ele>
      </trkpt>
      <trkpt lat="46.48522" lon="13.76114">
        <ele>1054.7</ele>
      </trkpt>
      <trkpt lat="46.48537" lon="13.76128">
        <ele>1050.0</ele>
      </trkpt>
      <trkpt lat="46.48549" lon="13.76143">
        <ele>1046.1</ele>
      </trkpt>
      <trkpt lat="46.48562" lon="13.76176">
        <ele>1040.2</ele>
      </trkpt>
      <trkpt lat="46.48568" lon="13.76208">
        <ele>1034.9</ele>
      </trkpt>
      <trkpt lat="46.48579" lon="13.7628">
        <ele>1025.1</ele>
      </trkpt>
      <trkpt lat="46.48579" lon="13.76293">
        <ele>1024.4</ele>
      </trkpt>
      <trkpt lat="46.48579" lon="13.76293">
        <ele>1024.4</ele>
      </trkpt>
      <trkpt lat="46.48577" lon="13.76331">
        <ele>1022.4</ele>
      </trkpt>
      <trkpt lat="46.48577" lon="13.76343">
        <ele>1021.0</ele>
      </trkpt>
      <trkpt lat="46.48589" lon="13.76402">
        <ele>1010.0</ele>
      </trkpt>
      <trkpt lat="46.48609" lon="13.76467">
        <ele>994.1</ele>
      </trkpt>
      <trkpt lat="46.48611" lon="13.7648">
        <ele>991.7</ele>
      </trkpt>
      <trkpt lat="46.48611" lon="13.76496">
        <ele>989.6</ele>
      </trkpt>
      <trkpt lat="46.48609" lon="13.76507">
        <ele>988.9</ele>
      </trkpt>
      <trkpt lat="46.48603" lon="13.76514">
        <ele>989.9</ele>
      </trkpt>
      <trkpt lat="46.48596" lon="13.7652">
        <ele>991.4</ele>
      </trkpt>
      <trkpt lat="46.48578" lon="13.76525">
        <ele>995.0</ele>
      </trkpt>
      <trkpt lat="46.48567" lon="13.76531">
        <ele>995.1</ele>
      </trkpt>
      <trkpt lat="46.48567" lon="13.76531">
        <ele>995.1</ele>
      </trkpt>
      <trkpt lat="46.48559" lon="13.7654">
        <ele>994.5</ele>
      </trkpt>
      <trkpt lat="46.48548" lon="13.76574">
        <ele>990.7</ele>
      </trkpt>
      <trkpt lat="46.4854" lon="13.76583">
        <ele>989.6</ele>
      </trkpt>
      <trkpt lat="46.48534" lon="13.76586">
        <ele>989.0</ele>
      </trkpt>
      <trkpt lat="46.48523" lon="13.76588">
        <ele>988.8</ele>
      </trkpt>
      <trkpt lat="46.4851" lon="13.76594">
        <ele>988.1</ele>
      </trkpt>
      <trkpt lat="46.485" lon="13.76602">
        <ele>987.3</ele>
      </trkpt>
      <trkpt lat="46.48479" lon="13.76632">
        <ele>990.3</ele>
      </trkpt>
      <trkpt lat="46.48475" lon="13.76647">
        <ele>989.3</ele>
      </trkpt>
      <trkpt lat="46.48472" lon="13.76703">
        <ele>980.7</ele>
      </trkpt>
      <trkpt lat="46.48469" lon="13.76712">
        <ele>979.8</ele>
      </trkpt>
      <trkpt lat="46.48457" lon="13.76737">
        <ele>977.4</ele>
      </trkpt>
      <trkpt lat="46.4845" lon="13.76755">
        <ele>974.7</ele>
      </trkpt>
      <trkpt lat="46.48442" lon="13.76794">
        <ele>967.7</ele>
      </trkpt>
      <trkpt lat="46.48442" lon="13.76794">
        <ele>967.7</ele>
      </trkpt>
      <trkpt lat="46.48435" lon="13.76876">
        <ele>955.4</ele>
      </trkpt>
      <trkpt lat="46.48436" lon="13.7689">
        <ele>953.4</ele>
      </trkpt>
      <trkpt lat="46.48436" lon="13.7689">
        <ele>953.4</ele>
      </trkpt>
      <trkpt lat="46.48437" lon="13.76895">
        <ele>952.6</ele>
      </trkpt>
      <trkpt lat="46.48438" lon="13.76898">
        <ele>952.0</ele>
      </trkpt>
      <trkpt lat="46.48439" lon="13.76905">
        <ele>950.9</ele>
      </trkpt>
      <trkpt lat="46.4844" lon="13.7691">
        <ele>950.1</ele>
      </trkpt>
      <trkpt lat="46.48443" lon="13.76916">
        <ele>948.7</ele>
      </trkpt>
      <trkpt lat="46.48444" lon="13.76922">
        <ele>947.5</ele>
      </trkpt>
      <trkpt lat="46.48446" lon="13.76928">
        <ele>946.2</ele>
      </trkpt>
      <trkpt lat="46.48448" lon="13.76933">
        <ele>945.0</ele>
      </trkpt>
      <trkpt lat="46.4846" lon="13.76952">
        <ele>939.7</ele>
      </trkpt>
      <trkpt lat="46.48466" lon="13.76962">
        <ele>937.1</ele>
      </trkpt>
      <trkpt lat="46.48471" lon="13.7697">
        <ele>935.0</ele>
      </trkpt>
      <trkpt lat="46.48503" lon="13.77026">
        <ele>921.4</ele>
      </trkpt>
      <trkpt lat="46.48503" lon="13.77026">
        <ele>921.4</ele>
      </trkpt>
      <trkpt lat="46.48504" lon="13.77028">
        <ele>920.8</ele>
      </trkpt>
      <trkpt lat="46.48517" lon="13.77055">
        <ele>913.8</ele>
      </trkpt>
      <trkpt lat="46.48525" lon="13.77077">
        <ele>908.4</ele>
      </trkpt>
      <trkpt lat="46.48531" lon="13.77092">
        <ele>904.3</ele>
      </trkpt>
      <trkpt lat="46.48534" lon="13.77099">
        <ele>902.3</ele>
      </trkpt>
      <trkpt lat="46.48543" lon="13.77122">
        <ele>896.0</ele>
      </trkpt>
      <trkpt lat="46.48552" lon="13.77144">
        <ele>890.1</ele>
      </trkpt>
      <trkpt lat="46.48561" lon="13.77167">
        <ele>884.2</ele>
      </trkpt>
      <trkpt lat="46.48563" lon="13.77172">
        <ele>883.1</ele>
      </trkpt>
      <trkpt lat="46.48574" lon="13.77208">
        <ele>875.6</ele>
      </trkpt>
      <trkpt lat="46.48583" lon="13.77239">
        <ele>869.6</ele>
      </trkpt>
      <trkpt lat="46.48589" lon="13.7726">
        <ele>866.4</ele>
      </trkpt>
      <trkpt lat="46.4859" lon="13.77263">
        <ele>866.0</ele>
      </trkpt>
      <trkpt lat="46.48592" lon="13.77272">
        <ele>865.0</ele>
      </trkpt>
      <trkpt lat="46.48595" lon="13.77278">
        <ele>864.1</ele>
      </trkpt>
      <trkpt lat="46.48598" lon="13.77283">
        <ele>863.3</ele>
      </trkpt>
      <trkpt lat="46.486" lon="13.77294">
        <ele>862.1</ele>
      </trkpt>
      <trkpt lat="46.486" lon="13.77294">
        <ele>862.1</ele>
      </trkpt>
      <trkpt lat="46.48609" lon="13.77332">
        <ele>857.7</ele>
      </trkpt>
      <trkpt lat="46.4861" lon="13.77337">
        <ele>856.8</ele>
      </trkpt>
      <trkpt lat="46.4861" lon="13.77337">
        <ele>856.8</ele>
      </trkpt>
      <trkpt lat="46.4862" lon="13.7737">
        <ele>849.8</ele>
      </trkpt>
      <trkpt lat="46.48622" lon="13.77378">
        <ele>848.1</ele>
      </trkpt>
      <trkpt lat="46.48627" lon="13.77394">
        <ele>844.7</ele>
      </trkpt>
      <trkpt lat="46.4864" lon="13.77443">
        <ele>836.0</ele>
      </trkpt>
      <trkpt lat="46.48647" lon="13.77467">
        <ele>832.4</ele>
      </trkpt>
      <trkpt lat="46.48648" lon="13.7747">
        <ele>831.9</ele>
      </trkpt>
      <trkpt lat="46.48657" lon="13.77496">
        <ele>827.8</ele>
      </trkpt>
      <trkpt lat="46.48664" lon="13.77513">
        <ele>825.3</ele>
      </trkpt>
      <trkpt lat="46.48664" lon="13.77513">
        <ele>825.3</ele>
      </trkpt>
      <trkpt lat="46.4866" lon="13.77549">
        <ele>822.8</ele>
      </trkpt>
      <trkpt lat="46.48658" lon="13.77566">
        <ele>821.6</ele>
      </trkpt>
      <trkpt lat="46.48658" lon="13.77572">
        <ele>821.1</ele>
      </trkpt>
      <trkpt lat="46.48657" lon="13.77575">
        <ele>821.0</ele>
      </trkpt>
      <trkpt lat="46.48658" lon="13.7758">
        <ele>820.4</ele>
      </trkpt>
      <trkpt lat="46.48659" lon="13.77609">
        <ele>818.0</ele>
      </trkpt>
      <trkpt lat="46.48661" lon="13.77627">
        <ele>816.5</ele>
      </trkpt>
      <trkpt lat="46.48655" lon="13.77642">
        <ele>815.9</ele>
      </trkpt>
      <trkpt lat="46.48655" lon="13.77642">
        <ele>815.9</ele>
      </trkpt>
      <trkpt lat="46.48655" lon="13.77644">
        <ele>815.8</ele>
      </trkpt>
      <trkpt lat="46.48651" lon="13.77655">
        <ele>815.3</ele>
      </trkpt>
      <trkpt lat="46.4865" lon="13.77657">
        <ele>815.2</ele>
      </trkpt>
      <trkpt lat="46.48648" lon="13.77659">
        <ele>815.2</ele>
      </trkpt>
      <trkpt lat="46.48645" lon="13.77662">
        <ele>815.2</ele>
      </trkpt>
      <trkpt lat="46.48639" lon="13.77667">
        <ele>815.3</ele>
      </trkpt>
      <trkpt lat="46.48635" lon="13.77672">
        <ele>815.2</ele>
      </trkpt>
      <trkpt lat="46.48633" lon="13.77676">
        <ele>815.0</ele>
      </trkpt>
      <trkpt lat="46.4863" lon="13.77682">
        <ele>814.7</ele>
      </trkpt>
      <trkpt lat="46.48628" lon="13.77687">
        <ele>814.4</ele>
      </trkpt>
      <trkpt lat="46.48627" lon="13.77691">
        <ele>814.2</ele>
      </trkpt>
      <trkpt lat="46.48626" lon="13.777">
        <ele>813.4</ele>
      </trkpt>
      <trkpt lat="46.48624" lon="13.7771">
        <ele>812.7</ele>
      </trkpt>
      <trkpt lat="46.48623" lon="13.77712">
        <ele>812.5</ele>
      </trkpt>
      <trkpt lat="46.48622" lon="13.77714">
        <ele>812.4</ele>
      </trkpt>
      <trkpt lat="46.4862" lon="13.77719">
        <ele>812.1</ele>
      </trkpt>
      <trkpt lat="46.48618" lon="13.77724">
        <ele>811.8</ele>
      </trkpt>
      <trkpt lat="46.48612" lon="13.77733">
        <ele>811.2</ele>
      </trkpt>
      <trkpt lat="46.48608" lon="13.77739">
        <ele>810.9</ele>
      </trkpt>
      <trkpt lat="46.48605" lon="13.77746">
        <ele>810.4</ele>
      </trkpt>
      <trkpt lat="46.48604" lon="13.7775">
        <ele>810.0</ele>
      </trkpt>
      <trkpt lat="46.48604" lon="13.7775">
        <ele>810.0</ele>
      </trkpt>
      <trkpt lat="46.485715" lon="13.777758">
        <ele>809.5</ele>
      </trkpt>
      <trkpt lat="46.485715" lon="13.777758">
        <ele>809.5</ele>
      </trkpt>
      <trkpt lat="46.485589" lon="13.778077">
        <ele>807.8</ele>
      </trkpt>
      <trkpt lat="46.485589" lon="13.778077">
        <ele>807.8</ele>
      </trkpt>
      <trkpt lat="46.485327" lon="13.778612">
        <ele>807.4</ele>
      </trkpt>
      <trkpt lat="46.484764" lon="13.779398">
        <ele>809.6</ele>
      </trkpt>
      <trkpt lat="46.48472" lon="13.77939">
        <ele>809.7</ele>
      </trkpt>
      <trkpt lat="46.48471" lon="13.77939">
        <ele>809.8</ele>
      </trkpt>
      <trkpt lat="46.48469" lon="13.77939">
        <ele>809.8</ele>
      </trkpt>
      <trkpt lat="46.48467" lon="13.7794">
        <ele>809.9</ele>
      </trkpt>
      <trkpt lat="46.48465" lon="13.7794">
        <ele>810.0</ele>
      </trkpt>
      <trkpt lat="46.48464" lon="13.77941">
        <ele>810.0</ele>
      </trkpt>
      <trkpt lat="46.48463" lon="13.77942">
        <ele>810.0</ele>
      </trkpt>
      <trkpt lat="46.48461" lon="13.77945">
        <ele>810.1</ele>
      </trkpt>
      <trkpt lat="46.48458" lon="13.77952">
        <ele>810.1</ele>
      </trkpt>
      <trkpt lat="46.48442" lon="13.77955">
        <ele>810.6</ele>
      </trkpt>
      <trkpt lat="46.48437" lon="13.77957">
        <ele>810.8</ele>
      </trkpt>
      <trkpt lat="46.48433" lon="13.77959">
        <ele>810.9</ele>
      </trkpt>
      <trkpt lat="46.48429" lon="13.77962">
        <ele>811.0</ele>
      </trkpt>
      <trkpt lat="46.48427" lon="13.77964">
        <ele>811.1</ele>
      </trkpt>
      <trkpt lat="46.48424" lon="13.77967">
        <ele>811.1</ele>
      </trkpt>
      <trkpt lat="46.48423" lon="13.77969">
        <ele>811.1</ele>
      </trkpt>
      <trkpt lat="46.48403" lon="13.77996">
        <ele>811.9</ele>
      </trkpt>
      <trkpt lat="46.48403" lon="13.77996">
        <ele>811.9</ele>
      </trkpt>
      <trkpt lat="46.48398" lon="13.78003">
        <ele>812.1</ele>
      </trkpt>
      <trkpt lat="46.48385" lon="13.78021">
        <ele>812.7</ele>
      </trkpt>
      <trkpt lat="46.48372" lon="13.78039">
        <ele>813.2</ele>
      </trkpt>
      <trkpt lat="46.4836" lon="13.78056">
        <ele>813.5</ele>
      </trkpt>
      <trkpt lat="46.48351" lon="13.78072">
        <ele>813.6</ele>
      </trkpt>
      <trkpt lat="46.48344" lon="13.78079">
        <ele>813.7</ele>
      </trkpt>
      <trkpt lat="46.48338" lon="13.78084">
        <ele>813.8</ele>
      </trkpt>
      <trkpt lat="46.48334" lon="13.78089">
        <ele>814.0</ele>
      </trkpt>
      <trkpt lat="46.4833" lon="13.78094">
        <ele>814.2</ele>
      </trkpt>
      <trkpt lat="46.48327" lon="13.781">
        <ele>814.4</ele>
      </trkpt>
      <trkpt lat="46.48325" lon="13.78106">
        <ele>814.5</ele>
      </trkpt>
      <trkpt lat="46.48321" lon="13.78119">
        <ele>814.7</ele>
      </trkpt>
      <trkpt lat="46.48318" lon="13.7813">
        <ele>814.9</ele>
      </trkpt>
      <trkpt lat="46.48317" lon="13.78133">
        <ele>815.0</ele>
      </trkpt>
      <trkpt lat="46.48316" lon="13.78138">
        <ele>815.0</ele>
      </trkpt>
      <trkpt lat="46.48316" lon="13.78138">
        <ele>815.0</ele>
      </trkpt>
      <trkpt lat="46.48316" lon="13.78142">
        <ele>815.0</ele>
      </trkpt>
      <trkpt lat="46.48312" lon="13.78164">
        <ele>815.2</ele>
      </trkpt>
      <trkpt lat="46.48307" lon="13.78187">
        <ele>814.9</ele>
      </trkpt>
      <trkpt lat="46.48302" lon="13.78219">
        <ele>814.3</ele>
      </trkpt>
      <trkpt lat="46.48302" lon="13.78219">
        <ele>814.3</ele>
      </trkpt>
      <trkpt lat="46.48311" lon="13.78228">
        <ele>814.1</ele>
      </trkpt>
      <trkpt lat="46.48315" lon="13.78236">
        <ele>814.0</ele>
      </trkpt>
      <trkpt lat="46.48318" lon="13.78243">
        <ele>813.9</ele>
      </trkpt>
      <trkpt lat="46.48325" lon="13.78258">
        <ele>813.8</ele>
      </trkpt>
      <trkpt lat="46.4833" lon="13.78267">
        <ele>813.7</ele>
      </trkpt>
      <trkpt lat="46.48341" lon="13.78286">
        <ele>813.3</ele>
      </trkpt>
      <trkpt lat="46.48341" lon="13.78286">
        <ele>813.3</ele>
      </trkpt>
      <trkpt lat="46.48342" lon="13.78288">
        <ele>813.3</ele>
      </trkpt>
      <trkpt lat="46.48362" lon="13.7834">
        <ele>812.5</ele>
      </trkpt>
      <trkpt lat="46.48362" lon="13.7834">
        <ele>812.5</ele>
      </trkpt>
      <trkpt lat="46.48349" lon="13.7836">
        <ele>812.1</ele>
      </trkpt>
      <trkpt lat="46.48349" lon="13.7836">
        <ele>812.1</ele>
      </trkpt>
      <trkpt lat="46.48362" lon="13.78404">
        <ele>811.3</ele>
      </trkpt>
      <trkpt lat="46.48363" lon="13.78409">
        <ele>811.2</ele>
      </trkpt>
      <trkpt lat="46.48363" lon="13.78409">
        <ele>811.2</ele>
      </trkpt>
      <trkpt lat="46.4837" lon="13.7843">
        <ele>811.1</ele>
      </trkpt>
      <trkpt lat="46.48382" lon="13.78467">
        <ele>810.9</ele>
      </trkpt>
      <trkpt lat="46.48391" lon="13.78494">
        <ele>810.9</ele>
      </trkpt>
      <trkpt lat="46.48399" lon="13.78512">
        <ele>810.8</ele>
      </trkpt>
      <trkpt lat="46.48403" lon="13.78523">
        <ele>810.7</ele>
      </trkpt>
      <trkpt lat="46.48403" lon="13.78523">
        <ele>810.7</ele>
      </trkpt>
      <trkpt lat="46.484" lon="13.78527">
        <ele>810.4</ele>
      </trkpt>
      <trkpt lat="46.484" lon="13.78527">
        <ele>810.4</ele>
      </trkpt>
      <trkpt lat="46.48421" lon="13.78557">
        <ele>809.9</ele>
      </trkpt>
      <trkpt lat="46.48431" lon="13.78571">
        <ele>809.2</ele>
      </trkpt>
      <trkpt lat="46.48439" lon="13.78582">
        <ele>808.8</ele>
      </trkpt>
      <trkpt lat="46.4844" lon="13.78586">
        <ele>808.6</ele>
      </trkpt>
      <trkpt lat="46.48448" lon="13.78579">
        <ele>808.7</ele>
      </trkpt>
      <trkpt lat="46.48452" lon="13.78576">
        <ele>808.8</ele>
      </trkpt>
      <trkpt lat="46.48455" lon="13.78574">
        <ele>808.8</ele>
      </trkpt>
      <trkpt lat="46.48454" lon="13.78572">
        <ele>808.8</ele>
      </trkpt>
      <trkpt lat="46.48454" lon="13.78572">
        <ele>808.8</ele>
      </trkpt>
      <trkpt lat="46.4845" lon="13.78566">
        <ele>809.1</ele>
      </trkpt>
      <trkpt lat="46.4844" lon="13.78526">
        <ele>810.4</ele>
      </trkpt>
      <trkpt lat="46.48434" lon="13.78513">
        <ele>811.0</ele>
      </trkpt>
      <trkpt lat="46.48434" lon="13.78512">
        <ele>811.0</ele>
      </trkpt>
      <trkpt lat="46.48434" lon="13.78512">
        <ele>811.0</ele>
      </trkpt>
      <trkpt lat="46.484284" lon="13.784831">
        <ele>811.8</ele>
      </trkpt>
      <trkpt lat="46.484284" lon="13.784831">
        <ele>811.8</ele>
      </trkpt>
      <trkpt lat="46.484296" lon="13.784685">
        <ele>812.0</ele>
      </trkpt>
    </trkseg>
  </trk>
</gpx>
