<?xml version="1.0" encoding="utf-8"?>
<gpx version="1.1" creator="Movescount - http://www.movescount.com" xmlns:xsi="http://www.w3.org/2001/XMLSchema-instance" xsi:schemaLocation="http://www.topografix.com/GPX/1/1 http://www.topografix.com/GPX/1/1/gpx.xsd http://www.cluetrust.com/XML/GPXDATA/1/0 http://www.cluetrust.com/Schemas/gpxdata10.xsd http://www.garmin.com/xmlschemas/TrackPointExtension/v1 http://www.garmin.com/xmlschemas/TrackPointExtensionv1.xsd" xmlns:gpxdata="http://www.cluetrust.com/XML/GPXDATA/1/0" xmlns:gpxtpx="http://www.garmin.com/xmlschemas/TrackPointExtension/v1" xmlns="http://www.topografix.com/GPX/1/1">
   <rte>
      <name>Kalskih 6</name>
      <rtept lat="46.174852" lon="15.108788" />
      <rtept lat="46.174852" lon="15.108788" />
      <rtept lat="46.174847" lon="15.108791" />
      <rtept lat="46.174851" lon="15.108792" />
      <rtept lat="46.174853" lon="15.108792" />
      <rtept lat="46.174853" lon="15.108793" />
      <rtept lat="46.174857" lon="15.108814" />
      <rtept lat="46.174878" lon="15.108838" />
      <rtept lat="46.174896" lon="15.108851" />
      <rtept lat="46.174918" lon="15.108874" />
      <rtept lat="46.174939" lon="15.108898" />
      <rtept lat="46.174966" lon="15.108914" />
      <rtept lat="46.175078" lon="15.108995" />
      <rtept lat="46.175176" lon="15.109063" />
      <rtept lat="46.175204" lon="15.10909" />
      <rtept lat="46.175233" lon="15.109116" />
      <rtept lat="46.175266" lon="15.109151" />
      <rtept lat="46.17528" lon="15.109193" />
      <rtept lat="46.175296" lon="15.109231" />
      <rtept lat="46.175309" lon="15.109257" />
      <rtept lat="46.175329" lon="15.109284" />
      <rtept lat="46.175346" lon="15.109304" />
      <rtept lat="46.175364" lon="15.10932" />
      <rtept lat="46.175394" lon="15.10933" />
      <rtept lat="46.175468" lon="15.109391" />
      <rtept lat="46.175492" lon="15.109408" />
      <rtept lat="46.175519" lon="15.109429" />
      <rtept lat="46.175541" lon="15.109445" />
      <rtept lat="46.175562" lon="15.109465" />
      <rtept lat="46.175588" lon="15.109482" />
      <rtept lat="46.175612" lon="15.1095" />
      <rtept lat="46.175636" lon="15.109514" />
      <rtept lat="46.175669" lon="15.109521" />
      <rtept lat="46.175697" lon="15.109531" />
      <rtept lat="46.175722" lon="15.109542" />
      <rtept lat="46.175743" lon="15.109554" />
      <rtept lat="46.175759" lon="15.109576" />
      <rtept lat="46.175768" lon="15.109599" />
      <rtept lat="46.175781" lon="15.109623" />
      <rtept lat="46.175794" lon="15.109644" />
      <rtept lat="46.175821" lon="15.109669" />
      <rtept lat="46.17584" lon="15.109677" />
      <rtept lat="46.175861" lon="15.109685" />
      <rtept lat="46.17588" lon="15.109691" />
      <rtept lat="46.1759" lon="15.109694" />
      <rtept lat="46.175919" lon="15.109697" />
      <rtept lat="46.175939" lon="15.109701" />
      <rtept lat="46.17596" lon="15.109713" />
      <rtept lat="46.175978" lon="15.109722" />
      <rtept lat="46.175999" lon="15.109735" />
      <rtept lat="46.176023" lon="15.109753" />
      <rtept lat="46.176048" lon="15.109766" />
      <rtept lat="46.17607" lon="15.109776" />
      <rtept lat="46.176092" lon="15.109789" />
      <rtept lat="46.176114" lon="15.109802" />
      <rtept lat="46.176132" lon="15.109816" />
      <rtept lat="46.176151" lon="15.109831" />
      <rtept lat="46.176174" lon="15.109847" />
      <rtept lat="46.176198" lon="15.109862" />
      <rtept lat="46.176221" lon="15.109867" />
      <rtept lat="46.176243" lon="15.109868" />
      <rtept lat="46.176268" lon="15.109861" />
      <rtept lat="46.176292" lon="15.109855" />
      <rtept lat="46.176319" lon="15.109848" />
      <rtept lat="46.176344" lon="15.109841" />
      <rtept lat="46.176374" lon="15.109827" />
      <rtept lat="46.176405" lon="15.10981" />
      <rtept lat="46.176428" lon="15.109796" />
      <rtept lat="46.176447" lon="15.10978" />
      <rtept lat="46.176466" lon="15.109765" />
      <rtept lat="46.176486" lon="15.109752" />
      <rtept lat="46.176513" lon="15.109736" />
      <rtept lat="46.176535" lon="15.109718" />
      <rtept lat="46.176559" lon="15.109706" />
      <rtept lat="46.176579" lon="15.109698" />
      <rtept lat="46.176603" lon="15.109683" />
      <rtept lat="46.176631" lon="15.109669" />
      <rtept lat="46.176655" lon="15.109654" />
      <rtept lat="46.176682" lon="15.10964" />
      <rtept lat="46.176711" lon="15.109622" />
      <rtept lat="46.176736" lon="15.109609" />
      <rtept lat="46.176759" lon="15.109596" />
      <rtept lat="46.176783" lon="15.109587" />
      <rtept lat="46.176807" lon="15.109571" />
      <rtept lat="46.176825" lon="15.109551" />
      <rtept lat="46.176844" lon="15.109528" />
      <rtept lat="46.176868" lon="15.10951" />
      <rtept lat="46.176895" lon="15.109495" />
      <rtept lat="46.176921" lon="15.109485" />
      <rtept lat="46.176947" lon="15.109478" />
      <rtept lat="46.176973" lon="15.109474" />
      <rtept lat="46.176996" lon="15.109474" />
      <rtept lat="46.177019" lon="15.109477" />
      <rtept lat="46.177044" lon="15.10947" />
      <rtept lat="46.177072" lon="15.109465" />
      <rtept lat="46.177094" lon="15.109459" />
      <rtept lat="46.177116" lon="15.109451" />
      <rtept lat="46.177141" lon="15.109441" />
      <rtept lat="46.177166" lon="15.109435" />
      <rtept lat="46.177188" lon="15.10943" />
      <rtept lat="46.17721" lon="15.109423" />
      <rtept lat="46.177231" lon="15.109419" />
      <rtept lat="46.177251" lon="15.109417" />
      <rtept lat="46.177274" lon="15.109414" />
      <rtept lat="46.177294" lon="15.109416" />
      <rtept lat="46.177322" lon="15.109415" />
      <rtept lat="46.177344" lon="15.109412" />
      <rtept lat="46.17738" lon="15.109403" />
      <rtept lat="46.177402" lon="15.109393" />
      <rtept lat="46.17743" lon="15.109385" />
      <rtept lat="46.17746" lon="15.10938" />
      <rtept lat="46.17749" lon="15.109376" />
      <rtept lat="46.17752" lon="15.10937" />
      <rtept lat="46.177546" lon="15.109363" />
      <rtept lat="46.17757" lon="15.109351" />
      <rtept lat="46.177592" lon="15.109338" />
      <rtept lat="46.17761" lon="15.109326" />
      <rtept lat="46.17763" lon="15.109317" />
      <rtept lat="46.177651" lon="15.109301" />
      <rtept lat="46.17767" lon="15.109278" />
      <rtept lat="46.177688" lon="15.109255" />
      <rtept lat="46.177706" lon="15.109231" />
      <rtept lat="46.177728" lon="15.109214" />
      <rtept lat="46.177747" lon="15.109204" />
      <rtept lat="46.177764" lon="15.109191" />
      <rtept lat="46.177778" lon="15.10917" />
      <rtept lat="46.177794" lon="15.109154" />
      <rtept lat="46.177828" lon="15.109139" />
      <rtept lat="46.177846" lon="15.109121" />
      <rtept lat="46.177866" lon="15.109099" />
      <rtept lat="46.17788" lon="15.109077" />
      <rtept lat="46.177896" lon="15.109055" />
      <rtept lat="46.177918" lon="15.109037" />
      <rtept lat="46.177935" lon="15.109019" />
      <rtept lat="46.17795" lon="15.108992" />
      <rtept lat="46.177972" lon="15.10896" />
      <rtept lat="46.177992" lon="15.108933" />
      <rtept lat="46.178014" lon="15.108904" />
      <rtept lat="46.178033" lon="15.108876" />
      <rtept lat="46.17805" lon="15.108843" />
      <rtept lat="46.17806" lon="15.108813" />
      <rtept lat="46.178071" lon="15.108785" />
      <rtept lat="46.178084" lon="15.108753" />
      <rtept lat="46.178094" lon="15.108721" />
      <rtept lat="46.178108" lon="15.10868" />
      <rtept lat="46.178114" lon="15.108655" />
      <rtept lat="46.178124" lon="15.108628" />
      <rtept lat="46.178141" lon="15.108613" />
      <rtept lat="46.178158" lon="15.108592" />
      <rtept lat="46.17817" lon="15.108569" />
      <rtept lat="46.178178" lon="15.108546" />
      <rtept lat="46.178194" lon="15.108529" />
      <rtept lat="46.178211" lon="15.108506" />
      <rtept lat="46.178225" lon="15.108481" />
      <rtept lat="46.178239" lon="15.108456" />
      <rtept lat="46.178254" lon="15.108432" />
      <rtept lat="46.178268" lon="15.108406" />
      <rtept lat="46.17828" lon="15.108377" />
      <rtept lat="46.178295" lon="15.108347" />
      <rtept lat="46.17831" lon="15.108321" />
      <rtept lat="46.178327" lon="15.108295" />
      <rtept lat="46.178345" lon="15.108268" />
      <rtept lat="46.178359" lon="15.108237" />
      <rtept lat="46.178378" lon="15.108214" />
      <rtept lat="46.178397" lon="15.10819" />
      <rtept lat="46.178417" lon="15.108165" />
      <rtept lat="46.178437" lon="15.108145" />
      <rtept lat="46.178457" lon="15.108124" />
      <rtept lat="46.178481" lon="15.108104" />
      <rtept lat="46.178505" lon="15.108085" />
      <rtept lat="46.178527" lon="15.108067" />
      <rtept lat="46.178545" lon="15.108056" />
      <rtept lat="46.178574" lon="15.108027" />
      <rtept lat="46.178592" lon="15.108011" />
      <rtept lat="46.178611" lon="15.107992" />
      <rtept lat="46.178632" lon="15.107978" />
      <rtept lat="46.178652" lon="15.107965" />
      <rtept lat="46.178673" lon="15.107956" />
      <rtept lat="46.178704" lon="15.107927" />
      <rtept lat="46.178723" lon="15.107905" />
      <rtept lat="46.178744" lon="15.107883" />
      <rtept lat="46.178767" lon="15.107857" />
      <rtept lat="46.178792" lon="15.107835" />
      <rtept lat="46.178818" lon="15.107812" />
      <rtept lat="46.178848" lon="15.107793" />
      <rtept lat="46.178874" lon="15.107783" />
      <rtept lat="46.1789" lon="15.107772" />
      <rtept lat="46.178932" lon="15.107763" />
      <rtept lat="46.178954" lon="15.107763" />
      <rtept lat="46.178976" lon="15.107763" />
      <rtept lat="46.179" lon="15.107752" />
      <rtept lat="46.179021" lon="15.107738" />
      <rtept lat="46.179044" lon="15.107719" />
      <rtept lat="46.179072" lon="15.107698" />
      <rtept lat="46.179097" lon="15.107675" />
      <rtept lat="46.17912" lon="15.10765" />
      <rtept lat="46.179137" lon="15.107629" />
      <rtept lat="46.17915" lon="15.107606" />
      <rtept lat="46.179163" lon="15.107584" />
      <rtept lat="46.179172" lon="15.10756" />
      <rtept lat="46.179189" lon="15.107519" />
      <rtept lat="46.179217" lon="15.107488" />
      <rtept lat="46.17924" lon="15.107471" />
      <rtept lat="46.179267" lon="15.107462" />
      <rtept lat="46.179301" lon="15.10744" />
      <rtept lat="46.179323" lon="15.107416" />
      <rtept lat="46.179342" lon="15.10739" />
      <rtept lat="46.179353" lon="15.10737" />
      <rtept lat="46.179362" lon="15.107342" />
      <rtept lat="46.179371" lon="15.107288" />
      <rtept lat="46.179373" lon="15.107262" />
      <rtept lat="46.17938" lon="15.107231" />
      <rtept lat="46.179389" lon="15.107203" />
      <rtept lat="46.179396" lon="15.107178" />
      <rtept lat="46.179408" lon="15.107153" />
      <rtept lat="46.17942" lon="15.107124" />
      <rtept lat="46.179436" lon="15.107098" />
      <rtept lat="46.179454" lon="15.107074" />
      <rtept lat="46.179471" lon="15.107042" />
      <rtept lat="46.179484" lon="15.107015" />
      <rtept lat="46.179502" lon="15.10699" />
      <rtept lat="46.179522" lon="15.106969" />
      <rtept lat="46.17954" lon="15.106951" />
      <rtept lat="46.179565" lon="15.10691" />
      <rtept lat="46.179581" lon="15.106886" />
      <rtept lat="46.179595" lon="15.106863" />
      <rtept lat="46.179605" lon="15.106839" />
      <rtept lat="46.179614" lon="15.106812" />
      <rtept lat="46.179642" lon="15.106774" />
      <rtept lat="46.179658" lon="15.106749" />
      <rtept lat="46.179674" lon="15.106725" />
      <rtept lat="46.179696" lon="15.1067" />
      <rtept lat="46.179715" lon="15.106681" />
      <rtept lat="46.179733" lon="15.106668" />
      <rtept lat="46.179751" lon="15.106656" />
      <rtept lat="46.179775" lon="15.106643" />
      <rtept lat="46.1798" lon="15.106626" />
      <rtept lat="46.179825" lon="15.106608" />
      <rtept lat="46.179848" lon="15.106587" />
      <rtept lat="46.179885" lon="15.106563" />
      <rtept lat="46.179913" lon="15.10654" />
      <rtept lat="46.179939" lon="15.10652" />
      <rtept lat="46.179967" lon="15.106507" />
      <rtept lat="46.179995" lon="15.106493" />
      <rtept lat="46.180021" lon="15.106472" />
      <rtept lat="46.180046" lon="15.106455" />
      <rtept lat="46.180071" lon="15.106441" />
      <rtept lat="46.180092" lon="15.106429" />
      <rtept lat="46.180114" lon="15.106418" />
      <rtept lat="46.18014" lon="15.106407" />
      <rtept lat="46.180163" lon="15.106397" />
      <rtept lat="46.180186" lon="15.106381" />
      <rtept lat="46.180216" lon="15.106361" />
      <rtept lat="46.180241" lon="15.10635" />
      <rtept lat="46.180269" lon="15.106343" />
      <rtept lat="46.180306" lon="15.106329" />
      <rtept lat="46.180336" lon="15.106323" />
      <rtept lat="46.180363" lon="15.106326" />
      <rtept lat="46.180385" lon="15.106332" />
      <rtept lat="46.180405" lon="15.106328" />
      <rtept lat="46.180424" lon="15.106325" />
      <rtept lat="46.18045" lon="15.106322" />
      <rtept lat="46.180474" lon="15.106321" />
      <rtept lat="46.180498" lon="15.106325" />
      <rtept lat="46.180523" lon="15.106323" />
      <rtept lat="46.180548" lon="15.106328" />
      <rtept lat="46.180575" lon="15.106328" />
      <rtept lat="46.180602" lon="15.106336" />
      <rtept lat="46.180627" lon="15.106355" />
      <rtept lat="46.180649" lon="15.106378" />
      <rtept lat="46.180673" lon="15.106396" />
      <rtept lat="46.1807" lon="15.106415" />
      <rtept lat="46.180723" lon="15.106433" />
      <rtept lat="46.180747" lon="15.106458" />
      <rtept lat="46.180762" lon="15.106493" />
      <rtept lat="46.180771" lon="15.106531" />
      <rtept lat="46.180778" lon="15.106569" />
      <rtept lat="46.180783" lon="15.106605" />
      <rtept lat="46.180793" lon="15.106642" />
      <rtept lat="46.180804" lon="15.106677" />
      <rtept lat="46.18081" lon="15.106714" />
      <rtept lat="46.180815" lon="15.106753" />
      <rtept lat="46.18082" lon="15.106791" />
      <rtept lat="46.180826" lon="15.10683" />
      <rtept lat="46.180832" lon="15.106865" />
      <rtept lat="46.180839" lon="15.106903" />
      <rtept lat="46.180847" lon="15.106943" />
      <rtept lat="46.180854" lon="15.106981" />
      <rtept lat="46.180862" lon="15.107015" />
      <rtept lat="46.18087" lon="15.107054" />
      <rtept lat="46.180878" lon="15.107091" />
      <rtept lat="46.180888" lon="15.107127" />
      <rtept lat="46.180898" lon="15.107166" />
      <rtept lat="46.180909" lon="15.107204" />
      <rtept lat="46.180924" lon="15.107239" />
      <rtept lat="46.180938" lon="15.107275" />
      <rtept lat="46.180955" lon="15.107308" />
      <rtept lat="46.18097" lon="15.107341" />
      <rtept lat="46.180985" lon="15.107376" />
      <rtept lat="46.180998" lon="15.10741" />
      <rtept lat="46.181011" lon="15.107445" />
      <rtept lat="46.181026" lon="15.107481" />
      <rtept lat="46.181042" lon="15.107518" />
      <rtept lat="46.181055" lon="15.107552" />
      <rtept lat="46.181067" lon="15.107585" />
      <rtept lat="46.181079" lon="15.107619" />
      <rtept lat="46.181091" lon="15.107654" />
      <rtept lat="46.181105" lon="15.10769" />
      <rtept lat="46.181117" lon="15.107724" />
      <rtept lat="46.18113" lon="15.107756" />
      <rtept lat="46.181143" lon="15.107787" />
      <rtept lat="46.181152" lon="15.107824" />
      <rtept lat="46.18115" lon="15.107857" />
      <rtept lat="46.181139" lon="15.107885" />
      <rtept lat="46.181123" lon="15.107921" />
      <rtept lat="46.181105" lon="15.107957" />
      <rtept lat="46.181087" lon="15.107991" />
      <rtept lat="46.181068" lon="15.108024" />
      <rtept lat="46.181045" lon="15.108047" />
      <rtept lat="46.181018" lon="15.108058" />
      <rtept lat="46.180991" lon="15.108067" />
      <rtept lat="46.180961" lon="15.10808" />
      <rtept lat="46.180935" lon="15.108099" />
      <rtept lat="46.180911" lon="15.10812" />
      <rtept lat="46.180884" lon="15.108137" />
      <rtept lat="46.180859" lon="15.108154" />
      <rtept lat="46.180834" lon="15.108173" />
      <rtept lat="46.180811" lon="15.108194" />
      <rtept lat="46.180788" lon="15.108215" />
      <rtept lat="46.180765" lon="15.108238" />
      <rtept lat="46.180742" lon="15.108263" />
      <rtept lat="46.18072" lon="15.108286" />
      <rtept lat="46.1807" lon="15.108309" />
      <rtept lat="46.18068" lon="15.108336" />
      <rtept lat="46.180665" lon="15.108365" />
      <rtept lat="46.180655" lon="15.108395" />
      <rtept lat="46.180642" lon="15.108427" />
      <rtept lat="46.180628" lon="15.108458" />
      <rtept lat="46.180613" lon="15.108489" />
      <rtept lat="46.180599" lon="15.108524" />
      <rtept lat="46.180583" lon="15.10856" />
      <rtept lat="46.180569" lon="15.108594" />
      <rtept lat="46.180557" lon="15.10863" />
      <rtept lat="46.180544" lon="15.108665" />
      <rtept lat="46.180534" lon="15.108698" />
      <rtept lat="46.180525" lon="15.108731" />
      <rtept lat="46.180516" lon="15.108766" />
      <rtept lat="46.180515" lon="15.108801" />
      <rtept lat="46.180514" lon="15.108831" />
      <rtept lat="46.180513" lon="15.108866" />
      <rtept lat="46.180512" lon="15.108903" />
      <rtept lat="46.180512" lon="15.10894" />
      <rtept lat="46.180512" lon="15.108979" />
      <rtept lat="46.180516" lon="15.109016" />
      <rtept lat="46.18052" lon="15.109058" />
      <rtept lat="46.180522" lon="15.109097" />
      <rtept lat="46.180532" lon="15.109133" />
      <rtept lat="46.180542" lon="15.109161" />
      <rtept lat="46.180552" lon="15.109188" />
      <rtept lat="46.180557" lon="15.109237" />
      <rtept lat="46.18056" lon="15.109271" />
      <rtept lat="46.180561" lon="15.109307" />
      <rtept lat="46.180557" lon="15.109344" />
      <rtept lat="46.180551" lon="15.109373" />
      <rtept lat="46.180549" lon="15.109402" />
      <rtept lat="46.180549" lon="15.10944" />
      <rtept lat="46.18054" lon="15.10948" />
      <rtept lat="46.180529" lon="15.109515" />
      <rtept lat="46.180515" lon="15.10955" />
      <rtept lat="46.180504" lon="15.109593" />
      <rtept lat="46.180499" lon="15.109638" />
      <rtept lat="46.180493" lon="15.109679" />
      <rtept lat="46.180486" lon="15.109721" />
      <rtept lat="46.180482" lon="15.109763" />
      <rtept lat="46.18048" lon="15.109804" />
      <rtept lat="46.18048" lon="15.109845" />
      <rtept lat="46.180485" lon="15.109885" />
      <rtept lat="46.180495" lon="15.109922" />
      <rtept lat="46.18051" lon="15.109955" />
      <rtept lat="46.18053" lon="15.10998" />
      <rtept lat="46.180556" lon="15.109995" />
      <rtept lat="46.180575" lon="15.110018" />
      <rtept lat="46.180582" lon="15.110053" />
      <rtept lat="46.180581" lon="15.11009" />
      <rtept lat="46.180575" lon="15.110124" />
      <rtept lat="46.180572" lon="15.110159" />
      <rtept lat="46.180574" lon="15.110194" />
      <rtept lat="46.180578" lon="15.11023" />
      <rtept lat="46.180584" lon="15.110264" />
      <rtept lat="46.180591" lon="15.110301" />
      <rtept lat="46.1806" lon="15.110337" />
      <rtept lat="46.180609" lon="15.110373" />
      <rtept lat="46.180621" lon="15.110409" />
      <rtept lat="46.18063" lon="15.110448" />
      <rtept lat="46.180639" lon="15.110486" />
      <rtept lat="46.180643" lon="15.110525" />
      <rtept lat="46.180646" lon="15.110563" />
      <rtept lat="46.180647" lon="15.110603" />
      <rtept lat="46.180645" lon="15.11064" />
      <rtept lat="46.180641" lon="15.110678" />
      <rtept lat="46.180634" lon="15.11072" />
      <rtept lat="46.180625" lon="15.110763" />
      <rtept lat="46.180616" lon="15.110806" />
      <rtept lat="46.18061" lon="15.11085" />
      <rtept lat="46.180603" lon="15.110892" />
      <rtept lat="46.180591" lon="15.110929" />
      <rtept lat="46.180572" lon="15.110961" />
      <rtept lat="46.180556" lon="15.110992" />
      <rtept lat="46.180541" lon="15.111027" />
      <rtept lat="46.180528" lon="15.111062" />
      <rtept lat="46.180513" lon="15.111095" />
      <rtept lat="46.180499" lon="15.111127" />
      <rtept lat="46.180487" lon="15.111159" />
      <rtept lat="46.180473" lon="15.111189" />
      <rtept lat="46.180456" lon="15.111224" />
      <rtept lat="46.180439" lon="15.111258" />
      <rtept lat="46.180424" lon="15.111288" />
      <rtept lat="46.180408" lon="15.111317" />
      <rtept lat="46.18039" lon="15.111344" />
      <rtept lat="46.180369" lon="15.111374" />
      <rtept lat="46.180346" lon="15.1114" />
      <rtept lat="46.180322" lon="15.111427" />
      <rtept lat="46.180299" lon="15.111453" />
      <rtept lat="46.180279" lon="15.11148" />
      <rtept lat="46.180258" lon="15.111506" />
      <rtept lat="46.180241" lon="15.111531" />
      <rtept lat="46.180226" lon="15.111557" />
      <rtept lat="46.180208" lon="15.111586" />
      <rtept lat="46.18019" lon="15.111617" />
      <rtept lat="46.180171" lon="15.111645" />
      <rtept lat="46.180151" lon="15.111674" />
      <rtept lat="46.180129" lon="15.111696" />
      <rtept lat="46.18011" lon="15.111717" />
      <rtept lat="46.180089" lon="15.111744" />
      <rtept lat="46.180064" lon="15.111766" />
      <rtept lat="46.180039" lon="15.111783" />
      <rtept lat="46.180012" lon="15.111801" />
      <rtept lat="46.179986" lon="15.111823" />
      <rtept lat="46.179961" lon="15.111851" />
      <rtept lat="46.179933" lon="15.111876" />
      <rtept lat="46.179908" lon="15.111902" />
      <rtept lat="46.179883" lon="15.111925" />
      <rtept lat="46.179861" lon="15.111948" />
      <rtept lat="46.179843" lon="15.111979" />
      <rtept lat="46.179818" lon="15.112007" />
      <rtept lat="46.179793" lon="15.112025" />
      <rtept lat="46.179766" lon="15.112035" />
      <rtept lat="46.179743" lon="15.112052" />
      <rtept lat="46.179722" lon="15.112075" />
      <rtept lat="46.1797" lon="15.112097" />
      <rtept lat="46.179678" lon="15.112119" />
      <rtept lat="46.179657" lon="15.11214" />
      <rtept lat="46.179634" lon="15.112159" />
      <rtept lat="46.179615" lon="15.11218" />
      <rtept lat="46.179594" lon="15.112197" />
      <rtept lat="46.179571" lon="15.112212" />
      <rtept lat="46.179552" lon="15.112227" />
      <rtept lat="46.179532" lon="15.112245" />
      <rtept lat="46.179511" lon="15.112268" />
      <rtept lat="46.17949" lon="15.112295" />
      <rtept lat="46.179467" lon="15.112317" />
      <rtept lat="46.179443" lon="15.112336" />
      <rtept lat="46.179423" lon="15.112356" />
      <rtept lat="46.179402" lon="15.112372" />
      <rtept lat="46.179379" lon="15.112392" />
      <rtept lat="46.17936" lon="15.112421" />
      <rtept lat="46.179332" lon="15.112452" />
      <rtept lat="46.179306" lon="15.112481" />
      <rtept lat="46.179278" lon="15.112507" />
      <rtept lat="46.179251" lon="15.112536" />
      <rtept lat="46.179225" lon="15.112558" />
      <rtept lat="46.179204" lon="15.112576" />
      <rtept lat="46.179187" lon="15.112598" />
      <rtept lat="46.179163" lon="15.112622" />
      <rtept lat="46.17914" lon="15.112644" />
      <rtept lat="46.179115" lon="15.112664" />
      <rtept lat="46.179091" lon="15.112688" />
      <rtept lat="46.179061" lon="15.112708" />
      <rtept lat="46.179032" lon="15.112725" />
      <rtept lat="46.179" lon="15.11274" />
      <rtept lat="46.178969" lon="15.112745" />
      <rtept lat="46.17894" lon="15.112743" />
      <rtept lat="46.178907" lon="15.112741" />
      <rtept lat="46.178874" lon="15.112742" />
      <rtept lat="46.178844" lon="15.112741" />
      <rtept lat="46.17882" lon="15.112744" />
      <rtept lat="46.178797" lon="15.112747" />
      <rtept lat="46.178775" lon="15.112742" />
      <rtept lat="46.178751" lon="15.112738" />
      <rtept lat="46.178726" lon="15.112733" />
      <rtept lat="46.178698" lon="15.112734" />
      <rtept lat="46.178669" lon="15.112735" />
      <rtept lat="46.178639" lon="15.112733" />
      <rtept lat="46.178611" lon="15.112728" />
      <rtept lat="46.178583" lon="15.112725" />
      <rtept lat="46.178554" lon="15.112719" />
      <rtept lat="46.178526" lon="15.112716" />
      <rtept lat="46.178497" lon="15.112713" />
      <rtept lat="46.17847" lon="15.112712" />
      <rtept lat="46.178441" lon="15.112709" />
      <rtept lat="46.178412" lon="15.112705" />
      <rtept lat="46.178386" lon="15.112701" />
      <rtept lat="46.178359" lon="15.112697" />
      <rtept lat="46.178335" lon="15.112694" />
      <rtept lat="46.178311" lon="15.112692" />
      <rtept lat="46.178287" lon="15.112691" />
      <rtept lat="46.178265" lon="15.112687" />
      <rtept lat="46.178242" lon="15.112687" />
      <rtept lat="46.178219" lon="15.112688" />
      <rtept lat="46.178194" lon="15.112694" />
      <rtept lat="46.178172" lon="15.112701" />
      <rtept lat="46.178148" lon="15.112708" />
      <rtept lat="46.178126" lon="15.112713" />
      <rtept lat="46.178106" lon="15.112721" />
      <rtept lat="46.178086" lon="15.112728" />
      <rtept lat="46.178063" lon="15.112741" />
      <rtept lat="46.178044" lon="15.112757" />
      <rtept lat="46.178024" lon="15.112768" />
      <rtept lat="46.178007" lon="15.112775" />
      <rtept lat="46.177988" lon="15.112785" />
      <rtept lat="46.177969" lon="15.112797" />
      <rtept lat="46.177949" lon="15.112809" />
      <rtept lat="46.177929" lon="15.112822" />
      <rtept lat="46.177909" lon="15.112834" />
      <rtept lat="46.177889" lon="15.112844" />
      <rtept lat="46.177871" lon="15.112854" />
      <rtept lat="46.177848" lon="15.112866" />
      <rtept lat="46.177829" lon="15.112878" />
      <rtept lat="46.177809" lon="15.112895" />
      <rtept lat="46.17779" lon="15.112906" />
      <rtept lat="46.177773" lon="15.112916" />
      <rtept lat="46.177755" lon="15.112929" />
      <rtept lat="46.177738" lon="15.11294" />
      <rtept lat="46.177719" lon="15.112952" />
      <rtept lat="46.1777" lon="15.112958" />
      <rtept lat="46.17768" lon="15.112959" />
      <rtept lat="46.177659" lon="15.11296" />
      <rtept lat="46.177636" lon="15.112962" />
      <rtept lat="46.177614" lon="15.112963" />
      <rtept lat="46.177589" lon="15.112966" />
      <rtept lat="46.177567" lon="15.11297" />
      <rtept lat="46.177545" lon="15.11297" />
      <rtept lat="46.177523" lon="15.112969" />
      <rtept lat="46.1775" lon="15.112975" />
      <rtept lat="46.177478" lon="15.112978" />
      <rtept lat="46.177454" lon="15.112981" />
      <rtept lat="46.17743" lon="15.112985" />
      <rtept lat="46.177405" lon="15.11299" />
      <rtept lat="46.177379" lon="15.112993" />
      <rtept lat="46.177355" lon="15.113" />
      <rtept lat="46.177334" lon="15.113004" />
      <rtept lat="46.177313" lon="15.113003" />
      <rtept lat="46.177291" lon="15.113003" />
      <rtept lat="46.177269" lon="15.113003" />
      <rtept lat="46.17725" lon="15.113008" />
      <rtept lat="46.17723" lon="15.113011" />
      <rtept lat="46.177208" lon="15.113015" />
      <rtept lat="46.177188" lon="15.113018" />
      <rtept lat="46.17717" lon="15.113033" />
      <rtept lat="46.177149" lon="15.11305" />
      <rtept lat="46.177125" lon="15.113071" />
      <rtept lat="46.177098" lon="15.113095" />
      <rtept lat="46.177074" lon="15.113116" />
      <rtept lat="46.177049" lon="15.11314" />
      <rtept lat="46.177025" lon="15.113164" />
      <rtept lat="46.177006" lon="15.113186" />
      <rtept lat="46.176989" lon="15.113206" />
      <rtept lat="46.176968" lon="15.113229" />
      <rtept lat="46.176948" lon="15.113243" />
      <rtept lat="46.176925" lon="15.113256" />
      <rtept lat="46.176905" lon="15.113266" />
      <rtept lat="46.176884" lon="15.113274" />
      <rtept lat="46.17686" lon="15.113288" />
      <rtept lat="46.176838" lon="15.113295" />
      <rtept lat="46.176815" lon="15.113305" />
      <rtept lat="46.176794" lon="15.113314" />
      <rtept lat="46.176771" lon="15.113328" />
      <rtept lat="46.176748" lon="15.113336" />
      <rtept lat="46.176722" lon="15.113347" />
      <rtept lat="46.176695" lon="15.113369" />
      <rtept lat="46.176667" lon="15.113392" />
      <rtept lat="46.176638" lon="15.113412" />
      <rtept lat="46.176612" lon="15.113429" />
      <rtept lat="46.176586" lon="15.113448" />
      <rtept lat="46.176561" lon="15.113467" />
      <rtept lat="46.176538" lon="15.113481" />
      <rtept lat="46.176512" lon="15.113493" />
      <rtept lat="46.176485" lon="15.113508" />
      <rtept lat="46.176459" lon="15.113518" />
      <rtept lat="46.176434" lon="15.113528" />
      <rtept lat="46.176407" lon="15.113541" />
      <rtept lat="46.176379" lon="15.113557" />
      <rtept lat="46.17635" lon="15.113576" />
      <rtept lat="46.176325" lon="15.113588" />
      <rtept lat="46.176299" lon="15.113601" />
      <rtept lat="46.176272" lon="15.113612" />
      <rtept lat="46.176242" lon="15.113625" />
      <rtept lat="46.176212" lon="15.113635" />
      <rtept lat="46.176183" lon="15.113635" />
      <rtept lat="46.176155" lon="15.113639" />
      <rtept lat="46.176127" lon="15.113639" />
      <rtept lat="46.176103" lon="15.113637" />
      <rtept lat="46.176078" lon="15.113634" />
      <rtept lat="46.176052" lon="15.113628" />
      <rtept lat="46.176026" lon="15.113619" />
      <rtept lat="46.175998" lon="15.113609" />
      <rtept lat="46.175971" lon="15.113603" />
      <rtept lat="46.175944" lon="15.1136" />
      <rtept lat="46.175917" lon="15.113596" />
      <rtept lat="46.175891" lon="15.11359" />
      <rtept lat="46.175866" lon="15.113582" />
      <rtept lat="46.17584" lon="15.113569" />
      <rtept lat="46.175819" lon="15.113553" />
      <rtept lat="46.175797" lon="15.113537" />
      <rtept lat="46.175773" lon="15.113513" />
      <rtept lat="46.17575" lon="15.11349" />
      <rtept lat="46.175731" lon="15.113468" />
      <rtept lat="46.175712" lon="15.113443" />
      <rtept lat="46.175694" lon="15.11342" />
      <rtept lat="46.175678" lon="15.1134" />
      <rtept lat="46.175661" lon="15.113378" />
      <rtept lat="46.175643" lon="15.113356" />
      <rtept lat="46.175624" lon="15.113335" />
      <rtept lat="46.175604" lon="15.113313" />
      <rtept lat="46.175583" lon="15.11329" />
      <rtept lat="46.175564" lon="15.113269" />
      <rtept lat="46.175543" lon="15.113249" />
      <rtept lat="46.175525" lon="15.11323" />
      <rtept lat="46.175509" lon="15.113214" />
      <rtept lat="46.175493" lon="15.113197" />
      <rtept lat="46.175475" lon="15.11318" />
      <rtept lat="46.175459" lon="15.113162" />
      <rtept lat="46.175438" lon="15.113144" />
      <rtept lat="46.175419" lon="15.113122" />
      <rtept lat="46.175401" lon="15.113106" />
      <rtept lat="46.175382" lon="15.113091" />
      <rtept lat="46.175361" lon="15.113077" />
      <rtept lat="46.175343" lon="15.113062" />
      <rtept lat="46.175324" lon="15.113048" />
      <rtept lat="46.175302" lon="15.113031" />
      <rtept lat="46.175282" lon="15.113015" />
      <rtept lat="46.175263" lon="15.112998" />
      <rtept lat="46.175244" lon="15.112979" />
      <rtept lat="46.175224" lon="15.112959" />
      <rtept lat="46.175204" lon="15.11294" />
      <rtept lat="46.175184" lon="15.112917" />
      <rtept lat="46.175165" lon="15.112899" />
      <rtept lat="46.175148" lon="15.112878" />
      <rtept lat="46.17513" lon="15.112857" />
      <rtept lat="46.175116" lon="15.112838" />
      <rtept lat="46.175103" lon="15.112819" />
      <rtept lat="46.175092" lon="15.112798" />
      <rtept lat="46.175077" lon="15.112777" />
      <rtept lat="46.175063" lon="15.112757" />
      <rtept lat="46.175049" lon="15.112738" />
      <rtept lat="46.175033" lon="15.112721" />
      <rtept lat="46.175018" lon="15.112707" />
      <rtept lat="46.175002" lon="15.112692" />
      <rtept lat="46.174972" lon="15.112679" />
      <rtept lat="46.174944" lon="15.112675" />
      <rtept lat="46.174912" lon="15.112685" />
      <rtept lat="46.174892" lon="15.112698" />
      <rtept lat="46.174872" lon="15.112725" />
      <rtept lat="46.174865" lon="15.112753" />
      <rtept lat="46.174855" lon="15.112781" />
      <rtept lat="46.174836" lon="15.112803" />
      <rtept lat="46.17482" lon="15.112831" />
      <rtept lat="46.174804" lon="15.112861" />
      <rtept lat="46.174786" lon="15.112889" />
      <rtept lat="46.174772" lon="15.112915" />
      <rtept lat="46.174759" lon="15.112944" />
      <rtept lat="46.174743" lon="15.112975" />
      <rtept lat="46.17473" lon="15.113" />
      <rtept lat="46.174713" lon="15.113032" />
      <rtept lat="46.174697" lon="15.113063" />
      <rtept lat="46.174675" lon="15.113097" />
      <rtept lat="46.17466" lon="15.113123" />
      <rtept lat="46.174643" lon="15.113137" />
      <rtept lat="46.174629" lon="15.113157" />
      <rtept lat="46.174615" lon="15.113176" />
      <rtept lat="46.17459" lon="15.113212" />
      <rtept lat="46.174571" lon="15.113241" />
      <rtept lat="46.174553" lon="15.113269" />
      <rtept lat="46.174535" lon="15.113295" />
      <rtept lat="46.17451" lon="15.113328" />
      <rtept lat="46.174492" lon="15.113356" />
      <rtept lat="46.174474" lon="15.113376" />
      <rtept lat="46.174446" lon="15.113393" />
      <rtept lat="46.174415" lon="15.1134" />
      <rtept lat="46.174385" lon="15.113406" />
      <rtept lat="46.174357" lon="15.113405" />
      <rtept lat="46.174327" lon="15.113406" />
      <rtept lat="46.174298" lon="15.113393" />
      <rtept lat="46.174268" lon="15.113383" />
      <rtept lat="46.17424" lon="15.113368" />
      <rtept lat="46.174215" lon="15.113358" />
      <rtept lat="46.174186" lon="15.11335" />
      <rtept lat="46.174162" lon="15.11333" />
      <rtept lat="46.174135" lon="15.11332" />
      <rtept lat="46.174109" lon="15.113311" />
      <rtept lat="46.17408" lon="15.1133" />
      <rtept lat="46.17405" lon="15.113289" />
      <rtept lat="46.174018" lon="15.113274" />
      <rtept lat="46.174" lon="15.113263" />
      <rtept lat="46.173979" lon="15.113255" />
      <rtept lat="46.173957" lon="15.113246" />
      <rtept lat="46.173932" lon="15.113239" />
      <rtept lat="46.173907" lon="15.11323" />
      <rtept lat="46.173883" lon="15.113219" />
      <rtept lat="46.173859" lon="15.113211" />
      <rtept lat="46.173837" lon="15.113198" />
      <rtept lat="46.173814" lon="15.113187" />
      <rtept lat="46.173789" lon="15.113178" />
      <rtept lat="46.173761" lon="15.113172" />
      <rtept lat="46.173737" lon="15.113166" />
      <rtept lat="46.173715" lon="15.113159" />
      <rtept lat="46.173694" lon="15.11315" />
      <rtept lat="46.173678" lon="15.11314" />
      <rtept lat="46.173646" lon="15.11313" />
      <rtept lat="46.173627" lon="15.113121" />
      <rtept lat="46.173605" lon="15.113116" />
      <rtept lat="46.173583" lon="15.11311" />
      <rtept lat="46.17356" lon="15.113103" />
      <rtept lat="46.173537" lon="15.113093" />
      <rtept lat="46.173513" lon="15.113082" />
      <rtept lat="46.17349" lon="15.113075" />
      <rtept lat="46.173468" lon="15.113072" />
      <rtept lat="46.173445" lon="15.113071" />
      <rtept lat="46.173423" lon="15.113068" />
      <rtept lat="46.173402" lon="15.113064" />
      <rtept lat="46.17338" lon="15.11306" />
      <rtept lat="46.173358" lon="15.113051" />
      <rtept lat="46.17334" lon="15.113042" />
      <rtept lat="46.173307" lon="15.113027" />
      <rtept lat="46.17329" lon="15.113018" />
      <rtept lat="46.173271" lon="15.11301" />
      <rtept lat="46.173252" lon="15.113004" />
      <rtept lat="46.173232" lon="15.112997" />
      <rtept lat="46.173215" lon="15.112986" />
      <rtept lat="46.173198" lon="15.112975" />
      <rtept lat="46.173181" lon="15.112961" />
      <rtept lat="46.173157" lon="15.112948" />
      <rtept lat="46.173132" lon="15.112934" />
      <rtept lat="46.173106" lon="15.112924" />
      <rtept lat="46.173081" lon="15.112919" />
      <rtept lat="46.173057" lon="15.112916" />
      <rtept lat="46.173034" lon="15.11291" />
      <rtept lat="46.173012" lon="15.112904" />
      <rtept lat="46.172986" lon="15.112897" />
      <rtept lat="46.172959" lon="15.11289" />
      <rtept lat="46.172933" lon="15.11288" />
      <rtept lat="46.172906" lon="15.112872" />
      <rtept lat="46.172879" lon="15.112864" />
      <rtept lat="46.172849" lon="15.112858" />
      <rtept lat="46.172821" lon="15.11285" />
      <rtept lat="46.172792" lon="15.11284" />
      <rtept lat="46.172767" lon="15.112833" />
      <rtept lat="46.172738" lon="15.112827" />
      <rtept lat="46.17271" lon="15.112823" />
      <rtept lat="46.172686" lon="15.112816" />
      <rtept lat="46.172661" lon="15.112809" />
      <rtept lat="46.172632" lon="15.112799" />
      <rtept lat="46.172605" lon="15.112787" />
      <rtept lat="46.172579" lon="15.112776" />
      <rtept lat="46.172554" lon="15.112759" />
      <rtept lat="46.172527" lon="15.112742" />
      <rtept lat="46.172501" lon="15.112728" />
      <rtept lat="46.172474" lon="15.112715" />
      <rtept lat="46.17245" lon="15.112698" />
      <rtept lat="46.172428" lon="15.112679" />
      <rtept lat="46.172403" lon="15.112661" />
      <rtept lat="46.17238" lon="15.112641" />
      <rtept lat="46.172358" lon="15.112619" />
      <rtept lat="46.172336" lon="15.112597" />
      <rtept lat="46.172311" lon="15.112576" />
      <rtept lat="46.172286" lon="15.112557" />
      <rtept lat="46.172263" lon="15.112539" />
      <rtept lat="46.172239" lon="15.112519" />
      <rtept lat="46.172215" lon="15.112503" />
      <rtept lat="46.172193" lon="15.112493" />
      <rtept lat="46.172169" lon="15.112489" />
      <rtept lat="46.172145" lon="15.11249" />
      <rtept lat="46.172122" lon="15.112501" />
      <rtept lat="46.172103" lon="15.11252" />
      <rtept lat="46.172085" lon="15.112547" />
      <rtept lat="46.172071" lon="15.112579" />
      <rtept lat="46.172065" lon="15.112612" />
      <rtept lat="46.172064" lon="15.112645" />
      <rtept lat="46.172064" lon="15.11268" />
      <rtept lat="46.172068" lon="15.112713" />
      <rtept lat="46.17207" lon="15.112748" />
      <rtept lat="46.172071" lon="15.112785" />
      <rtept lat="46.172068" lon="15.112822" />
      <rtept lat="46.172054" lon="15.112855" />
      <rtept lat="46.17204" lon="15.112876" />
      <rtept lat="46.172022" lon="15.112879" />
      <rtept lat="46.172012" lon="15.112854" />
      <rtept lat="46.171987" lon="15.112835" />
      <rtept lat="46.171968" lon="15.112823" />
      <rtept lat="46.171953" lon="15.112805" />
      <rtept lat="46.171941" lon="15.112759" />
      <rtept lat="46.17194" lon="15.112732" />
      <rtept lat="46.17194" lon="15.112702" />
      <rtept lat="46.171939" lon="15.112674" />
      <rtept lat="46.171938" lon="15.112646" />
      <rtept lat="46.171936" lon="15.112617" />
      <rtept lat="46.171935" lon="15.112587" />
      <rtept lat="46.171934" lon="15.112559" />
      <rtept lat="46.17193" lon="15.112531" />
      <rtept lat="46.171926" lon="15.112504" />
      <rtept lat="46.171917" lon="15.112476" />
      <rtept lat="46.17191" lon="15.112452" />
      <rtept lat="46.171895" lon="15.112404" />
      <rtept lat="46.171893" lon="15.112376" />
      <rtept lat="46.171885" lon="15.112349" />
      <rtept lat="46.171875" lon="15.112321" />
      <rtept lat="46.171865" lon="15.112291" />
      <rtept lat="46.171851" lon="15.112268" />
      <rtept lat="46.171841" lon="15.11224" />
      <rtept lat="46.171831" lon="15.112211" />
      <rtept lat="46.17182" lon="15.112181" />
      <rtept lat="46.17181" lon="15.112149" />
      <rtept lat="46.171801" lon="15.112117" />
      <rtept lat="46.171792" lon="15.11208" />
      <rtept lat="46.171786" lon="15.112043" />
      <rtept lat="46.17178" lon="15.112013" />
      <rtept lat="46.171775" lon="15.11198" />
      <rtept lat="46.171771" lon="15.111941" />
      <rtept lat="46.171767" lon="15.111906" />
      <rtept lat="46.171759" lon="15.111872" />
      <rtept lat="46.171751" lon="15.111839" />
      <rtept lat="46.171743" lon="15.111807" />
      <rtept lat="46.171733" lon="15.111772" />
      <rtept lat="46.171725" lon="15.111737" />
      <rtept lat="46.171716" lon="15.111706" />
      <rtept lat="46.171706" lon="15.111675" />
      <rtept lat="46.171696" lon="15.111642" />
      <rtept lat="46.171688" lon="15.11161" />
      <rtept lat="46.17168" lon="15.111578" />
      <rtept lat="46.171672" lon="15.111549" />
      <rtept lat="46.171663" lon="15.111517" />
      <rtept lat="46.171653" lon="15.111487" />
      <rtept lat="46.171643" lon="15.111457" />
      <rtept lat="46.171632" lon="15.111426" />
      <rtept lat="46.171623" lon="15.111394" />
      <rtept lat="46.171615" lon="15.111362" />
      <rtept lat="46.171606" lon="15.111331" />
      <rtept lat="46.171599" lon="15.111296" />
      <rtept lat="46.171589" lon="15.111264" />
      <rtept lat="46.17158" lon="15.111233" />
      <rtept lat="46.17157" lon="15.1112" />
      <rtept lat="46.171561" lon="15.111168" />
      <rtept lat="46.171551" lon="15.11114" />
      <rtept lat="46.171541" lon="15.111109" />
      <rtept lat="46.171533" lon="15.111077" />
      <rtept lat="46.171525" lon="15.111046" />
      <rtept lat="46.171511" lon="15.111021" />
      <rtept lat="46.171496" lon="15.110995" />
      <rtept lat="46.171484" lon="15.110967" />
      <rtept lat="46.171472" lon="15.110939" />
      <rtept lat="46.171463" lon="15.110907" />
      <rtept lat="46.171456" lon="15.110876" />
      <rtept lat="46.17145" lon="15.110847" />
      <rtept lat="46.171445" lon="15.110813" />
      <rtept lat="46.17144" lon="15.110776" />
      <rtept lat="46.171435" lon="15.110747" />
      <rtept lat="46.171427" lon="15.110715" />
      <rtept lat="46.171421" lon="15.110682" />
      <rtept lat="46.171413" lon="15.110654" />
      <rtept lat="46.171402" lon="15.110625" />
      <rtept lat="46.171393" lon="15.110595" />
      <rtept lat="46.171383" lon="15.110565" />
      <rtept lat="46.171372" lon="15.110535" />
      <rtept lat="46.171362" lon="15.110504" />
      <rtept lat="46.171353" lon="15.110471" />
      <rtept lat="46.171344" lon="15.11044" />
      <rtept lat="46.171334" lon="15.11041" />
      <rtept lat="46.171325" lon="15.110377" />
      <rtept lat="46.171315" lon="15.110347" />
      <rtept lat="46.171308" lon="15.110318" />
      <rtept lat="46.1713" lon="15.110291" />
      <rtept lat="46.171292" lon="15.110263" />
      <rtept lat="46.171285" lon="15.110238" />
      <rtept lat="46.171279" lon="15.110209" />
      <rtept lat="46.171271" lon="15.110177" />
      <rtept lat="46.171262" lon="15.110146" />
      <rtept lat="46.171252" lon="15.110114" />
      <rtept lat="46.171239" lon="15.110082" />
      <rtept lat="46.171227" lon="15.110054" />
      <rtept lat="46.171213" lon="15.110029" />
      <rtept lat="46.171199" lon="15.11" />
      <rtept lat="46.171186" lon="15.109973" />
      <rtept lat="46.171169" lon="15.109947" />
      <rtept lat="46.171151" lon="15.109924" />
      <rtept lat="46.171132" lon="15.109904" />
      <rtept lat="46.171113" lon="15.109885" />
      <rtept lat="46.17109" lon="15.109868" />
      <rtept lat="46.171068" lon="15.109857" />
      <rtept lat="46.171048" lon="15.109848" />
      <rtept lat="46.171026" lon="15.109845" />
      <rtept lat="46.171004" lon="15.109839" />
      <rtept lat="46.170981" lon="15.109835" />
      <rtept lat="46.170957" lon="15.10983" />
      <rtept lat="46.170932" lon="15.10983" />
      <rtept lat="46.170904" lon="15.10983" />
      <rtept lat="46.170879" lon="15.109832" />
      <rtept lat="46.170854" lon="15.109835" />
      <rtept lat="46.170831" lon="15.109836" />
      <rtept lat="46.170808" lon="15.109841" />
      <rtept lat="46.170786" lon="15.109843" />
      <rtept lat="46.170763" lon="15.109844" />
      <rtept lat="46.170741" lon="15.109847" />
      <rtept lat="46.170719" lon="15.10985" />
      <rtept lat="46.170697" lon="15.109854" />
      <rtept lat="46.170675" lon="15.109861" />
      <rtept lat="46.170641" lon="15.109882" />
      <rtept lat="46.17062" lon="15.109896" />
      <rtept lat="46.170599" lon="15.109909" />
      <rtept lat="46.170576" lon="15.109922" />
      <rtept lat="46.170553" lon="15.109935" />
      <rtept lat="46.170529" lon="15.109948" />
      <rtept lat="46.170504" lon="15.109964" />
      <rtept lat="46.170482" lon="15.109979" />
      <rtept lat="46.170464" lon="15.109991" />
      <rtept lat="46.170444" lon="15.110006" />
      <rtept lat="46.170425" lon="15.110017" />
      <rtept lat="46.170394" lon="15.110037" />
      <rtept lat="46.170375" lon="15.110048" />
      <rtept lat="46.170357" lon="15.110065" />
      <rtept lat="46.17034" lon="15.110082" />
      <rtept lat="46.170323" lon="15.1101" />
      <rtept lat="46.170307" lon="15.110123" />
      <rtept lat="46.170294" lon="15.110143" />
      <rtept lat="46.170269" lon="15.110177" />
      <rtept lat="46.170235" lon="15.110213" />
      <rtept lat="46.170215" lon="15.11023" />
      <rtept lat="46.170193" lon="15.110245" />
      <rtept lat="46.170173" lon="15.110258" />
      <rtept lat="46.170154" lon="15.110274" />
      <rtept lat="46.17013" lon="15.110296" />
      <rtept lat="46.170111" lon="15.110313" />
      <rtept lat="46.170094" lon="15.110329" />
      <rtept lat="46.170074" lon="15.110348" />
      <rtept lat="46.170057" lon="15.11037" />
      <rtept lat="46.170041" lon="15.110397" />
      <rtept lat="46.170029" lon="15.110418" />
      <rtept lat="46.170014" lon="15.11044" />
      <rtept lat="46.169998" lon="15.110464" />
      <rtept lat="46.169988" lon="15.110489" />
      <rtept lat="46.169968" lon="15.110534" />
      <rtept lat="46.169956" lon="15.110561" />
      <rtept lat="46.169941" lon="15.110586" />
      <rtept lat="46.169924" lon="15.11061" />
      <rtept lat="46.169904" lon="15.110632" />
      <rtept lat="46.169881" lon="15.110654" />
      <rtept lat="46.169859" lon="15.11067" />
      <rtept lat="46.16984" lon="15.110681" />
      <rtept lat="46.169823" lon="15.110694" />
      <rtept lat="46.169804" lon="15.110705" />
      <rtept lat="46.169783" lon="15.110719" />
      <rtept lat="46.16976" lon="15.110738" />
      <rtept lat="46.169737" lon="15.110748" />
      <rtept lat="46.169713" lon="15.110758" />
      <rtept lat="46.169684" lon="15.110771" />
      <rtept lat="46.169657" lon="15.11079" />
      <rtept lat="46.169637" lon="15.110809" />
      <rtept lat="46.169622" lon="15.110828" />
      <rtept lat="46.1696" lon="15.110849" />
      <rtept lat="46.169577" lon="15.110872" />
      <rtept lat="46.169555" lon="15.110886" />
      <rtept lat="46.169538" lon="15.110901" />
      <rtept lat="46.16952" lon="15.110916" />
      <rtept lat="46.169495" lon="15.110945" />
      <rtept lat="46.169471" lon="15.110955" />
      <rtept lat="46.169447" lon="15.110962" />
      <rtept lat="46.169422" lon="15.11097" />
      <rtept lat="46.169394" lon="15.110977" />
      <rtept lat="46.169366" lon="15.110982" />
      <rtept lat="46.169343" lon="15.110984" />
      <rtept lat="46.169317" lon="15.110986" />
      <rtept lat="46.169291" lon="15.110984" />
      <rtept lat="46.169266" lon="15.110983" />
      <rtept lat="46.169244" lon="15.110979" />
      <rtept lat="46.169222" lon="15.110972" />
      <rtept lat="46.169197" lon="15.110963" />
      <rtept lat="46.169177" lon="15.110948" />
      <rtept lat="46.169158" lon="15.110929" />
      <rtept lat="46.16914" lon="15.110908" />
      <rtept lat="46.169121" lon="15.11089" />
      <rtept lat="46.169104" lon="15.110868" />
      <rtept lat="46.169087" lon="15.110845" />
      <rtept lat="46.169074" lon="15.110822" />
      <rtept lat="46.169061" lon="15.110802" />
      <rtept lat="46.169048" lon="15.110779" />
      <rtept lat="46.169034" lon="15.110757" />
      <rtept lat="46.169022" lon="15.110733" />
      <rtept lat="46.16901" lon="15.110709" />
      <rtept lat="46.168994" lon="15.110681" />
      <rtept lat="46.16898" lon="15.110652" />
      <rtept lat="46.168968" lon="15.110629" />
      <rtept lat="46.168954" lon="15.110608" />
      <rtept lat="46.168938" lon="15.110582" />
      <rtept lat="46.168921" lon="15.110562" />
      <rtept lat="46.168908" lon="15.110533" />
      <rtept lat="46.168897" lon="15.110507" />
      <rtept lat="46.168889" lon="15.110474" />
      <rtept lat="46.168882" lon="15.110438" />
      <rtept lat="46.168874" lon="15.110405" />
      <rtept lat="46.168865" lon="15.11038" />
      <rtept lat="46.168851" lon="15.11036" />
      <rtept lat="46.168837" lon="15.110331" />
      <rtept lat="46.168825" lon="15.110302" />
      <rtept lat="46.168808" lon="15.110275" />
      <rtept lat="46.168794" lon="15.110253" />
      <rtept lat="46.168783" lon="15.110232" />
      <rtept lat="46.168773" lon="15.110204" />
      <rtept lat="46.168763" lon="15.110175" />
      <rtept lat="46.16875" lon="15.11015" />
      <rtept lat="46.168739" lon="15.110121" />
      <rtept lat="46.168728" lon="15.110091" />
      <rtept lat="46.168722" lon="15.110062" />
      <rtept lat="46.168715" lon="15.110036" />
      <rtept lat="46.168707" lon="15.110011" />
      <rtept lat="46.168697" lon="15.109987" />
      <rtept lat="46.168689" lon="15.109958" />
      <rtept lat="46.168681" lon="15.109929" />
      <rtept lat="46.168671" lon="15.109899" />
      <rtept lat="46.168662" lon="15.109868" />
      <rtept lat="46.16865" lon="15.109837" />
      <rtept lat="46.168633" lon="15.109804" />
      <rtept lat="46.168619" lon="15.109771" />
      <rtept lat="46.168607" lon="15.109738" />
      <rtept lat="46.168589" lon="15.109706" />
      <rtept lat="46.168574" lon="15.109677" />
      <rtept lat="46.168553" lon="15.109639" />
      <rtept lat="46.16854" lon="15.109606" />
      <rtept lat="46.168528" lon="15.10957" />
      <rtept lat="46.168516" lon="15.109533" />
      <rtept lat="46.168502" lon="15.109501" />
      <rtept lat="46.168488" lon="15.109477" />
      <rtept lat="46.168478" lon="15.109445" />
      <rtept lat="46.168468" lon="15.109415" />
      <rtept lat="46.168452" lon="15.109384" />
      <rtept lat="46.168436" lon="15.109354" />
      <rtept lat="46.168416" lon="15.109325" />
      <rtept lat="46.168398" lon="15.109302" />
      <rtept lat="46.168382" lon="15.109279" />
      <rtept lat="46.168366" lon="15.109251" />
      <rtept lat="46.16835" lon="15.109226" />
      <rtept lat="46.168334" lon="15.109197" />
      <rtept lat="46.168314" lon="15.109199" />
      <rtept lat="46.168306" lon="15.109173" />
      <rtept lat="46.168282" lon="15.109167" />
      <rtept lat="46.168256" lon="15.109176" />
      <rtept lat="46.168224" lon="15.109187" />
      <rtept lat="46.16819" lon="15.109194" />
      <rtept lat="46.168156" lon="15.109192" />
      <rtept lat="46.168126" lon="15.109179" />
      <rtept lat="46.168094" lon="15.109172" />
      <rtept lat="46.168064" lon="15.109162" />
      <rtept lat="46.168036" lon="15.109149" />
      <rtept lat="46.168012" lon="15.109136" />
      <rtept lat="46.167986" lon="15.109126" />
      <rtept lat="46.16796" lon="15.109112" />
      <rtept lat="46.167936" lon="15.1091" />
      <rtept lat="46.167912" lon="15.109089" />
      <rtept lat="46.167884" lon="15.109079" />
      <rtept lat="46.167858" lon="15.109072" />
      <rtept lat="46.167832" lon="15.109069" />
      <rtept lat="46.167806" lon="15.109062" />
      <rtept lat="46.167777" lon="15.109056" />
      <rtept lat="46.167752" lon="15.109054" />
      <rtept lat="46.167726" lon="15.109054" />
      <rtept lat="46.167698" lon="15.109053" />
      <rtept lat="46.167674" lon="15.109055" />
      <rtept lat="46.167647" lon="15.109058" />
      <rtept lat="46.167621" lon="15.109058" />
      <rtept lat="46.167595" lon="15.109061" />
      <rtept lat="46.167569" lon="15.10907" />
      <rtept lat="46.167543" lon="15.109072" />
      <rtept lat="46.167519" lon="15.109076" />
      <rtept lat="46.167493" lon="15.109084" />
      <rtept lat="46.167468" lon="15.109079" />
      <rtept lat="46.167444" lon="15.109066" />
      <rtept lat="46.167424" lon="15.10906" />
      <rtept lat="46.167393" lon="15.109054" />
      <rtept lat="46.167387" lon="15.109028" />
      <rtept lat="46.16737" lon="15.109045" />
      <rtept lat="46.167357" lon="15.109072" />
      <rtept lat="46.16734" lon="15.109103" />
      <rtept lat="46.167322" lon="15.109133" />
      <rtept lat="46.167306" lon="15.109165" />
      <rtept lat="46.167289" lon="15.109199" />
      <rtept lat="46.167272" lon="15.109231" />
      <rtept lat="46.167259" lon="15.109261" />
      <rtept lat="46.167244" lon="15.109289" />
      <rtept lat="46.167228" lon="15.10932" />
      <rtept lat="46.167212" lon="15.109347" />
      <rtept lat="46.167198" lon="15.109376" />
      <rtept lat="46.167183" lon="15.109404" />
      <rtept lat="46.167171" lon="15.109435" />
      <rtept lat="46.167158" lon="15.109465" />
      <rtept lat="46.167143" lon="15.109497" />
      <rtept lat="46.167123" lon="15.109524" />
      <rtept lat="46.167109" lon="15.109549" />
      <rtept lat="46.167094" lon="15.109576" />
      <rtept lat="46.167081" lon="15.109605" />
      <rtept lat="46.167069" lon="15.109631" />
      <rtept lat="46.167051" lon="15.10966" />
      <rtept lat="46.16704" lon="15.109686" />
      <rtept lat="46.16703" lon="15.10971" />
      <rtept lat="46.167018" lon="15.109735" />
      <rtept lat="46.167004" lon="15.109759" />
      <rtept lat="46.16699" lon="15.109784" />
      <rtept lat="46.16698" lon="15.109811" />
      <rtept lat="46.166963" lon="15.109834" />
      <rtept lat="46.166951" lon="15.109858" />
      <rtept lat="46.16694" lon="15.109879" />
      <rtept lat="46.166923" lon="15.109906" />
      <rtept lat="46.166904" lon="15.10993" />
      <rtept lat="46.166884" lon="15.109954" />
      <rtept lat="46.166866" lon="15.109984" />
      <rtept lat="46.166849" lon="15.110009" />
      <rtept lat="46.166833" lon="15.110038" />
      <rtept lat="46.166809" lon="15.110073" />
      <rtept lat="46.166792" lon="15.110108" />
      <rtept lat="46.166775" lon="15.110142" />
      <rtept lat="46.166755" lon="15.110176" />
      <rtept lat="46.166735" lon="15.11021" />
      <rtept lat="46.166717" lon="15.110244" />
      <rtept lat="46.166698" lon="15.11028" />
      <rtept lat="46.166679" lon="15.110315" />
      <rtept lat="46.166666" lon="15.110352" />
      <rtept lat="46.166647" lon="15.110386" />
      <rtept lat="46.16663" lon="15.110422" />
      <rtept lat="46.166618" lon="15.110459" />
      <rtept lat="46.166605" lon="15.110498" />
      <rtept lat="46.16659" lon="15.110533" />
      <rtept lat="46.166579" lon="15.11057" />
      <rtept lat="46.166565" lon="15.110604" />
      <rtept lat="46.166547" lon="15.110634" />
      <rtept lat="46.166528" lon="15.110661" />
      <rtept lat="46.166511" lon="15.110688" />
      <rtept lat="46.166495" lon="15.110721" />
      <rtept lat="46.166483" lon="15.110754" />
      <rtept lat="46.166473" lon="15.110787" />
      <rtept lat="46.166461" lon="15.110825" />
      <rtept lat="46.166451" lon="15.110859" />
      <rtept lat="46.166442" lon="15.110893" />
      <rtept lat="46.166437" lon="15.11093" />
      <rtept lat="46.166431" lon="15.110967" />
      <rtept lat="46.166433" lon="15.110996" />
      <rtept lat="46.166445" lon="15.111027" />
      <rtept lat="46.166453" lon="15.111065" />
      <rtept lat="46.166459" lon="15.111098" />
      <rtept lat="46.166464" lon="15.11113" />
      <rtept lat="46.166467" lon="15.11116" />
      <rtept lat="46.166472" lon="15.111194" />
      <rtept lat="46.166473" lon="15.111225" />
      <rtept lat="46.16647" lon="15.111252" />
      <rtept lat="46.16647" lon="15.111281" />
      <rtept lat="46.166466" lon="15.111308" />
      <rtept lat="46.166464" lon="15.111334" />
      <rtept lat="46.166466" lon="15.111365" />
      <rtept lat="46.16647" lon="15.111403" />
      <rtept lat="46.166477" lon="15.111435" />
      <rtept lat="46.166481" lon="15.111464" />
      <rtept lat="46.166486" lon="15.111492" />
      <rtept lat="46.166506" lon="15.111528" />
      <rtept lat="46.166512" lon="15.111579" />
      <rtept lat="46.166513" lon="15.11163" />
      <rtept lat="46.166512" lon="15.11166" />
      <rtept lat="46.16652" lon="15.111711" />
      <rtept lat="46.166528" lon="15.111737" />
      <rtept lat="46.166536" lon="15.111764" />
      <rtept lat="46.166546" lon="15.11179" />
      <rtept lat="46.166562" lon="15.111813" />
      <rtept lat="46.166596" lon="15.111937" />
      <rtept lat="46.16663" lon="15.112085" />
      <rtept lat="46.166662" lon="15.11222" />
      <rtept lat="46.16667" lon="15.112378" />
      <rtept lat="46.166674" lon="15.112533" />
      <rtept lat="46.166669" lon="15.112671" />
      <rtept lat="46.166666" lon="15.112829" />
      <rtept lat="46.166652" lon="15.112974" />
      <rtept lat="46.166649" lon="15.113109" />
      <rtept lat="46.166653" lon="15.113189" />
      <rtept lat="46.166653" lon="15.113225" />
      <rtept lat="46.166654" lon="15.11326" />
      <rtept lat="46.166658" lon="15.113289" />
      <rtept lat="46.166659" lon="15.113318" />
      <rtept lat="46.166656" lon="15.113346" />
      <rtept lat="46.166648" lon="15.113375" />
      <rtept lat="46.166643" lon="15.113407" />
      <rtept lat="46.166634" lon="15.113437" />
      <rtept lat="46.166618" lon="15.113465" />
      <rtept lat="46.1666" lon="15.113498" />
      <rtept lat="46.166577" lon="15.113534" />
      <rtept lat="46.166556" lon="15.113568" />
      <rtept lat="46.166536" lon="15.113597" />
      <rtept lat="46.166517" lon="15.11362" />
      <rtept lat="46.166496" lon="15.113647" />
      <rtept lat="46.166471" lon="15.113672" />
      <rtept lat="46.166451" lon="15.113697" />
      <rtept lat="46.166431" lon="15.11372" />
      <rtept lat="46.166413" lon="15.113741" />
      <rtept lat="46.166397" lon="15.113764" />
      <rtept lat="46.16638" lon="15.113789" />
      <rtept lat="46.166362" lon="15.113812" />
      <rtept lat="46.166346" lon="15.113835" />
      <rtept lat="46.166329" lon="15.113862" />
      <rtept lat="46.166312" lon="15.113891" />
      <rtept lat="46.166294" lon="15.11392" />
      <rtept lat="46.166277" lon="15.113951" />
      <rtept lat="46.166261" lon="15.113984" />
      <rtept lat="46.166249" lon="15.114013" />
      <rtept lat="46.166243" lon="15.114039" />
      <rtept lat="46.16623" lon="15.11407" />
      <rtept lat="46.166222" lon="15.114096" />
      <rtept lat="46.166208" lon="15.114122" />
      <rtept lat="46.166195" lon="15.114147" />
      <rtept lat="46.166181" lon="15.114174" />
      <rtept lat="46.166167" lon="15.114207" />
      <rtept lat="46.166151" lon="15.114236" />
      <rtept lat="46.166135" lon="15.11427" />
      <rtept lat="46.166121" lon="15.114301" />
      <rtept lat="46.166103" lon="15.114328" />
      <rtept lat="46.166087" lon="15.114352" />
      <rtept lat="46.166069" lon="15.114381" />
      <rtept lat="46.166057" lon="15.114409" />
      <rtept lat="46.166047" lon="15.114432" />
      <rtept lat="46.166037" lon="15.114459" />
      <rtept lat="46.166027" lon="15.114485" />
      <rtept lat="46.166014" lon="15.114505" />
      <rtept lat="46.165992" lon="15.114529" />
      <rtept lat="46.165968" lon="15.114559" />
      <rtept lat="46.165949" lon="15.114587" />
      <rtept lat="46.165929" lon="15.114615" />
      <rtept lat="46.165908" lon="15.114638" />
      <rtept lat="46.165892" lon="15.114661" />
      <rtept lat="46.165873" lon="15.114691" />
      <rtept lat="46.165852" lon="15.114721" />
      <rtept lat="46.165828" lon="15.114741" />
      <rtept lat="46.165808" lon="15.114764" />
      <rtept lat="46.165788" lon="15.114786" />
      <rtept lat="46.165766" lon="15.114804" />
      <rtept lat="46.165744" lon="15.114823" />
      <rtept lat="46.165723" lon="15.114842" />
      <rtept lat="46.165703" lon="15.114859" />
      <rtept lat="46.165679" lon="15.114874" />
      <rtept lat="46.165658" lon="15.114893" />
      <rtept lat="46.165638" lon="15.114911" />
      <rtept lat="46.165617" lon="15.114926" />
      <rtept lat="46.165594" lon="15.114938" />
      <rtept lat="46.165572" lon="15.114947" />
      <rtept lat="46.16555" lon="15.114958" />
      <rtept lat="46.165527" lon="15.114966" />
      <rtept lat="46.165505" lon="15.114973" />
      <rtept lat="46.165485" lon="15.114982" />
      <rtept lat="46.165463" lon="15.114989" />
      <rtept lat="46.165442" lon="15.114992" />
      <rtept lat="46.165423" lon="15.114995" />
      <rtept lat="46.1654" lon="15.115002" />
      <rtept lat="46.16538" lon="15.115014" />
      <rtept lat="46.165358" lon="15.115025" />
      <rtept lat="46.165336" lon="15.115034" />
      <rtept lat="46.165313" lon="15.11504" />
      <rtept lat="46.165292" lon="15.115045" />
      <rtept lat="46.165269" lon="15.115048" />
      <rtept lat="46.165244" lon="15.115049" />
      <rtept lat="46.165219" lon="15.115052" />
      <rtept lat="46.165195" lon="15.11506" />
      <rtept lat="46.165172" lon="15.115065" />
      <rtept lat="46.165148" lon="15.115073" />
      <rtept lat="46.165125" lon="15.115076" />
      <rtept lat="46.165102" lon="15.115079" />
      <rtept lat="46.165079" lon="15.115081" />
      <rtept lat="46.165056" lon="15.115084" />
      <rtept lat="46.165034" lon="15.115088" />
      <rtept lat="46.165011" lon="15.115095" />
      <rtept lat="46.16499" lon="15.115099" />
      <rtept lat="46.164967" lon="15.115102" />
      <rtept lat="46.164943" lon="15.115104" />
      <rtept lat="46.164921" lon="15.115108" />
      <rtept lat="46.164896" lon="15.115115" />
      <rtept lat="46.164872" lon="15.115121" />
      <rtept lat="46.16485" lon="15.115127" />
      <rtept lat="46.164827" lon="15.11513" />
      <rtept lat="46.164802" lon="15.115133" />
      <rtept lat="46.164781" lon="15.115135" />
      <rtept lat="46.164761" lon="15.11514" />
      <rtept lat="46.164739" lon="15.115143" />
      <rtept lat="46.164717" lon="15.115145" />
      <rtept lat="46.164694" lon="15.115147" />
      <rtept lat="46.164672" lon="15.11515" />
      <rtept lat="46.16465" lon="15.11515" />
      <rtept lat="46.164632" lon="15.115151" />
      <rtept lat="46.164612" lon="15.115152" />
      <rtept lat="46.164589" lon="15.115155" />
      <rtept lat="46.164564" lon="15.115154" />
      <rtept lat="46.16454" lon="15.115157" />
      <rtept lat="46.164517" lon="15.115159" />
      <rtept lat="46.164493" lon="15.115162" />
      <rtept lat="46.164469" lon="15.115165" />
      <rtept lat="46.164444" lon="15.115166" />
      <rtept lat="46.16442" lon="15.115167" />
      <rtept lat="46.164397" lon="15.115168" />
      <rtept lat="46.164375" lon="15.115166" />
      <rtept lat="46.164353" lon="15.115163" />
      <rtept lat="46.164332" lon="15.115161" />
      <rtept lat="46.16431" lon="15.115155" />
      <rtept lat="46.164287" lon="15.115151" />
      <rtept lat="46.164267" lon="15.115148" />
      <rtept lat="46.164245" lon="15.115146" />
      <rtept lat="46.164223" lon="15.115139" />
      <rtept lat="46.164202" lon="15.11513" />
      <rtept lat="46.164181" lon="15.115123" />
      <rtept lat="46.164158" lon="15.115115" />
      <rtept lat="46.164135" lon="15.115106" />
      <rtept lat="46.164111" lon="15.115096" />
      <rtept lat="46.164089" lon="15.115082" />
      <rtept lat="46.16407" lon="15.115069" />
      <rtept lat="46.164051" lon="15.115057" />
      <rtept lat="46.16403" lon="15.115044" />
      <rtept lat="46.16401" lon="15.11503" />
      <rtept lat="46.163993" lon="15.115015" />
      <rtept lat="46.163973" lon="15.115001" />
      <rtept lat="46.163954" lon="15.114982" />
      <rtept lat="46.163935" lon="15.114965" />
      <rtept lat="46.163915" lon="15.114948" />
      <rtept lat="46.163897" lon="15.114925" />
      <rtept lat="46.163883" lon="15.114903" />
      <rtept lat="46.163869" lon="15.114884" />
      <rtept lat="46.163854" lon="15.114866" />
      <rtept lat="46.163841" lon="15.114847" />
      <rtept lat="46.163825" lon="15.114829" />
      <rtept lat="46.163808" lon="15.114811" />
      <rtept lat="46.163792" lon="15.114791" />
      <rtept lat="46.163778" lon="15.114769" />
      <rtept lat="46.163762" lon="15.114747" />
      <rtept lat="46.163746" lon="15.11472" />
      <rtept lat="46.163729" lon="15.114694" />
      <rtept lat="46.163714" lon="15.114672" />
      <rtept lat="46.163696" lon="15.114654" />
      <rtept lat="46.163678" lon="15.11464" />
      <rtept lat="46.163656" lon="15.114629" />
      <rtept lat="46.163636" lon="15.114615" />
      <rtept lat="46.163616" lon="15.114596" />
      <rtept lat="46.163595" lon="15.114582" />
      <rtept lat="46.163575" lon="15.11457" />
      <rtept lat="46.163553" lon="15.114554" />
      <rtept lat="46.163532" lon="15.114536" />
      <rtept lat="46.163513" lon="15.11452" />
      <rtept lat="46.163493" lon="15.114506" />
      <rtept lat="46.163473" lon="15.114494" />
      <rtept lat="46.163454" lon="15.114482" />
      <rtept lat="46.163437" lon="15.114469" />
      <rtept lat="46.163419" lon="15.11445" />
      <rtept lat="46.163399" lon="15.114431" />
      <rtept lat="46.163382" lon="15.114415" />
      <rtept lat="46.163365" lon="15.1144" />
      <rtept lat="46.163344" lon="15.114385" />
      <rtept lat="46.163323" lon="15.114374" />
      <rtept lat="46.163303" lon="15.11436" />
      <rtept lat="46.163285" lon="15.114341" />
      <rtept lat="46.163268" lon="15.114319" />
      <rtept lat="46.163255" lon="15.114299" />
      <rtept lat="46.163242" lon="15.114277" />
      <rtept lat="46.163231" lon="15.114249" />
      <rtept lat="46.163221" lon="15.114219" />
      <rtept lat="46.163216" lon="15.114192" />
      <rtept lat="46.163214" lon="15.114166" />
      <rtept lat="46.163211" lon="15.114139" />
      <rtept lat="46.163212" lon="15.114108" />
      <rtept lat="46.163211" lon="15.11408" />
      <rtept lat="46.163214" lon="15.114052" />
      <rtept lat="46.163225" lon="15.114002" />
      <rtept lat="46.163232" lon="15.113971" />
      <rtept lat="46.163241" lon="15.113942" />
      <rtept lat="46.163253" lon="15.113918" />
      <rtept lat="46.163265" lon="15.113892" />
      <rtept lat="46.163275" lon="15.113868" />
      <rtept lat="46.163287" lon="15.113848" />
      <rtept lat="46.163307" lon="15.113812" />
      <rtept lat="46.163327" lon="15.113767" />
      <rtept lat="46.16334" lon="15.113745" />
      <rtept lat="46.163354" lon="15.11372" />
      <rtept lat="46.163369" lon="15.113695" />
      <rtept lat="46.163383" lon="15.113673" />
      <rtept lat="46.163402" lon="15.113651" />
      <rtept lat="46.163418" lon="15.113633" />
      <rtept lat="46.163433" lon="15.113615" />
      <rtept lat="46.163447" lon="15.113596" />
      <rtept lat="46.163461" lon="15.113575" />
      <rtept lat="46.163478" lon="15.113551" />
      <rtept lat="46.163496" lon="15.113525" />
      <rtept lat="46.163513" lon="15.113498" />
      <rtept lat="46.163528" lon="15.11347" />
      <rtept lat="46.163545" lon="15.113447" />
      <rtept lat="46.163564" lon="15.113426" />
      <rtept lat="46.163582" lon="15.113407" />
      <rtept lat="46.163599" lon="15.113387" />
      <rtept lat="46.163616" lon="15.113365" />
      <rtept lat="46.163628" lon="15.113333" />
      <rtept lat="46.163638" lon="15.113303" />
      <rtept lat="46.163651" lon="15.113276" />
      <rtept lat="46.163663" lon="15.113252" />
      <rtept lat="46.163677" lon="15.11323" />
      <rtept lat="46.163687" lon="15.113206" />
      <rtept lat="46.163697" lon="15.113182" />
      <rtept lat="46.163705" lon="15.113158" />
      <rtept lat="46.163714" lon="15.113128" />
      <rtept lat="46.16372" lon="15.113095" />
      <rtept lat="46.163726" lon="15.113067" />
      <rtept lat="46.163732" lon="15.113033" />
      <rtept lat="46.163739" lon="15.113001" />
      <rtept lat="46.163747" lon="15.11297" />
      <rtept lat="46.163757" lon="15.112935" />
      <rtept lat="46.163763" lon="15.112904" />
      <rtept lat="46.163771" lon="15.112877" />
      <rtept lat="46.163781" lon="15.112853" />
      <rtept lat="46.163788" lon="15.112828" />
      <rtept lat="46.163792" lon="15.112802" />
      <rtept lat="46.163815" lon="15.112811" />
      <rtept lat="46.163845" lon="15.112838" />
      <rtept lat="46.163853" lon="15.112813" />
      <rtept lat="46.163876" lon="15.112769" />
      <rtept lat="46.163867" lon="15.112746" />
      <rtept lat="46.163868" lon="15.112714" />
      <rtept lat="46.163875" lon="15.112671" />
      <rtept lat="46.163885" lon="15.112626" />
      <rtept lat="46.163894" lon="15.11258" />
      <rtept lat="46.163906" lon="15.112529" />
      <rtept lat="46.163919" lon="15.112504" />
      <rtept lat="46.163935" lon="15.112463" />
      <rtept lat="46.16395" lon="15.112416" />
      <rtept lat="46.163967" lon="15.112375" />
      <rtept lat="46.163975" lon="15.112348" />
      <rtept lat="46.163983" lon="15.112323" />
      <rtept lat="46.163993" lon="15.112295" />
      <rtept lat="46.164021" lon="15.112139" />
      <rtept lat="46.16403" lon="15.112079" />
      <rtept lat="46.164049" lon="15.111948" />
      <rtept lat="46.164067" lon="15.111789" />
      <rtept lat="46.16411" lon="15.111648" />
      <rtept lat="46.164122" lon="15.111618" />
      <rtept lat="46.164125" lon="15.111541" />
      <rtept lat="46.164124" lon="15.111502" />
      <rtept lat="46.164124" lon="15.111467" />
      <rtept lat="46.164123" lon="15.111431" />
      <rtept lat="46.16412" lon="15.111391" />
      <rtept lat="46.164118" lon="15.111318" />
      <rtept lat="46.164114" lon="15.111288" />
      <rtept lat="46.164108" lon="15.11126" />
      <rtept lat="46.164102" lon="15.111231" />
      <rtept lat="46.164093" lon="15.111199" />
      <rtept lat="46.164083" lon="15.111173" />
      <rtept lat="46.164069" lon="15.111151" />
      <rtept lat="46.164052" lon="15.111127" />
      <rtept lat="46.164038" lon="15.111104" />
      <rtept lat="46.164025" lon="15.111081" />
      <rtept lat="46.164008" lon="15.111063" />
      <rtept lat="46.16399" lon="15.111046" />
      <rtept lat="46.163972" lon="15.11103" />
      <rtept lat="46.163952" lon="15.111017" />
      <rtept lat="46.163931" lon="15.111005" />
      <rtept lat="46.163913" lon="15.110996" />
      <rtept lat="46.163894" lon="15.110985" />
      <rtept lat="46.163874" lon="15.110969" />
      <rtept lat="46.163854" lon="15.11096" />
      <rtept lat="46.163836" lon="15.110952" />
      <rtept lat="46.163818" lon="15.110942" />
      <rtept lat="46.163799" lon="15.110924" />
      <rtept lat="46.163774" lon="15.110911" />
      <rtept lat="46.163753" lon="15.110896" />
      <rtept lat="46.163732" lon="15.110886" />
      <rtept lat="46.163714" lon="15.110876" />
      <rtept lat="46.163695" lon="15.110864" />
      <rtept lat="46.163674" lon="15.110852" />
      <rtept lat="46.163651" lon="15.110846" />
      <rtept lat="46.163628" lon="15.110838" />
      <rtept lat="46.163608" lon="15.110828" />
      <rtept lat="46.163587" lon="15.110824" />
      <rtept lat="46.163562" lon="15.110817" />
      <rtept lat="46.163537" lon="15.110812" />
      <rtept lat="46.163513" lon="15.110808" />
      <rtept lat="46.163489" lon="15.110805" />
      <rtept lat="46.163467" lon="15.1108" />
      <rtept lat="46.163443" lon="15.110796" />
      <rtept lat="46.163418" lon="15.11079" />
      <rtept lat="46.163391" lon="15.110789" />
      <rtept lat="46.163364" lon="15.11079" />
      <rtept lat="46.163338" lon="15.110789" />
      <rtept lat="46.163314" lon="15.110782" />
      <rtept lat="46.163288" lon="15.110774" />
      <rtept lat="46.163265" lon="15.110761" />
      <rtept lat="46.163244" lon="15.110744" />
      <rtept lat="46.163223" lon="15.110724" />
      <rtept lat="46.163204" lon="15.1107" />
      <rtept lat="46.163186" lon="15.11067" />
      <rtept lat="46.163171" lon="15.110641" />
      <rtept lat="46.163156" lon="15.110612" />
      <rtept lat="46.163144" lon="15.110581" />
      <rtept lat="46.163136" lon="15.110546" />
      <rtept lat="46.163135" lon="15.110512" />
      <rtept lat="46.163136" lon="15.110476" />
      <rtept lat="46.16314" lon="15.110439" />
      <rtept lat="46.163144" lon="15.110403" />
      <rtept lat="46.163148" lon="15.110367" />
      <rtept lat="46.163155" lon="15.110336" />
      <rtept lat="46.163165" lon="15.110306" />
      <rtept lat="46.163175" lon="15.110274" />
      <rtept lat="46.16319" lon="15.110245" />
      <rtept lat="46.163204" lon="15.110218" />
      <rtept lat="46.163216" lon="15.110192" />
      <rtept lat="46.163232" lon="15.110166" />
      <rtept lat="46.163248" lon="15.110136" />
      <rtept lat="46.163263" lon="15.110105" />
      <rtept lat="46.163279" lon="15.110077" />
      <rtept lat="46.163294" lon="15.110049" />
      <rtept lat="46.163309" lon="15.110025" />
      <rtept lat="46.163323" lon="15.109998" />
      <rtept lat="46.163334" lon="15.109969" />
      <rtept lat="46.163349" lon="15.109941" />
      <rtept lat="46.163363" lon="15.109917" />
      <rtept lat="46.163376" lon="15.10989" />
      <rtept lat="46.163387" lon="15.109865" />
      <rtept lat="46.16339" lon="15.109814" />
      <rtept lat="46.163389" lon="15.10978" />
      <rtept lat="46.163393" lon="15.109746" />
      <rtept lat="46.163403" lon="15.109717" />
      <rtept lat="46.163408" lon="15.109687" />
      <rtept lat="46.163404" lon="15.109656" />
      <rtept lat="46.163397" lon="15.109628" />
      <rtept lat="46.163387" lon="15.109597" />
      <rtept lat="46.163374" lon="15.10957" />
      <rtept lat="46.163358" lon="15.109547" />
      <rtept lat="46.16334" lon="15.109521" />
      <rtept lat="46.163323" lon="15.109495" />
      <rtept lat="46.163306" lon="15.109472" />
      <rtept lat="46.163286" lon="15.109447" />
      <rtept lat="46.163266" lon="15.109425" />
      <rtept lat="46.163249" lon="15.109406" />
      <rtept lat="46.163231" lon="15.109383" />
      <rtept lat="46.163212" lon="15.10936" />
      <rtept lat="46.163194" lon="15.109337" />
      <rtept lat="46.163175" lon="15.109314" />
      <rtept lat="46.163159" lon="15.109289" />
      <rtept lat="46.163141" lon="15.10926" />
      <rtept lat="46.163123" lon="15.109227" />
      <rtept lat="46.163108" lon="15.109198" />
      <rtept lat="46.163093" lon="15.109171" />
      <rtept lat="46.163079" lon="15.109143" />
      <rtept lat="46.163065" lon="15.109115" />
      <rtept lat="46.163046" lon="15.109091" />
      <rtept lat="46.163027" lon="15.109069" />
      <rtept lat="46.16301" lon="15.109043" />
      <rtept lat="46.162992" lon="15.109016" />
      <rtept lat="46.162972" lon="15.10899" />
      <rtept lat="46.162952" lon="15.108964" />
      <rtept lat="46.162933" lon="15.108935" />
      <rtept lat="46.162917" lon="15.108908" />
      <rtept lat="46.162899" lon="15.108877" />
      <rtept lat="46.162884" lon="15.108847" />
      <rtept lat="46.162868" lon="15.108816" />
      <rtept lat="46.162851" lon="15.108787" />
      <rtept lat="46.162835" lon="15.108756" />
      <rtept lat="46.16282" lon="15.108724" />
      <rtept lat="46.162804" lon="15.108693" />
      <rtept lat="46.16279" lon="15.108668" />
      <rtept lat="46.162774" lon="15.10865" />
      <rtept lat="46.16276" lon="15.10863" />
      <rtept lat="46.162746" lon="15.108607" />
      <rtept lat="46.16273" lon="15.108583" />
      <rtept lat="46.162716" lon="15.108562" />
      <rtept lat="46.1627" lon="15.108538" />
      <rtept lat="46.162684" lon="15.108508" />
      <rtept lat="46.162668" lon="15.108482" />
      <rtept lat="46.162652" lon="15.108458" />
      <rtept lat="46.162632" lon="15.108433" />
      <rtept lat="46.162608" lon="15.108409" />
      <rtept lat="46.162584" lon="15.108389" />
      <rtept lat="46.162562" lon="15.108366" />
      <rtept lat="46.162542" lon="15.108345" />
      <rtept lat="46.16252" lon="15.108326" />
      <rtept lat="46.162496" lon="15.108308" />
      <rtept lat="46.162476" lon="15.10829" />
      <rtept lat="46.162454" lon="15.108272" />
      <rtept lat="46.16243" lon="15.108252" />
      <rtept lat="46.162408" lon="15.108229" />
      <rtept lat="46.162386" lon="15.108205" />
      <rtept lat="46.162362" lon="15.108184" />
      <rtept lat="46.162342" lon="15.108161" />
      <rtept lat="46.162319" lon="15.108145" />
      <rtept lat="46.162296" lon="15.10813" />
      <rtept lat="46.162274" lon="15.108111" />
      <rtept lat="46.162254" lon="15.108091" />
      <rtept lat="46.162236" lon="15.108069" />
      <rtept lat="46.162214" lon="15.108047" />
      <rtept lat="46.162196" lon="15.108015" />
      <rtept lat="46.162186" lon="15.107978" />
      <rtept lat="46.162188" lon="15.107932" />
      <rtept lat="46.162196" lon="15.107892" />
      <rtept lat="46.162206" lon="15.107857" />
      <rtept lat="46.162218" lon="15.107826" />
      <rtept lat="46.16223" lon="15.107793" />
      <rtept lat="46.16224" lon="15.10776" />
      <rtept lat="46.16225" lon="15.107724" />
      <rtept lat="46.162259" lon="15.107681" />
      <rtept lat="46.162266" lon="15.10764" />
      <rtept lat="46.162272" lon="15.107603" />
      <rtept lat="46.162278" lon="15.10756" />
      <rtept lat="46.162279" lon="15.107518" />
      <rtept lat="46.162279" lon="15.107484" />
      <rtept lat="46.162279" lon="15.107453" />
      <rtept lat="46.162276" lon="15.107419" />
      <rtept lat="46.162272" lon="15.107387" />
      <rtept lat="46.162262" lon="15.107349" />
      <rtept lat="46.162252" lon="15.107305" />
      <rtept lat="46.162245" lon="15.107264" />
      <rtept lat="46.162232" lon="15.107226" />
      <rtept lat="46.162222" lon="15.107176" />
      <rtept lat="46.162212" lon="15.107128" />
      <rtept lat="46.162202" lon="15.107092" />
      <rtept lat="46.162194" lon="15.107054" />
      <rtept lat="46.162186" lon="15.107013" />
      <rtept lat="46.162176" lon="15.106972" />
      <rtept lat="46.162168" lon="15.106936" />
      <rtept lat="46.162159" lon="15.106901" />
      <rtept lat="46.162151" lon="15.106863" />
      <rtept lat="46.162145" lon="15.106823" />
      <rtept lat="46.162141" lon="15.106785" />
      <rtept lat="46.162144" lon="15.10675" />
      <rtept lat="46.162153" lon="15.106727" />
      <rtept lat="46.162185" lon="15.10674" />
      <rtept lat="46.162209" lon="15.106765" />
      <rtept lat="46.162231" lon="15.106802" />
      <rtept lat="46.162256" lon="15.106841" />
      <rtept lat="46.162267" lon="15.106863" />
      <rtept lat="46.162288" lon="15.106897" />
      <rtept lat="46.162308" lon="15.106937" />
      <rtept lat="46.162331" lon="15.106964" />
      <rtept lat="46.162357" lon="15.106994" />
      <rtept lat="46.162368" lon="15.107015" />
      <rtept lat="46.162377" lon="15.107041" />
      <rtept lat="46.16239" lon="15.107061" />
      <rtept lat="46.162406" lon="15.107077" />
      <rtept lat="46.162427" lon="15.107086" />
      <rtept lat="46.162448" lon="15.107094" />
      <rtept lat="46.162468" lon="15.107102" />
      <rtept lat="46.162488" lon="15.107112" />
      <rtept lat="46.162506" lon="15.107123" />
      <rtept lat="46.162533" lon="15.10715" />
      <rtept lat="46.162558" lon="15.107183" />
      <rtept lat="46.162577" lon="15.107201" />
      <rtept lat="46.162609" lon="15.107228" />
      <rtept lat="46.162625" lon="15.107249" />
      <rtept lat="46.162639" lon="15.107268" />
      <rtept lat="46.162647" lon="15.10729" />
      <rtept lat="46.162654" lon="15.107314" />
      <rtept lat="46.162664" lon="15.10734" />
      <rtept lat="46.162686" lon="15.107369" />
      <rtept lat="46.162696" lon="15.107405" />
      <rtept lat="46.162717" lon="15.107444" />
      <rtept lat="46.16273" lon="15.107484" />
      <rtept lat="46.162742" lon="15.107518" />
      <rtept lat="46.162758" lon="15.107559" />
      <rtept lat="46.162774" lon="15.107585" />
      <rtept lat="46.162789" lon="15.107651" />
      <rtept lat="46.162796" lon="15.107696" />
      <rtept lat="46.162819" lon="15.107715" />
      <rtept lat="46.162846" lon="15.107729" />
      <rtept lat="46.162877" lon="15.107754" />
      <rtept lat="46.1629" lon="15.107778" />
      <rtept lat="46.162922" lon="15.107792" />
      <rtept lat="46.162944" lon="15.107823" />
      <rtept lat="46.162965" lon="15.10785" />
      <rtept lat="46.162983" lon="15.107853" />
      <rtept lat="46.163008" lon="15.107873" />
      <rtept lat="46.163027" lon="15.107915" />
      <rtept lat="46.163045" lon="15.107942" />
      <rtept lat="46.163067" lon="15.107977" />
      <rtept lat="46.163077" lon="15.108027" />
      <rtept lat="46.163096" lon="15.108055" />
      <rtept lat="46.163115" lon="15.108083" />
      <rtept lat="46.163126" lon="15.108132" />
      <rtept lat="46.163138" lon="15.108161" />
      <rtept lat="46.16315" lon="15.108228" />
      <rtept lat="46.163176" lon="15.108225" />
      <rtept lat="46.163204" lon="15.108215" />
      <rtept lat="46.163233" lon="15.108212" />
      <rtept lat="46.163265" lon="15.108203" />
      <rtept lat="46.163286" lon="15.108199" />
      <rtept lat="46.163318" lon="15.108205" />
      <rtept lat="46.163331" lon="15.108231" />
      <rtept lat="46.16335" lon="15.108232" />
      <rtept lat="46.163378" lon="15.10823" />
      <rtept lat="46.163408" lon="15.108237" />
      <rtept lat="46.163448" lon="15.108238" />
      <rtept lat="46.163466" lon="15.108229" />
      <rtept lat="46.163484" lon="15.108236" />
      <rtept lat="46.163506" lon="15.108239" />
      <rtept lat="46.163524" lon="15.108258" />
      <rtept lat="46.16354" lon="15.10827" />
      <rtept lat="46.163564" lon="15.108297" />
      <rtept lat="46.163586" lon="15.108308" />
      <rtept lat="46.16361" lon="15.108317" />
      <rtept lat="46.163644" lon="15.108325" />
      <rtept lat="46.163672" lon="15.108333" />
      <rtept lat="46.163694" lon="15.108342" />
      <rtept lat="46.16372" lon="15.108337" />
      <rtept lat="46.163752" lon="15.108329" />
      <rtept lat="46.16379" lon="15.108337" />
      <rtept lat="46.163812" lon="15.108343" />
      <rtept lat="46.163836" lon="15.108345" />
      <rtept lat="46.163862" lon="15.108336" />
      <rtept lat="46.163894" lon="15.108329" />
      <rtept lat="46.163911" lon="15.108332" />
      <rtept lat="46.163946" lon="15.108335" />
      <rtept lat="46.163984" lon="15.108336" />
      <rtept lat="46.164004" lon="15.108337" />
      <rtept lat="46.164024" lon="15.108341" />
      <rtept lat="46.164044" lon="15.108341" />
      <rtept lat="46.164062" lon="15.108346" />
      <rtept lat="46.164083" lon="15.108344" />
      <rtept lat="46.1641" lon="15.108335" />
      <rtept lat="46.164126" lon="15.10832" />
      <rtept lat="46.16415" lon="15.108314" />
      <rtept lat="46.164174" lon="15.108325" />
      <rtept lat="46.164194" lon="15.108327" />
      <rtept lat="46.164215" lon="15.10833" />
      <rtept lat="46.164234" lon="15.108329" />
      <rtept lat="46.164224" lon="15.108175" />
      <rtept lat="46.164302" lon="15.108289" />
      <rtept lat="46.164378" lon="15.108411" />
      <rtept lat="46.16443" lon="15.108462" />
      <rtept lat="46.164452" lon="15.10849" />
      <rtept lat="46.164474" lon="15.108515" />
      <rtept lat="46.164496" lon="15.10854" />
      <rtept lat="46.16453" lon="15.108566" />
      <rtept lat="46.164558" lon="15.108589" />
      <rtept lat="46.164586" lon="15.108612" />
      <rtept lat="46.164617" lon="15.108617" />
      <rtept lat="46.164648" lon="15.108622" />
      <rtept lat="46.164669" lon="15.10863" />
      <rtept lat="46.164693" lon="15.108633" />
      <rtept lat="46.164718" lon="15.108635" />
      <rtept lat="46.164746" lon="15.108633" />
      <rtept lat="46.164772" lon="15.108629" />
      <rtept lat="46.164796" lon="15.10863" />
      <rtept lat="46.164828" lon="15.108622" />
      <rtept lat="46.164912" lon="15.108639" />
      <rtept lat="46.164976" lon="15.108647" />
      <rtept lat="46.165006" lon="15.108649" />
      <rtept lat="46.165034" lon="15.108657" />
      <rtept lat="46.165056" lon="15.108665" />
      <rtept lat="46.165082" lon="15.108671" />
      <rtept lat="46.165114" lon="15.108673" />
      <rtept lat="46.165142" lon="15.108673" />
      <rtept lat="46.16517" lon="15.108687" />
      <rtept lat="46.1652" lon="15.108702" />
      <rtept lat="46.165224" lon="15.108714" />
      <rtept lat="46.165243" lon="15.108724" />
      <rtept lat="46.165278" lon="15.108737" />
      <rtept lat="46.165296" lon="15.108749" />
      <rtept lat="46.16532" lon="15.108753" />
      <rtept lat="46.165342" lon="15.108752" />
      <rtept lat="46.165368" lon="15.108762" />
      <rtept lat="46.165386" lon="15.108771" />
      <rtept lat="46.165408" lon="15.108778" />
      <rtept lat="46.165428" lon="15.108784" />
      <rtept lat="46.165451" lon="15.108786" />
      <rtept lat="46.165477" lon="15.108789" />
      <rtept lat="46.165501" lon="15.108789" />
      <rtept lat="46.16552" lon="15.108789" />
      <rtept lat="46.165544" lon="15.108798" />
      <rtept lat="46.165564" lon="15.108804" />
      <rtept lat="46.165583" lon="15.108806" />
      <rtept lat="46.165604" lon="15.108803" />
      <rtept lat="46.165626" lon="15.108794" />
      <rtept lat="46.165655" lon="15.108787" />
      <rtept lat="46.165679" lon="15.108781" />
      <rtept lat="46.1657" lon="15.108774" />
      <rtept lat="46.165721" lon="15.108767" />
      <rtept lat="46.165744" lon="15.108778" />
      <rtept lat="46.165767" lon="15.108783" />
      <rtept lat="46.165787" lon="15.108795" />
      <rtept lat="46.165809" lon="15.108796" />
      <rtept lat="46.165831" lon="15.108785" />
      <rtept lat="46.165852" lon="15.108777" />
      <rtept lat="46.165872" lon="15.108773" />
      <rtept lat="46.165892" lon="15.108761" />
      <rtept lat="46.16591" lon="15.108752" />
      <rtept lat="46.165929" lon="15.108749" />
      <rtept lat="46.165948" lon="15.108738" />
      <rtept lat="46.165975" lon="15.108724" />
      <rtept lat="46.166011" lon="15.108742" />
      <rtept lat="46.16603" lon="15.108745" />
      <rtept lat="46.166064" lon="15.108747" />
      <rtept lat="46.166084" lon="15.108749" />
      <rtept lat="46.166116" lon="15.108744" />
      <rtept lat="46.166136" lon="15.108737" />
      <rtept lat="46.166158" lon="15.108731" />
      <rtept lat="46.166178" lon="15.108731" />
      <rtept lat="46.166199" lon="15.108728" />
      <rtept lat="46.16623" lon="15.10871" />
      <rtept lat="46.166247" lon="15.108701" />
      <rtept lat="46.166278" lon="15.108679" />
      <rtept lat="46.166298" lon="15.108676" />
      <rtept lat="46.166316" lon="15.108667" />
      <rtept lat="46.166335" lon="15.108659" />
      <rtept lat="46.166355" lon="15.108653" />
      <rtept lat="46.166381" lon="15.10865" />
      <rtept lat="46.166404" lon="15.108647" />
      <rtept lat="46.166427" lon="15.108653" />
      <rtept lat="46.166453" lon="15.108673" />
      <rtept lat="46.166474" lon="15.108689" />
      <rtept lat="46.166495" lon="15.108685" />
      <rtept lat="46.166519" lon="15.108671" />
      <rtept lat="46.166542" lon="15.108657" />
      <rtept lat="46.166557" lon="15.10864" />
      <rtept lat="46.166582" lon="15.108611" />
      <rtept lat="46.166604" lon="15.108597" />
      <rtept lat="46.166629" lon="15.108581" />
      <rtept lat="46.166655" lon="15.108564" />
      <rtept lat="46.166682" lon="15.108552" />
      <rtept lat="46.16671" lon="15.10854" />
      <rtept lat="46.166738" lon="15.108526" />
      <rtept lat="46.166763" lon="15.10851" />
      <rtept lat="46.16679" lon="15.108497" />
      <rtept lat="46.166815" lon="15.108487" />
      <rtept lat="46.16684" lon="15.108482" />
      <rtept lat="46.166863" lon="15.108475" />
      <rtept lat="46.166889" lon="15.108468" />
      <rtept lat="46.166911" lon="15.108455" />
      <rtept lat="46.166931" lon="15.108452" />
      <rtept lat="46.166952" lon="15.108449" />
      <rtept lat="46.166985" lon="15.108441" />
      <rtept lat="46.16701" lon="15.108428" />
      <rtept lat="46.167035" lon="15.10842" />
      <rtept lat="46.167061" lon="15.108408" />
      <rtept lat="46.167087" lon="15.108393" />
      <rtept lat="46.167109" lon="15.108382" />
      <rtept lat="46.167128" lon="15.108368" />
      <rtept lat="46.167148" lon="15.108355" />
      <rtept lat="46.16717" lon="15.108355" />
      <rtept lat="46.167196" lon="15.108356" />
      <rtept lat="46.16722" lon="15.108353" />
      <rtept lat="46.167248" lon="15.108347" />
      <rtept lat="46.167272" lon="15.108341" />
      <rtept lat="46.167301" lon="15.108328" />
      <rtept lat="46.167328" lon="15.108309" />
      <rtept lat="46.16736" lon="15.108283" />
      <rtept lat="46.167388" lon="15.108267" />
      <rtept lat="46.167417" lon="15.108257" />
      <rtept lat="46.167445" lon="15.108249" />
      <rtept lat="46.167477" lon="15.108242" />
      <rtept lat="46.167513" lon="15.108222" />
      <rtept lat="46.167544" lon="15.108208" />
      <rtept lat="46.167578" lon="15.108201" />
      <rtept lat="46.167609" lon="15.108206" />
      <rtept lat="46.16764" lon="15.108217" />
      <rtept lat="46.167667" lon="15.108225" />
      <rtept lat="46.167695" lon="15.108225" />
      <rtept lat="46.167719" lon="15.108215" />
      <rtept lat="46.167741" lon="15.108204" />
      <rtept lat="46.167763" lon="15.108192" />
      <rtept lat="46.167782" lon="15.108174" />
      <rtept lat="46.167802" lon="15.108153" />
      <rtept lat="46.167823" lon="15.108135" />
      <rtept lat="46.167839" lon="15.108111" />
      <rtept lat="46.167856" lon="15.108087" />
      <rtept lat="46.167876" lon="15.108066" />
      <rtept lat="46.167896" lon="15.108045" />
      <rtept lat="46.167917" lon="15.108024" />
      <rtept lat="46.167937" lon="15.108004" />
      <rtept lat="46.167959" lon="15.107988" />
      <rtept lat="46.167979" lon="15.10797" />
      <rtept lat="46.167997" lon="15.107952" />
      <rtept lat="46.168015" lon="15.107932" />
      <rtept lat="46.168034" lon="15.107912" />
      <rtept lat="46.168054" lon="15.107896" />
      <rtept lat="46.168076" lon="15.107876" />
      <rtept lat="46.168097" lon="15.107857" />
      <rtept lat="46.168114" lon="15.107836" />
      <rtept lat="46.168129" lon="15.107816" />
      <rtept lat="46.168153" lon="15.10779" />
      <rtept lat="46.168177" lon="15.10777" />
      <rtept lat="46.168199" lon="15.107754" />
      <rtept lat="46.168221" lon="15.107727" />
      <rtept lat="46.168243" lon="15.107707" />
      <rtept lat="46.168264" lon="15.107689" />
      <rtept lat="46.168285" lon="15.107668" />
      <rtept lat="46.168305" lon="15.107645" />
      <rtept lat="46.168323" lon="15.107618" />
      <rtept lat="46.168345" lon="15.107593" />
      <rtept lat="46.168368" lon="15.10757" />
      <rtept lat="46.168393" lon="15.107554" />
      <rtept lat="46.168417" lon="15.10754" />
      <rtept lat="46.168441" lon="15.107534" />
      <rtept lat="46.168463" lon="15.10753" />
      <rtept lat="46.168483" lon="15.107529" />
      <rtept lat="46.168502" lon="15.107529" />
      <rtept lat="46.168526" lon="15.107526" />
      <rtept lat="46.168547" lon="15.107521" />
      <rtept lat="46.168571" lon="15.10752" />
      <rtept lat="46.16859" lon="15.107517" />
      <rtept lat="46.168612" lon="15.107519" />
      <rtept lat="46.168634" lon="15.107526" />
      <rtept lat="46.168651" lon="15.10754" />
      <rtept lat="46.168664" lon="15.107559" />
      <rtept lat="46.16869" lon="15.107558" />
      <rtept lat="46.168715" lon="15.107555" />
      <rtept lat="46.168734" lon="15.107555" />
      <rtept lat="46.168753" lon="15.107553" />
      <rtept lat="46.168772" lon="15.107554" />
      <rtept lat="46.168796" lon="15.107559" />
      <rtept lat="46.16882" lon="15.107559" />
      <rtept lat="46.168841" lon="15.107555" />
      <rtept lat="46.168865" lon="15.107543" />
      <rtept lat="46.168882" lon="15.107533" />
      <rtept lat="46.168899" lon="15.107524" />
      <rtept lat="46.168923" lon="15.107521" />
      <rtept lat="46.168942" lon="15.107522" />
      <rtept lat="46.168963" lon="15.107523" />
      <rtept lat="46.168985" lon="15.107518" />
      <rtept lat="46.169009" lon="15.107511" />
      <rtept lat="46.169032" lon="15.107501" />
      <rtept lat="46.169053" lon="15.107503" />
      <rtept lat="46.169077" lon="15.107501" />
      <rtept lat="46.169096" lon="15.107499" />
      <rtept lat="46.169117" lon="15.1075" />
      <rtept lat="46.169143" lon="15.107499" />
      <rtept lat="46.169167" lon="15.107506" />
      <rtept lat="46.169191" lon="15.107508" />
      <rtept lat="46.169216" lon="15.107516" />
      <rtept lat="46.169241" lon="15.107518" />
      <rtept lat="46.169265" lon="15.10752" />
      <rtept lat="46.169287" lon="15.107529" />
      <rtept lat="46.169308" lon="15.10753" />
      <rtept lat="46.169326" lon="15.107531" />
      <rtept lat="46.169349" lon="15.107532" />
      <rtept lat="46.169374" lon="15.107532" />
      <rtept lat="46.169396" lon="15.107536" />
      <rtept lat="46.169419" lon="15.107543" />
      <rtept lat="46.169437" lon="15.10755" />
      <rtept lat="46.169457" lon="15.107555" />
      <rtept lat="46.169476" lon="15.107558" />
      <rtept lat="46.169502" lon="15.107566" />
      <rtept lat="46.169524" lon="15.107571" />
      <rtept lat="46.169546" lon="15.107577" />
      <rtept lat="46.169569" lon="15.107583" />
      <rtept lat="46.169591" lon="15.107593" />
      <rtept lat="46.169612" lon="15.107597" />
      <rtept lat="46.169633" lon="15.107603" />
      <rtept lat="46.169653" lon="15.10761" />
      <rtept lat="46.169671" lon="15.107615" />
      <rtept lat="46.169693" lon="15.107621" />
      <rtept lat="46.169714" lon="15.107628" />
      <rtept lat="46.169738" lon="15.107637" />
      <rtept lat="46.169763" lon="15.107642" />
      <rtept lat="46.16979" lon="15.107647" />
      <rtept lat="46.169815" lon="15.107654" />
      <rtept lat="46.169838" lon="15.10766" />
      <rtept lat="46.169865" lon="15.107663" />
      <rtept lat="46.16989" lon="15.107666" />
      <rtept lat="46.169915" lon="15.107669" />
      <rtept lat="46.169944" lon="15.107672" />
      <rtept lat="46.169971" lon="15.107674" />
      <rtept lat="46.169996" lon="15.107674" />
      <rtept lat="46.170023" lon="15.107674" />
      <rtept lat="46.170053" lon="15.107674" />
      <rtept lat="46.170089" lon="15.107664" />
      <rtept lat="46.17011" lon="15.107659" />
      <rtept lat="46.170128" lon="15.107653" />
      <rtept lat="46.17015" lon="15.107647" />
      <rtept lat="46.170172" lon="15.107642" />
      <rtept lat="46.170194" lon="15.107634" />
      <rtept lat="46.170214" lon="15.107624" />
      <rtept lat="46.170238" lon="15.107618" />
      <rtept lat="46.170263" lon="15.107614" />
      <rtept lat="46.170286" lon="15.10761" />
      <rtept lat="46.17031" lon="15.107603" />
      <rtept lat="46.170335" lon="15.107597" />
      <rtept lat="46.170358" lon="15.107588" />
      <rtept lat="46.17038" lon="15.10758" />
      <rtept lat="46.170404" lon="15.107571" />
      <rtept lat="46.170429" lon="15.107564" />
      <rtept lat="46.170453" lon="15.107557" />
      <rtept lat="46.170476" lon="15.107551" />
      <rtept lat="46.170502" lon="15.107546" />
      <rtept lat="46.170525" lon="15.107538" />
      <rtept lat="46.170551" lon="15.107534" />
      <rtept lat="46.170578" lon="15.107529" />
      <rtept lat="46.170604" lon="15.107523" />
      <rtept lat="46.170627" lon="15.107516" />
      <rtept lat="46.17065" lon="15.107509" />
      <rtept lat="46.170676" lon="15.107505" />
      <rtept lat="46.170701" lon="15.107498" />
      <rtept lat="46.170727" lon="15.10749" />
      <rtept lat="46.170752" lon="15.107484" />
      <rtept lat="46.170776" lon="15.107477" />
      <rtept lat="46.1708" lon="15.10747" />
      <rtept lat="46.170826" lon="15.107463" />
      <rtept lat="46.170851" lon="15.107457" />
      <rtept lat="46.170876" lon="15.107451" />
      <rtept lat="46.170903" lon="15.107446" />
      <rtept lat="46.170929" lon="15.107439" />
      <rtept lat="46.170953" lon="15.107431" />
      <rtept lat="46.170979" lon="15.107428" />
      <rtept lat="46.171004" lon="15.107423" />
      <rtept lat="46.171027" lon="15.107419" />
      <rtept lat="46.17105" lon="15.107415" />
      <rtept lat="46.171077" lon="15.107413" />
      <rtept lat="46.171103" lon="15.107409" />
      <rtept lat="46.171128" lon="15.107404" />
      <rtept lat="46.171154" lon="15.107402" />
      <rtept lat="46.171179" lon="15.107401" />
      <rtept lat="46.171206" lon="15.107398" />
      <rtept lat="46.171234" lon="15.107393" />
      <rtept lat="46.171261" lon="15.107387" />
      <rtept lat="46.171287" lon="15.107378" />
      <rtept lat="46.171312" lon="15.107366" />
      <rtept lat="46.171341" lon="15.107358" />
      <rtept lat="46.171371" lon="15.107353" />
      <rtept lat="46.1714" lon="15.107345" />
      <rtept lat="46.17143" lon="15.107338" />
      <rtept lat="46.171457" lon="15.107335" />
      <rtept lat="46.171485" lon="15.107334" />
      <rtept lat="46.171514" lon="15.107334" />
      <rtept lat="46.171545" lon="15.107332" />
      <rtept lat="46.171574" lon="15.107328" />
      <rtept lat="46.171605" lon="15.107322" />
      <rtept lat="46.171634" lon="15.10732" />
      <rtept lat="46.17166" lon="15.107314" />
      <rtept lat="46.171688" lon="15.107308" />
      <rtept lat="46.171716" lon="15.1073" />
      <rtept lat="46.171742" lon="15.107292" />
      <rtept lat="46.17177" lon="15.107284" />
      <rtept lat="46.171796" lon="15.107278" />
      <rtept lat="46.171821" lon="15.10727" />
      <rtept lat="46.171847" lon="15.107261" />
      <rtept lat="46.171872" lon="15.107258" />
      <rtept lat="46.171896" lon="15.107256" />
      <rtept lat="46.171923" lon="15.107252" />
      <rtept lat="46.17195" lon="15.107246" />
      <rtept lat="46.171977" lon="15.107245" />
      <rtept lat="46.172004" lon="15.107248" />
      <rtept lat="46.17203" lon="15.107248" />
      <rtept lat="46.172056" lon="15.107244" />
      <rtept lat="46.172081" lon="15.107238" />
      <rtept lat="46.172108" lon="15.107232" />
      <rtept lat="46.172132" lon="15.107227" />
      <rtept lat="46.172156" lon="15.107218" />
      <rtept lat="46.172178" lon="15.107207" />
      <rtept lat="46.172198" lon="15.107199" />
      <rtept lat="46.172221" lon="15.107192" />
      <rtept lat="46.172244" lon="15.107187" />
      <rtept lat="46.172263" lon="15.107187" />
      <rtept lat="46.172283" lon="15.107199" />
      <rtept lat="46.172306" lon="15.107217" />
      <rtept lat="46.172324" lon="15.107237" />
      <rtept lat="46.172343" lon="15.107255" />
      <rtept lat="46.172363" lon="15.107277" />
      <rtept lat="46.172383" lon="15.107298" />
      <rtept lat="46.172408" lon="15.107324" />
      <rtept lat="46.172432" lon="15.107352" />
      <rtept lat="46.172454" lon="15.107372" />
      <rtept lat="46.172474" lon="15.107388" />
      <rtept lat="46.172496" lon="15.107412" />
      <rtept lat="46.17252" lon="15.107432" />
      <rtept lat="46.172542" lon="15.107446" />
      <rtept lat="46.172566" lon="15.107462" />
      <rtept lat="46.172586" lon="15.107476" />
      <rtept lat="46.172606" lon="15.107492" />
      <rtept lat="46.172628" lon="15.107506" />
      <rtept lat="46.17265" lon="15.107522" />
      <rtept lat="46.17267" lon="15.107542" />
      <rtept lat="46.17269" lon="15.107556" />
      <rtept lat="46.17271" lon="15.107574" />
      <rtept lat="46.172728" lon="15.10759" />
      <rtept lat="46.172748" lon="15.107604" />
      <rtept lat="46.172764" lon="15.107622" />
      <rtept lat="46.17278" lon="15.107646" />
      <rtept lat="46.172798" lon="15.107668" />
      <rtept lat="46.172816" lon="15.107686" />
      <rtept lat="46.172834" lon="15.1077" />
      <rtept lat="46.17285" lon="15.107718" />
      <rtept lat="46.172868" lon="15.10774" />
      <rtept lat="46.172882" lon="15.107764" />
      <rtept lat="46.1729" lon="15.107794" />
      <rtept lat="46.172918" lon="15.107826" />
      <rtept lat="46.172934" lon="15.107862" />
      <rtept lat="46.17295" lon="15.107894" />
      <rtept lat="46.172966" lon="15.107926" />
      <rtept lat="46.172986" lon="15.107956" />
      <rtept lat="46.173008" lon="15.107988" />
      <rtept lat="46.173029" lon="15.108014" />
      <rtept lat="46.173048" lon="15.108032" />
      <rtept lat="46.173067" lon="15.108038" />
      <rtept lat="46.173096" lon="15.10804" />
      <rtept lat="46.17313" lon="15.108034" />
      <rtept lat="46.173156" lon="15.108036" />
      <rtept lat="46.17318" lon="15.108032" />
      <rtept lat="46.173198" lon="15.108012" />
   </rte>
</gpx>