<?xml version="1.0" encoding="UTF-8"?>
<gpx creator="StravaGPX" version="1.1" xmlns="http://www.topografix.com/GPX/1/1" xmlns:xsi="http://www.w3.org/2001/XMLSchema-instance" xsi:schemaLocation="http://www.topografix.com/GPX/1/1 http://www.topografix.com/GPX/1/1/gpx.xsd">
 <metadata>
  <time>2024-03-15T14:12:01Z</time>
 </metadata>
 <trk>
  <name>Trail "Toplica" official</name>
  <type>trail_running</type>
  <trkseg>
   <trkpt lat="45.8664740" lon="15.2391430">
    <ele>188.0</ele>
    <time>2024-03-15T14:12:01Z</time>
   </trkpt>
   <trkpt lat="45.8664810" lon="15.2391490">
    <ele>188.0</ele>
    <time>2024-03-15T14:12:02Z</time>
   </trkpt>
   <trkpt lat="45.8664870" lon="15.2391550">
    <ele>188.0</ele>
    <time>2024-03-15T14:12:03Z</time>
   </trkpt>
   <trkpt lat="45.8664930" lon="15.2391620">
    <ele>188.0</ele>
    <time>2024-03-15T14:12:04Z</time>
   </trkpt>
   <trkpt lat="45.8665070" lon="15.2391770">
    <ele>188.0</ele>
    <time>2024-03-15T14:12:05Z</time>
   </trkpt>
   <trkpt lat="45.8665200" lon="15.2391920">
    <ele>188.0</ele>
    <time>2024-03-15T14:12:06Z</time>
   </trkpt>
   <trkpt lat="45.8665370" lon="15.2392140">
    <ele>188.0</ele>
    <time>2024-03-15T14:12:07Z</time>
   </trkpt>
   <trkpt lat="45.8665540" lon="15.2392360">
    <ele>188.0</ele>
    <time>2024-03-15T14:12:08Z</time>
   </trkpt>
   <trkpt lat="45.8665730" lon="15.2392630">
    <ele>188.0</ele>
    <time>2024-03-15T14:12:09Z</time>
   </trkpt>
   <trkpt lat="45.8665930" lon="15.2392900">
    <ele>188.0</ele>
    <time>2024-03-15T14:12:10Z</time>
   </trkpt>
   <trkpt lat="45.8666140" lon="15.2393200">
    <ele>188.0</ele>
    <time>2024-03-15T14:12:11Z</time>
   </trkpt>
   <trkpt lat="45.8666350" lon="15.2393510">
    <ele>187.0</ele>
    <time>2024-03-15T14:12:12Z</time>
   </trkpt>
   <trkpt lat="45.8666560" lon="15.2393840">
    <ele>187.0</ele>
    <time>2024-03-15T14:12:13Z</time>
   </trkpt>
   <trkpt lat="45.8666770" lon="15.2394160">
    <ele>187.0</ele>
    <time>2024-03-15T14:12:14Z</time>
   </trkpt>
   <trkpt lat="45.8667000" lon="15.2394500">
    <ele>187.0</ele>
    <time>2024-03-15T14:12:15Z</time>
   </trkpt>
   <trkpt lat="45.8667220" lon="15.2394840">
    <ele>187.0</ele>
    <time>2024-03-15T14:12:16Z</time>
   </trkpt>
   <trkpt lat="45.8667450" lon="15.2395170">
    <ele>187.0</ele>
    <time>2024-03-15T14:12:17Z</time>
   </trkpt>
   <trkpt lat="45.8667670" lon="15.2395500">
    <ele>187.0</ele>
    <time>2024-03-15T14:12:18Z</time>
   </trkpt>
   <trkpt lat="45.8667870" lon="15.2395810">
    <ele>187.0</ele>
    <time>2024-03-15T14:12:19Z</time>
   </trkpt>
   <trkpt lat="45.8668070" lon="15.2396120">
    <ele>187.0</ele>
    <time>2024-03-15T14:12:20Z</time>
   </trkpt>
   <trkpt lat="45.8668260" lon="15.2396400">
    <ele>187.0</ele>
    <time>2024-03-15T14:12:21Z</time>
   </trkpt>
   <trkpt lat="45.8668450" lon="15.2396680">
    <ele>187.0</ele>
    <time>2024-03-15T14:12:22Z</time>
   </trkpt>
   <trkpt lat="45.8668640" lon="15.2396950">
    <ele>187.0</ele>
    <time>2024-03-15T14:12:23Z</time>
   </trkpt>
   <trkpt lat="45.8668830" lon="15.2397220">
    <ele>187.0</ele>
    <time>2024-03-15T14:12:24Z</time>
   </trkpt>
   <trkpt lat="45.8669010" lon="15.2397480">
    <ele>187.0</ele>
    <time>2024-03-15T14:12:25Z</time>
   </trkpt>
   <trkpt lat="45.8669180" lon="15.2397730">
    <ele>187.0</ele>
    <time>2024-03-15T14:12:26Z</time>
   </trkpt>
   <trkpt lat="45.8669370" lon="15.2397980">
    <ele>187.0</ele>
    <time>2024-03-15T14:12:27Z</time>
   </trkpt>
   <trkpt lat="45.8669550" lon="15.2398230">
    <ele>187.0</ele>
    <time>2024-03-15T14:12:28Z</time>
   </trkpt>
   <trkpt lat="45.8669740" lon="15.2398440">
    <ele>187.0</ele>
    <time>2024-03-15T14:12:29Z</time>
   </trkpt>
   <trkpt lat="45.8669930" lon="15.2398660">
    <ele>187.0</ele>
    <time>2024-03-15T14:12:30Z</time>
   </trkpt>
   <trkpt lat="45.8670130" lon="15.2398860">
    <ele>187.0</ele>
    <time>2024-03-15T14:12:31Z</time>
   </trkpt>
   <trkpt lat="45.8670330" lon="15.2399060">
    <ele>187.0</ele>
    <time>2024-03-15T14:12:32Z</time>
   </trkpt>
   <trkpt lat="45.8670540" lon="15.2399260">
    <ele>187.0</ele>
    <time>2024-03-15T14:12:33Z</time>
   </trkpt>
   <trkpt lat="45.8670750" lon="15.2399450">
    <ele>187.0</ele>
    <time>2024-03-15T14:12:34Z</time>
   </trkpt>
   <trkpt lat="45.8670980" lon="15.2399630">
    <ele>187.0</ele>
    <time>2024-03-15T14:12:35Z</time>
   </trkpt>
   <trkpt lat="45.8671210" lon="15.2399810">
    <ele>187.0</ele>
    <time>2024-03-15T14:12:36Z</time>
   </trkpt>
   <trkpt lat="45.8671450" lon="15.2399940">
    <ele>186.0</ele>
    <time>2024-03-15T14:12:37Z</time>
   </trkpt>
   <trkpt lat="45.8671700" lon="15.2400070">
    <ele>186.0</ele>
    <time>2024-03-15T14:12:38Z</time>
   </trkpt>
   <trkpt lat="45.8671960" lon="15.2400180">
    <ele>186.0</ele>
    <time>2024-03-15T14:12:39Z</time>
   </trkpt>
   <trkpt lat="45.8672220" lon="15.2400300">
    <ele>186.0</ele>
    <time>2024-03-15T14:12:40Z</time>
   </trkpt>
   <trkpt lat="45.8672500" lon="15.2400370">
    <ele>186.0</ele>
    <time>2024-03-15T14:12:41Z</time>
   </trkpt>
   <trkpt lat="45.8672780" lon="15.2400450">
    <ele>186.0</ele>
    <time>2024-03-15T14:12:42Z</time>
   </trkpt>
   <trkpt lat="45.8673090" lon="15.2400470">
    <ele>186.0</ele>
    <time>2024-03-15T14:12:43Z</time>
   </trkpt>
   <trkpt lat="45.8673400" lon="15.2400490">
    <ele>186.0</ele>
    <time>2024-03-15T14:12:44Z</time>
   </trkpt>
   <trkpt lat="45.8673690" lon="15.2400460">
    <ele>186.0</ele>
    <time>2024-03-15T14:12:45Z</time>
   </trkpt>
   <trkpt lat="45.8673970" lon="15.2400440">
    <ele>186.0</ele>
    <time>2024-03-15T14:12:46Z</time>
   </trkpt>
   <trkpt lat="45.8674240" lon="15.2400370">
    <ele>185.0</ele>
    <time>2024-03-15T14:12:47Z</time>
   </trkpt>
   <trkpt lat="45.8674500" lon="15.2400300">
    <ele>185.0</ele>
    <time>2024-03-15T14:12:48Z</time>
   </trkpt>
   <trkpt lat="45.8674750" lon="15.2400190">
    <ele>185.0</ele>
    <time>2024-03-15T14:12:49Z</time>
   </trkpt>
   <trkpt lat="45.8675010" lon="15.2400080">
    <ele>185.0</ele>
    <time>2024-03-15T14:12:50Z</time>
   </trkpt>
   <trkpt lat="45.8675260" lon="15.2399930">
    <ele>185.0</ele>
    <time>2024-03-15T14:12:51Z</time>
   </trkpt>
   <trkpt lat="45.8675510" lon="15.2399770">
    <ele>184.0</ele>
    <time>2024-03-15T14:12:52Z</time>
   </trkpt>
   <trkpt lat="45.8675780" lon="15.2399530">
    <ele>184.0</ele>
    <time>2024-03-15T14:12:53Z</time>
   </trkpt>
   <trkpt lat="45.8676040" lon="15.2399290">
    <ele>184.0</ele>
    <time>2024-03-15T14:12:54Z</time>
   </trkpt>
   <trkpt lat="45.8676310" lon="15.2398970">
    <ele>184.0</ele>
    <time>2024-03-15T14:12:55Z</time>
   </trkpt>
   <trkpt lat="45.8676590" lon="15.2398650">
    <ele>184.0</ele>
    <time>2024-03-15T14:12:56Z</time>
   </trkpt>
   <trkpt lat="45.8676840" lon="15.2398290">
    <ele>183.0</ele>
    <time>2024-03-15T14:12:57Z</time>
   </trkpt>
   <trkpt lat="45.8677090" lon="15.2397930">
    <ele>183.0</ele>
    <time>2024-03-15T14:12:58Z</time>
   </trkpt>
   <trkpt lat="45.8677330" lon="15.2397580">
    <ele>183.0</ele>
    <time>2024-03-15T14:12:59Z</time>
   </trkpt>
   <trkpt lat="45.8677560" lon="15.2397220">
    <ele>183.0</ele>
    <time>2024-03-15T14:13:00Z</time>
   </trkpt>
   <trkpt lat="45.8677790" lon="15.2396900">
    <ele>183.0</ele>
    <time>2024-03-15T14:13:01Z</time>
   </trkpt>
   <trkpt lat="45.8678020" lon="15.2396570">
    <ele>183.0</ele>
    <time>2024-03-15T14:13:02Z</time>
   </trkpt>
   <trkpt lat="45.8678250" lon="15.2396250">
    <ele>183.0</ele>
    <time>2024-03-15T14:13:03Z</time>
   </trkpt>
   <trkpt lat="45.8678480" lon="15.2395930">
    <ele>183.0</ele>
    <time>2024-03-15T14:13:04Z</time>
   </trkpt>
   <trkpt lat="45.8678720" lon="15.2395620">
    <ele>183.0</ele>
    <time>2024-03-15T14:13:05Z</time>
   </trkpt>
   <trkpt lat="45.8678960" lon="15.2395320">
    <ele>183.0</ele>
    <time>2024-03-15T14:13:06Z</time>
   </trkpt>
   <trkpt lat="45.8679210" lon="15.2395050">
    <ele>182.0</ele>
    <time>2024-03-15T14:13:07Z</time>
   </trkpt>
   <trkpt lat="45.8679450" lon="15.2394770">
    <ele>182.0</ele>
    <time>2024-03-15T14:13:08Z</time>
   </trkpt>
   <trkpt lat="45.8679670" lon="15.2394500">
    <ele>182.0</ele>
    <time>2024-03-15T14:13:09Z</time>
   </trkpt>
   <trkpt lat="45.8679900" lon="15.2394240">
    <ele>182.0</ele>
    <time>2024-03-15T14:13:10Z</time>
   </trkpt>
   <trkpt lat="45.8680140" lon="15.2394000">
    <ele>182.0</ele>
    <time>2024-03-15T14:13:11Z</time>
   </trkpt>
   <trkpt lat="45.8680370" lon="15.2393760">
    <ele>182.0</ele>
    <time>2024-03-15T14:13:12Z</time>
   </trkpt>
   <trkpt lat="45.8680600" lon="15.2393530">
    <ele>182.0</ele>
    <time>2024-03-15T14:13:13Z</time>
   </trkpt>
   <trkpt lat="45.8680820" lon="15.2393300">
    <ele>182.0</ele>
    <time>2024-03-15T14:13:14Z</time>
   </trkpt>
   <trkpt lat="45.8681040" lon="15.2393060">
    <ele>182.0</ele>
    <time>2024-03-15T14:13:15Z</time>
   </trkpt>
   <trkpt lat="45.8681260" lon="15.2392830">
    <ele>182.0</ele>
    <time>2024-03-15T14:13:16Z</time>
   </trkpt>
   <trkpt lat="45.8681500" lon="15.2392540">
    <ele>182.0</ele>
    <time>2024-03-15T14:13:17Z</time>
   </trkpt>
   <trkpt lat="45.8681730" lon="15.2392260">
    <ele>182.0</ele>
    <time>2024-03-15T14:13:18Z</time>
   </trkpt>
   <trkpt lat="45.8681980" lon="15.2391940">
    <ele>182.0</ele>
    <time>2024-03-15T14:13:19Z</time>
   </trkpt>
   <trkpt lat="45.8682230" lon="15.2391630">
    <ele>182.0</ele>
    <time>2024-03-15T14:13:20Z</time>
   </trkpt>
   <trkpt lat="45.8682470" lon="15.2391320">
    <ele>182.0</ele>
    <time>2024-03-15T14:13:21Z</time>
   </trkpt>
   <trkpt lat="45.8682720" lon="15.2391010">
    <ele>182.0</ele>
    <time>2024-03-15T14:13:22Z</time>
   </trkpt>
   <trkpt lat="45.8682980" lon="15.2390690">
    <ele>182.0</ele>
    <time>2024-03-15T14:13:23Z</time>
   </trkpt>
   <trkpt lat="45.8683240" lon="15.2390370">
    <ele>182.0</ele>
    <time>2024-03-15T14:13:24Z</time>
   </trkpt>
   <trkpt lat="45.8683490" lon="15.2390040">
    <ele>182.0</ele>
    <time>2024-03-15T14:13:25Z</time>
   </trkpt>
   <trkpt lat="45.8683740" lon="15.2389720">
    <ele>182.0</ele>
    <time>2024-03-15T14:13:26Z</time>
   </trkpt>
   <trkpt lat="45.8683960" lon="15.2389390">
    <ele>182.0</ele>
    <time>2024-03-15T14:13:27Z</time>
   </trkpt>
   <trkpt lat="45.8684180" lon="15.2389060">
    <ele>182.0</ele>
    <time>2024-03-15T14:13:28Z</time>
   </trkpt>
   <trkpt lat="45.8684410" lon="15.2388750">
    <ele>182.0</ele>
    <time>2024-03-15T14:13:29Z</time>
   </trkpt>
   <trkpt lat="45.8684640" lon="15.2388440">
    <ele>182.0</ele>
    <time>2024-03-15T14:13:30Z</time>
   </trkpt>
   <trkpt lat="45.8684880" lon="15.2388140">
    <ele>182.0</ele>
    <time>2024-03-15T14:13:31Z</time>
   </trkpt>
   <trkpt lat="45.8685120" lon="15.2387850">
    <ele>181.0</ele>
    <time>2024-03-15T14:13:32Z</time>
   </trkpt>
   <trkpt lat="45.8685370" lon="15.2387610">
    <ele>181.0</ele>
    <time>2024-03-15T14:13:33Z</time>
   </trkpt>
   <trkpt lat="45.8685630" lon="15.2387380">
    <ele>181.0</ele>
    <time>2024-03-15T14:13:34Z</time>
   </trkpt>
   <trkpt lat="45.8685900" lon="15.2387220">
    <ele>181.0</ele>
    <time>2024-03-15T14:13:35Z</time>
   </trkpt>
   <trkpt lat="45.8686170" lon="15.2387050">
    <ele>181.0</ele>
    <time>2024-03-15T14:13:36Z</time>
   </trkpt>
   <trkpt lat="45.8686440" lon="15.2386920">
    <ele>181.0</ele>
    <time>2024-03-15T14:13:37Z</time>
   </trkpt>
   <trkpt lat="45.8686720" lon="15.2386790">
    <ele>181.0</ele>
    <time>2024-03-15T14:13:38Z</time>
   </trkpt>
   <trkpt lat="45.8686980" lon="15.2386690">
    <ele>181.0</ele>
    <time>2024-03-15T14:13:39Z</time>
   </trkpt>
   <trkpt lat="45.8687250" lon="15.2386590">
    <ele>181.0</ele>
    <time>2024-03-15T14:13:40Z</time>
   </trkpt>
   <trkpt lat="45.8687520" lon="15.2386530">
    <ele>181.0</ele>
    <time>2024-03-15T14:13:41Z</time>
   </trkpt>
   <trkpt lat="45.8687790" lon="15.2386470">
    <ele>180.0</ele>
    <time>2024-03-15T14:13:42Z</time>
   </trkpt>
   <trkpt lat="45.8688030" lon="15.2386590">
    <ele>180.0</ele>
    <time>2024-03-15T14:13:43Z</time>
   </trkpt>
   <trkpt lat="45.8688270" lon="15.2386700">
    <ele>180.0</ele>
    <time>2024-03-15T14:13:44Z</time>
   </trkpt>
   <trkpt lat="45.8688410" lon="15.2387020">
    <ele>180.0</ele>
    <time>2024-03-15T14:13:45Z</time>
   </trkpt>
   <trkpt lat="45.8688550" lon="15.2387340">
    <ele>180.0</ele>
    <time>2024-03-15T14:13:46Z</time>
   </trkpt>
   <trkpt lat="45.8688590" lon="15.2387770">
    <ele>179.0</ele>
    <time>2024-03-15T14:13:47Z</time>
   </trkpt>
   <trkpt lat="45.8688640" lon="15.2388200">
    <ele>179.0</ele>
    <time>2024-03-15T14:13:48Z</time>
   </trkpt>
   <trkpt lat="45.8688640" lon="15.2388690">
    <ele>179.0</ele>
    <time>2024-03-15T14:13:49Z</time>
   </trkpt>
   <trkpt lat="45.8688650" lon="15.2389180">
    <ele>179.0</ele>
    <time>2024-03-15T14:13:50Z</time>
   </trkpt>
   <trkpt lat="45.8688670" lon="15.2389680">
    <ele>179.0</ele>
    <time>2024-03-15T14:13:51Z</time>
   </trkpt>
   <trkpt lat="45.8688690" lon="15.2390180">
    <ele>178.0</ele>
    <time>2024-03-15T14:13:52Z</time>
   </trkpt>
   <trkpt lat="45.8688720" lon="15.2390670">
    <ele>178.0</ele>
    <time>2024-03-15T14:13:53Z</time>
   </trkpt>
   <trkpt lat="45.8688760" lon="15.2391160">
    <ele>178.0</ele>
    <time>2024-03-15T14:13:54Z</time>
   </trkpt>
   <trkpt lat="45.8688810" lon="15.2391650">
    <ele>178.0</ele>
    <time>2024-03-15T14:13:55Z</time>
   </trkpt>
   <trkpt lat="45.8688860" lon="15.2392130">
    <ele>178.0</ele>
    <time>2024-03-15T14:13:56Z</time>
   </trkpt>
   <trkpt lat="45.8688910" lon="15.2392590">
    <ele>177.0</ele>
    <time>2024-03-15T14:13:57Z</time>
   </trkpt>
   <trkpt lat="45.8688960" lon="15.2393050">
    <ele>177.0</ele>
    <time>2024-03-15T14:13:58Z</time>
   </trkpt>
   <trkpt lat="45.8688990" lon="15.2393500">
    <ele>177.0</ele>
    <time>2024-03-15T14:13:59Z</time>
   </trkpt>
   <trkpt lat="45.8689020" lon="15.2393940">
    <ele>177.0</ele>
    <time>2024-03-15T14:14:00Z</time>
   </trkpt>
   <trkpt lat="45.8689000" lon="15.2394360">
    <ele>177.0</ele>
    <time>2024-03-15T14:14:01Z</time>
   </trkpt>
   <trkpt lat="45.8688980" lon="15.2394770">
    <ele>177.0</ele>
    <time>2024-03-15T14:14:02Z</time>
   </trkpt>
   <trkpt lat="45.8688870" lon="15.2395130">
    <ele>177.0</ele>
    <time>2024-03-15T14:14:03Z</time>
   </trkpt>
   <trkpt lat="45.8688760" lon="15.2395490">
    <ele>177.0</ele>
    <time>2024-03-15T14:14:04Z</time>
   </trkpt>
   <trkpt lat="45.8688560" lon="15.2395770">
    <ele>177.0</ele>
    <time>2024-03-15T14:14:05Z</time>
   </trkpt>
   <trkpt lat="45.8688370" lon="15.2396060">
    <ele>177.0</ele>
    <time>2024-03-15T14:14:06Z</time>
   </trkpt>
   <trkpt lat="45.8688140" lon="15.2396310">
    <ele>176.0</ele>
    <time>2024-03-15T14:14:07Z</time>
   </trkpt>
   <trkpt lat="45.8687910" lon="15.2396560">
    <ele>176.0</ele>
    <time>2024-03-15T14:14:08Z</time>
   </trkpt>
   <trkpt lat="45.8687690" lon="15.2396830">
    <ele>176.0</ele>
    <time>2024-03-15T14:14:09Z</time>
   </trkpt>
   <trkpt lat="45.8687480" lon="15.2397090">
    <ele>176.0</ele>
    <time>2024-03-15T14:14:10Z</time>
   </trkpt>
   <trkpt lat="45.8687300" lon="15.2397400">
    <ele>176.0</ele>
    <time>2024-03-15T14:14:11Z</time>
   </trkpt>
   <trkpt lat="45.8687120" lon="15.2397700">
    <ele>176.0</ele>
    <time>2024-03-15T14:14:12Z</time>
   </trkpt>
   <trkpt lat="45.8686960" lon="15.2398040">
    <ele>176.0</ele>
    <time>2024-03-15T14:14:13Z</time>
   </trkpt>
   <trkpt lat="45.8686800" lon="15.2398380">
    <ele>176.0</ele>
    <time>2024-03-15T14:14:14Z</time>
   </trkpt>
   <trkpt lat="45.8686650" lon="15.2398760">
    <ele>176.0</ele>
    <time>2024-03-15T14:14:15Z</time>
   </trkpt>
   <trkpt lat="45.8686510" lon="15.2399150">
    <ele>176.0</ele>
    <time>2024-03-15T14:14:16Z</time>
   </trkpt>
   <trkpt lat="45.8686390" lon="15.2399560">
    <ele>176.0</ele>
    <time>2024-03-15T14:14:17Z</time>
   </trkpt>
   <trkpt lat="45.8686270" lon="15.2399980">
    <ele>176.0</ele>
    <time>2024-03-15T14:14:18Z</time>
   </trkpt>
   <trkpt lat="45.8686160" lon="15.2400400">
    <ele>176.0</ele>
    <time>2024-03-15T14:14:19Z</time>
   </trkpt>
   <trkpt lat="45.8686050" lon="15.2400830">
    <ele>176.0</ele>
    <time>2024-03-15T14:14:20Z</time>
   </trkpt>
   <trkpt lat="45.8685930" lon="15.2401240">
    <ele>176.0</ele>
    <time>2024-03-15T14:14:21Z</time>
   </trkpt>
   <trkpt lat="45.8685810" lon="15.2401650">
    <ele>176.0</ele>
    <time>2024-03-15T14:14:22Z</time>
   </trkpt>
   <trkpt lat="45.8685680" lon="15.2402040">
    <ele>176.0</ele>
    <time>2024-03-15T14:14:23Z</time>
   </trkpt>
   <trkpt lat="45.8685540" lon="15.2402440">
    <ele>176.0</ele>
    <time>2024-03-15T14:14:24Z</time>
   </trkpt>
   <trkpt lat="45.8685380" lon="15.2402820">
    <ele>176.0</ele>
    <time>2024-03-15T14:14:25Z</time>
   </trkpt>
   <trkpt lat="45.8685220" lon="15.2403210">
    <ele>176.0</ele>
    <time>2024-03-15T14:14:26Z</time>
   </trkpt>
   <trkpt lat="45.8685050" lon="15.2403590">
    <ele>176.0</ele>
    <time>2024-03-15T14:14:27Z</time>
   </trkpt>
   <trkpt lat="45.8684880" lon="15.2403960">
    <ele>176.0</ele>
    <time>2024-03-15T14:14:28Z</time>
   </trkpt>
   <trkpt lat="45.8684720" lon="15.2404350">
    <ele>176.0</ele>
    <time>2024-03-15T14:14:29Z</time>
   </trkpt>
   <trkpt lat="45.8684570" lon="15.2404730">
    <ele>176.0</ele>
    <time>2024-03-15T14:14:30Z</time>
   </trkpt>
   <trkpt lat="45.8684420" lon="15.2405120">
    <ele>176.0</ele>
    <time>2024-03-15T14:14:31Z</time>
   </trkpt>
   <trkpt lat="45.8684280" lon="15.2405510">
    <ele>175.0</ele>
    <time>2024-03-15T14:14:32Z</time>
   </trkpt>
   <trkpt lat="45.8684130" lon="15.2405900">
    <ele>175.0</ele>
    <time>2024-03-15T14:14:33Z</time>
   </trkpt>
   <trkpt lat="45.8683980" lon="15.2406290">
    <ele>175.0</ele>
    <time>2024-03-15T14:14:34Z</time>
   </trkpt>
   <trkpt lat="45.8683820" lon="15.2406670">
    <ele>175.0</ele>
    <time>2024-03-15T14:14:35Z</time>
   </trkpt>
   <trkpt lat="45.8683670" lon="15.2407040">
    <ele>175.0</ele>
    <time>2024-03-15T14:14:36Z</time>
   </trkpt>
   <trkpt lat="45.8683520" lon="15.2407400">
    <ele>175.0</ele>
    <time>2024-03-15T14:14:37Z</time>
   </trkpt>
   <trkpt lat="45.8683360" lon="15.2407750">
    <ele>175.0</ele>
    <time>2024-03-15T14:14:38Z</time>
   </trkpt>
   <trkpt lat="45.8683190" lon="15.2408090">
    <ele>175.0</ele>
    <time>2024-03-15T14:14:39Z</time>
   </trkpt>
   <trkpt lat="45.8683030" lon="15.2408430">
    <ele>175.0</ele>
    <time>2024-03-15T14:14:40Z</time>
   </trkpt>
   <trkpt lat="45.8682840" lon="15.2408770">
    <ele>175.0</ele>
    <time>2024-03-15T14:14:41Z</time>
   </trkpt>
   <trkpt lat="45.8682650" lon="15.2409110">
    <ele>175.0</ele>
    <time>2024-03-15T14:14:42Z</time>
   </trkpt>
   <trkpt lat="45.8682440" lon="15.2409430">
    <ele>175.0</ele>
    <time>2024-03-15T14:14:43Z</time>
   </trkpt>
   <trkpt lat="45.8682230" lon="15.2409740">
    <ele>175.0</ele>
    <time>2024-03-15T14:14:44Z</time>
   </trkpt>
   <trkpt lat="45.8681990" lon="15.2410010">
    <ele>175.0</ele>
    <time>2024-03-15T14:14:45Z</time>
   </trkpt>
   <trkpt lat="45.8681760" lon="15.2410280">
    <ele>175.0</ele>
    <time>2024-03-15T14:14:46Z</time>
   </trkpt>
   <trkpt lat="45.8681500" lon="15.2410510">
    <ele>174.0</ele>
    <time>2024-03-15T14:14:47Z</time>
   </trkpt>
   <trkpt lat="45.8681240" lon="15.2410750">
    <ele>174.0</ele>
    <time>2024-03-15T14:14:48Z</time>
   </trkpt>
   <trkpt lat="45.8680940" lon="15.2410960">
    <ele>174.0</ele>
    <time>2024-03-15T14:14:49Z</time>
   </trkpt>
   <trkpt lat="45.8680630" lon="15.2411170">
    <ele>174.0</ele>
    <time>2024-03-15T14:14:50Z</time>
   </trkpt>
   <trkpt lat="45.8680280" lon="15.2411380">
    <ele>174.0</ele>
    <time>2024-03-15T14:14:51Z</time>
   </trkpt>
   <trkpt lat="45.8679930" lon="15.2411590">
    <ele>174.0</ele>
    <time>2024-03-15T14:14:52Z</time>
   </trkpt>
   <trkpt lat="45.8679580" lon="15.2411790">
    <ele>174.0</ele>
    <time>2024-03-15T14:14:53Z</time>
   </trkpt>
   <trkpt lat="45.8679240" lon="15.2411990">
    <ele>174.0</ele>
    <time>2024-03-15T14:14:54Z</time>
   </trkpt>
   <trkpt lat="45.8678900" lon="15.2412170">
    <ele>174.0</ele>
    <time>2024-03-15T14:14:55Z</time>
   </trkpt>
   <trkpt lat="45.8678560" lon="15.2412360">
    <ele>174.0</ele>
    <time>2024-03-15T14:14:56Z</time>
   </trkpt>
   <trkpt lat="45.8678210" lon="15.2412510">
    <ele>173.0</ele>
    <time>2024-03-15T14:14:57Z</time>
   </trkpt>
   <trkpt lat="45.8677870" lon="15.2412660">
    <ele>173.0</ele>
    <time>2024-03-15T14:14:58Z</time>
   </trkpt>
   <trkpt lat="45.8677530" lon="15.2412760">
    <ele>173.0</ele>
    <time>2024-03-15T14:14:59Z</time>
   </trkpt>
   <trkpt lat="45.8677200" lon="15.2412860">
    <ele>173.0</ele>
    <time>2024-03-15T14:15:00Z</time>
   </trkpt>
   <trkpt lat="45.8676880" lon="15.2412960">
    <ele>173.0</ele>
    <time>2024-03-15T14:15:01Z</time>
   </trkpt>
   <trkpt lat="45.8676570" lon="15.2413060">
    <ele>172.0</ele>
    <time>2024-03-15T14:15:02Z</time>
   </trkpt>
   <trkpt lat="45.8676250" lon="15.2413150">
    <ele>172.0</ele>
    <time>2024-03-15T14:15:03Z</time>
   </trkpt>
   <trkpt lat="45.8675940" lon="15.2413240">
    <ele>172.0</ele>
    <time>2024-03-15T14:15:04Z</time>
   </trkpt>
   <trkpt lat="45.8675630" lon="15.2413240">
    <ele>172.0</ele>
    <time>2024-03-15T14:15:05Z</time>
   </trkpt>
   <trkpt lat="45.8675320" lon="15.2413230">
    <ele>172.0</ele>
    <time>2024-03-15T14:15:06Z</time>
   </trkpt>
   <trkpt lat="45.8675020" lon="15.2413130">
    <ele>171.0</ele>
    <time>2024-03-15T14:15:07Z</time>
   </trkpt>
   <trkpt lat="45.8674720" lon="15.2413020">
    <ele>171.0</ele>
    <time>2024-03-15T14:15:08Z</time>
   </trkpt>
   <trkpt lat="45.8674430" lon="15.2412840">
    <ele>171.0</ele>
    <time>2024-03-15T14:15:09Z</time>
   </trkpt>
   <trkpt lat="45.8674140" lon="15.2412660">
    <ele>171.0</ele>
    <time>2024-03-15T14:15:10Z</time>
   </trkpt>
   <trkpt lat="45.8673880" lon="15.2412500">
    <ele>171.0</ele>
    <time>2024-03-15T14:15:11Z</time>
   </trkpt>
   <trkpt lat="45.8673620" lon="15.2412340">
    <ele>170.0</ele>
    <time>2024-03-15T14:15:12Z</time>
   </trkpt>
   <trkpt lat="45.8673390" lon="15.2412210">
    <ele>170.0</ele>
    <time>2024-03-15T14:15:13Z</time>
   </trkpt>
   <trkpt lat="45.8673170" lon="15.2412070">
    <ele>170.0</ele>
    <time>2024-03-15T14:15:14Z</time>
   </trkpt>
   <trkpt lat="45.8672950" lon="15.2411950">
    <ele>170.0</ele>
    <time>2024-03-15T14:15:15Z</time>
   </trkpt>
   <trkpt lat="45.8672730" lon="15.2411820">
    <ele>170.0</ele>
    <time>2024-03-15T14:15:16Z</time>
   </trkpt>
   <trkpt lat="45.8672420" lon="15.2411690">
    <ele>170.0</ele>
    <time>2024-03-15T14:15:17Z</time>
   </trkpt>
   <trkpt lat="45.8672110" lon="15.2411570">
    <ele>170.0</ele>
    <time>2024-03-15T14:15:18Z</time>
   </trkpt>
   <trkpt lat="45.8671770" lon="15.2411420">
    <ele>170.0</ele>
    <time>2024-03-15T14:15:19Z</time>
   </trkpt>
   <trkpt lat="45.8671440" lon="15.2411280">
    <ele>170.0</ele>
    <time>2024-03-15T14:15:20Z</time>
   </trkpt>
   <trkpt lat="45.8671120" lon="15.2411170">
    <ele>170.0</ele>
    <time>2024-03-15T14:15:21Z</time>
   </trkpt>
   <trkpt lat="45.8670800" lon="15.2411070">
    <ele>169.0</ele>
    <time>2024-03-15T14:15:22Z</time>
   </trkpt>
   <trkpt lat="45.8670470" lon="15.2411030">
    <ele>169.0</ele>
    <time>2024-03-15T14:15:23Z</time>
   </trkpt>
   <trkpt lat="45.8670150" lon="15.2410980">
    <ele>169.0</ele>
    <time>2024-03-15T14:15:24Z</time>
   </trkpt>
   <trkpt lat="45.8669810" lon="15.2410980">
    <ele>169.0</ele>
    <time>2024-03-15T14:15:25Z</time>
   </trkpt>
   <trkpt lat="45.8669470" lon="15.2410970">
    <ele>169.0</ele>
    <time>2024-03-15T14:15:26Z</time>
   </trkpt>
   <trkpt lat="45.8669170" lon="15.2410980">
    <ele>169.0</ele>
    <time>2024-03-15T14:15:27Z</time>
   </trkpt>
   <trkpt lat="45.8668860" lon="15.2410990">
    <ele>169.0</ele>
    <time>2024-03-15T14:15:28Z</time>
   </trkpt>
   <trkpt lat="45.8668590" lon="15.2410940">
    <ele>169.0</ele>
    <time>2024-03-15T14:15:29Z</time>
   </trkpt>
   <trkpt lat="45.8668310" lon="15.2410890">
    <ele>169.0</ele>
    <time>2024-03-15T14:15:30Z</time>
   </trkpt>
   <trkpt lat="45.8668040" lon="15.2410830">
    <ele>169.0</ele>
    <time>2024-03-15T14:15:31Z</time>
   </trkpt>
   <trkpt lat="45.8667770" lon="15.2410770">
    <ele>169.0</ele>
    <time>2024-03-15T14:15:32Z</time>
   </trkpt>
   <trkpt lat="45.8667480" lon="15.2410750">
    <ele>169.0</ele>
    <time>2024-03-15T14:15:33Z</time>
   </trkpt>
   <trkpt lat="45.8667180" lon="15.2410730">
    <ele>169.0</ele>
    <time>2024-03-15T14:15:34Z</time>
   </trkpt>
   <trkpt lat="45.8666850" lon="15.2410730">
    <ele>169.0</ele>
    <time>2024-03-15T14:15:35Z</time>
   </trkpt>
   <trkpt lat="45.8666520" lon="15.2410720">
    <ele>169.0</ele>
    <time>2024-03-15T14:15:36Z</time>
   </trkpt>
   <trkpt lat="45.8666130" lon="15.2410650">
    <ele>169.0</ele>
    <time>2024-03-15T14:15:37Z</time>
   </trkpt>
   <trkpt lat="45.8665730" lon="15.2410570">
    <ele>169.0</ele>
    <time>2024-03-15T14:15:38Z</time>
   </trkpt>
   <trkpt lat="45.8665330" lon="15.2410510">
    <ele>169.0</ele>
    <time>2024-03-15T14:15:39Z</time>
   </trkpt>
   <trkpt lat="45.8664930" lon="15.2410440">
    <ele>169.0</ele>
    <time>2024-03-15T14:15:40Z</time>
   </trkpt>
   <trkpt lat="45.8664560" lon="15.2410460">
    <ele>169.0</ele>
    <time>2024-03-15T14:15:41Z</time>
   </trkpt>
   <trkpt lat="45.8664190" lon="15.2410470">
    <ele>169.0</ele>
    <time>2024-03-15T14:15:42Z</time>
   </trkpt>
   <trkpt lat="45.8663860" lon="15.2410550">
    <ele>169.0</ele>
    <time>2024-03-15T14:15:43Z</time>
   </trkpt>
   <trkpt lat="45.8663530" lon="15.2410630">
    <ele>169.0</ele>
    <time>2024-03-15T14:15:44Z</time>
   </trkpt>
   <trkpt lat="45.8663210" lon="15.2410730">
    <ele>169.0</ele>
    <time>2024-03-15T14:15:45Z</time>
   </trkpt>
   <trkpt lat="45.8662890" lon="15.2410830">
    <ele>169.0</ele>
    <time>2024-03-15T14:15:46Z</time>
   </trkpt>
   <trkpt lat="45.8662610" lon="15.2410900">
    <ele>169.0</ele>
    <time>2024-03-15T14:15:47Z</time>
   </trkpt>
   <trkpt lat="45.8662330" lon="15.2410970">
    <ele>169.0</ele>
    <time>2024-03-15T14:15:48Z</time>
   </trkpt>
   <trkpt lat="45.8662150" lon="15.2411030">
    <ele>169.0</ele>
    <time>2024-03-15T14:15:49Z</time>
   </trkpt>
   <trkpt lat="45.8661970" lon="15.2411090">
    <ele>169.0</ele>
    <time>2024-03-15T14:15:50Z</time>
   </trkpt>
   <trkpt lat="45.8661850" lon="15.2411220">
    <ele>169.0</ele>
    <time>2024-03-15T14:15:51Z</time>
   </trkpt>
   <trkpt lat="45.8661740" lon="15.2411350">
    <ele>169.0</ele>
    <time>2024-03-15T14:15:52Z</time>
   </trkpt>
   <trkpt lat="45.8661640" lon="15.2411590">
    <ele>169.0</ele>
    <time>2024-03-15T14:15:53Z</time>
   </trkpt>
   <trkpt lat="45.8661550" lon="15.2411840">
    <ele>169.0</ele>
    <time>2024-03-15T14:15:54Z</time>
   </trkpt>
   <trkpt lat="45.8661460" lon="15.2412170">
    <ele>169.0</ele>
    <time>2024-03-15T14:15:55Z</time>
   </trkpt>
   <trkpt lat="45.8661380" lon="15.2412490">
    <ele>169.0</ele>
    <time>2024-03-15T14:15:56Z</time>
   </trkpt>
   <trkpt lat="45.8661290" lon="15.2412840">
    <ele>168.0</ele>
    <time>2024-03-15T14:15:57Z</time>
   </trkpt>
   <trkpt lat="45.8661200" lon="15.2413190">
    <ele>168.0</ele>
    <time>2024-03-15T14:15:58Z</time>
   </trkpt>
   <trkpt lat="45.8661080" lon="15.2413540">
    <ele>168.0</ele>
    <time>2024-03-15T14:15:59Z</time>
   </trkpt>
   <trkpt lat="45.8660950" lon="15.2413890">
    <ele>168.0</ele>
    <time>2024-03-15T14:16:00Z</time>
   </trkpt>
   <trkpt lat="45.8660780" lon="15.2414210">
    <ele>168.0</ele>
    <time>2024-03-15T14:16:01Z</time>
   </trkpt>
   <trkpt lat="45.8660610" lon="15.2414530">
    <ele>168.0</ele>
    <time>2024-03-15T14:16:02Z</time>
   </trkpt>
   <trkpt lat="45.8660410" lon="15.2414820">
    <ele>168.0</ele>
    <time>2024-03-15T14:16:03Z</time>
   </trkpt>
   <trkpt lat="45.8660200" lon="15.2415110">
    <ele>168.0</ele>
    <time>2024-03-15T14:16:04Z</time>
   </trkpt>
   <trkpt lat="45.8659950" lon="15.2415310">
    <ele>168.0</ele>
    <time>2024-03-15T14:16:05Z</time>
   </trkpt>
   <trkpt lat="45.8659710" lon="15.2415510">
    <ele>168.0</ele>
    <time>2024-03-15T14:16:06Z</time>
   </trkpt>
   <trkpt lat="45.8659460" lon="15.2415520">
    <ele>168.0</ele>
    <time>2024-03-15T14:16:07Z</time>
   </trkpt>
   <trkpt lat="45.8659210" lon="15.2415530">
    <ele>168.0</ele>
    <time>2024-03-15T14:16:08Z</time>
   </trkpt>
   <trkpt lat="45.8658970" lon="15.2415330">
    <ele>168.0</ele>
    <time>2024-03-15T14:16:09Z</time>
   </trkpt>
   <trkpt lat="45.8658740" lon="15.2415130">
    <ele>168.0</ele>
    <time>2024-03-15T14:16:10Z</time>
   </trkpt>
   <trkpt lat="45.8658500" lon="15.2414840">
    <ele>168.0</ele>
    <time>2024-03-15T14:16:11Z</time>
   </trkpt>
   <trkpt lat="45.8658260" lon="15.2414550">
    <ele>168.0</ele>
    <time>2024-03-15T14:16:12Z</time>
   </trkpt>
   <trkpt lat="45.8658010" lon="15.2414300">
    <ele>168.0</ele>
    <time>2024-03-15T14:16:13Z</time>
   </trkpt>
   <trkpt lat="45.8657770" lon="15.2414060">
    <ele>168.0</ele>
    <time>2024-03-15T14:16:14Z</time>
   </trkpt>
   <trkpt lat="45.8657520" lon="15.2413910">
    <ele>168.0</ele>
    <time>2024-03-15T14:16:15Z</time>
   </trkpt>
   <trkpt lat="45.8657270" lon="15.2413760">
    <ele>168.0</ele>
    <time>2024-03-15T14:16:16Z</time>
   </trkpt>
   <trkpt lat="45.8657060" lon="15.2413690">
    <ele>168.0</ele>
    <time>2024-03-15T14:16:17Z</time>
   </trkpt>
   <trkpt lat="45.8656840" lon="15.2413620">
    <ele>168.0</ele>
    <time>2024-03-15T14:16:18Z</time>
   </trkpt>
   <trkpt lat="45.8656770" lon="15.2413620">
    <ele>168.0</ele>
    <time>2024-03-15T14:16:19Z</time>
   </trkpt>
   <trkpt lat="45.8656690" lon="15.2413630">
    <ele>168.0</ele>
    <time>2024-03-15T14:16:20Z</time>
   </trkpt>
   <trkpt lat="45.8656820" lon="15.2413750">
    <ele>168.0</ele>
    <time>2024-03-15T14:16:21Z</time>
   </trkpt>
   <trkpt lat="45.8656940" lon="15.2413870">
    <ele>168.0</ele>
    <time>2024-03-15T14:16:22Z</time>
   </trkpt>
   <trkpt lat="45.8657170" lon="15.2414100">
    <ele>168.0</ele>
    <time>2024-03-15T14:16:23Z</time>
   </trkpt>
   <trkpt lat="45.8657400" lon="15.2414320">
    <ele>168.0</ele>
    <time>2024-03-15T14:16:24Z</time>
   </trkpt>
   <trkpt lat="45.8657680" lon="15.2414610">
    <ele>168.0</ele>
    <time>2024-03-15T14:16:25Z</time>
   </trkpt>
   <trkpt lat="45.8657960" lon="15.2414900">
    <ele>168.0</ele>
    <time>2024-03-15T14:16:26Z</time>
   </trkpt>
   <trkpt lat="45.8658250" lon="15.2415200">
    <ele>168.0</ele>
    <time>2024-03-15T14:16:27Z</time>
   </trkpt>
   <trkpt lat="45.8658540" lon="15.2415490">
    <ele>168.0</ele>
    <time>2024-03-15T14:16:28Z</time>
   </trkpt>
   <trkpt lat="45.8658820" lon="15.2415770">
    <ele>168.0</ele>
    <time>2024-03-15T14:16:29Z</time>
   </trkpt>
   <trkpt lat="45.8659090" lon="15.2416050">
    <ele>168.0</ele>
    <time>2024-03-15T14:16:30Z</time>
   </trkpt>
   <trkpt lat="45.8659350" lon="15.2416280">
    <ele>168.0</ele>
    <time>2024-03-15T14:16:31Z</time>
   </trkpt>
   <trkpt lat="45.8659610" lon="15.2416510">
    <ele>168.0</ele>
    <time>2024-03-15T14:16:32Z</time>
   </trkpt>
   <trkpt lat="45.8659880" lon="15.2416680">
    <ele>168.0</ele>
    <time>2024-03-15T14:16:33Z</time>
   </trkpt>
   <trkpt lat="45.8660150" lon="15.2416850">
    <ele>168.0</ele>
    <time>2024-03-15T14:16:34Z</time>
   </trkpt>
   <trkpt lat="45.8660440" lon="15.2417020">
    <ele>168.0</ele>
    <time>2024-03-15T14:16:35Z</time>
   </trkpt>
   <trkpt lat="45.8660730" lon="15.2417200">
    <ele>168.0</ele>
    <time>2024-03-15T14:16:36Z</time>
   </trkpt>
   <trkpt lat="45.8661020" lon="15.2417400">
    <ele>168.0</ele>
    <time>2024-03-15T14:16:37Z</time>
   </trkpt>
   <trkpt lat="45.8661320" lon="15.2417610">
    <ele>168.0</ele>
    <time>2024-03-15T14:16:38Z</time>
   </trkpt>
   <trkpt lat="45.8661590" lon="15.2417810">
    <ele>168.0</ele>
    <time>2024-03-15T14:16:39Z</time>
   </trkpt>
   <trkpt lat="45.8661860" lon="15.2418000">
    <ele>168.0</ele>
    <time>2024-03-15T14:16:40Z</time>
   </trkpt>
   <trkpt lat="45.8662110" lon="15.2418210">
    <ele>168.0</ele>
    <time>2024-03-15T14:16:41Z</time>
   </trkpt>
   <trkpt lat="45.8662350" lon="15.2418410">
    <ele>168.0</ele>
    <time>2024-03-15T14:16:42Z</time>
   </trkpt>
   <trkpt lat="45.8662590" lon="15.2418630">
    <ele>168.0</ele>
    <time>2024-03-15T14:16:43Z</time>
   </trkpt>
   <trkpt lat="45.8662820" lon="15.2418840">
    <ele>168.0</ele>
    <time>2024-03-15T14:16:44Z</time>
   </trkpt>
   <trkpt lat="45.8663040" lon="15.2419050">
    <ele>168.0</ele>
    <time>2024-03-15T14:16:45Z</time>
   </trkpt>
   <trkpt lat="45.8663250" lon="15.2419260">
    <ele>168.0</ele>
    <time>2024-03-15T14:16:46Z</time>
   </trkpt>
   <trkpt lat="45.8663470" lon="15.2419420">
    <ele>167.0</ele>
    <time>2024-03-15T14:16:47Z</time>
   </trkpt>
   <trkpt lat="45.8663690" lon="15.2419590">
    <ele>167.0</ele>
    <time>2024-03-15T14:16:48Z</time>
   </trkpt>
   <trkpt lat="45.8663920" lon="15.2419730">
    <ele>167.0</ele>
    <time>2024-03-15T14:16:49Z</time>
   </trkpt>
   <trkpt lat="45.8664160" lon="15.2419870">
    <ele>167.0</ele>
    <time>2024-03-15T14:16:50Z</time>
   </trkpt>
   <trkpt lat="45.8664380" lon="15.2420040">
    <ele>167.0</ele>
    <time>2024-03-15T14:16:51Z</time>
   </trkpt>
   <trkpt lat="45.8664600" lon="15.2420220">
    <ele>167.0</ele>
    <time>2024-03-15T14:16:52Z</time>
   </trkpt>
   <trkpt lat="45.8664820" lon="15.2420410">
    <ele>167.0</ele>
    <time>2024-03-15T14:16:53Z</time>
   </trkpt>
   <trkpt lat="45.8665040" lon="15.2420610">
    <ele>167.0</ele>
    <time>2024-03-15T14:16:54Z</time>
   </trkpt>
   <trkpt lat="45.8665280" lon="15.2420800">
    <ele>167.0</ele>
    <time>2024-03-15T14:16:55Z</time>
   </trkpt>
   <trkpt lat="45.8665530" lon="15.2421000">
    <ele>167.0</ele>
    <time>2024-03-15T14:16:56Z</time>
   </trkpt>
   <trkpt lat="45.8665800" lon="15.2421190">
    <ele>167.0</ele>
    <time>2024-03-15T14:16:57Z</time>
   </trkpt>
   <trkpt lat="45.8666070" lon="15.2421380">
    <ele>167.0</ele>
    <time>2024-03-15T14:16:58Z</time>
   </trkpt>
   <trkpt lat="45.8666360" lon="15.2421570">
    <ele>167.0</ele>
    <time>2024-03-15T14:16:59Z</time>
   </trkpt>
   <trkpt lat="45.8666650" lon="15.2421760">
    <ele>167.0</ele>
    <time>2024-03-15T14:17:00Z</time>
   </trkpt>
   <trkpt lat="45.8666950" lon="15.2421920">
    <ele>167.0</ele>
    <time>2024-03-15T14:17:01Z</time>
   </trkpt>
   <trkpt lat="45.8667260" lon="15.2422090">
    <ele>167.0</ele>
    <time>2024-03-15T14:17:02Z</time>
   </trkpt>
   <trkpt lat="45.8667570" lon="15.2422220">
    <ele>167.0</ele>
    <time>2024-03-15T14:17:03Z</time>
   </trkpt>
   <trkpt lat="45.8667880" lon="15.2422360">
    <ele>167.0</ele>
    <time>2024-03-15T14:17:04Z</time>
   </trkpt>
   <trkpt lat="45.8668210" lon="15.2422490">
    <ele>167.0</ele>
    <time>2024-03-15T14:17:05Z</time>
   </trkpt>
   <trkpt lat="45.8668530" lon="15.2422630">
    <ele>167.0</ele>
    <time>2024-03-15T14:17:06Z</time>
   </trkpt>
   <trkpt lat="45.8668860" lon="15.2422810">
    <ele>167.0</ele>
    <time>2024-03-15T14:17:07Z</time>
   </trkpt>
   <trkpt lat="45.8669190" lon="15.2422980">
    <ele>167.0</ele>
    <time>2024-03-15T14:17:08Z</time>
   </trkpt>
   <trkpt lat="45.8669510" lon="15.2423190">
    <ele>167.0</ele>
    <time>2024-03-15T14:17:09Z</time>
   </trkpt>
   <trkpt lat="45.8669840" lon="15.2423390">
    <ele>167.0</ele>
    <time>2024-03-15T14:17:10Z</time>
   </trkpt>
   <trkpt lat="45.8670150" lon="15.2423630">
    <ele>167.0</ele>
    <time>2024-03-15T14:17:11Z</time>
   </trkpt>
   <trkpt lat="45.8670470" lon="15.2423870">
    <ele>167.0</ele>
    <time>2024-03-15T14:17:12Z</time>
   </trkpt>
   <trkpt lat="45.8670780" lon="15.2424130">
    <ele>167.0</ele>
    <time>2024-03-15T14:17:13Z</time>
   </trkpt>
   <trkpt lat="45.8671090" lon="15.2424390">
    <ele>167.0</ele>
    <time>2024-03-15T14:17:14Z</time>
   </trkpt>
   <trkpt lat="45.8671380" lon="15.2424640">
    <ele>167.0</ele>
    <time>2024-03-15T14:17:15Z</time>
   </trkpt>
   <trkpt lat="45.8671670" lon="15.2424880">
    <ele>167.0</ele>
    <time>2024-03-15T14:17:16Z</time>
   </trkpt>
   <trkpt lat="45.8671940" lon="15.2425140">
    <ele>167.0</ele>
    <time>2024-03-15T14:17:17Z</time>
   </trkpt>
   <trkpt lat="45.8672210" lon="15.2425400">
    <ele>167.0</ele>
    <time>2024-03-15T14:17:18Z</time>
   </trkpt>
   <trkpt lat="45.8672470" lon="15.2425680">
    <ele>167.0</ele>
    <time>2024-03-15T14:17:19Z</time>
   </trkpt>
   <trkpt lat="45.8672730" lon="15.2425950">
    <ele>167.0</ele>
    <time>2024-03-15T14:17:20Z</time>
   </trkpt>
   <trkpt lat="45.8672980" lon="15.2426240">
    <ele>167.0</ele>
    <time>2024-03-15T14:17:21Z</time>
   </trkpt>
   <trkpt lat="45.8673230" lon="15.2426520">
    <ele>167.0</ele>
    <time>2024-03-15T14:17:22Z</time>
   </trkpt>
   <trkpt lat="45.8673460" lon="15.2426810">
    <ele>167.0</ele>
    <time>2024-03-15T14:17:23Z</time>
   </trkpt>
   <trkpt lat="45.8673700" lon="15.2427110">
    <ele>167.0</ele>
    <time>2024-03-15T14:17:24Z</time>
   </trkpt>
   <trkpt lat="45.8673900" lon="15.2427430">
    <ele>167.0</ele>
    <time>2024-03-15T14:17:25Z</time>
   </trkpt>
   <trkpt lat="45.8674110" lon="15.2427750">
    <ele>167.0</ele>
    <time>2024-03-15T14:17:26Z</time>
   </trkpt>
   <trkpt lat="45.8674280" lon="15.2428080">
    <ele>167.0</ele>
    <time>2024-03-15T14:17:27Z</time>
   </trkpt>
   <trkpt lat="45.8674460" lon="15.2428410">
    <ele>167.0</ele>
    <time>2024-03-15T14:17:28Z</time>
   </trkpt>
   <trkpt lat="45.8674620" lon="15.2428740">
    <ele>167.0</ele>
    <time>2024-03-15T14:17:29Z</time>
   </trkpt>
   <trkpt lat="45.8674780" lon="15.2429080">
    <ele>167.0</ele>
    <time>2024-03-15T14:17:30Z</time>
   </trkpt>
   <trkpt lat="45.8674970" lon="15.2429440">
    <ele>167.0</ele>
    <time>2024-03-15T14:17:31Z</time>
   </trkpt>
   <trkpt lat="45.8675160" lon="15.2429790">
    <ele>167.0</ele>
    <time>2024-03-15T14:17:32Z</time>
   </trkpt>
   <trkpt lat="45.8675340" lon="15.2430150">
    <ele>167.0</ele>
    <time>2024-03-15T14:17:33Z</time>
   </trkpt>
   <trkpt lat="45.8675510" lon="15.2430520">
    <ele>167.0</ele>
    <time>2024-03-15T14:17:34Z</time>
   </trkpt>
   <trkpt lat="45.8675670" lon="15.2430910">
    <ele>167.0</ele>
    <time>2024-03-15T14:17:35Z</time>
   </trkpt>
   <trkpt lat="45.8675820" lon="15.2431310">
    <ele>167.0</ele>
    <time>2024-03-15T14:17:36Z</time>
   </trkpt>
   <trkpt lat="45.8675950" lon="15.2431730">
    <ele>167.0</ele>
    <time>2024-03-15T14:17:37Z</time>
   </trkpt>
   <trkpt lat="45.8676080" lon="15.2432150">
    <ele>167.0</ele>
    <time>2024-03-15T14:17:38Z</time>
   </trkpt>
   <trkpt lat="45.8676220" lon="15.2432570">
    <ele>167.0</ele>
    <time>2024-03-15T14:17:39Z</time>
   </trkpt>
   <trkpt lat="45.8676360" lon="15.2432990">
    <ele>167.0</ele>
    <time>2024-03-15T14:17:40Z</time>
   </trkpt>
   <trkpt lat="45.8676500" lon="15.2433420">
    <ele>167.0</ele>
    <time>2024-03-15T14:17:41Z</time>
   </trkpt>
   <trkpt lat="45.8676640" lon="15.2433850">
    <ele>167.0</ele>
    <time>2024-03-15T14:17:42Z</time>
   </trkpt>
   <trkpt lat="45.8676770" lon="15.2434280">
    <ele>167.0</ele>
    <time>2024-03-15T14:17:43Z</time>
   </trkpt>
   <trkpt lat="45.8676910" lon="15.2434710">
    <ele>167.0</ele>
    <time>2024-03-15T14:17:44Z</time>
   </trkpt>
   <trkpt lat="45.8677020" lon="15.2435170">
    <ele>167.0</ele>
    <time>2024-03-15T14:17:45Z</time>
   </trkpt>
   <trkpt lat="45.8677130" lon="15.2435630">
    <ele>167.0</ele>
    <time>2024-03-15T14:17:46Z</time>
   </trkpt>
   <trkpt lat="45.8677260" lon="15.2436100">
    <ele>167.0</ele>
    <time>2024-03-15T14:17:47Z</time>
   </trkpt>
   <trkpt lat="45.8677380" lon="15.2436570">
    <ele>167.0</ele>
    <time>2024-03-15T14:17:48Z</time>
   </trkpt>
   <trkpt lat="45.8677500" lon="15.2437000">
    <ele>167.0</ele>
    <time>2024-03-15T14:17:49Z</time>
   </trkpt>
   <trkpt lat="45.8677620" lon="15.2437420">
    <ele>167.0</ele>
    <time>2024-03-15T14:17:50Z</time>
   </trkpt>
   <trkpt lat="45.8677720" lon="15.2437820">
    <ele>167.0</ele>
    <time>2024-03-15T14:17:51Z</time>
   </trkpt>
   <trkpt lat="45.8677810" lon="15.2438220">
    <ele>167.0</ele>
    <time>2024-03-15T14:17:52Z</time>
   </trkpt>
   <trkpt lat="45.8677930" lon="15.2438600">
    <ele>167.0</ele>
    <time>2024-03-15T14:17:53Z</time>
   </trkpt>
   <trkpt lat="45.8678050" lon="15.2438980">
    <ele>167.0</ele>
    <time>2024-03-15T14:17:54Z</time>
   </trkpt>
   <trkpt lat="45.8678200" lon="15.2439360">
    <ele>167.0</ele>
    <time>2024-03-15T14:17:55Z</time>
   </trkpt>
   <trkpt lat="45.8678350" lon="15.2439740">
    <ele>167.0</ele>
    <time>2024-03-15T14:17:56Z</time>
   </trkpt>
   <trkpt lat="45.8678530" lon="15.2440170">
    <ele>167.0</ele>
    <time>2024-03-15T14:17:57Z</time>
   </trkpt>
   <trkpt lat="45.8678720" lon="15.2440600">
    <ele>167.0</ele>
    <time>2024-03-15T14:17:58Z</time>
   </trkpt>
   <trkpt lat="45.8678910" lon="15.2441060">
    <ele>167.0</ele>
    <time>2024-03-15T14:17:59Z</time>
   </trkpt>
   <trkpt lat="45.8679100" lon="15.2441520">
    <ele>167.0</ele>
    <time>2024-03-15T14:18:00Z</time>
   </trkpt>
   <trkpt lat="45.8679260" lon="15.2441980">
    <ele>167.0</ele>
    <time>2024-03-15T14:18:01Z</time>
   </trkpt>
   <trkpt lat="45.8679410" lon="15.2442440">
    <ele>167.0</ele>
    <time>2024-03-15T14:18:02Z</time>
   </trkpt>
   <trkpt lat="45.8679570" lon="15.2442860">
    <ele>167.0</ele>
    <time>2024-03-15T14:18:03Z</time>
   </trkpt>
   <trkpt lat="45.8679720" lon="15.2443280">
    <ele>167.0</ele>
    <time>2024-03-15T14:18:04Z</time>
   </trkpt>
   <trkpt lat="45.8679870" lon="15.2443680">
    <ele>167.0</ele>
    <time>2024-03-15T14:18:05Z</time>
   </trkpt>
   <trkpt lat="45.8680020" lon="15.2444080">
    <ele>167.0</ele>
    <time>2024-03-15T14:18:06Z</time>
   </trkpt>
   <trkpt lat="45.8680160" lon="15.2444490">
    <ele>167.0</ele>
    <time>2024-03-15T14:18:07Z</time>
   </trkpt>
   <trkpt lat="45.8680310" lon="15.2444900">
    <ele>167.0</ele>
    <time>2024-03-15T14:18:08Z</time>
   </trkpt>
   <trkpt lat="45.8680430" lon="15.2445300">
    <ele>167.0</ele>
    <time>2024-03-15T14:18:09Z</time>
   </trkpt>
   <trkpt lat="45.8680560" lon="15.2445700">
    <ele>167.0</ele>
    <time>2024-03-15T14:18:10Z</time>
   </trkpt>
   <trkpt lat="45.8680680" lon="15.2446100">
    <ele>167.0</ele>
    <time>2024-03-15T14:18:11Z</time>
   </trkpt>
   <trkpt lat="45.8680810" lon="15.2446500">
    <ele>166.0</ele>
    <time>2024-03-15T14:18:12Z</time>
   </trkpt>
   <trkpt lat="45.8680940" lon="15.2446900">
    <ele>166.0</ele>
    <time>2024-03-15T14:18:13Z</time>
   </trkpt>
   <trkpt lat="45.8681070" lon="15.2447300">
    <ele>166.0</ele>
    <time>2024-03-15T14:18:14Z</time>
   </trkpt>
   <trkpt lat="45.8681210" lon="15.2447710">
    <ele>166.0</ele>
    <time>2024-03-15T14:18:15Z</time>
   </trkpt>
   <trkpt lat="45.8681360" lon="15.2448120">
    <ele>166.0</ele>
    <time>2024-03-15T14:18:16Z</time>
   </trkpt>
   <trkpt lat="45.8681510" lon="15.2448530">
    <ele>166.0</ele>
    <time>2024-03-15T14:18:17Z</time>
   </trkpt>
   <trkpt lat="45.8681660" lon="15.2448930">
    <ele>166.0</ele>
    <time>2024-03-15T14:18:18Z</time>
   </trkpt>
   <trkpt lat="45.8681780" lon="15.2449340">
    <ele>166.0</ele>
    <time>2024-03-15T14:18:19Z</time>
   </trkpt>
   <trkpt lat="45.8681900" lon="15.2449750">
    <ele>166.0</ele>
    <time>2024-03-15T14:18:20Z</time>
   </trkpt>
   <trkpt lat="45.8681990" lon="15.2450180">
    <ele>166.0</ele>
    <time>2024-03-15T14:18:21Z</time>
   </trkpt>
   <trkpt lat="45.8682090" lon="15.2450600">
    <ele>166.0</ele>
    <time>2024-03-15T14:18:22Z</time>
   </trkpt>
   <trkpt lat="45.8682170" lon="15.2451040">
    <ele>166.0</ele>
    <time>2024-03-15T14:18:23Z</time>
   </trkpt>
   <trkpt lat="45.8682250" lon="15.2451470">
    <ele>166.0</ele>
    <time>2024-03-15T14:18:24Z</time>
   </trkpt>
   <trkpt lat="45.8682320" lon="15.2451940">
    <ele>166.0</ele>
    <time>2024-03-15T14:18:25Z</time>
   </trkpt>
   <trkpt lat="45.8682390" lon="15.2452410">
    <ele>166.0</ele>
    <time>2024-03-15T14:18:26Z</time>
   </trkpt>
   <trkpt lat="45.8682420" lon="15.2452890">
    <ele>166.0</ele>
    <time>2024-03-15T14:18:27Z</time>
   </trkpt>
   <trkpt lat="45.8682450" lon="15.2453380">
    <ele>166.0</ele>
    <time>2024-03-15T14:18:28Z</time>
   </trkpt>
   <trkpt lat="45.8682420" lon="15.2453860">
    <ele>166.0</ele>
    <time>2024-03-15T14:18:29Z</time>
   </trkpt>
   <trkpt lat="45.8682390" lon="15.2454340">
    <ele>166.0</ele>
    <time>2024-03-15T14:18:30Z</time>
   </trkpt>
   <trkpt lat="45.8682290" lon="15.2454790">
    <ele>166.0</ele>
    <time>2024-03-15T14:18:31Z</time>
   </trkpt>
   <trkpt lat="45.8682180" lon="15.2455240">
    <ele>166.0</ele>
    <time>2024-03-15T14:18:32Z</time>
   </trkpt>
   <trkpt lat="45.8682040" lon="15.2455650">
    <ele>166.0</ele>
    <time>2024-03-15T14:18:33Z</time>
   </trkpt>
   <trkpt lat="45.8681890" lon="15.2456050">
    <ele>166.0</ele>
    <time>2024-03-15T14:18:34Z</time>
   </trkpt>
   <trkpt lat="45.8681740" lon="15.2456450">
    <ele>166.0</ele>
    <time>2024-03-15T14:18:35Z</time>
   </trkpt>
   <trkpt lat="45.8681610" lon="15.2456880">
    <ele>166.0</ele>
    <time>2024-03-15T14:18:36Z</time>
   </trkpt>
   <trkpt lat="45.8681480" lon="15.2457310">
    <ele>166.0</ele>
    <time>2024-03-15T14:18:37Z</time>
   </trkpt>
   <trkpt lat="45.8681350" lon="15.2457750">
    <ele>166.0</ele>
    <time>2024-03-15T14:18:38Z</time>
   </trkpt>
   <trkpt lat="45.8681220" lon="15.2458200">
    <ele>166.0</ele>
    <time>2024-03-15T14:18:39Z</time>
   </trkpt>
   <trkpt lat="45.8681060" lon="15.2458620">
    <ele>166.0</ele>
    <time>2024-03-15T14:18:40Z</time>
   </trkpt>
   <trkpt lat="45.8680900" lon="15.2459050">
    <ele>166.0</ele>
    <time>2024-03-15T14:18:41Z</time>
   </trkpt>
   <trkpt lat="45.8680720" lon="15.2459470">
    <ele>166.0</ele>
    <time>2024-03-15T14:18:42Z</time>
   </trkpt>
   <trkpt lat="45.8680540" lon="15.2459890">
    <ele>166.0</ele>
    <time>2024-03-15T14:18:43Z</time>
   </trkpt>
   <trkpt lat="45.8680400" lon="15.2460320">
    <ele>166.0</ele>
    <time>2024-03-15T14:18:44Z</time>
   </trkpt>
   <trkpt lat="45.8680250" lon="15.2460740">
    <ele>166.0</ele>
    <time>2024-03-15T14:18:45Z</time>
   </trkpt>
   <trkpt lat="45.8680170" lon="15.2461190">
    <ele>166.0</ele>
    <time>2024-03-15T14:18:46Z</time>
   </trkpt>
   <trkpt lat="45.8680100" lon="15.2461630">
    <ele>166.0</ele>
    <time>2024-03-15T14:18:47Z</time>
   </trkpt>
   <trkpt lat="45.8680080" lon="15.2462100">
    <ele>166.0</ele>
    <time>2024-03-15T14:18:48Z</time>
   </trkpt>
   <trkpt lat="45.8680070" lon="15.2462570">
    <ele>166.0</ele>
    <time>2024-03-15T14:18:49Z</time>
   </trkpt>
   <trkpt lat="45.8680070" lon="15.2463040">
    <ele>166.0</ele>
    <time>2024-03-15T14:18:50Z</time>
   </trkpt>
   <trkpt lat="45.8680060" lon="15.2463500">
    <ele>166.0</ele>
    <time>2024-03-15T14:18:51Z</time>
   </trkpt>
   <trkpt lat="45.8680090" lon="15.2463970">
    <ele>166.0</ele>
    <time>2024-03-15T14:18:52Z</time>
   </trkpt>
   <trkpt lat="45.8680110" lon="15.2464440">
    <ele>166.0</ele>
    <time>2024-03-15T14:18:53Z</time>
   </trkpt>
   <trkpt lat="45.8680170" lon="15.2464920">
    <ele>166.0</ele>
    <time>2024-03-15T14:18:54Z</time>
   </trkpt>
   <trkpt lat="45.8680230" lon="15.2465390">
    <ele>166.0</ele>
    <time>2024-03-15T14:18:55Z</time>
   </trkpt>
   <trkpt lat="45.8680290" lon="15.2465860">
    <ele>166.0</ele>
    <time>2024-03-15T14:18:56Z</time>
   </trkpt>
   <trkpt lat="45.8680350" lon="15.2466340">
    <ele>166.0</ele>
    <time>2024-03-15T14:18:57Z</time>
   </trkpt>
   <trkpt lat="45.8680380" lon="15.2466810">
    <ele>166.0</ele>
    <time>2024-03-15T14:18:58Z</time>
   </trkpt>
   <trkpt lat="45.8680410" lon="15.2467280">
    <ele>166.0</ele>
    <time>2024-03-15T14:18:59Z</time>
   </trkpt>
   <trkpt lat="45.8680390" lon="15.2467720">
    <ele>166.0</ele>
    <time>2024-03-15T14:19:00Z</time>
   </trkpt>
   <trkpt lat="45.8680370" lon="15.2468150">
    <ele>166.0</ele>
    <time>2024-03-15T14:19:01Z</time>
   </trkpt>
   <trkpt lat="45.8680350" lon="15.2468580">
    <ele>166.0</ele>
    <time>2024-03-15T14:19:02Z</time>
   </trkpt>
   <trkpt lat="45.8680310" lon="15.2469010">
    <ele>166.0</ele>
    <time>2024-03-15T14:19:03Z</time>
   </trkpt>
   <trkpt lat="45.8680290" lon="15.2469420">
    <ele>166.0</ele>
    <time>2024-03-15T14:19:04Z</time>
   </trkpt>
   <trkpt lat="45.8680270" lon="15.2469830">
    <ele>166.0</ele>
    <time>2024-03-15T14:19:05Z</time>
   </trkpt>
   <trkpt lat="45.8680220" lon="15.2470240">
    <ele>166.0</ele>
    <time>2024-03-15T14:19:06Z</time>
   </trkpt>
   <trkpt lat="45.8680180" lon="15.2470650">
    <ele>165.0</ele>
    <time>2024-03-15T14:19:07Z</time>
   </trkpt>
   <trkpt lat="45.8680120" lon="15.2471040">
    <ele>165.0</ele>
    <time>2024-03-15T14:19:08Z</time>
   </trkpt>
   <trkpt lat="45.8680050" lon="15.2471430">
    <ele>165.0</ele>
    <time>2024-03-15T14:19:09Z</time>
   </trkpt>
   <trkpt lat="45.8679960" lon="15.2471830">
    <ele>165.0</ele>
    <time>2024-03-15T14:19:10Z</time>
   </trkpt>
   <trkpt lat="45.8679870" lon="15.2472230">
    <ele>165.0</ele>
    <time>2024-03-15T14:19:11Z</time>
   </trkpt>
   <trkpt lat="45.8679770" lon="15.2472640">
    <ele>165.0</ele>
    <time>2024-03-15T14:19:12Z</time>
   </trkpt>
   <trkpt lat="45.8679670" lon="15.2473050">
    <ele>165.0</ele>
    <time>2024-03-15T14:19:13Z</time>
   </trkpt>
   <trkpt lat="45.8679580" lon="15.2473450">
    <ele>165.0</ele>
    <time>2024-03-15T14:19:14Z</time>
   </trkpt>
   <trkpt lat="45.8679490" lon="15.2473840">
    <ele>165.0</ele>
    <time>2024-03-15T14:19:15Z</time>
   </trkpt>
   <trkpt lat="45.8679400" lon="15.2474260">
    <ele>165.0</ele>
    <time>2024-03-15T14:19:16Z</time>
   </trkpt>
   <trkpt lat="45.8679300" lon="15.2474670">
    <ele>165.0</ele>
    <time>2024-03-15T14:19:17Z</time>
   </trkpt>
   <trkpt lat="45.8679220" lon="15.2475090">
    <ele>165.0</ele>
    <time>2024-03-15T14:19:18Z</time>
   </trkpt>
   <trkpt lat="45.8679130" lon="15.2475510">
    <ele>165.0</ele>
    <time>2024-03-15T14:19:19Z</time>
   </trkpt>
   <trkpt lat="45.8679060" lon="15.2475930">
    <ele>165.0</ele>
    <time>2024-03-15T14:19:20Z</time>
   </trkpt>
   <trkpt lat="45.8678990" lon="15.2476340">
    <ele>165.0</ele>
    <time>2024-03-15T14:19:21Z</time>
   </trkpt>
   <trkpt lat="45.8678940" lon="15.2476760">
    <ele>165.0</ele>
    <time>2024-03-15T14:19:22Z</time>
   </trkpt>
   <trkpt lat="45.8678890" lon="15.2477190">
    <ele>165.0</ele>
    <time>2024-03-15T14:19:23Z</time>
   </trkpt>
   <trkpt lat="45.8678830" lon="15.2477640">
    <ele>165.0</ele>
    <time>2024-03-15T14:19:24Z</time>
   </trkpt>
   <trkpt lat="45.8678770" lon="15.2478080">
    <ele>165.0</ele>
    <time>2024-03-15T14:19:25Z</time>
   </trkpt>
   <trkpt lat="45.8678660" lon="15.2478520">
    <ele>165.0</ele>
    <time>2024-03-15T14:19:26Z</time>
   </trkpt>
   <trkpt lat="45.8678550" lon="15.2478960">
    <ele>165.0</ele>
    <time>2024-03-15T14:19:27Z</time>
   </trkpt>
   <trkpt lat="45.8678410" lon="15.2479380">
    <ele>165.0</ele>
    <time>2024-03-15T14:19:28Z</time>
   </trkpt>
   <trkpt lat="45.8678270" lon="15.2479800">
    <ele>165.0</ele>
    <time>2024-03-15T14:19:29Z</time>
   </trkpt>
   <trkpt lat="45.8678100" lon="15.2480220">
    <ele>165.0</ele>
    <time>2024-03-15T14:19:30Z</time>
   </trkpt>
   <trkpt lat="45.8677930" lon="15.2480650">
    <ele>165.0</ele>
    <time>2024-03-15T14:19:31Z</time>
   </trkpt>
   <trkpt lat="45.8677740" lon="15.2481070">
    <ele>165.0</ele>
    <time>2024-03-15T14:19:32Z</time>
   </trkpt>
   <trkpt lat="45.8677560" lon="15.2481490">
    <ele>165.0</ele>
    <time>2024-03-15T14:19:33Z</time>
   </trkpt>
   <trkpt lat="45.8677390" lon="15.2481900">
    <ele>165.0</ele>
    <time>2024-03-15T14:19:34Z</time>
   </trkpt>
   <trkpt lat="45.8677220" lon="15.2482310">
    <ele>165.0</ele>
    <time>2024-03-15T14:19:35Z</time>
   </trkpt>
   <trkpt lat="45.8677080" lon="15.2482730">
    <ele>165.0</ele>
    <time>2024-03-15T14:19:36Z</time>
   </trkpt>
   <trkpt lat="45.8676930" lon="15.2483140">
    <ele>165.0</ele>
    <time>2024-03-15T14:19:37Z</time>
   </trkpt>
   <trkpt lat="45.8676800" lon="15.2483580">
    <ele>165.0</ele>
    <time>2024-03-15T14:19:38Z</time>
   </trkpt>
   <trkpt lat="45.8676660" lon="15.2484010">
    <ele>165.0</ele>
    <time>2024-03-15T14:19:39Z</time>
   </trkpt>
   <trkpt lat="45.8676520" lon="15.2484420">
    <ele>165.0</ele>
    <time>2024-03-15T14:19:40Z</time>
   </trkpt>
   <trkpt lat="45.8676370" lon="15.2484840">
    <ele>165.0</ele>
    <time>2024-03-15T14:19:41Z</time>
   </trkpt>
   <trkpt lat="45.8676210" lon="15.2485240">
    <ele>165.0</ele>
    <time>2024-03-15T14:19:42Z</time>
   </trkpt>
   <trkpt lat="45.8676040" lon="15.2485640">
    <ele>165.0</ele>
    <time>2024-03-15T14:19:43Z</time>
   </trkpt>
   <trkpt lat="45.8675870" lon="15.2486040">
    <ele>165.0</ele>
    <time>2024-03-15T14:19:44Z</time>
   </trkpt>
   <trkpt lat="45.8675700" lon="15.2486430">
    <ele>165.0</ele>
    <time>2024-03-15T14:19:45Z</time>
   </trkpt>
   <trkpt lat="45.8675550" lon="15.2486810">
    <ele>165.0</ele>
    <time>2024-03-15T14:19:46Z</time>
   </trkpt>
   <trkpt lat="45.8675390" lon="15.2487190">
    <ele>165.0</ele>
    <time>2024-03-15T14:19:47Z</time>
   </trkpt>
   <trkpt lat="45.8675240" lon="15.2487570">
    <ele>165.0</ele>
    <time>2024-03-15T14:19:48Z</time>
   </trkpt>
   <trkpt lat="45.8675080" lon="15.2487950">
    <ele>165.0</ele>
    <time>2024-03-15T14:19:49Z</time>
   </trkpt>
   <trkpt lat="45.8674900" lon="15.2488330">
    <ele>165.0</ele>
    <time>2024-03-15T14:19:50Z</time>
   </trkpt>
   <trkpt lat="45.8674710" lon="15.2488700">
    <ele>165.0</ele>
    <time>2024-03-15T14:19:51Z</time>
   </trkpt>
   <trkpt lat="45.8674480" lon="15.2489000">
    <ele>165.0</ele>
    <time>2024-03-15T14:19:52Z</time>
   </trkpt>
   <trkpt lat="45.8674260" lon="15.2489300">
    <ele>165.0</ele>
    <time>2024-03-15T14:19:53Z</time>
   </trkpt>
   <trkpt lat="45.8673990" lon="15.2489530">
    <ele>165.0</ele>
    <time>2024-03-15T14:19:54Z</time>
   </trkpt>
   <trkpt lat="45.8673730" lon="15.2489770">
    <ele>165.0</ele>
    <time>2024-03-15T14:19:55Z</time>
   </trkpt>
   <trkpt lat="45.8673460" lon="15.2489980">
    <ele>165.0</ele>
    <time>2024-03-15T14:19:56Z</time>
   </trkpt>
   <trkpt lat="45.8673190" lon="15.2490200">
    <ele>165.0</ele>
    <time>2024-03-15T14:19:57Z</time>
   </trkpt>
   <trkpt lat="45.8672910" lon="15.2490420">
    <ele>165.0</ele>
    <time>2024-03-15T14:19:58Z</time>
   </trkpt>
   <trkpt lat="45.8672640" lon="15.2490640">
    <ele>165.0</ele>
    <time>2024-03-15T14:19:59Z</time>
   </trkpt>
   <trkpt lat="45.8672380" lon="15.2490870">
    <ele>165.0</ele>
    <time>2024-03-15T14:20:00Z</time>
   </trkpt>
   <trkpt lat="45.8672120" lon="15.2491110">
    <ele>165.0</ele>
    <time>2024-03-15T14:20:01Z</time>
   </trkpt>
   <trkpt lat="45.8671860" lon="15.2491360">
    <ele>165.0</ele>
    <time>2024-03-15T14:20:02Z</time>
   </trkpt>
   <trkpt lat="45.8671610" lon="15.2491600">
    <ele>165.0</ele>
    <time>2024-03-15T14:20:03Z</time>
   </trkpt>
   <trkpt lat="45.8671350" lon="15.2491880">
    <ele>165.0</ele>
    <time>2024-03-15T14:20:04Z</time>
   </trkpt>
   <trkpt lat="45.8671100" lon="15.2492150">
    <ele>165.0</ele>
    <time>2024-03-15T14:20:05Z</time>
   </trkpt>
   <trkpt lat="45.8670850" lon="15.2492410">
    <ele>165.0</ele>
    <time>2024-03-15T14:20:06Z</time>
   </trkpt>
   <trkpt lat="45.8670600" lon="15.2492680">
    <ele>165.0</ele>
    <time>2024-03-15T14:20:07Z</time>
   </trkpt>
   <trkpt lat="45.8670350" lon="15.2492890">
    <ele>165.0</ele>
    <time>2024-03-15T14:20:08Z</time>
   </trkpt>
   <trkpt lat="45.8670100" lon="15.2493100">
    <ele>165.0</ele>
    <time>2024-03-15T14:20:09Z</time>
   </trkpt>
   <trkpt lat="45.8669820" lon="15.2493270">
    <ele>165.0</ele>
    <time>2024-03-15T14:20:10Z</time>
   </trkpt>
   <trkpt lat="45.8669540" lon="15.2493450">
    <ele>165.0</ele>
    <time>2024-03-15T14:20:11Z</time>
   </trkpt>
   <trkpt lat="45.8669270" lon="15.2493630">
    <ele>165.0</ele>
    <time>2024-03-15T14:20:12Z</time>
   </trkpt>
   <trkpt lat="45.8669000" lon="15.2493810">
    <ele>165.0</ele>
    <time>2024-03-15T14:20:13Z</time>
   </trkpt>
   <trkpt lat="45.8668740" lon="15.2494020">
    <ele>165.0</ele>
    <time>2024-03-15T14:20:14Z</time>
   </trkpt>
   <trkpt lat="45.8668470" lon="15.2494240">
    <ele>165.0</ele>
    <time>2024-03-15T14:20:15Z</time>
   </trkpt>
   <trkpt lat="45.8668220" lon="15.2494430">
    <ele>165.0</ele>
    <time>2024-03-15T14:20:16Z</time>
   </trkpt>
   <trkpt lat="45.8667960" lon="15.2494630">
    <ele>165.0</ele>
    <time>2024-03-15T14:20:17Z</time>
   </trkpt>
   <trkpt lat="45.8667710" lon="15.2494840">
    <ele>165.0</ele>
    <time>2024-03-15T14:20:18Z</time>
   </trkpt>
   <trkpt lat="45.8667460" lon="15.2495050">
    <ele>165.0</ele>
    <time>2024-03-15T14:20:19Z</time>
   </trkpt>
   <trkpt lat="45.8667200" lon="15.2495310">
    <ele>165.0</ele>
    <time>2024-03-15T14:20:20Z</time>
   </trkpt>
   <trkpt lat="45.8666930" lon="15.2495570">
    <ele>165.0</ele>
    <time>2024-03-15T14:20:21Z</time>
   </trkpt>
   <trkpt lat="45.8666650" lon="15.2495860">
    <ele>165.0</ele>
    <time>2024-03-15T14:20:22Z</time>
   </trkpt>
   <trkpt lat="45.8666380" lon="15.2496160">
    <ele>165.0</ele>
    <time>2024-03-15T14:20:23Z</time>
   </trkpt>
   <trkpt lat="45.8666090" lon="15.2496440">
    <ele>165.0</ele>
    <time>2024-03-15T14:20:24Z</time>
   </trkpt>
   <trkpt lat="45.8665800" lon="15.2496720">
    <ele>165.0</ele>
    <time>2024-03-15T14:20:25Z</time>
   </trkpt>
   <trkpt lat="45.8665530" lon="15.2496970">
    <ele>165.0</ele>
    <time>2024-03-15T14:20:26Z</time>
   </trkpt>
   <trkpt lat="45.8665260" lon="15.2497230">
    <ele>165.0</ele>
    <time>2024-03-15T14:20:27Z</time>
   </trkpt>
   <trkpt lat="45.8665000" lon="15.2497460">
    <ele>165.0</ele>
    <time>2024-03-15T14:20:28Z</time>
   </trkpt>
   <trkpt lat="45.8664740" lon="15.2497690">
    <ele>165.0</ele>
    <time>2024-03-15T14:20:29Z</time>
   </trkpt>
   <trkpt lat="45.8664500" lon="15.2497890">
    <ele>165.0</ele>
    <time>2024-03-15T14:20:30Z</time>
   </trkpt>
   <trkpt lat="45.8664250" lon="15.2498090">
    <ele>165.0</ele>
    <time>2024-03-15T14:20:31Z</time>
   </trkpt>
   <trkpt lat="45.8664020" lon="15.2498280">
    <ele>165.0</ele>
    <time>2024-03-15T14:20:32Z</time>
   </trkpt>
   <trkpt lat="45.8663780" lon="15.2498460">
    <ele>165.0</ele>
    <time>2024-03-15T14:20:33Z</time>
   </trkpt>
   <trkpt lat="45.8663510" lon="15.2498660">
    <ele>165.0</ele>
    <time>2024-03-15T14:20:34Z</time>
   </trkpt>
   <trkpt lat="45.8663240" lon="15.2498860">
    <ele>165.0</ele>
    <time>2024-03-15T14:20:35Z</time>
   </trkpt>
   <trkpt lat="45.8662920" lon="15.2499070">
    <ele>165.0</ele>
    <time>2024-03-15T14:20:36Z</time>
   </trkpt>
   <trkpt lat="45.8662600" lon="15.2499280">
    <ele>165.0</ele>
    <time>2024-03-15T14:20:37Z</time>
   </trkpt>
   <trkpt lat="45.8662250" lon="15.2499480">
    <ele>165.0</ele>
    <time>2024-03-15T14:20:38Z</time>
   </trkpt>
   <trkpt lat="45.8661910" lon="15.2499690">
    <ele>165.0</ele>
    <time>2024-03-15T14:20:39Z</time>
   </trkpt>
   <trkpt lat="45.8661570" lon="15.2499890">
    <ele>165.0</ele>
    <time>2024-03-15T14:20:40Z</time>
   </trkpt>
   <trkpt lat="45.8661230" lon="15.2500080">
    <ele>165.0</ele>
    <time>2024-03-15T14:20:41Z</time>
   </trkpt>
   <trkpt lat="45.8660910" lon="15.2500290">
    <ele>165.0</ele>
    <time>2024-03-15T14:20:42Z</time>
   </trkpt>
   <trkpt lat="45.8660590" lon="15.2500500">
    <ele>165.0</ele>
    <time>2024-03-15T14:20:43Z</time>
   </trkpt>
   <trkpt lat="45.8660300" lon="15.2500720">
    <ele>165.0</ele>
    <time>2024-03-15T14:20:44Z</time>
   </trkpt>
   <trkpt lat="45.8660010" lon="15.2500940">
    <ele>165.0</ele>
    <time>2024-03-15T14:20:45Z</time>
   </trkpt>
   <trkpt lat="45.8659730" lon="15.2501140">
    <ele>166.0</ele>
    <time>2024-03-15T14:20:46Z</time>
   </trkpt>
   <trkpt lat="45.8659440" lon="15.2501350">
    <ele>165.0</ele>
    <time>2024-03-15T14:20:47Z</time>
   </trkpt>
   <trkpt lat="45.8659160" lon="15.2501500">
    <ele>165.0</ele>
    <time>2024-03-15T14:20:48Z</time>
   </trkpt>
   <trkpt lat="45.8658890" lon="15.2501660">
    <ele>165.0</ele>
    <time>2024-03-15T14:20:49Z</time>
   </trkpt>
   <trkpt lat="45.8658640" lon="15.2501750">
    <ele>165.0</ele>
    <time>2024-03-15T14:20:50Z</time>
   </trkpt>
   <trkpt lat="45.8658390" lon="15.2501840">
    <ele>165.0</ele>
    <time>2024-03-15T14:20:51Z</time>
   </trkpt>
   <trkpt lat="45.8658130" lon="15.2501890">
    <ele>165.0</ele>
    <time>2024-03-15T14:20:52Z</time>
   </trkpt>
   <trkpt lat="45.8657870" lon="15.2501940">
    <ele>165.0</ele>
    <time>2024-03-15T14:20:53Z</time>
   </trkpt>
   <trkpt lat="45.8657580" lon="15.2502010">
    <ele>165.0</ele>
    <time>2024-03-15T14:20:54Z</time>
   </trkpt>
   <trkpt lat="45.8657300" lon="15.2502070">
    <ele>165.0</ele>
    <time>2024-03-15T14:20:55Z</time>
   </trkpt>
   <trkpt lat="45.8657020" lon="15.2502180">
    <ele>165.0</ele>
    <time>2024-03-15T14:20:56Z</time>
   </trkpt>
   <trkpt lat="45.8656740" lon="15.2502290">
    <ele>165.0</ele>
    <time>2024-03-15T14:20:57Z</time>
   </trkpt>
   <trkpt lat="45.8656480" lon="15.2502470">
    <ele>165.0</ele>
    <time>2024-03-15T14:20:58Z</time>
   </trkpt>
   <trkpt lat="45.8656220" lon="15.2502640">
    <ele>165.0</ele>
    <time>2024-03-15T14:20:59Z</time>
   </trkpt>
   <trkpt lat="45.8655970" lon="15.2502860">
    <ele>165.0</ele>
    <time>2024-03-15T14:21:00Z</time>
   </trkpt>
   <trkpt lat="45.8655720" lon="15.2503070">
    <ele>165.0</ele>
    <time>2024-03-15T14:21:01Z</time>
   </trkpt>
   <trkpt lat="45.8655450" lon="15.2503260">
    <ele>165.0</ele>
    <time>2024-03-15T14:21:02Z</time>
   </trkpt>
   <trkpt lat="45.8655180" lon="15.2503460">
    <ele>165.0</ele>
    <time>2024-03-15T14:21:03Z</time>
   </trkpt>
   <trkpt lat="45.8654890" lon="15.2503630">
    <ele>165.0</ele>
    <time>2024-03-15T14:21:04Z</time>
   </trkpt>
   <trkpt lat="45.8654600" lon="15.2503800">
    <ele>165.0</ele>
    <time>2024-03-15T14:21:05Z</time>
   </trkpt>
   <trkpt lat="45.8654290" lon="15.2503960">
    <ele>165.0</ele>
    <time>2024-03-15T14:21:06Z</time>
   </trkpt>
   <trkpt lat="45.8653990" lon="15.2504110">
    <ele>165.0</ele>
    <time>2024-03-15T14:21:07Z</time>
   </trkpt>
   <trkpt lat="45.8653690" lon="15.2504240">
    <ele>165.0</ele>
    <time>2024-03-15T14:21:08Z</time>
   </trkpt>
   <trkpt lat="45.8653390" lon="15.2504360">
    <ele>165.0</ele>
    <time>2024-03-15T14:21:09Z</time>
   </trkpt>
   <trkpt lat="45.8653100" lon="15.2504490">
    <ele>165.0</ele>
    <time>2024-03-15T14:21:10Z</time>
   </trkpt>
   <trkpt lat="45.8652810" lon="15.2504620">
    <ele>165.0</ele>
    <time>2024-03-15T14:21:11Z</time>
   </trkpt>
   <trkpt lat="45.8652520" lon="15.2504760">
    <ele>165.0</ele>
    <time>2024-03-15T14:21:12Z</time>
   </trkpt>
   <trkpt lat="45.8652240" lon="15.2504900">
    <ele>165.0</ele>
    <time>2024-03-15T14:21:13Z</time>
   </trkpt>
   <trkpt lat="45.8651950" lon="15.2505020">
    <ele>165.0</ele>
    <time>2024-03-15T14:21:14Z</time>
   </trkpt>
   <trkpt lat="45.8651670" lon="15.2505130">
    <ele>165.0</ele>
    <time>2024-03-15T14:21:15Z</time>
   </trkpt>
   <trkpt lat="45.8651400" lon="15.2505210">
    <ele>165.0</ele>
    <time>2024-03-15T14:21:16Z</time>
   </trkpt>
   <trkpt lat="45.8651140" lon="15.2505280">
    <ele>165.0</ele>
    <time>2024-03-15T14:21:17Z</time>
   </trkpt>
   <trkpt lat="45.8650890" lon="15.2505250">
    <ele>165.0</ele>
    <time>2024-03-15T14:21:18Z</time>
   </trkpt>
   <trkpt lat="45.8650650" lon="15.2505220">
    <ele>165.0</ele>
    <time>2024-03-15T14:21:19Z</time>
   </trkpt>
   <trkpt lat="45.8650440" lon="15.2505060">
    <ele>165.0</ele>
    <time>2024-03-15T14:21:20Z</time>
   </trkpt>
   <trkpt lat="45.8650240" lon="15.2504890">
    <ele>165.0</ele>
    <time>2024-03-15T14:21:21Z</time>
   </trkpt>
   <trkpt lat="45.8650150" lon="15.2504630">
    <ele>165.0</ele>
    <time>2024-03-15T14:21:22Z</time>
   </trkpt>
   <trkpt lat="45.8650060" lon="15.2504380">
    <ele>165.0</ele>
    <time>2024-03-15T14:21:23Z</time>
   </trkpt>
   <trkpt lat="45.8650080" lon="15.2504170">
    <ele>165.0</ele>
    <time>2024-03-15T14:21:24Z</time>
   </trkpt>
   <trkpt lat="45.8650110" lon="15.2503960">
    <ele>165.0</ele>
    <time>2024-03-15T14:21:25Z</time>
   </trkpt>
   <trkpt lat="45.8650180" lon="15.2503820">
    <ele>165.0</ele>
    <time>2024-03-15T14:21:26Z</time>
   </trkpt>
   <trkpt lat="45.8650250" lon="15.2503690">
    <ele>165.0</ele>
    <time>2024-03-15T14:21:27Z</time>
   </trkpt>
   <trkpt lat="45.8650330" lon="15.2503600">
    <ele>165.0</ele>
    <time>2024-03-15T14:21:28Z</time>
   </trkpt>
   <trkpt lat="45.8650420" lon="15.2503520">
    <ele>165.0</ele>
    <time>2024-03-15T14:21:29Z</time>
   </trkpt>
   <trkpt lat="45.8650470" lon="15.2503400">
    <ele>165.0</ele>
    <time>2024-03-15T14:21:30Z</time>
   </trkpt>
   <trkpt lat="45.8650520" lon="15.2503270">
    <ele>166.0</ele>
    <time>2024-03-15T14:21:31Z</time>
   </trkpt>
   <trkpt lat="45.8650550" lon="15.2503110">
    <ele>166.0</ele>
    <time>2024-03-15T14:21:32Z</time>
   </trkpt>
   <trkpt lat="45.8650590" lon="15.2502940">
    <ele>166.0</ele>
    <time>2024-03-15T14:21:33Z</time>
   </trkpt>
   <trkpt lat="45.8650660" lon="15.2502770">
    <ele>166.0</ele>
    <time>2024-03-15T14:21:34Z</time>
   </trkpt>
   <trkpt lat="45.8650740" lon="15.2502610">
    <ele>166.0</ele>
    <time>2024-03-15T14:21:35Z</time>
   </trkpt>
   <trkpt lat="45.8650840" lon="15.2502460">
    <ele>166.0</ele>
    <time>2024-03-15T14:21:36Z</time>
   </trkpt>
   <trkpt lat="45.8650940" lon="15.2502320">
    <ele>166.0</ele>
    <time>2024-03-15T14:21:37Z</time>
   </trkpt>
   <trkpt lat="45.8651030" lon="15.2502180">
    <ele>166.0</ele>
    <time>2024-03-15T14:21:38Z</time>
   </trkpt>
   <trkpt lat="45.8651130" lon="15.2502050">
    <ele>166.0</ele>
    <time>2024-03-15T14:21:39Z</time>
   </trkpt>
   <trkpt lat="45.8651210" lon="15.2501920">
    <ele>166.0</ele>
    <time>2024-03-15T14:21:40Z</time>
   </trkpt>
   <trkpt lat="45.8651290" lon="15.2501790">
    <ele>167.0</ele>
    <time>2024-03-15T14:21:41Z</time>
   </trkpt>
   <trkpt lat="45.8651340" lon="15.2501640">
    <ele>167.0</ele>
    <time>2024-03-15T14:21:42Z</time>
   </trkpt>
   <trkpt lat="45.8651390" lon="15.2501490">
    <ele>167.0</ele>
    <time>2024-03-15T14:21:43Z</time>
   </trkpt>
   <trkpt lat="45.8651430" lon="15.2501330">
    <ele>167.0</ele>
    <time>2024-03-15T14:21:44Z</time>
   </trkpt>
   <trkpt lat="45.8651460" lon="15.2501160">
    <ele>167.0</ele>
    <time>2024-03-15T14:21:45Z</time>
   </trkpt>
   <trkpt lat="45.8651510" lon="15.2501010">
    <ele>168.0</ele>
    <time>2024-03-15T14:21:46Z</time>
   </trkpt>
   <trkpt lat="45.8651550" lon="15.2500860">
    <ele>168.0</ele>
    <time>2024-03-15T14:21:47Z</time>
   </trkpt>
   <trkpt lat="45.8651590" lon="15.2500730">
    <ele>168.0</ele>
    <time>2024-03-15T14:21:48Z</time>
   </trkpt>
   <trkpt lat="45.8651640" lon="15.2500610">
    <ele>168.0</ele>
    <time>2024-03-15T14:21:49Z</time>
   </trkpt>
   <trkpt lat="45.8651710" lon="15.2500520">
    <ele>168.0</ele>
    <time>2024-03-15T14:21:50Z</time>
   </trkpt>
   <trkpt lat="45.8651770" lon="15.2500430">
    <ele>169.0</ele>
    <time>2024-03-15T14:21:51Z</time>
   </trkpt>
   <trkpt lat="45.8651870" lon="15.2500340">
    <ele>169.0</ele>
    <time>2024-03-15T14:21:52Z</time>
   </trkpt>
   <trkpt lat="45.8651960" lon="15.2500250">
    <ele>169.0</ele>
    <time>2024-03-15T14:21:53Z</time>
   </trkpt>
   <trkpt lat="45.8652050" lon="15.2500120">
    <ele>170.0</ele>
    <time>2024-03-15T14:21:54Z</time>
   </trkpt>
   <trkpt lat="45.8652140" lon="15.2499990">
    <ele>170.0</ele>
    <time>2024-03-15T14:21:55Z</time>
   </trkpt>
   <trkpt lat="45.8652210" lon="15.2499840">
    <ele>171.0</ele>
    <time>2024-03-15T14:21:56Z</time>
   </trkpt>
   <trkpt lat="45.8652270" lon="15.2499700">
    <ele>171.0</ele>
    <time>2024-03-15T14:21:57Z</time>
   </trkpt>
   <trkpt lat="45.8652330" lon="15.2499570">
    <ele>171.0</ele>
    <time>2024-03-15T14:21:58Z</time>
   </trkpt>
   <trkpt lat="45.8652380" lon="15.2499440">
    <ele>172.0</ele>
    <time>2024-03-15T14:21:59Z</time>
   </trkpt>
   <trkpt lat="45.8652430" lon="15.2499320">
    <ele>172.0</ele>
    <time>2024-03-15T14:22:00Z</time>
   </trkpt>
   <trkpt lat="45.8652470" lon="15.2499210">
    <ele>173.0</ele>
    <time>2024-03-15T14:22:01Z</time>
   </trkpt>
   <trkpt lat="45.8652510" lon="15.2499080">
    <ele>173.0</ele>
    <time>2024-03-15T14:22:02Z</time>
   </trkpt>
   <trkpt lat="45.8652550" lon="15.2498950">
    <ele>173.0</ele>
    <time>2024-03-15T14:22:03Z</time>
   </trkpt>
   <trkpt lat="45.8652600" lon="15.2498810">
    <ele>173.0</ele>
    <time>2024-03-15T14:22:04Z</time>
   </trkpt>
   <trkpt lat="45.8652640" lon="15.2498660">
    <ele>173.0</ele>
    <time>2024-03-15T14:22:05Z</time>
   </trkpt>
   <trkpt lat="45.8652700" lon="15.2498510">
    <ele>174.0</ele>
    <time>2024-03-15T14:22:06Z</time>
   </trkpt>
   <trkpt lat="45.8652760" lon="15.2498360">
    <ele>174.0</ele>
    <time>2024-03-15T14:22:07Z</time>
   </trkpt>
   <trkpt lat="45.8652830" lon="15.2498190">
    <ele>174.0</ele>
    <time>2024-03-15T14:22:08Z</time>
   </trkpt>
   <trkpt lat="45.8652890" lon="15.2498030">
    <ele>175.0</ele>
    <time>2024-03-15T14:22:09Z</time>
   </trkpt>
   <trkpt lat="45.8652980" lon="15.2497870">
    <ele>175.0</ele>
    <time>2024-03-15T14:22:10Z</time>
   </trkpt>
   <trkpt lat="45.8653080" lon="15.2497710">
    <ele>176.0</ele>
    <time>2024-03-15T14:22:11Z</time>
   </trkpt>
   <trkpt lat="45.8653150" lon="15.2497550">
    <ele>176.0</ele>
    <time>2024-03-15T14:22:12Z</time>
   </trkpt>
   <trkpt lat="45.8653230" lon="15.2497390">
    <ele>176.0</ele>
    <time>2024-03-15T14:22:13Z</time>
   </trkpt>
   <trkpt lat="45.8653250" lon="15.2497190">
    <ele>176.0</ele>
    <time>2024-03-15T14:22:14Z</time>
   </trkpt>
   <trkpt lat="45.8653280" lon="15.2496990">
    <ele>176.0</ele>
    <time>2024-03-15T14:22:15Z</time>
   </trkpt>
   <trkpt lat="45.8653320" lon="15.2496730">
    <ele>177.0</ele>
    <time>2024-03-15T14:22:16Z</time>
   </trkpt>
   <trkpt lat="45.8653360" lon="15.2496470">
    <ele>177.0</ele>
    <time>2024-03-15T14:22:17Z</time>
   </trkpt>
   <trkpt lat="45.8653440" lon="15.2496200">
    <ele>177.0</ele>
    <time>2024-03-15T14:22:18Z</time>
   </trkpt>
   <trkpt lat="45.8653530" lon="15.2495930">
    <ele>177.0</ele>
    <time>2024-03-15T14:22:19Z</time>
   </trkpt>
   <trkpt lat="45.8653680" lon="15.2495700">
    <ele>177.0</ele>
    <time>2024-03-15T14:22:20Z</time>
   </trkpt>
   <trkpt lat="45.8653840" lon="15.2495480">
    <ele>178.0</ele>
    <time>2024-03-15T14:22:21Z</time>
   </trkpt>
   <trkpt lat="45.8654040" lon="15.2495290">
    <ele>178.0</ele>
    <time>2024-03-15T14:22:22Z</time>
   </trkpt>
   <trkpt lat="45.8654230" lon="15.2495100">
    <ele>178.0</ele>
    <time>2024-03-15T14:22:23Z</time>
   </trkpt>
   <trkpt lat="45.8654420" lon="15.2494900">
    <ele>178.0</ele>
    <time>2024-03-15T14:22:24Z</time>
   </trkpt>
   <trkpt lat="45.8654600" lon="15.2494700">
    <ele>178.0</ele>
    <time>2024-03-15T14:22:25Z</time>
   </trkpt>
   <trkpt lat="45.8654760" lon="15.2494480">
    <ele>179.0</ele>
    <time>2024-03-15T14:22:26Z</time>
   </trkpt>
   <trkpt lat="45.8654910" lon="15.2494270">
    <ele>179.0</ele>
    <time>2024-03-15T14:22:27Z</time>
   </trkpt>
   <trkpt lat="45.8655070" lon="15.2494080">
    <ele>179.0</ele>
    <time>2024-03-15T14:22:28Z</time>
   </trkpt>
   <trkpt lat="45.8655230" lon="15.2493900">
    <ele>179.0</ele>
    <time>2024-03-15T14:22:29Z</time>
   </trkpt>
   <trkpt lat="45.8655430" lon="15.2493750">
    <ele>179.0</ele>
    <time>2024-03-15T14:22:30Z</time>
   </trkpt>
   <trkpt lat="45.8655630" lon="15.2493590">
    <ele>180.0</ele>
    <time>2024-03-15T14:22:31Z</time>
   </trkpt>
   <trkpt lat="45.8655870" lon="15.2493460">
    <ele>180.0</ele>
    <time>2024-03-15T14:22:32Z</time>
   </trkpt>
   <trkpt lat="45.8656100" lon="15.2493330">
    <ele>180.0</ele>
    <time>2024-03-15T14:22:33Z</time>
   </trkpt>
   <trkpt lat="45.8656340" lon="15.2493200">
    <ele>180.0</ele>
    <time>2024-03-15T14:22:34Z</time>
   </trkpt>
   <trkpt lat="45.8656590" lon="15.2493070">
    <ele>180.0</ele>
    <time>2024-03-15T14:22:35Z</time>
   </trkpt>
   <trkpt lat="45.8656820" lon="15.2492910">
    <ele>181.0</ele>
    <time>2024-03-15T14:22:36Z</time>
   </trkpt>
   <trkpt lat="45.8657050" lon="15.2492750">
    <ele>181.0</ele>
    <time>2024-03-15T14:22:37Z</time>
   </trkpt>
   <trkpt lat="45.8657250" lon="15.2492600">
    <ele>181.0</ele>
    <time>2024-03-15T14:22:38Z</time>
   </trkpt>
   <trkpt lat="45.8657440" lon="15.2492460">
    <ele>181.0</ele>
    <time>2024-03-15T14:22:39Z</time>
   </trkpt>
   <trkpt lat="45.8657600" lon="15.2492360">
    <ele>181.0</ele>
    <time>2024-03-15T14:22:40Z</time>
   </trkpt>
   <trkpt lat="45.8657760" lon="15.2492260">
    <ele>181.0</ele>
    <time>2024-03-15T14:22:41Z</time>
   </trkpt>
   <trkpt lat="45.8657880" lon="15.2492190">
    <ele>181.0</ele>
    <time>2024-03-15T14:22:42Z</time>
   </trkpt>
   <trkpt lat="45.8658010" lon="15.2492120">
    <ele>181.0</ele>
    <time>2024-03-15T14:22:43Z</time>
   </trkpt>
   <trkpt lat="45.8658120" lon="15.2492040">
    <ele>181.0</ele>
    <time>2024-03-15T14:22:44Z</time>
   </trkpt>
   <trkpt lat="45.8658240" lon="15.2491970">
    <ele>181.0</ele>
    <time>2024-03-15T14:22:45Z</time>
   </trkpt>
   <trkpt lat="45.8658360" lon="15.2491870">
    <ele>182.0</ele>
    <time>2024-03-15T14:22:46Z</time>
   </trkpt>
   <trkpt lat="45.8658470" lon="15.2491760">
    <ele>182.0</ele>
    <time>2024-03-15T14:22:47Z</time>
   </trkpt>
   <trkpt lat="45.8658590" lon="15.2491660">
    <ele>182.0</ele>
    <time>2024-03-15T14:22:48Z</time>
   </trkpt>
   <trkpt lat="45.8658710" lon="15.2491560">
    <ele>182.0</ele>
    <time>2024-03-15T14:22:49Z</time>
   </trkpt>
   <trkpt lat="45.8658830" lon="15.2491510">
    <ele>182.0</ele>
    <time>2024-03-15T14:22:50Z</time>
   </trkpt>
   <trkpt lat="45.8658960" lon="15.2491450">
    <ele>183.0</ele>
    <time>2024-03-15T14:22:51Z</time>
   </trkpt>
   <trkpt lat="45.8659090" lon="15.2491390">
    <ele>183.0</ele>
    <time>2024-03-15T14:22:52Z</time>
   </trkpt>
   <trkpt lat="45.8659220" lon="15.2491320">
    <ele>183.0</ele>
    <time>2024-03-15T14:22:53Z</time>
   </trkpt>
   <trkpt lat="45.8659330" lon="15.2491260">
    <ele>183.0</ele>
    <time>2024-03-15T14:22:54Z</time>
   </trkpt>
   <trkpt lat="45.8659440" lon="15.2491190">
    <ele>183.0</ele>
    <time>2024-03-15T14:22:55Z</time>
   </trkpt>
   <trkpt lat="45.8659540" lon="15.2491130">
    <ele>184.0</ele>
    <time>2024-03-15T14:22:56Z</time>
   </trkpt>
   <trkpt lat="45.8659640" lon="15.2491060">
    <ele>184.0</ele>
    <time>2024-03-15T14:22:57Z</time>
   </trkpt>
   <trkpt lat="45.8659760" lon="15.2490990">
    <ele>184.0</ele>
    <time>2024-03-15T14:22:58Z</time>
   </trkpt>
   <trkpt lat="45.8659880" lon="15.2490920">
    <ele>185.0</ele>
    <time>2024-03-15T14:22:59Z</time>
   </trkpt>
   <trkpt lat="45.8660040" lon="15.2490820">
    <ele>185.0</ele>
    <time>2024-03-15T14:23:00Z</time>
   </trkpt>
   <trkpt lat="45.8660200" lon="15.2490720">
    <ele>186.0</ele>
    <time>2024-03-15T14:23:01Z</time>
   </trkpt>
   <trkpt lat="45.8660370" lon="15.2490640">
    <ele>186.0</ele>
    <time>2024-03-15T14:23:02Z</time>
   </trkpt>
   <trkpt lat="45.8660530" lon="15.2490550">
    <ele>186.0</ele>
    <time>2024-03-15T14:23:03Z</time>
   </trkpt>
   <trkpt lat="45.8660670" lon="15.2490460">
    <ele>186.0</ele>
    <time>2024-03-15T14:23:04Z</time>
   </trkpt>
   <trkpt lat="45.8660810" lon="15.2490370">
    <ele>186.0</ele>
    <time>2024-03-15T14:23:05Z</time>
   </trkpt>
   <trkpt lat="45.8660940" lon="15.2490260">
    <ele>187.0</ele>
    <time>2024-03-15T14:23:06Z</time>
   </trkpt>
   <trkpt lat="45.8661060" lon="15.2490160">
    <ele>187.0</ele>
    <time>2024-03-15T14:23:07Z</time>
   </trkpt>
   <trkpt lat="45.8661160" lon="15.2490020">
    <ele>187.0</ele>
    <time>2024-03-15T14:23:08Z</time>
   </trkpt>
   <trkpt lat="45.8661270" lon="15.2489890">
    <ele>187.0</ele>
    <time>2024-03-15T14:23:09Z</time>
   </trkpt>
   <trkpt lat="45.8661390" lon="15.2489730">
    <ele>187.0</ele>
    <time>2024-03-15T14:23:10Z</time>
   </trkpt>
   <trkpt lat="45.8661510" lon="15.2489580">
    <ele>188.0</ele>
    <time>2024-03-15T14:23:11Z</time>
   </trkpt>
   <trkpt lat="45.8661630" lon="15.2489430">
    <ele>188.0</ele>
    <time>2024-03-15T14:23:12Z</time>
   </trkpt>
   <trkpt lat="45.8661760" lon="15.2489270">
    <ele>188.0</ele>
    <time>2024-03-15T14:23:13Z</time>
   </trkpt>
   <trkpt lat="45.8661870" lon="15.2489130">
    <ele>188.0</ele>
    <time>2024-03-15T14:23:14Z</time>
   </trkpt>
   <trkpt lat="45.8661990" lon="15.2488990">
    <ele>188.0</ele>
    <time>2024-03-15T14:23:15Z</time>
   </trkpt>
   <trkpt lat="45.8662110" lon="15.2488880">
    <ele>189.0</ele>
    <time>2024-03-15T14:23:16Z</time>
   </trkpt>
   <trkpt lat="45.8662230" lon="15.2488760">
    <ele>189.0</ele>
    <time>2024-03-15T14:23:17Z</time>
   </trkpt>
   <trkpt lat="45.8662360" lon="15.2488670">
    <ele>189.0</ele>
    <time>2024-03-15T14:23:18Z</time>
   </trkpt>
   <trkpt lat="45.8662490" lon="15.2488580">
    <ele>190.0</ele>
    <time>2024-03-15T14:23:19Z</time>
   </trkpt>
   <trkpt lat="45.8662640" lon="15.2488490">
    <ele>190.0</ele>
    <time>2024-03-15T14:23:20Z</time>
   </trkpt>
   <trkpt lat="45.8662800" lon="15.2488400">
    <ele>191.0</ele>
    <time>2024-03-15T14:23:21Z</time>
   </trkpt>
   <trkpt lat="45.8662940" lon="15.2488270">
    <ele>191.0</ele>
    <time>2024-03-15T14:23:22Z</time>
   </trkpt>
   <trkpt lat="45.8663090" lon="15.2488150">
    <ele>191.0</ele>
    <time>2024-03-15T14:23:23Z</time>
   </trkpt>
   <trkpt lat="45.8663230" lon="15.2487980">
    <ele>191.0</ele>
    <time>2024-03-15T14:23:24Z</time>
   </trkpt>
   <trkpt lat="45.8663370" lon="15.2487810">
    <ele>191.0</ele>
    <time>2024-03-15T14:23:25Z</time>
   </trkpt>
   <trkpt lat="45.8663500" lon="15.2487610">
    <ele>191.0</ele>
    <time>2024-03-15T14:23:26Z</time>
   </trkpt>
   <trkpt lat="45.8663630" lon="15.2487420">
    <ele>191.0</ele>
    <time>2024-03-15T14:23:27Z</time>
   </trkpt>
   <trkpt lat="45.8663760" lon="15.2487190">
    <ele>191.0</ele>
    <time>2024-03-15T14:23:28Z</time>
   </trkpt>
   <trkpt lat="45.8663890" lon="15.2486960">
    <ele>191.0</ele>
    <time>2024-03-15T14:23:29Z</time>
   </trkpt>
   <trkpt lat="45.8664030" lon="15.2486710">
    <ele>191.0</ele>
    <time>2024-03-15T14:23:30Z</time>
   </trkpt>
   <trkpt lat="45.8664170" lon="15.2486470">
    <ele>192.0</ele>
    <time>2024-03-15T14:23:31Z</time>
   </trkpt>
   <trkpt lat="45.8664330" lon="15.2486200">
    <ele>192.0</ele>
    <time>2024-03-15T14:23:32Z</time>
   </trkpt>
   <trkpt lat="45.8664490" lon="15.2485940">
    <ele>192.0</ele>
    <time>2024-03-15T14:23:33Z</time>
   </trkpt>
   <trkpt lat="45.8664640" lon="15.2485660">
    <ele>192.0</ele>
    <time>2024-03-15T14:23:34Z</time>
   </trkpt>
   <trkpt lat="45.8664800" lon="15.2485380">
    <ele>192.0</ele>
    <time>2024-03-15T14:23:35Z</time>
   </trkpt>
   <trkpt lat="45.8664970" lon="15.2485070">
    <ele>193.0</ele>
    <time>2024-03-15T14:23:36Z</time>
   </trkpt>
   <trkpt lat="45.8665140" lon="15.2484750">
    <ele>193.0</ele>
    <time>2024-03-15T14:23:37Z</time>
   </trkpt>
   <trkpt lat="45.8665310" lon="15.2484400">
    <ele>193.0</ele>
    <time>2024-03-15T14:23:38Z</time>
   </trkpt>
   <trkpt lat="45.8665470" lon="15.2484050">
    <ele>194.0</ele>
    <time>2024-03-15T14:23:39Z</time>
   </trkpt>
   <trkpt lat="45.8665660" lon="15.2483740">
    <ele>194.0</ele>
    <time>2024-03-15T14:23:40Z</time>
   </trkpt>
   <trkpt lat="45.8665840" lon="15.2483440">
    <ele>195.0</ele>
    <time>2024-03-15T14:23:41Z</time>
   </trkpt>
   <trkpt lat="45.8666040" lon="15.2483200">
    <ele>195.0</ele>
    <time>2024-03-15T14:23:42Z</time>
   </trkpt>
   <trkpt lat="45.8666240" lon="15.2482960">
    <ele>195.0</ele>
    <time>2024-03-15T14:23:43Z</time>
   </trkpt>
   <trkpt lat="45.8666450" lon="15.2482750">
    <ele>195.0</ele>
    <time>2024-03-15T14:23:44Z</time>
   </trkpt>
   <trkpt lat="45.8666650" lon="15.2482540">
    <ele>195.0</ele>
    <time>2024-03-15T14:23:45Z</time>
   </trkpt>
   <trkpt lat="45.8666860" lon="15.2482340">
    <ele>196.0</ele>
    <time>2024-03-15T14:23:46Z</time>
   </trkpt>
   <trkpt lat="45.8667070" lon="15.2482140">
    <ele>196.0</ele>
    <time>2024-03-15T14:23:47Z</time>
   </trkpt>
   <trkpt lat="45.8667270" lon="15.2481930">
    <ele>196.0</ele>
    <time>2024-03-15T14:23:48Z</time>
   </trkpt>
   <trkpt lat="45.8667470" lon="15.2481710">
    <ele>196.0</ele>
    <time>2024-03-15T14:23:49Z</time>
   </trkpt>
   <trkpt lat="45.8667670" lon="15.2481490">
    <ele>196.0</ele>
    <time>2024-03-15T14:23:50Z</time>
   </trkpt>
   <trkpt lat="45.8667860" lon="15.2481270">
    <ele>196.0</ele>
    <time>2024-03-15T14:23:51Z</time>
   </trkpt>
   <trkpt lat="45.8668040" lon="15.2481040">
    <ele>196.0</ele>
    <time>2024-03-15T14:23:52Z</time>
   </trkpt>
   <trkpt lat="45.8668230" lon="15.2480810">
    <ele>196.0</ele>
    <time>2024-03-15T14:23:53Z</time>
   </trkpt>
   <trkpt lat="45.8668390" lon="15.2480550">
    <ele>196.0</ele>
    <time>2024-03-15T14:23:54Z</time>
   </trkpt>
   <trkpt lat="45.8668560" lon="15.2480300">
    <ele>196.0</ele>
    <time>2024-03-15T14:23:55Z</time>
   </trkpt>
   <trkpt lat="45.8668690" lon="15.2480030">
    <ele>197.0</ele>
    <time>2024-03-15T14:23:56Z</time>
   </trkpt>
   <trkpt lat="45.8668830" lon="15.2479760">
    <ele>197.0</ele>
    <time>2024-03-15T14:23:57Z</time>
   </trkpt>
   <trkpt lat="45.8668990" lon="15.2479500">
    <ele>197.0</ele>
    <time>2024-03-15T14:23:58Z</time>
   </trkpt>
   <trkpt lat="45.8669140" lon="15.2479240">
    <ele>197.0</ele>
    <time>2024-03-15T14:23:59Z</time>
   </trkpt>
   <trkpt lat="45.8669330" lon="15.2478990">
    <ele>197.0</ele>
    <time>2024-03-15T14:24:00Z</time>
   </trkpt>
   <trkpt lat="45.8669510" lon="15.2478750">
    <ele>198.0</ele>
    <time>2024-03-15T14:24:01Z</time>
   </trkpt>
   <trkpt lat="45.8669700" lon="15.2478510">
    <ele>198.0</ele>
    <time>2024-03-15T14:24:02Z</time>
   </trkpt>
   <trkpt lat="45.8669890" lon="15.2478270">
    <ele>198.0</ele>
    <time>2024-03-15T14:24:03Z</time>
   </trkpt>
   <trkpt lat="45.8670050" lon="15.2478020">
    <ele>198.0</ele>
    <time>2024-03-15T14:24:04Z</time>
   </trkpt>
   <trkpt lat="45.8670220" lon="15.2477770">
    <ele>198.0</ele>
    <time>2024-03-15T14:24:05Z</time>
   </trkpt>
   <trkpt lat="45.8670360" lon="15.2477510">
    <ele>199.0</ele>
    <time>2024-03-15T14:24:06Z</time>
   </trkpt>
   <trkpt lat="45.8670500" lon="15.2477240">
    <ele>199.0</ele>
    <time>2024-03-15T14:24:07Z</time>
   </trkpt>
   <trkpt lat="45.8670610" lon="15.2476980">
    <ele>199.0</ele>
    <time>2024-03-15T14:24:08Z</time>
   </trkpt>
   <trkpt lat="45.8670730" lon="15.2476730">
    <ele>199.0</ele>
    <time>2024-03-15T14:24:09Z</time>
   </trkpt>
   <trkpt lat="45.8670810" lon="15.2476450">
    <ele>199.0</ele>
    <time>2024-03-15T14:24:10Z</time>
   </trkpt>
   <trkpt lat="45.8670890" lon="15.2476170">
    <ele>200.0</ele>
    <time>2024-03-15T14:24:11Z</time>
   </trkpt>
   <trkpt lat="45.8670930" lon="15.2475870">
    <ele>200.0</ele>
    <time>2024-03-15T14:24:12Z</time>
   </trkpt>
   <trkpt lat="45.8670970" lon="15.2475570">
    <ele>200.0</ele>
    <time>2024-03-15T14:24:13Z</time>
   </trkpt>
   <trkpt lat="45.8670990" lon="15.2475260">
    <ele>200.0</ele>
    <time>2024-03-15T14:24:14Z</time>
   </trkpt>
   <trkpt lat="45.8671010" lon="15.2474940">
    <ele>200.0</ele>
    <time>2024-03-15T14:24:15Z</time>
   </trkpt>
   <trkpt lat="45.8671010" lon="15.2474610">
    <ele>200.0</ele>
    <time>2024-03-15T14:24:16Z</time>
   </trkpt>
   <trkpt lat="45.8671020" lon="15.2474280">
    <ele>200.0</ele>
    <time>2024-03-15T14:24:17Z</time>
   </trkpt>
   <trkpt lat="45.8671040" lon="15.2473960">
    <ele>200.0</ele>
    <time>2024-03-15T14:24:18Z</time>
   </trkpt>
   <trkpt lat="45.8671060" lon="15.2473640">
    <ele>200.0</ele>
    <time>2024-03-15T14:24:19Z</time>
   </trkpt>
   <trkpt lat="45.8671100" lon="15.2473370">
    <ele>200.0</ele>
    <time>2024-03-15T14:24:20Z</time>
   </trkpt>
   <trkpt lat="45.8671140" lon="15.2473100">
    <ele>201.0</ele>
    <time>2024-03-15T14:24:21Z</time>
   </trkpt>
   <trkpt lat="45.8671200" lon="15.2472870">
    <ele>201.0</ele>
    <time>2024-03-15T14:24:22Z</time>
   </trkpt>
   <trkpt lat="45.8671260" lon="15.2472630">
    <ele>201.0</ele>
    <time>2024-03-15T14:24:23Z</time>
   </trkpt>
   <trkpt lat="45.8671340" lon="15.2472390">
    <ele>201.0</ele>
    <time>2024-03-15T14:24:24Z</time>
   </trkpt>
   <trkpt lat="45.8671420" lon="15.2472150">
    <ele>201.0</ele>
    <time>2024-03-15T14:24:25Z</time>
   </trkpt>
   <trkpt lat="45.8671480" lon="15.2471900">
    <ele>202.0</ele>
    <time>2024-03-15T14:24:26Z</time>
   </trkpt>
   <trkpt lat="45.8671550" lon="15.2471640">
    <ele>202.0</ele>
    <time>2024-03-15T14:24:27Z</time>
   </trkpt>
   <trkpt lat="45.8671600" lon="15.2471360">
    <ele>202.0</ele>
    <time>2024-03-15T14:24:28Z</time>
   </trkpt>
   <trkpt lat="45.8671650" lon="15.2471080">
    <ele>202.0</ele>
    <time>2024-03-15T14:24:29Z</time>
   </trkpt>
   <trkpt lat="45.8671700" lon="15.2470770">
    <ele>202.0</ele>
    <time>2024-03-15T14:24:30Z</time>
   </trkpt>
   <trkpt lat="45.8671740" lon="15.2470470">
    <ele>203.0</ele>
    <time>2024-03-15T14:24:31Z</time>
   </trkpt>
   <trkpt lat="45.8671760" lon="15.2470140">
    <ele>203.0</ele>
    <time>2024-03-15T14:24:32Z</time>
   </trkpt>
   <trkpt lat="45.8671780" lon="15.2469810">
    <ele>203.0</ele>
    <time>2024-03-15T14:24:33Z</time>
   </trkpt>
   <trkpt lat="45.8671790" lon="15.2469480">
    <ele>204.0</ele>
    <time>2024-03-15T14:24:34Z</time>
   </trkpt>
   <trkpt lat="45.8671790" lon="15.2469150">
    <ele>204.0</ele>
    <time>2024-03-15T14:24:35Z</time>
   </trkpt>
   <trkpt lat="45.8671780" lon="15.2468840">
    <ele>205.0</ele>
    <time>2024-03-15T14:24:36Z</time>
   </trkpt>
   <trkpt lat="45.8671770" lon="15.2468530">
    <ele>205.0</ele>
    <time>2024-03-15T14:24:37Z</time>
   </trkpt>
   <trkpt lat="45.8671780" lon="15.2468190">
    <ele>205.0</ele>
    <time>2024-03-15T14:24:38Z</time>
   </trkpt>
   <trkpt lat="45.8671800" lon="15.2467850">
    <ele>205.0</ele>
    <time>2024-03-15T14:24:39Z</time>
   </trkpt>
   <trkpt lat="45.8671860" lon="15.2467440">
    <ele>205.0</ele>
    <time>2024-03-15T14:24:40Z</time>
   </trkpt>
   <trkpt lat="45.8671920" lon="15.2467040">
    <ele>206.0</ele>
    <time>2024-03-15T14:24:41Z</time>
   </trkpt>
   <trkpt lat="45.8671980" lon="15.2466590">
    <ele>206.0</ele>
    <time>2024-03-15T14:24:42Z</time>
   </trkpt>
   <trkpt lat="45.8672050" lon="15.2466150">
    <ele>206.0</ele>
    <time>2024-03-15T14:24:43Z</time>
   </trkpt>
   <trkpt lat="45.8672150" lon="15.2465700">
    <ele>206.0</ele>
    <time>2024-03-15T14:24:44Z</time>
   </trkpt>
   <trkpt lat="45.8672250" lon="15.2465250">
    <ele>206.0</ele>
    <time>2024-03-15T14:24:45Z</time>
   </trkpt>
   <trkpt lat="45.8672350" lon="15.2464810">
    <ele>206.0</ele>
    <time>2024-03-15T14:24:46Z</time>
   </trkpt>
   <trkpt lat="45.8672450" lon="15.2464380">
    <ele>206.0</ele>
    <time>2024-03-15T14:24:47Z</time>
   </trkpt>
   <trkpt lat="45.8672530" lon="15.2463970">
    <ele>206.0</ele>
    <time>2024-03-15T14:24:48Z</time>
   </trkpt>
   <trkpt lat="45.8672610" lon="15.2463560">
    <ele>206.0</ele>
    <time>2024-03-15T14:24:49Z</time>
   </trkpt>
   <trkpt lat="45.8672650" lon="15.2463160">
    <ele>206.0</ele>
    <time>2024-03-15T14:24:50Z</time>
   </trkpt>
   <trkpt lat="45.8672690" lon="15.2462770">
    <ele>207.0</ele>
    <time>2024-03-15T14:24:51Z</time>
   </trkpt>
   <trkpt lat="45.8672700" lon="15.2462360">
    <ele>207.0</ele>
    <time>2024-03-15T14:24:52Z</time>
   </trkpt>
   <trkpt lat="45.8672710" lon="15.2461960">
    <ele>207.0</ele>
    <time>2024-03-15T14:24:53Z</time>
   </trkpt>
   <trkpt lat="45.8672710" lon="15.2461590">
    <ele>207.0</ele>
    <time>2024-03-15T14:24:54Z</time>
   </trkpt>
   <trkpt lat="45.8672710" lon="15.2461220">
    <ele>207.0</ele>
    <time>2024-03-15T14:24:55Z</time>
   </trkpt>
   <trkpt lat="45.8672710" lon="15.2460880">
    <ele>207.0</ele>
    <time>2024-03-15T14:24:56Z</time>
   </trkpt>
   <trkpt lat="45.8672720" lon="15.2460540">
    <ele>207.0</ele>
    <time>2024-03-15T14:24:57Z</time>
   </trkpt>
   <trkpt lat="45.8672740" lon="15.2460210">
    <ele>207.0</ele>
    <time>2024-03-15T14:24:58Z</time>
   </trkpt>
   <trkpt lat="45.8672770" lon="15.2459890">
    <ele>207.0</ele>
    <time>2024-03-15T14:24:59Z</time>
   </trkpt>
   <trkpt lat="45.8672820" lon="15.2459550">
    <ele>207.0</ele>
    <time>2024-03-15T14:25:00Z</time>
   </trkpt>
   <trkpt lat="45.8672880" lon="15.2459210">
    <ele>207.0</ele>
    <time>2024-03-15T14:25:01Z</time>
   </trkpt>
   <trkpt lat="45.8672940" lon="15.2458850">
    <ele>207.0</ele>
    <time>2024-03-15T14:25:02Z</time>
   </trkpt>
   <trkpt lat="45.8672990" lon="15.2458490">
    <ele>207.0</ele>
    <time>2024-03-15T14:25:03Z</time>
   </trkpt>
   <trkpt lat="45.8673060" lon="15.2458130">
    <ele>207.0</ele>
    <time>2024-03-15T14:25:04Z</time>
   </trkpt>
   <trkpt lat="45.8673130" lon="15.2457770">
    <ele>207.0</ele>
    <time>2024-03-15T14:25:05Z</time>
   </trkpt>
   <trkpt lat="45.8673210" lon="15.2457400">
    <ele>207.0</ele>
    <time>2024-03-15T14:25:06Z</time>
   </trkpt>
   <trkpt lat="45.8673290" lon="15.2457040">
    <ele>207.0</ele>
    <time>2024-03-15T14:25:07Z</time>
   </trkpt>
   <trkpt lat="45.8673370" lon="15.2456650">
    <ele>207.0</ele>
    <time>2024-03-15T14:25:08Z</time>
   </trkpt>
   <trkpt lat="45.8673450" lon="15.2456270">
    <ele>207.0</ele>
    <time>2024-03-15T14:25:09Z</time>
   </trkpt>
   <trkpt lat="45.8673510" lon="15.2455890">
    <ele>207.0</ele>
    <time>2024-03-15T14:25:10Z</time>
   </trkpt>
   <trkpt lat="45.8673560" lon="15.2455510">
    <ele>207.0</ele>
    <time>2024-03-15T14:25:11Z</time>
   </trkpt>
   <trkpt lat="45.8673570" lon="15.2455150">
    <ele>207.0</ele>
    <time>2024-03-15T14:25:12Z</time>
   </trkpt>
   <trkpt lat="45.8673570" lon="15.2454790">
    <ele>207.0</ele>
    <time>2024-03-15T14:25:13Z</time>
   </trkpt>
   <trkpt lat="45.8673510" lon="15.2454430">
    <ele>207.0</ele>
    <time>2024-03-15T14:25:14Z</time>
   </trkpt>
   <trkpt lat="45.8673450" lon="15.2454070">
    <ele>207.0</ele>
    <time>2024-03-15T14:25:15Z</time>
   </trkpt>
   <trkpt lat="45.8673340" lon="15.2453670">
    <ele>207.0</ele>
    <time>2024-03-15T14:25:16Z</time>
   </trkpt>
   <trkpt lat="45.8673230" lon="15.2453280">
    <ele>207.0</ele>
    <time>2024-03-15T14:25:17Z</time>
   </trkpt>
   <trkpt lat="45.8673100" lon="15.2452840">
    <ele>207.0</ele>
    <time>2024-03-15T14:25:18Z</time>
   </trkpt>
   <trkpt lat="45.8672960" lon="15.2452400">
    <ele>207.0</ele>
    <time>2024-03-15T14:25:19Z</time>
   </trkpt>
   <trkpt lat="45.8672800" lon="15.2451990">
    <ele>207.0</ele>
    <time>2024-03-15T14:25:20Z</time>
   </trkpt>
   <trkpt lat="45.8672630" lon="15.2451580">
    <ele>207.0</ele>
    <time>2024-03-15T14:25:21Z</time>
   </trkpt>
   <trkpt lat="45.8672430" lon="15.2451240">
    <ele>206.0</ele>
    <time>2024-03-15T14:25:22Z</time>
   </trkpt>
   <trkpt lat="45.8672220" lon="15.2450890">
    <ele>206.0</ele>
    <time>2024-03-15T14:25:23Z</time>
   </trkpt>
   <trkpt lat="45.8672010" lon="15.2450600">
    <ele>206.0</ele>
    <time>2024-03-15T14:25:24Z</time>
   </trkpt>
   <trkpt lat="45.8671790" lon="15.2450300">
    <ele>206.0</ele>
    <time>2024-03-15T14:25:25Z</time>
   </trkpt>
   <trkpt lat="45.8671570" lon="15.2450070">
    <ele>206.0</ele>
    <time>2024-03-15T14:25:26Z</time>
   </trkpt>
   <trkpt lat="45.8671350" lon="15.2449840">
    <ele>205.0</ele>
    <time>2024-03-15T14:25:27Z</time>
   </trkpt>
   <trkpt lat="45.8671130" lon="15.2449650">
    <ele>205.0</ele>
    <time>2024-03-15T14:25:28Z</time>
   </trkpt>
   <trkpt lat="45.8670910" lon="15.2449460">
    <ele>205.0</ele>
    <time>2024-03-15T14:25:29Z</time>
   </trkpt>
   <trkpt lat="45.8670700" lon="15.2449320">
    <ele>205.0</ele>
    <time>2024-03-15T14:25:30Z</time>
   </trkpt>
   <trkpt lat="45.8670490" lon="15.2449180">
    <ele>205.0</ele>
    <time>2024-03-15T14:25:31Z</time>
   </trkpt>
   <trkpt lat="45.8670250" lon="15.2449080">
    <ele>205.0</ele>
    <time>2024-03-15T14:25:32Z</time>
   </trkpt>
   <trkpt lat="45.8670010" lon="15.2448970">
    <ele>205.0</ele>
    <time>2024-03-15T14:25:33Z</time>
   </trkpt>
   <trkpt lat="45.8669780" lon="15.2448880">
    <ele>205.0</ele>
    <time>2024-03-15T14:25:34Z</time>
   </trkpt>
   <trkpt lat="45.8669540" lon="15.2448780">
    <ele>205.0</ele>
    <time>2024-03-15T14:25:35Z</time>
   </trkpt>
   <trkpt lat="45.8669320" lon="15.2448700">
    <ele>205.0</ele>
    <time>2024-03-15T14:25:36Z</time>
   </trkpt>
   <trkpt lat="45.8669090" lon="15.2448610">
    <ele>204.0</ele>
    <time>2024-03-15T14:25:37Z</time>
   </trkpt>
   <trkpt lat="45.8668850" lon="15.2448510">
    <ele>204.0</ele>
    <time>2024-03-15T14:25:38Z</time>
   </trkpt>
   <trkpt lat="45.8668600" lon="15.2448410">
    <ele>204.0</ele>
    <time>2024-03-15T14:25:39Z</time>
   </trkpt>
   <trkpt lat="45.8668330" lon="15.2448300">
    <ele>204.0</ele>
    <time>2024-03-15T14:25:40Z</time>
   </trkpt>
   <trkpt lat="45.8668070" lon="15.2448180">
    <ele>204.0</ele>
    <time>2024-03-15T14:25:41Z</time>
   </trkpt>
   <trkpt lat="45.8667800" lon="15.2448050">
    <ele>204.0</ele>
    <time>2024-03-15T14:25:42Z</time>
   </trkpt>
   <trkpt lat="45.8667530" lon="15.2447920">
    <ele>204.0</ele>
    <time>2024-03-15T14:25:43Z</time>
   </trkpt>
   <trkpt lat="45.8667280" lon="15.2447790">
    <ele>204.0</ele>
    <time>2024-03-15T14:25:44Z</time>
   </trkpt>
   <trkpt lat="45.8667030" lon="15.2447670">
    <ele>204.0</ele>
    <time>2024-03-15T14:25:45Z</time>
   </trkpt>
   <trkpt lat="45.8666780" lon="15.2447560">
    <ele>204.0</ele>
    <time>2024-03-15T14:25:46Z</time>
   </trkpt>
   <trkpt lat="45.8666530" lon="15.2447460">
    <ele>204.0</ele>
    <time>2024-03-15T14:25:47Z</time>
   </trkpt>
   <trkpt lat="45.8666290" lon="15.2447410">
    <ele>204.0</ele>
    <time>2024-03-15T14:25:48Z</time>
   </trkpt>
   <trkpt lat="45.8666050" lon="15.2447360">
    <ele>204.0</ele>
    <time>2024-03-15T14:25:49Z</time>
   </trkpt>
   <trkpt lat="45.8665840" lon="15.2447340">
    <ele>204.0</ele>
    <time>2024-03-15T14:25:50Z</time>
   </trkpt>
   <trkpt lat="45.8665640" lon="15.2447320">
    <ele>204.0</ele>
    <time>2024-03-15T14:25:51Z</time>
   </trkpt>
   <trkpt lat="45.8665460" lon="15.2447320">
    <ele>204.0</ele>
    <time>2024-03-15T14:25:52Z</time>
   </trkpt>
   <trkpt lat="45.8665280" lon="15.2447310">
    <ele>204.0</ele>
    <time>2024-03-15T14:25:53Z</time>
   </trkpt>
   <trkpt lat="45.8665100" lon="15.2447310">
    <ele>204.0</ele>
    <time>2024-03-15T14:25:54Z</time>
   </trkpt>
   <trkpt lat="45.8664930" lon="15.2447320">
    <ele>204.0</ele>
    <time>2024-03-15T14:25:55Z</time>
   </trkpt>
   <trkpt lat="45.8664750" lon="15.2447310">
    <ele>204.0</ele>
    <time>2024-03-15T14:25:56Z</time>
   </trkpt>
   <trkpt lat="45.8664570" lon="15.2447300">
    <ele>204.0</ele>
    <time>2024-03-15T14:25:57Z</time>
   </trkpt>
   <trkpt lat="45.8664360" lon="15.2447270">
    <ele>204.0</ele>
    <time>2024-03-15T14:25:58Z</time>
   </trkpt>
   <trkpt lat="45.8664150" lon="15.2447240">
    <ele>204.0</ele>
    <time>2024-03-15T14:25:59Z</time>
   </trkpt>
   <trkpt lat="45.8663900" lon="15.2447160">
    <ele>204.0</ele>
    <time>2024-03-15T14:26:00Z</time>
   </trkpt>
   <trkpt lat="45.8663650" lon="15.2447090">
    <ele>205.0</ele>
    <time>2024-03-15T14:26:01Z</time>
   </trkpt>
   <trkpt lat="45.8663410" lon="15.2446980">
    <ele>205.0</ele>
    <time>2024-03-15T14:26:02Z</time>
   </trkpt>
   <trkpt lat="45.8663170" lon="15.2446860">
    <ele>205.0</ele>
    <time>2024-03-15T14:26:03Z</time>
   </trkpt>
   <trkpt lat="45.8662900" lon="15.2446720">
    <ele>205.0</ele>
    <time>2024-03-15T14:26:04Z</time>
   </trkpt>
   <trkpt lat="45.8662630" lon="15.2446580">
    <ele>205.0</ele>
    <time>2024-03-15T14:26:05Z</time>
   </trkpt>
   <trkpt lat="45.8662340" lon="15.2446430">
    <ele>206.0</ele>
    <time>2024-03-15T14:26:06Z</time>
   </trkpt>
   <trkpt lat="45.8662050" lon="15.2446290">
    <ele>206.0</ele>
    <time>2024-03-15T14:26:07Z</time>
   </trkpt>
   <trkpt lat="45.8661780" lon="15.2446160">
    <ele>206.0</ele>
    <time>2024-03-15T14:26:08Z</time>
   </trkpt>
   <trkpt lat="45.8661510" lon="15.2446030">
    <ele>206.0</ele>
    <time>2024-03-15T14:26:09Z</time>
   </trkpt>
   <trkpt lat="45.8661240" lon="15.2445940">
    <ele>206.0</ele>
    <time>2024-03-15T14:26:10Z</time>
   </trkpt>
   <trkpt lat="45.8660970" lon="15.2445840">
    <ele>207.0</ele>
    <time>2024-03-15T14:26:11Z</time>
   </trkpt>
   <trkpt lat="45.8660680" lon="15.2445770">
    <ele>207.0</ele>
    <time>2024-03-15T14:26:12Z</time>
   </trkpt>
   <trkpt lat="45.8660400" lon="15.2445700">
    <ele>207.0</ele>
    <time>2024-03-15T14:26:13Z</time>
   </trkpt>
   <trkpt lat="45.8660090" lon="15.2445580">
    <ele>207.0</ele>
    <time>2024-03-15T14:26:14Z</time>
   </trkpt>
   <trkpt lat="45.8659780" lon="15.2445470">
    <ele>207.0</ele>
    <time>2024-03-15T14:26:15Z</time>
   </trkpt>
   <trkpt lat="45.8659460" lon="15.2445280">
    <ele>208.0</ele>
    <time>2024-03-15T14:26:16Z</time>
   </trkpt>
   <trkpt lat="45.8659140" lon="15.2445100">
    <ele>208.0</ele>
    <time>2024-03-15T14:26:17Z</time>
   </trkpt>
   <trkpt lat="45.8658880" lon="15.2444900">
    <ele>208.0</ele>
    <time>2024-03-15T14:26:18Z</time>
   </trkpt>
   <trkpt lat="45.8658620" lon="15.2444700">
    <ele>208.0</ele>
    <time>2024-03-15T14:26:19Z</time>
   </trkpt>
   <trkpt lat="45.8658420" lon="15.2444500">
    <ele>208.0</ele>
    <time>2024-03-15T14:26:20Z</time>
   </trkpt>
   <trkpt lat="45.8658230" lon="15.2444310">
    <ele>209.0</ele>
    <time>2024-03-15T14:26:21Z</time>
   </trkpt>
   <trkpt lat="45.8658030" lon="15.2444150">
    <ele>209.0</ele>
    <time>2024-03-15T14:26:22Z</time>
   </trkpt>
   <trkpt lat="45.8657840" lon="15.2443980">
    <ele>209.0</ele>
    <time>2024-03-15T14:26:23Z</time>
   </trkpt>
   <trkpt lat="45.8657650" lon="15.2443900">
    <ele>209.0</ele>
    <time>2024-03-15T14:26:24Z</time>
   </trkpt>
   <trkpt lat="45.8657470" lon="15.2443830">
    <ele>209.0</ele>
    <time>2024-03-15T14:26:25Z</time>
   </trkpt>
   <trkpt lat="45.8657290" lon="15.2443790">
    <ele>209.0</ele>
    <time>2024-03-15T14:26:26Z</time>
   </trkpt>
   <trkpt lat="45.8657110" lon="15.2443750">
    <ele>209.0</ele>
    <time>2024-03-15T14:26:27Z</time>
   </trkpt>
   <trkpt lat="45.8656890" lon="15.2443690">
    <ele>209.0</ele>
    <time>2024-03-15T14:26:28Z</time>
   </trkpt>
   <trkpt lat="45.8656680" lon="15.2443620">
    <ele>209.0</ele>
    <time>2024-03-15T14:26:29Z</time>
   </trkpt>
   <trkpt lat="45.8656420" lon="15.2443520">
    <ele>209.0</ele>
    <time>2024-03-15T14:26:30Z</time>
   </trkpt>
   <trkpt lat="45.8656150" lon="15.2443420">
    <ele>210.0</ele>
    <time>2024-03-15T14:26:31Z</time>
   </trkpt>
   <trkpt lat="45.8655880" lon="15.2443280">
    <ele>210.0</ele>
    <time>2024-03-15T14:26:32Z</time>
   </trkpt>
   <trkpt lat="45.8655600" lon="15.2443140">
    <ele>210.0</ele>
    <time>2024-03-15T14:26:33Z</time>
   </trkpt>
   <trkpt lat="45.8655350" lon="15.2442990">
    <ele>210.0</ele>
    <time>2024-03-15T14:26:34Z</time>
   </trkpt>
   <trkpt lat="45.8655090" lon="15.2442840">
    <ele>210.0</ele>
    <time>2024-03-15T14:26:35Z</time>
   </trkpt>
   <trkpt lat="45.8654830" lon="15.2442690">
    <ele>210.0</ele>
    <time>2024-03-15T14:26:36Z</time>
   </trkpt>
   <trkpt lat="45.8654580" lon="15.2442530">
    <ele>210.0</ele>
    <time>2024-03-15T14:26:37Z</time>
   </trkpt>
   <trkpt lat="45.8654320" lon="15.2442370">
    <ele>210.0</ele>
    <time>2024-03-15T14:26:38Z</time>
   </trkpt>
   <trkpt lat="45.8654060" lon="15.2442220">
    <ele>210.0</ele>
    <time>2024-03-15T14:26:39Z</time>
   </trkpt>
   <trkpt lat="45.8653790" lon="15.2442080">
    <ele>210.0</ele>
    <time>2024-03-15T14:26:40Z</time>
   </trkpt>
   <trkpt lat="45.8653510" lon="15.2441940">
    <ele>211.0</ele>
    <time>2024-03-15T14:26:41Z</time>
   </trkpt>
   <trkpt lat="45.8653230" lon="15.2441850">
    <ele>211.0</ele>
    <time>2024-03-15T14:26:42Z</time>
   </trkpt>
   <trkpt lat="45.8652960" lon="15.2441760">
    <ele>211.0</ele>
    <time>2024-03-15T14:26:43Z</time>
   </trkpt>
   <trkpt lat="45.8652690" lon="15.2441680">
    <ele>211.0</ele>
    <time>2024-03-15T14:26:44Z</time>
   </trkpt>
   <trkpt lat="45.8652430" lon="15.2441600">
    <ele>211.0</ele>
    <time>2024-03-15T14:26:45Z</time>
   </trkpt>
   <trkpt lat="45.8652160" lon="15.2441480">
    <ele>211.0</ele>
    <time>2024-03-15T14:26:46Z</time>
   </trkpt>
   <trkpt lat="45.8651900" lon="15.2441360">
    <ele>211.0</ele>
    <time>2024-03-15T14:26:47Z</time>
   </trkpt>
   <trkpt lat="45.8651630" lon="15.2441210">
    <ele>211.0</ele>
    <time>2024-03-15T14:26:48Z</time>
   </trkpt>
   <trkpt lat="45.8651360" lon="15.2441060">
    <ele>211.0</ele>
    <time>2024-03-15T14:26:49Z</time>
   </trkpt>
   <trkpt lat="45.8651080" lon="15.2440870">
    <ele>211.0</ele>
    <time>2024-03-15T14:26:50Z</time>
   </trkpt>
   <trkpt lat="45.8650800" lon="15.2440690">
    <ele>212.0</ele>
    <time>2024-03-15T14:26:51Z</time>
   </trkpt>
   <trkpt lat="45.8650540" lon="15.2440470">
    <ele>212.0</ele>
    <time>2024-03-15T14:26:52Z</time>
   </trkpt>
   <trkpt lat="45.8650290" lon="15.2440250">
    <ele>212.0</ele>
    <time>2024-03-15T14:26:53Z</time>
   </trkpt>
   <trkpt lat="45.8650020" lon="15.2440010">
    <ele>212.0</ele>
    <time>2024-03-15T14:26:54Z</time>
   </trkpt>
   <trkpt lat="45.8649750" lon="15.2439760">
    <ele>212.0</ele>
    <time>2024-03-15T14:26:55Z</time>
   </trkpt>
   <trkpt lat="45.8649480" lon="15.2439560">
    <ele>212.0</ele>
    <time>2024-03-15T14:26:56Z</time>
   </trkpt>
   <trkpt lat="45.8649220" lon="15.2439350">
    <ele>212.0</ele>
    <time>2024-03-15T14:26:57Z</time>
   </trkpt>
   <trkpt lat="45.8648960" lon="15.2439210">
    <ele>212.0</ele>
    <time>2024-03-15T14:26:58Z</time>
   </trkpt>
   <trkpt lat="45.8648710" lon="15.2439060">
    <ele>212.0</ele>
    <time>2024-03-15T14:26:59Z</time>
   </trkpt>
   <trkpt lat="45.8648480" lon="15.2438950">
    <ele>212.0</ele>
    <time>2024-03-15T14:27:00Z</time>
   </trkpt>
   <trkpt lat="45.8648250" lon="15.2438830">
    <ele>212.0</ele>
    <time>2024-03-15T14:27:01Z</time>
   </trkpt>
   <trkpt lat="45.8648020" lon="15.2438700">
    <ele>212.0</ele>
    <time>2024-03-15T14:27:02Z</time>
   </trkpt>
   <trkpt lat="45.8647790" lon="15.2438560">
    <ele>212.0</ele>
    <time>2024-03-15T14:27:03Z</time>
   </trkpt>
   <trkpt lat="45.8647560" lon="15.2438370">
    <ele>212.0</ele>
    <time>2024-03-15T14:27:04Z</time>
   </trkpt>
   <trkpt lat="45.8647320" lon="15.2438170">
    <ele>212.0</ele>
    <time>2024-03-15T14:27:05Z</time>
   </trkpt>
   <trkpt lat="45.8647090" lon="15.2437950">
    <ele>212.0</ele>
    <time>2024-03-15T14:27:06Z</time>
   </trkpt>
   <trkpt lat="45.8646850" lon="15.2437730">
    <ele>212.0</ele>
    <time>2024-03-15T14:27:07Z</time>
   </trkpt>
   <trkpt lat="45.8646600" lon="15.2437520">
    <ele>212.0</ele>
    <time>2024-03-15T14:27:08Z</time>
   </trkpt>
   <trkpt lat="45.8646350" lon="15.2437310">
    <ele>212.0</ele>
    <time>2024-03-15T14:27:09Z</time>
   </trkpt>
   <trkpt lat="45.8646050" lon="15.2437090">
    <ele>212.0</ele>
    <time>2024-03-15T14:27:10Z</time>
   </trkpt>
   <trkpt lat="45.8645750" lon="15.2436870">
    <ele>212.0</ele>
    <time>2024-03-15T14:27:11Z</time>
   </trkpt>
   <trkpt lat="45.8645410" lon="15.2436610">
    <ele>212.0</ele>
    <time>2024-03-15T14:27:12Z</time>
   </trkpt>
   <trkpt lat="45.8645080" lon="15.2436360">
    <ele>212.0</ele>
    <time>2024-03-15T14:27:13Z</time>
   </trkpt>
   <trkpt lat="45.8644790" lon="15.2436080">
    <ele>212.0</ele>
    <time>2024-03-15T14:27:14Z</time>
   </trkpt>
   <trkpt lat="45.8644500" lon="15.2435800">
    <ele>212.0</ele>
    <time>2024-03-15T14:27:15Z</time>
   </trkpt>
   <trkpt lat="45.8644260" lon="15.2435620">
    <ele>212.0</ele>
    <time>2024-03-15T14:27:16Z</time>
   </trkpt>
   <trkpt lat="45.8644020" lon="15.2435430">
    <ele>211.0</ele>
    <time>2024-03-15T14:27:17Z</time>
   </trkpt>
   <trkpt lat="45.8643770" lon="15.2435420">
    <ele>211.0</ele>
    <time>2024-03-15T14:27:18Z</time>
   </trkpt>
   <trkpt lat="45.8643530" lon="15.2435400">
    <ele>211.0</ele>
    <time>2024-03-15T14:27:19Z</time>
   </trkpt>
   <trkpt lat="45.8643230" lon="15.2435510">
    <ele>211.0</ele>
    <time>2024-03-15T14:27:20Z</time>
   </trkpt>
   <trkpt lat="45.8642930" lon="15.2435620">
    <ele>211.0</ele>
    <time>2024-03-15T14:27:21Z</time>
   </trkpt>
   <trkpt lat="45.8642630" lon="15.2435770">
    <ele>211.0</ele>
    <time>2024-03-15T14:27:22Z</time>
   </trkpt>
   <trkpt lat="45.8642340" lon="15.2435920">
    <ele>211.0</ele>
    <time>2024-03-15T14:27:23Z</time>
   </trkpt>
   <trkpt lat="45.8642070" lon="15.2436060">
    <ele>211.0</ele>
    <time>2024-03-15T14:27:24Z</time>
   </trkpt>
   <trkpt lat="45.8641800" lon="15.2436210">
    <ele>211.0</ele>
    <time>2024-03-15T14:27:25Z</time>
   </trkpt>
   <trkpt lat="45.8641540" lon="15.2436330">
    <ele>211.0</ele>
    <time>2024-03-15T14:27:26Z</time>
   </trkpt>
   <trkpt lat="45.8641290" lon="15.2436450">
    <ele>211.0</ele>
    <time>2024-03-15T14:27:27Z</time>
   </trkpt>
   <trkpt lat="45.8641030" lon="15.2436570">
    <ele>211.0</ele>
    <time>2024-03-15T14:27:28Z</time>
   </trkpt>
   <trkpt lat="45.8640780" lon="15.2436690">
    <ele>211.0</ele>
    <time>2024-03-15T14:27:29Z</time>
   </trkpt>
   <trkpt lat="45.8640500" lon="15.2436800">
    <ele>211.0</ele>
    <time>2024-03-15T14:27:30Z</time>
   </trkpt>
   <trkpt lat="45.8640230" lon="15.2436920">
    <ele>211.0</ele>
    <time>2024-03-15T14:27:31Z</time>
   </trkpt>
   <trkpt lat="45.8639940" lon="15.2437050">
    <ele>211.0</ele>
    <time>2024-03-15T14:27:32Z</time>
   </trkpt>
   <trkpt lat="45.8639650" lon="15.2437180">
    <ele>211.0</ele>
    <time>2024-03-15T14:27:33Z</time>
   </trkpt>
   <trkpt lat="45.8639340" lon="15.2437330">
    <ele>211.0</ele>
    <time>2024-03-15T14:27:34Z</time>
   </trkpt>
   <trkpt lat="45.8639040" lon="15.2437490">
    <ele>211.0</ele>
    <time>2024-03-15T14:27:35Z</time>
   </trkpt>
   <trkpt lat="45.8638740" lon="15.2437660">
    <ele>212.0</ele>
    <time>2024-03-15T14:27:36Z</time>
   </trkpt>
   <trkpt lat="45.8638450" lon="15.2437830">
    <ele>212.0</ele>
    <time>2024-03-15T14:27:37Z</time>
   </trkpt>
   <trkpt lat="45.8638180" lon="15.2437980">
    <ele>212.0</ele>
    <time>2024-03-15T14:27:38Z</time>
   </trkpt>
   <trkpt lat="45.8637910" lon="15.2438140">
    <ele>212.0</ele>
    <time>2024-03-15T14:27:39Z</time>
   </trkpt>
   <trkpt lat="45.8637640" lon="15.2438250">
    <ele>212.0</ele>
    <time>2024-03-15T14:27:40Z</time>
   </trkpt>
   <trkpt lat="45.8637380" lon="15.2438360">
    <ele>212.0</ele>
    <time>2024-03-15T14:27:41Z</time>
   </trkpt>
   <trkpt lat="45.8637130" lon="15.2438430">
    <ele>212.0</ele>
    <time>2024-03-15T14:27:42Z</time>
   </trkpt>
   <trkpt lat="45.8636880" lon="15.2438510">
    <ele>212.0</ele>
    <time>2024-03-15T14:27:43Z</time>
   </trkpt>
   <trkpt lat="45.8636640" lon="15.2438540">
    <ele>212.0</ele>
    <time>2024-03-15T14:27:44Z</time>
   </trkpt>
   <trkpt lat="45.8636390" lon="15.2438580">
    <ele>212.0</ele>
    <time>2024-03-15T14:27:45Z</time>
   </trkpt>
   <trkpt lat="45.8636120" lon="15.2438610">
    <ele>212.0</ele>
    <time>2024-03-15T14:27:46Z</time>
   </trkpt>
   <trkpt lat="45.8635860" lon="15.2438650">
    <ele>212.0</ele>
    <time>2024-03-15T14:27:47Z</time>
   </trkpt>
   <trkpt lat="45.8635600" lon="15.2438650">
    <ele>212.0</ele>
    <time>2024-03-15T14:27:48Z</time>
   </trkpt>
   <trkpt lat="45.8635340" lon="15.2438660">
    <ele>212.0</ele>
    <time>2024-03-15T14:27:49Z</time>
   </trkpt>
   <trkpt lat="45.8635080" lon="15.2438620">
    <ele>212.0</ele>
    <time>2024-03-15T14:27:50Z</time>
   </trkpt>
   <trkpt lat="45.8634820" lon="15.2438590">
    <ele>213.0</ele>
    <time>2024-03-15T14:27:51Z</time>
   </trkpt>
   <trkpt lat="45.8634570" lon="15.2438510">
    <ele>213.0</ele>
    <time>2024-03-15T14:27:52Z</time>
   </trkpt>
   <trkpt lat="45.8634320" lon="15.2438440">
    <ele>213.0</ele>
    <time>2024-03-15T14:27:53Z</time>
   </trkpt>
   <trkpt lat="45.8634090" lon="15.2438350">
    <ele>213.0</ele>
    <time>2024-03-15T14:27:54Z</time>
   </trkpt>
   <trkpt lat="45.8633850" lon="15.2438250">
    <ele>213.0</ele>
    <time>2024-03-15T14:27:55Z</time>
   </trkpt>
   <trkpt lat="45.8633610" lon="15.2438180">
    <ele>213.0</ele>
    <time>2024-03-15T14:27:56Z</time>
   </trkpt>
   <trkpt lat="45.8633380" lon="15.2438110">
    <ele>213.0</ele>
    <time>2024-03-15T14:27:57Z</time>
   </trkpt>
   <trkpt lat="45.8633110" lon="15.2438080">
    <ele>213.0</ele>
    <time>2024-03-15T14:27:58Z</time>
   </trkpt>
   <trkpt lat="45.8632840" lon="15.2438050">
    <ele>213.0</ele>
    <time>2024-03-15T14:27:59Z</time>
   </trkpt>
   <trkpt lat="45.8632570" lon="15.2438100">
    <ele>213.0</ele>
    <time>2024-03-15T14:28:00Z</time>
   </trkpt>
   <trkpt lat="45.8632290" lon="15.2438140">
    <ele>213.0</ele>
    <time>2024-03-15T14:28:01Z</time>
   </trkpt>
   <trkpt lat="45.8632010" lon="15.2438230">
    <ele>213.0</ele>
    <time>2024-03-15T14:28:02Z</time>
   </trkpt>
   <trkpt lat="45.8631730" lon="15.2438310">
    <ele>213.0</ele>
    <time>2024-03-15T14:28:03Z</time>
   </trkpt>
   <trkpt lat="45.8631450" lon="15.2438370">
    <ele>213.0</ele>
    <time>2024-03-15T14:28:04Z</time>
   </trkpt>
   <trkpt lat="45.8631170" lon="15.2438440">
    <ele>213.0</ele>
    <time>2024-03-15T14:28:05Z</time>
   </trkpt>
   <trkpt lat="45.8630910" lon="15.2438490">
    <ele>214.0</ele>
    <time>2024-03-15T14:28:06Z</time>
   </trkpt>
   <trkpt lat="45.8630650" lon="15.2438540">
    <ele>214.0</ele>
    <time>2024-03-15T14:28:07Z</time>
   </trkpt>
   <trkpt lat="45.8630390" lon="15.2438600">
    <ele>214.0</ele>
    <time>2024-03-15T14:28:08Z</time>
   </trkpt>
   <trkpt lat="45.8630130" lon="15.2438660">
    <ele>214.0</ele>
    <time>2024-03-15T14:28:09Z</time>
   </trkpt>
   <trkpt lat="45.8629890" lon="15.2438740">
    <ele>214.0</ele>
    <time>2024-03-15T14:28:10Z</time>
   </trkpt>
   <trkpt lat="45.8629650" lon="15.2438820">
    <ele>215.0</ele>
    <time>2024-03-15T14:28:11Z</time>
   </trkpt>
   <trkpt lat="45.8629400" lon="15.2438900">
    <ele>215.0</ele>
    <time>2024-03-15T14:28:12Z</time>
   </trkpt>
   <trkpt lat="45.8629150" lon="15.2438980">
    <ele>215.0</ele>
    <time>2024-03-15T14:28:13Z</time>
   </trkpt>
   <trkpt lat="45.8628870" lon="15.2439000">
    <ele>215.0</ele>
    <time>2024-03-15T14:28:14Z</time>
   </trkpt>
   <trkpt lat="45.8628590" lon="15.2439020">
    <ele>215.0</ele>
    <time>2024-03-15T14:28:15Z</time>
   </trkpt>
   <trkpt lat="45.8628330" lon="15.2439010">
    <ele>215.0</ele>
    <time>2024-03-15T14:28:16Z</time>
   </trkpt>
   <trkpt lat="45.8628060" lon="15.2438990">
    <ele>215.0</ele>
    <time>2024-03-15T14:28:17Z</time>
   </trkpt>
   <trkpt lat="45.8627850" lon="15.2438970">
    <ele>215.0</ele>
    <time>2024-03-15T14:28:18Z</time>
   </trkpt>
   <trkpt lat="45.8627630" lon="15.2438960">
    <ele>215.0</ele>
    <time>2024-03-15T14:28:19Z</time>
   </trkpt>
   <trkpt lat="45.8627420" lon="15.2438960">
    <ele>215.0</ele>
    <time>2024-03-15T14:28:20Z</time>
   </trkpt>
   <trkpt lat="45.8627210" lon="15.2438970">
    <ele>216.0</ele>
    <time>2024-03-15T14:28:21Z</time>
   </trkpt>
   <trkpt lat="45.8626980" lon="15.2438990">
    <ele>216.0</ele>
    <time>2024-03-15T14:28:22Z</time>
   </trkpt>
   <trkpt lat="45.8626760" lon="15.2439020">
    <ele>216.0</ele>
    <time>2024-03-15T14:28:23Z</time>
   </trkpt>
   <trkpt lat="45.8626460" lon="15.2439060">
    <ele>216.0</ele>
    <time>2024-03-15T14:28:24Z</time>
   </trkpt>
   <trkpt lat="45.8626170" lon="15.2439100">
    <ele>216.0</ele>
    <time>2024-03-15T14:28:25Z</time>
   </trkpt>
   <trkpt lat="45.8625850" lon="15.2439080">
    <ele>217.0</ele>
    <time>2024-03-15T14:28:26Z</time>
   </trkpt>
   <trkpt lat="45.8625540" lon="15.2439060">
    <ele>217.0</ele>
    <time>2024-03-15T14:28:27Z</time>
   </trkpt>
   <trkpt lat="45.8625240" lon="15.2439000">
    <ele>217.0</ele>
    <time>2024-03-15T14:28:28Z</time>
   </trkpt>
   <trkpt lat="45.8624940" lon="15.2438940">
    <ele>217.0</ele>
    <time>2024-03-15T14:28:29Z</time>
   </trkpt>
   <trkpt lat="45.8624660" lon="15.2438870">
    <ele>217.0</ele>
    <time>2024-03-15T14:28:30Z</time>
   </trkpt>
   <trkpt lat="45.8624380" lon="15.2438800">
    <ele>218.0</ele>
    <time>2024-03-15T14:28:31Z</time>
   </trkpt>
   <trkpt lat="45.8624110" lon="15.2438740">
    <ele>218.0</ele>
    <time>2024-03-15T14:28:32Z</time>
   </trkpt>
   <trkpt lat="45.8623830" lon="15.2438690">
    <ele>218.0</ele>
    <time>2024-03-15T14:28:33Z</time>
   </trkpt>
   <trkpt lat="45.8623510" lon="15.2438580">
    <ele>218.0</ele>
    <time>2024-03-15T14:28:34Z</time>
   </trkpt>
   <trkpt lat="45.8623190" lon="15.2438480">
    <ele>218.0</ele>
    <time>2024-03-15T14:28:35Z</time>
   </trkpt>
   <trkpt lat="45.8622870" lon="15.2438300">
    <ele>218.0</ele>
    <time>2024-03-15T14:28:36Z</time>
   </trkpt>
   <trkpt lat="45.8622560" lon="15.2438120">
    <ele>218.0</ele>
    <time>2024-03-15T14:28:37Z</time>
   </trkpt>
   <trkpt lat="45.8622280" lon="15.2437900">
    <ele>218.0</ele>
    <time>2024-03-15T14:28:38Z</time>
   </trkpt>
   <trkpt lat="45.8622000" lon="15.2437680">
    <ele>219.0</ele>
    <time>2024-03-15T14:28:39Z</time>
   </trkpt>
   <trkpt lat="45.8621760" lon="15.2437430">
    <ele>219.0</ele>
    <time>2024-03-15T14:28:40Z</time>
   </trkpt>
   <trkpt lat="45.8621520" lon="15.2437190">
    <ele>220.0</ele>
    <time>2024-03-15T14:28:41Z</time>
   </trkpt>
   <trkpt lat="45.8621290" lon="15.2436940">
    <ele>220.0</ele>
    <time>2024-03-15T14:28:42Z</time>
   </trkpt>
   <trkpt lat="45.8621060" lon="15.2436690">
    <ele>220.0</ele>
    <time>2024-03-15T14:28:43Z</time>
   </trkpt>
   <trkpt lat="45.8620840" lon="15.2436430">
    <ele>220.0</ele>
    <time>2024-03-15T14:28:44Z</time>
   </trkpt>
   <trkpt lat="45.8620620" lon="15.2436170">
    <ele>220.0</ele>
    <time>2024-03-15T14:28:45Z</time>
   </trkpt>
   <trkpt lat="45.8620400" lon="15.2435890">
    <ele>220.0</ele>
    <time>2024-03-15T14:28:46Z</time>
   </trkpt>
   <trkpt lat="45.8620180" lon="15.2435600">
    <ele>220.0</ele>
    <time>2024-03-15T14:28:47Z</time>
   </trkpt>
   <trkpt lat="45.8619980" lon="15.2435310">
    <ele>220.0</ele>
    <time>2024-03-15T14:28:48Z</time>
   </trkpt>
   <trkpt lat="45.8619780" lon="15.2435020">
    <ele>220.0</ele>
    <time>2024-03-15T14:28:49Z</time>
   </trkpt>
   <trkpt lat="45.8619630" lon="15.2434750">
    <ele>220.0</ele>
    <time>2024-03-15T14:28:50Z</time>
   </trkpt>
   <trkpt lat="45.8619470" lon="15.2434490">
    <ele>221.0</ele>
    <time>2024-03-15T14:28:51Z</time>
   </trkpt>
   <trkpt lat="45.8619300" lon="15.2434260">
    <ele>221.0</ele>
    <time>2024-03-15T14:28:52Z</time>
   </trkpt>
   <trkpt lat="45.8619120" lon="15.2434030">
    <ele>221.0</ele>
    <time>2024-03-15T14:28:53Z</time>
   </trkpt>
   <trkpt lat="45.8618940" lon="15.2433820">
    <ele>221.0</ele>
    <time>2024-03-15T14:28:54Z</time>
   </trkpt>
   <trkpt lat="45.8618760" lon="15.2433620">
    <ele>221.0</ele>
    <time>2024-03-15T14:28:55Z</time>
   </trkpt>
   <trkpt lat="45.8618570" lon="15.2433450">
    <ele>221.0</ele>
    <time>2024-03-15T14:28:56Z</time>
   </trkpt>
   <trkpt lat="45.8618380" lon="15.2433280">
    <ele>221.0</ele>
    <time>2024-03-15T14:28:57Z</time>
   </trkpt>
   <trkpt lat="45.8618180" lon="15.2433120">
    <ele>221.0</ele>
    <time>2024-03-15T14:28:58Z</time>
   </trkpt>
   <trkpt lat="45.8617980" lon="15.2432970">
    <ele>221.0</ele>
    <time>2024-03-15T14:28:59Z</time>
   </trkpt>
   <trkpt lat="45.8617760" lon="15.2432820">
    <ele>221.0</ele>
    <time>2024-03-15T14:29:00Z</time>
   </trkpt>
   <trkpt lat="45.8617540" lon="15.2432680">
    <ele>221.0</ele>
    <time>2024-03-15T14:29:01Z</time>
   </trkpt>
   <trkpt lat="45.8617300" lon="15.2432550">
    <ele>220.0</ele>
    <time>2024-03-15T14:29:02Z</time>
   </trkpt>
   <trkpt lat="45.8617060" lon="15.2432410">
    <ele>220.0</ele>
    <time>2024-03-15T14:29:03Z</time>
   </trkpt>
   <trkpt lat="45.8616850" lon="15.2432280">
    <ele>220.0</ele>
    <time>2024-03-15T14:29:04Z</time>
   </trkpt>
   <trkpt lat="45.8616650" lon="15.2432140">
    <ele>220.0</ele>
    <time>2024-03-15T14:29:05Z</time>
   </trkpt>
   <trkpt lat="45.8616460" lon="15.2432010">
    <ele>220.0</ele>
    <time>2024-03-15T14:29:06Z</time>
   </trkpt>
   <trkpt lat="45.8616280" lon="15.2431880">
    <ele>220.0</ele>
    <time>2024-03-15T14:29:07Z</time>
   </trkpt>
   <trkpt lat="45.8616130" lon="15.2431760">
    <ele>220.0</ele>
    <time>2024-03-15T14:29:08Z</time>
   </trkpt>
   <trkpt lat="45.8615970" lon="15.2431650">
    <ele>220.0</ele>
    <time>2024-03-15T14:29:09Z</time>
   </trkpt>
   <trkpt lat="45.8615820" lon="15.2431500">
    <ele>220.0</ele>
    <time>2024-03-15T14:29:10Z</time>
   </trkpt>
   <trkpt lat="45.8615680" lon="15.2431350">
    <ele>220.0</ele>
    <time>2024-03-15T14:29:11Z</time>
   </trkpt>
   <trkpt lat="45.8615510" lon="15.2431150">
    <ele>220.0</ele>
    <time>2024-03-15T14:29:12Z</time>
   </trkpt>
   <trkpt lat="45.8615350" lon="15.2430960">
    <ele>220.0</ele>
    <time>2024-03-15T14:29:13Z</time>
   </trkpt>
   <trkpt lat="45.8615170" lon="15.2430790">
    <ele>220.0</ele>
    <time>2024-03-15T14:29:14Z</time>
   </trkpt>
   <trkpt lat="45.8614990" lon="15.2430620">
    <ele>220.0</ele>
    <time>2024-03-15T14:29:15Z</time>
   </trkpt>
   <trkpt lat="45.8614810" lon="15.2430490">
    <ele>220.0</ele>
    <time>2024-03-15T14:29:16Z</time>
   </trkpt>
   <trkpt lat="45.8614640" lon="15.2430360">
    <ele>220.0</ele>
    <time>2024-03-15T14:29:17Z</time>
   </trkpt>
   <trkpt lat="45.8614490" lon="15.2430220">
    <ele>220.0</ele>
    <time>2024-03-15T14:29:18Z</time>
   </trkpt>
   <trkpt lat="45.8614330" lon="15.2430080">
    <ele>220.0</ele>
    <time>2024-03-15T14:29:19Z</time>
   </trkpt>
   <trkpt lat="45.8614200" lon="15.2429900">
    <ele>220.0</ele>
    <time>2024-03-15T14:29:20Z</time>
   </trkpt>
   <trkpt lat="45.8614060" lon="15.2429720">
    <ele>220.0</ele>
    <time>2024-03-15T14:29:21Z</time>
   </trkpt>
   <trkpt lat="45.8613940" lon="15.2429540">
    <ele>220.0</ele>
    <time>2024-03-15T14:29:22Z</time>
   </trkpt>
   <trkpt lat="45.8613820" lon="15.2429360">
    <ele>220.0</ele>
    <time>2024-03-15T14:29:23Z</time>
   </trkpt>
   <trkpt lat="45.8613690" lon="15.2429220">
    <ele>220.0</ele>
    <time>2024-03-15T14:29:24Z</time>
   </trkpt>
   <trkpt lat="45.8613550" lon="15.2429080">
    <ele>220.0</ele>
    <time>2024-03-15T14:29:25Z</time>
   </trkpt>
   <trkpt lat="45.8613410" lon="15.2428970">
    <ele>220.0</ele>
    <time>2024-03-15T14:29:26Z</time>
   </trkpt>
   <trkpt lat="45.8613260" lon="15.2428850">
    <ele>220.0</ele>
    <time>2024-03-15T14:29:27Z</time>
   </trkpt>
   <trkpt lat="45.8613120" lon="15.2428720">
    <ele>220.0</ele>
    <time>2024-03-15T14:29:28Z</time>
   </trkpt>
   <trkpt lat="45.8612970" lon="15.2428590">
    <ele>220.0</ele>
    <time>2024-03-15T14:29:29Z</time>
   </trkpt>
   <trkpt lat="45.8612830" lon="15.2428420">
    <ele>220.0</ele>
    <time>2024-03-15T14:29:30Z</time>
   </trkpt>
   <trkpt lat="45.8612690" lon="15.2428260">
    <ele>221.0</ele>
    <time>2024-03-15T14:29:31Z</time>
   </trkpt>
   <trkpt lat="45.8612520" lon="15.2428130">
    <ele>221.0</ele>
    <time>2024-03-15T14:29:32Z</time>
   </trkpt>
   <trkpt lat="45.8612360" lon="15.2428010">
    <ele>221.0</ele>
    <time>2024-03-15T14:29:33Z</time>
   </trkpt>
   <trkpt lat="45.8612180" lon="15.2427970">
    <ele>221.0</ele>
    <time>2024-03-15T14:29:34Z</time>
   </trkpt>
   <trkpt lat="45.8611990" lon="15.2427920">
    <ele>221.0</ele>
    <time>2024-03-15T14:29:35Z</time>
   </trkpt>
   <trkpt lat="45.8611810" lon="15.2427920">
    <ele>221.0</ele>
    <time>2024-03-15T14:29:36Z</time>
   </trkpt>
   <trkpt lat="45.8611630" lon="15.2427910">
    <ele>221.0</ele>
    <time>2024-03-15T14:29:37Z</time>
   </trkpt>
   <trkpt lat="45.8611460" lon="15.2427890">
    <ele>221.0</ele>
    <time>2024-03-15T14:29:38Z</time>
   </trkpt>
   <trkpt lat="45.8611290" lon="15.2427860">
    <ele>221.0</ele>
    <time>2024-03-15T14:29:39Z</time>
   </trkpt>
   <trkpt lat="45.8611130" lon="15.2427780">
    <ele>221.0</ele>
    <time>2024-03-15T14:29:40Z</time>
   </trkpt>
   <trkpt lat="45.8610960" lon="15.2427710">
    <ele>221.0</ele>
    <time>2024-03-15T14:29:41Z</time>
   </trkpt>
   <trkpt lat="45.8610780" lon="15.2427560">
    <ele>221.0</ele>
    <time>2024-03-15T14:29:42Z</time>
   </trkpt>
   <trkpt lat="45.8610610" lon="15.2427410">
    <ele>221.0</ele>
    <time>2024-03-15T14:29:43Z</time>
   </trkpt>
   <trkpt lat="45.8610410" lon="15.2427240">
    <ele>221.0</ele>
    <time>2024-03-15T14:29:44Z</time>
   </trkpt>
   <trkpt lat="45.8610210" lon="15.2427060">
    <ele>221.0</ele>
    <time>2024-03-15T14:29:45Z</time>
   </trkpt>
   <trkpt lat="45.8609990" lon="15.2426920">
    <ele>222.0</ele>
    <time>2024-03-15T14:29:46Z</time>
   </trkpt>
   <trkpt lat="45.8609780" lon="15.2426770">
    <ele>222.0</ele>
    <time>2024-03-15T14:29:47Z</time>
   </trkpt>
   <trkpt lat="45.8609570" lon="15.2426660">
    <ele>222.0</ele>
    <time>2024-03-15T14:29:48Z</time>
   </trkpt>
   <trkpt lat="45.8609360" lon="15.2426540">
    <ele>222.0</ele>
    <time>2024-03-15T14:29:49Z</time>
   </trkpt>
   <trkpt lat="45.8609150" lon="15.2426400">
    <ele>222.0</ele>
    <time>2024-03-15T14:29:50Z</time>
   </trkpt>
   <trkpt lat="45.8608950" lon="15.2426260">
    <ele>222.0</ele>
    <time>2024-03-15T14:29:51Z</time>
   </trkpt>
   <trkpt lat="45.8608710" lon="15.2426090">
    <ele>222.0</ele>
    <time>2024-03-15T14:29:52Z</time>
   </trkpt>
   <trkpt lat="45.8608480" lon="15.2425920">
    <ele>222.0</ele>
    <time>2024-03-15T14:29:53Z</time>
   </trkpt>
   <trkpt lat="45.8608220" lon="15.2425750">
    <ele>222.0</ele>
    <time>2024-03-15T14:29:54Z</time>
   </trkpt>
   <trkpt lat="45.8607960" lon="15.2425580">
    <ele>222.0</ele>
    <time>2024-03-15T14:29:55Z</time>
   </trkpt>
   <trkpt lat="45.8607680" lon="15.2425390">
    <ele>223.0</ele>
    <time>2024-03-15T14:29:56Z</time>
   </trkpt>
   <trkpt lat="45.8607390" lon="15.2425190">
    <ele>223.0</ele>
    <time>2024-03-15T14:29:57Z</time>
   </trkpt>
   <trkpt lat="45.8607100" lon="15.2424980">
    <ele>223.0</ele>
    <time>2024-03-15T14:29:58Z</time>
   </trkpt>
   <trkpt lat="45.8606800" lon="15.2424760">
    <ele>223.0</ele>
    <time>2024-03-15T14:29:59Z</time>
   </trkpt>
   <trkpt lat="45.8606530" lon="15.2424560">
    <ele>223.0</ele>
    <time>2024-03-15T14:30:00Z</time>
   </trkpt>
   <trkpt lat="45.8606270" lon="15.2424350">
    <ele>224.0</ele>
    <time>2024-03-15T14:30:01Z</time>
   </trkpt>
   <trkpt lat="45.8606020" lon="15.2424180">
    <ele>224.0</ele>
    <time>2024-03-15T14:30:02Z</time>
   </trkpt>
   <trkpt lat="45.8605770" lon="15.2424000">
    <ele>224.0</ele>
    <time>2024-03-15T14:30:03Z</time>
   </trkpt>
   <trkpt lat="45.8605540" lon="15.2423860">
    <ele>224.0</ele>
    <time>2024-03-15T14:30:04Z</time>
   </trkpt>
   <trkpt lat="45.8605320" lon="15.2423720">
    <ele>224.0</ele>
    <time>2024-03-15T14:30:05Z</time>
   </trkpt>
   <trkpt lat="45.8605110" lon="15.2423590">
    <ele>224.0</ele>
    <time>2024-03-15T14:30:06Z</time>
   </trkpt>
   <trkpt lat="45.8604900" lon="15.2423470">
    <ele>224.0</ele>
    <time>2024-03-15T14:30:07Z</time>
   </trkpt>
   <trkpt lat="45.8604670" lon="15.2423360">
    <ele>224.0</ele>
    <time>2024-03-15T14:30:08Z</time>
   </trkpt>
   <trkpt lat="45.8604430" lon="15.2423260">
    <ele>224.0</ele>
    <time>2024-03-15T14:30:09Z</time>
   </trkpt>
   <trkpt lat="45.8604170" lon="15.2423170">
    <ele>224.0</ele>
    <time>2024-03-15T14:30:10Z</time>
   </trkpt>
   <trkpt lat="45.8603910" lon="15.2423090">
    <ele>224.0</ele>
    <time>2024-03-15T14:30:11Z</time>
   </trkpt>
   <trkpt lat="45.8603620" lon="15.2423020">
    <ele>224.0</ele>
    <time>2024-03-15T14:30:12Z</time>
   </trkpt>
   <trkpt lat="45.8603330" lon="15.2422950">
    <ele>224.0</ele>
    <time>2024-03-15T14:30:13Z</time>
   </trkpt>
   <trkpt lat="45.8603030" lon="15.2422870">
    <ele>225.0</ele>
    <time>2024-03-15T14:30:14Z</time>
   </trkpt>
   <trkpt lat="45.8602730" lon="15.2422800">
    <ele>225.0</ele>
    <time>2024-03-15T14:30:15Z</time>
   </trkpt>
   <trkpt lat="45.8602440" lon="15.2422720">
    <ele>226.0</ele>
    <time>2024-03-15T14:30:16Z</time>
   </trkpt>
   <trkpt lat="45.8602160" lon="15.2422640">
    <ele>226.0</ele>
    <time>2024-03-15T14:30:17Z</time>
   </trkpt>
   <trkpt lat="45.8601870" lon="15.2422550">
    <ele>226.0</ele>
    <time>2024-03-15T14:30:18Z</time>
   </trkpt>
   <trkpt lat="45.8601590" lon="15.2422460">
    <ele>226.0</ele>
    <time>2024-03-15T14:30:19Z</time>
   </trkpt>
   <trkpt lat="45.8601280" lon="15.2422370">
    <ele>226.0</ele>
    <time>2024-03-15T14:30:20Z</time>
   </trkpt>
   <trkpt lat="45.8600970" lon="15.2422280">
    <ele>226.0</ele>
    <time>2024-03-15T14:30:21Z</time>
   </trkpt>
   <trkpt lat="45.8600640" lon="15.2422190">
    <ele>225.0</ele>
    <time>2024-03-15T14:30:22Z</time>
   </trkpt>
   <trkpt lat="45.8600310" lon="15.2422100">
    <ele>225.0</ele>
    <time>2024-03-15T14:30:23Z</time>
   </trkpt>
   <trkpt lat="45.8599980" lon="15.2422010">
    <ele>224.0</ele>
    <time>2024-03-15T14:30:24Z</time>
   </trkpt>
   <trkpt lat="45.8599650" lon="15.2421920">
    <ele>224.0</ele>
    <time>2024-03-15T14:30:25Z</time>
   </trkpt>
   <trkpt lat="45.8599310" lon="15.2421840">
    <ele>224.0</ele>
    <time>2024-03-15T14:30:26Z</time>
   </trkpt>
   <trkpt lat="45.8598960" lon="15.2421760">
    <ele>223.0</ele>
    <time>2024-03-15T14:30:27Z</time>
   </trkpt>
   <trkpt lat="45.8598580" lon="15.2421740">
    <ele>223.0</ele>
    <time>2024-03-15T14:30:28Z</time>
   </trkpt>
   <trkpt lat="45.8598200" lon="15.2421720">
    <ele>223.0</ele>
    <time>2024-03-15T14:30:29Z</time>
   </trkpt>
   <trkpt lat="45.8597810" lon="15.2421730">
    <ele>223.0</ele>
    <time>2024-03-15T14:30:30Z</time>
   </trkpt>
   <trkpt lat="45.8597420" lon="15.2421750">
    <ele>223.0</ele>
    <time>2024-03-15T14:30:31Z</time>
   </trkpt>
   <trkpt lat="45.8597060" lon="15.2421730">
    <ele>222.0</ele>
    <time>2024-03-15T14:30:32Z</time>
   </trkpt>
   <trkpt lat="45.8596710" lon="15.2421700">
    <ele>222.0</ele>
    <time>2024-03-15T14:30:33Z</time>
   </trkpt>
   <trkpt lat="45.8596400" lon="15.2421630">
    <ele>221.0</ele>
    <time>2024-03-15T14:30:34Z</time>
   </trkpt>
   <trkpt lat="45.8596090" lon="15.2421550">
    <ele>221.0</ele>
    <time>2024-03-15T14:30:35Z</time>
   </trkpt>
   <trkpt lat="45.8595790" lon="15.2421430">
    <ele>221.0</ele>
    <time>2024-03-15T14:30:36Z</time>
   </trkpt>
   <trkpt lat="45.8595500" lon="15.2421310">
    <ele>220.0</ele>
    <time>2024-03-15T14:30:37Z</time>
   </trkpt>
   <trkpt lat="45.8595210" lon="15.2421160">
    <ele>220.0</ele>
    <time>2024-03-15T14:30:38Z</time>
   </trkpt>
   <trkpt lat="45.8594910" lon="15.2421020">
    <ele>220.0</ele>
    <time>2024-03-15T14:30:39Z</time>
   </trkpt>
   <trkpt lat="45.8594610" lon="15.2420920">
    <ele>220.0</ele>
    <time>2024-03-15T14:30:40Z</time>
   </trkpt>
   <trkpt lat="45.8594310" lon="15.2420820">
    <ele>220.0</ele>
    <time>2024-03-15T14:30:41Z</time>
   </trkpt>
   <trkpt lat="45.8593990" lon="15.2420830">
    <ele>219.0</ele>
    <time>2024-03-15T14:30:42Z</time>
   </trkpt>
   <trkpt lat="45.8593660" lon="15.2420850">
    <ele>219.0</ele>
    <time>2024-03-15T14:30:43Z</time>
   </trkpt>
   <trkpt lat="45.8593330" lon="15.2420960">
    <ele>219.0</ele>
    <time>2024-03-15T14:30:44Z</time>
   </trkpt>
   <trkpt lat="45.8593000" lon="15.2421070">
    <ele>219.0</ele>
    <time>2024-03-15T14:30:45Z</time>
   </trkpt>
   <trkpt lat="45.8592670" lon="15.2421160">
    <ele>219.0</ele>
    <time>2024-03-15T14:30:46Z</time>
   </trkpt>
   <trkpt lat="45.8592350" lon="15.2421260">
    <ele>218.0</ele>
    <time>2024-03-15T14:30:47Z</time>
   </trkpt>
   <trkpt lat="45.8592000" lon="15.2421350">
    <ele>218.0</ele>
    <time>2024-03-15T14:30:48Z</time>
   </trkpt>
   <trkpt lat="45.8591660" lon="15.2421430">
    <ele>218.0</ele>
    <time>2024-03-15T14:30:49Z</time>
   </trkpt>
   <trkpt lat="45.8591310" lon="15.2421470">
    <ele>218.0</ele>
    <time>2024-03-15T14:30:50Z</time>
   </trkpt>
   <trkpt lat="45.8590960" lon="15.2421510">
    <ele>218.0</ele>
    <time>2024-03-15T14:30:51Z</time>
   </trkpt>
   <trkpt lat="45.8590620" lon="15.2421490">
    <ele>217.0</ele>
    <time>2024-03-15T14:30:52Z</time>
   </trkpt>
   <trkpt lat="45.8590290" lon="15.2421470">
    <ele>217.0</ele>
    <time>2024-03-15T14:30:53Z</time>
   </trkpt>
   <trkpt lat="45.8589960" lon="15.2421460">
    <ele>217.0</ele>
    <time>2024-03-15T14:30:54Z</time>
   </trkpt>
   <trkpt lat="45.8589620" lon="15.2421450">
    <ele>217.0</ele>
    <time>2024-03-15T14:30:55Z</time>
   </trkpt>
   <trkpt lat="45.8589290" lon="15.2421450">
    <ele>217.0</ele>
    <time>2024-03-15T14:30:56Z</time>
   </trkpt>
   <trkpt lat="45.8588960" lon="15.2421460">
    <ele>216.0</ele>
    <time>2024-03-15T14:30:57Z</time>
   </trkpt>
   <trkpt lat="45.8588650" lon="15.2421520">
    <ele>216.0</ele>
    <time>2024-03-15T14:30:58Z</time>
   </trkpt>
   <trkpt lat="45.8588350" lon="15.2421570">
    <ele>216.0</ele>
    <time>2024-03-15T14:30:59Z</time>
   </trkpt>
   <trkpt lat="45.8588040" lon="15.2421660">
    <ele>216.0</ele>
    <time>2024-03-15T14:31:00Z</time>
   </trkpt>
   <trkpt lat="45.8587730" lon="15.2421750">
    <ele>216.0</ele>
    <time>2024-03-15T14:31:01Z</time>
   </trkpt>
   <trkpt lat="45.8587410" lon="15.2421850">
    <ele>216.0</ele>
    <time>2024-03-15T14:31:02Z</time>
   </trkpt>
   <trkpt lat="45.8587100" lon="15.2421950">
    <ele>216.0</ele>
    <time>2024-03-15T14:31:03Z</time>
   </trkpt>
   <trkpt lat="45.8586780" lon="15.2422030">
    <ele>216.0</ele>
    <time>2024-03-15T14:31:04Z</time>
   </trkpt>
   <trkpt lat="45.8586470" lon="15.2422110">
    <ele>216.0</ele>
    <time>2024-03-15T14:31:05Z</time>
   </trkpt>
   <trkpt lat="45.8586200" lon="15.2422170">
    <ele>216.0</ele>
    <time>2024-03-15T14:31:06Z</time>
   </trkpt>
   <trkpt lat="45.8585920" lon="15.2422230">
    <ele>216.0</ele>
    <time>2024-03-15T14:31:07Z</time>
   </trkpt>
   <trkpt lat="45.8585670" lon="15.2422270">
    <ele>216.0</ele>
    <time>2024-03-15T14:31:08Z</time>
   </trkpt>
   <trkpt lat="45.8585420" lon="15.2422300">
    <ele>216.0</ele>
    <time>2024-03-15T14:31:09Z</time>
   </trkpt>
   <trkpt lat="45.8585170" lon="15.2422320">
    <ele>216.0</ele>
    <time>2024-03-15T14:31:10Z</time>
   </trkpt>
   <trkpt lat="45.8584920" lon="15.2422340">
    <ele>216.0</ele>
    <time>2024-03-15T14:31:11Z</time>
   </trkpt>
   <trkpt lat="45.8584660" lon="15.2422360">
    <ele>216.0</ele>
    <time>2024-03-15T14:31:12Z</time>
   </trkpt>
   <trkpt lat="45.8584400" lon="15.2422390">
    <ele>216.0</ele>
    <time>2024-03-15T14:31:13Z</time>
   </trkpt>
   <trkpt lat="45.8584120" lon="15.2422460">
    <ele>216.0</ele>
    <time>2024-03-15T14:31:14Z</time>
   </trkpt>
   <trkpt lat="45.8583840" lon="15.2422530">
    <ele>216.0</ele>
    <time>2024-03-15T14:31:15Z</time>
   </trkpt>
   <trkpt lat="45.8583530" lon="15.2422660">
    <ele>216.0</ele>
    <time>2024-03-15T14:31:16Z</time>
   </trkpt>
   <trkpt lat="45.8583210" lon="15.2422800">
    <ele>216.0</ele>
    <time>2024-03-15T14:31:17Z</time>
   </trkpt>
   <trkpt lat="45.8582860" lon="15.2422960">
    <ele>216.0</ele>
    <time>2024-03-15T14:31:18Z</time>
   </trkpt>
   <trkpt lat="45.8582500" lon="15.2423110">
    <ele>216.0</ele>
    <time>2024-03-15T14:31:19Z</time>
   </trkpt>
   <trkpt lat="45.8582140" lon="15.2423200">
    <ele>216.0</ele>
    <time>2024-03-15T14:31:20Z</time>
   </trkpt>
   <trkpt lat="45.8581790" lon="15.2423290">
    <ele>216.0</ele>
    <time>2024-03-15T14:31:21Z</time>
   </trkpt>
   <trkpt lat="45.8581460" lon="15.2423290">
    <ele>216.0</ele>
    <time>2024-03-15T14:31:22Z</time>
   </trkpt>
   <trkpt lat="45.8581140" lon="15.2423290">
    <ele>216.0</ele>
    <time>2024-03-15T14:31:23Z</time>
   </trkpt>
   <trkpt lat="45.8580830" lon="15.2423250">
    <ele>216.0</ele>
    <time>2024-03-15T14:31:24Z</time>
   </trkpt>
   <trkpt lat="45.8580510" lon="15.2423220">
    <ele>216.0</ele>
    <time>2024-03-15T14:31:25Z</time>
   </trkpt>
   <trkpt lat="45.8580210" lon="15.2423160">
    <ele>216.0</ele>
    <time>2024-03-15T14:31:26Z</time>
   </trkpt>
   <trkpt lat="45.8579910" lon="15.2423120">
    <ele>216.0</ele>
    <time>2024-03-15T14:31:27Z</time>
   </trkpt>
   <trkpt lat="45.8579610" lon="15.2423090">
    <ele>216.0</ele>
    <time>2024-03-15T14:31:28Z</time>
   </trkpt>
   <trkpt lat="45.8579320" lon="15.2423060">
    <ele>216.0</ele>
    <time>2024-03-15T14:31:29Z</time>
   </trkpt>
   <trkpt lat="45.8579000" lon="15.2423080">
    <ele>216.0</ele>
    <time>2024-03-15T14:31:30Z</time>
   </trkpt>
   <trkpt lat="45.8578680" lon="15.2423100">
    <ele>216.0</ele>
    <time>2024-03-15T14:31:31Z</time>
   </trkpt>
   <trkpt lat="45.8578350" lon="15.2423150">
    <ele>216.0</ele>
    <time>2024-03-15T14:31:32Z</time>
   </trkpt>
   <trkpt lat="45.8578020" lon="15.2423200">
    <ele>216.0</ele>
    <time>2024-03-15T14:31:33Z</time>
   </trkpt>
   <trkpt lat="45.8577680" lon="15.2423210">
    <ele>216.0</ele>
    <time>2024-03-15T14:31:34Z</time>
   </trkpt>
   <trkpt lat="45.8577350" lon="15.2423230">
    <ele>216.0</ele>
    <time>2024-03-15T14:31:35Z</time>
   </trkpt>
   <trkpt lat="45.8577020" lon="15.2423230">
    <ele>216.0</ele>
    <time>2024-03-15T14:31:36Z</time>
   </trkpt>
   <trkpt lat="45.8576680" lon="15.2423230">
    <ele>216.0</ele>
    <time>2024-03-15T14:31:37Z</time>
   </trkpt>
   <trkpt lat="45.8576360" lon="15.2423230">
    <ele>216.0</ele>
    <time>2024-03-15T14:31:38Z</time>
   </trkpt>
   <trkpt lat="45.8576040" lon="15.2423230">
    <ele>216.0</ele>
    <time>2024-03-15T14:31:39Z</time>
   </trkpt>
   <trkpt lat="45.8575720" lon="15.2423220">
    <ele>216.0</ele>
    <time>2024-03-15T14:31:40Z</time>
   </trkpt>
   <trkpt lat="45.8575400" lon="15.2423200">
    <ele>216.0</ele>
    <time>2024-03-15T14:31:41Z</time>
   </trkpt>
   <trkpt lat="45.8575090" lon="15.2423180">
    <ele>216.0</ele>
    <time>2024-03-15T14:31:42Z</time>
   </trkpt>
   <trkpt lat="45.8574780" lon="15.2423160">
    <ele>216.0</ele>
    <time>2024-03-15T14:31:43Z</time>
   </trkpt>
   <trkpt lat="45.8574480" lon="15.2423170">
    <ele>216.0</ele>
    <time>2024-03-15T14:31:44Z</time>
   </trkpt>
   <trkpt lat="45.8574170" lon="15.2423190">
    <ele>216.0</ele>
    <time>2024-03-15T14:31:45Z</time>
   </trkpt>
   <trkpt lat="45.8573830" lon="15.2423280">
    <ele>216.0</ele>
    <time>2024-03-15T14:31:46Z</time>
   </trkpt>
   <trkpt lat="45.8573490" lon="15.2423380">
    <ele>215.0</ele>
    <time>2024-03-15T14:31:47Z</time>
   </trkpt>
   <trkpt lat="45.8573100" lon="15.2423440">
    <ele>215.0</ele>
    <time>2024-03-15T14:31:48Z</time>
   </trkpt>
   <trkpt lat="45.8572720" lon="15.2423510">
    <ele>215.0</ele>
    <time>2024-03-15T14:31:49Z</time>
   </trkpt>
   <trkpt lat="45.8572320" lon="15.2423480">
    <ele>215.0</ele>
    <time>2024-03-15T14:31:50Z</time>
   </trkpt>
   <trkpt lat="45.8571930" lon="15.2423440">
    <ele>215.0</ele>
    <time>2024-03-15T14:31:51Z</time>
   </trkpt>
   <trkpt lat="45.8571550" lon="15.2423260">
    <ele>215.0</ele>
    <time>2024-03-15T14:31:52Z</time>
   </trkpt>
   <trkpt lat="45.8571170" lon="15.2423080">
    <ele>215.0</ele>
    <time>2024-03-15T14:31:53Z</time>
   </trkpt>
   <trkpt lat="45.8570830" lon="15.2422840">
    <ele>215.0</ele>
    <time>2024-03-15T14:31:54Z</time>
   </trkpt>
   <trkpt lat="45.8570490" lon="15.2422610">
    <ele>215.0</ele>
    <time>2024-03-15T14:31:55Z</time>
   </trkpt>
   <trkpt lat="45.8570210" lon="15.2422370">
    <ele>215.0</ele>
    <time>2024-03-15T14:31:56Z</time>
   </trkpt>
   <trkpt lat="45.8569930" lon="15.2422140">
    <ele>214.0</ele>
    <time>2024-03-15T14:31:57Z</time>
   </trkpt>
   <trkpt lat="45.8569690" lon="15.2421940">
    <ele>214.0</ele>
    <time>2024-03-15T14:31:58Z</time>
   </trkpt>
   <trkpt lat="45.8569460" lon="15.2421740">
    <ele>214.0</ele>
    <time>2024-03-15T14:31:59Z</time>
   </trkpt>
   <trkpt lat="45.8569230" lon="15.2421530">
    <ele>214.0</ele>
    <time>2024-03-15T14:32:00Z</time>
   </trkpt>
   <trkpt lat="45.8569000" lon="15.2421310">
    <ele>214.0</ele>
    <time>2024-03-15T14:32:01Z</time>
   </trkpt>
   <trkpt lat="45.8568770" lon="15.2421100">
    <ele>214.0</ele>
    <time>2024-03-15T14:32:02Z</time>
   </trkpt>
   <trkpt lat="45.8568540" lon="15.2420890">
    <ele>214.0</ele>
    <time>2024-03-15T14:32:03Z</time>
   </trkpt>
   <trkpt lat="45.8568320" lon="15.2420690">
    <ele>214.0</ele>
    <time>2024-03-15T14:32:04Z</time>
   </trkpt>
   <trkpt lat="45.8568100" lon="15.2420500">
    <ele>214.0</ele>
    <time>2024-03-15T14:32:05Z</time>
   </trkpt>
   <trkpt lat="45.8567870" lon="15.2420280">
    <ele>214.0</ele>
    <time>2024-03-15T14:32:06Z</time>
   </trkpt>
   <trkpt lat="45.8567640" lon="15.2420060">
    <ele>214.0</ele>
    <time>2024-03-15T14:32:07Z</time>
   </trkpt>
   <trkpt lat="45.8567350" lon="15.2419810">
    <ele>214.0</ele>
    <time>2024-03-15T14:32:08Z</time>
   </trkpt>
   <trkpt lat="45.8567050" lon="15.2419560">
    <ele>214.0</ele>
    <time>2024-03-15T14:32:09Z</time>
   </trkpt>
   <trkpt lat="45.8566710" lon="15.2419290">
    <ele>214.0</ele>
    <time>2024-03-15T14:32:10Z</time>
   </trkpt>
   <trkpt lat="45.8566380" lon="15.2419020">
    <ele>214.0</ele>
    <time>2024-03-15T14:32:11Z</time>
   </trkpt>
   <trkpt lat="45.8566060" lon="15.2418730">
    <ele>213.0</ele>
    <time>2024-03-15T14:32:12Z</time>
   </trkpt>
   <trkpt lat="45.8565740" lon="15.2418430">
    <ele>213.0</ele>
    <time>2024-03-15T14:32:13Z</time>
   </trkpt>
   <trkpt lat="45.8565460" lon="15.2418080">
    <ele>213.0</ele>
    <time>2024-03-15T14:32:14Z</time>
   </trkpt>
   <trkpt lat="45.8565180" lon="15.2417720">
    <ele>213.0</ele>
    <time>2024-03-15T14:32:15Z</time>
   </trkpt>
   <trkpt lat="45.8564950" lon="15.2417330">
    <ele>213.0</ele>
    <time>2024-03-15T14:32:16Z</time>
   </trkpt>
   <trkpt lat="45.8564720" lon="15.2416930">
    <ele>213.0</ele>
    <time>2024-03-15T14:32:17Z</time>
   </trkpt>
   <trkpt lat="45.8564510" lon="15.2416510">
    <ele>213.0</ele>
    <time>2024-03-15T14:32:18Z</time>
   </trkpt>
   <trkpt lat="45.8564300" lon="15.2416100">
    <ele>213.0</ele>
    <time>2024-03-15T14:32:19Z</time>
   </trkpt>
   <trkpt lat="45.8564110" lon="15.2415700">
    <ele>213.0</ele>
    <time>2024-03-15T14:32:20Z</time>
   </trkpt>
   <trkpt lat="45.8563910" lon="15.2415310">
    <ele>213.0</ele>
    <time>2024-03-15T14:32:21Z</time>
   </trkpt>
   <trkpt lat="45.8563710" lon="15.2414960">
    <ele>212.0</ele>
    <time>2024-03-15T14:32:22Z</time>
   </trkpt>
   <trkpt lat="45.8563510" lon="15.2414610">
    <ele>212.0</ele>
    <time>2024-03-15T14:32:23Z</time>
   </trkpt>
   <trkpt lat="45.8563300" lon="15.2414290">
    <ele>211.0</ele>
    <time>2024-03-15T14:32:24Z</time>
   </trkpt>
   <trkpt lat="45.8563090" lon="15.2413970">
    <ele>211.0</ele>
    <time>2024-03-15T14:32:25Z</time>
   </trkpt>
   <trkpt lat="45.8562860" lon="15.2413650">
    <ele>211.0</ele>
    <time>2024-03-15T14:32:26Z</time>
   </trkpt>
   <trkpt lat="45.8562630" lon="15.2413340">
    <ele>210.0</ele>
    <time>2024-03-15T14:32:27Z</time>
   </trkpt>
   <trkpt lat="45.8562400" lon="15.2413020">
    <ele>210.0</ele>
    <time>2024-03-15T14:32:28Z</time>
   </trkpt>
   <trkpt lat="45.8562160" lon="15.2412710">
    <ele>210.0</ele>
    <time>2024-03-15T14:32:29Z</time>
   </trkpt>
   <trkpt lat="45.8561930" lon="15.2412400">
    <ele>210.0</ele>
    <time>2024-03-15T14:32:30Z</time>
   </trkpt>
   <trkpt lat="45.8561710" lon="15.2412090">
    <ele>210.0</ele>
    <time>2024-03-15T14:32:31Z</time>
   </trkpt>
   <trkpt lat="45.8561470" lon="15.2411770">
    <ele>209.0</ele>
    <time>2024-03-15T14:32:32Z</time>
   </trkpt>
   <trkpt lat="45.8561240" lon="15.2411440">
    <ele>209.0</ele>
    <time>2024-03-15T14:32:33Z</time>
   </trkpt>
   <trkpt lat="45.8560980" lon="15.2411130">
    <ele>209.0</ele>
    <time>2024-03-15T14:32:34Z</time>
   </trkpt>
   <trkpt lat="45.8560730" lon="15.2410820">
    <ele>209.0</ele>
    <time>2024-03-15T14:32:35Z</time>
   </trkpt>
   <trkpt lat="45.8560440" lon="15.2410550">
    <ele>209.0</ele>
    <time>2024-03-15T14:32:36Z</time>
   </trkpt>
   <trkpt lat="45.8560150" lon="15.2410270">
    <ele>208.0</ele>
    <time>2024-03-15T14:32:37Z</time>
   </trkpt>
   <trkpt lat="45.8559850" lon="15.2410020">
    <ele>208.0</ele>
    <time>2024-03-15T14:32:38Z</time>
   </trkpt>
   <trkpt lat="45.8559540" lon="15.2409770">
    <ele>207.0</ele>
    <time>2024-03-15T14:32:39Z</time>
   </trkpt>
   <trkpt lat="45.8559240" lon="15.2409530">
    <ele>207.0</ele>
    <time>2024-03-15T14:32:40Z</time>
   </trkpt>
   <trkpt lat="45.8558930" lon="15.2409290">
    <ele>207.0</ele>
    <time>2024-03-15T14:32:41Z</time>
   </trkpt>
   <trkpt lat="45.8558630" lon="15.2409050">
    <ele>206.0</ele>
    <time>2024-03-15T14:32:42Z</time>
   </trkpt>
   <trkpt lat="45.8558340" lon="15.2408800">
    <ele>206.0</ele>
    <time>2024-03-15T14:32:43Z</time>
   </trkpt>
   <trkpt lat="45.8558050" lon="15.2408530">
    <ele>206.0</ele>
    <time>2024-03-15T14:32:44Z</time>
   </trkpt>
   <trkpt lat="45.8557760" lon="15.2408270">
    <ele>206.0</ele>
    <time>2024-03-15T14:32:45Z</time>
   </trkpt>
   <trkpt lat="45.8557490" lon="15.2407970">
    <ele>206.0</ele>
    <time>2024-03-15T14:32:46Z</time>
   </trkpt>
   <trkpt lat="45.8557220" lon="15.2407680">
    <ele>206.0</ele>
    <time>2024-03-15T14:32:47Z</time>
   </trkpt>
   <trkpt lat="45.8556960" lon="15.2407360">
    <ele>206.0</ele>
    <time>2024-03-15T14:32:48Z</time>
   </trkpt>
   <trkpt lat="45.8556700" lon="15.2407040">
    <ele>206.0</ele>
    <time>2024-03-15T14:32:49Z</time>
   </trkpt>
   <trkpt lat="45.8556460" lon="15.2406690">
    <ele>206.0</ele>
    <time>2024-03-15T14:32:50Z</time>
   </trkpt>
   <trkpt lat="45.8556230" lon="15.2406340">
    <ele>206.0</ele>
    <time>2024-03-15T14:32:51Z</time>
   </trkpt>
   <trkpt lat="45.8556020" lon="15.2405970">
    <ele>205.0</ele>
    <time>2024-03-15T14:32:52Z</time>
   </trkpt>
   <trkpt lat="45.8555820" lon="15.2405590">
    <ele>205.0</ele>
    <time>2024-03-15T14:32:53Z</time>
   </trkpt>
   <trkpt lat="45.8555630" lon="15.2405200">
    <ele>205.0</ele>
    <time>2024-03-15T14:32:54Z</time>
   </trkpt>
   <trkpt lat="45.8555450" lon="15.2404820">
    <ele>205.0</ele>
    <time>2024-03-15T14:32:55Z</time>
   </trkpt>
   <trkpt lat="45.8555270" lon="15.2404420">
    <ele>205.0</ele>
    <time>2024-03-15T14:32:56Z</time>
   </trkpt>
   <trkpt lat="45.8555100" lon="15.2404020">
    <ele>204.0</ele>
    <time>2024-03-15T14:32:57Z</time>
   </trkpt>
   <trkpt lat="45.8554940" lon="15.2403580">
    <ele>204.0</ele>
    <time>2024-03-15T14:32:58Z</time>
   </trkpt>
   <trkpt lat="45.8554780" lon="15.2403130">
    <ele>204.0</ele>
    <time>2024-03-15T14:32:59Z</time>
   </trkpt>
   <trkpt lat="45.8554690" lon="15.2402680">
    <ele>204.0</ele>
    <time>2024-03-15T14:33:00Z</time>
   </trkpt>
   <trkpt lat="45.8554590" lon="15.2402230">
    <ele>204.0</ele>
    <time>2024-03-15T14:33:01Z</time>
   </trkpt>
   <trkpt lat="45.8554580" lon="15.2401770">
    <ele>203.0</ele>
    <time>2024-03-15T14:33:02Z</time>
   </trkpt>
   <trkpt lat="45.8554570" lon="15.2401310">
    <ele>203.0</ele>
    <time>2024-03-15T14:33:03Z</time>
   </trkpt>
   <trkpt lat="45.8554630" lon="15.2400840">
    <ele>203.0</ele>
    <time>2024-03-15T14:33:04Z</time>
   </trkpt>
   <trkpt lat="45.8554690" lon="15.2400360">
    <ele>203.0</ele>
    <time>2024-03-15T14:33:05Z</time>
   </trkpt>
   <trkpt lat="45.8554770" lon="15.2399890">
    <ele>203.0</ele>
    <time>2024-03-15T14:33:06Z</time>
   </trkpt>
   <trkpt lat="45.8554850" lon="15.2399410">
    <ele>202.0</ele>
    <time>2024-03-15T14:33:07Z</time>
   </trkpt>
   <trkpt lat="45.8554940" lon="15.2398950">
    <ele>202.0</ele>
    <time>2024-03-15T14:33:08Z</time>
   </trkpt>
   <trkpt lat="45.8555040" lon="15.2398490">
    <ele>202.0</ele>
    <time>2024-03-15T14:33:09Z</time>
   </trkpt>
   <trkpt lat="45.8555140" lon="15.2398050">
    <ele>202.0</ele>
    <time>2024-03-15T14:33:10Z</time>
   </trkpt>
   <trkpt lat="45.8555240" lon="15.2397600">
    <ele>202.0</ele>
    <time>2024-03-15T14:33:11Z</time>
   </trkpt>
   <trkpt lat="45.8555350" lon="15.2397190">
    <ele>202.0</ele>
    <time>2024-03-15T14:33:12Z</time>
   </trkpt>
   <trkpt lat="45.8555460" lon="15.2396770">
    <ele>202.0</ele>
    <time>2024-03-15T14:33:13Z</time>
   </trkpt>
   <trkpt lat="45.8555570" lon="15.2396390">
    <ele>202.0</ele>
    <time>2024-03-15T14:33:14Z</time>
   </trkpt>
   <trkpt lat="45.8555670" lon="15.2396020">
    <ele>202.0</ele>
    <time>2024-03-15T14:33:15Z</time>
   </trkpt>
   <trkpt lat="45.8555760" lon="15.2395700">
    <ele>202.0</ele>
    <time>2024-03-15T14:33:16Z</time>
   </trkpt>
   <trkpt lat="45.8555840" lon="15.2395370">
    <ele>201.0</ele>
    <time>2024-03-15T14:33:17Z</time>
   </trkpt>
   <trkpt lat="45.8555890" lon="15.2395080">
    <ele>201.0</ele>
    <time>2024-03-15T14:33:18Z</time>
   </trkpt>
   <trkpt lat="45.8555950" lon="15.2394780">
    <ele>201.0</ele>
    <time>2024-03-15T14:33:19Z</time>
   </trkpt>
   <trkpt lat="45.8555990" lon="15.2394520">
    <ele>201.0</ele>
    <time>2024-03-15T14:33:20Z</time>
   </trkpt>
   <trkpt lat="45.8556030" lon="15.2394250">
    <ele>201.0</ele>
    <time>2024-03-15T14:33:21Z</time>
   </trkpt>
   <trkpt lat="45.8556080" lon="15.2393980">
    <ele>201.0</ele>
    <time>2024-03-15T14:33:22Z</time>
   </trkpt>
   <trkpt lat="45.8556120" lon="15.2393710">
    <ele>201.0</ele>
    <time>2024-03-15T14:33:23Z</time>
   </trkpt>
   <trkpt lat="45.8556170" lon="15.2393410">
    <ele>201.0</ele>
    <time>2024-03-15T14:33:24Z</time>
   </trkpt>
   <trkpt lat="45.8556220" lon="15.2393120">
    <ele>201.0</ele>
    <time>2024-03-15T14:33:25Z</time>
   </trkpt>
   <trkpt lat="45.8556270" lon="15.2392790">
    <ele>202.0</ele>
    <time>2024-03-15T14:33:26Z</time>
   </trkpt>
   <trkpt lat="45.8556310" lon="15.2392470">
    <ele>202.0</ele>
    <time>2024-03-15T14:33:27Z</time>
   </trkpt>
   <trkpt lat="45.8556360" lon="15.2392140">
    <ele>202.0</ele>
    <time>2024-03-15T14:33:28Z</time>
   </trkpt>
   <trkpt lat="45.8556400" lon="15.2391810">
    <ele>202.0</ele>
    <time>2024-03-15T14:33:29Z</time>
   </trkpt>
   <trkpt lat="45.8556450" lon="15.2391490">
    <ele>202.0</ele>
    <time>2024-03-15T14:33:30Z</time>
   </trkpt>
   <trkpt lat="45.8556510" lon="15.2391170">
    <ele>202.0</ele>
    <time>2024-03-15T14:33:31Z</time>
   </trkpt>
   <trkpt lat="45.8556570" lon="15.2390820">
    <ele>202.0</ele>
    <time>2024-03-15T14:33:32Z</time>
   </trkpt>
   <trkpt lat="45.8556630" lon="15.2390470">
    <ele>202.0</ele>
    <time>2024-03-15T14:33:33Z</time>
   </trkpt>
   <trkpt lat="45.8556700" lon="15.2390090">
    <ele>202.0</ele>
    <time>2024-03-15T14:33:34Z</time>
   </trkpt>
   <trkpt lat="45.8556770" lon="15.2389720">
    <ele>202.0</ele>
    <time>2024-03-15T14:33:35Z</time>
   </trkpt>
   <trkpt lat="45.8556820" lon="15.2389330">
    <ele>203.0</ele>
    <time>2024-03-15T14:33:36Z</time>
   </trkpt>
   <trkpt lat="45.8556870" lon="15.2388940">
    <ele>203.0</ele>
    <time>2024-03-15T14:33:37Z</time>
   </trkpt>
   <trkpt lat="45.8556890" lon="15.2388570">
    <ele>203.0</ele>
    <time>2024-03-15T14:33:38Z</time>
   </trkpt>
   <trkpt lat="45.8556910" lon="15.2388190">
    <ele>203.0</ele>
    <time>2024-03-15T14:33:39Z</time>
   </trkpt>
   <trkpt lat="45.8556940" lon="15.2387810">
    <ele>203.0</ele>
    <time>2024-03-15T14:33:40Z</time>
   </trkpt>
   <trkpt lat="45.8556970" lon="15.2387440">
    <ele>203.0</ele>
    <time>2024-03-15T14:33:41Z</time>
   </trkpt>
   <trkpt lat="45.8557000" lon="15.2387050">
    <ele>203.0</ele>
    <time>2024-03-15T14:33:42Z</time>
   </trkpt>
   <trkpt lat="45.8557020" lon="15.2386660">
    <ele>203.0</ele>
    <time>2024-03-15T14:33:43Z</time>
   </trkpt>
   <trkpt lat="45.8557040" lon="15.2386260">
    <ele>203.0</ele>
    <time>2024-03-15T14:33:44Z</time>
   </trkpt>
   <trkpt lat="45.8557060" lon="15.2385860">
    <ele>203.0</ele>
    <time>2024-03-15T14:33:45Z</time>
   </trkpt>
   <trkpt lat="45.8557090" lon="15.2385470">
    <ele>204.0</ele>
    <time>2024-03-15T14:33:46Z</time>
   </trkpt>
   <trkpt lat="45.8557130" lon="15.2385080">
    <ele>204.0</ele>
    <time>2024-03-15T14:33:47Z</time>
   </trkpt>
   <trkpt lat="45.8557160" lon="15.2384690">
    <ele>204.0</ele>
    <time>2024-03-15T14:33:48Z</time>
   </trkpt>
   <trkpt lat="45.8557180" lon="15.2384290">
    <ele>204.0</ele>
    <time>2024-03-15T14:33:49Z</time>
   </trkpt>
   <trkpt lat="45.8557210" lon="15.2383880">
    <ele>204.0</ele>
    <time>2024-03-15T14:33:50Z</time>
   </trkpt>
   <trkpt lat="45.8557240" lon="15.2383470">
    <ele>204.0</ele>
    <time>2024-03-15T14:33:51Z</time>
   </trkpt>
   <trkpt lat="45.8557250" lon="15.2383050">
    <ele>204.0</ele>
    <time>2024-03-15T14:33:52Z</time>
   </trkpt>
   <trkpt lat="45.8557270" lon="15.2382630">
    <ele>204.0</ele>
    <time>2024-03-15T14:33:53Z</time>
   </trkpt>
   <trkpt lat="45.8557320" lon="15.2382170">
    <ele>204.0</ele>
    <time>2024-03-15T14:33:54Z</time>
   </trkpt>
   <trkpt lat="45.8557370" lon="15.2381710">
    <ele>204.0</ele>
    <time>2024-03-15T14:33:55Z</time>
   </trkpt>
   <trkpt lat="45.8557460" lon="15.2381250">
    <ele>204.0</ele>
    <time>2024-03-15T14:33:56Z</time>
   </trkpt>
   <trkpt lat="45.8557560" lon="15.2380790">
    <ele>204.0</ele>
    <time>2024-03-15T14:33:57Z</time>
   </trkpt>
   <trkpt lat="45.8557700" lon="15.2380380">
    <ele>204.0</ele>
    <time>2024-03-15T14:33:58Z</time>
   </trkpt>
   <trkpt lat="45.8557830" lon="15.2379960">
    <ele>204.0</ele>
    <time>2024-03-15T14:33:59Z</time>
   </trkpt>
   <trkpt lat="45.8558000" lon="15.2379590">
    <ele>204.0</ele>
    <time>2024-03-15T14:34:00Z</time>
   </trkpt>
   <trkpt lat="45.8558160" lon="15.2379210">
    <ele>204.0</ele>
    <time>2024-03-15T14:34:01Z</time>
   </trkpt>
   <trkpt lat="45.8558320" lon="15.2378850">
    <ele>204.0</ele>
    <time>2024-03-15T14:34:02Z</time>
   </trkpt>
   <trkpt lat="45.8558480" lon="15.2378500">
    <ele>204.0</ele>
    <time>2024-03-15T14:34:03Z</time>
   </trkpt>
   <trkpt lat="45.8558620" lon="15.2378160">
    <ele>204.0</ele>
    <time>2024-03-15T14:34:04Z</time>
   </trkpt>
   <trkpt lat="45.8558760" lon="15.2377820">
    <ele>204.0</ele>
    <time>2024-03-15T14:34:05Z</time>
   </trkpt>
   <trkpt lat="45.8558890" lon="15.2377490">
    <ele>204.0</ele>
    <time>2024-03-15T14:34:06Z</time>
   </trkpt>
   <trkpt lat="45.8559010" lon="15.2377170">
    <ele>204.0</ele>
    <time>2024-03-15T14:34:07Z</time>
   </trkpt>
   <trkpt lat="45.8559130" lon="15.2376860">
    <ele>204.0</ele>
    <time>2024-03-15T14:34:08Z</time>
   </trkpt>
   <trkpt lat="45.8559250" lon="15.2376550">
    <ele>204.0</ele>
    <time>2024-03-15T14:34:09Z</time>
   </trkpt>
   <trkpt lat="45.8559380" lon="15.2376240">
    <ele>204.0</ele>
    <time>2024-03-15T14:34:10Z</time>
   </trkpt>
   <trkpt lat="45.8559510" lon="15.2375920">
    <ele>205.0</ele>
    <time>2024-03-15T14:34:11Z</time>
   </trkpt>
   <trkpt lat="45.8559650" lon="15.2375600">
    <ele>205.0</ele>
    <time>2024-03-15T14:34:12Z</time>
   </trkpt>
   <trkpt lat="45.8559790" lon="15.2375280">
    <ele>205.0</ele>
    <time>2024-03-15T14:34:13Z</time>
   </trkpt>
   <trkpt lat="45.8559920" lon="15.2374990">
    <ele>205.0</ele>
    <time>2024-03-15T14:34:14Z</time>
   </trkpt>
   <trkpt lat="45.8560060" lon="15.2374690">
    <ele>205.0</ele>
    <time>2024-03-15T14:34:15Z</time>
   </trkpt>
   <trkpt lat="45.8560200" lon="15.2374460">
    <ele>205.0</ele>
    <time>2024-03-15T14:34:16Z</time>
   </trkpt>
   <trkpt lat="45.8560350" lon="15.2374230">
    <ele>205.0</ele>
    <time>2024-03-15T14:34:17Z</time>
   </trkpt>
   <trkpt lat="45.8560500" lon="15.2374000">
    <ele>205.0</ele>
    <time>2024-03-15T14:34:18Z</time>
   </trkpt>
   <trkpt lat="45.8560660" lon="15.2373770">
    <ele>205.0</ele>
    <time>2024-03-15T14:34:19Z</time>
   </trkpt>
   <trkpt lat="45.8560790" lon="15.2373480">
    <ele>205.0</ele>
    <time>2024-03-15T14:34:20Z</time>
   </trkpt>
   <trkpt lat="45.8560930" lon="15.2373190">
    <ele>206.0</ele>
    <time>2024-03-15T14:34:21Z</time>
   </trkpt>
   <trkpt lat="45.8561050" lon="15.2372840">
    <ele>206.0</ele>
    <time>2024-03-15T14:34:22Z</time>
   </trkpt>
   <trkpt lat="45.8561170" lon="15.2372490">
    <ele>206.0</ele>
    <time>2024-03-15T14:34:23Z</time>
   </trkpt>
   <trkpt lat="45.8561260" lon="15.2372140">
    <ele>206.0</ele>
    <time>2024-03-15T14:34:24Z</time>
   </trkpt>
   <trkpt lat="45.8561360" lon="15.2371790">
    <ele>206.0</ele>
    <time>2024-03-15T14:34:25Z</time>
   </trkpt>
   <trkpt lat="45.8561450" lon="15.2371450">
    <ele>207.0</ele>
    <time>2024-03-15T14:34:26Z</time>
   </trkpt>
   <trkpt lat="45.8561540" lon="15.2371120">
    <ele>207.0</ele>
    <time>2024-03-15T14:34:27Z</time>
   </trkpt>
   <trkpt lat="45.8561630" lon="15.2370810">
    <ele>207.0</ele>
    <time>2024-03-15T14:34:28Z</time>
   </trkpt>
   <trkpt lat="45.8561730" lon="15.2370510">
    <ele>207.0</ele>
    <time>2024-03-15T14:34:29Z</time>
   </trkpt>
   <trkpt lat="45.8561800" lon="15.2370260">
    <ele>207.0</ele>
    <time>2024-03-15T14:34:30Z</time>
   </trkpt>
   <trkpt lat="45.8561880" lon="15.2370020">
    <ele>208.0</ele>
    <time>2024-03-15T14:34:31Z</time>
   </trkpt>
   <trkpt lat="45.8561870" lon="15.2369820">
    <ele>208.0</ele>
    <time>2024-03-15T14:34:32Z</time>
   </trkpt>
   <trkpt lat="45.8561870" lon="15.2369610">
    <ele>208.0</ele>
    <time>2024-03-15T14:34:33Z</time>
   </trkpt>
   <trkpt lat="45.8561790" lon="15.2369430">
    <ele>208.0</ele>
    <time>2024-03-15T14:34:34Z</time>
   </trkpt>
   <trkpt lat="45.8561700" lon="15.2369250">
    <ele>208.0</ele>
    <time>2024-03-15T14:34:35Z</time>
   </trkpt>
   <trkpt lat="45.8561580" lon="15.2369080">
    <ele>208.0</ele>
    <time>2024-03-15T14:34:36Z</time>
   </trkpt>
   <trkpt lat="45.8561450" lon="15.2368910">
    <ele>208.0</ele>
    <time>2024-03-15T14:34:37Z</time>
   </trkpt>
   <trkpt lat="45.8561300" lon="15.2368750">
    <ele>208.0</ele>
    <time>2024-03-15T14:34:38Z</time>
   </trkpt>
   <trkpt lat="45.8561160" lon="15.2368580">
    <ele>208.0</ele>
    <time>2024-03-15T14:34:39Z</time>
   </trkpt>
   <trkpt lat="45.8561030" lon="15.2368450">
    <ele>208.0</ele>
    <time>2024-03-15T14:34:40Z</time>
   </trkpt>
   <trkpt lat="45.8560900" lon="15.2368310">
    <ele>209.0</ele>
    <time>2024-03-15T14:34:41Z</time>
   </trkpt>
   <trkpt lat="45.8560790" lon="15.2368190">
    <ele>209.0</ele>
    <time>2024-03-15T14:34:42Z</time>
   </trkpt>
   <trkpt lat="45.8560690" lon="15.2368080">
    <ele>209.0</ele>
    <time>2024-03-15T14:34:43Z</time>
   </trkpt>
   <trkpt lat="45.8560590" lon="15.2367940">
    <ele>209.0</ele>
    <time>2024-03-15T14:34:44Z</time>
   </trkpt>
   <trkpt lat="45.8560500" lon="15.2367800">
    <ele>209.0</ele>
    <time>2024-03-15T14:34:45Z</time>
   </trkpt>
   <trkpt lat="45.8560420" lon="15.2367640">
    <ele>209.0</ele>
    <time>2024-03-15T14:34:46Z</time>
   </trkpt>
   <trkpt lat="45.8560330" lon="15.2367480">
    <ele>209.0</ele>
    <time>2024-03-15T14:34:47Z</time>
   </trkpt>
   <trkpt lat="45.8560260" lon="15.2367320">
    <ele>209.0</ele>
    <time>2024-03-15T14:34:48Z</time>
   </trkpt>
   <trkpt lat="45.8560200" lon="15.2367170">
    <ele>209.0</ele>
    <time>2024-03-15T14:34:49Z</time>
   </trkpt>
   <trkpt lat="45.8560150" lon="15.2367040">
    <ele>209.0</ele>
    <time>2024-03-15T14:34:50Z</time>
   </trkpt>
   <trkpt lat="45.8560100" lon="15.2366900">
    <ele>210.0</ele>
    <time>2024-03-15T14:34:51Z</time>
   </trkpt>
   <trkpt lat="45.8560060" lon="15.2366750">
    <ele>210.0</ele>
    <time>2024-03-15T14:34:52Z</time>
   </trkpt>
   <trkpt lat="45.8560020" lon="15.2366610">
    <ele>210.0</ele>
    <time>2024-03-15T14:34:53Z</time>
   </trkpt>
   <trkpt lat="45.8559990" lon="15.2366450">
    <ele>210.0</ele>
    <time>2024-03-15T14:34:54Z</time>
   </trkpt>
   <trkpt lat="45.8559970" lon="15.2366290">
    <ele>210.0</ele>
    <time>2024-03-15T14:34:55Z</time>
   </trkpt>
   <trkpt lat="45.8559960" lon="15.2366120">
    <ele>210.0</ele>
    <time>2024-03-15T14:34:56Z</time>
   </trkpt>
   <trkpt lat="45.8559950" lon="15.2365950">
    <ele>210.0</ele>
    <time>2024-03-15T14:34:57Z</time>
   </trkpt>
   <trkpt lat="45.8559960" lon="15.2365760">
    <ele>210.0</ele>
    <time>2024-03-15T14:34:58Z</time>
   </trkpt>
   <trkpt lat="45.8559970" lon="15.2365570">
    <ele>211.0</ele>
    <time>2024-03-15T14:34:59Z</time>
   </trkpt>
   <trkpt lat="45.8559990" lon="15.2365360">
    <ele>211.0</ele>
    <time>2024-03-15T14:35:00Z</time>
   </trkpt>
   <trkpt lat="45.8560000" lon="15.2365150">
    <ele>212.0</ele>
    <time>2024-03-15T14:35:01Z</time>
   </trkpt>
   <trkpt lat="45.8560030" lon="15.2364930">
    <ele>212.0</ele>
    <time>2024-03-15T14:35:02Z</time>
   </trkpt>
   <trkpt lat="45.8560070" lon="15.2364720">
    <ele>212.0</ele>
    <time>2024-03-15T14:35:03Z</time>
   </trkpt>
   <trkpt lat="45.8560110" lon="15.2364500">
    <ele>212.0</ele>
    <time>2024-03-15T14:35:04Z</time>
   </trkpt>
   <trkpt lat="45.8560160" lon="15.2364290">
    <ele>212.0</ele>
    <time>2024-03-15T14:35:05Z</time>
   </trkpt>
   <trkpt lat="45.8560200" lon="15.2364090">
    <ele>213.0</ele>
    <time>2024-03-15T14:35:06Z</time>
   </trkpt>
   <trkpt lat="45.8560240" lon="15.2363890">
    <ele>213.0</ele>
    <time>2024-03-15T14:35:07Z</time>
   </trkpt>
   <trkpt lat="45.8560280" lon="15.2363730">
    <ele>213.0</ele>
    <time>2024-03-15T14:35:08Z</time>
   </trkpt>
   <trkpt lat="45.8560330" lon="15.2363560">
    <ele>213.0</ele>
    <time>2024-03-15T14:35:09Z</time>
   </trkpt>
   <trkpt lat="45.8560390" lon="15.2363400">
    <ele>213.0</ele>
    <time>2024-03-15T14:35:10Z</time>
   </trkpt>
   <trkpt lat="45.8560440" lon="15.2363250">
    <ele>214.0</ele>
    <time>2024-03-15T14:35:11Z</time>
   </trkpt>
   <trkpt lat="45.8560520" lon="15.2363080">
    <ele>214.0</ele>
    <time>2024-03-15T14:35:12Z</time>
   </trkpt>
   <trkpt lat="45.8560590" lon="15.2362920">
    <ele>214.0</ele>
    <time>2024-03-15T14:35:13Z</time>
   </trkpt>
   <trkpt lat="45.8560680" lon="15.2362750">
    <ele>214.0</ele>
    <time>2024-03-15T14:35:14Z</time>
   </trkpt>
   <trkpt lat="45.8560770" lon="15.2362590">
    <ele>214.0</ele>
    <time>2024-03-15T14:35:15Z</time>
   </trkpt>
   <trkpt lat="45.8560860" lon="15.2362410">
    <ele>214.0</ele>
    <time>2024-03-15T14:35:16Z</time>
   </trkpt>
   <trkpt lat="45.8560950" lon="15.2362240">
    <ele>214.0</ele>
    <time>2024-03-15T14:35:17Z</time>
   </trkpt>
   <trkpt lat="45.8561060" lon="15.2362100">
    <ele>214.0</ele>
    <time>2024-03-15T14:35:18Z</time>
   </trkpt>
   <trkpt lat="45.8561170" lon="15.2361970">
    <ele>214.0</ele>
    <time>2024-03-15T14:35:19Z</time>
   </trkpt>
   <trkpt lat="45.8561300" lon="15.2361900">
    <ele>214.0</ele>
    <time>2024-03-15T14:35:20Z</time>
   </trkpt>
   <trkpt lat="45.8561440" lon="15.2361830">
    <ele>215.0</ele>
    <time>2024-03-15T14:35:21Z</time>
   </trkpt>
   <trkpt lat="45.8561610" lon="15.2361790">
    <ele>215.0</ele>
    <time>2024-03-15T14:35:22Z</time>
   </trkpt>
   <trkpt lat="45.8561770" lon="15.2361750">
    <ele>215.0</ele>
    <time>2024-03-15T14:35:23Z</time>
   </trkpt>
   <trkpt lat="45.8561950" lon="15.2361670">
    <ele>215.0</ele>
    <time>2024-03-15T14:35:24Z</time>
   </trkpt>
   <trkpt lat="45.8562130" lon="15.2361580">
    <ele>215.0</ele>
    <time>2024-03-15T14:35:25Z</time>
   </trkpt>
   <trkpt lat="45.8562310" lon="15.2361480">
    <ele>216.0</ele>
    <time>2024-03-15T14:35:26Z</time>
   </trkpt>
   <trkpt lat="45.8562480" lon="15.2361380">
    <ele>216.0</ele>
    <time>2024-03-15T14:35:27Z</time>
   </trkpt>
   <trkpt lat="45.8562640" lon="15.2361240">
    <ele>216.0</ele>
    <time>2024-03-15T14:35:28Z</time>
   </trkpt>
   <trkpt lat="45.8562790" lon="15.2361110">
    <ele>216.0</ele>
    <time>2024-03-15T14:35:29Z</time>
   </trkpt>
   <trkpt lat="45.8562940" lon="15.2360950">
    <ele>216.0</ele>
    <time>2024-03-15T14:35:30Z</time>
   </trkpt>
   <trkpt lat="45.8563100" lon="15.2360790">
    <ele>217.0</ele>
    <time>2024-03-15T14:35:31Z</time>
   </trkpt>
   <trkpt lat="45.8563290" lon="15.2360610">
    <ele>217.0</ele>
    <time>2024-03-15T14:35:32Z</time>
   </trkpt>
   <trkpt lat="45.8563480" lon="15.2360440">
    <ele>217.0</ele>
    <time>2024-03-15T14:35:33Z</time>
   </trkpt>
   <trkpt lat="45.8563690" lon="15.2360230">
    <ele>217.0</ele>
    <time>2024-03-15T14:35:34Z</time>
   </trkpt>
   <trkpt lat="45.8563910" lon="15.2360010">
    <ele>217.0</ele>
    <time>2024-03-15T14:35:35Z</time>
   </trkpt>
   <trkpt lat="45.8564130" lon="15.2359770">
    <ele>218.0</ele>
    <time>2024-03-15T14:35:36Z</time>
   </trkpt>
   <trkpt lat="45.8564350" lon="15.2359520">
    <ele>218.0</ele>
    <time>2024-03-15T14:35:37Z</time>
   </trkpt>
   <trkpt lat="45.8564570" lon="15.2359260">
    <ele>218.0</ele>
    <time>2024-03-15T14:35:38Z</time>
   </trkpt>
   <trkpt lat="45.8564780" lon="15.2359000">
    <ele>218.0</ele>
    <time>2024-03-15T14:35:39Z</time>
   </trkpt>
   <trkpt lat="45.8564950" lon="15.2358730">
    <ele>218.0</ele>
    <time>2024-03-15T14:35:40Z</time>
   </trkpt>
   <trkpt lat="45.8565130" lon="15.2358450">
    <ele>218.0</ele>
    <time>2024-03-15T14:35:41Z</time>
   </trkpt>
   <trkpt lat="45.8565250" lon="15.2358210">
    <ele>218.0</ele>
    <time>2024-03-15T14:35:42Z</time>
   </trkpt>
   <trkpt lat="45.8565380" lon="15.2357970">
    <ele>218.0</ele>
    <time>2024-03-15T14:35:43Z</time>
   </trkpt>
   <trkpt lat="45.8565450" lon="15.2357770">
    <ele>218.0</ele>
    <time>2024-03-15T14:35:44Z</time>
   </trkpt>
   <trkpt lat="45.8565510" lon="15.2357560">
    <ele>218.0</ele>
    <time>2024-03-15T14:35:45Z</time>
   </trkpt>
   <trkpt lat="45.8565550" lon="15.2357320">
    <ele>219.0</ele>
    <time>2024-03-15T14:35:46Z</time>
   </trkpt>
   <trkpt lat="45.8565590" lon="15.2357090">
    <ele>219.0</ele>
    <time>2024-03-15T14:35:47Z</time>
   </trkpt>
   <trkpt lat="45.8565640" lon="15.2356810">
    <ele>219.0</ele>
    <time>2024-03-15T14:35:48Z</time>
   </trkpt>
   <trkpt lat="45.8565680" lon="15.2356530">
    <ele>219.0</ele>
    <time>2024-03-15T14:35:49Z</time>
   </trkpt>
   <trkpt lat="45.8565720" lon="15.2356220">
    <ele>219.0</ele>
    <time>2024-03-15T14:35:50Z</time>
   </trkpt>
   <trkpt lat="45.8565760" lon="15.2355910">
    <ele>219.0</ele>
    <time>2024-03-15T14:35:51Z</time>
   </trkpt>
   <trkpt lat="45.8565780" lon="15.2355600">
    <ele>219.0</ele>
    <time>2024-03-15T14:35:52Z</time>
   </trkpt>
   <trkpt lat="45.8565800" lon="15.2355290">
    <ele>219.0</ele>
    <time>2024-03-15T14:35:53Z</time>
   </trkpt>
   <trkpt lat="45.8565780" lon="15.2354990">
    <ele>219.0</ele>
    <time>2024-03-15T14:35:54Z</time>
   </trkpt>
   <trkpt lat="45.8565770" lon="15.2354690">
    <ele>219.0</ele>
    <time>2024-03-15T14:35:55Z</time>
   </trkpt>
   <trkpt lat="45.8565720" lon="15.2354400">
    <ele>219.0</ele>
    <time>2024-03-15T14:35:56Z</time>
   </trkpt>
   <trkpt lat="45.8565670" lon="15.2354110">
    <ele>219.0</ele>
    <time>2024-03-15T14:35:57Z</time>
   </trkpt>
   <trkpt lat="45.8565600" lon="15.2353850">
    <ele>219.0</ele>
    <time>2024-03-15T14:35:58Z</time>
   </trkpt>
   <trkpt lat="45.8565530" lon="15.2353590">
    <ele>219.0</ele>
    <time>2024-03-15T14:35:59Z</time>
   </trkpt>
   <trkpt lat="45.8565450" lon="15.2353340">
    <ele>219.0</ele>
    <time>2024-03-15T14:36:00Z</time>
   </trkpt>
   <trkpt lat="45.8565380" lon="15.2353100">
    <ele>219.0</ele>
    <time>2024-03-15T14:36:01Z</time>
   </trkpt>
   <trkpt lat="45.8565280" lon="15.2352850">
    <ele>219.0</ele>
    <time>2024-03-15T14:36:02Z</time>
   </trkpt>
   <trkpt lat="45.8565190" lon="15.2352610">
    <ele>219.0</ele>
    <time>2024-03-15T14:36:03Z</time>
   </trkpt>
   <trkpt lat="45.8565080" lon="15.2352330">
    <ele>219.0</ele>
    <time>2024-03-15T14:36:04Z</time>
   </trkpt>
   <trkpt lat="45.8564970" lon="15.2352060">
    <ele>219.0</ele>
    <time>2024-03-15T14:36:05Z</time>
   </trkpt>
   <trkpt lat="45.8564860" lon="15.2351730">
    <ele>220.0</ele>
    <time>2024-03-15T14:36:06Z</time>
   </trkpt>
   <trkpt lat="45.8564750" lon="15.2351410">
    <ele>220.0</ele>
    <time>2024-03-15T14:36:07Z</time>
   </trkpt>
   <trkpt lat="45.8564660" lon="15.2351070">
    <ele>220.0</ele>
    <time>2024-03-15T14:36:08Z</time>
   </trkpt>
   <trkpt lat="45.8564560" lon="15.2350740">
    <ele>220.0</ele>
    <time>2024-03-15T14:36:09Z</time>
   </trkpt>
   <trkpt lat="45.8564490" lon="15.2350370">
    <ele>220.0</ele>
    <time>2024-03-15T14:36:10Z</time>
   </trkpt>
   <trkpt lat="45.8564410" lon="15.2350000">
    <ele>221.0</ele>
    <time>2024-03-15T14:36:11Z</time>
   </trkpt>
   <trkpt lat="45.8564360" lon="15.2349570">
    <ele>221.0</ele>
    <time>2024-03-15T14:36:12Z</time>
   </trkpt>
   <trkpt lat="45.8564300" lon="15.2349150">
    <ele>221.0</ele>
    <time>2024-03-15T14:36:13Z</time>
   </trkpt>
   <trkpt lat="45.8564280" lon="15.2348740">
    <ele>221.0</ele>
    <time>2024-03-15T14:36:14Z</time>
   </trkpt>
   <trkpt lat="45.8564260" lon="15.2348330">
    <ele>221.0</ele>
    <time>2024-03-15T14:36:15Z</time>
   </trkpt>
   <trkpt lat="45.8564270" lon="15.2347960">
    <ele>221.0</ele>
    <time>2024-03-15T14:36:16Z</time>
   </trkpt>
   <trkpt lat="45.8564280" lon="15.2347590">
    <ele>221.0</ele>
    <time>2024-03-15T14:36:17Z</time>
   </trkpt>
   <trkpt lat="45.8564310" lon="15.2347240">
    <ele>221.0</ele>
    <time>2024-03-15T14:36:18Z</time>
   </trkpt>
   <trkpt lat="45.8564350" lon="15.2346890">
    <ele>221.0</ele>
    <time>2024-03-15T14:36:19Z</time>
   </trkpt>
   <trkpt lat="45.8564410" lon="15.2346540">
    <ele>221.0</ele>
    <time>2024-03-15T14:36:20Z</time>
   </trkpt>
   <trkpt lat="45.8564470" lon="15.2346190">
    <ele>222.0</ele>
    <time>2024-03-15T14:36:21Z</time>
   </trkpt>
   <trkpt lat="45.8564540" lon="15.2345870">
    <ele>222.0</ele>
    <time>2024-03-15T14:36:22Z</time>
   </trkpt>
   <trkpt lat="45.8564600" lon="15.2345540">
    <ele>222.0</ele>
    <time>2024-03-15T14:36:23Z</time>
   </trkpt>
   <trkpt lat="45.8564610" lon="15.2345270">
    <ele>222.0</ele>
    <time>2024-03-15T14:36:24Z</time>
   </trkpt>
   <trkpt lat="45.8564620" lon="15.2345000">
    <ele>222.0</ele>
    <time>2024-03-15T14:36:25Z</time>
   </trkpt>
   <trkpt lat="45.8564540" lon="15.2344740">
    <ele>222.0</ele>
    <time>2024-03-15T14:36:26Z</time>
   </trkpt>
   <trkpt lat="45.8564460" lon="15.2344470">
    <ele>222.0</ele>
    <time>2024-03-15T14:36:27Z</time>
   </trkpt>
   <trkpt lat="45.8564340" lon="15.2344180">
    <ele>222.0</ele>
    <time>2024-03-15T14:36:28Z</time>
   </trkpt>
   <trkpt lat="45.8564220" lon="15.2343890">
    <ele>222.0</ele>
    <time>2024-03-15T14:36:29Z</time>
   </trkpt>
   <trkpt lat="45.8564090" lon="15.2343590">
    <ele>222.0</ele>
    <time>2024-03-15T14:36:30Z</time>
   </trkpt>
   <trkpt lat="45.8563960" lon="15.2343300">
    <ele>223.0</ele>
    <time>2024-03-15T14:36:31Z</time>
   </trkpt>
   <trkpt lat="45.8563890" lon="15.2343020">
    <ele>223.0</ele>
    <time>2024-03-15T14:36:32Z</time>
   </trkpt>
   <trkpt lat="45.8563820" lon="15.2342730">
    <ele>223.0</ele>
    <time>2024-03-15T14:36:33Z</time>
   </trkpt>
   <trkpt lat="45.8563800" lon="15.2342480">
    <ele>223.0</ele>
    <time>2024-03-15T14:36:34Z</time>
   </trkpt>
   <trkpt lat="45.8563780" lon="15.2342230">
    <ele>223.0</ele>
    <time>2024-03-15T14:36:35Z</time>
   </trkpt>
   <trkpt lat="45.8563780" lon="15.2342010">
    <ele>224.0</ele>
    <time>2024-03-15T14:36:36Z</time>
   </trkpt>
   <trkpt lat="45.8563790" lon="15.2341800">
    <ele>224.0</ele>
    <time>2024-03-15T14:36:37Z</time>
   </trkpt>
   <trkpt lat="45.8563790" lon="15.2341590">
    <ele>224.0</ele>
    <time>2024-03-15T14:36:38Z</time>
   </trkpt>
   <trkpt lat="45.8563790" lon="15.2341390">
    <ele>224.0</ele>
    <time>2024-03-15T14:36:39Z</time>
   </trkpt>
   <trkpt lat="45.8563790" lon="15.2341180">
    <ele>224.0</ele>
    <time>2024-03-15T14:36:40Z</time>
   </trkpt>
   <trkpt lat="45.8563780" lon="15.2340980">
    <ele>224.0</ele>
    <time>2024-03-15T14:36:41Z</time>
   </trkpt>
   <trkpt lat="45.8563790" lon="15.2340780">
    <ele>224.0</ele>
    <time>2024-03-15T14:36:42Z</time>
   </trkpt>
   <trkpt lat="45.8563800" lon="15.2340580">
    <ele>224.0</ele>
    <time>2024-03-15T14:36:43Z</time>
   </trkpt>
   <trkpt lat="45.8563830" lon="15.2340350">
    <ele>225.0</ele>
    <time>2024-03-15T14:36:44Z</time>
   </trkpt>
   <trkpt lat="45.8563870" lon="15.2340120">
    <ele>225.0</ele>
    <time>2024-03-15T14:36:45Z</time>
   </trkpt>
   <trkpt lat="45.8563930" lon="15.2339830">
    <ele>226.0</ele>
    <time>2024-03-15T14:36:46Z</time>
   </trkpt>
   <trkpt lat="45.8563990" lon="15.2339540">
    <ele>226.0</ele>
    <time>2024-03-15T14:36:47Z</time>
   </trkpt>
   <trkpt lat="45.8564030" lon="15.2339270">
    <ele>226.0</ele>
    <time>2024-03-15T14:36:48Z</time>
   </trkpt>
   <trkpt lat="45.8564070" lon="15.2339010">
    <ele>226.0</ele>
    <time>2024-03-15T14:36:49Z</time>
   </trkpt>
   <trkpt lat="45.8564070" lon="15.2338810">
    <ele>226.0</ele>
    <time>2024-03-15T14:36:50Z</time>
   </trkpt>
   <trkpt lat="45.8564080" lon="15.2338600">
    <ele>227.0</ele>
    <time>2024-03-15T14:36:51Z</time>
   </trkpt>
   <trkpt lat="45.8564030" lon="15.2338440">
    <ele>227.0</ele>
    <time>2024-03-15T14:36:52Z</time>
   </trkpt>
   <trkpt lat="45.8563990" lon="15.2338270">
    <ele>227.0</ele>
    <time>2024-03-15T14:36:53Z</time>
   </trkpt>
   <trkpt lat="45.8563930" lon="15.2338110">
    <ele>227.0</ele>
    <time>2024-03-15T14:36:54Z</time>
   </trkpt>
   <trkpt lat="45.8563870" lon="15.2337940">
    <ele>227.0</ele>
    <time>2024-03-15T14:36:55Z</time>
   </trkpt>
   <trkpt lat="45.8563800" lon="15.2337810">
    <ele>228.0</ele>
    <time>2024-03-15T14:36:56Z</time>
   </trkpt>
   <trkpt lat="45.8563730" lon="15.2337670">
    <ele>228.0</ele>
    <time>2024-03-15T14:36:57Z</time>
   </trkpt>
   <trkpt lat="45.8563640" lon="15.2337550">
    <ele>228.0</ele>
    <time>2024-03-15T14:36:58Z</time>
   </trkpt>
   <trkpt lat="45.8563560" lon="15.2337420">
    <ele>228.0</ele>
    <time>2024-03-15T14:36:59Z</time>
   </trkpt>
   <trkpt lat="45.8563520" lon="15.2337250">
    <ele>228.0</ele>
    <time>2024-03-15T14:37:00Z</time>
   </trkpt>
   <trkpt lat="45.8563480" lon="15.2337070">
    <ele>229.0</ele>
    <time>2024-03-15T14:37:01Z</time>
   </trkpt>
   <trkpt lat="45.8563480" lon="15.2336860">
    <ele>229.0</ele>
    <time>2024-03-15T14:37:02Z</time>
   </trkpt>
   <trkpt lat="45.8563480" lon="15.2336650">
    <ele>229.0</ele>
    <time>2024-03-15T14:37:03Z</time>
   </trkpt>
   <trkpt lat="45.8563500" lon="15.2336420">
    <ele>229.0</ele>
    <time>2024-03-15T14:37:04Z</time>
   </trkpt>
   <trkpt lat="45.8563520" lon="15.2336190">
    <ele>229.0</ele>
    <time>2024-03-15T14:37:05Z</time>
   </trkpt>
   <trkpt lat="45.8563540" lon="15.2335930">
    <ele>229.0</ele>
    <time>2024-03-15T14:37:06Z</time>
   </trkpt>
   <trkpt lat="45.8563570" lon="15.2335670">
    <ele>229.0</ele>
    <time>2024-03-15T14:37:07Z</time>
   </trkpt>
   <trkpt lat="45.8563650" lon="15.2335450">
    <ele>229.0</ele>
    <time>2024-03-15T14:37:08Z</time>
   </trkpt>
   <trkpt lat="45.8563730" lon="15.2335220">
    <ele>229.0</ele>
    <time>2024-03-15T14:37:09Z</time>
   </trkpt>
   <trkpt lat="45.8563810" lon="15.2335040">
    <ele>229.0</ele>
    <time>2024-03-15T14:37:10Z</time>
   </trkpt>
   <trkpt lat="45.8563900" lon="15.2334860">
    <ele>230.0</ele>
    <time>2024-03-15T14:37:11Z</time>
   </trkpt>
   <trkpt lat="45.8563980" lon="15.2334710">
    <ele>230.0</ele>
    <time>2024-03-15T14:37:12Z</time>
   </trkpt>
   <trkpt lat="45.8564070" lon="15.2334550">
    <ele>230.0</ele>
    <time>2024-03-15T14:37:13Z</time>
   </trkpt>
   <trkpt lat="45.8564150" lon="15.2334400">
    <ele>231.0</ele>
    <time>2024-03-15T14:37:14Z</time>
   </trkpt>
   <trkpt lat="45.8564230" lon="15.2334250">
    <ele>231.0</ele>
    <time>2024-03-15T14:37:15Z</time>
   </trkpt>
   <trkpt lat="45.8564340" lon="15.2334090">
    <ele>232.0</ele>
    <time>2024-03-15T14:37:16Z</time>
   </trkpt>
   <trkpt lat="45.8564450" lon="15.2333930">
    <ele>232.0</ele>
    <time>2024-03-15T14:37:17Z</time>
   </trkpt>
   <trkpt lat="45.8564590" lon="15.2333760">
    <ele>232.0</ele>
    <time>2024-03-15T14:37:18Z</time>
   </trkpt>
   <trkpt lat="45.8564720" lon="15.2333590">
    <ele>232.0</ele>
    <time>2024-03-15T14:37:19Z</time>
   </trkpt>
   <trkpt lat="45.8564860" lon="15.2333420">
    <ele>232.0</ele>
    <time>2024-03-15T14:37:20Z</time>
   </trkpt>
   <trkpt lat="45.8565010" lon="15.2333260">
    <ele>233.0</ele>
    <time>2024-03-15T14:37:21Z</time>
   </trkpt>
   <trkpt lat="45.8565140" lon="15.2333090">
    <ele>233.0</ele>
    <time>2024-03-15T14:37:22Z</time>
   </trkpt>
   <trkpt lat="45.8565260" lon="15.2332910">
    <ele>233.0</ele>
    <time>2024-03-15T14:37:23Z</time>
   </trkpt>
   <trkpt lat="45.8565360" lon="15.2332700">
    <ele>233.0</ele>
    <time>2024-03-15T14:37:24Z</time>
   </trkpt>
   <trkpt lat="45.8565460" lon="15.2332500">
    <ele>233.0</ele>
    <time>2024-03-15T14:37:25Z</time>
   </trkpt>
   <trkpt lat="45.8565550" lon="15.2332290">
    <ele>234.0</ele>
    <time>2024-03-15T14:37:26Z</time>
   </trkpt>
   <trkpt lat="45.8565640" lon="15.2332080">
    <ele>234.0</ele>
    <time>2024-03-15T14:37:27Z</time>
   </trkpt>
   <trkpt lat="45.8565740" lon="15.2331860">
    <ele>234.0</ele>
    <time>2024-03-15T14:37:28Z</time>
   </trkpt>
   <trkpt lat="45.8565840" lon="15.2331630">
    <ele>234.0</ele>
    <time>2024-03-15T14:37:29Z</time>
   </trkpt>
   <trkpt lat="45.8565940" lon="15.2331360">
    <ele>234.0</ele>
    <time>2024-03-15T14:37:30Z</time>
   </trkpt>
   <trkpt lat="45.8566030" lon="15.2331080">
    <ele>235.0</ele>
    <time>2024-03-15T14:37:31Z</time>
   </trkpt>
   <trkpt lat="45.8566130" lon="15.2330800">
    <ele>235.0</ele>
    <time>2024-03-15T14:37:32Z</time>
   </trkpt>
   <trkpt lat="45.8566240" lon="15.2330510">
    <ele>235.0</ele>
    <time>2024-03-15T14:37:33Z</time>
   </trkpt>
   <trkpt lat="45.8566360" lon="15.2330250">
    <ele>235.0</ele>
    <time>2024-03-15T14:37:34Z</time>
   </trkpt>
   <trkpt lat="45.8566480" lon="15.2330000">
    <ele>235.0</ele>
    <time>2024-03-15T14:37:35Z</time>
   </trkpt>
   <trkpt lat="45.8566630" lon="15.2329740">
    <ele>235.0</ele>
    <time>2024-03-15T14:37:36Z</time>
   </trkpt>
   <trkpt lat="45.8566770" lon="15.2329480">
    <ele>235.0</ele>
    <time>2024-03-15T14:37:37Z</time>
   </trkpt>
   <trkpt lat="45.8566890" lon="15.2329210">
    <ele>235.0</ele>
    <time>2024-03-15T14:37:38Z</time>
   </trkpt>
   <trkpt lat="45.8567020" lon="15.2328940">
    <ele>235.0</ele>
    <time>2024-03-15T14:37:39Z</time>
   </trkpt>
   <trkpt lat="45.8567120" lon="15.2328670">
    <ele>235.0</ele>
    <time>2024-03-15T14:37:40Z</time>
   </trkpt>
   <trkpt lat="45.8567230" lon="15.2328400">
    <ele>236.0</ele>
    <time>2024-03-15T14:37:41Z</time>
   </trkpt>
   <trkpt lat="45.8567320" lon="15.2328110">
    <ele>236.0</ele>
    <time>2024-03-15T14:37:42Z</time>
   </trkpt>
   <trkpt lat="45.8567420" lon="15.2327820">
    <ele>236.0</ele>
    <time>2024-03-15T14:37:43Z</time>
   </trkpt>
   <trkpt lat="45.8567510" lon="15.2327490">
    <ele>236.0</ele>
    <time>2024-03-15T14:37:44Z</time>
   </trkpt>
   <trkpt lat="45.8567610" lon="15.2327160">
    <ele>236.0</ele>
    <time>2024-03-15T14:37:45Z</time>
   </trkpt>
   <trkpt lat="45.8567690" lon="15.2326830">
    <ele>237.0</ele>
    <time>2024-03-15T14:37:46Z</time>
   </trkpt>
   <trkpt lat="45.8567780" lon="15.2326500">
    <ele>237.0</ele>
    <time>2024-03-15T14:37:47Z</time>
   </trkpt>
   <trkpt lat="45.8567840" lon="15.2326160">
    <ele>237.0</ele>
    <time>2024-03-15T14:37:48Z</time>
   </trkpt>
   <trkpt lat="45.8567910" lon="15.2325820">
    <ele>237.0</ele>
    <time>2024-03-15T14:37:49Z</time>
   </trkpt>
   <trkpt lat="45.8567980" lon="15.2325470">
    <ele>237.0</ele>
    <time>2024-03-15T14:37:50Z</time>
   </trkpt>
   <trkpt lat="45.8568050" lon="15.2325120">
    <ele>238.0</ele>
    <time>2024-03-15T14:37:51Z</time>
   </trkpt>
   <trkpt lat="45.8568110" lon="15.2324750">
    <ele>238.0</ele>
    <time>2024-03-15T14:37:52Z</time>
   </trkpt>
   <trkpt lat="45.8568170" lon="15.2324370">
    <ele>238.0</ele>
    <time>2024-03-15T14:37:53Z</time>
   </trkpt>
   <trkpt lat="45.8568230" lon="15.2323970">
    <ele>238.0</ele>
    <time>2024-03-15T14:37:54Z</time>
   </trkpt>
   <trkpt lat="45.8568290" lon="15.2323570">
    <ele>238.0</ele>
    <time>2024-03-15T14:37:55Z</time>
   </trkpt>
   <trkpt lat="45.8568350" lon="15.2323150">
    <ele>238.0</ele>
    <time>2024-03-15T14:37:56Z</time>
   </trkpt>
   <trkpt lat="45.8568400" lon="15.2322740">
    <ele>238.0</ele>
    <time>2024-03-15T14:37:57Z</time>
   </trkpt>
   <trkpt lat="45.8568470" lon="15.2322320">
    <ele>238.0</ele>
    <time>2024-03-15T14:37:58Z</time>
   </trkpt>
   <trkpt lat="45.8568540" lon="15.2321890">
    <ele>238.0</ele>
    <time>2024-03-15T14:37:59Z</time>
   </trkpt>
   <trkpt lat="45.8568610" lon="15.2321490">
    <ele>238.0</ele>
    <time>2024-03-15T14:38:00Z</time>
   </trkpt>
   <trkpt lat="45.8568670" lon="15.2321080">
    <ele>238.0</ele>
    <time>2024-03-15T14:38:01Z</time>
   </trkpt>
   <trkpt lat="45.8568750" lon="15.2320680">
    <ele>238.0</ele>
    <time>2024-03-15T14:38:02Z</time>
   </trkpt>
   <trkpt lat="45.8568820" lon="15.2320280">
    <ele>238.0</ele>
    <time>2024-03-15T14:38:03Z</time>
   </trkpt>
   <trkpt lat="45.8568890" lon="15.2319870">
    <ele>238.0</ele>
    <time>2024-03-15T14:38:04Z</time>
   </trkpt>
   <trkpt lat="45.8568950" lon="15.2319460">
    <ele>238.0</ele>
    <time>2024-03-15T14:38:05Z</time>
   </trkpt>
   <trkpt lat="45.8569000" lon="15.2319040">
    <ele>238.0</ele>
    <time>2024-03-15T14:38:06Z</time>
   </trkpt>
   <trkpt lat="45.8569050" lon="15.2318620">
    <ele>238.0</ele>
    <time>2024-03-15T14:38:07Z</time>
   </trkpt>
   <trkpt lat="45.8569090" lon="15.2318220">
    <ele>238.0</ele>
    <time>2024-03-15T14:38:08Z</time>
   </trkpt>
   <trkpt lat="45.8569120" lon="15.2317810">
    <ele>238.0</ele>
    <time>2024-03-15T14:38:09Z</time>
   </trkpt>
   <trkpt lat="45.8569170" lon="15.2317420">
    <ele>238.0</ele>
    <time>2024-03-15T14:38:10Z</time>
   </trkpt>
   <trkpt lat="45.8569220" lon="15.2317020">
    <ele>238.0</ele>
    <time>2024-03-15T14:38:11Z</time>
   </trkpt>
   <trkpt lat="45.8569280" lon="15.2316640">
    <ele>238.0</ele>
    <time>2024-03-15T14:38:12Z</time>
   </trkpt>
   <trkpt lat="45.8569350" lon="15.2316260">
    <ele>238.0</ele>
    <time>2024-03-15T14:38:13Z</time>
   </trkpt>
   <trkpt lat="45.8569410" lon="15.2315880">
    <ele>238.0</ele>
    <time>2024-03-15T14:38:14Z</time>
   </trkpt>
   <trkpt lat="45.8569470" lon="15.2315500">
    <ele>238.0</ele>
    <time>2024-03-15T14:38:15Z</time>
   </trkpt>
   <trkpt lat="45.8569510" lon="15.2315090">
    <ele>238.0</ele>
    <time>2024-03-15T14:38:16Z</time>
   </trkpt>
   <trkpt lat="45.8569560" lon="15.2314680">
    <ele>238.0</ele>
    <time>2024-03-15T14:38:17Z</time>
   </trkpt>
   <trkpt lat="45.8569590" lon="15.2314270">
    <ele>238.0</ele>
    <time>2024-03-15T14:38:18Z</time>
   </trkpt>
   <trkpt lat="45.8569620" lon="15.2313850">
    <ele>238.0</ele>
    <time>2024-03-15T14:38:19Z</time>
   </trkpt>
   <trkpt lat="45.8569680" lon="15.2313460">
    <ele>238.0</ele>
    <time>2024-03-15T14:38:20Z</time>
   </trkpt>
   <trkpt lat="45.8569730" lon="15.2313070">
    <ele>238.0</ele>
    <time>2024-03-15T14:38:21Z</time>
   </trkpt>
   <trkpt lat="45.8569820" lon="15.2312700">
    <ele>238.0</ele>
    <time>2024-03-15T14:38:22Z</time>
   </trkpt>
   <trkpt lat="45.8569910" lon="15.2312330">
    <ele>238.0</ele>
    <time>2024-03-15T14:38:23Z</time>
   </trkpt>
   <trkpt lat="45.8569990" lon="15.2311950">
    <ele>238.0</ele>
    <time>2024-03-15T14:38:24Z</time>
   </trkpt>
   <trkpt lat="45.8570070" lon="15.2311560">
    <ele>238.0</ele>
    <time>2024-03-15T14:38:25Z</time>
   </trkpt>
   <trkpt lat="45.8570140" lon="15.2311160">
    <ele>238.0</ele>
    <time>2024-03-15T14:38:26Z</time>
   </trkpt>
   <trkpt lat="45.8570210" lon="15.2310760">
    <ele>238.0</ele>
    <time>2024-03-15T14:38:27Z</time>
   </trkpt>
   <trkpt lat="45.8570280" lon="15.2310300">
    <ele>238.0</ele>
    <time>2024-03-15T14:38:28Z</time>
   </trkpt>
   <trkpt lat="45.8570350" lon="15.2309840">
    <ele>238.0</ele>
    <time>2024-03-15T14:38:29Z</time>
   </trkpt>
   <trkpt lat="45.8570410" lon="15.2309370">
    <ele>238.0</ele>
    <time>2024-03-15T14:38:30Z</time>
   </trkpt>
   <trkpt lat="45.8570470" lon="15.2308890">
    <ele>238.0</ele>
    <time>2024-03-15T14:38:31Z</time>
   </trkpt>
   <trkpt lat="45.8570490" lon="15.2308440">
    <ele>238.0</ele>
    <time>2024-03-15T14:38:32Z</time>
   </trkpt>
   <trkpt lat="45.8570510" lon="15.2307980">
    <ele>238.0</ele>
    <time>2024-03-15T14:38:33Z</time>
   </trkpt>
   <trkpt lat="45.8570490" lon="15.2307550">
    <ele>238.0</ele>
    <time>2024-03-15T14:38:34Z</time>
   </trkpt>
   <trkpt lat="45.8570480" lon="15.2307120">
    <ele>238.0</ele>
    <time>2024-03-15T14:38:35Z</time>
   </trkpt>
   <trkpt lat="45.8570400" lon="15.2306670">
    <ele>238.0</ele>
    <time>2024-03-15T14:38:36Z</time>
   </trkpt>
   <trkpt lat="45.8570320" lon="15.2306230">
    <ele>238.0</ele>
    <time>2024-03-15T14:38:37Z</time>
   </trkpt>
   <trkpt lat="45.8570270" lon="15.2305790">
    <ele>238.0</ele>
    <time>2024-03-15T14:38:38Z</time>
   </trkpt>
   <trkpt lat="45.8570230" lon="15.2305350">
    <ele>238.0</ele>
    <time>2024-03-15T14:38:39Z</time>
   </trkpt>
   <trkpt lat="45.8570240" lon="15.2304970">
    <ele>238.0</ele>
    <time>2024-03-15T14:38:40Z</time>
   </trkpt>
   <trkpt lat="45.8570250" lon="15.2304600">
    <ele>238.0</ele>
    <time>2024-03-15T14:38:41Z</time>
   </trkpt>
   <trkpt lat="45.8570270" lon="15.2304280">
    <ele>238.0</ele>
    <time>2024-03-15T14:38:42Z</time>
   </trkpt>
   <trkpt lat="45.8570290" lon="15.2303960">
    <ele>238.0</ele>
    <time>2024-03-15T14:38:43Z</time>
   </trkpt>
   <trkpt lat="45.8570280" lon="15.2303680">
    <ele>238.0</ele>
    <time>2024-03-15T14:38:44Z</time>
   </trkpt>
   <trkpt lat="45.8570260" lon="15.2303390">
    <ele>238.0</ele>
    <time>2024-03-15T14:38:45Z</time>
   </trkpt>
   <trkpt lat="45.8570190" lon="15.2303090">
    <ele>238.0</ele>
    <time>2024-03-15T14:38:46Z</time>
   </trkpt>
   <trkpt lat="45.8570130" lon="15.2302790">
    <ele>238.0</ele>
    <time>2024-03-15T14:38:47Z</time>
   </trkpt>
   <trkpt lat="45.8570040" lon="15.2302450">
    <ele>238.0</ele>
    <time>2024-03-15T14:38:48Z</time>
   </trkpt>
   <trkpt lat="45.8569960" lon="15.2302100">
    <ele>238.0</ele>
    <time>2024-03-15T14:38:49Z</time>
   </trkpt>
   <trkpt lat="45.8569850" lon="15.2301760">
    <ele>238.0</ele>
    <time>2024-03-15T14:38:50Z</time>
   </trkpt>
   <trkpt lat="45.8569740" lon="15.2301410">
    <ele>238.0</ele>
    <time>2024-03-15T14:38:51Z</time>
   </trkpt>
   <trkpt lat="45.8569640" lon="15.2301090">
    <ele>238.0</ele>
    <time>2024-03-15T14:38:52Z</time>
   </trkpt>
   <trkpt lat="45.8569540" lon="15.2300770">
    <ele>238.0</ele>
    <time>2024-03-15T14:38:53Z</time>
   </trkpt>
   <trkpt lat="45.8569450" lon="15.2300440">
    <ele>238.0</ele>
    <time>2024-03-15T14:38:54Z</time>
   </trkpt>
   <trkpt lat="45.8569360" lon="15.2300110">
    <ele>238.0</ele>
    <time>2024-03-15T14:38:55Z</time>
   </trkpt>
   <trkpt lat="45.8569250" lon="15.2299750">
    <ele>238.0</ele>
    <time>2024-03-15T14:38:56Z</time>
   </trkpt>
   <trkpt lat="45.8569140" lon="15.2299390">
    <ele>238.0</ele>
    <time>2024-03-15T14:38:57Z</time>
   </trkpt>
   <trkpt lat="45.8569030" lon="15.2299050">
    <ele>238.0</ele>
    <time>2024-03-15T14:38:58Z</time>
   </trkpt>
   <trkpt lat="45.8568910" lon="15.2298710">
    <ele>238.0</ele>
    <time>2024-03-15T14:38:59Z</time>
   </trkpt>
   <trkpt lat="45.8568790" lon="15.2298400">
    <ele>238.0</ele>
    <time>2024-03-15T14:39:00Z</time>
   </trkpt>
   <trkpt lat="45.8568680" lon="15.2298090">
    <ele>239.0</ele>
    <time>2024-03-15T14:39:01Z</time>
   </trkpt>
   <trkpt lat="45.8568510" lon="15.2297750">
    <ele>239.0</ele>
    <time>2024-03-15T14:39:02Z</time>
   </trkpt>
   <trkpt lat="45.8568340" lon="15.2297420">
    <ele>239.0</ele>
    <time>2024-03-15T14:39:03Z</time>
   </trkpt>
   <trkpt lat="45.8568150" lon="15.2297080">
    <ele>239.0</ele>
    <time>2024-03-15T14:39:04Z</time>
   </trkpt>
   <trkpt lat="45.8567950" lon="15.2296740">
    <ele>239.0</ele>
    <time>2024-03-15T14:39:05Z</time>
   </trkpt>
   <trkpt lat="45.8567720" lon="15.2296410">
    <ele>239.0</ele>
    <time>2024-03-15T14:39:06Z</time>
   </trkpt>
   <trkpt lat="45.8567490" lon="15.2296080">
    <ele>239.0</ele>
    <time>2024-03-15T14:39:07Z</time>
   </trkpt>
   <trkpt lat="45.8567230" lon="15.2295800">
    <ele>239.0</ele>
    <time>2024-03-15T14:39:08Z</time>
   </trkpt>
   <trkpt lat="45.8566980" lon="15.2295510">
    <ele>239.0</ele>
    <time>2024-03-15T14:39:09Z</time>
   </trkpt>
   <trkpt lat="45.8566710" lon="15.2295260">
    <ele>239.0</ele>
    <time>2024-03-15T14:39:10Z</time>
   </trkpt>
   <trkpt lat="45.8566450" lon="15.2295000">
    <ele>239.0</ele>
    <time>2024-03-15T14:39:11Z</time>
   </trkpt>
   <trkpt lat="45.8566190" lon="15.2294760">
    <ele>239.0</ele>
    <time>2024-03-15T14:39:12Z</time>
   </trkpt>
   <trkpt lat="45.8565930" lon="15.2294520">
    <ele>239.0</ele>
    <time>2024-03-15T14:39:13Z</time>
   </trkpt>
   <trkpt lat="45.8565650" lon="15.2294260">
    <ele>239.0</ele>
    <time>2024-03-15T14:39:14Z</time>
   </trkpt>
   <trkpt lat="45.8565380" lon="15.2294010">
    <ele>239.0</ele>
    <time>2024-03-15T14:39:15Z</time>
   </trkpt>
   <trkpt lat="45.8565110" lon="15.2293740">
    <ele>239.0</ele>
    <time>2024-03-15T14:39:16Z</time>
   </trkpt>
   <trkpt lat="45.8564850" lon="15.2293470">
    <ele>239.0</ele>
    <time>2024-03-15T14:39:17Z</time>
   </trkpt>
   <trkpt lat="45.8564600" lon="15.2293240">
    <ele>239.0</ele>
    <time>2024-03-15T14:39:18Z</time>
   </trkpt>
   <trkpt lat="45.8564350" lon="15.2293010">
    <ele>239.0</ele>
    <time>2024-03-15T14:39:19Z</time>
   </trkpt>
   <trkpt lat="45.8564120" lon="15.2292840">
    <ele>239.0</ele>
    <time>2024-03-15T14:39:20Z</time>
   </trkpt>
   <trkpt lat="45.8563890" lon="15.2292660">
    <ele>239.0</ele>
    <time>2024-03-15T14:39:21Z</time>
   </trkpt>
   <trkpt lat="45.8563640" lon="15.2292520">
    <ele>238.0</ele>
    <time>2024-03-15T14:39:22Z</time>
   </trkpt>
   <trkpt lat="45.8563400" lon="15.2292370">
    <ele>238.0</ele>
    <time>2024-03-15T14:39:23Z</time>
   </trkpt>
   <trkpt lat="45.8563120" lon="15.2292220">
    <ele>238.0</ele>
    <time>2024-03-15T14:39:24Z</time>
   </trkpt>
   <trkpt lat="45.8562850" lon="15.2292070">
    <ele>238.0</ele>
    <time>2024-03-15T14:39:25Z</time>
   </trkpt>
   <trkpt lat="45.8562550" lon="15.2291850">
    <ele>238.0</ele>
    <time>2024-03-15T14:39:26Z</time>
   </trkpt>
   <trkpt lat="45.8562250" lon="15.2291630">
    <ele>238.0</ele>
    <time>2024-03-15T14:39:27Z</time>
   </trkpt>
   <trkpt lat="45.8561960" lon="15.2291330">
    <ele>238.0</ele>
    <time>2024-03-15T14:39:28Z</time>
   </trkpt>
   <trkpt lat="45.8561670" lon="15.2291020">
    <ele>238.0</ele>
    <time>2024-03-15T14:39:29Z</time>
   </trkpt>
   <trkpt lat="45.8561390" lon="15.2290690">
    <ele>238.0</ele>
    <time>2024-03-15T14:39:30Z</time>
   </trkpt>
   <trkpt lat="45.8561120" lon="15.2290350">
    <ele>238.0</ele>
    <time>2024-03-15T14:39:31Z</time>
   </trkpt>
   <trkpt lat="45.8560870" lon="15.2289980">
    <ele>237.0</ele>
    <time>2024-03-15T14:39:32Z</time>
   </trkpt>
   <trkpt lat="45.8560620" lon="15.2289620">
    <ele>237.0</ele>
    <time>2024-03-15T14:39:33Z</time>
   </trkpt>
   <trkpt lat="45.8560410" lon="15.2289240">
    <ele>237.0</ele>
    <time>2024-03-15T14:39:34Z</time>
   </trkpt>
   <trkpt lat="45.8560200" lon="15.2288860">
    <ele>237.0</ele>
    <time>2024-03-15T14:39:35Z</time>
   </trkpt>
   <trkpt lat="45.8559980" lon="15.2288440">
    <ele>237.0</ele>
    <time>2024-03-15T14:39:36Z</time>
   </trkpt>
   <trkpt lat="45.8559760" lon="15.2288030">
    <ele>236.0</ele>
    <time>2024-03-15T14:39:37Z</time>
   </trkpt>
   <trkpt lat="45.8559520" lon="15.2287660">
    <ele>236.0</ele>
    <time>2024-03-15T14:39:38Z</time>
   </trkpt>
   <trkpt lat="45.8559280" lon="15.2287300">
    <ele>236.0</ele>
    <time>2024-03-15T14:39:39Z</time>
   </trkpt>
   <trkpt lat="45.8559050" lon="15.2286990">
    <ele>236.0</ele>
    <time>2024-03-15T14:39:40Z</time>
   </trkpt>
   <trkpt lat="45.8558810" lon="15.2286680">
    <ele>236.0</ele>
    <time>2024-03-15T14:39:41Z</time>
   </trkpt>
   <trkpt lat="45.8558590" lon="15.2286330">
    <ele>235.0</ele>
    <time>2024-03-15T14:39:42Z</time>
   </trkpt>
   <trkpt lat="45.8558370" lon="15.2285980">
    <ele>235.0</ele>
    <time>2024-03-15T14:39:43Z</time>
   </trkpt>
   <trkpt lat="45.8558170" lon="15.2285600">
    <ele>235.0</ele>
    <time>2024-03-15T14:39:44Z</time>
   </trkpt>
   <trkpt lat="45.8557970" lon="15.2285210">
    <ele>235.0</ele>
    <time>2024-03-15T14:39:45Z</time>
   </trkpt>
   <trkpt lat="45.8557820" lon="15.2284810">
    <ele>235.0</ele>
    <time>2024-03-15T14:39:46Z</time>
   </trkpt>
   <trkpt lat="45.8557660" lon="15.2284410">
    <ele>234.0</ele>
    <time>2024-03-15T14:39:47Z</time>
   </trkpt>
   <trkpt lat="45.8557520" lon="15.2284020">
    <ele>234.0</ele>
    <time>2024-03-15T14:39:48Z</time>
   </trkpt>
   <trkpt lat="45.8557370" lon="15.2283640">
    <ele>234.0</ele>
    <time>2024-03-15T14:39:49Z</time>
   </trkpt>
   <trkpt lat="45.8557210" lon="15.2283240">
    <ele>234.0</ele>
    <time>2024-03-15T14:39:50Z</time>
   </trkpt>
   <trkpt lat="45.8557050" lon="15.2282840">
    <ele>234.0</ele>
    <time>2024-03-15T14:39:51Z</time>
   </trkpt>
   <trkpt lat="45.8556910" lon="15.2282420">
    <ele>233.0</ele>
    <time>2024-03-15T14:39:52Z</time>
   </trkpt>
   <trkpt lat="45.8556770" lon="15.2282010">
    <ele>233.0</ele>
    <time>2024-03-15T14:39:53Z</time>
   </trkpt>
   <trkpt lat="45.8556640" lon="15.2281570">
    <ele>233.0</ele>
    <time>2024-03-15T14:39:54Z</time>
   </trkpt>
   <trkpt lat="45.8556520" lon="15.2281140">
    <ele>233.0</ele>
    <time>2024-03-15T14:39:55Z</time>
   </trkpt>
   <trkpt lat="45.8556400" lon="15.2280710">
    <ele>233.0</ele>
    <time>2024-03-15T14:39:56Z</time>
   </trkpt>
   <trkpt lat="45.8556290" lon="15.2280270">
    <ele>232.0</ele>
    <time>2024-03-15T14:39:57Z</time>
   </trkpt>
   <trkpt lat="45.8556190" lon="15.2279870">
    <ele>232.0</ele>
    <time>2024-03-15T14:39:58Z</time>
   </trkpt>
   <trkpt lat="45.8556090" lon="15.2279470">
    <ele>232.0</ele>
    <time>2024-03-15T14:39:59Z</time>
   </trkpt>
   <trkpt lat="45.8555970" lon="15.2279100">
    <ele>232.0</ele>
    <time>2024-03-15T14:40:00Z</time>
   </trkpt>
   <trkpt lat="45.8555850" lon="15.2278720">
    <ele>232.0</ele>
    <time>2024-03-15T14:40:01Z</time>
   </trkpt>
   <trkpt lat="45.8555720" lon="15.2278350">
    <ele>232.0</ele>
    <time>2024-03-15T14:40:02Z</time>
   </trkpt>
   <trkpt lat="45.8555600" lon="15.2277990">
    <ele>232.0</ele>
    <time>2024-03-15T14:40:03Z</time>
   </trkpt>
   <trkpt lat="45.8555490" lon="15.2277620">
    <ele>232.0</ele>
    <time>2024-03-15T14:40:04Z</time>
   </trkpt>
   <trkpt lat="45.8555390" lon="15.2277260">
    <ele>232.0</ele>
    <time>2024-03-15T14:40:05Z</time>
   </trkpt>
   <trkpt lat="45.8555320" lon="15.2276890">
    <ele>232.0</ele>
    <time>2024-03-15T14:40:06Z</time>
   </trkpt>
   <trkpt lat="45.8555250" lon="15.2276510">
    <ele>231.0</ele>
    <time>2024-03-15T14:40:07Z</time>
   </trkpt>
   <trkpt lat="45.8555230" lon="15.2276100">
    <ele>231.0</ele>
    <time>2024-03-15T14:40:08Z</time>
   </trkpt>
   <trkpt lat="45.8555210" lon="15.2275700">
    <ele>231.0</ele>
    <time>2024-03-15T14:40:09Z</time>
   </trkpt>
   <trkpt lat="45.8555220" lon="15.2275280">
    <ele>231.0</ele>
    <time>2024-03-15T14:40:10Z</time>
   </trkpt>
   <trkpt lat="45.8555240" lon="15.2274870">
    <ele>231.0</ele>
    <time>2024-03-15T14:40:11Z</time>
   </trkpt>
   <trkpt lat="45.8555240" lon="15.2274420">
    <ele>231.0</ele>
    <time>2024-03-15T14:40:12Z</time>
   </trkpt>
   <trkpt lat="45.8555240" lon="15.2273980">
    <ele>231.0</ele>
    <time>2024-03-15T14:40:13Z</time>
   </trkpt>
   <trkpt lat="45.8555220" lon="15.2273510">
    <ele>231.0</ele>
    <time>2024-03-15T14:40:14Z</time>
   </trkpt>
   <trkpt lat="45.8555210" lon="15.2273040">
    <ele>231.0</ele>
    <time>2024-03-15T14:40:15Z</time>
   </trkpt>
   <trkpt lat="45.8555210" lon="15.2272510">
    <ele>231.0</ele>
    <time>2024-03-15T14:40:16Z</time>
   </trkpt>
   <trkpt lat="45.8555210" lon="15.2271990">
    <ele>231.0</ele>
    <time>2024-03-15T14:40:17Z</time>
   </trkpt>
   <trkpt lat="45.8555210" lon="15.2271450">
    <ele>231.0</ele>
    <time>2024-03-15T14:40:18Z</time>
   </trkpt>
   <trkpt lat="45.8555220" lon="15.2270920">
    <ele>231.0</ele>
    <time>2024-03-15T14:40:19Z</time>
   </trkpt>
   <trkpt lat="45.8555260" lon="15.2270430">
    <ele>231.0</ele>
    <time>2024-03-15T14:40:20Z</time>
   </trkpt>
   <trkpt lat="45.8555290" lon="15.2269940">
    <ele>231.0</ele>
    <time>2024-03-15T14:40:21Z</time>
   </trkpt>
   <trkpt lat="45.8555380" lon="15.2269500">
    <ele>231.0</ele>
    <time>2024-03-15T14:40:22Z</time>
   </trkpt>
   <trkpt lat="45.8555450" lon="15.2269060">
    <ele>231.0</ele>
    <time>2024-03-15T14:40:23Z</time>
   </trkpt>
   <trkpt lat="45.8555600" lon="15.2268690">
    <ele>231.0</ele>
    <time>2024-03-15T14:40:24Z</time>
   </trkpt>
   <trkpt lat="45.8555750" lon="15.2268330">
    <ele>231.0</ele>
    <time>2024-03-15T14:40:25Z</time>
   </trkpt>
   <trkpt lat="45.8555930" lon="15.2268000">
    <ele>231.0</ele>
    <time>2024-03-15T14:40:26Z</time>
   </trkpt>
   <trkpt lat="45.8556110" lon="15.2267670">
    <ele>231.0</ele>
    <time>2024-03-15T14:40:27Z</time>
   </trkpt>
   <trkpt lat="45.8556310" lon="15.2267310">
    <ele>231.0</ele>
    <time>2024-03-15T14:40:28Z</time>
   </trkpt>
   <trkpt lat="45.8556500" lon="15.2266960">
    <ele>231.0</ele>
    <time>2024-03-15T14:40:29Z</time>
   </trkpt>
   <trkpt lat="45.8556690" lon="15.2266590">
    <ele>231.0</ele>
    <time>2024-03-15T14:40:30Z</time>
   </trkpt>
   <trkpt lat="45.8556880" lon="15.2266220">
    <ele>231.0</ele>
    <time>2024-03-15T14:40:31Z</time>
   </trkpt>
   <trkpt lat="45.8557040" lon="15.2265840">
    <ele>231.0</ele>
    <time>2024-03-15T14:40:32Z</time>
   </trkpt>
   <trkpt lat="45.8557200" lon="15.2265470">
    <ele>231.0</ele>
    <time>2024-03-15T14:40:33Z</time>
   </trkpt>
   <trkpt lat="45.8557370" lon="15.2265110">
    <ele>231.0</ele>
    <time>2024-03-15T14:40:34Z</time>
   </trkpt>
   <trkpt lat="45.8557540" lon="15.2264750">
    <ele>231.0</ele>
    <time>2024-03-15T14:40:35Z</time>
   </trkpt>
   <trkpt lat="45.8557710" lon="15.2264410">
    <ele>231.0</ele>
    <time>2024-03-15T14:40:36Z</time>
   </trkpt>
   <trkpt lat="45.8557890" lon="15.2264070">
    <ele>231.0</ele>
    <time>2024-03-15T14:40:37Z</time>
   </trkpt>
   <trkpt lat="45.8558070" lon="15.2263720">
    <ele>231.0</ele>
    <time>2024-03-15T14:40:38Z</time>
   </trkpt>
   <trkpt lat="45.8558260" lon="15.2263370">
    <ele>231.0</ele>
    <time>2024-03-15T14:40:39Z</time>
   </trkpt>
   <trkpt lat="45.8558470" lon="15.2263020">
    <ele>231.0</ele>
    <time>2024-03-15T14:40:40Z</time>
   </trkpt>
   <trkpt lat="45.8558670" lon="15.2262670">
    <ele>232.0</ele>
    <time>2024-03-15T14:40:41Z</time>
   </trkpt>
   <trkpt lat="45.8558900" lon="15.2262340">
    <ele>232.0</ele>
    <time>2024-03-15T14:40:42Z</time>
   </trkpt>
   <trkpt lat="45.8559130" lon="15.2262020">
    <ele>232.0</ele>
    <time>2024-03-15T14:40:43Z</time>
   </trkpt>
   <trkpt lat="45.8559330" lon="15.2261710">
    <ele>232.0</ele>
    <time>2024-03-15T14:40:44Z</time>
   </trkpt>
   <trkpt lat="45.8559540" lon="15.2261410">
    <ele>232.0</ele>
    <time>2024-03-15T14:40:45Z</time>
   </trkpt>
   <trkpt lat="45.8559700" lon="15.2261080">
    <ele>232.0</ele>
    <time>2024-03-15T14:40:46Z</time>
   </trkpt>
   <trkpt lat="45.8559860" lon="15.2260750">
    <ele>232.0</ele>
    <time>2024-03-15T14:40:47Z</time>
   </trkpt>
   <trkpt lat="45.8560010" lon="15.2260380">
    <ele>232.0</ele>
    <time>2024-03-15T14:40:48Z</time>
   </trkpt>
   <trkpt lat="45.8560170" lon="15.2260010">
    <ele>232.0</ele>
    <time>2024-03-15T14:40:49Z</time>
   </trkpt>
   <trkpt lat="45.8560340" lon="15.2259660">
    <ele>232.0</ele>
    <time>2024-03-15T14:40:50Z</time>
   </trkpt>
   <trkpt lat="45.8560520" lon="15.2259310">
    <ele>232.0</ele>
    <time>2024-03-15T14:40:51Z</time>
   </trkpt>
   <trkpt lat="45.8560720" lon="15.2258990">
    <ele>232.0</ele>
    <time>2024-03-15T14:40:52Z</time>
   </trkpt>
   <trkpt lat="45.8560920" lon="15.2258680">
    <ele>232.0</ele>
    <time>2024-03-15T14:40:53Z</time>
   </trkpt>
   <trkpt lat="45.8561130" lon="15.2258390">
    <ele>232.0</ele>
    <time>2024-03-15T14:40:54Z</time>
   </trkpt>
   <trkpt lat="45.8561350" lon="15.2258100">
    <ele>232.0</ele>
    <time>2024-03-15T14:40:55Z</time>
   </trkpt>
   <trkpt lat="45.8561580" lon="15.2257800">
    <ele>232.0</ele>
    <time>2024-03-15T14:40:56Z</time>
   </trkpt>
   <trkpt lat="45.8561810" lon="15.2257500">
    <ele>232.0</ele>
    <time>2024-03-15T14:40:57Z</time>
   </trkpt>
   <trkpt lat="45.8562050" lon="15.2257200">
    <ele>232.0</ele>
    <time>2024-03-15T14:40:58Z</time>
   </trkpt>
   <trkpt lat="45.8562280" lon="15.2256900">
    <ele>232.0</ele>
    <time>2024-03-15T14:40:59Z</time>
   </trkpt>
   <trkpt lat="45.8562510" lon="15.2256590">
    <ele>232.0</ele>
    <time>2024-03-15T14:41:00Z</time>
   </trkpt>
   <trkpt lat="45.8562740" lon="15.2256280">
    <ele>232.0</ele>
    <time>2024-03-15T14:41:01Z</time>
   </trkpt>
   <trkpt lat="45.8562920" lon="15.2255930">
    <ele>231.0</ele>
    <time>2024-03-15T14:41:02Z</time>
   </trkpt>
   <trkpt lat="45.8563100" lon="15.2255590">
    <ele>231.0</ele>
    <time>2024-03-15T14:41:03Z</time>
   </trkpt>
   <trkpt lat="45.8563230" lon="15.2255200">
    <ele>231.0</ele>
    <time>2024-03-15T14:41:04Z</time>
   </trkpt>
   <trkpt lat="45.8563360" lon="15.2254820">
    <ele>231.0</ele>
    <time>2024-03-15T14:41:05Z</time>
   </trkpt>
   <trkpt lat="45.8563430" lon="15.2254380">
    <ele>231.0</ele>
    <time>2024-03-15T14:41:06Z</time>
   </trkpt>
   <trkpt lat="45.8563510" lon="15.2253950">
    <ele>230.0</ele>
    <time>2024-03-15T14:41:07Z</time>
   </trkpt>
   <trkpt lat="45.8563580" lon="15.2253510">
    <ele>230.0</ele>
    <time>2024-03-15T14:41:08Z</time>
   </trkpt>
   <trkpt lat="45.8563660" lon="15.2253060">
    <ele>230.0</ele>
    <time>2024-03-15T14:41:09Z</time>
   </trkpt>
   <trkpt lat="45.8563750" lon="15.2252620">
    <ele>230.0</ele>
    <time>2024-03-15T14:41:10Z</time>
   </trkpt>
   <trkpt lat="45.8563850" lon="15.2252180">
    <ele>230.0</ele>
    <time>2024-03-15T14:41:11Z</time>
   </trkpt>
   <trkpt lat="45.8563990" lon="15.2251760">
    <ele>229.0</ele>
    <time>2024-03-15T14:41:12Z</time>
   </trkpt>
   <trkpt lat="45.8564130" lon="15.2251350">
    <ele>229.0</ele>
    <time>2024-03-15T14:41:13Z</time>
   </trkpt>
   <trkpt lat="45.8564310" lon="15.2250950">
    <ele>229.0</ele>
    <time>2024-03-15T14:41:14Z</time>
   </trkpt>
   <trkpt lat="45.8564480" lon="15.2250550">
    <ele>229.0</ele>
    <time>2024-03-15T14:41:15Z</time>
   </trkpt>
   <trkpt lat="45.8564670" lon="15.2250170">
    <ele>229.0</ele>
    <time>2024-03-15T14:41:16Z</time>
   </trkpt>
   <trkpt lat="45.8564870" lon="15.2249790">
    <ele>228.0</ele>
    <time>2024-03-15T14:41:17Z</time>
   </trkpt>
   <trkpt lat="45.8565060" lon="15.2249420">
    <ele>228.0</ele>
    <time>2024-03-15T14:41:18Z</time>
   </trkpt>
   <trkpt lat="45.8565250" lon="15.2249040">
    <ele>228.0</ele>
    <time>2024-03-15T14:41:19Z</time>
   </trkpt>
   <trkpt lat="45.8565460" lon="15.2248680">
    <ele>228.0</ele>
    <time>2024-03-15T14:41:20Z</time>
   </trkpt>
   <trkpt lat="45.8565660" lon="15.2248330">
    <ele>228.0</ele>
    <time>2024-03-15T14:41:21Z</time>
   </trkpt>
   <trkpt lat="45.8565870" lon="15.2247990">
    <ele>228.0</ele>
    <time>2024-03-15T14:41:22Z</time>
   </trkpt>
   <trkpt lat="45.8566070" lon="15.2247660">
    <ele>228.0</ele>
    <time>2024-03-15T14:41:23Z</time>
   </trkpt>
   <trkpt lat="45.8566270" lon="15.2247350">
    <ele>228.0</ele>
    <time>2024-03-15T14:41:24Z</time>
   </trkpt>
   <trkpt lat="45.8566480" lon="15.2247050">
    <ele>228.0</ele>
    <time>2024-03-15T14:41:25Z</time>
   </trkpt>
   <trkpt lat="45.8566670" lon="15.2246770">
    <ele>228.0</ele>
    <time>2024-03-15T14:41:26Z</time>
   </trkpt>
   <trkpt lat="45.8566870" lon="15.2246500">
    <ele>227.0</ele>
    <time>2024-03-15T14:41:27Z</time>
   </trkpt>
   <trkpt lat="45.8567060" lon="15.2246250">
    <ele>227.0</ele>
    <time>2024-03-15T14:41:28Z</time>
   </trkpt>
   <trkpt lat="45.8567250" lon="15.2246000">
    <ele>227.0</ele>
    <time>2024-03-15T14:41:29Z</time>
   </trkpt>
   <trkpt lat="45.8567440" lon="15.2245770">
    <ele>227.0</ele>
    <time>2024-03-15T14:41:30Z</time>
   </trkpt>
   <trkpt lat="45.8567630" lon="15.2245530">
    <ele>227.0</ele>
    <time>2024-03-15T14:41:31Z</time>
   </trkpt>
   <trkpt lat="45.8567850" lon="15.2245320">
    <ele>227.0</ele>
    <time>2024-03-15T14:41:32Z</time>
   </trkpt>
   <trkpt lat="45.8568060" lon="15.2245110">
    <ele>227.0</ele>
    <time>2024-03-15T14:41:33Z</time>
   </trkpt>
   <trkpt lat="45.8568270" lon="15.2244900">
    <ele>227.0</ele>
    <time>2024-03-15T14:41:34Z</time>
   </trkpt>
   <trkpt lat="45.8568490" lon="15.2244690">
    <ele>227.0</ele>
    <time>2024-03-15T14:41:35Z</time>
   </trkpt>
   <trkpt lat="45.8568700" lon="15.2244490">
    <ele>227.0</ele>
    <time>2024-03-15T14:41:36Z</time>
   </trkpt>
   <trkpt lat="45.8568920" lon="15.2244290">
    <ele>227.0</ele>
    <time>2024-03-15T14:41:37Z</time>
   </trkpt>
   <trkpt lat="45.8569100" lon="15.2244070">
    <ele>227.0</ele>
    <time>2024-03-15T14:41:38Z</time>
   </trkpt>
   <trkpt lat="45.8569280" lon="15.2243850">
    <ele>227.0</ele>
    <time>2024-03-15T14:41:39Z</time>
   </trkpt>
   <trkpt lat="45.8569430" lon="15.2243590">
    <ele>227.0</ele>
    <time>2024-03-15T14:41:40Z</time>
   </trkpt>
   <trkpt lat="45.8569580" lon="15.2243330">
    <ele>227.0</ele>
    <time>2024-03-15T14:41:41Z</time>
   </trkpt>
   <trkpt lat="45.8569700" lon="15.2243040">
    <ele>227.0</ele>
    <time>2024-03-15T14:41:42Z</time>
   </trkpt>
   <trkpt lat="45.8569830" lon="15.2242750">
    <ele>227.0</ele>
    <time>2024-03-15T14:41:43Z</time>
   </trkpt>
   <trkpt lat="45.8569930" lon="15.2242430">
    <ele>227.0</ele>
    <time>2024-03-15T14:41:44Z</time>
   </trkpt>
   <trkpt lat="45.8570050" lon="15.2242110">
    <ele>227.0</ele>
    <time>2024-03-15T14:41:45Z</time>
   </trkpt>
   <trkpt lat="45.8570150" lon="15.2241770">
    <ele>227.0</ele>
    <time>2024-03-15T14:41:46Z</time>
   </trkpt>
   <trkpt lat="45.8570250" lon="15.2241440">
    <ele>227.0</ele>
    <time>2024-03-15T14:41:47Z</time>
   </trkpt>
   <trkpt lat="45.8570340" lon="15.2241090">
    <ele>227.0</ele>
    <time>2024-03-15T14:41:48Z</time>
   </trkpt>
   <trkpt lat="45.8570430" lon="15.2240750">
    <ele>227.0</ele>
    <time>2024-03-15T14:41:49Z</time>
   </trkpt>
   <trkpt lat="45.8570500" lon="15.2240410">
    <ele>227.0</ele>
    <time>2024-03-15T14:41:50Z</time>
   </trkpt>
   <trkpt lat="45.8570580" lon="15.2240070">
    <ele>228.0</ele>
    <time>2024-03-15T14:41:51Z</time>
   </trkpt>
   <trkpt lat="45.8570640" lon="15.2239750">
    <ele>228.0</ele>
    <time>2024-03-15T14:41:52Z</time>
   </trkpt>
   <trkpt lat="45.8570700" lon="15.2239420">
    <ele>228.0</ele>
    <time>2024-03-15T14:41:53Z</time>
   </trkpt>
   <trkpt lat="45.8570750" lon="15.2239110">
    <ele>228.0</ele>
    <time>2024-03-15T14:41:54Z</time>
   </trkpt>
   <trkpt lat="45.8570800" lon="15.2238790">
    <ele>228.0</ele>
    <time>2024-03-15T14:41:55Z</time>
   </trkpt>
   <trkpt lat="45.8570850" lon="15.2238530">
    <ele>228.0</ele>
    <time>2024-03-15T14:41:56Z</time>
   </trkpt>
   <trkpt lat="45.8570900" lon="15.2238270">
    <ele>228.0</ele>
    <time>2024-03-15T14:41:57Z</time>
   </trkpt>
   <trkpt lat="45.8570940" lon="15.2238070">
    <ele>228.0</ele>
    <time>2024-03-15T14:41:58Z</time>
   </trkpt>
   <trkpt lat="45.8570990" lon="15.2237860">
    <ele>228.0</ele>
    <time>2024-03-15T14:41:59Z</time>
   </trkpt>
   <trkpt lat="45.8571020" lon="15.2237660">
    <ele>228.0</ele>
    <time>2024-03-15T14:42:00Z</time>
   </trkpt>
   <trkpt lat="45.8571050" lon="15.2237470">
    <ele>229.0</ele>
    <time>2024-03-15T14:42:01Z</time>
   </trkpt>
   <trkpt lat="45.8571080" lon="15.2237270">
    <ele>229.0</ele>
    <time>2024-03-15T14:42:02Z</time>
   </trkpt>
   <trkpt lat="45.8571110" lon="15.2237070">
    <ele>229.0</ele>
    <time>2024-03-15T14:42:03Z</time>
   </trkpt>
   <trkpt lat="45.8571130" lon="15.2236870">
    <ele>229.0</ele>
    <time>2024-03-15T14:42:04Z</time>
   </trkpt>
   <trkpt lat="45.8571140" lon="15.2236660">
    <ele>229.0</ele>
    <time>2024-03-15T14:42:05Z</time>
   </trkpt>
   <trkpt lat="45.8571130" lon="15.2236450">
    <ele>229.0</ele>
    <time>2024-03-15T14:42:06Z</time>
   </trkpt>
   <trkpt lat="45.8571120" lon="15.2236250">
    <ele>229.0</ele>
    <time>2024-03-15T14:42:07Z</time>
   </trkpt>
   <trkpt lat="45.8571110" lon="15.2236050">
    <ele>229.0</ele>
    <time>2024-03-15T14:42:08Z</time>
   </trkpt>
   <trkpt lat="45.8571100" lon="15.2235850">
    <ele>229.0</ele>
    <time>2024-03-15T14:42:09Z</time>
   </trkpt>
   <trkpt lat="45.8571100" lon="15.2235660">
    <ele>229.0</ele>
    <time>2024-03-15T14:42:10Z</time>
   </trkpt>
   <trkpt lat="45.8571110" lon="15.2235480">
    <ele>230.0</ele>
    <time>2024-03-15T14:42:11Z</time>
   </trkpt>
   <trkpt lat="45.8571130" lon="15.2235300">
    <ele>230.0</ele>
    <time>2024-03-15T14:42:12Z</time>
   </trkpt>
   <trkpt lat="45.8571140" lon="15.2235130">
    <ele>230.0</ele>
    <time>2024-03-15T14:42:13Z</time>
   </trkpt>
   <trkpt lat="45.8571160" lon="15.2234940">
    <ele>230.0</ele>
    <time>2024-03-15T14:42:14Z</time>
   </trkpt>
   <trkpt lat="45.8571170" lon="15.2234760">
    <ele>230.0</ele>
    <time>2024-03-15T14:42:15Z</time>
   </trkpt>
   <trkpt lat="45.8571180" lon="15.2234580">
    <ele>230.0</ele>
    <time>2024-03-15T14:42:16Z</time>
   </trkpt>
   <trkpt lat="45.8571180" lon="15.2234400">
    <ele>230.0</ele>
    <time>2024-03-15T14:42:17Z</time>
   </trkpt>
   <trkpt lat="45.8571190" lon="15.2234190">
    <ele>230.0</ele>
    <time>2024-03-15T14:42:18Z</time>
   </trkpt>
   <trkpt lat="45.8571190" lon="15.2234000">
    <ele>230.0</ele>
    <time>2024-03-15T14:42:19Z</time>
   </trkpt>
   <trkpt lat="45.8571200" lon="15.2233790">
    <ele>230.0</ele>
    <time>2024-03-15T14:42:20Z</time>
   </trkpt>
   <trkpt lat="45.8571200" lon="15.2233580">
    <ele>231.0</ele>
    <time>2024-03-15T14:42:21Z</time>
   </trkpt>
   <trkpt lat="45.8571210" lon="15.2233370">
    <ele>231.0</ele>
    <time>2024-03-15T14:42:22Z</time>
   </trkpt>
   <trkpt lat="45.8571210" lon="15.2233150">
    <ele>231.0</ele>
    <time>2024-03-15T14:42:23Z</time>
   </trkpt>
   <trkpt lat="45.8571220" lon="15.2232930">
    <ele>231.0</ele>
    <time>2024-03-15T14:42:24Z</time>
   </trkpt>
   <trkpt lat="45.8571220" lon="15.2232700">
    <ele>231.0</ele>
    <time>2024-03-15T14:42:25Z</time>
   </trkpt>
   <trkpt lat="45.8571220" lon="15.2232500">
    <ele>232.0</ele>
    <time>2024-03-15T14:42:26Z</time>
   </trkpt>
   <trkpt lat="45.8571220" lon="15.2232290">
    <ele>232.0</ele>
    <time>2024-03-15T14:42:27Z</time>
   </trkpt>
   <trkpt lat="45.8571230" lon="15.2232110">
    <ele>232.0</ele>
    <time>2024-03-15T14:42:28Z</time>
   </trkpt>
   <trkpt lat="45.8571240" lon="15.2231930">
    <ele>232.0</ele>
    <time>2024-03-15T14:42:29Z</time>
   </trkpt>
   <trkpt lat="45.8571250" lon="15.2231760">
    <ele>232.0</ele>
    <time>2024-03-15T14:42:30Z</time>
   </trkpt>
   <trkpt lat="45.8571260" lon="15.2231590">
    <ele>233.0</ele>
    <time>2024-03-15T14:42:31Z</time>
   </trkpt>
   <trkpt lat="45.8571280" lon="15.2231420">
    <ele>233.0</ele>
    <time>2024-03-15T14:42:32Z</time>
   </trkpt>
   <trkpt lat="45.8571310" lon="15.2231260">
    <ele>233.0</ele>
    <time>2024-03-15T14:42:33Z</time>
   </trkpt>
   <trkpt lat="45.8571370" lon="15.2231090">
    <ele>233.0</ele>
    <time>2024-03-15T14:42:34Z</time>
   </trkpt>
   <trkpt lat="45.8571430" lon="15.2230920">
    <ele>233.0</ele>
    <time>2024-03-15T14:42:35Z</time>
   </trkpt>
   <trkpt lat="45.8571530" lon="15.2230760">
    <ele>234.0</ele>
    <time>2024-03-15T14:42:36Z</time>
   </trkpt>
   <trkpt lat="45.8571630" lon="15.2230600">
    <ele>234.0</ele>
    <time>2024-03-15T14:42:37Z</time>
   </trkpt>
   <trkpt lat="45.8571750" lon="15.2230440">
    <ele>234.0</ele>
    <time>2024-03-15T14:42:38Z</time>
   </trkpt>
   <trkpt lat="45.8571870" lon="15.2230290">
    <ele>234.0</ele>
    <time>2024-03-15T14:42:39Z</time>
   </trkpt>
   <trkpt lat="45.8572010" lon="15.2230140">
    <ele>234.0</ele>
    <time>2024-03-15T14:42:40Z</time>
   </trkpt>
   <trkpt lat="45.8572140" lon="15.2229990">
    <ele>234.0</ele>
    <time>2024-03-15T14:42:41Z</time>
   </trkpt>
   <trkpt lat="45.8572270" lon="15.2229840">
    <ele>234.0</ele>
    <time>2024-03-15T14:42:42Z</time>
   </trkpt>
   <trkpt lat="45.8572400" lon="15.2229690">
    <ele>234.0</ele>
    <time>2024-03-15T14:42:43Z</time>
   </trkpt>
   <trkpt lat="45.8572520" lon="15.2229560">
    <ele>234.0</ele>
    <time>2024-03-15T14:42:44Z</time>
   </trkpt>
   <trkpt lat="45.8572640" lon="15.2229420">
    <ele>234.0</ele>
    <time>2024-03-15T14:42:45Z</time>
   </trkpt>
   <trkpt lat="45.8572760" lon="15.2229310">
    <ele>235.0</ele>
    <time>2024-03-15T14:42:46Z</time>
   </trkpt>
   <trkpt lat="45.8572880" lon="15.2229190">
    <ele>235.0</ele>
    <time>2024-03-15T14:42:47Z</time>
   </trkpt>
   <trkpt lat="45.8573000" lon="15.2229090">
    <ele>235.0</ele>
    <time>2024-03-15T14:42:48Z</time>
   </trkpt>
   <trkpt lat="45.8573120" lon="15.2228990">
    <ele>235.0</ele>
    <time>2024-03-15T14:42:49Z</time>
   </trkpt>
   <trkpt lat="45.8573240" lon="15.2228880">
    <ele>235.0</ele>
    <time>2024-03-15T14:42:50Z</time>
   </trkpt>
   <trkpt lat="45.8573360" lon="15.2228780">
    <ele>236.0</ele>
    <time>2024-03-15T14:42:51Z</time>
   </trkpt>
   <trkpt lat="45.8573470" lon="15.2228670">
    <ele>236.0</ele>
    <time>2024-03-15T14:42:52Z</time>
   </trkpt>
   <trkpt lat="45.8573580" lon="15.2228550">
    <ele>236.0</ele>
    <time>2024-03-15T14:42:53Z</time>
   </trkpt>
   <trkpt lat="45.8573690" lon="15.2228420">
    <ele>236.0</ele>
    <time>2024-03-15T14:42:54Z</time>
   </trkpt>
   <trkpt lat="45.8573800" lon="15.2228290">
    <ele>236.0</ele>
    <time>2024-03-15T14:42:55Z</time>
   </trkpt>
   <trkpt lat="45.8573890" lon="15.2228140">
    <ele>237.0</ele>
    <time>2024-03-15T14:42:56Z</time>
   </trkpt>
   <trkpt lat="45.8573990" lon="15.2228000">
    <ele>237.0</ele>
    <time>2024-03-15T14:42:57Z</time>
   </trkpt>
   <trkpt lat="45.8574080" lon="15.2227850">
    <ele>237.0</ele>
    <time>2024-03-15T14:42:58Z</time>
   </trkpt>
   <trkpt lat="45.8574160" lon="15.2227690">
    <ele>237.0</ele>
    <time>2024-03-15T14:42:59Z</time>
   </trkpt>
   <trkpt lat="45.8574250" lon="15.2227550">
    <ele>237.0</ele>
    <time>2024-03-15T14:43:00Z</time>
   </trkpt>
   <trkpt lat="45.8574340" lon="15.2227400">
    <ele>238.0</ele>
    <time>2024-03-15T14:43:01Z</time>
   </trkpt>
   <trkpt lat="45.8574430" lon="15.2227250">
    <ele>238.0</ele>
    <time>2024-03-15T14:43:02Z</time>
   </trkpt>
   <trkpt lat="45.8574520" lon="15.2227100">
    <ele>238.0</ele>
    <time>2024-03-15T14:43:03Z</time>
   </trkpt>
   <trkpt lat="45.8574610" lon="15.2226940">
    <ele>238.0</ele>
    <time>2024-03-15T14:43:04Z</time>
   </trkpt>
   <trkpt lat="45.8574710" lon="15.2226780">
    <ele>238.0</ele>
    <time>2024-03-15T14:43:05Z</time>
   </trkpt>
   <trkpt lat="45.8574800" lon="15.2226610">
    <ele>239.0</ele>
    <time>2024-03-15T14:43:06Z</time>
   </trkpt>
   <trkpt lat="45.8574900" lon="15.2226450">
    <ele>239.0</ele>
    <time>2024-03-15T14:43:07Z</time>
   </trkpt>
   <trkpt lat="45.8575000" lon="15.2226280">
    <ele>239.0</ele>
    <time>2024-03-15T14:43:08Z</time>
   </trkpt>
   <trkpt lat="45.8575090" lon="15.2226120">
    <ele>239.0</ele>
    <time>2024-03-15T14:43:09Z</time>
   </trkpt>
   <trkpt lat="45.8575180" lon="15.2225930">
    <ele>239.0</ele>
    <time>2024-03-15T14:43:10Z</time>
   </trkpt>
   <trkpt lat="45.8575270" lon="15.2225740">
    <ele>239.0</ele>
    <time>2024-03-15T14:43:11Z</time>
   </trkpt>
   <trkpt lat="45.8575350" lon="15.2225540">
    <ele>239.0</ele>
    <time>2024-03-15T14:43:12Z</time>
   </trkpt>
   <trkpt lat="45.8575430" lon="15.2225340">
    <ele>239.0</ele>
    <time>2024-03-15T14:43:13Z</time>
   </trkpt>
   <trkpt lat="45.8575500" lon="15.2225110">
    <ele>239.0</ele>
    <time>2024-03-15T14:43:14Z</time>
   </trkpt>
   <trkpt lat="45.8575570" lon="15.2224890">
    <ele>239.0</ele>
    <time>2024-03-15T14:43:15Z</time>
   </trkpt>
   <trkpt lat="45.8575620" lon="15.2224650">
    <ele>240.0</ele>
    <time>2024-03-15T14:43:16Z</time>
   </trkpt>
   <trkpt lat="45.8575670" lon="15.2224420">
    <ele>240.0</ele>
    <time>2024-03-15T14:43:17Z</time>
   </trkpt>
   <trkpt lat="45.8575700" lon="15.2224190">
    <ele>240.0</ele>
    <time>2024-03-15T14:43:18Z</time>
   </trkpt>
   <trkpt lat="45.8575730" lon="15.2223950">
    <ele>240.0</ele>
    <time>2024-03-15T14:43:19Z</time>
   </trkpt>
   <trkpt lat="45.8575770" lon="15.2223740">
    <ele>240.0</ele>
    <time>2024-03-15T14:43:20Z</time>
   </trkpt>
   <trkpt lat="45.8575820" lon="15.2223520">
    <ele>241.0</ele>
    <time>2024-03-15T14:43:21Z</time>
   </trkpt>
   <trkpt lat="45.8575880" lon="15.2223330">
    <ele>241.0</ele>
    <time>2024-03-15T14:43:22Z</time>
   </trkpt>
   <trkpt lat="45.8575930" lon="15.2223150">
    <ele>241.0</ele>
    <time>2024-03-15T14:43:23Z</time>
   </trkpt>
   <trkpt lat="45.8575980" lon="15.2222990">
    <ele>241.0</ele>
    <time>2024-03-15T14:43:24Z</time>
   </trkpt>
   <trkpt lat="45.8576030" lon="15.2222830">
    <ele>241.0</ele>
    <time>2024-03-15T14:43:25Z</time>
   </trkpt>
   <trkpt lat="45.8576050" lon="15.2222680">
    <ele>242.0</ele>
    <time>2024-03-15T14:43:26Z</time>
   </trkpt>
   <trkpt lat="45.8576080" lon="15.2222520">
    <ele>242.0</ele>
    <time>2024-03-15T14:43:27Z</time>
   </trkpt>
   <trkpt lat="45.8576100" lon="15.2222350">
    <ele>242.0</ele>
    <time>2024-03-15T14:43:28Z</time>
   </trkpt>
   <trkpt lat="45.8576110" lon="15.2222170">
    <ele>242.0</ele>
    <time>2024-03-15T14:43:29Z</time>
   </trkpt>
   <trkpt lat="45.8576120" lon="15.2221970">
    <ele>242.0</ele>
    <time>2024-03-15T14:43:30Z</time>
   </trkpt>
   <trkpt lat="45.8576130" lon="15.2221770">
    <ele>243.0</ele>
    <time>2024-03-15T14:43:31Z</time>
   </trkpt>
   <trkpt lat="45.8576120" lon="15.2221540">
    <ele>243.0</ele>
    <time>2024-03-15T14:43:32Z</time>
   </trkpt>
   <trkpt lat="45.8576110" lon="15.2221320">
    <ele>243.0</ele>
    <time>2024-03-15T14:43:33Z</time>
   </trkpt>
   <trkpt lat="45.8576090" lon="15.2221110">
    <ele>243.0</ele>
    <time>2024-03-15T14:43:34Z</time>
   </trkpt>
   <trkpt lat="45.8576080" lon="15.2220900">
    <ele>243.0</ele>
    <time>2024-03-15T14:43:35Z</time>
   </trkpt>
   <trkpt lat="45.8576050" lon="15.2220720">
    <ele>244.0</ele>
    <time>2024-03-15T14:43:36Z</time>
   </trkpt>
   <trkpt lat="45.8576020" lon="15.2220540">
    <ele>244.0</ele>
    <time>2024-03-15T14:43:37Z</time>
   </trkpt>
   <trkpt lat="45.8575990" lon="15.2220380">
    <ele>244.0</ele>
    <time>2024-03-15T14:43:38Z</time>
   </trkpt>
   <trkpt lat="45.8575950" lon="15.2220210">
    <ele>244.0</ele>
    <time>2024-03-15T14:43:39Z</time>
   </trkpt>
   <trkpt lat="45.8575910" lon="15.2220020">
    <ele>244.0</ele>
    <time>2024-03-15T14:43:40Z</time>
   </trkpt>
   <trkpt lat="45.8575870" lon="15.2219840">
    <ele>245.0</ele>
    <time>2024-03-15T14:43:41Z</time>
   </trkpt>
   <trkpt lat="45.8575820" lon="15.2219630">
    <ele>245.0</ele>
    <time>2024-03-15T14:43:42Z</time>
   </trkpt>
   <trkpt lat="45.8575770" lon="15.2219430">
    <ele>245.0</ele>
    <time>2024-03-15T14:43:43Z</time>
   </trkpt>
   <trkpt lat="45.8575730" lon="15.2219230">
    <ele>245.0</ele>
    <time>2024-03-15T14:43:44Z</time>
   </trkpt>
   <trkpt lat="45.8575680" lon="15.2219040">
    <ele>245.0</ele>
    <time>2024-03-15T14:43:45Z</time>
   </trkpt>
   <trkpt lat="45.8575640" lon="15.2218870">
    <ele>246.0</ele>
    <time>2024-03-15T14:43:46Z</time>
   </trkpt>
   <trkpt lat="45.8575600" lon="15.2218700">
    <ele>246.0</ele>
    <time>2024-03-15T14:43:47Z</time>
   </trkpt>
   <trkpt lat="45.8575560" lon="15.2218560">
    <ele>246.0</ele>
    <time>2024-03-15T14:43:48Z</time>
   </trkpt>
   <trkpt lat="45.8575520" lon="15.2218410">
    <ele>246.0</ele>
    <time>2024-03-15T14:43:49Z</time>
   </trkpt>
   <trkpt lat="45.8575460" lon="15.2218260">
    <ele>246.0</ele>
    <time>2024-03-15T14:43:50Z</time>
   </trkpt>
   <trkpt lat="45.8575410" lon="15.2218110">
    <ele>247.0</ele>
    <time>2024-03-15T14:43:51Z</time>
   </trkpt>
   <trkpt lat="45.8575330" lon="15.2217960">
    <ele>247.0</ele>
    <time>2024-03-15T14:43:52Z</time>
   </trkpt>
   <trkpt lat="45.8575250" lon="15.2217810">
    <ele>247.0</ele>
    <time>2024-03-15T14:43:53Z</time>
   </trkpt>
   <trkpt lat="45.8575170" lon="15.2217670">
    <ele>247.0</ele>
    <time>2024-03-15T14:43:54Z</time>
   </trkpt>
   <trkpt lat="45.8575090" lon="15.2217540">
    <ele>247.0</ele>
    <time>2024-03-15T14:43:55Z</time>
   </trkpt>
   <trkpt lat="45.8575000" lon="15.2217410">
    <ele>248.0</ele>
    <time>2024-03-15T14:43:56Z</time>
   </trkpt>
   <trkpt lat="45.8574920" lon="15.2217280">
    <ele>248.0</ele>
    <time>2024-03-15T14:43:57Z</time>
   </trkpt>
   <trkpt lat="45.8574830" lon="15.2217140">
    <ele>248.0</ele>
    <time>2024-03-15T14:43:58Z</time>
   </trkpt>
   <trkpt lat="45.8574750" lon="15.2217010">
    <ele>249.0</ele>
    <time>2024-03-15T14:43:59Z</time>
   </trkpt>
   <trkpt lat="45.8574660" lon="15.2216860">
    <ele>249.0</ele>
    <time>2024-03-15T14:44:00Z</time>
   </trkpt>
   <trkpt lat="45.8574570" lon="15.2216720">
    <ele>250.0</ele>
    <time>2024-03-15T14:44:01Z</time>
   </trkpt>
   <trkpt lat="45.8574490" lon="15.2216570">
    <ele>250.0</ele>
    <time>2024-03-15T14:44:02Z</time>
   </trkpt>
   <trkpt lat="45.8574410" lon="15.2216420">
    <ele>250.0</ele>
    <time>2024-03-15T14:44:03Z</time>
   </trkpt>
   <trkpt lat="45.8574340" lon="15.2216270">
    <ele>250.0</ele>
    <time>2024-03-15T14:44:04Z</time>
   </trkpt>
   <trkpt lat="45.8574270" lon="15.2216120">
    <ele>250.0</ele>
    <time>2024-03-15T14:44:05Z</time>
   </trkpt>
   <trkpt lat="45.8574200" lon="15.2215970">
    <ele>251.0</ele>
    <time>2024-03-15T14:44:06Z</time>
   </trkpt>
   <trkpt lat="45.8574140" lon="15.2215820">
    <ele>251.0</ele>
    <time>2024-03-15T14:44:07Z</time>
   </trkpt>
   <trkpt lat="45.8574080" lon="15.2215640">
    <ele>251.0</ele>
    <time>2024-03-15T14:44:08Z</time>
   </trkpt>
   <trkpt lat="45.8574030" lon="15.2215470">
    <ele>251.0</ele>
    <time>2024-03-15T14:44:09Z</time>
   </trkpt>
   <trkpt lat="45.8573990" lon="15.2215290">
    <ele>251.0</ele>
    <time>2024-03-15T14:44:10Z</time>
   </trkpt>
   <trkpt lat="45.8573950" lon="15.2215100">
    <ele>252.0</ele>
    <time>2024-03-15T14:44:11Z</time>
   </trkpt>
   <trkpt lat="45.8573940" lon="15.2214930">
    <ele>252.0</ele>
    <time>2024-03-15T14:44:12Z</time>
   </trkpt>
   <trkpt lat="45.8573930" lon="15.2214760">
    <ele>252.0</ele>
    <time>2024-03-15T14:44:13Z</time>
   </trkpt>
   <trkpt lat="45.8573940" lon="15.2214600">
    <ele>252.0</ele>
    <time>2024-03-15T14:44:14Z</time>
   </trkpt>
   <trkpt lat="45.8573950" lon="15.2214440">
    <ele>252.0</ele>
    <time>2024-03-15T14:44:15Z</time>
   </trkpt>
   <trkpt lat="45.8573970" lon="15.2214290">
    <ele>253.0</ele>
    <time>2024-03-15T14:44:16Z</time>
   </trkpt>
   <trkpt lat="45.8574000" lon="15.2214130">
    <ele>253.0</ele>
    <time>2024-03-15T14:44:17Z</time>
   </trkpt>
   <trkpt lat="45.8574040" lon="15.2213940">
    <ele>253.0</ele>
    <time>2024-03-15T14:44:18Z</time>
   </trkpt>
   <trkpt lat="45.8574090" lon="15.2213760">
    <ele>254.0</ele>
    <time>2024-03-15T14:44:19Z</time>
   </trkpt>
   <trkpt lat="45.8574130" lon="15.2213550">
    <ele>254.0</ele>
    <time>2024-03-15T14:44:20Z</time>
   </trkpt>
   <trkpt lat="45.8574160" lon="15.2213350">
    <ele>255.0</ele>
    <time>2024-03-15T14:44:21Z</time>
   </trkpt>
   <trkpt lat="45.8574200" lon="15.2213140">
    <ele>255.0</ele>
    <time>2024-03-15T14:44:22Z</time>
   </trkpt>
   <trkpt lat="45.8574230" lon="15.2212930">
    <ele>255.0</ele>
    <time>2024-03-15T14:44:23Z</time>
   </trkpt>
   <trkpt lat="45.8574260" lon="15.2212740">
    <ele>255.0</ele>
    <time>2024-03-15T14:44:24Z</time>
   </trkpt>
   <trkpt lat="45.8574290" lon="15.2212540">
    <ele>255.0</ele>
    <time>2024-03-15T14:44:25Z</time>
   </trkpt>
   <trkpt lat="45.8574320" lon="15.2212360">
    <ele>256.0</ele>
    <time>2024-03-15T14:44:26Z</time>
   </trkpt>
   <trkpt lat="45.8574350" lon="15.2212170">
    <ele>256.0</ele>
    <time>2024-03-15T14:44:27Z</time>
   </trkpt>
   <trkpt lat="45.8574370" lon="15.2212000">
    <ele>256.0</ele>
    <time>2024-03-15T14:44:28Z</time>
   </trkpt>
   <trkpt lat="45.8574400" lon="15.2211830">
    <ele>256.0</ele>
    <time>2024-03-15T14:44:29Z</time>
   </trkpt>
   <trkpt lat="45.8574440" lon="15.2211640">
    <ele>256.0</ele>
    <time>2024-03-15T14:44:30Z</time>
   </trkpt>
   <trkpt lat="45.8574470" lon="15.2211450">
    <ele>257.0</ele>
    <time>2024-03-15T14:44:31Z</time>
   </trkpt>
   <trkpt lat="45.8574510" lon="15.2211250">
    <ele>257.0</ele>
    <time>2024-03-15T14:44:32Z</time>
   </trkpt>
   <trkpt lat="45.8574540" lon="15.2211040">
    <ele>257.0</ele>
    <time>2024-03-15T14:44:33Z</time>
   </trkpt>
   <trkpt lat="45.8574580" lon="15.2210810">
    <ele>257.0</ele>
    <time>2024-03-15T14:44:34Z</time>
   </trkpt>
   <trkpt lat="45.8574610" lon="15.2210580">
    <ele>257.0</ele>
    <time>2024-03-15T14:44:35Z</time>
   </trkpt>
   <trkpt lat="45.8574650" lon="15.2210340">
    <ele>258.0</ele>
    <time>2024-03-15T14:44:36Z</time>
   </trkpt>
   <trkpt lat="45.8574690" lon="15.2210100">
    <ele>258.0</ele>
    <time>2024-03-15T14:44:37Z</time>
   </trkpt>
   <trkpt lat="45.8574730" lon="15.2209860">
    <ele>258.0</ele>
    <time>2024-03-15T14:44:38Z</time>
   </trkpt>
   <trkpt lat="45.8574770" lon="15.2209620">
    <ele>258.0</ele>
    <time>2024-03-15T14:44:39Z</time>
   </trkpt>
   <trkpt lat="45.8574820" lon="15.2209400">
    <ele>258.0</ele>
    <time>2024-03-15T14:44:40Z</time>
   </trkpt>
   <trkpt lat="45.8574870" lon="15.2209170">
    <ele>258.0</ele>
    <time>2024-03-15T14:44:41Z</time>
   </trkpt>
   <trkpt lat="45.8574940" lon="15.2208940">
    <ele>258.0</ele>
    <time>2024-03-15T14:44:42Z</time>
   </trkpt>
   <trkpt lat="45.8575000" lon="15.2208720">
    <ele>258.0</ele>
    <time>2024-03-15T14:44:43Z</time>
   </trkpt>
   <trkpt lat="45.8575060" lon="15.2208490">
    <ele>258.0</ele>
    <time>2024-03-15T14:44:44Z</time>
   </trkpt>
   <trkpt lat="45.8575130" lon="15.2208260">
    <ele>258.0</ele>
    <time>2024-03-15T14:44:45Z</time>
   </trkpt>
   <trkpt lat="45.8575190" lon="15.2208000">
    <ele>259.0</ele>
    <time>2024-03-15T14:44:46Z</time>
   </trkpt>
   <trkpt lat="45.8575250" lon="15.2207750">
    <ele>259.0</ele>
    <time>2024-03-15T14:44:47Z</time>
   </trkpt>
   <trkpt lat="45.8575300" lon="15.2207480">
    <ele>259.0</ele>
    <time>2024-03-15T14:44:48Z</time>
   </trkpt>
   <trkpt lat="45.8575360" lon="15.2207210">
    <ele>259.0</ele>
    <time>2024-03-15T14:44:49Z</time>
   </trkpt>
   <trkpt lat="45.8575410" lon="15.2206940">
    <ele>259.0</ele>
    <time>2024-03-15T14:44:50Z</time>
   </trkpt>
   <trkpt lat="45.8575460" lon="15.2206670">
    <ele>260.0</ele>
    <time>2024-03-15T14:44:51Z</time>
   </trkpt>
   <trkpt lat="45.8575520" lon="15.2206400">
    <ele>260.0</ele>
    <time>2024-03-15T14:44:52Z</time>
   </trkpt>
   <trkpt lat="45.8575570" lon="15.2206130">
    <ele>260.0</ele>
    <time>2024-03-15T14:44:53Z</time>
   </trkpt>
   <trkpt lat="45.8575610" lon="15.2205840">
    <ele>260.0</ele>
    <time>2024-03-15T14:44:54Z</time>
   </trkpt>
   <trkpt lat="45.8575660" lon="15.2205560">
    <ele>260.0</ele>
    <time>2024-03-15T14:44:55Z</time>
   </trkpt>
   <trkpt lat="45.8575690" lon="15.2205270">
    <ele>261.0</ele>
    <time>2024-03-15T14:44:56Z</time>
   </trkpt>
   <trkpt lat="45.8575720" lon="15.2204970">
    <ele>261.0</ele>
    <time>2024-03-15T14:44:57Z</time>
   </trkpt>
   <trkpt lat="45.8575740" lon="15.2204670">
    <ele>261.0</ele>
    <time>2024-03-15T14:44:58Z</time>
   </trkpt>
   <trkpt lat="45.8575770" lon="15.2204360">
    <ele>262.0</ele>
    <time>2024-03-15T14:44:59Z</time>
   </trkpt>
   <trkpt lat="45.8575800" lon="15.2204060">
    <ele>262.0</ele>
    <time>2024-03-15T14:45:00Z</time>
   </trkpt>
   <trkpt lat="45.8575820" lon="15.2203760">
    <ele>263.0</ele>
    <time>2024-03-15T14:45:01Z</time>
   </trkpt>
   <trkpt lat="45.8575850" lon="15.2203450">
    <ele>263.0</ele>
    <time>2024-03-15T14:45:02Z</time>
   </trkpt>
   <trkpt lat="45.8575880" lon="15.2203150">
    <ele>263.0</ele>
    <time>2024-03-15T14:45:03Z</time>
   </trkpt>
   <trkpt lat="45.8575920" lon="15.2202840">
    <ele>263.0</ele>
    <time>2024-03-15T14:45:04Z</time>
   </trkpt>
   <trkpt lat="45.8575970" lon="15.2202530">
    <ele>263.0</ele>
    <time>2024-03-15T14:45:05Z</time>
   </trkpt>
   <trkpt lat="45.8576020" lon="15.2202230">
    <ele>264.0</ele>
    <time>2024-03-15T14:45:06Z</time>
   </trkpt>
   <trkpt lat="45.8576070" lon="15.2201930">
    <ele>264.0</ele>
    <time>2024-03-15T14:45:07Z</time>
   </trkpt>
   <trkpt lat="45.8576120" lon="15.2201640">
    <ele>264.0</ele>
    <time>2024-03-15T14:45:08Z</time>
   </trkpt>
   <trkpt lat="45.8576160" lon="15.2201360">
    <ele>264.0</ele>
    <time>2024-03-15T14:45:09Z</time>
   </trkpt>
   <trkpt lat="45.8576200" lon="15.2201070">
    <ele>264.0</ele>
    <time>2024-03-15T14:45:10Z</time>
   </trkpt>
   <trkpt lat="45.8576230" lon="15.2200780">
    <ele>264.0</ele>
    <time>2024-03-15T14:45:11Z</time>
   </trkpt>
   <trkpt lat="45.8576260" lon="15.2200490">
    <ele>264.0</ele>
    <time>2024-03-15T14:45:12Z</time>
   </trkpt>
   <trkpt lat="45.8576290" lon="15.2200200">
    <ele>264.0</ele>
    <time>2024-03-15T14:45:13Z</time>
   </trkpt>
   <trkpt lat="45.8576320" lon="15.2199910">
    <ele>264.0</ele>
    <time>2024-03-15T14:45:14Z</time>
   </trkpt>
   <trkpt lat="45.8576350" lon="15.2199610">
    <ele>264.0</ele>
    <time>2024-03-15T14:45:15Z</time>
   </trkpt>
   <trkpt lat="45.8576380" lon="15.2199330">
    <ele>265.0</ele>
    <time>2024-03-15T14:45:16Z</time>
   </trkpt>
   <trkpt lat="45.8576420" lon="15.2199050">
    <ele>265.0</ele>
    <time>2024-03-15T14:45:17Z</time>
   </trkpt>
   <trkpt lat="45.8576450" lon="15.2198780">
    <ele>265.0</ele>
    <time>2024-03-15T14:45:18Z</time>
   </trkpt>
   <trkpt lat="45.8576480" lon="15.2198520">
    <ele>265.0</ele>
    <time>2024-03-15T14:45:19Z</time>
   </trkpt>
   <trkpt lat="45.8576510" lon="15.2198240">
    <ele>265.0</ele>
    <time>2024-03-15T14:45:20Z</time>
   </trkpt>
   <trkpt lat="45.8576540" lon="15.2197970">
    <ele>265.0</ele>
    <time>2024-03-15T14:45:21Z</time>
   </trkpt>
   <trkpt lat="45.8576570" lon="15.2197690">
    <ele>265.0</ele>
    <time>2024-03-15T14:45:22Z</time>
   </trkpt>
   <trkpt lat="45.8576610" lon="15.2197400">
    <ele>265.0</ele>
    <time>2024-03-15T14:45:23Z</time>
   </trkpt>
   <trkpt lat="45.8576650" lon="15.2197120">
    <ele>265.0</ele>
    <time>2024-03-15T14:45:24Z</time>
   </trkpt>
   <trkpt lat="45.8576690" lon="15.2196840">
    <ele>265.0</ele>
    <time>2024-03-15T14:45:25Z</time>
   </trkpt>
   <trkpt lat="45.8576740" lon="15.2196570">
    <ele>265.0</ele>
    <time>2024-03-15T14:45:26Z</time>
   </trkpt>
   <trkpt lat="45.8576790" lon="15.2196290">
    <ele>265.0</ele>
    <time>2024-03-15T14:45:27Z</time>
   </trkpt>
   <trkpt lat="45.8576840" lon="15.2196020">
    <ele>265.0</ele>
    <time>2024-03-15T14:45:28Z</time>
   </trkpt>
   <trkpt lat="45.8576900" lon="15.2195750">
    <ele>265.0</ele>
    <time>2024-03-15T14:45:29Z</time>
   </trkpt>
   <trkpt lat="45.8576960" lon="15.2195470">
    <ele>265.0</ele>
    <time>2024-03-15T14:45:30Z</time>
   </trkpt>
   <trkpt lat="45.8577020" lon="15.2195190">
    <ele>266.0</ele>
    <time>2024-03-15T14:45:31Z</time>
   </trkpt>
   <trkpt lat="45.8577090" lon="15.2194910">
    <ele>266.0</ele>
    <time>2024-03-15T14:45:32Z</time>
   </trkpt>
   <trkpt lat="45.8577160" lon="15.2194640">
    <ele>266.0</ele>
    <time>2024-03-15T14:45:33Z</time>
   </trkpt>
   <trkpt lat="45.8577230" lon="15.2194370">
    <ele>267.0</ele>
    <time>2024-03-15T14:45:34Z</time>
   </trkpt>
   <trkpt lat="45.8577310" lon="15.2194110">
    <ele>267.0</ele>
    <time>2024-03-15T14:45:35Z</time>
   </trkpt>
   <trkpt lat="45.8577390" lon="15.2193840">
    <ele>268.0</ele>
    <time>2024-03-15T14:45:36Z</time>
   </trkpt>
   <trkpt lat="45.8577470" lon="15.2193580">
    <ele>268.0</ele>
    <time>2024-03-15T14:45:37Z</time>
   </trkpt>
   <trkpt lat="45.8577540" lon="15.2193300">
    <ele>268.0</ele>
    <time>2024-03-15T14:45:38Z</time>
   </trkpt>
   <trkpt lat="45.8577610" lon="15.2193030">
    <ele>268.0</ele>
    <time>2024-03-15T14:45:39Z</time>
   </trkpt>
   <trkpt lat="45.8577660" lon="15.2192740">
    <ele>268.0</ele>
    <time>2024-03-15T14:45:40Z</time>
   </trkpt>
   <trkpt lat="45.8577720" lon="15.2192450">
    <ele>269.0</ele>
    <time>2024-03-15T14:45:41Z</time>
   </trkpt>
   <trkpt lat="45.8577760" lon="15.2192150">
    <ele>269.0</ele>
    <time>2024-03-15T14:45:42Z</time>
   </trkpt>
   <trkpt lat="45.8577800" lon="15.2191850">
    <ele>269.0</ele>
    <time>2024-03-15T14:45:43Z</time>
   </trkpt>
   <trkpt lat="45.8577830" lon="15.2191560">
    <ele>269.0</ele>
    <time>2024-03-15T14:45:44Z</time>
   </trkpt>
   <trkpt lat="45.8577860" lon="15.2191270">
    <ele>269.0</ele>
    <time>2024-03-15T14:45:45Z</time>
   </trkpt>
   <trkpt lat="45.8577890" lon="15.2190990">
    <ele>270.0</ele>
    <time>2024-03-15T14:45:46Z</time>
   </trkpt>
   <trkpt lat="45.8577920" lon="15.2190720">
    <ele>270.0</ele>
    <time>2024-03-15T14:45:47Z</time>
   </trkpt>
   <trkpt lat="45.8577950" lon="15.2190450">
    <ele>270.0</ele>
    <time>2024-03-15T14:45:48Z</time>
   </trkpt>
   <trkpt lat="45.8577980" lon="15.2190170">
    <ele>270.0</ele>
    <time>2024-03-15T14:45:49Z</time>
   </trkpt>
   <trkpt lat="45.8578010" lon="15.2189880">
    <ele>270.0</ele>
    <time>2024-03-15T14:45:50Z</time>
   </trkpt>
   <trkpt lat="45.8578040" lon="15.2189580">
    <ele>271.0</ele>
    <time>2024-03-15T14:45:51Z</time>
   </trkpt>
   <trkpt lat="45.8578070" lon="15.2189280">
    <ele>271.0</ele>
    <time>2024-03-15T14:45:52Z</time>
   </trkpt>
   <trkpt lat="45.8578110" lon="15.2188980">
    <ele>271.0</ele>
    <time>2024-03-15T14:45:53Z</time>
   </trkpt>
   <trkpt lat="45.8578150" lon="15.2188680">
    <ele>271.0</ele>
    <time>2024-03-15T14:45:54Z</time>
   </trkpt>
   <trkpt lat="45.8578190" lon="15.2188370">
    <ele>271.0</ele>
    <time>2024-03-15T14:45:55Z</time>
   </trkpt>
   <trkpt lat="45.8578230" lon="15.2188050">
    <ele>272.0</ele>
    <time>2024-03-15T14:45:56Z</time>
   </trkpt>
   <trkpt lat="45.8578280" lon="15.2187740">
    <ele>272.0</ele>
    <time>2024-03-15T14:45:57Z</time>
   </trkpt>
   <trkpt lat="45.8578320" lon="15.2187420">
    <ele>272.0</ele>
    <time>2024-03-15T14:45:58Z</time>
   </trkpt>
   <trkpt lat="45.8578370" lon="15.2187100">
    <ele>272.0</ele>
    <time>2024-03-15T14:45:59Z</time>
   </trkpt>
   <trkpt lat="45.8578420" lon="15.2186790">
    <ele>272.0</ele>
    <time>2024-03-15T14:46:00Z</time>
   </trkpt>
   <trkpt lat="45.8578480" lon="15.2186480">
    <ele>273.0</ele>
    <time>2024-03-15T14:46:01Z</time>
   </trkpt>
   <trkpt lat="45.8578530" lon="15.2186160">
    <ele>273.0</ele>
    <time>2024-03-15T14:46:02Z</time>
   </trkpt>
   <trkpt lat="45.8578590" lon="15.2185850">
    <ele>273.0</ele>
    <time>2024-03-15T14:46:03Z</time>
   </trkpt>
   <trkpt lat="45.8578630" lon="15.2185540">
    <ele>273.0</ele>
    <time>2024-03-15T14:46:04Z</time>
   </trkpt>
   <trkpt lat="45.8578680" lon="15.2185240">
    <ele>273.0</ele>
    <time>2024-03-15T14:46:05Z</time>
   </trkpt>
   <trkpt lat="45.8578700" lon="15.2184950">
    <ele>274.0</ele>
    <time>2024-03-15T14:46:06Z</time>
   </trkpt>
   <trkpt lat="45.8578710" lon="15.2184660">
    <ele>274.0</ele>
    <time>2024-03-15T14:46:07Z</time>
   </trkpt>
   <trkpt lat="45.8578680" lon="15.2184430">
    <ele>274.0</ele>
    <time>2024-03-15T14:46:08Z</time>
   </trkpt>
   <trkpt lat="45.8578650" lon="15.2184190">
    <ele>274.0</ele>
    <time>2024-03-15T14:46:09Z</time>
   </trkpt>
   <trkpt lat="45.8578560" lon="15.2184020">
    <ele>274.0</ele>
    <time>2024-03-15T14:46:10Z</time>
   </trkpt>
   <trkpt lat="45.8578460" lon="15.2183850">
    <ele>274.0</ele>
    <time>2024-03-15T14:46:11Z</time>
   </trkpt>
   <trkpt lat="45.8578330" lon="15.2183750">
    <ele>274.0</ele>
    <time>2024-03-15T14:46:12Z</time>
   </trkpt>
   <trkpt lat="45.8578190" lon="15.2183650">
    <ele>274.0</ele>
    <time>2024-03-15T14:46:13Z</time>
   </trkpt>
   <trkpt lat="45.8578040" lon="15.2183610">
    <ele>274.0</ele>
    <time>2024-03-15T14:46:14Z</time>
   </trkpt>
   <trkpt lat="45.8577880" lon="15.2183570">
    <ele>274.0</ele>
    <time>2024-03-15T14:46:15Z</time>
   </trkpt>
   <trkpt lat="45.8577730" lon="15.2183560">
    <ele>275.0</ele>
    <time>2024-03-15T14:46:16Z</time>
   </trkpt>
   <trkpt lat="45.8577580" lon="15.2183540">
    <ele>275.0</ele>
    <time>2024-03-15T14:46:17Z</time>
   </trkpt>
   <trkpt lat="45.8577440" lon="15.2183550">
    <ele>275.0</ele>
    <time>2024-03-15T14:46:18Z</time>
   </trkpt>
   <trkpt lat="45.8577290" lon="15.2183550">
    <ele>275.0</ele>
    <time>2024-03-15T14:46:19Z</time>
   </trkpt>
   <trkpt lat="45.8577160" lon="15.2183550">
    <ele>275.0</ele>
    <time>2024-03-15T14:46:20Z</time>
   </trkpt>
   <trkpt lat="45.8577020" lon="15.2183560">
    <ele>276.0</ele>
    <time>2024-03-15T14:46:21Z</time>
   </trkpt>
   <trkpt lat="45.8576890" lon="15.2183550">
    <ele>276.0</ele>
    <time>2024-03-15T14:46:22Z</time>
   </trkpt>
   <trkpt lat="45.8576770" lon="15.2183540">
    <ele>276.0</ele>
    <time>2024-03-15T14:46:23Z</time>
   </trkpt>
   <trkpt lat="45.8576630" lon="15.2183510">
    <ele>276.0</ele>
    <time>2024-03-15T14:46:24Z</time>
   </trkpt>
   <trkpt lat="45.8576500" lon="15.2183480">
    <ele>276.0</ele>
    <time>2024-03-15T14:46:25Z</time>
   </trkpt>
   <trkpt lat="45.8576360" lon="15.2183430">
    <ele>277.0</ele>
    <time>2024-03-15T14:46:26Z</time>
   </trkpt>
   <trkpt lat="45.8576220" lon="15.2183400">
    <ele>277.0</ele>
    <time>2024-03-15T14:46:27Z</time>
   </trkpt>
   <trkpt lat="45.8576070" lon="15.2183360">
    <ele>277.0</ele>
    <time>2024-03-15T14:46:28Z</time>
   </trkpt>
   <trkpt lat="45.8575930" lon="15.2183320">
    <ele>277.0</ele>
    <time>2024-03-15T14:46:29Z</time>
   </trkpt>
   <trkpt lat="45.8575780" lon="15.2183290">
    <ele>277.0</ele>
    <time>2024-03-15T14:46:30Z</time>
   </trkpt>
   <trkpt lat="45.8575630" lon="15.2183270">
    <ele>277.0</ele>
    <time>2024-03-15T14:46:31Z</time>
   </trkpt>
   <trkpt lat="45.8575480" lon="15.2183240">
    <ele>277.0</ele>
    <time>2024-03-15T14:46:32Z</time>
   </trkpt>
   <trkpt lat="45.8575330" lon="15.2183210">
    <ele>277.0</ele>
    <time>2024-03-15T14:46:33Z</time>
   </trkpt>
   <trkpt lat="45.8575170" lon="15.2183190">
    <ele>277.0</ele>
    <time>2024-03-15T14:46:34Z</time>
   </trkpt>
   <trkpt lat="45.8575020" lon="15.2183160">
    <ele>277.0</ele>
    <time>2024-03-15T14:46:35Z</time>
   </trkpt>
   <trkpt lat="45.8574870" lon="15.2183110">
    <ele>278.0</ele>
    <time>2024-03-15T14:46:36Z</time>
   </trkpt>
   <trkpt lat="45.8574710" lon="15.2183060">
    <ele>278.0</ele>
    <time>2024-03-15T14:46:37Z</time>
   </trkpt>
   <trkpt lat="45.8574570" lon="15.2182980">
    <ele>278.0</ele>
    <time>2024-03-15T14:46:38Z</time>
   </trkpt>
   <trkpt lat="45.8574420" lon="15.2182890">
    <ele>278.0</ele>
    <time>2024-03-15T14:46:39Z</time>
   </trkpt>
   <trkpt lat="45.8574280" lon="15.2182770">
    <ele>278.0</ele>
    <time>2024-03-15T14:46:40Z</time>
   </trkpt>
   <trkpt lat="45.8574140" lon="15.2182640">
    <ele>278.0</ele>
    <time>2024-03-15T14:46:41Z</time>
   </trkpt>
   <trkpt lat="45.8574000" lon="15.2182500">
    <ele>278.0</ele>
    <time>2024-03-15T14:46:42Z</time>
   </trkpt>
   <trkpt lat="45.8573870" lon="15.2182360">
    <ele>278.0</ele>
    <time>2024-03-15T14:46:43Z</time>
   </trkpt>
   <trkpt lat="45.8573740" lon="15.2182210">
    <ele>278.0</ele>
    <time>2024-03-15T14:46:44Z</time>
   </trkpt>
   <trkpt lat="45.8573610" lon="15.2182060">
    <ele>278.0</ele>
    <time>2024-03-15T14:46:45Z</time>
   </trkpt>
   <trkpt lat="45.8573500" lon="15.2181890">
    <ele>279.0</ele>
    <time>2024-03-15T14:46:46Z</time>
   </trkpt>
   <trkpt lat="45.8573380" lon="15.2181720">
    <ele>279.0</ele>
    <time>2024-03-15T14:46:47Z</time>
   </trkpt>
   <trkpt lat="45.8573300" lon="15.2181540">
    <ele>279.0</ele>
    <time>2024-03-15T14:46:48Z</time>
   </trkpt>
   <trkpt lat="45.8573220" lon="15.2181370">
    <ele>279.0</ele>
    <time>2024-03-15T14:46:49Z</time>
   </trkpt>
   <trkpt lat="45.8573150" lon="15.2181210">
    <ele>279.0</ele>
    <time>2024-03-15T14:46:50Z</time>
   </trkpt>
   <trkpt lat="45.8573090" lon="15.2181060">
    <ele>279.0</ele>
    <time>2024-03-15T14:46:51Z</time>
   </trkpt>
   <trkpt lat="45.8573030" lon="15.2180900">
    <ele>279.0</ele>
    <time>2024-03-15T14:46:52Z</time>
   </trkpt>
   <trkpt lat="45.8572970" lon="15.2180750">
    <ele>279.0</ele>
    <time>2024-03-15T14:46:53Z</time>
   </trkpt>
   <trkpt lat="45.8572920" lon="15.2180580">
    <ele>279.0</ele>
    <time>2024-03-15T14:46:54Z</time>
   </trkpt>
   <trkpt lat="45.8572870" lon="15.2180410">
    <ele>279.0</ele>
    <time>2024-03-15T14:46:55Z</time>
   </trkpt>
   <trkpt lat="45.8572810" lon="15.2180240">
    <ele>280.0</ele>
    <time>2024-03-15T14:46:56Z</time>
   </trkpt>
   <trkpt lat="45.8572760" lon="15.2180060">
    <ele>280.0</ele>
    <time>2024-03-15T14:46:57Z</time>
   </trkpt>
   <trkpt lat="45.8572700" lon="15.2179880">
    <ele>280.0</ele>
    <time>2024-03-15T14:46:58Z</time>
   </trkpt>
   <trkpt lat="45.8572640" lon="15.2179700">
    <ele>280.0</ele>
    <time>2024-03-15T14:46:59Z</time>
   </trkpt>
   <trkpt lat="45.8572590" lon="15.2179520">
    <ele>280.0</ele>
    <time>2024-03-15T14:47:00Z</time>
   </trkpt>
   <trkpt lat="45.8572550" lon="15.2179350">
    <ele>281.0</ele>
    <time>2024-03-15T14:47:01Z</time>
   </trkpt>
   <trkpt lat="45.8572520" lon="15.2179170">
    <ele>281.0</ele>
    <time>2024-03-15T14:47:02Z</time>
   </trkpt>
   <trkpt lat="45.8572490" lon="15.2178980">
    <ele>281.0</ele>
    <time>2024-03-15T14:47:03Z</time>
   </trkpt>
   <trkpt lat="45.8572470" lon="15.2178810">
    <ele>281.0</ele>
    <time>2024-03-15T14:47:04Z</time>
   </trkpt>
   <trkpt lat="45.8572460" lon="15.2178640">
    <ele>281.0</ele>
    <time>2024-03-15T14:47:05Z</time>
   </trkpt>
   <trkpt lat="45.8572440" lon="15.2178460">
    <ele>282.0</ele>
    <time>2024-03-15T14:47:06Z</time>
   </trkpt>
   <trkpt lat="45.8572430" lon="15.2178290">
    <ele>282.0</ele>
    <time>2024-03-15T14:47:07Z</time>
   </trkpt>
   <trkpt lat="45.8572430" lon="15.2178110">
    <ele>282.0</ele>
    <time>2024-03-15T14:47:08Z</time>
   </trkpt>
   <trkpt lat="45.8572420" lon="15.2177930">
    <ele>282.0</ele>
    <time>2024-03-15T14:47:09Z</time>
   </trkpt>
   <trkpt lat="45.8572430" lon="15.2177730">
    <ele>282.0</ele>
    <time>2024-03-15T14:47:10Z</time>
   </trkpt>
   <trkpt lat="45.8572430" lon="15.2177530">
    <ele>283.0</ele>
    <time>2024-03-15T14:47:11Z</time>
   </trkpt>
   <trkpt lat="45.8572440" lon="15.2177330">
    <ele>283.0</ele>
    <time>2024-03-15T14:47:12Z</time>
   </trkpt>
   <trkpt lat="45.8572450" lon="15.2177120">
    <ele>283.0</ele>
    <time>2024-03-15T14:47:13Z</time>
   </trkpt>
   <trkpt lat="45.8572470" lon="15.2176930">
    <ele>283.0</ele>
    <time>2024-03-15T14:47:14Z</time>
   </trkpt>
   <trkpt lat="45.8572480" lon="15.2176740">
    <ele>283.0</ele>
    <time>2024-03-15T14:47:15Z</time>
   </trkpt>
   <trkpt lat="45.8572490" lon="15.2176550">
    <ele>284.0</ele>
    <time>2024-03-15T14:47:16Z</time>
   </trkpt>
   <trkpt lat="45.8572500" lon="15.2176360">
    <ele>284.0</ele>
    <time>2024-03-15T14:47:17Z</time>
   </trkpt>
   <trkpt lat="45.8572510" lon="15.2176190">
    <ele>284.0</ele>
    <time>2024-03-15T14:47:18Z</time>
   </trkpt>
   <trkpt lat="45.8572520" lon="15.2176010">
    <ele>285.0</ele>
    <time>2024-03-15T14:47:19Z</time>
   </trkpt>
   <trkpt lat="45.8572540" lon="15.2175830">
    <ele>285.0</ele>
    <time>2024-03-15T14:47:20Z</time>
   </trkpt>
   <trkpt lat="45.8572560" lon="15.2175660">
    <ele>286.0</ele>
    <time>2024-03-15T14:47:21Z</time>
   </trkpt>
   <trkpt lat="45.8572580" lon="15.2175490">
    <ele>286.0</ele>
    <time>2024-03-15T14:47:22Z</time>
   </trkpt>
   <trkpt lat="45.8572610" lon="15.2175310">
    <ele>286.0</ele>
    <time>2024-03-15T14:47:23Z</time>
   </trkpt>
   <trkpt lat="45.8572630" lon="15.2175130">
    <ele>286.0</ele>
    <time>2024-03-15T14:47:24Z</time>
   </trkpt>
   <trkpt lat="45.8572650" lon="15.2174940">
    <ele>286.0</ele>
    <time>2024-03-15T14:47:25Z</time>
   </trkpt>
   <trkpt lat="45.8572670" lon="15.2174740">
    <ele>287.0</ele>
    <time>2024-03-15T14:47:26Z</time>
   </trkpt>
   <trkpt lat="45.8572680" lon="15.2174530">
    <ele>287.0</ele>
    <time>2024-03-15T14:47:27Z</time>
   </trkpt>
   <trkpt lat="45.8572690" lon="15.2174290">
    <ele>287.0</ele>
    <time>2024-03-15T14:47:28Z</time>
   </trkpt>
   <trkpt lat="45.8572690" lon="15.2174050">
    <ele>287.0</ele>
    <time>2024-03-15T14:47:29Z</time>
   </trkpt>
   <trkpt lat="45.8572690" lon="15.2173800">
    <ele>287.0</ele>
    <time>2024-03-15T14:47:30Z</time>
   </trkpt>
   <trkpt lat="45.8572690" lon="15.2173550">
    <ele>288.0</ele>
    <time>2024-03-15T14:47:31Z</time>
   </trkpt>
   <trkpt lat="45.8572700" lon="15.2173320">
    <ele>288.0</ele>
    <time>2024-03-15T14:47:32Z</time>
   </trkpt>
   <trkpt lat="45.8572710" lon="15.2173080">
    <ele>288.0</ele>
    <time>2024-03-15T14:47:33Z</time>
   </trkpt>
   <trkpt lat="45.8572710" lon="15.2172850">
    <ele>288.0</ele>
    <time>2024-03-15T14:47:34Z</time>
   </trkpt>
   <trkpt lat="45.8572720" lon="15.2172610">
    <ele>288.0</ele>
    <time>2024-03-15T14:47:35Z</time>
   </trkpt>
   <trkpt lat="45.8572720" lon="15.2172380">
    <ele>289.0</ele>
    <time>2024-03-15T14:47:36Z</time>
   </trkpt>
   <trkpt lat="45.8572730" lon="15.2172150">
    <ele>289.0</ele>
    <time>2024-03-15T14:47:37Z</time>
   </trkpt>
   <trkpt lat="45.8572740" lon="15.2171920">
    <ele>289.0</ele>
    <time>2024-03-15T14:47:38Z</time>
   </trkpt>
   <trkpt lat="45.8572750" lon="15.2171690">
    <ele>289.0</ele>
    <time>2024-03-15T14:47:39Z</time>
   </trkpt>
   <trkpt lat="45.8572760" lon="15.2171460">
    <ele>289.0</ele>
    <time>2024-03-15T14:47:40Z</time>
   </trkpt>
   <trkpt lat="45.8572770" lon="15.2171230">
    <ele>290.0</ele>
    <time>2024-03-15T14:47:41Z</time>
   </trkpt>
   <trkpt lat="45.8572770" lon="15.2171010">
    <ele>290.0</ele>
    <time>2024-03-15T14:47:42Z</time>
   </trkpt>
   <trkpt lat="45.8572770" lon="15.2170780">
    <ele>290.0</ele>
    <time>2024-03-15T14:47:43Z</time>
   </trkpt>
   <trkpt lat="45.8572750" lon="15.2170570">
    <ele>290.0</ele>
    <time>2024-03-15T14:47:44Z</time>
   </trkpt>
   <trkpt lat="45.8572730" lon="15.2170360">
    <ele>290.0</ele>
    <time>2024-03-15T14:47:45Z</time>
   </trkpt>
   <trkpt lat="45.8572690" lon="15.2170150">
    <ele>291.0</ele>
    <time>2024-03-15T14:47:46Z</time>
   </trkpt>
   <trkpt lat="45.8572660" lon="15.2169950">
    <ele>291.0</ele>
    <time>2024-03-15T14:47:47Z</time>
   </trkpt>
   <trkpt lat="45.8572610" lon="15.2169740">
    <ele>291.0</ele>
    <time>2024-03-15T14:47:48Z</time>
   </trkpt>
   <trkpt lat="45.8572560" lon="15.2169530">
    <ele>291.0</ele>
    <time>2024-03-15T14:47:49Z</time>
   </trkpt>
   <trkpt lat="45.8572500" lon="15.2169320">
    <ele>291.0</ele>
    <time>2024-03-15T14:47:50Z</time>
   </trkpt>
   <trkpt lat="45.8572440" lon="15.2169110">
    <ele>292.0</ele>
    <time>2024-03-15T14:47:51Z</time>
   </trkpt>
   <trkpt lat="45.8572380" lon="15.2168900">
    <ele>292.0</ele>
    <time>2024-03-15T14:47:52Z</time>
   </trkpt>
   <trkpt lat="45.8572320" lon="15.2168680">
    <ele>292.0</ele>
    <time>2024-03-15T14:47:53Z</time>
   </trkpt>
   <trkpt lat="45.8572270" lon="15.2168470">
    <ele>292.0</ele>
    <time>2024-03-15T14:47:54Z</time>
   </trkpt>
   <trkpt lat="45.8572220" lon="15.2168270">
    <ele>292.0</ele>
    <time>2024-03-15T14:47:55Z</time>
   </trkpt>
   <trkpt lat="45.8572180" lon="15.2168060">
    <ele>293.0</ele>
    <time>2024-03-15T14:47:56Z</time>
   </trkpt>
   <trkpt lat="45.8572130" lon="15.2167860">
    <ele>293.0</ele>
    <time>2024-03-15T14:47:57Z</time>
   </trkpt>
   <trkpt lat="45.8572110" lon="15.2167650">
    <ele>293.0</ele>
    <time>2024-03-15T14:47:58Z</time>
   </trkpt>
   <trkpt lat="45.8572090" lon="15.2167450">
    <ele>293.0</ele>
    <time>2024-03-15T14:47:59Z</time>
   </trkpt>
   <trkpt lat="45.8572090" lon="15.2167220">
    <ele>293.0</ele>
    <time>2024-03-15T14:48:00Z</time>
   </trkpt>
   <trkpt lat="45.8572080" lon="15.2166990">
    <ele>294.0</ele>
    <time>2024-03-15T14:48:01Z</time>
   </trkpt>
   <trkpt lat="45.8572080" lon="15.2166740">
    <ele>294.0</ele>
    <time>2024-03-15T14:48:02Z</time>
   </trkpt>
   <trkpt lat="45.8572090" lon="15.2166490">
    <ele>294.0</ele>
    <time>2024-03-15T14:48:03Z</time>
   </trkpt>
   <trkpt lat="45.8572090" lon="15.2166250">
    <ele>294.0</ele>
    <time>2024-03-15T14:48:04Z</time>
   </trkpt>
   <trkpt lat="45.8572090" lon="15.2166000">
    <ele>294.0</ele>
    <time>2024-03-15T14:48:05Z</time>
   </trkpt>
   <trkpt lat="45.8572080" lon="15.2165750">
    <ele>294.0</ele>
    <time>2024-03-15T14:48:06Z</time>
   </trkpt>
   <trkpt lat="45.8572060" lon="15.2165490">
    <ele>294.0</ele>
    <time>2024-03-15T14:48:07Z</time>
   </trkpt>
   <trkpt lat="45.8572040" lon="15.2165220">
    <ele>294.0</ele>
    <time>2024-03-15T14:48:08Z</time>
   </trkpt>
   <trkpt lat="45.8572020" lon="15.2164950">
    <ele>294.0</ele>
    <time>2024-03-15T14:48:09Z</time>
   </trkpt>
   <trkpt lat="45.8572000" lon="15.2164680">
    <ele>294.0</ele>
    <time>2024-03-15T14:48:10Z</time>
   </trkpt>
   <trkpt lat="45.8571980" lon="15.2164410">
    <ele>295.0</ele>
    <time>2024-03-15T14:48:11Z</time>
   </trkpt>
   <trkpt lat="45.8571960" lon="15.2164130">
    <ele>295.0</ele>
    <time>2024-03-15T14:48:12Z</time>
   </trkpt>
   <trkpt lat="45.8571940" lon="15.2163860">
    <ele>295.0</ele>
    <time>2024-03-15T14:48:13Z</time>
   </trkpt>
   <trkpt lat="45.8571920" lon="15.2163590">
    <ele>296.0</ele>
    <time>2024-03-15T14:48:14Z</time>
   </trkpt>
   <trkpt lat="45.8571890" lon="15.2163320">
    <ele>296.0</ele>
    <time>2024-03-15T14:48:15Z</time>
   </trkpt>
   <trkpt lat="45.8571850" lon="15.2163060">
    <ele>297.0</ele>
    <time>2024-03-15T14:48:16Z</time>
   </trkpt>
   <trkpt lat="45.8571820" lon="15.2162810">
    <ele>297.0</ele>
    <time>2024-03-15T14:48:17Z</time>
   </trkpt>
   <trkpt lat="45.8571780" lon="15.2162570">
    <ele>297.0</ele>
    <time>2024-03-15T14:48:18Z</time>
   </trkpt>
   <trkpt lat="45.8571740" lon="15.2162340">
    <ele>297.0</ele>
    <time>2024-03-15T14:48:19Z</time>
   </trkpt>
   <trkpt lat="45.8571680" lon="15.2162110">
    <ele>297.0</ele>
    <time>2024-03-15T14:48:20Z</time>
   </trkpt>
   <trkpt lat="45.8571630" lon="15.2161880">
    <ele>298.0</ele>
    <time>2024-03-15T14:48:21Z</time>
   </trkpt>
   <trkpt lat="45.8571570" lon="15.2161640">
    <ele>298.0</ele>
    <time>2024-03-15T14:48:22Z</time>
   </trkpt>
   <trkpt lat="45.8571510" lon="15.2161400">
    <ele>298.0</ele>
    <time>2024-03-15T14:48:23Z</time>
   </trkpt>
   <trkpt lat="45.8571430" lon="15.2161150">
    <ele>298.0</ele>
    <time>2024-03-15T14:48:24Z</time>
   </trkpt>
   <trkpt lat="45.8571360" lon="15.2160890">
    <ele>298.0</ele>
    <time>2024-03-15T14:48:25Z</time>
   </trkpt>
   <trkpt lat="45.8571270" lon="15.2160640">
    <ele>299.0</ele>
    <time>2024-03-15T14:48:26Z</time>
   </trkpt>
   <trkpt lat="45.8571180" lon="15.2160390">
    <ele>299.0</ele>
    <time>2024-03-15T14:48:27Z</time>
   </trkpt>
   <trkpt lat="45.8571080" lon="15.2160160">
    <ele>299.0</ele>
    <time>2024-03-15T14:48:28Z</time>
   </trkpt>
   <trkpt lat="45.8570980" lon="15.2159940">
    <ele>300.0</ele>
    <time>2024-03-15T14:48:29Z</time>
   </trkpt>
   <trkpt lat="45.8570860" lon="15.2159730">
    <ele>300.0</ele>
    <time>2024-03-15T14:48:30Z</time>
   </trkpt>
   <trkpt lat="45.8570750" lon="15.2159520">
    <ele>301.0</ele>
    <time>2024-03-15T14:48:31Z</time>
   </trkpt>
   <trkpt lat="45.8570620" lon="15.2159320">
    <ele>301.0</ele>
    <time>2024-03-15T14:48:32Z</time>
   </trkpt>
   <trkpt lat="45.8570500" lon="15.2159110">
    <ele>301.0</ele>
    <time>2024-03-15T14:48:33Z</time>
   </trkpt>
   <trkpt lat="45.8570360" lon="15.2158910">
    <ele>301.0</ele>
    <time>2024-03-15T14:48:34Z</time>
   </trkpt>
   <trkpt lat="45.8570220" lon="15.2158700">
    <ele>301.0</ele>
    <time>2024-03-15T14:48:35Z</time>
   </trkpt>
   <trkpt lat="45.8570060" lon="15.2158500">
    <ele>302.0</ele>
    <time>2024-03-15T14:48:36Z</time>
   </trkpt>
   <trkpt lat="45.8569910" lon="15.2158290">
    <ele>302.0</ele>
    <time>2024-03-15T14:48:37Z</time>
   </trkpt>
   <trkpt lat="45.8569740" lon="15.2158070">
    <ele>302.0</ele>
    <time>2024-03-15T14:48:38Z</time>
   </trkpt>
   <trkpt lat="45.8569570" lon="15.2157860">
    <ele>302.0</ele>
    <time>2024-03-15T14:48:39Z</time>
   </trkpt>
   <trkpt lat="45.8569410" lon="15.2157640">
    <ele>302.0</ele>
    <time>2024-03-15T14:48:40Z</time>
   </trkpt>
   <trkpt lat="45.8569250" lon="15.2157410">
    <ele>303.0</ele>
    <time>2024-03-15T14:48:41Z</time>
   </trkpt>
   <trkpt lat="45.8569090" lon="15.2157200">
    <ele>303.0</ele>
    <time>2024-03-15T14:48:42Z</time>
   </trkpt>
   <trkpt lat="45.8568930" lon="15.2156980">
    <ele>303.0</ele>
    <time>2024-03-15T14:48:43Z</time>
   </trkpt>
   <trkpt lat="45.8568780" lon="15.2156770">
    <ele>303.0</ele>
    <time>2024-03-15T14:48:44Z</time>
   </trkpt>
   <trkpt lat="45.8568630" lon="15.2156570">
    <ele>303.0</ele>
    <time>2024-03-15T14:48:45Z</time>
   </trkpt>
   <trkpt lat="45.8568490" lon="15.2156370">
    <ele>304.0</ele>
    <time>2024-03-15T14:48:46Z</time>
   </trkpt>
   <trkpt lat="45.8568340" lon="15.2156180">
    <ele>304.0</ele>
    <time>2024-03-15T14:48:47Z</time>
   </trkpt>
   <trkpt lat="45.8568190" lon="15.2155990">
    <ele>304.0</ele>
    <time>2024-03-15T14:48:48Z</time>
   </trkpt>
   <trkpt lat="45.8568040" lon="15.2155810">
    <ele>304.0</ele>
    <time>2024-03-15T14:48:49Z</time>
   </trkpt>
   <trkpt lat="45.8567890" lon="15.2155640">
    <ele>304.0</ele>
    <time>2024-03-15T14:48:50Z</time>
   </trkpt>
   <trkpt lat="45.8567730" lon="15.2155470">
    <ele>304.0</ele>
    <time>2024-03-15T14:48:51Z</time>
   </trkpt>
   <trkpt lat="45.8567580" lon="15.2155300">
    <ele>304.0</ele>
    <time>2024-03-15T14:48:52Z</time>
   </trkpt>
   <trkpt lat="45.8567420" lon="15.2155140">
    <ele>304.0</ele>
    <time>2024-03-15T14:48:53Z</time>
   </trkpt>
   <trkpt lat="45.8567280" lon="15.2154980">
    <ele>304.0</ele>
    <time>2024-03-15T14:48:54Z</time>
   </trkpt>
   <trkpt lat="45.8567140" lon="15.2154820">
    <ele>304.0</ele>
    <time>2024-03-15T14:48:55Z</time>
   </trkpt>
   <trkpt lat="45.8567000" lon="15.2154660">
    <ele>305.0</ele>
    <time>2024-03-15T14:48:56Z</time>
   </trkpt>
   <trkpt lat="45.8566860" lon="15.2154510">
    <ele>305.0</ele>
    <time>2024-03-15T14:48:57Z</time>
   </trkpt>
   <trkpt lat="45.8566710" lon="15.2154320">
    <ele>305.0</ele>
    <time>2024-03-15T14:48:58Z</time>
   </trkpt>
   <trkpt lat="45.8566560" lon="15.2154130">
    <ele>305.0</ele>
    <time>2024-03-15T14:48:59Z</time>
   </trkpt>
   <trkpt lat="45.8566400" lon="15.2153930">
    <ele>305.0</ele>
    <time>2024-03-15T14:49:00Z</time>
   </trkpt>
   <trkpt lat="45.8566250" lon="15.2153730">
    <ele>306.0</ele>
    <time>2024-03-15T14:49:01Z</time>
   </trkpt>
   <trkpt lat="45.8566110" lon="15.2153520">
    <ele>306.0</ele>
    <time>2024-03-15T14:49:02Z</time>
   </trkpt>
   <trkpt lat="45.8565970" lon="15.2153320">
    <ele>306.0</ele>
    <time>2024-03-15T14:49:03Z</time>
   </trkpt>
   <trkpt lat="45.8565840" lon="15.2153130">
    <ele>306.0</ele>
    <time>2024-03-15T14:49:04Z</time>
   </trkpt>
   <trkpt lat="45.8565710" lon="15.2152940">
    <ele>306.0</ele>
    <time>2024-03-15T14:49:05Z</time>
   </trkpt>
   <trkpt lat="45.8565590" lon="15.2152750">
    <ele>307.0</ele>
    <time>2024-03-15T14:49:06Z</time>
   </trkpt>
   <trkpt lat="45.8565470" lon="15.2152570">
    <ele>307.0</ele>
    <time>2024-03-15T14:49:07Z</time>
   </trkpt>
   <trkpt lat="45.8565350" lon="15.2152380">
    <ele>307.0</ele>
    <time>2024-03-15T14:49:08Z</time>
   </trkpt>
   <trkpt lat="45.8565230" lon="15.2152200">
    <ele>307.0</ele>
    <time>2024-03-15T14:49:09Z</time>
   </trkpt>
   <trkpt lat="45.8565110" lon="15.2152010">
    <ele>307.0</ele>
    <time>2024-03-15T14:49:10Z</time>
   </trkpt>
   <trkpt lat="45.8564990" lon="15.2151820">
    <ele>308.0</ele>
    <time>2024-03-15T14:49:11Z</time>
   </trkpt>
   <trkpt lat="45.8564860" lon="15.2151620">
    <ele>308.0</ele>
    <time>2024-03-15T14:49:12Z</time>
   </trkpt>
   <trkpt lat="45.8564730" lon="15.2151420">
    <ele>308.0</ele>
    <time>2024-03-15T14:49:13Z</time>
   </trkpt>
   <trkpt lat="45.8564610" lon="15.2151220">
    <ele>308.0</ele>
    <time>2024-03-15T14:49:14Z</time>
   </trkpt>
   <trkpt lat="45.8564490" lon="15.2151020">
    <ele>308.0</ele>
    <time>2024-03-15T14:49:15Z</time>
   </trkpt>
   <trkpt lat="45.8564370" lon="15.2150820">
    <ele>309.0</ele>
    <time>2024-03-15T14:49:16Z</time>
   </trkpt>
   <trkpt lat="45.8564250" lon="15.2150630">
    <ele>309.0</ele>
    <time>2024-03-15T14:49:17Z</time>
   </trkpt>
   <trkpt lat="45.8564150" lon="15.2150450">
    <ele>309.0</ele>
    <time>2024-03-15T14:49:18Z</time>
   </trkpt>
   <trkpt lat="45.8564040" lon="15.2150260">
    <ele>309.0</ele>
    <time>2024-03-15T14:49:19Z</time>
   </trkpt>
   <trkpt lat="45.8563950" lon="15.2150080">
    <ele>309.0</ele>
    <time>2024-03-15T14:49:20Z</time>
   </trkpt>
   <trkpt lat="45.8563870" lon="15.2149900">
    <ele>310.0</ele>
    <time>2024-03-15T14:49:21Z</time>
   </trkpt>
   <trkpt lat="45.8563790" lon="15.2149730">
    <ele>310.0</ele>
    <time>2024-03-15T14:49:22Z</time>
   </trkpt>
   <trkpt lat="45.8563710" lon="15.2149550">
    <ele>310.0</ele>
    <time>2024-03-15T14:49:23Z</time>
   </trkpt>
   <trkpt lat="45.8563620" lon="15.2149370">
    <ele>310.0</ele>
    <time>2024-03-15T14:49:24Z</time>
   </trkpt>
   <trkpt lat="45.8563540" lon="15.2149200">
    <ele>310.0</ele>
    <time>2024-03-15T14:49:25Z</time>
   </trkpt>
   <trkpt lat="45.8563450" lon="15.2149040">
    <ele>311.0</ele>
    <time>2024-03-15T14:49:26Z</time>
   </trkpt>
   <trkpt lat="45.8563370" lon="15.2148870">
    <ele>311.0</ele>
    <time>2024-03-15T14:49:27Z</time>
   </trkpt>
   <trkpt lat="45.8563280" lon="15.2148730">
    <ele>311.0</ele>
    <time>2024-03-15T14:49:28Z</time>
   </trkpt>
   <trkpt lat="45.8563200" lon="15.2148590">
    <ele>311.0</ele>
    <time>2024-03-15T14:49:29Z</time>
   </trkpt>
   <trkpt lat="45.8563130" lon="15.2148470">
    <ele>311.0</ele>
    <time>2024-03-15T14:49:30Z</time>
   </trkpt>
   <trkpt lat="45.8563060" lon="15.2148350">
    <ele>311.0</ele>
    <time>2024-03-15T14:49:31Z</time>
   </trkpt>
   <trkpt lat="45.8563010" lon="15.2148210">
    <ele>311.0</ele>
    <time>2024-03-15T14:49:32Z</time>
   </trkpt>
   <trkpt lat="45.8562950" lon="15.2148070">
    <ele>311.0</ele>
    <time>2024-03-15T14:49:33Z</time>
   </trkpt>
   <trkpt lat="45.8562890" lon="15.2147900">
    <ele>311.0</ele>
    <time>2024-03-15T14:49:34Z</time>
   </trkpt>
   <trkpt lat="45.8562840" lon="15.2147730">
    <ele>311.0</ele>
    <time>2024-03-15T14:49:35Z</time>
   </trkpt>
   <trkpt lat="45.8562790" lon="15.2147560">
    <ele>312.0</ele>
    <time>2024-03-15T14:49:36Z</time>
   </trkpt>
   <trkpt lat="45.8562740" lon="15.2147380">
    <ele>312.0</ele>
    <time>2024-03-15T14:49:37Z</time>
   </trkpt>
   <trkpt lat="45.8562690" lon="15.2147230">
    <ele>312.0</ele>
    <time>2024-03-15T14:49:38Z</time>
   </trkpt>
   <trkpt lat="45.8562650" lon="15.2147080">
    <ele>312.0</ele>
    <time>2024-03-15T14:49:39Z</time>
   </trkpt>
   <trkpt lat="45.8562620" lon="15.2146940">
    <ele>312.0</ele>
    <time>2024-03-15T14:49:40Z</time>
   </trkpt>
   <trkpt lat="45.8562590" lon="15.2146800">
    <ele>313.0</ele>
    <time>2024-03-15T14:49:41Z</time>
   </trkpt>
   <trkpt lat="45.8562580" lon="15.2146670">
    <ele>313.0</ele>
    <time>2024-03-15T14:49:42Z</time>
   </trkpt>
   <trkpt lat="45.8562560" lon="15.2146540">
    <ele>313.0</ele>
    <time>2024-03-15T14:49:43Z</time>
   </trkpt>
   <trkpt lat="45.8562510" lon="15.2146380">
    <ele>313.0</ele>
    <time>2024-03-15T14:49:44Z</time>
   </trkpt>
   <trkpt lat="45.8562460" lon="15.2146220">
    <ele>313.0</ele>
    <time>2024-03-15T14:49:45Z</time>
   </trkpt>
   <trkpt lat="45.8562400" lon="15.2146040">
    <ele>314.0</ele>
    <time>2024-03-15T14:49:46Z</time>
   </trkpt>
   <trkpt lat="45.8562330" lon="15.2145870">
    <ele>314.0</ele>
    <time>2024-03-15T14:49:47Z</time>
   </trkpt>
   <trkpt lat="45.8562260" lon="15.2145700">
    <ele>314.0</ele>
    <time>2024-03-15T14:49:48Z</time>
   </trkpt>
   <trkpt lat="45.8562190" lon="15.2145530">
    <ele>314.0</ele>
    <time>2024-03-15T14:49:49Z</time>
   </trkpt>
   <trkpt lat="45.8562090" lon="15.2145360">
    <ele>314.0</ele>
    <time>2024-03-15T14:49:50Z</time>
   </trkpt>
   <trkpt lat="45.8561990" lon="15.2145200">
    <ele>315.0</ele>
    <time>2024-03-15T14:49:51Z</time>
   </trkpt>
   <trkpt lat="45.8561890" lon="15.2145020">
    <ele>315.0</ele>
    <time>2024-03-15T14:49:52Z</time>
   </trkpt>
   <trkpt lat="45.8561780" lon="15.2144860">
    <ele>315.0</ele>
    <time>2024-03-15T14:49:53Z</time>
   </trkpt>
   <trkpt lat="45.8561690" lon="15.2144710">
    <ele>315.0</ele>
    <time>2024-03-15T14:49:54Z</time>
   </trkpt>
   <trkpt lat="45.8561590" lon="15.2144560">
    <ele>315.0</ele>
    <time>2024-03-15T14:49:55Z</time>
   </trkpt>
   <trkpt lat="45.8561520" lon="15.2144440">
    <ele>316.0</ele>
    <time>2024-03-15T14:49:56Z</time>
   </trkpt>
   <trkpt lat="45.8561450" lon="15.2144320">
    <ele>316.0</ele>
    <time>2024-03-15T14:49:57Z</time>
   </trkpt>
   <trkpt lat="45.8561380" lon="15.2144220">
    <ele>316.0</ele>
    <time>2024-03-15T14:49:58Z</time>
   </trkpt>
   <trkpt lat="45.8561300" lon="15.2144120">
    <ele>316.0</ele>
    <time>2024-03-15T14:49:59Z</time>
   </trkpt>
   <trkpt lat="45.8561230" lon="15.2143990">
    <ele>316.0</ele>
    <time>2024-03-15T14:50:00Z</time>
   </trkpt>
   <trkpt lat="45.8561150" lon="15.2143870">
    <ele>317.0</ele>
    <time>2024-03-15T14:50:01Z</time>
   </trkpt>
   <trkpt lat="45.8561070" lon="15.2143710">
    <ele>317.0</ele>
    <time>2024-03-15T14:50:02Z</time>
   </trkpt>
   <trkpt lat="45.8561000" lon="15.2143560">
    <ele>317.0</ele>
    <time>2024-03-15T14:50:03Z</time>
   </trkpt>
   <trkpt lat="45.8560910" lon="15.2143370">
    <ele>318.0</ele>
    <time>2024-03-15T14:50:04Z</time>
   </trkpt>
   <trkpt lat="45.8560830" lon="15.2143190">
    <ele>318.0</ele>
    <time>2024-03-15T14:50:05Z</time>
   </trkpt>
   <trkpt lat="45.8560740" lon="15.2142990">
    <ele>319.0</ele>
    <time>2024-03-15T14:50:06Z</time>
   </trkpt>
   <trkpt lat="45.8560650" lon="15.2142790">
    <ele>319.0</ele>
    <time>2024-03-15T14:50:07Z</time>
   </trkpt>
   <trkpt lat="45.8560560" lon="15.2142610">
    <ele>319.0</ele>
    <time>2024-03-15T14:50:08Z</time>
   </trkpt>
   <trkpt lat="45.8560470" lon="15.2142440">
    <ele>319.0</ele>
    <time>2024-03-15T14:50:09Z</time>
   </trkpt>
   <trkpt lat="45.8560360" lon="15.2142270">
    <ele>319.0</ele>
    <time>2024-03-15T14:50:10Z</time>
   </trkpt>
   <trkpt lat="45.8560260" lon="15.2142110">
    <ele>320.0</ele>
    <time>2024-03-15T14:50:11Z</time>
   </trkpt>
   <trkpt lat="45.8560130" lon="15.2141930">
    <ele>320.0</ele>
    <time>2024-03-15T14:50:12Z</time>
   </trkpt>
   <trkpt lat="45.8560010" lon="15.2141740">
    <ele>320.0</ele>
    <time>2024-03-15T14:50:13Z</time>
   </trkpt>
   <trkpt lat="45.8559900" lon="15.2141530">
    <ele>320.0</ele>
    <time>2024-03-15T14:50:14Z</time>
   </trkpt>
   <trkpt lat="45.8559790" lon="15.2141320">
    <ele>320.0</ele>
    <time>2024-03-15T14:50:15Z</time>
   </trkpt>
   <trkpt lat="45.8559700" lon="15.2141130">
    <ele>321.0</ele>
    <time>2024-03-15T14:50:16Z</time>
   </trkpt>
   <trkpt lat="45.8559610" lon="15.2140930">
    <ele>321.0</ele>
    <time>2024-03-15T14:50:17Z</time>
   </trkpt>
   <trkpt lat="45.8559550" lon="15.2140760">
    <ele>321.0</ele>
    <time>2024-03-15T14:50:18Z</time>
   </trkpt>
   <trkpt lat="45.8559480" lon="15.2140580">
    <ele>321.0</ele>
    <time>2024-03-15T14:50:19Z</time>
   </trkpt>
   <trkpt lat="45.8559440" lon="15.2140410">
    <ele>321.0</ele>
    <time>2024-03-15T14:50:20Z</time>
   </trkpt>
   <trkpt lat="45.8559410" lon="15.2140250">
    <ele>322.0</ele>
    <time>2024-03-15T14:50:21Z</time>
   </trkpt>
   <trkpt lat="45.8559380" lon="15.2140080">
    <ele>322.0</ele>
    <time>2024-03-15T14:50:22Z</time>
   </trkpt>
   <trkpt lat="45.8559360" lon="15.2139910">
    <ele>322.0</ele>
    <time>2024-03-15T14:50:23Z</time>
   </trkpt>
   <trkpt lat="45.8559360" lon="15.2139700">
    <ele>323.0</ele>
    <time>2024-03-15T14:50:24Z</time>
   </trkpt>
   <trkpt lat="45.8559370" lon="15.2139500">
    <ele>323.0</ele>
    <time>2024-03-15T14:50:25Z</time>
   </trkpt>
   <trkpt lat="45.8559370" lon="15.2139280">
    <ele>324.0</ele>
    <time>2024-03-15T14:50:26Z</time>
   </trkpt>
   <trkpt lat="45.8559370" lon="15.2139060">
    <ele>324.0</ele>
    <time>2024-03-15T14:50:27Z</time>
   </trkpt>
   <trkpt lat="45.8559350" lon="15.2138850">
    <ele>324.0</ele>
    <time>2024-03-15T14:50:28Z</time>
   </trkpt>
   <trkpt lat="45.8559340" lon="15.2138640">
    <ele>324.0</ele>
    <time>2024-03-15T14:50:29Z</time>
   </trkpt>
   <trkpt lat="45.8559320" lon="15.2138440">
    <ele>324.0</ele>
    <time>2024-03-15T14:50:30Z</time>
   </trkpt>
   <trkpt lat="45.8559290" lon="15.2138240">
    <ele>325.0</ele>
    <time>2024-03-15T14:50:31Z</time>
   </trkpt>
   <trkpt lat="45.8559270" lon="15.2138060">
    <ele>325.0</ele>
    <time>2024-03-15T14:50:32Z</time>
   </trkpt>
   <trkpt lat="45.8559250" lon="15.2137880">
    <ele>325.0</ele>
    <time>2024-03-15T14:50:33Z</time>
   </trkpt>
   <trkpt lat="45.8559230" lon="15.2137710">
    <ele>325.0</ele>
    <time>2024-03-15T14:50:34Z</time>
   </trkpt>
   <trkpt lat="45.8559210" lon="15.2137540">
    <ele>325.0</ele>
    <time>2024-03-15T14:50:35Z</time>
   </trkpt>
   <trkpt lat="45.8559190" lon="15.2137380">
    <ele>326.0</ele>
    <time>2024-03-15T14:50:36Z</time>
   </trkpt>
   <trkpt lat="45.8559160" lon="15.2137210">
    <ele>326.0</ele>
    <time>2024-03-15T14:50:37Z</time>
   </trkpt>
   <trkpt lat="45.8559140" lon="15.2137040">
    <ele>326.0</ele>
    <time>2024-03-15T14:50:38Z</time>
   </trkpt>
   <trkpt lat="45.8559110" lon="15.2136860">
    <ele>326.0</ele>
    <time>2024-03-15T14:50:39Z</time>
   </trkpt>
   <trkpt lat="45.8559060" lon="15.2136690">
    <ele>326.0</ele>
    <time>2024-03-15T14:50:40Z</time>
   </trkpt>
   <trkpt lat="45.8559010" lon="15.2136520">
    <ele>327.0</ele>
    <time>2024-03-15T14:50:41Z</time>
   </trkpt>
   <trkpt lat="45.8558930" lon="15.2136380">
    <ele>327.0</ele>
    <time>2024-03-15T14:50:42Z</time>
   </trkpt>
   <trkpt lat="45.8558840" lon="15.2136230">
    <ele>327.0</ele>
    <time>2024-03-15T14:50:43Z</time>
   </trkpt>
   <trkpt lat="45.8558730" lon="15.2136110">
    <ele>327.0</ele>
    <time>2024-03-15T14:50:44Z</time>
   </trkpt>
   <trkpt lat="45.8558610" lon="15.2135980">
    <ele>327.0</ele>
    <time>2024-03-15T14:50:45Z</time>
   </trkpt>
   <trkpt lat="45.8558490" lon="15.2135860">
    <ele>328.0</ele>
    <time>2024-03-15T14:50:46Z</time>
   </trkpt>
   <trkpt lat="45.8558360" lon="15.2135730">
    <ele>328.0</ele>
    <time>2024-03-15T14:50:47Z</time>
   </trkpt>
   <trkpt lat="45.8558250" lon="15.2135600">
    <ele>328.0</ele>
    <time>2024-03-15T14:50:48Z</time>
   </trkpt>
   <trkpt lat="45.8558140" lon="15.2135480">
    <ele>328.0</ele>
    <time>2024-03-15T14:50:49Z</time>
   </trkpt>
   <trkpt lat="45.8558040" lon="15.2135340">
    <ele>328.0</ele>
    <time>2024-03-15T14:50:50Z</time>
   </trkpt>
   <trkpt lat="45.8557930" lon="15.2135200">
    <ele>329.0</ele>
    <time>2024-03-15T14:50:51Z</time>
   </trkpt>
   <trkpt lat="45.8557830" lon="15.2135050">
    <ele>329.0</ele>
    <time>2024-03-15T14:50:52Z</time>
   </trkpt>
   <trkpt lat="45.8557730" lon="15.2134900">
    <ele>329.0</ele>
    <time>2024-03-15T14:50:53Z</time>
   </trkpt>
   <trkpt lat="45.8557620" lon="15.2134770">
    <ele>330.0</ele>
    <time>2024-03-15T14:50:54Z</time>
   </trkpt>
   <trkpt lat="45.8557500" lon="15.2134640">
    <ele>330.0</ele>
    <time>2024-03-15T14:50:55Z</time>
   </trkpt>
   <trkpt lat="45.8557370" lon="15.2134540">
    <ele>331.0</ele>
    <time>2024-03-15T14:50:56Z</time>
   </trkpt>
   <trkpt lat="45.8557240" lon="15.2134440">
    <ele>331.0</ele>
    <time>2024-03-15T14:50:57Z</time>
   </trkpt>
   <trkpt lat="45.8557120" lon="15.2134340">
    <ele>331.0</ele>
    <time>2024-03-15T14:50:58Z</time>
   </trkpt>
   <trkpt lat="45.8557000" lon="15.2134240">
    <ele>331.0</ele>
    <time>2024-03-15T14:50:59Z</time>
   </trkpt>
   <trkpt lat="45.8556920" lon="15.2134100">
    <ele>331.0</ele>
    <time>2024-03-15T14:51:00Z</time>
   </trkpt>
   <trkpt lat="45.8556840" lon="15.2133960">
    <ele>332.0</ele>
    <time>2024-03-15T14:51:01Z</time>
   </trkpt>
   <trkpt lat="45.8556770" lon="15.2133800">
    <ele>332.0</ele>
    <time>2024-03-15T14:51:02Z</time>
   </trkpt>
   <trkpt lat="45.8556700" lon="15.2133630">
    <ele>332.0</ele>
    <time>2024-03-15T14:51:03Z</time>
   </trkpt>
   <trkpt lat="45.8556640" lon="15.2133490">
    <ele>332.0</ele>
    <time>2024-03-15T14:51:04Z</time>
   </trkpt>
   <trkpt lat="45.8556570" lon="15.2133340">
    <ele>332.0</ele>
    <time>2024-03-15T14:51:05Z</time>
   </trkpt>
   <trkpt lat="45.8556560" lon="15.2133310">
    <ele>333.0</ele>
    <time>2024-03-15T14:51:06Z</time>
   </trkpt>
   <trkpt lat="45.8556550" lon="15.2133290">
    <ele>333.0</ele>
    <time>2024-03-15T14:51:07Z</time>
   </trkpt>
   <trkpt lat="45.8556540" lon="15.2133270">
    <ele>333.0</ele>
    <time>2024-03-15T14:51:08Z</time>
   </trkpt>
   <trkpt lat="45.8556540" lon="15.2133250">
    <ele>333.0</ele>
    <time>2024-03-15T14:51:09Z</time>
   </trkpt>
   <trkpt lat="45.8556530" lon="15.2133230">
    <ele>333.0</ele>
    <time>2024-03-15T14:51:10Z</time>
   </trkpt>
   <trkpt lat="45.8556480" lon="15.2133150">
    <ele>334.0</ele>
    <time>2024-03-15T14:51:11Z</time>
   </trkpt>
   <trkpt lat="45.8556440" lon="15.2133070">
    <ele>334.0</ele>
    <time>2024-03-15T14:51:12Z</time>
   </trkpt>
   <trkpt lat="45.8556390" lon="15.2132960">
    <ele>334.0</ele>
    <time>2024-03-15T14:51:13Z</time>
   </trkpt>
   <trkpt lat="45.8556340" lon="15.2132850">
    <ele>334.0</ele>
    <time>2024-03-15T14:51:14Z</time>
   </trkpt>
   <trkpt lat="45.8556280" lon="15.2132680">
    <ele>334.0</ele>
    <time>2024-03-15T14:51:15Z</time>
   </trkpt>
   <trkpt lat="45.8556220" lon="15.2132510">
    <ele>334.0</ele>
    <time>2024-03-15T14:51:16Z</time>
   </trkpt>
   <trkpt lat="45.8556150" lon="15.2132310">
    <ele>334.0</ele>
    <time>2024-03-15T14:51:17Z</time>
   </trkpt>
   <trkpt lat="45.8556090" lon="15.2132120">
    <ele>334.0</ele>
    <time>2024-03-15T14:51:18Z</time>
   </trkpt>
   <trkpt lat="45.8556020" lon="15.2131910">
    <ele>334.0</ele>
    <time>2024-03-15T14:51:19Z</time>
   </trkpt>
   <trkpt lat="45.8555950" lon="15.2131710">
    <ele>334.0</ele>
    <time>2024-03-15T14:51:20Z</time>
   </trkpt>
   <trkpt lat="45.8555900" lon="15.2131510">
    <ele>335.0</ele>
    <time>2024-03-15T14:51:21Z</time>
   </trkpt>
   <trkpt lat="45.8555840" lon="15.2131310">
    <ele>335.0</ele>
    <time>2024-03-15T14:51:22Z</time>
   </trkpt>
   <trkpt lat="45.8555800" lon="15.2131120">
    <ele>335.0</ele>
    <time>2024-03-15T14:51:23Z</time>
   </trkpt>
   <trkpt lat="45.8555750" lon="15.2130930">
    <ele>335.0</ele>
    <time>2024-03-15T14:51:24Z</time>
   </trkpt>
   <trkpt lat="45.8555710" lon="15.2130750">
    <ele>335.0</ele>
    <time>2024-03-15T14:51:25Z</time>
   </trkpt>
   <trkpt lat="45.8555670" lon="15.2130560">
    <ele>335.0</ele>
    <time>2024-03-15T14:51:26Z</time>
   </trkpt>
   <trkpt lat="45.8555620" lon="15.2130380">
    <ele>335.0</ele>
    <time>2024-03-15T14:51:27Z</time>
   </trkpt>
   <trkpt lat="45.8555570" lon="15.2130200">
    <ele>335.0</ele>
    <time>2024-03-15T14:51:28Z</time>
   </trkpt>
   <trkpt lat="45.8555530" lon="15.2130010">
    <ele>335.0</ele>
    <time>2024-03-15T14:51:29Z</time>
   </trkpt>
   <trkpt lat="45.8555490" lon="15.2129830">
    <ele>335.0</ele>
    <time>2024-03-15T14:51:30Z</time>
   </trkpt>
   <trkpt lat="45.8555460" lon="15.2129650">
    <ele>336.0</ele>
    <time>2024-03-15T14:51:31Z</time>
   </trkpt>
   <trkpt lat="45.8555430" lon="15.2129470">
    <ele>336.0</ele>
    <time>2024-03-15T14:51:32Z</time>
   </trkpt>
   <trkpt lat="45.8555400" lon="15.2129290">
    <ele>336.0</ele>
    <time>2024-03-15T14:51:33Z</time>
   </trkpt>
   <trkpt lat="45.8555370" lon="15.2129110">
    <ele>336.0</ele>
    <time>2024-03-15T14:51:34Z</time>
   </trkpt>
   <trkpt lat="45.8555340" lon="15.2128910">
    <ele>336.0</ele>
    <time>2024-03-15T14:51:35Z</time>
   </trkpt>
   <trkpt lat="45.8555300" lon="15.2128700">
    <ele>337.0</ele>
    <time>2024-03-15T14:51:36Z</time>
   </trkpt>
   <trkpt lat="45.8555250" lon="15.2128500">
    <ele>337.0</ele>
    <time>2024-03-15T14:51:37Z</time>
   </trkpt>
   <trkpt lat="45.8555200" lon="15.2128300">
    <ele>337.0</ele>
    <time>2024-03-15T14:51:38Z</time>
   </trkpt>
   <trkpt lat="45.8555140" lon="15.2128100">
    <ele>337.0</ele>
    <time>2024-03-15T14:51:39Z</time>
   </trkpt>
   <trkpt lat="45.8555090" lon="15.2127910">
    <ele>337.0</ele>
    <time>2024-03-15T14:51:40Z</time>
   </trkpt>
   <trkpt lat="45.8555040" lon="15.2127700">
    <ele>337.0</ele>
    <time>2024-03-15T14:51:41Z</time>
   </trkpt>
   <trkpt lat="45.8554990" lon="15.2127500">
    <ele>337.0</ele>
    <time>2024-03-15T14:51:42Z</time>
   </trkpt>
   <trkpt lat="45.8554930" lon="15.2127320">
    <ele>337.0</ele>
    <time>2024-03-15T14:51:43Z</time>
   </trkpt>
   <trkpt lat="45.8554880" lon="15.2127140">
    <ele>337.0</ele>
    <time>2024-03-15T14:51:44Z</time>
   </trkpt>
   <trkpt lat="45.8554820" lon="15.2126980">
    <ele>337.0</ele>
    <time>2024-03-15T14:51:45Z</time>
   </trkpt>
   <trkpt lat="45.8554770" lon="15.2126820">
    <ele>338.0</ele>
    <time>2024-03-15T14:51:46Z</time>
   </trkpt>
   <trkpt lat="45.8554700" lon="15.2126640">
    <ele>338.0</ele>
    <time>2024-03-15T14:51:47Z</time>
   </trkpt>
   <trkpt lat="45.8554640" lon="15.2126460">
    <ele>338.0</ele>
    <time>2024-03-15T14:51:48Z</time>
   </trkpt>
   <trkpt lat="45.8554560" lon="15.2126280">
    <ele>338.0</ele>
    <time>2024-03-15T14:51:49Z</time>
   </trkpt>
   <trkpt lat="45.8554490" lon="15.2126090">
    <ele>338.0</ele>
    <time>2024-03-15T14:51:50Z</time>
   </trkpt>
   <trkpt lat="45.8554420" lon="15.2125900">
    <ele>339.0</ele>
    <time>2024-03-15T14:51:51Z</time>
   </trkpt>
   <trkpt lat="45.8554350" lon="15.2125720">
    <ele>339.0</ele>
    <time>2024-03-15T14:51:52Z</time>
   </trkpt>
   <trkpt lat="45.8554270" lon="15.2125520">
    <ele>339.0</ele>
    <time>2024-03-15T14:51:53Z</time>
   </trkpt>
   <trkpt lat="45.8554190" lon="15.2125320">
    <ele>339.0</ele>
    <time>2024-03-15T14:51:54Z</time>
   </trkpt>
   <trkpt lat="45.8554120" lon="15.2125120">
    <ele>339.0</ele>
    <time>2024-03-15T14:51:55Z</time>
   </trkpt>
   <trkpt lat="45.8554040" lon="15.2124920">
    <ele>340.0</ele>
    <time>2024-03-15T14:51:56Z</time>
   </trkpt>
   <trkpt lat="45.8553960" lon="15.2124750">
    <ele>340.0</ele>
    <time>2024-03-15T14:51:57Z</time>
   </trkpt>
   <trkpt lat="45.8553880" lon="15.2124580">
    <ele>340.0</ele>
    <time>2024-03-15T14:51:58Z</time>
   </trkpt>
   <trkpt lat="45.8553800" lon="15.2124400">
    <ele>340.0</ele>
    <time>2024-03-15T14:51:59Z</time>
   </trkpt>
   <trkpt lat="45.8553720" lon="15.2124220">
    <ele>340.0</ele>
    <time>2024-03-15T14:52:00Z</time>
   </trkpt>
   <trkpt lat="45.8553630" lon="15.2124030">
    <ele>341.0</ele>
    <time>2024-03-15T14:52:01Z</time>
   </trkpt>
   <trkpt lat="45.8553540" lon="15.2123840">
    <ele>341.0</ele>
    <time>2024-03-15T14:52:02Z</time>
   </trkpt>
   <trkpt lat="45.8553440" lon="15.2123650">
    <ele>341.0</ele>
    <time>2024-03-15T14:52:03Z</time>
   </trkpt>
   <trkpt lat="45.8553340" lon="15.2123470">
    <ele>341.0</ele>
    <time>2024-03-15T14:52:04Z</time>
   </trkpt>
   <trkpt lat="45.8553250" lon="15.2123280">
    <ele>341.0</ele>
    <time>2024-03-15T14:52:05Z</time>
   </trkpt>
   <trkpt lat="45.8553160" lon="15.2123100">
    <ele>342.0</ele>
    <time>2024-03-15T14:52:06Z</time>
   </trkpt>
   <trkpt lat="45.8553070" lon="15.2122910">
    <ele>342.0</ele>
    <time>2024-03-15T14:52:07Z</time>
   </trkpt>
   <trkpt lat="45.8552980" lon="15.2122720">
    <ele>342.0</ele>
    <time>2024-03-15T14:52:08Z</time>
   </trkpt>
   <trkpt lat="45.8552880" lon="15.2122510">
    <ele>342.0</ele>
    <time>2024-03-15T14:52:09Z</time>
   </trkpt>
   <trkpt lat="45.8552780" lon="15.2122300">
    <ele>342.0</ele>
    <time>2024-03-15T14:52:10Z</time>
   </trkpt>
   <trkpt lat="45.8552690" lon="15.2122100">
    <ele>343.0</ele>
    <time>2024-03-15T14:52:11Z</time>
   </trkpt>
   <trkpt lat="45.8552600" lon="15.2121890">
    <ele>343.0</ele>
    <time>2024-03-15T14:52:12Z</time>
   </trkpt>
   <trkpt lat="45.8552520" lon="15.2121700">
    <ele>343.0</ele>
    <time>2024-03-15T14:52:13Z</time>
   </trkpt>
   <trkpt lat="45.8552450" lon="15.2121510">
    <ele>343.0</ele>
    <time>2024-03-15T14:52:14Z</time>
   </trkpt>
   <trkpt lat="45.8552380" lon="15.2121310">
    <ele>343.0</ele>
    <time>2024-03-15T14:52:15Z</time>
   </trkpt>
   <trkpt lat="45.8552320" lon="15.2121110">
    <ele>344.0</ele>
    <time>2024-03-15T14:52:16Z</time>
   </trkpt>
   <trkpt lat="45.8552270" lon="15.2120910">
    <ele>344.0</ele>
    <time>2024-03-15T14:52:17Z</time>
   </trkpt>
   <trkpt lat="45.8552220" lon="15.2120710">
    <ele>344.0</ele>
    <time>2024-03-15T14:52:18Z</time>
   </trkpt>
   <trkpt lat="45.8552160" lon="15.2120540">
    <ele>345.0</ele>
    <time>2024-03-15T14:52:19Z</time>
   </trkpt>
   <trkpt lat="45.8552100" lon="15.2120370">
    <ele>345.0</ele>
    <time>2024-03-15T14:52:20Z</time>
   </trkpt>
   <trkpt lat="45.8552050" lon="15.2120210">
    <ele>346.0</ele>
    <time>2024-03-15T14:52:21Z</time>
   </trkpt>
   <trkpt lat="45.8551990" lon="15.2120040">
    <ele>346.0</ele>
    <time>2024-03-15T14:52:22Z</time>
   </trkpt>
   <trkpt lat="45.8551950" lon="15.2119860">
    <ele>346.0</ele>
    <time>2024-03-15T14:52:23Z</time>
   </trkpt>
   <trkpt lat="45.8551910" lon="15.2119680">
    <ele>346.0</ele>
    <time>2024-03-15T14:52:24Z</time>
   </trkpt>
   <trkpt lat="45.8551870" lon="15.2119470">
    <ele>346.0</ele>
    <time>2024-03-15T14:52:25Z</time>
   </trkpt>
   <trkpt lat="45.8551830" lon="15.2119260">
    <ele>347.0</ele>
    <time>2024-03-15T14:52:26Z</time>
   </trkpt>
   <trkpt lat="45.8551780" lon="15.2119060">
    <ele>347.0</ele>
    <time>2024-03-15T14:52:27Z</time>
   </trkpt>
   <trkpt lat="45.8551740" lon="15.2118860">
    <ele>347.0</ele>
    <time>2024-03-15T14:52:28Z</time>
   </trkpt>
   <trkpt lat="45.8551690" lon="15.2118650">
    <ele>347.0</ele>
    <time>2024-03-15T14:52:29Z</time>
   </trkpt>
   <trkpt lat="45.8551640" lon="15.2118440">
    <ele>347.0</ele>
    <time>2024-03-15T14:52:30Z</time>
   </trkpt>
   <trkpt lat="45.8551570" lon="15.2118230">
    <ele>348.0</ele>
    <time>2024-03-15T14:52:31Z</time>
   </trkpt>
   <trkpt lat="45.8551510" lon="15.2118020">
    <ele>348.0</ele>
    <time>2024-03-15T14:52:32Z</time>
   </trkpt>
   <trkpt lat="45.8551470" lon="15.2117790">
    <ele>348.0</ele>
    <time>2024-03-15T14:52:33Z</time>
   </trkpt>
   <trkpt lat="45.8551420" lon="15.2117560">
    <ele>348.0</ele>
    <time>2024-03-15T14:52:34Z</time>
   </trkpt>
   <trkpt lat="45.8551390" lon="15.2117330">
    <ele>348.0</ele>
    <time>2024-03-15T14:52:35Z</time>
   </trkpt>
   <trkpt lat="45.8551350" lon="15.2117090">
    <ele>349.0</ele>
    <time>2024-03-15T14:52:36Z</time>
   </trkpt>
   <trkpt lat="45.8551320" lon="15.2116850">
    <ele>349.0</ele>
    <time>2024-03-15T14:52:37Z</time>
   </trkpt>
   <trkpt lat="45.8551300" lon="15.2116600">
    <ele>349.0</ele>
    <time>2024-03-15T14:52:38Z</time>
   </trkpt>
   <trkpt lat="45.8551280" lon="15.2116370">
    <ele>349.0</ele>
    <time>2024-03-15T14:52:39Z</time>
   </trkpt>
   <trkpt lat="45.8551250" lon="15.2116130">
    <ele>349.0</ele>
    <time>2024-03-15T14:52:40Z</time>
   </trkpt>
   <trkpt lat="45.8551220" lon="15.2115900">
    <ele>350.0</ele>
    <time>2024-03-15T14:52:41Z</time>
   </trkpt>
   <trkpt lat="45.8551180" lon="15.2115660">
    <ele>350.0</ele>
    <time>2024-03-15T14:52:42Z</time>
   </trkpt>
   <trkpt lat="45.8551140" lon="15.2115450">
    <ele>350.0</ele>
    <time>2024-03-15T14:52:43Z</time>
   </trkpt>
   <trkpt lat="45.8551100" lon="15.2115230">
    <ele>350.0</ele>
    <time>2024-03-15T14:52:44Z</time>
   </trkpt>
   <trkpt lat="45.8551040" lon="15.2115030">
    <ele>350.0</ele>
    <time>2024-03-15T14:52:45Z</time>
   </trkpt>
   <trkpt lat="45.8550990" lon="15.2114820">
    <ele>351.0</ele>
    <time>2024-03-15T14:52:46Z</time>
   </trkpt>
   <trkpt lat="45.8550920" lon="15.2114600">
    <ele>351.0</ele>
    <time>2024-03-15T14:52:47Z</time>
   </trkpt>
   <trkpt lat="45.8550850" lon="15.2114370">
    <ele>351.0</ele>
    <time>2024-03-15T14:52:48Z</time>
   </trkpt>
   <trkpt lat="45.8550750" lon="15.2114090">
    <ele>351.0</ele>
    <time>2024-03-15T14:52:49Z</time>
   </trkpt>
   <trkpt lat="45.8550660" lon="15.2113820">
    <ele>351.0</ele>
    <time>2024-03-15T14:52:50Z</time>
   </trkpt>
   <trkpt lat="45.8550550" lon="15.2113510">
    <ele>352.0</ele>
    <time>2024-03-15T14:52:51Z</time>
   </trkpt>
   <trkpt lat="45.8550440" lon="15.2113200">
    <ele>352.0</ele>
    <time>2024-03-15T14:52:52Z</time>
   </trkpt>
   <trkpt lat="45.8550330" lon="15.2112910">
    <ele>352.0</ele>
    <time>2024-03-15T14:52:53Z</time>
   </trkpt>
   <trkpt lat="45.8550210" lon="15.2112630">
    <ele>352.0</ele>
    <time>2024-03-15T14:52:54Z</time>
   </trkpt>
   <trkpt lat="45.8550110" lon="15.2112380">
    <ele>352.0</ele>
    <time>2024-03-15T14:52:55Z</time>
   </trkpt>
   <trkpt lat="45.8550020" lon="15.2112140">
    <ele>352.0</ele>
    <time>2024-03-15T14:52:56Z</time>
   </trkpt>
   <trkpt lat="45.8549920" lon="15.2111870">
    <ele>352.0</ele>
    <time>2024-03-15T14:52:57Z</time>
   </trkpt>
   <trkpt lat="45.8549820" lon="15.2111610">
    <ele>352.0</ele>
    <time>2024-03-15T14:52:58Z</time>
   </trkpt>
   <trkpt lat="45.8549720" lon="15.2111310">
    <ele>352.0</ele>
    <time>2024-03-15T14:52:59Z</time>
   </trkpt>
   <trkpt lat="45.8549620" lon="15.2111010">
    <ele>352.0</ele>
    <time>2024-03-15T14:53:00Z</time>
   </trkpt>
   <trkpt lat="45.8549510" lon="15.2110710">
    <ele>353.0</ele>
    <time>2024-03-15T14:53:01Z</time>
   </trkpt>
   <trkpt lat="45.8549400" lon="15.2110410">
    <ele>353.0</ele>
    <time>2024-03-15T14:53:02Z</time>
   </trkpt>
   <trkpt lat="45.8549290" lon="15.2110140">
    <ele>353.0</ele>
    <time>2024-03-15T14:53:03Z</time>
   </trkpt>
   <trkpt lat="45.8549190" lon="15.2109870">
    <ele>353.0</ele>
    <time>2024-03-15T14:53:04Z</time>
   </trkpt>
   <trkpt lat="45.8549080" lon="15.2109650">
    <ele>353.0</ele>
    <time>2024-03-15T14:53:05Z</time>
   </trkpt>
   <trkpt lat="45.8548980" lon="15.2109430">
    <ele>354.0</ele>
    <time>2024-03-15T14:53:06Z</time>
   </trkpt>
   <trkpt lat="45.8548870" lon="15.2109270">
    <ele>354.0</ele>
    <time>2024-03-15T14:53:07Z</time>
   </trkpt>
   <trkpt lat="45.8548760" lon="15.2109110">
    <ele>354.0</ele>
    <time>2024-03-15T14:53:08Z</time>
   </trkpt>
   <trkpt lat="45.8548670" lon="15.2108960">
    <ele>354.0</ele>
    <time>2024-03-15T14:53:09Z</time>
   </trkpt>
   <trkpt lat="45.8548580" lon="15.2108810">
    <ele>354.0</ele>
    <time>2024-03-15T14:53:10Z</time>
   </trkpt>
   <trkpt lat="45.8548510" lon="15.2108650">
    <ele>355.0</ele>
    <time>2024-03-15T14:53:11Z</time>
   </trkpt>
   <trkpt lat="45.8548440" lon="15.2108490">
    <ele>355.0</ele>
    <time>2024-03-15T14:53:12Z</time>
   </trkpt>
   <trkpt lat="45.8548360" lon="15.2108320">
    <ele>355.0</ele>
    <time>2024-03-15T14:53:13Z</time>
   </trkpt>
   <trkpt lat="45.8548280" lon="15.2108150">
    <ele>355.0</ele>
    <time>2024-03-15T14:53:14Z</time>
   </trkpt>
   <trkpt lat="45.8548190" lon="15.2107960">
    <ele>355.0</ele>
    <time>2024-03-15T14:53:15Z</time>
   </trkpt>
   <trkpt lat="45.8548110" lon="15.2107760">
    <ele>356.0</ele>
    <time>2024-03-15T14:53:16Z</time>
   </trkpt>
   <trkpt lat="45.8548050" lon="15.2107570">
    <ele>356.0</ele>
    <time>2024-03-15T14:53:17Z</time>
   </trkpt>
   <trkpt lat="45.8547990" lon="15.2107380">
    <ele>356.0</ele>
    <time>2024-03-15T14:53:18Z</time>
   </trkpt>
   <trkpt lat="45.8547950" lon="15.2107220">
    <ele>356.0</ele>
    <time>2024-03-15T14:53:19Z</time>
   </trkpt>
   <trkpt lat="45.8547910" lon="15.2107050">
    <ele>356.0</ele>
    <time>2024-03-15T14:53:20Z</time>
   </trkpt>
   <trkpt lat="45.8547860" lon="15.2106850">
    <ele>357.0</ele>
    <time>2024-03-15T14:53:21Z</time>
   </trkpt>
   <trkpt lat="45.8547820" lon="15.2106650">
    <ele>357.0</ele>
    <time>2024-03-15T14:53:22Z</time>
   </trkpt>
   <trkpt lat="45.8547760" lon="15.2106440">
    <ele>357.0</ele>
    <time>2024-03-15T14:53:23Z</time>
   </trkpt>
   <trkpt lat="45.8547710" lon="15.2106240">
    <ele>357.0</ele>
    <time>2024-03-15T14:53:24Z</time>
   </trkpt>
   <trkpt lat="45.8547640" lon="15.2106050">
    <ele>357.0</ele>
    <time>2024-03-15T14:53:25Z</time>
   </trkpt>
   <trkpt lat="45.8547580" lon="15.2105870">
    <ele>358.0</ele>
    <time>2024-03-15T14:53:26Z</time>
   </trkpt>
   <trkpt lat="45.8547500" lon="15.2105710">
    <ele>358.0</ele>
    <time>2024-03-15T14:53:27Z</time>
   </trkpt>
   <trkpt lat="45.8547430" lon="15.2105550">
    <ele>358.0</ele>
    <time>2024-03-15T14:53:28Z</time>
   </trkpt>
   <trkpt lat="45.8547350" lon="15.2105420">
    <ele>358.0</ele>
    <time>2024-03-15T14:53:29Z</time>
   </trkpt>
   <trkpt lat="45.8547280" lon="15.2105290">
    <ele>358.0</ele>
    <time>2024-03-15T14:53:30Z</time>
   </trkpt>
   <trkpt lat="45.8547210" lon="15.2105160">
    <ele>359.0</ele>
    <time>2024-03-15T14:53:31Z</time>
   </trkpt>
   <trkpt lat="45.8547140" lon="15.2105030">
    <ele>359.0</ele>
    <time>2024-03-15T14:53:32Z</time>
   </trkpt>
   <trkpt lat="45.8547090" lon="15.2104880">
    <ele>359.0</ele>
    <time>2024-03-15T14:53:33Z</time>
   </trkpt>
   <trkpt lat="45.8547030" lon="15.2104740">
    <ele>359.0</ele>
    <time>2024-03-15T14:53:34Z</time>
   </trkpt>
   <trkpt lat="45.8546960" lon="15.2104560">
    <ele>359.0</ele>
    <time>2024-03-15T14:53:35Z</time>
   </trkpt>
   <trkpt lat="45.8546900" lon="15.2104390">
    <ele>360.0</ele>
    <time>2024-03-15T14:53:36Z</time>
   </trkpt>
   <trkpt lat="45.8546820" lon="15.2104200">
    <ele>360.0</ele>
    <time>2024-03-15T14:53:37Z</time>
   </trkpt>
   <trkpt lat="45.8546750" lon="15.2104000">
    <ele>360.0</ele>
    <time>2024-03-15T14:53:38Z</time>
   </trkpt>
   <trkpt lat="45.8546670" lon="15.2103820">
    <ele>360.0</ele>
    <time>2024-03-15T14:53:39Z</time>
   </trkpt>
   <trkpt lat="45.8546590" lon="15.2103630">
    <ele>360.0</ele>
    <time>2024-03-15T14:53:40Z</time>
   </trkpt>
   <trkpt lat="45.8546520" lon="15.2103460">
    <ele>361.0</ele>
    <time>2024-03-15T14:53:41Z</time>
   </trkpt>
   <trkpt lat="45.8546460" lon="15.2103290">
    <ele>361.0</ele>
    <time>2024-03-15T14:53:42Z</time>
   </trkpt>
   <trkpt lat="45.8546410" lon="15.2103110">
    <ele>361.0</ele>
    <time>2024-03-15T14:53:43Z</time>
   </trkpt>
   <trkpt lat="45.8546360" lon="15.2102930">
    <ele>361.0</ele>
    <time>2024-03-15T14:53:44Z</time>
   </trkpt>
   <trkpt lat="45.8546330" lon="15.2102730">
    <ele>361.0</ele>
    <time>2024-03-15T14:53:45Z</time>
   </trkpt>
   <trkpt lat="45.8546300" lon="15.2102540">
    <ele>362.0</ele>
    <time>2024-03-15T14:53:46Z</time>
   </trkpt>
   <trkpt lat="45.8546290" lon="15.2102330">
    <ele>362.0</ele>
    <time>2024-03-15T14:53:47Z</time>
   </trkpt>
   <trkpt lat="45.8546290" lon="15.2102130">
    <ele>362.0</ele>
    <time>2024-03-15T14:53:48Z</time>
   </trkpt>
   <trkpt lat="45.8546290" lon="15.2101920">
    <ele>362.0</ele>
    <time>2024-03-15T14:53:49Z</time>
   </trkpt>
   <trkpt lat="45.8546290" lon="15.2101700">
    <ele>362.0</ele>
    <time>2024-03-15T14:53:50Z</time>
   </trkpt>
   <trkpt lat="45.8546320" lon="15.2101480">
    <ele>363.0</ele>
    <time>2024-03-15T14:53:51Z</time>
   </trkpt>
   <trkpt lat="45.8546360" lon="15.2101260">
    <ele>363.0</ele>
    <time>2024-03-15T14:53:52Z</time>
   </trkpt>
   <trkpt lat="45.8546430" lon="15.2101080">
    <ele>363.0</ele>
    <time>2024-03-15T14:53:53Z</time>
   </trkpt>
   <trkpt lat="45.8546500" lon="15.2100890">
    <ele>363.0</ele>
    <time>2024-03-15T14:53:54Z</time>
   </trkpt>
   <trkpt lat="45.8546600" lon="15.2100770">
    <ele>363.0</ele>
    <time>2024-03-15T14:53:55Z</time>
   </trkpt>
   <trkpt lat="45.8546710" lon="15.2100640">
    <ele>364.0</ele>
    <time>2024-03-15T14:53:56Z</time>
   </trkpt>
   <trkpt lat="45.8546840" lon="15.2100580">
    <ele>364.0</ele>
    <time>2024-03-15T14:53:57Z</time>
   </trkpt>
   <trkpt lat="45.8546980" lon="15.2100510">
    <ele>364.0</ele>
    <time>2024-03-15T14:53:58Z</time>
   </trkpt>
   <trkpt lat="45.8547110" lon="15.2100470">
    <ele>365.0</ele>
    <time>2024-03-15T14:53:59Z</time>
   </trkpt>
   <trkpt lat="45.8547250" lon="15.2100440">
    <ele>365.0</ele>
    <time>2024-03-15T14:54:00Z</time>
   </trkpt>
   <trkpt lat="45.8547380" lon="15.2100430">
    <ele>366.0</ele>
    <time>2024-03-15T14:54:01Z</time>
   </trkpt>
   <trkpt lat="45.8547520" lon="15.2100420">
    <ele>366.0</ele>
    <time>2024-03-15T14:54:02Z</time>
   </trkpt>
   <trkpt lat="45.8547660" lon="15.2100420">
    <ele>366.0</ele>
    <time>2024-03-15T14:54:03Z</time>
   </trkpt>
   <trkpt lat="45.8547810" lon="15.2100430">
    <ele>366.0</ele>
    <time>2024-03-15T14:54:04Z</time>
   </trkpt>
   <trkpt lat="45.8547950" lon="15.2100440">
    <ele>366.0</ele>
    <time>2024-03-15T14:54:05Z</time>
   </trkpt>
   <trkpt lat="45.8548100" lon="15.2100440">
    <ele>366.0</ele>
    <time>2024-03-15T14:54:06Z</time>
   </trkpt>
   <trkpt lat="45.8548240" lon="15.2100430">
    <ele>366.0</ele>
    <time>2024-03-15T14:54:07Z</time>
   </trkpt>
   <trkpt lat="45.8548380" lon="15.2100420">
    <ele>366.0</ele>
    <time>2024-03-15T14:54:08Z</time>
   </trkpt>
   <trkpt lat="45.8548520" lon="15.2100410">
    <ele>366.0</ele>
    <time>2024-03-15T14:54:09Z</time>
   </trkpt>
   <trkpt lat="45.8548670" lon="15.2100400">
    <ele>366.0</ele>
    <time>2024-03-15T14:54:10Z</time>
   </trkpt>
   <trkpt lat="45.8548830" lon="15.2100370">
    <ele>367.0</ele>
    <time>2024-03-15T14:54:11Z</time>
   </trkpt>
   <trkpt lat="45.8548990" lon="15.2100350">
    <ele>367.0</ele>
    <time>2024-03-15T14:54:12Z</time>
   </trkpt>
   <trkpt lat="45.8549150" lon="15.2100320">
    <ele>367.0</ele>
    <time>2024-03-15T14:54:13Z</time>
   </trkpt>
   <trkpt lat="45.8549320" lon="15.2100280">
    <ele>367.0</ele>
    <time>2024-03-15T14:54:14Z</time>
   </trkpt>
   <trkpt lat="45.8549490" lon="15.2100250">
    <ele>367.0</ele>
    <time>2024-03-15T14:54:15Z</time>
   </trkpt>
   <trkpt lat="45.8549650" lon="15.2100210">
    <ele>368.0</ele>
    <time>2024-03-15T14:54:16Z</time>
   </trkpt>
   <trkpt lat="45.8549810" lon="15.2100160">
    <ele>368.0</ele>
    <time>2024-03-15T14:54:17Z</time>
   </trkpt>
   <trkpt lat="45.8549980" lon="15.2100110">
    <ele>368.0</ele>
    <time>2024-03-15T14:54:18Z</time>
   </trkpt>
   <trkpt lat="45.8550130" lon="15.2100040">
    <ele>368.0</ele>
    <time>2024-03-15T14:54:19Z</time>
   </trkpt>
   <trkpt lat="45.8550290" lon="15.2099960">
    <ele>368.0</ele>
    <time>2024-03-15T14:54:20Z</time>
   </trkpt>
   <trkpt lat="45.8550430" lon="15.2099870">
    <ele>369.0</ele>
    <time>2024-03-15T14:54:21Z</time>
   </trkpt>
   <trkpt lat="45.8550570" lon="15.2099770">
    <ele>369.0</ele>
    <time>2024-03-15T14:54:22Z</time>
   </trkpt>
   <trkpt lat="45.8550680" lon="15.2099650">
    <ele>369.0</ele>
    <time>2024-03-15T14:54:23Z</time>
   </trkpt>
   <trkpt lat="45.8550790" lon="15.2099530">
    <ele>369.0</ele>
    <time>2024-03-15T14:54:24Z</time>
   </trkpt>
   <trkpt lat="45.8550880" lon="15.2099390">
    <ele>369.0</ele>
    <time>2024-03-15T14:54:25Z</time>
   </trkpt>
   <trkpt lat="45.8550980" lon="15.2099250">
    <ele>370.0</ele>
    <time>2024-03-15T14:54:26Z</time>
   </trkpt>
   <trkpt lat="45.8551120" lon="15.2099120">
    <ele>370.0</ele>
    <time>2024-03-15T14:54:27Z</time>
   </trkpt>
   <trkpt lat="45.8551250" lon="15.2099000">
    <ele>370.0</ele>
    <time>2024-03-15T14:54:28Z</time>
   </trkpt>
   <trkpt lat="45.8551430" lon="15.2098890">
    <ele>370.0</ele>
    <time>2024-03-15T14:54:29Z</time>
   </trkpt>
   <trkpt lat="45.8551600" lon="15.2098790">
    <ele>370.0</ele>
    <time>2024-03-15T14:54:30Z</time>
   </trkpt>
   <trkpt lat="45.8551810" lon="15.2098690">
    <ele>371.0</ele>
    <time>2024-03-15T14:54:31Z</time>
   </trkpt>
   <trkpt lat="45.8552010" lon="15.2098600">
    <ele>371.0</ele>
    <time>2024-03-15T14:54:32Z</time>
   </trkpt>
   <trkpt lat="45.8552230" lon="15.2098500">
    <ele>371.0</ele>
    <time>2024-03-15T14:54:33Z</time>
   </trkpt>
   <trkpt lat="45.8552440" lon="15.2098410">
    <ele>371.0</ele>
    <time>2024-03-15T14:54:34Z</time>
   </trkpt>
   <trkpt lat="45.8552650" lon="15.2098320">
    <ele>371.0</ele>
    <time>2024-03-15T14:54:35Z</time>
   </trkpt>
   <trkpt lat="45.8552860" lon="15.2098220">
    <ele>371.0</ele>
    <time>2024-03-15T14:54:36Z</time>
   </trkpt>
   <trkpt lat="45.8553060" lon="15.2098120">
    <ele>371.0</ele>
    <time>2024-03-15T14:54:37Z</time>
   </trkpt>
   <trkpt lat="45.8553260" lon="15.2098010">
    <ele>371.0</ele>
    <time>2024-03-15T14:54:38Z</time>
   </trkpt>
   <trkpt lat="45.8553450" lon="15.2097900">
    <ele>371.0</ele>
    <time>2024-03-15T14:54:39Z</time>
   </trkpt>
   <trkpt lat="45.8553650" lon="15.2097780">
    <ele>371.0</ele>
    <time>2024-03-15T14:54:40Z</time>
   </trkpt>
   <trkpt lat="45.8553840" lon="15.2097660">
    <ele>372.0</ele>
    <time>2024-03-15T14:54:41Z</time>
   </trkpt>
   <trkpt lat="45.8554030" lon="15.2097530">
    <ele>372.0</ele>
    <time>2024-03-15T14:54:42Z</time>
   </trkpt>
   <trkpt lat="45.8554220" lon="15.2097380">
    <ele>372.0</ele>
    <time>2024-03-15T14:54:43Z</time>
   </trkpt>
   <trkpt lat="45.8554400" lon="15.2097230">
    <ele>372.0</ele>
    <time>2024-03-15T14:54:44Z</time>
   </trkpt>
   <trkpt lat="45.8554580" lon="15.2097080">
    <ele>372.0</ele>
    <time>2024-03-15T14:54:45Z</time>
   </trkpt>
   <trkpt lat="45.8554760" lon="15.2096920">
    <ele>373.0</ele>
    <time>2024-03-15T14:54:46Z</time>
   </trkpt>
   <trkpt lat="45.8554950" lon="15.2096760">
    <ele>373.0</ele>
    <time>2024-03-15T14:54:47Z</time>
   </trkpt>
   <trkpt lat="45.8555130" lon="15.2096590">
    <ele>373.0</ele>
    <time>2024-03-15T14:54:48Z</time>
   </trkpt>
   <trkpt lat="45.8555310" lon="15.2096420">
    <ele>373.0</ele>
    <time>2024-03-15T14:54:49Z</time>
   </trkpt>
   <trkpt lat="45.8555480" lon="15.2096240">
    <ele>373.0</ele>
    <time>2024-03-15T14:54:50Z</time>
   </trkpt>
   <trkpt lat="45.8555650" lon="15.2096050">
    <ele>374.0</ele>
    <time>2024-03-15T14:54:51Z</time>
   </trkpt>
   <trkpt lat="45.8555820" lon="15.2095850">
    <ele>374.0</ele>
    <time>2024-03-15T14:54:52Z</time>
   </trkpt>
   <trkpt lat="45.8555990" lon="15.2095680">
    <ele>374.0</ele>
    <time>2024-03-15T14:54:53Z</time>
   </trkpt>
   <trkpt lat="45.8556160" lon="15.2095500">
    <ele>374.0</ele>
    <time>2024-03-15T14:54:54Z</time>
   </trkpt>
   <trkpt lat="45.8556360" lon="15.2095320">
    <ele>374.0</ele>
    <time>2024-03-15T14:54:55Z</time>
   </trkpt>
   <trkpt lat="45.8556550" lon="15.2095150">
    <ele>375.0</ele>
    <time>2024-03-15T14:54:56Z</time>
   </trkpt>
   <trkpt lat="45.8556750" lon="15.2094980">
    <ele>375.0</ele>
    <time>2024-03-15T14:54:57Z</time>
   </trkpt>
   <trkpt lat="45.8556950" lon="15.2094820">
    <ele>375.0</ele>
    <time>2024-03-15T14:54:58Z</time>
   </trkpt>
   <trkpt lat="45.8557150" lon="15.2094660">
    <ele>375.0</ele>
    <time>2024-03-15T14:54:59Z</time>
   </trkpt>
   <trkpt lat="45.8557360" lon="15.2094510">
    <ele>375.0</ele>
    <time>2024-03-15T14:55:00Z</time>
   </trkpt>
   <trkpt lat="45.8557550" lon="15.2094360">
    <ele>376.0</ele>
    <time>2024-03-15T14:55:01Z</time>
   </trkpt>
   <trkpt lat="45.8557750" lon="15.2094210">
    <ele>376.0</ele>
    <time>2024-03-15T14:55:02Z</time>
   </trkpt>
   <trkpt lat="45.8557940" lon="15.2094080">
    <ele>376.0</ele>
    <time>2024-03-15T14:55:03Z</time>
   </trkpt>
   <trkpt lat="45.8558140" lon="15.2093940">
    <ele>376.0</ele>
    <time>2024-03-15T14:55:04Z</time>
   </trkpt>
   <trkpt lat="45.8558330" lon="15.2093830">
    <ele>376.0</ele>
    <time>2024-03-15T14:55:05Z</time>
   </trkpt>
   <trkpt lat="45.8558540" lon="15.2093730">
    <ele>377.0</ele>
    <time>2024-03-15T14:55:06Z</time>
   </trkpt>
   <trkpt lat="45.8558740" lon="15.2093670">
    <ele>377.0</ele>
    <time>2024-03-15T14:55:07Z</time>
   </trkpt>
   <trkpt lat="45.8558940" lon="15.2093620">
    <ele>377.0</ele>
    <time>2024-03-15T14:55:08Z</time>
   </trkpt>
   <trkpt lat="45.8559120" lon="15.2093630">
    <ele>377.0</ele>
    <time>2024-03-15T14:55:09Z</time>
   </trkpt>
   <trkpt lat="45.8559300" lon="15.2093640">
    <ele>377.0</ele>
    <time>2024-03-15T14:55:10Z</time>
   </trkpt>
   <trkpt lat="45.8559450" lon="15.2093740">
    <ele>378.0</ele>
    <time>2024-03-15T14:55:11Z</time>
   </trkpt>
   <trkpt lat="45.8559600" lon="15.2093830">
    <ele>378.0</ele>
    <time>2024-03-15T14:55:12Z</time>
   </trkpt>
   <trkpt lat="45.8559730" lon="15.2093980">
    <ele>378.0</ele>
    <time>2024-03-15T14:55:13Z</time>
   </trkpt>
   <trkpt lat="45.8559870" lon="15.2094130">
    <ele>378.0</ele>
    <time>2024-03-15T14:55:14Z</time>
   </trkpt>
   <trkpt lat="45.8559990" lon="15.2094300">
    <ele>378.0</ele>
    <time>2024-03-15T14:55:15Z</time>
   </trkpt>
   <trkpt lat="45.8560120" lon="15.2094470">
    <ele>379.0</ele>
    <time>2024-03-15T14:55:16Z</time>
   </trkpt>
   <trkpt lat="45.8560210" lon="15.2094650">
    <ele>379.0</ele>
    <time>2024-03-15T14:55:17Z</time>
   </trkpt>
   <trkpt lat="45.8560310" lon="15.2094820">
    <ele>379.0</ele>
    <time>2024-03-15T14:55:18Z</time>
   </trkpt>
   <trkpt lat="45.8560380" lon="15.2095000">
    <ele>379.0</ele>
    <time>2024-03-15T14:55:19Z</time>
   </trkpt>
   <trkpt lat="45.8560440" lon="15.2095180">
    <ele>379.0</ele>
    <time>2024-03-15T14:55:20Z</time>
   </trkpt>
   <trkpt lat="45.8560500" lon="15.2095350">
    <ele>380.0</ele>
    <time>2024-03-15T14:55:21Z</time>
   </trkpt>
   <trkpt lat="45.8560550" lon="15.2095530">
    <ele>380.0</ele>
    <time>2024-03-15T14:55:22Z</time>
   </trkpt>
   <trkpt lat="45.8560600" lon="15.2095720">
    <ele>380.0</ele>
    <time>2024-03-15T14:55:23Z</time>
   </trkpt>
   <trkpt lat="45.8560660" lon="15.2095910">
    <ele>381.0</ele>
    <time>2024-03-15T14:55:24Z</time>
   </trkpt>
   <trkpt lat="45.8560720" lon="15.2096090">
    <ele>381.0</ele>
    <time>2024-03-15T14:55:25Z</time>
   </trkpt>
   <trkpt lat="45.8560770" lon="15.2096270">
    <ele>382.0</ele>
    <time>2024-03-15T14:55:26Z</time>
   </trkpt>
   <trkpt lat="45.8560830" lon="15.2096460">
    <ele>382.0</ele>
    <time>2024-03-15T14:55:27Z</time>
   </trkpt>
   <trkpt lat="45.8560890" lon="15.2096640">
    <ele>382.0</ele>
    <time>2024-03-15T14:55:28Z</time>
   </trkpt>
   <trkpt lat="45.8560950" lon="15.2096830">
    <ele>382.0</ele>
    <time>2024-03-15T14:55:29Z</time>
   </trkpt>
   <trkpt lat="45.8561010" lon="15.2097010">
    <ele>382.0</ele>
    <time>2024-03-15T14:55:30Z</time>
   </trkpt>
   <trkpt lat="45.8561060" lon="15.2097210">
    <ele>383.0</ele>
    <time>2024-03-15T14:55:31Z</time>
   </trkpt>
   <trkpt lat="45.8561110" lon="15.2097410">
    <ele>383.0</ele>
    <time>2024-03-15T14:55:32Z</time>
   </trkpt>
   <trkpt lat="45.8561160" lon="15.2097630">
    <ele>383.0</ele>
    <time>2024-03-15T14:55:33Z</time>
   </trkpt>
   <trkpt lat="45.8561210" lon="15.2097850">
    <ele>383.0</ele>
    <time>2024-03-15T14:55:34Z</time>
   </trkpt>
   <trkpt lat="45.8561260" lon="15.2098060">
    <ele>383.0</ele>
    <time>2024-03-15T14:55:35Z</time>
   </trkpt>
   <trkpt lat="45.8561320" lon="15.2098280">
    <ele>384.0</ele>
    <time>2024-03-15T14:55:36Z</time>
   </trkpt>
   <trkpt lat="45.8561400" lon="15.2098480">
    <ele>384.0</ele>
    <time>2024-03-15T14:55:37Z</time>
   </trkpt>
   <trkpt lat="45.8561480" lon="15.2098690">
    <ele>384.0</ele>
    <time>2024-03-15T14:55:38Z</time>
   </trkpt>
   <trkpt lat="45.8561580" lon="15.2098890">
    <ele>385.0</ele>
    <time>2024-03-15T14:55:39Z</time>
   </trkpt>
   <trkpt lat="45.8561670" lon="15.2099090">
    <ele>385.0</ele>
    <time>2024-03-15T14:55:40Z</time>
   </trkpt>
   <trkpt lat="45.8561770" lon="15.2099290">
    <ele>386.0</ele>
    <time>2024-03-15T14:55:41Z</time>
   </trkpt>
   <trkpt lat="45.8561870" lon="15.2099490">
    <ele>386.0</ele>
    <time>2024-03-15T14:55:42Z</time>
   </trkpt>
   <trkpt lat="45.8561960" lon="15.2099670">
    <ele>386.0</ele>
    <time>2024-03-15T14:55:43Z</time>
   </trkpt>
   <trkpt lat="45.8562050" lon="15.2099850">
    <ele>386.0</ele>
    <time>2024-03-15T14:55:44Z</time>
   </trkpt>
   <trkpt lat="45.8562130" lon="15.2100050">
    <ele>386.0</ele>
    <time>2024-03-15T14:55:45Z</time>
   </trkpt>
   <trkpt lat="45.8562210" lon="15.2100240">
    <ele>387.0</ele>
    <time>2024-03-15T14:55:46Z</time>
   </trkpt>
   <trkpt lat="45.8562290" lon="15.2100450">
    <ele>387.0</ele>
    <time>2024-03-15T14:55:47Z</time>
   </trkpt>
   <trkpt lat="45.8562370" lon="15.2100660">
    <ele>387.0</ele>
    <time>2024-03-15T14:55:48Z</time>
   </trkpt>
   <trkpt lat="45.8562450" lon="15.2100880">
    <ele>387.0</ele>
    <time>2024-03-15T14:55:49Z</time>
   </trkpt>
   <trkpt lat="45.8562520" lon="15.2101110">
    <ele>387.0</ele>
    <time>2024-03-15T14:55:50Z</time>
   </trkpt>
   <trkpt lat="45.8562580" lon="15.2101320">
    <ele>388.0</ele>
    <time>2024-03-15T14:55:51Z</time>
   </trkpt>
   <trkpt lat="45.8562640" lon="15.2101540">
    <ele>388.0</ele>
    <time>2024-03-15T14:55:52Z</time>
   </trkpt>
   <trkpt lat="45.8562700" lon="15.2101750">
    <ele>388.0</ele>
    <time>2024-03-15T14:55:53Z</time>
   </trkpt>
   <trkpt lat="45.8562750" lon="15.2101970">
    <ele>388.0</ele>
    <time>2024-03-15T14:55:54Z</time>
   </trkpt>
   <trkpt lat="45.8562820" lon="15.2102200">
    <ele>388.0</ele>
    <time>2024-03-15T14:55:55Z</time>
   </trkpt>
   <trkpt lat="45.8562880" lon="15.2102430">
    <ele>388.0</ele>
    <time>2024-03-15T14:55:56Z</time>
   </trkpt>
   <trkpt lat="45.8562950" lon="15.2102700">
    <ele>388.0</ele>
    <time>2024-03-15T14:55:57Z</time>
   </trkpt>
   <trkpt lat="45.8563010" lon="15.2102970">
    <ele>388.0</ele>
    <time>2024-03-15T14:55:58Z</time>
   </trkpt>
   <trkpt lat="45.8563070" lon="15.2103290">
    <ele>388.0</ele>
    <time>2024-03-15T14:55:59Z</time>
   </trkpt>
   <trkpt lat="45.8563120" lon="15.2103600">
    <ele>388.0</ele>
    <time>2024-03-15T14:56:00Z</time>
   </trkpt>
   <trkpt lat="45.8563180" lon="15.2103950">
    <ele>389.0</ele>
    <time>2024-03-15T14:56:01Z</time>
   </trkpt>
   <trkpt lat="45.8563240" lon="15.2104290">
    <ele>389.0</ele>
    <time>2024-03-15T14:56:02Z</time>
   </trkpt>
   <trkpt lat="45.8563320" lon="15.2104660">
    <ele>389.0</ele>
    <time>2024-03-15T14:56:03Z</time>
   </trkpt>
   <trkpt lat="45.8563410" lon="15.2105020">
    <ele>389.0</ele>
    <time>2024-03-15T14:56:04Z</time>
   </trkpt>
   <trkpt lat="45.8563510" lon="15.2105370">
    <ele>389.0</ele>
    <time>2024-03-15T14:56:05Z</time>
   </trkpt>
   <trkpt lat="45.8563620" lon="15.2105730">
    <ele>390.0</ele>
    <time>2024-03-15T14:56:06Z</time>
   </trkpt>
   <trkpt lat="45.8563750" lon="15.2106050">
    <ele>390.0</ele>
    <time>2024-03-15T14:56:07Z</time>
   </trkpt>
   <trkpt lat="45.8563890" lon="15.2106380">
    <ele>390.0</ele>
    <time>2024-03-15T14:56:08Z</time>
   </trkpt>
   <trkpt lat="45.8564060" lon="15.2106670">
    <ele>390.0</ele>
    <time>2024-03-15T14:56:09Z</time>
   </trkpt>
   <trkpt lat="45.8564230" lon="15.2106960">
    <ele>390.0</ele>
    <time>2024-03-15T14:56:10Z</time>
   </trkpt>
   <trkpt lat="45.8564430" lon="15.2107210">
    <ele>390.0</ele>
    <time>2024-03-15T14:56:11Z</time>
   </trkpt>
   <trkpt lat="45.8564640" lon="15.2107470">
    <ele>390.0</ele>
    <time>2024-03-15T14:56:12Z</time>
   </trkpt>
   <trkpt lat="45.8564860" lon="15.2107690">
    <ele>390.0</ele>
    <time>2024-03-15T14:56:13Z</time>
   </trkpt>
   <trkpt lat="45.8565080" lon="15.2107910">
    <ele>390.0</ele>
    <time>2024-03-15T14:56:14Z</time>
   </trkpt>
   <trkpt lat="45.8565310" lon="15.2108100">
    <ele>390.0</ele>
    <time>2024-03-15T14:56:15Z</time>
   </trkpt>
   <trkpt lat="45.8565540" lon="15.2108290">
    <ele>390.0</ele>
    <time>2024-03-15T14:56:16Z</time>
   </trkpt>
   <trkpt lat="45.8565780" lon="15.2108480">
    <ele>390.0</ele>
    <time>2024-03-15T14:56:17Z</time>
   </trkpt>
   <trkpt lat="45.8566020" lon="15.2108670">
    <ele>390.0</ele>
    <time>2024-03-15T14:56:18Z</time>
   </trkpt>
   <trkpt lat="45.8566250" lon="15.2108800">
    <ele>390.0</ele>
    <time>2024-03-15T14:56:19Z</time>
   </trkpt>
   <trkpt lat="45.8566480" lon="15.2108940">
    <ele>390.0</ele>
    <time>2024-03-15T14:56:20Z</time>
   </trkpt>
   <trkpt lat="45.8566730" lon="15.2108970">
    <ele>390.0</ele>
    <time>2024-03-15T14:56:21Z</time>
   </trkpt>
   <trkpt lat="45.8566970" lon="15.2109000">
    <ele>389.0</ele>
    <time>2024-03-15T14:56:22Z</time>
   </trkpt>
   <trkpt lat="45.8567230" lon="15.2108910">
    <ele>389.0</ele>
    <time>2024-03-15T14:56:23Z</time>
   </trkpt>
   <trkpt lat="45.8567490" lon="15.2108830">
    <ele>389.0</ele>
    <time>2024-03-15T14:56:24Z</time>
   </trkpt>
   <trkpt lat="45.8567750" lon="15.2108700">
    <ele>389.0</ele>
    <time>2024-03-15T14:56:25Z</time>
   </trkpt>
   <trkpt lat="45.8568020" lon="15.2108570">
    <ele>389.0</ele>
    <time>2024-03-15T14:56:26Z</time>
   </trkpt>
   <trkpt lat="45.8568270" lon="15.2108480">
    <ele>389.0</ele>
    <time>2024-03-15T14:56:27Z</time>
   </trkpt>
   <trkpt lat="45.8568520" lon="15.2108390">
    <ele>389.0</ele>
    <time>2024-03-15T14:56:28Z</time>
   </trkpt>
   <trkpt lat="45.8568770" lon="15.2108340">
    <ele>389.0</ele>
    <time>2024-03-15T14:56:29Z</time>
   </trkpt>
   <trkpt lat="45.8569020" lon="15.2108300">
    <ele>389.0</ele>
    <time>2024-03-15T14:56:30Z</time>
   </trkpt>
   <trkpt lat="45.8569290" lon="15.2108290">
    <ele>389.0</ele>
    <time>2024-03-15T14:56:31Z</time>
   </trkpt>
   <trkpt lat="45.8569560" lon="15.2108280">
    <ele>389.0</ele>
    <time>2024-03-15T14:56:32Z</time>
   </trkpt>
   <trkpt lat="45.8569850" lon="15.2108310">
    <ele>389.0</ele>
    <time>2024-03-15T14:56:33Z</time>
   </trkpt>
   <trkpt lat="45.8570150" lon="15.2108350">
    <ele>389.0</ele>
    <time>2024-03-15T14:56:34Z</time>
   </trkpt>
   <trkpt lat="45.8570450" lon="15.2108420">
    <ele>389.0</ele>
    <time>2024-03-15T14:56:35Z</time>
   </trkpt>
   <trkpt lat="45.8570740" lon="15.2108490">
    <ele>389.0</ele>
    <time>2024-03-15T14:56:36Z</time>
   </trkpt>
   <trkpt lat="45.8571020" lon="15.2108580">
    <ele>389.0</ele>
    <time>2024-03-15T14:56:37Z</time>
   </trkpt>
   <trkpt lat="45.8571300" lon="15.2108670">
    <ele>389.0</ele>
    <time>2024-03-15T14:56:38Z</time>
   </trkpt>
   <trkpt lat="45.8571550" lon="15.2108790">
    <ele>389.0</ele>
    <time>2024-03-15T14:56:39Z</time>
   </trkpt>
   <trkpt lat="45.8571810" lon="15.2108910">
    <ele>389.0</ele>
    <time>2024-03-15T14:56:40Z</time>
   </trkpt>
   <trkpt lat="45.8572060" lon="15.2109030">
    <ele>389.0</ele>
    <time>2024-03-15T14:56:41Z</time>
   </trkpt>
   <trkpt lat="45.8572310" lon="15.2109150">
    <ele>389.0</ele>
    <time>2024-03-15T14:56:42Z</time>
   </trkpt>
   <trkpt lat="45.8572550" lon="15.2109280">
    <ele>389.0</ele>
    <time>2024-03-15T14:56:43Z</time>
   </trkpt>
   <trkpt lat="45.8572800" lon="15.2109400">
    <ele>389.0</ele>
    <time>2024-03-15T14:56:44Z</time>
   </trkpt>
   <trkpt lat="45.8573040" lon="15.2109520">
    <ele>389.0</ele>
    <time>2024-03-15T14:56:45Z</time>
   </trkpt>
   <trkpt lat="45.8573280" lon="15.2109640">
    <ele>389.0</ele>
    <time>2024-03-15T14:56:46Z</time>
   </trkpt>
   <trkpt lat="45.8573530" lon="15.2109750">
    <ele>389.0</ele>
    <time>2024-03-15T14:56:47Z</time>
   </trkpt>
   <trkpt lat="45.8573780" lon="15.2109870">
    <ele>389.0</ele>
    <time>2024-03-15T14:56:48Z</time>
   </trkpt>
   <trkpt lat="45.8574040" lon="15.2109970">
    <ele>389.0</ele>
    <time>2024-03-15T14:56:49Z</time>
   </trkpt>
   <trkpt lat="45.8574290" lon="15.2110070">
    <ele>389.0</ele>
    <time>2024-03-15T14:56:50Z</time>
   </trkpt>
   <trkpt lat="45.8574540" lon="15.2110110">
    <ele>390.0</ele>
    <time>2024-03-15T14:56:51Z</time>
   </trkpt>
   <trkpt lat="45.8574780" lon="15.2110150">
    <ele>390.0</ele>
    <time>2024-03-15T14:56:52Z</time>
   </trkpt>
   <trkpt lat="45.8575030" lon="15.2110140">
    <ele>390.0</ele>
    <time>2024-03-15T14:56:53Z</time>
   </trkpt>
   <trkpt lat="45.8575280" lon="15.2110120">
    <ele>390.0</ele>
    <time>2024-03-15T14:56:54Z</time>
   </trkpt>
   <trkpt lat="45.8575520" lon="15.2110060">
    <ele>390.0</ele>
    <time>2024-03-15T14:56:55Z</time>
   </trkpt>
   <trkpt lat="45.8575760" lon="15.2110000">
    <ele>390.0</ele>
    <time>2024-03-15T14:56:56Z</time>
   </trkpt>
   <trkpt lat="45.8576000" lon="15.2109920">
    <ele>390.0</ele>
    <time>2024-03-15T14:56:57Z</time>
   </trkpt>
   <trkpt lat="45.8576230" lon="15.2109830">
    <ele>390.0</ele>
    <time>2024-03-15T14:56:58Z</time>
   </trkpt>
   <trkpt lat="45.8576450" lon="15.2109710">
    <ele>390.0</ele>
    <time>2024-03-15T14:56:59Z</time>
   </trkpt>
   <trkpt lat="45.8576670" lon="15.2109590">
    <ele>390.0</ele>
    <time>2024-03-15T14:57:00Z</time>
   </trkpt>
   <trkpt lat="45.8576870" lon="15.2109450">
    <ele>391.0</ele>
    <time>2024-03-15T14:57:01Z</time>
   </trkpt>
   <trkpt lat="45.8577080" lon="15.2109310">
    <ele>391.0</ele>
    <time>2024-03-15T14:57:02Z</time>
   </trkpt>
   <trkpt lat="45.8577290" lon="15.2109170">
    <ele>391.0</ele>
    <time>2024-03-15T14:57:03Z</time>
   </trkpt>
   <trkpt lat="45.8577490" lon="15.2109020">
    <ele>391.0</ele>
    <time>2024-03-15T14:57:04Z</time>
   </trkpt>
   <trkpt lat="45.8577700" lon="15.2108860">
    <ele>391.0</ele>
    <time>2024-03-15T14:57:05Z</time>
   </trkpt>
   <trkpt lat="45.8577910" lon="15.2108700">
    <ele>392.0</ele>
    <time>2024-03-15T14:57:06Z</time>
   </trkpt>
   <trkpt lat="45.8578110" lon="15.2108530">
    <ele>392.0</ele>
    <time>2024-03-15T14:57:07Z</time>
   </trkpt>
   <trkpt lat="45.8578310" lon="15.2108360">
    <ele>392.0</ele>
    <time>2024-03-15T14:57:08Z</time>
   </trkpt>
   <trkpt lat="45.8578500" lon="15.2108170">
    <ele>392.0</ele>
    <time>2024-03-15T14:57:09Z</time>
   </trkpt>
   <trkpt lat="45.8578690" lon="15.2107970">
    <ele>392.0</ele>
    <time>2024-03-15T14:57:10Z</time>
   </trkpt>
   <trkpt lat="45.8578900" lon="15.2107750">
    <ele>392.0</ele>
    <time>2024-03-15T14:57:11Z</time>
   </trkpt>
   <trkpt lat="45.8579110" lon="15.2107530">
    <ele>392.0</ele>
    <time>2024-03-15T14:57:12Z</time>
   </trkpt>
   <trkpt lat="45.8579320" lon="15.2107320">
    <ele>392.0</ele>
    <time>2024-03-15T14:57:13Z</time>
   </trkpt>
   <trkpt lat="45.8579540" lon="15.2107110">
    <ele>392.0</ele>
    <time>2024-03-15T14:57:14Z</time>
   </trkpt>
   <trkpt lat="45.8579770" lon="15.2106890">
    <ele>392.0</ele>
    <time>2024-03-15T14:57:15Z</time>
   </trkpt>
   <trkpt lat="45.8580000" lon="15.2106660">
    <ele>393.0</ele>
    <time>2024-03-15T14:57:16Z</time>
   </trkpt>
   <trkpt lat="45.8580270" lon="15.2106440">
    <ele>393.0</ele>
    <time>2024-03-15T14:57:17Z</time>
   </trkpt>
   <trkpt lat="45.8580530" lon="15.2106210">
    <ele>393.0</ele>
    <time>2024-03-15T14:57:18Z</time>
   </trkpt>
   <trkpt lat="45.8580810" lon="15.2106020">
    <ele>393.0</ele>
    <time>2024-03-15T14:57:19Z</time>
   </trkpt>
   <trkpt lat="45.8581080" lon="15.2105820">
    <ele>393.0</ele>
    <time>2024-03-15T14:57:20Z</time>
   </trkpt>
   <trkpt lat="45.8581370" lon="15.2105650">
    <ele>393.0</ele>
    <time>2024-03-15T14:57:21Z</time>
   </trkpt>
   <trkpt lat="45.8581650" lon="15.2105480">
    <ele>393.0</ele>
    <time>2024-03-15T14:57:22Z</time>
   </trkpt>
   <trkpt lat="45.8581930" lon="15.2105370">
    <ele>393.0</ele>
    <time>2024-03-15T14:57:23Z</time>
   </trkpt>
   <trkpt lat="45.8582200" lon="15.2105260">
    <ele>393.0</ele>
    <time>2024-03-15T14:57:24Z</time>
   </trkpt>
   <trkpt lat="45.8582500" lon="15.2105220">
    <ele>393.0</ele>
    <time>2024-03-15T14:57:25Z</time>
   </trkpt>
   <trkpt lat="45.8582790" lon="15.2105170">
    <ele>393.0</ele>
    <time>2024-03-15T14:57:26Z</time>
   </trkpt>
   <trkpt lat="45.8583090" lon="15.2105210">
    <ele>393.0</ele>
    <time>2024-03-15T14:57:27Z</time>
   </trkpt>
   <trkpt lat="45.8583390" lon="15.2105250">
    <ele>393.0</ele>
    <time>2024-03-15T14:57:28Z</time>
   </trkpt>
   <trkpt lat="45.8583680" lon="15.2105380">
    <ele>393.0</ele>
    <time>2024-03-15T14:57:29Z</time>
   </trkpt>
   <trkpt lat="45.8583960" lon="15.2105500">
    <ele>393.0</ele>
    <time>2024-03-15T14:57:30Z</time>
   </trkpt>
   <trkpt lat="45.8584240" lon="15.2105700">
    <ele>393.0</ele>
    <time>2024-03-15T14:57:31Z</time>
   </trkpt>
   <trkpt lat="45.8584510" lon="15.2105900">
    <ele>393.0</ele>
    <time>2024-03-15T14:57:32Z</time>
   </trkpt>
   <trkpt lat="45.8584770" lon="15.2106140">
    <ele>393.0</ele>
    <time>2024-03-15T14:57:33Z</time>
   </trkpt>
   <trkpt lat="45.8585030" lon="15.2106370">
    <ele>393.0</ele>
    <time>2024-03-15T14:57:34Z</time>
   </trkpt>
   <trkpt lat="45.8585260" lon="15.2106620">
    <ele>393.0</ele>
    <time>2024-03-15T14:57:35Z</time>
   </trkpt>
   <trkpt lat="45.8585490" lon="15.2106870">
    <ele>394.0</ele>
    <time>2024-03-15T14:57:36Z</time>
   </trkpt>
   <trkpt lat="45.8585700" lon="15.2107140">
    <ele>394.0</ele>
    <time>2024-03-15T14:57:37Z</time>
   </trkpt>
   <trkpt lat="45.8585910" lon="15.2107410">
    <ele>394.0</ele>
    <time>2024-03-15T14:57:38Z</time>
   </trkpt>
   <trkpt lat="45.8586100" lon="15.2107670">
    <ele>394.0</ele>
    <time>2024-03-15T14:57:39Z</time>
   </trkpt>
   <trkpt lat="45.8586300" lon="15.2107920">
    <ele>394.0</ele>
    <time>2024-03-15T14:57:40Z</time>
   </trkpt>
   <trkpt lat="45.8586480" lon="15.2108170">
    <ele>394.0</ele>
    <time>2024-03-15T14:57:41Z</time>
   </trkpt>
   <trkpt lat="45.8586670" lon="15.2108420">
    <ele>394.0</ele>
    <time>2024-03-15T14:57:42Z</time>
   </trkpt>
   <trkpt lat="45.8586860" lon="15.2108660">
    <ele>394.0</ele>
    <time>2024-03-15T14:57:43Z</time>
   </trkpt>
   <trkpt lat="45.8587050" lon="15.2108900">
    <ele>394.0</ele>
    <time>2024-03-15T14:57:44Z</time>
   </trkpt>
   <trkpt lat="45.8587240" lon="15.2109130">
    <ele>394.0</ele>
    <time>2024-03-15T14:57:45Z</time>
   </trkpt>
   <trkpt lat="45.8587420" lon="15.2109350">
    <ele>394.0</ele>
    <time>2024-03-15T14:57:46Z</time>
   </trkpt>
   <trkpt lat="45.8587620" lon="15.2109590">
    <ele>394.0</ele>
    <time>2024-03-15T14:57:47Z</time>
   </trkpt>
   <trkpt lat="45.8587820" lon="15.2109830">
    <ele>394.0</ele>
    <time>2024-03-15T14:57:48Z</time>
   </trkpt>
   <trkpt lat="45.8588030" lon="15.2110060">
    <ele>394.0</ele>
    <time>2024-03-15T14:57:49Z</time>
   </trkpt>
   <trkpt lat="45.8588230" lon="15.2110300">
    <ele>394.0</ele>
    <time>2024-03-15T14:57:50Z</time>
   </trkpt>
   <trkpt lat="45.8588460" lon="15.2110510">
    <ele>395.0</ele>
    <time>2024-03-15T14:57:51Z</time>
   </trkpt>
   <trkpt lat="45.8588690" lon="15.2110710">
    <ele>395.0</ele>
    <time>2024-03-15T14:57:52Z</time>
   </trkpt>
   <trkpt lat="45.8588910" lon="15.2110910">
    <ele>395.0</ele>
    <time>2024-03-15T14:57:53Z</time>
   </trkpt>
   <trkpt lat="45.8589130" lon="15.2111110">
    <ele>395.0</ele>
    <time>2024-03-15T14:57:54Z</time>
   </trkpt>
   <trkpt lat="45.8589340" lon="15.2111320">
    <ele>395.0</ele>
    <time>2024-03-15T14:57:55Z</time>
   </trkpt>
   <trkpt lat="45.8589550" lon="15.2111530">
    <ele>396.0</ele>
    <time>2024-03-15T14:57:56Z</time>
   </trkpt>
   <trkpt lat="45.8589740" lon="15.2111730">
    <ele>396.0</ele>
    <time>2024-03-15T14:57:57Z</time>
   </trkpt>
   <trkpt lat="45.8589930" lon="15.2111930">
    <ele>396.0</ele>
    <time>2024-03-15T14:57:58Z</time>
   </trkpt>
   <trkpt lat="45.8590090" lon="15.2112110">
    <ele>396.0</ele>
    <time>2024-03-15T14:57:59Z</time>
   </trkpt>
   <trkpt lat="45.8590250" lon="15.2112290">
    <ele>396.0</ele>
    <time>2024-03-15T14:58:00Z</time>
   </trkpt>
   <trkpt lat="45.8590380" lon="15.2112430">
    <ele>396.0</ele>
    <time>2024-03-15T14:58:01Z</time>
   </trkpt>
   <trkpt lat="45.8590510" lon="15.2112570">
    <ele>396.0</ele>
    <time>2024-03-15T14:58:02Z</time>
   </trkpt>
   <trkpt lat="45.8590600" lon="15.2112690">
    <ele>396.0</ele>
    <time>2024-03-15T14:58:03Z</time>
   </trkpt>
   <trkpt lat="45.8590690" lon="15.2112810">
    <ele>396.0</ele>
    <time>2024-03-15T14:58:04Z</time>
   </trkpt>
   <trkpt lat="45.8590760" lon="15.2112920">
    <ele>396.0</ele>
    <time>2024-03-15T14:58:05Z</time>
   </trkpt>
   <trkpt lat="45.8590830" lon="15.2113030">
    <ele>397.0</ele>
    <time>2024-03-15T14:58:06Z</time>
   </trkpt>
   <trkpt lat="45.8590850" lon="15.2113050">
    <ele>397.0</ele>
    <time>2024-03-15T14:58:07Z</time>
   </trkpt>
   <trkpt lat="45.8590860" lon="15.2113070">
    <ele>397.0</ele>
    <time>2024-03-15T14:58:08Z</time>
   </trkpt>
   <trkpt lat="45.8590880" lon="15.2113090">
    <ele>397.0</ele>
    <time>2024-03-15T14:58:09Z</time>
   </trkpt>
   <trkpt lat="45.8590900" lon="15.2113110">
    <ele>397.0</ele>
    <time>2024-03-15T14:58:10Z</time>
   </trkpt>
   <trkpt lat="45.8590950" lon="15.2113160">
    <ele>397.0</ele>
    <time>2024-03-15T14:58:11Z</time>
   </trkpt>
   <trkpt lat="45.8590990" lon="15.2113210">
    <ele>397.0</ele>
    <time>2024-03-15T14:58:12Z</time>
   </trkpt>
   <trkpt lat="45.8591050" lon="15.2113250">
    <ele>397.0</ele>
    <time>2024-03-15T14:58:13Z</time>
   </trkpt>
   <trkpt lat="45.8591100" lon="15.2113300">
    <ele>397.0</ele>
    <time>2024-03-15T14:58:14Z</time>
   </trkpt>
   <trkpt lat="45.8591100" lon="15.2113300">
    <ele>397.0</ele>
    <time>2024-03-15T14:58:15Z</time>
   </trkpt>
   <trkpt lat="45.8591100" lon="15.2113300">
    <ele>397.0</ele>
    <time>2024-03-15T14:58:16Z</time>
   </trkpt>
   <trkpt lat="45.8591100" lon="15.2113300">
    <ele>397.0</ele>
    <time>2024-03-15T14:58:17Z</time>
   </trkpt>
   <trkpt lat="45.8591100" lon="15.2113300">
    <ele>397.0</ele>
    <time>2024-03-15T14:58:18Z</time>
   </trkpt>
   <trkpt lat="45.8591100" lon="15.2113300">
    <ele>397.0</ele>
    <time>2024-03-15T14:58:19Z</time>
   </trkpt>
   <trkpt lat="45.8591100" lon="15.2113300">
    <ele>397.0</ele>
    <time>2024-03-15T14:58:20Z</time>
   </trkpt>
   <trkpt lat="45.8591100" lon="15.2113300">
    <ele>397.0</ele>
    <time>2024-03-15T14:58:21Z</time>
   </trkpt>
   <trkpt lat="45.8591150" lon="15.2113370">
    <ele>397.0</ele>
    <time>2024-03-15T14:58:22Z</time>
   </trkpt>
   <trkpt lat="45.8591190" lon="15.2113420">
    <ele>397.0</ele>
    <time>2024-03-15T14:58:23Z</time>
   </trkpt>
   <trkpt lat="45.8591230" lon="15.2113470">
    <ele>397.0</ele>
    <time>2024-03-15T14:58:24Z</time>
   </trkpt>
   <trkpt lat="45.8591290" lon="15.2113550">
    <ele>397.0</ele>
    <time>2024-03-15T14:58:25Z</time>
   </trkpt>
   <trkpt lat="45.8591350" lon="15.2113630">
    <ele>398.0</ele>
    <time>2024-03-15T14:58:26Z</time>
   </trkpt>
   <trkpt lat="45.8591450" lon="15.2113750">
    <ele>398.0</ele>
    <time>2024-03-15T14:58:27Z</time>
   </trkpt>
   <trkpt lat="45.8591550" lon="15.2113870">
    <ele>398.0</ele>
    <time>2024-03-15T14:58:28Z</time>
   </trkpt>
   <trkpt lat="45.8591670" lon="15.2114000">
    <ele>398.0</ele>
    <time>2024-03-15T14:58:29Z</time>
   </trkpt>
   <trkpt lat="45.8591800" lon="15.2114130">
    <ele>398.0</ele>
    <time>2024-03-15T14:58:30Z</time>
   </trkpt>
   <trkpt lat="45.8591940" lon="15.2114250">
    <ele>398.0</ele>
    <time>2024-03-15T14:58:31Z</time>
   </trkpt>
   <trkpt lat="45.8592070" lon="15.2114380">
    <ele>398.0</ele>
    <time>2024-03-15T14:58:32Z</time>
   </trkpt>
   <trkpt lat="45.8592190" lon="15.2114500">
    <ele>398.0</ele>
    <time>2024-03-15T14:58:33Z</time>
   </trkpt>
   <trkpt lat="45.8592310" lon="15.2114620">
    <ele>398.0</ele>
    <time>2024-03-15T14:58:34Z</time>
   </trkpt>
   <trkpt lat="45.8592430" lon="15.2114750">
    <ele>398.0</ele>
    <time>2024-03-15T14:58:35Z</time>
   </trkpt>
   <trkpt lat="45.8592540" lon="15.2114870">
    <ele>398.0</ele>
    <time>2024-03-15T14:58:36Z</time>
   </trkpt>
   <trkpt lat="45.8592660" lon="15.2114990">
    <ele>398.0</ele>
    <time>2024-03-15T14:58:37Z</time>
   </trkpt>
   <trkpt lat="45.8592780" lon="15.2115110">
    <ele>398.0</ele>
    <time>2024-03-15T14:58:38Z</time>
   </trkpt>
   <trkpt lat="45.8592910" lon="15.2115220">
    <ele>398.0</ele>
    <time>2024-03-15T14:58:39Z</time>
   </trkpt>
   <trkpt lat="45.8593040" lon="15.2115330">
    <ele>398.0</ele>
    <time>2024-03-15T14:58:40Z</time>
   </trkpt>
   <trkpt lat="45.8593190" lon="15.2115460">
    <ele>398.0</ele>
    <time>2024-03-15T14:58:41Z</time>
   </trkpt>
   <trkpt lat="45.8593330" lon="15.2115580">
    <ele>398.0</ele>
    <time>2024-03-15T14:58:42Z</time>
   </trkpt>
   <trkpt lat="45.8593520" lon="15.2115710">
    <ele>398.0</ele>
    <time>2024-03-15T14:58:43Z</time>
   </trkpt>
   <trkpt lat="45.8593700" lon="15.2115850">
    <ele>398.0</ele>
    <time>2024-03-15T14:58:44Z</time>
   </trkpt>
   <trkpt lat="45.8593940" lon="15.2115980">
    <ele>398.0</ele>
    <time>2024-03-15T14:58:45Z</time>
   </trkpt>
   <trkpt lat="45.8594170" lon="15.2116110">
    <ele>398.0</ele>
    <time>2024-03-15T14:58:46Z</time>
   </trkpt>
   <trkpt lat="45.8594410" lon="15.2116210">
    <ele>398.0</ele>
    <time>2024-03-15T14:58:47Z</time>
   </trkpt>
   <trkpt lat="45.8594660" lon="15.2116310">
    <ele>398.0</ele>
    <time>2024-03-15T14:58:48Z</time>
   </trkpt>
   <trkpt lat="45.8594870" lon="15.2116380">
    <ele>398.0</ele>
    <time>2024-03-15T14:58:49Z</time>
   </trkpt>
   <trkpt lat="45.8595080" lon="15.2116450">
    <ele>398.0</ele>
    <time>2024-03-15T14:58:50Z</time>
   </trkpt>
   <trkpt lat="45.8595250" lon="15.2116490">
    <ele>399.0</ele>
    <time>2024-03-15T14:58:51Z</time>
   </trkpt>
   <trkpt lat="45.8595410" lon="15.2116530">
    <ele>399.0</ele>
    <time>2024-03-15T14:58:52Z</time>
   </trkpt>
   <trkpt lat="45.8595540" lon="15.2116530">
    <ele>399.0</ele>
    <time>2024-03-15T14:58:53Z</time>
   </trkpt>
   <trkpt lat="45.8595670" lon="15.2116530">
    <ele>399.0</ele>
    <time>2024-03-15T14:58:54Z</time>
   </trkpt>
   <trkpt lat="45.8595780" lon="15.2116520">
    <ele>399.0</ele>
    <time>2024-03-15T14:58:55Z</time>
   </trkpt>
   <trkpt lat="45.8595890" lon="15.2116500">
    <ele>399.0</ele>
    <time>2024-03-15T14:58:56Z</time>
   </trkpt>
   <trkpt lat="45.8595970" lon="15.2116470">
    <ele>399.0</ele>
    <time>2024-03-15T14:58:57Z</time>
   </trkpt>
   <trkpt lat="45.8596050" lon="15.2116440">
    <ele>399.0</ele>
    <time>2024-03-15T14:58:58Z</time>
   </trkpt>
   <trkpt lat="45.8596120" lon="15.2116410">
    <ele>399.0</ele>
    <time>2024-03-15T14:58:59Z</time>
   </trkpt>
   <trkpt lat="45.8596200" lon="15.2116370">
    <ele>399.0</ele>
    <time>2024-03-15T14:59:00Z</time>
   </trkpt>
   <trkpt lat="45.8596270" lon="15.2116310">
    <ele>400.0</ele>
    <time>2024-03-15T14:59:01Z</time>
   </trkpt>
   <trkpt lat="45.8596340" lon="15.2116250">
    <ele>400.0</ele>
    <time>2024-03-15T14:59:02Z</time>
   </trkpt>
   <trkpt lat="45.8596410" lon="15.2116170">
    <ele>400.0</ele>
    <time>2024-03-15T14:59:03Z</time>
   </trkpt>
   <trkpt lat="45.8596480" lon="15.2116090">
    <ele>400.0</ele>
    <time>2024-03-15T14:59:04Z</time>
   </trkpt>
   <trkpt lat="45.8596540" lon="15.2116010">
    <ele>400.0</ele>
    <time>2024-03-15T14:59:05Z</time>
   </trkpt>
   <trkpt lat="45.8596610" lon="15.2115930">
    <ele>401.0</ele>
    <time>2024-03-15T14:59:06Z</time>
   </trkpt>
   <trkpt lat="45.8596680" lon="15.2115840">
    <ele>401.0</ele>
    <time>2024-03-15T14:59:07Z</time>
   </trkpt>
   <trkpt lat="45.8596750" lon="15.2115760">
    <ele>401.0</ele>
    <time>2024-03-15T14:59:08Z</time>
   </trkpt>
   <trkpt lat="45.8596820" lon="15.2115640">
    <ele>402.0</ele>
    <time>2024-03-15T14:59:09Z</time>
   </trkpt>
   <trkpt lat="45.8596890" lon="15.2115520">
    <ele>402.0</ele>
    <time>2024-03-15T14:59:10Z</time>
   </trkpt>
   <trkpt lat="45.8596970" lon="15.2115380">
    <ele>403.0</ele>
    <time>2024-03-15T14:59:11Z</time>
   </trkpt>
   <trkpt lat="45.8597050" lon="15.2115230">
    <ele>403.0</ele>
    <time>2024-03-15T14:59:12Z</time>
   </trkpt>
   <trkpt lat="45.8597130" lon="15.2115080">
    <ele>403.0</ele>
    <time>2024-03-15T14:59:13Z</time>
   </trkpt>
   <trkpt lat="45.8597220" lon="15.2114930">
    <ele>403.0</ele>
    <time>2024-03-15T14:59:14Z</time>
   </trkpt>
   <trkpt lat="45.8597290" lon="15.2114780">
    <ele>403.0</ele>
    <time>2024-03-15T14:59:15Z</time>
   </trkpt>
   <trkpt lat="45.8597360" lon="15.2114620">
    <ele>404.0</ele>
    <time>2024-03-15T14:59:16Z</time>
   </trkpt>
   <trkpt lat="45.8597420" lon="15.2114460">
    <ele>404.0</ele>
    <time>2024-03-15T14:59:17Z</time>
   </trkpt>
   <trkpt lat="45.8597490" lon="15.2114290">
    <ele>404.0</ele>
    <time>2024-03-15T14:59:18Z</time>
   </trkpt>
   <trkpt lat="45.8597540" lon="15.2114110">
    <ele>405.0</ele>
    <time>2024-03-15T14:59:19Z</time>
   </trkpt>
   <trkpt lat="45.8597600" lon="15.2113930">
    <ele>405.0</ele>
    <time>2024-03-15T14:59:20Z</time>
   </trkpt>
   <trkpt lat="45.8597620" lon="15.2113760">
    <ele>406.0</ele>
    <time>2024-03-15T14:59:21Z</time>
   </trkpt>
   <trkpt lat="45.8597650" lon="15.2113580">
    <ele>406.0</ele>
    <time>2024-03-15T14:59:22Z</time>
   </trkpt>
   <trkpt lat="45.8597660" lon="15.2113430">
    <ele>406.0</ele>
    <time>2024-03-15T14:59:23Z</time>
   </trkpt>
   <trkpt lat="45.8597670" lon="15.2113270">
    <ele>406.0</ele>
    <time>2024-03-15T14:59:24Z</time>
   </trkpt>
   <trkpt lat="45.8597690" lon="15.2113160">
    <ele>406.0</ele>
    <time>2024-03-15T14:59:25Z</time>
   </trkpt>
   <trkpt lat="45.8597710" lon="15.2113060">
    <ele>407.0</ele>
    <time>2024-03-15T14:59:26Z</time>
   </trkpt>
   <trkpt lat="45.8597750" lon="15.2113000">
    <ele>407.0</ele>
    <time>2024-03-15T14:59:27Z</time>
   </trkpt>
   <trkpt lat="45.8597780" lon="15.2112940">
    <ele>407.0</ele>
    <time>2024-03-15T14:59:28Z</time>
   </trkpt>
   <trkpt lat="45.8597840" lon="15.2112870">
    <ele>408.0</ele>
    <time>2024-03-15T14:59:29Z</time>
   </trkpt>
   <trkpt lat="45.8597900" lon="15.2112800">
    <ele>408.0</ele>
    <time>2024-03-15T14:59:30Z</time>
   </trkpt>
   <trkpt lat="45.8597950" lon="15.2112710">
    <ele>409.0</ele>
    <time>2024-03-15T14:59:31Z</time>
   </trkpt>
   <trkpt lat="45.8598010" lon="15.2112620">
    <ele>409.0</ele>
    <time>2024-03-15T14:59:32Z</time>
   </trkpt>
   <trkpt lat="45.8598060" lon="15.2112480">
    <ele>409.0</ele>
    <time>2024-03-15T14:59:33Z</time>
   </trkpt>
   <trkpt lat="45.8598120" lon="15.2112350">
    <ele>409.0</ele>
    <time>2024-03-15T14:59:34Z</time>
   </trkpt>
   <trkpt lat="45.8598170" lon="15.2112190">
    <ele>409.0</ele>
    <time>2024-03-15T14:59:35Z</time>
   </trkpt>
   <trkpt lat="45.8598220" lon="15.2112040">
    <ele>410.0</ele>
    <time>2024-03-15T14:59:36Z</time>
   </trkpt>
   <trkpt lat="45.8598260" lon="15.2111860">
    <ele>410.0</ele>
    <time>2024-03-15T14:59:37Z</time>
   </trkpt>
   <trkpt lat="45.8598290" lon="15.2111690">
    <ele>410.0</ele>
    <time>2024-03-15T14:59:38Z</time>
   </trkpt>
   <trkpt lat="45.8598310" lon="15.2111530">
    <ele>411.0</ele>
    <time>2024-03-15T14:59:39Z</time>
   </trkpt>
   <trkpt lat="45.8598320" lon="15.2111380">
    <ele>411.0</ele>
    <time>2024-03-15T14:59:40Z</time>
   </trkpt>
   <trkpt lat="45.8598320" lon="15.2111240">
    <ele>412.0</ele>
    <time>2024-03-15T14:59:41Z</time>
   </trkpt>
   <trkpt lat="45.8598320" lon="15.2111100">
    <ele>412.0</ele>
    <time>2024-03-15T14:59:42Z</time>
   </trkpt>
   <trkpt lat="45.8598330" lon="15.2110930">
    <ele>412.0</ele>
    <time>2024-03-15T14:59:43Z</time>
   </trkpt>
   <trkpt lat="45.8598340" lon="15.2110770">
    <ele>412.0</ele>
    <time>2024-03-15T14:59:44Z</time>
   </trkpt>
   <trkpt lat="45.8598350" lon="15.2110570">
    <ele>412.0</ele>
    <time>2024-03-15T14:59:45Z</time>
   </trkpt>
   <trkpt lat="45.8598370" lon="15.2110380">
    <ele>413.0</ele>
    <time>2024-03-15T14:59:46Z</time>
   </trkpt>
   <trkpt lat="45.8598370" lon="15.2110210">
    <ele>413.0</ele>
    <time>2024-03-15T14:59:47Z</time>
   </trkpt>
   <trkpt lat="45.8598370" lon="15.2110030">
    <ele>413.0</ele>
    <time>2024-03-15T14:59:48Z</time>
   </trkpt>
   <trkpt lat="45.8598370" lon="15.2109850">
    <ele>413.0</ele>
    <time>2024-03-15T14:59:49Z</time>
   </trkpt>
   <trkpt lat="45.8598380" lon="15.2109610">
    <ele>413.0</ele>
    <time>2024-03-15T14:59:50Z</time>
   </trkpt>
   <trkpt lat="45.8598390" lon="15.2109360">
    <ele>414.0</ele>
    <time>2024-03-15T14:59:51Z</time>
   </trkpt>
   <trkpt lat="45.8598390" lon="15.2109160">
    <ele>414.0</ele>
    <time>2024-03-15T14:59:52Z</time>
   </trkpt>
   <trkpt lat="45.8598390" lon="15.2108960">
    <ele>414.0</ele>
    <time>2024-03-15T14:59:53Z</time>
   </trkpt>
   <trkpt lat="45.8598380" lon="15.2108790">
    <ele>414.0</ele>
    <time>2024-03-15T14:59:54Z</time>
   </trkpt>
   <trkpt lat="45.8598360" lon="15.2108620">
    <ele>414.0</ele>
    <time>2024-03-15T14:59:55Z</time>
   </trkpt>
   <trkpt lat="45.8598330" lon="15.2108470">
    <ele>415.0</ele>
    <time>2024-03-15T14:59:56Z</time>
   </trkpt>
   <trkpt lat="45.8598310" lon="15.2108330">
    <ele>415.0</ele>
    <time>2024-03-15T14:59:57Z</time>
   </trkpt>
   <trkpt lat="45.8598290" lon="15.2108220">
    <ele>415.0</ele>
    <time>2024-03-15T14:59:58Z</time>
   </trkpt>
   <trkpt lat="45.8598280" lon="15.2108100">
    <ele>416.0</ele>
    <time>2024-03-15T14:59:59Z</time>
   </trkpt>
   <trkpt lat="45.8598250" lon="15.2108000">
    <ele>416.0</ele>
    <time>2024-03-15T15:00:00Z</time>
   </trkpt>
   <trkpt lat="45.8598230" lon="15.2107890">
    <ele>417.0</ele>
    <time>2024-03-15T15:00:01Z</time>
   </trkpt>
   <trkpt lat="45.8598190" lon="15.2107770">
    <ele>417.0</ele>
    <time>2024-03-15T15:00:02Z</time>
   </trkpt>
   <trkpt lat="45.8598160" lon="15.2107650">
    <ele>417.0</ele>
    <time>2024-03-15T15:00:03Z</time>
   </trkpt>
   <trkpt lat="45.8598130" lon="15.2107510">
    <ele>417.0</ele>
    <time>2024-03-15T15:00:04Z</time>
   </trkpt>
   <trkpt lat="45.8598100" lon="15.2107360">
    <ele>417.0</ele>
    <time>2024-03-15T15:00:05Z</time>
   </trkpt>
   <trkpt lat="45.8598080" lon="15.2107200">
    <ele>418.0</ele>
    <time>2024-03-15T15:00:06Z</time>
   </trkpt>
   <trkpt lat="45.8598060" lon="15.2107030">
    <ele>418.0</ele>
    <time>2024-03-15T15:00:07Z</time>
   </trkpt>
   <trkpt lat="45.8598040" lon="15.2106850">
    <ele>418.0</ele>
    <time>2024-03-15T15:00:08Z</time>
   </trkpt>
   <trkpt lat="45.8598030" lon="15.2106670">
    <ele>418.0</ele>
    <time>2024-03-15T15:00:09Z</time>
   </trkpt>
   <trkpt lat="45.8598010" lon="15.2106480">
    <ele>418.0</ele>
    <time>2024-03-15T15:00:10Z</time>
   </trkpt>
   <trkpt lat="45.8598000" lon="15.2106300">
    <ele>419.0</ele>
    <time>2024-03-15T15:00:11Z</time>
   </trkpt>
   <trkpt lat="45.8597950" lon="15.2106120">
    <ele>419.0</ele>
    <time>2024-03-15T15:00:12Z</time>
   </trkpt>
   <trkpt lat="45.8597910" lon="15.2105950">
    <ele>419.0</ele>
    <time>2024-03-15T15:00:13Z</time>
   </trkpt>
   <trkpt lat="45.8597840" lon="15.2105780">
    <ele>419.0</ele>
    <time>2024-03-15T15:00:14Z</time>
   </trkpt>
   <trkpt lat="45.8597760" lon="15.2105620">
    <ele>419.0</ele>
    <time>2024-03-15T15:00:15Z</time>
   </trkpt>
   <trkpt lat="45.8597670" lon="15.2105470">
    <ele>420.0</ele>
    <time>2024-03-15T15:00:16Z</time>
   </trkpt>
   <trkpt lat="45.8597570" lon="15.2105310">
    <ele>420.0</ele>
    <time>2024-03-15T15:00:17Z</time>
   </trkpt>
   <trkpt lat="45.8597480" lon="15.2105140">
    <ele>420.0</ele>
    <time>2024-03-15T15:00:18Z</time>
   </trkpt>
   <trkpt lat="45.8597380" lon="15.2104970">
    <ele>420.0</ele>
    <time>2024-03-15T15:00:19Z</time>
   </trkpt>
   <trkpt lat="45.8597310" lon="15.2104790">
    <ele>420.0</ele>
    <time>2024-03-15T15:00:20Z</time>
   </trkpt>
   <trkpt lat="45.8597250" lon="15.2104610">
    <ele>421.0</ele>
    <time>2024-03-15T15:00:21Z</time>
   </trkpt>
   <trkpt lat="45.8597220" lon="15.2104390">
    <ele>421.0</ele>
    <time>2024-03-15T15:00:22Z</time>
   </trkpt>
   <trkpt lat="45.8597190" lon="15.2104180">
    <ele>421.0</ele>
    <time>2024-03-15T15:00:23Z</time>
   </trkpt>
   <trkpt lat="45.8597200" lon="15.2103970">
    <ele>421.0</ele>
    <time>2024-03-15T15:00:24Z</time>
   </trkpt>
   <trkpt lat="45.8597210" lon="15.2103750">
    <ele>421.0</ele>
    <time>2024-03-15T15:00:25Z</time>
   </trkpt>
   <trkpt lat="45.8597230" lon="15.2103550">
    <ele>422.0</ele>
    <time>2024-03-15T15:00:26Z</time>
   </trkpt>
   <trkpt lat="45.8597260" lon="15.2103350">
    <ele>422.0</ele>
    <time>2024-03-15T15:00:27Z</time>
   </trkpt>
   <trkpt lat="45.8597310" lon="15.2103170">
    <ele>422.0</ele>
    <time>2024-03-15T15:00:28Z</time>
   </trkpt>
   <trkpt lat="45.8597360" lon="15.2103000">
    <ele>422.0</ele>
    <time>2024-03-15T15:00:29Z</time>
   </trkpt>
   <trkpt lat="45.8597430" lon="15.2102850">
    <ele>422.0</ele>
    <time>2024-03-15T15:00:30Z</time>
   </trkpt>
   <trkpt lat="45.8597490" lon="15.2102710">
    <ele>422.0</ele>
    <time>2024-03-15T15:00:31Z</time>
   </trkpt>
   <trkpt lat="45.8597550" lon="15.2102630">
    <ele>422.0</ele>
    <time>2024-03-15T15:00:32Z</time>
   </trkpt>
   <trkpt lat="45.8597610" lon="15.2102540">
    <ele>422.0</ele>
    <time>2024-03-15T15:00:33Z</time>
   </trkpt>
   <trkpt lat="45.8597690" lon="15.2102520">
    <ele>423.0</ele>
    <time>2024-03-15T15:00:34Z</time>
   </trkpt>
   <trkpt lat="45.8597760" lon="15.2102490">
    <ele>423.0</ele>
    <time>2024-03-15T15:00:35Z</time>
   </trkpt>
   <trkpt lat="45.8597840" lon="15.2102510">
    <ele>424.0</ele>
    <time>2024-03-15T15:00:36Z</time>
   </trkpt>
   <trkpt lat="45.8597930" lon="15.2102540">
    <ele>424.0</ele>
    <time>2024-03-15T15:00:37Z</time>
   </trkpt>
   <trkpt lat="45.8598030" lon="15.2102600">
    <ele>424.0</ele>
    <time>2024-03-15T15:00:38Z</time>
   </trkpt>
   <trkpt lat="45.8598130" lon="15.2102660">
    <ele>424.0</ele>
    <time>2024-03-15T15:00:39Z</time>
   </trkpt>
   <trkpt lat="45.8598220" lon="15.2102730">
    <ele>424.0</ele>
    <time>2024-03-15T15:00:40Z</time>
   </trkpt>
   <trkpt lat="45.8598310" lon="15.2102800">
    <ele>425.0</ele>
    <time>2024-03-15T15:00:41Z</time>
   </trkpt>
   <trkpt lat="45.8598400" lon="15.2102880">
    <ele>425.0</ele>
    <time>2024-03-15T15:00:42Z</time>
   </trkpt>
   <trkpt lat="45.8598480" lon="15.2102960">
    <ele>425.0</ele>
    <time>2024-03-15T15:00:43Z</time>
   </trkpt>
   <trkpt lat="45.8598570" lon="15.2103050">
    <ele>425.0</ele>
    <time>2024-03-15T15:00:44Z</time>
   </trkpt>
   <trkpt lat="45.8598670" lon="15.2103140">
    <ele>425.0</ele>
    <time>2024-03-15T15:00:45Z</time>
   </trkpt>
   <trkpt lat="45.8598790" lon="15.2103250">
    <ele>426.0</ele>
    <time>2024-03-15T15:00:46Z</time>
   </trkpt>
   <trkpt lat="45.8598900" lon="15.2103360">
    <ele>426.0</ele>
    <time>2024-03-15T15:00:47Z</time>
   </trkpt>
   <trkpt lat="45.8599030" lon="15.2103450">
    <ele>426.0</ele>
    <time>2024-03-15T15:00:48Z</time>
   </trkpt>
   <trkpt lat="45.8599150" lon="15.2103540">
    <ele>427.0</ele>
    <time>2024-03-15T15:00:49Z</time>
   </trkpt>
   <trkpt lat="45.8599270" lon="15.2103570">
    <ele>427.0</ele>
    <time>2024-03-15T15:00:50Z</time>
   </trkpt>
   <trkpt lat="45.8599380" lon="15.2103600">
    <ele>428.0</ele>
    <time>2024-03-15T15:00:51Z</time>
   </trkpt>
   <trkpt lat="45.8599480" lon="15.2103570">
    <ele>428.0</ele>
    <time>2024-03-15T15:00:52Z</time>
   </trkpt>
   <trkpt lat="45.8599580" lon="15.2103540">
    <ele>428.0</ele>
    <time>2024-03-15T15:00:53Z</time>
   </trkpt>
   <trkpt lat="45.8599680" lon="15.2103510">
    <ele>428.0</ele>
    <time>2024-03-15T15:00:54Z</time>
   </trkpt>
   <trkpt lat="45.8599780" lon="15.2103480">
    <ele>428.0</ele>
    <time>2024-03-15T15:00:55Z</time>
   </trkpt>
   <trkpt lat="45.8599880" lon="15.2103470">
    <ele>429.0</ele>
    <time>2024-03-15T15:00:56Z</time>
   </trkpt>
   <trkpt lat="45.8599980" lon="15.2103460">
    <ele>429.0</ele>
    <time>2024-03-15T15:00:57Z</time>
   </trkpt>
   <trkpt lat="45.8600080" lon="15.2103430">
    <ele>429.0</ele>
    <time>2024-03-15T15:00:58Z</time>
   </trkpt>
   <trkpt lat="45.8600180" lon="15.2103410">
    <ele>429.0</ele>
    <time>2024-03-15T15:00:59Z</time>
   </trkpt>
   <trkpt lat="45.8600300" lon="15.2103380">
    <ele>429.0</ele>
    <time>2024-03-15T15:01:00Z</time>
   </trkpt>
   <trkpt lat="45.8600410" lon="15.2103360">
    <ele>429.0</ele>
    <time>2024-03-15T15:01:01Z</time>
   </trkpt>
   <trkpt lat="45.8600550" lon="15.2103350">
    <ele>429.0</ele>
    <time>2024-03-15T15:01:02Z</time>
   </trkpt>
   <trkpt lat="45.8600690" lon="15.2103340">
    <ele>429.0</ele>
    <time>2024-03-15T15:01:03Z</time>
   </trkpt>
   <trkpt lat="45.8600840" lon="15.2103300">
    <ele>430.0</ele>
    <time>2024-03-15T15:01:04Z</time>
   </trkpt>
   <trkpt lat="45.8601000" lon="15.2103260">
    <ele>430.0</ele>
    <time>2024-03-15T15:01:05Z</time>
   </trkpt>
   <trkpt lat="45.8601140" lon="15.2103240">
    <ele>431.0</ele>
    <time>2024-03-15T15:01:06Z</time>
   </trkpt>
   <trkpt lat="45.8601280" lon="15.2103220">
    <ele>431.0</ele>
    <time>2024-03-15T15:01:07Z</time>
   </trkpt>
   <trkpt lat="45.8601390" lon="15.2103260">
    <ele>431.0</ele>
    <time>2024-03-15T15:01:08Z</time>
   </trkpt>
   <trkpt lat="45.8601510" lon="15.2103300">
    <ele>431.0</ele>
    <time>2024-03-15T15:01:09Z</time>
   </trkpt>
   <trkpt lat="45.8601600" lon="15.2103380">
    <ele>431.0</ele>
    <time>2024-03-15T15:01:10Z</time>
   </trkpt>
   <trkpt lat="45.8601700" lon="15.2103470">
    <ele>432.0</ele>
    <time>2024-03-15T15:01:11Z</time>
   </trkpt>
   <trkpt lat="45.8601820" lon="15.2103610">
    <ele>432.0</ele>
    <time>2024-03-15T15:01:12Z</time>
   </trkpt>
   <trkpt lat="45.8601940" lon="15.2103750">
    <ele>432.0</ele>
    <time>2024-03-15T15:01:13Z</time>
   </trkpt>
   <trkpt lat="45.8602090" lon="15.2103900">
    <ele>432.0</ele>
    <time>2024-03-15T15:01:14Z</time>
   </trkpt>
   <trkpt lat="45.8602250" lon="15.2104050">
    <ele>432.0</ele>
    <time>2024-03-15T15:01:15Z</time>
   </trkpt>
   <trkpt lat="45.8602390" lon="15.2104180">
    <ele>433.0</ele>
    <time>2024-03-15T15:01:16Z</time>
   </trkpt>
   <trkpt lat="45.8602540" lon="15.2104310">
    <ele>433.0</ele>
    <time>2024-03-15T15:01:17Z</time>
   </trkpt>
   <trkpt lat="45.8602670" lon="15.2104430">
    <ele>433.0</ele>
    <time>2024-03-15T15:01:18Z</time>
   </trkpt>
   <trkpt lat="45.8602790" lon="15.2104540">
    <ele>433.0</ele>
    <time>2024-03-15T15:01:19Z</time>
   </trkpt>
   <trkpt lat="45.8602910" lon="15.2104670">
    <ele>433.0</ele>
    <time>2024-03-15T15:01:20Z</time>
   </trkpt>
   <trkpt lat="45.8603030" lon="15.2104800">
    <ele>434.0</ele>
    <time>2024-03-15T15:01:21Z</time>
   </trkpt>
   <trkpt lat="45.8603140" lon="15.2104950">
    <ele>434.0</ele>
    <time>2024-03-15T15:01:22Z</time>
   </trkpt>
   <trkpt lat="45.8603250" lon="15.2105100">
    <ele>434.0</ele>
    <time>2024-03-15T15:01:23Z</time>
   </trkpt>
   <trkpt lat="45.8603360" lon="15.2105240">
    <ele>434.0</ele>
    <time>2024-03-15T15:01:24Z</time>
   </trkpt>
   <trkpt lat="45.8603470" lon="15.2105390">
    <ele>434.0</ele>
    <time>2024-03-15T15:01:25Z</time>
   </trkpt>
   <trkpt lat="45.8603620" lon="15.2105520">
    <ele>434.0</ele>
    <time>2024-03-15T15:01:26Z</time>
   </trkpt>
   <trkpt lat="45.8603770" lon="15.2105650">
    <ele>434.0</ele>
    <time>2024-03-15T15:01:27Z</time>
   </trkpt>
   <trkpt lat="45.8603970" lon="15.2105780">
    <ele>434.0</ele>
    <time>2024-03-15T15:01:28Z</time>
   </trkpt>
   <trkpt lat="45.8604160" lon="15.2105910">
    <ele>434.0</ele>
    <time>2024-03-15T15:01:29Z</time>
   </trkpt>
   <trkpt lat="45.8604390" lon="15.2106030">
    <ele>434.0</ele>
    <time>2024-03-15T15:01:30Z</time>
   </trkpt>
   <trkpt lat="45.8604620" lon="15.2106150">
    <ele>434.0</ele>
    <time>2024-03-15T15:01:31Z</time>
   </trkpt>
   <trkpt lat="45.8604880" lon="15.2106220">
    <ele>434.0</ele>
    <time>2024-03-15T15:01:32Z</time>
   </trkpt>
   <trkpt lat="45.8605140" lon="15.2106300">
    <ele>434.0</ele>
    <time>2024-03-15T15:01:33Z</time>
   </trkpt>
   <trkpt lat="45.8605390" lon="15.2106340">
    <ele>434.0</ele>
    <time>2024-03-15T15:01:34Z</time>
   </trkpt>
   <trkpt lat="45.8605650" lon="15.2106390">
    <ele>434.0</ele>
    <time>2024-03-15T15:01:35Z</time>
   </trkpt>
   <trkpt lat="45.8605890" lon="15.2106410">
    <ele>434.0</ele>
    <time>2024-03-15T15:01:36Z</time>
   </trkpt>
   <trkpt lat="45.8606140" lon="15.2106430">
    <ele>434.0</ele>
    <time>2024-03-15T15:01:37Z</time>
   </trkpt>
   <trkpt lat="45.8606390" lon="15.2106440">
    <ele>434.0</ele>
    <time>2024-03-15T15:01:38Z</time>
   </trkpt>
   <trkpt lat="45.8606650" lon="15.2106450">
    <ele>434.0</ele>
    <time>2024-03-15T15:01:39Z</time>
   </trkpt>
   <trkpt lat="45.8606920" lon="15.2106450">
    <ele>434.0</ele>
    <time>2024-03-15T15:01:40Z</time>
   </trkpt>
   <trkpt lat="45.8607190" lon="15.2106460">
    <ele>434.0</ele>
    <time>2024-03-15T15:01:41Z</time>
   </trkpt>
   <trkpt lat="45.8607450" lon="15.2106450">
    <ele>433.0</ele>
    <time>2024-03-15T15:01:42Z</time>
   </trkpt>
   <trkpt lat="45.8607710" lon="15.2106440">
    <ele>433.0</ele>
    <time>2024-03-15T15:01:43Z</time>
   </trkpt>
   <trkpt lat="45.8607960" lon="15.2106430">
    <ele>433.0</ele>
    <time>2024-03-15T15:01:44Z</time>
   </trkpt>
   <trkpt lat="45.8608210" lon="15.2106420">
    <ele>433.0</ele>
    <time>2024-03-15T15:01:45Z</time>
   </trkpt>
   <trkpt lat="45.8608460" lon="15.2106430">
    <ele>433.0</ele>
    <time>2024-03-15T15:01:46Z</time>
   </trkpt>
   <trkpt lat="45.8608700" lon="15.2106440">
    <ele>432.0</ele>
    <time>2024-03-15T15:01:47Z</time>
   </trkpt>
   <trkpt lat="45.8608940" lon="15.2106510">
    <ele>432.0</ele>
    <time>2024-03-15T15:01:48Z</time>
   </trkpt>
   <trkpt lat="45.8609180" lon="15.2106570">
    <ele>432.0</ele>
    <time>2024-03-15T15:01:49Z</time>
   </trkpt>
   <trkpt lat="45.8609480" lon="15.2106670">
    <ele>432.0</ele>
    <time>2024-03-15T15:01:50Z</time>
   </trkpt>
   <trkpt lat="45.8609770" lon="15.2106760">
    <ele>432.0</ele>
    <time>2024-03-15T15:01:51Z</time>
   </trkpt>
   <trkpt lat="45.8610080" lon="15.2106860">
    <ele>432.0</ele>
    <time>2024-03-15T15:01:52Z</time>
   </trkpt>
   <trkpt lat="45.8610400" lon="15.2106960">
    <ele>432.0</ele>
    <time>2024-03-15T15:01:53Z</time>
   </trkpt>
   <trkpt lat="45.8610710" lon="15.2107050">
    <ele>432.0</ele>
    <time>2024-03-15T15:01:54Z</time>
   </trkpt>
   <trkpt lat="45.8611030" lon="15.2107140">
    <ele>432.0</ele>
    <time>2024-03-15T15:01:55Z</time>
   </trkpt>
   <trkpt lat="45.8611330" lon="15.2107190">
    <ele>432.0</ele>
    <time>2024-03-15T15:01:56Z</time>
   </trkpt>
   <trkpt lat="45.8611620" lon="15.2107240">
    <ele>432.0</ele>
    <time>2024-03-15T15:01:57Z</time>
   </trkpt>
   <trkpt lat="45.8611900" lon="15.2107230">
    <ele>432.0</ele>
    <time>2024-03-15T15:01:58Z</time>
   </trkpt>
   <trkpt lat="45.8612170" lon="15.2107230">
    <ele>432.0</ele>
    <time>2024-03-15T15:01:59Z</time>
   </trkpt>
   <trkpt lat="45.8612450" lon="15.2107140">
    <ele>432.0</ele>
    <time>2024-03-15T15:02:00Z</time>
   </trkpt>
   <trkpt lat="45.8612730" lon="15.2107040">
    <ele>432.0</ele>
    <time>2024-03-15T15:02:01Z</time>
   </trkpt>
   <trkpt lat="45.8613030" lon="15.2106930">
    <ele>431.0</ele>
    <time>2024-03-15T15:02:02Z</time>
   </trkpt>
   <trkpt lat="45.8613340" lon="15.2106830">
    <ele>431.0</ele>
    <time>2024-03-15T15:02:03Z</time>
   </trkpt>
   <trkpt lat="45.8613650" lon="15.2106770">
    <ele>431.0</ele>
    <time>2024-03-15T15:02:04Z</time>
   </trkpt>
   <trkpt lat="45.8613960" lon="15.2106720">
    <ele>431.0</ele>
    <time>2024-03-15T15:02:05Z</time>
   </trkpt>
   <trkpt lat="45.8614260" lon="15.2106690">
    <ele>431.0</ele>
    <time>2024-03-15T15:02:06Z</time>
   </trkpt>
   <trkpt lat="45.8614570" lon="15.2106660">
    <ele>431.0</ele>
    <time>2024-03-15T15:02:07Z</time>
   </trkpt>
   <trkpt lat="45.8614870" lon="15.2106580">
    <ele>431.0</ele>
    <time>2024-03-15T15:02:08Z</time>
   </trkpt>
   <trkpt lat="45.8615170" lon="15.2106490">
    <ele>431.0</ele>
    <time>2024-03-15T15:02:09Z</time>
   </trkpt>
   <trkpt lat="45.8615470" lon="15.2106330">
    <ele>431.0</ele>
    <time>2024-03-15T15:02:10Z</time>
   </trkpt>
   <trkpt lat="45.8615760" lon="15.2106160">
    <ele>431.0</ele>
    <time>2024-03-15T15:02:11Z</time>
   </trkpt>
   <trkpt lat="45.8616040" lon="15.2105920">
    <ele>430.0</ele>
    <time>2024-03-15T15:02:12Z</time>
   </trkpt>
   <trkpt lat="45.8616320" lon="15.2105690">
    <ele>430.0</ele>
    <time>2024-03-15T15:02:13Z</time>
   </trkpt>
   <trkpt lat="45.8616570" lon="15.2105440">
    <ele>430.0</ele>
    <time>2024-03-15T15:02:14Z</time>
   </trkpt>
   <trkpt lat="45.8616820" lon="15.2105200">
    <ele>430.0</ele>
    <time>2024-03-15T15:02:15Z</time>
   </trkpt>
   <trkpt lat="45.8617070" lon="15.2104970">
    <ele>430.0</ele>
    <time>2024-03-15T15:02:16Z</time>
   </trkpt>
   <trkpt lat="45.8617310" lon="15.2104750">
    <ele>430.0</ele>
    <time>2024-03-15T15:02:17Z</time>
   </trkpt>
   <trkpt lat="45.8617550" lon="15.2104540">
    <ele>430.0</ele>
    <time>2024-03-15T15:02:18Z</time>
   </trkpt>
   <trkpt lat="45.8617790" lon="15.2104330">
    <ele>430.0</ele>
    <time>2024-03-15T15:02:19Z</time>
   </trkpt>
   <trkpt lat="45.8618030" lon="15.2104200">
    <ele>430.0</ele>
    <time>2024-03-15T15:02:20Z</time>
   </trkpt>
   <trkpt lat="45.8618280" lon="15.2104060">
    <ele>430.0</ele>
    <time>2024-03-15T15:02:21Z</time>
   </trkpt>
   <trkpt lat="45.8618570" lon="15.2104040">
    <ele>430.0</ele>
    <time>2024-03-15T15:02:22Z</time>
   </trkpt>
   <trkpt lat="45.8618860" lon="15.2104030">
    <ele>430.0</ele>
    <time>2024-03-15T15:02:23Z</time>
   </trkpt>
   <trkpt lat="45.8619190" lon="15.2104090">
    <ele>430.0</ele>
    <time>2024-03-15T15:02:24Z</time>
   </trkpt>
   <trkpt lat="45.8619510" lon="15.2104160">
    <ele>430.0</ele>
    <time>2024-03-15T15:02:25Z</time>
   </trkpt>
   <trkpt lat="45.8619800" lon="15.2104280">
    <ele>430.0</ele>
    <time>2024-03-15T15:02:26Z</time>
   </trkpt>
   <trkpt lat="45.8620090" lon="15.2104400">
    <ele>430.0</ele>
    <time>2024-03-15T15:02:27Z</time>
   </trkpt>
   <trkpt lat="45.8620330" lon="15.2104550">
    <ele>430.0</ele>
    <time>2024-03-15T15:02:28Z</time>
   </trkpt>
   <trkpt lat="45.8620570" lon="15.2104710">
    <ele>430.0</ele>
    <time>2024-03-15T15:02:29Z</time>
   </trkpt>
   <trkpt lat="45.8620790" lon="15.2104880">
    <ele>430.0</ele>
    <time>2024-03-15T15:02:30Z</time>
   </trkpt>
   <trkpt lat="45.8621010" lon="15.2105050">
    <ele>430.0</ele>
    <time>2024-03-15T15:02:31Z</time>
   </trkpt>
   <trkpt lat="45.8621220" lon="15.2105190">
    <ele>430.0</ele>
    <time>2024-03-15T15:02:32Z</time>
   </trkpt>
   <trkpt lat="45.8621440" lon="15.2105340">
    <ele>430.0</ele>
    <time>2024-03-15T15:02:33Z</time>
   </trkpt>
   <trkpt lat="45.8621640" lon="15.2105430">
    <ele>430.0</ele>
    <time>2024-03-15T15:02:34Z</time>
   </trkpt>
   <trkpt lat="45.8621840" lon="15.2105520">
    <ele>430.0</ele>
    <time>2024-03-15T15:02:35Z</time>
   </trkpt>
   <trkpt lat="45.8622060" lon="15.2105560">
    <ele>430.0</ele>
    <time>2024-03-15T15:02:36Z</time>
   </trkpt>
   <trkpt lat="45.8622270" lon="15.2105600">
    <ele>430.0</ele>
    <time>2024-03-15T15:02:37Z</time>
   </trkpt>
   <trkpt lat="45.8622530" lon="15.2105610">
    <ele>430.0</ele>
    <time>2024-03-15T15:02:38Z</time>
   </trkpt>
   <trkpt lat="45.8622800" lon="15.2105610">
    <ele>430.0</ele>
    <time>2024-03-15T15:02:39Z</time>
   </trkpt>
   <trkpt lat="45.8623070" lon="15.2105610">
    <ele>430.0</ele>
    <time>2024-03-15T15:02:40Z</time>
   </trkpt>
   <trkpt lat="45.8623340" lon="15.2105600">
    <ele>430.0</ele>
    <time>2024-03-15T15:02:41Z</time>
   </trkpt>
   <trkpt lat="45.8623580" lon="15.2105610">
    <ele>430.0</ele>
    <time>2024-03-15T15:02:42Z</time>
   </trkpt>
   <trkpt lat="45.8623820" lon="15.2105610">
    <ele>430.0</ele>
    <time>2024-03-15T15:02:43Z</time>
   </trkpt>
   <trkpt lat="45.8624050" lon="15.2105620">
    <ele>430.0</ele>
    <time>2024-03-15T15:02:44Z</time>
   </trkpt>
   <trkpt lat="45.8624280" lon="15.2105630">
    <ele>430.0</ele>
    <time>2024-03-15T15:02:45Z</time>
   </trkpt>
   <trkpt lat="45.8624530" lon="15.2105640">
    <ele>430.0</ele>
    <time>2024-03-15T15:02:46Z</time>
   </trkpt>
   <trkpt lat="45.8624770" lon="15.2105650">
    <ele>430.0</ele>
    <time>2024-03-15T15:02:47Z</time>
   </trkpt>
   <trkpt lat="45.8625030" lon="15.2105670">
    <ele>430.0</ele>
    <time>2024-03-15T15:02:48Z</time>
   </trkpt>
   <trkpt lat="45.8625300" lon="15.2105690">
    <ele>430.0</ele>
    <time>2024-03-15T15:02:49Z</time>
   </trkpt>
   <trkpt lat="45.8625570" lon="15.2105700">
    <ele>430.0</ele>
    <time>2024-03-15T15:02:50Z</time>
   </trkpt>
   <trkpt lat="45.8625840" lon="15.2105720">
    <ele>430.0</ele>
    <time>2024-03-15T15:02:51Z</time>
   </trkpt>
   <trkpt lat="45.8626120" lon="15.2105720">
    <ele>430.0</ele>
    <time>2024-03-15T15:02:52Z</time>
   </trkpt>
   <trkpt lat="45.8626410" lon="15.2105720">
    <ele>430.0</ele>
    <time>2024-03-15T15:02:53Z</time>
   </trkpt>
   <trkpt lat="45.8626700" lon="15.2105700">
    <ele>430.0</ele>
    <time>2024-03-15T15:02:54Z</time>
   </trkpt>
   <trkpt lat="45.8626980" lon="15.2105670">
    <ele>430.0</ele>
    <time>2024-03-15T15:02:55Z</time>
   </trkpt>
   <trkpt lat="45.8627260" lon="15.2105590">
    <ele>430.0</ele>
    <time>2024-03-15T15:02:56Z</time>
   </trkpt>
   <trkpt lat="45.8627540" lon="15.2105510">
    <ele>430.0</ele>
    <time>2024-03-15T15:02:57Z</time>
   </trkpt>
   <trkpt lat="45.8627810" lon="15.2105410">
    <ele>430.0</ele>
    <time>2024-03-15T15:02:58Z</time>
   </trkpt>
   <trkpt lat="45.8628070" lon="15.2105310">
    <ele>430.0</ele>
    <time>2024-03-15T15:02:59Z</time>
   </trkpt>
   <trkpt lat="45.8628380" lon="15.2105230">
    <ele>430.0</ele>
    <time>2024-03-15T15:03:00Z</time>
   </trkpt>
   <trkpt lat="45.8628690" lon="15.2105150">
    <ele>430.0</ele>
    <time>2024-03-15T15:03:01Z</time>
   </trkpt>
   <trkpt lat="45.8629040" lon="15.2105060">
    <ele>430.0</ele>
    <time>2024-03-15T15:03:02Z</time>
   </trkpt>
   <trkpt lat="45.8629390" lon="15.2104970">
    <ele>430.0</ele>
    <time>2024-03-15T15:03:03Z</time>
   </trkpt>
   <trkpt lat="45.8629740" lon="15.2104920">
    <ele>430.0</ele>
    <time>2024-03-15T15:03:04Z</time>
   </trkpt>
   <trkpt lat="45.8630080" lon="15.2104870">
    <ele>430.0</ele>
    <time>2024-03-15T15:03:05Z</time>
   </trkpt>
   <trkpt lat="45.8630410" lon="15.2104800">
    <ele>430.0</ele>
    <time>2024-03-15T15:03:06Z</time>
   </trkpt>
   <trkpt lat="45.8630730" lon="15.2104740">
    <ele>430.0</ele>
    <time>2024-03-15T15:03:07Z</time>
   </trkpt>
   <trkpt lat="45.8631010" lon="15.2104650">
    <ele>430.0</ele>
    <time>2024-03-15T15:03:08Z</time>
   </trkpt>
   <trkpt lat="45.8631300" lon="15.2104570">
    <ele>430.0</ele>
    <time>2024-03-15T15:03:09Z</time>
   </trkpt>
   <trkpt lat="45.8631590" lon="15.2104410">
    <ele>430.0</ele>
    <time>2024-03-15T15:03:10Z</time>
   </trkpt>
   <trkpt lat="45.8631890" lon="15.2104260">
    <ele>430.0</ele>
    <time>2024-03-15T15:03:11Z</time>
   </trkpt>
   <trkpt lat="45.8632170" lon="15.2104070">
    <ele>430.0</ele>
    <time>2024-03-15T15:03:12Z</time>
   </trkpt>
   <trkpt lat="45.8632450" lon="15.2103890">
    <ele>430.0</ele>
    <time>2024-03-15T15:03:13Z</time>
   </trkpt>
   <trkpt lat="45.8632690" lon="15.2103740">
    <ele>430.0</ele>
    <time>2024-03-15T15:03:14Z</time>
   </trkpt>
   <trkpt lat="45.8632930" lon="15.2103600">
    <ele>430.0</ele>
    <time>2024-03-15T15:03:15Z</time>
   </trkpt>
   <trkpt lat="45.8633170" lon="15.2103470">
    <ele>430.0</ele>
    <time>2024-03-15T15:03:16Z</time>
   </trkpt>
   <trkpt lat="45.8633400" lon="15.2103350">
    <ele>430.0</ele>
    <time>2024-03-15T15:03:17Z</time>
   </trkpt>
   <trkpt lat="45.8633630" lon="15.2103220">
    <ele>430.0</ele>
    <time>2024-03-15T15:03:18Z</time>
   </trkpt>
   <trkpt lat="45.8633860" lon="15.2103100">
    <ele>430.0</ele>
    <time>2024-03-15T15:03:19Z</time>
   </trkpt>
   <trkpt lat="45.8634100" lon="15.2102960">
    <ele>430.0</ele>
    <time>2024-03-15T15:03:20Z</time>
   </trkpt>
   <trkpt lat="45.8634330" lon="15.2102830">
    <ele>430.0</ele>
    <time>2024-03-15T15:03:21Z</time>
   </trkpt>
   <trkpt lat="45.8634570" lon="15.2102690">
    <ele>430.0</ele>
    <time>2024-03-15T15:03:22Z</time>
   </trkpt>
   <trkpt lat="45.8634810" lon="15.2102560">
    <ele>430.0</ele>
    <time>2024-03-15T15:03:23Z</time>
   </trkpt>
   <trkpt lat="45.8635070" lon="15.2102460">
    <ele>430.0</ele>
    <time>2024-03-15T15:03:24Z</time>
   </trkpt>
   <trkpt lat="45.8635320" lon="15.2102370">
    <ele>430.0</ele>
    <time>2024-03-15T15:03:25Z</time>
   </trkpt>
   <trkpt lat="45.8635600" lon="15.2102290">
    <ele>430.0</ele>
    <time>2024-03-15T15:03:26Z</time>
   </trkpt>
   <trkpt lat="45.8635880" lon="15.2102210">
    <ele>429.0</ele>
    <time>2024-03-15T15:03:27Z</time>
   </trkpt>
   <trkpt lat="45.8636170" lon="15.2102110">
    <ele>429.0</ele>
    <time>2024-03-15T15:03:28Z</time>
   </trkpt>
   <trkpt lat="45.8636460" lon="15.2102000">
    <ele>429.0</ele>
    <time>2024-03-15T15:03:29Z</time>
   </trkpt>
   <trkpt lat="45.8636710" lon="15.2101900">
    <ele>429.0</ele>
    <time>2024-03-15T15:03:30Z</time>
   </trkpt>
   <trkpt lat="45.8636960" lon="15.2101810">
    <ele>429.0</ele>
    <time>2024-03-15T15:03:31Z</time>
   </trkpt>
   <trkpt lat="45.8637160" lon="15.2101720">
    <ele>429.0</ele>
    <time>2024-03-15T15:03:32Z</time>
   </trkpt>
   <trkpt lat="45.8637370" lon="15.2101630">
    <ele>429.0</ele>
    <time>2024-03-15T15:03:33Z</time>
   </trkpt>
   <trkpt lat="45.8637370" lon="15.2101630">
    <ele>429.0</ele>
    <time>2024-03-15T15:03:34Z</time>
   </trkpt>
   <trkpt lat="45.8637370" lon="15.2101630">
    <ele>429.0</ele>
    <time>2024-03-15T15:03:35Z</time>
   </trkpt>
   <trkpt lat="45.8637370" lon="15.2101630">
    <ele>429.0</ele>
    <time>2024-03-15T15:03:36Z</time>
   </trkpt>
   <trkpt lat="45.8637370" lon="15.2101630">
    <ele>428.0</ele>
    <time>2024-03-15T15:03:37Z</time>
   </trkpt>
   <trkpt lat="45.8637370" lon="15.2101630">
    <ele>428.0</ele>
    <time>2024-03-15T15:03:38Z</time>
   </trkpt>
   <trkpt lat="45.8637370" lon="15.2101630">
    <ele>428.0</ele>
    <time>2024-03-15T15:03:39Z</time>
   </trkpt>
   <trkpt lat="45.8637370" lon="15.2101630">
    <ele>428.0</ele>
    <time>2024-03-15T15:03:40Z</time>
   </trkpt>
   <trkpt lat="45.8637370" lon="15.2101630">
    <ele>428.0</ele>
    <time>2024-03-15T15:03:41Z</time>
   </trkpt>
   <trkpt lat="45.8637370" lon="15.2101630">
    <ele>428.0</ele>
    <time>2024-03-15T15:03:42Z</time>
   </trkpt>
   <trkpt lat="45.8637370" lon="15.2101630">
    <ele>428.0</ele>
    <time>2024-03-15T15:03:43Z</time>
   </trkpt>
   <trkpt lat="45.8637370" lon="15.2101630">
    <ele>428.0</ele>
    <time>2024-03-15T15:03:44Z</time>
   </trkpt>
   <trkpt lat="45.8637370" lon="15.2101630">
    <ele>428.0</ele>
    <time>2024-03-15T15:03:45Z</time>
   </trkpt>
   <trkpt lat="45.8637370" lon="15.2101630">
    <ele>428.0</ele>
    <time>2024-03-15T15:03:46Z</time>
   </trkpt>
   <trkpt lat="45.8637370" lon="15.2101630">
    <ele>428.0</ele>
    <time>2024-03-15T15:03:47Z</time>
   </trkpt>
   <trkpt lat="45.8637370" lon="15.2101630">
    <ele>428.0</ele>
    <time>2024-03-15T15:03:48Z</time>
   </trkpt>
   <trkpt lat="45.8637370" lon="15.2101630">
    <ele>428.0</ele>
    <time>2024-03-15T15:03:49Z</time>
   </trkpt>
   <trkpt lat="45.8637370" lon="15.2101630">
    <ele>428.0</ele>
    <time>2024-03-15T15:03:50Z</time>
   </trkpt>
   <trkpt lat="45.8637370" lon="15.2101630">
    <ele>428.0</ele>
    <time>2024-03-15T15:03:51Z</time>
   </trkpt>
   <trkpt lat="45.8637370" lon="15.2101630">
    <ele>428.0</ele>
    <time>2024-03-15T15:03:52Z</time>
   </trkpt>
   <trkpt lat="45.8637370" lon="15.2101630">
    <ele>428.0</ele>
    <time>2024-03-15T15:03:53Z</time>
   </trkpt>
   <trkpt lat="45.8637370" lon="15.2101630">
    <ele>428.0</ele>
    <time>2024-03-15T15:03:54Z</time>
   </trkpt>
   <trkpt lat="45.8637370" lon="15.2101630">
    <ele>428.0</ele>
    <time>2024-03-15T15:03:55Z</time>
   </trkpt>
   <trkpt lat="45.8637370" lon="15.2101630">
    <ele>428.0</ele>
    <time>2024-03-15T15:03:56Z</time>
   </trkpt>
   <trkpt lat="45.8637370" lon="15.2101630">
    <ele>428.0</ele>
    <time>2024-03-15T15:03:57Z</time>
   </trkpt>
   <trkpt lat="45.8637370" lon="15.2101630">
    <ele>428.0</ele>
    <time>2024-03-15T15:03:58Z</time>
   </trkpt>
   <trkpt lat="45.8637370" lon="15.2101630">
    <ele>428.0</ele>
    <time>2024-03-15T15:03:59Z</time>
   </trkpt>
   <trkpt lat="45.8637370" lon="15.2101630">
    <ele>428.0</ele>
    <time>2024-03-15T15:04:00Z</time>
   </trkpt>
   <trkpt lat="45.8637370" lon="15.2101630">
    <ele>428.0</ele>
    <time>2024-03-15T15:04:01Z</time>
   </trkpt>
   <trkpt lat="45.8637370" lon="15.2101630">
    <ele>428.0</ele>
    <time>2024-03-15T15:04:02Z</time>
   </trkpt>
   <trkpt lat="45.8637370" lon="15.2101630">
    <ele>428.0</ele>
    <time>2024-03-15T15:04:03Z</time>
   </trkpt>
   <trkpt lat="45.8637370" lon="15.2101630">
    <ele>428.0</ele>
    <time>2024-03-15T15:04:04Z</time>
   </trkpt>
   <trkpt lat="45.8637370" lon="15.2101630">
    <ele>428.0</ele>
    <time>2024-03-15T15:04:05Z</time>
   </trkpt>
   <trkpt lat="45.8637550" lon="15.2101510">
    <ele>428.0</ele>
    <time>2024-03-15T15:04:06Z</time>
   </trkpt>
   <trkpt lat="45.8637660" lon="15.2101430">
    <ele>428.0</ele>
    <time>2024-03-15T15:04:07Z</time>
   </trkpt>
   <trkpt lat="45.8637780" lon="15.2101350">
    <ele>428.0</ele>
    <time>2024-03-15T15:04:08Z</time>
   </trkpt>
   <trkpt lat="45.8637880" lon="15.2101260">
    <ele>428.0</ele>
    <time>2024-03-15T15:04:09Z</time>
   </trkpt>
   <trkpt lat="45.8637980" lon="15.2101170">
    <ele>428.0</ele>
    <time>2024-03-15T15:04:10Z</time>
   </trkpt>
   <trkpt lat="45.8638110" lon="15.2101020">
    <ele>428.0</ele>
    <time>2024-03-15T15:04:11Z</time>
   </trkpt>
   <trkpt lat="45.8638250" lon="15.2100870">
    <ele>428.0</ele>
    <time>2024-03-15T15:04:12Z</time>
   </trkpt>
   <trkpt lat="45.8638440" lon="15.2100700">
    <ele>428.0</ele>
    <time>2024-03-15T15:04:13Z</time>
   </trkpt>
   <trkpt lat="45.8638620" lon="15.2100520">
    <ele>428.0</ele>
    <time>2024-03-15T15:04:14Z</time>
   </trkpt>
   <trkpt lat="45.8638810" lon="15.2100330">
    <ele>428.0</ele>
    <time>2024-03-15T15:04:15Z</time>
   </trkpt>
   <trkpt lat="45.8639000" lon="15.2100130">
    <ele>428.0</ele>
    <time>2024-03-15T15:04:16Z</time>
   </trkpt>
   <trkpt lat="45.8639190" lon="15.2099910">
    <ele>428.0</ele>
    <time>2024-03-15T15:04:17Z</time>
   </trkpt>
   <trkpt lat="45.8639390" lon="15.2099690">
    <ele>428.0</ele>
    <time>2024-03-15T15:04:18Z</time>
   </trkpt>
   <trkpt lat="45.8639590" lon="15.2099480">
    <ele>428.0</ele>
    <time>2024-03-15T15:04:19Z</time>
   </trkpt>
   <trkpt lat="45.8639790" lon="15.2099260">
    <ele>428.0</ele>
    <time>2024-03-15T15:04:20Z</time>
   </trkpt>
   <trkpt lat="45.8640000" lon="15.2099070">
    <ele>428.0</ele>
    <time>2024-03-15T15:04:21Z</time>
   </trkpt>
   <trkpt lat="45.8640200" lon="15.2098880">
    <ele>427.0</ele>
    <time>2024-03-15T15:04:22Z</time>
   </trkpt>
   <trkpt lat="45.8640440" lon="15.2098720">
    <ele>427.0</ele>
    <time>2024-03-15T15:04:23Z</time>
   </trkpt>
   <trkpt lat="45.8640680" lon="15.2098560">
    <ele>427.0</ele>
    <time>2024-03-15T15:04:24Z</time>
   </trkpt>
   <trkpt lat="45.8640970" lon="15.2098400">
    <ele>427.0</ele>
    <time>2024-03-15T15:04:25Z</time>
   </trkpt>
   <trkpt lat="45.8641270" lon="15.2098230">
    <ele>427.0</ele>
    <time>2024-03-15T15:04:26Z</time>
   </trkpt>
   <trkpt lat="45.8641580" lon="15.2098080">
    <ele>427.0</ele>
    <time>2024-03-15T15:04:27Z</time>
   </trkpt>
   <trkpt lat="45.8641890" lon="15.2097940">
    <ele>427.0</ele>
    <time>2024-03-15T15:04:28Z</time>
   </trkpt>
   <trkpt lat="45.8642180" lon="15.2097860">
    <ele>427.0</ele>
    <time>2024-03-15T15:04:29Z</time>
   </trkpt>
   <trkpt lat="45.8642480" lon="15.2097790">
    <ele>427.0</ele>
    <time>2024-03-15T15:04:30Z</time>
   </trkpt>
   <trkpt lat="45.8642770" lon="15.2097750">
    <ele>427.0</ele>
    <time>2024-03-15T15:04:31Z</time>
   </trkpt>
   <trkpt lat="45.8643060" lon="15.2097720">
    <ele>427.0</ele>
    <time>2024-03-15T15:04:32Z</time>
   </trkpt>
   <trkpt lat="45.8643340" lon="15.2097670">
    <ele>427.0</ele>
    <time>2024-03-15T15:04:33Z</time>
   </trkpt>
   <trkpt lat="45.8643620" lon="15.2097620">
    <ele>427.0</ele>
    <time>2024-03-15T15:04:34Z</time>
   </trkpt>
   <trkpt lat="45.8643890" lon="15.2097490">
    <ele>427.0</ele>
    <time>2024-03-15T15:04:35Z</time>
   </trkpt>
   <trkpt lat="45.8644160" lon="15.2097370">
    <ele>427.0</ele>
    <time>2024-03-15T15:04:36Z</time>
   </trkpt>
   <trkpt lat="45.8644420" lon="15.2097180">
    <ele>427.0</ele>
    <time>2024-03-15T15:04:37Z</time>
   </trkpt>
   <trkpt lat="45.8644680" lon="15.2096990">
    <ele>427.0</ele>
    <time>2024-03-15T15:04:38Z</time>
   </trkpt>
   <trkpt lat="45.8644940" lon="15.2096780">
    <ele>427.0</ele>
    <time>2024-03-15T15:04:39Z</time>
   </trkpt>
   <trkpt lat="45.8645200" lon="15.2096570">
    <ele>427.0</ele>
    <time>2024-03-15T15:04:40Z</time>
   </trkpt>
   <trkpt lat="45.8645430" lon="15.2096300">
    <ele>427.0</ele>
    <time>2024-03-15T15:04:41Z</time>
   </trkpt>
   <trkpt lat="45.8645660" lon="15.2096030">
    <ele>426.0</ele>
    <time>2024-03-15T15:04:42Z</time>
   </trkpt>
   <trkpt lat="45.8645900" lon="15.2095700">
    <ele>426.0</ele>
    <time>2024-03-15T15:04:43Z</time>
   </trkpt>
   <trkpt lat="45.8646130" lon="15.2095380">
    <ele>426.0</ele>
    <time>2024-03-15T15:04:44Z</time>
   </trkpt>
   <trkpt lat="45.8646370" lon="15.2095040">
    <ele>426.0</ele>
    <time>2024-03-15T15:04:45Z</time>
   </trkpt>
   <trkpt lat="45.8646620" lon="15.2094690">
    <ele>426.0</ele>
    <time>2024-03-15T15:04:46Z</time>
   </trkpt>
   <trkpt lat="45.8646860" lon="15.2094330">
    <ele>425.0</ele>
    <time>2024-03-15T15:04:47Z</time>
   </trkpt>
   <trkpt lat="45.8647100" lon="15.2093970">
    <ele>425.0</ele>
    <time>2024-03-15T15:04:48Z</time>
   </trkpt>
   <trkpt lat="45.8647280" lon="15.2093620">
    <ele>425.0</ele>
    <time>2024-03-15T15:04:49Z</time>
   </trkpt>
   <trkpt lat="45.8647450" lon="15.2093270">
    <ele>425.0</ele>
    <time>2024-03-15T15:04:50Z</time>
   </trkpt>
   <trkpt lat="45.8647560" lon="15.2092910">
    <ele>425.0</ele>
    <time>2024-03-15T15:04:51Z</time>
   </trkpt>
   <trkpt lat="45.8647660" lon="15.2092550">
    <ele>424.0</ele>
    <time>2024-03-15T15:04:52Z</time>
   </trkpt>
   <trkpt lat="45.8647750" lon="15.2092130">
    <ele>424.0</ele>
    <time>2024-03-15T15:04:53Z</time>
   </trkpt>
   <trkpt lat="45.8647840" lon="15.2091720">
    <ele>424.0</ele>
    <time>2024-03-15T15:04:54Z</time>
   </trkpt>
   <trkpt lat="45.8647950" lon="15.2091240">
    <ele>424.0</ele>
    <time>2024-03-15T15:04:55Z</time>
   </trkpt>
   <trkpt lat="45.8648060" lon="15.2090770">
    <ele>424.0</ele>
    <time>2024-03-15T15:04:56Z</time>
   </trkpt>
   <trkpt lat="45.8648220" lon="15.2090330">
    <ele>423.0</ele>
    <time>2024-03-15T15:04:57Z</time>
   </trkpt>
   <trkpt lat="45.8648380" lon="15.2089890">
    <ele>423.0</ele>
    <time>2024-03-15T15:04:58Z</time>
   </trkpt>
   <trkpt lat="45.8648590" lon="15.2089570">
    <ele>423.0</ele>
    <time>2024-03-15T15:04:59Z</time>
   </trkpt>
   <trkpt lat="45.8648790" lon="15.2089250">
    <ele>423.0</ele>
    <time>2024-03-15T15:05:00Z</time>
   </trkpt>
   <trkpt lat="45.8649060" lon="15.2089040">
    <ele>423.0</ele>
    <time>2024-03-15T15:05:01Z</time>
   </trkpt>
   <trkpt lat="45.8649330" lon="15.2088830">
    <ele>422.0</ele>
    <time>2024-03-15T15:05:02Z</time>
   </trkpt>
   <trkpt lat="45.8649600" lon="15.2088690">
    <ele>422.0</ele>
    <time>2024-03-15T15:05:03Z</time>
   </trkpt>
   <trkpt lat="45.8649870" lon="15.2088550">
    <ele>422.0</ele>
    <time>2024-03-15T15:05:04Z</time>
   </trkpt>
   <trkpt lat="45.8650130" lon="15.2088430">
    <ele>422.0</ele>
    <time>2024-03-15T15:05:05Z</time>
   </trkpt>
   <trkpt lat="45.8650390" lon="15.2088310">
    <ele>422.0</ele>
    <time>2024-03-15T15:05:06Z</time>
   </trkpt>
   <trkpt lat="45.8650650" lon="15.2088160">
    <ele>421.0</ele>
    <time>2024-03-15T15:05:07Z</time>
   </trkpt>
   <trkpt lat="45.8650920" lon="15.2088020">
    <ele>421.0</ele>
    <time>2024-03-15T15:05:08Z</time>
   </trkpt>
   <trkpt lat="45.8651170" lon="15.2087890">
    <ele>420.0</ele>
    <time>2024-03-15T15:05:09Z</time>
   </trkpt>
   <trkpt lat="45.8651420" lon="15.2087760">
    <ele>420.0</ele>
    <time>2024-03-15T15:05:10Z</time>
   </trkpt>
   <trkpt lat="45.8651670" lon="15.2087670">
    <ele>420.0</ele>
    <time>2024-03-15T15:05:11Z</time>
   </trkpt>
   <trkpt lat="45.8651930" lon="15.2087580">
    <ele>420.0</ele>
    <time>2024-03-15T15:05:12Z</time>
   </trkpt>
   <trkpt lat="45.8652190" lon="15.2087480">
    <ele>420.0</ele>
    <time>2024-03-15T15:05:13Z</time>
   </trkpt>
   <trkpt lat="45.8652460" lon="15.2087370">
    <ele>420.0</ele>
    <time>2024-03-15T15:05:14Z</time>
   </trkpt>
   <trkpt lat="45.8652730" lon="15.2087230">
    <ele>420.0</ele>
    <time>2024-03-15T15:05:15Z</time>
   </trkpt>
   <trkpt lat="45.8653000" lon="15.2087090">
    <ele>420.0</ele>
    <time>2024-03-15T15:05:16Z</time>
   </trkpt>
   <trkpt lat="45.8653220" lon="15.2086910">
    <ele>419.0</ele>
    <time>2024-03-15T15:05:17Z</time>
   </trkpt>
   <trkpt lat="45.8653440" lon="15.2086730">
    <ele>419.0</ele>
    <time>2024-03-15T15:05:18Z</time>
   </trkpt>
   <trkpt lat="45.8653580" lon="15.2086440">
    <ele>418.0</ele>
    <time>2024-03-15T15:05:19Z</time>
   </trkpt>
   <trkpt lat="45.8653720" lon="15.2086150">
    <ele>418.0</ele>
    <time>2024-03-15T15:05:20Z</time>
   </trkpt>
   <trkpt lat="45.8653780" lon="15.2085800">
    <ele>418.0</ele>
    <time>2024-03-15T15:05:21Z</time>
   </trkpt>
   <trkpt lat="45.8653840" lon="15.2085450">
    <ele>417.0</ele>
    <time>2024-03-15T15:05:22Z</time>
   </trkpt>
   <trkpt lat="45.8653810" lon="15.2085150">
    <ele>417.0</ele>
    <time>2024-03-15T15:05:23Z</time>
   </trkpt>
   <trkpt lat="45.8653790" lon="15.2084840">
    <ele>417.0</ele>
    <time>2024-03-15T15:05:24Z</time>
   </trkpt>
   <trkpt lat="45.8653690" lon="15.2084600">
    <ele>417.0</ele>
    <time>2024-03-15T15:05:25Z</time>
   </trkpt>
   <trkpt lat="45.8653580" lon="15.2084350">
    <ele>417.0</ele>
    <time>2024-03-15T15:05:26Z</time>
   </trkpt>
   <trkpt lat="45.8653430" lon="15.2084160">
    <ele>417.0</ele>
    <time>2024-03-15T15:05:27Z</time>
   </trkpt>
   <trkpt lat="45.8653280" lon="15.2083970">
    <ele>417.0</ele>
    <time>2024-03-15T15:05:28Z</time>
   </trkpt>
   <trkpt lat="45.8653120" lon="15.2083770">
    <ele>417.0</ele>
    <time>2024-03-15T15:05:29Z</time>
   </trkpt>
   <trkpt lat="45.8652950" lon="15.2083580">
    <ele>417.0</ele>
    <time>2024-03-15T15:05:30Z</time>
   </trkpt>
   <trkpt lat="45.8652780" lon="15.2083380">
    <ele>417.0</ele>
    <time>2024-03-15T15:05:31Z</time>
   </trkpt>
   <trkpt lat="45.8652600" lon="15.2083180">
    <ele>416.0</ele>
    <time>2024-03-15T15:05:32Z</time>
   </trkpt>
   <trkpt lat="45.8652410" lon="15.2082960">
    <ele>416.0</ele>
    <time>2024-03-15T15:05:33Z</time>
   </trkpt>
   <trkpt lat="45.8652220" lon="15.2082750">
    <ele>416.0</ele>
    <time>2024-03-15T15:05:34Z</time>
   </trkpt>
   <trkpt lat="45.8652040" lon="15.2082550">
    <ele>416.0</ele>
    <time>2024-03-15T15:05:35Z</time>
   </trkpt>
   <trkpt lat="45.8651850" lon="15.2082350">
    <ele>416.0</ele>
    <time>2024-03-15T15:05:36Z</time>
   </trkpt>
   <trkpt lat="45.8651670" lon="15.2082150">
    <ele>416.0</ele>
    <time>2024-03-15T15:05:37Z</time>
   </trkpt>
   <trkpt lat="45.8651490" lon="15.2081960">
    <ele>416.0</ele>
    <time>2024-03-15T15:05:38Z</time>
   </trkpt>
   <trkpt lat="45.8651320" lon="15.2081760">
    <ele>416.0</ele>
    <time>2024-03-15T15:05:39Z</time>
   </trkpt>
   <trkpt lat="45.8651140" lon="15.2081570">
    <ele>416.0</ele>
    <time>2024-03-15T15:05:40Z</time>
   </trkpt>
   <trkpt lat="45.8650970" lon="15.2081370">
    <ele>416.0</ele>
    <time>2024-03-15T15:05:41Z</time>
   </trkpt>
   <trkpt lat="45.8650790" lon="15.2081160">
    <ele>416.0</ele>
    <time>2024-03-15T15:05:42Z</time>
   </trkpt>
   <trkpt lat="45.8650610" lon="15.2080940">
    <ele>416.0</ele>
    <time>2024-03-15T15:05:43Z</time>
   </trkpt>
   <trkpt lat="45.8650420" lon="15.2080720">
    <ele>416.0</ele>
    <time>2024-03-15T15:05:44Z</time>
   </trkpt>
   <trkpt lat="45.8650230" lon="15.2080500">
    <ele>416.0</ele>
    <time>2024-03-15T15:05:45Z</time>
   </trkpt>
   <trkpt lat="45.8650040" lon="15.2080280">
    <ele>417.0</ele>
    <time>2024-03-15T15:05:46Z</time>
   </trkpt>
   <trkpt lat="45.8649850" lon="15.2080060">
    <ele>417.0</ele>
    <time>2024-03-15T15:05:47Z</time>
   </trkpt>
   <trkpt lat="45.8649660" lon="15.2079850">
    <ele>417.0</ele>
    <time>2024-03-15T15:05:48Z</time>
   </trkpt>
   <trkpt lat="45.8649460" lon="15.2079630">
    <ele>417.0</ele>
    <time>2024-03-15T15:05:49Z</time>
   </trkpt>
   <trkpt lat="45.8649270" lon="15.2079410">
    <ele>417.0</ele>
    <time>2024-03-15T15:05:50Z</time>
   </trkpt>
   <trkpt lat="45.8649070" lon="15.2079180">
    <ele>417.0</ele>
    <time>2024-03-15T15:05:51Z</time>
   </trkpt>
   <trkpt lat="45.8648880" lon="15.2078960">
    <ele>417.0</ele>
    <time>2024-03-15T15:05:52Z</time>
   </trkpt>
   <trkpt lat="45.8648700" lon="15.2078750">
    <ele>417.0</ele>
    <time>2024-03-15T15:05:53Z</time>
   </trkpt>
   <trkpt lat="45.8648510" lon="15.2078550">
    <ele>417.0</ele>
    <time>2024-03-15T15:05:54Z</time>
   </trkpt>
   <trkpt lat="45.8648330" lon="15.2078370">
    <ele>417.0</ele>
    <time>2024-03-15T15:05:55Z</time>
   </trkpt>
   <trkpt lat="45.8648150" lon="15.2078200">
    <ele>417.0</ele>
    <time>2024-03-15T15:05:56Z</time>
   </trkpt>
   <trkpt lat="45.8647950" lon="15.2078010">
    <ele>417.0</ele>
    <time>2024-03-15T15:05:57Z</time>
   </trkpt>
   <trkpt lat="45.8647760" lon="15.2077830">
    <ele>417.0</ele>
    <time>2024-03-15T15:05:58Z</time>
   </trkpt>
   <trkpt lat="45.8647570" lon="15.2077620">
    <ele>417.0</ele>
    <time>2024-03-15T15:05:59Z</time>
   </trkpt>
   <trkpt lat="45.8647390" lon="15.2077410">
    <ele>417.0</ele>
    <time>2024-03-15T15:06:00Z</time>
   </trkpt>
   <trkpt lat="45.8647220" lon="15.2077160">
    <ele>418.0</ele>
    <time>2024-03-15T15:06:01Z</time>
   </trkpt>
   <trkpt lat="45.8647040" lon="15.2076910">
    <ele>418.0</ele>
    <time>2024-03-15T15:06:02Z</time>
   </trkpt>
   <trkpt lat="45.8646890" lon="15.2076630">
    <ele>418.0</ele>
    <time>2024-03-15T15:06:03Z</time>
   </trkpt>
   <trkpt lat="45.8646740" lon="15.2076350">
    <ele>418.0</ele>
    <time>2024-03-15T15:06:04Z</time>
   </trkpt>
   <trkpt lat="45.8646590" lon="15.2075990">
    <ele>418.0</ele>
    <time>2024-03-15T15:06:05Z</time>
   </trkpt>
   <trkpt lat="45.8646440" lon="15.2075620">
    <ele>418.0</ele>
    <time>2024-03-15T15:06:06Z</time>
   </trkpt>
   <trkpt lat="45.8646340" lon="15.2075190">
    <ele>418.0</ele>
    <time>2024-03-15T15:06:07Z</time>
   </trkpt>
   <trkpt lat="45.8646230" lon="15.2074770">
    <ele>418.0</ele>
    <time>2024-03-15T15:06:08Z</time>
   </trkpt>
   <trkpt lat="45.8646190" lon="15.2074310">
    <ele>418.0</ele>
    <time>2024-03-15T15:06:09Z</time>
   </trkpt>
   <trkpt lat="45.8646150" lon="15.2073860">
    <ele>418.0</ele>
    <time>2024-03-15T15:06:10Z</time>
   </trkpt>
   <trkpt lat="45.8646140" lon="15.2073410">
    <ele>418.0</ele>
    <time>2024-03-15T15:06:11Z</time>
   </trkpt>
   <trkpt lat="45.8646140" lon="15.2072970">
    <ele>418.0</ele>
    <time>2024-03-15T15:06:12Z</time>
   </trkpt>
   <trkpt lat="45.8646130" lon="15.2072540">
    <ele>418.0</ele>
    <time>2024-03-15T15:06:13Z</time>
   </trkpt>
   <trkpt lat="45.8646130" lon="15.2072110">
    <ele>418.0</ele>
    <time>2024-03-15T15:06:14Z</time>
   </trkpt>
   <trkpt lat="45.8646110" lon="15.2071700">
    <ele>418.0</ele>
    <time>2024-03-15T15:06:15Z</time>
   </trkpt>
   <trkpt lat="45.8646090" lon="15.2071300">
    <ele>418.0</ele>
    <time>2024-03-15T15:06:16Z</time>
   </trkpt>
   <trkpt lat="45.8646050" lon="15.2070950">
    <ele>418.0</ele>
    <time>2024-03-15T15:06:17Z</time>
   </trkpt>
   <trkpt lat="45.8646020" lon="15.2070600">
    <ele>418.0</ele>
    <time>2024-03-15T15:06:18Z</time>
   </trkpt>
   <trkpt lat="45.8645990" lon="15.2070300">
    <ele>418.0</ele>
    <time>2024-03-15T15:06:19Z</time>
   </trkpt>
   <trkpt lat="45.8645960" lon="15.2070010">
    <ele>418.0</ele>
    <time>2024-03-15T15:06:20Z</time>
   </trkpt>
   <trkpt lat="45.8645930" lon="15.2069720">
    <ele>419.0</ele>
    <time>2024-03-15T15:06:21Z</time>
   </trkpt>
   <trkpt lat="45.8645900" lon="15.2069440">
    <ele>419.0</ele>
    <time>2024-03-15T15:06:22Z</time>
   </trkpt>
   <trkpt lat="45.8645870" lon="15.2069140">
    <ele>419.0</ele>
    <time>2024-03-15T15:06:23Z</time>
   </trkpt>
   <trkpt lat="45.8645840" lon="15.2068830">
    <ele>419.0</ele>
    <time>2024-03-15T15:06:24Z</time>
   </trkpt>
   <trkpt lat="45.8645810" lon="15.2068530">
    <ele>419.0</ele>
    <time>2024-03-15T15:06:25Z</time>
   </trkpt>
   <trkpt lat="45.8645770" lon="15.2068220">
    <ele>419.0</ele>
    <time>2024-03-15T15:06:26Z</time>
   </trkpt>
   <trkpt lat="45.8645730" lon="15.2067920">
    <ele>419.0</ele>
    <time>2024-03-15T15:06:27Z</time>
   </trkpt>
   <trkpt lat="45.8645690" lon="15.2067620">
    <ele>419.0</ele>
    <time>2024-03-15T15:06:28Z</time>
   </trkpt>
   <trkpt lat="45.8645620" lon="15.2067310">
    <ele>419.0</ele>
    <time>2024-03-15T15:06:29Z</time>
   </trkpt>
   <trkpt lat="45.8645560" lon="15.2067000">
    <ele>419.0</ele>
    <time>2024-03-15T15:06:30Z</time>
   </trkpt>
   <trkpt lat="45.8645450" lon="15.2066720">
    <ele>420.0</ele>
    <time>2024-03-15T15:06:31Z</time>
   </trkpt>
   <trkpt lat="45.8645350" lon="15.2066430">
    <ele>420.0</ele>
    <time>2024-03-15T15:06:32Z</time>
   </trkpt>
   <trkpt lat="45.8645240" lon="15.2066180">
    <ele>420.0</ele>
    <time>2024-03-15T15:06:33Z</time>
   </trkpt>
   <trkpt lat="45.8645130" lon="15.2065920">
    <ele>420.0</ele>
    <time>2024-03-15T15:06:34Z</time>
   </trkpt>
   <trkpt lat="45.8645010" lon="15.2065720">
    <ele>420.0</ele>
    <time>2024-03-15T15:06:35Z</time>
   </trkpt>
   <trkpt lat="45.8644890" lon="15.2065520">
    <ele>420.0</ele>
    <time>2024-03-15T15:06:36Z</time>
   </trkpt>
   <trkpt lat="45.8644740" lon="15.2065320">
    <ele>420.0</ele>
    <time>2024-03-15T15:06:37Z</time>
   </trkpt>
   <trkpt lat="45.8644590" lon="15.2065110">
    <ele>420.0</ele>
    <time>2024-03-15T15:06:38Z</time>
   </trkpt>
   <trkpt lat="45.8644430" lon="15.2064910">
    <ele>420.0</ele>
    <time>2024-03-15T15:06:39Z</time>
   </trkpt>
   <trkpt lat="45.8644260" lon="15.2064710">
    <ele>420.0</ele>
    <time>2024-03-15T15:06:40Z</time>
   </trkpt>
   <trkpt lat="45.8644050" lon="15.2064490">
    <ele>421.0</ele>
    <time>2024-03-15T15:06:41Z</time>
   </trkpt>
   <trkpt lat="45.8643830" lon="15.2064280">
    <ele>421.0</ele>
    <time>2024-03-15T15:06:42Z</time>
   </trkpt>
   <trkpt lat="45.8643590" lon="15.2064000">
    <ele>421.0</ele>
    <time>2024-03-15T15:06:43Z</time>
   </trkpt>
   <trkpt lat="45.8643350" lon="15.2063710">
    <ele>421.0</ele>
    <time>2024-03-15T15:06:44Z</time>
   </trkpt>
   <trkpt lat="45.8643090" lon="15.2063350">
    <ele>421.0</ele>
    <time>2024-03-15T15:06:45Z</time>
   </trkpt>
   <trkpt lat="45.8642840" lon="15.2062980">
    <ele>421.0</ele>
    <time>2024-03-15T15:06:46Z</time>
   </trkpt>
   <trkpt lat="45.8642590" lon="15.2062580">
    <ele>421.0</ele>
    <time>2024-03-15T15:06:47Z</time>
   </trkpt>
   <trkpt lat="45.8642350" lon="15.2062170">
    <ele>421.0</ele>
    <time>2024-03-15T15:06:48Z</time>
   </trkpt>
   <trkpt lat="45.8642200" lon="15.2061730">
    <ele>421.0</ele>
    <time>2024-03-15T15:06:49Z</time>
   </trkpt>
   <trkpt lat="45.8642050" lon="15.2061300">
    <ele>421.0</ele>
    <time>2024-03-15T15:06:50Z</time>
   </trkpt>
   <trkpt lat="45.8641980" lon="15.2060850">
    <ele>422.0</ele>
    <time>2024-03-15T15:06:51Z</time>
   </trkpt>
   <trkpt lat="45.8641910" lon="15.2060400">
    <ele>422.0</ele>
    <time>2024-03-15T15:06:52Z</time>
   </trkpt>
   <trkpt lat="45.8641850" lon="15.2059970">
    <ele>422.0</ele>
    <time>2024-03-15T15:06:53Z</time>
   </trkpt>
   <trkpt lat="45.8641790" lon="15.2059540">
    <ele>422.0</ele>
    <time>2024-03-15T15:06:54Z</time>
   </trkpt>
   <trkpt lat="45.8641720" lon="15.2059120">
    <ele>422.0</ele>
    <time>2024-03-15T15:06:55Z</time>
   </trkpt>
   <trkpt lat="45.8641650" lon="15.2058700">
    <ele>422.0</ele>
    <time>2024-03-15T15:06:56Z</time>
   </trkpt>
   <trkpt lat="45.8641570" lon="15.2058270">
    <ele>422.0</ele>
    <time>2024-03-15T15:06:57Z</time>
   </trkpt>
   <trkpt lat="45.8641500" lon="15.2057840">
    <ele>422.0</ele>
    <time>2024-03-15T15:06:58Z</time>
   </trkpt>
   <trkpt lat="45.8641440" lon="15.2057390">
    <ele>422.0</ele>
    <time>2024-03-15T15:06:59Z</time>
   </trkpt>
   <trkpt lat="45.8641380" lon="15.2056930">
    <ele>422.0</ele>
    <time>2024-03-15T15:07:00Z</time>
   </trkpt>
   <trkpt lat="45.8641330" lon="15.2056480">
    <ele>422.0</ele>
    <time>2024-03-15T15:07:01Z</time>
   </trkpt>
   <trkpt lat="45.8641280" lon="15.2056020">
    <ele>422.0</ele>
    <time>2024-03-15T15:07:02Z</time>
   </trkpt>
   <trkpt lat="45.8641260" lon="15.2055550">
    <ele>422.0</ele>
    <time>2024-03-15T15:07:03Z</time>
   </trkpt>
   <trkpt lat="45.8641240" lon="15.2055080">
    <ele>422.0</ele>
    <time>2024-03-15T15:07:04Z</time>
   </trkpt>
   <trkpt lat="45.8641230" lon="15.2054630">
    <ele>422.0</ele>
    <time>2024-03-15T15:07:05Z</time>
   </trkpt>
   <trkpt lat="45.8641220" lon="15.2054190">
    <ele>422.0</ele>
    <time>2024-03-15T15:07:06Z</time>
   </trkpt>
   <trkpt lat="45.8641230" lon="15.2053800">
    <ele>422.0</ele>
    <time>2024-03-15T15:07:07Z</time>
   </trkpt>
   <trkpt lat="45.8641240" lon="15.2053410">
    <ele>422.0</ele>
    <time>2024-03-15T15:07:08Z</time>
   </trkpt>
   <trkpt lat="45.8641250" lon="15.2053060">
    <ele>422.0</ele>
    <time>2024-03-15T15:07:09Z</time>
   </trkpt>
   <trkpt lat="45.8641270" lon="15.2052700">
    <ele>422.0</ele>
    <time>2024-03-15T15:07:10Z</time>
   </trkpt>
   <trkpt lat="45.8641280" lon="15.2052350">
    <ele>422.0</ele>
    <time>2024-03-15T15:07:11Z</time>
   </trkpt>
   <trkpt lat="45.8641290" lon="15.2052000">
    <ele>422.0</ele>
    <time>2024-03-15T15:07:12Z</time>
   </trkpt>
   <trkpt lat="45.8641300" lon="15.2051660">
    <ele>422.0</ele>
    <time>2024-03-15T15:07:13Z</time>
   </trkpt>
   <trkpt lat="45.8641310" lon="15.2051310">
    <ele>422.0</ele>
    <time>2024-03-15T15:07:14Z</time>
   </trkpt>
   <trkpt lat="45.8641340" lon="15.2050970">
    <ele>422.0</ele>
    <time>2024-03-15T15:07:15Z</time>
   </trkpt>
   <trkpt lat="45.8641370" lon="15.2050630">
    <ele>422.0</ele>
    <time>2024-03-15T15:07:16Z</time>
   </trkpt>
   <trkpt lat="45.8641420" lon="15.2050260">
    <ele>422.0</ele>
    <time>2024-03-15T15:07:17Z</time>
   </trkpt>
   <trkpt lat="45.8641460" lon="15.2049890">
    <ele>422.0</ele>
    <time>2024-03-15T15:07:18Z</time>
   </trkpt>
   <trkpt lat="45.8641530" lon="15.2049500">
    <ele>422.0</ele>
    <time>2024-03-15T15:07:19Z</time>
   </trkpt>
   <trkpt lat="45.8641600" lon="15.2049110">
    <ele>422.0</ele>
    <time>2024-03-15T15:07:20Z</time>
   </trkpt>
   <trkpt lat="45.8641670" lon="15.2048700">
    <ele>422.0</ele>
    <time>2024-03-15T15:07:21Z</time>
   </trkpt>
   <trkpt lat="45.8641740" lon="15.2048300">
    <ele>422.0</ele>
    <time>2024-03-15T15:07:22Z</time>
   </trkpt>
   <trkpt lat="45.8641810" lon="15.2047880">
    <ele>422.0</ele>
    <time>2024-03-15T15:07:23Z</time>
   </trkpt>
   <trkpt lat="45.8641870" lon="15.2047470">
    <ele>422.0</ele>
    <time>2024-03-15T15:07:24Z</time>
   </trkpt>
   <trkpt lat="45.8641930" lon="15.2047030">
    <ele>422.0</ele>
    <time>2024-03-15T15:07:25Z</time>
   </trkpt>
   <trkpt lat="45.8641990" lon="15.2046590">
    <ele>422.0</ele>
    <time>2024-03-15T15:07:26Z</time>
   </trkpt>
   <trkpt lat="45.8642040" lon="15.2046130">
    <ele>422.0</ele>
    <time>2024-03-15T15:07:27Z</time>
   </trkpt>
   <trkpt lat="45.8642080" lon="15.2045670">
    <ele>422.0</ele>
    <time>2024-03-15T15:07:28Z</time>
   </trkpt>
   <trkpt lat="45.8642120" lon="15.2045220">
    <ele>422.0</ele>
    <time>2024-03-15T15:07:29Z</time>
   </trkpt>
   <trkpt lat="45.8642170" lon="15.2044770">
    <ele>422.0</ele>
    <time>2024-03-15T15:07:30Z</time>
   </trkpt>
   <trkpt lat="45.8642220" lon="15.2044340">
    <ele>422.0</ele>
    <time>2024-03-15T15:07:31Z</time>
   </trkpt>
   <trkpt lat="45.8642260" lon="15.2043910">
    <ele>422.0</ele>
    <time>2024-03-15T15:07:32Z</time>
   </trkpt>
   <trkpt lat="45.8642300" lon="15.2043500">
    <ele>422.0</ele>
    <time>2024-03-15T15:07:33Z</time>
   </trkpt>
   <trkpt lat="45.8642340" lon="15.2043090">
    <ele>422.0</ele>
    <time>2024-03-15T15:07:34Z</time>
   </trkpt>
   <trkpt lat="45.8642370" lon="15.2042710">
    <ele>422.0</ele>
    <time>2024-03-15T15:07:35Z</time>
   </trkpt>
   <trkpt lat="45.8642400" lon="15.2042340">
    <ele>422.0</ele>
    <time>2024-03-15T15:07:36Z</time>
   </trkpt>
   <trkpt lat="45.8642440" lon="15.2042000">
    <ele>422.0</ele>
    <time>2024-03-15T15:07:37Z</time>
   </trkpt>
   <trkpt lat="45.8642480" lon="15.2041650">
    <ele>422.0</ele>
    <time>2024-03-15T15:07:38Z</time>
   </trkpt>
   <trkpt lat="45.8642510" lon="15.2041300">
    <ele>422.0</ele>
    <time>2024-03-15T15:07:39Z</time>
   </trkpt>
   <trkpt lat="45.8642550" lon="15.2040950">
    <ele>422.0</ele>
    <time>2024-03-15T15:07:40Z</time>
   </trkpt>
   <trkpt lat="45.8642570" lon="15.2040590">
    <ele>422.0</ele>
    <time>2024-03-15T15:07:41Z</time>
   </trkpt>
   <trkpt lat="45.8642590" lon="15.2040230">
    <ele>422.0</ele>
    <time>2024-03-15T15:07:42Z</time>
   </trkpt>
   <trkpt lat="45.8642610" lon="15.2039850">
    <ele>422.0</ele>
    <time>2024-03-15T15:07:43Z</time>
   </trkpt>
   <trkpt lat="45.8642630" lon="15.2039480">
    <ele>422.0</ele>
    <time>2024-03-15T15:07:44Z</time>
   </trkpt>
   <trkpt lat="45.8642700" lon="15.2038810">
    <ele>422.0</ele>
    <time>2024-03-15T15:07:45Z</time>
   </trkpt>
   <trkpt lat="45.8642760" lon="15.2038140">
    <ele>422.0</ele>
    <time>2024-03-15T15:07:46Z</time>
   </trkpt>
   <trkpt lat="45.8642760" lon="15.2038140">
    <ele>422.0</ele>
    <time>2024-03-15T15:07:47Z</time>
   </trkpt>
   <trkpt lat="45.8642680" lon="15.2037250">
    <ele>422.0</ele>
    <time>2024-03-15T15:10:09Z</time>
   </trkpt>
   <trkpt lat="45.8642640" lon="15.2037180">
    <ele>422.0</ele>
    <time>2024-03-15T15:10:10Z</time>
   </trkpt>
   <trkpt lat="45.8642590" lon="15.2037100">
    <ele>422.0</ele>
    <time>2024-03-15T15:10:11Z</time>
   </trkpt>
   <trkpt lat="45.8642560" lon="15.2036990">
    <ele>422.0</ele>
    <time>2024-03-15T15:10:12Z</time>
   </trkpt>
   <trkpt lat="45.8642520" lon="15.2036880">
    <ele>423.0</ele>
    <time>2024-03-15T15:10:13Z</time>
   </trkpt>
   <trkpt lat="45.8642500" lon="15.2036720">
    <ele>423.0</ele>
    <time>2024-03-15T15:10:14Z</time>
   </trkpt>
   <trkpt lat="45.8642470" lon="15.2036570">
    <ele>423.0</ele>
    <time>2024-03-15T15:10:15Z</time>
   </trkpt>
   <trkpt lat="45.8642450" lon="15.2036410">
    <ele>423.0</ele>
    <time>2024-03-15T15:10:16Z</time>
   </trkpt>
   <trkpt lat="45.8642430" lon="15.2036260">
    <ele>424.0</ele>
    <time>2024-03-15T15:10:17Z</time>
   </trkpt>
   <trkpt lat="45.8642410" lon="15.2036090">
    <ele>424.0</ele>
    <time>2024-03-15T15:10:18Z</time>
   </trkpt>
   <trkpt lat="45.8642380" lon="15.2035910">
    <ele>424.0</ele>
    <time>2024-03-15T15:10:19Z</time>
   </trkpt>
   <trkpt lat="45.8642350" lon="15.2035730">
    <ele>424.0</ele>
    <time>2024-03-15T15:10:20Z</time>
   </trkpt>
   <trkpt lat="45.8642330" lon="15.2035540">
    <ele>424.0</ele>
    <time>2024-03-15T15:10:21Z</time>
   </trkpt>
   <trkpt lat="45.8642310" lon="15.2035330">
    <ele>424.0</ele>
    <time>2024-03-15T15:10:22Z</time>
   </trkpt>
   <trkpt lat="45.8642280" lon="15.2035120">
    <ele>424.0</ele>
    <time>2024-03-15T15:10:23Z</time>
   </trkpt>
   <trkpt lat="45.8642260" lon="15.2034900">
    <ele>424.0</ele>
    <time>2024-03-15T15:10:24Z</time>
   </trkpt>
   <trkpt lat="45.8642240" lon="15.2034670">
    <ele>424.0</ele>
    <time>2024-03-15T15:10:25Z</time>
   </trkpt>
   <trkpt lat="45.8642180" lon="15.2034440">
    <ele>424.0</ele>
    <time>2024-03-15T15:10:26Z</time>
   </trkpt>
   <trkpt lat="45.8642130" lon="15.2034210">
    <ele>425.0</ele>
    <time>2024-03-15T15:10:27Z</time>
   </trkpt>
   <trkpt lat="45.8642040" lon="15.2033980">
    <ele>424.0</ele>
    <time>2024-03-15T15:10:28Z</time>
   </trkpt>
   <trkpt lat="45.8641960" lon="15.2033740">
    <ele>424.0</ele>
    <time>2024-03-15T15:10:29Z</time>
   </trkpt>
   <trkpt lat="45.8641910" lon="15.2033500">
    <ele>424.0</ele>
    <time>2024-03-15T15:10:30Z</time>
   </trkpt>
   <trkpt lat="45.8641860" lon="15.2033260">
    <ele>424.0</ele>
    <time>2024-03-15T15:10:31Z</time>
   </trkpt>
   <trkpt lat="45.8641840" lon="15.2033060">
    <ele>424.0</ele>
    <time>2024-03-15T15:10:32Z</time>
   </trkpt>
   <trkpt lat="45.8641820" lon="15.2032860">
    <ele>424.0</ele>
    <time>2024-03-15T15:10:33Z</time>
   </trkpt>
   <trkpt lat="45.8641770" lon="15.2032700">
    <ele>424.0</ele>
    <time>2024-03-15T15:10:34Z</time>
   </trkpt>
   <trkpt lat="45.8641730" lon="15.2032540">
    <ele>424.0</ele>
    <time>2024-03-15T15:10:35Z</time>
   </trkpt>
   <trkpt lat="45.8641670" lon="15.2032380">
    <ele>424.0</ele>
    <time>2024-03-15T15:10:36Z</time>
   </trkpt>
   <trkpt lat="45.8641600" lon="15.2032220">
    <ele>425.0</ele>
    <time>2024-03-15T15:10:37Z</time>
   </trkpt>
   <trkpt lat="45.8641560" lon="15.2032060">
    <ele>425.0</ele>
    <time>2024-03-15T15:10:38Z</time>
   </trkpt>
   <trkpt lat="45.8641530" lon="15.2031900">
    <ele>425.0</ele>
    <time>2024-03-15T15:10:39Z</time>
   </trkpt>
   <trkpt lat="45.8641490" lon="15.2031730">
    <ele>425.0</ele>
    <time>2024-03-15T15:10:40Z</time>
   </trkpt>
   <trkpt lat="45.8641460" lon="15.2031570">
    <ele>425.0</ele>
    <time>2024-03-15T15:10:41Z</time>
   </trkpt>
   <trkpt lat="45.8641430" lon="15.2031400">
    <ele>425.0</ele>
    <time>2024-03-15T15:10:42Z</time>
   </trkpt>
   <trkpt lat="45.8641400" lon="15.2031230">
    <ele>425.0</ele>
    <time>2024-03-15T15:10:43Z</time>
   </trkpt>
   <trkpt lat="45.8641360" lon="15.2031050">
    <ele>425.0</ele>
    <time>2024-03-15T15:10:44Z</time>
   </trkpt>
   <trkpt lat="45.8641330" lon="15.2030880">
    <ele>425.0</ele>
    <time>2024-03-15T15:10:45Z</time>
   </trkpt>
   <trkpt lat="45.8641270" lon="15.2030680">
    <ele>425.0</ele>
    <time>2024-03-15T15:10:46Z</time>
   </trkpt>
   <trkpt lat="45.8641220" lon="15.2030490">
    <ele>426.0</ele>
    <time>2024-03-15T15:10:47Z</time>
   </trkpt>
   <trkpt lat="45.8641160" lon="15.2030290">
    <ele>426.0</ele>
    <time>2024-03-15T15:10:48Z</time>
   </trkpt>
   <trkpt lat="45.8641090" lon="15.2030080">
    <ele>426.0</ele>
    <time>2024-03-15T15:10:49Z</time>
   </trkpt>
   <trkpt lat="45.8641010" lon="15.2029870">
    <ele>426.0</ele>
    <time>2024-03-15T15:10:50Z</time>
   </trkpt>
   <trkpt lat="45.8640930" lon="15.2029660">
    <ele>426.0</ele>
    <time>2024-03-15T15:10:51Z</time>
   </trkpt>
   <trkpt lat="45.8640830" lon="15.2029470">
    <ele>426.0</ele>
    <time>2024-03-15T15:10:52Z</time>
   </trkpt>
   <trkpt lat="45.8640740" lon="15.2029290">
    <ele>426.0</ele>
    <time>2024-03-15T15:10:53Z</time>
   </trkpt>
   <trkpt lat="45.8640670" lon="15.2029130">
    <ele>426.0</ele>
    <time>2024-03-15T15:10:54Z</time>
   </trkpt>
   <trkpt lat="45.8640600" lon="15.2028980">
    <ele>426.0</ele>
    <time>2024-03-15T15:10:55Z</time>
   </trkpt>
   <trkpt lat="45.8640550" lon="15.2028820">
    <ele>426.0</ele>
    <time>2024-03-15T15:10:56Z</time>
   </trkpt>
   <trkpt lat="45.8640510" lon="15.2028670">
    <ele>427.0</ele>
    <time>2024-03-15T15:10:57Z</time>
   </trkpt>
   <trkpt lat="45.8640480" lon="15.2028480">
    <ele>427.0</ele>
    <time>2024-03-15T15:10:58Z</time>
   </trkpt>
   <trkpt lat="45.8640460" lon="15.2028290">
    <ele>427.0</ele>
    <time>2024-03-15T15:10:59Z</time>
   </trkpt>
   <trkpt lat="45.8640460" lon="15.2028060">
    <ele>427.0</ele>
    <time>2024-03-15T15:11:00Z</time>
   </trkpt>
   <trkpt lat="45.8640470" lon="15.2027830">
    <ele>427.0</ele>
    <time>2024-03-15T15:11:01Z</time>
   </trkpt>
   <trkpt lat="45.8640440" lon="15.2027540">
    <ele>428.0</ele>
    <time>2024-03-15T15:11:02Z</time>
   </trkpt>
   <trkpt lat="45.8640410" lon="15.2027260">
    <ele>428.0</ele>
    <time>2024-03-15T15:11:03Z</time>
   </trkpt>
   <trkpt lat="45.8640370" lon="15.2027000">
    <ele>428.0</ele>
    <time>2024-03-15T15:11:04Z</time>
   </trkpt>
   <trkpt lat="45.8640330" lon="15.2026740">
    <ele>428.0</ele>
    <time>2024-03-15T15:11:05Z</time>
   </trkpt>
   <trkpt lat="45.8640310" lon="15.2026500">
    <ele>428.0</ele>
    <time>2024-03-15T15:11:06Z</time>
   </trkpt>
   <trkpt lat="45.8640280" lon="15.2026260">
    <ele>428.0</ele>
    <time>2024-03-15T15:11:07Z</time>
   </trkpt>
   <trkpt lat="45.8640250" lon="15.2026050">
    <ele>428.0</ele>
    <time>2024-03-15T15:11:08Z</time>
   </trkpt>
   <trkpt lat="45.8640220" lon="15.2025830">
    <ele>428.0</ele>
    <time>2024-03-15T15:11:09Z</time>
   </trkpt>
   <trkpt lat="45.8640170" lon="15.2025640">
    <ele>428.0</ele>
    <time>2024-03-15T15:11:10Z</time>
   </trkpt>
   <trkpt lat="45.8640130" lon="15.2025450">
    <ele>428.0</ele>
    <time>2024-03-15T15:11:11Z</time>
   </trkpt>
   <trkpt lat="45.8640090" lon="15.2025270">
    <ele>429.0</ele>
    <time>2024-03-15T15:11:12Z</time>
   </trkpt>
   <trkpt lat="45.8640040" lon="15.2025090">
    <ele>429.0</ele>
    <time>2024-03-15T15:11:13Z</time>
   </trkpt>
   <trkpt lat="45.8640010" lon="15.2024900">
    <ele>429.0</ele>
    <time>2024-03-15T15:11:14Z</time>
   </trkpt>
   <trkpt lat="45.8639970" lon="15.2024710">
    <ele>429.0</ele>
    <time>2024-03-15T15:11:15Z</time>
   </trkpt>
   <trkpt lat="45.8639960" lon="15.2024500">
    <ele>429.0</ele>
    <time>2024-03-15T15:11:16Z</time>
   </trkpt>
   <trkpt lat="45.8639950" lon="15.2024290">
    <ele>430.0</ele>
    <time>2024-03-15T15:11:17Z</time>
   </trkpt>
   <trkpt lat="45.8639930" lon="15.2024080">
    <ele>430.0</ele>
    <time>2024-03-15T15:11:18Z</time>
   </trkpt>
   <trkpt lat="45.8639910" lon="15.2023870">
    <ele>430.0</ele>
    <time>2024-03-15T15:11:19Z</time>
   </trkpt>
   <trkpt lat="45.8639880" lon="15.2023680">
    <ele>430.0</ele>
    <time>2024-03-15T15:11:20Z</time>
   </trkpt>
   <trkpt lat="45.8639850" lon="15.2023480">
    <ele>430.0</ele>
    <time>2024-03-15T15:11:21Z</time>
   </trkpt>
   <trkpt lat="45.8639820" lon="15.2023320">
    <ele>431.0</ele>
    <time>2024-03-15T15:11:22Z</time>
   </trkpt>
   <trkpt lat="45.8639790" lon="15.2023170">
    <ele>431.0</ele>
    <time>2024-03-15T15:11:23Z</time>
   </trkpt>
   <trkpt lat="45.8639750" lon="15.2022970">
    <ele>431.0</ele>
    <time>2024-03-15T15:11:24Z</time>
   </trkpt>
   <trkpt lat="45.8639710" lon="15.2022770">
    <ele>431.0</ele>
    <time>2024-03-15T15:11:25Z</time>
   </trkpt>
   <trkpt lat="45.8639660" lon="15.2022540">
    <ele>431.0</ele>
    <time>2024-03-15T15:11:26Z</time>
   </trkpt>
   <trkpt lat="45.8639610" lon="15.2022310">
    <ele>432.0</ele>
    <time>2024-03-15T15:11:27Z</time>
   </trkpt>
   <trkpt lat="45.8639590" lon="15.2022100">
    <ele>432.0</ele>
    <time>2024-03-15T15:11:28Z</time>
   </trkpt>
   <trkpt lat="45.8639560" lon="15.2021890">
    <ele>432.0</ele>
    <time>2024-03-15T15:11:29Z</time>
   </trkpt>
   <trkpt lat="45.8639580" lon="15.2021730">
    <ele>432.0</ele>
    <time>2024-03-15T15:11:30Z</time>
   </trkpt>
   <trkpt lat="45.8639590" lon="15.2021570">
    <ele>432.0</ele>
    <time>2024-03-15T15:11:31Z</time>
   </trkpt>
   <trkpt lat="45.8639650" lon="15.2021490">
    <ele>432.0</ele>
    <time>2024-03-15T15:11:32Z</time>
   </trkpt>
   <trkpt lat="45.8639700" lon="15.2021420">
    <ele>432.0</ele>
    <time>2024-03-15T15:11:33Z</time>
   </trkpt>
   <trkpt lat="45.8639800" lon="15.2021430">
    <ele>432.0</ele>
    <time>2024-03-15T15:11:34Z</time>
   </trkpt>
   <trkpt lat="45.8639900" lon="15.2021430">
    <ele>433.0</ele>
    <time>2024-03-15T15:11:35Z</time>
   </trkpt>
   <trkpt lat="45.8640040" lon="15.2021480">
    <ele>433.0</ele>
    <time>2024-03-15T15:11:36Z</time>
   </trkpt>
   <trkpt lat="45.8640180" lon="15.2021530">
    <ele>434.0</ele>
    <time>2024-03-15T15:11:37Z</time>
   </trkpt>
   <trkpt lat="45.8640340" lon="15.2021600">
    <ele>434.0</ele>
    <time>2024-03-15T15:11:38Z</time>
   </trkpt>
   <trkpt lat="45.8640500" lon="15.2021670">
    <ele>434.0</ele>
    <time>2024-03-15T15:11:39Z</time>
   </trkpt>
   <trkpt lat="45.8640650" lon="15.2021760">
    <ele>434.0</ele>
    <time>2024-03-15T15:11:40Z</time>
   </trkpt>
   <trkpt lat="45.8640800" lon="15.2021860">
    <ele>434.0</ele>
    <time>2024-03-15T15:11:41Z</time>
   </trkpt>
   <trkpt lat="45.8640940" lon="15.2021980">
    <ele>435.0</ele>
    <time>2024-03-15T15:11:42Z</time>
   </trkpt>
   <trkpt lat="45.8641080" lon="15.2022110">
    <ele>435.0</ele>
    <time>2024-03-15T15:11:43Z</time>
   </trkpt>
   <trkpt lat="45.8641210" lon="15.2022260">
    <ele>435.0</ele>
    <time>2024-03-15T15:11:44Z</time>
   </trkpt>
   <trkpt lat="45.8641340" lon="15.2022420">
    <ele>435.0</ele>
    <time>2024-03-15T15:11:45Z</time>
   </trkpt>
   <trkpt lat="45.8641490" lon="15.2022590">
    <ele>435.0</ele>
    <time>2024-03-15T15:11:46Z</time>
   </trkpt>
   <trkpt lat="45.8641640" lon="15.2022760">
    <ele>436.0</ele>
    <time>2024-03-15T15:11:47Z</time>
   </trkpt>
   <trkpt lat="45.8641790" lon="15.2022910">
    <ele>436.0</ele>
    <time>2024-03-15T15:11:48Z</time>
   </trkpt>
   <trkpt lat="45.8641930" lon="15.2023060">
    <ele>436.0</ele>
    <time>2024-03-15T15:11:49Z</time>
   </trkpt>
   <trkpt lat="45.8642070" lon="15.2023210">
    <ele>436.0</ele>
    <time>2024-03-15T15:11:50Z</time>
   </trkpt>
   <trkpt lat="45.8642210" lon="15.2023350">
    <ele>436.0</ele>
    <time>2024-03-15T15:11:51Z</time>
   </trkpt>
   <trkpt lat="45.8642340" lon="15.2023500">
    <ele>437.0</ele>
    <time>2024-03-15T15:11:52Z</time>
   </trkpt>
   <trkpt lat="45.8642480" lon="15.2023650">
    <ele>437.0</ele>
    <time>2024-03-15T15:11:53Z</time>
   </trkpt>
   <trkpt lat="45.8642600" lon="15.2023790">
    <ele>437.0</ele>
    <time>2024-03-15T15:11:54Z</time>
   </trkpt>
   <trkpt lat="45.8642730" lon="15.2023940">
    <ele>437.0</ele>
    <time>2024-03-15T15:11:55Z</time>
   </trkpt>
   <trkpt lat="45.8642870" lon="15.2024080">
    <ele>437.0</ele>
    <time>2024-03-15T15:11:56Z</time>
   </trkpt>
   <trkpt lat="45.8643010" lon="15.2024220">
    <ele>438.0</ele>
    <time>2024-03-15T15:11:57Z</time>
   </trkpt>
   <trkpt lat="45.8643190" lon="15.2024340">
    <ele>438.0</ele>
    <time>2024-03-15T15:11:58Z</time>
   </trkpt>
   <trkpt lat="45.8643370" lon="15.2024470">
    <ele>438.0</ele>
    <time>2024-03-15T15:11:59Z</time>
   </trkpt>
   <trkpt lat="45.8643520" lon="15.2024570">
    <ele>438.0</ele>
    <time>2024-03-15T15:12:00Z</time>
   </trkpt>
   <trkpt lat="45.8643680" lon="15.2024680">
    <ele>438.0</ele>
    <time>2024-03-15T15:12:01Z</time>
   </trkpt>
   <trkpt lat="45.8643830" lon="15.2024770">
    <ele>438.0</ele>
    <time>2024-03-15T15:12:02Z</time>
   </trkpt>
   <trkpt lat="45.8643980" lon="15.2024860">
    <ele>438.0</ele>
    <time>2024-03-15T15:12:03Z</time>
   </trkpt>
   <trkpt lat="45.8644140" lon="15.2024910">
    <ele>438.0</ele>
    <time>2024-03-15T15:12:04Z</time>
   </trkpt>
   <trkpt lat="45.8644290" lon="15.2024970">
    <ele>439.0</ele>
    <time>2024-03-15T15:12:05Z</time>
   </trkpt>
   <trkpt lat="45.8644430" lon="15.2024960">
    <ele>439.0</ele>
    <time>2024-03-15T15:12:06Z</time>
   </trkpt>
   <trkpt lat="45.8644580" lon="15.2024950">
    <ele>440.0</ele>
    <time>2024-03-15T15:12:07Z</time>
   </trkpt>
   <trkpt lat="45.8644720" lon="15.2024900">
    <ele>440.0</ele>
    <time>2024-03-15T15:12:08Z</time>
   </trkpt>
   <trkpt lat="45.8644860" lon="15.2024840">
    <ele>440.0</ele>
    <time>2024-03-15T15:12:09Z</time>
   </trkpt>
   <trkpt lat="45.8644990" lon="15.2024780">
    <ele>440.0</ele>
    <time>2024-03-15T15:12:10Z</time>
   </trkpt>
   <trkpt lat="45.8645110" lon="15.2024710">
    <ele>440.0</ele>
    <time>2024-03-15T15:12:11Z</time>
   </trkpt>
   <trkpt lat="45.8645240" lon="15.2024610">
    <ele>441.0</ele>
    <time>2024-03-15T15:12:12Z</time>
   </trkpt>
   <trkpt lat="45.8645360" lon="15.2024510">
    <ele>441.0</ele>
    <time>2024-03-15T15:12:13Z</time>
   </trkpt>
   <trkpt lat="45.8645470" lon="15.2024370">
    <ele>441.0</ele>
    <time>2024-03-15T15:12:14Z</time>
   </trkpt>
   <trkpt lat="45.8645580" lon="15.2024240">
    <ele>441.0</ele>
    <time>2024-03-15T15:12:15Z</time>
   </trkpt>
   <trkpt lat="45.8645690" lon="15.2024070">
    <ele>441.0</ele>
    <time>2024-03-15T15:12:16Z</time>
   </trkpt>
   <trkpt lat="45.8645790" lon="15.2023900">
    <ele>442.0</ele>
    <time>2024-03-15T15:12:17Z</time>
   </trkpt>
   <trkpt lat="45.8645910" lon="15.2023700">
    <ele>442.0</ele>
    <time>2024-03-15T15:12:18Z</time>
   </trkpt>
   <trkpt lat="45.8646030" lon="15.2023510">
    <ele>442.0</ele>
    <time>2024-03-15T15:12:19Z</time>
   </trkpt>
   <trkpt lat="45.8646140" lon="15.2023310">
    <ele>442.0</ele>
    <time>2024-03-15T15:12:20Z</time>
   </trkpt>
   <trkpt lat="45.8646250" lon="15.2023110">
    <ele>442.0</ele>
    <time>2024-03-15T15:12:21Z</time>
   </trkpt>
   <trkpt lat="45.8646350" lon="15.2022920">
    <ele>443.0</ele>
    <time>2024-03-15T15:12:22Z</time>
   </trkpt>
   <trkpt lat="45.8646460" lon="15.2022720">
    <ele>443.0</ele>
    <time>2024-03-15T15:12:23Z</time>
   </trkpt>
   <trkpt lat="45.8646550" lon="15.2022530">
    <ele>443.0</ele>
    <time>2024-03-15T15:12:24Z</time>
   </trkpt>
   <trkpt lat="45.8646640" lon="15.2022350">
    <ele>444.0</ele>
    <time>2024-03-15T15:12:25Z</time>
   </trkpt>
   <trkpt lat="45.8646720" lon="15.2022180">
    <ele>444.0</ele>
    <time>2024-03-15T15:12:26Z</time>
   </trkpt>
   <trkpt lat="45.8646800" lon="15.2022010">
    <ele>445.0</ele>
    <time>2024-03-15T15:12:27Z</time>
   </trkpt>
   <trkpt lat="45.8646880" lon="15.2021860">
    <ele>445.0</ele>
    <time>2024-03-15T15:12:28Z</time>
   </trkpt>
   <trkpt lat="45.8646960" lon="15.2021710">
    <ele>445.0</ele>
    <time>2024-03-15T15:12:29Z</time>
   </trkpt>
   <trkpt lat="45.8647030" lon="15.2021570">
    <ele>445.0</ele>
    <time>2024-03-15T15:12:30Z</time>
   </trkpt>
   <trkpt lat="45.8647110" lon="15.2021420">
    <ele>445.0</ele>
    <time>2024-03-15T15:12:31Z</time>
   </trkpt>
   <trkpt lat="45.8647180" lon="15.2021250">
    <ele>446.0</ele>
    <time>2024-03-15T15:12:32Z</time>
   </trkpt>
   <trkpt lat="45.8647250" lon="15.2021080">
    <ele>446.0</ele>
    <time>2024-03-15T15:12:33Z</time>
   </trkpt>
   <trkpt lat="45.8647310" lon="15.2020890">
    <ele>446.0</ele>
    <time>2024-03-15T15:12:34Z</time>
   </trkpt>
   <trkpt lat="45.8647370" lon="15.2020710">
    <ele>446.0</ele>
    <time>2024-03-15T15:12:35Z</time>
   </trkpt>
   <trkpt lat="45.8647420" lon="15.2020520">
    <ele>446.0</ele>
    <time>2024-03-15T15:12:36Z</time>
   </trkpt>
   <trkpt lat="45.8647460" lon="15.2020340">
    <ele>447.0</ele>
    <time>2024-03-15T15:12:37Z</time>
   </trkpt>
   <trkpt lat="45.8647520" lon="15.2020160">
    <ele>447.0</ele>
    <time>2024-03-15T15:12:38Z</time>
   </trkpt>
   <trkpt lat="45.8647570" lon="15.2019980">
    <ele>447.0</ele>
    <time>2024-03-15T15:12:39Z</time>
   </trkpt>
   <trkpt lat="45.8647630" lon="15.2019800">
    <ele>447.0</ele>
    <time>2024-03-15T15:12:40Z</time>
   </trkpt>
   <trkpt lat="45.8647690" lon="15.2019620">
    <ele>447.0</ele>
    <time>2024-03-15T15:12:41Z</time>
   </trkpt>
   <trkpt lat="45.8647750" lon="15.2019450">
    <ele>448.0</ele>
    <time>2024-03-15T15:12:42Z</time>
   </trkpt>
   <trkpt lat="45.8647810" lon="15.2019270">
    <ele>448.0</ele>
    <time>2024-03-15T15:12:43Z</time>
   </trkpt>
   <trkpt lat="45.8647870" lon="15.2019110">
    <ele>448.0</ele>
    <time>2024-03-15T15:12:44Z</time>
   </trkpt>
   <trkpt lat="45.8647920" lon="15.2018940">
    <ele>448.0</ele>
    <time>2024-03-15T15:12:45Z</time>
   </trkpt>
   <trkpt lat="45.8647960" lon="15.2018780">
    <ele>448.0</ele>
    <time>2024-03-15T15:12:46Z</time>
   </trkpt>
   <trkpt lat="45.8648000" lon="15.2018620">
    <ele>449.0</ele>
    <time>2024-03-15T15:12:47Z</time>
   </trkpt>
   <trkpt lat="45.8648040" lon="15.2018440">
    <ele>449.0</ele>
    <time>2024-03-15T15:12:48Z</time>
   </trkpt>
   <trkpt lat="45.8648070" lon="15.2018260">
    <ele>449.0</ele>
    <time>2024-03-15T15:12:49Z</time>
   </trkpt>
   <trkpt lat="45.8648120" lon="15.2018060">
    <ele>449.0</ele>
    <time>2024-03-15T15:12:50Z</time>
   </trkpt>
   <trkpt lat="45.8648160" lon="15.2017860">
    <ele>449.0</ele>
    <time>2024-03-15T15:12:51Z</time>
   </trkpt>
   <trkpt lat="45.8648210" lon="15.2017670">
    <ele>450.0</ele>
    <time>2024-03-15T15:12:52Z</time>
   </trkpt>
   <trkpt lat="45.8648260" lon="15.2017470">
    <ele>450.0</ele>
    <time>2024-03-15T15:12:53Z</time>
   </trkpt>
   <trkpt lat="45.8648290" lon="15.2017290">
    <ele>450.0</ele>
    <time>2024-03-15T15:12:54Z</time>
   </trkpt>
   <trkpt lat="45.8648320" lon="15.2017100">
    <ele>450.0</ele>
    <time>2024-03-15T15:12:55Z</time>
   </trkpt>
   <trkpt lat="45.8648350" lon="15.2016910">
    <ele>450.0</ele>
    <time>2024-03-15T15:12:56Z</time>
   </trkpt>
   <trkpt lat="45.8648380" lon="15.2016740">
    <ele>451.0</ele>
    <time>2024-03-15T15:12:57Z</time>
   </trkpt>
   <trkpt lat="45.8648420" lon="15.2016560">
    <ele>451.0</ele>
    <time>2024-03-15T15:12:58Z</time>
   </trkpt>
   <trkpt lat="45.8648450" lon="15.2016380">
    <ele>451.0</ele>
    <time>2024-03-15T15:12:59Z</time>
   </trkpt>
   <trkpt lat="45.8648490" lon="15.2016200">
    <ele>451.0</ele>
    <time>2024-03-15T15:13:00Z</time>
   </trkpt>
   <trkpt lat="45.8648520" lon="15.2016010">
    <ele>451.0</ele>
    <time>2024-03-15T15:13:01Z</time>
   </trkpt>
   <trkpt lat="45.8648540" lon="15.2015830">
    <ele>452.0</ele>
    <time>2024-03-15T15:13:02Z</time>
   </trkpt>
   <trkpt lat="45.8648560" lon="15.2015630">
    <ele>452.0</ele>
    <time>2024-03-15T15:13:03Z</time>
   </trkpt>
   <trkpt lat="45.8648570" lon="15.2015420">
    <ele>452.0</ele>
    <time>2024-03-15T15:13:04Z</time>
   </trkpt>
   <trkpt lat="45.8648580" lon="15.2015200">
    <ele>452.0</ele>
    <time>2024-03-15T15:13:05Z</time>
   </trkpt>
   <trkpt lat="45.8648590" lon="15.2014980">
    <ele>452.0</ele>
    <time>2024-03-15T15:13:06Z</time>
   </trkpt>
   <trkpt lat="45.8648580" lon="15.2014760">
    <ele>453.0</ele>
    <time>2024-03-15T15:13:07Z</time>
   </trkpt>
   <trkpt lat="45.8648580" lon="15.2014530">
    <ele>453.0</ele>
    <time>2024-03-15T15:13:08Z</time>
   </trkpt>
   <trkpt lat="45.8648580" lon="15.2014320">
    <ele>453.0</ele>
    <time>2024-03-15T15:13:09Z</time>
   </trkpt>
   <trkpt lat="45.8648570" lon="15.2014110">
    <ele>453.0</ele>
    <time>2024-03-15T15:13:10Z</time>
   </trkpt>
   <trkpt lat="45.8648550" lon="15.2013930">
    <ele>453.0</ele>
    <time>2024-03-15T15:13:11Z</time>
   </trkpt>
   <trkpt lat="45.8648540" lon="15.2013750">
    <ele>454.0</ele>
    <time>2024-03-15T15:13:12Z</time>
   </trkpt>
   <trkpt lat="45.8648490" lon="15.2013590">
    <ele>454.0</ele>
    <time>2024-03-15T15:13:13Z</time>
   </trkpt>
   <trkpt lat="45.8648440" lon="15.2013430">
    <ele>454.0</ele>
    <time>2024-03-15T15:13:14Z</time>
   </trkpt>
   <trkpt lat="45.8648370" lon="15.2013270">
    <ele>454.0</ele>
    <time>2024-03-15T15:13:15Z</time>
   </trkpt>
   <trkpt lat="45.8648290" lon="15.2013100">
    <ele>454.0</ele>
    <time>2024-03-15T15:13:16Z</time>
   </trkpt>
   <trkpt lat="45.8648190" lon="15.2012920">
    <ele>455.0</ele>
    <time>2024-03-15T15:13:17Z</time>
   </trkpt>
   <trkpt lat="45.8648090" lon="15.2012730">
    <ele>455.0</ele>
    <time>2024-03-15T15:13:18Z</time>
   </trkpt>
   <trkpt lat="45.8647980" lon="15.2012530">
    <ele>455.0</ele>
    <time>2024-03-15T15:13:19Z</time>
   </trkpt>
   <trkpt lat="45.8647870" lon="15.2012320">
    <ele>455.0</ele>
    <time>2024-03-15T15:13:20Z</time>
   </trkpt>
   <trkpt lat="45.8647770" lon="15.2012090">
    <ele>455.0</ele>
    <time>2024-03-15T15:13:21Z</time>
   </trkpt>
   <trkpt lat="45.8647670" lon="15.2011870">
    <ele>456.0</ele>
    <time>2024-03-15T15:13:22Z</time>
   </trkpt>
   <trkpt lat="45.8647590" lon="15.2011630">
    <ele>456.0</ele>
    <time>2024-03-15T15:13:23Z</time>
   </trkpt>
   <trkpt lat="45.8647510" lon="15.2011400">
    <ele>456.0</ele>
    <time>2024-03-15T15:13:24Z</time>
   </trkpt>
   <trkpt lat="45.8647440" lon="15.2011170">
    <ele>456.0</ele>
    <time>2024-03-15T15:13:25Z</time>
   </trkpt>
   <trkpt lat="45.8647370" lon="15.2010930">
    <ele>456.0</ele>
    <time>2024-03-15T15:13:26Z</time>
   </trkpt>
   <trkpt lat="45.8647310" lon="15.2010680">
    <ele>456.0</ele>
    <time>2024-03-15T15:13:27Z</time>
   </trkpt>
   <trkpt lat="45.8647250" lon="15.2010430">
    <ele>456.0</ele>
    <time>2024-03-15T15:13:28Z</time>
   </trkpt>
   <trkpt lat="45.8647210" lon="15.2010170">
    <ele>456.0</ele>
    <time>2024-03-15T15:13:29Z</time>
   </trkpt>
   <trkpt lat="45.8647160" lon="15.2009910">
    <ele>456.0</ele>
    <time>2024-03-15T15:13:30Z</time>
   </trkpt>
   <trkpt lat="45.8647130" lon="15.2009640">
    <ele>456.0</ele>
    <time>2024-03-15T15:13:31Z</time>
   </trkpt>
   <trkpt lat="45.8647090" lon="15.2009370">
    <ele>457.0</ele>
    <time>2024-03-15T15:13:32Z</time>
   </trkpt>
   <trkpt lat="45.8647090" lon="15.2009020">
    <ele>457.0</ele>
    <time>2024-03-15T15:13:33Z</time>
   </trkpt>
   <trkpt lat="45.8647080" lon="15.2008680">
    <ele>457.0</ele>
    <time>2024-03-15T15:13:34Z</time>
   </trkpt>
   <trkpt lat="45.8647090" lon="15.2008320">
    <ele>457.0</ele>
    <time>2024-03-15T15:13:35Z</time>
   </trkpt>
   <trkpt lat="45.8647110" lon="15.2007960">
    <ele>457.0</ele>
    <time>2024-03-15T15:13:36Z</time>
   </trkpt>
   <trkpt lat="45.8647120" lon="15.2007630">
    <ele>458.0</ele>
    <time>2024-03-15T15:13:37Z</time>
   </trkpt>
   <trkpt lat="45.8647130" lon="15.2007300">
    <ele>458.0</ele>
    <time>2024-03-15T15:13:38Z</time>
   </trkpt>
   <trkpt lat="45.8647140" lon="15.2007000">
    <ele>458.0</ele>
    <time>2024-03-15T15:13:39Z</time>
   </trkpt>
   <trkpt lat="45.8647150" lon="15.2006710">
    <ele>458.0</ele>
    <time>2024-03-15T15:13:40Z</time>
   </trkpt>
   <trkpt lat="45.8647180" lon="15.2006410">
    <ele>458.0</ele>
    <time>2024-03-15T15:13:41Z</time>
   </trkpt>
   <trkpt lat="45.8647200" lon="15.2006110">
    <ele>459.0</ele>
    <time>2024-03-15T15:13:42Z</time>
   </trkpt>
   <trkpt lat="45.8647220" lon="15.2005780">
    <ele>459.0</ele>
    <time>2024-03-15T15:13:43Z</time>
   </trkpt>
   <trkpt lat="45.8647240" lon="15.2005450">
    <ele>459.0</ele>
    <time>2024-03-15T15:13:44Z</time>
   </trkpt>
   <trkpt lat="45.8647250" lon="15.2005120">
    <ele>459.0</ele>
    <time>2024-03-15T15:13:45Z</time>
   </trkpt>
   <trkpt lat="45.8647250" lon="15.2004790">
    <ele>459.0</ele>
    <time>2024-03-15T15:13:46Z</time>
   </trkpt>
   <trkpt lat="45.8647250" lon="15.2004470">
    <ele>460.0</ele>
    <time>2024-03-15T15:13:47Z</time>
   </trkpt>
   <trkpt lat="45.8647250" lon="15.2004140">
    <ele>460.0</ele>
    <time>2024-03-15T15:13:48Z</time>
   </trkpt>
   <trkpt lat="45.8647240" lon="15.2003830">
    <ele>460.0</ele>
    <time>2024-03-15T15:13:49Z</time>
   </trkpt>
   <trkpt lat="45.8647240" lon="15.2003510">
    <ele>460.0</ele>
    <time>2024-03-15T15:13:50Z</time>
   </trkpt>
   <trkpt lat="45.8647240" lon="15.2003200">
    <ele>460.0</ele>
    <time>2024-03-15T15:13:51Z</time>
   </trkpt>
   <trkpt lat="45.8647240" lon="15.2002880">
    <ele>461.0</ele>
    <time>2024-03-15T15:13:52Z</time>
   </trkpt>
   <trkpt lat="45.8647230" lon="15.2002570">
    <ele>461.0</ele>
    <time>2024-03-15T15:13:53Z</time>
   </trkpt>
   <trkpt lat="45.8647220" lon="15.2002260">
    <ele>461.0</ele>
    <time>2024-03-15T15:13:54Z</time>
   </trkpt>
   <trkpt lat="45.8647180" lon="15.2001980">
    <ele>461.0</ele>
    <time>2024-03-15T15:13:55Z</time>
   </trkpt>
   <trkpt lat="45.8647140" lon="15.2001690">
    <ele>461.0</ele>
    <time>2024-03-15T15:13:56Z</time>
   </trkpt>
   <trkpt lat="45.8647080" lon="15.2001430">
    <ele>462.0</ele>
    <time>2024-03-15T15:13:57Z</time>
   </trkpt>
   <trkpt lat="45.8647020" lon="15.2001170">
    <ele>462.0</ele>
    <time>2024-03-15T15:13:58Z</time>
   </trkpt>
   <trkpt lat="45.8646960" lon="15.2000910">
    <ele>462.0</ele>
    <time>2024-03-15T15:13:59Z</time>
   </trkpt>
   <trkpt lat="45.8646890" lon="15.2000650">
    <ele>462.0</ele>
    <time>2024-03-15T15:14:00Z</time>
   </trkpt>
   <trkpt lat="45.8646810" lon="15.2000390">
    <ele>462.0</ele>
    <time>2024-03-15T15:14:01Z</time>
   </trkpt>
   <trkpt lat="45.8646740" lon="15.2000120">
    <ele>463.0</ele>
    <time>2024-03-15T15:14:02Z</time>
   </trkpt>
   <trkpt lat="45.8646660" lon="15.1999860">
    <ele>463.0</ele>
    <time>2024-03-15T15:14:03Z</time>
   </trkpt>
   <trkpt lat="45.8646580" lon="15.1999600">
    <ele>463.0</ele>
    <time>2024-03-15T15:14:04Z</time>
   </trkpt>
   <trkpt lat="45.8646470" lon="15.1999350">
    <ele>463.0</ele>
    <time>2024-03-15T15:14:05Z</time>
   </trkpt>
   <trkpt lat="45.8646370" lon="15.1999100">
    <ele>463.0</ele>
    <time>2024-03-15T15:14:06Z</time>
   </trkpt>
   <trkpt lat="45.8646250" lon="15.1998860">
    <ele>464.0</ele>
    <time>2024-03-15T15:14:07Z</time>
   </trkpt>
   <trkpt lat="45.8646130" lon="15.1998620">
    <ele>464.0</ele>
    <time>2024-03-15T15:14:08Z</time>
   </trkpt>
   <trkpt lat="45.8646020" lon="15.1998380">
    <ele>464.0</ele>
    <time>2024-03-15T15:14:09Z</time>
   </trkpt>
   <trkpt lat="45.8645900" lon="15.1998130">
    <ele>465.0</ele>
    <time>2024-03-15T15:14:10Z</time>
   </trkpt>
   <trkpt lat="45.8645800" lon="15.1997880">
    <ele>465.0</ele>
    <time>2024-03-15T15:14:11Z</time>
   </trkpt>
   <trkpt lat="45.8645690" lon="15.1997630">
    <ele>466.0</ele>
    <time>2024-03-15T15:14:12Z</time>
   </trkpt>
   <trkpt lat="45.8645570" lon="15.1997390">
    <ele>466.0</ele>
    <time>2024-03-15T15:14:13Z</time>
   </trkpt>
   <trkpt lat="45.8645460" lon="15.1997150">
    <ele>466.0</ele>
    <time>2024-03-15T15:14:14Z</time>
   </trkpt>
   <trkpt lat="45.8645330" lon="15.1996920">
    <ele>466.0</ele>
    <time>2024-03-15T15:14:15Z</time>
   </trkpt>
   <trkpt lat="45.8645210" lon="15.1996700">
    <ele>466.0</ele>
    <time>2024-03-15T15:14:16Z</time>
   </trkpt>
   <trkpt lat="45.8645090" lon="15.1996470">
    <ele>467.0</ele>
    <time>2024-03-15T15:14:17Z</time>
   </trkpt>
   <trkpt lat="45.8644980" lon="15.1996230">
    <ele>467.0</ele>
    <time>2024-03-15T15:14:18Z</time>
   </trkpt>
   <trkpt lat="45.8644880" lon="15.1995980">
    <ele>467.0</ele>
    <time>2024-03-15T15:14:19Z</time>
   </trkpt>
   <trkpt lat="45.8644780" lon="15.1995720">
    <ele>467.0</ele>
    <time>2024-03-15T15:14:20Z</time>
   </trkpt>
   <trkpt lat="45.8644700" lon="15.1995450">
    <ele>467.0</ele>
    <time>2024-03-15T15:14:21Z</time>
   </trkpt>
   <trkpt lat="45.8644630" lon="15.1995180">
    <ele>468.0</ele>
    <time>2024-03-15T15:14:22Z</time>
   </trkpt>
   <trkpt lat="45.8644570" lon="15.1994860">
    <ele>468.0</ele>
    <time>2024-03-15T15:14:23Z</time>
   </trkpt>
   <trkpt lat="45.8644510" lon="15.1994540">
    <ele>468.0</ele>
    <time>2024-03-15T15:14:24Z</time>
   </trkpt>
   <trkpt lat="45.8644470" lon="15.1994200">
    <ele>468.0</ele>
    <time>2024-03-15T15:14:25Z</time>
   </trkpt>
   <trkpt lat="45.8644440" lon="15.1993850">
    <ele>468.0</ele>
    <time>2024-03-15T15:14:26Z</time>
   </trkpt>
   <trkpt lat="45.8644450" lon="15.1993500">
    <ele>469.0</ele>
    <time>2024-03-15T15:14:27Z</time>
   </trkpt>
   <trkpt lat="45.8644460" lon="15.1993150">
    <ele>469.0</ele>
    <time>2024-03-15T15:14:28Z</time>
   </trkpt>
   <trkpt lat="45.8644500" lon="15.1992810">
    <ele>469.0</ele>
    <time>2024-03-15T15:14:29Z</time>
   </trkpt>
   <trkpt lat="45.8644550" lon="15.1992470">
    <ele>469.0</ele>
    <time>2024-03-15T15:14:30Z</time>
   </trkpt>
   <trkpt lat="45.8644620" lon="15.1992150">
    <ele>469.0</ele>
    <time>2024-03-15T15:14:31Z</time>
   </trkpt>
   <trkpt lat="45.8644700" lon="15.1991820">
    <ele>470.0</ele>
    <time>2024-03-15T15:14:32Z</time>
   </trkpt>
   <trkpt lat="45.8644770" lon="15.1991520">
    <ele>470.0</ele>
    <time>2024-03-15T15:14:33Z</time>
   </trkpt>
   <trkpt lat="45.8644850" lon="15.1991210">
    <ele>470.0</ele>
    <time>2024-03-15T15:14:34Z</time>
   </trkpt>
   <trkpt lat="45.8644930" lon="15.1990930">
    <ele>470.0</ele>
    <time>2024-03-15T15:14:35Z</time>
   </trkpt>
   <trkpt lat="45.8645000" lon="15.1990650">
    <ele>470.0</ele>
    <time>2024-03-15T15:14:36Z</time>
   </trkpt>
   <trkpt lat="45.8645080" lon="15.1990370">
    <ele>470.0</ele>
    <time>2024-03-15T15:14:37Z</time>
   </trkpt>
   <trkpt lat="45.8645150" lon="15.1990100">
    <ele>470.0</ele>
    <time>2024-03-15T15:14:38Z</time>
   </trkpt>
   <trkpt lat="45.8645230" lon="15.1989820">
    <ele>470.0</ele>
    <time>2024-03-15T15:14:39Z</time>
   </trkpt>
   <trkpt lat="45.8645310" lon="15.1989560">
    <ele>470.0</ele>
    <time>2024-03-15T15:14:40Z</time>
   </trkpt>
   <trkpt lat="45.8645400" lon="15.1989290">
    <ele>470.0</ele>
    <time>2024-03-15T15:14:41Z</time>
   </trkpt>
   <trkpt lat="45.8645490" lon="15.1989030">
    <ele>471.0</ele>
    <time>2024-03-15T15:14:42Z</time>
   </trkpt>
   <trkpt lat="45.8645580" lon="15.1988760">
    <ele>471.0</ele>
    <time>2024-03-15T15:14:43Z</time>
   </trkpt>
   <trkpt lat="45.8645670" lon="15.1988510">
    <ele>471.0</ele>
    <time>2024-03-15T15:14:44Z</time>
   </trkpt>
   <trkpt lat="45.8645760" lon="15.1988250">
    <ele>471.0</ele>
    <time>2024-03-15T15:14:45Z</time>
   </trkpt>
   <trkpt lat="45.8645830" lon="15.1987980">
    <ele>471.0</ele>
    <time>2024-03-15T15:14:46Z</time>
   </trkpt>
   <trkpt lat="45.8645900" lon="15.1987710">
    <ele>472.0</ele>
    <time>2024-03-15T15:14:47Z</time>
   </trkpt>
   <trkpt lat="45.8645960" lon="15.1987430">
    <ele>472.0</ele>
    <time>2024-03-15T15:14:48Z</time>
   </trkpt>
   <trkpt lat="45.8646020" lon="15.1987150">
    <ele>472.0</ele>
    <time>2024-03-15T15:14:49Z</time>
   </trkpt>
   <trkpt lat="45.8646070" lon="15.1986880">
    <ele>472.0</ele>
    <time>2024-03-15T15:14:50Z</time>
   </trkpt>
   <trkpt lat="45.8646110" lon="15.1986610">
    <ele>472.0</ele>
    <time>2024-03-15T15:14:51Z</time>
   </trkpt>
   <trkpt lat="45.8646150" lon="15.1986400">
    <ele>473.0</ele>
    <time>2024-03-15T15:14:52Z</time>
   </trkpt>
   <trkpt lat="45.8646180" lon="15.1986190">
    <ele>473.0</ele>
    <time>2024-03-15T15:14:53Z</time>
   </trkpt>
   <trkpt lat="45.8646210" lon="15.1986010">
    <ele>473.0</ele>
    <time>2024-03-15T15:14:54Z</time>
   </trkpt>
   <trkpt lat="45.8646240" lon="15.1985840">
    <ele>473.0</ele>
    <time>2024-03-15T15:14:55Z</time>
   </trkpt>
   <trkpt lat="45.8646260" lon="15.1985670">
    <ele>473.0</ele>
    <time>2024-03-15T15:14:56Z</time>
   </trkpt>
   <trkpt lat="45.8646280" lon="15.1985510">
    <ele>474.0</ele>
    <time>2024-03-15T15:14:57Z</time>
   </trkpt>
   <trkpt lat="45.8646270" lon="15.1985330">
    <ele>474.0</ele>
    <time>2024-03-15T15:14:58Z</time>
   </trkpt>
   <trkpt lat="45.8646250" lon="15.1985150">
    <ele>474.0</ele>
    <time>2024-03-15T15:14:59Z</time>
   </trkpt>
   <trkpt lat="45.8646230" lon="15.1984930">
    <ele>474.0</ele>
    <time>2024-03-15T15:15:00Z</time>
   </trkpt>
   <trkpt lat="45.8646200" lon="15.1984710">
    <ele>474.0</ele>
    <time>2024-03-15T15:15:01Z</time>
   </trkpt>
   <trkpt lat="45.8646180" lon="15.1984490">
    <ele>475.0</ele>
    <time>2024-03-15T15:15:02Z</time>
   </trkpt>
   <trkpt lat="45.8646150" lon="15.1984260">
    <ele>475.0</ele>
    <time>2024-03-15T15:15:03Z</time>
   </trkpt>
   <trkpt lat="45.8646120" lon="15.1984050">
    <ele>475.0</ele>
    <time>2024-03-15T15:15:04Z</time>
   </trkpt>
   <trkpt lat="45.8646080" lon="15.1983850">
    <ele>475.0</ele>
    <time>2024-03-15T15:15:05Z</time>
   </trkpt>
   <trkpt lat="45.8646030" lon="15.1983670">
    <ele>475.0</ele>
    <time>2024-03-15T15:15:06Z</time>
   </trkpt>
   <trkpt lat="45.8645990" lon="15.1983480">
    <ele>475.0</ele>
    <time>2024-03-15T15:15:07Z</time>
   </trkpt>
   <trkpt lat="45.8645930" lon="15.1983300">
    <ele>475.0</ele>
    <time>2024-03-15T15:15:08Z</time>
   </trkpt>
   <trkpt lat="45.8645870" lon="15.1983110">
    <ele>475.0</ele>
    <time>2024-03-15T15:15:09Z</time>
   </trkpt>
   <trkpt lat="45.8645800" lon="15.1982910">
    <ele>475.0</ele>
    <time>2024-03-15T15:15:10Z</time>
   </trkpt>
   <trkpt lat="45.8645740" lon="15.1982720">
    <ele>475.0</ele>
    <time>2024-03-15T15:15:11Z</time>
   </trkpt>
   <trkpt lat="45.8645650" lon="15.1982510">
    <ele>476.0</ele>
    <time>2024-03-15T15:15:12Z</time>
   </trkpt>
   <trkpt lat="45.8645560" lon="15.1982300">
    <ele>476.0</ele>
    <time>2024-03-15T15:15:13Z</time>
   </trkpt>
   <trkpt lat="45.8645450" lon="15.1982080">
    <ele>476.0</ele>
    <time>2024-03-15T15:15:14Z</time>
   </trkpt>
   <trkpt lat="45.8645350" lon="15.1981860">
    <ele>476.0</ele>
    <time>2024-03-15T15:15:15Z</time>
   </trkpt>
   <trkpt lat="45.8645230" lon="15.1981630">
    <ele>476.0</ele>
    <time>2024-03-15T15:15:16Z</time>
   </trkpt>
   <trkpt lat="45.8645110" lon="15.1981400">
    <ele>477.0</ele>
    <time>2024-03-15T15:15:17Z</time>
   </trkpt>
   <trkpt lat="45.8644980" lon="15.1981190">
    <ele>477.0</ele>
    <time>2024-03-15T15:15:18Z</time>
   </trkpt>
   <trkpt lat="45.8644840" lon="15.1980980">
    <ele>477.0</ele>
    <time>2024-03-15T15:15:19Z</time>
   </trkpt>
   <trkpt lat="45.8644680" lon="15.1980810">
    <ele>477.0</ele>
    <time>2024-03-15T15:15:20Z</time>
   </trkpt>
   <trkpt lat="45.8644520" lon="15.1980640">
    <ele>477.0</ele>
    <time>2024-03-15T15:15:21Z</time>
   </trkpt>
   <trkpt lat="45.8644360" lon="15.1980500">
    <ele>478.0</ele>
    <time>2024-03-15T15:15:22Z</time>
   </trkpt>
   <trkpt lat="45.8644190" lon="15.1980360">
    <ele>478.0</ele>
    <time>2024-03-15T15:15:23Z</time>
   </trkpt>
   <trkpt lat="45.8644010" lon="15.1980240">
    <ele>478.0</ele>
    <time>2024-03-15T15:15:24Z</time>
   </trkpt>
   <trkpt lat="45.8643830" lon="15.1980130">
    <ele>478.0</ele>
    <time>2024-03-15T15:15:25Z</time>
   </trkpt>
   <trkpt lat="45.8643640" lon="15.1980030">
    <ele>478.0</ele>
    <time>2024-03-15T15:15:26Z</time>
   </trkpt>
   <trkpt lat="45.8643440" lon="15.1979930">
    <ele>478.0</ele>
    <time>2024-03-15T15:15:27Z</time>
   </trkpt>
   <trkpt lat="45.8643240" lon="15.1979830">
    <ele>478.0</ele>
    <time>2024-03-15T15:15:28Z</time>
   </trkpt>
   <trkpt lat="45.8643040" lon="15.1979720">
    <ele>478.0</ele>
    <time>2024-03-15T15:15:29Z</time>
   </trkpt>
   <trkpt lat="45.8642860" lon="15.1979600">
    <ele>478.0</ele>
    <time>2024-03-15T15:15:30Z</time>
   </trkpt>
   <trkpt lat="45.8642680" lon="15.1979470">
    <ele>478.0</ele>
    <time>2024-03-15T15:15:31Z</time>
   </trkpt>
   <trkpt lat="45.8642520" lon="15.1979330">
    <ele>479.0</ele>
    <time>2024-03-15T15:15:32Z</time>
   </trkpt>
   <trkpt lat="45.8642360" lon="15.1979180">
    <ele>479.0</ele>
    <time>2024-03-15T15:15:33Z</time>
   </trkpt>
   <trkpt lat="45.8642210" lon="15.1979030">
    <ele>479.0</ele>
    <time>2024-03-15T15:15:34Z</time>
   </trkpt>
   <trkpt lat="45.8642070" lon="15.1978870">
    <ele>479.0</ele>
    <time>2024-03-15T15:15:35Z</time>
   </trkpt>
   <trkpt lat="45.8641940" lon="15.1978720">
    <ele>479.0</ele>
    <time>2024-03-15T15:15:36Z</time>
   </trkpt>
   <trkpt lat="45.8641810" lon="15.1978570">
    <ele>480.0</ele>
    <time>2024-03-15T15:15:37Z</time>
   </trkpt>
   <trkpt lat="45.8641690" lon="15.1978390">
    <ele>480.0</ele>
    <time>2024-03-15T15:15:38Z</time>
   </trkpt>
   <trkpt lat="45.8641570" lon="15.1978210">
    <ele>480.0</ele>
    <time>2024-03-15T15:15:39Z</time>
   </trkpt>
   <trkpt lat="45.8641440" lon="15.1978030">
    <ele>480.0</ele>
    <time>2024-03-15T15:15:40Z</time>
   </trkpt>
   <trkpt lat="45.8641320" lon="15.1977850">
    <ele>480.0</ele>
    <time>2024-03-15T15:15:41Z</time>
   </trkpt>
   <trkpt lat="45.8641190" lon="15.1977650">
    <ele>481.0</ele>
    <time>2024-03-15T15:15:42Z</time>
   </trkpt>
   <trkpt lat="45.8641070" lon="15.1977460">
    <ele>481.0</ele>
    <time>2024-03-15T15:15:43Z</time>
   </trkpt>
   <trkpt lat="45.8640950" lon="15.1977250">
    <ele>481.0</ele>
    <time>2024-03-15T15:15:44Z</time>
   </trkpt>
   <trkpt lat="45.8640840" lon="15.1977040">
    <ele>481.0</ele>
    <time>2024-03-15T15:15:45Z</time>
   </trkpt>
   <trkpt lat="45.8640750" lon="15.1976780">
    <ele>481.0</ele>
    <time>2024-03-15T15:15:46Z</time>
   </trkpt>
   <trkpt lat="45.8640660" lon="15.1976530">
    <ele>482.0</ele>
    <time>2024-03-15T15:15:47Z</time>
   </trkpt>
   <trkpt lat="45.8640590" lon="15.1976240">
    <ele>482.0</ele>
    <time>2024-03-15T15:15:48Z</time>
   </trkpt>
   <trkpt lat="45.8640530" lon="15.1975940">
    <ele>482.0</ele>
    <time>2024-03-15T15:15:49Z</time>
   </trkpt>
   <trkpt lat="45.8640480" lon="15.1975640">
    <ele>482.0</ele>
    <time>2024-03-15T15:15:50Z</time>
   </trkpt>
   <trkpt lat="45.8640440" lon="15.1975340">
    <ele>482.0</ele>
    <time>2024-03-15T15:15:51Z</time>
   </trkpt>
   <trkpt lat="45.8640410" lon="15.1975050">
    <ele>483.0</ele>
    <time>2024-03-15T15:15:52Z</time>
   </trkpt>
   <trkpt lat="45.8640390" lon="15.1974770">
    <ele>483.0</ele>
    <time>2024-03-15T15:15:53Z</time>
   </trkpt>
   <trkpt lat="45.8640360" lon="15.1974490">
    <ele>483.0</ele>
    <time>2024-03-15T15:15:54Z</time>
   </trkpt>
   <trkpt lat="45.8640330" lon="15.1974220">
    <ele>483.0</ele>
    <time>2024-03-15T15:15:55Z</time>
   </trkpt>
   <trkpt lat="45.8640290" lon="15.1973960">
    <ele>483.0</ele>
    <time>2024-03-15T15:15:56Z</time>
   </trkpt>
   <trkpt lat="45.8640260" lon="15.1973700">
    <ele>484.0</ele>
    <time>2024-03-15T15:15:57Z</time>
   </trkpt>
   <trkpt lat="45.8640200" lon="15.1973470">
    <ele>484.0</ele>
    <time>2024-03-15T15:15:58Z</time>
   </trkpt>
   <trkpt lat="45.8640150" lon="15.1973240">
    <ele>484.0</ele>
    <time>2024-03-15T15:15:59Z</time>
   </trkpt>
   <trkpt lat="45.8640100" lon="15.1973020">
    <ele>484.0</ele>
    <time>2024-03-15T15:16:00Z</time>
   </trkpt>
   <trkpt lat="45.8640040" lon="15.1972800">
    <ele>484.0</ele>
    <time>2024-03-15T15:16:01Z</time>
   </trkpt>
   <trkpt lat="45.8639990" lon="15.1972570">
    <ele>485.0</ele>
    <time>2024-03-15T15:16:02Z</time>
   </trkpt>
   <trkpt lat="45.8639930" lon="15.1972340">
    <ele>485.0</ele>
    <time>2024-03-15T15:16:03Z</time>
   </trkpt>
   <trkpt lat="45.8639870" lon="15.1972100">
    <ele>485.0</ele>
    <time>2024-03-15T15:16:04Z</time>
   </trkpt>
   <trkpt lat="45.8639820" lon="15.1971860">
    <ele>485.0</ele>
    <time>2024-03-15T15:16:05Z</time>
   </trkpt>
   <trkpt lat="45.8639750" lon="15.1971610">
    <ele>485.0</ele>
    <time>2024-03-15T15:16:06Z</time>
   </trkpt>
   <trkpt lat="45.8639680" lon="15.1971350">
    <ele>486.0</ele>
    <time>2024-03-15T15:16:07Z</time>
   </trkpt>
   <trkpt lat="45.8639580" lon="15.1971090">
    <ele>486.0</ele>
    <time>2024-03-15T15:16:08Z</time>
   </trkpt>
   <trkpt lat="45.8639480" lon="15.1970830">
    <ele>486.0</ele>
    <time>2024-03-15T15:16:09Z</time>
   </trkpt>
   <trkpt lat="45.8639380" lon="15.1970560">
    <ele>486.0</ele>
    <time>2024-03-15T15:16:10Z</time>
   </trkpt>
   <trkpt lat="45.8639270" lon="15.1970290">
    <ele>486.0</ele>
    <time>2024-03-15T15:16:11Z</time>
   </trkpt>
   <trkpt lat="45.8639180" lon="15.1970020">
    <ele>487.0</ele>
    <time>2024-03-15T15:16:12Z</time>
   </trkpt>
   <trkpt lat="45.8639090" lon="15.1969750">
    <ele>487.0</ele>
    <time>2024-03-15T15:16:13Z</time>
   </trkpt>
   <trkpt lat="45.8639000" lon="15.1969460">
    <ele>487.0</ele>
    <time>2024-03-15T15:16:14Z</time>
   </trkpt>
   <trkpt lat="45.8638910" lon="15.1969170">
    <ele>487.0</ele>
    <time>2024-03-15T15:16:15Z</time>
   </trkpt>
   <trkpt lat="45.8638840" lon="15.1968880">
    <ele>487.0</ele>
    <time>2024-03-15T15:16:16Z</time>
   </trkpt>
   <trkpt lat="45.8638760" lon="15.1968590">
    <ele>488.0</ele>
    <time>2024-03-15T15:16:17Z</time>
   </trkpt>
   <trkpt lat="45.8638700" lon="15.1968300">
    <ele>488.0</ele>
    <time>2024-03-15T15:16:18Z</time>
   </trkpt>
   <trkpt lat="45.8638630" lon="15.1968010">
    <ele>488.0</ele>
    <time>2024-03-15T15:16:19Z</time>
   </trkpt>
   <trkpt lat="45.8638560" lon="15.1967700">
    <ele>488.0</ele>
    <time>2024-03-15T15:16:20Z</time>
   </trkpt>
   <trkpt lat="45.8638500" lon="15.1967400">
    <ele>488.0</ele>
    <time>2024-03-15T15:16:21Z</time>
   </trkpt>
   <trkpt lat="45.8638440" lon="15.1967090">
    <ele>489.0</ele>
    <time>2024-03-15T15:16:22Z</time>
   </trkpt>
   <trkpt lat="45.8638390" lon="15.1966790">
    <ele>489.0</ele>
    <time>2024-03-15T15:16:23Z</time>
   </trkpt>
   <trkpt lat="45.8638360" lon="15.1966500">
    <ele>489.0</ele>
    <time>2024-03-15T15:16:24Z</time>
   </trkpt>
   <trkpt lat="45.8638320" lon="15.1966210">
    <ele>489.0</ele>
    <time>2024-03-15T15:16:25Z</time>
   </trkpt>
   <trkpt lat="45.8638270" lon="15.1965960">
    <ele>489.0</ele>
    <time>2024-03-15T15:16:26Z</time>
   </trkpt>
   <trkpt lat="45.8638210" lon="15.1965700">
    <ele>490.0</ele>
    <time>2024-03-15T15:16:27Z</time>
   </trkpt>
   <trkpt lat="45.8638130" lon="15.1965460">
    <ele>490.0</ele>
    <time>2024-03-15T15:16:28Z</time>
   </trkpt>
   <trkpt lat="45.8638040" lon="15.1965210">
    <ele>490.0</ele>
    <time>2024-03-15T15:16:29Z</time>
   </trkpt>
   <trkpt lat="45.8637960" lon="15.1964970">
    <ele>490.0</ele>
    <time>2024-03-15T15:16:30Z</time>
   </trkpt>
   <trkpt lat="45.8637880" lon="15.1964730">
    <ele>490.0</ele>
    <time>2024-03-15T15:16:31Z</time>
   </trkpt>
   <trkpt lat="45.8637790" lon="15.1964470">
    <ele>491.0</ele>
    <time>2024-03-15T15:16:32Z</time>
   </trkpt>
   <trkpt lat="45.8637700" lon="15.1964220">
    <ele>491.0</ele>
    <time>2024-03-15T15:16:33Z</time>
   </trkpt>
   <trkpt lat="45.8637620" lon="15.1963960">
    <ele>491.0</ele>
    <time>2024-03-15T15:16:34Z</time>
   </trkpt>
   <trkpt lat="45.8637540" lon="15.1963710">
    <ele>491.0</ele>
    <time>2024-03-15T15:16:35Z</time>
   </trkpt>
   <trkpt lat="45.8637480" lon="15.1963460">
    <ele>491.0</ele>
    <time>2024-03-15T15:16:36Z</time>
   </trkpt>
   <trkpt lat="45.8637410" lon="15.1963210">
    <ele>491.0</ele>
    <time>2024-03-15T15:16:37Z</time>
   </trkpt>
   <trkpt lat="45.8637370" lon="15.1962960">
    <ele>491.0</ele>
    <time>2024-03-15T15:16:38Z</time>
   </trkpt>
   <trkpt lat="45.8637320" lon="15.1962720">
    <ele>491.0</ele>
    <time>2024-03-15T15:16:39Z</time>
   </trkpt>
   <trkpt lat="45.8637300" lon="15.1962480">
    <ele>491.0</ele>
    <time>2024-03-15T15:16:40Z</time>
   </trkpt>
   <trkpt lat="45.8637270" lon="15.1962240">
    <ele>491.0</ele>
    <time>2024-03-15T15:16:41Z</time>
   </trkpt>
   <trkpt lat="45.8637250" lon="15.1962000">
    <ele>492.0</ele>
    <time>2024-03-15T15:16:42Z</time>
   </trkpt>
   <trkpt lat="45.8637240" lon="15.1961760">
    <ele>492.0</ele>
    <time>2024-03-15T15:16:43Z</time>
   </trkpt>
   <trkpt lat="45.8637220" lon="15.1961530">
    <ele>492.0</ele>
    <time>2024-03-15T15:16:44Z</time>
   </trkpt>
   <trkpt lat="45.8637200" lon="15.1961310">
    <ele>492.0</ele>
    <time>2024-03-15T15:16:45Z</time>
   </trkpt>
   <trkpt lat="45.8637180" lon="15.1961090">
    <ele>492.0</ele>
    <time>2024-03-15T15:16:46Z</time>
   </trkpt>
   <trkpt lat="45.8637170" lon="15.1960880">
    <ele>493.0</ele>
    <time>2024-03-15T15:16:47Z</time>
   </trkpt>
   <trkpt lat="45.8637160" lon="15.1960680">
    <ele>493.0</ele>
    <time>2024-03-15T15:16:48Z</time>
   </trkpt>
   <trkpt lat="45.8637150" lon="15.1960480">
    <ele>493.0</ele>
    <time>2024-03-15T15:16:49Z</time>
   </trkpt>
   <trkpt lat="45.8637150" lon="15.1960300">
    <ele>493.0</ele>
    <time>2024-03-15T15:16:50Z</time>
   </trkpt>
   <trkpt lat="45.8637140" lon="15.1960120">
    <ele>493.0</ele>
    <time>2024-03-15T15:16:51Z</time>
   </trkpt>
   <trkpt lat="45.8637140" lon="15.1959930">
    <ele>494.0</ele>
    <time>2024-03-15T15:16:52Z</time>
   </trkpt>
   <trkpt lat="45.8637140" lon="15.1959740">
    <ele>494.0</ele>
    <time>2024-03-15T15:16:53Z</time>
   </trkpt>
   <trkpt lat="45.8637130" lon="15.1959550">
    <ele>494.0</ele>
    <time>2024-03-15T15:16:54Z</time>
   </trkpt>
   <trkpt lat="45.8637130" lon="15.1959360">
    <ele>494.0</ele>
    <time>2024-03-15T15:16:55Z</time>
   </trkpt>
   <trkpt lat="45.8637140" lon="15.1959160">
    <ele>494.0</ele>
    <time>2024-03-15T15:16:56Z</time>
   </trkpt>
   <trkpt lat="45.8637150" lon="15.1958970">
    <ele>495.0</ele>
    <time>2024-03-15T15:16:57Z</time>
   </trkpt>
   <trkpt lat="45.8637160" lon="15.1958760">
    <ele>495.0</ele>
    <time>2024-03-15T15:16:58Z</time>
   </trkpt>
   <trkpt lat="45.8637170" lon="15.1958550">
    <ele>495.0</ele>
    <time>2024-03-15T15:16:59Z</time>
   </trkpt>
   <trkpt lat="45.8637190" lon="15.1958330">
    <ele>495.0</ele>
    <time>2024-03-15T15:17:00Z</time>
   </trkpt>
   <trkpt lat="45.8637200" lon="15.1958110">
    <ele>495.0</ele>
    <time>2024-03-15T15:17:01Z</time>
   </trkpt>
   <trkpt lat="45.8637210" lon="15.1957880">
    <ele>496.0</ele>
    <time>2024-03-15T15:17:02Z</time>
   </trkpt>
   <trkpt lat="45.8637220" lon="15.1957650">
    <ele>496.0</ele>
    <time>2024-03-15T15:17:03Z</time>
   </trkpt>
   <trkpt lat="45.8637220" lon="15.1957430">
    <ele>496.0</ele>
    <time>2024-03-15T15:17:04Z</time>
   </trkpt>
   <trkpt lat="45.8637220" lon="15.1957200">
    <ele>496.0</ele>
    <time>2024-03-15T15:17:05Z</time>
   </trkpt>
   <trkpt lat="45.8637210" lon="15.1956950">
    <ele>496.0</ele>
    <time>2024-03-15T15:17:06Z</time>
   </trkpt>
   <trkpt lat="45.8637200" lon="15.1956690">
    <ele>496.0</ele>
    <time>2024-03-15T15:17:07Z</time>
   </trkpt>
   <trkpt lat="45.8637190" lon="15.1956390">
    <ele>496.0</ele>
    <time>2024-03-15T15:17:08Z</time>
   </trkpt>
   <trkpt lat="45.8637190" lon="15.1956080">
    <ele>496.0</ele>
    <time>2024-03-15T15:17:09Z</time>
   </trkpt>
   <trkpt lat="45.8637190" lon="15.1955730">
    <ele>496.0</ele>
    <time>2024-03-15T15:17:10Z</time>
   </trkpt>
   <trkpt lat="45.8637200" lon="15.1955380">
    <ele>496.0</ele>
    <time>2024-03-15T15:17:11Z</time>
   </trkpt>
   <trkpt lat="45.8637210" lon="15.1955010">
    <ele>497.0</ele>
    <time>2024-03-15T15:17:12Z</time>
   </trkpt>
   <trkpt lat="45.8637210" lon="15.1954640">
    <ele>497.0</ele>
    <time>2024-03-15T15:17:13Z</time>
   </trkpt>
   <trkpt lat="45.8637200" lon="15.1954250">
    <ele>497.0</ele>
    <time>2024-03-15T15:17:14Z</time>
   </trkpt>
   <trkpt lat="45.8637200" lon="15.1953870">
    <ele>497.0</ele>
    <time>2024-03-15T15:17:15Z</time>
   </trkpt>
   <trkpt lat="45.8637200" lon="15.1953490">
    <ele>497.0</ele>
    <time>2024-03-15T15:17:16Z</time>
   </trkpt>
   <trkpt lat="45.8637200" lon="15.1953100">
    <ele>497.0</ele>
    <time>2024-03-15T15:17:17Z</time>
   </trkpt>
   <trkpt lat="45.8637210" lon="15.1952720">
    <ele>497.0</ele>
    <time>2024-03-15T15:17:18Z</time>
   </trkpt>
   <trkpt lat="45.8637220" lon="15.1952340">
    <ele>497.0</ele>
    <time>2024-03-15T15:17:19Z</time>
   </trkpt>
   <trkpt lat="45.8637230" lon="15.1951970">
    <ele>497.0</ele>
    <time>2024-03-15T15:17:20Z</time>
   </trkpt>
   <trkpt lat="45.8637250" lon="15.1951610">
    <ele>497.0</ele>
    <time>2024-03-15T15:17:21Z</time>
   </trkpt>
   <trkpt lat="45.8637250" lon="15.1951250">
    <ele>498.0</ele>
    <time>2024-03-15T15:17:22Z</time>
   </trkpt>
   <trkpt lat="45.8637260" lon="15.1950900">
    <ele>498.0</ele>
    <time>2024-03-15T15:17:23Z</time>
   </trkpt>
   <trkpt lat="45.8637260" lon="15.1950550">
    <ele>498.0</ele>
    <time>2024-03-15T15:17:24Z</time>
   </trkpt>
   <trkpt lat="45.8637270" lon="15.1950190">
    <ele>498.0</ele>
    <time>2024-03-15T15:17:25Z</time>
   </trkpt>
   <trkpt lat="45.8637270" lon="15.1949840">
    <ele>498.0</ele>
    <time>2024-03-15T15:17:26Z</time>
   </trkpt>
   <trkpt lat="45.8637260" lon="15.1949500">
    <ele>498.0</ele>
    <time>2024-03-15T15:17:27Z</time>
   </trkpt>
   <trkpt lat="45.8637260" lon="15.1949170">
    <ele>498.0</ele>
    <time>2024-03-15T15:17:28Z</time>
   </trkpt>
   <trkpt lat="45.8637250" lon="15.1948840">
    <ele>498.0</ele>
    <time>2024-03-15T15:17:29Z</time>
   </trkpt>
   <trkpt lat="45.8637250" lon="15.1948510">
    <ele>498.0</ele>
    <time>2024-03-15T15:17:30Z</time>
   </trkpt>
   <trkpt lat="45.8637250" lon="15.1948190">
    <ele>498.0</ele>
    <time>2024-03-15T15:17:31Z</time>
   </trkpt>
   <trkpt lat="45.8637250" lon="15.1947880">
    <ele>498.0</ele>
    <time>2024-03-15T15:17:32Z</time>
   </trkpt>
   <trkpt lat="45.8637240" lon="15.1947560">
    <ele>498.0</ele>
    <time>2024-03-15T15:17:33Z</time>
   </trkpt>
   <trkpt lat="45.8637240" lon="15.1947260">
    <ele>498.0</ele>
    <time>2024-03-15T15:17:34Z</time>
   </trkpt>
   <trkpt lat="45.8637230" lon="15.1946950">
    <ele>498.0</ele>
    <time>2024-03-15T15:17:35Z</time>
   </trkpt>
   <trkpt lat="45.8637230" lon="15.1946640">
    <ele>498.0</ele>
    <time>2024-03-15T15:17:36Z</time>
   </trkpt>
   <trkpt lat="45.8637220" lon="15.1946330">
    <ele>499.0</ele>
    <time>2024-03-15T15:17:37Z</time>
   </trkpt>
   <trkpt lat="45.8637220" lon="15.1946050">
    <ele>499.0</ele>
    <time>2024-03-15T15:17:38Z</time>
   </trkpt>
   <trkpt lat="45.8637220" lon="15.1945770">
    <ele>499.0</ele>
    <time>2024-03-15T15:17:39Z</time>
   </trkpt>
   <trkpt lat="45.8637210" lon="15.1945520">
    <ele>499.0</ele>
    <time>2024-03-15T15:17:40Z</time>
   </trkpt>
   <trkpt lat="45.8637200" lon="15.1945270">
    <ele>499.0</ele>
    <time>2024-03-15T15:17:41Z</time>
   </trkpt>
   <trkpt lat="45.8637200" lon="15.1945060">
    <ele>500.0</ele>
    <time>2024-03-15T15:17:42Z</time>
   </trkpt>
   <trkpt lat="45.8637200" lon="15.1944840">
    <ele>500.0</ele>
    <time>2024-03-15T15:17:43Z</time>
   </trkpt>
   <trkpt lat="45.8637200" lon="15.1944650">
    <ele>500.0</ele>
    <time>2024-03-15T15:17:44Z</time>
   </trkpt>
   <trkpt lat="45.8637200" lon="15.1944460">
    <ele>500.0</ele>
    <time>2024-03-15T15:17:45Z</time>
   </trkpt>
   <trkpt lat="45.8637190" lon="15.1944290">
    <ele>500.0</ele>
    <time>2024-03-15T15:17:46Z</time>
   </trkpt>
   <trkpt lat="45.8637180" lon="15.1944110">
    <ele>501.0</ele>
    <time>2024-03-15T15:17:47Z</time>
   </trkpt>
   <trkpt lat="45.8637160" lon="15.1943950">
    <ele>501.0</ele>
    <time>2024-03-15T15:17:48Z</time>
   </trkpt>
   <trkpt lat="45.8637140" lon="15.1943790">
    <ele>501.0</ele>
    <time>2024-03-15T15:17:49Z</time>
   </trkpt>
   <trkpt lat="45.8637120" lon="15.1943640">
    <ele>501.0</ele>
    <time>2024-03-15T15:17:50Z</time>
   </trkpt>
   <trkpt lat="45.8637090" lon="15.1943480">
    <ele>501.0</ele>
    <time>2024-03-15T15:17:51Z</time>
   </trkpt>
   <trkpt lat="45.8637070" lon="15.1943310">
    <ele>501.0</ele>
    <time>2024-03-15T15:17:52Z</time>
   </trkpt>
   <trkpt lat="45.8637050" lon="15.1943150">
    <ele>501.0</ele>
    <time>2024-03-15T15:17:53Z</time>
   </trkpt>
   <trkpt lat="45.8637030" lon="15.1942960">
    <ele>501.0</ele>
    <time>2024-03-15T15:17:54Z</time>
   </trkpt>
   <trkpt lat="45.8637000" lon="15.1942780">
    <ele>501.0</ele>
    <time>2024-03-15T15:17:55Z</time>
   </trkpt>
   <trkpt lat="45.8636960" lon="15.1942580">
    <ele>501.0</ele>
    <time>2024-03-15T15:17:56Z</time>
   </trkpt>
   <trkpt lat="45.8636930" lon="15.1942380">
    <ele>502.0</ele>
    <time>2024-03-15T15:17:57Z</time>
   </trkpt>
   <trkpt lat="45.8636900" lon="15.1942200">
    <ele>502.0</ele>
    <time>2024-03-15T15:17:58Z</time>
   </trkpt>
   <trkpt lat="45.8636860" lon="15.1942010">
    <ele>502.0</ele>
    <time>2024-03-15T15:17:59Z</time>
   </trkpt>
   <trkpt lat="45.8636830" lon="15.1941840">
    <ele>502.0</ele>
    <time>2024-03-15T15:18:00Z</time>
   </trkpt>
   <trkpt lat="45.8636790" lon="15.1941670">
    <ele>502.0</ele>
    <time>2024-03-15T15:18:01Z</time>
   </trkpt>
   <trkpt lat="45.8636750" lon="15.1941500">
    <ele>503.0</ele>
    <time>2024-03-15T15:18:02Z</time>
   </trkpt>
   <trkpt lat="45.8636720" lon="15.1941330">
    <ele>503.0</ele>
    <time>2024-03-15T15:18:03Z</time>
   </trkpt>
   <trkpt lat="45.8636670" lon="15.1941140">
    <ele>503.0</ele>
    <time>2024-03-15T15:18:04Z</time>
   </trkpt>
   <trkpt lat="45.8636630" lon="15.1940950">
    <ele>503.0</ele>
    <time>2024-03-15T15:18:05Z</time>
   </trkpt>
   <trkpt lat="45.8636590" lon="15.1940760">
    <ele>503.0</ele>
    <time>2024-03-15T15:18:06Z</time>
   </trkpt>
   <trkpt lat="45.8636550" lon="15.1940580">
    <ele>504.0</ele>
    <time>2024-03-15T15:18:07Z</time>
   </trkpt>
   <trkpt lat="45.8636520" lon="15.1940410">
    <ele>504.0</ele>
    <time>2024-03-15T15:18:08Z</time>
   </trkpt>
   <trkpt lat="45.8636500" lon="15.1940240">
    <ele>504.0</ele>
    <time>2024-03-15T15:18:09Z</time>
   </trkpt>
   <trkpt lat="45.8636480" lon="15.1940080">
    <ele>504.0</ele>
    <time>2024-03-15T15:18:10Z</time>
   </trkpt>
   <trkpt lat="45.8636470" lon="15.1939920">
    <ele>504.0</ele>
    <time>2024-03-15T15:18:11Z</time>
   </trkpt>
   <trkpt lat="45.8636430" lon="15.1939750">
    <ele>505.0</ele>
    <time>2024-03-15T15:18:12Z</time>
   </trkpt>
   <trkpt lat="45.8636390" lon="15.1939580">
    <ele>505.0</ele>
    <time>2024-03-15T15:18:13Z</time>
   </trkpt>
   <trkpt lat="45.8636330" lon="15.1939400">
    <ele>505.0</ele>
    <time>2024-03-15T15:18:14Z</time>
   </trkpt>
   <trkpt lat="45.8636270" lon="15.1939220">
    <ele>505.0</ele>
    <time>2024-03-15T15:18:15Z</time>
   </trkpt>
   <trkpt lat="45.8636200" lon="15.1939030">
    <ele>505.0</ele>
    <time>2024-03-15T15:18:16Z</time>
   </trkpt>
   <trkpt lat="45.8636130" lon="15.1938830">
    <ele>506.0</ele>
    <time>2024-03-15T15:18:17Z</time>
   </trkpt>
   <trkpt lat="45.8636060" lon="15.1938640">
    <ele>506.0</ele>
    <time>2024-03-15T15:18:18Z</time>
   </trkpt>
   <trkpt lat="45.8635980" lon="15.1938450">
    <ele>506.0</ele>
    <time>2024-03-15T15:18:19Z</time>
   </trkpt>
   <trkpt lat="45.8635910" lon="15.1938270">
    <ele>506.0</ele>
    <time>2024-03-15T15:18:20Z</time>
   </trkpt>
   <trkpt lat="45.8635840" lon="15.1938090">
    <ele>506.0</ele>
    <time>2024-03-15T15:18:21Z</time>
   </trkpt>
   <trkpt lat="45.8635770" lon="15.1937910">
    <ele>507.0</ele>
    <time>2024-03-15T15:18:22Z</time>
   </trkpt>
   <trkpt lat="45.8635700" lon="15.1937720">
    <ele>507.0</ele>
    <time>2024-03-15T15:18:23Z</time>
   </trkpt>
   <trkpt lat="45.8635640" lon="15.1937550">
    <ele>507.0</ele>
    <time>2024-03-15T15:18:24Z</time>
   </trkpt>
   <trkpt lat="45.8635580" lon="15.1937370">
    <ele>507.0</ele>
    <time>2024-03-15T15:18:25Z</time>
   </trkpt>
   <trkpt lat="45.8635530" lon="15.1937200">
    <ele>507.0</ele>
    <time>2024-03-15T15:18:26Z</time>
   </trkpt>
   <trkpt lat="45.8635480" lon="15.1937020">
    <ele>508.0</ele>
    <time>2024-03-15T15:18:27Z</time>
   </trkpt>
   <trkpt lat="45.8635430" lon="15.1936830">
    <ele>508.0</ele>
    <time>2024-03-15T15:18:28Z</time>
   </trkpt>
   <trkpt lat="45.8635390" lon="15.1936640">
    <ele>508.0</ele>
    <time>2024-03-15T15:18:29Z</time>
   </trkpt>
   <trkpt lat="45.8635340" lon="15.1936430">
    <ele>508.0</ele>
    <time>2024-03-15T15:18:30Z</time>
   </trkpt>
   <trkpt lat="45.8635290" lon="15.1936210">
    <ele>508.0</ele>
    <time>2024-03-15T15:18:31Z</time>
   </trkpt>
   <trkpt lat="45.8635230" lon="15.1935960">
    <ele>509.0</ele>
    <time>2024-03-15T15:18:32Z</time>
   </trkpt>
   <trkpt lat="45.8635160" lon="15.1935710">
    <ele>509.0</ele>
    <time>2024-03-15T15:18:33Z</time>
   </trkpt>
   <trkpt lat="45.8635080" lon="15.1935430">
    <ele>509.0</ele>
    <time>2024-03-15T15:18:34Z</time>
   </trkpt>
   <trkpt lat="45.8635000" lon="15.1935150">
    <ele>509.0</ele>
    <time>2024-03-15T15:18:35Z</time>
   </trkpt>
   <trkpt lat="45.8634930" lon="15.1934850">
    <ele>509.0</ele>
    <time>2024-03-15T15:18:36Z</time>
   </trkpt>
   <trkpt lat="45.8634860" lon="15.1934550">
    <ele>510.0</ele>
    <time>2024-03-15T15:18:37Z</time>
   </trkpt>
   <trkpt lat="45.8634790" lon="15.1934250">
    <ele>510.0</ele>
    <time>2024-03-15T15:18:38Z</time>
   </trkpt>
   <trkpt lat="45.8634720" lon="15.1933940">
    <ele>510.0</ele>
    <time>2024-03-15T15:18:39Z</time>
   </trkpt>
   <trkpt lat="45.8634650" lon="15.1933630">
    <ele>510.0</ele>
    <time>2024-03-15T15:18:40Z</time>
   </trkpt>
   <trkpt lat="45.8634580" lon="15.1933320">
    <ele>510.0</ele>
    <time>2024-03-15T15:18:41Z</time>
   </trkpt>
   <trkpt lat="45.8634510" lon="15.1932990">
    <ele>511.0</ele>
    <time>2024-03-15T15:18:42Z</time>
   </trkpt>
   <trkpt lat="45.8634450" lon="15.1932660">
    <ele>511.0</ele>
    <time>2024-03-15T15:18:43Z</time>
   </trkpt>
   <trkpt lat="45.8634380" lon="15.1932310">
    <ele>511.0</ele>
    <time>2024-03-15T15:18:44Z</time>
   </trkpt>
   <trkpt lat="45.8634310" lon="15.1931970">
    <ele>511.0</ele>
    <time>2024-03-15T15:18:45Z</time>
   </trkpt>
   <trkpt lat="45.8634240" lon="15.1931620">
    <ele>511.0</ele>
    <time>2024-03-15T15:18:46Z</time>
   </trkpt>
   <trkpt lat="45.8634180" lon="15.1931280">
    <ele>512.0</ele>
    <time>2024-03-15T15:18:47Z</time>
   </trkpt>
   <trkpt lat="45.8634100" lon="15.1930940">
    <ele>512.0</ele>
    <time>2024-03-15T15:18:48Z</time>
   </trkpt>
   <trkpt lat="45.8634030" lon="15.1930600">
    <ele>512.0</ele>
    <time>2024-03-15T15:18:49Z</time>
   </trkpt>
   <trkpt lat="45.8633950" lon="15.1930250">
    <ele>512.0</ele>
    <time>2024-03-15T15:18:50Z</time>
   </trkpt>
   <trkpt lat="45.8633870" lon="15.1929900">
    <ele>512.0</ele>
    <time>2024-03-15T15:18:51Z</time>
   </trkpt>
   <trkpt lat="45.8633800" lon="15.1929530">
    <ele>513.0</ele>
    <time>2024-03-15T15:18:52Z</time>
   </trkpt>
   <trkpt lat="45.8633740" lon="15.1929170">
    <ele>513.0</ele>
    <time>2024-03-15T15:18:53Z</time>
   </trkpt>
   <trkpt lat="45.8633690" lon="15.1928780">
    <ele>513.0</ele>
    <time>2024-03-15T15:18:54Z</time>
   </trkpt>
   <trkpt lat="45.8633640" lon="15.1928400">
    <ele>513.0</ele>
    <time>2024-03-15T15:18:55Z</time>
   </trkpt>
   <trkpt lat="45.8633610" lon="15.1928010">
    <ele>513.0</ele>
    <time>2024-03-15T15:18:56Z</time>
   </trkpt>
   <trkpt lat="45.8633570" lon="15.1927620">
    <ele>513.0</ele>
    <time>2024-03-15T15:18:57Z</time>
   </trkpt>
   <trkpt lat="45.8633560" lon="15.1927240">
    <ele>513.0</ele>
    <time>2024-03-15T15:18:58Z</time>
   </trkpt>
   <trkpt lat="45.8633540" lon="15.1926870">
    <ele>513.0</ele>
    <time>2024-03-15T15:18:59Z</time>
   </trkpt>
   <trkpt lat="45.8633550" lon="15.1926500">
    <ele>513.0</ele>
    <time>2024-03-15T15:19:00Z</time>
   </trkpt>
   <trkpt lat="45.8633560" lon="15.1926140">
    <ele>513.0</ele>
    <time>2024-03-15T15:19:01Z</time>
   </trkpt>
   <trkpt lat="45.8633580" lon="15.1925770">
    <ele>514.0</ele>
    <time>2024-03-15T15:19:02Z</time>
   </trkpt>
   <trkpt lat="45.8633600" lon="15.1925410">
    <ele>514.0</ele>
    <time>2024-03-15T15:19:03Z</time>
   </trkpt>
   <trkpt lat="45.8633630" lon="15.1925030">
    <ele>514.0</ele>
    <time>2024-03-15T15:19:04Z</time>
   </trkpt>
   <trkpt lat="45.8633650" lon="15.1924660">
    <ele>514.0</ele>
    <time>2024-03-15T15:19:05Z</time>
   </trkpt>
   <trkpt lat="45.8633690" lon="15.1924280">
    <ele>514.0</ele>
    <time>2024-03-15T15:19:06Z</time>
   </trkpt>
   <trkpt lat="45.8633740" lon="15.1923900">
    <ele>514.0</ele>
    <time>2024-03-15T15:19:07Z</time>
   </trkpt>
   <trkpt lat="45.8633790" lon="15.1923550">
    <ele>514.0</ele>
    <time>2024-03-15T15:19:08Z</time>
   </trkpt>
   <trkpt lat="45.8633840" lon="15.1923200">
    <ele>514.0</ele>
    <time>2024-03-15T15:19:09Z</time>
   </trkpt>
   <trkpt lat="45.8633890" lon="15.1922870">
    <ele>514.0</ele>
    <time>2024-03-15T15:19:10Z</time>
   </trkpt>
   <trkpt lat="45.8633940" lon="15.1922540">
    <ele>514.0</ele>
    <time>2024-03-15T15:19:11Z</time>
   </trkpt>
   <trkpt lat="45.8633990" lon="15.1922200">
    <ele>515.0</ele>
    <time>2024-03-15T15:19:12Z</time>
   </trkpt>
   <trkpt lat="45.8634040" lon="15.1921850">
    <ele>515.0</ele>
    <time>2024-03-15T15:19:13Z</time>
   </trkpt>
   <trkpt lat="45.8634100" lon="15.1921510">
    <ele>515.0</ele>
    <time>2024-03-15T15:19:14Z</time>
   </trkpt>
   <trkpt lat="45.8634170" lon="15.1921180">
    <ele>515.0</ele>
    <time>2024-03-15T15:19:15Z</time>
   </trkpt>
   <trkpt lat="45.8634270" lon="15.1920880">
    <ele>515.0</ele>
    <time>2024-03-15T15:19:16Z</time>
   </trkpt>
   <trkpt lat="45.8634370" lon="15.1920590">
    <ele>515.0</ele>
    <time>2024-03-15T15:19:17Z</time>
   </trkpt>
   <trkpt lat="45.8634510" lon="15.1920390">
    <ele>515.0</ele>
    <time>2024-03-15T15:19:18Z</time>
   </trkpt>
   <trkpt lat="45.8634650" lon="15.1920200">
    <ele>515.0</ele>
    <time>2024-03-15T15:19:19Z</time>
   </trkpt>
   <trkpt lat="45.8634830" lon="15.1920170">
    <ele>515.0</ele>
    <time>2024-03-15T15:19:20Z</time>
   </trkpt>
   <trkpt lat="45.8635020" lon="15.1920140">
    <ele>515.0</ele>
    <time>2024-03-15T15:19:21Z</time>
   </trkpt>
   <trkpt lat="45.8635230" lon="15.1920190">
    <ele>515.0</ele>
    <time>2024-03-15T15:19:22Z</time>
   </trkpt>
   <trkpt lat="45.8635450" lon="15.1920240">
    <ele>515.0</ele>
    <time>2024-03-15T15:19:23Z</time>
   </trkpt>
   <trkpt lat="45.8635700" lon="15.1920300">
    <ele>515.0</ele>
    <time>2024-03-15T15:19:24Z</time>
   </trkpt>
   <trkpt lat="45.8635940" lon="15.1920350">
    <ele>515.0</ele>
    <time>2024-03-15T15:19:25Z</time>
   </trkpt>
   <trkpt lat="45.8636220" lon="15.1920360">
    <ele>515.0</ele>
    <time>2024-03-15T15:19:26Z</time>
   </trkpt>
   <trkpt lat="45.8636490" lon="15.1920380">
    <ele>515.0</ele>
    <time>2024-03-15T15:19:27Z</time>
   </trkpt>
   <trkpt lat="45.8636790" lon="15.1920290">
    <ele>514.0</ele>
    <time>2024-03-15T15:19:28Z</time>
   </trkpt>
   <trkpt lat="45.8637100" lon="15.1920190">
    <ele>514.0</ele>
    <time>2024-03-15T15:19:29Z</time>
   </trkpt>
   <trkpt lat="45.8637410" lon="15.1920030">
    <ele>514.0</ele>
    <time>2024-03-15T15:19:30Z</time>
   </trkpt>
   <trkpt lat="45.8637710" lon="15.1919880">
    <ele>514.0</ele>
    <time>2024-03-15T15:19:31Z</time>
   </trkpt>
   <trkpt lat="45.8638000" lon="15.1919680">
    <ele>514.0</ele>
    <time>2024-03-15T15:19:32Z</time>
   </trkpt>
   <trkpt lat="45.8638290" lon="15.1919490">
    <ele>513.0</ele>
    <time>2024-03-15T15:19:33Z</time>
   </trkpt>
   <trkpt lat="45.8638550" lon="15.1919260">
    <ele>513.0</ele>
    <time>2024-03-15T15:19:34Z</time>
   </trkpt>
   <trkpt lat="45.8638810" lon="15.1919030">
    <ele>513.0</ele>
    <time>2024-03-15T15:19:35Z</time>
   </trkpt>
   <trkpt lat="45.8639050" lon="15.1918810">
    <ele>513.0</ele>
    <time>2024-03-15T15:19:36Z</time>
   </trkpt>
   <trkpt lat="45.8639280" lon="15.1918590">
    <ele>513.0</ele>
    <time>2024-03-15T15:19:37Z</time>
   </trkpt>
   <trkpt lat="45.8639510" lon="15.1918390">
    <ele>512.0</ele>
    <time>2024-03-15T15:19:38Z</time>
   </trkpt>
   <trkpt lat="45.8639730" lon="15.1918190">
    <ele>512.0</ele>
    <time>2024-03-15T15:19:39Z</time>
   </trkpt>
   <trkpt lat="45.8639980" lon="15.1918020">
    <ele>511.0</ele>
    <time>2024-03-15T15:19:40Z</time>
   </trkpt>
   <trkpt lat="45.8640220" lon="15.1917850">
    <ele>511.0</ele>
    <time>2024-03-15T15:19:41Z</time>
   </trkpt>
   <trkpt lat="45.8640480" lon="15.1917720">
    <ele>511.0</ele>
    <time>2024-03-15T15:19:42Z</time>
   </trkpt>
   <trkpt lat="45.8640730" lon="15.1917580">
    <ele>510.0</ele>
    <time>2024-03-15T15:19:43Z</time>
   </trkpt>
   <trkpt lat="45.8640990" lon="15.1917460">
    <ele>510.0</ele>
    <time>2024-03-15T15:19:44Z</time>
   </trkpt>
   <trkpt lat="45.8641250" lon="15.1917330">
    <ele>509.0</ele>
    <time>2024-03-15T15:19:45Z</time>
   </trkpt>
   <trkpt lat="45.8641510" lon="15.1917240">
    <ele>509.0</ele>
    <time>2024-03-15T15:19:46Z</time>
   </trkpt>
   <trkpt lat="45.8641770" lon="15.1917140">
    <ele>509.0</ele>
    <time>2024-03-15T15:19:47Z</time>
   </trkpt>
   <trkpt lat="45.8642030" lon="15.1917030">
    <ele>508.0</ele>
    <time>2024-03-15T15:19:48Z</time>
   </trkpt>
   <trkpt lat="45.8642280" lon="15.1916930">
    <ele>507.0</ele>
    <time>2024-03-15T15:19:49Z</time>
   </trkpt>
   <trkpt lat="45.8642540" lon="15.1916790">
    <ele>507.0</ele>
    <time>2024-03-15T15:19:50Z</time>
   </trkpt>
   <trkpt lat="45.8642790" lon="15.1916650">
    <ele>506.0</ele>
    <time>2024-03-15T15:19:51Z</time>
   </trkpt>
   <trkpt lat="45.8643060" lon="15.1916510">
    <ele>506.0</ele>
    <time>2024-03-15T15:19:52Z</time>
   </trkpt>
   <trkpt lat="45.8643330" lon="15.1916360">
    <ele>505.0</ele>
    <time>2024-03-15T15:19:53Z</time>
   </trkpt>
   <trkpt lat="45.8643630" lon="15.1916210">
    <ele>505.0</ele>
    <time>2024-03-15T15:19:54Z</time>
   </trkpt>
   <trkpt lat="45.8643930" lon="15.1916060">
    <ele>504.0</ele>
    <time>2024-03-15T15:19:55Z</time>
   </trkpt>
   <trkpt lat="45.8644240" lon="15.1915940">
    <ele>504.0</ele>
    <time>2024-03-15T15:19:56Z</time>
   </trkpt>
   <trkpt lat="45.8644560" lon="15.1915830">
    <ele>504.0</ele>
    <time>2024-03-15T15:19:57Z</time>
   </trkpt>
   <trkpt lat="45.8644860" lon="15.1915730">
    <ele>503.0</ele>
    <time>2024-03-15T15:19:58Z</time>
   </trkpt>
   <trkpt lat="45.8645170" lon="15.1915630">
    <ele>502.0</ele>
    <time>2024-03-15T15:19:59Z</time>
   </trkpt>
   <trkpt lat="45.8645470" lon="15.1915560">
    <ele>502.0</ele>
    <time>2024-03-15T15:20:00Z</time>
   </trkpt>
   <trkpt lat="45.8645770" lon="15.1915480">
    <ele>501.0</ele>
    <time>2024-03-15T15:20:01Z</time>
   </trkpt>
   <trkpt lat="45.8646090" lon="15.1915410">
    <ele>501.0</ele>
    <time>2024-03-15T15:20:02Z</time>
   </trkpt>
   <trkpt lat="45.8646420" lon="15.1915330">
    <ele>500.0</ele>
    <time>2024-03-15T15:20:03Z</time>
   </trkpt>
   <trkpt lat="45.8646790" lon="15.1915250">
    <ele>500.0</ele>
    <time>2024-03-15T15:20:04Z</time>
   </trkpt>
   <trkpt lat="45.8647160" lon="15.1915160">
    <ele>499.0</ele>
    <time>2024-03-15T15:20:05Z</time>
   </trkpt>
   <trkpt lat="45.8647530" lon="15.1915120">
    <ele>499.0</ele>
    <time>2024-03-15T15:20:06Z</time>
   </trkpt>
   <trkpt lat="45.8647900" lon="15.1915070">
    <ele>499.0</ele>
    <time>2024-03-15T15:20:07Z</time>
   </trkpt>
   <trkpt lat="45.8648260" lon="15.1915080">
    <ele>498.0</ele>
    <time>2024-03-15T15:20:08Z</time>
   </trkpt>
   <trkpt lat="45.8648630" lon="15.1915080">
    <ele>498.0</ele>
    <time>2024-03-15T15:20:09Z</time>
   </trkpt>
   <trkpt lat="45.8648970" lon="15.1915140">
    <ele>497.0</ele>
    <time>2024-03-15T15:20:10Z</time>
   </trkpt>
   <trkpt lat="45.8649300" lon="15.1915190">
    <ele>497.0</ele>
    <time>2024-03-15T15:20:11Z</time>
   </trkpt>
   <trkpt lat="45.8649600" lon="15.1915280">
    <ele>497.0</ele>
    <time>2024-03-15T15:20:12Z</time>
   </trkpt>
   <trkpt lat="45.8649900" lon="15.1915360">
    <ele>496.0</ele>
    <time>2024-03-15T15:20:13Z</time>
   </trkpt>
   <trkpt lat="45.8650170" lon="15.1915460">
    <ele>496.0</ele>
    <time>2024-03-15T15:20:14Z</time>
   </trkpt>
   <trkpt lat="45.8650430" lon="15.1915560">
    <ele>495.0</ele>
    <time>2024-03-15T15:20:15Z</time>
   </trkpt>
   <trkpt lat="45.8650700" lon="15.1915640">
    <ele>495.0</ele>
    <time>2024-03-15T15:20:16Z</time>
   </trkpt>
   <trkpt lat="45.8650970" lon="15.1915720">
    <ele>495.0</ele>
    <time>2024-03-15T15:20:17Z</time>
   </trkpt>
   <trkpt lat="45.8651250" lon="15.1915750">
    <ele>494.0</ele>
    <time>2024-03-15T15:20:18Z</time>
   </trkpt>
   <trkpt lat="45.8651530" lon="15.1915780">
    <ele>494.0</ele>
    <time>2024-03-15T15:20:19Z</time>
   </trkpt>
   <trkpt lat="45.8651830" lon="15.1915730">
    <ele>493.0</ele>
    <time>2024-03-15T15:20:20Z</time>
   </trkpt>
   <trkpt lat="45.8652130" lon="15.1915680">
    <ele>493.0</ele>
    <time>2024-03-15T15:20:21Z</time>
   </trkpt>
   <trkpt lat="45.8652460" lon="15.1915580">
    <ele>493.0</ele>
    <time>2024-03-15T15:20:22Z</time>
   </trkpt>
   <trkpt lat="45.8652780" lon="15.1915490">
    <ele>492.0</ele>
    <time>2024-03-15T15:20:23Z</time>
   </trkpt>
   <trkpt lat="45.8653120" lon="15.1915310">
    <ele>492.0</ele>
    <time>2024-03-15T15:20:24Z</time>
   </trkpt>
   <trkpt lat="45.8653450" lon="15.1915130">
    <ele>492.0</ele>
    <time>2024-03-15T15:20:25Z</time>
   </trkpt>
   <trkpt lat="45.8653750" lon="15.1914860">
    <ele>492.0</ele>
    <time>2024-03-15T15:20:26Z</time>
   </trkpt>
   <trkpt lat="45.8654060" lon="15.1914600">
    <ele>492.0</ele>
    <time>2024-03-15T15:20:27Z</time>
   </trkpt>
   <trkpt lat="45.8654330" lon="15.1914280">
    <ele>491.0</ele>
    <time>2024-03-15T15:20:28Z</time>
   </trkpt>
   <trkpt lat="45.8654590" lon="15.1913970">
    <ele>491.0</ele>
    <time>2024-03-15T15:20:29Z</time>
   </trkpt>
   <trkpt lat="45.8654810" lon="15.1913630">
    <ele>490.0</ele>
    <time>2024-03-15T15:20:30Z</time>
   </trkpt>
   <trkpt lat="45.8655040" lon="15.1913290">
    <ele>490.0</ele>
    <time>2024-03-15T15:20:31Z</time>
   </trkpt>
   <trkpt lat="45.8655230" lon="15.1912920">
    <ele>490.0</ele>
    <time>2024-03-15T15:20:32Z</time>
   </trkpt>
   <trkpt lat="45.8655430" lon="15.1912550">
    <ele>489.0</ele>
    <time>2024-03-15T15:20:33Z</time>
   </trkpt>
   <trkpt lat="45.8655560" lon="15.1912150">
    <ele>489.0</ele>
    <time>2024-03-15T15:20:34Z</time>
   </trkpt>
   <trkpt lat="45.8655690" lon="15.1911760">
    <ele>488.0</ele>
    <time>2024-03-15T15:20:35Z</time>
   </trkpt>
   <trkpt lat="45.8655780" lon="15.1911330">
    <ele>488.0</ele>
    <time>2024-03-15T15:20:36Z</time>
   </trkpt>
   <trkpt lat="45.8655860" lon="15.1910900">
    <ele>488.0</ele>
    <time>2024-03-15T15:20:37Z</time>
   </trkpt>
   <trkpt lat="45.8655940" lon="15.1910460">
    <ele>487.0</ele>
    <time>2024-03-15T15:20:38Z</time>
   </trkpt>
   <trkpt lat="45.8656020" lon="15.1910010">
    <ele>487.0</ele>
    <time>2024-03-15T15:20:39Z</time>
   </trkpt>
   <trkpt lat="45.8656110" lon="15.1909570">
    <ele>487.0</ele>
    <time>2024-03-15T15:20:40Z</time>
   </trkpt>
   <trkpt lat="45.8656190" lon="15.1909130">
    <ele>487.0</ele>
    <time>2024-03-15T15:20:41Z</time>
   </trkpt>
   <trkpt lat="45.8656290" lon="15.1908700">
    <ele>487.0</ele>
    <time>2024-03-15T15:20:42Z</time>
   </trkpt>
   <trkpt lat="45.8656380" lon="15.1908280">
    <ele>486.0</ele>
    <time>2024-03-15T15:20:43Z</time>
   </trkpt>
   <trkpt lat="45.8656510" lon="15.1907870">
    <ele>486.0</ele>
    <time>2024-03-15T15:20:44Z</time>
   </trkpt>
   <trkpt lat="45.8656630" lon="15.1907470">
    <ele>486.0</ele>
    <time>2024-03-15T15:20:45Z</time>
   </trkpt>
   <trkpt lat="45.8656780" lon="15.1907100">
    <ele>486.0</ele>
    <time>2024-03-15T15:20:46Z</time>
   </trkpt>
   <trkpt lat="45.8656920" lon="15.1906740">
    <ele>486.0</ele>
    <time>2024-03-15T15:20:47Z</time>
   </trkpt>
   <trkpt lat="45.8657080" lon="15.1906410">
    <ele>485.0</ele>
    <time>2024-03-15T15:20:48Z</time>
   </trkpt>
   <trkpt lat="45.8657250" lon="15.1906090">
    <ele>485.0</ele>
    <time>2024-03-15T15:20:49Z</time>
   </trkpt>
   <trkpt lat="45.8657410" lon="15.1905790">
    <ele>485.0</ele>
    <time>2024-03-15T15:20:50Z</time>
   </trkpt>
   <trkpt lat="45.8657580" lon="15.1905490">
    <ele>485.0</ele>
    <time>2024-03-15T15:20:51Z</time>
   </trkpt>
   <trkpt lat="45.8657750" lon="15.1905180">
    <ele>485.0</ele>
    <time>2024-03-15T15:20:52Z</time>
   </trkpt>
   <trkpt lat="45.8657920" lon="15.1904860">
    <ele>485.0</ele>
    <time>2024-03-15T15:20:53Z</time>
   </trkpt>
   <trkpt lat="45.8658120" lon="15.1904530">
    <ele>485.0</ele>
    <time>2024-03-15T15:20:54Z</time>
   </trkpt>
   <trkpt lat="45.8658320" lon="15.1904200">
    <ele>485.0</ele>
    <time>2024-03-15T15:20:55Z</time>
   </trkpt>
   <trkpt lat="45.8658560" lon="15.1903800">
    <ele>485.0</ele>
    <time>2024-03-15T15:20:56Z</time>
   </trkpt>
   <trkpt lat="45.8658800" lon="15.1903400">
    <ele>485.0</ele>
    <time>2024-03-15T15:20:57Z</time>
   </trkpt>
   <trkpt lat="45.8659040" lon="15.1902940">
    <ele>484.0</ele>
    <time>2024-03-15T15:20:58Z</time>
   </trkpt>
   <trkpt lat="45.8659270" lon="15.1902490">
    <ele>484.0</ele>
    <time>2024-03-15T15:20:59Z</time>
   </trkpt>
   <trkpt lat="45.8659470" lon="15.1902000">
    <ele>484.0</ele>
    <time>2024-03-15T15:21:00Z</time>
   </trkpt>
   <trkpt lat="45.8659670" lon="15.1901510">
    <ele>484.0</ele>
    <time>2024-03-15T15:21:01Z</time>
   </trkpt>
   <trkpt lat="45.8659840" lon="15.1901020">
    <ele>484.0</ele>
    <time>2024-03-15T15:21:02Z</time>
   </trkpt>
   <trkpt lat="45.8660000" lon="15.1900540">
    <ele>484.0</ele>
    <time>2024-03-15T15:21:03Z</time>
   </trkpt>
   <trkpt lat="45.8660130" lon="15.1900060">
    <ele>484.0</ele>
    <time>2024-03-15T15:21:04Z</time>
   </trkpt>
   <trkpt lat="45.8660270" lon="15.1899580">
    <ele>484.0</ele>
    <time>2024-03-15T15:21:05Z</time>
   </trkpt>
   <trkpt lat="45.8660370" lon="15.1899100">
    <ele>484.0</ele>
    <time>2024-03-15T15:21:06Z</time>
   </trkpt>
   <trkpt lat="45.8660470" lon="15.1898620">
    <ele>484.0</ele>
    <time>2024-03-15T15:21:07Z</time>
   </trkpt>
   <trkpt lat="45.8660550" lon="15.1898150">
    <ele>484.0</ele>
    <time>2024-03-15T15:21:08Z</time>
   </trkpt>
   <trkpt lat="45.8660640" lon="15.1897680">
    <ele>484.0</ele>
    <time>2024-03-15T15:21:09Z</time>
   </trkpt>
   <trkpt lat="45.8660740" lon="15.1897260">
    <ele>484.0</ele>
    <time>2024-03-15T15:21:10Z</time>
   </trkpt>
   <trkpt lat="45.8660840" lon="15.1896840">
    <ele>484.0</ele>
    <time>2024-03-15T15:21:11Z</time>
   </trkpt>
   <trkpt lat="45.8660970" lon="15.1896460">
    <ele>484.0</ele>
    <time>2024-03-15T15:21:12Z</time>
   </trkpt>
   <trkpt lat="45.8661100" lon="15.1896080">
    <ele>483.0</ele>
    <time>2024-03-15T15:21:13Z</time>
   </trkpt>
   <trkpt lat="45.8661240" lon="15.1895690">
    <ele>483.0</ele>
    <time>2024-03-15T15:21:14Z</time>
   </trkpt>
   <trkpt lat="45.8661390" lon="15.1895300">
    <ele>483.0</ele>
    <time>2024-03-15T15:21:15Z</time>
   </trkpt>
   <trkpt lat="45.8661550" lon="15.1894910">
    <ele>483.0</ele>
    <time>2024-03-15T15:21:16Z</time>
   </trkpt>
   <trkpt lat="45.8661700" lon="15.1894520">
    <ele>483.0</ele>
    <time>2024-03-15T15:21:17Z</time>
   </trkpt>
   <trkpt lat="45.8661870" lon="15.1894160">
    <ele>482.0</ele>
    <time>2024-03-15T15:21:18Z</time>
   </trkpt>
   <trkpt lat="45.8662030" lon="15.1893800">
    <ele>482.0</ele>
    <time>2024-03-15T15:21:19Z</time>
   </trkpt>
   <trkpt lat="45.8662210" lon="15.1893470">
    <ele>482.0</ele>
    <time>2024-03-15T15:21:20Z</time>
   </trkpt>
   <trkpt lat="45.8662390" lon="15.1893140">
    <ele>482.0</ele>
    <time>2024-03-15T15:21:21Z</time>
   </trkpt>
   <trkpt lat="45.8662580" lon="15.1892800">
    <ele>482.0</ele>
    <time>2024-03-15T15:21:22Z</time>
   </trkpt>
   <trkpt lat="45.8662770" lon="15.1892460">
    <ele>482.0</ele>
    <time>2024-03-15T15:21:23Z</time>
   </trkpt>
   <trkpt lat="45.8662960" lon="15.1892090">
    <ele>482.0</ele>
    <time>2024-03-15T15:21:24Z</time>
   </trkpt>
   <trkpt lat="45.8663150" lon="15.1891730">
    <ele>482.0</ele>
    <time>2024-03-15T15:21:25Z</time>
   </trkpt>
   <trkpt lat="45.8663330" lon="15.1891320">
    <ele>482.0</ele>
    <time>2024-03-15T15:21:26Z</time>
   </trkpt>
   <trkpt lat="45.8663510" lon="15.1890910">
    <ele>482.0</ele>
    <time>2024-03-15T15:21:27Z</time>
   </trkpt>
   <trkpt lat="45.8663660" lon="15.1890550">
    <ele>482.0</ele>
    <time>2024-03-15T15:21:28Z</time>
   </trkpt>
   <trkpt lat="45.8663810" lon="15.1890200">
    <ele>482.0</ele>
    <time>2024-03-15T15:21:29Z</time>
   </trkpt>
   <trkpt lat="45.8663910" lon="15.1889930">
    <ele>482.0</ele>
    <time>2024-03-15T15:21:30Z</time>
   </trkpt>
   <trkpt lat="45.8664010" lon="15.1889670">
    <ele>482.0</ele>
    <time>2024-03-15T15:21:31Z</time>
   </trkpt>
   <trkpt lat="45.8664080" lon="15.1889480">
    <ele>482.0</ele>
    <time>2024-03-15T15:21:32Z</time>
   </trkpt>
   <trkpt lat="45.8664150" lon="15.1889280">
    <ele>482.0</ele>
    <time>2024-03-15T15:21:33Z</time>
   </trkpt>
   <trkpt lat="45.8664210" lon="15.1889120">
    <ele>482.0</ele>
    <time>2024-03-15T15:21:34Z</time>
   </trkpt>
   <trkpt lat="45.8664270" lon="15.1888960">
    <ele>482.0</ele>
    <time>2024-03-15T15:21:35Z</time>
   </trkpt>
   <trkpt lat="45.8664340" lon="15.1888810">
    <ele>482.0</ele>
    <time>2024-03-15T15:21:36Z</time>
   </trkpt>
   <trkpt lat="45.8664400" lon="15.1888660">
    <ele>482.0</ele>
    <time>2024-03-15T15:21:37Z</time>
   </trkpt>
   <trkpt lat="45.8664470" lon="15.1888530">
    <ele>482.0</ele>
    <time>2024-03-15T15:21:38Z</time>
   </trkpt>
   <trkpt lat="45.8664530" lon="15.1888400">
    <ele>482.0</ele>
    <time>2024-03-15T15:21:39Z</time>
   </trkpt>
   <trkpt lat="45.8664600" lon="15.1888300">
    <ele>482.0</ele>
    <time>2024-03-15T15:21:40Z</time>
   </trkpt>
   <trkpt lat="45.8664670" lon="15.1888190">
    <ele>482.0</ele>
    <time>2024-03-15T15:21:41Z</time>
   </trkpt>
   <trkpt lat="45.8664740" lon="15.1888070">
    <ele>482.0</ele>
    <time>2024-03-15T15:21:42Z</time>
   </trkpt>
   <trkpt lat="45.8664820" lon="15.1887950">
    <ele>482.0</ele>
    <time>2024-03-15T15:21:43Z</time>
   </trkpt>
   <trkpt lat="45.8664900" lon="15.1887820">
    <ele>482.0</ele>
    <time>2024-03-15T15:21:44Z</time>
   </trkpt>
   <trkpt lat="45.8664980" lon="15.1887700">
    <ele>482.0</ele>
    <time>2024-03-15T15:21:45Z</time>
   </trkpt>
   <trkpt lat="45.8665060" lon="15.1887550">
    <ele>482.0</ele>
    <time>2024-03-15T15:21:46Z</time>
   </trkpt>
   <trkpt lat="45.8665150" lon="15.1887400">
    <ele>483.0</ele>
    <time>2024-03-15T15:21:47Z</time>
   </trkpt>
   <trkpt lat="45.8665250" lon="15.1887230">
    <ele>483.0</ele>
    <time>2024-03-15T15:21:48Z</time>
   </trkpt>
   <trkpt lat="45.8665350" lon="15.1887070">
    <ele>483.0</ele>
    <time>2024-03-15T15:21:49Z</time>
   </trkpt>
   <trkpt lat="45.8665460" lon="15.1886900">
    <ele>483.0</ele>
    <time>2024-03-15T15:21:50Z</time>
   </trkpt>
   <trkpt lat="45.8665580" lon="15.1886740">
    <ele>483.0</ele>
    <time>2024-03-15T15:21:51Z</time>
   </trkpt>
   <trkpt lat="45.8665690" lon="15.1886580">
    <ele>484.0</ele>
    <time>2024-03-15T15:21:52Z</time>
   </trkpt>
   <trkpt lat="45.8665810" lon="15.1886430">
    <ele>484.0</ele>
    <time>2024-03-15T15:21:53Z</time>
   </trkpt>
   <trkpt lat="45.8665920" lon="15.1886280">
    <ele>484.0</ele>
    <time>2024-03-15T15:21:54Z</time>
   </trkpt>
   <trkpt lat="45.8666020" lon="15.1886140">
    <ele>484.0</ele>
    <time>2024-03-15T15:21:55Z</time>
   </trkpt>
   <trkpt lat="45.8666130" lon="15.1886020">
    <ele>484.0</ele>
    <time>2024-03-15T15:21:56Z</time>
   </trkpt>
   <trkpt lat="45.8666230" lon="15.1885900">
    <ele>484.0</ele>
    <time>2024-03-15T15:21:57Z</time>
   </trkpt>
   <trkpt lat="45.8666340" lon="15.1885780">
    <ele>484.0</ele>
    <time>2024-03-15T15:21:58Z</time>
   </trkpt>
   <trkpt lat="45.8666450" lon="15.1885660">
    <ele>484.0</ele>
    <time>2024-03-15T15:21:59Z</time>
   </trkpt>
   <trkpt lat="45.8666570" lon="15.1885520">
    <ele>484.0</ele>
    <time>2024-03-15T15:22:00Z</time>
   </trkpt>
   <trkpt lat="45.8666680" lon="15.1885370">
    <ele>484.0</ele>
    <time>2024-03-15T15:22:01Z</time>
   </trkpt>
   <trkpt lat="45.8666790" lon="15.1885220">
    <ele>485.0</ele>
    <time>2024-03-15T15:22:02Z</time>
   </trkpt>
   <trkpt lat="45.8666900" lon="15.1885070">
    <ele>485.0</ele>
    <time>2024-03-15T15:22:03Z</time>
   </trkpt>
   <trkpt lat="45.8666990" lon="15.1884900">
    <ele>485.0</ele>
    <time>2024-03-15T15:22:04Z</time>
   </trkpt>
   <trkpt lat="45.8667080" lon="15.1884740">
    <ele>485.0</ele>
    <time>2024-03-15T15:22:05Z</time>
   </trkpt>
   <trkpt lat="45.8667180" lon="15.1884540">
    <ele>485.0</ele>
    <time>2024-03-15T15:22:06Z</time>
   </trkpt>
   <trkpt lat="45.8667280" lon="15.1884330">
    <ele>486.0</ele>
    <time>2024-03-15T15:22:07Z</time>
   </trkpt>
   <trkpt lat="45.8667410" lon="15.1884120">
    <ele>486.0</ele>
    <time>2024-03-15T15:22:08Z</time>
   </trkpt>
   <trkpt lat="45.8667530" lon="15.1883910">
    <ele>486.0</ele>
    <time>2024-03-15T15:22:09Z</time>
   </trkpt>
   <trkpt lat="45.8667660" lon="15.1883690">
    <ele>486.0</ele>
    <time>2024-03-15T15:22:10Z</time>
   </trkpt>
   <trkpt lat="45.8667800" lon="15.1883480">
    <ele>486.0</ele>
    <time>2024-03-15T15:22:11Z</time>
   </trkpt>
   <trkpt lat="45.8667920" lon="15.1883260">
    <ele>487.0</ele>
    <time>2024-03-15T15:22:12Z</time>
   </trkpt>
   <trkpt lat="45.8668050" lon="15.1883050">
    <ele>487.0</ele>
    <time>2024-03-15T15:22:13Z</time>
   </trkpt>
   <trkpt lat="45.8668180" lon="15.1882820">
    <ele>487.0</ele>
    <time>2024-03-15T15:22:14Z</time>
   </trkpt>
   <trkpt lat="45.8668310" lon="15.1882600">
    <ele>487.0</ele>
    <time>2024-03-15T15:22:15Z</time>
   </trkpt>
   <trkpt lat="45.8668440" lon="15.1882370">
    <ele>487.0</ele>
    <time>2024-03-15T15:22:16Z</time>
   </trkpt>
   <trkpt lat="45.8668570" lon="15.1882150">
    <ele>488.0</ele>
    <time>2024-03-15T15:22:17Z</time>
   </trkpt>
   <trkpt lat="45.8668710" lon="15.1881890">
    <ele>488.0</ele>
    <time>2024-03-15T15:22:18Z</time>
   </trkpt>
   <trkpt lat="45.8668840" lon="15.1881640">
    <ele>488.0</ele>
    <time>2024-03-15T15:22:19Z</time>
   </trkpt>
   <trkpt lat="45.8668990" lon="15.1881360">
    <ele>488.0</ele>
    <time>2024-03-15T15:22:20Z</time>
   </trkpt>
   <trkpt lat="45.8669140" lon="15.1881080">
    <ele>488.0</ele>
    <time>2024-03-15T15:22:21Z</time>
   </trkpt>
   <trkpt lat="45.8669310" lon="15.1880790">
    <ele>488.0</ele>
    <time>2024-03-15T15:22:22Z</time>
   </trkpt>
   <trkpt lat="45.8669480" lon="15.1880500">
    <ele>488.0</ele>
    <time>2024-03-15T15:22:23Z</time>
   </trkpt>
   <trkpt lat="45.8669670" lon="15.1880220">
    <ele>488.0</ele>
    <time>2024-03-15T15:22:24Z</time>
   </trkpt>
   <trkpt lat="45.8669870" lon="15.1879940">
    <ele>488.0</ele>
    <time>2024-03-15T15:22:25Z</time>
   </trkpt>
   <trkpt lat="45.8670070" lon="15.1879660">
    <ele>488.0</ele>
    <time>2024-03-15T15:22:26Z</time>
   </trkpt>
   <trkpt lat="45.8670280" lon="15.1879390">
    <ele>489.0</ele>
    <time>2024-03-15T15:22:27Z</time>
   </trkpt>
   <trkpt lat="45.8670500" lon="15.1879100">
    <ele>489.0</ele>
    <time>2024-03-15T15:22:28Z</time>
   </trkpt>
   <trkpt lat="45.8670720" lon="15.1878820">
    <ele>489.0</ele>
    <time>2024-03-15T15:22:29Z</time>
   </trkpt>
   <trkpt lat="45.8670940" lon="15.1878530">
    <ele>489.0</ele>
    <time>2024-03-15T15:22:30Z</time>
   </trkpt>
   <trkpt lat="45.8671150" lon="15.1878240">
    <ele>489.0</ele>
    <time>2024-03-15T15:22:31Z</time>
   </trkpt>
   <trkpt lat="45.8671380" lon="15.1878000">
    <ele>489.0</ele>
    <time>2024-03-15T15:22:32Z</time>
   </trkpt>
   <trkpt lat="45.8671610" lon="15.1877750">
    <ele>489.0</ele>
    <time>2024-03-15T15:22:33Z</time>
   </trkpt>
   <trkpt lat="45.8671850" lon="15.1877580">
    <ele>489.0</ele>
    <time>2024-03-15T15:22:34Z</time>
   </trkpt>
   <trkpt lat="45.8672090" lon="15.1877400">
    <ele>489.0</ele>
    <time>2024-03-15T15:22:35Z</time>
   </trkpt>
   <trkpt lat="45.8672310" lon="15.1877250">
    <ele>489.0</ele>
    <time>2024-03-15T15:22:36Z</time>
   </trkpt>
   <trkpt lat="45.8672530" lon="15.1877110">
    <ele>490.0</ele>
    <time>2024-03-15T15:22:37Z</time>
   </trkpt>
   <trkpt lat="45.8672700" lon="15.1876940">
    <ele>490.0</ele>
    <time>2024-03-15T15:22:38Z</time>
   </trkpt>
   <trkpt lat="45.8672870" lon="15.1876770">
    <ele>490.0</ele>
    <time>2024-03-15T15:22:39Z</time>
   </trkpt>
   <trkpt lat="45.8672970" lon="15.1876590">
    <ele>490.0</ele>
    <time>2024-03-15T15:22:40Z</time>
   </trkpt>
   <trkpt lat="45.8673070" lon="15.1876410">
    <ele>490.0</ele>
    <time>2024-03-15T15:22:41Z</time>
   </trkpt>
   <trkpt lat="45.8673120" lon="15.1876220">
    <ele>490.0</ele>
    <time>2024-03-15T15:22:42Z</time>
   </trkpt>
   <trkpt lat="45.8673170" lon="15.1876030">
    <ele>490.0</ele>
    <time>2024-03-15T15:22:43Z</time>
   </trkpt>
   <trkpt lat="45.8673200" lon="15.1875840">
    <ele>490.0</ele>
    <time>2024-03-15T15:22:44Z</time>
   </trkpt>
   <trkpt lat="45.8673240" lon="15.1875650">
    <ele>490.0</ele>
    <time>2024-03-15T15:22:45Z</time>
   </trkpt>
   <trkpt lat="45.8673260" lon="15.1875450">
    <ele>490.0</ele>
    <time>2024-03-15T15:22:46Z</time>
   </trkpt>
   <trkpt lat="45.8673290" lon="15.1875260">
    <ele>491.0</ele>
    <time>2024-03-15T15:22:47Z</time>
   </trkpt>
   <trkpt lat="45.8673310" lon="15.1875050">
    <ele>491.0</ele>
    <time>2024-03-15T15:22:48Z</time>
   </trkpt>
   <trkpt lat="45.8673320" lon="15.1874850">
    <ele>491.0</ele>
    <time>2024-03-15T15:22:49Z</time>
   </trkpt>
   <trkpt lat="45.8673360" lon="15.1874680">
    <ele>492.0</ele>
    <time>2024-03-15T15:22:50Z</time>
   </trkpt>
   <trkpt lat="45.8673400" lon="15.1874500">
    <ele>492.0</ele>
    <time>2024-03-15T15:22:51Z</time>
   </trkpt>
   <trkpt lat="45.8673460" lon="15.1874360">
    <ele>493.0</ele>
    <time>2024-03-15T15:22:52Z</time>
   </trkpt>
   <trkpt lat="45.8673520" lon="15.1874220">
    <ele>493.0</ele>
    <time>2024-03-15T15:22:53Z</time>
   </trkpt>
   <trkpt lat="45.8673590" lon="15.1874110">
    <ele>493.0</ele>
    <time>2024-03-15T15:22:54Z</time>
   </trkpt>
   <trkpt lat="45.8673660" lon="15.1874000">
    <ele>493.0</ele>
    <time>2024-03-15T15:22:55Z</time>
   </trkpt>
   <trkpt lat="45.8673720" lon="15.1873900">
    <ele>493.0</ele>
    <time>2024-03-15T15:22:56Z</time>
   </trkpt>
   <trkpt lat="45.8673790" lon="15.1873790">
    <ele>493.0</ele>
    <time>2024-03-15T15:22:57Z</time>
   </trkpt>
   <trkpt lat="45.8673840" lon="15.1873670">
    <ele>493.0</ele>
    <time>2024-03-15T15:22:58Z</time>
   </trkpt>
   <trkpt lat="45.8673900" lon="15.1873550">
    <ele>493.0</ele>
    <time>2024-03-15T15:22:59Z</time>
   </trkpt>
   <trkpt lat="45.8673940" lon="15.1873430">
    <ele>493.0</ele>
    <time>2024-03-15T15:23:00Z</time>
   </trkpt>
   <trkpt lat="45.8673990" lon="15.1873310">
    <ele>493.0</ele>
    <time>2024-03-15T15:23:01Z</time>
   </trkpt>
   <trkpt lat="45.8674020" lon="15.1873200">
    <ele>494.0</ele>
    <time>2024-03-15T15:23:02Z</time>
   </trkpt>
   <trkpt lat="45.8674050" lon="15.1873090">
    <ele>494.0</ele>
    <time>2024-03-15T15:23:03Z</time>
   </trkpt>
   <trkpt lat="45.8674110" lon="15.1872970">
    <ele>494.0</ele>
    <time>2024-03-15T15:23:04Z</time>
   </trkpt>
   <trkpt lat="45.8674160" lon="15.1872850">
    <ele>494.0</ele>
    <time>2024-03-15T15:23:05Z</time>
   </trkpt>
   <trkpt lat="45.8674210" lon="15.1872720">
    <ele>494.0</ele>
    <time>2024-03-15T15:23:06Z</time>
   </trkpt>
   <trkpt lat="45.8674260" lon="15.1872600">
    <ele>495.0</ele>
    <time>2024-03-15T15:23:07Z</time>
   </trkpt>
   <trkpt lat="45.8674270" lon="15.1872470">
    <ele>495.0</ele>
    <time>2024-03-15T15:23:08Z</time>
   </trkpt>
   <trkpt lat="45.8674280" lon="15.1872350">
    <ele>495.0</ele>
    <time>2024-03-15T15:23:09Z</time>
   </trkpt>
   <trkpt lat="45.8674290" lon="15.1872210">
    <ele>495.0</ele>
    <time>2024-03-15T15:23:10Z</time>
   </trkpt>
   <trkpt lat="45.8674290" lon="15.1872080">
    <ele>495.0</ele>
    <time>2024-03-15T15:23:11Z</time>
   </trkpt>
   <trkpt lat="45.8674310" lon="15.1871910">
    <ele>496.0</ele>
    <time>2024-03-15T15:23:12Z</time>
   </trkpt>
   <trkpt lat="45.8674320" lon="15.1871740">
    <ele>496.0</ele>
    <time>2024-03-15T15:23:13Z</time>
   </trkpt>
   <trkpt lat="45.8674360" lon="15.1871540">
    <ele>496.0</ele>
    <time>2024-03-15T15:23:14Z</time>
   </trkpt>
   <trkpt lat="45.8674390" lon="15.1871350">
    <ele>496.0</ele>
    <time>2024-03-15T15:23:15Z</time>
   </trkpt>
   <trkpt lat="45.8674440" lon="15.1871130">
    <ele>496.0</ele>
    <time>2024-03-15T15:23:16Z</time>
   </trkpt>
   <trkpt lat="45.8674480" lon="15.1870920">
    <ele>497.0</ele>
    <time>2024-03-15T15:23:17Z</time>
   </trkpt>
   <trkpt lat="45.8674520" lon="15.1870710">
    <ele>497.0</ele>
    <time>2024-03-15T15:23:18Z</time>
   </trkpt>
   <trkpt lat="45.8674560" lon="15.1870510">
    <ele>497.0</ele>
    <time>2024-03-15T15:23:19Z</time>
   </trkpt>
   <trkpt lat="45.8674580" lon="15.1870320">
    <ele>497.0</ele>
    <time>2024-03-15T15:23:20Z</time>
   </trkpt>
   <trkpt lat="45.8674600" lon="15.1870130">
    <ele>497.0</ele>
    <time>2024-03-15T15:23:21Z</time>
   </trkpt>
   <trkpt lat="45.8674610" lon="15.1869920">
    <ele>498.0</ele>
    <time>2024-03-15T15:23:22Z</time>
   </trkpt>
   <trkpt lat="45.8674620" lon="15.1869710">
    <ele>498.0</ele>
    <time>2024-03-15T15:23:23Z</time>
   </trkpt>
   <trkpt lat="45.8674610" lon="15.1869510">
    <ele>498.0</ele>
    <time>2024-03-15T15:23:24Z</time>
   </trkpt>
   <trkpt lat="45.8674610" lon="15.1869320">
    <ele>498.0</ele>
    <time>2024-03-15T15:23:25Z</time>
   </trkpt>
   <trkpt lat="45.8674600" lon="15.1869160">
    <ele>498.0</ele>
    <time>2024-03-15T15:23:26Z</time>
   </trkpt>
   <trkpt lat="45.8674580" lon="15.1869000">
    <ele>498.0</ele>
    <time>2024-03-15T15:23:27Z</time>
   </trkpt>
   <trkpt lat="45.8674590" lon="15.1868850">
    <ele>498.0</ele>
    <time>2024-03-15T15:23:28Z</time>
   </trkpt>
   <trkpt lat="45.8674590" lon="15.1868710">
    <ele>498.0</ele>
    <time>2024-03-15T15:23:29Z</time>
   </trkpt>
   <trkpt lat="45.8674610" lon="15.1868540">
    <ele>498.0</ele>
    <time>2024-03-15T15:23:30Z</time>
   </trkpt>
   <trkpt lat="45.8674630" lon="15.1868370">
    <ele>498.0</ele>
    <time>2024-03-15T15:23:31Z</time>
   </trkpt>
   <trkpt lat="45.8674670" lon="15.1868180">
    <ele>499.0</ele>
    <time>2024-03-15T15:23:32Z</time>
   </trkpt>
   <trkpt lat="45.8674710" lon="15.1867980">
    <ele>499.0</ele>
    <time>2024-03-15T15:23:33Z</time>
   </trkpt>
   <trkpt lat="45.8674780" lon="15.1867790">
    <ele>499.0</ele>
    <time>2024-03-15T15:23:34Z</time>
   </trkpt>
   <trkpt lat="45.8674840" lon="15.1867590">
    <ele>499.0</ele>
    <time>2024-03-15T15:23:35Z</time>
   </trkpt>
   <trkpt lat="45.8674890" lon="15.1867410">
    <ele>499.0</ele>
    <time>2024-03-15T15:23:36Z</time>
   </trkpt>
   <trkpt lat="45.8674940" lon="15.1867240">
    <ele>500.0</ele>
    <time>2024-03-15T15:23:37Z</time>
   </trkpt>
   <trkpt lat="45.8674980" lon="15.1867080">
    <ele>500.0</ele>
    <time>2024-03-15T15:23:38Z</time>
   </trkpt>
   <trkpt lat="45.8675010" lon="15.1866910">
    <ele>500.0</ele>
    <time>2024-03-15T15:23:39Z</time>
   </trkpt>
   <trkpt lat="45.8675050" lon="15.1866770">
    <ele>500.0</ele>
    <time>2024-03-15T15:23:40Z</time>
   </trkpt>
   <trkpt lat="45.8675090" lon="15.1866620">
    <ele>500.0</ele>
    <time>2024-03-15T15:23:41Z</time>
   </trkpt>
   <trkpt lat="45.8675130" lon="15.1866480">
    <ele>501.0</ele>
    <time>2024-03-15T15:23:42Z</time>
   </trkpt>
   <trkpt lat="45.8675180" lon="15.1866340">
    <ele>501.0</ele>
    <time>2024-03-15T15:23:43Z</time>
   </trkpt>
   <trkpt lat="45.8675240" lon="15.1866210">
    <ele>501.0</ele>
    <time>2024-03-15T15:23:44Z</time>
   </trkpt>
   <trkpt lat="45.8675300" lon="15.1866080">
    <ele>501.0</ele>
    <time>2024-03-15T15:23:45Z</time>
   </trkpt>
   <trkpt lat="45.8675360" lon="15.1866010">
    <ele>501.0</ele>
    <time>2024-03-15T15:23:46Z</time>
   </trkpt>
   <trkpt lat="45.8675410" lon="15.1865950">
    <ele>502.0</ele>
    <time>2024-03-15T15:23:47Z</time>
   </trkpt>
   <trkpt lat="45.8675460" lon="15.1865880">
    <ele>502.0</ele>
    <time>2024-03-15T15:23:48Z</time>
   </trkpt>
   <trkpt lat="45.8675550" lon="15.1865830">
    <ele>502.0</ele>
    <time>2024-03-15T15:23:49Z</time>
   </trkpt>
   <trkpt lat="45.8675630" lon="15.1865780">
    <ele>502.0</ele>
    <time>2024-03-15T15:23:50Z</time>
   </trkpt>
   <trkpt lat="45.8675700" lon="15.1865750">
    <ele>502.0</ele>
    <time>2024-03-15T15:23:51Z</time>
   </trkpt>
   <trkpt lat="45.8675780" lon="15.1865720">
    <ele>503.0</ele>
    <time>2024-03-15T15:23:52Z</time>
   </trkpt>
   <trkpt lat="45.8675870" lon="15.1865690">
    <ele>503.0</ele>
    <time>2024-03-15T15:23:53Z</time>
   </trkpt>
   <trkpt lat="45.8675960" lon="15.1865660">
    <ele>503.0</ele>
    <time>2024-03-15T15:23:54Z</time>
   </trkpt>
   <trkpt lat="45.8676050" lon="15.1865640">
    <ele>503.0</ele>
    <time>2024-03-15T15:23:55Z</time>
   </trkpt>
   <trkpt lat="45.8676150" lon="15.1865620">
    <ele>503.0</ele>
    <time>2024-03-15T15:23:56Z</time>
   </trkpt>
   <trkpt lat="45.8676240" lon="15.1865580">
    <ele>504.0</ele>
    <time>2024-03-15T15:23:57Z</time>
   </trkpt>
   <trkpt lat="45.8676320" lon="15.1865550">
    <ele>504.0</ele>
    <time>2024-03-15T15:23:58Z</time>
   </trkpt>
   <trkpt lat="45.8676410" lon="15.1865500">
    <ele>504.0</ele>
    <time>2024-03-15T15:23:59Z</time>
   </trkpt>
   <trkpt lat="45.8676500" lon="15.1865440">
    <ele>505.0</ele>
    <time>2024-03-15T15:24:00Z</time>
   </trkpt>
   <trkpt lat="45.8676600" lon="15.1865370">
    <ele>505.0</ele>
    <time>2024-03-15T15:24:01Z</time>
   </trkpt>
   <trkpt lat="45.8676700" lon="15.1865300">
    <ele>506.0</ele>
    <time>2024-03-15T15:24:02Z</time>
   </trkpt>
   <trkpt lat="45.8676810" lon="15.1865220">
    <ele>506.0</ele>
    <time>2024-03-15T15:24:03Z</time>
   </trkpt>
   <trkpt lat="45.8676910" lon="15.1865140">
    <ele>506.0</ele>
    <time>2024-03-15T15:24:04Z</time>
   </trkpt>
   <trkpt lat="45.8677010" lon="15.1865040">
    <ele>506.0</ele>
    <time>2024-03-15T15:24:05Z</time>
   </trkpt>
   <trkpt lat="45.8677110" lon="15.1864950">
    <ele>506.0</ele>
    <time>2024-03-15T15:24:06Z</time>
   </trkpt>
   <trkpt lat="45.8677190" lon="15.1864880">
    <ele>507.0</ele>
    <time>2024-03-15T15:24:07Z</time>
   </trkpt>
   <trkpt lat="45.8677270" lon="15.1864810">
    <ele>507.0</ele>
    <time>2024-03-15T15:24:08Z</time>
   </trkpt>
   <trkpt lat="45.8677330" lon="15.1864760">
    <ele>507.0</ele>
    <time>2024-03-15T15:24:09Z</time>
   </trkpt>
   <trkpt lat="45.8677400" lon="15.1864710">
    <ele>507.0</ele>
    <time>2024-03-15T15:24:10Z</time>
   </trkpt>
   <trkpt lat="45.8677470" lon="15.1864670">
    <ele>507.0</ele>
    <time>2024-03-15T15:24:11Z</time>
   </trkpt>
   <trkpt lat="45.8677530" lon="15.1864630">
    <ele>508.0</ele>
    <time>2024-03-15T15:24:12Z</time>
   </trkpt>
   <trkpt lat="45.8677600" lon="15.1864600">
    <ele>508.0</ele>
    <time>2024-03-15T15:24:13Z</time>
   </trkpt>
   <trkpt lat="45.8677670" lon="15.1864570">
    <ele>508.0</ele>
    <time>2024-03-15T15:24:14Z</time>
   </trkpt>
   <trkpt lat="45.8677740" lon="15.1864550">
    <ele>508.0</ele>
    <time>2024-03-15T15:24:15Z</time>
   </trkpt>
   <trkpt lat="45.8677810" lon="15.1864530">
    <ele>508.0</ele>
    <time>2024-03-15T15:24:16Z</time>
   </trkpt>
   <trkpt lat="45.8677880" lon="15.1864500">
    <ele>509.0</ele>
    <time>2024-03-15T15:24:17Z</time>
   </trkpt>
   <trkpt lat="45.8677940" lon="15.1864460">
    <ele>509.0</ele>
    <time>2024-03-15T15:24:18Z</time>
   </trkpt>
   <trkpt lat="45.8678000" lon="15.1864420">
    <ele>509.0</ele>
    <time>2024-03-15T15:24:19Z</time>
   </trkpt>
   <trkpt lat="45.8678060" lon="15.1864380">
    <ele>510.0</ele>
    <time>2024-03-15T15:24:20Z</time>
   </trkpt>
   <trkpt lat="45.8678140" lon="15.1864340">
    <ele>510.0</ele>
    <time>2024-03-15T15:24:21Z</time>
   </trkpt>
   <trkpt lat="45.8678210" lon="15.1864290">
    <ele>511.0</ele>
    <time>2024-03-15T15:24:22Z</time>
   </trkpt>
   <trkpt lat="45.8678300" lon="15.1864280">
    <ele>511.0</ele>
    <time>2024-03-15T15:24:23Z</time>
   </trkpt>
   <trkpt lat="45.8678390" lon="15.1864270">
    <ele>511.0</ele>
    <time>2024-03-15T15:24:24Z</time>
   </trkpt>
   <trkpt lat="45.8678480" lon="15.1864250">
    <ele>511.0</ele>
    <time>2024-03-15T15:24:25Z</time>
   </trkpt>
   <trkpt lat="45.8678560" lon="15.1864240">
    <ele>511.0</ele>
    <time>2024-03-15T15:24:26Z</time>
   </trkpt>
   <trkpt lat="45.8678650" lon="15.1864200">
    <ele>512.0</ele>
    <time>2024-03-15T15:24:27Z</time>
   </trkpt>
   <trkpt lat="45.8678750" lon="15.1864170">
    <ele>512.0</ele>
    <time>2024-03-15T15:24:28Z</time>
   </trkpt>
   <trkpt lat="45.8678860" lon="15.1864120">
    <ele>512.0</ele>
    <time>2024-03-15T15:24:29Z</time>
   </trkpt>
   <trkpt lat="45.8678960" lon="15.1864070">
    <ele>512.0</ele>
    <time>2024-03-15T15:24:30Z</time>
   </trkpt>
   <trkpt lat="45.8679030" lon="15.1864030">
    <ele>512.0</ele>
    <time>2024-03-15T15:24:31Z</time>
   </trkpt>
   <trkpt lat="45.8679090" lon="15.1864000">
    <ele>513.0</ele>
    <time>2024-03-15T15:24:32Z</time>
   </trkpt>
   <trkpt lat="45.8679190" lon="15.1863960">
    <ele>513.0</ele>
    <time>2024-03-15T15:24:33Z</time>
   </trkpt>
   <trkpt lat="45.8679290" lon="15.1863910">
    <ele>513.0</ele>
    <time>2024-03-15T15:24:34Z</time>
   </trkpt>
   <trkpt lat="45.8679380" lon="15.1863880">
    <ele>514.0</ele>
    <time>2024-03-15T15:24:35Z</time>
   </trkpt>
   <trkpt lat="45.8679470" lon="15.1863860">
    <ele>514.0</ele>
    <time>2024-03-15T15:24:36Z</time>
   </trkpt>
   <trkpt lat="45.8679530" lon="15.1863830">
    <ele>515.0</ele>
    <time>2024-03-15T15:24:37Z</time>
   </trkpt>
   <trkpt lat="45.8679600" lon="15.1863810">
    <ele>515.0</ele>
    <time>2024-03-15T15:24:38Z</time>
   </trkpt>
   <trkpt lat="45.8679660" lon="15.1863790">
    <ele>515.0</ele>
    <time>2024-03-15T15:24:39Z</time>
   </trkpt>
   <trkpt lat="45.8679710" lon="15.1863770">
    <ele>515.0</ele>
    <time>2024-03-15T15:24:40Z</time>
   </trkpt>
   <trkpt lat="45.8679760" lon="15.1863750">
    <ele>515.0</ele>
    <time>2024-03-15T15:24:41Z</time>
   </trkpt>
   <trkpt lat="45.8679810" lon="15.1863730">
    <ele>516.0</ele>
    <time>2024-03-15T15:24:42Z</time>
   </trkpt>
   <trkpt lat="45.8679860" lon="15.1863710">
    <ele>516.0</ele>
    <time>2024-03-15T15:24:43Z</time>
   </trkpt>
   <trkpt lat="45.8679940" lon="15.1863650">
    <ele>516.0</ele>
    <time>2024-03-15T15:24:44Z</time>
   </trkpt>
   <trkpt lat="45.8680020" lon="15.1863590">
    <ele>516.0</ele>
    <time>2024-03-15T15:24:45Z</time>
   </trkpt>
   <trkpt lat="45.8680090" lon="15.1863530">
    <ele>516.0</ele>
    <time>2024-03-15T15:24:46Z</time>
   </trkpt>
   <trkpt lat="45.8680170" lon="15.1863470">
    <ele>517.0</ele>
    <time>2024-03-15T15:24:47Z</time>
   </trkpt>
   <trkpt lat="45.8680210" lon="15.1863430">
    <ele>517.0</ele>
    <time>2024-03-15T15:24:48Z</time>
   </trkpt>
   <trkpt lat="45.8680250" lon="15.1863390">
    <ele>517.0</ele>
    <time>2024-03-15T15:24:49Z</time>
   </trkpt>
   <trkpt lat="45.8680320" lon="15.1863340">
    <ele>517.0</ele>
    <time>2024-03-15T15:24:50Z</time>
   </trkpt>
   <trkpt lat="45.8680390" lon="15.1863290">
    <ele>517.0</ele>
    <time>2024-03-15T15:24:51Z</time>
   </trkpt>
   <trkpt lat="45.8680470" lon="15.1863260">
    <ele>518.0</ele>
    <time>2024-03-15T15:24:52Z</time>
   </trkpt>
   <trkpt lat="45.8680550" lon="15.1863230">
    <ele>518.0</ele>
    <time>2024-03-15T15:24:53Z</time>
   </trkpt>
   <trkpt lat="45.8680610" lon="15.1863210">
    <ele>518.0</ele>
    <time>2024-03-15T15:24:54Z</time>
   </trkpt>
   <trkpt lat="45.8680660" lon="15.1863190">
    <ele>518.0</ele>
    <time>2024-03-15T15:24:55Z</time>
   </trkpt>
   <trkpt lat="45.8680760" lon="15.1863140">
    <ele>518.0</ele>
    <time>2024-03-15T15:24:56Z</time>
   </trkpt>
   <trkpt lat="45.8680850" lon="15.1863090">
    <ele>519.0</ele>
    <time>2024-03-15T15:24:57Z</time>
   </trkpt>
   <trkpt lat="45.8680930" lon="15.1863010">
    <ele>519.0</ele>
    <time>2024-03-15T15:24:58Z</time>
   </trkpt>
   <trkpt lat="45.8681020" lon="15.1862930">
    <ele>519.0</ele>
    <time>2024-03-15T15:24:59Z</time>
   </trkpt>
   <trkpt lat="45.8681080" lon="15.1862830">
    <ele>520.0</ele>
    <time>2024-03-15T15:25:00Z</time>
   </trkpt>
   <trkpt lat="45.8681140" lon="15.1862730">
    <ele>520.0</ele>
    <time>2024-03-15T15:25:01Z</time>
   </trkpt>
   <trkpt lat="45.8681190" lon="15.1862620">
    <ele>521.0</ele>
    <time>2024-03-15T15:25:02Z</time>
   </trkpt>
   <trkpt lat="45.8681250" lon="15.1862510">
    <ele>521.0</ele>
    <time>2024-03-15T15:25:03Z</time>
   </trkpt>
   <trkpt lat="45.8681320" lon="15.1862400">
    <ele>521.0</ele>
    <time>2024-03-15T15:25:04Z</time>
   </trkpt>
   <trkpt lat="45.8681390" lon="15.1862280">
    <ele>521.0</ele>
    <time>2024-03-15T15:25:05Z</time>
   </trkpt>
   <trkpt lat="45.8681460" lon="15.1862170">
    <ele>521.0</ele>
    <time>2024-03-15T15:25:06Z</time>
   </trkpt>
   <trkpt lat="45.8681530" lon="15.1862050">
    <ele>522.0</ele>
    <time>2024-03-15T15:25:07Z</time>
   </trkpt>
   <trkpt lat="45.8681600" lon="15.1861940">
    <ele>522.0</ele>
    <time>2024-03-15T15:25:08Z</time>
   </trkpt>
   <trkpt lat="45.8681670" lon="15.1861820">
    <ele>522.0</ele>
    <time>2024-03-15T15:25:09Z</time>
   </trkpt>
   <trkpt lat="45.8681730" lon="15.1861700">
    <ele>522.0</ele>
    <time>2024-03-15T15:25:10Z</time>
   </trkpt>
   <trkpt lat="45.8681790" lon="15.1861570">
    <ele>522.0</ele>
    <time>2024-03-15T15:25:11Z</time>
   </trkpt>
   <trkpt lat="45.8681850" lon="15.1861450">
    <ele>523.0</ele>
    <time>2024-03-15T15:25:12Z</time>
   </trkpt>
   <trkpt lat="45.8681920" lon="15.1861330">
    <ele>523.0</ele>
    <time>2024-03-15T15:25:13Z</time>
   </trkpt>
   <trkpt lat="45.8681980" lon="15.1861190">
    <ele>523.0</ele>
    <time>2024-03-15T15:25:14Z</time>
   </trkpt>
   <trkpt lat="45.8682050" lon="15.1861050">
    <ele>523.0</ele>
    <time>2024-03-15T15:25:15Z</time>
   </trkpt>
   <trkpt lat="45.8682140" lon="15.1860960">
    <ele>523.0</ele>
    <time>2024-03-15T15:25:16Z</time>
   </trkpt>
   <trkpt lat="45.8682230" lon="15.1860870">
    <ele>524.0</ele>
    <time>2024-03-15T15:25:17Z</time>
   </trkpt>
   <trkpt lat="45.8682330" lon="15.1860800">
    <ele>524.0</ele>
    <time>2024-03-15T15:25:18Z</time>
   </trkpt>
   <trkpt lat="45.8682430" lon="15.1860740">
    <ele>524.0</ele>
    <time>2024-03-15T15:25:19Z</time>
   </trkpt>
   <trkpt lat="45.8682510" lon="15.1860710">
    <ele>525.0</ele>
    <time>2024-03-15T15:25:20Z</time>
   </trkpt>
   <trkpt lat="45.8682590" lon="15.1860680">
    <ele>525.0</ele>
    <time>2024-03-15T15:25:21Z</time>
   </trkpt>
   <trkpt lat="45.8682670" lon="15.1860660">
    <ele>526.0</ele>
    <time>2024-03-15T15:25:22Z</time>
   </trkpt>
   <trkpt lat="45.8682750" lon="15.1860640">
    <ele>526.0</ele>
    <time>2024-03-15T15:25:23Z</time>
   </trkpt>
   <trkpt lat="45.8682850" lon="15.1860620">
    <ele>526.0</ele>
    <time>2024-03-15T15:25:24Z</time>
   </trkpt>
   <trkpt lat="45.8682940" lon="15.1860590">
    <ele>526.0</ele>
    <time>2024-03-15T15:25:25Z</time>
   </trkpt>
   <trkpt lat="45.8683040" lon="15.1860570">
    <ele>526.0</ele>
    <time>2024-03-15T15:25:26Z</time>
   </trkpt>
   <trkpt lat="45.8683140" lon="15.1860550">
    <ele>527.0</ele>
    <time>2024-03-15T15:25:27Z</time>
   </trkpt>
   <trkpt lat="45.8683240" lon="15.1860540">
    <ele>527.0</ele>
    <time>2024-03-15T15:25:28Z</time>
   </trkpt>
   <trkpt lat="45.8683340" lon="15.1860530">
    <ele>527.0</ele>
    <time>2024-03-15T15:25:29Z</time>
   </trkpt>
   <trkpt lat="45.8683420" lon="15.1860530">
    <ele>528.0</ele>
    <time>2024-03-15T15:25:30Z</time>
   </trkpt>
   <trkpt lat="45.8683510" lon="15.1860540">
    <ele>528.0</ele>
    <time>2024-03-15T15:25:31Z</time>
   </trkpt>
   <trkpt lat="45.8683570" lon="15.1860530">
    <ele>529.0</ele>
    <time>2024-03-15T15:25:32Z</time>
   </trkpt>
   <trkpt lat="45.8683640" lon="15.1860520">
    <ele>529.0</ele>
    <time>2024-03-15T15:25:33Z</time>
   </trkpt>
   <trkpt lat="45.8683710" lon="15.1860470">
    <ele>529.0</ele>
    <time>2024-03-15T15:25:34Z</time>
   </trkpt>
   <trkpt lat="45.8683780" lon="15.1860430">
    <ele>529.0</ele>
    <time>2024-03-15T15:25:35Z</time>
   </trkpt>
   <trkpt lat="45.8683860" lon="15.1860360">
    <ele>529.0</ele>
    <time>2024-03-15T15:25:36Z</time>
   </trkpt>
   <trkpt lat="45.8683940" lon="15.1860300">
    <ele>530.0</ele>
    <time>2024-03-15T15:25:37Z</time>
   </trkpt>
   <trkpt lat="45.8684020" lon="15.1860250">
    <ele>530.0</ele>
    <time>2024-03-15T15:25:38Z</time>
   </trkpt>
   <trkpt lat="45.8684090" lon="15.1860200">
    <ele>530.0</ele>
    <time>2024-03-15T15:25:39Z</time>
   </trkpt>
   <trkpt lat="45.8684160" lon="15.1860160">
    <ele>530.0</ele>
    <time>2024-03-15T15:25:40Z</time>
   </trkpt>
   <trkpt lat="45.8684230" lon="15.1860120">
    <ele>530.0</ele>
    <time>2024-03-15T15:25:41Z</time>
   </trkpt>
   <trkpt lat="45.8684280" lon="15.1860080">
    <ele>531.0</ele>
    <time>2024-03-15T15:25:42Z</time>
   </trkpt>
   <trkpt lat="45.8684340" lon="15.1860040">
    <ele>531.0</ele>
    <time>2024-03-15T15:25:43Z</time>
   </trkpt>
   <trkpt lat="45.8684410" lon="15.1859990">
    <ele>531.0</ele>
    <time>2024-03-15T15:25:44Z</time>
   </trkpt>
   <trkpt lat="45.8684470" lon="15.1859950">
    <ele>531.0</ele>
    <time>2024-03-15T15:25:45Z</time>
   </trkpt>
   <trkpt lat="45.8684530" lon="15.1859900">
    <ele>531.0</ele>
    <time>2024-03-15T15:25:46Z</time>
   </trkpt>
   <trkpt lat="45.8684580" lon="15.1859850">
    <ele>532.0</ele>
    <time>2024-03-15T15:25:47Z</time>
   </trkpt>
   <trkpt lat="45.8684630" lon="15.1859800">
    <ele>532.0</ele>
    <time>2024-03-15T15:25:48Z</time>
   </trkpt>
   <trkpt lat="45.8684670" lon="15.1859750">
    <ele>532.0</ele>
    <time>2024-03-15T15:25:49Z</time>
   </trkpt>
   <trkpt lat="45.8684730" lon="15.1859670">
    <ele>533.0</ele>
    <time>2024-03-15T15:25:50Z</time>
   </trkpt>
   <trkpt lat="45.8684780" lon="15.1859590">
    <ele>533.0</ele>
    <time>2024-03-15T15:25:51Z</time>
   </trkpt>
   <trkpt lat="45.8684820" lon="15.1859470">
    <ele>534.0</ele>
    <time>2024-03-15T15:25:52Z</time>
   </trkpt>
   <trkpt lat="45.8684860" lon="15.1859350">
    <ele>534.0</ele>
    <time>2024-03-15T15:25:53Z</time>
   </trkpt>
   <trkpt lat="45.8684870" lon="15.1859220">
    <ele>534.0</ele>
    <time>2024-03-15T15:25:54Z</time>
   </trkpt>
   <trkpt lat="45.8684890" lon="15.1859090">
    <ele>534.0</ele>
    <time>2024-03-15T15:25:55Z</time>
   </trkpt>
   <trkpt lat="45.8684880" lon="15.1858970">
    <ele>534.0</ele>
    <time>2024-03-15T15:25:56Z</time>
   </trkpt>
   <trkpt lat="45.8684880" lon="15.1858850">
    <ele>535.0</ele>
    <time>2024-03-15T15:25:57Z</time>
   </trkpt>
   <trkpt lat="45.8684880" lon="15.1858750">
    <ele>535.0</ele>
    <time>2024-03-15T15:25:58Z</time>
   </trkpt>
   <trkpt lat="45.8684880" lon="15.1858650">
    <ele>535.0</ele>
    <time>2024-03-15T15:25:59Z</time>
   </trkpt>
   <trkpt lat="45.8684900" lon="15.1858510">
    <ele>535.0</ele>
    <time>2024-03-15T15:26:00Z</time>
   </trkpt>
   <trkpt lat="45.8684920" lon="15.1858360">
    <ele>535.0</ele>
    <time>2024-03-15T15:26:01Z</time>
   </trkpt>
   <trkpt lat="45.8684970" lon="15.1858190">
    <ele>536.0</ele>
    <time>2024-03-15T15:26:02Z</time>
   </trkpt>
   <trkpt lat="45.8685030" lon="15.1858020">
    <ele>536.0</ele>
    <time>2024-03-15T15:26:03Z</time>
   </trkpt>
   <trkpt lat="45.8685100" lon="15.1857860">
    <ele>536.0</ele>
    <time>2024-03-15T15:26:04Z</time>
   </trkpt>
   <trkpt lat="45.8685160" lon="15.1857690">
    <ele>536.0</ele>
    <time>2024-03-15T15:26:05Z</time>
   </trkpt>
   <trkpt lat="45.8685190" lon="15.1857540">
    <ele>536.0</ele>
    <time>2024-03-15T15:26:06Z</time>
   </trkpt>
   <trkpt lat="45.8685230" lon="15.1857390">
    <ele>537.0</ele>
    <time>2024-03-15T15:26:07Z</time>
   </trkpt>
   <trkpt lat="45.8685250" lon="15.1857240">
    <ele>537.0</ele>
    <time>2024-03-15T15:26:08Z</time>
   </trkpt>
   <trkpt lat="45.8685270" lon="15.1857090">
    <ele>537.0</ele>
    <time>2024-03-15T15:26:09Z</time>
   </trkpt>
   <trkpt lat="45.8685300" lon="15.1856970">
    <ele>538.0</ele>
    <time>2024-03-15T15:26:10Z</time>
   </trkpt>
   <trkpt lat="45.8685330" lon="15.1856840">
    <ele>538.0</ele>
    <time>2024-03-15T15:26:11Z</time>
   </trkpt>
   <trkpt lat="45.8685360" lon="15.1856720">
    <ele>539.0</ele>
    <time>2024-03-15T15:26:12Z</time>
   </trkpt>
   <trkpt lat="45.8685400" lon="15.1856610">
    <ele>539.0</ele>
    <time>2024-03-15T15:26:13Z</time>
   </trkpt>
   <trkpt lat="45.8685430" lon="15.1856500">
    <ele>539.0</ele>
    <time>2024-03-15T15:26:14Z</time>
   </trkpt>
   <trkpt lat="45.8685470" lon="15.1856390">
    <ele>539.0</ele>
    <time>2024-03-15T15:26:15Z</time>
   </trkpt>
   <trkpt lat="45.8685500" lon="15.1856270">
    <ele>539.0</ele>
    <time>2024-03-15T15:26:16Z</time>
   </trkpt>
   <trkpt lat="45.8685540" lon="15.1856160">
    <ele>540.0</ele>
    <time>2024-03-15T15:26:17Z</time>
   </trkpt>
   <trkpt lat="45.8685580" lon="15.1856040">
    <ele>540.0</ele>
    <time>2024-03-15T15:26:18Z</time>
   </trkpt>
   <trkpt lat="45.8685620" lon="15.1855910">
    <ele>540.0</ele>
    <time>2024-03-15T15:26:19Z</time>
   </trkpt>
   <trkpt lat="45.8685670" lon="15.1855810">
    <ele>540.0</ele>
    <time>2024-03-15T15:26:20Z</time>
   </trkpt>
   <trkpt lat="45.8685720" lon="15.1855710">
    <ele>540.0</ele>
    <time>2024-03-15T15:26:21Z</time>
   </trkpt>
   <trkpt lat="45.8685770" lon="15.1855620">
    <ele>541.0</ele>
    <time>2024-03-15T15:26:22Z</time>
   </trkpt>
   <trkpt lat="45.8685830" lon="15.1855530">
    <ele>541.0</ele>
    <time>2024-03-15T15:26:23Z</time>
   </trkpt>
   <trkpt lat="45.8685890" lon="15.1855410">
    <ele>541.0</ele>
    <time>2024-03-15T15:26:24Z</time>
   </trkpt>
   <trkpt lat="45.8685950" lon="15.1855300">
    <ele>541.0</ele>
    <time>2024-03-15T15:26:25Z</time>
   </trkpt>
   <trkpt lat="45.8686020" lon="15.1855170">
    <ele>541.0</ele>
    <time>2024-03-15T15:26:26Z</time>
   </trkpt>
   <trkpt lat="45.8686100" lon="15.1855050">
    <ele>542.0</ele>
    <time>2024-03-15T15:26:27Z</time>
   </trkpt>
   <trkpt lat="45.8686170" lon="15.1854920">
    <ele>542.0</ele>
    <time>2024-03-15T15:26:28Z</time>
   </trkpt>
   <trkpt lat="45.8686240" lon="15.1854800">
    <ele>542.0</ele>
    <time>2024-03-15T15:26:29Z</time>
   </trkpt>
   <trkpt lat="45.8686240" lon="15.1854800">
    <ele>543.0</ele>
    <time>2024-03-15T15:26:30Z</time>
   </trkpt>
   <trkpt lat="45.8686240" lon="15.1854800">
    <ele>543.0</ele>
    <time>2024-03-15T15:26:31Z</time>
   </trkpt>
   <trkpt lat="45.8686240" lon="15.1854800">
    <ele>544.0</ele>
    <time>2024-03-15T15:26:32Z</time>
   </trkpt>
   <trkpt lat="45.8686240" lon="15.1854800">
    <ele>544.0</ele>
    <time>2024-03-15T15:26:33Z</time>
   </trkpt>
   <trkpt lat="45.8686240" lon="15.1854800">
    <ele>544.0</ele>
    <time>2024-03-15T15:26:34Z</time>
   </trkpt>
   <trkpt lat="45.8686240" lon="15.1854800">
    <ele>544.0</ele>
    <time>2024-03-15T15:26:35Z</time>
   </trkpt>
   <trkpt lat="45.8686240" lon="15.1854800">
    <ele>544.0</ele>
    <time>2024-03-15T15:26:36Z</time>
   </trkpt>
   <trkpt lat="45.8686240" lon="15.1854800">
    <ele>545.0</ele>
    <time>2024-03-15T15:26:37Z</time>
   </trkpt>
   <trkpt lat="45.8686240" lon="15.1854800">
    <ele>545.0</ele>
    <time>2024-03-15T15:26:38Z</time>
   </trkpt>
   <trkpt lat="45.8686240" lon="15.1854800">
    <ele>545.0</ele>
    <time>2024-03-15T15:26:39Z</time>
   </trkpt>
   <trkpt lat="45.8686240" lon="15.1854800">
    <ele>545.0</ele>
    <time>2024-03-15T15:26:40Z</time>
   </trkpt>
   <trkpt lat="45.8686240" lon="15.1854800">
    <ele>545.0</ele>
    <time>2024-03-15T15:26:41Z</time>
   </trkpt>
   <trkpt lat="45.8686240" lon="15.1854800">
    <ele>546.0</ele>
    <time>2024-03-15T15:26:42Z</time>
   </trkpt>
   <trkpt lat="45.8686240" lon="15.1854800">
    <ele>546.0</ele>
    <time>2024-03-15T15:26:43Z</time>
   </trkpt>
   <trkpt lat="45.8686240" lon="15.1854800">
    <ele>546.0</ele>
    <time>2024-03-15T15:26:44Z</time>
   </trkpt>
   <trkpt lat="45.8686240" lon="15.1854800">
    <ele>546.0</ele>
    <time>2024-03-15T15:26:45Z</time>
   </trkpt>
   <trkpt lat="45.8686240" lon="15.1854800">
    <ele>546.0</ele>
    <time>2024-03-15T15:26:46Z</time>
   </trkpt>
   <trkpt lat="45.8686240" lon="15.1854800">
    <ele>547.0</ele>
    <time>2024-03-15T15:26:47Z</time>
   </trkpt>
   <trkpt lat="45.8686400" lon="15.1854340">
    <ele>547.0</ele>
    <time>2024-03-15T15:26:48Z</time>
   </trkpt>
   <trkpt lat="45.8686480" lon="15.1854160">
    <ele>547.0</ele>
    <time>2024-03-15T15:26:49Z</time>
   </trkpt>
   <trkpt lat="45.8686560" lon="15.1853980">
    <ele>547.0</ele>
    <time>2024-03-15T15:26:50Z</time>
   </trkpt>
   <trkpt lat="45.8686650" lon="15.1853910">
    <ele>547.0</ele>
    <time>2024-03-15T15:26:51Z</time>
   </trkpt>
   <trkpt lat="45.8686730" lon="15.1853850">
    <ele>548.0</ele>
    <time>2024-03-15T15:26:52Z</time>
   </trkpt>
   <trkpt lat="45.8686840" lon="15.1853840">
    <ele>548.0</ele>
    <time>2024-03-15T15:26:53Z</time>
   </trkpt>
   <trkpt lat="45.8686940" lon="15.1853820">
    <ele>548.0</ele>
    <time>2024-03-15T15:26:54Z</time>
   </trkpt>
   <trkpt lat="45.8686940" lon="15.1853820">
    <ele>548.0</ele>
    <time>2024-03-15T15:26:55Z</time>
   </trkpt>
   <trkpt lat="45.8686940" lon="15.1853820">
    <ele>548.0</ele>
    <time>2024-03-15T15:26:56Z</time>
   </trkpt>
   <trkpt lat="45.8686940" lon="15.1853820">
    <ele>549.0</ele>
    <time>2024-03-15T15:26:57Z</time>
   </trkpt>
   <trkpt lat="45.8686940" lon="15.1853820">
    <ele>549.0</ele>
    <time>2024-03-15T15:26:58Z</time>
   </trkpt>
   <trkpt lat="45.8686940" lon="15.1853820">
    <ele>549.0</ele>
    <time>2024-03-15T15:26:59Z</time>
   </trkpt>
   <trkpt lat="45.8686940" lon="15.1853820">
    <ele>549.0</ele>
    <time>2024-03-15T15:27:00Z</time>
   </trkpt>
   <trkpt lat="45.8686940" lon="15.1853820">
    <ele>549.0</ele>
    <time>2024-03-15T15:27:01Z</time>
   </trkpt>
   <trkpt lat="45.8686940" lon="15.1853820">
    <ele>549.0</ele>
    <time>2024-03-15T15:27:02Z</time>
   </trkpt>
   <trkpt lat="45.8686940" lon="15.1853820">
    <ele>549.0</ele>
    <time>2024-03-15T15:27:03Z</time>
   </trkpt>
   <trkpt lat="45.8686940" lon="15.1853820">
    <ele>549.0</ele>
    <time>2024-03-15T15:27:04Z</time>
   </trkpt>
   <trkpt lat="45.8686940" lon="15.1853820">
    <ele>549.0</ele>
    <time>2024-03-15T15:27:05Z</time>
   </trkpt>
   <trkpt lat="45.8686940" lon="15.1853820">
    <ele>549.0</ele>
    <time>2024-03-15T15:27:06Z</time>
   </trkpt>
   <trkpt lat="45.8686940" lon="15.1853820">
    <ele>549.0</ele>
    <time>2024-03-15T15:27:07Z</time>
   </trkpt>
   <trkpt lat="45.8686940" lon="15.1853820">
    <ele>549.0</ele>
    <time>2024-03-15T15:27:08Z</time>
   </trkpt>
   <trkpt lat="45.8686940" lon="15.1853820">
    <ele>549.0</ele>
    <time>2024-03-15T15:27:09Z</time>
   </trkpt>
   <trkpt lat="45.8686940" lon="15.1853820">
    <ele>549.0</ele>
    <time>2024-03-15T15:27:10Z</time>
   </trkpt>
   <trkpt lat="45.8686940" lon="15.1853820">
    <ele>549.0</ele>
    <time>2024-03-15T15:27:11Z</time>
   </trkpt>
   <trkpt lat="45.8686940" lon="15.1853820">
    <ele>550.0</ele>
    <time>2024-03-15T15:27:12Z</time>
   </trkpt>
   <trkpt lat="45.8686940" lon="15.1853820">
    <ele>550.0</ele>
    <time>2024-03-15T15:27:13Z</time>
   </trkpt>
   <trkpt lat="45.8686940" lon="15.1853820">
    <ele>550.0</ele>
    <time>2024-03-15T15:27:14Z</time>
   </trkpt>
   <trkpt lat="45.8686940" lon="15.1853820">
    <ele>550.0</ele>
    <time>2024-03-15T15:27:15Z</time>
   </trkpt>
   <trkpt lat="45.8687180" lon="15.1853700">
    <ele>550.0</ele>
    <time>2024-03-15T15:27:16Z</time>
   </trkpt>
   <trkpt lat="45.8687270" lon="15.1853630">
    <ele>550.0</ele>
    <time>2024-03-15T15:27:17Z</time>
   </trkpt>
   <trkpt lat="45.8687370" lon="15.1853560">
    <ele>550.0</ele>
    <time>2024-03-15T15:27:18Z</time>
   </trkpt>
   <trkpt lat="45.8687440" lon="15.1853520">
    <ele>550.0</ele>
    <time>2024-03-15T15:27:19Z</time>
   </trkpt>
   <trkpt lat="45.8687510" lon="15.1853480">
    <ele>550.0</ele>
    <time>2024-03-15T15:27:20Z</time>
   </trkpt>
   <trkpt lat="45.8687510" lon="15.1853480">
    <ele>550.0</ele>
    <time>2024-03-15T15:27:21Z</time>
   </trkpt>
   <trkpt lat="45.8687510" lon="15.1853480">
    <ele>550.0</ele>
    <time>2024-03-15T15:27:22Z</time>
   </trkpt>
   <trkpt lat="45.8687510" lon="15.1853480">
    <ele>550.0</ele>
    <time>2024-03-15T15:27:23Z</time>
   </trkpt>
   <trkpt lat="45.8687510" lon="15.1853480">
    <ele>550.0</ele>
    <time>2024-03-15T15:27:24Z</time>
   </trkpt>
   <trkpt lat="45.8687510" lon="15.1853480">
    <ele>550.0</ele>
    <time>2024-03-15T15:27:25Z</time>
   </trkpt>
   <trkpt lat="45.8687510" lon="15.1853480">
    <ele>550.0</ele>
    <time>2024-03-15T15:27:26Z</time>
   </trkpt>
   <trkpt lat="45.8687650" lon="15.1853410">
    <ele>551.0</ele>
    <time>2024-03-15T15:27:27Z</time>
   </trkpt>
   <trkpt lat="45.8687770" lon="15.1853350">
    <ele>551.0</ele>
    <time>2024-03-15T15:27:28Z</time>
   </trkpt>
   <trkpt lat="45.8687890" lon="15.1853290">
    <ele>551.0</ele>
    <time>2024-03-15T15:27:29Z</time>
   </trkpt>
   <trkpt lat="45.8687990" lon="15.1853200">
    <ele>551.0</ele>
    <time>2024-03-15T15:27:30Z</time>
   </trkpt>
   <trkpt lat="45.8688090" lon="15.1853120">
    <ele>551.0</ele>
    <time>2024-03-15T15:27:31Z</time>
   </trkpt>
   <trkpt lat="45.8688160" lon="15.1853060">
    <ele>552.0</ele>
    <time>2024-03-15T15:27:32Z</time>
   </trkpt>
   <trkpt lat="45.8688240" lon="15.1853000">
    <ele>552.0</ele>
    <time>2024-03-15T15:27:33Z</time>
   </trkpt>
   <trkpt lat="45.8688320" lon="15.1852940">
    <ele>552.0</ele>
    <time>2024-03-15T15:27:34Z</time>
   </trkpt>
   <trkpt lat="45.8688370" lon="15.1852890">
    <ele>552.0</ele>
    <time>2024-03-15T15:27:35Z</time>
   </trkpt>
   <trkpt lat="45.8688430" lon="15.1852840">
    <ele>552.0</ele>
    <time>2024-03-15T15:27:36Z</time>
   </trkpt>
   <trkpt lat="45.8688520" lon="15.1852770">
    <ele>553.0</ele>
    <time>2024-03-15T15:27:37Z</time>
   </trkpt>
   <trkpt lat="45.8688610" lon="15.1852690">
    <ele>553.0</ele>
    <time>2024-03-15T15:27:38Z</time>
   </trkpt>
   <trkpt lat="45.8688680" lon="15.1852610">
    <ele>553.0</ele>
    <time>2024-03-15T15:27:39Z</time>
   </trkpt>
   <trkpt lat="45.8688760" lon="15.1852530">
    <ele>553.0</ele>
    <time>2024-03-15T15:27:40Z</time>
   </trkpt>
   <trkpt lat="45.8688780" lon="15.1852500">
    <ele>553.0</ele>
    <time>2024-03-15T15:27:41Z</time>
   </trkpt>
   <trkpt lat="45.8688810" lon="15.1852470">
    <ele>554.0</ele>
    <time>2024-03-15T15:27:42Z</time>
   </trkpt>
   <trkpt lat="45.8688840" lon="15.1852450">
    <ele>554.0</ele>
    <time>2024-03-15T15:27:43Z</time>
   </trkpt>
   <trkpt lat="45.8688900" lon="15.1852430">
    <ele>554.0</ele>
    <time>2024-03-15T15:27:44Z</time>
   </trkpt>
   <trkpt lat="45.8688970" lon="15.1852400">
    <ele>555.0</ele>
    <time>2024-03-15T15:27:45Z</time>
   </trkpt>
   <trkpt lat="45.8689030" lon="15.1852430">
    <ele>555.0</ele>
    <time>2024-03-15T15:27:46Z</time>
   </trkpt>
   <trkpt lat="45.8689080" lon="15.1852460">
    <ele>556.0</ele>
    <time>2024-03-15T15:27:47Z</time>
   </trkpt>
   <trkpt lat="45.8689150" lon="15.1852480">
    <ele>556.0</ele>
    <time>2024-03-15T15:27:48Z</time>
   </trkpt>
   <trkpt lat="45.8689210" lon="15.1852510">
    <ele>556.0</ele>
    <time>2024-03-15T15:27:49Z</time>
   </trkpt>
   <trkpt lat="45.8689290" lon="15.1852550">
    <ele>556.0</ele>
    <time>2024-03-15T15:27:50Z</time>
   </trkpt>
   <trkpt lat="45.8689360" lon="15.1852580">
    <ele>556.0</ele>
    <time>2024-03-15T15:27:51Z</time>
   </trkpt>
   <trkpt lat="45.8689440" lon="15.1852640">
    <ele>557.0</ele>
    <time>2024-03-15T15:27:52Z</time>
   </trkpt>
   <trkpt lat="45.8689530" lon="15.1852690">
    <ele>557.0</ele>
    <time>2024-03-15T15:27:53Z</time>
   </trkpt>
   <trkpt lat="45.8689620" lon="15.1852770">
    <ele>557.0</ele>
    <time>2024-03-15T15:27:54Z</time>
   </trkpt>
   <trkpt lat="45.8689710" lon="15.1852840">
    <ele>557.0</ele>
    <time>2024-03-15T15:27:55Z</time>
   </trkpt>
   <trkpt lat="45.8689800" lon="15.1852930">
    <ele>557.0</ele>
    <time>2024-03-15T15:27:56Z</time>
   </trkpt>
   <trkpt lat="45.8689890" lon="15.1853030">
    <ele>558.0</ele>
    <time>2024-03-15T15:27:57Z</time>
   </trkpt>
   <trkpt lat="45.8689950" lon="15.1853070">
    <ele>558.0</ele>
    <time>2024-03-15T15:27:58Z</time>
   </trkpt>
   <trkpt lat="45.8690020" lon="15.1853120">
    <ele>558.0</ele>
    <time>2024-03-15T15:27:59Z</time>
   </trkpt>
   <trkpt lat="45.8690080" lon="15.1853160">
    <ele>558.0</ele>
    <time>2024-03-15T15:28:00Z</time>
   </trkpt>
   <trkpt lat="45.8690170" lon="15.1853140">
    <ele>558.0</ele>
    <time>2024-03-15T15:28:01Z</time>
   </trkpt>
   <trkpt lat="45.8690270" lon="15.1853120">
    <ele>559.0</ele>
    <time>2024-03-15T15:28:02Z</time>
   </trkpt>
   <trkpt lat="45.8690340" lon="15.1853040">
    <ele>559.0</ele>
    <time>2024-03-15T15:28:03Z</time>
   </trkpt>
   <trkpt lat="45.8690420" lon="15.1852970">
    <ele>559.0</ele>
    <time>2024-03-15T15:28:04Z</time>
   </trkpt>
   <trkpt lat="45.8690480" lon="15.1852870">
    <ele>559.0</ele>
    <time>2024-03-15T15:28:05Z</time>
   </trkpt>
   <trkpt lat="45.8690540" lon="15.1852770">
    <ele>559.0</ele>
    <time>2024-03-15T15:28:06Z</time>
   </trkpt>
   <trkpt lat="45.8690590" lon="15.1852640">
    <ele>560.0</ele>
    <time>2024-03-15T15:28:07Z</time>
   </trkpt>
   <trkpt lat="45.8690640" lon="15.1852520">
    <ele>560.0</ele>
    <time>2024-03-15T15:28:08Z</time>
   </trkpt>
   <trkpt lat="45.8690680" lon="15.1852380">
    <ele>560.0</ele>
    <time>2024-03-15T15:28:09Z</time>
   </trkpt>
   <trkpt lat="45.8690720" lon="15.1852240">
    <ele>561.0</ele>
    <time>2024-03-15T15:28:10Z</time>
   </trkpt>
   <trkpt lat="45.8690740" lon="15.1852080">
    <ele>561.0</ele>
    <time>2024-03-15T15:28:11Z</time>
   </trkpt>
   <trkpt lat="45.8690750" lon="15.1851930">
    <ele>562.0</ele>
    <time>2024-03-15T15:28:12Z</time>
   </trkpt>
   <trkpt lat="45.8690760" lon="15.1851780">
    <ele>562.0</ele>
    <time>2024-03-15T15:28:13Z</time>
   </trkpt>
   <trkpt lat="45.8690770" lon="15.1851630">
    <ele>562.0</ele>
    <time>2024-03-15T15:28:14Z</time>
   </trkpt>
   <trkpt lat="45.8690800" lon="15.1851480">
    <ele>562.0</ele>
    <time>2024-03-15T15:28:15Z</time>
   </trkpt>
   <trkpt lat="45.8690840" lon="15.1851330">
    <ele>562.0</ele>
    <time>2024-03-15T15:28:16Z</time>
   </trkpt>
   <trkpt lat="45.8690910" lon="15.1851180">
    <ele>563.0</ele>
    <time>2024-03-15T15:28:17Z</time>
   </trkpt>
   <trkpt lat="45.8690980" lon="15.1851030">
    <ele>563.0</ele>
    <time>2024-03-15T15:28:18Z</time>
   </trkpt>
   <trkpt lat="45.8691050" lon="15.1850840">
    <ele>563.0</ele>
    <time>2024-03-15T15:28:19Z</time>
   </trkpt>
   <trkpt lat="45.8691110" lon="15.1850650">
    <ele>563.0</ele>
    <time>2024-03-15T15:28:20Z</time>
   </trkpt>
   <trkpt lat="45.8691170" lon="15.1850490">
    <ele>563.0</ele>
    <time>2024-03-15T15:28:21Z</time>
   </trkpt>
   <trkpt lat="45.8691230" lon="15.1850320">
    <ele>564.0</ele>
    <time>2024-03-15T15:28:22Z</time>
   </trkpt>
   <trkpt lat="45.8691310" lon="15.1850200">
    <ele>564.0</ele>
    <time>2024-03-15T15:28:23Z</time>
   </trkpt>
   <trkpt lat="45.8691390" lon="15.1850070">
    <ele>564.0</ele>
    <time>2024-03-15T15:28:24Z</time>
   </trkpt>
   <trkpt lat="45.8691480" lon="15.1849940">
    <ele>564.0</ele>
    <time>2024-03-15T15:28:25Z</time>
   </trkpt>
   <trkpt lat="45.8691570" lon="15.1849800">
    <ele>564.0</ele>
    <time>2024-03-15T15:28:26Z</time>
   </trkpt>
   <trkpt lat="45.8691650" lon="15.1849680">
    <ele>565.0</ele>
    <time>2024-03-15T15:28:27Z</time>
   </trkpt>
   <trkpt lat="45.8691730" lon="15.1849550">
    <ele>565.0</ele>
    <time>2024-03-15T15:28:28Z</time>
   </trkpt>
   <trkpt lat="45.8691810" lon="15.1849430">
    <ele>565.0</ele>
    <time>2024-03-15T15:28:29Z</time>
   </trkpt>
   <trkpt lat="45.8691880" lon="15.1849310">
    <ele>565.0</ele>
    <time>2024-03-15T15:28:30Z</time>
   </trkpt>
   <trkpt lat="45.8691940" lon="15.1849210">
    <ele>565.0</ele>
    <time>2024-03-15T15:28:31Z</time>
   </trkpt>
   <trkpt lat="45.8691990" lon="15.1849100">
    <ele>566.0</ele>
    <time>2024-03-15T15:28:32Z</time>
   </trkpt>
   <trkpt lat="45.8692050" lon="15.1849030">
    <ele>566.0</ele>
    <time>2024-03-15T15:28:33Z</time>
   </trkpt>
   <trkpt lat="45.8692110" lon="15.1848970">
    <ele>566.0</ele>
    <time>2024-03-15T15:28:34Z</time>
   </trkpt>
   <trkpt lat="45.8692180" lon="15.1848970">
    <ele>566.0</ele>
    <time>2024-03-15T15:28:35Z</time>
   </trkpt>
   <trkpt lat="45.8692250" lon="15.1848980">
    <ele>566.0</ele>
    <time>2024-03-15T15:28:36Z</time>
   </trkpt>
   <trkpt lat="45.8692320" lon="15.1849060">
    <ele>567.0</ele>
    <time>2024-03-15T15:28:37Z</time>
   </trkpt>
   <trkpt lat="45.8692390" lon="15.1849140">
    <ele>567.0</ele>
    <time>2024-03-15T15:28:38Z</time>
   </trkpt>
   <trkpt lat="45.8692470" lon="15.1849270">
    <ele>567.0</ele>
    <time>2024-03-15T15:28:39Z</time>
   </trkpt>
   <trkpt lat="45.8692550" lon="15.1849400">
    <ele>567.0</ele>
    <time>2024-03-15T15:28:40Z</time>
   </trkpt>
   <trkpt lat="45.8692630" lon="15.1849560">
    <ele>567.0</ele>
    <time>2024-03-15T15:28:41Z</time>
   </trkpt>
   <trkpt lat="45.8692720" lon="15.1849710">
    <ele>568.0</ele>
    <time>2024-03-15T15:28:42Z</time>
   </trkpt>
   <trkpt lat="45.8692800" lon="15.1849870">
    <ele>568.0</ele>
    <time>2024-03-15T15:28:43Z</time>
   </trkpt>
   <trkpt lat="45.8692890" lon="15.1850020">
    <ele>568.0</ele>
    <time>2024-03-15T15:28:44Z</time>
   </trkpt>
   <trkpt lat="45.8692970" lon="15.1850150">
    <ele>568.0</ele>
    <time>2024-03-15T15:28:45Z</time>
   </trkpt>
   <trkpt lat="45.8693050" lon="15.1850290">
    <ele>568.0</ele>
    <time>2024-03-15T15:28:46Z</time>
   </trkpt>
   <trkpt lat="45.8693120" lon="15.1850410">
    <ele>569.0</ele>
    <time>2024-03-15T15:28:47Z</time>
   </trkpt>
   <trkpt lat="45.8693200" lon="15.1850540">
    <ele>569.0</ele>
    <time>2024-03-15T15:28:48Z</time>
   </trkpt>
   <trkpt lat="45.8693300" lon="15.1850680">
    <ele>569.0</ele>
    <time>2024-03-15T15:28:49Z</time>
   </trkpt>
   <trkpt lat="45.8693390" lon="15.1850820">
    <ele>569.0</ele>
    <time>2024-03-15T15:28:50Z</time>
   </trkpt>
   <trkpt lat="45.8693490" lon="15.1850940">
    <ele>569.0</ele>
    <time>2024-03-15T15:28:51Z</time>
   </trkpt>
   <trkpt lat="45.8693590" lon="15.1851070">
    <ele>570.0</ele>
    <time>2024-03-15T15:28:52Z</time>
   </trkpt>
   <trkpt lat="45.8693690" lon="15.1851200">
    <ele>570.0</ele>
    <time>2024-03-15T15:28:53Z</time>
   </trkpt>
   <trkpt lat="45.8693790" lon="15.1851330">
    <ele>570.0</ele>
    <time>2024-03-15T15:28:54Z</time>
   </trkpt>
   <trkpt lat="45.8693880" lon="15.1851480">
    <ele>570.0</ele>
    <time>2024-03-15T15:28:55Z</time>
   </trkpt>
   <trkpt lat="45.8693980" lon="15.1851620">
    <ele>570.0</ele>
    <time>2024-03-15T15:28:56Z</time>
   </trkpt>
   <trkpt lat="45.8694070" lon="15.1851770">
    <ele>571.0</ele>
    <time>2024-03-15T15:28:57Z</time>
   </trkpt>
   <trkpt lat="45.8694160" lon="15.1851920">
    <ele>571.0</ele>
    <time>2024-03-15T15:28:58Z</time>
   </trkpt>
   <trkpt lat="45.8694260" lon="15.1852050">
    <ele>571.0</ele>
    <time>2024-03-15T15:28:59Z</time>
   </trkpt>
   <trkpt lat="45.8694370" lon="15.1852190">
    <ele>571.0</ele>
    <time>2024-03-15T15:29:00Z</time>
   </trkpt>
   <trkpt lat="45.8694490" lon="15.1852360">
    <ele>571.0</ele>
    <time>2024-03-15T15:29:01Z</time>
   </trkpt>
   <trkpt lat="45.8694620" lon="15.1852530">
    <ele>571.0</ele>
    <time>2024-03-15T15:29:02Z</time>
   </trkpt>
   <trkpt lat="45.8694770" lon="15.1852740">
    <ele>571.0</ele>
    <time>2024-03-15T15:29:03Z</time>
   </trkpt>
   <trkpt lat="45.8694930" lon="15.1852960">
    <ele>571.0</ele>
    <time>2024-03-15T15:29:04Z</time>
   </trkpt>
   <trkpt lat="45.8695090" lon="15.1853230">
    <ele>571.0</ele>
    <time>2024-03-15T15:29:05Z</time>
   </trkpt>
   <trkpt lat="45.8695250" lon="15.1853510">
    <ele>571.0</ele>
    <time>2024-03-15T15:29:06Z</time>
   </trkpt>
   <trkpt lat="45.8695380" lon="15.1853820">
    <ele>572.0</ele>
    <time>2024-03-15T15:29:07Z</time>
   </trkpt>
   <trkpt lat="45.8695520" lon="15.1854140">
    <ele>572.0</ele>
    <time>2024-03-15T15:29:08Z</time>
   </trkpt>
   <trkpt lat="45.8695630" lon="15.1854480">
    <ele>572.0</ele>
    <time>2024-03-15T15:29:09Z</time>
   </trkpt>
   <trkpt lat="45.8695730" lon="15.1854820">
    <ele>572.0</ele>
    <time>2024-03-15T15:29:10Z</time>
   </trkpt>
   <trkpt lat="45.8695830" lon="15.1855200">
    <ele>572.0</ele>
    <time>2024-03-15T15:29:11Z</time>
   </trkpt>
   <trkpt lat="45.8695920" lon="15.1855580">
    <ele>572.0</ele>
    <time>2024-03-15T15:29:12Z</time>
   </trkpt>
   <trkpt lat="45.8696030" lon="15.1855960">
    <ele>572.0</ele>
    <time>2024-03-15T15:29:13Z</time>
   </trkpt>
   <trkpt lat="45.8696150" lon="15.1856340">
    <ele>572.0</ele>
    <time>2024-03-15T15:29:14Z</time>
   </trkpt>
   <trkpt lat="45.8696290" lon="15.1856700">
    <ele>572.0</ele>
    <time>2024-03-15T15:29:15Z</time>
   </trkpt>
   <trkpt lat="45.8696440" lon="15.1857070">
    <ele>572.0</ele>
    <time>2024-03-15T15:29:16Z</time>
   </trkpt>
   <trkpt lat="45.8696590" lon="15.1857430">
    <ele>572.0</ele>
    <time>2024-03-15T15:29:17Z</time>
   </trkpt>
   <trkpt lat="45.8696750" lon="15.1857790">
    <ele>572.0</ele>
    <time>2024-03-15T15:29:18Z</time>
   </trkpt>
   <trkpt lat="45.8696890" lon="15.1858140">
    <ele>572.0</ele>
    <time>2024-03-15T15:29:19Z</time>
   </trkpt>
   <trkpt lat="45.8697020" lon="15.1858490">
    <ele>572.0</ele>
    <time>2024-03-15T15:29:20Z</time>
   </trkpt>
   <trkpt lat="45.8697150" lon="15.1858810">
    <ele>572.0</ele>
    <time>2024-03-15T15:29:21Z</time>
   </trkpt>
   <trkpt lat="45.8697270" lon="15.1859140">
    <ele>572.0</ele>
    <time>2024-03-15T15:29:22Z</time>
   </trkpt>
   <trkpt lat="45.8697380" lon="15.1859470">
    <ele>572.0</ele>
    <time>2024-03-15T15:29:23Z</time>
   </trkpt>
   <trkpt lat="45.8697490" lon="15.1859800">
    <ele>572.0</ele>
    <time>2024-03-15T15:29:24Z</time>
   </trkpt>
   <trkpt lat="45.8697590" lon="15.1860140">
    <ele>572.0</ele>
    <time>2024-03-15T15:29:25Z</time>
   </trkpt>
   <trkpt lat="45.8697690" lon="15.1860490">
    <ele>572.0</ele>
    <time>2024-03-15T15:29:26Z</time>
   </trkpt>
   <trkpt lat="45.8697790" lon="15.1860840">
    <ele>573.0</ele>
    <time>2024-03-15T15:29:27Z</time>
   </trkpt>
   <trkpt lat="45.8697890" lon="15.1861200">
    <ele>573.0</ele>
    <time>2024-03-15T15:29:28Z</time>
   </trkpt>
   <trkpt lat="45.8697990" lon="15.1861550">
    <ele>573.0</ele>
    <time>2024-03-15T15:29:29Z</time>
   </trkpt>
   <trkpt lat="45.8698090" lon="15.1861900">
    <ele>573.0</ele>
    <time>2024-03-15T15:29:30Z</time>
   </trkpt>
   <trkpt lat="45.8698200" lon="15.1862260">
    <ele>573.0</ele>
    <time>2024-03-15T15:29:31Z</time>
   </trkpt>
   <trkpt lat="45.8698320" lon="15.1862620">
    <ele>573.0</ele>
    <time>2024-03-15T15:29:32Z</time>
   </trkpt>
   <trkpt lat="45.8698470" lon="15.1862990">
    <ele>573.0</ele>
    <time>2024-03-15T15:29:33Z</time>
   </trkpt>
   <trkpt lat="45.8698610" lon="15.1863360">
    <ele>573.0</ele>
    <time>2024-03-15T15:29:34Z</time>
   </trkpt>
   <trkpt lat="45.8698750" lon="15.1863720">
    <ele>573.0</ele>
    <time>2024-03-15T15:29:35Z</time>
   </trkpt>
   <trkpt lat="45.8698880" lon="15.1864090">
    <ele>573.0</ele>
    <time>2024-03-15T15:29:36Z</time>
   </trkpt>
   <trkpt lat="45.8698980" lon="15.1864480">
    <ele>573.0</ele>
    <time>2024-03-15T15:29:37Z</time>
   </trkpt>
   <trkpt lat="45.8699080" lon="15.1864860">
    <ele>573.0</ele>
    <time>2024-03-15T15:29:38Z</time>
   </trkpt>
   <trkpt lat="45.8699170" lon="15.1865240">
    <ele>573.0</ele>
    <time>2024-03-15T15:29:39Z</time>
   </trkpt>
   <trkpt lat="45.8699260" lon="15.1865630">
    <ele>573.0</ele>
    <time>2024-03-15T15:29:40Z</time>
   </trkpt>
   <trkpt lat="45.8699370" lon="15.1866010">
    <ele>573.0</ele>
    <time>2024-03-15T15:29:41Z</time>
   </trkpt>
   <trkpt lat="45.8699480" lon="15.1866390">
    <ele>573.0</ele>
    <time>2024-03-15T15:29:42Z</time>
   </trkpt>
   <trkpt lat="45.8699610" lon="15.1866760">
    <ele>573.0</ele>
    <time>2024-03-15T15:29:43Z</time>
   </trkpt>
   <trkpt lat="45.8699740" lon="15.1867140">
    <ele>573.0</ele>
    <time>2024-03-15T15:29:44Z</time>
   </trkpt>
   <trkpt lat="45.8699880" lon="15.1867520">
    <ele>573.0</ele>
    <time>2024-03-15T15:29:45Z</time>
   </trkpt>
   <trkpt lat="45.8700030" lon="15.1867900">
    <ele>573.0</ele>
    <time>2024-03-15T15:29:46Z</time>
   </trkpt>
   <trkpt lat="45.8700150" lon="15.1868260">
    <ele>573.0</ele>
    <time>2024-03-15T15:29:47Z</time>
   </trkpt>
   <trkpt lat="45.8700280" lon="15.1868630">
    <ele>573.0</ele>
    <time>2024-03-15T15:29:48Z</time>
   </trkpt>
   <trkpt lat="45.8700410" lon="15.1868950">
    <ele>573.0</ele>
    <time>2024-03-15T15:29:49Z</time>
   </trkpt>
   <trkpt lat="45.8700530" lon="15.1869280">
    <ele>573.0</ele>
    <time>2024-03-15T15:29:50Z</time>
   </trkpt>
   <trkpt lat="45.8700680" lon="15.1869590">
    <ele>573.0</ele>
    <time>2024-03-15T15:29:51Z</time>
   </trkpt>
   <trkpt lat="45.8700830" lon="15.1869900">
    <ele>573.0</ele>
    <time>2024-03-15T15:29:52Z</time>
   </trkpt>
   <trkpt lat="45.8700980" lon="15.1870240">
    <ele>573.0</ele>
    <time>2024-03-15T15:29:53Z</time>
   </trkpt>
   <trkpt lat="45.8701140" lon="15.1870570">
    <ele>573.0</ele>
    <time>2024-03-15T15:29:54Z</time>
   </trkpt>
   <trkpt lat="45.8701320" lon="15.1870920">
    <ele>573.0</ele>
    <time>2024-03-15T15:29:55Z</time>
   </trkpt>
   <trkpt lat="45.8701500" lon="15.1871270">
    <ele>573.0</ele>
    <time>2024-03-15T15:29:56Z</time>
   </trkpt>
   <trkpt lat="45.8701690" lon="15.1871600">
    <ele>573.0</ele>
    <time>2024-03-15T15:29:57Z</time>
   </trkpt>
   <trkpt lat="45.8701870" lon="15.1871940">
    <ele>573.0</ele>
    <time>2024-03-15T15:29:58Z</time>
   </trkpt>
   <trkpt lat="45.8702060" lon="15.1872250">
    <ele>573.0</ele>
    <time>2024-03-15T15:29:59Z</time>
   </trkpt>
   <trkpt lat="45.8702240" lon="15.1872560">
    <ele>573.0</ele>
    <time>2024-03-15T15:30:00Z</time>
   </trkpt>
   <trkpt lat="45.8702420" lon="15.1872850">
    <ele>573.0</ele>
    <time>2024-03-15T15:30:01Z</time>
   </trkpt>
   <trkpt lat="45.8702590" lon="15.1873150">
    <ele>573.0</ele>
    <time>2024-03-15T15:30:02Z</time>
   </trkpt>
   <trkpt lat="45.8702730" lon="15.1873450">
    <ele>573.0</ele>
    <time>2024-03-15T15:30:03Z</time>
   </trkpt>
   <trkpt lat="45.8702880" lon="15.1873760">
    <ele>573.0</ele>
    <time>2024-03-15T15:30:04Z</time>
   </trkpt>
   <trkpt lat="45.8703020" lon="15.1874070">
    <ele>573.0</ele>
    <time>2024-03-15T15:30:05Z</time>
   </trkpt>
   <trkpt lat="45.8703160" lon="15.1874380">
    <ele>573.0</ele>
    <time>2024-03-15T15:30:06Z</time>
   </trkpt>
   <trkpt lat="45.8703290" lon="15.1874690">
    <ele>573.0</ele>
    <time>2024-03-15T15:30:07Z</time>
   </trkpt>
   <trkpt lat="45.8703420" lon="15.1874990">
    <ele>573.0</ele>
    <time>2024-03-15T15:30:08Z</time>
   </trkpt>
   <trkpt lat="45.8703550" lon="15.1875300">
    <ele>573.0</ele>
    <time>2024-03-15T15:30:09Z</time>
   </trkpt>
   <trkpt lat="45.8703670" lon="15.1875600">
    <ele>573.0</ele>
    <time>2024-03-15T15:30:10Z</time>
   </trkpt>
   <trkpt lat="45.8703790" lon="15.1875900">
    <ele>573.0</ele>
    <time>2024-03-15T15:30:11Z</time>
   </trkpt>
   <trkpt lat="45.8703900" lon="15.1876210">
    <ele>573.0</ele>
    <time>2024-03-15T15:30:12Z</time>
   </trkpt>
   <trkpt lat="45.8704040" lon="15.1876490">
    <ele>573.0</ele>
    <time>2024-03-15T15:30:13Z</time>
   </trkpt>
   <trkpt lat="45.8704170" lon="15.1876780">
    <ele>573.0</ele>
    <time>2024-03-15T15:30:14Z</time>
   </trkpt>
   <trkpt lat="45.8704330" lon="15.1877080">
    <ele>573.0</ele>
    <time>2024-03-15T15:30:15Z</time>
   </trkpt>
   <trkpt lat="45.8704490" lon="15.1877390">
    <ele>573.0</ele>
    <time>2024-03-15T15:30:16Z</time>
   </trkpt>
   <trkpt lat="45.8704660" lon="15.1877720">
    <ele>574.0</ele>
    <time>2024-03-15T15:30:17Z</time>
   </trkpt>
   <trkpt lat="45.8704830" lon="15.1878060">
    <ele>574.0</ele>
    <time>2024-03-15T15:30:18Z</time>
   </trkpt>
   <trkpt lat="45.8704980" lon="15.1878420">
    <ele>574.0</ele>
    <time>2024-03-15T15:30:19Z</time>
   </trkpt>
   <trkpt lat="45.8705140" lon="15.1878780">
    <ele>574.0</ele>
    <time>2024-03-15T15:30:20Z</time>
   </trkpt>
   <trkpt lat="45.8705290" lon="15.1879170">
    <ele>574.0</ele>
    <time>2024-03-15T15:30:21Z</time>
   </trkpt>
   <trkpt lat="45.8705430" lon="15.1879570">
    <ele>574.0</ele>
    <time>2024-03-15T15:30:22Z</time>
   </trkpt>
   <trkpt lat="45.8705580" lon="15.1879970">
    <ele>574.0</ele>
    <time>2024-03-15T15:30:23Z</time>
   </trkpt>
   <trkpt lat="45.8705730" lon="15.1880370">
    <ele>574.0</ele>
    <time>2024-03-15T15:30:24Z</time>
   </trkpt>
   <trkpt lat="45.8705890" lon="15.1880770">
    <ele>574.0</ele>
    <time>2024-03-15T15:30:25Z</time>
   </trkpt>
   <trkpt lat="45.8706040" lon="15.1881180">
    <ele>574.0</ele>
    <time>2024-03-15T15:30:26Z</time>
   </trkpt>
   <trkpt lat="45.8706190" lon="15.1881590">
    <ele>574.0</ele>
    <time>2024-03-15T15:30:27Z</time>
   </trkpt>
   <trkpt lat="45.8706340" lon="15.1882000">
    <ele>574.0</ele>
    <time>2024-03-15T15:30:28Z</time>
   </trkpt>
   <trkpt lat="45.8706490" lon="15.1882400">
    <ele>574.0</ele>
    <time>2024-03-15T15:30:29Z</time>
   </trkpt>
   <trkpt lat="45.8706640" lon="15.1882800">
    <ele>574.0</ele>
    <time>2024-03-15T15:30:30Z</time>
   </trkpt>
   <trkpt lat="45.8706760" lon="15.1883180">
    <ele>574.0</ele>
    <time>2024-03-15T15:30:31Z</time>
   </trkpt>
   <trkpt lat="45.8706880" lon="15.1883560">
    <ele>575.0</ele>
    <time>2024-03-15T15:30:32Z</time>
   </trkpt>
   <trkpt lat="45.8706970" lon="15.1883930">
    <ele>575.0</ele>
    <time>2024-03-15T15:30:33Z</time>
   </trkpt>
   <trkpt lat="45.8707060" lon="15.1884300">
    <ele>575.0</ele>
    <time>2024-03-15T15:30:34Z</time>
   </trkpt>
   <trkpt lat="45.8707140" lon="15.1884680">
    <ele>575.0</ele>
    <time>2024-03-15T15:30:35Z</time>
   </trkpt>
   <trkpt lat="45.8707220" lon="15.1885060">
    <ele>575.0</ele>
    <time>2024-03-15T15:30:36Z</time>
   </trkpt>
   <trkpt lat="45.8707300" lon="15.1885470">
    <ele>575.0</ele>
    <time>2024-03-15T15:30:37Z</time>
   </trkpt>
   <trkpt lat="45.8707370" lon="15.1885870">
    <ele>575.0</ele>
    <time>2024-03-15T15:30:38Z</time>
   </trkpt>
   <trkpt lat="45.8707420" lon="15.1886280">
    <ele>575.0</ele>
    <time>2024-03-15T15:30:39Z</time>
   </trkpt>
   <trkpt lat="45.8707470" lon="15.1886690">
    <ele>575.0</ele>
    <time>2024-03-15T15:30:40Z</time>
   </trkpt>
   <trkpt lat="45.8707500" lon="15.1887080">
    <ele>575.0</ele>
    <time>2024-03-15T15:30:41Z</time>
   </trkpt>
   <trkpt lat="45.8707520" lon="15.1887460">
    <ele>575.0</ele>
    <time>2024-03-15T15:30:42Z</time>
   </trkpt>
   <trkpt lat="45.8707510" lon="15.1887790">
    <ele>575.0</ele>
    <time>2024-03-15T15:30:43Z</time>
   </trkpt>
   <trkpt lat="45.8707490" lon="15.1888130">
    <ele>575.0</ele>
    <time>2024-03-15T15:30:44Z</time>
   </trkpt>
   <trkpt lat="45.8707420" lon="15.1888450">
    <ele>575.0</ele>
    <time>2024-03-15T15:30:45Z</time>
   </trkpt>
   <trkpt lat="45.8707350" lon="15.1888760">
    <ele>575.0</ele>
    <time>2024-03-15T15:30:46Z</time>
   </trkpt>
   <trkpt lat="45.8707240" lon="15.1889100">
    <ele>575.0</ele>
    <time>2024-03-15T15:30:47Z</time>
   </trkpt>
   <trkpt lat="45.8707130" lon="15.1889440">
    <ele>575.0</ele>
    <time>2024-03-15T15:30:48Z</time>
   </trkpt>
   <trkpt lat="45.8706960" lon="15.1889790">
    <ele>575.0</ele>
    <time>2024-03-15T15:30:49Z</time>
   </trkpt>
   <trkpt lat="45.8706800" lon="15.1890140">
    <ele>575.0</ele>
    <time>2024-03-15T15:30:50Z</time>
   </trkpt>
   <trkpt lat="45.8706630" lon="15.1890490">
    <ele>575.0</ele>
    <time>2024-03-15T15:30:51Z</time>
   </trkpt>
   <trkpt lat="45.8706460" lon="15.1890850">
    <ele>576.0</ele>
    <time>2024-03-15T15:30:52Z</time>
   </trkpt>
   <trkpt lat="45.8706300" lon="15.1891180">
    <ele>576.0</ele>
    <time>2024-03-15T15:30:53Z</time>
   </trkpt>
   <trkpt lat="45.8706140" lon="15.1891510">
    <ele>576.0</ele>
    <time>2024-03-15T15:30:54Z</time>
   </trkpt>
   <trkpt lat="45.8706000" lon="15.1891850">
    <ele>576.0</ele>
    <time>2024-03-15T15:30:55Z</time>
   </trkpt>
   <trkpt lat="45.8705860" lon="15.1892180">
    <ele>576.0</ele>
    <time>2024-03-15T15:30:56Z</time>
   </trkpt>
   <trkpt lat="45.8705760" lon="15.1892500">
    <ele>577.0</ele>
    <time>2024-03-15T15:30:57Z</time>
   </trkpt>
   <trkpt lat="45.8705660" lon="15.1892820">
    <ele>577.0</ele>
    <time>2024-03-15T15:30:58Z</time>
   </trkpt>
   <trkpt lat="45.8705580" lon="15.1893130">
    <ele>577.0</ele>
    <time>2024-03-15T15:30:59Z</time>
   </trkpt>
   <trkpt lat="45.8705510" lon="15.1893440">
    <ele>577.0</ele>
    <time>2024-03-15T15:31:00Z</time>
   </trkpt>
   <trkpt lat="45.8705430" lon="15.1893740">
    <ele>577.0</ele>
    <time>2024-03-15T15:31:01Z</time>
   </trkpt>
   <trkpt lat="45.8705360" lon="15.1894040">
    <ele>578.0</ele>
    <time>2024-03-15T15:31:02Z</time>
   </trkpt>
   <trkpt lat="45.8705270" lon="15.1894370">
    <ele>578.0</ele>
    <time>2024-03-15T15:31:03Z</time>
   </trkpt>
   <trkpt lat="45.8705190" lon="15.1894700">
    <ele>578.0</ele>
    <time>2024-03-15T15:31:04Z</time>
   </trkpt>
   <trkpt lat="45.8705090" lon="15.1895050">
    <ele>578.0</ele>
    <time>2024-03-15T15:31:05Z</time>
   </trkpt>
   <trkpt lat="45.8705000" lon="15.1895410">
    <ele>578.0</ele>
    <time>2024-03-15T15:31:06Z</time>
   </trkpt>
   <trkpt lat="45.8704900" lon="15.1895750">
    <ele>579.0</ele>
    <time>2024-03-15T15:31:07Z</time>
   </trkpt>
   <trkpt lat="45.8704800" lon="15.1896090">
    <ele>579.0</ele>
    <time>2024-03-15T15:31:08Z</time>
   </trkpt>
   <trkpt lat="45.8704710" lon="15.1896440">
    <ele>579.0</ele>
    <time>2024-03-15T15:31:09Z</time>
   </trkpt>
   <trkpt lat="45.8704620" lon="15.1896790">
    <ele>579.0</ele>
    <time>2024-03-15T15:31:10Z</time>
   </trkpt>
   <trkpt lat="45.8704540" lon="15.1897170">
    <ele>579.0</ele>
    <time>2024-03-15T15:31:11Z</time>
   </trkpt>
   <trkpt lat="45.8704470" lon="15.1897550">
    <ele>579.0</ele>
    <time>2024-03-15T15:31:12Z</time>
   </trkpt>
   <trkpt lat="45.8704420" lon="15.1897960">
    <ele>579.0</ele>
    <time>2024-03-15T15:31:13Z</time>
   </trkpt>
   <trkpt lat="45.8704370" lon="15.1898380">
    <ele>579.0</ele>
    <time>2024-03-15T15:31:14Z</time>
   </trkpt>
   <trkpt lat="45.8704320" lon="15.1898800">
    <ele>579.0</ele>
    <time>2024-03-15T15:31:15Z</time>
   </trkpt>
   <trkpt lat="45.8704280" lon="15.1899210">
    <ele>579.0</ele>
    <time>2024-03-15T15:31:16Z</time>
   </trkpt>
   <trkpt lat="45.8704280" lon="15.1899620">
    <ele>579.0</ele>
    <time>2024-03-15T15:31:17Z</time>
   </trkpt>
   <trkpt lat="45.8704280" lon="15.1900020">
    <ele>579.0</ele>
    <time>2024-03-15T15:31:18Z</time>
   </trkpt>
   <trkpt lat="45.8704350" lon="15.1900420">
    <ele>579.0</ele>
    <time>2024-03-15T15:31:19Z</time>
   </trkpt>
   <trkpt lat="45.8704420" lon="15.1900810">
    <ele>579.0</ele>
    <time>2024-03-15T15:31:20Z</time>
   </trkpt>
   <trkpt lat="45.8704520" lon="15.1901230">
    <ele>579.0</ele>
    <time>2024-03-15T15:31:21Z</time>
   </trkpt>
   <trkpt lat="45.8704630" lon="15.1901650">
    <ele>580.0</ele>
    <time>2024-03-15T15:31:22Z</time>
   </trkpt>
   <trkpt lat="45.8704760" lon="15.1902060">
    <ele>579.0</ele>
    <time>2024-03-15T15:31:23Z</time>
   </trkpt>
   <trkpt lat="45.8704890" lon="15.1902470">
    <ele>579.0</ele>
    <time>2024-03-15T15:31:24Z</time>
   </trkpt>
   <trkpt lat="45.8705010" lon="15.1902830">
    <ele>579.0</ele>
    <time>2024-03-15T15:31:25Z</time>
   </trkpt>
   <trkpt lat="45.8705120" lon="15.1903200">
    <ele>579.0</ele>
    <time>2024-03-15T15:31:26Z</time>
   </trkpt>
   <trkpt lat="45.8705230" lon="15.1903550">
    <ele>579.0</ele>
    <time>2024-03-15T15:31:27Z</time>
   </trkpt>
   <trkpt lat="45.8705340" lon="15.1903900">
    <ele>579.0</ele>
    <time>2024-03-15T15:31:28Z</time>
   </trkpt>
   <trkpt lat="45.8705460" lon="15.1904290">
    <ele>579.0</ele>
    <time>2024-03-15T15:31:29Z</time>
   </trkpt>
   <trkpt lat="45.8705570" lon="15.1904670">
    <ele>579.0</ele>
    <time>2024-03-15T15:31:30Z</time>
   </trkpt>
   <trkpt lat="45.8705700" lon="15.1905090">
    <ele>579.0</ele>
    <time>2024-03-15T15:31:31Z</time>
   </trkpt>
   <trkpt lat="45.8705830" lon="15.1905510">
    <ele>579.0</ele>
    <time>2024-03-15T15:31:32Z</time>
   </trkpt>
   <trkpt lat="45.8705990" lon="15.1905950">
    <ele>578.0</ele>
    <time>2024-03-15T15:31:33Z</time>
   </trkpt>
   <trkpt lat="45.8706150" lon="15.1906390">
    <ele>578.0</ele>
    <time>2024-03-15T15:31:34Z</time>
   </trkpt>
   <trkpt lat="45.8706290" lon="15.1906860">
    <ele>578.0</ele>
    <time>2024-03-15T15:31:35Z</time>
   </trkpt>
   <trkpt lat="45.8706440" lon="15.1907340">
    <ele>578.0</ele>
    <time>2024-03-15T15:31:36Z</time>
   </trkpt>
   <trkpt lat="45.8706540" lon="15.1907830">
    <ele>578.0</ele>
    <time>2024-03-15T15:31:37Z</time>
   </trkpt>
   <trkpt lat="45.8706640" lon="15.1908310">
    <ele>577.0</ele>
    <time>2024-03-15T15:31:38Z</time>
   </trkpt>
   <trkpt lat="45.8706680" lon="15.1908790">
    <ele>577.0</ele>
    <time>2024-03-15T15:31:39Z</time>
   </trkpt>
   <trkpt lat="45.8706720" lon="15.1909260">
    <ele>577.0</ele>
    <time>2024-03-15T15:31:40Z</time>
   </trkpt>
   <trkpt lat="45.8706710" lon="15.1909710">
    <ele>577.0</ele>
    <time>2024-03-15T15:31:41Z</time>
   </trkpt>
   <trkpt lat="45.8706700" lon="15.1910170">
    <ele>577.0</ele>
    <time>2024-03-15T15:31:42Z</time>
   </trkpt>
   <trkpt lat="45.8706660" lon="15.1910610">
    <ele>576.0</ele>
    <time>2024-03-15T15:31:43Z</time>
   </trkpt>
   <trkpt lat="45.8706620" lon="15.1911060">
    <ele>576.0</ele>
    <time>2024-03-15T15:31:44Z</time>
   </trkpt>
   <trkpt lat="45.8706570" lon="15.1911500">
    <ele>576.0</ele>
    <time>2024-03-15T15:31:45Z</time>
   </trkpt>
   <trkpt lat="45.8706520" lon="15.1911940">
    <ele>576.0</ele>
    <time>2024-03-15T15:31:46Z</time>
   </trkpt>
   <trkpt lat="45.8706480" lon="15.1912350">
    <ele>576.0</ele>
    <time>2024-03-15T15:31:47Z</time>
   </trkpt>
   <trkpt lat="45.8706440" lon="15.1912770">
    <ele>575.0</ele>
    <time>2024-03-15T15:31:48Z</time>
   </trkpt>
   <trkpt lat="45.8706390" lon="15.1913190">
    <ele>575.0</ele>
    <time>2024-03-15T15:31:49Z</time>
   </trkpt>
   <trkpt lat="45.8706360" lon="15.1913590">
    <ele>575.0</ele>
    <time>2024-03-15T15:31:50Z</time>
   </trkpt>
   <trkpt lat="45.8706330" lon="15.1913990">
    <ele>575.0</ele>
    <time>2024-03-15T15:31:51Z</time>
   </trkpt>
   <trkpt lat="45.8706310" lon="15.1914380">
    <ele>575.0</ele>
    <time>2024-03-15T15:31:52Z</time>
   </trkpt>
   <trkpt lat="45.8706290" lon="15.1914780">
    <ele>574.0</ele>
    <time>2024-03-15T15:31:53Z</time>
   </trkpt>
   <trkpt lat="45.8706290" lon="15.1915160">
    <ele>574.0</ele>
    <time>2024-03-15T15:31:54Z</time>
   </trkpt>
   <trkpt lat="45.8706300" lon="15.1915550">
    <ele>574.0</ele>
    <time>2024-03-15T15:31:55Z</time>
   </trkpt>
   <trkpt lat="45.8706310" lon="15.1915920">
    <ele>574.0</ele>
    <time>2024-03-15T15:31:56Z</time>
   </trkpt>
   <trkpt lat="45.8706330" lon="15.1916290">
    <ele>574.0</ele>
    <time>2024-03-15T15:31:57Z</time>
   </trkpt>
   <trkpt lat="45.8706350" lon="15.1916640">
    <ele>573.0</ele>
    <time>2024-03-15T15:31:58Z</time>
   </trkpt>
   <trkpt lat="45.8706380" lon="15.1916980">
    <ele>573.0</ele>
    <time>2024-03-15T15:31:59Z</time>
   </trkpt>
   <trkpt lat="45.8706390" lon="15.1917290">
    <ele>572.0</ele>
    <time>2024-03-15T15:32:00Z</time>
   </trkpt>
   <trkpt lat="45.8706410" lon="15.1917600">
    <ele>572.0</ele>
    <time>2024-03-15T15:32:01Z</time>
   </trkpt>
   <trkpt lat="45.8706420" lon="15.1917850">
    <ele>572.0</ele>
    <time>2024-03-15T15:32:02Z</time>
   </trkpt>
   <trkpt lat="45.8706440" lon="15.1918090">
    <ele>571.0</ele>
    <time>2024-03-15T15:32:03Z</time>
   </trkpt>
   <trkpt lat="45.8706440" lon="15.1918090">
    <ele>571.0</ele>
    <time>2024-03-15T15:32:04Z</time>
   </trkpt>
   <trkpt lat="45.8706440" lon="15.1918090">
    <ele>570.0</ele>
    <time>2024-03-15T15:32:05Z</time>
   </trkpt>
   <trkpt lat="45.8706440" lon="15.1918090">
    <ele>570.0</ele>
    <time>2024-03-15T15:32:06Z</time>
   </trkpt>
   <trkpt lat="45.8706440" lon="15.1918090">
    <ele>570.0</ele>
    <time>2024-03-15T15:32:07Z</time>
   </trkpt>
   <trkpt lat="45.8706440" lon="15.1918090">
    <ele>569.0</ele>
    <time>2024-03-15T15:32:08Z</time>
   </trkpt>
   <trkpt lat="45.8706440" lon="15.1918090">
    <ele>569.0</ele>
    <time>2024-03-15T15:32:09Z</time>
   </trkpt>
   <trkpt lat="45.8706440" lon="15.1918090">
    <ele>568.0</ele>
    <time>2024-03-15T15:32:10Z</time>
   </trkpt>
   <trkpt lat="45.8706440" lon="15.1918090">
    <ele>568.0</ele>
    <time>2024-03-15T15:32:11Z</time>
   </trkpt>
   <trkpt lat="45.8706440" lon="15.1918090">
    <ele>568.0</ele>
    <time>2024-03-15T15:32:12Z</time>
   </trkpt>
   <trkpt lat="45.8706440" lon="15.1918090">
    <ele>567.0</ele>
    <time>2024-03-15T15:32:13Z</time>
   </trkpt>
   <trkpt lat="45.8706440" lon="15.1918090">
    <ele>567.0</ele>
    <time>2024-03-15T15:32:14Z</time>
   </trkpt>
   <trkpt lat="45.8706440" lon="15.1918090">
    <ele>567.0</ele>
    <time>2024-03-15T15:32:15Z</time>
   </trkpt>
   <trkpt lat="45.8706440" lon="15.1918090">
    <ele>567.0</ele>
    <time>2024-03-15T15:32:16Z</time>
   </trkpt>
   <trkpt lat="45.8706440" lon="15.1918090">
    <ele>567.0</ele>
    <time>2024-03-15T15:32:17Z</time>
   </trkpt>
   <trkpt lat="45.8706440" lon="15.1918090">
    <ele>566.0</ele>
    <time>2024-03-15T15:32:18Z</time>
   </trkpt>
   <trkpt lat="45.8706440" lon="15.1918090">
    <ele>566.0</ele>
    <time>2024-03-15T15:32:19Z</time>
   </trkpt>
   <trkpt lat="45.8706440" lon="15.1918090">
    <ele>566.0</ele>
    <time>2024-03-15T15:32:20Z</time>
   </trkpt>
   <trkpt lat="45.8706440" lon="15.1918090">
    <ele>566.0</ele>
    <time>2024-03-15T15:32:21Z</time>
   </trkpt>
   <trkpt lat="45.8706440" lon="15.1918090">
    <ele>566.0</ele>
    <time>2024-03-15T15:32:22Z</time>
   </trkpt>
   <trkpt lat="45.8706440" lon="15.1918090">
    <ele>565.0</ele>
    <time>2024-03-15T15:32:23Z</time>
   </trkpt>
   <trkpt lat="45.8706440" lon="15.1918090">
    <ele>565.0</ele>
    <time>2024-03-15T15:32:24Z</time>
   </trkpt>
   <trkpt lat="45.8706440" lon="15.1918090">
    <ele>565.0</ele>
    <time>2024-03-15T15:32:25Z</time>
   </trkpt>
   <trkpt lat="45.8706440" lon="15.1918090">
    <ele>565.0</ele>
    <time>2024-03-15T15:32:26Z</time>
   </trkpt>
   <trkpt lat="45.8706440" lon="15.1918090">
    <ele>565.0</ele>
    <time>2024-03-15T15:32:27Z</time>
   </trkpt>
   <trkpt lat="45.8706440" lon="15.1918090">
    <ele>565.0</ele>
    <time>2024-03-15T15:32:28Z</time>
   </trkpt>
   <trkpt lat="45.8706440" lon="15.1918090">
    <ele>565.0</ele>
    <time>2024-03-15T15:32:29Z</time>
   </trkpt>
   <trkpt lat="45.8706440" lon="15.1918090">
    <ele>565.0</ele>
    <time>2024-03-15T15:32:30Z</time>
   </trkpt>
   <trkpt lat="45.8706440" lon="15.1918090">
    <ele>565.0</ele>
    <time>2024-03-15T15:32:31Z</time>
   </trkpt>
   <trkpt lat="45.8706460" lon="15.1918370">
    <ele>565.0</ele>
    <time>2024-03-15T15:32:32Z</time>
   </trkpt>
   <trkpt lat="45.8706470" lon="15.1918440">
    <ele>565.0</ele>
    <time>2024-03-15T15:32:33Z</time>
   </trkpt>
   <trkpt lat="45.8706490" lon="15.1918520">
    <ele>565.0</ele>
    <time>2024-03-15T15:32:34Z</time>
   </trkpt>
   <trkpt lat="45.8706490" lon="15.1918520">
    <ele>565.0</ele>
    <time>2024-03-15T15:32:35Z</time>
   </trkpt>
   <trkpt lat="45.8706490" lon="15.1918520">
    <ele>565.0</ele>
    <time>2024-03-15T15:32:36Z</time>
   </trkpt>
   <trkpt lat="45.8706490" lon="15.1918520">
    <ele>565.0</ele>
    <time>2024-03-15T15:32:37Z</time>
   </trkpt>
   <trkpt lat="45.8706490" lon="15.1918520">
    <ele>564.0</ele>
    <time>2024-03-15T15:32:38Z</time>
   </trkpt>
   <trkpt lat="45.8706490" lon="15.1918520">
    <ele>564.0</ele>
    <time>2024-03-15T15:32:39Z</time>
   </trkpt>
   <trkpt lat="45.8706490" lon="15.1918520">
    <ele>564.0</ele>
    <time>2024-03-15T15:32:40Z</time>
   </trkpt>
   <trkpt lat="45.8706490" lon="15.1918520">
    <ele>564.0</ele>
    <time>2024-03-15T15:32:41Z</time>
   </trkpt>
   <trkpt lat="45.8706490" lon="15.1918520">
    <ele>564.0</ele>
    <time>2024-03-15T15:32:42Z</time>
   </trkpt>
   <trkpt lat="45.8706490" lon="15.1918520">
    <ele>564.0</ele>
    <time>2024-03-15T15:32:43Z</time>
   </trkpt>
   <trkpt lat="45.8706490" lon="15.1918520">
    <ele>564.0</ele>
    <time>2024-03-15T15:32:44Z</time>
   </trkpt>
   <trkpt lat="45.8706490" lon="15.1918520">
    <ele>564.0</ele>
    <time>2024-03-15T15:32:45Z</time>
   </trkpt>
   <trkpt lat="45.8706490" lon="15.1918520">
    <ele>564.0</ele>
    <time>2024-03-15T15:32:46Z</time>
   </trkpt>
   <trkpt lat="45.8706490" lon="15.1918520">
    <ele>564.0</ele>
    <time>2024-03-15T15:32:47Z</time>
   </trkpt>
   <trkpt lat="45.8706490" lon="15.1918520">
    <ele>564.0</ele>
    <time>2024-03-15T15:32:48Z</time>
   </trkpt>
   <trkpt lat="45.8706490" lon="15.1918520">
    <ele>564.0</ele>
    <time>2024-03-15T15:32:49Z</time>
   </trkpt>
   <trkpt lat="45.8706490" lon="15.1918520">
    <ele>564.0</ele>
    <time>2024-03-15T15:32:50Z</time>
   </trkpt>
   <trkpt lat="45.8706490" lon="15.1918520">
    <ele>564.0</ele>
    <time>2024-03-15T15:32:51Z</time>
   </trkpt>
   <trkpt lat="45.8706530" lon="15.1918680">
    <ele>564.0</ele>
    <time>2024-03-15T15:32:52Z</time>
   </trkpt>
   <trkpt lat="45.8706550" lon="15.1918770">
    <ele>564.0</ele>
    <time>2024-03-15T15:32:53Z</time>
   </trkpt>
   <trkpt lat="45.8706560" lon="15.1918850">
    <ele>564.0</ele>
    <time>2024-03-15T15:32:54Z</time>
   </trkpt>
   <trkpt lat="45.8706590" lon="15.1918970">
    <ele>564.0</ele>
    <time>2024-03-15T15:32:55Z</time>
   </trkpt>
   <trkpt lat="45.8706620" lon="15.1919090">
    <ele>564.0</ele>
    <time>2024-03-15T15:32:56Z</time>
   </trkpt>
   <trkpt lat="45.8706740" lon="15.1919210">
    <ele>564.0</ele>
    <time>2024-03-15T15:32:57Z</time>
   </trkpt>
   <trkpt lat="45.8706850" lon="15.1919340">
    <ele>564.0</ele>
    <time>2024-03-15T15:32:58Z</time>
   </trkpt>
   <trkpt lat="45.8707050" lon="15.1919390">
    <ele>564.0</ele>
    <time>2024-03-15T15:32:59Z</time>
   </trkpt>
   <trkpt lat="45.8707260" lon="15.1919440">
    <ele>564.0</ele>
    <time>2024-03-15T15:33:00Z</time>
   </trkpt>
   <trkpt lat="45.8707530" lon="15.1919370">
    <ele>564.0</ele>
    <time>2024-03-15T15:33:01Z</time>
   </trkpt>
   <trkpt lat="45.8707790" lon="15.1919290">
    <ele>564.0</ele>
    <time>2024-03-15T15:33:02Z</time>
   </trkpt>
   <trkpt lat="45.8708070" lon="15.1919110">
    <ele>564.0</ele>
    <time>2024-03-15T15:33:03Z</time>
   </trkpt>
   <trkpt lat="45.8708350" lon="15.1918930">
    <ele>564.0</ele>
    <time>2024-03-15T15:33:04Z</time>
   </trkpt>
   <trkpt lat="45.8708610" lon="15.1918720">
    <ele>564.0</ele>
    <time>2024-03-15T15:33:05Z</time>
   </trkpt>
   <trkpt lat="45.8708880" lon="15.1918510">
    <ele>564.0</ele>
    <time>2024-03-15T15:33:06Z</time>
   </trkpt>
   <trkpt lat="45.8709150" lon="15.1918330">
    <ele>564.0</ele>
    <time>2024-03-15T15:33:07Z</time>
   </trkpt>
   <trkpt lat="45.8709410" lon="15.1918160">
    <ele>564.0</ele>
    <time>2024-03-15T15:33:08Z</time>
   </trkpt>
   <trkpt lat="45.8709670" lon="15.1918110">
    <ele>564.0</ele>
    <time>2024-03-15T15:33:09Z</time>
   </trkpt>
   <trkpt lat="45.8709930" lon="15.1918060">
    <ele>564.0</ele>
    <time>2024-03-15T15:33:10Z</time>
   </trkpt>
   <trkpt lat="45.8710180" lon="15.1918180">
    <ele>564.0</ele>
    <time>2024-03-15T15:33:11Z</time>
   </trkpt>
   <trkpt lat="45.8710420" lon="15.1918310">
    <ele>564.0</ele>
    <time>2024-03-15T15:33:12Z</time>
   </trkpt>
   <trkpt lat="45.8710630" lon="15.1918550">
    <ele>564.0</ele>
    <time>2024-03-15T15:33:13Z</time>
   </trkpt>
   <trkpt lat="45.8710840" lon="15.1918800">
    <ele>564.0</ele>
    <time>2024-03-15T15:33:14Z</time>
   </trkpt>
   <trkpt lat="45.8711010" lon="15.1919100">
    <ele>564.0</ele>
    <time>2024-03-15T15:33:15Z</time>
   </trkpt>
   <trkpt lat="45.8711170" lon="15.1919390">
    <ele>564.0</ele>
    <time>2024-03-15T15:33:16Z</time>
   </trkpt>
   <trkpt lat="45.8711290" lon="15.1919690">
    <ele>564.0</ele>
    <time>2024-03-15T15:33:17Z</time>
   </trkpt>
   <trkpt lat="45.8711420" lon="15.1919990">
    <ele>563.0</ele>
    <time>2024-03-15T15:33:18Z</time>
   </trkpt>
   <trkpt lat="45.8711540" lon="15.1920260">
    <ele>563.0</ele>
    <time>2024-03-15T15:33:19Z</time>
   </trkpt>
   <trkpt lat="45.8711670" lon="15.1920520">
    <ele>563.0</ele>
    <time>2024-03-15T15:33:20Z</time>
   </trkpt>
   <trkpt lat="45.8711790" lon="15.1920780">
    <ele>563.0</ele>
    <time>2024-03-15T15:33:21Z</time>
   </trkpt>
   <trkpt lat="45.8711920" lon="15.1921040">
    <ele>563.0</ele>
    <time>2024-03-15T15:33:22Z</time>
   </trkpt>
   <trkpt lat="45.8712060" lon="15.1921300">
    <ele>563.0</ele>
    <time>2024-03-15T15:33:23Z</time>
   </trkpt>
   <trkpt lat="45.8712190" lon="15.1921550">
    <ele>563.0</ele>
    <time>2024-03-15T15:33:24Z</time>
   </trkpt>
   <trkpt lat="45.8712330" lon="15.1921820">
    <ele>563.0</ele>
    <time>2024-03-15T15:33:25Z</time>
   </trkpt>
   <trkpt lat="45.8712470" lon="15.1922090">
    <ele>563.0</ele>
    <time>2024-03-15T15:33:26Z</time>
   </trkpt>
   <trkpt lat="45.8712640" lon="15.1922350">
    <ele>564.0</ele>
    <time>2024-03-15T15:33:27Z</time>
   </trkpt>
   <trkpt lat="45.8712800" lon="15.1922610">
    <ele>564.0</ele>
    <time>2024-03-15T15:33:28Z</time>
   </trkpt>
   <trkpt lat="45.8712950" lon="15.1922840">
    <ele>564.0</ele>
    <time>2024-03-15T15:33:29Z</time>
   </trkpt>
   <trkpt lat="45.8713110" lon="15.1923060">
    <ele>564.0</ele>
    <time>2024-03-15T15:33:30Z</time>
   </trkpt>
   <trkpt lat="45.8713260" lon="15.1923240">
    <ele>564.0</ele>
    <time>2024-03-15T15:33:31Z</time>
   </trkpt>
   <trkpt lat="45.8713410" lon="15.1923420">
    <ele>565.0</ele>
    <time>2024-03-15T15:33:32Z</time>
   </trkpt>
   <trkpt lat="45.8713590" lon="15.1923560">
    <ele>565.0</ele>
    <time>2024-03-15T15:33:33Z</time>
   </trkpt>
   <trkpt lat="45.8713760" lon="15.1923710">
    <ele>565.0</ele>
    <time>2024-03-15T15:33:34Z</time>
   </trkpt>
   <trkpt lat="45.8713960" lon="15.1923820">
    <ele>565.0</ele>
    <time>2024-03-15T15:33:35Z</time>
   </trkpt>
   <trkpt lat="45.8714150" lon="15.1923920">
    <ele>565.0</ele>
    <time>2024-03-15T15:33:36Z</time>
   </trkpt>
   <trkpt lat="45.8714370" lon="15.1923980">
    <ele>566.0</ele>
    <time>2024-03-15T15:33:37Z</time>
   </trkpt>
   <trkpt lat="45.8714590" lon="15.1924040">
    <ele>566.0</ele>
    <time>2024-03-15T15:33:38Z</time>
   </trkpt>
   <trkpt lat="45.8714830" lon="15.1924030">
    <ele>566.0</ele>
    <time>2024-03-15T15:33:39Z</time>
   </trkpt>
   <trkpt lat="45.8715060" lon="15.1924030">
    <ele>566.0</ele>
    <time>2024-03-15T15:33:40Z</time>
   </trkpt>
   <trkpt lat="45.8715290" lon="15.1923970">
    <ele>566.0</ele>
    <time>2024-03-15T15:33:41Z</time>
   </trkpt>
   <trkpt lat="45.8715530" lon="15.1923900">
    <ele>567.0</ele>
    <time>2024-03-15T15:33:42Z</time>
   </trkpt>
   <trkpt lat="45.8715750" lon="15.1923760">
    <ele>567.0</ele>
    <time>2024-03-15T15:33:43Z</time>
   </trkpt>
   <trkpt lat="45.8715980" lon="15.1923620">
    <ele>567.0</ele>
    <time>2024-03-15T15:33:44Z</time>
   </trkpt>
   <trkpt lat="45.8716180" lon="15.1923410">
    <ele>567.0</ele>
    <time>2024-03-15T15:33:45Z</time>
   </trkpt>
   <trkpt lat="45.8716380" lon="15.1923210">
    <ele>567.0</ele>
    <time>2024-03-15T15:33:46Z</time>
   </trkpt>
   <trkpt lat="45.8716530" lon="15.1922990">
    <ele>567.0</ele>
    <time>2024-03-15T15:33:47Z</time>
   </trkpt>
   <trkpt lat="45.8716680" lon="15.1922770">
    <ele>567.0</ele>
    <time>2024-03-15T15:33:48Z</time>
   </trkpt>
   <trkpt lat="45.8716790" lon="15.1922580">
    <ele>567.0</ele>
    <time>2024-03-15T15:33:49Z</time>
   </trkpt>
   <trkpt lat="45.8716890" lon="15.1922390">
    <ele>567.0</ele>
    <time>2024-03-15T15:33:50Z</time>
   </trkpt>
   <trkpt lat="45.8716980" lon="15.1922220">
    <ele>567.0</ele>
    <time>2024-03-15T15:33:51Z</time>
   </trkpt>
   <trkpt lat="45.8717080" lon="15.1922060">
    <ele>567.0</ele>
    <time>2024-03-15T15:33:52Z</time>
   </trkpt>
   <trkpt lat="45.8717150" lon="15.1921880">
    <ele>567.0</ele>
    <time>2024-03-15T15:33:53Z</time>
   </trkpt>
   <trkpt lat="45.8717230" lon="15.1921700">
    <ele>567.0</ele>
    <time>2024-03-15T15:33:54Z</time>
   </trkpt>
   <trkpt lat="45.8717290" lon="15.1921550">
    <ele>567.0</ele>
    <time>2024-03-15T15:33:55Z</time>
   </trkpt>
   <trkpt lat="45.8717360" lon="15.1921400">
    <ele>567.0</ele>
    <time>2024-03-15T15:33:56Z</time>
   </trkpt>
   <trkpt lat="45.8717360" lon="15.1921400">
    <ele>567.0</ele>
    <time>2024-03-15T15:33:57Z</time>
   </trkpt>
   <trkpt lat="45.8717360" lon="15.1921400">
    <ele>567.0</ele>
    <time>2024-03-15T15:33:58Z</time>
   </trkpt>
   <trkpt lat="45.8717360" lon="15.1921400">
    <ele>567.0</ele>
    <time>2024-03-15T15:33:59Z</time>
   </trkpt>
   <trkpt lat="45.8717360" lon="15.1921400">
    <ele>567.0</ele>
    <time>2024-03-15T15:34:00Z</time>
   </trkpt>
   <trkpt lat="45.8717360" lon="15.1921400">
    <ele>567.0</ele>
    <time>2024-03-15T15:34:01Z</time>
   </trkpt>
   <trkpt lat="45.8717360" lon="15.1921400">
    <ele>567.0</ele>
    <time>2024-03-15T15:34:02Z</time>
   </trkpt>
   <trkpt lat="45.8717400" lon="15.1921320">
    <ele>567.0</ele>
    <time>2024-03-15T15:34:03Z</time>
   </trkpt>
   <trkpt lat="45.8717410" lon="15.1921310">
    <ele>567.0</ele>
    <time>2024-03-15T15:34:04Z</time>
   </trkpt>
   <trkpt lat="45.8717430" lon="15.1921310">
    <ele>567.0</ele>
    <time>2024-03-15T15:34:05Z</time>
   </trkpt>
   <trkpt lat="45.8717410" lon="15.1921370">
    <ele>567.0</ele>
    <time>2024-03-15T15:34:06Z</time>
   </trkpt>
   <trkpt lat="45.8717390" lon="15.1921440">
    <ele>567.0</ele>
    <time>2024-03-15T15:34:07Z</time>
   </trkpt>
   <trkpt lat="45.8717340" lon="15.1921500">
    <ele>567.0</ele>
    <time>2024-03-15T15:34:08Z</time>
   </trkpt>
   <trkpt lat="45.8717290" lon="15.1921570">
    <ele>567.0</ele>
    <time>2024-03-15T15:34:09Z</time>
   </trkpt>
   <trkpt lat="45.8717250" lon="15.1921580">
    <ele>567.0</ele>
    <time>2024-03-15T15:34:10Z</time>
   </trkpt>
   <trkpt lat="45.8717220" lon="15.1921590">
    <ele>567.0</ele>
    <time>2024-03-15T15:34:11Z</time>
   </trkpt>
   <trkpt lat="45.8717190" lon="15.1921550">
    <ele>567.0</ele>
    <time>2024-03-15T15:34:12Z</time>
   </trkpt>
   <trkpt lat="45.8717160" lon="15.1921510">
    <ele>567.0</ele>
    <time>2024-03-15T15:34:13Z</time>
   </trkpt>
   <trkpt lat="45.8717170" lon="15.1921410">
    <ele>567.0</ele>
    <time>2024-03-15T15:34:14Z</time>
   </trkpt>
   <trkpt lat="45.8717170" lon="15.1921300">
    <ele>567.0</ele>
    <time>2024-03-15T15:34:15Z</time>
   </trkpt>
   <trkpt lat="45.8717180" lon="15.1921150">
    <ele>567.0</ele>
    <time>2024-03-15T15:34:16Z</time>
   </trkpt>
   <trkpt lat="45.8717200" lon="15.1921000">
    <ele>567.0</ele>
    <time>2024-03-15T15:34:17Z</time>
   </trkpt>
   <trkpt lat="45.8717200" lon="15.1920790">
    <ele>567.0</ele>
    <time>2024-03-15T15:34:18Z</time>
   </trkpt>
   <trkpt lat="45.8717200" lon="15.1920570">
    <ele>567.0</ele>
    <time>2024-03-15T15:34:19Z</time>
   </trkpt>
   <trkpt lat="45.8717200" lon="15.1920270">
    <ele>567.0</ele>
    <time>2024-03-15T15:34:20Z</time>
   </trkpt>
   <trkpt lat="45.8717200" lon="15.1919970">
    <ele>567.0</ele>
    <time>2024-03-15T15:34:21Z</time>
   </trkpt>
   <trkpt lat="45.8717210" lon="15.1919580">
    <ele>567.0</ele>
    <time>2024-03-15T15:34:22Z</time>
   </trkpt>
   <trkpt lat="45.8717220" lon="15.1919200">
    <ele>567.0</ele>
    <time>2024-03-15T15:34:23Z</time>
   </trkpt>
   <trkpt lat="45.8717240" lon="15.1918760">
    <ele>567.0</ele>
    <time>2024-03-15T15:34:24Z</time>
   </trkpt>
   <trkpt lat="45.8717250" lon="15.1918320">
    <ele>567.0</ele>
    <time>2024-03-15T15:34:25Z</time>
   </trkpt>
   <trkpt lat="45.8717290" lon="15.1917850">
    <ele>567.0</ele>
    <time>2024-03-15T15:34:26Z</time>
   </trkpt>
   <trkpt lat="45.8717320" lon="15.1917380">
    <ele>567.0</ele>
    <time>2024-03-15T15:34:27Z</time>
   </trkpt>
   <trkpt lat="45.8717380" lon="15.1916890">
    <ele>567.0</ele>
    <time>2024-03-15T15:34:28Z</time>
   </trkpt>
   <trkpt lat="45.8717450" lon="15.1916400">
    <ele>567.0</ele>
    <time>2024-03-15T15:34:29Z</time>
   </trkpt>
   <trkpt lat="45.8717550" lon="15.1915900">
    <ele>567.0</ele>
    <time>2024-03-15T15:34:30Z</time>
   </trkpt>
   <trkpt lat="45.8717650" lon="15.1915410">
    <ele>567.0</ele>
    <time>2024-03-15T15:34:31Z</time>
   </trkpt>
   <trkpt lat="45.8717790" lon="15.1914990">
    <ele>568.0</ele>
    <time>2024-03-15T15:34:32Z</time>
   </trkpt>
   <trkpt lat="45.8717920" lon="15.1914580">
    <ele>568.0</ele>
    <time>2024-03-15T15:34:33Z</time>
   </trkpt>
   <trkpt lat="45.8718090" lon="15.1914260">
    <ele>568.0</ele>
    <time>2024-03-15T15:34:34Z</time>
   </trkpt>
   <trkpt lat="45.8718260" lon="15.1913930">
    <ele>568.0</ele>
    <time>2024-03-15T15:34:35Z</time>
   </trkpt>
   <trkpt lat="45.8718450" lon="15.1913620">
    <ele>568.0</ele>
    <time>2024-03-15T15:34:36Z</time>
   </trkpt>
   <trkpt lat="45.8718640" lon="15.1913310">
    <ele>568.0</ele>
    <time>2024-03-15T15:34:37Z</time>
   </trkpt>
   <trkpt lat="45.8718820" lon="15.1912980">
    <ele>568.0</ele>
    <time>2024-03-15T15:34:38Z</time>
   </trkpt>
   <trkpt lat="45.8719000" lon="15.1912660">
    <ele>568.0</ele>
    <time>2024-03-15T15:34:39Z</time>
   </trkpt>
   <trkpt lat="45.8719170" lon="15.1912330">
    <ele>568.0</ele>
    <time>2024-03-15T15:34:40Z</time>
   </trkpt>
   <trkpt lat="45.8719340" lon="15.1912010">
    <ele>568.0</ele>
    <time>2024-03-15T15:34:41Z</time>
   </trkpt>
   <trkpt lat="45.8719520" lon="15.1911700">
    <ele>568.0</ele>
    <time>2024-03-15T15:34:42Z</time>
   </trkpt>
   <trkpt lat="45.8719700" lon="15.1911400">
    <ele>568.0</ele>
    <time>2024-03-15T15:34:43Z</time>
   </trkpt>
   <trkpt lat="45.8719880" lon="15.1911080">
    <ele>568.0</ele>
    <time>2024-03-15T15:34:44Z</time>
   </trkpt>
   <trkpt lat="45.8720060" lon="15.1910770">
    <ele>568.0</ele>
    <time>2024-03-15T15:34:45Z</time>
   </trkpt>
   <trkpt lat="45.8720170" lon="15.1910500">
    <ele>568.0</ele>
    <time>2024-03-15T15:34:46Z</time>
   </trkpt>
   <trkpt lat="45.8720280" lon="15.1910230">
    <ele>568.0</ele>
    <time>2024-03-15T15:34:47Z</time>
   </trkpt>
   <trkpt lat="45.8720280" lon="15.1910050">
    <ele>568.0</ele>
    <time>2024-03-15T15:34:48Z</time>
   </trkpt>
   <trkpt lat="45.8720290" lon="15.1909880">
    <ele>568.0</ele>
    <time>2024-03-15T15:34:49Z</time>
   </trkpt>
   <trkpt lat="45.8720190" lon="15.1909740">
    <ele>568.0</ele>
    <time>2024-03-15T15:34:50Z</time>
   </trkpt>
   <trkpt lat="45.8720090" lon="15.1909600">
    <ele>568.0</ele>
    <time>2024-03-15T15:34:51Z</time>
   </trkpt>
   <trkpt lat="45.8719930" lon="15.1909460">
    <ele>568.0</ele>
    <time>2024-03-15T15:34:52Z</time>
   </trkpt>
   <trkpt lat="45.8719770" lon="15.1909320">
    <ele>568.0</ele>
    <time>2024-03-15T15:34:53Z</time>
   </trkpt>
   <trkpt lat="45.8719580" lon="15.1909180">
    <ele>568.0</ele>
    <time>2024-03-15T15:34:54Z</time>
   </trkpt>
   <trkpt lat="45.8719380" lon="15.1909030">
    <ele>568.0</ele>
    <time>2024-03-15T15:34:55Z</time>
   </trkpt>
   <trkpt lat="45.8719150" lon="15.1908910">
    <ele>568.0</ele>
    <time>2024-03-15T15:34:56Z</time>
   </trkpt>
   <trkpt lat="45.8718910" lon="15.1908790">
    <ele>568.0</ele>
    <time>2024-03-15T15:34:57Z</time>
   </trkpt>
   <trkpt lat="45.8718680" lon="15.1908670">
    <ele>568.0</ele>
    <time>2024-03-15T15:34:58Z</time>
   </trkpt>
   <trkpt lat="45.8718450" lon="15.1908560">
    <ele>568.0</ele>
    <time>2024-03-15T15:34:59Z</time>
   </trkpt>
   <trkpt lat="45.8718250" lon="15.1908400">
    <ele>568.0</ele>
    <time>2024-03-15T15:35:00Z</time>
   </trkpt>
   <trkpt lat="45.8718050" lon="15.1908250">
    <ele>568.0</ele>
    <time>2024-03-15T15:35:01Z</time>
   </trkpt>
   <trkpt lat="45.8717890" lon="15.1908040">
    <ele>569.0</ele>
    <time>2024-03-15T15:35:02Z</time>
   </trkpt>
   <trkpt lat="45.8717730" lon="15.1907840">
    <ele>569.0</ele>
    <time>2024-03-15T15:35:03Z</time>
   </trkpt>
   <trkpt lat="45.8717640" lon="15.1907560">
    <ele>569.0</ele>
    <time>2024-03-15T15:35:04Z</time>
   </trkpt>
   <trkpt lat="45.8717550" lon="15.1907290">
    <ele>569.0</ele>
    <time>2024-03-15T15:35:05Z</time>
   </trkpt>
   <trkpt lat="45.8717570" lon="15.1906980">
    <ele>569.0</ele>
    <time>2024-03-15T15:35:06Z</time>
   </trkpt>
   <trkpt lat="45.8717590" lon="15.1906680">
    <ele>570.0</ele>
    <time>2024-03-15T15:35:07Z</time>
   </trkpt>
   <trkpt lat="45.8717700" lon="15.1906400">
    <ele>570.0</ele>
    <time>2024-03-15T15:35:08Z</time>
   </trkpt>
   <trkpt lat="45.8717810" lon="15.1906120">
    <ele>570.0</ele>
    <time>2024-03-15T15:35:09Z</time>
   </trkpt>
   <trkpt lat="45.8718000" lon="15.1905900">
    <ele>570.0</ele>
    <time>2024-03-15T15:35:10Z</time>
   </trkpt>
   <trkpt lat="45.8718190" lon="15.1905690">
    <ele>570.0</ele>
    <time>2024-03-15T15:35:11Z</time>
   </trkpt>
   <trkpt lat="45.8718450" lon="15.1905550">
    <ele>571.0</ele>
    <time>2024-03-15T15:35:12Z</time>
   </trkpt>
   <trkpt lat="45.8718710" lon="15.1905410">
    <ele>571.0</ele>
    <time>2024-03-15T15:35:13Z</time>
   </trkpt>
   <trkpt lat="45.8719000" lon="15.1905320">
    <ele>571.0</ele>
    <time>2024-03-15T15:35:14Z</time>
   </trkpt>
   <trkpt lat="45.8719290" lon="15.1905240">
    <ele>571.0</ele>
    <time>2024-03-15T15:35:15Z</time>
   </trkpt>
   <trkpt lat="45.8719600" lon="15.1905170">
    <ele>571.0</ele>
    <time>2024-03-15T15:35:16Z</time>
   </trkpt>
   <trkpt lat="45.8719910" lon="15.1905110">
    <ele>572.0</ele>
    <time>2024-03-15T15:35:17Z</time>
   </trkpt>
   <trkpt lat="45.8720220" lon="15.1905060">
    <ele>572.0</ele>
    <time>2024-03-15T15:35:18Z</time>
   </trkpt>
   <trkpt lat="45.8720540" lon="15.1905000">
    <ele>572.0</ele>
    <time>2024-03-15T15:35:19Z</time>
   </trkpt>
   <trkpt lat="45.8720850" lon="15.1904960">
    <ele>572.0</ele>
    <time>2024-03-15T15:35:20Z</time>
   </trkpt>
   <trkpt lat="45.8721150" lon="15.1904920">
    <ele>572.0</ele>
    <time>2024-03-15T15:35:21Z</time>
   </trkpt>
   <trkpt lat="45.8721440" lon="15.1904900">
    <ele>573.0</ele>
    <time>2024-03-15T15:35:22Z</time>
   </trkpt>
   <trkpt lat="45.8721730" lon="15.1904890">
    <ele>573.0</ele>
    <time>2024-03-15T15:35:23Z</time>
   </trkpt>
   <trkpt lat="45.8722010" lon="15.1904900">
    <ele>573.0</ele>
    <time>2024-03-15T15:35:24Z</time>
   </trkpt>
   <trkpt lat="45.8722290" lon="15.1904920">
    <ele>573.0</ele>
    <time>2024-03-15T15:35:25Z</time>
   </trkpt>
   <trkpt lat="45.8722560" lon="15.1904950">
    <ele>573.0</ele>
    <time>2024-03-15T15:35:26Z</time>
   </trkpt>
   <trkpt lat="45.8722830" lon="15.1904980">
    <ele>573.0</ele>
    <time>2024-03-15T15:35:27Z</time>
   </trkpt>
   <trkpt lat="45.8723100" lon="15.1905030">
    <ele>573.0</ele>
    <time>2024-03-15T15:35:28Z</time>
   </trkpt>
   <trkpt lat="45.8723380" lon="15.1905080">
    <ele>573.0</ele>
    <time>2024-03-15T15:35:29Z</time>
   </trkpt>
   <trkpt lat="45.8723650" lon="15.1905130">
    <ele>573.0</ele>
    <time>2024-03-15T15:35:30Z</time>
   </trkpt>
   <trkpt lat="45.8723930" lon="15.1905180">
    <ele>573.0</ele>
    <time>2024-03-15T15:35:31Z</time>
   </trkpt>
   <trkpt lat="45.8724200" lon="15.1905240">
    <ele>574.0</ele>
    <time>2024-03-15T15:35:32Z</time>
   </trkpt>
   <trkpt lat="45.8724470" lon="15.1905290">
    <ele>574.0</ele>
    <time>2024-03-15T15:35:33Z</time>
   </trkpt>
   <trkpt lat="45.8724740" lon="15.1905350">
    <ele>574.0</ele>
    <time>2024-03-15T15:35:34Z</time>
   </trkpt>
   <trkpt lat="45.8725020" lon="15.1905400">
    <ele>574.0</ele>
    <time>2024-03-15T15:35:35Z</time>
   </trkpt>
   <trkpt lat="45.8725290" lon="15.1905440">
    <ele>574.0</ele>
    <time>2024-03-15T15:35:36Z</time>
   </trkpt>
   <trkpt lat="45.8725560" lon="15.1905480">
    <ele>574.0</ele>
    <time>2024-03-15T15:35:37Z</time>
   </trkpt>
   <trkpt lat="45.8725840" lon="15.1905520">
    <ele>574.0</ele>
    <time>2024-03-15T15:35:38Z</time>
   </trkpt>
   <trkpt lat="45.8726110" lon="15.1905550">
    <ele>574.0</ele>
    <time>2024-03-15T15:35:39Z</time>
   </trkpt>
   <trkpt lat="45.8726380" lon="15.1905600">
    <ele>574.0</ele>
    <time>2024-03-15T15:35:40Z</time>
   </trkpt>
   <trkpt lat="45.8726650" lon="15.1905640">
    <ele>574.0</ele>
    <time>2024-03-15T15:35:41Z</time>
   </trkpt>
   <trkpt lat="45.8726910" lon="15.1905710">
    <ele>574.0</ele>
    <time>2024-03-15T15:35:42Z</time>
   </trkpt>
   <trkpt lat="45.8727180" lon="15.1905780">
    <ele>574.0</ele>
    <time>2024-03-15T15:35:43Z</time>
   </trkpt>
   <trkpt lat="45.8727430" lon="15.1905860">
    <ele>574.0</ele>
    <time>2024-03-15T15:35:44Z</time>
   </trkpt>
   <trkpt lat="45.8727680" lon="15.1905950">
    <ele>574.0</ele>
    <time>2024-03-15T15:35:45Z</time>
   </trkpt>
   <trkpt lat="45.8727910" lon="15.1906060">
    <ele>574.0</ele>
    <time>2024-03-15T15:35:46Z</time>
   </trkpt>
   <trkpt lat="45.8728150" lon="15.1906170">
    <ele>574.0</ele>
    <time>2024-03-15T15:35:47Z</time>
   </trkpt>
   <trkpt lat="45.8728390" lon="15.1906310">
    <ele>574.0</ele>
    <time>2024-03-15T15:35:48Z</time>
   </trkpt>
   <trkpt lat="45.8728640" lon="15.1906450">
    <ele>574.0</ele>
    <time>2024-03-15T15:35:49Z</time>
   </trkpt>
   <trkpt lat="45.8728870" lon="15.1906610">
    <ele>574.0</ele>
    <time>2024-03-15T15:35:50Z</time>
   </trkpt>
   <trkpt lat="45.8729110" lon="15.1906760">
    <ele>574.0</ele>
    <time>2024-03-15T15:35:51Z</time>
   </trkpt>
   <trkpt lat="45.8729320" lon="15.1906920">
    <ele>575.0</ele>
    <time>2024-03-15T15:35:52Z</time>
   </trkpt>
   <trkpt lat="45.8729540" lon="15.1907080">
    <ele>575.0</ele>
    <time>2024-03-15T15:35:53Z</time>
   </trkpt>
   <trkpt lat="45.8729750" lon="15.1907240">
    <ele>575.0</ele>
    <time>2024-03-15T15:35:54Z</time>
   </trkpt>
   <trkpt lat="45.8729960" lon="15.1907410">
    <ele>575.0</ele>
    <time>2024-03-15T15:35:55Z</time>
   </trkpt>
   <trkpt lat="45.8730170" lon="15.1907590">
    <ele>575.0</ele>
    <time>2024-03-15T15:35:56Z</time>
   </trkpt>
   <trkpt lat="45.8730380" lon="15.1907770">
    <ele>575.0</ele>
    <time>2024-03-15T15:35:57Z</time>
   </trkpt>
   <trkpt lat="45.8730580" lon="15.1907960">
    <ele>575.0</ele>
    <time>2024-03-15T15:35:58Z</time>
   </trkpt>
   <trkpt lat="45.8730780" lon="15.1908160">
    <ele>575.0</ele>
    <time>2024-03-15T15:35:59Z</time>
   </trkpt>
   <trkpt lat="45.8730980" lon="15.1908360">
    <ele>575.0</ele>
    <time>2024-03-15T15:36:00Z</time>
   </trkpt>
   <trkpt lat="45.8731170" lon="15.1908560">
    <ele>575.0</ele>
    <time>2024-03-15T15:36:01Z</time>
   </trkpt>
   <trkpt lat="45.8731350" lon="15.1908750">
    <ele>576.0</ele>
    <time>2024-03-15T15:36:02Z</time>
   </trkpt>
   <trkpt lat="45.8731530" lon="15.1908950">
    <ele>576.0</ele>
    <time>2024-03-15T15:36:03Z</time>
   </trkpt>
   <trkpt lat="45.8731700" lon="15.1909130">
    <ele>576.0</ele>
    <time>2024-03-15T15:36:04Z</time>
   </trkpt>
   <trkpt lat="45.8731860" lon="15.1909320">
    <ele>576.0</ele>
    <time>2024-03-15T15:36:05Z</time>
   </trkpt>
   <trkpt lat="45.8732020" lon="15.1909490">
    <ele>576.0</ele>
    <time>2024-03-15T15:36:06Z</time>
   </trkpt>
   <trkpt lat="45.8732170" lon="15.1909660">
    <ele>576.0</ele>
    <time>2024-03-15T15:36:07Z</time>
   </trkpt>
   <trkpt lat="45.8732300" lon="15.1909800">
    <ele>576.0</ele>
    <time>2024-03-15T15:36:08Z</time>
   </trkpt>
   <trkpt lat="45.8732440" lon="15.1909950">
    <ele>576.0</ele>
    <time>2024-03-15T15:36:09Z</time>
   </trkpt>
   <trkpt lat="45.8732550" lon="15.1910070">
    <ele>576.0</ele>
    <time>2024-03-15T15:36:10Z</time>
   </trkpt>
   <trkpt lat="45.8732660" lon="15.1910190">
    <ele>576.0</ele>
    <time>2024-03-15T15:36:11Z</time>
   </trkpt>
   <trkpt lat="45.8732770" lon="15.1910320">
    <ele>577.0</ele>
    <time>2024-03-15T15:36:12Z</time>
   </trkpt>
   <trkpt lat="45.8732880" lon="15.1910440">
    <ele>577.0</ele>
    <time>2024-03-15T15:36:13Z</time>
   </trkpt>
   <trkpt lat="45.8733000" lon="15.1910560">
    <ele>577.0</ele>
    <time>2024-03-15T15:36:14Z</time>
   </trkpt>
   <trkpt lat="45.8733120" lon="15.1910670">
    <ele>577.0</ele>
    <time>2024-03-15T15:36:15Z</time>
   </trkpt>
   <trkpt lat="45.8733240" lon="15.1910790">
    <ele>577.0</ele>
    <time>2024-03-15T15:36:16Z</time>
   </trkpt>
   <trkpt lat="45.8733370" lon="15.1910910">
    <ele>577.0</ele>
    <time>2024-03-15T15:36:17Z</time>
   </trkpt>
   <trkpt lat="45.8733480" lon="15.1911010">
    <ele>577.0</ele>
    <time>2024-03-15T15:36:18Z</time>
   </trkpt>
   <trkpt lat="45.8733600" lon="15.1911110">
    <ele>577.0</ele>
    <time>2024-03-15T15:36:19Z</time>
   </trkpt>
   <trkpt lat="45.8733710" lon="15.1911200">
    <ele>577.0</ele>
    <time>2024-03-15T15:36:20Z</time>
   </trkpt>
   <trkpt lat="45.8733810" lon="15.1911290">
    <ele>577.0</ele>
    <time>2024-03-15T15:36:21Z</time>
   </trkpt>
   <trkpt lat="45.8733920" lon="15.1911350">
    <ele>577.0</ele>
    <time>2024-03-15T15:36:22Z</time>
   </trkpt>
   <trkpt lat="45.8734030" lon="15.1911410">
    <ele>577.0</ele>
    <time>2024-03-15T15:36:23Z</time>
   </trkpt>
   <trkpt lat="45.8734150" lon="15.1911460">
    <ele>577.0</ele>
    <time>2024-03-15T15:36:24Z</time>
   </trkpt>
   <trkpt lat="45.8734270" lon="15.1911510">
    <ele>577.0</ele>
    <time>2024-03-15T15:36:25Z</time>
   </trkpt>
   <trkpt lat="45.8734380" lon="15.1911560">
    <ele>577.0</ele>
    <time>2024-03-15T15:36:26Z</time>
   </trkpt>
   <trkpt lat="45.8734500" lon="15.1911620">
    <ele>578.0</ele>
    <time>2024-03-15T15:36:27Z</time>
   </trkpt>
   <trkpt lat="45.8734590" lon="15.1911690">
    <ele>578.0</ele>
    <time>2024-03-15T15:36:28Z</time>
   </trkpt>
   <trkpt lat="45.8734690" lon="15.1911770">
    <ele>578.0</ele>
    <time>2024-03-15T15:36:29Z</time>
   </trkpt>
   <trkpt lat="45.8734780" lon="15.1911840">
    <ele>578.0</ele>
    <time>2024-03-15T15:36:30Z</time>
   </trkpt>
   <trkpt lat="45.8734870" lon="15.1911910">
    <ele>578.0</ele>
    <time>2024-03-15T15:36:31Z</time>
   </trkpt>
   <trkpt lat="45.8734980" lon="15.1911990">
    <ele>579.0</ele>
    <time>2024-03-15T15:36:32Z</time>
   </trkpt>
   <trkpt lat="45.8735080" lon="15.1912060">
    <ele>579.0</ele>
    <time>2024-03-15T15:36:33Z</time>
   </trkpt>
   <trkpt lat="45.8735190" lon="15.1912110">
    <ele>579.0</ele>
    <time>2024-03-15T15:36:34Z</time>
   </trkpt>
   <trkpt lat="45.8735300" lon="15.1912160">
    <ele>579.0</ele>
    <time>2024-03-15T15:36:35Z</time>
   </trkpt>
   <trkpt lat="45.8735400" lon="15.1912200">
    <ele>579.0</ele>
    <time>2024-03-15T15:36:36Z</time>
   </trkpt>
   <trkpt lat="45.8735500" lon="15.1912240">
    <ele>580.0</ele>
    <time>2024-03-15T15:36:37Z</time>
   </trkpt>
   <trkpt lat="45.8735590" lon="15.1912300">
    <ele>580.0</ele>
    <time>2024-03-15T15:36:38Z</time>
   </trkpt>
   <trkpt lat="45.8735690" lon="15.1912350">
    <ele>580.0</ele>
    <time>2024-03-15T15:36:39Z</time>
   </trkpt>
   <trkpt lat="45.8735800" lon="15.1912430">
    <ele>580.0</ele>
    <time>2024-03-15T15:36:40Z</time>
   </trkpt>
   <trkpt lat="45.8735910" lon="15.1912510">
    <ele>580.0</ele>
    <time>2024-03-15T15:36:41Z</time>
   </trkpt>
   <trkpt lat="45.8736030" lon="15.1912600">
    <ele>581.0</ele>
    <time>2024-03-15T15:36:42Z</time>
   </trkpt>
   <trkpt lat="45.8736160" lon="15.1912700">
    <ele>581.0</ele>
    <time>2024-03-15T15:36:43Z</time>
   </trkpt>
   <trkpt lat="45.8736290" lon="15.1912810">
    <ele>581.0</ele>
    <time>2024-03-15T15:36:44Z</time>
   </trkpt>
   <trkpt lat="45.8736430" lon="15.1912910">
    <ele>581.0</ele>
    <time>2024-03-15T15:36:45Z</time>
   </trkpt>
   <trkpt lat="45.8736570" lon="15.1913010">
    <ele>581.0</ele>
    <time>2024-03-15T15:36:46Z</time>
   </trkpt>
   <trkpt lat="45.8736700" lon="15.1913120">
    <ele>581.0</ele>
    <time>2024-03-15T15:36:47Z</time>
   </trkpt>
   <trkpt lat="45.8736840" lon="15.1913210">
    <ele>581.0</ele>
    <time>2024-03-15T15:36:48Z</time>
   </trkpt>
   <trkpt lat="45.8736990" lon="15.1913300">
    <ele>581.0</ele>
    <time>2024-03-15T15:36:49Z</time>
   </trkpt>
   <trkpt lat="45.8737110" lon="15.1913390">
    <ele>581.0</ele>
    <time>2024-03-15T15:36:50Z</time>
   </trkpt>
   <trkpt lat="45.8737240" lon="15.1913490">
    <ele>581.0</ele>
    <time>2024-03-15T15:36:51Z</time>
   </trkpt>
   <trkpt lat="45.8737360" lon="15.1913580">
    <ele>582.0</ele>
    <time>2024-03-15T15:36:52Z</time>
   </trkpt>
   <trkpt lat="45.8737480" lon="15.1913670">
    <ele>582.0</ele>
    <time>2024-03-15T15:36:53Z</time>
   </trkpt>
   <trkpt lat="45.8737590" lon="15.1913760">
    <ele>582.0</ele>
    <time>2024-03-15T15:36:54Z</time>
   </trkpt>
   <trkpt lat="45.8737710" lon="15.1913850">
    <ele>582.0</ele>
    <time>2024-03-15T15:36:55Z</time>
   </trkpt>
   <trkpt lat="45.8737830" lon="15.1913950">
    <ele>582.0</ele>
    <time>2024-03-15T15:36:56Z</time>
   </trkpt>
   <trkpt lat="45.8737960" lon="15.1914050">
    <ele>583.0</ele>
    <time>2024-03-15T15:36:57Z</time>
   </trkpt>
   <trkpt lat="45.8738110" lon="15.1914190">
    <ele>583.0</ele>
    <time>2024-03-15T15:36:58Z</time>
   </trkpt>
   <trkpt lat="45.8738270" lon="15.1914330">
    <ele>583.0</ele>
    <time>2024-03-15T15:36:59Z</time>
   </trkpt>
   <trkpt lat="45.8738490" lon="15.1914520">
    <ele>583.0</ele>
    <time>2024-03-15T15:37:00Z</time>
   </trkpt>
   <trkpt lat="45.8738710" lon="15.1914710">
    <ele>583.0</ele>
    <time>2024-03-15T15:37:01Z</time>
   </trkpt>
   <trkpt lat="45.8738960" lon="15.1914910">
    <ele>584.0</ele>
    <time>2024-03-15T15:37:02Z</time>
   </trkpt>
   <trkpt lat="45.8739210" lon="15.1915110">
    <ele>584.0</ele>
    <time>2024-03-15T15:37:03Z</time>
   </trkpt>
   <trkpt lat="45.8739470" lon="15.1915300">
    <ele>584.0</ele>
    <time>2024-03-15T15:37:04Z</time>
   </trkpt>
   <trkpt lat="45.8739730" lon="15.1915490">
    <ele>585.0</ele>
    <time>2024-03-15T15:37:05Z</time>
   </trkpt>
   <trkpt lat="45.8739990" lon="15.1915700">
    <ele>585.0</ele>
    <time>2024-03-15T15:37:06Z</time>
   </trkpt>
   <trkpt lat="45.8740240" lon="15.1915910">
    <ele>586.0</ele>
    <time>2024-03-15T15:37:07Z</time>
   </trkpt>
   <trkpt lat="45.8740510" lon="15.1916160">
    <ele>586.0</ele>
    <time>2024-03-15T15:37:08Z</time>
   </trkpt>
   <trkpt lat="45.8740770" lon="15.1916420">
    <ele>586.0</ele>
    <time>2024-03-15T15:37:09Z</time>
   </trkpt>
   <trkpt lat="45.8741040" lon="15.1916730">
    <ele>586.0</ele>
    <time>2024-03-15T15:37:10Z</time>
   </trkpt>
   <trkpt lat="45.8741310" lon="15.1917040">
    <ele>586.0</ele>
    <time>2024-03-15T15:37:11Z</time>
   </trkpt>
   <trkpt lat="45.8741580" lon="15.1917380">
    <ele>586.0</ele>
    <time>2024-03-15T15:37:12Z</time>
   </trkpt>
   <trkpt lat="45.8741850" lon="15.1917720">
    <ele>585.0</ele>
    <time>2024-03-15T15:37:13Z</time>
   </trkpt>
   <trkpt lat="45.8742110" lon="15.1918100">
    <ele>585.0</ele>
    <time>2024-03-15T15:37:14Z</time>
   </trkpt>
   <trkpt lat="45.8742360" lon="15.1918480">
    <ele>584.0</ele>
    <time>2024-03-15T15:37:15Z</time>
   </trkpt>
   <trkpt lat="45.8742580" lon="15.1918910">
    <ele>584.0</ele>
    <time>2024-03-15T15:37:16Z</time>
   </trkpt>
   <trkpt lat="45.8742800" lon="15.1919350">
    <ele>584.0</ele>
    <time>2024-03-15T15:37:17Z</time>
   </trkpt>
   <trkpt lat="45.8742970" lon="15.1919820">
    <ele>583.0</ele>
    <time>2024-03-15T15:37:18Z</time>
   </trkpt>
   <trkpt lat="45.8743130" lon="15.1920290">
    <ele>583.0</ele>
    <time>2024-03-15T15:37:19Z</time>
   </trkpt>
   <trkpt lat="45.8743260" lon="15.1920800">
    <ele>583.0</ele>
    <time>2024-03-15T15:37:20Z</time>
   </trkpt>
   <trkpt lat="45.8743390" lon="15.1921320">
    <ele>583.0</ele>
    <time>2024-03-15T15:37:21Z</time>
   </trkpt>
   <trkpt lat="45.8743480" lon="15.1921880">
    <ele>583.0</ele>
    <time>2024-03-15T15:37:22Z</time>
   </trkpt>
   <trkpt lat="45.8743570" lon="15.1922450">
    <ele>582.0</ele>
    <time>2024-03-15T15:37:23Z</time>
   </trkpt>
   <trkpt lat="45.8743610" lon="15.1923030">
    <ele>582.0</ele>
    <time>2024-03-15T15:37:24Z</time>
   </trkpt>
   <trkpt lat="45.8743640" lon="15.1923620">
    <ele>581.0</ele>
    <time>2024-03-15T15:37:25Z</time>
   </trkpt>
   <trkpt lat="45.8743630" lon="15.1924180">
    <ele>581.0</ele>
    <time>2024-03-15T15:37:26Z</time>
   </trkpt>
   <trkpt lat="45.8743620" lon="15.1924740">
    <ele>581.0</ele>
    <time>2024-03-15T15:37:27Z</time>
   </trkpt>
   <trkpt lat="45.8743580" lon="15.1925280">
    <ele>580.0</ele>
    <time>2024-03-15T15:37:28Z</time>
   </trkpt>
   <trkpt lat="45.8743550" lon="15.1925820">
    <ele>580.0</ele>
    <time>2024-03-15T15:37:29Z</time>
   </trkpt>
   <trkpt lat="45.8743520" lon="15.1926320">
    <ele>579.0</ele>
    <time>2024-03-15T15:37:30Z</time>
   </trkpt>
   <trkpt lat="45.8743500" lon="15.1926830">
    <ele>579.0</ele>
    <time>2024-03-15T15:37:31Z</time>
   </trkpt>
   <trkpt lat="45.8743530" lon="15.1927300">
    <ele>579.0</ele>
    <time>2024-03-15T15:37:32Z</time>
   </trkpt>
   <trkpt lat="45.8743550" lon="15.1927780">
    <ele>578.0</ele>
    <time>2024-03-15T15:37:33Z</time>
   </trkpt>
   <trkpt lat="45.8743620" lon="15.1928260">
    <ele>578.0</ele>
    <time>2024-03-15T15:37:34Z</time>
   </trkpt>
   <trkpt lat="45.8743680" lon="15.1928740">
    <ele>578.0</ele>
    <time>2024-03-15T15:37:35Z</time>
   </trkpt>
   <trkpt lat="45.8743780" lon="15.1929210">
    <ele>578.0</ele>
    <time>2024-03-15T15:37:36Z</time>
   </trkpt>
   <trkpt lat="45.8743880" lon="15.1929670">
    <ele>578.0</ele>
    <time>2024-03-15T15:37:37Z</time>
   </trkpt>
   <trkpt lat="45.8744000" lon="15.1930120">
    <ele>577.0</ele>
    <time>2024-03-15T15:37:38Z</time>
   </trkpt>
   <trkpt lat="45.8744130" lon="15.1930570">
    <ele>577.0</ele>
    <time>2024-03-15T15:37:39Z</time>
   </trkpt>
   <trkpt lat="45.8744290" lon="15.1930990">
    <ele>576.0</ele>
    <time>2024-03-15T15:37:40Z</time>
   </trkpt>
   <trkpt lat="45.8744440" lon="15.1931410">
    <ele>576.0</ele>
    <time>2024-03-15T15:37:41Z</time>
   </trkpt>
   <trkpt lat="45.8744640" lon="15.1931800">
    <ele>576.0</ele>
    <time>2024-03-15T15:37:42Z</time>
   </trkpt>
   <trkpt lat="45.8744830" lon="15.1932190">
    <ele>575.0</ele>
    <time>2024-03-15T15:37:43Z</time>
   </trkpt>
   <trkpt lat="45.8745080" lon="15.1932510">
    <ele>575.0</ele>
    <time>2024-03-15T15:37:44Z</time>
   </trkpt>
   <trkpt lat="45.8745340" lon="15.1932840">
    <ele>575.0</ele>
    <time>2024-03-15T15:37:45Z</time>
   </trkpt>
   <trkpt lat="45.8745660" lon="15.1933100">
    <ele>575.0</ele>
    <time>2024-03-15T15:37:46Z</time>
   </trkpt>
   <trkpt lat="45.8745970" lon="15.1933350">
    <ele>575.0</ele>
    <time>2024-03-15T15:37:47Z</time>
   </trkpt>
   <trkpt lat="45.8746310" lon="15.1933550">
    <ele>574.0</ele>
    <time>2024-03-15T15:37:48Z</time>
   </trkpt>
   <trkpt lat="45.8746640" lon="15.1933740">
    <ele>574.0</ele>
    <time>2024-03-15T15:37:49Z</time>
   </trkpt>
   <trkpt lat="45.8746970" lon="15.1933890">
    <ele>574.0</ele>
    <time>2024-03-15T15:37:50Z</time>
   </trkpt>
   <trkpt lat="45.8747310" lon="15.1934050">
    <ele>574.0</ele>
    <time>2024-03-15T15:37:51Z</time>
   </trkpt>
   <trkpt lat="45.8747660" lon="15.1934180">
    <ele>574.0</ele>
    <time>2024-03-15T15:37:52Z</time>
   </trkpt>
   <trkpt lat="45.8748010" lon="15.1934310">
    <ele>573.0</ele>
    <time>2024-03-15T15:37:53Z</time>
   </trkpt>
   <trkpt lat="45.8748370" lon="15.1934460">
    <ele>573.0</ele>
    <time>2024-03-15T15:37:54Z</time>
   </trkpt>
   <trkpt lat="45.8748730" lon="15.1934610">
    <ele>573.0</ele>
    <time>2024-03-15T15:37:55Z</time>
   </trkpt>
   <trkpt lat="45.8749090" lon="15.1934790">
    <ele>573.0</ele>
    <time>2024-03-15T15:37:56Z</time>
   </trkpt>
   <trkpt lat="45.8749460" lon="15.1934980">
    <ele>573.0</ele>
    <time>2024-03-15T15:37:57Z</time>
   </trkpt>
   <trkpt lat="45.8749810" lon="15.1935190">
    <ele>572.0</ele>
    <time>2024-03-15T15:37:58Z</time>
   </trkpt>
   <trkpt lat="45.8750150" lon="15.1935400">
    <ele>572.0</ele>
    <time>2024-03-15T15:37:59Z</time>
   </trkpt>
   <trkpt lat="45.8750490" lon="15.1935660">
    <ele>572.0</ele>
    <time>2024-03-15T15:38:00Z</time>
   </trkpt>
   <trkpt lat="45.8750820" lon="15.1935920">
    <ele>572.0</ele>
    <time>2024-03-15T15:38:01Z</time>
   </trkpt>
   <trkpt lat="45.8751140" lon="15.1936230">
    <ele>572.0</ele>
    <time>2024-03-15T15:38:02Z</time>
   </trkpt>
   <trkpt lat="45.8751450" lon="15.1936530">
    <ele>571.0</ele>
    <time>2024-03-15T15:38:03Z</time>
   </trkpt>
   <trkpt lat="45.8751740" lon="15.1936880">
    <ele>570.0</ele>
    <time>2024-03-15T15:38:04Z</time>
   </trkpt>
   <trkpt lat="45.8752030" lon="15.1937230">
    <ele>570.0</ele>
    <time>2024-03-15T15:38:05Z</time>
   </trkpt>
   <trkpt lat="45.8752270" lon="15.1937610">
    <ele>569.0</ele>
    <time>2024-03-15T15:38:06Z</time>
   </trkpt>
   <trkpt lat="45.8752500" lon="15.1937990">
    <ele>569.0</ele>
    <time>2024-03-15T15:38:07Z</time>
   </trkpt>
   <trkpt lat="45.8752710" lon="15.1938380">
    <ele>568.0</ele>
    <time>2024-03-15T15:38:08Z</time>
   </trkpt>
   <trkpt lat="45.8752930" lon="15.1938780">
    <ele>568.0</ele>
    <time>2024-03-15T15:38:09Z</time>
   </trkpt>
   <trkpt lat="45.8753150" lon="15.1939160">
    <ele>567.0</ele>
    <time>2024-03-15T15:38:10Z</time>
   </trkpt>
   <trkpt lat="45.8753370" lon="15.1939550">
    <ele>567.0</ele>
    <time>2024-03-15T15:38:11Z</time>
   </trkpt>
   <trkpt lat="45.8753620" lon="15.1939920">
    <ele>567.0</ele>
    <time>2024-03-15T15:38:12Z</time>
   </trkpt>
   <trkpt lat="45.8753870" lon="15.1940280">
    <ele>566.0</ele>
    <time>2024-03-15T15:38:13Z</time>
   </trkpt>
   <trkpt lat="45.8754140" lon="15.1940620">
    <ele>566.0</ele>
    <time>2024-03-15T15:38:14Z</time>
   </trkpt>
   <trkpt lat="45.8754410" lon="15.1940960">
    <ele>565.0</ele>
    <time>2024-03-15T15:38:15Z</time>
   </trkpt>
   <trkpt lat="45.8754680" lon="15.1941290">
    <ele>565.0</ele>
    <time>2024-03-15T15:38:16Z</time>
   </trkpt>
   <trkpt lat="45.8754940" lon="15.1941620">
    <ele>565.0</ele>
    <time>2024-03-15T15:38:17Z</time>
   </trkpt>
   <trkpt lat="45.8755210" lon="15.1941920">
    <ele>564.0</ele>
    <time>2024-03-15T15:38:18Z</time>
   </trkpt>
   <trkpt lat="45.8755480" lon="15.1942220">
    <ele>564.0</ele>
    <time>2024-03-15T15:38:19Z</time>
   </trkpt>
   <trkpt lat="45.8755750" lon="15.1942510">
    <ele>564.0</ele>
    <time>2024-03-15T15:38:20Z</time>
   </trkpt>
   <trkpt lat="45.8756030" lon="15.1942810">
    <ele>564.0</ele>
    <time>2024-03-15T15:38:21Z</time>
   </trkpt>
   <trkpt lat="45.8756330" lon="15.1943120">
    <ele>564.0</ele>
    <time>2024-03-15T15:38:22Z</time>
   </trkpt>
   <trkpt lat="45.8756620" lon="15.1943440">
    <ele>563.0</ele>
    <time>2024-03-15T15:38:23Z</time>
   </trkpt>
   <trkpt lat="45.8756910" lon="15.1943730">
    <ele>563.0</ele>
    <time>2024-03-15T15:38:24Z</time>
   </trkpt>
   <trkpt lat="45.8757210" lon="15.1944030">
    <ele>563.0</ele>
    <time>2024-03-15T15:38:25Z</time>
   </trkpt>
   <trkpt lat="45.8757510" lon="15.1944290">
    <ele>563.0</ele>
    <time>2024-03-15T15:38:26Z</time>
   </trkpt>
   <trkpt lat="45.8757810" lon="15.1944560">
    <ele>563.0</ele>
    <time>2024-03-15T15:38:27Z</time>
   </trkpt>
   <trkpt lat="45.8758080" lon="15.1944800">
    <ele>562.0</ele>
    <time>2024-03-15T15:38:28Z</time>
   </trkpt>
   <trkpt lat="45.8758360" lon="15.1945040">
    <ele>562.0</ele>
    <time>2024-03-15T15:38:29Z</time>
   </trkpt>
   <trkpt lat="45.8758580" lon="15.1945300">
    <ele>562.0</ele>
    <time>2024-03-15T15:38:30Z</time>
   </trkpt>
   <trkpt lat="45.8758800" lon="15.1945560">
    <ele>562.0</ele>
    <time>2024-03-15T15:38:31Z</time>
   </trkpt>
   <trkpt lat="45.8758950" lon="15.1945870">
    <ele>562.0</ele>
    <time>2024-03-15T15:38:32Z</time>
   </trkpt>
   <trkpt lat="45.8759110" lon="15.1946180">
    <ele>561.0</ele>
    <time>2024-03-15T15:38:33Z</time>
   </trkpt>
   <trkpt lat="45.8759210" lon="15.1946510">
    <ele>561.0</ele>
    <time>2024-03-15T15:38:34Z</time>
   </trkpt>
   <trkpt lat="45.8759310" lon="15.1946840">
    <ele>561.0</ele>
    <time>2024-03-15T15:38:35Z</time>
   </trkpt>
   <trkpt lat="45.8759390" lon="15.1947160">
    <ele>561.0</ele>
    <time>2024-03-15T15:38:36Z</time>
   </trkpt>
   <trkpt lat="45.8759460" lon="15.1947480">
    <ele>561.0</ele>
    <time>2024-03-15T15:38:37Z</time>
   </trkpt>
   <trkpt lat="45.8759530" lon="15.1947790">
    <ele>561.0</ele>
    <time>2024-03-15T15:38:38Z</time>
   </trkpt>
   <trkpt lat="45.8759600" lon="15.1948100">
    <ele>561.0</ele>
    <time>2024-03-15T15:38:39Z</time>
   </trkpt>
   <trkpt lat="45.8759640" lon="15.1948400">
    <ele>561.0</ele>
    <time>2024-03-15T15:38:40Z</time>
   </trkpt>
   <trkpt lat="45.8759680" lon="15.1948700">
    <ele>561.0</ele>
    <time>2024-03-15T15:38:41Z</time>
   </trkpt>
   <trkpt lat="45.8759700" lon="15.1948960">
    <ele>561.0</ele>
    <time>2024-03-15T15:38:42Z</time>
   </trkpt>
   <trkpt lat="45.8759720" lon="15.1949230">
    <ele>561.0</ele>
    <time>2024-03-15T15:38:43Z</time>
   </trkpt>
   <trkpt lat="45.8759730" lon="15.1949490">
    <ele>561.0</ele>
    <time>2024-03-15T15:38:44Z</time>
   </trkpt>
   <trkpt lat="45.8759750" lon="15.1949750">
    <ele>561.0</ele>
    <time>2024-03-15T15:38:45Z</time>
   </trkpt>
   <trkpt lat="45.8759740" lon="15.1950080">
    <ele>561.0</ele>
    <time>2024-03-15T15:38:46Z</time>
   </trkpt>
   <trkpt lat="45.8759730" lon="15.1950420">
    <ele>561.0</ele>
    <time>2024-03-15T15:38:47Z</time>
   </trkpt>
   <trkpt lat="45.8759650" lon="15.1950790">
    <ele>561.0</ele>
    <time>2024-03-15T15:38:48Z</time>
   </trkpt>
   <trkpt lat="45.8759580" lon="15.1951170">
    <ele>561.0</ele>
    <time>2024-03-15T15:38:49Z</time>
   </trkpt>
   <trkpt lat="45.8759470" lon="15.1951560">
    <ele>561.0</ele>
    <time>2024-03-15T15:38:50Z</time>
   </trkpt>
   <trkpt lat="45.8759360" lon="15.1951950">
    <ele>561.0</ele>
    <time>2024-03-15T15:38:51Z</time>
   </trkpt>
   <trkpt lat="45.8759240" lon="15.1952280">
    <ele>561.0</ele>
    <time>2024-03-15T15:38:52Z</time>
   </trkpt>
   <trkpt lat="45.8759120" lon="15.1952600">
    <ele>561.0</ele>
    <time>2024-03-15T15:38:53Z</time>
   </trkpt>
   <trkpt lat="45.8759000" lon="15.1952860">
    <ele>561.0</ele>
    <time>2024-03-15T15:38:54Z</time>
   </trkpt>
   <trkpt lat="45.8758890" lon="15.1953120">
    <ele>561.0</ele>
    <time>2024-03-15T15:38:55Z</time>
   </trkpt>
   <trkpt lat="45.8758780" lon="15.1953320">
    <ele>561.0</ele>
    <time>2024-03-15T15:38:56Z</time>
   </trkpt>
   <trkpt lat="45.8758680" lon="15.1953530">
    <ele>561.0</ele>
    <time>2024-03-15T15:38:57Z</time>
   </trkpt>
   <trkpt lat="45.8758600" lon="15.1953730">
    <ele>561.0</ele>
    <time>2024-03-15T15:38:58Z</time>
   </trkpt>
   <trkpt lat="45.8758510" lon="15.1953930">
    <ele>561.0</ele>
    <time>2024-03-15T15:38:59Z</time>
   </trkpt>
   <trkpt lat="45.8758460" lon="15.1954160">
    <ele>561.0</ele>
    <time>2024-03-15T15:39:00Z</time>
   </trkpt>
   <trkpt lat="45.8758410" lon="15.1954400">
    <ele>561.0</ele>
    <time>2024-03-15T15:39:01Z</time>
   </trkpt>
   <trkpt lat="45.8758400" lon="15.1954670">
    <ele>562.0</ele>
    <time>2024-03-15T15:39:02Z</time>
   </trkpt>
   <trkpt lat="45.8758400" lon="15.1954950">
    <ele>562.0</ele>
    <time>2024-03-15T15:39:03Z</time>
   </trkpt>
   <trkpt lat="45.8758420" lon="15.1955200">
    <ele>562.0</ele>
    <time>2024-03-15T15:39:04Z</time>
   </trkpt>
   <trkpt lat="45.8758440" lon="15.1955460">
    <ele>562.0</ele>
    <time>2024-03-15T15:39:05Z</time>
   </trkpt>
   <trkpt lat="45.8758500" lon="15.1955680">
    <ele>562.0</ele>
    <time>2024-03-15T15:39:06Z</time>
   </trkpt>
   <trkpt lat="45.8758550" lon="15.1955910">
    <ele>562.0</ele>
    <time>2024-03-15T15:39:07Z</time>
   </trkpt>
   <trkpt lat="45.8758650" lon="15.1956200">
    <ele>562.0</ele>
    <time>2024-03-15T15:39:08Z</time>
   </trkpt>
   <trkpt lat="45.8758750" lon="15.1956490">
    <ele>562.0</ele>
    <time>2024-03-15T15:39:09Z</time>
   </trkpt>
   <trkpt lat="45.8758840" lon="15.1956790">
    <ele>562.0</ele>
    <time>2024-03-15T15:39:10Z</time>
   </trkpt>
   <trkpt lat="45.8758930" lon="15.1957090">
    <ele>562.0</ele>
    <time>2024-03-15T15:39:11Z</time>
   </trkpt>
   <trkpt lat="45.8759000" lon="15.1957360">
    <ele>563.0</ele>
    <time>2024-03-15T15:39:12Z</time>
   </trkpt>
   <trkpt lat="45.8759060" lon="15.1957630">
    <ele>563.0</ele>
    <time>2024-03-15T15:39:13Z</time>
   </trkpt>
   <trkpt lat="45.8759100" lon="15.1957840">
    <ele>563.0</ele>
    <time>2024-03-15T15:39:14Z</time>
   </trkpt>
   <trkpt lat="45.8759140" lon="15.1958060">
    <ele>563.0</ele>
    <time>2024-03-15T15:39:15Z</time>
   </trkpt>
   <trkpt lat="45.8759170" lon="15.1958240">
    <ele>563.0</ele>
    <time>2024-03-15T15:39:16Z</time>
   </trkpt>
   <trkpt lat="45.8759210" lon="15.1958430">
    <ele>564.0</ele>
    <time>2024-03-15T15:39:17Z</time>
   </trkpt>
   <trkpt lat="45.8759240" lon="15.1958600">
    <ele>564.0</ele>
    <time>2024-03-15T15:39:18Z</time>
   </trkpt>
   <trkpt lat="45.8759270" lon="15.1958780">
    <ele>564.0</ele>
    <time>2024-03-15T15:39:19Z</time>
   </trkpt>
   <trkpt lat="45.8759310" lon="15.1958940">
    <ele>564.0</ele>
    <time>2024-03-15T15:39:20Z</time>
   </trkpt>
   <trkpt lat="45.8759350" lon="15.1959110">
    <ele>564.0</ele>
    <time>2024-03-15T15:39:21Z</time>
   </trkpt>
   <trkpt lat="45.8759380" lon="15.1959280">
    <ele>565.0</ele>
    <time>2024-03-15T15:39:22Z</time>
   </trkpt>
   <trkpt lat="45.8759400" lon="15.1959450">
    <ele>565.0</ele>
    <time>2024-03-15T15:39:23Z</time>
   </trkpt>
   <trkpt lat="45.8759430" lon="15.1959660">
    <ele>565.0</ele>
    <time>2024-03-15T15:39:24Z</time>
   </trkpt>
   <trkpt lat="45.8759460" lon="15.1959870">
    <ele>565.0</ele>
    <time>2024-03-15T15:39:25Z</time>
   </trkpt>
   <trkpt lat="45.8759500" lon="15.1960060">
    <ele>565.0</ele>
    <time>2024-03-15T15:39:26Z</time>
   </trkpt>
   <trkpt lat="45.8759540" lon="15.1960250">
    <ele>566.0</ele>
    <time>2024-03-15T15:39:27Z</time>
   </trkpt>
   <trkpt lat="45.8759580" lon="15.1960390">
    <ele>566.0</ele>
    <time>2024-03-15T15:39:28Z</time>
   </trkpt>
   <trkpt lat="45.8759630" lon="15.1960540">
    <ele>566.0</ele>
    <time>2024-03-15T15:39:29Z</time>
   </trkpt>
   <trkpt lat="45.8759660" lon="15.1960690">
    <ele>566.0</ele>
    <time>2024-03-15T15:39:30Z</time>
   </trkpt>
   <trkpt lat="45.8759690" lon="15.1960830">
    <ele>566.0</ele>
    <time>2024-03-15T15:39:31Z</time>
   </trkpt>
   <trkpt lat="45.8759720" lon="15.1960980">
    <ele>566.0</ele>
    <time>2024-03-15T15:39:32Z</time>
   </trkpt>
   <trkpt lat="45.8759750" lon="15.1961130">
    <ele>566.0</ele>
    <time>2024-03-15T15:39:33Z</time>
   </trkpt>
   <trkpt lat="45.8759800" lon="15.1961280">
    <ele>566.0</ele>
    <time>2024-03-15T15:39:34Z</time>
   </trkpt>
   <trkpt lat="45.8759850" lon="15.1961420">
    <ele>566.0</ele>
    <time>2024-03-15T15:39:35Z</time>
   </trkpt>
   <trkpt lat="45.8759890" lon="15.1961570">
    <ele>566.0</ele>
    <time>2024-03-15T15:39:36Z</time>
   </trkpt>
   <trkpt lat="45.8759920" lon="15.1961730">
    <ele>567.0</ele>
    <time>2024-03-15T15:39:37Z</time>
   </trkpt>
   <trkpt lat="45.8759980" lon="15.1961970">
    <ele>567.0</ele>
    <time>2024-03-15T15:39:38Z</time>
   </trkpt>
   <trkpt lat="45.8760040" lon="15.1962220">
    <ele>567.0</ele>
    <time>2024-03-15T15:39:39Z</time>
   </trkpt>
   <trkpt lat="45.8760040" lon="15.1962220">
    <ele>567.0</ele>
    <time>2024-03-15T15:39:40Z</time>
   </trkpt>
   <trkpt lat="45.8760040" lon="15.1962220">
    <ele>567.0</ele>
    <time>2024-03-15T15:39:41Z</time>
   </trkpt>
   <trkpt lat="45.8760040" lon="15.1962220">
    <ele>568.0</ele>
    <time>2024-03-15T15:39:42Z</time>
   </trkpt>
   <trkpt lat="45.8760040" lon="15.1962220">
    <ele>568.0</ele>
    <time>2024-03-15T15:39:43Z</time>
   </trkpt>
   <trkpt lat="45.8760040" lon="15.1962220">
    <ele>568.0</ele>
    <time>2024-03-15T15:39:44Z</time>
   </trkpt>
   <trkpt lat="45.8760040" lon="15.1962220">
    <ele>568.0</ele>
    <time>2024-03-15T15:39:45Z</time>
   </trkpt>
   <trkpt lat="45.8760040" lon="15.1962220">
    <ele>568.0</ele>
    <time>2024-03-15T15:39:46Z</time>
   </trkpt>
   <trkpt lat="45.8760040" lon="15.1962220">
    <ele>569.0</ele>
    <time>2024-03-15T15:39:47Z</time>
   </trkpt>
   <trkpt lat="45.8760040" lon="15.1962220">
    <ele>569.0</ele>
    <time>2024-03-15T15:39:48Z</time>
   </trkpt>
   <trkpt lat="45.8760040" lon="15.1962220">
    <ele>569.0</ele>
    <time>2024-03-15T15:39:49Z</time>
   </trkpt>
   <trkpt lat="45.8760040" lon="15.1962220">
    <ele>569.0</ele>
    <time>2024-03-15T15:39:50Z</time>
   </trkpt>
   <trkpt lat="45.8760040" lon="15.1962220">
    <ele>569.0</ele>
    <time>2024-03-15T15:39:51Z</time>
   </trkpt>
   <trkpt lat="45.8760040" lon="15.1962220">
    <ele>569.0</ele>
    <time>2024-03-15T15:39:52Z</time>
   </trkpt>
   <trkpt lat="45.8760040" lon="15.1962220">
    <ele>569.0</ele>
    <time>2024-03-15T15:39:53Z</time>
   </trkpt>
   <trkpt lat="45.8760040" lon="15.1962220">
    <ele>569.0</ele>
    <time>2024-03-15T15:39:54Z</time>
   </trkpt>
   <trkpt lat="45.8760040" lon="15.1962220">
    <ele>569.0</ele>
    <time>2024-03-15T15:39:55Z</time>
   </trkpt>
   <trkpt lat="45.8760040" lon="15.1962220">
    <ele>569.0</ele>
    <time>2024-03-15T15:39:56Z</time>
   </trkpt>
   <trkpt lat="45.8760040" lon="15.1962220">
    <ele>570.0</ele>
    <time>2024-03-15T15:39:57Z</time>
   </trkpt>
   <trkpt lat="45.8760040" lon="15.1962220">
    <ele>570.0</ele>
    <time>2024-03-15T15:39:58Z</time>
   </trkpt>
   <trkpt lat="45.8760040" lon="15.1962220">
    <ele>570.0</ele>
    <time>2024-03-15T15:39:59Z</time>
   </trkpt>
   <trkpt lat="45.8760040" lon="15.1962220">
    <ele>570.0</ele>
    <time>2024-03-15T15:40:00Z</time>
   </trkpt>
   <trkpt lat="45.8760040" lon="15.1962220">
    <ele>570.0</ele>
    <time>2024-03-15T15:40:01Z</time>
   </trkpt>
   <trkpt lat="45.8760040" lon="15.1962220">
    <ele>570.0</ele>
    <time>2024-03-15T15:40:02Z</time>
   </trkpt>
   <trkpt lat="45.8760040" lon="15.1962220">
    <ele>570.0</ele>
    <time>2024-03-15T15:40:03Z</time>
   </trkpt>
   <trkpt lat="45.8760040" lon="15.1962220">
    <ele>570.0</ele>
    <time>2024-03-15T15:40:04Z</time>
   </trkpt>
   <trkpt lat="45.8760040" lon="15.1962220">
    <ele>570.0</ele>
    <time>2024-03-15T15:40:05Z</time>
   </trkpt>
   <trkpt lat="45.8760040" lon="15.1962220">
    <ele>570.0</ele>
    <time>2024-03-15T15:40:06Z</time>
   </trkpt>
   <trkpt lat="45.8760040" lon="15.1962220">
    <ele>570.0</ele>
    <time>2024-03-15T15:40:07Z</time>
   </trkpt>
   <trkpt lat="45.8760040" lon="15.1962220">
    <ele>570.0</ele>
    <time>2024-03-15T15:40:08Z</time>
   </trkpt>
   <trkpt lat="45.8760040" lon="15.1962220">
    <ele>570.0</ele>
    <time>2024-03-15T15:40:09Z</time>
   </trkpt>
   <trkpt lat="45.8760040" lon="15.1962220">
    <ele>570.0</ele>
    <time>2024-03-15T15:40:10Z</time>
   </trkpt>
   <trkpt lat="45.8760040" lon="15.1962220">
    <ele>570.0</ele>
    <time>2024-03-15T15:40:11Z</time>
   </trkpt>
   <trkpt lat="45.8760040" lon="15.1962220">
    <ele>570.0</ele>
    <time>2024-03-15T15:40:12Z</time>
   </trkpt>
   <trkpt lat="45.8760040" lon="15.1962220">
    <ele>570.0</ele>
    <time>2024-03-15T15:40:13Z</time>
   </trkpt>
   <trkpt lat="45.8760040" lon="15.1962220">
    <ele>570.0</ele>
    <time>2024-03-15T15:40:14Z</time>
   </trkpt>
   <trkpt lat="45.8760040" lon="15.1962220">
    <ele>570.0</ele>
    <time>2024-03-15T15:40:15Z</time>
   </trkpt>
   <trkpt lat="45.8759940" lon="15.1962550">
    <ele>570.0</ele>
    <time>2024-03-15T15:42:41Z</time>
   </trkpt>
   <trkpt lat="45.8759980" lon="15.1962590">
    <ele>570.0</ele>
    <time>2024-03-15T15:42:42Z</time>
   </trkpt>
   <trkpt lat="45.8760030" lon="15.1962680">
    <ele>570.0</ele>
    <time>2024-03-15T15:42:43Z</time>
   </trkpt>
   <trkpt lat="45.8760070" lon="15.1962770">
    <ele>570.0</ele>
    <time>2024-03-15T15:42:44Z</time>
   </trkpt>
   <trkpt lat="45.8760170" lon="15.1962950">
    <ele>570.0</ele>
    <time>2024-03-15T15:42:45Z</time>
   </trkpt>
   <trkpt lat="45.8760260" lon="15.1963130">
    <ele>570.0</ele>
    <time>2024-03-15T15:42:46Z</time>
   </trkpt>
   <trkpt lat="45.8760380" lon="15.1963430">
    <ele>570.0</ele>
    <time>2024-03-15T15:42:47Z</time>
   </trkpt>
   <trkpt lat="45.8760500" lon="15.1963720">
    <ele>569.0</ele>
    <time>2024-03-15T15:42:48Z</time>
   </trkpt>
   <trkpt lat="45.8760640" lon="15.1964090">
    <ele>569.0</ele>
    <time>2024-03-15T15:42:49Z</time>
   </trkpt>
   <trkpt lat="45.8760770" lon="15.1964460">
    <ele>569.0</ele>
    <time>2024-03-15T15:42:50Z</time>
   </trkpt>
   <trkpt lat="45.8760940" lon="15.1964870">
    <ele>569.0</ele>
    <time>2024-03-15T15:42:51Z</time>
   </trkpt>
   <trkpt lat="45.8761100" lon="15.1965270">
    <ele>569.0</ele>
    <time>2024-03-15T15:42:52Z</time>
   </trkpt>
   <trkpt lat="45.8761270" lon="15.1965680">
    <ele>569.0</ele>
    <time>2024-03-15T15:42:53Z</time>
   </trkpt>
   <trkpt lat="45.8761440" lon="15.1966080">
    <ele>569.0</ele>
    <time>2024-03-15T15:42:54Z</time>
   </trkpt>
   <trkpt lat="45.8761610" lon="15.1966480">
    <ele>569.0</ele>
    <time>2024-03-15T15:42:55Z</time>
   </trkpt>
   <trkpt lat="45.8761810" lon="15.1966890">
    <ele>569.0</ele>
    <time>2024-03-15T15:42:56Z</time>
   </trkpt>
   <trkpt lat="45.8762000" lon="15.1967290">
    <ele>569.0</ele>
    <time>2024-03-15T15:42:57Z</time>
   </trkpt>
   <trkpt lat="45.8762200" lon="15.1967690">
    <ele>569.0</ele>
    <time>2024-03-15T15:42:58Z</time>
   </trkpt>
   <trkpt lat="45.8762400" lon="15.1968100">
    <ele>569.0</ele>
    <time>2024-03-15T15:42:59Z</time>
   </trkpt>
   <trkpt lat="45.8762590" lon="15.1968520">
    <ele>569.0</ele>
    <time>2024-03-15T15:43:00Z</time>
   </trkpt>
   <trkpt lat="45.8762780" lon="15.1968950">
    <ele>569.0</ele>
    <time>2024-03-15T15:43:01Z</time>
   </trkpt>
   <trkpt lat="45.8762970" lon="15.1969380">
    <ele>569.0</ele>
    <time>2024-03-15T15:43:02Z</time>
   </trkpt>
   <trkpt lat="45.8763160" lon="15.1969810">
    <ele>569.0</ele>
    <time>2024-03-15T15:43:03Z</time>
   </trkpt>
   <trkpt lat="45.8763340" lon="15.1970240">
    <ele>569.0</ele>
    <time>2024-03-15T15:43:04Z</time>
   </trkpt>
   <trkpt lat="45.8763510" lon="15.1970660">
    <ele>569.0</ele>
    <time>2024-03-15T15:43:05Z</time>
   </trkpt>
   <trkpt lat="45.8763690" lon="15.1971080">
    <ele>569.0</ele>
    <time>2024-03-15T15:43:06Z</time>
   </trkpt>
   <trkpt lat="45.8763860" lon="15.1971470">
    <ele>569.0</ele>
    <time>2024-03-15T15:43:07Z</time>
   </trkpt>
   <trkpt lat="45.8764030" lon="15.1971850">
    <ele>569.0</ele>
    <time>2024-03-15T15:43:08Z</time>
   </trkpt>
   <trkpt lat="45.8764210" lon="15.1972230">
    <ele>569.0</ele>
    <time>2024-03-15T15:43:09Z</time>
   </trkpt>
   <trkpt lat="45.8764390" lon="15.1972600">
    <ele>569.0</ele>
    <time>2024-03-15T15:43:10Z</time>
   </trkpt>
   <trkpt lat="45.8764590" lon="15.1973000">
    <ele>569.0</ele>
    <time>2024-03-15T15:43:11Z</time>
   </trkpt>
   <trkpt lat="45.8764790" lon="15.1973400">
    <ele>569.0</ele>
    <time>2024-03-15T15:43:12Z</time>
   </trkpt>
   <trkpt lat="45.8765000" lon="15.1973830">
    <ele>569.0</ele>
    <time>2024-03-15T15:43:13Z</time>
   </trkpt>
   <trkpt lat="45.8765210" lon="15.1974250">
    <ele>569.0</ele>
    <time>2024-03-15T15:43:14Z</time>
   </trkpt>
   <trkpt lat="45.8765420" lon="15.1974670">
    <ele>569.0</ele>
    <time>2024-03-15T15:43:15Z</time>
   </trkpt>
   <trkpt lat="45.8765610" lon="15.1975110">
    <ele>569.0</ele>
    <time>2024-03-15T15:43:16Z</time>
   </trkpt>
   <trkpt lat="45.8765800" lon="15.1975540">
    <ele>569.0</ele>
    <time>2024-03-15T15:43:17Z</time>
   </trkpt>
   <trkpt lat="45.8765980" lon="15.1975980">
    <ele>568.0</ele>
    <time>2024-03-15T15:43:18Z</time>
   </trkpt>
   <trkpt lat="45.8766160" lon="15.1976410">
    <ele>568.0</ele>
    <time>2024-03-15T15:43:19Z</time>
   </trkpt>
   <trkpt lat="45.8766310" lon="15.1976830">
    <ele>567.0</ele>
    <time>2024-03-15T15:43:20Z</time>
   </trkpt>
   <trkpt lat="45.8766460" lon="15.1977250">
    <ele>567.0</ele>
    <time>2024-03-15T15:43:21Z</time>
   </trkpt>
   <trkpt lat="45.8766590" lon="15.1977660">
    <ele>567.0</ele>
    <time>2024-03-15T15:43:22Z</time>
   </trkpt>
   <trkpt lat="45.8766710" lon="15.1978080">
    <ele>566.0</ele>
    <time>2024-03-15T15:43:23Z</time>
   </trkpt>
   <trkpt lat="45.8766840" lon="15.1978520">
    <ele>566.0</ele>
    <time>2024-03-15T15:43:24Z</time>
   </trkpt>
   <trkpt lat="45.8766970" lon="15.1978970">
    <ele>566.0</ele>
    <time>2024-03-15T15:43:25Z</time>
   </trkpt>
   <trkpt lat="45.8767120" lon="15.1979420">
    <ele>566.0</ele>
    <time>2024-03-15T15:43:26Z</time>
   </trkpt>
   <trkpt lat="45.8767280" lon="15.1979870">
    <ele>566.0</ele>
    <time>2024-03-15T15:43:27Z</time>
   </trkpt>
   <trkpt lat="45.8767460" lon="15.1980320">
    <ele>565.0</ele>
    <time>2024-03-15T15:43:28Z</time>
   </trkpt>
   <trkpt lat="45.8767650" lon="15.1980770">
    <ele>565.0</ele>
    <time>2024-03-15T15:43:29Z</time>
   </trkpt>
   <trkpt lat="45.8767790" lon="15.1981220">
    <ele>565.0</ele>
    <time>2024-03-15T15:43:30Z</time>
   </trkpt>
   <trkpt lat="45.8767940" lon="15.1981660">
    <ele>565.0</ele>
    <time>2024-03-15T15:43:31Z</time>
   </trkpt>
   <trkpt lat="45.8768040" lon="15.1982120">
    <ele>565.0</ele>
    <time>2024-03-15T15:43:32Z</time>
   </trkpt>
   <trkpt lat="45.8768140" lon="15.1982580">
    <ele>564.0</ele>
    <time>2024-03-15T15:43:33Z</time>
   </trkpt>
   <trkpt lat="45.8768220" lon="15.1983040">
    <ele>564.0</ele>
    <time>2024-03-15T15:43:34Z</time>
   </trkpt>
   <trkpt lat="45.8768300" lon="15.1983490">
    <ele>564.0</ele>
    <time>2024-03-15T15:43:35Z</time>
   </trkpt>
   <trkpt lat="45.8768370" lon="15.1983950">
    <ele>564.0</ele>
    <time>2024-03-15T15:43:36Z</time>
   </trkpt>
   <trkpt lat="45.8768470" lon="15.1984400">
    <ele>564.0</ele>
    <time>2024-03-15T15:43:37Z</time>
   </trkpt>
   <trkpt lat="45.8768580" lon="15.1984850">
    <ele>564.0</ele>
    <time>2024-03-15T15:43:38Z</time>
   </trkpt>
   <trkpt lat="45.8768680" lon="15.1985210">
    <ele>564.0</ele>
    <time>2024-03-15T15:43:39Z</time>
   </trkpt>
   <trkpt lat="45.8768780" lon="15.1985560">
    <ele>564.0</ele>
    <time>2024-03-15T15:43:40Z</time>
   </trkpt>
   <trkpt lat="45.8768910" lon="15.1985910">
    <ele>564.0</ele>
    <time>2024-03-15T15:43:41Z</time>
   </trkpt>
   <trkpt lat="45.8769050" lon="15.1986260">
    <ele>564.0</ele>
    <time>2024-03-15T15:43:42Z</time>
   </trkpt>
   <trkpt lat="45.8769150" lon="15.1986570">
    <ele>564.0</ele>
    <time>2024-03-15T15:43:43Z</time>
   </trkpt>
   <trkpt lat="45.8769240" lon="15.1986890">
    <ele>564.0</ele>
    <time>2024-03-15T15:43:44Z</time>
   </trkpt>
   <trkpt lat="45.8769320" lon="15.1987200">
    <ele>564.0</ele>
    <time>2024-03-15T15:43:45Z</time>
   </trkpt>
   <trkpt lat="45.8769390" lon="15.1987510">
    <ele>564.0</ele>
    <time>2024-03-15T15:43:46Z</time>
   </trkpt>
   <trkpt lat="45.8769520" lon="15.1987840">
    <ele>564.0</ele>
    <time>2024-03-15T15:43:47Z</time>
   </trkpt>
   <trkpt lat="45.8769640" lon="15.1988170">
    <ele>564.0</ele>
    <time>2024-03-15T15:43:48Z</time>
   </trkpt>
   <trkpt lat="45.8769760" lon="15.1988510">
    <ele>564.0</ele>
    <time>2024-03-15T15:43:49Z</time>
   </trkpt>
   <trkpt lat="45.8769920" lon="15.1988820">
    <ele>564.0</ele>
    <time>2024-03-15T15:43:50Z</time>
   </trkpt>
   <trkpt lat="45.8770070" lon="15.1989140">
    <ele>564.0</ele>
    <time>2024-03-15T15:43:51Z</time>
   </trkpt>
   <trkpt lat="45.8770190" lon="15.1989430">
    <ele>564.0</ele>
    <time>2024-03-15T15:43:52Z</time>
   </trkpt>
   <trkpt lat="45.8770310" lon="15.1989720">
    <ele>564.0</ele>
    <time>2024-03-15T15:43:53Z</time>
   </trkpt>
   <trkpt lat="45.8770400" lon="15.1989990">
    <ele>564.0</ele>
    <time>2024-03-15T15:43:54Z</time>
   </trkpt>
   <trkpt lat="45.8770480" lon="15.1990260">
    <ele>564.0</ele>
    <time>2024-03-15T15:43:55Z</time>
   </trkpt>
   <trkpt lat="45.8770570" lon="15.1990540">
    <ele>564.0</ele>
    <time>2024-03-15T15:43:56Z</time>
   </trkpt>
   <trkpt lat="45.8770670" lon="15.1990820">
    <ele>565.0</ele>
    <time>2024-03-15T15:43:57Z</time>
   </trkpt>
   <trkpt lat="45.8770760" lon="15.1991140">
    <ele>565.0</ele>
    <time>2024-03-15T15:43:58Z</time>
   </trkpt>
   <trkpt lat="45.8770850" lon="15.1991470">
    <ele>565.0</ele>
    <time>2024-03-15T15:43:59Z</time>
   </trkpt>
   <trkpt lat="45.8770950" lon="15.1991860">
    <ele>565.0</ele>
    <time>2024-03-15T15:44:00Z</time>
   </trkpt>
   <trkpt lat="45.8771050" lon="15.1992240">
    <ele>565.0</ele>
    <time>2024-03-15T15:44:01Z</time>
   </trkpt>
   <trkpt lat="45.8771160" lon="15.1992610">
    <ele>566.0</ele>
    <time>2024-03-15T15:44:02Z</time>
   </trkpt>
   <trkpt lat="45.8771270" lon="15.1992990">
    <ele>566.0</ele>
    <time>2024-03-15T15:44:03Z</time>
   </trkpt>
   <trkpt lat="45.8771380" lon="15.1993300">
    <ele>566.0</ele>
    <time>2024-03-15T15:44:04Z</time>
   </trkpt>
   <trkpt lat="45.8771480" lon="15.1993620">
    <ele>566.0</ele>
    <time>2024-03-15T15:44:05Z</time>
   </trkpt>
   <trkpt lat="45.8771570" lon="15.1993890">
    <ele>566.0</ele>
    <time>2024-03-15T15:44:06Z</time>
   </trkpt>
   <trkpt lat="45.8771670" lon="15.1994170">
    <ele>567.0</ele>
    <time>2024-03-15T15:44:07Z</time>
   </trkpt>
   <trkpt lat="45.8771750" lon="15.1994370">
    <ele>567.0</ele>
    <time>2024-03-15T15:44:08Z</time>
   </trkpt>
   <trkpt lat="45.8771830" lon="15.1994580">
    <ele>567.0</ele>
    <time>2024-03-15T15:44:09Z</time>
   </trkpt>
   <trkpt lat="45.8771910" lon="15.1994780">
    <ele>567.0</ele>
    <time>2024-03-15T15:44:10Z</time>
   </trkpt>
   <trkpt lat="45.8771980" lon="15.1994980">
    <ele>567.0</ele>
    <time>2024-03-15T15:44:11Z</time>
   </trkpt>
   <trkpt lat="45.8772060" lon="15.1995230">
    <ele>567.0</ele>
    <time>2024-03-15T15:44:12Z</time>
   </trkpt>
   <trkpt lat="45.8772140" lon="15.1995480">
    <ele>567.0</ele>
    <time>2024-03-15T15:44:13Z</time>
   </trkpt>
   <trkpt lat="45.8772230" lon="15.1995790">
    <ele>567.0</ele>
    <time>2024-03-15T15:44:14Z</time>
   </trkpt>
   <trkpt lat="45.8772330" lon="15.1996090">
    <ele>567.0</ele>
    <time>2024-03-15T15:44:15Z</time>
   </trkpt>
   <trkpt lat="45.8772440" lon="15.1996430">
    <ele>567.0</ele>
    <time>2024-03-15T15:44:16Z</time>
   </trkpt>
   <trkpt lat="45.8772560" lon="15.1996780">
    <ele>567.0</ele>
    <time>2024-03-15T15:44:17Z</time>
   </trkpt>
   <trkpt lat="45.8772680" lon="15.1997120">
    <ele>566.0</ele>
    <time>2024-03-15T15:44:18Z</time>
   </trkpt>
   <trkpt lat="45.8772810" lon="15.1997490">
    <ele>566.0</ele>
    <time>2024-03-15T15:44:19Z</time>
   </trkpt>
   <trkpt lat="45.8772940" lon="15.1997870">
    <ele>566.0</ele>
    <time>2024-03-15T15:44:20Z</time>
   </trkpt>
   <trkpt lat="45.8773050" lon="15.1998250">
    <ele>566.0</ele>
    <time>2024-03-15T15:44:21Z</time>
   </trkpt>
   <trkpt lat="45.8773170" lon="15.1998630">
    <ele>566.0</ele>
    <time>2024-03-15T15:44:22Z</time>
   </trkpt>
   <trkpt lat="45.8773220" lon="15.1999010">
    <ele>565.0</ele>
    <time>2024-03-15T15:44:23Z</time>
   </trkpt>
   <trkpt lat="45.8773280" lon="15.1999380">
    <ele>565.0</ele>
    <time>2024-03-15T15:44:24Z</time>
   </trkpt>
   <trkpt lat="45.8773340" lon="15.1999760">
    <ele>565.0</ele>
    <time>2024-03-15T15:44:25Z</time>
   </trkpt>
   <trkpt lat="45.8773350" lon="15.2000170">
    <ele>565.0</ele>
    <time>2024-03-15T15:44:26Z</time>
   </trkpt>
   <trkpt lat="45.8773360" lon="15.2000570">
    <ele>565.0</ele>
    <time>2024-03-15T15:44:27Z</time>
   </trkpt>
   <trkpt lat="45.8773350" lon="15.2001040">
    <ele>564.0</ele>
    <time>2024-03-15T15:44:28Z</time>
   </trkpt>
   <trkpt lat="45.8773340" lon="15.2001500">
    <ele>564.0</ele>
    <time>2024-03-15T15:44:29Z</time>
   </trkpt>
   <trkpt lat="45.8773340" lon="15.2001980">
    <ele>563.0</ele>
    <time>2024-03-15T15:44:30Z</time>
   </trkpt>
   <trkpt lat="45.8773340" lon="15.2002470">
    <ele>563.0</ele>
    <time>2024-03-15T15:44:31Z</time>
   </trkpt>
   <trkpt lat="45.8773340" lon="15.2002930">
    <ele>563.0</ele>
    <time>2024-03-15T15:44:32Z</time>
   </trkpt>
   <trkpt lat="45.8773340" lon="15.2003390">
    <ele>562.0</ele>
    <time>2024-03-15T15:44:33Z</time>
   </trkpt>
   <trkpt lat="45.8773370" lon="15.2003800">
    <ele>561.0</ele>
    <time>2024-03-15T15:44:34Z</time>
   </trkpt>
   <trkpt lat="45.8773400" lon="15.2004220">
    <ele>561.0</ele>
    <time>2024-03-15T15:44:35Z</time>
   </trkpt>
   <trkpt lat="45.8773440" lon="15.2004600">
    <ele>560.0</ele>
    <time>2024-03-15T15:44:36Z</time>
   </trkpt>
   <trkpt lat="45.8773490" lon="15.2004990">
    <ele>560.0</ele>
    <time>2024-03-15T15:44:37Z</time>
   </trkpt>
   <trkpt lat="45.8773540" lon="15.2005360">
    <ele>559.0</ele>
    <time>2024-03-15T15:44:38Z</time>
   </trkpt>
   <trkpt lat="45.8773600" lon="15.2005720">
    <ele>559.0</ele>
    <time>2024-03-15T15:44:39Z</time>
   </trkpt>
   <trkpt lat="45.8773660" lon="15.2006120">
    <ele>558.0</ele>
    <time>2024-03-15T15:44:40Z</time>
   </trkpt>
   <trkpt lat="45.8773730" lon="15.2006510">
    <ele>558.0</ele>
    <time>2024-03-15T15:44:41Z</time>
   </trkpt>
   <trkpt lat="45.8773790" lon="15.2006940">
    <ele>558.0</ele>
    <time>2024-03-15T15:44:42Z</time>
   </trkpt>
   <trkpt lat="45.8773850" lon="15.2007360">
    <ele>557.0</ele>
    <time>2024-03-15T15:44:43Z</time>
   </trkpt>
   <trkpt lat="45.8773870" lon="15.2007790">
    <ele>556.0</ele>
    <time>2024-03-15T15:44:44Z</time>
   </trkpt>
   <trkpt lat="45.8773890" lon="15.2008220">
    <ele>556.0</ele>
    <time>2024-03-15T15:44:45Z</time>
   </trkpt>
   <trkpt lat="45.8773870" lon="15.2008640">
    <ele>555.0</ele>
    <time>2024-03-15T15:44:46Z</time>
   </trkpt>
   <trkpt lat="45.8773850" lon="15.2009060">
    <ele>555.0</ele>
    <time>2024-03-15T15:44:47Z</time>
   </trkpt>
   <trkpt lat="45.8773820" lon="15.2009480">
    <ele>554.0</ele>
    <time>2024-03-15T15:44:48Z</time>
   </trkpt>
   <trkpt lat="45.8773790" lon="15.2009910">
    <ele>554.0</ele>
    <time>2024-03-15T15:44:49Z</time>
   </trkpt>
   <trkpt lat="45.8773770" lon="15.2010300">
    <ele>553.0</ele>
    <time>2024-03-15T15:44:50Z</time>
   </trkpt>
   <trkpt lat="45.8773750" lon="15.2010700">
    <ele>553.0</ele>
    <time>2024-03-15T15:44:51Z</time>
   </trkpt>
   <trkpt lat="45.8773730" lon="15.2011090">
    <ele>553.0</ele>
    <time>2024-03-15T15:44:52Z</time>
   </trkpt>
   <trkpt lat="45.8773700" lon="15.2011480">
    <ele>552.0</ele>
    <time>2024-03-15T15:44:53Z</time>
   </trkpt>
   <trkpt lat="45.8773670" lon="15.2011890">
    <ele>551.0</ele>
    <time>2024-03-15T15:44:54Z</time>
   </trkpt>
   <trkpt lat="45.8773630" lon="15.2012290">
    <ele>551.0</ele>
    <time>2024-03-15T15:44:55Z</time>
   </trkpt>
   <trkpt lat="45.8773570" lon="15.2012700">
    <ele>550.0</ele>
    <time>2024-03-15T15:44:56Z</time>
   </trkpt>
   <trkpt lat="45.8773520" lon="15.2013120">
    <ele>550.0</ele>
    <time>2024-03-15T15:44:57Z</time>
   </trkpt>
   <trkpt lat="45.8773460" lon="15.2013530">
    <ele>549.0</ele>
    <time>2024-03-15T15:44:58Z</time>
   </trkpt>
   <trkpt lat="45.8773400" lon="15.2013940">
    <ele>549.0</ele>
    <time>2024-03-15T15:44:59Z</time>
   </trkpt>
   <trkpt lat="45.8773370" lon="15.2014360">
    <ele>548.0</ele>
    <time>2024-03-15T15:45:00Z</time>
   </trkpt>
   <trkpt lat="45.8773340" lon="15.2014790">
    <ele>548.0</ele>
    <time>2024-03-15T15:45:01Z</time>
   </trkpt>
   <trkpt lat="45.8773350" lon="15.2015240">
    <ele>548.0</ele>
    <time>2024-03-15T15:45:02Z</time>
   </trkpt>
   <trkpt lat="45.8773370" lon="15.2015700">
    <ele>547.0</ele>
    <time>2024-03-15T15:45:03Z</time>
   </trkpt>
   <trkpt lat="45.8773420" lon="15.2016220">
    <ele>547.0</ele>
    <time>2024-03-15T15:45:04Z</time>
   </trkpt>
   <trkpt lat="45.8773480" lon="15.2016730">
    <ele>546.0</ele>
    <time>2024-03-15T15:45:05Z</time>
   </trkpt>
   <trkpt lat="45.8773590" lon="15.2017300">
    <ele>546.0</ele>
    <time>2024-03-15T15:45:06Z</time>
   </trkpt>
   <trkpt lat="45.8773690" lon="15.2017880">
    <ele>546.0</ele>
    <time>2024-03-15T15:45:07Z</time>
   </trkpt>
   <trkpt lat="45.8773810" lon="15.2018390">
    <ele>545.0</ele>
    <time>2024-03-15T15:45:08Z</time>
   </trkpt>
   <trkpt lat="45.8773930" lon="15.2018900">
    <ele>545.0</ele>
    <time>2024-03-15T15:45:09Z</time>
   </trkpt>
   <trkpt lat="45.8774080" lon="15.2019310">
    <ele>544.0</ele>
    <time>2024-03-15T15:45:10Z</time>
   </trkpt>
   <trkpt lat="45.8774230" lon="15.2019710">
    <ele>544.0</ele>
    <time>2024-03-15T15:45:11Z</time>
   </trkpt>
   <trkpt lat="45.8774440" lon="15.2020030">
    <ele>544.0</ele>
    <time>2024-03-15T15:45:12Z</time>
   </trkpt>
   <trkpt lat="45.8774650" lon="15.2020360">
    <ele>543.0</ele>
    <time>2024-03-15T15:45:13Z</time>
   </trkpt>
   <trkpt lat="45.8774890" lon="15.2020640">
    <ele>543.0</ele>
    <time>2024-03-15T15:45:14Z</time>
   </trkpt>
   <trkpt lat="45.8775140" lon="15.2020910">
    <ele>543.0</ele>
    <time>2024-03-15T15:45:15Z</time>
   </trkpt>
   <trkpt lat="45.8775370" lon="15.2021130">
    <ele>543.0</ele>
    <time>2024-03-15T15:45:16Z</time>
   </trkpt>
   <trkpt lat="45.8775600" lon="15.2021350">
    <ele>543.0</ele>
    <time>2024-03-15T15:45:17Z</time>
   </trkpt>
   <trkpt lat="45.8775820" lon="15.2021580">
    <ele>542.0</ele>
    <time>2024-03-15T15:45:18Z</time>
   </trkpt>
   <trkpt lat="45.8776050" lon="15.2021810">
    <ele>542.0</ele>
    <time>2024-03-15T15:45:19Z</time>
   </trkpt>
   <trkpt lat="45.8776270" lon="15.2022100">
    <ele>542.0</ele>
    <time>2024-03-15T15:45:20Z</time>
   </trkpt>
   <trkpt lat="45.8776490" lon="15.2022390">
    <ele>542.0</ele>
    <time>2024-03-15T15:45:21Z</time>
   </trkpt>
   <trkpt lat="45.8776690" lon="15.2022740">
    <ele>542.0</ele>
    <time>2024-03-15T15:45:22Z</time>
   </trkpt>
   <trkpt lat="45.8776890" lon="15.2023090">
    <ele>542.0</ele>
    <time>2024-03-15T15:45:23Z</time>
   </trkpt>
   <trkpt lat="45.8777110" lon="15.2023420">
    <ele>542.0</ele>
    <time>2024-03-15T15:45:24Z</time>
   </trkpt>
   <trkpt lat="45.8777330" lon="15.2023750">
    <ele>542.0</ele>
    <time>2024-03-15T15:45:25Z</time>
   </trkpt>
   <trkpt lat="45.8777560" lon="15.2024000">
    <ele>542.0</ele>
    <time>2024-03-15T15:45:26Z</time>
   </trkpt>
   <trkpt lat="45.8777790" lon="15.2024260">
    <ele>542.0</ele>
    <time>2024-03-15T15:45:27Z</time>
   </trkpt>
   <trkpt lat="45.8778000" lon="15.2024440">
    <ele>542.0</ele>
    <time>2024-03-15T15:45:28Z</time>
   </trkpt>
   <trkpt lat="45.8778220" lon="15.2024630">
    <ele>542.0</ele>
    <time>2024-03-15T15:45:29Z</time>
   </trkpt>
   <trkpt lat="45.8778420" lon="15.2024730">
    <ele>542.0</ele>
    <time>2024-03-15T15:45:30Z</time>
   </trkpt>
   <trkpt lat="45.8778620" lon="15.2024840">
    <ele>542.0</ele>
    <time>2024-03-15T15:45:31Z</time>
   </trkpt>
   <trkpt lat="45.8778830" lon="15.2024920">
    <ele>542.0</ele>
    <time>2024-03-15T15:45:32Z</time>
   </trkpt>
   <trkpt lat="45.8779040" lon="15.2025000">
    <ele>542.0</ele>
    <time>2024-03-15T15:45:33Z</time>
   </trkpt>
   <trkpt lat="45.8779290" lon="15.2025070">
    <ele>542.0</ele>
    <time>2024-03-15T15:45:34Z</time>
   </trkpt>
   <trkpt lat="45.8779530" lon="15.2025150">
    <ele>542.0</ele>
    <time>2024-03-15T15:45:35Z</time>
   </trkpt>
   <trkpt lat="45.8779810" lon="15.2025200">
    <ele>542.0</ele>
    <time>2024-03-15T15:45:36Z</time>
   </trkpt>
   <trkpt lat="45.8780080" lon="15.2025260">
    <ele>542.0</ele>
    <time>2024-03-15T15:45:37Z</time>
   </trkpt>
   <trkpt lat="45.8780350" lon="15.2025290">
    <ele>541.0</ele>
    <time>2024-03-15T15:45:38Z</time>
   </trkpt>
   <trkpt lat="45.8780610" lon="15.2025320">
    <ele>541.0</ele>
    <time>2024-03-15T15:45:39Z</time>
   </trkpt>
   <trkpt lat="45.8780830" lon="15.2025320">
    <ele>541.0</ele>
    <time>2024-03-15T15:45:40Z</time>
   </trkpt>
   <trkpt lat="45.8781040" lon="15.2025310">
    <ele>541.0</ele>
    <time>2024-03-15T15:45:41Z</time>
   </trkpt>
   <trkpt lat="45.8781260" lon="15.2025310">
    <ele>541.0</ele>
    <time>2024-03-15T15:45:42Z</time>
   </trkpt>
   <trkpt lat="45.8781470" lon="15.2025270">
    <ele>541.0</ele>
    <time>2024-03-15T15:45:43Z</time>
   </trkpt>
   <trkpt lat="45.8781680" lon="15.2025230">
    <ele>541.0</ele>
    <time>2024-03-15T15:45:44Z</time>
   </trkpt>
   <trkpt lat="45.8781910" lon="15.2025130">
    <ele>541.0</ele>
    <time>2024-03-15T15:45:45Z</time>
   </trkpt>
   <trkpt lat="45.8782130" lon="15.2025040">
    <ele>541.0</ele>
    <time>2024-03-15T15:45:46Z</time>
   </trkpt>
   <trkpt lat="45.8782400" lon="15.2024880">
    <ele>541.0</ele>
    <time>2024-03-15T15:45:47Z</time>
   </trkpt>
   <trkpt lat="45.8782670" lon="15.2024720">
    <ele>541.0</ele>
    <time>2024-03-15T15:45:48Z</time>
   </trkpt>
   <trkpt lat="45.8782960" lon="15.2024550">
    <ele>541.0</ele>
    <time>2024-03-15T15:45:49Z</time>
   </trkpt>
   <trkpt lat="45.8783250" lon="15.2024380">
    <ele>541.0</ele>
    <time>2024-03-15T15:45:50Z</time>
   </trkpt>
   <trkpt lat="45.8783530" lon="15.2024220">
    <ele>541.0</ele>
    <time>2024-03-15T15:45:51Z</time>
   </trkpt>
   <trkpt lat="45.8783800" lon="15.2024070">
    <ele>541.0</ele>
    <time>2024-03-15T15:45:52Z</time>
   </trkpt>
   <trkpt lat="45.8784080" lon="15.2023900">
    <ele>541.0</ele>
    <time>2024-03-15T15:45:53Z</time>
   </trkpt>
   <trkpt lat="45.8784360" lon="15.2023730">
    <ele>541.0</ele>
    <time>2024-03-15T15:45:54Z</time>
   </trkpt>
   <trkpt lat="45.8784630" lon="15.2023570">
    <ele>541.0</ele>
    <time>2024-03-15T15:45:55Z</time>
   </trkpt>
   <trkpt lat="45.8784900" lon="15.2023410">
    <ele>541.0</ele>
    <time>2024-03-15T15:45:56Z</time>
   </trkpt>
   <trkpt lat="45.8785160" lon="15.2023310">
    <ele>541.0</ele>
    <time>2024-03-15T15:45:57Z</time>
   </trkpt>
   <trkpt lat="45.8785410" lon="15.2023210">
    <ele>541.0</ele>
    <time>2024-03-15T15:45:58Z</time>
   </trkpt>
   <trkpt lat="45.8785680" lon="15.2023150">
    <ele>541.0</ele>
    <time>2024-03-15T15:45:59Z</time>
   </trkpt>
   <trkpt lat="45.8785940" lon="15.2023090">
    <ele>541.0</ele>
    <time>2024-03-15T15:46:00Z</time>
   </trkpt>
   <trkpt lat="45.8786190" lon="15.2023070">
    <ele>541.0</ele>
    <time>2024-03-15T15:46:01Z</time>
   </trkpt>
   <trkpt lat="45.8786430" lon="15.2023060">
    <ele>541.0</ele>
    <time>2024-03-15T15:46:02Z</time>
   </trkpt>
   <trkpt lat="45.8786670" lon="15.2023080">
    <ele>541.0</ele>
    <time>2024-03-15T15:46:03Z</time>
   </trkpt>
   <trkpt lat="45.8786910" lon="15.2023100">
    <ele>541.0</ele>
    <time>2024-03-15T15:46:04Z</time>
   </trkpt>
   <trkpt lat="45.8787150" lon="15.2023150">
    <ele>541.0</ele>
    <time>2024-03-15T15:46:05Z</time>
   </trkpt>
   <trkpt lat="45.8787380" lon="15.2023200">
    <ele>541.0</ele>
    <time>2024-03-15T15:46:06Z</time>
   </trkpt>
   <trkpt lat="45.8787610" lon="15.2023250">
    <ele>541.0</ele>
    <time>2024-03-15T15:46:07Z</time>
   </trkpt>
   <trkpt lat="45.8787830" lon="15.2023300">
    <ele>541.0</ele>
    <time>2024-03-15T15:46:08Z</time>
   </trkpt>
   <trkpt lat="45.8788060" lon="15.2023310">
    <ele>541.0</ele>
    <time>2024-03-15T15:46:09Z</time>
   </trkpt>
   <trkpt lat="45.8788290" lon="15.2023310">
    <ele>541.0</ele>
    <time>2024-03-15T15:46:10Z</time>
   </trkpt>
   <trkpt lat="45.8788540" lon="15.2023300">
    <ele>541.0</ele>
    <time>2024-03-15T15:46:11Z</time>
   </trkpt>
   <trkpt lat="45.8788800" lon="15.2023290">
    <ele>541.0</ele>
    <time>2024-03-15T15:46:12Z</time>
   </trkpt>
   <trkpt lat="45.8789070" lon="15.2023390">
    <ele>540.0</ele>
    <time>2024-03-15T15:46:13Z</time>
   </trkpt>
   <trkpt lat="45.8789340" lon="15.2023490">
    <ele>540.0</ele>
    <time>2024-03-15T15:46:14Z</time>
   </trkpt>
   <trkpt lat="45.8789610" lon="15.2023740">
    <ele>540.0</ele>
    <time>2024-03-15T15:46:15Z</time>
   </trkpt>
   <trkpt lat="45.8789880" lon="15.2023990">
    <ele>540.0</ele>
    <time>2024-03-15T15:46:16Z</time>
   </trkpt>
   <trkpt lat="45.8790150" lon="15.2024340">
    <ele>540.0</ele>
    <time>2024-03-15T15:46:17Z</time>
   </trkpt>
   <trkpt lat="45.8790430" lon="15.2024690">
    <ele>539.0</ele>
    <time>2024-03-15T15:46:18Z</time>
   </trkpt>
   <trkpt lat="45.8790720" lon="15.2025070">
    <ele>539.0</ele>
    <time>2024-03-15T15:46:19Z</time>
   </trkpt>
   <trkpt lat="45.8791000" lon="15.2025450">
    <ele>538.0</ele>
    <time>2024-03-15T15:46:20Z</time>
   </trkpt>
   <trkpt lat="45.8791290" lon="15.2025840">
    <ele>538.0</ele>
    <time>2024-03-15T15:46:21Z</time>
   </trkpt>
   <trkpt lat="45.8791570" lon="15.2026220">
    <ele>538.0</ele>
    <time>2024-03-15T15:46:22Z</time>
   </trkpt>
   <trkpt lat="45.8791820" lon="15.2026640">
    <ele>537.0</ele>
    <time>2024-03-15T15:46:23Z</time>
   </trkpt>
   <trkpt lat="45.8792070" lon="15.2027070">
    <ele>536.0</ele>
    <time>2024-03-15T15:46:24Z</time>
   </trkpt>
   <trkpt lat="45.8792270" lon="15.2027520">
    <ele>536.0</ele>
    <time>2024-03-15T15:46:25Z</time>
   </trkpt>
   <trkpt lat="45.8792480" lon="15.2027970">
    <ele>535.0</ele>
    <time>2024-03-15T15:46:26Z</time>
   </trkpt>
   <trkpt lat="45.8792630" lon="15.2028440">
    <ele>535.0</ele>
    <time>2024-03-15T15:46:27Z</time>
   </trkpt>
   <trkpt lat="45.8792790" lon="15.2028910">
    <ele>534.0</ele>
    <time>2024-03-15T15:46:28Z</time>
   </trkpt>
   <trkpt lat="45.8792910" lon="15.2029380">
    <ele>534.0</ele>
    <time>2024-03-15T15:46:29Z</time>
   </trkpt>
   <trkpt lat="45.8793040" lon="15.2029840">
    <ele>533.0</ele>
    <time>2024-03-15T15:46:30Z</time>
   </trkpt>
   <trkpt lat="45.8793150" lon="15.2030300">
    <ele>533.0</ele>
    <time>2024-03-15T15:46:31Z</time>
   </trkpt>
   <trkpt lat="45.8793260" lon="15.2030750">
    <ele>533.0</ele>
    <time>2024-03-15T15:46:32Z</time>
   </trkpt>
   <trkpt lat="45.8793360" lon="15.2031120">
    <ele>532.0</ele>
    <time>2024-03-15T15:46:33Z</time>
   </trkpt>
   <trkpt lat="45.8793470" lon="15.2031500">
    <ele>531.0</ele>
    <time>2024-03-15T15:46:34Z</time>
   </trkpt>
   <trkpt lat="45.8793530" lon="15.2031790">
    <ele>531.0</ele>
    <time>2024-03-15T15:46:35Z</time>
   </trkpt>
   <trkpt lat="45.8793580" lon="15.2032080">
    <ele>530.0</ele>
    <time>2024-03-15T15:46:36Z</time>
   </trkpt>
   <trkpt lat="45.8793580" lon="15.2032080">
    <ele>530.0</ele>
    <time>2024-03-15T15:46:37Z</time>
   </trkpt>
   <trkpt lat="45.8793580" lon="15.2032080">
    <ele>529.0</ele>
    <time>2024-03-15T15:46:38Z</time>
   </trkpt>
   <trkpt lat="45.8793580" lon="15.2032080">
    <ele>528.0</ele>
    <time>2024-03-15T15:46:39Z</time>
   </trkpt>
   <trkpt lat="45.8793580" lon="15.2032080">
    <ele>528.0</ele>
    <time>2024-03-15T15:46:40Z</time>
   </trkpt>
   <trkpt lat="45.8793580" lon="15.2032080">
    <ele>527.0</ele>
    <time>2024-03-15T15:46:41Z</time>
   </trkpt>
   <trkpt lat="45.8793580" lon="15.2032080">
    <ele>527.0</ele>
    <time>2024-03-15T15:46:42Z</time>
   </trkpt>
   <trkpt lat="45.8793580" lon="15.2032080">
    <ele>526.0</ele>
    <time>2024-03-15T15:46:43Z</time>
   </trkpt>
   <trkpt lat="45.8793580" lon="15.2032080">
    <ele>525.0</ele>
    <time>2024-03-15T15:46:44Z</time>
   </trkpt>
   <trkpt lat="45.8793580" lon="15.2032080">
    <ele>524.0</ele>
    <time>2024-03-15T15:46:45Z</time>
   </trkpt>
   <trkpt lat="45.8793580" lon="15.2032080">
    <ele>523.0</ele>
    <time>2024-03-15T15:46:46Z</time>
   </trkpt>
   <trkpt lat="45.8793580" lon="15.2032080">
    <ele>523.0</ele>
    <time>2024-03-15T15:46:47Z</time>
   </trkpt>
   <trkpt lat="45.8793580" lon="15.2032080">
    <ele>522.0</ele>
    <time>2024-03-15T15:46:48Z</time>
   </trkpt>
   <trkpt lat="45.8793580" lon="15.2032080">
    <ele>522.0</ele>
    <time>2024-03-15T15:46:49Z</time>
   </trkpt>
   <trkpt lat="45.8793580" lon="15.2032080">
    <ele>522.0</ele>
    <time>2024-03-15T15:46:50Z</time>
   </trkpt>
   <trkpt lat="45.8793580" lon="15.2032080">
    <ele>522.0</ele>
    <time>2024-03-15T15:46:51Z</time>
   </trkpt>
   <trkpt lat="45.8793530" lon="15.2032350">
    <ele>522.0</ele>
    <time>2024-03-15T15:46:52Z</time>
   </trkpt>
   <trkpt lat="45.8793510" lon="15.2032510">
    <ele>521.0</ele>
    <time>2024-03-15T15:46:53Z</time>
   </trkpt>
   <trkpt lat="45.8793490" lon="15.2032660">
    <ele>521.0</ele>
    <time>2024-03-15T15:46:54Z</time>
   </trkpt>
   <trkpt lat="45.8793480" lon="15.2032840">
    <ele>521.0</ele>
    <time>2024-03-15T15:46:55Z</time>
   </trkpt>
   <trkpt lat="45.8793480" lon="15.2033010">
    <ele>521.0</ele>
    <time>2024-03-15T15:46:56Z</time>
   </trkpt>
   <trkpt lat="45.8793470" lon="15.2033270">
    <ele>521.0</ele>
    <time>2024-03-15T15:46:57Z</time>
   </trkpt>
   <trkpt lat="45.8793460" lon="15.2033530">
    <ele>520.0</ele>
    <time>2024-03-15T15:46:58Z</time>
   </trkpt>
   <trkpt lat="45.8793430" lon="15.2033860">
    <ele>520.0</ele>
    <time>2024-03-15T15:46:59Z</time>
   </trkpt>
   <trkpt lat="45.8793400" lon="15.2034200">
    <ele>520.0</ele>
    <time>2024-03-15T15:47:00Z</time>
   </trkpt>
   <trkpt lat="45.8793390" lon="15.2034610">
    <ele>520.0</ele>
    <time>2024-03-15T15:47:01Z</time>
   </trkpt>
   <trkpt lat="45.8793370" lon="15.2035030">
    <ele>520.0</ele>
    <time>2024-03-15T15:47:02Z</time>
   </trkpt>
   <trkpt lat="45.8793380" lon="15.2035490">
    <ele>519.0</ele>
    <time>2024-03-15T15:47:03Z</time>
   </trkpt>
   <trkpt lat="45.8793380" lon="15.2035950">
    <ele>519.0</ele>
    <time>2024-03-15T15:47:04Z</time>
   </trkpt>
   <trkpt lat="45.8793410" lon="15.2036410">
    <ele>519.0</ele>
    <time>2024-03-15T15:47:05Z</time>
   </trkpt>
   <trkpt lat="45.8793430" lon="15.2036880">
    <ele>519.0</ele>
    <time>2024-03-15T15:47:06Z</time>
   </trkpt>
   <trkpt lat="45.8793470" lon="15.2037320">
    <ele>519.0</ele>
    <time>2024-03-15T15:47:07Z</time>
   </trkpt>
   <trkpt lat="45.8793500" lon="15.2037780">
    <ele>518.0</ele>
    <time>2024-03-15T15:47:08Z</time>
   </trkpt>
   <trkpt lat="45.8793540" lon="15.2038220">
    <ele>518.0</ele>
    <time>2024-03-15T15:47:09Z</time>
   </trkpt>
   <trkpt lat="45.8793560" lon="15.2038670">
    <ele>518.0</ele>
    <time>2024-03-15T15:47:10Z</time>
   </trkpt>
   <trkpt lat="45.8793580" lon="15.2039110">
    <ele>518.0</ele>
    <time>2024-03-15T15:47:11Z</time>
   </trkpt>
   <trkpt lat="45.8793600" lon="15.2039550">
    <ele>518.0</ele>
    <time>2024-03-15T15:47:12Z</time>
   </trkpt>
   <trkpt lat="45.8793630" lon="15.2039970">
    <ele>517.0</ele>
    <time>2024-03-15T15:47:13Z</time>
   </trkpt>
   <trkpt lat="45.8793660" lon="15.2040400">
    <ele>517.0</ele>
    <time>2024-03-15T15:47:14Z</time>
   </trkpt>
   <trkpt lat="45.8793720" lon="15.2040810">
    <ele>516.0</ele>
    <time>2024-03-15T15:47:15Z</time>
   </trkpt>
   <trkpt lat="45.8793780" lon="15.2041210">
    <ele>516.0</ele>
    <time>2024-03-15T15:47:16Z</time>
   </trkpt>
   <trkpt lat="45.8793890" lon="15.2041590">
    <ele>516.0</ele>
    <time>2024-03-15T15:47:17Z</time>
   </trkpt>
   <trkpt lat="45.8794010" lon="15.2041960">
    <ele>515.0</ele>
    <time>2024-03-15T15:47:18Z</time>
   </trkpt>
   <trkpt lat="45.8794170" lon="15.2042270">
    <ele>514.0</ele>
    <time>2024-03-15T15:47:19Z</time>
   </trkpt>
   <trkpt lat="45.8794340" lon="15.2042590">
    <ele>514.0</ele>
    <time>2024-03-15T15:47:20Z</time>
   </trkpt>
   <trkpt lat="45.8794540" lon="15.2042870">
    <ele>513.0</ele>
    <time>2024-03-15T15:47:21Z</time>
   </trkpt>
   <trkpt lat="45.8794740" lon="15.2043140">
    <ele>513.0</ele>
    <time>2024-03-15T15:47:22Z</time>
   </trkpt>
   <trkpt lat="45.8794960" lon="15.2043400">
    <ele>512.0</ele>
    <time>2024-03-15T15:47:23Z</time>
   </trkpt>
   <trkpt lat="45.8795190" lon="15.2043660">
    <ele>511.0</ele>
    <time>2024-03-15T15:47:24Z</time>
   </trkpt>
   <trkpt lat="45.8795390" lon="15.2043940">
    <ele>511.0</ele>
    <time>2024-03-15T15:47:25Z</time>
   </trkpt>
   <trkpt lat="45.8795590" lon="15.2044230">
    <ele>510.0</ele>
    <time>2024-03-15T15:47:26Z</time>
   </trkpt>
   <trkpt lat="45.8795800" lon="15.2044490">
    <ele>510.0</ele>
    <time>2024-03-15T15:47:27Z</time>
   </trkpt>
   <trkpt lat="45.8796010" lon="15.2044750">
    <ele>509.0</ele>
    <time>2024-03-15T15:47:28Z</time>
   </trkpt>
   <trkpt lat="45.8796240" lon="15.2044980">
    <ele>508.0</ele>
    <time>2024-03-15T15:47:29Z</time>
   </trkpt>
   <trkpt lat="45.8796480" lon="15.2045210">
    <ele>507.0</ele>
    <time>2024-03-15T15:47:30Z</time>
   </trkpt>
   <trkpt lat="45.8796730" lon="15.2045440">
    <ele>506.0</ele>
    <time>2024-03-15T15:47:31Z</time>
   </trkpt>
   <trkpt lat="45.8796990" lon="15.2045680">
    <ele>506.0</ele>
    <time>2024-03-15T15:47:32Z</time>
   </trkpt>
   <trkpt lat="45.8797220" lon="15.2045970">
    <ele>505.0</ele>
    <time>2024-03-15T15:47:33Z</time>
   </trkpt>
   <trkpt lat="45.8797460" lon="15.2046260">
    <ele>504.0</ele>
    <time>2024-03-15T15:47:34Z</time>
   </trkpt>
   <trkpt lat="45.8797640" lon="15.2046540">
    <ele>504.0</ele>
    <time>2024-03-15T15:47:35Z</time>
   </trkpt>
   <trkpt lat="45.8797820" lon="15.2046820">
    <ele>503.0</ele>
    <time>2024-03-15T15:47:36Z</time>
   </trkpt>
   <trkpt lat="45.8797970" lon="15.2047020">
    <ele>503.0</ele>
    <time>2024-03-15T15:47:37Z</time>
   </trkpt>
   <trkpt lat="45.8798120" lon="15.2047220">
    <ele>502.0</ele>
    <time>2024-03-15T15:47:38Z</time>
   </trkpt>
   <trkpt lat="45.8798270" lon="15.2047330">
    <ele>501.0</ele>
    <time>2024-03-15T15:47:39Z</time>
   </trkpt>
   <trkpt lat="45.8798430" lon="15.2047440">
    <ele>500.0</ele>
    <time>2024-03-15T15:47:40Z</time>
   </trkpt>
   <trkpt lat="45.8798600" lon="15.2047540">
    <ele>499.0</ele>
    <time>2024-03-15T15:47:41Z</time>
   </trkpt>
   <trkpt lat="45.8798780" lon="15.2047640">
    <ele>499.0</ele>
    <time>2024-03-15T15:47:42Z</time>
   </trkpt>
   <trkpt lat="45.8798950" lon="15.2047870">
    <ele>498.0</ele>
    <time>2024-03-15T15:47:43Z</time>
   </trkpt>
   <trkpt lat="45.8799130" lon="15.2048090">
    <ele>497.0</ele>
    <time>2024-03-15T15:47:44Z</time>
   </trkpt>
   <trkpt lat="45.8799280" lon="15.2048440">
    <ele>497.0</ele>
    <time>2024-03-15T15:47:45Z</time>
   </trkpt>
   <trkpt lat="45.8799430" lon="15.2048800">
    <ele>496.0</ele>
    <time>2024-03-15T15:47:46Z</time>
   </trkpt>
   <trkpt lat="45.8799590" lon="15.2049220">
    <ele>496.0</ele>
    <time>2024-03-15T15:47:47Z</time>
   </trkpt>
   <trkpt lat="45.8799750" lon="15.2049630">
    <ele>495.0</ele>
    <time>2024-03-15T15:47:48Z</time>
   </trkpt>
   <trkpt lat="45.8799940" lon="15.2050100">
    <ele>494.0</ele>
    <time>2024-03-15T15:47:49Z</time>
   </trkpt>
   <trkpt lat="45.8800140" lon="15.2050560">
    <ele>494.0</ele>
    <time>2024-03-15T15:47:50Z</time>
   </trkpt>
   <trkpt lat="45.8800340" lon="15.2051060">
    <ele>493.0</ele>
    <time>2024-03-15T15:47:51Z</time>
   </trkpt>
   <trkpt lat="45.8800540" lon="15.2051560">
    <ele>493.0</ele>
    <time>2024-03-15T15:47:52Z</time>
   </trkpt>
   <trkpt lat="45.8800700" lon="15.2052110">
    <ele>492.0</ele>
    <time>2024-03-15T15:47:53Z</time>
   </trkpt>
   <trkpt lat="45.8800870" lon="15.2052650">
    <ele>491.0</ele>
    <time>2024-03-15T15:47:54Z</time>
   </trkpt>
   <trkpt lat="45.8801020" lon="15.2053120">
    <ele>491.0</ele>
    <time>2024-03-15T15:47:55Z</time>
   </trkpt>
   <trkpt lat="45.8801180" lon="15.2053600">
    <ele>490.0</ele>
    <time>2024-03-15T15:47:56Z</time>
   </trkpt>
   <trkpt lat="45.8801350" lon="15.2053970">
    <ele>490.0</ele>
    <time>2024-03-15T15:47:57Z</time>
   </trkpt>
   <trkpt lat="45.8801520" lon="15.2054340">
    <ele>489.0</ele>
    <time>2024-03-15T15:47:58Z</time>
   </trkpt>
   <trkpt lat="45.8801740" lon="15.2054640">
    <ele>488.0</ele>
    <time>2024-03-15T15:47:59Z</time>
   </trkpt>
   <trkpt lat="45.8801960" lon="15.2054950">
    <ele>487.0</ele>
    <time>2024-03-15T15:48:00Z</time>
   </trkpt>
   <trkpt lat="45.8802240" lon="15.2055210">
    <ele>486.0</ele>
    <time>2024-03-15T15:48:01Z</time>
   </trkpt>
   <trkpt lat="45.8802520" lon="15.2055470">
    <ele>486.0</ele>
    <time>2024-03-15T15:48:02Z</time>
   </trkpt>
   <trkpt lat="45.8802800" lon="15.2055670">
    <ele>485.0</ele>
    <time>2024-03-15T15:48:03Z</time>
   </trkpt>
   <trkpt lat="45.8803090" lon="15.2055870">
    <ele>484.0</ele>
    <time>2024-03-15T15:48:04Z</time>
   </trkpt>
   <trkpt lat="45.8803380" lon="15.2056000">
    <ele>484.0</ele>
    <time>2024-03-15T15:48:05Z</time>
   </trkpt>
   <trkpt lat="45.8803670" lon="15.2056120">
    <ele>483.0</ele>
    <time>2024-03-15T15:48:06Z</time>
   </trkpt>
   <trkpt lat="45.8803910" lon="15.2056180">
    <ele>483.0</ele>
    <time>2024-03-15T15:48:07Z</time>
   </trkpt>
   <trkpt lat="45.8804150" lon="15.2056240">
    <ele>482.0</ele>
    <time>2024-03-15T15:48:08Z</time>
   </trkpt>
   <trkpt lat="45.8804320" lon="15.2056250">
    <ele>482.0</ele>
    <time>2024-03-15T15:48:09Z</time>
   </trkpt>
   <trkpt lat="45.8804480" lon="15.2056270">
    <ele>481.0</ele>
    <time>2024-03-15T15:48:10Z</time>
   </trkpt>
   <trkpt lat="45.8804650" lon="15.2056270">
    <ele>481.0</ele>
    <time>2024-03-15T15:48:11Z</time>
   </trkpt>
   <trkpt lat="45.8804820" lon="15.2056280">
    <ele>481.0</ele>
    <time>2024-03-15T15:48:12Z</time>
   </trkpt>
   <trkpt lat="45.8805040" lon="15.2056380">
    <ele>480.0</ele>
    <time>2024-03-15T15:48:13Z</time>
   </trkpt>
   <trkpt lat="45.8805250" lon="15.2056480">
    <ele>480.0</ele>
    <time>2024-03-15T15:48:14Z</time>
   </trkpt>
   <trkpt lat="45.8805530" lon="15.2056690">
    <ele>479.0</ele>
    <time>2024-03-15T15:48:15Z</time>
   </trkpt>
   <trkpt lat="45.8805820" lon="15.2056900">
    <ele>479.0</ele>
    <time>2024-03-15T15:48:16Z</time>
   </trkpt>
   <trkpt lat="45.8806130" lon="15.2057160">
    <ele>479.0</ele>
    <time>2024-03-15T15:48:17Z</time>
   </trkpt>
   <trkpt lat="45.8806450" lon="15.2057420">
    <ele>478.0</ele>
    <time>2024-03-15T15:48:18Z</time>
   </trkpt>
   <trkpt lat="45.8806770" lon="15.2057670">
    <ele>477.0</ele>
    <time>2024-03-15T15:48:19Z</time>
   </trkpt>
   <trkpt lat="45.8807090" lon="15.2057930">
    <ele>477.0</ele>
    <time>2024-03-15T15:48:20Z</time>
   </trkpt>
   <trkpt lat="45.8807410" lon="15.2058200">
    <ele>476.0</ele>
    <time>2024-03-15T15:48:21Z</time>
   </trkpt>
   <trkpt lat="45.8807730" lon="15.2058470">
    <ele>476.0</ele>
    <time>2024-03-15T15:48:22Z</time>
   </trkpt>
   <trkpt lat="45.8808040" lon="15.2058800">
    <ele>475.0</ele>
    <time>2024-03-15T15:48:23Z</time>
   </trkpt>
   <trkpt lat="45.8808340" lon="15.2059120">
    <ele>475.0</ele>
    <time>2024-03-15T15:48:24Z</time>
   </trkpt>
   <trkpt lat="45.8808630" lon="15.2059530">
    <ele>474.0</ele>
    <time>2024-03-15T15:48:25Z</time>
   </trkpt>
   <trkpt lat="45.8808910" lon="15.2059940">
    <ele>474.0</ele>
    <time>2024-03-15T15:48:26Z</time>
   </trkpt>
   <trkpt lat="45.8809170" lon="15.2060380">
    <ele>474.0</ele>
    <time>2024-03-15T15:48:27Z</time>
   </trkpt>
   <trkpt lat="45.8809430" lon="15.2060810">
    <ele>473.0</ele>
    <time>2024-03-15T15:48:28Z</time>
   </trkpt>
   <trkpt lat="45.8809670" lon="15.2061170">
    <ele>472.0</ele>
    <time>2024-03-15T15:48:29Z</time>
   </trkpt>
   <trkpt lat="45.8809920" lon="15.2061540">
    <ele>472.0</ele>
    <time>2024-03-15T15:48:30Z</time>
   </trkpt>
   <trkpt lat="45.8810190" lon="15.2061800">
    <ele>471.0</ele>
    <time>2024-03-15T15:48:31Z</time>
   </trkpt>
   <trkpt lat="45.8810460" lon="15.2062070">
    <ele>471.0</ele>
    <time>2024-03-15T15:48:32Z</time>
   </trkpt>
   <trkpt lat="45.8810770" lon="15.2062270">
    <ele>470.0</ele>
    <time>2024-03-15T15:48:33Z</time>
   </trkpt>
   <trkpt lat="45.8811080" lon="15.2062460">
    <ele>469.0</ele>
    <time>2024-03-15T15:48:34Z</time>
   </trkpt>
   <trkpt lat="45.8811430" lon="15.2062610">
    <ele>469.0</ele>
    <time>2024-03-15T15:48:35Z</time>
   </trkpt>
   <trkpt lat="45.8811790" lon="15.2062760">
    <ele>468.0</ele>
    <time>2024-03-15T15:48:36Z</time>
   </trkpt>
   <trkpt lat="45.8812130" lon="15.2062870">
    <ele>468.0</ele>
    <time>2024-03-15T15:48:37Z</time>
   </trkpt>
   <trkpt lat="45.8812470" lon="15.2062980">
    <ele>467.0</ele>
    <time>2024-03-15T15:48:38Z</time>
   </trkpt>
   <trkpt lat="45.8812810" lon="15.2063080">
    <ele>467.0</ele>
    <time>2024-03-15T15:48:39Z</time>
   </trkpt>
   <trkpt lat="45.8813140" lon="15.2063180">
    <ele>466.0</ele>
    <time>2024-03-15T15:48:40Z</time>
   </trkpt>
   <trkpt lat="45.8813470" lon="15.2063300">
    <ele>466.0</ele>
    <time>2024-03-15T15:48:41Z</time>
   </trkpt>
   <trkpt lat="45.8813800" lon="15.2063430">
    <ele>466.0</ele>
    <time>2024-03-15T15:48:42Z</time>
   </trkpt>
   <trkpt lat="45.8814150" lon="15.2063540">
    <ele>465.0</ele>
    <time>2024-03-15T15:48:43Z</time>
   </trkpt>
   <trkpt lat="45.8814500" lon="15.2063650">
    <ele>464.0</ele>
    <time>2024-03-15T15:48:44Z</time>
   </trkpt>
   <trkpt lat="45.8814850" lon="15.2063700">
    <ele>464.0</ele>
    <time>2024-03-15T15:48:45Z</time>
   </trkpt>
   <trkpt lat="45.8815190" lon="15.2063760">
    <ele>463.0</ele>
    <time>2024-03-15T15:48:46Z</time>
   </trkpt>
   <trkpt lat="45.8815540" lon="15.2063810">
    <ele>463.0</ele>
    <time>2024-03-15T15:48:47Z</time>
   </trkpt>
   <trkpt lat="45.8815880" lon="15.2063850">
    <ele>462.0</ele>
    <time>2024-03-15T15:48:48Z</time>
   </trkpt>
   <trkpt lat="45.8816210" lon="15.2063940">
    <ele>462.0</ele>
    <time>2024-03-15T15:48:49Z</time>
   </trkpt>
   <trkpt lat="45.8816550" lon="15.2064040">
    <ele>461.0</ele>
    <time>2024-03-15T15:48:50Z</time>
   </trkpt>
   <trkpt lat="45.8816850" lon="15.2064170">
    <ele>461.0</ele>
    <time>2024-03-15T15:48:51Z</time>
   </trkpt>
   <trkpt lat="45.8817160" lon="15.2064310">
    <ele>461.0</ele>
    <time>2024-03-15T15:48:52Z</time>
   </trkpt>
   <trkpt lat="45.8817410" lon="15.2064480">
    <ele>460.0</ele>
    <time>2024-03-15T15:48:53Z</time>
   </trkpt>
   <trkpt lat="45.8817670" lon="15.2064660">
    <ele>460.0</ele>
    <time>2024-03-15T15:48:54Z</time>
   </trkpt>
   <trkpt lat="45.8817880" lon="15.2064920">
    <ele>459.0</ele>
    <time>2024-03-15T15:48:55Z</time>
   </trkpt>
   <trkpt lat="45.8818100" lon="15.2065190">
    <ele>459.0</ele>
    <time>2024-03-15T15:48:56Z</time>
   </trkpt>
   <trkpt lat="45.8818290" lon="15.2065560">
    <ele>459.0</ele>
    <time>2024-03-15T15:48:57Z</time>
   </trkpt>
   <trkpt lat="45.8818480" lon="15.2065940">
    <ele>458.0</ele>
    <time>2024-03-15T15:48:58Z</time>
   </trkpt>
   <trkpt lat="45.8818680" lon="15.2066420">
    <ele>458.0</ele>
    <time>2024-03-15T15:48:59Z</time>
   </trkpt>
   <trkpt lat="45.8818880" lon="15.2066910">
    <ele>457.0</ele>
    <time>2024-03-15T15:49:00Z</time>
   </trkpt>
   <trkpt lat="45.8819100" lon="15.2067430">
    <ele>457.0</ele>
    <time>2024-03-15T15:49:01Z</time>
   </trkpt>
   <trkpt lat="45.8819320" lon="15.2067940">
    <ele>457.0</ele>
    <time>2024-03-15T15:49:02Z</time>
   </trkpt>
   <trkpt lat="45.8819570" lon="15.2068410">
    <ele>456.0</ele>
    <time>2024-03-15T15:49:03Z</time>
   </trkpt>
   <trkpt lat="45.8819820" lon="15.2068880">
    <ele>456.0</ele>
    <time>2024-03-15T15:49:04Z</time>
   </trkpt>
   <trkpt lat="45.8820050" lon="15.2069320">
    <ele>455.0</ele>
    <time>2024-03-15T15:49:05Z</time>
   </trkpt>
   <trkpt lat="45.8820290" lon="15.2069770">
    <ele>455.0</ele>
    <time>2024-03-15T15:49:06Z</time>
   </trkpt>
   <trkpt lat="45.8820460" lon="15.2070210">
    <ele>455.0</ele>
    <time>2024-03-15T15:49:07Z</time>
   </trkpt>
   <trkpt lat="45.8820630" lon="15.2070660">
    <ele>454.0</ele>
    <time>2024-03-15T15:49:08Z</time>
   </trkpt>
   <trkpt lat="45.8820750" lon="15.2071100">
    <ele>453.0</ele>
    <time>2024-03-15T15:49:09Z</time>
   </trkpt>
   <trkpt lat="45.8820870" lon="15.2071550">
    <ele>453.0</ele>
    <time>2024-03-15T15:49:10Z</time>
   </trkpt>
   <trkpt lat="45.8820930" lon="15.2072000">
    <ele>452.0</ele>
    <time>2024-03-15T15:49:11Z</time>
   </trkpt>
   <trkpt lat="45.8821000" lon="15.2072450">
    <ele>452.0</ele>
    <time>2024-03-15T15:49:12Z</time>
   </trkpt>
   <trkpt lat="45.8821040" lon="15.2072920">
    <ele>451.0</ele>
    <time>2024-03-15T15:49:13Z</time>
   </trkpt>
   <trkpt lat="45.8821080" lon="15.2073390">
    <ele>451.0</ele>
    <time>2024-03-15T15:49:14Z</time>
   </trkpt>
   <trkpt lat="45.8821130" lon="15.2073860">
    <ele>450.0</ele>
    <time>2024-03-15T15:49:15Z</time>
   </trkpt>
   <trkpt lat="45.8821180" lon="15.2074340">
    <ele>450.0</ele>
    <time>2024-03-15T15:49:16Z</time>
   </trkpt>
   <trkpt lat="45.8821280" lon="15.2074780">
    <ele>450.0</ele>
    <time>2024-03-15T15:49:17Z</time>
   </trkpt>
   <trkpt lat="45.8821380" lon="15.2075220">
    <ele>449.0</ele>
    <time>2024-03-15T15:49:18Z</time>
   </trkpt>
   <trkpt lat="45.8821510" lon="15.2075650">
    <ele>448.0</ele>
    <time>2024-03-15T15:49:19Z</time>
   </trkpt>
   <trkpt lat="45.8821640" lon="15.2076080">
    <ele>448.0</ele>
    <time>2024-03-15T15:49:20Z</time>
   </trkpt>
   <trkpt lat="45.8821750" lon="15.2076500">
    <ele>447.0</ele>
    <time>2024-03-15T15:49:21Z</time>
   </trkpt>
   <trkpt lat="45.8821860" lon="15.2076930">
    <ele>447.0</ele>
    <time>2024-03-15T15:49:22Z</time>
   </trkpt>
   <trkpt lat="45.8821910" lon="15.2077350">
    <ele>446.0</ele>
    <time>2024-03-15T15:49:23Z</time>
   </trkpt>
   <trkpt lat="45.8821960" lon="15.2077770">
    <ele>446.0</ele>
    <time>2024-03-15T15:49:24Z</time>
   </trkpt>
   <trkpt lat="45.8821980" lon="15.2078190">
    <ele>445.0</ele>
    <time>2024-03-15T15:49:25Z</time>
   </trkpt>
   <trkpt lat="45.8822000" lon="15.2078610">
    <ele>445.0</ele>
    <time>2024-03-15T15:49:26Z</time>
   </trkpt>
   <trkpt lat="45.8822040" lon="15.2079030">
    <ele>445.0</ele>
    <time>2024-03-15T15:49:27Z</time>
   </trkpt>
   <trkpt lat="45.8822080" lon="15.2079460">
    <ele>444.0</ele>
    <time>2024-03-15T15:49:28Z</time>
   </trkpt>
   <trkpt lat="45.8822150" lon="15.2079870">
    <ele>444.0</ele>
    <time>2024-03-15T15:49:29Z</time>
   </trkpt>
   <trkpt lat="45.8822230" lon="15.2080280">
    <ele>444.0</ele>
    <time>2024-03-15T15:49:30Z</time>
   </trkpt>
   <trkpt lat="45.8822330" lon="15.2080690">
    <ele>444.0</ele>
    <time>2024-03-15T15:49:31Z</time>
   </trkpt>
   <trkpt lat="45.8822440" lon="15.2081100">
    <ele>444.0</ele>
    <time>2024-03-15T15:49:32Z</time>
   </trkpt>
   <trkpt lat="45.8822550" lon="15.2081500">
    <ele>443.0</ele>
    <time>2024-03-15T15:49:33Z</time>
   </trkpt>
   <trkpt lat="45.8822670" lon="15.2081910">
    <ele>443.0</ele>
    <time>2024-03-15T15:49:34Z</time>
   </trkpt>
   <trkpt lat="45.8822780" lon="15.2082300">
    <ele>443.0</ele>
    <time>2024-03-15T15:49:35Z</time>
   </trkpt>
   <trkpt lat="45.8822880" lon="15.2082690">
    <ele>443.0</ele>
    <time>2024-03-15T15:49:36Z</time>
   </trkpt>
   <trkpt lat="45.8822950" lon="15.2083090">
    <ele>443.0</ele>
    <time>2024-03-15T15:49:37Z</time>
   </trkpt>
   <trkpt lat="45.8823030" lon="15.2083490">
    <ele>443.0</ele>
    <time>2024-03-15T15:49:38Z</time>
   </trkpt>
   <trkpt lat="45.8823110" lon="15.2083890">
    <ele>443.0</ele>
    <time>2024-03-15T15:49:39Z</time>
   </trkpt>
   <trkpt lat="45.8823190" lon="15.2084300">
    <ele>443.0</ele>
    <time>2024-03-15T15:49:40Z</time>
   </trkpt>
   <trkpt lat="45.8823280" lon="15.2084710">
    <ele>443.0</ele>
    <time>2024-03-15T15:49:41Z</time>
   </trkpt>
   <trkpt lat="45.8823370" lon="15.2085120">
    <ele>443.0</ele>
    <time>2024-03-15T15:49:42Z</time>
   </trkpt>
   <trkpt lat="45.8823460" lon="15.2085540">
    <ele>443.0</ele>
    <time>2024-03-15T15:49:43Z</time>
   </trkpt>
   <trkpt lat="45.8823550" lon="15.2085970">
    <ele>443.0</ele>
    <time>2024-03-15T15:49:44Z</time>
   </trkpt>
   <trkpt lat="45.8823640" lon="15.2086480">
    <ele>443.0</ele>
    <time>2024-03-15T15:49:45Z</time>
   </trkpt>
   <trkpt lat="45.8823730" lon="15.2086990">
    <ele>443.0</ele>
    <time>2024-03-15T15:49:46Z</time>
   </trkpt>
   <trkpt lat="45.8823820" lon="15.2087540">
    <ele>443.0</ele>
    <time>2024-03-15T15:49:47Z</time>
   </trkpt>
   <trkpt lat="45.8823900" lon="15.2088100">
    <ele>443.0</ele>
    <time>2024-03-15T15:49:48Z</time>
   </trkpt>
   <trkpt lat="45.8823990" lon="15.2088600">
    <ele>443.0</ele>
    <time>2024-03-15T15:49:49Z</time>
   </trkpt>
   <trkpt lat="45.8824070" lon="15.2089110">
    <ele>443.0</ele>
    <time>2024-03-15T15:49:50Z</time>
   </trkpt>
   <trkpt lat="45.8824190" lon="15.2089570">
    <ele>443.0</ele>
    <time>2024-03-15T15:49:51Z</time>
   </trkpt>
   <trkpt lat="45.8824300" lon="15.2090030">
    <ele>443.0</ele>
    <time>2024-03-15T15:49:52Z</time>
   </trkpt>
   <trkpt lat="45.8824450" lon="15.2090470">
    <ele>443.0</ele>
    <time>2024-03-15T15:49:53Z</time>
   </trkpt>
   <trkpt lat="45.8824590" lon="15.2090900">
    <ele>443.0</ele>
    <time>2024-03-15T15:49:54Z</time>
   </trkpt>
   <trkpt lat="45.8824730" lon="15.2091330">
    <ele>443.0</ele>
    <time>2024-03-15T15:49:55Z</time>
   </trkpt>
   <trkpt lat="45.8824870" lon="15.2091760">
    <ele>443.0</ele>
    <time>2024-03-15T15:49:56Z</time>
   </trkpt>
   <trkpt lat="45.8824950" lon="15.2092190">
    <ele>443.0</ele>
    <time>2024-03-15T15:49:57Z</time>
   </trkpt>
   <trkpt lat="45.8825030" lon="15.2092630">
    <ele>442.0</ele>
    <time>2024-03-15T15:49:58Z</time>
   </trkpt>
   <trkpt lat="45.8825040" lon="15.2093070">
    <ele>442.0</ele>
    <time>2024-03-15T15:49:59Z</time>
   </trkpt>
   <trkpt lat="45.8825050" lon="15.2093500">
    <ele>442.0</ele>
    <time>2024-03-15T15:50:00Z</time>
   </trkpt>
   <trkpt lat="45.8825050" lon="15.2093900">
    <ele>442.0</ele>
    <time>2024-03-15T15:50:01Z</time>
   </trkpt>
   <trkpt lat="45.8825050" lon="15.2094300">
    <ele>442.0</ele>
    <time>2024-03-15T15:50:02Z</time>
   </trkpt>
   <trkpt lat="45.8825070" lon="15.2094620">
    <ele>441.0</ele>
    <time>2024-03-15T15:50:03Z</time>
   </trkpt>
   <trkpt lat="45.8825100" lon="15.2094940">
    <ele>441.0</ele>
    <time>2024-03-15T15:50:04Z</time>
   </trkpt>
   <trkpt lat="45.8825120" lon="15.2095170">
    <ele>440.0</ele>
    <time>2024-03-15T15:50:05Z</time>
   </trkpt>
   <trkpt lat="45.8825150" lon="15.2095390">
    <ele>440.0</ele>
    <time>2024-03-15T15:50:06Z</time>
   </trkpt>
   <trkpt lat="45.8825140" lon="15.2095510">
    <ele>440.0</ele>
    <time>2024-03-15T15:50:07Z</time>
   </trkpt>
   <trkpt lat="45.8825140" lon="15.2095630">
    <ele>439.0</ele>
    <time>2024-03-15T15:50:08Z</time>
   </trkpt>
   <trkpt lat="45.8825140" lon="15.2095740">
    <ele>438.0</ele>
    <time>2024-03-15T15:50:09Z</time>
   </trkpt>
   <trkpt lat="45.8825150" lon="15.2095900">
    <ele>438.0</ele>
    <time>2024-03-15T15:50:10Z</time>
   </trkpt>
   <trkpt lat="45.8825160" lon="15.2096060">
    <ele>437.0</ele>
    <time>2024-03-15T15:50:11Z</time>
   </trkpt>
   <trkpt lat="45.8825200" lon="15.2096240">
    <ele>437.0</ele>
    <time>2024-03-15T15:50:12Z</time>
   </trkpt>
   <trkpt lat="45.8825230" lon="15.2096420">
    <ele>436.0</ele>
    <time>2024-03-15T15:50:13Z</time>
   </trkpt>
   <trkpt lat="45.8825290" lon="15.2096670">
    <ele>436.0</ele>
    <time>2024-03-15T15:50:14Z</time>
   </trkpt>
   <trkpt lat="45.8825350" lon="15.2096920">
    <ele>435.0</ele>
    <time>2024-03-15T15:50:15Z</time>
   </trkpt>
   <trkpt lat="45.8825440" lon="15.2097230">
    <ele>435.0</ele>
    <time>2024-03-15T15:50:16Z</time>
   </trkpt>
   <trkpt lat="45.8825530" lon="15.2097550">
    <ele>435.0</ele>
    <time>2024-03-15T15:50:17Z</time>
   </trkpt>
   <trkpt lat="45.8825630" lon="15.2097850">
    <ele>434.0</ele>
    <time>2024-03-15T15:50:18Z</time>
   </trkpt>
   <trkpt lat="45.8825740" lon="15.2098160">
    <ele>434.0</ele>
    <time>2024-03-15T15:50:19Z</time>
   </trkpt>
   <trkpt lat="45.8825860" lon="15.2098460">
    <ele>433.0</ele>
    <time>2024-03-15T15:50:20Z</time>
   </trkpt>
   <trkpt lat="45.8825980" lon="15.2098750">
    <ele>433.0</ele>
    <time>2024-03-15T15:50:21Z</time>
   </trkpt>
   <trkpt lat="45.8826090" lon="15.2099030">
    <ele>433.0</ele>
    <time>2024-03-15T15:50:22Z</time>
   </trkpt>
   <trkpt lat="45.8826190" lon="15.2099310">
    <ele>432.0</ele>
    <time>2024-03-15T15:50:23Z</time>
   </trkpt>
   <trkpt lat="45.8826320" lon="15.2099550">
    <ele>432.0</ele>
    <time>2024-03-15T15:50:24Z</time>
   </trkpt>
   <trkpt lat="45.8826440" lon="15.2099790">
    <ele>431.0</ele>
    <time>2024-03-15T15:50:25Z</time>
   </trkpt>
   <trkpt lat="45.8826570" lon="15.2100010">
    <ele>431.0</ele>
    <time>2024-03-15T15:50:26Z</time>
   </trkpt>
   <trkpt lat="45.8826710" lon="15.2100220">
    <ele>431.0</ele>
    <time>2024-03-15T15:50:27Z</time>
   </trkpt>
   <trkpt lat="45.8826850" lon="15.2100450">
    <ele>430.0</ele>
    <time>2024-03-15T15:50:28Z</time>
   </trkpt>
   <trkpt lat="45.8826980" lon="15.2100680">
    <ele>429.0</ele>
    <time>2024-03-15T15:50:29Z</time>
   </trkpt>
   <trkpt lat="45.8827110" lon="15.2100950">
    <ele>429.0</ele>
    <time>2024-03-15T15:50:30Z</time>
   </trkpt>
   <trkpt lat="45.8827230" lon="15.2101230">
    <ele>428.0</ele>
    <time>2024-03-15T15:50:31Z</time>
   </trkpt>
   <trkpt lat="45.8827350" lon="15.2101580">
    <ele>428.0</ele>
    <time>2024-03-15T15:50:32Z</time>
   </trkpt>
   <trkpt lat="45.8827460" lon="15.2101940">
    <ele>427.0</ele>
    <time>2024-03-15T15:50:33Z</time>
   </trkpt>
   <trkpt lat="45.8827600" lon="15.2102380">
    <ele>427.0</ele>
    <time>2024-03-15T15:50:34Z</time>
   </trkpt>
   <trkpt lat="45.8827730" lon="15.2102820">
    <ele>426.0</ele>
    <time>2024-03-15T15:50:35Z</time>
   </trkpt>
   <trkpt lat="45.8827920" lon="15.2103270">
    <ele>426.0</ele>
    <time>2024-03-15T15:50:36Z</time>
   </trkpt>
   <trkpt lat="45.8828100" lon="15.2103710">
    <ele>426.0</ele>
    <time>2024-03-15T15:50:37Z</time>
   </trkpt>
   <trkpt lat="45.8828330" lon="15.2104110">
    <ele>425.0</ele>
    <time>2024-03-15T15:50:38Z</time>
   </trkpt>
   <trkpt lat="45.8828570" lon="15.2104510">
    <ele>424.0</ele>
    <time>2024-03-15T15:50:39Z</time>
   </trkpt>
   <trkpt lat="45.8828790" lon="15.2104900">
    <ele>424.0</ele>
    <time>2024-03-15T15:50:40Z</time>
   </trkpt>
   <trkpt lat="45.8829020" lon="15.2105300">
    <ele>423.0</ele>
    <time>2024-03-15T15:50:41Z</time>
   </trkpt>
   <trkpt lat="45.8829200" lon="15.2105710">
    <ele>423.0</ele>
    <time>2024-03-15T15:50:42Z</time>
   </trkpt>
   <trkpt lat="45.8829360" lon="15.2106120">
    <ele>422.0</ele>
    <time>2024-03-15T15:50:43Z</time>
   </trkpt>
   <trkpt lat="45.8829500" lon="15.2106550">
    <ele>421.0</ele>
    <time>2024-03-15T15:50:44Z</time>
   </trkpt>
   <trkpt lat="45.8829640" lon="15.2106970">
    <ele>420.0</ele>
    <time>2024-03-15T15:50:45Z</time>
   </trkpt>
   <trkpt lat="45.8829770" lon="15.2107390">
    <ele>419.0</ele>
    <time>2024-03-15T15:50:46Z</time>
   </trkpt>
   <trkpt lat="45.8829890" lon="15.2107800">
    <ele>419.0</ele>
    <time>2024-03-15T15:50:47Z</time>
   </trkpt>
   <trkpt lat="45.8830030" lon="15.2108200">
    <ele>418.0</ele>
    <time>2024-03-15T15:50:48Z</time>
   </trkpt>
   <trkpt lat="45.8830160" lon="15.2108590">
    <ele>417.0</ele>
    <time>2024-03-15T15:50:49Z</time>
   </trkpt>
   <trkpt lat="45.8830320" lon="15.2108980">
    <ele>417.0</ele>
    <time>2024-03-15T15:50:50Z</time>
   </trkpt>
   <trkpt lat="45.8830490" lon="15.2109360">
    <ele>416.0</ele>
    <time>2024-03-15T15:50:51Z</time>
   </trkpt>
   <trkpt lat="45.8830680" lon="15.2109730">
    <ele>416.0</ele>
    <time>2024-03-15T15:50:52Z</time>
   </trkpt>
   <trkpt lat="45.8830880" lon="15.2110100">
    <ele>415.0</ele>
    <time>2024-03-15T15:50:53Z</time>
   </trkpt>
   <trkpt lat="45.8831080" lon="15.2110430">
    <ele>415.0</ele>
    <time>2024-03-15T15:50:54Z</time>
   </trkpt>
   <trkpt lat="45.8831270" lon="15.2110760">
    <ele>414.0</ele>
    <time>2024-03-15T15:50:55Z</time>
   </trkpt>
   <trkpt lat="45.8831450" lon="15.2111070">
    <ele>414.0</ele>
    <time>2024-03-15T15:50:56Z</time>
   </trkpt>
   <trkpt lat="45.8831630" lon="15.2111380">
    <ele>414.0</ele>
    <time>2024-03-15T15:50:57Z</time>
   </trkpt>
   <trkpt lat="45.8831810" lon="15.2111660">
    <ele>413.0</ele>
    <time>2024-03-15T15:50:58Z</time>
   </trkpt>
   <trkpt lat="45.8831990" lon="15.2111930">
    <ele>412.0</ele>
    <time>2024-03-15T15:50:59Z</time>
   </trkpt>
   <trkpt lat="45.8832160" lon="15.2112160">
    <ele>412.0</ele>
    <time>2024-03-15T15:51:00Z</time>
   </trkpt>
   <trkpt lat="45.8832340" lon="15.2112400">
    <ele>411.0</ele>
    <time>2024-03-15T15:51:01Z</time>
   </trkpt>
   <trkpt lat="45.8832520" lon="15.2112600">
    <ele>411.0</ele>
    <time>2024-03-15T15:51:02Z</time>
   </trkpt>
   <trkpt lat="45.8832700" lon="15.2112800">
    <ele>410.0</ele>
    <time>2024-03-15T15:51:03Z</time>
   </trkpt>
   <trkpt lat="45.8832890" lon="15.2112960">
    <ele>410.0</ele>
    <time>2024-03-15T15:51:04Z</time>
   </trkpt>
   <trkpt lat="45.8833090" lon="15.2113130">
    <ele>409.0</ele>
    <time>2024-03-15T15:51:05Z</time>
   </trkpt>
   <trkpt lat="45.8833300" lon="15.2113280">
    <ele>409.0</ele>
    <time>2024-03-15T15:51:06Z</time>
   </trkpt>
   <trkpt lat="45.8833520" lon="15.2113420">
    <ele>409.0</ele>
    <time>2024-03-15T15:51:07Z</time>
   </trkpt>
   <trkpt lat="45.8833750" lon="15.2113580">
    <ele>408.0</ele>
    <time>2024-03-15T15:51:08Z</time>
   </trkpt>
   <trkpt lat="45.8833980" lon="15.2113740">
    <ele>408.0</ele>
    <time>2024-03-15T15:51:09Z</time>
   </trkpt>
   <trkpt lat="45.8834210" lon="15.2113930">
    <ele>407.0</ele>
    <time>2024-03-15T15:51:10Z</time>
   </trkpt>
   <trkpt lat="45.8834440" lon="15.2114130">
    <ele>407.0</ele>
    <time>2024-03-15T15:51:11Z</time>
   </trkpt>
   <trkpt lat="45.8834670" lon="15.2114350">
    <ele>407.0</ele>
    <time>2024-03-15T15:51:12Z</time>
   </trkpt>
   <trkpt lat="45.8834890" lon="15.2114570">
    <ele>406.0</ele>
    <time>2024-03-15T15:51:13Z</time>
   </trkpt>
   <trkpt lat="45.8835100" lon="15.2114820">
    <ele>405.0</ele>
    <time>2024-03-15T15:51:14Z</time>
   </trkpt>
   <trkpt lat="45.8835310" lon="15.2115080">
    <ele>404.0</ele>
    <time>2024-03-15T15:51:15Z</time>
   </trkpt>
   <trkpt lat="45.8835470" lon="15.2115390">
    <ele>403.0</ele>
    <time>2024-03-15T15:51:16Z</time>
   </trkpt>
   <trkpt lat="45.8835640" lon="15.2115710">
    <ele>403.0</ele>
    <time>2024-03-15T15:51:17Z</time>
   </trkpt>
   <trkpt lat="45.8835710" lon="15.2116100">
    <ele>402.0</ele>
    <time>2024-03-15T15:51:18Z</time>
   </trkpt>
   <trkpt lat="45.8835780" lon="15.2116480">
    <ele>402.0</ele>
    <time>2024-03-15T15:51:19Z</time>
   </trkpt>
   <trkpt lat="45.8835800" lon="15.2116900">
    <ele>401.0</ele>
    <time>2024-03-15T15:51:20Z</time>
   </trkpt>
   <trkpt lat="45.8835820" lon="15.2117320">
    <ele>401.0</ele>
    <time>2024-03-15T15:51:21Z</time>
   </trkpt>
   <trkpt lat="45.8835850" lon="15.2117770">
    <ele>401.0</ele>
    <time>2024-03-15T15:51:22Z</time>
   </trkpt>
   <trkpt lat="45.8835880" lon="15.2118220">
    <ele>400.0</ele>
    <time>2024-03-15T15:51:23Z</time>
   </trkpt>
   <trkpt lat="45.8835990" lon="15.2118690">
    <ele>399.0</ele>
    <time>2024-03-15T15:51:24Z</time>
   </trkpt>
   <trkpt lat="45.8836100" lon="15.2119160">
    <ele>399.0</ele>
    <time>2024-03-15T15:51:25Z</time>
   </trkpt>
   <trkpt lat="45.8836270" lon="15.2119550">
    <ele>398.0</ele>
    <time>2024-03-15T15:51:26Z</time>
   </trkpt>
   <trkpt lat="45.8836450" lon="15.2119930">
    <ele>398.0</ele>
    <time>2024-03-15T15:51:27Z</time>
   </trkpt>
   <trkpt lat="45.8836660" lon="15.2120250">
    <ele>397.0</ele>
    <time>2024-03-15T15:51:28Z</time>
   </trkpt>
   <trkpt lat="45.8836880" lon="15.2120560">
    <ele>396.0</ele>
    <time>2024-03-15T15:51:29Z</time>
   </trkpt>
   <trkpt lat="45.8837130" lon="15.2120820">
    <ele>396.0</ele>
    <time>2024-03-15T15:51:30Z</time>
   </trkpt>
   <trkpt lat="45.8837370" lon="15.2121080">
    <ele>395.0</ele>
    <time>2024-03-15T15:51:31Z</time>
   </trkpt>
   <trkpt lat="45.8837630" lon="15.2121290">
    <ele>395.0</ele>
    <time>2024-03-15T15:51:32Z</time>
   </trkpt>
   <trkpt lat="45.8837890" lon="15.2121500">
    <ele>394.0</ele>
    <time>2024-03-15T15:51:33Z</time>
   </trkpt>
   <trkpt lat="45.8838120" lon="15.2121640">
    <ele>394.0</ele>
    <time>2024-03-15T15:51:34Z</time>
   </trkpt>
   <trkpt lat="45.8838350" lon="15.2121780">
    <ele>394.0</ele>
    <time>2024-03-15T15:51:35Z</time>
   </trkpt>
   <trkpt lat="45.8838580" lon="15.2121850">
    <ele>394.0</ele>
    <time>2024-03-15T15:51:36Z</time>
   </trkpt>
   <trkpt lat="45.8838800" lon="15.2121920">
    <ele>394.0</ele>
    <time>2024-03-15T15:51:37Z</time>
   </trkpt>
   <trkpt lat="45.8839060" lon="15.2121890">
    <ele>393.0</ele>
    <time>2024-03-15T15:51:38Z</time>
   </trkpt>
   <trkpt lat="45.8839320" lon="15.2121860">
    <ele>393.0</ele>
    <time>2024-03-15T15:51:39Z</time>
   </trkpt>
   <trkpt lat="45.8839630" lon="15.2121730">
    <ele>393.0</ele>
    <time>2024-03-15T15:51:40Z</time>
   </trkpt>
   <trkpt lat="45.8839940" lon="15.2121610">
    <ele>393.0</ele>
    <time>2024-03-15T15:51:41Z</time>
   </trkpt>
   <trkpt lat="45.8840270" lon="15.2121440">
    <ele>393.0</ele>
    <time>2024-03-15T15:51:42Z</time>
   </trkpt>
   <trkpt lat="45.8840590" lon="15.2121270">
    <ele>392.0</ele>
    <time>2024-03-15T15:51:43Z</time>
   </trkpt>
   <trkpt lat="45.8840920" lon="15.2121100">
    <ele>392.0</ele>
    <time>2024-03-15T15:51:44Z</time>
   </trkpt>
   <trkpt lat="45.8841240" lon="15.2120940">
    <ele>392.0</ele>
    <time>2024-03-15T15:51:45Z</time>
   </trkpt>
   <trkpt lat="45.8841560" lon="15.2120800">
    <ele>392.0</ele>
    <time>2024-03-15T15:51:46Z</time>
   </trkpt>
   <trkpt lat="45.8841880" lon="15.2120660">
    <ele>392.0</ele>
    <time>2024-03-15T15:51:47Z</time>
   </trkpt>
   <trkpt lat="45.8842200" lon="15.2120550">
    <ele>391.0</ele>
    <time>2024-03-15T15:51:48Z</time>
   </trkpt>
   <trkpt lat="45.8842520" lon="15.2120440">
    <ele>391.0</ele>
    <time>2024-03-15T15:51:49Z</time>
   </trkpt>
   <trkpt lat="45.8842830" lon="15.2120390">
    <ele>390.0</ele>
    <time>2024-03-15T15:51:50Z</time>
   </trkpt>
   <trkpt lat="45.8843150" lon="15.2120340">
    <ele>390.0</ele>
    <time>2024-03-15T15:51:51Z</time>
   </trkpt>
   <trkpt lat="45.8843450" lon="15.2120360">
    <ele>390.0</ele>
    <time>2024-03-15T15:51:52Z</time>
   </trkpt>
   <trkpt lat="45.8843740" lon="15.2120370">
    <ele>389.0</ele>
    <time>2024-03-15T15:51:53Z</time>
   </trkpt>
   <trkpt lat="45.8844020" lon="15.2120420">
    <ele>389.0</ele>
    <time>2024-03-15T15:51:54Z</time>
   </trkpt>
   <trkpt lat="45.8844300" lon="15.2120470">
    <ele>389.0</ele>
    <time>2024-03-15T15:51:55Z</time>
   </trkpt>
   <trkpt lat="45.8844600" lon="15.2120510">
    <ele>389.0</ele>
    <time>2024-03-15T15:51:56Z</time>
   </trkpt>
   <trkpt lat="45.8844900" lon="15.2120560">
    <ele>389.0</ele>
    <time>2024-03-15T15:51:57Z</time>
   </trkpt>
   <trkpt lat="45.8845230" lon="15.2120600">
    <ele>388.0</ele>
    <time>2024-03-15T15:51:58Z</time>
   </trkpt>
   <trkpt lat="45.8845560" lon="15.2120650">
    <ele>388.0</ele>
    <time>2024-03-15T15:51:59Z</time>
   </trkpt>
   <trkpt lat="45.8845890" lon="15.2120720">
    <ele>388.0</ele>
    <time>2024-03-15T15:52:00Z</time>
   </trkpt>
   <trkpt lat="45.8846220" lon="15.2120800">
    <ele>388.0</ele>
    <time>2024-03-15T15:52:01Z</time>
   </trkpt>
   <trkpt lat="45.8846550" lon="15.2120900">
    <ele>388.0</ele>
    <time>2024-03-15T15:52:02Z</time>
   </trkpt>
   <trkpt lat="45.8846880" lon="15.2121000">
    <ele>387.0</ele>
    <time>2024-03-15T15:52:03Z</time>
   </trkpt>
   <trkpt lat="45.8847200" lon="15.2121100">
    <ele>387.0</ele>
    <time>2024-03-15T15:52:04Z</time>
   </trkpt>
   <trkpt lat="45.8847530" lon="15.2121200">
    <ele>387.0</ele>
    <time>2024-03-15T15:52:05Z</time>
   </trkpt>
   <trkpt lat="45.8847850" lon="15.2121320">
    <ele>387.0</ele>
    <time>2024-03-15T15:52:06Z</time>
   </trkpt>
   <trkpt lat="45.8848170" lon="15.2121440">
    <ele>387.0</ele>
    <time>2024-03-15T15:52:07Z</time>
   </trkpt>
   <trkpt lat="45.8848470" lon="15.2121550">
    <ele>387.0</ele>
    <time>2024-03-15T15:52:08Z</time>
   </trkpt>
   <trkpt lat="45.8848770" lon="15.2121660">
    <ele>387.0</ele>
    <time>2024-03-15T15:52:09Z</time>
   </trkpt>
   <trkpt lat="45.8849060" lon="15.2121780">
    <ele>387.0</ele>
    <time>2024-03-15T15:52:10Z</time>
   </trkpt>
   <trkpt lat="45.8849350" lon="15.2121910">
    <ele>387.0</ele>
    <time>2024-03-15T15:52:11Z</time>
   </trkpt>
   <trkpt lat="45.8849630" lon="15.2122050">
    <ele>387.0</ele>
    <time>2024-03-15T15:52:12Z</time>
   </trkpt>
   <trkpt lat="45.8849910" lon="15.2122200">
    <ele>386.0</ele>
    <time>2024-03-15T15:52:13Z</time>
   </trkpt>
   <trkpt lat="45.8850160" lon="15.2122370">
    <ele>386.0</ele>
    <time>2024-03-15T15:52:14Z</time>
   </trkpt>
   <trkpt lat="45.8850420" lon="15.2122540">
    <ele>386.0</ele>
    <time>2024-03-15T15:52:15Z</time>
   </trkpt>
   <trkpt lat="45.8850660" lon="15.2122710">
    <ele>386.0</ele>
    <time>2024-03-15T15:52:16Z</time>
   </trkpt>
   <trkpt lat="45.8850900" lon="15.2122880">
    <ele>386.0</ele>
    <time>2024-03-15T15:52:17Z</time>
   </trkpt>
   <trkpt lat="45.8851160" lon="15.2123050">
    <ele>386.0</ele>
    <time>2024-03-15T15:52:18Z</time>
   </trkpt>
   <trkpt lat="45.8851420" lon="15.2123220">
    <ele>386.0</ele>
    <time>2024-03-15T15:52:19Z</time>
   </trkpt>
   <trkpt lat="45.8851680" lon="15.2123390">
    <ele>386.0</ele>
    <time>2024-03-15T15:52:20Z</time>
   </trkpt>
   <trkpt lat="45.8851950" lon="15.2123560">
    <ele>386.0</ele>
    <time>2024-03-15T15:52:21Z</time>
   </trkpt>
   <trkpt lat="45.8852220" lon="15.2123700">
    <ele>386.0</ele>
    <time>2024-03-15T15:52:22Z</time>
   </trkpt>
   <trkpt lat="45.8852480" lon="15.2123850">
    <ele>385.0</ele>
    <time>2024-03-15T15:52:23Z</time>
   </trkpt>
   <trkpt lat="45.8852730" lon="15.2124010">
    <ele>385.0</ele>
    <time>2024-03-15T15:52:24Z</time>
   </trkpt>
   <trkpt lat="45.8852980" lon="15.2124160">
    <ele>385.0</ele>
    <time>2024-03-15T15:52:25Z</time>
   </trkpt>
   <trkpt lat="45.8853260" lon="15.2124380">
    <ele>385.0</ele>
    <time>2024-03-15T15:52:26Z</time>
   </trkpt>
   <trkpt lat="45.8853540" lon="15.2124600">
    <ele>385.0</ele>
    <time>2024-03-15T15:52:27Z</time>
   </trkpt>
   <trkpt lat="45.8853800" lon="15.2124830">
    <ele>385.0</ele>
    <time>2024-03-15T15:52:28Z</time>
   </trkpt>
   <trkpt lat="45.8854070" lon="15.2125060">
    <ele>385.0</ele>
    <time>2024-03-15T15:52:29Z</time>
   </trkpt>
   <trkpt lat="45.8854300" lon="15.2125290">
    <ele>385.0</ele>
    <time>2024-03-15T15:52:30Z</time>
   </trkpt>
   <trkpt lat="45.8854540" lon="15.2125520">
    <ele>385.0</ele>
    <time>2024-03-15T15:52:31Z</time>
   </trkpt>
   <trkpt lat="45.8854770" lon="15.2125770">
    <ele>385.0</ele>
    <time>2024-03-15T15:52:32Z</time>
   </trkpt>
   <trkpt lat="45.8855000" lon="15.2126020">
    <ele>385.0</ele>
    <time>2024-03-15T15:52:33Z</time>
   </trkpt>
   <trkpt lat="45.8855270" lon="15.2126270">
    <ele>385.0</ele>
    <time>2024-03-15T15:52:34Z</time>
   </trkpt>
   <trkpt lat="45.8855530" lon="15.2126520">
    <ele>385.0</ele>
    <time>2024-03-15T15:52:35Z</time>
   </trkpt>
   <trkpt lat="45.8855810" lon="15.2126710">
    <ele>385.0</ele>
    <time>2024-03-15T15:52:36Z</time>
   </trkpt>
   <trkpt lat="45.8856080" lon="15.2126900">
    <ele>385.0</ele>
    <time>2024-03-15T15:52:37Z</time>
   </trkpt>
   <trkpt lat="45.8856350" lon="15.2127010">
    <ele>384.0</ele>
    <time>2024-03-15T15:52:38Z</time>
   </trkpt>
   <trkpt lat="45.8856630" lon="15.2127130">
    <ele>384.0</ele>
    <time>2024-03-15T15:52:39Z</time>
   </trkpt>
   <trkpt lat="45.8856910" lon="15.2127220">
    <ele>384.0</ele>
    <time>2024-03-15T15:52:40Z</time>
   </trkpt>
   <trkpt lat="45.8857190" lon="15.2127300">
    <ele>384.0</ele>
    <time>2024-03-15T15:52:41Z</time>
   </trkpt>
   <trkpt lat="45.8857490" lon="15.2127410">
    <ele>384.0</ele>
    <time>2024-03-15T15:52:42Z</time>
   </trkpt>
   <trkpt lat="45.8857790" lon="15.2127520">
    <ele>383.0</ele>
    <time>2024-03-15T15:52:43Z</time>
   </trkpt>
   <trkpt lat="45.8858080" lon="15.2127700">
    <ele>383.0</ele>
    <time>2024-03-15T15:52:44Z</time>
   </trkpt>
   <trkpt lat="45.8858370" lon="15.2127890">
    <ele>383.0</ele>
    <time>2024-03-15T15:52:45Z</time>
   </trkpt>
   <trkpt lat="45.8858660" lon="15.2128140">
    <ele>383.0</ele>
    <time>2024-03-15T15:52:46Z</time>
   </trkpt>
   <trkpt lat="45.8858940" lon="15.2128400">
    <ele>383.0</ele>
    <time>2024-03-15T15:52:47Z</time>
   </trkpt>
   <trkpt lat="45.8859210" lon="15.2128700">
    <ele>382.0</ele>
    <time>2024-03-15T15:52:48Z</time>
   </trkpt>
   <trkpt lat="45.8859490" lon="15.2128990">
    <ele>382.0</ele>
    <time>2024-03-15T15:52:49Z</time>
   </trkpt>
   <trkpt lat="45.8859760" lon="15.2129300">
    <ele>381.0</ele>
    <time>2024-03-15T15:52:50Z</time>
   </trkpt>
   <trkpt lat="45.8860030" lon="15.2129600">
    <ele>381.0</ele>
    <time>2024-03-15T15:52:51Z</time>
   </trkpt>
   <trkpt lat="45.8860280" lon="15.2129900">
    <ele>381.0</ele>
    <time>2024-03-15T15:52:52Z</time>
   </trkpt>
   <trkpt lat="45.8860540" lon="15.2130210">
    <ele>380.0</ele>
    <time>2024-03-15T15:52:53Z</time>
   </trkpt>
   <trkpt lat="45.8860740" lon="15.2130520">
    <ele>380.0</ele>
    <time>2024-03-15T15:52:54Z</time>
   </trkpt>
   <trkpt lat="45.8860950" lon="15.2130840">
    <ele>380.0</ele>
    <time>2024-03-15T15:52:55Z</time>
   </trkpt>
   <trkpt lat="45.8861090" lon="15.2131210">
    <ele>380.0</ele>
    <time>2024-03-15T15:52:56Z</time>
   </trkpt>
   <trkpt lat="45.8861230" lon="15.2131570">
    <ele>380.0</ele>
    <time>2024-03-15T15:52:57Z</time>
   </trkpt>
   <trkpt lat="45.8861290" lon="15.2131990">
    <ele>379.0</ele>
    <time>2024-03-15T15:52:58Z</time>
   </trkpt>
   <trkpt lat="45.8861360" lon="15.2132410">
    <ele>378.0</ele>
    <time>2024-03-15T15:52:59Z</time>
   </trkpt>
   <trkpt lat="45.8861350" lon="15.2132880">
    <ele>378.0</ele>
    <time>2024-03-15T15:53:00Z</time>
   </trkpt>
   <trkpt lat="45.8861350" lon="15.2133360">
    <ele>377.0</ele>
    <time>2024-03-15T15:53:01Z</time>
   </trkpt>
   <trkpt lat="45.8861320" lon="15.2133860">
    <ele>377.0</ele>
    <time>2024-03-15T15:53:02Z</time>
   </trkpt>
   <trkpt lat="45.8861290" lon="15.2134350">
    <ele>376.0</ele>
    <time>2024-03-15T15:53:03Z</time>
   </trkpt>
   <trkpt lat="45.8861280" lon="15.2134810">
    <ele>376.0</ele>
    <time>2024-03-15T15:53:04Z</time>
   </trkpt>
   <trkpt lat="45.8861270" lon="15.2135270">
    <ele>375.0</ele>
    <time>2024-03-15T15:53:05Z</time>
   </trkpt>
   <trkpt lat="45.8861300" lon="15.2135700">
    <ele>375.0</ele>
    <time>2024-03-15T15:53:06Z</time>
   </trkpt>
   <trkpt lat="45.8861330" lon="15.2136130">
    <ele>375.0</ele>
    <time>2024-03-15T15:53:07Z</time>
   </trkpt>
   <trkpt lat="45.8861440" lon="15.2136580">
    <ele>374.0</ele>
    <time>2024-03-15T15:53:08Z</time>
   </trkpt>
   <trkpt lat="45.8861550" lon="15.2137030">
    <ele>373.0</ele>
    <time>2024-03-15T15:53:09Z</time>
   </trkpt>
   <trkpt lat="45.8861730" lon="15.2137550">
    <ele>373.0</ele>
    <time>2024-03-15T15:53:10Z</time>
   </trkpt>
   <trkpt lat="45.8861920" lon="15.2138070">
    <ele>372.0</ele>
    <time>2024-03-15T15:53:11Z</time>
   </trkpt>
   <trkpt lat="45.8862140" lon="15.2138620">
    <ele>372.0</ele>
    <time>2024-03-15T15:53:12Z</time>
   </trkpt>
   <trkpt lat="45.8862370" lon="15.2139160">
    <ele>371.0</ele>
    <time>2024-03-15T15:53:13Z</time>
   </trkpt>
   <trkpt lat="45.8862600" lon="15.2139680">
    <ele>371.0</ele>
    <time>2024-03-15T15:53:14Z</time>
   </trkpt>
   <trkpt lat="45.8862840" lon="15.2140200">
    <ele>370.0</ele>
    <time>2024-03-15T15:53:15Z</time>
   </trkpt>
   <trkpt lat="45.8863040" lon="15.2140710">
    <ele>370.0</ele>
    <time>2024-03-15T15:53:16Z</time>
   </trkpt>
   <trkpt lat="45.8863250" lon="15.2141210">
    <ele>370.0</ele>
    <time>2024-03-15T15:53:17Z</time>
   </trkpt>
   <trkpt lat="45.8863410" lon="15.2141660">
    <ele>369.0</ele>
    <time>2024-03-15T15:53:18Z</time>
   </trkpt>
   <trkpt lat="45.8863570" lon="15.2142110">
    <ele>369.0</ele>
    <time>2024-03-15T15:53:19Z</time>
   </trkpt>
   <trkpt lat="45.8863730" lon="15.2142520">
    <ele>368.0</ele>
    <time>2024-03-15T15:53:20Z</time>
   </trkpt>
   <trkpt lat="45.8863880" lon="15.2142920">
    <ele>368.0</ele>
    <time>2024-03-15T15:53:21Z</time>
   </trkpt>
   <trkpt lat="45.8864040" lon="15.2143270">
    <ele>368.0</ele>
    <time>2024-03-15T15:53:22Z</time>
   </trkpt>
   <trkpt lat="45.8864200" lon="15.2143620">
    <ele>367.0</ele>
    <time>2024-03-15T15:53:23Z</time>
   </trkpt>
   <trkpt lat="45.8864340" lon="15.2143980">
    <ele>367.0</ele>
    <time>2024-03-15T15:53:24Z</time>
   </trkpt>
   <trkpt lat="45.8864480" lon="15.2144340">
    <ele>366.0</ele>
    <time>2024-03-15T15:53:25Z</time>
   </trkpt>
   <trkpt lat="45.8864600" lon="15.2144740">
    <ele>366.0</ele>
    <time>2024-03-15T15:53:26Z</time>
   </trkpt>
   <trkpt lat="45.8864720" lon="15.2145130">
    <ele>366.0</ele>
    <time>2024-03-15T15:53:27Z</time>
   </trkpt>
   <trkpt lat="45.8864860" lon="15.2145550">
    <ele>365.0</ele>
    <time>2024-03-15T15:53:28Z</time>
   </trkpt>
   <trkpt lat="45.8865000" lon="15.2145960">
    <ele>365.0</ele>
    <time>2024-03-15T15:53:29Z</time>
   </trkpt>
   <trkpt lat="45.8865150" lon="15.2146360">
    <ele>364.0</ele>
    <time>2024-03-15T15:53:30Z</time>
   </trkpt>
   <trkpt lat="45.8865310" lon="15.2146770">
    <ele>364.0</ele>
    <time>2024-03-15T15:53:31Z</time>
   </trkpt>
   <trkpt lat="45.8865460" lon="15.2147170">
    <ele>364.0</ele>
    <time>2024-03-15T15:53:32Z</time>
   </trkpt>
   <trkpt lat="45.8865600" lon="15.2147570">
    <ele>363.0</ele>
    <time>2024-03-15T15:53:33Z</time>
   </trkpt>
   <trkpt lat="45.8865740" lon="15.2147990">
    <ele>363.0</ele>
    <time>2024-03-15T15:53:34Z</time>
   </trkpt>
   <trkpt lat="45.8865870" lon="15.2148400">
    <ele>362.0</ele>
    <time>2024-03-15T15:53:35Z</time>
   </trkpt>
   <trkpt lat="45.8866000" lon="15.2148820">
    <ele>362.0</ele>
    <time>2024-03-15T15:53:36Z</time>
   </trkpt>
   <trkpt lat="45.8866130" lon="15.2149240">
    <ele>362.0</ele>
    <time>2024-03-15T15:53:37Z</time>
   </trkpt>
   <trkpt lat="45.8866280" lon="15.2149650">
    <ele>361.0</ele>
    <time>2024-03-15T15:53:38Z</time>
   </trkpt>
   <trkpt lat="45.8866420" lon="15.2150070">
    <ele>361.0</ele>
    <time>2024-03-15T15:53:39Z</time>
   </trkpt>
   <trkpt lat="45.8866570" lon="15.2150470">
    <ele>360.0</ele>
    <time>2024-03-15T15:53:40Z</time>
   </trkpt>
   <trkpt lat="45.8866730" lon="15.2150870">
    <ele>360.0</ele>
    <time>2024-03-15T15:53:41Z</time>
   </trkpt>
   <trkpt lat="45.8866870" lon="15.2151260">
    <ele>360.0</ele>
    <time>2024-03-15T15:53:42Z</time>
   </trkpt>
   <trkpt lat="45.8867020" lon="15.2151650">
    <ele>359.0</ele>
    <time>2024-03-15T15:53:43Z</time>
   </trkpt>
   <trkpt lat="45.8867180" lon="15.2152050">
    <ele>359.0</ele>
    <time>2024-03-15T15:53:44Z</time>
   </trkpt>
   <trkpt lat="45.8867330" lon="15.2152440">
    <ele>359.0</ele>
    <time>2024-03-15T15:53:45Z</time>
   </trkpt>
   <trkpt lat="45.8867510" lon="15.2152820">
    <ele>359.0</ele>
    <time>2024-03-15T15:53:46Z</time>
   </trkpt>
   <trkpt lat="45.8867700" lon="15.2153200">
    <ele>359.0</ele>
    <time>2024-03-15T15:53:47Z</time>
   </trkpt>
   <trkpt lat="45.8867910" lon="15.2153530">
    <ele>358.0</ele>
    <time>2024-03-15T15:53:48Z</time>
   </trkpt>
   <trkpt lat="45.8868130" lon="15.2153870">
    <ele>358.0</ele>
    <time>2024-03-15T15:53:49Z</time>
   </trkpt>
   <trkpt lat="45.8868390" lon="15.2154160">
    <ele>357.0</ele>
    <time>2024-03-15T15:53:50Z</time>
   </trkpt>
   <trkpt lat="45.8868650" lon="15.2154440">
    <ele>357.0</ele>
    <time>2024-03-15T15:53:51Z</time>
   </trkpt>
   <trkpt lat="45.8868930" lon="15.2154700">
    <ele>357.0</ele>
    <time>2024-03-15T15:53:52Z</time>
   </trkpt>
   <trkpt lat="45.8869200" lon="15.2154960">
    <ele>357.0</ele>
    <time>2024-03-15T15:53:53Z</time>
   </trkpt>
   <trkpt lat="45.8869460" lon="15.2155210">
    <ele>357.0</ele>
    <time>2024-03-15T15:53:54Z</time>
   </trkpt>
   <trkpt lat="45.8869720" lon="15.2155470">
    <ele>357.0</ele>
    <time>2024-03-15T15:53:55Z</time>
   </trkpt>
   <trkpt lat="45.8869950" lon="15.2155730">
    <ele>357.0</ele>
    <time>2024-03-15T15:53:56Z</time>
   </trkpt>
   <trkpt lat="45.8870190" lon="15.2156000">
    <ele>357.0</ele>
    <time>2024-03-15T15:53:57Z</time>
   </trkpt>
   <trkpt lat="45.8870400" lon="15.2156270">
    <ele>356.0</ele>
    <time>2024-03-15T15:53:58Z</time>
   </trkpt>
   <trkpt lat="45.8870620" lon="15.2156540">
    <ele>356.0</ele>
    <time>2024-03-15T15:53:59Z</time>
   </trkpt>
   <trkpt lat="45.8870840" lon="15.2156830">
    <ele>356.0</ele>
    <time>2024-03-15T15:54:00Z</time>
   </trkpt>
   <trkpt lat="45.8871070" lon="15.2157120">
    <ele>356.0</ele>
    <time>2024-03-15T15:54:01Z</time>
   </trkpt>
   <trkpt lat="45.8871310" lon="15.2157400">
    <ele>356.0</ele>
    <time>2024-03-15T15:54:02Z</time>
   </trkpt>
   <trkpt lat="45.8871560" lon="15.2157690">
    <ele>356.0</ele>
    <time>2024-03-15T15:54:03Z</time>
   </trkpt>
   <trkpt lat="45.8871810" lon="15.2157970">
    <ele>356.0</ele>
    <time>2024-03-15T15:54:04Z</time>
   </trkpt>
   <trkpt lat="45.8872060" lon="15.2158250">
    <ele>356.0</ele>
    <time>2024-03-15T15:54:05Z</time>
   </trkpt>
   <trkpt lat="45.8872310" lon="15.2158540">
    <ele>356.0</ele>
    <time>2024-03-15T15:54:06Z</time>
   </trkpt>
   <trkpt lat="45.8872550" lon="15.2158830">
    <ele>356.0</ele>
    <time>2024-03-15T15:54:07Z</time>
   </trkpt>
   <trkpt lat="45.8872780" lon="15.2159130">
    <ele>355.0</ele>
    <time>2024-03-15T15:54:08Z</time>
   </trkpt>
   <trkpt lat="45.8873010" lon="15.2159430">
    <ele>355.0</ele>
    <time>2024-03-15T15:54:09Z</time>
   </trkpt>
   <trkpt lat="45.8873220" lon="15.2159750">
    <ele>355.0</ele>
    <time>2024-03-15T15:54:10Z</time>
   </trkpt>
   <trkpt lat="45.8873440" lon="15.2160070">
    <ele>355.0</ele>
    <time>2024-03-15T15:54:11Z</time>
   </trkpt>
   <trkpt lat="45.8873640" lon="15.2160400">
    <ele>355.0</ele>
    <time>2024-03-15T15:54:12Z</time>
   </trkpt>
   <trkpt lat="45.8873830" lon="15.2160740">
    <ele>355.0</ele>
    <time>2024-03-15T15:54:13Z</time>
   </trkpt>
   <trkpt lat="45.8874010" lon="15.2161080">
    <ele>355.0</ele>
    <time>2024-03-15T15:54:14Z</time>
   </trkpt>
   <trkpt lat="45.8874180" lon="15.2161410">
    <ele>355.0</ele>
    <time>2024-03-15T15:54:15Z</time>
   </trkpt>
   <trkpt lat="45.8874320" lon="15.2161710">
    <ele>355.0</ele>
    <time>2024-03-15T15:54:16Z</time>
   </trkpt>
   <trkpt lat="45.8874470" lon="15.2162000">
    <ele>355.0</ele>
    <time>2024-03-15T15:54:17Z</time>
   </trkpt>
   <trkpt lat="45.8874600" lon="15.2162230">
    <ele>355.0</ele>
    <time>2024-03-15T15:54:18Z</time>
   </trkpt>
   <trkpt lat="45.8874720" lon="15.2162460">
    <ele>355.0</ele>
    <time>2024-03-15T15:54:19Z</time>
   </trkpt>
   <trkpt lat="45.8874830" lon="15.2162640">
    <ele>355.0</ele>
    <time>2024-03-15T15:54:20Z</time>
   </trkpt>
   <trkpt lat="45.8874930" lon="15.2162810">
    <ele>355.0</ele>
    <time>2024-03-15T15:54:21Z</time>
   </trkpt>
   <trkpt lat="45.8875030" lon="15.2163000">
    <ele>355.0</ele>
    <time>2024-03-15T15:54:22Z</time>
   </trkpt>
   <trkpt lat="45.8875120" lon="15.2163180">
    <ele>355.0</ele>
    <time>2024-03-15T15:54:23Z</time>
   </trkpt>
   <trkpt lat="45.8875200" lon="15.2163370">
    <ele>355.0</ele>
    <time>2024-03-15T15:54:24Z</time>
   </trkpt>
   <trkpt lat="45.8875280" lon="15.2163550">
    <ele>355.0</ele>
    <time>2024-03-15T15:54:25Z</time>
   </trkpt>
   <trkpt lat="45.8875360" lon="15.2163730">
    <ele>355.0</ele>
    <time>2024-03-15T15:54:26Z</time>
   </trkpt>
   <trkpt lat="45.8875430" lon="15.2163910">
    <ele>356.0</ele>
    <time>2024-03-15T15:54:27Z</time>
   </trkpt>
   <trkpt lat="45.8875480" lon="15.2164090">
    <ele>356.0</ele>
    <time>2024-03-15T15:54:28Z</time>
   </trkpt>
   <trkpt lat="45.8875530" lon="15.2164270">
    <ele>356.0</ele>
    <time>2024-03-15T15:54:29Z</time>
   </trkpt>
   <trkpt lat="45.8875580" lon="15.2164450">
    <ele>356.0</ele>
    <time>2024-03-15T15:54:30Z</time>
   </trkpt>
   <trkpt lat="45.8875630" lon="15.2164620">
    <ele>356.0</ele>
    <time>2024-03-15T15:54:31Z</time>
   </trkpt>
   <trkpt lat="45.8875670" lon="15.2164780">
    <ele>356.0</ele>
    <time>2024-03-15T15:54:32Z</time>
   </trkpt>
   <trkpt lat="45.8875710" lon="15.2164940">
    <ele>356.0</ele>
    <time>2024-03-15T15:54:33Z</time>
   </trkpt>
   <trkpt lat="45.8875740" lon="15.2165100">
    <ele>356.0</ele>
    <time>2024-03-15T15:54:34Z</time>
   </trkpt>
   <trkpt lat="45.8875770" lon="15.2165250">
    <ele>356.0</ele>
    <time>2024-03-15T15:54:35Z</time>
   </trkpt>
   <trkpt lat="45.8875800" lon="15.2165410">
    <ele>356.0</ele>
    <time>2024-03-15T15:54:36Z</time>
   </trkpt>
   <trkpt lat="45.8875830" lon="15.2165560">
    <ele>357.0</ele>
    <time>2024-03-15T15:54:37Z</time>
   </trkpt>
   <trkpt lat="45.8875850" lon="15.2165730">
    <ele>357.0</ele>
    <time>2024-03-15T15:54:38Z</time>
   </trkpt>
   <trkpt lat="45.8875870" lon="15.2165890">
    <ele>357.0</ele>
    <time>2024-03-15T15:54:39Z</time>
   </trkpt>
   <trkpt lat="45.8875900" lon="15.2166060">
    <ele>357.0</ele>
    <time>2024-03-15T15:54:40Z</time>
   </trkpt>
   <trkpt lat="45.8875920" lon="15.2166220">
    <ele>357.0</ele>
    <time>2024-03-15T15:54:41Z</time>
   </trkpt>
   <trkpt lat="45.8875980" lon="15.2166410">
    <ele>358.0</ele>
    <time>2024-03-15T15:54:42Z</time>
   </trkpt>
   <trkpt lat="45.8876040" lon="15.2166600">
    <ele>358.0</ele>
    <time>2024-03-15T15:54:43Z</time>
   </trkpt>
   <trkpt lat="45.8876160" lon="15.2166870">
    <ele>358.0</ele>
    <time>2024-03-15T15:54:44Z</time>
   </trkpt>
   <trkpt lat="45.8876270" lon="15.2167150">
    <ele>358.0</ele>
    <time>2024-03-15T15:54:45Z</time>
   </trkpt>
   <trkpt lat="45.8876390" lon="15.2167490">
    <ele>358.0</ele>
    <time>2024-03-15T15:54:46Z</time>
   </trkpt>
   <trkpt lat="45.8876520" lon="15.2167830">
    <ele>359.0</ele>
    <time>2024-03-15T15:54:47Z</time>
   </trkpt>
   <trkpt lat="45.8876650" lon="15.2168200">
    <ele>359.0</ele>
    <time>2024-03-15T15:54:48Z</time>
   </trkpt>
   <trkpt lat="45.8876770" lon="15.2168570">
    <ele>359.0</ele>
    <time>2024-03-15T15:54:49Z</time>
   </trkpt>
   <trkpt lat="45.8876910" lon="15.2168930">
    <ele>359.0</ele>
    <time>2024-03-15T15:54:50Z</time>
   </trkpt>
   <trkpt lat="45.8877040" lon="15.2169300">
    <ele>359.0</ele>
    <time>2024-03-15T15:54:51Z</time>
   </trkpt>
   <trkpt lat="45.8877170" lon="15.2169660">
    <ele>360.0</ele>
    <time>2024-03-15T15:54:52Z</time>
   </trkpt>
   <trkpt lat="45.8877310" lon="15.2170020">
    <ele>360.0</ele>
    <time>2024-03-15T15:54:53Z</time>
   </trkpt>
   <trkpt lat="45.8877440" lon="15.2170380">
    <ele>360.0</ele>
    <time>2024-03-15T15:54:54Z</time>
   </trkpt>
   <trkpt lat="45.8877570" lon="15.2170740">
    <ele>360.0</ele>
    <time>2024-03-15T15:54:55Z</time>
   </trkpt>
   <trkpt lat="45.8877690" lon="15.2171100">
    <ele>360.0</ele>
    <time>2024-03-15T15:54:56Z</time>
   </trkpt>
   <trkpt lat="45.8877820" lon="15.2171460">
    <ele>360.0</ele>
    <time>2024-03-15T15:54:57Z</time>
   </trkpt>
   <trkpt lat="45.8877950" lon="15.2171810">
    <ele>360.0</ele>
    <time>2024-03-15T15:54:58Z</time>
   </trkpt>
   <trkpt lat="45.8878070" lon="15.2172170">
    <ele>360.0</ele>
    <time>2024-03-15T15:54:59Z</time>
   </trkpt>
   <trkpt lat="45.8878200" lon="15.2172520">
    <ele>360.0</ele>
    <time>2024-03-15T15:55:00Z</time>
   </trkpt>
   <trkpt lat="45.8878330" lon="15.2172870">
    <ele>360.0</ele>
    <time>2024-03-15T15:55:01Z</time>
   </trkpt>
   <trkpt lat="45.8878460" lon="15.2173230">
    <ele>360.0</ele>
    <time>2024-03-15T15:55:02Z</time>
   </trkpt>
   <trkpt lat="45.8878590" lon="15.2173590">
    <ele>360.0</ele>
    <time>2024-03-15T15:55:03Z</time>
   </trkpt>
   <trkpt lat="45.8878720" lon="15.2173950">
    <ele>360.0</ele>
    <time>2024-03-15T15:55:04Z</time>
   </trkpt>
   <trkpt lat="45.8878850" lon="15.2174320">
    <ele>360.0</ele>
    <time>2024-03-15T15:55:05Z</time>
   </trkpt>
   <trkpt lat="45.8878970" lon="15.2174680">
    <ele>360.0</ele>
    <time>2024-03-15T15:55:06Z</time>
   </trkpt>
   <trkpt lat="45.8879090" lon="15.2175050">
    <ele>360.0</ele>
    <time>2024-03-15T15:55:07Z</time>
   </trkpt>
   <trkpt lat="45.8879190" lon="15.2175410">
    <ele>360.0</ele>
    <time>2024-03-15T15:55:08Z</time>
   </trkpt>
   <trkpt lat="45.8879300" lon="15.2175780">
    <ele>360.0</ele>
    <time>2024-03-15T15:55:09Z</time>
   </trkpt>
   <trkpt lat="45.8879390" lon="15.2176140">
    <ele>360.0</ele>
    <time>2024-03-15T15:55:10Z</time>
   </trkpt>
   <trkpt lat="45.8879490" lon="15.2176500">
    <ele>360.0</ele>
    <time>2024-03-15T15:55:11Z</time>
   </trkpt>
   <trkpt lat="45.8879580" lon="15.2176850">
    <ele>361.0</ele>
    <time>2024-03-15T15:55:12Z</time>
   </trkpt>
   <trkpt lat="45.8879680" lon="15.2177200">
    <ele>361.0</ele>
    <time>2024-03-15T15:55:13Z</time>
   </trkpt>
   <trkpt lat="45.8879760" lon="15.2177550">
    <ele>361.0</ele>
    <time>2024-03-15T15:55:14Z</time>
   </trkpt>
   <trkpt lat="45.8879840" lon="15.2177890">
    <ele>361.0</ele>
    <time>2024-03-15T15:55:15Z</time>
   </trkpt>
   <trkpt lat="45.8879890" lon="15.2178190">
    <ele>361.0</ele>
    <time>2024-03-15T15:55:16Z</time>
   </trkpt>
   <trkpt lat="45.8879950" lon="15.2178490">
    <ele>361.0</ele>
    <time>2024-03-15T15:55:17Z</time>
   </trkpt>
   <trkpt lat="45.8879990" lon="15.2178730">
    <ele>361.0</ele>
    <time>2024-03-15T15:55:18Z</time>
   </trkpt>
   <trkpt lat="45.8880020" lon="15.2178970">
    <ele>361.0</ele>
    <time>2024-03-15T15:55:19Z</time>
   </trkpt>
   <trkpt lat="45.8880060" lon="15.2179180">
    <ele>361.0</ele>
    <time>2024-03-15T15:55:20Z</time>
   </trkpt>
   <trkpt lat="45.8880100" lon="15.2179390">
    <ele>361.0</ele>
    <time>2024-03-15T15:55:21Z</time>
   </trkpt>
   <trkpt lat="45.8880150" lon="15.2179600">
    <ele>362.0</ele>
    <time>2024-03-15T15:55:22Z</time>
   </trkpt>
   <trkpt lat="45.8880190" lon="15.2179800">
    <ele>362.0</ele>
    <time>2024-03-15T15:55:23Z</time>
   </trkpt>
   <trkpt lat="45.8880240" lon="15.2180000">
    <ele>362.0</ele>
    <time>2024-03-15T15:55:24Z</time>
   </trkpt>
   <trkpt lat="45.8880280" lon="15.2180200">
    <ele>362.0</ele>
    <time>2024-03-15T15:55:25Z</time>
   </trkpt>
   <trkpt lat="45.8880330" lon="15.2180400">
    <ele>362.0</ele>
    <time>2024-03-15T15:55:26Z</time>
   </trkpt>
   <trkpt lat="45.8880380" lon="15.2180600">
    <ele>362.0</ele>
    <time>2024-03-15T15:55:27Z</time>
   </trkpt>
   <trkpt lat="45.8880440" lon="15.2180790">
    <ele>362.0</ele>
    <time>2024-03-15T15:55:28Z</time>
   </trkpt>
   <trkpt lat="45.8880490" lon="15.2180980">
    <ele>362.0</ele>
    <time>2024-03-15T15:55:29Z</time>
   </trkpt>
   <trkpt lat="45.8880540" lon="15.2181160">
    <ele>362.0</ele>
    <time>2024-03-15T15:55:30Z</time>
   </trkpt>
   <trkpt lat="45.8880590" lon="15.2181350">
    <ele>362.0</ele>
    <time>2024-03-15T15:55:31Z</time>
   </trkpt>
   <trkpt lat="45.8880640" lon="15.2181520">
    <ele>363.0</ele>
    <time>2024-03-15T15:55:32Z</time>
   </trkpt>
   <trkpt lat="45.8880690" lon="15.2181700">
    <ele>363.0</ele>
    <time>2024-03-15T15:55:33Z</time>
   </trkpt>
   <trkpt lat="45.8880740" lon="15.2181870">
    <ele>363.0</ele>
    <time>2024-03-15T15:55:34Z</time>
   </trkpt>
   <trkpt lat="45.8880800" lon="15.2182040">
    <ele>363.0</ele>
    <time>2024-03-15T15:55:35Z</time>
   </trkpt>
   <trkpt lat="45.8880860" lon="15.2182190">
    <ele>363.0</ele>
    <time>2024-03-15T15:55:36Z</time>
   </trkpt>
   <trkpt lat="45.8880920" lon="15.2182340">
    <ele>363.0</ele>
    <time>2024-03-15T15:55:37Z</time>
   </trkpt>
   <trkpt lat="45.8880990" lon="15.2182480">
    <ele>363.0</ele>
    <time>2024-03-15T15:55:38Z</time>
   </trkpt>
   <trkpt lat="45.8881050" lon="15.2182620">
    <ele>363.0</ele>
    <time>2024-03-15T15:55:39Z</time>
   </trkpt>
   <trkpt lat="45.8881120" lon="15.2182780">
    <ele>363.0</ele>
    <time>2024-03-15T15:55:40Z</time>
   </trkpt>
   <trkpt lat="45.8881200" lon="15.2182930">
    <ele>363.0</ele>
    <time>2024-03-15T15:55:41Z</time>
   </trkpt>
   <trkpt lat="45.8881270" lon="15.2183090">
    <ele>363.0</ele>
    <time>2024-03-15T15:55:42Z</time>
   </trkpt>
   <trkpt lat="45.8881340" lon="15.2183250">
    <ele>363.0</ele>
    <time>2024-03-15T15:55:43Z</time>
   </trkpt>
   <trkpt lat="45.8881420" lon="15.2183410">
    <ele>363.0</ele>
    <time>2024-03-15T15:55:44Z</time>
   </trkpt>
   <trkpt lat="45.8881500" lon="15.2183570">
    <ele>363.0</ele>
    <time>2024-03-15T15:55:45Z</time>
   </trkpt>
   <trkpt lat="45.8881600" lon="15.2183710">
    <ele>363.0</ele>
    <time>2024-03-15T15:55:46Z</time>
   </trkpt>
   <trkpt lat="45.8881700" lon="15.2183850">
    <ele>364.0</ele>
    <time>2024-03-15T15:55:47Z</time>
   </trkpt>
   <trkpt lat="45.8881800" lon="15.2183990">
    <ele>364.0</ele>
    <time>2024-03-15T15:55:48Z</time>
   </trkpt>
   <trkpt lat="45.8881900" lon="15.2184130">
    <ele>364.0</ele>
    <time>2024-03-15T15:55:49Z</time>
   </trkpt>
   <trkpt lat="45.8882000" lon="15.2184260">
    <ele>364.0</ele>
    <time>2024-03-15T15:55:50Z</time>
   </trkpt>
   <trkpt lat="45.8882100" lon="15.2184400">
    <ele>364.0</ele>
    <time>2024-03-15T15:55:51Z</time>
   </trkpt>
   <trkpt lat="45.8882200" lon="15.2184530">
    <ele>364.0</ele>
    <time>2024-03-15T15:55:52Z</time>
   </trkpt>
   <trkpt lat="45.8882300" lon="15.2184660">
    <ele>364.0</ele>
    <time>2024-03-15T15:55:53Z</time>
   </trkpt>
   <trkpt lat="45.8882400" lon="15.2184780">
    <ele>364.0</ele>
    <time>2024-03-15T15:55:54Z</time>
   </trkpt>
   <trkpt lat="45.8882500" lon="15.2184900">
    <ele>364.0</ele>
    <time>2024-03-15T15:55:55Z</time>
   </trkpt>
   <trkpt lat="45.8882590" lon="15.2185020">
    <ele>364.0</ele>
    <time>2024-03-15T15:55:56Z</time>
   </trkpt>
   <trkpt lat="45.8882690" lon="15.2185130">
    <ele>365.0</ele>
    <time>2024-03-15T15:55:57Z</time>
   </trkpt>
   <trkpt lat="45.8882790" lon="15.2185260">
    <ele>365.0</ele>
    <time>2024-03-15T15:55:58Z</time>
   </trkpt>
   <trkpt lat="45.8882890" lon="15.2185380">
    <ele>365.0</ele>
    <time>2024-03-15T15:55:59Z</time>
   </trkpt>
   <trkpt lat="45.8883000" lon="15.2185510">
    <ele>365.0</ele>
    <time>2024-03-15T15:56:00Z</time>
   </trkpt>
   <trkpt lat="45.8883110" lon="15.2185630">
    <ele>365.0</ele>
    <time>2024-03-15T15:56:01Z</time>
   </trkpt>
   <trkpt lat="45.8883220" lon="15.2185770">
    <ele>366.0</ele>
    <time>2024-03-15T15:56:02Z</time>
   </trkpt>
   <trkpt lat="45.8883330" lon="15.2185910">
    <ele>366.0</ele>
    <time>2024-03-15T15:56:03Z</time>
   </trkpt>
   <trkpt lat="45.8883420" lon="15.2186060">
    <ele>366.0</ele>
    <time>2024-03-15T15:56:04Z</time>
   </trkpt>
   <trkpt lat="45.8883520" lon="15.2186210">
    <ele>366.0</ele>
    <time>2024-03-15T15:56:05Z</time>
   </trkpt>
   <trkpt lat="45.8883600" lon="15.2186370">
    <ele>366.0</ele>
    <time>2024-03-15T15:56:06Z</time>
   </trkpt>
   <trkpt lat="45.8883690" lon="15.2186540">
    <ele>367.0</ele>
    <time>2024-03-15T15:56:07Z</time>
   </trkpt>
   <trkpt lat="45.8883770" lon="15.2186700">
    <ele>367.0</ele>
    <time>2024-03-15T15:56:08Z</time>
   </trkpt>
   <trkpt lat="45.8883860" lon="15.2186870">
    <ele>367.0</ele>
    <time>2024-03-15T15:56:09Z</time>
   </trkpt>
   <trkpt lat="45.8883960" lon="15.2187030">
    <ele>367.0</ele>
    <time>2024-03-15T15:56:10Z</time>
   </trkpt>
   <trkpt lat="45.8884070" lon="15.2187200">
    <ele>367.0</ele>
    <time>2024-03-15T15:56:11Z</time>
   </trkpt>
   <trkpt lat="45.8884180" lon="15.2187350">
    <ele>367.0</ele>
    <time>2024-03-15T15:56:12Z</time>
   </trkpt>
   <trkpt lat="45.8884290" lon="15.2187500">
    <ele>367.0</ele>
    <time>2024-03-15T15:56:13Z</time>
   </trkpt>
   <trkpt lat="45.8884400" lon="15.2187630">
    <ele>367.0</ele>
    <time>2024-03-15T15:56:14Z</time>
   </trkpt>
   <trkpt lat="45.8884510" lon="15.2187770">
    <ele>367.0</ele>
    <time>2024-03-15T15:56:15Z</time>
   </trkpt>
   <trkpt lat="45.8884610" lon="15.2187900">
    <ele>367.0</ele>
    <time>2024-03-15T15:56:16Z</time>
   </trkpt>
   <trkpt lat="45.8884720" lon="15.2188030">
    <ele>368.0</ele>
    <time>2024-03-15T15:56:17Z</time>
   </trkpt>
   <trkpt lat="45.8884810" lon="15.2188150">
    <ele>368.0</ele>
    <time>2024-03-15T15:56:18Z</time>
   </trkpt>
   <trkpt lat="45.8884900" lon="15.2188260">
    <ele>368.0</ele>
    <time>2024-03-15T15:56:19Z</time>
   </trkpt>
   <trkpt lat="45.8884980" lon="15.2188370">
    <ele>368.0</ele>
    <time>2024-03-15T15:56:20Z</time>
   </trkpt>
   <trkpt lat="45.8885060" lon="15.2188470">
    <ele>368.0</ele>
    <time>2024-03-15T15:56:21Z</time>
   </trkpt>
   <trkpt lat="45.8885120" lon="15.2188550">
    <ele>369.0</ele>
    <time>2024-03-15T15:56:22Z</time>
   </trkpt>
   <trkpt lat="45.8885180" lon="15.2188620">
    <ele>369.0</ele>
    <time>2024-03-15T15:56:23Z</time>
   </trkpt>
   <trkpt lat="45.8885180" lon="15.2188620">
    <ele>369.0</ele>
    <time>2024-03-15T15:56:24Z</time>
   </trkpt>
   <trkpt lat="45.8885180" lon="15.2188620">
    <ele>369.0</ele>
    <time>2024-03-15T15:56:25Z</time>
   </trkpt>
   <trkpt lat="45.8885180" lon="15.2188620">
    <ele>369.0</ele>
    <time>2024-03-15T15:56:26Z</time>
   </trkpt>
   <trkpt lat="45.8885180" lon="15.2188620">
    <ele>369.0</ele>
    <time>2024-03-15T15:56:27Z</time>
   </trkpt>
   <trkpt lat="45.8885180" lon="15.2188620">
    <ele>369.0</ele>
    <time>2024-03-15T15:56:28Z</time>
   </trkpt>
   <trkpt lat="45.8885180" lon="15.2188620">
    <ele>369.0</ele>
    <time>2024-03-15T15:56:29Z</time>
   </trkpt>
   <trkpt lat="45.8885180" lon="15.2188620">
    <ele>369.0</ele>
    <time>2024-03-15T15:56:30Z</time>
   </trkpt>
   <trkpt lat="45.8885180" lon="15.2188620">
    <ele>369.0</ele>
    <time>2024-03-15T15:56:31Z</time>
   </trkpt>
   <trkpt lat="45.8885180" lon="15.2188620">
    <ele>370.0</ele>
    <time>2024-03-15T15:56:32Z</time>
   </trkpt>
   <trkpt lat="45.8885180" lon="15.2188620">
    <ele>370.0</ele>
    <time>2024-03-15T15:56:33Z</time>
   </trkpt>
   <trkpt lat="45.8885270" lon="15.2188730">
    <ele>370.0</ele>
    <time>2024-03-15T15:56:34Z</time>
   </trkpt>
   <trkpt lat="45.8885290" lon="15.2188790">
    <ele>370.0</ele>
    <time>2024-03-15T15:56:35Z</time>
   </trkpt>
   <trkpt lat="45.8885310" lon="15.2188850">
    <ele>370.0</ele>
    <time>2024-03-15T15:56:36Z</time>
   </trkpt>
   <trkpt lat="45.8885310" lon="15.2188960">
    <ele>371.0</ele>
    <time>2024-03-15T15:56:37Z</time>
   </trkpt>
   <trkpt lat="45.8885310" lon="15.2189060">
    <ele>371.0</ele>
    <time>2024-03-15T15:56:38Z</time>
   </trkpt>
   <trkpt lat="45.8885270" lon="15.2189200">
    <ele>371.0</ele>
    <time>2024-03-15T15:56:39Z</time>
   </trkpt>
   <trkpt lat="45.8885230" lon="15.2189350">
    <ele>371.0</ele>
    <time>2024-03-15T15:56:40Z</time>
   </trkpt>
   <trkpt lat="45.8885200" lon="15.2189430">
    <ele>371.0</ele>
    <time>2024-03-15T15:56:41Z</time>
   </trkpt>
   <trkpt lat="45.8885170" lon="15.2189510">
    <ele>371.0</ele>
    <time>2024-03-15T15:56:42Z</time>
   </trkpt>
   <trkpt lat="45.8885150" lon="15.2189640">
    <ele>371.0</ele>
    <time>2024-03-15T15:56:43Z</time>
   </trkpt>
   <trkpt lat="45.8885120" lon="15.2189770">
    <ele>371.0</ele>
    <time>2024-03-15T15:56:44Z</time>
   </trkpt>
   <trkpt lat="45.8885140" lon="15.2189890">
    <ele>371.0</ele>
    <time>2024-03-15T15:56:45Z</time>
   </trkpt>
   <trkpt lat="45.8885150" lon="15.2190020">
    <ele>371.0</ele>
    <time>2024-03-15T15:56:46Z</time>
   </trkpt>
   <trkpt lat="45.8885190" lon="15.2190140">
    <ele>371.0</ele>
    <time>2024-03-15T15:56:47Z</time>
   </trkpt>
   <trkpt lat="45.8885240" lon="15.2190260">
    <ele>371.0</ele>
    <time>2024-03-15T15:56:48Z</time>
   </trkpt>
   <trkpt lat="45.8885280" lon="15.2190390">
    <ele>371.0</ele>
    <time>2024-03-15T15:56:49Z</time>
   </trkpt>
   <trkpt lat="45.8885320" lon="15.2190510">
    <ele>371.0</ele>
    <time>2024-03-15T15:56:50Z</time>
   </trkpt>
   <trkpt lat="45.8885360" lon="15.2190640">
    <ele>371.0</ele>
    <time>2024-03-15T15:56:51Z</time>
   </trkpt>
   <trkpt lat="45.8885390" lon="15.2190770">
    <ele>372.0</ele>
    <time>2024-03-15T15:56:52Z</time>
   </trkpt>
   <trkpt lat="45.8885430" lon="15.2190950">
    <ele>372.0</ele>
    <time>2024-03-15T15:56:53Z</time>
   </trkpt>
   <trkpt lat="45.8885460" lon="15.2191120">
    <ele>372.0</ele>
    <time>2024-03-15T15:56:54Z</time>
   </trkpt>
   <trkpt lat="45.8885510" lon="15.2191330">
    <ele>372.0</ele>
    <time>2024-03-15T15:56:55Z</time>
   </trkpt>
   <trkpt lat="45.8885550" lon="15.2191550">
    <ele>372.0</ele>
    <time>2024-03-15T15:56:56Z</time>
   </trkpt>
   <trkpt lat="45.8885610" lon="15.2191810">
    <ele>372.0</ele>
    <time>2024-03-15T15:56:57Z</time>
   </trkpt>
   <trkpt lat="45.8885680" lon="15.2192080">
    <ele>372.0</ele>
    <time>2024-03-15T15:56:58Z</time>
   </trkpt>
   <trkpt lat="45.8885750" lon="15.2192400">
    <ele>372.0</ele>
    <time>2024-03-15T15:56:59Z</time>
   </trkpt>
   <trkpt lat="45.8885820" lon="15.2192730">
    <ele>372.0</ele>
    <time>2024-03-15T15:57:00Z</time>
   </trkpt>
   <trkpt lat="45.8885890" lon="15.2193100">
    <ele>372.0</ele>
    <time>2024-03-15T15:57:01Z</time>
   </trkpt>
   <trkpt lat="45.8885960" lon="15.2193480">
    <ele>372.0</ele>
    <time>2024-03-15T15:57:02Z</time>
   </trkpt>
   <trkpt lat="45.8886010" lon="15.2193890">
    <ele>372.0</ele>
    <time>2024-03-15T15:57:03Z</time>
   </trkpt>
   <trkpt lat="45.8886060" lon="15.2194300">
    <ele>372.0</ele>
    <time>2024-03-15T15:57:04Z</time>
   </trkpt>
   <trkpt lat="45.8886090" lon="15.2194730">
    <ele>372.0</ele>
    <time>2024-03-15T15:57:05Z</time>
   </trkpt>
   <trkpt lat="45.8886120" lon="15.2195160">
    <ele>372.0</ele>
    <time>2024-03-15T15:57:06Z</time>
   </trkpt>
   <trkpt lat="45.8886130" lon="15.2195590">
    <ele>372.0</ele>
    <time>2024-03-15T15:57:07Z</time>
   </trkpt>
   <trkpt lat="45.8886140" lon="15.2196010">
    <ele>371.0</ele>
    <time>2024-03-15T15:57:08Z</time>
   </trkpt>
   <trkpt lat="45.8886140" lon="15.2196420">
    <ele>371.0</ele>
    <time>2024-03-15T15:57:09Z</time>
   </trkpt>
   <trkpt lat="45.8886140" lon="15.2196840">
    <ele>371.0</ele>
    <time>2024-03-15T15:57:10Z</time>
   </trkpt>
   <trkpt lat="45.8886150" lon="15.2197270">
    <ele>371.0</ele>
    <time>2024-03-15T15:57:11Z</time>
   </trkpt>
   <trkpt lat="45.8886160" lon="15.2197700">
    <ele>371.0</ele>
    <time>2024-03-15T15:57:12Z</time>
   </trkpt>
   <trkpt lat="45.8886170" lon="15.2198120">
    <ele>370.0</ele>
    <time>2024-03-15T15:57:13Z</time>
   </trkpt>
   <trkpt lat="45.8886180" lon="15.2198540">
    <ele>370.0</ele>
    <time>2024-03-15T15:57:14Z</time>
   </trkpt>
   <trkpt lat="45.8886210" lon="15.2198960">
    <ele>370.0</ele>
    <time>2024-03-15T15:57:15Z</time>
   </trkpt>
   <trkpt lat="45.8886240" lon="15.2199370">
    <ele>370.0</ele>
    <time>2024-03-15T15:57:16Z</time>
   </trkpt>
   <trkpt lat="45.8886280" lon="15.2199780">
    <ele>370.0</ele>
    <time>2024-03-15T15:57:17Z</time>
   </trkpt>
   <trkpt lat="45.8886310" lon="15.2200180">
    <ele>369.0</ele>
    <time>2024-03-15T15:57:18Z</time>
   </trkpt>
   <trkpt lat="45.8886350" lon="15.2200590">
    <ele>369.0</ele>
    <time>2024-03-15T15:57:19Z</time>
   </trkpt>
   <trkpt lat="45.8886400" lon="15.2201000">
    <ele>368.0</ele>
    <time>2024-03-15T15:57:20Z</time>
   </trkpt>
   <trkpt lat="45.8886450" lon="15.2201420">
    <ele>368.0</ele>
    <time>2024-03-15T15:57:21Z</time>
   </trkpt>
   <trkpt lat="45.8886500" lon="15.2201840">
    <ele>368.0</ele>
    <time>2024-03-15T15:57:22Z</time>
   </trkpt>
   <trkpt lat="45.8886560" lon="15.2202270">
    <ele>367.0</ele>
    <time>2024-03-15T15:57:23Z</time>
   </trkpt>
   <trkpt lat="45.8886610" lon="15.2202690">
    <ele>367.0</ele>
    <time>2024-03-15T15:57:24Z</time>
   </trkpt>
   <trkpt lat="45.8886680" lon="15.2203130">
    <ele>366.0</ele>
    <time>2024-03-15T15:57:25Z</time>
   </trkpt>
   <trkpt lat="45.8886760" lon="15.2203560">
    <ele>366.0</ele>
    <time>2024-03-15T15:57:26Z</time>
   </trkpt>
   <trkpt lat="45.8886870" lon="15.2203980">
    <ele>366.0</ele>
    <time>2024-03-15T15:57:27Z</time>
   </trkpt>
   <trkpt lat="45.8886970" lon="15.2204390">
    <ele>365.0</ele>
    <time>2024-03-15T15:57:28Z</time>
   </trkpt>
   <trkpt lat="45.8887110" lon="15.2204790">
    <ele>365.0</ele>
    <time>2024-03-15T15:57:29Z</time>
   </trkpt>
   <trkpt lat="45.8887250" lon="15.2205190">
    <ele>364.0</ele>
    <time>2024-03-15T15:57:30Z</time>
   </trkpt>
   <trkpt lat="45.8887400" lon="15.2205560">
    <ele>364.0</ele>
    <time>2024-03-15T15:57:31Z</time>
   </trkpt>
   <trkpt lat="45.8887560" lon="15.2205930">
    <ele>364.0</ele>
    <time>2024-03-15T15:57:32Z</time>
   </trkpt>
   <trkpt lat="45.8887760" lon="15.2206280">
    <ele>363.0</ele>
    <time>2024-03-15T15:57:33Z</time>
   </trkpt>
   <trkpt lat="45.8887950" lon="15.2206630">
    <ele>362.0</ele>
    <time>2024-03-15T15:57:34Z</time>
   </trkpt>
   <trkpt lat="45.8888170" lon="15.2206950">
    <ele>362.0</ele>
    <time>2024-03-15T15:57:35Z</time>
   </trkpt>
   <trkpt lat="45.8888390" lon="15.2207280">
    <ele>361.0</ele>
    <time>2024-03-15T15:57:36Z</time>
   </trkpt>
   <trkpt lat="45.8888620" lon="15.2207560">
    <ele>361.0</ele>
    <time>2024-03-15T15:57:37Z</time>
   </trkpt>
   <trkpt lat="45.8888850" lon="15.2207840">
    <ele>360.0</ele>
    <time>2024-03-15T15:57:38Z</time>
   </trkpt>
   <trkpt lat="45.8889070" lon="15.2208110">
    <ele>359.0</ele>
    <time>2024-03-15T15:57:39Z</time>
   </trkpt>
   <trkpt lat="45.8889290" lon="15.2208390">
    <ele>359.0</ele>
    <time>2024-03-15T15:57:40Z</time>
   </trkpt>
   <trkpt lat="45.8889510" lon="15.2208700">
    <ele>358.0</ele>
    <time>2024-03-15T15:57:41Z</time>
   </trkpt>
   <trkpt lat="45.8889730" lon="15.2209000">
    <ele>358.0</ele>
    <time>2024-03-15T15:57:42Z</time>
   </trkpt>
   <trkpt lat="45.8889940" lon="15.2209340">
    <ele>357.0</ele>
    <time>2024-03-15T15:57:43Z</time>
   </trkpt>
   <trkpt lat="45.8890140" lon="15.2209680">
    <ele>357.0</ele>
    <time>2024-03-15T15:57:44Z</time>
   </trkpt>
   <trkpt lat="45.8890310" lon="15.2210030">
    <ele>356.0</ele>
    <time>2024-03-15T15:57:45Z</time>
   </trkpt>
   <trkpt lat="45.8890470" lon="15.2210380">
    <ele>356.0</ele>
    <time>2024-03-15T15:57:46Z</time>
   </trkpt>
   <trkpt lat="45.8890610" lon="15.2210770">
    <ele>356.0</ele>
    <time>2024-03-15T15:57:47Z</time>
   </trkpt>
   <trkpt lat="45.8890760" lon="15.2211150">
    <ele>355.0</ele>
    <time>2024-03-15T15:57:48Z</time>
   </trkpt>
   <trkpt lat="45.8890850" lon="15.2211550">
    <ele>355.0</ele>
    <time>2024-03-15T15:57:49Z</time>
   </trkpt>
   <trkpt lat="45.8890940" lon="15.2211940">
    <ele>354.0</ele>
    <time>2024-03-15T15:57:50Z</time>
   </trkpt>
   <trkpt lat="45.8890940" lon="15.2212330">
    <ele>354.0</ele>
    <time>2024-03-15T15:57:51Z</time>
   </trkpt>
   <trkpt lat="45.8890940" lon="15.2212720">
    <ele>354.0</ele>
    <time>2024-03-15T15:57:52Z</time>
   </trkpt>
   <trkpt lat="45.8890870" lon="15.2213090">
    <ele>353.0</ele>
    <time>2024-03-15T15:57:53Z</time>
   </trkpt>
   <trkpt lat="45.8890800" lon="15.2213460">
    <ele>353.0</ele>
    <time>2024-03-15T15:57:54Z</time>
   </trkpt>
   <trkpt lat="45.8890690" lon="15.2213810">
    <ele>352.0</ele>
    <time>2024-03-15T15:57:55Z</time>
   </trkpt>
   <trkpt lat="45.8890580" lon="15.2214160">
    <ele>352.0</ele>
    <time>2024-03-15T15:57:56Z</time>
   </trkpt>
   <trkpt lat="45.8890460" lon="15.2214510">
    <ele>352.0</ele>
    <time>2024-03-15T15:57:57Z</time>
   </trkpt>
   <trkpt lat="45.8890340" lon="15.2214860">
    <ele>351.0</ele>
    <time>2024-03-15T15:57:58Z</time>
   </trkpt>
   <trkpt lat="45.8890200" lon="15.2215210">
    <ele>350.0</ele>
    <time>2024-03-15T15:57:59Z</time>
   </trkpt>
   <trkpt lat="45.8890060" lon="15.2215560">
    <ele>350.0</ele>
    <time>2024-03-15T15:58:00Z</time>
   </trkpt>
   <trkpt lat="45.8889900" lon="15.2215920">
    <ele>349.0</ele>
    <time>2024-03-15T15:58:01Z</time>
   </trkpt>
   <trkpt lat="45.8889740" lon="15.2216280">
    <ele>349.0</ele>
    <time>2024-03-15T15:58:02Z</time>
   </trkpt>
   <trkpt lat="45.8889620" lon="15.2216690">
    <ele>348.0</ele>
    <time>2024-03-15T15:58:03Z</time>
   </trkpt>
   <trkpt lat="45.8889490" lon="15.2217090">
    <ele>347.0</ele>
    <time>2024-03-15T15:58:04Z</time>
   </trkpt>
   <trkpt lat="45.8889380" lon="15.2217540">
    <ele>347.0</ele>
    <time>2024-03-15T15:58:05Z</time>
   </trkpt>
   <trkpt lat="45.8889260" lon="15.2218000">
    <ele>346.0</ele>
    <time>2024-03-15T15:58:06Z</time>
   </trkpt>
   <trkpt lat="45.8889110" lon="15.2218430">
    <ele>346.0</ele>
    <time>2024-03-15T15:58:07Z</time>
   </trkpt>
   <trkpt lat="45.8888960" lon="15.2218870">
    <ele>345.0</ele>
    <time>2024-03-15T15:58:08Z</time>
   </trkpt>
   <trkpt lat="45.8888780" lon="15.2219220">
    <ele>344.0</ele>
    <time>2024-03-15T15:58:09Z</time>
   </trkpt>
   <trkpt lat="45.8888600" lon="15.2219570">
    <ele>343.0</ele>
    <time>2024-03-15T15:58:10Z</time>
   </trkpt>
   <trkpt lat="45.8888400" lon="15.2219860">
    <ele>342.0</ele>
    <time>2024-03-15T15:58:11Z</time>
   </trkpt>
   <trkpt lat="45.8888200" lon="15.2220160">
    <ele>342.0</ele>
    <time>2024-03-15T15:58:12Z</time>
   </trkpt>
   <trkpt lat="45.8888010" lon="15.2220430">
    <ele>341.0</ele>
    <time>2024-03-15T15:58:13Z</time>
   </trkpt>
   <trkpt lat="45.8887810" lon="15.2220710">
    <ele>340.0</ele>
    <time>2024-03-15T15:58:14Z</time>
   </trkpt>
   <trkpt lat="45.8887640" lon="15.2221000">
    <ele>340.0</ele>
    <time>2024-03-15T15:58:15Z</time>
   </trkpt>
   <trkpt lat="45.8887470" lon="15.2221290">
    <ele>339.0</ele>
    <time>2024-03-15T15:58:16Z</time>
   </trkpt>
   <trkpt lat="45.8887340" lon="15.2221610">
    <ele>339.0</ele>
    <time>2024-03-15T15:58:17Z</time>
   </trkpt>
   <trkpt lat="45.8887200" lon="15.2221930">
    <ele>338.0</ele>
    <time>2024-03-15T15:58:18Z</time>
   </trkpt>
   <trkpt lat="45.8887110" lon="15.2222290">
    <ele>337.0</ele>
    <time>2024-03-15T15:58:19Z</time>
   </trkpt>
   <trkpt lat="45.8887020" lon="15.2222650">
    <ele>337.0</ele>
    <time>2024-03-15T15:58:20Z</time>
   </trkpt>
   <trkpt lat="45.8886950" lon="15.2223040">
    <ele>336.0</ele>
    <time>2024-03-15T15:58:21Z</time>
   </trkpt>
   <trkpt lat="45.8886880" lon="15.2223430">
    <ele>336.0</ele>
    <time>2024-03-15T15:58:22Z</time>
   </trkpt>
   <trkpt lat="45.8886880" lon="15.2223860">
    <ele>335.0</ele>
    <time>2024-03-15T15:58:23Z</time>
   </trkpt>
   <trkpt lat="45.8886870" lon="15.2224290">
    <ele>334.0</ele>
    <time>2024-03-15T15:58:24Z</time>
   </trkpt>
   <trkpt lat="45.8886910" lon="15.2224740">
    <ele>334.0</ele>
    <time>2024-03-15T15:58:25Z</time>
   </trkpt>
   <trkpt lat="45.8886950" lon="15.2225190">
    <ele>333.0</ele>
    <time>2024-03-15T15:58:26Z</time>
   </trkpt>
   <trkpt lat="45.8887030" lon="15.2225630">
    <ele>333.0</ele>
    <time>2024-03-15T15:58:27Z</time>
   </trkpt>
   <trkpt lat="45.8887110" lon="15.2226080">
    <ele>332.0</ele>
    <time>2024-03-15T15:58:28Z</time>
   </trkpt>
   <trkpt lat="45.8887200" lon="15.2226510">
    <ele>331.0</ele>
    <time>2024-03-15T15:58:29Z</time>
   </trkpt>
   <trkpt lat="45.8887280" lon="15.2226940">
    <ele>331.0</ele>
    <time>2024-03-15T15:58:30Z</time>
   </trkpt>
   <trkpt lat="45.8887330" lon="15.2227360">
    <ele>330.0</ele>
    <time>2024-03-15T15:58:31Z</time>
   </trkpt>
   <trkpt lat="45.8887370" lon="15.2227770">
    <ele>330.0</ele>
    <time>2024-03-15T15:58:32Z</time>
   </trkpt>
   <trkpt lat="45.8887310" lon="15.2228150">
    <ele>329.0</ele>
    <time>2024-03-15T15:58:33Z</time>
   </trkpt>
   <trkpt lat="45.8887250" lon="15.2228530">
    <ele>328.0</ele>
    <time>2024-03-15T15:58:34Z</time>
   </trkpt>
   <trkpt lat="45.8887080" lon="15.2228850">
    <ele>328.0</ele>
    <time>2024-03-15T15:58:35Z</time>
   </trkpt>
   <trkpt lat="45.8886910" lon="15.2229160">
    <ele>327.0</ele>
    <time>2024-03-15T15:58:36Z</time>
   </trkpt>
   <trkpt lat="45.8886670" lon="15.2229380">
    <ele>327.0</ele>
    <time>2024-03-15T15:58:37Z</time>
   </trkpt>
   <trkpt lat="45.8886420" lon="15.2229610">
    <ele>326.0</ele>
    <time>2024-03-15T15:58:38Z</time>
   </trkpt>
   <trkpt lat="45.8886170" lon="15.2229740">
    <ele>325.0</ele>
    <time>2024-03-15T15:58:39Z</time>
   </trkpt>
   <trkpt lat="45.8885910" lon="15.2229870">
    <ele>325.0</ele>
    <time>2024-03-15T15:58:40Z</time>
   </trkpt>
   <trkpt lat="45.8885640" lon="15.2229990">
    <ele>324.0</ele>
    <time>2024-03-15T15:58:41Z</time>
   </trkpt>
   <trkpt lat="45.8885370" lon="15.2230110">
    <ele>324.0</ele>
    <time>2024-03-15T15:58:42Z</time>
   </trkpt>
   <trkpt lat="45.8885070" lon="15.2230270">
    <ele>323.0</ele>
    <time>2024-03-15T15:58:43Z</time>
   </trkpt>
   <trkpt lat="45.8884780" lon="15.2230430">
    <ele>323.0</ele>
    <time>2024-03-15T15:58:44Z</time>
   </trkpt>
   <trkpt lat="45.8884470" lon="15.2230570">
    <ele>322.0</ele>
    <time>2024-03-15T15:58:45Z</time>
   </trkpt>
   <trkpt lat="45.8884160" lon="15.2230710">
    <ele>322.0</ele>
    <time>2024-03-15T15:58:46Z</time>
   </trkpt>
   <trkpt lat="45.8883880" lon="15.2230790">
    <ele>322.0</ele>
    <time>2024-03-15T15:58:47Z</time>
   </trkpt>
   <trkpt lat="45.8883590" lon="15.2230860">
    <ele>321.0</ele>
    <time>2024-03-15T15:58:48Z</time>
   </trkpt>
   <trkpt lat="45.8883350" lon="15.2230920">
    <ele>320.0</ele>
    <time>2024-03-15T15:58:49Z</time>
   </trkpt>
   <trkpt lat="45.8883110" lon="15.2230970">
    <ele>320.0</ele>
    <time>2024-03-15T15:58:50Z</time>
   </trkpt>
   <trkpt lat="45.8882890" lon="15.2231060">
    <ele>319.0</ele>
    <time>2024-03-15T15:58:51Z</time>
   </trkpt>
   <trkpt lat="45.8882670" lon="15.2231140">
    <ele>319.0</ele>
    <time>2024-03-15T15:58:52Z</time>
   </trkpt>
   <trkpt lat="45.8882440" lon="15.2231280">
    <ele>318.0</ele>
    <time>2024-03-15T15:58:53Z</time>
   </trkpt>
   <trkpt lat="45.8882220" lon="15.2231410">
    <ele>317.0</ele>
    <time>2024-03-15T15:58:54Z</time>
   </trkpt>
   <trkpt lat="45.8881960" lon="15.2231560">
    <ele>317.0</ele>
    <time>2024-03-15T15:58:55Z</time>
   </trkpt>
   <trkpt lat="45.8881710" lon="15.2231710">
    <ele>316.0</ele>
    <time>2024-03-15T15:58:56Z</time>
   </trkpt>
   <trkpt lat="45.8881440" lon="15.2231870">
    <ele>316.0</ele>
    <time>2024-03-15T15:58:57Z</time>
   </trkpt>
   <trkpt lat="45.8881180" lon="15.2232030">
    <ele>315.0</ele>
    <time>2024-03-15T15:58:58Z</time>
   </trkpt>
   <trkpt lat="45.8880910" lon="15.2232200">
    <ele>314.0</ele>
    <time>2024-03-15T15:58:59Z</time>
   </trkpt>
   <trkpt lat="45.8880640" lon="15.2232380">
    <ele>314.0</ele>
    <time>2024-03-15T15:59:00Z</time>
   </trkpt>
   <trkpt lat="45.8880390" lon="15.2232560">
    <ele>313.0</ele>
    <time>2024-03-15T15:59:01Z</time>
   </trkpt>
   <trkpt lat="45.8880130" lon="15.2232740">
    <ele>313.0</ele>
    <time>2024-03-15T15:59:02Z</time>
   </trkpt>
   <trkpt lat="45.8879890" lon="15.2232920">
    <ele>312.0</ele>
    <time>2024-03-15T15:59:03Z</time>
   </trkpt>
   <trkpt lat="45.8879650" lon="15.2233100">
    <ele>311.0</ele>
    <time>2024-03-15T15:59:04Z</time>
   </trkpt>
   <trkpt lat="45.8879440" lon="15.2233300">
    <ele>311.0</ele>
    <time>2024-03-15T15:59:05Z</time>
   </trkpt>
   <trkpt lat="45.8879230" lon="15.2233500">
    <ele>310.0</ele>
    <time>2024-03-15T15:59:06Z</time>
   </trkpt>
   <trkpt lat="45.8879030" lon="15.2233730">
    <ele>310.0</ele>
    <time>2024-03-15T15:59:07Z</time>
   </trkpt>
   <trkpt lat="45.8878840" lon="15.2233970">
    <ele>309.0</ele>
    <time>2024-03-15T15:59:08Z</time>
   </trkpt>
   <trkpt lat="45.8878650" lon="15.2234240">
    <ele>308.0</ele>
    <time>2024-03-15T15:59:09Z</time>
   </trkpt>
   <trkpt lat="45.8878460" lon="15.2234510">
    <ele>308.0</ele>
    <time>2024-03-15T15:59:10Z</time>
   </trkpt>
   <trkpt lat="45.8878240" lon="15.2234800">
    <ele>307.0</ele>
    <time>2024-03-15T15:59:11Z</time>
   </trkpt>
   <trkpt lat="45.8878010" lon="15.2235090">
    <ele>307.0</ele>
    <time>2024-03-15T15:59:12Z</time>
   </trkpt>
   <trkpt lat="45.8877750" lon="15.2235340">
    <ele>306.0</ele>
    <time>2024-03-15T15:59:13Z</time>
   </trkpt>
   <trkpt lat="45.8877490" lon="15.2235590">
    <ele>305.0</ele>
    <time>2024-03-15T15:59:14Z</time>
   </trkpt>
   <trkpt lat="45.8877240" lon="15.2235760">
    <ele>304.0</ele>
    <time>2024-03-15T15:59:15Z</time>
   </trkpt>
   <trkpt lat="45.8876990" lon="15.2235940">
    <ele>303.0</ele>
    <time>2024-03-15T15:59:16Z</time>
   </trkpt>
   <trkpt lat="45.8876740" lon="15.2236080">
    <ele>303.0</ele>
    <time>2024-03-15T15:59:17Z</time>
   </trkpt>
   <trkpt lat="45.8876490" lon="15.2236220">
    <ele>302.0</ele>
    <time>2024-03-15T15:59:18Z</time>
   </trkpt>
   <trkpt lat="45.8876250" lon="15.2236380">
    <ele>301.0</ele>
    <time>2024-03-15T15:59:19Z</time>
   </trkpt>
   <trkpt lat="45.8876010" lon="15.2236540">
    <ele>301.0</ele>
    <time>2024-03-15T15:59:20Z</time>
   </trkpt>
   <trkpt lat="45.8875770" lon="15.2236690">
    <ele>300.0</ele>
    <time>2024-03-15T15:59:21Z</time>
   </trkpt>
   <trkpt lat="45.8875540" lon="15.2236830">
    <ele>300.0</ele>
    <time>2024-03-15T15:59:22Z</time>
   </trkpt>
   <trkpt lat="45.8875290" lon="15.2236950">
    <ele>299.0</ele>
    <time>2024-03-15T15:59:23Z</time>
   </trkpt>
   <trkpt lat="45.8875050" lon="15.2237060">
    <ele>298.0</ele>
    <time>2024-03-15T15:59:24Z</time>
   </trkpt>
   <trkpt lat="45.8874810" lon="15.2237190">
    <ele>298.0</ele>
    <time>2024-03-15T15:59:25Z</time>
   </trkpt>
   <trkpt lat="45.8874570" lon="15.2237310">
    <ele>297.0</ele>
    <time>2024-03-15T15:59:26Z</time>
   </trkpt>
   <trkpt lat="45.8874310" lon="15.2237450">
    <ele>297.0</ele>
    <time>2024-03-15T15:59:27Z</time>
   </trkpt>
   <trkpt lat="45.8874060" lon="15.2237590">
    <ele>296.0</ele>
    <time>2024-03-15T15:59:28Z</time>
   </trkpt>
   <trkpt lat="45.8873790" lon="15.2237780">
    <ele>295.0</ele>
    <time>2024-03-15T15:59:29Z</time>
   </trkpt>
   <trkpt lat="45.8873530" lon="15.2237970">
    <ele>295.0</ele>
    <time>2024-03-15T15:59:30Z</time>
   </trkpt>
   <trkpt lat="45.8873260" lon="15.2238200">
    <ele>294.0</ele>
    <time>2024-03-15T15:59:31Z</time>
   </trkpt>
   <trkpt lat="45.8872980" lon="15.2238430">
    <ele>294.0</ele>
    <time>2024-03-15T15:59:32Z</time>
   </trkpt>
   <trkpt lat="45.8872700" lon="15.2238670">
    <ele>293.0</ele>
    <time>2024-03-15T15:59:33Z</time>
   </trkpt>
   <trkpt lat="45.8872430" lon="15.2238900">
    <ele>292.0</ele>
    <time>2024-03-15T15:59:34Z</time>
   </trkpt>
   <trkpt lat="45.8872130" lon="15.2239140">
    <ele>292.0</ele>
    <time>2024-03-15T15:59:35Z</time>
   </trkpt>
   <trkpt lat="45.8871840" lon="15.2239370">
    <ele>291.0</ele>
    <time>2024-03-15T15:59:36Z</time>
   </trkpt>
   <trkpt lat="45.8871570" lon="15.2239580">
    <ele>291.0</ele>
    <time>2024-03-15T15:59:37Z</time>
   </trkpt>
   <trkpt lat="45.8871290" lon="15.2239790">
    <ele>290.0</ele>
    <time>2024-03-15T15:59:38Z</time>
   </trkpt>
   <trkpt lat="45.8871050" lon="15.2239970">
    <ele>289.0</ele>
    <time>2024-03-15T15:59:39Z</time>
   </trkpt>
   <trkpt lat="45.8870800" lon="15.2240140">
    <ele>289.0</ele>
    <time>2024-03-15T15:59:40Z</time>
   </trkpt>
   <trkpt lat="45.8870560" lon="15.2240280">
    <ele>288.0</ele>
    <time>2024-03-15T15:59:41Z</time>
   </trkpt>
   <trkpt lat="45.8870330" lon="15.2240420">
    <ele>288.0</ele>
    <time>2024-03-15T15:59:42Z</time>
   </trkpt>
   <trkpt lat="45.8870080" lon="15.2240530">
    <ele>287.0</ele>
    <time>2024-03-15T15:59:43Z</time>
   </trkpt>
   <trkpt lat="45.8869840" lon="15.2240640">
    <ele>286.0</ele>
    <time>2024-03-15T15:59:44Z</time>
   </trkpt>
   <trkpt lat="45.8869570" lon="15.2240770">
    <ele>285.0</ele>
    <time>2024-03-15T15:59:45Z</time>
   </trkpt>
   <trkpt lat="45.8869300" lon="15.2240890">
    <ele>284.0</ele>
    <time>2024-03-15T15:59:46Z</time>
   </trkpt>
   <trkpt lat="45.8869020" lon="15.2241020">
    <ele>284.0</ele>
    <time>2024-03-15T15:59:47Z</time>
   </trkpt>
   <trkpt lat="45.8868740" lon="15.2241150">
    <ele>283.0</ele>
    <time>2024-03-15T15:59:48Z</time>
   </trkpt>
   <trkpt lat="45.8868470" lon="15.2241260">
    <ele>282.0</ele>
    <time>2024-03-15T15:59:49Z</time>
   </trkpt>
   <trkpt lat="45.8868200" lon="15.2241370">
    <ele>282.0</ele>
    <time>2024-03-15T15:59:50Z</time>
   </trkpt>
   <trkpt lat="45.8867950" lon="15.2241490">
    <ele>281.0</ele>
    <time>2024-03-15T15:59:51Z</time>
   </trkpt>
   <trkpt lat="45.8867710" lon="15.2241600">
    <ele>281.0</ele>
    <time>2024-03-15T15:59:52Z</time>
   </trkpt>
   <trkpt lat="45.8867470" lon="15.2241750">
    <ele>280.0</ele>
    <time>2024-03-15T15:59:53Z</time>
   </trkpt>
   <trkpt lat="45.8867230" lon="15.2241900">
    <ele>279.0</ele>
    <time>2024-03-15T15:59:54Z</time>
   </trkpt>
   <trkpt lat="45.8866980" lon="15.2242100">
    <ele>279.0</ele>
    <time>2024-03-15T15:59:55Z</time>
   </trkpt>
   <trkpt lat="45.8866740" lon="15.2242310">
    <ele>278.0</ele>
    <time>2024-03-15T15:59:56Z</time>
   </trkpt>
   <trkpt lat="45.8866450" lon="15.2242500">
    <ele>278.0</ele>
    <time>2024-03-15T15:59:57Z</time>
   </trkpt>
   <trkpt lat="45.8866160" lon="15.2242700">
    <ele>277.0</ele>
    <time>2024-03-15T15:59:58Z</time>
   </trkpt>
   <trkpt lat="45.8865870" lon="15.2242880">
    <ele>276.0</ele>
    <time>2024-03-15T15:59:59Z</time>
   </trkpt>
   <trkpt lat="45.8865580" lon="15.2243070">
    <ele>276.0</ele>
    <time>2024-03-15T16:00:00Z</time>
   </trkpt>
   <trkpt lat="45.8865340" lon="15.2243250">
    <ele>275.0</ele>
    <time>2024-03-15T16:00:01Z</time>
   </trkpt>
   <trkpt lat="45.8865110" lon="15.2243450">
    <ele>275.0</ele>
    <time>2024-03-15T16:00:02Z</time>
   </trkpt>
   <trkpt lat="45.8864940" lon="15.2243640">
    <ele>274.0</ele>
    <time>2024-03-15T16:00:03Z</time>
   </trkpt>
   <trkpt lat="45.8864760" lon="15.2243820">
    <ele>273.0</ele>
    <time>2024-03-15T16:00:04Z</time>
   </trkpt>
   <trkpt lat="45.8864620" lon="15.2244030">
    <ele>273.0</ele>
    <time>2024-03-15T16:00:05Z</time>
   </trkpt>
   <trkpt lat="45.8864470" lon="15.2244230">
    <ele>272.0</ele>
    <time>2024-03-15T16:00:06Z</time>
   </trkpt>
   <trkpt lat="45.8864300" lon="15.2244450">
    <ele>272.0</ele>
    <time>2024-03-15T16:00:07Z</time>
   </trkpt>
   <trkpt lat="45.8864120" lon="15.2244660">
    <ele>271.0</ele>
    <time>2024-03-15T16:00:08Z</time>
   </trkpt>
   <trkpt lat="45.8863950" lon="15.2244870">
    <ele>270.0</ele>
    <time>2024-03-15T16:00:09Z</time>
   </trkpt>
   <trkpt lat="45.8863780" lon="15.2245080">
    <ele>270.0</ele>
    <time>2024-03-15T16:00:10Z</time>
   </trkpt>
   <trkpt lat="45.8863630" lon="15.2245290">
    <ele>269.0</ele>
    <time>2024-03-15T16:00:11Z</time>
   </trkpt>
   <trkpt lat="45.8863480" lon="15.2245490">
    <ele>269.0</ele>
    <time>2024-03-15T16:00:12Z</time>
   </trkpt>
   <trkpt lat="45.8863340" lon="15.2245710">
    <ele>268.0</ele>
    <time>2024-03-15T16:00:13Z</time>
   </trkpt>
   <trkpt lat="45.8863210" lon="15.2245940">
    <ele>267.0</ele>
    <time>2024-03-15T16:00:14Z</time>
   </trkpt>
   <trkpt lat="45.8863070" lon="15.2246150">
    <ele>266.0</ele>
    <time>2024-03-15T16:00:15Z</time>
   </trkpt>
   <trkpt lat="45.8862930" lon="15.2246370">
    <ele>265.0</ele>
    <time>2024-03-15T16:00:16Z</time>
   </trkpt>
   <trkpt lat="45.8862780" lon="15.2246600">
    <ele>265.0</ele>
    <time>2024-03-15T16:00:17Z</time>
   </trkpt>
   <trkpt lat="45.8862620" lon="15.2246820">
    <ele>264.0</ele>
    <time>2024-03-15T16:00:18Z</time>
   </trkpt>
   <trkpt lat="45.8862460" lon="15.2247030">
    <ele>263.0</ele>
    <time>2024-03-15T16:00:19Z</time>
   </trkpt>
   <trkpt lat="45.8862310" lon="15.2247250">
    <ele>263.0</ele>
    <time>2024-03-15T16:00:20Z</time>
   </trkpt>
   <trkpt lat="45.8862140" lon="15.2247450">
    <ele>262.0</ele>
    <time>2024-03-15T16:00:21Z</time>
   </trkpt>
   <trkpt lat="45.8861980" lon="15.2247650">
    <ele>262.0</ele>
    <time>2024-03-15T16:00:22Z</time>
   </trkpt>
   <trkpt lat="45.8861810" lon="15.2247850">
    <ele>261.0</ele>
    <time>2024-03-15T16:00:23Z</time>
   </trkpt>
   <trkpt lat="45.8861640" lon="15.2248040">
    <ele>260.0</ele>
    <time>2024-03-15T16:00:24Z</time>
   </trkpt>
   <trkpt lat="45.8861440" lon="15.2248160">
    <ele>259.0</ele>
    <time>2024-03-15T16:00:25Z</time>
   </trkpt>
   <trkpt lat="45.8861250" lon="15.2248290">
    <ele>258.0</ele>
    <time>2024-03-15T16:00:26Z</time>
   </trkpt>
   <trkpt lat="45.8861010" lon="15.2248370">
    <ele>258.0</ele>
    <time>2024-03-15T16:00:27Z</time>
   </trkpt>
   <trkpt lat="45.8860780" lon="15.2248460">
    <ele>257.0</ele>
    <time>2024-03-15T16:00:28Z</time>
   </trkpt>
   <trkpt lat="45.8860520" lon="15.2248520">
    <ele>256.0</ele>
    <time>2024-03-15T16:00:29Z</time>
   </trkpt>
   <trkpt lat="45.8860260" lon="15.2248590">
    <ele>256.0</ele>
    <time>2024-03-15T16:00:30Z</time>
   </trkpt>
   <trkpt lat="45.8859980" lon="15.2248620">
    <ele>255.0</ele>
    <time>2024-03-15T16:00:31Z</time>
   </trkpt>
   <trkpt lat="45.8859710" lon="15.2248660">
    <ele>255.0</ele>
    <time>2024-03-15T16:00:32Z</time>
   </trkpt>
   <trkpt lat="45.8859470" lon="15.2248730">
    <ele>254.0</ele>
    <time>2024-03-15T16:00:33Z</time>
   </trkpt>
   <trkpt lat="45.8859230" lon="15.2248800">
    <ele>253.0</ele>
    <time>2024-03-15T16:00:34Z</time>
   </trkpt>
   <trkpt lat="45.8859080" lon="15.2249000">
    <ele>252.0</ele>
    <time>2024-03-15T16:00:35Z</time>
   </trkpt>
   <trkpt lat="45.8858940" lon="15.2249200">
    <ele>251.0</ele>
    <time>2024-03-15T16:00:36Z</time>
   </trkpt>
   <trkpt lat="45.8858890" lon="15.2249480">
    <ele>251.0</ele>
    <time>2024-03-15T16:00:37Z</time>
   </trkpt>
   <trkpt lat="45.8858840" lon="15.2249760">
    <ele>250.0</ele>
    <time>2024-03-15T16:00:38Z</time>
   </trkpt>
   <trkpt lat="45.8858820" lon="15.2250080">
    <ele>250.0</ele>
    <time>2024-03-15T16:00:39Z</time>
   </trkpt>
   <trkpt lat="45.8858790" lon="15.2250400">
    <ele>249.0</ele>
    <time>2024-03-15T16:00:40Z</time>
   </trkpt>
   <trkpt lat="45.8858690" lon="15.2250710">
    <ele>249.0</ele>
    <time>2024-03-15T16:00:41Z</time>
   </trkpt>
   <trkpt lat="45.8858590" lon="15.2251010">
    <ele>249.0</ele>
    <time>2024-03-15T16:00:42Z</time>
   </trkpt>
   <trkpt lat="45.8858420" lon="15.2251320">
    <ele>248.0</ele>
    <time>2024-03-15T16:00:43Z</time>
   </trkpt>
   <trkpt lat="45.8858250" lon="15.2251630">
    <ele>247.0</ele>
    <time>2024-03-15T16:00:44Z</time>
   </trkpt>
   <trkpt lat="45.8858030" lon="15.2251960">
    <ele>247.0</ele>
    <time>2024-03-15T16:00:45Z</time>
   </trkpt>
   <trkpt lat="45.8857810" lon="15.2252280">
    <ele>246.0</ele>
    <time>2024-03-15T16:00:46Z</time>
   </trkpt>
   <trkpt lat="45.8857570" lon="15.2252590">
    <ele>246.0</ele>
    <time>2024-03-15T16:00:47Z</time>
   </trkpt>
   <trkpt lat="45.8857340" lon="15.2252900">
    <ele>245.0</ele>
    <time>2024-03-15T16:00:48Z</time>
   </trkpt>
   <trkpt lat="45.8857090" lon="15.2253260">
    <ele>245.0</ele>
    <time>2024-03-15T16:00:49Z</time>
   </trkpt>
   <trkpt lat="45.8856840" lon="15.2253620">
    <ele>245.0</ele>
    <time>2024-03-15T16:00:50Z</time>
   </trkpt>
   <trkpt lat="45.8856620" lon="15.2254070">
    <ele>245.0</ele>
    <time>2024-03-15T16:00:51Z</time>
   </trkpt>
   <trkpt lat="45.8856400" lon="15.2254520">
    <ele>245.0</ele>
    <time>2024-03-15T16:00:52Z</time>
   </trkpt>
   <trkpt lat="45.8856240" lon="15.2254990">
    <ele>244.0</ele>
    <time>2024-03-15T16:00:53Z</time>
   </trkpt>
   <trkpt lat="45.8856070" lon="15.2255460">
    <ele>243.0</ele>
    <time>2024-03-15T16:00:54Z</time>
   </trkpt>
   <trkpt lat="45.8855940" lon="15.2255880">
    <ele>243.0</ele>
    <time>2024-03-15T16:00:55Z</time>
   </trkpt>
   <trkpt lat="45.8855810" lon="15.2256310">
    <ele>242.0</ele>
    <time>2024-03-15T16:00:56Z</time>
   </trkpt>
   <trkpt lat="45.8855690" lon="15.2256670">
    <ele>242.0</ele>
    <time>2024-03-15T16:00:57Z</time>
   </trkpt>
   <trkpt lat="45.8855570" lon="15.2257040">
    <ele>241.0</ele>
    <time>2024-03-15T16:00:58Z</time>
   </trkpt>
   <trkpt lat="45.8855420" lon="15.2257350">
    <ele>241.0</ele>
    <time>2024-03-15T16:00:59Z</time>
   </trkpt>
   <trkpt lat="45.8855280" lon="15.2257650">
    <ele>240.0</ele>
    <time>2024-03-15T16:01:00Z</time>
   </trkpt>
   <trkpt lat="45.8855110" lon="15.2257980">
    <ele>240.0</ele>
    <time>2024-03-15T16:01:01Z</time>
   </trkpt>
   <trkpt lat="45.8854950" lon="15.2258310">
    <ele>240.0</ele>
    <time>2024-03-15T16:01:02Z</time>
   </trkpt>
   <trkpt lat="45.8854740" lon="15.2258690">
    <ele>239.0</ele>
    <time>2024-03-15T16:01:03Z</time>
   </trkpt>
   <trkpt lat="45.8854540" lon="15.2259060">
    <ele>239.0</ele>
    <time>2024-03-15T16:01:04Z</time>
   </trkpt>
   <trkpt lat="45.8854310" lon="15.2259450">
    <ele>238.0</ele>
    <time>2024-03-15T16:01:05Z</time>
   </trkpt>
   <trkpt lat="45.8854080" lon="15.2259840">
    <ele>238.0</ele>
    <time>2024-03-15T16:01:06Z</time>
   </trkpt>
   <trkpt lat="45.8853880" lon="15.2260240">
    <ele>238.0</ele>
    <time>2024-03-15T16:01:07Z</time>
   </trkpt>
   <trkpt lat="45.8853680" lon="15.2260640">
    <ele>237.0</ele>
    <time>2024-03-15T16:01:08Z</time>
   </trkpt>
   <trkpt lat="45.8853530" lon="15.2261030">
    <ele>236.0</ele>
    <time>2024-03-15T16:01:09Z</time>
   </trkpt>
   <trkpt lat="45.8853390" lon="15.2261420">
    <ele>236.0</ele>
    <time>2024-03-15T16:01:10Z</time>
   </trkpt>
   <trkpt lat="45.8853280" lon="15.2261790">
    <ele>235.0</ele>
    <time>2024-03-15T16:01:11Z</time>
   </trkpt>
   <trkpt lat="45.8853180" lon="15.2262170">
    <ele>235.0</ele>
    <time>2024-03-15T16:01:12Z</time>
   </trkpt>
   <trkpt lat="45.8853070" lon="15.2262540">
    <ele>234.0</ele>
    <time>2024-03-15T16:01:13Z</time>
   </trkpt>
   <trkpt lat="45.8852960" lon="15.2262910">
    <ele>234.0</ele>
    <time>2024-03-15T16:01:14Z</time>
   </trkpt>
   <trkpt lat="45.8852820" lon="15.2263250">
    <ele>233.0</ele>
    <time>2024-03-15T16:01:15Z</time>
   </trkpt>
   <trkpt lat="45.8852680" lon="15.2263600">
    <ele>233.0</ele>
    <time>2024-03-15T16:01:16Z</time>
   </trkpt>
   <trkpt lat="45.8852500" lon="15.2263940">
    <ele>233.0</ele>
    <time>2024-03-15T16:01:17Z</time>
   </trkpt>
   <trkpt lat="45.8852320" lon="15.2264290">
    <ele>232.0</ele>
    <time>2024-03-15T16:01:18Z</time>
   </trkpt>
   <trkpt lat="45.8852130" lon="15.2264640">
    <ele>232.0</ele>
    <time>2024-03-15T16:01:19Z</time>
   </trkpt>
   <trkpt lat="45.8851940" lon="15.2264980">
    <ele>231.0</ele>
    <time>2024-03-15T16:01:20Z</time>
   </trkpt>
   <trkpt lat="45.8851740" lon="15.2265320">
    <ele>231.0</ele>
    <time>2024-03-15T16:01:21Z</time>
   </trkpt>
   <trkpt lat="45.8851540" lon="15.2265660">
    <ele>231.0</ele>
    <time>2024-03-15T16:01:22Z</time>
   </trkpt>
   <trkpt lat="45.8851320" lon="15.2265990">
    <ele>230.0</ele>
    <time>2024-03-15T16:01:23Z</time>
   </trkpt>
   <trkpt lat="45.8851110" lon="15.2266330">
    <ele>230.0</ele>
    <time>2024-03-15T16:01:24Z</time>
   </trkpt>
   <trkpt lat="45.8850890" lon="15.2266660">
    <ele>230.0</ele>
    <time>2024-03-15T16:01:25Z</time>
   </trkpt>
   <trkpt lat="45.8850670" lon="15.2266980">
    <ele>230.0</ele>
    <time>2024-03-15T16:01:26Z</time>
   </trkpt>
   <trkpt lat="45.8850420" lon="15.2267220">
    <ele>230.0</ele>
    <time>2024-03-15T16:01:27Z</time>
   </trkpt>
   <trkpt lat="45.8850170" lon="15.2267450">
    <ele>229.0</ele>
    <time>2024-03-15T16:01:28Z</time>
   </trkpt>
   <trkpt lat="45.8849920" lon="15.2267470">
    <ele>229.0</ele>
    <time>2024-03-15T16:01:29Z</time>
   </trkpt>
   <trkpt lat="45.8849670" lon="15.2267490">
    <ele>229.0</ele>
    <time>2024-03-15T16:01:30Z</time>
   </trkpt>
   <trkpt lat="45.8849420" lon="15.2267330">
    <ele>229.0</ele>
    <time>2024-03-15T16:01:31Z</time>
   </trkpt>
   <trkpt lat="45.8849170" lon="15.2267180">
    <ele>229.0</ele>
    <time>2024-03-15T16:01:32Z</time>
   </trkpt>
   <trkpt lat="45.8848920" lon="15.2267000">
    <ele>228.0</ele>
    <time>2024-03-15T16:01:33Z</time>
   </trkpt>
   <trkpt lat="45.8848680" lon="15.2266820">
    <ele>228.0</ele>
    <time>2024-03-15T16:01:34Z</time>
   </trkpt>
   <trkpt lat="45.8848400" lon="15.2266730">
    <ele>228.0</ele>
    <time>2024-03-15T16:01:35Z</time>
   </trkpt>
   <trkpt lat="45.8848130" lon="15.2266640">
    <ele>228.0</ele>
    <time>2024-03-15T16:01:36Z</time>
   </trkpt>
   <trkpt lat="45.8847840" lon="15.2266720">
    <ele>228.0</ele>
    <time>2024-03-15T16:01:37Z</time>
   </trkpt>
   <trkpt lat="45.8847560" lon="15.2266800">
    <ele>227.0</ele>
    <time>2024-03-15T16:01:38Z</time>
   </trkpt>
   <trkpt lat="45.8847320" lon="15.2267070">
    <ele>227.0</ele>
    <time>2024-03-15T16:01:39Z</time>
   </trkpt>
   <trkpt lat="45.8847080" lon="15.2267340">
    <ele>226.0</ele>
    <time>2024-03-15T16:01:40Z</time>
   </trkpt>
   <trkpt lat="45.8846910" lon="15.2267680">
    <ele>226.0</ele>
    <time>2024-03-15T16:01:41Z</time>
   </trkpt>
   <trkpt lat="45.8846730" lon="15.2268020">
    <ele>226.0</ele>
    <time>2024-03-15T16:01:42Z</time>
   </trkpt>
   <trkpt lat="45.8846580" lon="15.2268380">
    <ele>225.0</ele>
    <time>2024-03-15T16:01:43Z</time>
   </trkpt>
   <trkpt lat="45.8846430" lon="15.2268750">
    <ele>225.0</ele>
    <time>2024-03-15T16:01:44Z</time>
   </trkpt>
   <trkpt lat="45.8846260" lon="15.2269160">
    <ele>224.0</ele>
    <time>2024-03-15T16:01:45Z</time>
   </trkpt>
   <trkpt lat="45.8846100" lon="15.2269580">
    <ele>224.0</ele>
    <time>2024-03-15T16:01:46Z</time>
   </trkpt>
   <trkpt lat="45.8845920" lon="15.2270040">
    <ele>224.0</ele>
    <time>2024-03-15T16:01:47Z</time>
   </trkpt>
   <trkpt lat="45.8845730" lon="15.2270500">
    <ele>223.0</ele>
    <time>2024-03-15T16:01:48Z</time>
   </trkpt>
   <trkpt lat="45.8845550" lon="15.2270960">
    <ele>223.0</ele>
    <time>2024-03-15T16:01:49Z</time>
   </trkpt>
   <trkpt lat="45.8845370" lon="15.2271410">
    <ele>223.0</ele>
    <time>2024-03-15T16:01:50Z</time>
   </trkpt>
   <trkpt lat="45.8845210" lon="15.2271790">
    <ele>223.0</ele>
    <time>2024-03-15T16:01:51Z</time>
   </trkpt>
   <trkpt lat="45.8845050" lon="15.2272180">
    <ele>223.0</ele>
    <time>2024-03-15T16:01:52Z</time>
   </trkpt>
   <trkpt lat="45.8844880" lon="15.2272520">
    <ele>222.0</ele>
    <time>2024-03-15T16:01:53Z</time>
   </trkpt>
   <trkpt lat="45.8844720" lon="15.2272860">
    <ele>222.0</ele>
    <time>2024-03-15T16:01:54Z</time>
   </trkpt>
   <trkpt lat="45.8844560" lon="15.2273200">
    <ele>222.0</ele>
    <time>2024-03-15T16:01:55Z</time>
   </trkpt>
   <trkpt lat="45.8844390" lon="15.2273530">
    <ele>222.0</ele>
    <time>2024-03-15T16:01:56Z</time>
   </trkpt>
   <trkpt lat="45.8844170" lon="15.2273910">
    <ele>222.0</ele>
    <time>2024-03-15T16:01:57Z</time>
   </trkpt>
   <trkpt lat="45.8843960" lon="15.2274290">
    <ele>221.0</ele>
    <time>2024-03-15T16:01:58Z</time>
   </trkpt>
   <trkpt lat="45.8843700" lon="15.2274660">
    <ele>221.0</ele>
    <time>2024-03-15T16:01:59Z</time>
   </trkpt>
   <trkpt lat="45.8843450" lon="15.2275030">
    <ele>221.0</ele>
    <time>2024-03-15T16:02:00Z</time>
   </trkpt>
   <trkpt lat="45.8843200" lon="15.2275350">
    <ele>221.0</ele>
    <time>2024-03-15T16:02:01Z</time>
   </trkpt>
   <trkpt lat="45.8842940" lon="15.2275670">
    <ele>221.0</ele>
    <time>2024-03-15T16:02:02Z</time>
   </trkpt>
   <trkpt lat="45.8842720" lon="15.2275980">
    <ele>220.0</ele>
    <time>2024-03-15T16:02:03Z</time>
   </trkpt>
   <trkpt lat="45.8842480" lon="15.2276290">
    <ele>220.0</ele>
    <time>2024-03-15T16:02:04Z</time>
   </trkpt>
   <trkpt lat="45.8842250" lon="15.2276640">
    <ele>220.0</ele>
    <time>2024-03-15T16:02:05Z</time>
   </trkpt>
   <trkpt lat="45.8842020" lon="15.2276980">
    <ele>220.0</ele>
    <time>2024-03-15T16:02:06Z</time>
   </trkpt>
   <trkpt lat="45.8841790" lon="15.2277350">
    <ele>220.0</ele>
    <time>2024-03-15T16:02:07Z</time>
   </trkpt>
   <trkpt lat="45.8841560" lon="15.2277720">
    <ele>219.0</ele>
    <time>2024-03-15T16:02:08Z</time>
   </trkpt>
   <trkpt lat="45.8841370" lon="15.2278120">
    <ele>219.0</ele>
    <time>2024-03-15T16:02:09Z</time>
   </trkpt>
   <trkpt lat="45.8841190" lon="15.2278510">
    <ele>219.0</ele>
    <time>2024-03-15T16:02:10Z</time>
   </trkpt>
   <trkpt lat="45.8841090" lon="15.2278910">
    <ele>219.0</ele>
    <time>2024-03-15T16:02:11Z</time>
   </trkpt>
   <trkpt lat="45.8840990" lon="15.2279320">
    <ele>219.0</ele>
    <time>2024-03-15T16:02:12Z</time>
   </trkpt>
   <trkpt lat="45.8840910" lon="15.2279730">
    <ele>218.0</ele>
    <time>2024-03-15T16:02:13Z</time>
   </trkpt>
   <trkpt lat="45.8840830" lon="15.2280130">
    <ele>218.0</ele>
    <time>2024-03-15T16:02:14Z</time>
   </trkpt>
   <trkpt lat="45.8840760" lon="15.2280560">
    <ele>218.0</ele>
    <time>2024-03-15T16:02:15Z</time>
   </trkpt>
   <trkpt lat="45.8840700" lon="15.2280990">
    <ele>218.0</ele>
    <time>2024-03-15T16:02:16Z</time>
   </trkpt>
   <trkpt lat="45.8840600" lon="15.2281410">
    <ele>218.0</ele>
    <time>2024-03-15T16:02:17Z</time>
   </trkpt>
   <trkpt lat="45.8840510" lon="15.2281830">
    <ele>217.0</ele>
    <time>2024-03-15T16:02:18Z</time>
   </trkpt>
   <trkpt lat="45.8840380" lon="15.2282200">
    <ele>217.0</ele>
    <time>2024-03-15T16:02:19Z</time>
   </trkpt>
   <trkpt lat="45.8840240" lon="15.2282570">
    <ele>217.0</ele>
    <time>2024-03-15T16:02:20Z</time>
   </trkpt>
   <trkpt lat="45.8840060" lon="15.2282930">
    <ele>217.0</ele>
    <time>2024-03-15T16:02:21Z</time>
   </trkpt>
   <trkpt lat="45.8839870" lon="15.2283280">
    <ele>217.0</ele>
    <time>2024-03-15T16:02:22Z</time>
   </trkpt>
   <trkpt lat="45.8839690" lon="15.2283650">
    <ele>216.0</ele>
    <time>2024-03-15T16:02:23Z</time>
   </trkpt>
   <trkpt lat="45.8839510" lon="15.2284020">
    <ele>216.0</ele>
    <time>2024-03-15T16:02:24Z</time>
   </trkpt>
   <trkpt lat="45.8839320" lon="15.2284390">
    <ele>215.0</ele>
    <time>2024-03-15T16:02:25Z</time>
   </trkpt>
   <trkpt lat="45.8839130" lon="15.2284770">
    <ele>215.0</ele>
    <time>2024-03-15T16:02:26Z</time>
   </trkpt>
   <trkpt lat="45.8838890" lon="15.2285120">
    <ele>215.0</ele>
    <time>2024-03-15T16:02:27Z</time>
   </trkpt>
   <trkpt lat="45.8838660" lon="15.2285480">
    <ele>214.0</ele>
    <time>2024-03-15T16:02:28Z</time>
   </trkpt>
   <trkpt lat="45.8838390" lon="15.2285800">
    <ele>214.0</ele>
    <time>2024-03-15T16:02:29Z</time>
   </trkpt>
   <trkpt lat="45.8838120" lon="15.2286110">
    <ele>214.0</ele>
    <time>2024-03-15T16:02:30Z</time>
   </trkpt>
   <trkpt lat="45.8837880" lon="15.2286420">
    <ele>214.0</ele>
    <time>2024-03-15T16:02:31Z</time>
   </trkpt>
   <trkpt lat="45.8837640" lon="15.2286730">
    <ele>214.0</ele>
    <time>2024-03-15T16:02:32Z</time>
   </trkpt>
   <trkpt lat="45.8837420" lon="15.2287010">
    <ele>213.0</ele>
    <time>2024-03-15T16:02:33Z</time>
   </trkpt>
   <trkpt lat="45.8837200" lon="15.2287290">
    <ele>213.0</ele>
    <time>2024-03-15T16:02:34Z</time>
   </trkpt>
   <trkpt lat="45.8836970" lon="15.2287570">
    <ele>213.0</ele>
    <time>2024-03-15T16:02:35Z</time>
   </trkpt>
   <trkpt lat="45.8836740" lon="15.2287850">
    <ele>213.0</ele>
    <time>2024-03-15T16:02:36Z</time>
   </trkpt>
   <trkpt lat="45.8836510" lon="15.2288160">
    <ele>213.0</ele>
    <time>2024-03-15T16:02:37Z</time>
   </trkpt>
   <trkpt lat="45.8836270" lon="15.2288470">
    <ele>212.0</ele>
    <time>2024-03-15T16:02:38Z</time>
   </trkpt>
   <trkpt lat="45.8836030" lon="15.2288800">
    <ele>212.0</ele>
    <time>2024-03-15T16:02:39Z</time>
   </trkpt>
   <trkpt lat="45.8835780" lon="15.2289130">
    <ele>212.0</ele>
    <time>2024-03-15T16:02:40Z</time>
   </trkpt>
   <trkpt lat="45.8835540" lon="15.2289460">
    <ele>212.0</ele>
    <time>2024-03-15T16:02:41Z</time>
   </trkpt>
   <trkpt lat="45.8835300" lon="15.2289790">
    <ele>212.0</ele>
    <time>2024-03-15T16:02:42Z</time>
   </trkpt>
   <trkpt lat="45.8835080" lon="15.2290110">
    <ele>211.0</ele>
    <time>2024-03-15T16:02:43Z</time>
   </trkpt>
   <trkpt lat="45.8834870" lon="15.2290420">
    <ele>211.0</ele>
    <time>2024-03-15T16:02:44Z</time>
   </trkpt>
   <trkpt lat="45.8834700" lon="15.2290730">
    <ele>211.0</ele>
    <time>2024-03-15T16:02:45Z</time>
   </trkpt>
   <trkpt lat="45.8834530" lon="15.2291040">
    <ele>211.0</ele>
    <time>2024-03-15T16:02:46Z</time>
   </trkpt>
   <trkpt lat="45.8834460" lon="15.2291380">
    <ele>211.0</ele>
    <time>2024-03-15T16:02:47Z</time>
   </trkpt>
   <trkpt lat="45.8834380" lon="15.2291730">
    <ele>211.0</ele>
    <time>2024-03-15T16:02:48Z</time>
   </trkpt>
   <trkpt lat="45.8834400" lon="15.2292170">
    <ele>211.0</ele>
    <time>2024-03-15T16:02:49Z</time>
   </trkpt>
   <trkpt lat="45.8834420" lon="15.2292600">
    <ele>211.0</ele>
    <time>2024-03-15T16:02:50Z</time>
   </trkpt>
   <trkpt lat="45.8834470" lon="15.2293080">
    <ele>211.0</ele>
    <time>2024-03-15T16:02:51Z</time>
   </trkpt>
   <trkpt lat="45.8834530" lon="15.2293560">
    <ele>211.0</ele>
    <time>2024-03-15T16:02:52Z</time>
   </trkpt>
   <trkpt lat="45.8834570" lon="15.2293980">
    <ele>210.0</ele>
    <time>2024-03-15T16:02:53Z</time>
   </trkpt>
   <trkpt lat="45.8834600" lon="15.2294410">
    <ele>210.0</ele>
    <time>2024-03-15T16:02:54Z</time>
   </trkpt>
   <trkpt lat="45.8834610" lon="15.2294840">
    <ele>210.0</ele>
    <time>2024-03-15T16:02:55Z</time>
   </trkpt>
   <trkpt lat="45.8834620" lon="15.2295260">
    <ele>210.0</ele>
    <time>2024-03-15T16:02:56Z</time>
   </trkpt>
   <trkpt lat="45.8834610" lon="15.2295710">
    <ele>210.0</ele>
    <time>2024-03-15T16:02:57Z</time>
   </trkpt>
   <trkpt lat="45.8834610" lon="15.2296150">
    <ele>209.0</ele>
    <time>2024-03-15T16:02:58Z</time>
   </trkpt>
   <trkpt lat="45.8834600" lon="15.2296580">
    <ele>209.0</ele>
    <time>2024-03-15T16:02:59Z</time>
   </trkpt>
   <trkpt lat="45.8834590" lon="15.2297000">
    <ele>209.0</ele>
    <time>2024-03-15T16:03:00Z</time>
   </trkpt>
   <trkpt lat="45.8834540" lon="15.2297460">
    <ele>209.0</ele>
    <time>2024-03-15T16:03:01Z</time>
   </trkpt>
   <trkpt lat="45.8834500" lon="15.2297910">
    <ele>209.0</ele>
    <time>2024-03-15T16:03:02Z</time>
   </trkpt>
   <trkpt lat="45.8834430" lon="15.2298380">
    <ele>209.0</ele>
    <time>2024-03-15T16:03:03Z</time>
   </trkpt>
   <trkpt lat="45.8834370" lon="15.2298860">
    <ele>209.0</ele>
    <time>2024-03-15T16:03:04Z</time>
   </trkpt>
   <trkpt lat="45.8834260" lon="15.2299320">
    <ele>209.0</ele>
    <time>2024-03-15T16:03:05Z</time>
   </trkpt>
   <trkpt lat="45.8834160" lon="15.2299780">
    <ele>209.0</ele>
    <time>2024-03-15T16:03:06Z</time>
   </trkpt>
   <trkpt lat="45.8834030" lon="15.2300190">
    <ele>209.0</ele>
    <time>2024-03-15T16:03:07Z</time>
   </trkpt>
   <trkpt lat="45.8833910" lon="15.2300600">
    <ele>208.0</ele>
    <time>2024-03-15T16:03:08Z</time>
   </trkpt>
   <trkpt lat="45.8833800" lon="15.2300970">
    <ele>208.0</ele>
    <time>2024-03-15T16:03:09Z</time>
   </trkpt>
   <trkpt lat="45.8833680" lon="15.2301330">
    <ele>208.0</ele>
    <time>2024-03-15T16:03:10Z</time>
   </trkpt>
   <trkpt lat="45.8833600" lon="15.2301680">
    <ele>208.0</ele>
    <time>2024-03-15T16:03:11Z</time>
   </trkpt>
   <trkpt lat="45.8833510" lon="15.2302030">
    <ele>208.0</ele>
    <time>2024-03-15T16:03:12Z</time>
   </trkpt>
   <trkpt lat="45.8833430" lon="15.2302390">
    <ele>208.0</ele>
    <time>2024-03-15T16:03:13Z</time>
   </trkpt>
   <trkpt lat="45.8833350" lon="15.2302740">
    <ele>208.0</ele>
    <time>2024-03-15T16:03:14Z</time>
   </trkpt>
   <trkpt lat="45.8833290" lon="15.2303150">
    <ele>208.0</ele>
    <time>2024-03-15T16:03:15Z</time>
   </trkpt>
   <trkpt lat="45.8833230" lon="15.2303570">
    <ele>208.0</ele>
    <time>2024-03-15T16:03:16Z</time>
   </trkpt>
   <trkpt lat="45.8833140" lon="15.2304050">
    <ele>208.0</ele>
    <time>2024-03-15T16:03:17Z</time>
   </trkpt>
   <trkpt lat="45.8833040" lon="15.2304530">
    <ele>207.0</ele>
    <time>2024-03-15T16:03:18Z</time>
   </trkpt>
   <trkpt lat="45.8832950" lon="15.2305000">
    <ele>207.0</ele>
    <time>2024-03-15T16:03:19Z</time>
   </trkpt>
   <trkpt lat="45.8832870" lon="15.2305480">
    <ele>207.0</ele>
    <time>2024-03-15T16:03:20Z</time>
   </trkpt>
   <trkpt lat="45.8832840" lon="15.2305920">
    <ele>207.0</ele>
    <time>2024-03-15T16:03:21Z</time>
   </trkpt>
   <trkpt lat="45.8832820" lon="15.2306370">
    <ele>207.0</ele>
    <time>2024-03-15T16:03:22Z</time>
   </trkpt>
   <trkpt lat="45.8832840" lon="15.2306790">
    <ele>206.0</ele>
    <time>2024-03-15T16:03:23Z</time>
   </trkpt>
   <trkpt lat="45.8832870" lon="15.2307210">
    <ele>206.0</ele>
    <time>2024-03-15T16:03:24Z</time>
   </trkpt>
   <trkpt lat="45.8832920" lon="15.2307630">
    <ele>206.0</ele>
    <time>2024-03-15T16:03:25Z</time>
   </trkpt>
   <trkpt lat="45.8832970" lon="15.2308050">
    <ele>206.0</ele>
    <time>2024-03-15T16:03:26Z</time>
   </trkpt>
   <trkpt lat="45.8833050" lon="15.2308490">
    <ele>206.0</ele>
    <time>2024-03-15T16:03:27Z</time>
   </trkpt>
   <trkpt lat="45.8833130" lon="15.2308920">
    <ele>206.0</ele>
    <time>2024-03-15T16:03:28Z</time>
   </trkpt>
   <trkpt lat="45.8833210" lon="15.2309370">
    <ele>206.0</ele>
    <time>2024-03-15T16:03:29Z</time>
   </trkpt>
   <trkpt lat="45.8833300" lon="15.2309810">
    <ele>206.0</ele>
    <time>2024-03-15T16:03:30Z</time>
   </trkpt>
   <trkpt lat="45.8833430" lon="15.2310300">
    <ele>206.0</ele>
    <time>2024-03-15T16:03:31Z</time>
   </trkpt>
   <trkpt lat="45.8833560" lon="15.2310790">
    <ele>206.0</ele>
    <time>2024-03-15T16:03:32Z</time>
   </trkpt>
   <trkpt lat="45.8833710" lon="15.2311260">
    <ele>206.0</ele>
    <time>2024-03-15T16:03:33Z</time>
   </trkpt>
   <trkpt lat="45.8833850" lon="15.2311730">
    <ele>206.0</ele>
    <time>2024-03-15T16:03:34Z</time>
   </trkpt>
   <trkpt lat="45.8833980" lon="15.2312180">
    <ele>206.0</ele>
    <time>2024-03-15T16:03:35Z</time>
   </trkpt>
   <trkpt lat="45.8834110" lon="15.2312620">
    <ele>206.0</ele>
    <time>2024-03-15T16:03:36Z</time>
   </trkpt>
   <trkpt lat="45.8834230" lon="15.2313050">
    <ele>206.0</ele>
    <time>2024-03-15T16:03:37Z</time>
   </trkpt>
   <trkpt lat="45.8834340" lon="15.2313490">
    <ele>205.0</ele>
    <time>2024-03-15T16:03:38Z</time>
   </trkpt>
   <trkpt lat="45.8834440" lon="15.2313910">
    <ele>205.0</ele>
    <time>2024-03-15T16:03:39Z</time>
   </trkpt>
   <trkpt lat="45.8834540" lon="15.2314340">
    <ele>205.0</ele>
    <time>2024-03-15T16:03:40Z</time>
   </trkpt>
   <trkpt lat="45.8834600" lon="15.2314750">
    <ele>205.0</ele>
    <time>2024-03-15T16:03:41Z</time>
   </trkpt>
   <trkpt lat="45.8834660" lon="15.2315160">
    <ele>205.0</ele>
    <time>2024-03-15T16:03:42Z</time>
   </trkpt>
   <trkpt lat="45.8834660" lon="15.2315530">
    <ele>205.0</ele>
    <time>2024-03-15T16:03:43Z</time>
   </trkpt>
   <trkpt lat="45.8834660" lon="15.2315890">
    <ele>205.0</ele>
    <time>2024-03-15T16:03:44Z</time>
   </trkpt>
   <trkpt lat="45.8834650" lon="15.2316230">
    <ele>205.0</ele>
    <time>2024-03-15T16:03:45Z</time>
   </trkpt>
   <trkpt lat="45.8834630" lon="15.2316560">
    <ele>205.0</ele>
    <time>2024-03-15T16:03:46Z</time>
   </trkpt>
   <trkpt lat="45.8834610" lon="15.2316880">
    <ele>205.0</ele>
    <time>2024-03-15T16:03:47Z</time>
   </trkpt>
   <trkpt lat="45.8834600" lon="15.2317200">
    <ele>205.0</ele>
    <time>2024-03-15T16:03:48Z</time>
   </trkpt>
   <trkpt lat="45.8834580" lon="15.2317540">
    <ele>205.0</ele>
    <time>2024-03-15T16:03:49Z</time>
   </trkpt>
   <trkpt lat="45.8834560" lon="15.2317870">
    <ele>205.0</ele>
    <time>2024-03-15T16:03:50Z</time>
   </trkpt>
   <trkpt lat="45.8834550" lon="15.2318220">
    <ele>205.0</ele>
    <time>2024-03-15T16:03:51Z</time>
   </trkpt>
   <trkpt lat="45.8834540" lon="15.2318570">
    <ele>205.0</ele>
    <time>2024-03-15T16:03:52Z</time>
   </trkpt>
   <trkpt lat="45.8834530" lon="15.2318910">
    <ele>205.0</ele>
    <time>2024-03-15T16:03:53Z</time>
   </trkpt>
   <trkpt lat="45.8834520" lon="15.2319260">
    <ele>205.0</ele>
    <time>2024-03-15T16:03:54Z</time>
   </trkpt>
   <trkpt lat="45.8834470" lon="15.2319550">
    <ele>205.0</ele>
    <time>2024-03-15T16:03:55Z</time>
   </trkpt>
   <trkpt lat="45.8834430" lon="15.2319840">
    <ele>205.0</ele>
    <time>2024-03-15T16:03:56Z</time>
   </trkpt>
   <trkpt lat="45.8834350" lon="15.2320060">
    <ele>205.0</ele>
    <time>2024-03-15T16:03:57Z</time>
   </trkpt>
   <trkpt lat="45.8834260" lon="15.2320280">
    <ele>205.0</ele>
    <time>2024-03-15T16:03:58Z</time>
   </trkpt>
   <trkpt lat="45.8834160" lon="15.2320440">
    <ele>205.0</ele>
    <time>2024-03-15T16:03:59Z</time>
   </trkpt>
   <trkpt lat="45.8834050" lon="15.2320610">
    <ele>205.0</ele>
    <time>2024-03-15T16:04:00Z</time>
   </trkpt>
   <trkpt lat="45.8833950" lon="15.2320740">
    <ele>205.0</ele>
    <time>2024-03-15T16:04:01Z</time>
   </trkpt>
   <trkpt lat="45.8833850" lon="15.2320870">
    <ele>205.0</ele>
    <time>2024-03-15T16:04:02Z</time>
   </trkpt>
   <trkpt lat="45.8833750" lon="15.2320980">
    <ele>205.0</ele>
    <time>2024-03-15T16:04:03Z</time>
   </trkpt>
   <trkpt lat="45.8833650" lon="15.2321090">
    <ele>205.0</ele>
    <time>2024-03-15T16:04:04Z</time>
   </trkpt>
   <trkpt lat="45.8833520" lon="15.2321210">
    <ele>205.0</ele>
    <time>2024-03-15T16:04:05Z</time>
   </trkpt>
   <trkpt lat="45.8833400" lon="15.2321330">
    <ele>205.0</ele>
    <time>2024-03-15T16:04:06Z</time>
   </trkpt>
   <trkpt lat="45.8833260" lon="15.2321430">
    <ele>206.0</ele>
    <time>2024-03-15T16:04:07Z</time>
   </trkpt>
   <trkpt lat="45.8833110" lon="15.2321530">
    <ele>206.0</ele>
    <time>2024-03-15T16:04:08Z</time>
   </trkpt>
   <trkpt lat="45.8832970" lon="15.2321640">
    <ele>206.0</ele>
    <time>2024-03-15T16:04:09Z</time>
   </trkpt>
   <trkpt lat="45.8832820" lon="15.2321750">
    <ele>206.0</ele>
    <time>2024-03-15T16:04:10Z</time>
   </trkpt>
   <trkpt lat="45.8832700" lon="15.2321900">
    <ele>206.0</ele>
    <time>2024-03-15T16:04:11Z</time>
   </trkpt>
   <trkpt lat="45.8832570" lon="15.2322060">
    <ele>206.0</ele>
    <time>2024-03-15T16:04:12Z</time>
   </trkpt>
   <trkpt lat="45.8832490" lon="15.2322240">
    <ele>206.0</ele>
    <time>2024-03-15T16:04:13Z</time>
   </trkpt>
   <trkpt lat="45.8832400" lon="15.2322430">
    <ele>206.0</ele>
    <time>2024-03-15T16:04:14Z</time>
   </trkpt>
   <trkpt lat="45.8832330" lon="15.2322620">
    <ele>206.0</ele>
    <time>2024-03-15T16:04:15Z</time>
   </trkpt>
   <trkpt lat="45.8832270" lon="15.2322810">
    <ele>206.0</ele>
    <time>2024-03-15T16:04:16Z</time>
   </trkpt>
   <trkpt lat="45.8832200" lon="15.2323010">
    <ele>206.0</ele>
    <time>2024-03-15T16:04:17Z</time>
   </trkpt>
   <trkpt lat="45.8832140" lon="15.2323200">
    <ele>205.0</ele>
    <time>2024-03-15T16:04:18Z</time>
   </trkpt>
   <trkpt lat="45.8832090" lon="15.2323390">
    <ele>205.0</ele>
    <time>2024-03-15T16:04:19Z</time>
   </trkpt>
   <trkpt lat="45.8832040" lon="15.2323580">
    <ele>205.0</ele>
    <time>2024-03-15T16:04:20Z</time>
   </trkpt>
   <trkpt lat="45.8832000" lon="15.2323770">
    <ele>205.0</ele>
    <time>2024-03-15T16:04:21Z</time>
   </trkpt>
   <trkpt lat="45.8831960" lon="15.2323960">
    <ele>205.0</ele>
    <time>2024-03-15T16:04:22Z</time>
   </trkpt>
   <trkpt lat="45.8831940" lon="15.2324160">
    <ele>205.0</ele>
    <time>2024-03-15T16:04:23Z</time>
   </trkpt>
   <trkpt lat="45.8831920" lon="15.2324360">
    <ele>205.0</ele>
    <time>2024-03-15T16:04:24Z</time>
   </trkpt>
   <trkpt lat="45.8831900" lon="15.2324540">
    <ele>205.0</ele>
    <time>2024-03-15T16:04:25Z</time>
   </trkpt>
   <trkpt lat="45.8831870" lon="15.2324730">
    <ele>205.0</ele>
    <time>2024-03-15T16:04:26Z</time>
   </trkpt>
   <trkpt lat="45.8831830" lon="15.2324940">
    <ele>205.0</ele>
    <time>2024-03-15T16:04:27Z</time>
   </trkpt>
   <trkpt lat="45.8831790" lon="15.2325150">
    <ele>204.0</ele>
    <time>2024-03-15T16:04:28Z</time>
   </trkpt>
   <trkpt lat="45.8831780" lon="15.2325360">
    <ele>204.0</ele>
    <time>2024-03-15T16:04:29Z</time>
   </trkpt>
   <trkpt lat="45.8831760" lon="15.2325570">
    <ele>204.0</ele>
    <time>2024-03-15T16:04:30Z</time>
   </trkpt>
   <trkpt lat="45.8831760" lon="15.2325630">
    <ele>204.0</ele>
    <time>2024-03-15T16:04:31Z</time>
   </trkpt>
   <trkpt lat="45.8831760" lon="15.2325700">
    <ele>204.0</ele>
    <time>2024-03-15T16:04:32Z</time>
   </trkpt>
   <trkpt lat="45.8831760" lon="15.2325760">
    <ele>203.0</ele>
    <time>2024-03-15T16:04:33Z</time>
   </trkpt>
   <trkpt lat="45.8831740" lon="15.2325900">
    <ele>203.0</ele>
    <time>2024-03-15T16:04:34Z</time>
   </trkpt>
   <trkpt lat="45.8831730" lon="15.2326040">
    <ele>203.0</ele>
    <time>2024-03-15T16:04:35Z</time>
   </trkpt>
   <trkpt lat="45.8831720" lon="15.2326200">
    <ele>203.0</ele>
    <time>2024-03-15T16:04:36Z</time>
   </trkpt>
   <trkpt lat="45.8831710" lon="15.2326350">
    <ele>203.0</ele>
    <time>2024-03-15T16:04:37Z</time>
   </trkpt>
   <trkpt lat="45.8831720" lon="15.2326540">
    <ele>202.0</ele>
    <time>2024-03-15T16:04:38Z</time>
   </trkpt>
   <trkpt lat="45.8831730" lon="15.2326720">
    <ele>202.0</ele>
    <time>2024-03-15T16:04:39Z</time>
   </trkpt>
   <trkpt lat="45.8831750" lon="15.2326930">
    <ele>202.0</ele>
    <time>2024-03-15T16:04:40Z</time>
   </trkpt>
   <trkpt lat="45.8831760" lon="15.2327130">
    <ele>202.0</ele>
    <time>2024-03-15T16:04:41Z</time>
   </trkpt>
   <trkpt lat="45.8831770" lon="15.2327340">
    <ele>202.0</ele>
    <time>2024-03-15T16:04:42Z</time>
   </trkpt>
   <trkpt lat="45.8831780" lon="15.2327540">
    <ele>202.0</ele>
    <time>2024-03-15T16:04:43Z</time>
   </trkpt>
   <trkpt lat="45.8831780" lon="15.2327740">
    <ele>202.0</ele>
    <time>2024-03-15T16:04:44Z</time>
   </trkpt>
   <trkpt lat="45.8831780" lon="15.2327940">
    <ele>202.0</ele>
    <time>2024-03-15T16:04:45Z</time>
   </trkpt>
   <trkpt lat="45.8831800" lon="15.2328140">
    <ele>202.0</ele>
    <time>2024-03-15T16:04:46Z</time>
   </trkpt>
   <trkpt lat="45.8831820" lon="15.2328340">
    <ele>202.0</ele>
    <time>2024-03-15T16:04:47Z</time>
   </trkpt>
   <trkpt lat="45.8831830" lon="15.2328590">
    <ele>202.0</ele>
    <time>2024-03-15T16:04:48Z</time>
   </trkpt>
   <trkpt lat="45.8831850" lon="15.2328830">
    <ele>202.0</ele>
    <time>2024-03-15T16:04:49Z</time>
   </trkpt>
   <trkpt lat="45.8831880" lon="15.2329140">
    <ele>202.0</ele>
    <time>2024-03-15T16:04:50Z</time>
   </trkpt>
   <trkpt lat="45.8831910" lon="15.2329440">
    <ele>202.0</ele>
    <time>2024-03-15T16:04:51Z</time>
   </trkpt>
   <trkpt lat="45.8831970" lon="15.2329810">
    <ele>202.0</ele>
    <time>2024-03-15T16:04:52Z</time>
   </trkpt>
   <trkpt lat="45.8832020" lon="15.2330170">
    <ele>201.0</ele>
    <time>2024-03-15T16:04:53Z</time>
   </trkpt>
   <trkpt lat="45.8832070" lon="15.2330590">
    <ele>201.0</ele>
    <time>2024-03-15T16:04:54Z</time>
   </trkpt>
   <trkpt lat="45.8832120" lon="15.2331020">
    <ele>201.0</ele>
    <time>2024-03-15T16:04:55Z</time>
   </trkpt>
   <trkpt lat="45.8832110" lon="15.2331470">
    <ele>201.0</ele>
    <time>2024-03-15T16:04:56Z</time>
   </trkpt>
   <trkpt lat="45.8832100" lon="15.2331920">
    <ele>201.0</ele>
    <time>2024-03-15T16:04:57Z</time>
   </trkpt>
   <trkpt lat="45.8832010" lon="15.2332370">
    <ele>200.0</ele>
    <time>2024-03-15T16:04:58Z</time>
   </trkpt>
   <trkpt lat="45.8831920" lon="15.2332830">
    <ele>200.0</ele>
    <time>2024-03-15T16:04:59Z</time>
   </trkpt>
   <trkpt lat="45.8831790" lon="15.2333280">
    <ele>200.0</ele>
    <time>2024-03-15T16:05:00Z</time>
   </trkpt>
   <trkpt lat="45.8831660" lon="15.2333740">
    <ele>200.0</ele>
    <time>2024-03-15T16:05:01Z</time>
   </trkpt>
   <trkpt lat="45.8831520" lon="15.2334170">
    <ele>200.0</ele>
    <time>2024-03-15T16:05:02Z</time>
   </trkpt>
   <trkpt lat="45.8831380" lon="15.2334610">
    <ele>200.0</ele>
    <time>2024-03-15T16:05:03Z</time>
   </trkpt>
   <trkpt lat="45.8831240" lon="15.2335000">
    <ele>200.0</ele>
    <time>2024-03-15T16:05:04Z</time>
   </trkpt>
   <trkpt lat="45.8831100" lon="15.2335390">
    <ele>200.0</ele>
    <time>2024-03-15T16:05:05Z</time>
   </trkpt>
   <trkpt lat="45.8830940" lon="15.2335760">
    <ele>200.0</ele>
    <time>2024-03-15T16:05:06Z</time>
   </trkpt>
   <trkpt lat="45.8830780" lon="15.2336130">
    <ele>200.0</ele>
    <time>2024-03-15T16:05:07Z</time>
   </trkpt>
   <trkpt lat="45.8830610" lon="15.2336480">
    <ele>199.0</ele>
    <time>2024-03-15T16:05:08Z</time>
   </trkpt>
   <trkpt lat="45.8830440" lon="15.2336840">
    <ele>199.0</ele>
    <time>2024-03-15T16:05:09Z</time>
   </trkpt>
   <trkpt lat="45.8830280" lon="15.2337190">
    <ele>199.0</ele>
    <time>2024-03-15T16:05:10Z</time>
   </trkpt>
   <trkpt lat="45.8830110" lon="15.2337550">
    <ele>199.0</ele>
    <time>2024-03-15T16:05:11Z</time>
   </trkpt>
   <trkpt lat="45.8829950" lon="15.2337910">
    <ele>199.0</ele>
    <time>2024-03-15T16:05:12Z</time>
   </trkpt>
   <trkpt lat="45.8829780" lon="15.2338270">
    <ele>198.0</ele>
    <time>2024-03-15T16:05:13Z</time>
   </trkpt>
   <trkpt lat="45.8829610" lon="15.2338630">
    <ele>198.0</ele>
    <time>2024-03-15T16:05:14Z</time>
   </trkpt>
   <trkpt lat="45.8829430" lon="15.2338990">
    <ele>198.0</ele>
    <time>2024-03-15T16:05:15Z</time>
   </trkpt>
   <trkpt lat="45.8829250" lon="15.2339350">
    <ele>198.0</ele>
    <time>2024-03-15T16:05:16Z</time>
   </trkpt>
   <trkpt lat="45.8829070" lon="15.2339710">
    <ele>198.0</ele>
    <time>2024-03-15T16:05:17Z</time>
   </trkpt>
   <trkpt lat="45.8828880" lon="15.2340060">
    <ele>197.0</ele>
    <time>2024-03-15T16:05:18Z</time>
   </trkpt>
   <trkpt lat="45.8828690" lon="15.2340420">
    <ele>197.0</ele>
    <time>2024-03-15T16:05:19Z</time>
   </trkpt>
   <trkpt lat="45.8828490" lon="15.2340770">
    <ele>197.0</ele>
    <time>2024-03-15T16:05:20Z</time>
   </trkpt>
   <trkpt lat="45.8828290" lon="15.2341120">
    <ele>197.0</ele>
    <time>2024-03-15T16:05:21Z</time>
   </trkpt>
   <trkpt lat="45.8828100" lon="15.2341470">
    <ele>197.0</ele>
    <time>2024-03-15T16:05:22Z</time>
   </trkpt>
   <trkpt lat="45.8827910" lon="15.2341820">
    <ele>196.0</ele>
    <time>2024-03-15T16:05:23Z</time>
   </trkpt>
   <trkpt lat="45.8827730" lon="15.2342180">
    <ele>196.0</ele>
    <time>2024-03-15T16:05:24Z</time>
   </trkpt>
   <trkpt lat="45.8827550" lon="15.2342550">
    <ele>196.0</ele>
    <time>2024-03-15T16:05:25Z</time>
   </trkpt>
   <trkpt lat="45.8827380" lon="15.2342900">
    <ele>196.0</ele>
    <time>2024-03-15T16:05:26Z</time>
   </trkpt>
   <trkpt lat="45.8827210" lon="15.2343250">
    <ele>196.0</ele>
    <time>2024-03-15T16:05:27Z</time>
   </trkpt>
   <trkpt lat="45.8827040" lon="15.2343600">
    <ele>196.0</ele>
    <time>2024-03-15T16:05:28Z</time>
   </trkpt>
   <trkpt lat="45.8826880" lon="15.2343960">
    <ele>196.0</ele>
    <time>2024-03-15T16:05:29Z</time>
   </trkpt>
   <trkpt lat="45.8826710" lon="15.2344310">
    <ele>196.0</ele>
    <time>2024-03-15T16:05:30Z</time>
   </trkpt>
   <trkpt lat="45.8826540" lon="15.2344660">
    <ele>196.0</ele>
    <time>2024-03-15T16:05:31Z</time>
   </trkpt>
   <trkpt lat="45.8826360" lon="15.2344990">
    <ele>196.0</ele>
    <time>2024-03-15T16:05:32Z</time>
   </trkpt>
   <trkpt lat="45.8826170" lon="15.2345330">
    <ele>196.0</ele>
    <time>2024-03-15T16:05:33Z</time>
   </trkpt>
   <trkpt lat="45.8825990" lon="15.2345630">
    <ele>196.0</ele>
    <time>2024-03-15T16:05:34Z</time>
   </trkpt>
   <trkpt lat="45.8825800" lon="15.2345940">
    <ele>196.0</ele>
    <time>2024-03-15T16:05:35Z</time>
   </trkpt>
   <trkpt lat="45.8825610" lon="15.2346230">
    <ele>196.0</ele>
    <time>2024-03-15T16:05:36Z</time>
   </trkpt>
   <trkpt lat="45.8825430" lon="15.2346520">
    <ele>196.0</ele>
    <time>2024-03-15T16:05:37Z</time>
   </trkpt>
   <trkpt lat="45.8825240" lon="15.2346790">
    <ele>195.0</ele>
    <time>2024-03-15T16:05:38Z</time>
   </trkpt>
   <trkpt lat="45.8825050" lon="15.2347070">
    <ele>195.0</ele>
    <time>2024-03-15T16:05:39Z</time>
   </trkpt>
   <trkpt lat="45.8824870" lon="15.2347320">
    <ele>195.0</ele>
    <time>2024-03-15T16:05:40Z</time>
   </trkpt>
   <trkpt lat="45.8824690" lon="15.2347580">
    <ele>195.0</ele>
    <time>2024-03-15T16:05:41Z</time>
   </trkpt>
   <trkpt lat="45.8824520" lon="15.2347840">
    <ele>195.0</ele>
    <time>2024-03-15T16:05:42Z</time>
   </trkpt>
   <trkpt lat="45.8824350" lon="15.2348100">
    <ele>195.0</ele>
    <time>2024-03-15T16:05:43Z</time>
   </trkpt>
   <trkpt lat="45.8824120" lon="15.2348430">
    <ele>195.0</ele>
    <time>2024-03-15T16:05:44Z</time>
   </trkpt>
   <trkpt lat="45.8823890" lon="15.2348750">
    <ele>195.0</ele>
    <time>2024-03-15T16:05:45Z</time>
   </trkpt>
   <trkpt lat="45.8823630" lon="15.2349060">
    <ele>195.0</ele>
    <time>2024-03-15T16:05:46Z</time>
   </trkpt>
   <trkpt lat="45.8823370" lon="15.2349370">
    <ele>195.0</ele>
    <time>2024-03-15T16:05:47Z</time>
   </trkpt>
   <trkpt lat="45.8823120" lon="15.2349630">
    <ele>195.0</ele>
    <time>2024-03-15T16:05:48Z</time>
   </trkpt>
   <trkpt lat="45.8822860" lon="15.2349890">
    <ele>195.0</ele>
    <time>2024-03-15T16:05:49Z</time>
   </trkpt>
   <trkpt lat="45.8822640" lon="15.2350100">
    <ele>195.0</ele>
    <time>2024-03-15T16:05:50Z</time>
   </trkpt>
   <trkpt lat="45.8822410" lon="15.2350310">
    <ele>195.0</ele>
    <time>2024-03-15T16:05:51Z</time>
   </trkpt>
   <trkpt lat="45.8822190" lon="15.2350500">
    <ele>195.0</ele>
    <time>2024-03-15T16:05:52Z</time>
   </trkpt>
   <trkpt lat="45.8821960" lon="15.2350680">
    <ele>195.0</ele>
    <time>2024-03-15T16:05:53Z</time>
   </trkpt>
   <trkpt lat="45.8821720" lon="15.2350870">
    <ele>195.0</ele>
    <time>2024-03-15T16:05:54Z</time>
   </trkpt>
   <trkpt lat="45.8821480" lon="15.2351060">
    <ele>195.0</ele>
    <time>2024-03-15T16:05:55Z</time>
   </trkpt>
   <trkpt lat="45.8821210" lon="15.2351240">
    <ele>195.0</ele>
    <time>2024-03-15T16:05:56Z</time>
   </trkpt>
   <trkpt lat="45.8820930" lon="15.2351430">
    <ele>195.0</ele>
    <time>2024-03-15T16:05:57Z</time>
   </trkpt>
   <trkpt lat="45.8820630" lon="15.2351590">
    <ele>195.0</ele>
    <time>2024-03-15T16:05:58Z</time>
   </trkpt>
   <trkpt lat="45.8820320" lon="15.2351740">
    <ele>195.0</ele>
    <time>2024-03-15T16:05:59Z</time>
   </trkpt>
   <trkpt lat="45.8820000" lon="15.2351860">
    <ele>195.0</ele>
    <time>2024-03-15T16:06:00Z</time>
   </trkpt>
   <trkpt lat="45.8819690" lon="15.2351980">
    <ele>195.0</ele>
    <time>2024-03-15T16:06:01Z</time>
   </trkpt>
   <trkpt lat="45.8819380" lon="15.2352090">
    <ele>195.0</ele>
    <time>2024-03-15T16:06:02Z</time>
   </trkpt>
   <trkpt lat="45.8819060" lon="15.2352200">
    <ele>195.0</ele>
    <time>2024-03-15T16:06:03Z</time>
   </trkpt>
   <trkpt lat="45.8818750" lon="15.2352310">
    <ele>195.0</ele>
    <time>2024-03-15T16:06:04Z</time>
   </trkpt>
   <trkpt lat="45.8818440" lon="15.2352420">
    <ele>195.0</ele>
    <time>2024-03-15T16:06:05Z</time>
   </trkpt>
   <trkpt lat="45.8818150" lon="15.2352570">
    <ele>195.0</ele>
    <time>2024-03-15T16:06:06Z</time>
   </trkpt>
   <trkpt lat="45.8817860" lon="15.2352720">
    <ele>195.0</ele>
    <time>2024-03-15T16:06:07Z</time>
   </trkpt>
   <trkpt lat="45.8817600" lon="15.2352910">
    <ele>195.0</ele>
    <time>2024-03-15T16:06:08Z</time>
   </trkpt>
   <trkpt lat="45.8817330" lon="15.2353110">
    <ele>195.0</ele>
    <time>2024-03-15T16:06:09Z</time>
   </trkpt>
   <trkpt lat="45.8817080" lon="15.2353310">
    <ele>195.0</ele>
    <time>2024-03-15T16:06:10Z</time>
   </trkpt>
   <trkpt lat="45.8816820" lon="15.2353510">
    <ele>195.0</ele>
    <time>2024-03-15T16:06:11Z</time>
   </trkpt>
   <trkpt lat="45.8816560" lon="15.2353730">
    <ele>195.0</ele>
    <time>2024-03-15T16:06:12Z</time>
   </trkpt>
   <trkpt lat="45.8816310" lon="15.2353940">
    <ele>194.0</ele>
    <time>2024-03-15T16:06:13Z</time>
   </trkpt>
   <trkpt lat="45.8816040" lon="15.2354150">
    <ele>194.0</ele>
    <time>2024-03-15T16:06:14Z</time>
   </trkpt>
   <trkpt lat="45.8815780" lon="15.2354350">
    <ele>194.0</ele>
    <time>2024-03-15T16:06:15Z</time>
   </trkpt>
   <trkpt lat="45.8815500" lon="15.2354550">
    <ele>194.0</ele>
    <time>2024-03-15T16:06:16Z</time>
   </trkpt>
   <trkpt lat="45.8815210" lon="15.2354740">
    <ele>194.0</ele>
    <time>2024-03-15T16:06:17Z</time>
   </trkpt>
   <trkpt lat="45.8814920" lon="15.2354950">
    <ele>193.0</ele>
    <time>2024-03-15T16:06:18Z</time>
   </trkpt>
   <trkpt lat="45.8814630" lon="15.2355160">
    <ele>193.0</ele>
    <time>2024-03-15T16:06:19Z</time>
   </trkpt>
   <trkpt lat="45.8814340" lon="15.2355360">
    <ele>193.0</ele>
    <time>2024-03-15T16:06:20Z</time>
   </trkpt>
   <trkpt lat="45.8814060" lon="15.2355570">
    <ele>193.0</ele>
    <time>2024-03-15T16:06:21Z</time>
   </trkpt>
   <trkpt lat="45.8813770" lon="15.2355750">
    <ele>193.0</ele>
    <time>2024-03-15T16:06:22Z</time>
   </trkpt>
   <trkpt lat="45.8813480" lon="15.2355940">
    <ele>192.0</ele>
    <time>2024-03-15T16:06:23Z</time>
   </trkpt>
   <trkpt lat="45.8813180" lon="15.2356120">
    <ele>192.0</ele>
    <time>2024-03-15T16:06:24Z</time>
   </trkpt>
   <trkpt lat="45.8812890" lon="15.2356300">
    <ele>192.0</ele>
    <time>2024-03-15T16:06:25Z</time>
   </trkpt>
   <trkpt lat="45.8812580" lon="15.2356510">
    <ele>192.0</ele>
    <time>2024-03-15T16:06:26Z</time>
   </trkpt>
   <trkpt lat="45.8812280" lon="15.2356720">
    <ele>192.0</ele>
    <time>2024-03-15T16:06:27Z</time>
   </trkpt>
   <trkpt lat="45.8811990" lon="15.2356950">
    <ele>192.0</ele>
    <time>2024-03-15T16:06:28Z</time>
   </trkpt>
   <trkpt lat="45.8811700" lon="15.2357190">
    <ele>192.0</ele>
    <time>2024-03-15T16:06:29Z</time>
   </trkpt>
   <trkpt lat="45.8811430" lon="15.2357430">
    <ele>192.0</ele>
    <time>2024-03-15T16:06:30Z</time>
   </trkpt>
   <trkpt lat="45.8811160" lon="15.2357680">
    <ele>192.0</ele>
    <time>2024-03-15T16:06:31Z</time>
   </trkpt>
   <trkpt lat="45.8810920" lon="15.2357960">
    <ele>192.0</ele>
    <time>2024-03-15T16:06:32Z</time>
   </trkpt>
   <trkpt lat="45.8810680" lon="15.2358230">
    <ele>191.0</ele>
    <time>2024-03-15T16:06:33Z</time>
   </trkpt>
   <trkpt lat="45.8810480" lon="15.2358530">
    <ele>191.0</ele>
    <time>2024-03-15T16:06:34Z</time>
   </trkpt>
   <trkpt lat="45.8810290" lon="15.2358830">
    <ele>191.0</ele>
    <time>2024-03-15T16:06:35Z</time>
   </trkpt>
   <trkpt lat="45.8810140" lon="15.2359160">
    <ele>191.0</ele>
    <time>2024-03-15T16:06:36Z</time>
   </trkpt>
   <trkpt lat="45.8809980" lon="15.2359500">
    <ele>191.0</ele>
    <time>2024-03-15T16:06:37Z</time>
   </trkpt>
   <trkpt lat="45.8809880" lon="15.2359900">
    <ele>191.0</ele>
    <time>2024-03-15T16:06:38Z</time>
   </trkpt>
   <trkpt lat="45.8809780" lon="15.2360290">
    <ele>191.0</ele>
    <time>2024-03-15T16:06:39Z</time>
   </trkpt>
   <trkpt lat="45.8809730" lon="15.2360710">
    <ele>191.0</ele>
    <time>2024-03-15T16:06:40Z</time>
   </trkpt>
   <trkpt lat="45.8809680" lon="15.2361140">
    <ele>191.0</ele>
    <time>2024-03-15T16:06:41Z</time>
   </trkpt>
   <trkpt lat="45.8809690" lon="15.2361620">
    <ele>191.0</ele>
    <time>2024-03-15T16:06:42Z</time>
   </trkpt>
   <trkpt lat="45.8809700" lon="15.2362100">
    <ele>190.0</ele>
    <time>2024-03-15T16:06:43Z</time>
   </trkpt>
   <trkpt lat="45.8809780" lon="15.2362590">
    <ele>190.0</ele>
    <time>2024-03-15T16:06:44Z</time>
   </trkpt>
   <trkpt lat="45.8809860" lon="15.2363090">
    <ele>190.0</ele>
    <time>2024-03-15T16:06:45Z</time>
   </trkpt>
   <trkpt lat="45.8809910" lon="15.2363530">
    <ele>190.0</ele>
    <time>2024-03-15T16:06:46Z</time>
   </trkpt>
   <trkpt lat="45.8809960" lon="15.2363970">
    <ele>190.0</ele>
    <time>2024-03-15T16:06:47Z</time>
   </trkpt>
   <trkpt lat="45.8809920" lon="15.2364320">
    <ele>190.0</ele>
    <time>2024-03-15T16:06:48Z</time>
   </trkpt>
   <trkpt lat="45.8809880" lon="15.2364680">
    <ele>190.0</ele>
    <time>2024-03-15T16:06:49Z</time>
   </trkpt>
   <trkpt lat="45.8809730" lon="15.2364940">
    <ele>190.0</ele>
    <time>2024-03-15T16:06:50Z</time>
   </trkpt>
   <trkpt lat="45.8809590" lon="15.2365200">
    <ele>190.0</ele>
    <time>2024-03-15T16:06:51Z</time>
   </trkpt>
   <trkpt lat="45.8809320" lon="15.2365460">
    <ele>190.0</ele>
    <time>2024-03-15T16:06:52Z</time>
   </trkpt>
   <trkpt lat="45.8809060" lon="15.2365710">
    <ele>190.0</ele>
    <time>2024-03-15T16:06:53Z</time>
   </trkpt>
   <trkpt lat="45.8808740" lon="15.2365930">
    <ele>190.0</ele>
    <time>2024-03-15T16:06:54Z</time>
   </trkpt>
   <trkpt lat="45.8808420" lon="15.2366160">
    <ele>190.0</ele>
    <time>2024-03-15T16:06:55Z</time>
   </trkpt>
   <trkpt lat="45.8808080" lon="15.2366310">
    <ele>190.0</ele>
    <time>2024-03-15T16:06:56Z</time>
   </trkpt>
   <trkpt lat="45.8807750" lon="15.2366460">
    <ele>190.0</ele>
    <time>2024-03-15T16:06:57Z</time>
   </trkpt>
   <trkpt lat="45.8807420" lon="15.2366590">
    <ele>190.0</ele>
    <time>2024-03-15T16:06:58Z</time>
   </trkpt>
   <trkpt lat="45.8807100" lon="15.2366720">
    <ele>190.0</ele>
    <time>2024-03-15T16:06:59Z</time>
   </trkpt>
   <trkpt lat="45.8806810" lon="15.2366870">
    <ele>190.0</ele>
    <time>2024-03-15T16:07:00Z</time>
   </trkpt>
   <trkpt lat="45.8806530" lon="15.2367030">
    <ele>190.0</ele>
    <time>2024-03-15T16:07:01Z</time>
   </trkpt>
   <trkpt lat="45.8806280" lon="15.2367230">
    <ele>190.0</ele>
    <time>2024-03-15T16:07:02Z</time>
   </trkpt>
   <trkpt lat="45.8806030" lon="15.2367440">
    <ele>189.0</ele>
    <time>2024-03-15T16:07:03Z</time>
   </trkpt>
   <trkpt lat="45.8805740" lon="15.2367680">
    <ele>189.0</ele>
    <time>2024-03-15T16:07:04Z</time>
   </trkpt>
   <trkpt lat="45.8805450" lon="15.2367920">
    <ele>189.0</ele>
    <time>2024-03-15T16:07:05Z</time>
   </trkpt>
   <trkpt lat="45.8805120" lon="15.2368140">
    <ele>189.0</ele>
    <time>2024-03-15T16:07:06Z</time>
   </trkpt>
   <trkpt lat="45.8804790" lon="15.2368360">
    <ele>189.0</ele>
    <time>2024-03-15T16:07:07Z</time>
   </trkpt>
   <trkpt lat="45.8804430" lon="15.2368570">
    <ele>189.0</ele>
    <time>2024-03-15T16:07:08Z</time>
   </trkpt>
   <trkpt lat="45.8804070" lon="15.2368790">
    <ele>189.0</ele>
    <time>2024-03-15T16:07:09Z</time>
   </trkpt>
   <trkpt lat="45.8803720" lon="15.2369030">
    <ele>189.0</ele>
    <time>2024-03-15T16:07:10Z</time>
   </trkpt>
   <trkpt lat="45.8803380" lon="15.2369260">
    <ele>189.0</ele>
    <time>2024-03-15T16:07:11Z</time>
   </trkpt>
   <trkpt lat="45.8803080" lon="15.2369490">
    <ele>189.0</ele>
    <time>2024-03-15T16:07:12Z</time>
   </trkpt>
   <trkpt lat="45.8802780" lon="15.2369720">
    <ele>188.0</ele>
    <time>2024-03-15T16:07:13Z</time>
   </trkpt>
   <trkpt lat="45.8802500" lon="15.2369950">
    <ele>188.0</ele>
    <time>2024-03-15T16:07:14Z</time>
   </trkpt>
   <trkpt lat="45.8802230" lon="15.2370190">
    <ele>188.0</ele>
    <time>2024-03-15T16:07:15Z</time>
   </trkpt>
   <trkpt lat="45.8801940" lon="15.2370440">
    <ele>188.0</ele>
    <time>2024-03-15T16:07:16Z</time>
   </trkpt>
   <trkpt lat="45.8801660" lon="15.2370690">
    <ele>188.0</ele>
    <time>2024-03-15T16:07:17Z</time>
   </trkpt>
   <trkpt lat="45.8801400" lon="15.2370920">
    <ele>188.0</ele>
    <time>2024-03-15T16:07:18Z</time>
   </trkpt>
   <trkpt lat="45.8801130" lon="15.2371160">
    <ele>188.0</ele>
    <time>2024-03-15T16:07:19Z</time>
   </trkpt>
   <trkpt lat="45.8800880" lon="15.2371370">
    <ele>188.0</ele>
    <time>2024-03-15T16:07:20Z</time>
   </trkpt>
   <trkpt lat="45.8800630" lon="15.2371590">
    <ele>188.0</ele>
    <time>2024-03-15T16:07:21Z</time>
   </trkpt>
   <trkpt lat="45.8800370" lon="15.2371800">
    <ele>188.0</ele>
    <time>2024-03-15T16:07:22Z</time>
   </trkpt>
   <trkpt lat="45.8800100" lon="15.2372010">
    <ele>188.0</ele>
    <time>2024-03-15T16:07:23Z</time>
   </trkpt>
   <trkpt lat="45.8799860" lon="15.2372180">
    <ele>188.0</ele>
    <time>2024-03-15T16:07:24Z</time>
   </trkpt>
   <trkpt lat="45.8799610" lon="15.2372360">
    <ele>188.0</ele>
    <time>2024-03-15T16:07:25Z</time>
   </trkpt>
   <trkpt lat="45.8799330" lon="15.2372530">
    <ele>188.0</ele>
    <time>2024-03-15T16:07:26Z</time>
   </trkpt>
   <trkpt lat="45.8799050" lon="15.2372690">
    <ele>188.0</ele>
    <time>2024-03-15T16:07:27Z</time>
   </trkpt>
   <trkpt lat="45.8798730" lon="15.2372890">
    <ele>187.0</ele>
    <time>2024-03-15T16:07:28Z</time>
   </trkpt>
   <trkpt lat="45.8798420" lon="15.2373080">
    <ele>187.0</ele>
    <time>2024-03-15T16:07:29Z</time>
   </trkpt>
   <trkpt lat="45.8798110" lon="15.2373290">
    <ele>187.0</ele>
    <time>2024-03-15T16:07:30Z</time>
   </trkpt>
   <trkpt lat="45.8797810" lon="15.2373500">
    <ele>187.0</ele>
    <time>2024-03-15T16:07:31Z</time>
   </trkpt>
   <trkpt lat="45.8797540" lon="15.2373730">
    <ele>187.0</ele>
    <time>2024-03-15T16:07:32Z</time>
   </trkpt>
   <trkpt lat="45.8797280" lon="15.2373960">
    <ele>187.0</ele>
    <time>2024-03-15T16:07:33Z</time>
   </trkpt>
   <trkpt lat="45.8797050" lon="15.2374220">
    <ele>187.0</ele>
    <time>2024-03-15T16:07:34Z</time>
   </trkpt>
   <trkpt lat="45.8796820" lon="15.2374470">
    <ele>187.0</ele>
    <time>2024-03-15T16:07:35Z</time>
   </trkpt>
   <trkpt lat="45.8796610" lon="15.2374740">
    <ele>187.0</ele>
    <time>2024-03-15T16:07:36Z</time>
   </trkpt>
   <trkpt lat="45.8796400" lon="15.2375000">
    <ele>187.0</ele>
    <time>2024-03-15T16:07:37Z</time>
   </trkpt>
   <trkpt lat="45.8796170" lon="15.2375280">
    <ele>187.0</ele>
    <time>2024-03-15T16:07:38Z</time>
   </trkpt>
   <trkpt lat="45.8795950" lon="15.2375560">
    <ele>187.0</ele>
    <time>2024-03-15T16:07:39Z</time>
   </trkpt>
   <trkpt lat="45.8795700" lon="15.2375880">
    <ele>187.0</ele>
    <time>2024-03-15T16:07:40Z</time>
   </trkpt>
   <trkpt lat="45.8795460" lon="15.2376200">
    <ele>187.0</ele>
    <time>2024-03-15T16:07:41Z</time>
   </trkpt>
   <trkpt lat="45.8795220" lon="15.2376490">
    <ele>187.0</ele>
    <time>2024-03-15T16:07:42Z</time>
   </trkpt>
   <trkpt lat="45.8794970" lon="15.2376780">
    <ele>186.0</ele>
    <time>2024-03-15T16:07:43Z</time>
   </trkpt>
   <trkpt lat="45.8794740" lon="15.2377040">
    <ele>186.0</ele>
    <time>2024-03-15T16:07:44Z</time>
   </trkpt>
   <trkpt lat="45.8794510" lon="15.2377290">
    <ele>186.0</ele>
    <time>2024-03-15T16:07:45Z</time>
   </trkpt>
   <trkpt lat="45.8794270" lon="15.2377530">
    <ele>186.0</ele>
    <time>2024-03-15T16:07:46Z</time>
   </trkpt>
   <trkpt lat="45.8794030" lon="15.2377760">
    <ele>186.0</ele>
    <time>2024-03-15T16:07:47Z</time>
   </trkpt>
   <trkpt lat="45.8793760" lon="15.2378030">
    <ele>186.0</ele>
    <time>2024-03-15T16:07:48Z</time>
   </trkpt>
   <trkpt lat="45.8793500" lon="15.2378300">
    <ele>186.0</ele>
    <time>2024-03-15T16:07:49Z</time>
   </trkpt>
   <trkpt lat="45.8793230" lon="15.2378600">
    <ele>186.0</ele>
    <time>2024-03-15T16:07:50Z</time>
   </trkpt>
   <trkpt lat="45.8792950" lon="15.2378910">
    <ele>186.0</ele>
    <time>2024-03-15T16:07:51Z</time>
   </trkpt>
   <trkpt lat="45.8792690" lon="15.2379190">
    <ele>186.0</ele>
    <time>2024-03-15T16:07:52Z</time>
   </trkpt>
   <trkpt lat="45.8792440" lon="15.2379470">
    <ele>186.0</ele>
    <time>2024-03-15T16:07:53Z</time>
   </trkpt>
   <trkpt lat="45.8792200" lon="15.2379710">
    <ele>186.0</ele>
    <time>2024-03-15T16:07:54Z</time>
   </trkpt>
   <trkpt lat="45.8791970" lon="15.2379950">
    <ele>186.0</ele>
    <time>2024-03-15T16:07:55Z</time>
   </trkpt>
   <trkpt lat="45.8791750" lon="15.2380190">
    <ele>186.0</ele>
    <time>2024-03-15T16:07:56Z</time>
   </trkpt>
   <trkpt lat="45.8791530" lon="15.2380430">
    <ele>186.0</ele>
    <time>2024-03-15T16:07:57Z</time>
   </trkpt>
   <trkpt lat="45.8791290" lon="15.2380730">
    <ele>186.0</ele>
    <time>2024-03-15T16:07:58Z</time>
   </trkpt>
   <trkpt lat="45.8791060" lon="15.2381030">
    <ele>186.0</ele>
    <time>2024-03-15T16:07:59Z</time>
   </trkpt>
   <trkpt lat="45.8790840" lon="15.2381380">
    <ele>186.0</ele>
    <time>2024-03-15T16:08:00Z</time>
   </trkpt>
   <trkpt lat="45.8790620" lon="15.2381740">
    <ele>186.0</ele>
    <time>2024-03-15T16:08:01Z</time>
   </trkpt>
   <trkpt lat="45.8790430" lon="15.2382090">
    <ele>186.0</ele>
    <time>2024-03-15T16:08:02Z</time>
   </trkpt>
   <trkpt lat="45.8790250" lon="15.2382440">
    <ele>186.0</ele>
    <time>2024-03-15T16:08:03Z</time>
   </trkpt>
   <trkpt lat="45.8790100" lon="15.2382750">
    <ele>186.0</ele>
    <time>2024-03-15T16:08:04Z</time>
   </trkpt>
   <trkpt lat="45.8789940" lon="15.2383060">
    <ele>186.0</ele>
    <time>2024-03-15T16:08:05Z</time>
   </trkpt>
   <trkpt lat="45.8789770" lon="15.2383340">
    <ele>186.0</ele>
    <time>2024-03-15T16:08:06Z</time>
   </trkpt>
   <trkpt lat="45.8789610" lon="15.2383630">
    <ele>186.0</ele>
    <time>2024-03-15T16:08:07Z</time>
   </trkpt>
   <trkpt lat="45.8789390" lon="15.2383940">
    <ele>186.0</ele>
    <time>2024-03-15T16:08:08Z</time>
   </trkpt>
   <trkpt lat="45.8789180" lon="15.2384250">
    <ele>186.0</ele>
    <time>2024-03-15T16:08:09Z</time>
   </trkpt>
   <trkpt lat="45.8788920" lon="15.2384520">
    <ele>186.0</ele>
    <time>2024-03-15T16:08:10Z</time>
   </trkpt>
   <trkpt lat="45.8788660" lon="15.2384800">
    <ele>186.0</ele>
    <time>2024-03-15T16:08:11Z</time>
   </trkpt>
   <trkpt lat="45.8788410" lon="15.2385020">
    <ele>186.0</ele>
    <time>2024-03-15T16:08:12Z</time>
   </trkpt>
   <trkpt lat="45.8788150" lon="15.2385250">
    <ele>185.0</ele>
    <time>2024-03-15T16:08:13Z</time>
   </trkpt>
   <trkpt lat="45.8787910" lon="15.2385420">
    <ele>185.0</ele>
    <time>2024-03-15T16:08:14Z</time>
   </trkpt>
   <trkpt lat="45.8787660" lon="15.2385590">
    <ele>185.0</ele>
    <time>2024-03-15T16:08:15Z</time>
   </trkpt>
   <trkpt lat="45.8787440" lon="15.2385700">
    <ele>185.0</ele>
    <time>2024-03-15T16:08:16Z</time>
   </trkpt>
   <trkpt lat="45.8787210" lon="15.2385810">
    <ele>185.0</ele>
    <time>2024-03-15T16:08:17Z</time>
   </trkpt>
   <trkpt lat="45.8786960" lon="15.2385880">
    <ele>185.0</ele>
    <time>2024-03-15T16:08:18Z</time>
   </trkpt>
   <trkpt lat="45.8786710" lon="15.2385950">
    <ele>185.0</ele>
    <time>2024-03-15T16:08:19Z</time>
   </trkpt>
   <trkpt lat="45.8786420" lon="15.2386030">
    <ele>185.0</ele>
    <time>2024-03-15T16:08:20Z</time>
   </trkpt>
   <trkpt lat="45.8786120" lon="15.2386110">
    <ele>185.0</ele>
    <time>2024-03-15T16:08:21Z</time>
   </trkpt>
   <trkpt lat="45.8785810" lon="15.2386200">
    <ele>185.0</ele>
    <time>2024-03-15T16:08:22Z</time>
   </trkpt>
   <trkpt lat="45.8785500" lon="15.2386280">
    <ele>185.0</ele>
    <time>2024-03-15T16:08:23Z</time>
   </trkpt>
   <trkpt lat="45.8785210" lon="15.2386390">
    <ele>185.0</ele>
    <time>2024-03-15T16:08:24Z</time>
   </trkpt>
   <trkpt lat="45.8784920" lon="15.2386500">
    <ele>185.0</ele>
    <time>2024-03-15T16:08:25Z</time>
   </trkpt>
   <trkpt lat="45.8784660" lon="15.2386690">
    <ele>185.0</ele>
    <time>2024-03-15T16:08:26Z</time>
   </trkpt>
   <trkpt lat="45.8784410" lon="15.2386890">
    <ele>185.0</ele>
    <time>2024-03-15T16:08:27Z</time>
   </trkpt>
   <trkpt lat="45.8784160" lon="15.2387170">
    <ele>185.0</ele>
    <time>2024-03-15T16:08:28Z</time>
   </trkpt>
   <trkpt lat="45.8783920" lon="15.2387460">
    <ele>185.0</ele>
    <time>2024-03-15T16:08:29Z</time>
   </trkpt>
   <trkpt lat="45.8783670" lon="15.2387810">
    <ele>185.0</ele>
    <time>2024-03-15T16:08:30Z</time>
   </trkpt>
   <trkpt lat="45.8783430" lon="15.2388160">
    <ele>185.0</ele>
    <time>2024-03-15T16:08:31Z</time>
   </trkpt>
   <trkpt lat="45.8783210" lon="15.2388530">
    <ele>185.0</ele>
    <time>2024-03-15T16:08:32Z</time>
   </trkpt>
   <trkpt lat="45.8782990" lon="15.2388890">
    <ele>185.0</ele>
    <time>2024-03-15T16:08:33Z</time>
   </trkpt>
   <trkpt lat="45.8782790" lon="15.2389260">
    <ele>185.0</ele>
    <time>2024-03-15T16:08:34Z</time>
   </trkpt>
   <trkpt lat="45.8782600" lon="15.2389630">
    <ele>185.0</ele>
    <time>2024-03-15T16:08:35Z</time>
   </trkpt>
   <trkpt lat="45.8782440" lon="15.2390040">
    <ele>185.0</ele>
    <time>2024-03-15T16:08:36Z</time>
   </trkpt>
   <trkpt lat="45.8782280" lon="15.2390460">
    <ele>185.0</ele>
    <time>2024-03-15T16:08:37Z</time>
   </trkpt>
   <trkpt lat="45.8782150" lon="15.2390910">
    <ele>185.0</ele>
    <time>2024-03-15T16:08:38Z</time>
   </trkpt>
   <trkpt lat="45.8782020" lon="15.2391370">
    <ele>185.0</ele>
    <time>2024-03-15T16:08:39Z</time>
   </trkpt>
   <trkpt lat="45.8781910" lon="15.2391840">
    <ele>185.0</ele>
    <time>2024-03-15T16:08:40Z</time>
   </trkpt>
   <trkpt lat="45.8781790" lon="15.2392300">
    <ele>185.0</ele>
    <time>2024-03-15T16:08:41Z</time>
   </trkpt>
   <trkpt lat="45.8781690" lon="15.2392740">
    <ele>185.0</ele>
    <time>2024-03-15T16:08:42Z</time>
   </trkpt>
   <trkpt lat="45.8781600" lon="15.2393170">
    <ele>185.0</ele>
    <time>2024-03-15T16:08:43Z</time>
   </trkpt>
   <trkpt lat="45.8781500" lon="15.2393610">
    <ele>185.0</ele>
    <time>2024-03-15T16:08:44Z</time>
   </trkpt>
   <trkpt lat="45.8781390" lon="15.2394040">
    <ele>185.0</ele>
    <time>2024-03-15T16:08:45Z</time>
   </trkpt>
   <trkpt lat="45.8781230" lon="15.2394410">
    <ele>185.0</ele>
    <time>2024-03-15T16:08:46Z</time>
   </trkpt>
   <trkpt lat="45.8781070" lon="15.2394780">
    <ele>185.0</ele>
    <time>2024-03-15T16:08:47Z</time>
   </trkpt>
   <trkpt lat="45.8780820" lon="15.2394990">
    <ele>184.0</ele>
    <time>2024-03-15T16:08:48Z</time>
   </trkpt>
   <trkpt lat="45.8780570" lon="15.2395190">
    <ele>184.0</ele>
    <time>2024-03-15T16:08:49Z</time>
   </trkpt>
   <trkpt lat="45.8780260" lon="15.2395250">
    <ele>184.0</ele>
    <time>2024-03-15T16:08:50Z</time>
   </trkpt>
   <trkpt lat="45.8779960" lon="15.2395300">
    <ele>184.0</ele>
    <time>2024-03-15T16:08:51Z</time>
   </trkpt>
   <trkpt lat="45.8779640" lon="15.2395270">
    <ele>184.0</ele>
    <time>2024-03-15T16:08:52Z</time>
   </trkpt>
   <trkpt lat="45.8779330" lon="15.2395250">
    <ele>184.0</ele>
    <time>2024-03-15T16:08:53Z</time>
   </trkpt>
   <trkpt lat="45.8779020" lon="15.2395220">
    <ele>184.0</ele>
    <time>2024-03-15T16:08:54Z</time>
   </trkpt>
   <trkpt lat="45.8778710" lon="15.2395200">
    <ele>184.0</ele>
    <time>2024-03-15T16:08:55Z</time>
   </trkpt>
   <trkpt lat="45.8778420" lon="15.2395200">
    <ele>184.0</ele>
    <time>2024-03-15T16:08:56Z</time>
   </trkpt>
   <trkpt lat="45.8778120" lon="15.2395200">
    <ele>184.0</ele>
    <time>2024-03-15T16:08:57Z</time>
   </trkpt>
   <trkpt lat="45.8777830" lon="15.2395250">
    <ele>184.0</ele>
    <time>2024-03-15T16:08:58Z</time>
   </trkpt>
   <trkpt lat="45.8777530" lon="15.2395300">
    <ele>184.0</ele>
    <time>2024-03-15T16:08:59Z</time>
   </trkpt>
   <trkpt lat="45.8777220" lon="15.2395370">
    <ele>184.0</ele>
    <time>2024-03-15T16:09:00Z</time>
   </trkpt>
   <trkpt lat="45.8776910" lon="15.2395450">
    <ele>184.0</ele>
    <time>2024-03-15T16:09:01Z</time>
   </trkpt>
   <trkpt lat="45.8776590" lon="15.2395550">
    <ele>184.0</ele>
    <time>2024-03-15T16:09:02Z</time>
   </trkpt>
   <trkpt lat="45.8776270" lon="15.2395640">
    <ele>184.0</ele>
    <time>2024-03-15T16:09:03Z</time>
   </trkpt>
   <trkpt lat="45.8775960" lon="15.2395740">
    <ele>184.0</ele>
    <time>2024-03-15T16:09:04Z</time>
   </trkpt>
   <trkpt lat="45.8775640" lon="15.2395840">
    <ele>184.0</ele>
    <time>2024-03-15T16:09:05Z</time>
   </trkpt>
   <trkpt lat="45.8775330" lon="15.2395940">
    <ele>184.0</ele>
    <time>2024-03-15T16:09:06Z</time>
   </trkpt>
   <trkpt lat="45.8775020" lon="15.2396030">
    <ele>184.0</ele>
    <time>2024-03-15T16:09:07Z</time>
   </trkpt>
   <trkpt lat="45.8774700" lon="15.2396120">
    <ele>184.0</ele>
    <time>2024-03-15T16:09:08Z</time>
   </trkpt>
   <trkpt lat="45.8774390" lon="15.2396210">
    <ele>184.0</ele>
    <time>2024-03-15T16:09:09Z</time>
   </trkpt>
   <trkpt lat="45.8774100" lon="15.2396290">
    <ele>184.0</ele>
    <time>2024-03-15T16:09:10Z</time>
   </trkpt>
   <trkpt lat="45.8773800" lon="15.2396370">
    <ele>184.0</ele>
    <time>2024-03-15T16:09:11Z</time>
   </trkpt>
   <trkpt lat="45.8773550" lon="15.2396440">
    <ele>184.0</ele>
    <time>2024-03-15T16:09:12Z</time>
   </trkpt>
   <trkpt lat="45.8773300" lon="15.2396500">
    <ele>184.0</ele>
    <time>2024-03-15T16:09:13Z</time>
   </trkpt>
   <trkpt lat="45.8773110" lon="15.2396540">
    <ele>184.0</ele>
    <time>2024-03-15T16:09:14Z</time>
   </trkpt>
   <trkpt lat="45.8772910" lon="15.2396590">
    <ele>184.0</ele>
    <time>2024-03-15T16:09:15Z</time>
   </trkpt>
   <trkpt lat="45.8772740" lon="15.2396610">
    <ele>184.0</ele>
    <time>2024-03-15T16:09:16Z</time>
   </trkpt>
   <trkpt lat="45.8772580" lon="15.2396630">
    <ele>184.0</ele>
    <time>2024-03-15T16:09:17Z</time>
   </trkpt>
   <trkpt lat="45.8772430" lon="15.2396660">
    <ele>183.0</ele>
    <time>2024-03-15T16:09:18Z</time>
   </trkpt>
   <trkpt lat="45.8772270" lon="15.2396690">
    <ele>183.0</ele>
    <time>2024-03-15T16:09:19Z</time>
   </trkpt>
   <trkpt lat="45.8772120" lon="15.2396740">
    <ele>183.0</ele>
    <time>2024-03-15T16:09:20Z</time>
   </trkpt>
   <trkpt lat="45.8771970" lon="15.2396790">
    <ele>183.0</ele>
    <time>2024-03-15T16:09:21Z</time>
   </trkpt>
   <trkpt lat="45.8771830" lon="15.2396850">
    <ele>183.0</ele>
    <time>2024-03-15T16:09:22Z</time>
   </trkpt>
   <trkpt lat="45.8771700" lon="15.2396920">
    <ele>183.0</ele>
    <time>2024-03-15T16:09:23Z</time>
   </trkpt>
   <trkpt lat="45.8771570" lon="15.2397010">
    <ele>183.0</ele>
    <time>2024-03-15T16:09:24Z</time>
   </trkpt>
   <trkpt lat="45.8771440" lon="15.2397110">
    <ele>183.0</ele>
    <time>2024-03-15T16:09:25Z</time>
   </trkpt>
   <trkpt lat="45.8771310" lon="15.2397220">
    <ele>183.0</ele>
    <time>2024-03-15T16:09:26Z</time>
   </trkpt>
   <trkpt lat="45.8771180" lon="15.2397330">
    <ele>184.0</ele>
    <time>2024-03-15T16:09:27Z</time>
   </trkpt>
   <trkpt lat="45.8771050" lon="15.2397460">
    <ele>184.0</ele>
    <time>2024-03-15T16:09:28Z</time>
   </trkpt>
   <trkpt lat="45.8770920" lon="15.2397580">
    <ele>184.0</ele>
    <time>2024-03-15T16:09:29Z</time>
   </trkpt>
   <trkpt lat="45.8770800" lon="15.2397700">
    <ele>184.0</ele>
    <time>2024-03-15T16:09:30Z</time>
   </trkpt>
   <trkpt lat="45.8770670" lon="15.2397820">
    <ele>184.0</ele>
    <time>2024-03-15T16:09:31Z</time>
   </trkpt>
   <trkpt lat="45.8770570" lon="15.2397950">
    <ele>184.0</ele>
    <time>2024-03-15T16:09:32Z</time>
   </trkpt>
   <trkpt lat="45.8770470" lon="15.2398090">
    <ele>184.0</ele>
    <time>2024-03-15T16:09:33Z</time>
   </trkpt>
   <trkpt lat="45.8770380" lon="15.2398240">
    <ele>184.0</ele>
    <time>2024-03-15T16:09:34Z</time>
   </trkpt>
   <trkpt lat="45.8770290" lon="15.2398390">
    <ele>184.0</ele>
    <time>2024-03-15T16:09:35Z</time>
   </trkpt>
   <trkpt lat="45.8770200" lon="15.2398560">
    <ele>184.0</ele>
    <time>2024-03-15T16:09:36Z</time>
   </trkpt>
   <trkpt lat="45.8770110" lon="15.2398730">
    <ele>184.0</ele>
    <time>2024-03-15T16:09:37Z</time>
   </trkpt>
   <trkpt lat="45.8770030" lon="15.2398920">
    <ele>184.0</ele>
    <time>2024-03-15T16:09:38Z</time>
   </trkpt>
   <trkpt lat="45.8769940" lon="15.2399100">
    <ele>184.0</ele>
    <time>2024-03-15T16:09:39Z</time>
   </trkpt>
   <trkpt lat="45.8769850" lon="15.2399270">
    <ele>184.0</ele>
    <time>2024-03-15T16:09:40Z</time>
   </trkpt>
   <trkpt lat="45.8769760" lon="15.2399440">
    <ele>184.0</ele>
    <time>2024-03-15T16:09:41Z</time>
   </trkpt>
   <trkpt lat="45.8769650" lon="15.2399610">
    <ele>185.0</ele>
    <time>2024-03-15T16:09:42Z</time>
   </trkpt>
   <trkpt lat="45.8769540" lon="15.2399770">
    <ele>185.0</ele>
    <time>2024-03-15T16:09:43Z</time>
   </trkpt>
   <trkpt lat="45.8769420" lon="15.2399930">
    <ele>185.0</ele>
    <time>2024-03-15T16:09:44Z</time>
   </trkpt>
   <trkpt lat="45.8769300" lon="15.2400080">
    <ele>185.0</ele>
    <time>2024-03-15T16:09:45Z</time>
   </trkpt>
   <trkpt lat="45.8769170" lon="15.2400210">
    <ele>185.0</ele>
    <time>2024-03-15T16:09:46Z</time>
   </trkpt>
   <trkpt lat="45.8769040" lon="15.2400350">
    <ele>185.0</ele>
    <time>2024-03-15T16:09:47Z</time>
   </trkpt>
   <trkpt lat="45.8768900" lon="15.2400480">
    <ele>185.0</ele>
    <time>2024-03-15T16:09:48Z</time>
   </trkpt>
   <trkpt lat="45.8768760" lon="15.2400610">
    <ele>185.0</ele>
    <time>2024-03-15T16:09:49Z</time>
   </trkpt>
   <trkpt lat="45.8768620" lon="15.2400720">
    <ele>185.0</ele>
    <time>2024-03-15T16:09:50Z</time>
   </trkpt>
   <trkpt lat="45.8768480" lon="15.2400820">
    <ele>185.0</ele>
    <time>2024-03-15T16:09:51Z</time>
   </trkpt>
   <trkpt lat="45.8768330" lon="15.2400900">
    <ele>186.0</ele>
    <time>2024-03-15T16:09:52Z</time>
   </trkpt>
   <trkpt lat="45.8768190" lon="15.2400980">
    <ele>186.0</ele>
    <time>2024-03-15T16:09:53Z</time>
   </trkpt>
   <trkpt lat="45.8768050" lon="15.2401040">
    <ele>186.0</ele>
    <time>2024-03-15T16:09:54Z</time>
   </trkpt>
   <trkpt lat="45.8767900" lon="15.2401110">
    <ele>186.0</ele>
    <time>2024-03-15T16:09:55Z</time>
   </trkpt>
   <trkpt lat="45.8767750" lon="15.2401170">
    <ele>186.0</ele>
    <time>2024-03-15T16:09:56Z</time>
   </trkpt>
   <trkpt lat="45.8767600" lon="15.2401230">
    <ele>186.0</ele>
    <time>2024-03-15T16:09:57Z</time>
   </trkpt>
   <trkpt lat="45.8767440" lon="15.2401290">
    <ele>186.0</ele>
    <time>2024-03-15T16:09:58Z</time>
   </trkpt>
   <trkpt lat="45.8767290" lon="15.2401360">
    <ele>186.0</ele>
    <time>2024-03-15T16:09:59Z</time>
   </trkpt>
   <trkpt lat="45.8767130" lon="15.2401420">
    <ele>186.0</ele>
    <time>2024-03-15T16:10:00Z</time>
   </trkpt>
   <trkpt lat="45.8766980" lon="15.2401490">
    <ele>186.0</ele>
    <time>2024-03-15T16:10:01Z</time>
   </trkpt>
   <trkpt lat="45.8766830" lon="15.2401570">
    <ele>187.0</ele>
    <time>2024-03-15T16:10:02Z</time>
   </trkpt>
   <trkpt lat="45.8766680" lon="15.2401650">
    <ele>187.0</ele>
    <time>2024-03-15T16:10:03Z</time>
   </trkpt>
   <trkpt lat="45.8766530" lon="15.2401760">
    <ele>187.0</ele>
    <time>2024-03-15T16:10:04Z</time>
   </trkpt>
   <trkpt lat="45.8766390" lon="15.2401860">
    <ele>187.0</ele>
    <time>2024-03-15T16:10:05Z</time>
   </trkpt>
   <trkpt lat="45.8766250" lon="15.2401970">
    <ele>187.0</ele>
    <time>2024-03-15T16:10:06Z</time>
   </trkpt>
   <trkpt lat="45.8766110" lon="15.2402080">
    <ele>188.0</ele>
    <time>2024-03-15T16:10:07Z</time>
   </trkpt>
   <trkpt lat="45.8765970" lon="15.2402200">
    <ele>188.0</ele>
    <time>2024-03-15T16:10:08Z</time>
   </trkpt>
   <trkpt lat="45.8765840" lon="15.2402330">
    <ele>188.0</ele>
    <time>2024-03-15T16:10:09Z</time>
   </trkpt>
   <trkpt lat="45.8765700" lon="15.2402460">
    <ele>188.0</ele>
    <time>2024-03-15T16:10:10Z</time>
   </trkpt>
   <trkpt lat="45.8765560" lon="15.2402600">
    <ele>188.0</ele>
    <time>2024-03-15T16:10:11Z</time>
   </trkpt>
   <trkpt lat="45.8765420" lon="15.2402720">
    <ele>189.0</ele>
    <time>2024-03-15T16:10:12Z</time>
   </trkpt>
   <trkpt lat="45.8765280" lon="15.2402840">
    <ele>189.0</ele>
    <time>2024-03-15T16:10:13Z</time>
   </trkpt>
   <trkpt lat="45.8765140" lon="15.2402960">
    <ele>189.0</ele>
    <time>2024-03-15T16:10:14Z</time>
   </trkpt>
   <trkpt lat="45.8765000" lon="15.2403080">
    <ele>189.0</ele>
    <time>2024-03-15T16:10:15Z</time>
   </trkpt>
   <trkpt lat="45.8764870" lon="15.2403190">
    <ele>189.0</ele>
    <time>2024-03-15T16:10:16Z</time>
   </trkpt>
   <trkpt lat="45.8764730" lon="15.2403310">
    <ele>190.0</ele>
    <time>2024-03-15T16:10:17Z</time>
   </trkpt>
   <trkpt lat="45.8764600" lon="15.2403410">
    <ele>190.0</ele>
    <time>2024-03-15T16:10:18Z</time>
   </trkpt>
   <trkpt lat="45.8764460" lon="15.2403510">
    <ele>190.0</ele>
    <time>2024-03-15T16:10:19Z</time>
   </trkpt>
   <trkpt lat="45.8764320" lon="15.2403610">
    <ele>190.0</ele>
    <time>2024-03-15T16:10:20Z</time>
   </trkpt>
   <trkpt lat="45.8764170" lon="15.2403720">
    <ele>190.0</ele>
    <time>2024-03-15T16:10:21Z</time>
   </trkpt>
   <trkpt lat="45.8764020" lon="15.2403800">
    <ele>191.0</ele>
    <time>2024-03-15T16:10:22Z</time>
   </trkpt>
   <trkpt lat="45.8763870" lon="15.2403890">
    <ele>191.0</ele>
    <time>2024-03-15T16:10:23Z</time>
   </trkpt>
   <trkpt lat="45.8763710" lon="15.2403950">
    <ele>191.0</ele>
    <time>2024-03-15T16:10:24Z</time>
   </trkpt>
   <trkpt lat="45.8763550" lon="15.2404010">
    <ele>191.0</ele>
    <time>2024-03-15T16:10:25Z</time>
   </trkpt>
   <trkpt lat="45.8763390" lon="15.2404060">
    <ele>191.0</ele>
    <time>2024-03-15T16:10:26Z</time>
   </trkpt>
   <trkpt lat="45.8763220" lon="15.2404110">
    <ele>192.0</ele>
    <time>2024-03-15T16:10:27Z</time>
   </trkpt>
   <trkpt lat="45.8763050" lon="15.2404140">
    <ele>192.0</ele>
    <time>2024-03-15T16:10:28Z</time>
   </trkpt>
   <trkpt lat="45.8762890" lon="15.2404170">
    <ele>192.0</ele>
    <time>2024-03-15T16:10:29Z</time>
   </trkpt>
   <trkpt lat="45.8762730" lon="15.2404180">
    <ele>192.0</ele>
    <time>2024-03-15T16:10:30Z</time>
   </trkpt>
   <trkpt lat="45.8762570" lon="15.2404200">
    <ele>192.0</ele>
    <time>2024-03-15T16:10:31Z</time>
   </trkpt>
   <trkpt lat="45.8762410" lon="15.2404210">
    <ele>193.0</ele>
    <time>2024-03-15T16:10:32Z</time>
   </trkpt>
   <trkpt lat="45.8762260" lon="15.2404210">
    <ele>193.0</ele>
    <time>2024-03-15T16:10:33Z</time>
   </trkpt>
   <trkpt lat="45.8762070" lon="15.2404210">
    <ele>193.0</ele>
    <time>2024-03-15T16:10:34Z</time>
   </trkpt>
   <trkpt lat="45.8761890" lon="15.2404200">
    <ele>193.0</ele>
    <time>2024-03-15T16:10:35Z</time>
   </trkpt>
   <trkpt lat="45.8761670" lon="15.2404200">
    <ele>193.0</ele>
    <time>2024-03-15T16:10:36Z</time>
   </trkpt>
   <trkpt lat="45.8761450" lon="15.2404190">
    <ele>194.0</ele>
    <time>2024-03-15T16:10:37Z</time>
   </trkpt>
   <trkpt lat="45.8761190" lon="15.2404190">
    <ele>194.0</ele>
    <time>2024-03-15T16:10:38Z</time>
   </trkpt>
   <trkpt lat="45.8760930" lon="15.2404180">
    <ele>194.0</ele>
    <time>2024-03-15T16:10:39Z</time>
   </trkpt>
   <trkpt lat="45.8760660" lon="15.2404180">
    <ele>194.0</ele>
    <time>2024-03-15T16:10:40Z</time>
   </trkpt>
   <trkpt lat="45.8760380" lon="15.2404180">
    <ele>194.0</ele>
    <time>2024-03-15T16:10:41Z</time>
   </trkpt>
   <trkpt lat="45.8760100" lon="15.2404180">
    <ele>194.0</ele>
    <time>2024-03-15T16:10:42Z</time>
   </trkpt>
   <trkpt lat="45.8759820" lon="15.2404180">
    <ele>194.0</ele>
    <time>2024-03-15T16:10:43Z</time>
   </trkpt>
   <trkpt lat="45.8759530" lon="15.2404190">
    <ele>194.0</ele>
    <time>2024-03-15T16:10:44Z</time>
   </trkpt>
   <trkpt lat="45.8759240" lon="15.2404210">
    <ele>194.0</ele>
    <time>2024-03-15T16:10:45Z</time>
   </trkpt>
   <trkpt lat="45.8758950" lon="15.2404240">
    <ele>194.0</ele>
    <time>2024-03-15T16:10:46Z</time>
   </trkpt>
   <trkpt lat="45.8758660" lon="15.2404280">
    <ele>195.0</ele>
    <time>2024-03-15T16:10:47Z</time>
   </trkpt>
   <trkpt lat="45.8758370" lon="15.2404330">
    <ele>195.0</ele>
    <time>2024-03-15T16:10:48Z</time>
   </trkpt>
   <trkpt lat="45.8758080" lon="15.2404390">
    <ele>195.0</ele>
    <time>2024-03-15T16:10:49Z</time>
   </trkpt>
   <trkpt lat="45.8757800" lon="15.2404460">
    <ele>195.0</ele>
    <time>2024-03-15T16:10:50Z</time>
   </trkpt>
   <trkpt lat="45.8757520" lon="15.2404540">
    <ele>195.0</ele>
    <time>2024-03-15T16:10:51Z</time>
   </trkpt>
   <trkpt lat="45.8757230" lon="15.2404640">
    <ele>195.0</ele>
    <time>2024-03-15T16:10:52Z</time>
   </trkpt>
   <trkpt lat="45.8756940" lon="15.2404730">
    <ele>195.0</ele>
    <time>2024-03-15T16:10:53Z</time>
   </trkpt>
   <trkpt lat="45.8756630" lon="15.2404830">
    <ele>195.0</ele>
    <time>2024-03-15T16:10:54Z</time>
   </trkpt>
   <trkpt lat="45.8756320" lon="15.2404940">
    <ele>195.0</ele>
    <time>2024-03-15T16:10:55Z</time>
   </trkpt>
   <trkpt lat="45.8756030" lon="15.2405050">
    <ele>195.0</ele>
    <time>2024-03-15T16:10:56Z</time>
   </trkpt>
   <trkpt lat="45.8755740" lon="15.2405160">
    <ele>195.0</ele>
    <time>2024-03-15T16:10:57Z</time>
   </trkpt>
   <trkpt lat="45.8755460" lon="15.2405290">
    <ele>195.0</ele>
    <time>2024-03-15T16:10:58Z</time>
   </trkpt>
   <trkpt lat="45.8755190" lon="15.2405410">
    <ele>195.0</ele>
    <time>2024-03-15T16:10:59Z</time>
   </trkpt>
   <trkpt lat="45.8754910" lon="15.2405530">
    <ele>195.0</ele>
    <time>2024-03-15T16:11:00Z</time>
   </trkpt>
   <trkpt lat="45.8754640" lon="15.2405660">
    <ele>195.0</ele>
    <time>2024-03-15T16:11:01Z</time>
   </trkpt>
   <trkpt lat="45.8754370" lon="15.2405780">
    <ele>195.0</ele>
    <time>2024-03-15T16:11:02Z</time>
   </trkpt>
   <trkpt lat="45.8754090" lon="15.2405910">
    <ele>195.0</ele>
    <time>2024-03-15T16:11:03Z</time>
   </trkpt>
   <trkpt lat="45.8753790" lon="15.2406040">
    <ele>195.0</ele>
    <time>2024-03-15T16:11:04Z</time>
   </trkpt>
   <trkpt lat="45.8753500" lon="15.2406170">
    <ele>195.0</ele>
    <time>2024-03-15T16:11:05Z</time>
   </trkpt>
   <trkpt lat="45.8753200" lon="15.2406290">
    <ele>195.0</ele>
    <time>2024-03-15T16:11:06Z</time>
   </trkpt>
   <trkpt lat="45.8752910" lon="15.2406420">
    <ele>195.0</ele>
    <time>2024-03-15T16:11:07Z</time>
   </trkpt>
   <trkpt lat="45.8752630" lon="15.2406540">
    <ele>195.0</ele>
    <time>2024-03-15T16:11:08Z</time>
   </trkpt>
   <trkpt lat="45.8752350" lon="15.2406660">
    <ele>195.0</ele>
    <time>2024-03-15T16:11:09Z</time>
   </trkpt>
   <trkpt lat="45.8752070" lon="15.2406760">
    <ele>195.0</ele>
    <time>2024-03-15T16:11:10Z</time>
   </trkpt>
   <trkpt lat="45.8751800" lon="15.2406870">
    <ele>195.0</ele>
    <time>2024-03-15T16:11:11Z</time>
   </trkpt>
   <trkpt lat="45.8751530" lon="15.2406940">
    <ele>195.0</ele>
    <time>2024-03-15T16:11:12Z</time>
   </trkpt>
   <trkpt lat="45.8751250" lon="15.2407020">
    <ele>195.0</ele>
    <time>2024-03-15T16:11:13Z</time>
   </trkpt>
   <trkpt lat="45.8750980" lon="15.2407090">
    <ele>195.0</ele>
    <time>2024-03-15T16:11:14Z</time>
   </trkpt>
   <trkpt lat="45.8750700" lon="15.2407170">
    <ele>195.0</ele>
    <time>2024-03-15T16:11:15Z</time>
   </trkpt>
   <trkpt lat="45.8750420" lon="15.2407230">
    <ele>195.0</ele>
    <time>2024-03-15T16:11:16Z</time>
   </trkpt>
   <trkpt lat="45.8750140" lon="15.2407300">
    <ele>195.0</ele>
    <time>2024-03-15T16:11:17Z</time>
   </trkpt>
   <trkpt lat="45.8749870" lon="15.2407360">
    <ele>195.0</ele>
    <time>2024-03-15T16:11:18Z</time>
   </trkpt>
   <trkpt lat="45.8749590" lon="15.2407420">
    <ele>195.0</ele>
    <time>2024-03-15T16:11:19Z</time>
   </trkpt>
   <trkpt lat="45.8749310" lon="15.2407470">
    <ele>195.0</ele>
    <time>2024-03-15T16:11:20Z</time>
   </trkpt>
   <trkpt lat="45.8749030" lon="15.2407530">
    <ele>195.0</ele>
    <time>2024-03-15T16:11:21Z</time>
   </trkpt>
   <trkpt lat="45.8748740" lon="15.2407590">
    <ele>195.0</ele>
    <time>2024-03-15T16:11:22Z</time>
   </trkpt>
   <trkpt lat="45.8748440" lon="15.2407640">
    <ele>195.0</ele>
    <time>2024-03-15T16:11:23Z</time>
   </trkpt>
   <trkpt lat="45.8748170" lon="15.2407680">
    <ele>195.0</ele>
    <time>2024-03-15T16:11:24Z</time>
   </trkpt>
   <trkpt lat="45.8747900" lon="15.2407720">
    <ele>195.0</ele>
    <time>2024-03-15T16:11:25Z</time>
   </trkpt>
   <trkpt lat="45.8747640" lon="15.2407750">
    <ele>195.0</ele>
    <time>2024-03-15T16:11:26Z</time>
   </trkpt>
   <trkpt lat="45.8747380" lon="15.2407780">
    <ele>195.0</ele>
    <time>2024-03-15T16:11:27Z</time>
   </trkpt>
   <trkpt lat="45.8747120" lon="15.2407820">
    <ele>195.0</ele>
    <time>2024-03-15T16:11:28Z</time>
   </trkpt>
   <trkpt lat="45.8746860" lon="15.2407860">
    <ele>195.0</ele>
    <time>2024-03-15T16:11:29Z</time>
   </trkpt>
   <trkpt lat="45.8746610" lon="15.2407890">
    <ele>195.0</ele>
    <time>2024-03-15T16:11:30Z</time>
   </trkpt>
   <trkpt lat="45.8746350" lon="15.2407920">
    <ele>195.0</ele>
    <time>2024-03-15T16:11:31Z</time>
   </trkpt>
   <trkpt lat="45.8746100" lon="15.2407940">
    <ele>196.0</ele>
    <time>2024-03-15T16:11:32Z</time>
   </trkpt>
   <trkpt lat="45.8745850" lon="15.2407960">
    <ele>196.0</ele>
    <time>2024-03-15T16:11:33Z</time>
   </trkpt>
   <trkpt lat="45.8745600" lon="15.2407970">
    <ele>196.0</ele>
    <time>2024-03-15T16:11:34Z</time>
   </trkpt>
   <trkpt lat="45.8745350" lon="15.2407970">
    <ele>196.0</ele>
    <time>2024-03-15T16:11:35Z</time>
   </trkpt>
   <trkpt lat="45.8745110" lon="15.2407980">
    <ele>196.0</ele>
    <time>2024-03-15T16:11:36Z</time>
   </trkpt>
   <trkpt lat="45.8744860" lon="15.2407980">
    <ele>196.0</ele>
    <time>2024-03-15T16:11:37Z</time>
   </trkpt>
   <trkpt lat="45.8744620" lon="15.2408000">
    <ele>196.0</ele>
    <time>2024-03-15T16:11:38Z</time>
   </trkpt>
   <trkpt lat="45.8744370" lon="15.2408020">
    <ele>196.0</ele>
    <time>2024-03-15T16:11:39Z</time>
   </trkpt>
   <trkpt lat="45.8744130" lon="15.2408040">
    <ele>196.0</ele>
    <time>2024-03-15T16:11:40Z</time>
   </trkpt>
   <trkpt lat="45.8743890" lon="15.2408070">
    <ele>196.0</ele>
    <time>2024-03-15T16:11:41Z</time>
   </trkpt>
   <trkpt lat="45.8743640" lon="15.2408110">
    <ele>197.0</ele>
    <time>2024-03-15T16:11:42Z</time>
   </trkpt>
   <trkpt lat="45.8743390" lon="15.2408150">
    <ele>197.0</ele>
    <time>2024-03-15T16:11:43Z</time>
   </trkpt>
   <trkpt lat="45.8743130" lon="15.2408180">
    <ele>197.0</ele>
    <time>2024-03-15T16:11:44Z</time>
   </trkpt>
   <trkpt lat="45.8742870" lon="15.2408220">
    <ele>197.0</ele>
    <time>2024-03-15T16:11:45Z</time>
   </trkpt>
   <trkpt lat="45.8742610" lon="15.2408260">
    <ele>197.0</ele>
    <time>2024-03-15T16:11:46Z</time>
   </trkpt>
   <trkpt lat="45.8742350" lon="15.2408290">
    <ele>198.0</ele>
    <time>2024-03-15T16:11:47Z</time>
   </trkpt>
   <trkpt lat="45.8742090" lon="15.2408330">
    <ele>198.0</ele>
    <time>2024-03-15T16:11:48Z</time>
   </trkpt>
   <trkpt lat="45.8741840" lon="15.2408370">
    <ele>198.0</ele>
    <time>2024-03-15T16:11:49Z</time>
   </trkpt>
   <trkpt lat="45.8741580" lon="15.2408410">
    <ele>198.0</ele>
    <time>2024-03-15T16:11:50Z</time>
   </trkpt>
   <trkpt lat="45.8741330" lon="15.2408450">
    <ele>198.0</ele>
    <time>2024-03-15T16:11:51Z</time>
   </trkpt>
   <trkpt lat="45.8741080" lon="15.2408490">
    <ele>198.0</ele>
    <time>2024-03-15T16:11:52Z</time>
   </trkpt>
   <trkpt lat="45.8740830" lon="15.2408530">
    <ele>198.0</ele>
    <time>2024-03-15T16:11:53Z</time>
   </trkpt>
   <trkpt lat="45.8740600" lon="15.2408560">
    <ele>198.0</ele>
    <time>2024-03-15T16:11:54Z</time>
   </trkpt>
   <trkpt lat="45.8740380" lon="15.2408600">
    <ele>198.0</ele>
    <time>2024-03-15T16:11:55Z</time>
   </trkpt>
   <trkpt lat="45.8740190" lon="15.2408630">
    <ele>198.0</ele>
    <time>2024-03-15T16:11:56Z</time>
   </trkpt>
   <trkpt lat="45.8739990" lon="15.2408670">
    <ele>199.0</ele>
    <time>2024-03-15T16:11:57Z</time>
   </trkpt>
   <trkpt lat="45.8739820" lon="15.2408700">
    <ele>199.0</ele>
    <time>2024-03-15T16:11:58Z</time>
   </trkpt>
   <trkpt lat="45.8739640" lon="15.2408730">
    <ele>199.0</ele>
    <time>2024-03-15T16:11:59Z</time>
   </trkpt>
   <trkpt lat="45.8739480" lon="15.2408760">
    <ele>199.0</ele>
    <time>2024-03-15T16:12:00Z</time>
   </trkpt>
   <trkpt lat="45.8739320" lon="15.2408790">
    <ele>199.0</ele>
    <time>2024-03-15T16:12:01Z</time>
   </trkpt>
   <trkpt lat="45.8739160" lon="15.2408800">
    <ele>199.0</ele>
    <time>2024-03-15T16:12:02Z</time>
   </trkpt>
   <trkpt lat="45.8739000" lon="15.2408810">
    <ele>199.0</ele>
    <time>2024-03-15T16:12:03Z</time>
   </trkpt>
   <trkpt lat="45.8738840" lon="15.2408800">
    <ele>199.0</ele>
    <time>2024-03-15T16:12:04Z</time>
   </trkpt>
   <trkpt lat="45.8738680" lon="15.2408790">
    <ele>199.0</ele>
    <time>2024-03-15T16:12:05Z</time>
   </trkpt>
   <trkpt lat="45.8738520" lon="15.2408760">
    <ele>199.0</ele>
    <time>2024-03-15T16:12:06Z</time>
   </trkpt>
   <trkpt lat="45.8738360" lon="15.2408740">
    <ele>200.0</ele>
    <time>2024-03-15T16:12:07Z</time>
   </trkpt>
   <trkpt lat="45.8738200" lon="15.2408720">
    <ele>200.0</ele>
    <time>2024-03-15T16:12:08Z</time>
   </trkpt>
   <trkpt lat="45.8738040" lon="15.2408690">
    <ele>200.0</ele>
    <time>2024-03-15T16:12:09Z</time>
   </trkpt>
   <trkpt lat="45.8737880" lon="15.2408660">
    <ele>200.0</ele>
    <time>2024-03-15T16:12:10Z</time>
   </trkpt>
   <trkpt lat="45.8737720" lon="15.2408630">
    <ele>200.0</ele>
    <time>2024-03-15T16:12:11Z</time>
   </trkpt>
   <trkpt lat="45.8737570" lon="15.2408610">
    <ele>201.0</ele>
    <time>2024-03-15T16:12:12Z</time>
   </trkpt>
   <trkpt lat="45.8737410" lon="15.2408590">
    <ele>201.0</ele>
    <time>2024-03-15T16:12:13Z</time>
   </trkpt>
   <trkpt lat="45.8737250" lon="15.2408580">
    <ele>201.0</ele>
    <time>2024-03-15T16:12:14Z</time>
   </trkpt>
   <trkpt lat="45.8737090" lon="15.2408600">
    <ele>201.0</ele>
    <time>2024-03-15T16:12:15Z</time>
   </trkpt>
   <trkpt lat="45.8736930" lon="15.2408620">
    <ele>201.0</ele>
    <time>2024-03-15T16:12:16Z</time>
   </trkpt>
   <trkpt lat="45.8736780" lon="15.2408650">
    <ele>201.0</ele>
    <time>2024-03-15T16:12:17Z</time>
   </trkpt>
   <trkpt lat="45.8736620" lon="15.2408680">
    <ele>201.0</ele>
    <time>2024-03-15T16:12:18Z</time>
   </trkpt>
   <trkpt lat="45.8736470" lon="15.2408720">
    <ele>201.0</ele>
    <time>2024-03-15T16:12:19Z</time>
   </trkpt>
   <trkpt lat="45.8736320" lon="15.2408760">
    <ele>201.0</ele>
    <time>2024-03-15T16:12:20Z</time>
   </trkpt>
   <trkpt lat="45.8736170" lon="15.2408810">
    <ele>201.0</ele>
    <time>2024-03-15T16:12:21Z</time>
   </trkpt>
   <trkpt lat="45.8736020" lon="15.2408870">
    <ele>202.0</ele>
    <time>2024-03-15T16:12:22Z</time>
   </trkpt>
   <trkpt lat="45.8735880" lon="15.2408940">
    <ele>202.0</ele>
    <time>2024-03-15T16:12:23Z</time>
   </trkpt>
   <trkpt lat="45.8735740" lon="15.2409010">
    <ele>202.0</ele>
    <time>2024-03-15T16:12:24Z</time>
   </trkpt>
   <trkpt lat="45.8735600" lon="15.2409090">
    <ele>202.0</ele>
    <time>2024-03-15T16:12:25Z</time>
   </trkpt>
   <trkpt lat="45.8735460" lon="15.2409170">
    <ele>202.0</ele>
    <time>2024-03-15T16:12:26Z</time>
   </trkpt>
   <trkpt lat="45.8735310" lon="15.2409240">
    <ele>202.0</ele>
    <time>2024-03-15T16:12:27Z</time>
   </trkpt>
   <trkpt lat="45.8735170" lon="15.2409320">
    <ele>202.0</ele>
    <time>2024-03-15T16:12:28Z</time>
   </trkpt>
   <trkpt lat="45.8735030" lon="15.2409400">
    <ele>202.0</ele>
    <time>2024-03-15T16:12:29Z</time>
   </trkpt>
   <trkpt lat="45.8734890" lon="15.2409480">
    <ele>202.0</ele>
    <time>2024-03-15T16:12:30Z</time>
   </trkpt>
   <trkpt lat="45.8734750" lon="15.2409560">
    <ele>202.0</ele>
    <time>2024-03-15T16:12:31Z</time>
   </trkpt>
   <trkpt lat="45.8734610" lon="15.2409640">
    <ele>203.0</ele>
    <time>2024-03-15T16:12:32Z</time>
   </trkpt>
   <trkpt lat="45.8734470" lon="15.2409730">
    <ele>203.0</ele>
    <time>2024-03-15T16:12:33Z</time>
   </trkpt>
   <trkpt lat="45.8734330" lon="15.2409830">
    <ele>203.0</ele>
    <time>2024-03-15T16:12:34Z</time>
   </trkpt>
   <trkpt lat="45.8734190" lon="15.2409930">
    <ele>203.0</ele>
    <time>2024-03-15T16:12:35Z</time>
   </trkpt>
   <trkpt lat="45.8734050" lon="15.2410040">
    <ele>203.0</ele>
    <time>2024-03-15T16:12:36Z</time>
   </trkpt>
   <trkpt lat="45.8733920" lon="15.2410150">
    <ele>203.0</ele>
    <time>2024-03-15T16:12:37Z</time>
   </trkpt>
   <trkpt lat="45.8733780" lon="15.2410260">
    <ele>203.0</ele>
    <time>2024-03-15T16:12:38Z</time>
   </trkpt>
   <trkpt lat="45.8733630" lon="15.2410360">
    <ele>203.0</ele>
    <time>2024-03-15T16:12:39Z</time>
   </trkpt>
   <trkpt lat="45.8733480" lon="15.2410470">
    <ele>203.0</ele>
    <time>2024-03-15T16:12:40Z</time>
   </trkpt>
   <trkpt lat="45.8733320" lon="15.2410570">
    <ele>203.0</ele>
    <time>2024-03-15T16:12:41Z</time>
   </trkpt>
   <trkpt lat="45.8733160" lon="15.2410670">
    <ele>203.0</ele>
    <time>2024-03-15T16:12:42Z</time>
   </trkpt>
   <trkpt lat="45.8733000" lon="15.2410760">
    <ele>203.0</ele>
    <time>2024-03-15T16:12:43Z</time>
   </trkpt>
   <trkpt lat="45.8732840" lon="15.2410860">
    <ele>203.0</ele>
    <time>2024-03-15T16:12:44Z</time>
   </trkpt>
   <trkpt lat="45.8732670" lon="15.2410950">
    <ele>203.0</ele>
    <time>2024-03-15T16:12:45Z</time>
   </trkpt>
   <trkpt lat="45.8732510" lon="15.2411040">
    <ele>203.0</ele>
    <time>2024-03-15T16:12:46Z</time>
   </trkpt>
   <trkpt lat="45.8732350" lon="15.2411120">
    <ele>204.0</ele>
    <time>2024-03-15T16:12:47Z</time>
   </trkpt>
   <trkpt lat="45.8732190" lon="15.2411200">
    <ele>204.0</ele>
    <time>2024-03-15T16:12:48Z</time>
   </trkpt>
   <trkpt lat="45.8732030" lon="15.2411280">
    <ele>204.0</ele>
    <time>2024-03-15T16:12:49Z</time>
   </trkpt>
   <trkpt lat="45.8731880" lon="15.2411350">
    <ele>204.0</ele>
    <time>2024-03-15T16:12:50Z</time>
   </trkpt>
   <trkpt lat="45.8731700" lon="15.2411430">
    <ele>204.0</ele>
    <time>2024-03-15T16:12:51Z</time>
   </trkpt>
   <trkpt lat="45.8731530" lon="15.2411510">
    <ele>204.0</ele>
    <time>2024-03-15T16:12:52Z</time>
   </trkpt>
   <trkpt lat="45.8731320" lon="15.2411580">
    <ele>204.0</ele>
    <time>2024-03-15T16:12:53Z</time>
   </trkpt>
   <trkpt lat="45.8731110" lon="15.2411660">
    <ele>204.0</ele>
    <time>2024-03-15T16:12:54Z</time>
   </trkpt>
   <trkpt lat="45.8730850" lon="15.2411720">
    <ele>204.0</ele>
    <time>2024-03-15T16:12:55Z</time>
   </trkpt>
   <trkpt lat="45.8730580" lon="15.2411790">
    <ele>204.0</ele>
    <time>2024-03-15T16:12:56Z</time>
   </trkpt>
   <trkpt lat="45.8730280" lon="15.2411850">
    <ele>204.0</ele>
    <time>2024-03-15T16:12:57Z</time>
   </trkpt>
   <trkpt lat="45.8729980" lon="15.2411910">
    <ele>204.0</ele>
    <time>2024-03-15T16:12:58Z</time>
   </trkpt>
   <trkpt lat="45.8729650" lon="15.2411930">
    <ele>204.0</ele>
    <time>2024-03-15T16:12:59Z</time>
   </trkpt>
   <trkpt lat="45.8729330" lon="15.2411960">
    <ele>204.0</ele>
    <time>2024-03-15T16:13:00Z</time>
   </trkpt>
   <trkpt lat="45.8729000" lon="15.2411990">
    <ele>204.0</ele>
    <time>2024-03-15T16:13:01Z</time>
   </trkpt>
   <trkpt lat="45.8728670" lon="15.2412020">
    <ele>204.0</ele>
    <time>2024-03-15T16:13:02Z</time>
   </trkpt>
   <trkpt lat="45.8728330" lon="15.2412100">
    <ele>204.0</ele>
    <time>2024-03-15T16:13:03Z</time>
   </trkpt>
   <trkpt lat="45.8727990" lon="15.2412180">
    <ele>204.0</ele>
    <time>2024-03-15T16:13:04Z</time>
   </trkpt>
   <trkpt lat="45.8727670" lon="15.2412330">
    <ele>204.0</ele>
    <time>2024-03-15T16:13:05Z</time>
   </trkpt>
   <trkpt lat="45.8727340" lon="15.2412490">
    <ele>204.0</ele>
    <time>2024-03-15T16:13:06Z</time>
   </trkpt>
   <trkpt lat="45.8727050" lon="15.2412720">
    <ele>204.0</ele>
    <time>2024-03-15T16:13:07Z</time>
   </trkpt>
   <trkpt lat="45.8726760" lon="15.2412950">
    <ele>203.0</ele>
    <time>2024-03-15T16:13:08Z</time>
   </trkpt>
   <trkpt lat="45.8726490" lon="15.2413230">
    <ele>203.0</ele>
    <time>2024-03-15T16:13:09Z</time>
   </trkpt>
   <trkpt lat="45.8726220" lon="15.2413510">
    <ele>203.0</ele>
    <time>2024-03-15T16:13:10Z</time>
   </trkpt>
   <trkpt lat="45.8725970" lon="15.2413810">
    <ele>203.0</ele>
    <time>2024-03-15T16:13:11Z</time>
   </trkpt>
   <trkpt lat="45.8725720" lon="15.2414110">
    <ele>203.0</ele>
    <time>2024-03-15T16:13:12Z</time>
   </trkpt>
   <trkpt lat="45.8725470" lon="15.2414410">
    <ele>202.0</ele>
    <time>2024-03-15T16:13:13Z</time>
   </trkpt>
   <trkpt lat="45.8725230" lon="15.2414710">
    <ele>202.0</ele>
    <time>2024-03-15T16:13:14Z</time>
   </trkpt>
   <trkpt lat="45.8724970" lon="15.2415020">
    <ele>202.0</ele>
    <time>2024-03-15T16:13:15Z</time>
   </trkpt>
   <trkpt lat="45.8724710" lon="15.2415340">
    <ele>202.0</ele>
    <time>2024-03-15T16:13:16Z</time>
   </trkpt>
   <trkpt lat="45.8724450" lon="15.2415660">
    <ele>202.0</ele>
    <time>2024-03-15T16:13:17Z</time>
   </trkpt>
   <trkpt lat="45.8724200" lon="15.2415990">
    <ele>201.0</ele>
    <time>2024-03-15T16:13:18Z</time>
   </trkpt>
   <trkpt lat="45.8723930" lon="15.2416290">
    <ele>201.0</ele>
    <time>2024-03-15T16:13:19Z</time>
   </trkpt>
   <trkpt lat="45.8723650" lon="15.2416580">
    <ele>201.0</ele>
    <time>2024-03-15T16:13:20Z</time>
   </trkpt>
   <trkpt lat="45.8723350" lon="15.2416760">
    <ele>201.0</ele>
    <time>2024-03-15T16:13:21Z</time>
   </trkpt>
   <trkpt lat="45.8723050" lon="15.2416930">
    <ele>201.0</ele>
    <time>2024-03-15T16:13:22Z</time>
   </trkpt>
   <trkpt lat="45.8722750" lon="15.2416910">
    <ele>200.0</ele>
    <time>2024-03-15T16:13:23Z</time>
   </trkpt>
   <trkpt lat="45.8722450" lon="15.2416900">
    <ele>200.0</ele>
    <time>2024-03-15T16:13:24Z</time>
   </trkpt>
   <trkpt lat="45.8722170" lon="15.2416720">
    <ele>200.0</ele>
    <time>2024-03-15T16:13:25Z</time>
   </trkpt>
   <trkpt lat="45.8721890" lon="15.2416550">
    <ele>200.0</ele>
    <time>2024-03-15T16:13:26Z</time>
   </trkpt>
   <trkpt lat="45.8721630" lon="15.2416270">
    <ele>200.0</ele>
    <time>2024-03-15T16:13:27Z</time>
   </trkpt>
   <trkpt lat="45.8721370" lon="15.2416000">
    <ele>199.0</ele>
    <time>2024-03-15T16:13:28Z</time>
   </trkpt>
   <trkpt lat="45.8721120" lon="15.2415660">
    <ele>199.0</ele>
    <time>2024-03-15T16:13:29Z</time>
   </trkpt>
   <trkpt lat="45.8720880" lon="15.2415330">
    <ele>199.0</ele>
    <time>2024-03-15T16:13:30Z</time>
   </trkpt>
   <trkpt lat="45.8720640" lon="15.2414970">
    <ele>199.0</ele>
    <time>2024-03-15T16:13:31Z</time>
   </trkpt>
   <trkpt lat="45.8720410" lon="15.2414610">
    <ele>199.0</ele>
    <time>2024-03-15T16:13:32Z</time>
   </trkpt>
   <trkpt lat="45.8720190" lon="15.2414280">
    <ele>198.0</ele>
    <time>2024-03-15T16:13:33Z</time>
   </trkpt>
   <trkpt lat="45.8719960" lon="15.2413950">
    <ele>198.0</ele>
    <time>2024-03-15T16:13:34Z</time>
   </trkpt>
   <trkpt lat="45.8719720" lon="15.2413630">
    <ele>198.0</ele>
    <time>2024-03-15T16:13:35Z</time>
   </trkpt>
   <trkpt lat="45.8719490" lon="15.2413310">
    <ele>198.0</ele>
    <time>2024-03-15T16:13:36Z</time>
   </trkpt>
   <trkpt lat="45.8719270" lon="15.2413010">
    <ele>198.0</ele>
    <time>2024-03-15T16:13:37Z</time>
   </trkpt>
   <trkpt lat="45.8719050" lon="15.2412710">
    <ele>197.0</ele>
    <time>2024-03-15T16:13:38Z</time>
   </trkpt>
   <trkpt lat="45.8718820" lon="15.2412400">
    <ele>197.0</ele>
    <time>2024-03-15T16:13:39Z</time>
   </trkpt>
   <trkpt lat="45.8718590" lon="15.2412100">
    <ele>197.0</ele>
    <time>2024-03-15T16:13:40Z</time>
   </trkpt>
   <trkpt lat="45.8718350" lon="15.2411800">
    <ele>197.0</ele>
    <time>2024-03-15T16:13:41Z</time>
   </trkpt>
   <trkpt lat="45.8718110" lon="15.2411500">
    <ele>197.0</ele>
    <time>2024-03-15T16:13:42Z</time>
   </trkpt>
   <trkpt lat="45.8717850" lon="15.2411170">
    <ele>196.0</ele>
    <time>2024-03-15T16:13:43Z</time>
   </trkpt>
   <trkpt lat="45.8717590" lon="15.2410840">
    <ele>196.0</ele>
    <time>2024-03-15T16:13:44Z</time>
   </trkpt>
   <trkpt lat="45.8717330" lon="15.2410490">
    <ele>195.0</ele>
    <time>2024-03-15T16:13:45Z</time>
   </trkpt>
   <trkpt lat="45.8717070" lon="15.2410150">
    <ele>195.0</ele>
    <time>2024-03-15T16:13:46Z</time>
   </trkpt>
   <trkpt lat="45.8716820" lon="15.2409810">
    <ele>195.0</ele>
    <time>2024-03-15T16:13:47Z</time>
   </trkpt>
   <trkpt lat="45.8716560" lon="15.2409470">
    <ele>194.0</ele>
    <time>2024-03-15T16:13:48Z</time>
   </trkpt>
   <trkpt lat="45.8716310" lon="15.2409140">
    <ele>194.0</ele>
    <time>2024-03-15T16:13:49Z</time>
   </trkpt>
   <trkpt lat="45.8716060" lon="15.2408800">
    <ele>193.0</ele>
    <time>2024-03-15T16:13:50Z</time>
   </trkpt>
   <trkpt lat="45.8715800" lon="15.2408470">
    <ele>193.0</ele>
    <time>2024-03-15T16:13:51Z</time>
   </trkpt>
   <trkpt lat="45.8715540" lon="15.2408130">
    <ele>193.0</ele>
    <time>2024-03-15T16:13:52Z</time>
   </trkpt>
   <trkpt lat="45.8715270" lon="15.2407800">
    <ele>192.0</ele>
    <time>2024-03-15T16:13:53Z</time>
   </trkpt>
   <trkpt lat="45.8715010" lon="15.2407460">
    <ele>192.0</ele>
    <time>2024-03-15T16:13:54Z</time>
   </trkpt>
   <trkpt lat="45.8714750" lon="15.2407150">
    <ele>191.0</ele>
    <time>2024-03-15T16:13:55Z</time>
   </trkpt>
   <trkpt lat="45.8714490" lon="15.2406840">
    <ele>191.0</ele>
    <time>2024-03-15T16:13:56Z</time>
   </trkpt>
   <trkpt lat="45.8714240" lon="15.2406530">
    <ele>191.0</ele>
    <time>2024-03-15T16:13:57Z</time>
   </trkpt>
   <trkpt lat="45.8713980" lon="15.2406230">
    <ele>190.0</ele>
    <time>2024-03-15T16:13:58Z</time>
   </trkpt>
   <trkpt lat="45.8713720" lon="15.2405940">
    <ele>190.0</ele>
    <time>2024-03-15T16:13:59Z</time>
   </trkpt>
   <trkpt lat="45.8713460" lon="15.2405640">
    <ele>190.0</ele>
    <time>2024-03-15T16:14:00Z</time>
   </trkpt>
   <trkpt lat="45.8713190" lon="15.2405340">
    <ele>190.0</ele>
    <time>2024-03-15T16:14:01Z</time>
   </trkpt>
   <trkpt lat="45.8712920" lon="15.2405040">
    <ele>190.0</ele>
    <time>2024-03-15T16:14:02Z</time>
   </trkpt>
   <trkpt lat="45.8712660" lon="15.2404730">
    <ele>189.0</ele>
    <time>2024-03-15T16:14:03Z</time>
   </trkpt>
   <trkpt lat="45.8712400" lon="15.2404410">
    <ele>189.0</ele>
    <time>2024-03-15T16:14:04Z</time>
   </trkpt>
   <trkpt lat="45.8712140" lon="15.2404080">
    <ele>188.0</ele>
    <time>2024-03-15T16:14:05Z</time>
   </trkpt>
   <trkpt lat="45.8711890" lon="15.2403750">
    <ele>188.0</ele>
    <time>2024-03-15T16:14:06Z</time>
   </trkpt>
   <trkpt lat="45.8711650" lon="15.2403400">
    <ele>188.0</ele>
    <time>2024-03-15T16:14:07Z</time>
   </trkpt>
   <trkpt lat="45.8711420" lon="15.2403040">
    <ele>187.0</ele>
    <time>2024-03-15T16:14:08Z</time>
   </trkpt>
   <trkpt lat="45.8711190" lon="15.2402680">
    <ele>187.0</ele>
    <time>2024-03-15T16:14:09Z</time>
   </trkpt>
   <trkpt lat="45.8710970" lon="15.2402300">
    <ele>187.0</ele>
    <time>2024-03-15T16:14:10Z</time>
   </trkpt>
   <trkpt lat="45.8710750" lon="15.2401920">
    <ele>187.0</ele>
    <time>2024-03-15T16:14:11Z</time>
   </trkpt>
   <trkpt lat="45.8710530" lon="15.2401540">
    <ele>187.0</ele>
    <time>2024-03-15T16:14:12Z</time>
   </trkpt>
   <trkpt lat="45.8710310" lon="15.2401120">
    <ele>186.0</ele>
    <time>2024-03-15T16:14:13Z</time>
   </trkpt>
   <trkpt lat="45.8710100" lon="15.2400700">
    <ele>186.0</ele>
    <time>2024-03-15T16:14:14Z</time>
   </trkpt>
   <trkpt lat="45.8709860" lon="15.2400280">
    <ele>186.0</ele>
    <time>2024-03-15T16:14:15Z</time>
   </trkpt>
   <trkpt lat="45.8709630" lon="15.2399860">
    <ele>186.0</ele>
    <time>2024-03-15T16:14:16Z</time>
   </trkpt>
   <trkpt lat="45.8709390" lon="15.2399460">
    <ele>186.0</ele>
    <time>2024-03-15T16:14:17Z</time>
   </trkpt>
   <trkpt lat="45.8709150" lon="15.2399070">
    <ele>185.0</ele>
    <time>2024-03-15T16:14:18Z</time>
   </trkpt>
   <trkpt lat="45.8708900" lon="15.2398690">
    <ele>185.0</ele>
    <time>2024-03-15T16:14:19Z</time>
   </trkpt>
   <trkpt lat="45.8708650" lon="15.2398320">
    <ele>185.0</ele>
    <time>2024-03-15T16:14:20Z</time>
   </trkpt>
   <trkpt lat="45.8708400" lon="15.2397970">
    <ele>185.0</ele>
    <time>2024-03-15T16:14:21Z</time>
   </trkpt>
   <trkpt lat="45.8708160" lon="15.2397620">
    <ele>185.0</ele>
    <time>2024-03-15T16:14:22Z</time>
   </trkpt>
   <trkpt lat="45.8707920" lon="15.2397270">
    <ele>184.0</ele>
    <time>2024-03-15T16:14:23Z</time>
   </trkpt>
   <trkpt lat="45.8707680" lon="15.2396920">
    <ele>184.0</ele>
    <time>2024-03-15T16:14:24Z</time>
   </trkpt>
   <trkpt lat="45.8707440" lon="15.2396570">
    <ele>183.0</ele>
    <time>2024-03-15T16:14:25Z</time>
   </trkpt>
   <trkpt lat="45.8707210" lon="15.2396210">
    <ele>183.0</ele>
    <time>2024-03-15T16:14:26Z</time>
   </trkpt>
   <trkpt lat="45.8706960" lon="15.2395860">
    <ele>183.0</ele>
    <time>2024-03-15T16:14:27Z</time>
   </trkpt>
   <trkpt lat="45.8706710" lon="15.2395500">
    <ele>183.0</ele>
    <time>2024-03-15T16:14:28Z</time>
   </trkpt>
   <trkpt lat="45.8706450" lon="15.2395170">
    <ele>183.0</ele>
    <time>2024-03-15T16:14:29Z</time>
   </trkpt>
   <trkpt lat="45.8706190" lon="15.2394830">
    <ele>183.0</ele>
    <time>2024-03-15T16:14:30Z</time>
   </trkpt>
   <trkpt lat="45.8705940" lon="15.2394540">
    <ele>183.0</ele>
    <time>2024-03-15T16:14:31Z</time>
   </trkpt>
   <trkpt lat="45.8705680" lon="15.2394240">
    <ele>183.0</ele>
    <time>2024-03-15T16:14:32Z</time>
   </trkpt>
   <trkpt lat="45.8705430" lon="15.2393950">
    <ele>182.0</ele>
    <time>2024-03-15T16:14:33Z</time>
   </trkpt>
   <trkpt lat="45.8705170" lon="15.2393660">
    <ele>182.0</ele>
    <time>2024-03-15T16:14:34Z</time>
   </trkpt>
   <trkpt lat="45.8704910" lon="15.2393380">
    <ele>182.0</ele>
    <time>2024-03-15T16:14:35Z</time>
   </trkpt>
   <trkpt lat="45.8704650" lon="15.2393100">
    <ele>182.0</ele>
    <time>2024-03-15T16:14:36Z</time>
   </trkpt>
   <trkpt lat="45.8704370" lon="15.2392860">
    <ele>182.0</ele>
    <time>2024-03-15T16:14:37Z</time>
   </trkpt>
   <trkpt lat="45.8704090" lon="15.2392630">
    <ele>182.0</ele>
    <time>2024-03-15T16:14:38Z</time>
   </trkpt>
   <trkpt lat="45.8703780" lon="15.2392480">
    <ele>182.0</ele>
    <time>2024-03-15T16:14:39Z</time>
   </trkpt>
   <trkpt lat="45.8703460" lon="15.2392330">
    <ele>182.0</ele>
    <time>2024-03-15T16:14:40Z</time>
   </trkpt>
   <trkpt lat="45.8703130" lon="15.2392270">
    <ele>182.0</ele>
    <time>2024-03-15T16:14:41Z</time>
   </trkpt>
   <trkpt lat="45.8702810" lon="15.2392200">
    <ele>182.0</ele>
    <time>2024-03-15T16:14:42Z</time>
   </trkpt>
   <trkpt lat="45.8702470" lon="15.2392180">
    <ele>181.0</ele>
    <time>2024-03-15T16:14:43Z</time>
   </trkpt>
   <trkpt lat="45.8702130" lon="15.2392160">
    <ele>181.0</ele>
    <time>2024-03-15T16:14:44Z</time>
   </trkpt>
   <trkpt lat="45.8701800" lon="15.2392150">
    <ele>181.0</ele>
    <time>2024-03-15T16:14:45Z</time>
   </trkpt>
   <trkpt lat="45.8701460" lon="15.2392140">
    <ele>181.0</ele>
    <time>2024-03-15T16:14:46Z</time>
   </trkpt>
   <trkpt lat="45.8701120" lon="15.2392120">
    <ele>181.0</ele>
    <time>2024-03-15T16:14:47Z</time>
   </trkpt>
   <trkpt lat="45.8700780" lon="15.2392090">
    <ele>180.0</ele>
    <time>2024-03-15T16:14:48Z</time>
   </trkpt>
   <trkpt lat="45.8700450" lon="15.2392080">
    <ele>180.0</ele>
    <time>2024-03-15T16:14:49Z</time>
   </trkpt>
   <trkpt lat="45.8700120" lon="15.2392070">
    <ele>180.0</ele>
    <time>2024-03-15T16:14:50Z</time>
   </trkpt>
   <trkpt lat="45.8699770" lon="15.2392070">
    <ele>180.0</ele>
    <time>2024-03-15T16:14:51Z</time>
   </trkpt>
   <trkpt lat="45.8699430" lon="15.2392070">
    <ele>180.0</ele>
    <time>2024-03-15T16:14:52Z</time>
   </trkpt>
   <trkpt lat="45.8699090" lon="15.2392080">
    <ele>179.0</ele>
    <time>2024-03-15T16:14:53Z</time>
   </trkpt>
   <trkpt lat="45.8698750" lon="15.2392100">
    <ele>179.0</ele>
    <time>2024-03-15T16:14:54Z</time>
   </trkpt>
   <trkpt lat="45.8698400" lon="15.2392130">
    <ele>179.0</ele>
    <time>2024-03-15T16:14:55Z</time>
   </trkpt>
   <trkpt lat="45.8698050" lon="15.2392160">
    <ele>179.0</ele>
    <time>2024-03-15T16:14:56Z</time>
   </trkpt>
   <trkpt lat="45.8697700" lon="15.2392200">
    <ele>179.0</ele>
    <time>2024-03-15T16:14:57Z</time>
   </trkpt>
   <trkpt lat="45.8697350" lon="15.2392230">
    <ele>179.0</ele>
    <time>2024-03-15T16:14:58Z</time>
   </trkpt>
   <trkpt lat="45.8697000" lon="15.2392270">
    <ele>179.0</ele>
    <time>2024-03-15T16:14:59Z</time>
   </trkpt>
   <trkpt lat="45.8696660" lon="15.2392310">
    <ele>179.0</ele>
    <time>2024-03-15T16:15:00Z</time>
   </trkpt>
   <trkpt lat="45.8696310" lon="15.2392360">
    <ele>179.0</ele>
    <time>2024-03-15T16:15:01Z</time>
   </trkpt>
   <trkpt lat="45.8695970" lon="15.2392400">
    <ele>179.0</ele>
    <time>2024-03-15T16:15:02Z</time>
   </trkpt>
   <trkpt lat="45.8695630" lon="15.2392450">
    <ele>178.0</ele>
    <time>2024-03-15T16:15:03Z</time>
   </trkpt>
   <trkpt lat="45.8695290" lon="15.2392490">
    <ele>178.0</ele>
    <time>2024-03-15T16:15:04Z</time>
   </trkpt>
   <trkpt lat="45.8694960" lon="15.2392520">
    <ele>178.0</ele>
    <time>2024-03-15T16:15:05Z</time>
   </trkpt>
   <trkpt lat="45.8694630" lon="15.2392560">
    <ele>178.0</ele>
    <time>2024-03-15T16:15:06Z</time>
   </trkpt>
   <trkpt lat="45.8694310" lon="15.2392610">
    <ele>178.0</ele>
    <time>2024-03-15T16:15:07Z</time>
   </trkpt>
   <trkpt lat="45.8694000" lon="15.2392660">
    <ele>178.0</ele>
    <time>2024-03-15T16:15:08Z</time>
   </trkpt>
   <trkpt lat="45.8693680" lon="15.2392730">
    <ele>178.0</ele>
    <time>2024-03-15T16:15:09Z</time>
   </trkpt>
   <trkpt lat="45.8693360" lon="15.2392790">
    <ele>178.0</ele>
    <time>2024-03-15T16:15:10Z</time>
   </trkpt>
   <trkpt lat="45.8693050" lon="15.2392860">
    <ele>178.0</ele>
    <time>2024-03-15T16:15:11Z</time>
   </trkpt>
   <trkpt lat="45.8692740" lon="15.2392930">
    <ele>178.0</ele>
    <time>2024-03-15T16:15:12Z</time>
   </trkpt>
   <trkpt lat="45.8692430" lon="15.2393010">
    <ele>177.0</ele>
    <time>2024-03-15T16:15:13Z</time>
   </trkpt>
   <trkpt lat="45.8692130" lon="15.2393090">
    <ele>177.0</ele>
    <time>2024-03-15T16:15:14Z</time>
   </trkpt>
   <trkpt lat="45.8691820" lon="15.2393190">
    <ele>177.0</ele>
    <time>2024-03-15T16:15:15Z</time>
   </trkpt>
   <trkpt lat="45.8691510" lon="15.2393280">
    <ele>177.0</ele>
    <time>2024-03-15T16:15:16Z</time>
   </trkpt>
   <trkpt lat="45.8691200" lon="15.2393370">
    <ele>177.0</ele>
    <time>2024-03-15T16:15:17Z</time>
   </trkpt>
   <trkpt lat="45.8690890" lon="15.2393470">
    <ele>177.0</ele>
    <time>2024-03-15T16:15:18Z</time>
   </trkpt>
   <trkpt lat="45.8690580" lon="15.2393490">
    <ele>177.0</ele>
    <time>2024-03-15T16:15:19Z</time>
   </trkpt>
   <trkpt lat="45.8690270" lon="15.2393520">
    <ele>177.0</ele>
    <time>2024-03-15T16:15:20Z</time>
   </trkpt>
   <trkpt lat="45.8690000" lon="15.2393400">
    <ele>177.0</ele>
    <time>2024-03-15T16:15:21Z</time>
   </trkpt>
   <trkpt lat="45.8689720" lon="15.2393280">
    <ele>177.0</ele>
    <time>2024-03-15T16:15:22Z</time>
   </trkpt>
   <trkpt lat="45.8689490" lon="15.2393010">
    <ele>177.0</ele>
    <time>2024-03-15T16:15:23Z</time>
   </trkpt>
   <trkpt lat="45.8689250" lon="15.2392740">
    <ele>177.0</ele>
    <time>2024-03-15T16:15:24Z</time>
   </trkpt>
   <trkpt lat="45.8689080" lon="15.2392370">
    <ele>177.0</ele>
    <time>2024-03-15T16:15:25Z</time>
   </trkpt>
   <trkpt lat="45.8688910" lon="15.2392010">
    <ele>177.0</ele>
    <time>2024-03-15T16:15:26Z</time>
   </trkpt>
   <trkpt lat="45.8688810" lon="15.2391600">
    <ele>177.0</ele>
    <time>2024-03-15T16:15:27Z</time>
   </trkpt>
   <trkpt lat="45.8688710" lon="15.2391180">
    <ele>176.0</ele>
    <time>2024-03-15T16:15:28Z</time>
   </trkpt>
   <trkpt lat="45.8688670" lon="15.2390770">
    <ele>176.0</ele>
    <time>2024-03-15T16:15:29Z</time>
   </trkpt>
   <trkpt lat="45.8688630" lon="15.2390350">
    <ele>176.0</ele>
    <time>2024-03-15T16:15:30Z</time>
   </trkpt>
   <trkpt lat="45.8688640" lon="15.2389940">
    <ele>176.0</ele>
    <time>2024-03-15T16:15:31Z</time>
   </trkpt>
   <trkpt lat="45.8688650" lon="15.2389530">
    <ele>176.0</ele>
    <time>2024-03-15T16:15:32Z</time>
   </trkpt>
   <trkpt lat="45.8688660" lon="15.2389140">
    <ele>176.0</ele>
    <time>2024-03-15T16:15:33Z</time>
   </trkpt>
   <trkpt lat="45.8688670" lon="15.2388740">
    <ele>176.0</ele>
    <time>2024-03-15T16:15:34Z</time>
   </trkpt>
   <trkpt lat="45.8688660" lon="15.2388350">
    <ele>176.0</ele>
    <time>2024-03-15T16:15:35Z</time>
   </trkpt>
   <trkpt lat="45.8688660" lon="15.2387960">
    <ele>176.0</ele>
    <time>2024-03-15T16:15:36Z</time>
   </trkpt>
   <trkpt lat="45.8688590" lon="15.2387610">
    <ele>176.0</ele>
    <time>2024-03-15T16:15:37Z</time>
   </trkpt>
   <trkpt lat="45.8688530" lon="15.2387250">
    <ele>175.0</ele>
    <time>2024-03-15T16:15:38Z</time>
   </trkpt>
   <trkpt lat="45.8688400" lon="15.2387020">
    <ele>175.0</ele>
    <time>2024-03-15T16:15:39Z</time>
   </trkpt>
   <trkpt lat="45.8688260" lon="15.2386790">
    <ele>175.0</ele>
    <time>2024-03-15T16:15:40Z</time>
   </trkpt>
   <trkpt lat="45.8688080" lon="15.2386710">
    <ele>175.0</ele>
    <time>2024-03-15T16:15:41Z</time>
   </trkpt>
   <trkpt lat="45.8687900" lon="15.2386630">
    <ele>175.0</ele>
    <time>2024-03-15T16:15:42Z</time>
   </trkpt>
   <trkpt lat="45.8687700" lon="15.2386650">
    <ele>175.0</ele>
    <time>2024-03-15T16:15:43Z</time>
   </trkpt>
   <trkpt lat="45.8687510" lon="15.2386680">
    <ele>175.0</ele>
    <time>2024-03-15T16:15:44Z</time>
   </trkpt>
   <trkpt lat="45.8687310" lon="15.2386780">
    <ele>175.0</ele>
    <time>2024-03-15T16:15:45Z</time>
   </trkpt>
   <trkpt lat="45.8687120" lon="15.2386890">
    <ele>175.0</ele>
    <time>2024-03-15T16:15:46Z</time>
   </trkpt>
   <trkpt lat="45.8686930" lon="15.2387040">
    <ele>176.0</ele>
    <time>2024-03-15T16:15:47Z</time>
   </trkpt>
   <trkpt lat="45.8686750" lon="15.2387190">
    <ele>176.0</ele>
    <time>2024-03-15T16:15:48Z</time>
   </trkpt>
   <trkpt lat="45.8686570" lon="15.2387320">
    <ele>176.0</ele>
    <time>2024-03-15T16:15:49Z</time>
   </trkpt>
   <trkpt lat="45.8686400" lon="15.2387450">
    <ele>176.0</ele>
    <time>2024-03-15T16:15:50Z</time>
   </trkpt>
   <trkpt lat="45.8686220" lon="15.2387550">
    <ele>176.0</ele>
    <time>2024-03-15T16:15:51Z</time>
   </trkpt>
   <trkpt lat="45.8686050" lon="15.2387650">
    <ele>176.0</ele>
    <time>2024-03-15T16:15:52Z</time>
   </trkpt>
   <trkpt lat="45.8685870" lon="15.2387790">
    <ele>176.0</ele>
    <time>2024-03-15T16:15:53Z</time>
   </trkpt>
   <trkpt lat="45.8685680" lon="15.2387940">
    <ele>176.0</ele>
    <time>2024-03-15T16:15:54Z</time>
   </trkpt>
   <trkpt lat="45.8685500" lon="15.2388160">
    <ele>176.0</ele>
    <time>2024-03-15T16:15:55Z</time>
   </trkpt>
   <trkpt lat="45.8685320" lon="15.2388390">
    <ele>176.0</ele>
    <time>2024-03-15T16:15:56Z</time>
   </trkpt>
   <trkpt lat="45.8685140" lon="15.2388670">
    <ele>177.0</ele>
    <time>2024-03-15T16:15:57Z</time>
   </trkpt>
   <trkpt lat="45.8684960" lon="15.2388960">
    <ele>177.0</ele>
    <time>2024-03-15T16:15:58Z</time>
   </trkpt>
   <trkpt lat="45.8684790" lon="15.2389280">
    <ele>177.0</ele>
    <time>2024-03-15T16:15:59Z</time>
   </trkpt>
   <trkpt lat="45.8684610" lon="15.2389600">
    <ele>177.0</ele>
    <time>2024-03-15T16:16:00Z</time>
   </trkpt>
   <trkpt lat="45.8684460" lon="15.2389890">
    <ele>177.0</ele>
    <time>2024-03-15T16:16:01Z</time>
   </trkpt>
   <trkpt lat="45.8684310" lon="15.2390180">
    <ele>178.0</ele>
    <time>2024-03-15T16:16:02Z</time>
   </trkpt>
   <trkpt lat="45.8684150" lon="15.2390440">
    <ele>178.0</ele>
    <time>2024-03-15T16:16:03Z</time>
   </trkpt>
   <trkpt lat="45.8683990" lon="15.2390690">
    <ele>178.0</ele>
    <time>2024-03-15T16:16:04Z</time>
   </trkpt>
   <trkpt lat="45.8683780" lon="15.2390960">
    <ele>178.0</ele>
    <time>2024-03-15T16:16:05Z</time>
   </trkpt>
   <trkpt lat="45.8683580" lon="15.2391220">
    <ele>178.0</ele>
    <time>2024-03-15T16:16:06Z</time>
   </trkpt>
   <trkpt lat="45.8683340" lon="15.2391500">
    <ele>178.0</ele>
    <time>2024-03-15T16:16:07Z</time>
   </trkpt>
   <trkpt lat="45.8683100" lon="15.2391780">
    <ele>178.0</ele>
    <time>2024-03-15T16:16:08Z</time>
   </trkpt>
   <trkpt lat="45.8682870" lon="15.2392040">
    <ele>178.0</ele>
    <time>2024-03-15T16:16:09Z</time>
   </trkpt>
   <trkpt lat="45.8682650" lon="15.2392300">
    <ele>178.0</ele>
    <time>2024-03-15T16:16:10Z</time>
   </trkpt>
   <trkpt lat="45.8682410" lon="15.2392550">
    <ele>178.0</ele>
    <time>2024-03-15T16:16:11Z</time>
   </trkpt>
   <trkpt lat="45.8682180" lon="15.2392810">
    <ele>179.0</ele>
    <time>2024-03-15T16:16:12Z</time>
   </trkpt>
   <trkpt lat="45.8681970" lon="15.2393050">
    <ele>179.0</ele>
    <time>2024-03-15T16:16:13Z</time>
   </trkpt>
   <trkpt lat="45.8681750" lon="15.2393290">
    <ele>179.0</ele>
    <time>2024-03-15T16:16:14Z</time>
   </trkpt>
   <trkpt lat="45.8681550" lon="15.2393530">
    <ele>179.0</ele>
    <time>2024-03-15T16:16:15Z</time>
   </trkpt>
   <trkpt lat="45.8681350" lon="15.2393760">
    <ele>179.0</ele>
    <time>2024-03-15T16:16:16Z</time>
   </trkpt>
   <trkpt lat="45.8681140" lon="15.2393990">
    <ele>180.0</ele>
    <time>2024-03-15T16:16:17Z</time>
   </trkpt>
   <trkpt lat="45.8680930" lon="15.2394220">
    <ele>180.0</ele>
    <time>2024-03-15T16:16:18Z</time>
   </trkpt>
   <trkpt lat="45.8680680" lon="15.2394470">
    <ele>180.0</ele>
    <time>2024-03-15T16:16:19Z</time>
   </trkpt>
   <trkpt lat="45.8680430" lon="15.2394710">
    <ele>180.0</ele>
    <time>2024-03-15T16:16:20Z</time>
   </trkpt>
   <trkpt lat="45.8680170" lon="15.2394960">
    <ele>180.0</ele>
    <time>2024-03-15T16:16:21Z</time>
   </trkpt>
   <trkpt lat="45.8679910" lon="15.2395220">
    <ele>180.0</ele>
    <time>2024-03-15T16:16:22Z</time>
   </trkpt>
   <trkpt lat="45.8679640" lon="15.2395490">
    <ele>180.0</ele>
    <time>2024-03-15T16:16:23Z</time>
   </trkpt>
   <trkpt lat="45.8679370" lon="15.2395760">
    <ele>180.0</ele>
    <time>2024-03-15T16:16:24Z</time>
   </trkpt>
   <trkpt lat="45.8679090" lon="15.2396060">
    <ele>180.0</ele>
    <time>2024-03-15T16:16:25Z</time>
   </trkpt>
   <trkpt lat="45.8678820" lon="15.2396370">
    <ele>180.0</ele>
    <time>2024-03-15T16:16:26Z</time>
   </trkpt>
   <trkpt lat="45.8678590" lon="15.2396670">
    <ele>180.0</ele>
    <time>2024-03-15T16:16:27Z</time>
   </trkpt>
   <trkpt lat="45.8678360" lon="15.2396970">
    <ele>180.0</ele>
    <time>2024-03-15T16:16:28Z</time>
   </trkpt>
   <trkpt lat="45.8678140" lon="15.2397280">
    <ele>180.0</ele>
    <time>2024-03-15T16:16:29Z</time>
   </trkpt>
   <trkpt lat="45.8677920" lon="15.2397590">
    <ele>180.0</ele>
    <time>2024-03-15T16:16:30Z</time>
   </trkpt>
   <trkpt lat="45.8677710" lon="15.2397890">
    <ele>180.0</ele>
    <time>2024-03-15T16:16:31Z</time>
   </trkpt>
   <trkpt lat="45.8677500" lon="15.2398200">
    <ele>181.0</ele>
    <time>2024-03-15T16:16:32Z</time>
   </trkpt>
   <trkpt lat="45.8677280" lon="15.2398520">
    <ele>181.0</ele>
    <time>2024-03-15T16:16:33Z</time>
   </trkpt>
   <trkpt lat="45.8677060" lon="15.2398830">
    <ele>181.0</ele>
    <time>2024-03-15T16:16:34Z</time>
   </trkpt>
   <trkpt lat="45.8676800" lon="15.2399130">
    <ele>181.0</ele>
    <time>2024-03-15T16:16:35Z</time>
   </trkpt>
   <trkpt lat="45.8676550" lon="15.2399430">
    <ele>181.0</ele>
    <time>2024-03-15T16:16:36Z</time>
   </trkpt>
   <trkpt lat="45.8676270" lon="15.2399680">
    <ele>181.0</ele>
    <time>2024-03-15T16:16:37Z</time>
   </trkpt>
   <trkpt lat="45.8676000" lon="15.2399920">
    <ele>181.0</ele>
    <time>2024-03-15T16:16:38Z</time>
   </trkpt>
   <trkpt lat="45.8675710" lon="15.2400110">
    <ele>181.0</ele>
    <time>2024-03-15T16:16:39Z</time>
   </trkpt>
   <trkpt lat="45.8675420" lon="15.2400300">
    <ele>181.0</ele>
    <time>2024-03-15T16:16:40Z</time>
   </trkpt>
   <trkpt lat="45.8675150" lon="15.2400410">
    <ele>181.0</ele>
    <time>2024-03-15T16:16:41Z</time>
   </trkpt>
   <trkpt lat="45.8674880" lon="15.2400530">
    <ele>181.0</ele>
    <time>2024-03-15T16:16:42Z</time>
   </trkpt>
   <trkpt lat="45.8674650" lon="15.2400550">
    <ele>181.0</ele>
    <time>2024-03-15T16:16:43Z</time>
   </trkpt>
   <trkpt lat="45.8674420" lon="15.2400570">
    <ele>181.0</ele>
    <time>2024-03-15T16:16:44Z</time>
   </trkpt>
   <trkpt lat="45.8674200" lon="15.2400530">
    <ele>181.0</ele>
    <time>2024-03-15T16:16:45Z</time>
   </trkpt>
   <trkpt lat="45.8673980" lon="15.2400480">
    <ele>181.0</ele>
    <time>2024-03-15T16:16:46Z</time>
   </trkpt>
   <trkpt lat="45.8673750" lon="15.2400370">
    <ele>181.0</ele>
    <time>2024-03-15T16:16:47Z</time>
   </trkpt>
   <trkpt lat="45.8673520" lon="15.2400260">
    <ele>181.0</ele>
    <time>2024-03-15T16:16:48Z</time>
   </trkpt>
   <trkpt lat="45.8673280" lon="15.2400120">
    <ele>181.0</ele>
    <time>2024-03-15T16:16:49Z</time>
   </trkpt>
   <trkpt lat="45.8673040" lon="15.2399980">
    <ele>181.0</ele>
    <time>2024-03-15T16:16:50Z</time>
   </trkpt>
   <trkpt lat="45.8672800" lon="15.2399810">
    <ele>181.0</ele>
    <time>2024-03-15T16:16:51Z</time>
   </trkpt>
   <trkpt lat="45.8672550" lon="15.2399630">
    <ele>181.0</ele>
    <time>2024-03-15T16:16:52Z</time>
   </trkpt>
   <trkpt lat="45.8672300" lon="15.2399450">
    <ele>181.0</ele>
    <time>2024-03-15T16:16:53Z</time>
   </trkpt>
   <trkpt lat="45.8672060" lon="15.2399260">
    <ele>181.0</ele>
    <time>2024-03-15T16:16:54Z</time>
   </trkpt>
   <trkpt lat="45.8671810" lon="15.2399070">
    <ele>181.0</ele>
    <time>2024-03-15T16:16:55Z</time>
   </trkpt>
   <trkpt lat="45.8671560" lon="15.2398880">
    <ele>181.0</ele>
    <time>2024-03-15T16:16:56Z</time>
   </trkpt>
   <trkpt lat="45.8671310" lon="15.2398680">
    <ele>182.0</ele>
    <time>2024-03-15T16:16:57Z</time>
   </trkpt>
   <trkpt lat="45.8671070" lon="15.2398480">
    <ele>182.0</ele>
    <time>2024-03-15T16:16:58Z</time>
   </trkpt>
   <trkpt lat="45.8670840" lon="15.2398260">
    <ele>182.0</ele>
    <time>2024-03-15T16:16:59Z</time>
   </trkpt>
   <trkpt lat="45.8670610" lon="15.2398040">
    <ele>182.0</ele>
    <time>2024-03-15T16:17:00Z</time>
   </trkpt>
   <trkpt lat="45.8670380" lon="15.2397800">
    <ele>182.0</ele>
    <time>2024-03-15T16:17:01Z</time>
   </trkpt>
   <trkpt lat="45.8670150" lon="15.2397560">
    <ele>183.0</ele>
    <time>2024-03-15T16:17:02Z</time>
   </trkpt>
   <trkpt lat="45.8669920" lon="15.2397300">
    <ele>183.0</ele>
    <time>2024-03-15T16:17:03Z</time>
   </trkpt>
   <trkpt lat="45.8669680" lon="15.2397030">
    <ele>183.0</ele>
    <time>2024-03-15T16:17:04Z</time>
   </trkpt>
   <trkpt lat="45.8669430" lon="15.2396760">
    <ele>183.0</ele>
    <time>2024-03-15T16:17:05Z</time>
   </trkpt>
   <trkpt lat="45.8669190" lon="15.2396480">
    <ele>183.0</ele>
    <time>2024-03-15T16:17:06Z</time>
   </trkpt>
   <trkpt lat="45.8668950" lon="15.2396180">
    <ele>184.0</ele>
    <time>2024-03-15T16:17:07Z</time>
   </trkpt>
   <trkpt lat="45.8668710" lon="15.2395890">
    <ele>184.0</ele>
    <time>2024-03-15T16:17:08Z</time>
   </trkpt>
   <trkpt lat="45.8668460" lon="15.2395590">
    <ele>184.0</ele>
    <time>2024-03-15T16:17:09Z</time>
   </trkpt>
   <trkpt lat="45.8668210" lon="15.2395290">
    <ele>184.0</ele>
    <time>2024-03-15T16:17:10Z</time>
   </trkpt>
   <trkpt lat="45.8667960" lon="15.2394970">
    <ele>184.0</ele>
    <time>2024-03-15T16:17:11Z</time>
   </trkpt>
   <trkpt lat="45.8667700" lon="15.2394640">
    <ele>185.0</ele>
    <time>2024-03-15T16:17:12Z</time>
   </trkpt>
   <trkpt lat="45.8667480" lon="15.2394330">
    <ele>185.0</ele>
    <time>2024-03-15T16:17:13Z</time>
   </trkpt>
   <trkpt lat="45.8667250" lon="15.2394020">
    <ele>185.0</ele>
    <time>2024-03-15T16:17:14Z</time>
   </trkpt>
   <trkpt lat="45.8667020" lon="15.2393700">
    <ele>185.0</ele>
    <time>2024-03-15T16:17:15Z</time>
   </trkpt>
   <trkpt lat="45.8666800" lon="15.2393380">
    <ele>185.0</ele>
    <time>2024-03-15T16:17:16Z</time>
   </trkpt>
   <trkpt lat="45.8666450" lon="15.2392810">
    <ele>185.0</ele>
    <time>2024-03-15T16:17:17Z</time>
   </trkpt>
   <trkpt lat="45.8666110" lon="15.2392240">
    <ele>185.0</ele>
    <time>2024-03-15T16:17:18Z</time>
   </trkpt>
   <trkpt lat="45.8665760" lon="15.2391670">
    <ele>185.0</ele>
    <time>2024-03-15T16:17:19Z</time>
   </trkpt>
   <trkpt lat="45.8665760" lon="15.2391670">
    <ele>185.0</ele>
    <time>2024-03-15T16:17:20Z</time>
   </trkpt>
  </trkseg>
 </trk>
</gpx>
