<?xml version="1.0" encoding="UTF-8"?><gpx xmlns="http://www.topografix.com/GPX/1/1"  creator="TraceDeTrail http://www.tracedetrail.fr" version="1.1" xmlns:xsi="http://www.w3.org/2001/XMLSchema-instance" xsi:schemaLocation="http://www.topografix.com/GPX/1/1 http://www.topografix.com/GPX/1/1/gpx.xsd "><metadata><name>TDouga 2024</name><link href="http://tracedetrail.fr/fr/trace/trace/222629"><text>methode de calcul : astergdem </text></link></metadata><trk><name>TDouga 2024 sur TraceDeTrail.fr</name><trkseg><trkpt lat="46.16074" lon="15.05386"><ele>302</ele><time>2000-01-01T00:01:06.000Z</time></trkpt><trkpt lat="46.16058" lon="15.05339"><ele>297</ele><time>2000-01-01T00:01:16.000Z</time></trkpt><trkpt lat="46.16054" lon="15.05326"><ele>295</ele><time>2000-01-01T00:01:26.000Z</time></trkpt><trkpt lat="46.16103" lon="15.05293"><ele>293</ele><time>2000-01-01T00:01:36.000Z</time></trkpt><trkpt lat="46.16135" lon="15.05275"><ele>293</ele><time>2000-01-01T00:01:46.000Z</time></trkpt><trkpt lat="46.16159" lon="15.05263"><ele>294</ele><time>2000-01-01T00:01:56.000Z</time></trkpt><trkpt lat="46.16174" lon="15.05297"><ele>296</ele><time>2000-01-01T00:02:06.000Z</time></trkpt><trkpt lat="46.16196" lon="15.05346"><ele>308</ele><time>2000-01-01T00:02:16.000Z</time></trkpt><trkpt lat="46.16191" lon="15.05363"><ele>307.67</ele><time>2000-01-01T00:02:26.000Z</time></trkpt><trkpt lat="46.16186" lon="15.05375"><ele>307.33</ele><time>2000-01-01T00:02:36.000Z</time></trkpt><trkpt lat="46.16195" lon="15.05388"><ele>307</ele><time>2000-01-01T00:02:46.000Z</time></trkpt><trkpt lat="46.16197" lon="15.0539"><ele>306.75</ele><time>2000-01-01T00:02:56.000Z</time></trkpt><trkpt lat="46.16199" lon="15.05389"><ele>306.5</ele><time>2000-01-01T00:03:06.000Z</time></trkpt><trkpt lat="46.16211" lon="15.05403"><ele>306.25</ele><time>2000-01-01T00:03:16.000Z</time></trkpt><trkpt lat="46.16222" lon="15.05421"><ele>306</ele><time>2000-01-01T00:03:26.000Z</time></trkpt><trkpt lat="46.16227" lon="15.05425"><ele>306</ele><time>2000-01-01T00:03:36.000Z</time></trkpt><trkpt lat="46.16234" lon="15.05434"><ele>306</ele><time>2000-01-01T00:03:46.000Z</time></trkpt><trkpt lat="46.16237" lon="15.05439"><ele>306</ele><time>2000-01-01T00:03:56.000Z</time></trkpt><trkpt lat="46.16247" lon="15.0546"><ele>306</ele><time>2000-01-01T00:04:06.000Z</time></trkpt><trkpt lat="46.16252" lon="15.05467"><ele>306.75</ele><time>2000-01-01T00:04:16.000Z</time></trkpt><trkpt lat="46.16256" lon="15.05475"><ele>307.5</ele><time>2000-01-01T00:04:26.000Z</time></trkpt><trkpt lat="46.1626" lon="15.05484"><ele>308.25</ele><time>2000-01-01T00:04:36.000Z</time></trkpt><trkpt lat="46.16264" lon="15.05499"><ele>309</ele><time>2000-01-01T00:04:46.000Z</time></trkpt><trkpt lat="46.16273" lon="15.05518"><ele>309</ele><time>2000-01-01T00:04:56.000Z</time></trkpt><trkpt lat="46.16277" lon="15.05525"><ele>309</ele><time>2000-01-01T00:05:06.000Z</time></trkpt><trkpt lat="46.1629" lon="15.05549"><ele>309</ele><time>2000-01-01T00:05:16.000Z</time></trkpt><trkpt lat="46.16293" lon="15.05555"><ele>309.25</ele><time>2000-01-01T00:05:26.000Z</time></trkpt><trkpt lat="46.16295" lon="15.05565"><ele>309.5</ele><time>2000-01-01T00:05:36.000Z</time></trkpt><trkpt lat="46.16301" lon="15.0558"><ele>309.75</ele><time>2000-01-01T00:05:46.000Z</time></trkpt><trkpt lat="46.16302" lon="15.05587"><ele>310</ele><time>2000-01-01T00:05:56.000Z</time></trkpt><trkpt lat="46.16302" lon="15.05591"><ele>310.67</ele><time>2000-01-01T00:06:06.000Z</time></trkpt><trkpt lat="46.16306" lon="15.05618"><ele>311.33</ele><time>2000-01-01T00:06:16.000Z</time></trkpt><trkpt lat="46.16309" lon="15.05639"><ele>312</ele><time>2000-01-01T00:06:26.000Z</time></trkpt><trkpt lat="46.16308" lon="15.05645"><ele>312.8</ele><time>2000-01-01T00:06:36.000Z</time></trkpt><trkpt lat="46.16306" lon="15.0565"><ele>313.6</ele><time>2000-01-01T00:06:46.000Z</time></trkpt><trkpt lat="46.16304" lon="15.05658"><ele>314.4</ele><time>2000-01-01T00:06:56.000Z</time></trkpt><trkpt lat="46.16297" lon="15.0565"><ele>315.2</ele><time>2000-01-01T00:07:06.000Z</time></trkpt><trkpt lat="46.16295" lon="15.05648"><ele>316</ele><time>2000-01-01T00:07:16.000Z</time></trkpt><trkpt lat="46.16288" lon="15.05645"><ele>316.8</ele><time>2000-01-01T00:07:26.000Z</time></trkpt><trkpt lat="46.16286" lon="15.05645"><ele>317.6</ele><time>2000-01-01T00:07:36.000Z</time></trkpt><trkpt lat="46.16284" lon="15.05647"><ele>318.4</ele><time>2000-01-01T00:07:46.000Z</time></trkpt><trkpt lat="46.16278" lon="15.05656"><ele>319.2</ele><time>2000-01-01T00:07:56.000Z</time></trkpt><trkpt lat="46.16268" lon="15.05659"><ele>320</ele><time>2000-01-01T00:08:06.000Z</time></trkpt><trkpt lat="46.1626" lon="15.05658"><ele>321.25</ele><time>2000-01-01T00:08:16.000Z</time></trkpt><trkpt lat="46.16252" lon="15.05659"><ele>322.5</ele><time>2000-01-01T00:08:26.000Z</time></trkpt><trkpt lat="46.16246" lon="15.05653"><ele>323.75</ele><time>2000-01-01T00:08:36.000Z</time></trkpt><trkpt lat="46.16237" lon="15.05651"><ele>325</ele><time>2000-01-01T00:08:46.000Z</time></trkpt><trkpt lat="46.16236" lon="15.05648"><ele>325.4</ele><time>2000-01-01T00:08:56.000Z</time></trkpt><trkpt lat="46.16232" lon="15.05643"><ele>325.8</ele><time>2000-01-01T00:09:06.000Z</time></trkpt><trkpt lat="46.16227" lon="15.0564"><ele>326.2</ele><time>2000-01-01T00:09:16.000Z</time></trkpt><trkpt lat="46.16221" lon="15.05634"><ele>326.6</ele><time>2000-01-01T00:09:26.000Z</time></trkpt><trkpt lat="46.16216" lon="15.05627"><ele>327</ele><time>2000-01-01T00:09:36.000Z</time></trkpt><trkpt lat="46.16211" lon="15.05615"><ele>327.33</ele><time>2000-01-01T00:09:46.000Z</time></trkpt><trkpt lat="46.16207" lon="15.05607"><ele>327.67</ele><time>2000-01-01T00:09:56.000Z</time></trkpt><trkpt lat="46.16205" lon="15.05604"><ele>328</ele><time>2000-01-01T00:10:06.000Z</time></trkpt><trkpt lat="46.16203" lon="15.05602"><ele>328.33</ele><time>2000-01-01T00:10:16.000Z</time></trkpt><trkpt lat="46.16201" lon="15.05599"><ele>328.67</ele><time>2000-01-01T00:10:26.000Z</time></trkpt><trkpt lat="46.162" lon="15.05596"><ele>329</ele><time>2000-01-01T00:10:36.000Z</time></trkpt><trkpt lat="46.16196" lon="15.05586"><ele>330</ele><time>2000-01-01T00:10:46.000Z</time></trkpt><trkpt lat="46.16192" lon="15.05581"><ele>331</ele><time>2000-01-01T00:10:56.000Z</time></trkpt><trkpt lat="46.16186" lon="15.05574"><ele>332</ele><time>2000-01-01T00:11:06.000Z</time></trkpt><trkpt lat="46.16183" lon="15.05573"><ele>333</ele><time>2000-01-01T00:11:16.000Z</time></trkpt><trkpt lat="46.16179" lon="15.05573"><ele>334</ele><time>2000-01-01T00:11:26.000Z</time></trkpt><trkpt lat="46.16177" lon="15.05576"><ele>336.17</ele><time>2000-01-01T00:11:36.000Z</time></trkpt><trkpt lat="46.16177" lon="15.05578"><ele>338.33</ele><time>2000-01-01T00:11:46.000Z</time></trkpt><trkpt lat="46.16178" lon="15.05581"><ele>340.5</ele><time>2000-01-01T00:11:56.000Z</time></trkpt><trkpt lat="46.16177" lon="15.05584"><ele>342.67</ele><time>2000-01-01T00:12:06.000Z</time></trkpt><trkpt lat="46.16177" lon="15.05591"><ele>344.83</ele><time>2000-01-01T00:12:16.000Z</time></trkpt><trkpt lat="46.16183" lon="15.05611"><ele>347</ele><time>2000-01-01T00:12:26.000Z</time></trkpt><trkpt lat="46.16187" lon="15.05624"><ele>347</ele><time>2000-01-01T00:12:36.000Z</time></trkpt><trkpt lat="46.16193" lon="15.05636"><ele>347</ele><time>2000-01-01T00:12:46.000Z</time></trkpt><trkpt lat="46.16195" lon="15.0564"><ele>347</ele><time>2000-01-01T00:12:56.000Z</time></trkpt><trkpt lat="46.16196" lon="15.05651"><ele>347</ele><time>2000-01-01T00:13:06.000Z</time></trkpt><trkpt lat="46.16199" lon="15.05664"><ele>347</ele><time>2000-01-01T00:13:16.000Z</time></trkpt><trkpt lat="46.16199" lon="15.05669"><ele>347</ele><time>2000-01-01T00:13:26.000Z</time></trkpt><trkpt lat="46.16198" lon="15.05686"><ele>347</ele><time>2000-01-01T00:13:36.000Z</time></trkpt><trkpt lat="46.16196" lon="15.05694"><ele>349.25</ele><time>2000-01-01T00:13:46.000Z</time></trkpt><trkpt lat="46.16195" lon="15.05703"><ele>351.5</ele><time>2000-01-01T00:13:56.000Z</time></trkpt><trkpt lat="46.16195" lon="15.05717"><ele>353.75</ele><time>2000-01-01T00:14:06.000Z</time></trkpt><trkpt lat="46.16192" lon="15.05748"><ele>356</ele><time>2000-01-01T00:14:16.000Z</time></trkpt><trkpt lat="46.16192" lon="15.05761"><ele>357.67</ele><time>2000-01-01T00:14:26.000Z</time></trkpt><trkpt lat="46.1619" lon="15.05782"><ele>359.33</ele><time>2000-01-01T00:14:36.000Z</time></trkpt><trkpt lat="46.16189" lon="15.05784"><ele>361</ele><time>2000-01-01T00:14:46.000Z</time></trkpt><trkpt lat="46.1619" lon="15.05795"><ele>362.2</ele><time>2000-01-01T00:14:56.000Z</time></trkpt><trkpt lat="46.16191" lon="15.0581"><ele>363.4</ele><time>2000-01-01T00:15:06.000Z</time></trkpt><trkpt lat="46.1619" lon="15.05815"><ele>364.6</ele><time>2000-01-01T00:15:16.000Z</time></trkpt><trkpt lat="46.16191" lon="15.0582"><ele>365.8</ele><time>2000-01-01T00:15:26.000Z</time></trkpt><trkpt lat="46.16186" lon="15.05836"><ele>367</ele><time>2000-01-01T00:15:36.000Z</time></trkpt><trkpt lat="46.16182" lon="15.05846"><ele>367.25</ele><time>2000-01-01T00:15:46.000Z</time></trkpt><trkpt lat="46.16182" lon="15.0586"><ele>367.5</ele><time>2000-01-01T00:15:56.000Z</time></trkpt><trkpt lat="46.16182" lon="15.05864"><ele>367.75</ele><time>2000-01-01T00:16:06.000Z</time></trkpt><trkpt lat="46.16183" lon="15.05878"><ele>368</ele><time>2000-01-01T00:16:16.000Z</time></trkpt><trkpt lat="46.16173" lon="15.0592"><ele>377</ele><time>2000-01-01T00:16:26.000Z</time></trkpt><trkpt lat="46.16172" lon="15.05933"><ele>378.5</ele><time>2000-01-01T00:16:36.000Z</time></trkpt><trkpt lat="46.16176" lon="15.05943"><ele>380</ele><time>2000-01-01T00:16:46.000Z</time></trkpt><trkpt lat="46.16177" lon="15.05949"><ele>381.5</ele><time>2000-01-01T00:16:56.000Z</time></trkpt><trkpt lat="46.16176" lon="15.05973"><ele>383</ele><time>2000-01-01T00:17:06.000Z</time></trkpt><trkpt lat="46.16178" lon="15.05985"><ele>382.25</ele><time>2000-01-01T00:17:16.000Z</time></trkpt><trkpt lat="46.16185" lon="15.0599"><ele>381.5</ele><time>2000-01-01T00:17:26.000Z</time></trkpt><trkpt lat="46.1619" lon="15.05995"><ele>380.75</ele><time>2000-01-01T00:17:36.000Z</time></trkpt><trkpt lat="46.16193" lon="15.06001"><ele>380</ele><time>2000-01-01T00:17:46.000Z</time></trkpt><trkpt lat="46.16194" lon="15.06005"><ele>380.33</ele><time>2000-01-01T00:17:56.000Z</time></trkpt><trkpt lat="46.16196" lon="15.06008"><ele>380.67</ele><time>2000-01-01T00:18:06.000Z</time></trkpt><trkpt lat="46.16202" lon="15.06011"><ele>381</ele><time>2000-01-01T00:18:16.000Z</time></trkpt><trkpt lat="46.16205" lon="15.06016"><ele>381.33</ele><time>2000-01-01T00:18:26.000Z</time></trkpt><trkpt lat="46.1621" lon="15.06019"><ele>381.67</ele><time>2000-01-01T00:18:36.000Z</time></trkpt><trkpt lat="46.16213" lon="15.06022"><ele>382</ele><time>2000-01-01T00:18:46.000Z</time></trkpt><trkpt lat="46.16217" lon="15.06028"><ele>382.5</ele><time>2000-01-01T00:18:56.000Z</time></trkpt><trkpt lat="46.16221" lon="15.06038"><ele>383</ele><time>2000-01-01T00:19:06.000Z</time></trkpt><trkpt lat="46.16224" lon="15.06051"><ele>383.5</ele><time>2000-01-01T00:19:16.000Z</time></trkpt><trkpt lat="46.16225" lon="15.06064"><ele>384</ele><time>2000-01-01T00:19:26.000Z</time></trkpt><trkpt lat="46.16233" lon="15.06073"><ele>384</ele><time>2000-01-01T00:19:36.000Z</time></trkpt><trkpt lat="46.16237" lon="15.06075"><ele>384</ele><time>2000-01-01T00:19:46.000Z</time></trkpt><trkpt lat="46.16245" lon="15.06081"><ele>384</ele><time>2000-01-01T00:19:56.000Z</time></trkpt><trkpt lat="46.16254" lon="15.06092"><ele>384</ele><time>2000-01-01T00:20:06.000Z</time></trkpt><trkpt lat="46.16258" lon="15.06095"><ele>384</ele><time>2000-01-01T00:20:16.000Z</time></trkpt><trkpt lat="46.16259" lon="15.06097"><ele>384</ele><time>2000-01-01T00:20:26.000Z</time></trkpt><trkpt lat="46.16261" lon="15.06097"><ele>384</ele><time>2000-01-01T00:20:36.000Z</time></trkpt><trkpt lat="46.16264" lon="15.06098"><ele>384</ele><time>2000-01-01T00:20:46.000Z</time></trkpt><trkpt lat="46.16266" lon="15.061"><ele>384</ele><time>2000-01-01T00:20:56.000Z</time></trkpt><trkpt lat="46.16268" lon="15.06101"><ele>384</ele><time>2000-01-01T00:21:06.000Z</time></trkpt><trkpt lat="46.16272" lon="15.06102"><ele>384</ele><time>2000-01-01T00:21:16.000Z</time></trkpt><trkpt lat="46.16272" lon="15.06099"><ele>384</ele><time>2000-01-01T00:21:26.000Z</time></trkpt><trkpt lat="46.16274" lon="15.061"><ele>384</ele><time>2000-01-01T00:21:36.000Z</time></trkpt><trkpt lat="46.16277" lon="15.06095"><ele>384</ele><time>2000-01-01T00:21:46.000Z</time></trkpt><trkpt lat="46.16278" lon="15.06092"><ele>384</ele><time>2000-01-01T00:21:56.000Z</time></trkpt><trkpt lat="46.16281" lon="15.06088"><ele>384</ele><time>2000-01-01T00:22:06.000Z</time></trkpt><trkpt lat="46.16286" lon="15.06091"><ele>384</ele><time>2000-01-01T00:22:16.000Z</time></trkpt><trkpt lat="46.16287" lon="15.06093"><ele>384</ele><time>2000-01-01T00:22:26.000Z</time></trkpt><trkpt lat="46.16289" lon="15.06093"><ele>384</ele><time>2000-01-01T00:22:36.000Z</time></trkpt><trkpt lat="46.16291" lon="15.06095"><ele>384</ele><time>2000-01-01T00:22:46.000Z</time></trkpt><trkpt lat="46.16294" lon="15.061"><ele>384</ele><time>2000-01-01T00:22:56.000Z</time></trkpt><trkpt lat="46.16295" lon="15.06105"><ele>384.8</ele><time>2000-01-01T00:23:06.000Z</time></trkpt><trkpt lat="46.16298" lon="15.06111"><ele>385.6</ele><time>2000-01-01T00:23:16.000Z</time></trkpt><trkpt lat="46.163" lon="15.06105"><ele>386.4</ele><time>2000-01-01T00:23:26.000Z</time></trkpt><trkpt lat="46.16303" lon="15.061"><ele>387.2</ele><time>2000-01-01T00:23:36.000Z</time></trkpt><trkpt lat="46.1631" lon="15.06096"><ele>388</ele><time>2000-01-01T00:23:46.000Z</time></trkpt><trkpt lat="46.16311" lon="15.06094"><ele>389.25</ele><time>2000-01-01T00:23:56.000Z</time></trkpt><trkpt lat="46.16315" lon="15.06093"><ele>390.5</ele><time>2000-01-01T00:24:06.000Z</time></trkpt><trkpt lat="46.16319" lon="15.06094"><ele>391.75</ele><time>2000-01-01T00:24:16.000Z</time></trkpt><trkpt lat="46.16334" lon="15.06101"><ele>393</ele><time>2000-01-01T00:24:26.000Z</time></trkpt><trkpt lat="46.16338" lon="15.06104"><ele>393.6</ele><time>2000-01-01T00:24:36.000Z</time></trkpt><trkpt lat="46.16341" lon="15.06108"><ele>394.2</ele><time>2000-01-01T00:24:46.000Z</time></trkpt><trkpt lat="46.16347" lon="15.06123"><ele>394.8</ele><time>2000-01-01T00:24:56.000Z</time></trkpt><trkpt lat="46.1635" lon="15.06126"><ele>395.4</ele><time>2000-01-01T00:25:06.000Z</time></trkpt><trkpt lat="46.1636" lon="15.0613"><ele>396</ele><time>2000-01-01T00:25:16.000Z</time></trkpt><trkpt lat="46.16368" lon="15.0613"><ele>396.25</ele><time>2000-01-01T00:25:26.000Z</time></trkpt><trkpt lat="46.16373" lon="15.06126"><ele>396.5</ele><time>2000-01-01T00:25:36.000Z</time></trkpt><trkpt lat="46.16376" lon="15.06122"><ele>396.75</ele><time>2000-01-01T00:25:46.000Z</time></trkpt><trkpt lat="46.1638" lon="15.06112"><ele>397</ele><time>2000-01-01T00:25:56.000Z</time></trkpt><trkpt lat="46.16386" lon="15.06098"><ele>396.25</ele><time>2000-01-01T00:26:06.000Z</time></trkpt><trkpt lat="46.16387" lon="15.06094"><ele>395.5</ele><time>2000-01-01T00:26:16.000Z</time></trkpt><trkpt lat="46.1639" lon="15.06087"><ele>394.75</ele><time>2000-01-01T00:26:26.000Z</time></trkpt><trkpt lat="46.16398" lon="15.06077"><ele>394</ele><time>2000-01-01T00:26:36.000Z</time></trkpt><trkpt lat="46.16401" lon="15.06075"><ele>393.25</ele><time>2000-01-01T00:26:46.000Z</time></trkpt><trkpt lat="46.16404" lon="15.06074"><ele>392.5</ele><time>2000-01-01T00:26:56.000Z</time></trkpt><trkpt lat="46.16413" lon="15.06072"><ele>391.75</ele><time>2000-01-01T00:27:06.000Z</time></trkpt><trkpt lat="46.16424" lon="15.06069"><ele>391</ele><time>2000-01-01T00:27:16.000Z</time></trkpt><trkpt lat="46.16426" lon="15.06068"><ele>392</ele><time>2000-01-01T00:27:26.000Z</time></trkpt><trkpt lat="46.1643" lon="15.06062"><ele>393</ele><time>2000-01-01T00:27:36.000Z</time></trkpt><trkpt lat="46.16432" lon="15.0606"><ele>394</ele><time>2000-01-01T00:27:46.000Z</time></trkpt><trkpt lat="46.16435" lon="15.06059"><ele>395</ele><time>2000-01-01T00:27:56.000Z</time></trkpt><trkpt lat="46.16441" lon="15.06053"><ele>396</ele><time>2000-01-01T00:28:06.000Z</time></trkpt><trkpt lat="46.16442" lon="15.06052"><ele>397</ele><time>2000-01-01T00:28:16.000Z</time></trkpt><trkpt lat="46.16446" lon="15.06048"><ele>398</ele><time>2000-01-01T00:28:26.000Z</time></trkpt><trkpt lat="46.1645" lon="15.06045"><ele>399.17</ele><time>2000-01-01T00:28:36.000Z</time></trkpt><trkpt lat="46.16454" lon="15.06045"><ele>400.33</ele><time>2000-01-01T00:28:46.000Z</time></trkpt><trkpt lat="46.16457" lon="15.06045"><ele>401.5</ele><time>2000-01-01T00:28:56.000Z</time></trkpt><trkpt lat="46.16464" lon="15.06048"><ele>402.67</ele><time>2000-01-01T00:29:06.000Z</time></trkpt><trkpt lat="46.16468" lon="15.06053"><ele>403.83</ele><time>2000-01-01T00:29:16.000Z</time></trkpt><trkpt lat="46.16475" lon="15.06065"><ele>405</ele><time>2000-01-01T00:29:26.000Z</time></trkpt><trkpt lat="46.16477" lon="15.06068"><ele>407.83</ele><time>2000-01-01T00:29:36.000Z</time></trkpt><trkpt lat="46.16478" lon="15.06074"><ele>410.67</ele><time>2000-01-01T00:29:46.000Z</time></trkpt><trkpt lat="46.1648" lon="15.0608"><ele>413.5</ele><time>2000-01-01T00:29:56.000Z</time></trkpt><trkpt lat="46.16486" lon="15.06092"><ele>416.33</ele><time>2000-01-01T00:30:06.000Z</time></trkpt><trkpt lat="46.16487" lon="15.06095"><ele>419.17</ele><time>2000-01-01T00:30:16.000Z</time></trkpt><trkpt lat="46.1649" lon="15.06099"><ele>422</ele><time>2000-01-01T00:30:26.000Z</time></trkpt><trkpt lat="46.16492" lon="15.061"><ele>422</ele><time>2000-01-01T00:30:36.000Z</time></trkpt><trkpt lat="46.16495" lon="15.061"><ele>422</ele><time>2000-01-01T00:30:46.000Z</time></trkpt><trkpt lat="46.16499" lon="15.06097"><ele>422</ele><time>2000-01-01T00:30:56.000Z</time></trkpt><trkpt lat="46.16511" lon="15.06097"><ele>422</ele><time>2000-01-01T00:31:06.000Z</time></trkpt><trkpt lat="46.16514" lon="15.061"><ele>422</ele><time>2000-01-01T00:31:16.000Z</time></trkpt><trkpt lat="46.16519" lon="15.06101"><ele>422.5</ele><time>2000-01-01T00:31:26.000Z</time></trkpt><trkpt lat="46.16523" lon="15.06103"><ele>423</ele><time>2000-01-01T00:31:36.000Z</time></trkpt><trkpt lat="46.16535" lon="15.06111"><ele>423.5</ele><time>2000-01-01T00:31:46.000Z</time></trkpt><trkpt lat="46.16538" lon="15.06117"><ele>424</ele><time>2000-01-01T00:31:56.000Z</time></trkpt><trkpt lat="46.1654" lon="15.06121"><ele>424.6</ele><time>2000-01-01T00:32:06.000Z</time></trkpt><trkpt lat="46.16544" lon="15.06137"><ele>425.2</ele><time>2000-01-01T00:32:16.000Z</time></trkpt><trkpt lat="46.16546" lon="15.06143"><ele>425.8</ele><time>2000-01-01T00:32:26.000Z</time></trkpt><trkpt lat="46.16547" lon="15.06147"><ele>426.4</ele><time>2000-01-01T00:32:36.000Z</time></trkpt><trkpt lat="46.16549" lon="15.06161"><ele>427</ele><time>2000-01-01T00:32:46.000Z</time></trkpt><trkpt lat="46.16551" lon="15.06175"><ele>428.33</ele><time>2000-01-01T00:32:56.000Z</time></trkpt><trkpt lat="46.16554" lon="15.06188"><ele>429.67</ele><time>2000-01-01T00:33:06.000Z</time></trkpt><trkpt lat="46.16545" lon="15.06193"><ele>431</ele><time>2000-01-01T00:33:16.000Z</time></trkpt><trkpt lat="46.16535" lon="15.06189"><ele>431</ele><time>2000-01-01T00:33:26.000Z</time></trkpt><trkpt lat="46.16522" lon="15.06182"><ele>431</ele><time>2000-01-01T00:33:36.000Z</time></trkpt><trkpt lat="46.16518" lon="15.06181"><ele>431</ele><time>2000-01-01T00:33:46.000Z</time></trkpt><trkpt lat="46.16512" lon="15.06181"><ele>432.67</ele><time>2000-01-01T00:33:56.000Z</time></trkpt><trkpt lat="46.16507" lon="15.06182"><ele>434.33</ele><time>2000-01-01T00:34:06.000Z</time></trkpt><trkpt lat="46.16493" lon="15.062"><ele>436</ele><time>2000-01-01T00:34:16.000Z</time></trkpt><trkpt lat="46.16489" lon="15.06217"><ele>437.75</ele><time>2000-01-01T00:34:26.000Z</time></trkpt><trkpt lat="46.16487" lon="15.06225"><ele>439.5</ele><time>2000-01-01T00:34:36.000Z</time></trkpt><trkpt lat="46.16484" lon="15.0623"><ele>441.25</ele><time>2000-01-01T00:34:46.000Z</time></trkpt><trkpt lat="46.16483" lon="15.06234"><ele>443</ele><time>2000-01-01T00:34:56.000Z</time></trkpt><trkpt lat="46.16481" lon="15.06248"><ele>443.5</ele><time>2000-01-01T00:35:06.000Z</time></trkpt><trkpt lat="46.16467" lon="15.06286"><ele>444</ele><time>2000-01-01T00:35:16.000Z</time></trkpt><trkpt lat="46.16466" lon="15.06288"><ele>444.4</ele><time>2000-01-01T00:35:26.000Z</time></trkpt><trkpt lat="46.16459" lon="15.06294"><ele>444.8</ele><time>2000-01-01T00:35:36.000Z</time></trkpt><trkpt lat="46.16453" lon="15.06304"><ele>445.2</ele><time>2000-01-01T00:35:46.000Z</time></trkpt><trkpt lat="46.16452" lon="15.06307"><ele>445.6</ele><time>2000-01-01T00:35:56.000Z</time></trkpt><trkpt lat="46.16448" lon="15.06319"><ele>446</ele><time>2000-01-01T00:36:06.000Z</time></trkpt><trkpt lat="46.16435" lon="15.0634"><ele>443</ele><time>2000-01-01T00:36:16.000Z</time></trkpt><trkpt lat="46.16417" lon="15.06354"><ele>440</ele><time>2000-01-01T00:36:26.000Z</time></trkpt><trkpt lat="46.16398" lon="15.06363"><ele>439</ele><time>2000-01-01T00:36:36.000Z</time></trkpt><trkpt lat="46.16393" lon="15.06364"><ele>438</ele><time>2000-01-01T00:36:46.000Z</time></trkpt><trkpt lat="46.16387" lon="15.06368"><ele>438.14</ele><time>2000-01-01T00:36:56.000Z</time></trkpt><trkpt lat="46.16385" lon="15.06375"><ele>438.29</ele><time>2000-01-01T00:37:06.000Z</time></trkpt><trkpt lat="46.16383" lon="15.06377"><ele>438.43</ele><time>2000-01-01T00:37:16.000Z</time></trkpt><trkpt lat="46.16382" lon="15.06382"><ele>438.57</ele><time>2000-01-01T00:37:26.000Z</time></trkpt><trkpt lat="46.16379" lon="15.06386"><ele>438.71</ele><time>2000-01-01T00:37:36.000Z</time></trkpt><trkpt lat="46.16377" lon="15.06388"><ele>438.86</ele><time>2000-01-01T00:37:46.000Z</time></trkpt><trkpt lat="46.16376" lon="15.06391"><ele>439</ele><time>2000-01-01T00:37:56.000Z</time></trkpt><trkpt lat="46.16371" lon="15.06402"><ele>439.5</ele><time>2000-01-01T00:38:06.000Z</time></trkpt><trkpt lat="46.16369" lon="15.06412"><ele>440</ele><time>2000-01-01T00:38:16.000Z</time></trkpt><trkpt lat="46.16369" lon="15.06422"><ele>440.5</ele><time>2000-01-01T00:38:26.000Z</time></trkpt><trkpt lat="46.16367" lon="15.06429"><ele>441</ele><time>2000-01-01T00:38:36.000Z</time></trkpt><trkpt lat="46.16367" lon="15.0644"><ele>446</ele><time>2000-01-01T00:38:46.000Z</time></trkpt><trkpt lat="46.16367" lon="15.0645"><ele>451</ele><time>2000-01-01T00:38:56.000Z</time></trkpt><trkpt lat="46.16365" lon="15.06459"><ele>456</ele><time>2000-01-01T00:39:06.000Z</time></trkpt><trkpt lat="46.16364" lon="15.06467"><ele>461</ele><time>2000-01-01T00:39:16.000Z</time></trkpt><trkpt lat="46.1636" lon="15.06474"><ele>460</ele><time>2000-01-01T00:39:26.000Z</time></trkpt><trkpt lat="46.16359" lon="15.06478"><ele>459</ele><time>2000-01-01T00:39:36.000Z</time></trkpt><trkpt lat="46.16359" lon="15.06484"><ele>458</ele><time>2000-01-01T00:39:46.000Z</time></trkpt><trkpt lat="46.16358" lon="15.06488"><ele>457</ele><time>2000-01-01T00:39:56.000Z</time></trkpt><trkpt lat="46.1635" lon="15.06503"><ele>456</ele><time>2000-01-01T00:40:06.000Z</time></trkpt><trkpt lat="46.16336" lon="15.06527"><ele>456.33</ele><time>2000-01-01T00:40:16.000Z</time></trkpt><trkpt lat="46.16335" lon="15.06529"><ele>456.67</ele><time>2000-01-01T00:40:26.000Z</time></trkpt><trkpt lat="46.16334" lon="15.06535"><ele>457</ele><time>2000-01-01T00:40:36.000Z</time></trkpt><trkpt lat="46.16336" lon="15.06537"><ele>457.25</ele><time>2000-01-01T00:40:46.000Z</time></trkpt><trkpt lat="46.16348" lon="15.06539"><ele>457.5</ele><time>2000-01-01T00:40:56.000Z</time></trkpt><trkpt lat="46.16352" lon="15.06538"><ele>457.75</ele><time>2000-01-01T00:41:06.000Z</time></trkpt><trkpt lat="46.16362" lon="15.06538"><ele>458</ele><time>2000-01-01T00:41:16.000Z</time></trkpt><trkpt lat="46.16364" lon="15.06537"><ele>460.5</ele><time>2000-01-01T00:41:26.000Z</time></trkpt><trkpt lat="46.1637" lon="15.06534"><ele>463</ele><time>2000-01-01T00:41:36.000Z</time></trkpt><trkpt lat="46.16376" lon="15.06533"><ele>465.5</ele><time>2000-01-01T00:41:46.000Z</time></trkpt><trkpt lat="46.1638" lon="15.06529"><ele>468</ele><time>2000-01-01T00:41:56.000Z</time></trkpt><trkpt lat="46.16382" lon="15.06529"><ele>470.5</ele><time>2000-01-01T00:42:06.000Z</time></trkpt><trkpt lat="46.16395" lon="15.06521"><ele>473</ele><time>2000-01-01T00:42:16.000Z</time></trkpt><trkpt lat="46.16399" lon="15.06523"><ele>476</ele><time>2000-01-01T00:42:26.000Z</time></trkpt><trkpt lat="46.16409" lon="15.06524"><ele>479</ele><time>2000-01-01T00:42:36.000Z</time></trkpt><trkpt lat="46.16418" lon="15.06527"><ele>482</ele><time>2000-01-01T00:42:46.000Z</time></trkpt><trkpt lat="46.16422" lon="15.06529"><ele>485</ele><time>2000-01-01T00:42:56.000Z</time></trkpt><trkpt lat="46.1643" lon="15.0653"><ele>489.67</ele><time>2000-01-01T00:43:06.000Z</time></trkpt><trkpt lat="46.16434" lon="15.06532"><ele>494.33</ele><time>2000-01-01T00:43:16.000Z</time></trkpt><trkpt lat="46.16447" lon="15.06542"><ele>499</ele><time>2000-01-01T00:43:26.000Z</time></trkpt><trkpt lat="46.16467" lon="15.06544"><ele>497.33</ele><time>2000-01-01T00:43:36.000Z</time></trkpt><trkpt lat="46.16469" lon="15.06545"><ele>495.67</ele><time>2000-01-01T00:43:46.000Z</time></trkpt><trkpt lat="46.16475" lon="15.06546"><ele>494</ele><time>2000-01-01T00:43:56.000Z</time></trkpt><trkpt lat="46.16481" lon="15.06547"><ele>492</ele><time>2000-01-01T00:44:06.000Z</time></trkpt><trkpt lat="46.16501" lon="15.06554"><ele>490</ele><time>2000-01-01T00:44:16.000Z</time></trkpt><trkpt lat="46.16511" lon="15.06559"><ele>487.33</ele><time>2000-01-01T00:44:26.000Z</time></trkpt><trkpt lat="46.16516" lon="15.0656"><ele>484.67</ele><time>2000-01-01T00:44:36.000Z</time></trkpt><trkpt lat="46.16527" lon="15.06557"><ele>482</ele><time>2000-01-01T00:44:46.000Z</time></trkpt><trkpt lat="46.16538" lon="15.06558"><ele>482.5</ele><time>2000-01-01T00:44:56.000Z</time></trkpt><trkpt lat="46.16553" lon="15.06557"><ele>483</ele><time>2000-01-01T00:45:06.000Z</time></trkpt><trkpt lat="46.16566" lon="15.06555"><ele>483.5</ele><time>2000-01-01T00:45:16.000Z</time></trkpt><trkpt lat="46.16569" lon="15.06556"><ele>484</ele><time>2000-01-01T00:45:26.000Z</time></trkpt><trkpt lat="46.16575" lon="15.06556"><ele>484.5</ele><time>2000-01-01T00:45:36.000Z</time></trkpt><trkpt lat="46.16587" lon="15.06558"><ele>485</ele><time>2000-01-01T00:45:46.000Z</time></trkpt><trkpt lat="46.16591" lon="15.06559"><ele>485.25</ele><time>2000-01-01T00:45:56.000Z</time></trkpt><trkpt lat="46.166" lon="15.0656"><ele>485.5</ele><time>2000-01-01T00:46:06.000Z</time></trkpt><trkpt lat="46.16607" lon="15.06562"><ele>485.75</ele><time>2000-01-01T00:46:16.000Z</time></trkpt><trkpt lat="46.16614" lon="15.06567"><ele>486</ele><time>2000-01-01T00:46:26.000Z</time></trkpt><trkpt lat="46.16624" lon="15.06579"><ele>491</ele><time>2000-01-01T00:46:36.000Z</time></trkpt><trkpt lat="46.16634" lon="15.06592"><ele>496</ele><time>2000-01-01T00:46:46.000Z</time></trkpt><trkpt lat="46.16638" lon="15.06595"><ele>507.4</ele><time>2000-01-01T00:46:56.000Z</time></trkpt><trkpt lat="46.16641" lon="15.06603"><ele>518.8</ele><time>2000-01-01T00:47:06.000Z</time></trkpt><trkpt lat="46.16642" lon="15.06609"><ele>530.2</ele><time>2000-01-01T00:47:16.000Z</time></trkpt><trkpt lat="46.16641" lon="15.06614"><ele>541.6</ele><time>2000-01-01T00:47:26.000Z</time></trkpt><trkpt lat="46.16766" lon="15.06809"><ele>553</ele><time>2000-01-01T00:47:36.000Z</time></trkpt><trkpt lat="46.16781" lon="15.06806"><ele>554</ele><time>2000-01-01T00:47:46.000Z</time></trkpt><trkpt lat="46.16785" lon="15.06804"><ele>555</ele><time>2000-01-01T00:47:56.000Z</time></trkpt><trkpt lat="46.16789" lon="15.06802"><ele>556</ele><time>2000-01-01T00:48:06.000Z</time></trkpt><trkpt lat="46.16801" lon="15.06801"><ele>557</ele><time>2000-01-01T00:48:16.000Z</time></trkpt><trkpt lat="46.16805" lon="15.068"><ele>557.83</ele><time>2000-01-01T00:48:26.000Z</time></trkpt><trkpt lat="46.16809" lon="15.068"><ele>558.67</ele><time>2000-01-01T00:48:36.000Z</time></trkpt><trkpt lat="46.16811" lon="15.06802"><ele>559.5</ele><time>2000-01-01T00:48:46.000Z</time></trkpt><trkpt lat="46.16819" lon="15.06812"><ele>560.33</ele><time>2000-01-01T00:48:56.000Z</time></trkpt><trkpt lat="46.16821" lon="15.06814"><ele>561.17</ele><time>2000-01-01T00:49:06.000Z</time></trkpt><trkpt lat="46.16826" lon="15.06814"><ele>562</ele><time>2000-01-01T00:49:16.000Z</time></trkpt><trkpt lat="46.16831" lon="15.06817"><ele>562.6</ele><time>2000-01-01T00:49:26.000Z</time></trkpt><trkpt lat="46.16836" lon="15.06823"><ele>563.2</ele><time>2000-01-01T00:49:36.000Z</time></trkpt><trkpt lat="46.16841" lon="15.06825"><ele>563.8</ele><time>2000-01-01T00:49:46.000Z</time></trkpt><trkpt lat="46.16843" lon="15.06827"><ele>564.4</ele><time>2000-01-01T00:49:56.000Z</time></trkpt><trkpt lat="46.16852" lon="15.06834"><ele>565</ele><time>2000-01-01T00:50:06.000Z</time></trkpt><trkpt lat="46.16857" lon="15.06834"><ele>565</ele><time>2000-01-01T00:50:16.000Z</time></trkpt><trkpt lat="46.1686" lon="15.06836"><ele>565</ele><time>2000-01-01T00:50:26.000Z</time></trkpt><trkpt lat="46.16862" lon="15.06838"><ele>565</ele><time>2000-01-01T00:50:36.000Z</time></trkpt><trkpt lat="46.16864" lon="15.06842"><ele>565</ele><time>2000-01-01T00:50:46.000Z</time></trkpt><trkpt lat="46.16869" lon="15.06849"><ele>565</ele><time>2000-01-01T00:50:56.000Z</time></trkpt><trkpt lat="46.16872" lon="15.0685"><ele>565</ele><time>2000-01-01T00:51:06.000Z</time></trkpt><trkpt lat="46.16875" lon="15.06854"><ele>565</ele><time>2000-01-01T00:51:16.000Z</time></trkpt><trkpt lat="46.16888" lon="15.06865"><ele>564.5</ele><time>2000-01-01T00:51:26.000Z</time></trkpt><trkpt lat="46.169" lon="15.06872"><ele>564</ele><time>2000-01-01T00:51:36.000Z</time></trkpt><trkpt lat="46.16904" lon="15.06876"><ele>563.6</ele><time>2000-01-01T00:51:46.000Z</time></trkpt><trkpt lat="46.16913" lon="15.06888"><ele>563.2</ele><time>2000-01-01T00:51:56.000Z</time></trkpt><trkpt lat="46.16915" lon="15.06893"><ele>562.8</ele><time>2000-01-01T00:52:06.000Z</time></trkpt><trkpt lat="46.16917" lon="15.06897"><ele>562.4</ele><time>2000-01-01T00:52:16.000Z</time></trkpt><trkpt lat="46.16919" lon="15.069"><ele>562</ele><time>2000-01-01T00:52:26.000Z</time></trkpt><trkpt lat="46.1693" lon="15.0691"><ele>558</ele><time>2000-01-01T00:52:36.000Z</time></trkpt><trkpt lat="46.16954" lon="15.06928"><ele>554</ele><time>2000-01-01T00:52:46.000Z</time></trkpt><trkpt lat="46.16966" lon="15.06931"><ele>550.33</ele><time>2000-01-01T00:52:56.000Z</time></trkpt><trkpt lat="46.16975" lon="15.06932"><ele>546.67</ele><time>2000-01-01T00:53:06.000Z</time></trkpt><trkpt lat="46.16991" lon="15.06931"><ele>543</ele><time>2000-01-01T00:53:16.000Z</time></trkpt><trkpt lat="46.1701" lon="15.06931"><ele>541</ele><time>2000-01-01T00:53:26.000Z</time></trkpt><trkpt lat="46.17021" lon="15.06929"><ele>539</ele><time>2000-01-01T00:53:36.000Z</time></trkpt><trkpt lat="46.17034" lon="15.0693"><ele>539</ele><time>2000-01-01T00:53:46.000Z</time></trkpt><trkpt lat="46.17045" lon="15.06929"><ele>539</ele><time>2000-01-01T00:53:56.000Z</time></trkpt><trkpt lat="46.1705" lon="15.0693"><ele>539</ele><time>2000-01-01T00:54:06.000Z</time></trkpt><trkpt lat="46.17069" lon="15.06929"><ele>539</ele><time>2000-01-01T00:54:16.000Z</time></trkpt><trkpt lat="46.17081" lon="15.06929"><ele>539</ele><time>2000-01-01T00:54:26.000Z</time></trkpt><trkpt lat="46.17087" lon="15.06928"><ele>539.67</ele><time>2000-01-01T00:54:36.000Z</time></trkpt><trkpt lat="46.171" lon="15.06923"><ele>540.33</ele><time>2000-01-01T00:54:46.000Z</time></trkpt><trkpt lat="46.17106" lon="15.06919"><ele>541</ele><time>2000-01-01T00:54:56.000Z</time></trkpt><trkpt lat="46.17117" lon="15.0691"><ele>542</ele><time>2000-01-01T00:55:06.000Z</time></trkpt><trkpt lat="46.17124" lon="15.06906"><ele>543</ele><time>2000-01-01T00:55:16.000Z</time></trkpt><trkpt lat="46.17144" lon="15.06898"><ele>544</ele><time>2000-01-01T00:55:26.000Z</time></trkpt><trkpt lat="46.17148" lon="15.06896"><ele>545</ele><time>2000-01-01T00:55:36.000Z</time></trkpt><trkpt lat="46.17159" lon="15.06897"><ele>546</ele><time>2000-01-01T00:55:46.000Z</time></trkpt><trkpt lat="46.17167" lon="15.06894"><ele>547</ele><time>2000-01-01T00:55:56.000Z</time></trkpt><trkpt lat="46.17183" lon="15.06892"><ele>548</ele><time>2000-01-01T00:56:06.000Z</time></trkpt><trkpt lat="46.17194" lon="15.06888"><ele>549.5</ele><time>2000-01-01T00:56:16.000Z</time></trkpt><trkpt lat="46.1721" lon="15.06884"><ele>551</ele><time>2000-01-01T00:56:26.000Z</time></trkpt><trkpt lat="46.17217" lon="15.06883"><ele>551</ele><time>2000-01-01T00:56:36.000Z</time></trkpt><trkpt lat="46.17228" lon="15.06887"><ele>551</ele><time>2000-01-01T00:56:46.000Z</time></trkpt><trkpt lat="46.17237" lon="15.0689"><ele>551</ele><time>2000-01-01T00:56:56.000Z</time></trkpt><trkpt lat="46.17244" lon="15.06891"><ele>550.67</ele><time>2000-01-01T00:57:06.000Z</time></trkpt><trkpt lat="46.17255" lon="15.06897"><ele>550.33</ele><time>2000-01-01T00:57:16.000Z</time></trkpt><trkpt lat="46.17265" lon="15.06904"><ele>550</ele><time>2000-01-01T00:57:26.000Z</time></trkpt><trkpt lat="46.17269" lon="15.06907"><ele>552</ele><time>2000-01-01T00:57:36.000Z</time></trkpt><trkpt lat="46.17283" lon="15.06921"><ele>554</ele><time>2000-01-01T00:57:46.000Z</time></trkpt><trkpt lat="46.17285" lon="15.06924"><ele>556</ele><time>2000-01-01T00:57:56.000Z</time></trkpt><trkpt lat="46.1729" lon="15.06935"><ele>558</ele><time>2000-01-01T00:58:06.000Z</time></trkpt><trkpt lat="46.17298" lon="15.06946"><ele>560</ele><time>2000-01-01T00:58:16.000Z</time></trkpt><trkpt lat="46.173" lon="15.0695"><ele>562</ele><time>2000-01-01T00:58:26.000Z</time></trkpt><trkpt lat="46.17304" lon="15.06957"><ele>564</ele><time>2000-01-01T00:58:36.000Z</time></trkpt><trkpt lat="46.17307" lon="15.06967"><ele>566</ele><time>2000-01-01T00:58:46.000Z</time></trkpt><trkpt lat="46.17312" lon="15.06976"><ele>569.33</ele><time>2000-01-01T00:58:56.000Z</time></trkpt><trkpt lat="46.17322" lon="15.06989"><ele>572.67</ele><time>2000-01-01T00:59:06.000Z</time></trkpt><trkpt lat="46.17326" lon="15.06992"><ele>576</ele><time>2000-01-01T00:59:16.000Z</time></trkpt><trkpt lat="46.17329" lon="15.06996"><ele>576.2</ele><time>2000-01-01T00:59:26.000Z</time></trkpt><trkpt lat="46.17333" lon="15.07008"><ele>576.4</ele><time>2000-01-01T00:59:36.000Z</time></trkpt><trkpt lat="46.17338" lon="15.07016"><ele>576.6</ele><time>2000-01-01T00:59:46.000Z</time></trkpt><trkpt lat="46.17339" lon="15.07021"><ele>576.8</ele><time>2000-01-01T00:59:56.000Z</time></trkpt><trkpt lat="46.17343" lon="15.07028"><ele>577</ele><time>2000-01-01T01:00:06.000Z</time></trkpt><trkpt lat="46.17344" lon="15.07032"><ele>577.17</ele><time>2000-01-01T01:00:16.000Z</time></trkpt><trkpt lat="46.17345" lon="15.07034"><ele>577.33</ele><time>2000-01-01T01:00:26.000Z</time></trkpt><trkpt lat="46.17347" lon="15.07043"><ele>577.5</ele><time>2000-01-01T01:00:36.000Z</time></trkpt><trkpt lat="46.17348" lon="15.07045"><ele>577.67</ele><time>2000-01-01T01:00:46.000Z</time></trkpt><trkpt lat="46.17348" lon="15.07049"><ele>577.83</ele><time>2000-01-01T01:00:56.000Z</time></trkpt><trkpt lat="46.1736" lon="15.07064"><ele>578</ele><time>2000-01-01T01:01:06.000Z</time></trkpt><trkpt lat="46.17374" lon="15.07079"><ele>582</ele><time>2000-01-01T01:01:16.000Z</time></trkpt><trkpt lat="46.17376" lon="15.07087"><ele>586</ele><time>2000-01-01T01:01:26.000Z</time></trkpt><trkpt lat="46.17375" lon="15.07104"><ele>590</ele><time>2000-01-01T01:01:36.000Z</time></trkpt><trkpt lat="46.17372" lon="15.07117"><ele>591.2</ele><time>2000-01-01T01:01:46.000Z</time></trkpt><trkpt lat="46.1737" lon="15.07129"><ele>592.4</ele><time>2000-01-01T01:01:56.000Z</time></trkpt><trkpt lat="46.17371" lon="15.07132"><ele>593.6</ele><time>2000-01-01T01:02:06.000Z</time></trkpt><trkpt lat="46.17372" lon="15.07135"><ele>594.8</ele><time>2000-01-01T01:02:16.000Z</time></trkpt><trkpt lat="46.17374" lon="15.0714"><ele>596</ele><time>2000-01-01T01:02:26.000Z</time></trkpt><trkpt lat="46.17375" lon="15.07143"><ele>597.25</ele><time>2000-01-01T01:02:36.000Z</time></trkpt><trkpt lat="46.17375" lon="15.07146"><ele>598.5</ele><time>2000-01-01T01:02:46.000Z</time></trkpt><trkpt lat="46.17374" lon="15.07148"><ele>599.75</ele><time>2000-01-01T01:02:56.000Z</time></trkpt><trkpt lat="46.17375" lon="15.07155"><ele>601</ele><time>2000-01-01T01:03:06.000Z</time></trkpt><trkpt lat="46.17374" lon="15.07159"><ele>602.25</ele><time>2000-01-01T01:03:16.000Z</time></trkpt><trkpt lat="46.17375" lon="15.07162"><ele>603.5</ele><time>2000-01-01T01:03:26.000Z</time></trkpt><trkpt lat="46.17378" lon="15.07172"><ele>604.75</ele><time>2000-01-01T01:03:36.000Z</time></trkpt><trkpt lat="46.1738" lon="15.07175"><ele>606</ele><time>2000-01-01T01:03:46.000Z</time></trkpt><trkpt lat="46.17384" lon="15.0718"><ele>607</ele><time>2000-01-01T01:03:56.000Z</time></trkpt><trkpt lat="46.17387" lon="15.07197"><ele>608</ele><time>2000-01-01T01:04:06.000Z</time></trkpt><trkpt lat="46.1739" lon="15.07201"><ele>609</ele><time>2000-01-01T01:04:16.000Z</time></trkpt><trkpt lat="46.17391" lon="15.07208"><ele>610</ele><time>2000-01-01T01:04:26.000Z</time></trkpt><trkpt lat="46.17391" lon="15.07211"><ele>612.5</ele><time>2000-01-01T01:04:36.000Z</time></trkpt><trkpt lat="46.17388" lon="15.07222"><ele>615</ele><time>2000-01-01T01:04:46.000Z</time></trkpt><trkpt lat="46.17386" lon="15.07228"><ele>617.5</ele><time>2000-01-01T01:04:56.000Z</time></trkpt><trkpt lat="46.17386" lon="15.07231"><ele>620</ele><time>2000-01-01T01:05:06.000Z</time></trkpt><trkpt lat="46.17384" lon="15.07236"><ele>622.5</ele><time>2000-01-01T01:05:16.000Z</time></trkpt><trkpt lat="46.17383" lon="15.07242"><ele>625</ele><time>2000-01-01T01:05:26.000Z</time></trkpt><trkpt lat="46.17385" lon="15.07248"><ele>625</ele><time>2000-01-01T01:05:36.000Z</time></trkpt><trkpt lat="46.1739" lon="15.07256"><ele>625</ele><time>2000-01-01T01:05:46.000Z</time></trkpt><trkpt lat="46.17392" lon="15.07264"><ele>625</ele><time>2000-01-01T01:05:56.000Z</time></trkpt><trkpt lat="46.17395" lon="15.07273"><ele>625</ele><time>2000-01-01T01:06:06.000Z</time></trkpt><trkpt lat="46.17398" lon="15.07281"><ele>625</ele><time>2000-01-01T01:06:16.000Z</time></trkpt><trkpt lat="46.17401" lon="15.07287"><ele>625.2</ele><time>2000-01-01T01:06:26.000Z</time></trkpt><trkpt lat="46.17403" lon="15.07291"><ele>625.4</ele><time>2000-01-01T01:06:36.000Z</time></trkpt><trkpt lat="46.17403" lon="15.07295"><ele>625.6</ele><time>2000-01-01T01:06:46.000Z</time></trkpt><trkpt lat="46.17403" lon="15.07309"><ele>625.8</ele><time>2000-01-01T01:06:56.000Z</time></trkpt><trkpt lat="46.17405" lon="15.0732"><ele>626</ele><time>2000-01-01T01:07:06.000Z</time></trkpt><trkpt lat="46.17407" lon="15.07327"><ele>627.67</ele><time>2000-01-01T01:07:16.000Z</time></trkpt><trkpt lat="46.17409" lon="15.07332"><ele>629.33</ele><time>2000-01-01T01:07:26.000Z</time></trkpt><trkpt lat="46.17411" lon="15.07333"><ele>631</ele><time>2000-01-01T01:07:36.000Z</time></trkpt><trkpt lat="46.17415" lon="15.07333"><ele>632.67</ele><time>2000-01-01T01:07:46.000Z</time></trkpt><trkpt lat="46.17419" lon="15.07331"><ele>634.33</ele><time>2000-01-01T01:07:56.000Z</time></trkpt><trkpt lat="46.17432" lon="15.07326"><ele>636</ele><time>2000-01-01T01:08:06.000Z</time></trkpt><trkpt lat="46.17436" lon="15.07327"><ele>636.33</ele><time>2000-01-01T01:08:16.000Z</time></trkpt><trkpt lat="46.17438" lon="15.07329"><ele>636.67</ele><time>2000-01-01T01:08:26.000Z</time></trkpt><trkpt lat="46.17446" lon="15.0733"><ele>637</ele><time>2000-01-01T01:08:36.000Z</time></trkpt><trkpt lat="46.17451" lon="15.0733"><ele>637.33</ele><time>2000-01-01T01:08:46.000Z</time></trkpt><trkpt lat="46.17455" lon="15.0733"><ele>637.67</ele><time>2000-01-01T01:08:56.000Z</time></trkpt><trkpt lat="46.17459" lon="15.0733"><ele>638</ele><time>2000-01-01T01:09:06.000Z</time></trkpt><trkpt lat="46.17466" lon="15.07331"><ele>638.6</ele><time>2000-01-01T01:09:16.000Z</time></trkpt><trkpt lat="46.17473" lon="15.07335"><ele>639.2</ele><time>2000-01-01T01:09:26.000Z</time></trkpt><trkpt lat="46.17475" lon="15.07335"><ele>639.8</ele><time>2000-01-01T01:09:36.000Z</time></trkpt><trkpt lat="46.17479" lon="15.0733"><ele>640.4</ele><time>2000-01-01T01:09:46.000Z</time></trkpt><trkpt lat="46.17483" lon="15.07331"><ele>641</ele><time>2000-01-01T01:09:56.000Z</time></trkpt><trkpt lat="46.17487" lon="15.07332"><ele>641.5</ele><time>2000-01-01T01:10:06.000Z</time></trkpt><trkpt lat="46.17494" lon="15.07333"><ele>642</ele><time>2000-01-01T01:10:16.000Z</time></trkpt><trkpt lat="46.17501" lon="15.07336"><ele>642.5</ele><time>2000-01-01T01:10:26.000Z</time></trkpt><trkpt lat="46.17516" lon="15.0734"><ele>643</ele><time>2000-01-01T01:10:36.000Z</time></trkpt><trkpt lat="46.17525" lon="15.07343"><ele>643</ele><time>2000-01-01T01:10:46.000Z</time></trkpt><trkpt lat="46.1753" lon="15.07344"><ele>643</ele><time>2000-01-01T01:10:56.000Z</time></trkpt><trkpt lat="46.17544" lon="15.07352"><ele>643</ele><time>2000-01-01T01:11:06.000Z</time></trkpt><trkpt lat="46.17556" lon="15.07363"><ele>643.6</ele><time>2000-01-01T01:11:16.000Z</time></trkpt><trkpt lat="46.17558" lon="15.07364"><ele>644.2</ele><time>2000-01-01T01:11:26.000Z</time></trkpt><trkpt lat="46.17563" lon="15.07364"><ele>644.8</ele><time>2000-01-01T01:11:36.000Z</time></trkpt><trkpt lat="46.17565" lon="15.07363"><ele>645.4</ele><time>2000-01-01T01:11:46.000Z</time></trkpt><trkpt lat="46.17571" lon="15.07365"><ele>646</ele><time>2000-01-01T01:11:56.000Z</time></trkpt><trkpt lat="46.17575" lon="15.0737"><ele>646.5</ele><time>2000-01-01T01:12:06.000Z</time></trkpt><trkpt lat="46.17577" lon="15.07371"><ele>647</ele><time>2000-01-01T01:12:16.000Z</time></trkpt><trkpt lat="46.17579" lon="15.07371"><ele>647.5</ele><time>2000-01-01T01:12:26.000Z</time></trkpt><trkpt lat="46.17585" lon="15.07376"><ele>648</ele><time>2000-01-01T01:12:36.000Z</time></trkpt><trkpt lat="46.1759" lon="15.0738"><ele>648.5</ele><time>2000-01-01T01:12:46.000Z</time></trkpt><trkpt lat="46.17595" lon="15.07387"><ele>649</ele><time>2000-01-01T01:12:56.000Z</time></trkpt><trkpt lat="46.17604" lon="15.07393"><ele>658</ele><time>2000-01-01T01:13:06.000Z</time></trkpt><trkpt lat="46.17637" lon="15.07405"><ele>667</ele><time>2000-01-01T01:13:16.000Z</time></trkpt><trkpt lat="46.17651" lon="15.07407"><ele>669.33</ele><time>2000-01-01T01:13:26.000Z</time></trkpt><trkpt lat="46.17656" lon="15.07407"><ele>671.67</ele><time>2000-01-01T01:13:36.000Z</time></trkpt><trkpt lat="46.17669" lon="15.07411"><ele>674</ele><time>2000-01-01T01:13:46.000Z</time></trkpt><trkpt lat="46.17677" lon="15.07406"><ele>676.33</ele><time>2000-01-01T01:13:56.000Z</time></trkpt><trkpt lat="46.17683" lon="15.07404"><ele>678.67</ele><time>2000-01-01T01:14:06.000Z</time></trkpt><trkpt lat="46.17695" lon="15.07405"><ele>681</ele><time>2000-01-01T01:14:16.000Z</time></trkpt><trkpt lat="46.177" lon="15.07407"><ele>684.5</ele><time>2000-01-01T01:14:26.000Z</time></trkpt><trkpt lat="46.17722" lon="15.07409"><ele>688</ele><time>2000-01-01T01:14:36.000Z</time></trkpt><trkpt lat="46.17724" lon="15.07408"><ele>687.8</ele><time>2000-01-01T01:14:46.000Z</time></trkpt><trkpt lat="46.17729" lon="15.07408"><ele>687.6</ele><time>2000-01-01T01:14:56.000Z</time></trkpt><trkpt lat="46.17737" lon="15.07411"><ele>687.4</ele><time>2000-01-01T01:15:06.000Z</time></trkpt><trkpt lat="46.17745" lon="15.07412"><ele>687.2</ele><time>2000-01-01T01:15:16.000Z</time></trkpt><trkpt lat="46.1776" lon="15.07417"><ele>687</ele><time>2000-01-01T01:15:26.000Z</time></trkpt><trkpt lat="46.1777" lon="15.07422"><ele>687</ele><time>2000-01-01T01:15:36.000Z</time></trkpt><trkpt lat="46.17779" lon="15.07426"><ele>687</ele><time>2000-01-01T01:15:46.000Z</time></trkpt><trkpt lat="46.1779" lon="15.07429"><ele>687</ele><time>2000-01-01T01:15:56.000Z</time></trkpt><trkpt lat="46.17795" lon="15.07431"><ele>685.67</ele><time>2000-01-01T01:16:06.000Z</time></trkpt><trkpt lat="46.17806" lon="15.07437"><ele>684.33</ele><time>2000-01-01T01:16:16.000Z</time></trkpt><trkpt lat="46.17814" lon="15.07439"><ele>683</ele><time>2000-01-01T01:16:26.000Z</time></trkpt><trkpt lat="46.17823" lon="15.07437"><ele>682.67</ele><time>2000-01-01T01:16:36.000Z</time></trkpt><trkpt lat="46.17825" lon="15.07438"><ele>682.33</ele><time>2000-01-01T01:16:46.000Z</time></trkpt><trkpt lat="46.17825" lon="15.07442"><ele>682</ele><time>2000-01-01T01:16:56.000Z</time></trkpt><trkpt lat="46.17827" lon="15.07445"><ele>681.67</ele><time>2000-01-01T01:17:06.000Z</time></trkpt><trkpt lat="46.17832" lon="15.07441"><ele>681.33</ele><time>2000-01-01T01:17:16.000Z</time></trkpt><trkpt lat="46.17835" lon="15.0744"><ele>681</ele><time>2000-01-01T01:17:26.000Z</time></trkpt><trkpt lat="46.17848" lon="15.07444"><ele>681.83</ele><time>2000-01-01T01:17:36.000Z</time></trkpt><trkpt lat="46.1785" lon="15.07444"><ele>682.67</ele><time>2000-01-01T01:17:46.000Z</time></trkpt><trkpt lat="46.17852" lon="15.07443"><ele>683.5</ele><time>2000-01-01T01:17:56.000Z</time></trkpt><trkpt lat="46.17854" lon="15.07445"><ele>684.33</ele><time>2000-01-01T01:18:06.000Z</time></trkpt><trkpt lat="46.17857" lon="15.07442"><ele>685.17</ele><time>2000-01-01T01:18:16.000Z</time></trkpt><trkpt lat="46.17861" lon="15.07434"><ele>686</ele><time>2000-01-01T01:18:26.000Z</time></trkpt><trkpt lat="46.17863" lon="15.07432"><ele>687</ele><time>2000-01-01T01:18:36.000Z</time></trkpt><trkpt lat="46.17867" lon="15.07428"><ele>688</ele><time>2000-01-01T01:18:46.000Z</time></trkpt><trkpt lat="46.1787" lon="15.07423"><ele>689</ele><time>2000-01-01T01:18:56.000Z</time></trkpt><trkpt lat="46.17871" lon="15.07421"><ele>690</ele><time>2000-01-01T01:19:06.000Z</time></trkpt><trkpt lat="46.17877" lon="15.07418"><ele>691</ele><time>2000-01-01T01:19:16.000Z</time></trkpt><trkpt lat="46.17895" lon="15.07409"><ele>692</ele><time>2000-01-01T01:19:26.000Z</time></trkpt><trkpt lat="46.17912" lon="15.07406"><ele>694.5</ele><time>2000-01-01T01:19:36.000Z</time></trkpt><trkpt lat="46.17924" lon="15.07401"><ele>697</ele><time>2000-01-01T01:19:46.000Z</time></trkpt><trkpt lat="46.1794" lon="15.07397"><ele>697</ele><time>2000-01-01T01:19:56.000Z</time></trkpt><trkpt lat="46.17947" lon="15.07394"><ele>697</ele><time>2000-01-01T01:20:06.000Z</time></trkpt><trkpt lat="46.1795" lon="15.07394"><ele>697</ele><time>2000-01-01T01:20:16.000Z</time></trkpt><trkpt lat="46.17954" lon="15.07395"><ele>697</ele><time>2000-01-01T01:20:26.000Z</time></trkpt><trkpt lat="46.17956" lon="15.07396"><ele>697</ele><time>2000-01-01T01:20:36.000Z</time></trkpt><trkpt lat="46.17959" lon="15.07398"><ele>697</ele><time>2000-01-01T01:20:46.000Z</time></trkpt><trkpt lat="46.17965" lon="15.07406"><ele>697</ele><time>2000-01-01T01:20:56.000Z</time></trkpt><trkpt lat="46.17966" lon="15.07408"><ele>697</ele><time>2000-01-01T01:21:06.000Z</time></trkpt><trkpt lat="46.17968" lon="15.07411"><ele>697</ele><time>2000-01-01T01:21:16.000Z</time></trkpt><trkpt lat="46.17972" lon="15.07416"><ele>697</ele><time>2000-01-01T01:21:26.000Z</time></trkpt><trkpt lat="46.17975" lon="15.07424"><ele>698.8</ele><time>2000-01-01T01:21:36.000Z</time></trkpt><trkpt lat="46.17981" lon="15.07432"><ele>700.6</ele><time>2000-01-01T01:21:46.000Z</time></trkpt><trkpt lat="46.17983" lon="15.07434"><ele>702.4</ele><time>2000-01-01T01:21:56.000Z</time></trkpt><trkpt lat="46.1799" lon="15.07438"><ele>704.2</ele><time>2000-01-01T01:22:06.000Z</time></trkpt><trkpt lat="46.1802" lon="15.07445"><ele>706</ele><time>2000-01-01T01:22:16.000Z</time></trkpt><trkpt lat="46.18041" lon="15.07453"><ele>709.5</ele><time>2000-01-01T01:22:26.000Z</time></trkpt><trkpt lat="46.18062" lon="15.07469"><ele>713</ele><time>2000-01-01T01:22:36.000Z</time></trkpt><trkpt lat="46.18085" lon="15.07484"><ele>716</ele><time>2000-01-01T01:22:46.000Z</time></trkpt><trkpt lat="46.18101" lon="15.07492"><ele>720.67</ele><time>2000-01-01T01:22:56.000Z</time></trkpt><trkpt lat="46.18106" lon="15.07493"><ele>725.33</ele><time>2000-01-01T01:23:06.000Z</time></trkpt><trkpt lat="46.18113" lon="15.07494"><ele>730</ele><time>2000-01-01T01:23:16.000Z</time></trkpt><trkpt lat="46.18119" lon="15.07494"><ele>732.5</ele><time>2000-01-01T01:23:26.000Z</time></trkpt><trkpt lat="46.18127" lon="15.07489"><ele>735</ele><time>2000-01-01T01:23:36.000Z</time></trkpt><trkpt lat="46.1813" lon="15.07489"><ele>737.5</ele><time>2000-01-01T01:23:46.000Z</time></trkpt><trkpt lat="46.18139" lon="15.07491"><ele>740</ele><time>2000-01-01T01:23:56.000Z</time></trkpt><trkpt lat="46.18148" lon="15.07495"><ele>741.75</ele><time>2000-01-01T01:24:06.000Z</time></trkpt><trkpt lat="46.18155" lon="15.07501"><ele>743.5</ele><time>2000-01-01T01:24:16.000Z</time></trkpt><trkpt lat="46.18158" lon="15.07507"><ele>745.25</ele><time>2000-01-01T01:24:26.000Z</time></trkpt><trkpt lat="46.18162" lon="15.07514"><ele>747</ele><time>2000-01-01T01:24:36.000Z</time></trkpt><trkpt lat="46.18176" lon="15.07533"><ele>750.5</ele><time>2000-01-01T01:24:46.000Z</time></trkpt><trkpt lat="46.18181" lon="15.07542"><ele>754</ele><time>2000-01-01T01:24:56.000Z</time></trkpt><trkpt lat="46.18185" lon="15.07549"><ele>756.4</ele><time>2000-01-01T01:25:06.000Z</time></trkpt><trkpt lat="46.18187" lon="15.07554"><ele>758.8</ele><time>2000-01-01T01:25:16.000Z</time></trkpt><trkpt lat="46.18193" lon="15.07563"><ele>761.2</ele><time>2000-01-01T01:25:26.000Z</time></trkpt><trkpt lat="46.18196" lon="15.07566"><ele>763.6</ele><time>2000-01-01T01:25:36.000Z</time></trkpt><trkpt lat="46.18206" lon="15.07581"><ele>766</ele><time>2000-01-01T01:25:46.000Z</time></trkpt><trkpt lat="46.18209" lon="15.07588"><ele>766</ele><time>2000-01-01T01:25:56.000Z</time></trkpt><trkpt lat="46.1821" lon="15.0759"><ele>766</ele><time>2000-01-01T01:26:06.000Z</time></trkpt><trkpt lat="46.18212" lon="15.07596"><ele>766</ele><time>2000-01-01T01:26:16.000Z</time></trkpt><trkpt lat="46.18215" lon="15.07605"><ele>766</ele><time>2000-01-01T01:26:26.000Z</time></trkpt><trkpt lat="46.18218" lon="15.0761"><ele>766</ele><time>2000-01-01T01:26:36.000Z</time></trkpt><trkpt lat="46.18221" lon="15.07614"><ele>766</ele><time>2000-01-01T01:26:46.000Z</time></trkpt><trkpt lat="46.18222" lon="15.07617"><ele>769.8</ele><time>2000-01-01T01:26:56.000Z</time></trkpt><trkpt lat="46.18227" lon="15.07626"><ele>773.6</ele><time>2000-01-01T01:27:06.000Z</time></trkpt><trkpt lat="46.18229" lon="15.07627"><ele>777.4</ele><time>2000-01-01T01:27:16.000Z</time></trkpt><trkpt lat="46.18239" lon="15.07632"><ele>781.2</ele><time>2000-01-01T01:27:26.000Z</time></trkpt><trkpt lat="46.18243" lon="15.07635"><ele>785</ele><time>2000-01-01T01:27:36.000Z</time></trkpt><trkpt lat="46.18247" lon="15.07638"><ele>786</ele><time>2000-01-01T01:27:46.000Z</time></trkpt><trkpt lat="46.1825" lon="15.07643"><ele>787</ele><time>2000-01-01T01:27:56.000Z</time></trkpt><trkpt lat="46.18253" lon="15.07646"><ele>788</ele><time>2000-01-01T01:28:06.000Z</time></trkpt><trkpt lat="46.18255" lon="15.07646"><ele>789</ele><time>2000-01-01T01:28:16.000Z</time></trkpt><trkpt lat="46.18271" lon="15.07655"><ele>790</ele><time>2000-01-01T01:28:26.000Z</time></trkpt><trkpt lat="46.18275" lon="15.0766"><ele>790.2</ele><time>2000-01-01T01:28:36.000Z</time></trkpt><trkpt lat="46.1828" lon="15.07664"><ele>790.4</ele><time>2000-01-01T01:28:46.000Z</time></trkpt><trkpt lat="46.18283" lon="15.0767"><ele>790.6</ele><time>2000-01-01T01:28:56.000Z</time></trkpt><trkpt lat="46.1829" lon="15.07674"><ele>790.8</ele><time>2000-01-01T01:29:06.000Z</time></trkpt><trkpt lat="46.18292" lon="15.07677"><ele>791</ele><time>2000-01-01T01:29:16.000Z</time></trkpt><trkpt lat="46.18299" lon="15.07683"><ele>791.5</ele><time>2000-01-01T01:29:26.000Z</time></trkpt><trkpt lat="46.18304" lon="15.07692"><ele>792</ele><time>2000-01-01T01:29:36.000Z</time></trkpt><trkpt lat="46.18309" lon="15.07698"><ele>792.5</ele><time>2000-01-01T01:29:46.000Z</time></trkpt><trkpt lat="46.18316" lon="15.07712"><ele>793</ele><time>2000-01-01T01:29:56.000Z</time></trkpt><trkpt lat="46.18331" lon="15.07733"><ele>796.5</ele><time>2000-01-01T01:30:06.000Z</time></trkpt><trkpt lat="46.18334" lon="15.0774"><ele>800</ele><time>2000-01-01T01:30:16.000Z</time></trkpt><trkpt lat="46.18344" lon="15.07753"><ele>799.75</ele><time>2000-01-01T01:30:26.000Z</time></trkpt><trkpt lat="46.18348" lon="15.07757"><ele>799.5</ele><time>2000-01-01T01:30:36.000Z</time></trkpt><trkpt lat="46.18351" lon="15.07761"><ele>799.25</ele><time>2000-01-01T01:30:46.000Z</time></trkpt><trkpt lat="46.18359" lon="15.07781"><ele>799</ele><time>2000-01-01T01:30:56.000Z</time></trkpt><trkpt lat="46.18365" lon="15.07789"><ele>799</ele><time>2000-01-01T01:31:06.000Z</time></trkpt><trkpt lat="46.18368" lon="15.07799"><ele>799</ele><time>2000-01-01T01:31:16.000Z</time></trkpt><trkpt lat="46.18374" lon="15.07812"><ele>799</ele><time>2000-01-01T01:31:26.000Z</time></trkpt><trkpt lat="46.18375" lon="15.07817"><ele>799.75</ele><time>2000-01-01T01:31:36.000Z</time></trkpt><trkpt lat="46.18377" lon="15.07825"><ele>800.5</ele><time>2000-01-01T01:31:46.000Z</time></trkpt><trkpt lat="46.18378" lon="15.07838"><ele>801.25</ele><time>2000-01-01T01:31:56.000Z</time></trkpt><trkpt lat="46.1838" lon="15.07852"><ele>802</ele><time>2000-01-01T01:32:06.000Z</time></trkpt><trkpt lat="46.18386" lon="15.07867"><ele>804</ele><time>2000-01-01T01:32:16.000Z</time></trkpt><trkpt lat="46.18392" lon="15.07892"><ele>806</ele><time>2000-01-01T01:32:26.000Z</time></trkpt><trkpt lat="46.18397" lon="15.07905"><ele>806</ele><time>2000-01-01T01:32:36.000Z</time></trkpt><trkpt lat="46.18399" lon="15.07917"><ele>806</ele><time>2000-01-01T01:32:46.000Z</time></trkpt><trkpt lat="46.18406" lon="15.07939"><ele>806</ele><time>2000-01-01T01:32:56.000Z</time></trkpt><trkpt lat="46.18411" lon="15.07964"><ele>808</ele><time>2000-01-01T01:33:06.000Z</time></trkpt><trkpt lat="46.18415" lon="15.07977"><ele>810</ele><time>2000-01-01T01:33:16.000Z</time></trkpt><trkpt lat="46.18419" lon="15.07987"><ele>810.5</ele><time>2000-01-01T01:33:26.000Z</time></trkpt><trkpt lat="46.1842" lon="15.0799"><ele>811</ele><time>2000-01-01T01:33:36.000Z</time></trkpt><trkpt lat="46.18424" lon="15.08003"><ele>811.5</ele><time>2000-01-01T01:33:46.000Z</time></trkpt><trkpt lat="46.18426" lon="15.08021"><ele>812</ele><time>2000-01-01T01:33:56.000Z</time></trkpt><trkpt lat="46.18429" lon="15.08028"><ele>812.29</ele><time>2000-01-01T01:34:06.000Z</time></trkpt><trkpt lat="46.18431" lon="15.0803"><ele>812.57</ele><time>2000-01-01T01:34:16.000Z</time></trkpt><trkpt lat="46.18432" lon="15.08032"><ele>812.86</ele><time>2000-01-01T01:34:26.000Z</time></trkpt><trkpt lat="46.18433" lon="15.08038"><ele>813.14</ele><time>2000-01-01T01:34:36.000Z</time></trkpt><trkpt lat="46.18433" lon="15.08041"><ele>813.43</ele><time>2000-01-01T01:34:46.000Z</time></trkpt><trkpt lat="46.18433" lon="15.08046"><ele>813.71</ele><time>2000-01-01T01:34:56.000Z</time></trkpt><trkpt lat="46.18436" lon="15.08059"><ele>814</ele><time>2000-01-01T01:35:06.000Z</time></trkpt><trkpt lat="46.18439" lon="15.08068"><ele>814</ele><time>2000-01-01T01:35:16.000Z</time></trkpt><trkpt lat="46.18441" lon="15.08075"><ele>814</ele><time>2000-01-01T01:35:26.000Z</time></trkpt><trkpt lat="46.18441" lon="15.0808"><ele>814</ele><time>2000-01-01T01:35:36.000Z</time></trkpt><trkpt lat="46.18442" lon="15.08086"><ele>814</ele><time>2000-01-01T01:35:46.000Z</time></trkpt><trkpt lat="46.18444" lon="15.08093"><ele>814</ele><time>2000-01-01T01:35:56.000Z</time></trkpt><trkpt lat="46.18447" lon="15.08098"><ele>813.5</ele><time>2000-01-01T01:36:06.000Z</time></trkpt><trkpt lat="46.18447" lon="15.08112"><ele>813</ele><time>2000-01-01T01:36:16.000Z</time></trkpt><trkpt lat="46.18452" lon="15.08124"><ele>812.5</ele><time>2000-01-01T01:36:26.000Z</time></trkpt><trkpt lat="46.18453" lon="15.08129"><ele>812</ele><time>2000-01-01T01:36:36.000Z</time></trkpt><trkpt lat="46.18455" lon="15.08132"><ele>811.75</ele><time>2000-01-01T01:36:46.000Z</time></trkpt><trkpt lat="46.18457" lon="15.08138"><ele>811.5</ele><time>2000-01-01T01:36:56.000Z</time></trkpt><trkpt lat="46.18457" lon="15.08152"><ele>811.25</ele><time>2000-01-01T01:37:06.000Z</time></trkpt><trkpt lat="46.18456" lon="15.08181"><ele>811</ele><time>2000-01-01T01:37:16.000Z</time></trkpt><trkpt lat="46.18453" lon="15.08202"><ele>811</ele><time>2000-01-01T01:37:26.000Z</time></trkpt><trkpt lat="46.18449" lon="15.08212"><ele>811</ele><time>2000-01-01T01:37:36.000Z</time></trkpt><trkpt lat="46.18442" lon="15.08222"><ele>811</ele><time>2000-01-01T01:37:46.000Z</time></trkpt><trkpt lat="46.18432" lon="15.08231"><ele>810.25</ele><time>2000-01-01T01:37:56.000Z</time></trkpt><trkpt lat="46.18429" lon="15.08236"><ele>809.5</ele><time>2000-01-01T01:38:06.000Z</time></trkpt><trkpt lat="46.18425" lon="15.08246"><ele>808.75</ele><time>2000-01-01T01:38:16.000Z</time></trkpt><trkpt lat="46.1842" lon="15.08264"><ele>808</ele><time>2000-01-01T01:38:26.000Z</time></trkpt><trkpt lat="46.18421" lon="15.08286"><ele>808.33</ele><time>2000-01-01T01:38:36.000Z</time></trkpt><trkpt lat="46.18421" lon="15.08299"><ele>808.67</ele><time>2000-01-01T01:38:46.000Z</time></trkpt><trkpt lat="46.18418" lon="15.08311"><ele>809</ele><time>2000-01-01T01:38:56.000Z</time></trkpt><trkpt lat="46.18413" lon="15.08328"><ele>809.5</ele><time>2000-01-01T01:39:06.000Z</time></trkpt><trkpt lat="46.18413" lon="15.08331"><ele>810</ele><time>2000-01-01T01:39:16.000Z</time></trkpt><trkpt lat="46.18413" lon="15.08343"><ele>810.5</ele><time>2000-01-01T01:39:26.000Z</time></trkpt><trkpt lat="46.18414" lon="15.08357"><ele>811</ele><time>2000-01-01T01:39:36.000Z</time></trkpt><trkpt lat="46.18419" lon="15.08372"><ele>813</ele><time>2000-01-01T01:39:46.000Z</time></trkpt><trkpt lat="46.18422" lon="15.0839"><ele>815</ele><time>2000-01-01T01:39:56.000Z</time></trkpt><trkpt lat="46.1842" lon="15.08424"><ele>814.5</ele><time>2000-01-01T01:40:06.000Z</time></trkpt><trkpt lat="46.18419" lon="15.08426"><ele>814</ele><time>2000-01-01T01:40:16.000Z</time></trkpt><trkpt lat="46.18418" lon="15.08434"><ele>814</ele><time>2000-01-01T01:40:26.000Z</time></trkpt><trkpt lat="46.18418" lon="15.08439"><ele>814</ele><time>2000-01-01T01:40:36.000Z</time></trkpt><trkpt lat="46.1842" lon="15.08449"><ele>814</ele><time>2000-01-01T01:40:46.000Z</time></trkpt><trkpt lat="46.18421" lon="15.08456"><ele>814</ele><time>2000-01-01T01:40:56.000Z</time></trkpt><trkpt lat="46.18422" lon="15.08459"><ele>814</ele><time>2000-01-01T01:41:06.000Z</time></trkpt><trkpt lat="46.18423" lon="15.08466"><ele>814</ele><time>2000-01-01T01:41:16.000Z</time></trkpt><trkpt lat="46.18421" lon="15.08484"><ele>814.33</ele><time>2000-01-01T01:41:26.000Z</time></trkpt><trkpt lat="46.18418" lon="15.08497"><ele>814.67</ele><time>2000-01-01T01:41:36.000Z</time></trkpt><trkpt lat="46.18415" lon="15.08509"><ele>815</ele><time>2000-01-01T01:41:46.000Z</time></trkpt><trkpt lat="46.18416" lon="15.08512"><ele>815</ele><time>2000-01-01T01:41:56.000Z</time></trkpt><trkpt lat="46.18415" lon="15.08516"><ele>815</ele><time>2000-01-01T01:42:06.000Z</time></trkpt><trkpt lat="46.18414" lon="15.08521"><ele>815</ele><time>2000-01-01T01:42:16.000Z</time></trkpt><trkpt lat="46.18415" lon="15.08528"><ele>815</ele><time>2000-01-01T01:42:26.000Z</time></trkpt><trkpt lat="46.18416" lon="15.08536"><ele>815</ele><time>2000-01-01T01:42:36.000Z</time></trkpt><trkpt lat="46.18418" lon="15.08539"><ele>815</ele><time>2000-01-01T01:42:46.000Z</time></trkpt><trkpt lat="46.18419" lon="15.08547"><ele>815</ele><time>2000-01-01T01:42:56.000Z</time></trkpt><trkpt lat="46.18416" lon="15.08556"><ele>815</ele><time>2000-01-01T01:43:06.000Z</time></trkpt><trkpt lat="46.18416" lon="15.08564"><ele>815</ele><time>2000-01-01T01:43:16.000Z</time></trkpt><trkpt lat="46.18415" lon="15.08573"><ele>815</ele><time>2000-01-01T01:43:26.000Z</time></trkpt><trkpt lat="46.18416" lon="15.08582"><ele>815</ele><time>2000-01-01T01:43:36.000Z</time></trkpt><trkpt lat="46.18415" lon="15.08585"><ele>815</ele><time>2000-01-01T01:43:46.000Z</time></trkpt><trkpt lat="46.18417" lon="15.08596"><ele>813.75</ele><time>2000-01-01T01:43:56.000Z</time></trkpt><trkpt lat="46.18418" lon="15.08609"><ele>812.5</ele><time>2000-01-01T01:44:06.000Z</time></trkpt><trkpt lat="46.18419" lon="15.08614"><ele>811.25</ele><time>2000-01-01T01:44:16.000Z</time></trkpt><trkpt lat="46.18422" lon="15.0862"><ele>810</ele><time>2000-01-01T01:44:26.000Z</time></trkpt><trkpt lat="46.18425" lon="15.08634"><ele>809</ele><time>2000-01-01T01:44:36.000Z</time></trkpt><trkpt lat="46.18424" lon="15.08639"><ele>808</ele><time>2000-01-01T01:44:46.000Z</time></trkpt><trkpt lat="46.18425" lon="15.0865"><ele>807</ele><time>2000-01-01T01:44:56.000Z</time></trkpt><trkpt lat="46.18427" lon="15.08658"><ele>806</ele><time>2000-01-01T01:45:06.000Z</time></trkpt><trkpt lat="46.18428" lon="15.08664"><ele>801.5</ele><time>2000-01-01T01:45:16.000Z</time></trkpt><trkpt lat="46.1843" lon="15.08679"><ele>797</ele><time>2000-01-01T01:45:26.000Z</time></trkpt><trkpt lat="46.18433" lon="15.0869"><ele>792.5</ele><time>2000-01-01T01:45:36.000Z</time></trkpt><trkpt lat="46.18434" lon="15.08696"><ele>788</ele><time>2000-01-01T01:45:46.000Z</time></trkpt><trkpt lat="46.18431" lon="15.08702"><ele>788</ele><time>2000-01-01T01:45:56.000Z</time></trkpt><trkpt lat="46.18425" lon="15.08709"><ele>788</ele><time>2000-01-01T01:46:06.000Z</time></trkpt><trkpt lat="46.18419" lon="15.08711"><ele>788</ele><time>2000-01-01T01:46:16.000Z</time></trkpt><trkpt lat="46.18413" lon="15.08709"><ele>788</ele><time>2000-01-01T01:46:26.000Z</time></trkpt><trkpt lat="46.18407" lon="15.08708"><ele>783</ele><time>2000-01-01T01:46:36.000Z</time></trkpt><trkpt lat="46.18389" lon="15.08708"><ele>778</ele><time>2000-01-01T01:46:46.000Z</time></trkpt><trkpt lat="46.18375" lon="15.08703"><ele>773</ele><time>2000-01-01T01:46:56.000Z</time></trkpt><trkpt lat="46.18373" lon="15.08704"><ele>773</ele><time>2000-01-01T01:47:06.000Z</time></trkpt><trkpt lat="46.18373" lon="15.08706"><ele>773</ele><time>2000-01-01T01:47:16.000Z</time></trkpt><trkpt lat="46.18379" lon="15.08711"><ele>773</ele><time>2000-01-01T01:47:26.000Z</time></trkpt><trkpt lat="46.1838" lon="15.08716"><ele>773</ele><time>2000-01-01T01:47:36.000Z</time></trkpt><trkpt lat="46.18381" lon="15.08728"><ele>773</ele><time>2000-01-01T01:47:46.000Z</time></trkpt><trkpt lat="46.18381" lon="15.08742"><ele>773</ele><time>2000-01-01T01:47:56.000Z</time></trkpt><trkpt lat="46.18382" lon="15.08751"><ele>772.33</ele><time>2000-01-01T01:48:06.000Z</time></trkpt><trkpt lat="46.18379" lon="15.08774"><ele>771.67</ele><time>2000-01-01T01:48:16.000Z</time></trkpt><trkpt lat="46.18379" lon="15.08807"><ele>771</ele><time>2000-01-01T01:48:26.000Z</time></trkpt><trkpt lat="46.18381" lon="15.0882"><ele>770.5</ele><time>2000-01-01T01:48:36.000Z</time></trkpt><trkpt lat="46.1838" lon="15.08843"><ele>770</ele><time>2000-01-01T01:48:46.000Z</time></trkpt><trkpt lat="46.18381" lon="15.08859"><ele>768.33</ele><time>2000-01-01T01:48:56.000Z</time></trkpt><trkpt lat="46.18382" lon="15.08873"><ele>766.67</ele><time>2000-01-01T01:49:06.000Z</time></trkpt><trkpt lat="46.18384" lon="15.08882"><ele>765</ele><time>2000-01-01T01:49:16.000Z</time></trkpt><trkpt lat="46.18387" lon="15.08892"><ele>764</ele><time>2000-01-01T01:49:26.000Z</time></trkpt><trkpt lat="46.18387" lon="15.08899"><ele>763</ele><time>2000-01-01T01:49:36.000Z</time></trkpt><trkpt lat="46.18387" lon="15.08906"><ele>762</ele><time>2000-01-01T01:49:46.000Z</time></trkpt><trkpt lat="46.18387" lon="15.08934"><ele>761</ele><time>2000-01-01T01:49:56.000Z</time></trkpt><trkpt lat="46.18385" lon="15.08975"><ele>763</ele><time>2000-01-01T01:50:06.000Z</time></trkpt><trkpt lat="46.18385" lon="15.08988"><ele>762.75</ele><time>2000-01-01T01:50:16.000Z</time></trkpt><trkpt lat="46.18384" lon="15.08997"><ele>762.5</ele><time>2000-01-01T01:50:26.000Z</time></trkpt><trkpt lat="46.18385" lon="15.0901"><ele>762.25</ele><time>2000-01-01T01:50:36.000Z</time></trkpt><trkpt lat="46.18385" lon="15.09023"><ele>762</ele><time>2000-01-01T01:50:46.000Z</time></trkpt><trkpt lat="46.18385" lon="15.09044"><ele>762</ele><time>2000-01-01T01:50:56.000Z</time></trkpt><trkpt lat="46.18385" lon="15.09053"><ele>762</ele><time>2000-01-01T01:51:06.000Z</time></trkpt><trkpt lat="46.18383" lon="15.09072"><ele>762</ele><time>2000-01-01T01:51:16.000Z</time></trkpt><trkpt lat="46.18383" lon="15.09088"><ele>763.33</ele><time>2000-01-01T01:51:26.000Z</time></trkpt><trkpt lat="46.18385" lon="15.09104"><ele>764.67</ele><time>2000-01-01T01:51:36.000Z</time></trkpt><trkpt lat="46.18391" lon="15.0912"><ele>766</ele><time>2000-01-01T01:51:46.000Z</time></trkpt><trkpt lat="46.18397" lon="15.09129"><ele>766</ele><time>2000-01-01T01:51:56.000Z</time></trkpt><trkpt lat="46.18405" lon="15.09139"><ele>766</ele><time>2000-01-01T01:52:06.000Z</time></trkpt><trkpt lat="46.18408" lon="15.09144"><ele>766</ele><time>2000-01-01T01:52:16.000Z</time></trkpt><trkpt lat="46.18411" lon="15.0915"><ele>766</ele><time>2000-01-01T01:52:26.000Z</time></trkpt><trkpt lat="46.18414" lon="15.09159"><ele>765.5</ele><time>2000-01-01T01:52:36.000Z</time></trkpt><trkpt lat="46.18415" lon="15.09166"><ele>765</ele><time>2000-01-01T01:52:46.000Z</time></trkpt><trkpt lat="46.18417" lon="15.09183"><ele>764.5</ele><time>2000-01-01T01:52:56.000Z</time></trkpt><trkpt lat="46.18417" lon="15.09195"><ele>764</ele><time>2000-01-01T01:53:06.000Z</time></trkpt><trkpt lat="46.18418" lon="15.09198"><ele>763.8</ele><time>2000-01-01T01:53:16.000Z</time></trkpt><trkpt lat="46.18417" lon="15.09205"><ele>763.6</ele><time>2000-01-01T01:53:26.000Z</time></trkpt><trkpt lat="46.18417" lon="15.09222"><ele>763.4</ele><time>2000-01-01T01:53:36.000Z</time></trkpt><trkpt lat="46.18419" lon="15.0923"><ele>763.2</ele><time>2000-01-01T01:53:46.000Z</time></trkpt><trkpt lat="46.18421" lon="15.09235"><ele>763</ele><time>2000-01-01T01:53:56.000Z</time></trkpt><trkpt lat="46.18423" lon="15.0924"><ele>762.75</ele><time>2000-01-01T01:54:06.000Z</time></trkpt><trkpt lat="46.18427" lon="15.09246"><ele>762.5</ele><time>2000-01-01T01:54:16.000Z</time></trkpt><trkpt lat="46.18434" lon="15.09258"><ele>762.25</ele><time>2000-01-01T01:54:26.000Z</time></trkpt><trkpt lat="46.18443" lon="15.09271"><ele>762</ele><time>2000-01-01T01:54:36.000Z</time></trkpt><trkpt lat="46.18444" lon="15.09274"><ele>759.2</ele><time>2000-01-01T01:54:46.000Z</time></trkpt><trkpt lat="46.18444" lon="15.0928"><ele>756.4</ele><time>2000-01-01T01:54:56.000Z</time></trkpt><trkpt lat="46.18442" lon="15.09293"><ele>753.6</ele><time>2000-01-01T01:55:06.000Z</time></trkpt><trkpt lat="46.18438" lon="15.09302"><ele>750.8</ele><time>2000-01-01T01:55:16.000Z</time></trkpt><trkpt lat="46.18433" lon="15.0931"><ele>748</ele><time>2000-01-01T01:55:26.000Z</time></trkpt><trkpt lat="46.18433" lon="15.09313"><ele>748.67</ele><time>2000-01-01T01:55:36.000Z</time></trkpt><trkpt lat="46.18433" lon="15.09315"><ele>749.33</ele><time>2000-01-01T01:55:46.000Z</time></trkpt><trkpt lat="46.18435" lon="15.09322"><ele>750</ele><time>2000-01-01T01:55:56.000Z</time></trkpt><trkpt lat="46.18441" lon="15.09328"><ele>750.67</ele><time>2000-01-01T01:56:06.000Z</time></trkpt><trkpt lat="46.18446" lon="15.09331"><ele>751.33</ele><time>2000-01-01T01:56:16.000Z</time></trkpt><trkpt lat="46.1845" lon="15.09334"><ele>752</ele><time>2000-01-01T01:56:26.000Z</time></trkpt><trkpt lat="46.18463" lon="15.09348"><ele>754</ele><time>2000-01-01T01:56:36.000Z</time></trkpt><trkpt lat="46.18472" lon="15.09363"><ele>756</ele><time>2000-01-01T01:56:46.000Z</time></trkpt><trkpt lat="46.18476" lon="15.09372"><ele>756</ele><time>2000-01-01T01:56:56.000Z</time></trkpt><trkpt lat="46.18479" lon="15.09382"><ele>756</ele><time>2000-01-01T01:57:06.000Z</time></trkpt><trkpt lat="46.18479" lon="15.09384"><ele>756</ele><time>2000-01-01T01:57:16.000Z</time></trkpt><trkpt lat="46.1848" lon="15.09393"><ele>756</ele><time>2000-01-01T01:57:26.000Z</time></trkpt><trkpt lat="46.18481" lon="15.09399"><ele>756</ele><time>2000-01-01T01:57:36.000Z</time></trkpt><trkpt lat="46.18479" lon="15.09431"><ele>756</ele><time>2000-01-01T01:57:46.000Z</time></trkpt><trkpt lat="46.1848" lon="15.09456"><ele>756</ele><time>2000-01-01T01:57:56.000Z</time></trkpt><trkpt lat="46.18477" lon="15.09469"><ele>758.33</ele><time>2000-01-01T01:58:06.000Z</time></trkpt><trkpt lat="46.18472" lon="15.0948"><ele>760.67</ele><time>2000-01-01T01:58:16.000Z</time></trkpt><trkpt lat="46.18472" lon="15.09494"><ele>763</ele><time>2000-01-01T01:58:26.000Z</time></trkpt><trkpt lat="46.18471" lon="15.09508"><ele>765</ele><time>2000-01-01T01:58:36.000Z</time></trkpt><trkpt lat="46.18472" lon="15.09509"><ele>767</ele><time>2000-01-01T01:58:46.000Z</time></trkpt><trkpt lat="46.18476" lon="15.09528"><ele>769</ele><time>2000-01-01T01:58:56.000Z</time></trkpt><trkpt lat="46.18482" lon="15.09541"><ele>771</ele><time>2000-01-01T01:59:06.000Z</time></trkpt><trkpt lat="46.18493" lon="15.09558"><ele>772</ele><time>2000-01-01T01:59:16.000Z</time></trkpt><trkpt lat="46.185" lon="15.09573"><ele>773</ele><time>2000-01-01T01:59:26.000Z</time></trkpt><trkpt lat="46.18502" lon="15.09577"><ele>771.25</ele><time>2000-01-01T01:59:36.000Z</time></trkpt><trkpt lat="46.18506" lon="15.09584"><ele>769.5</ele><time>2000-01-01T01:59:46.000Z</time></trkpt><trkpt lat="46.18507" lon="15.09597"><ele>767.75</ele><time>2000-01-01T01:59:56.000Z</time></trkpt><trkpt lat="46.18512" lon="15.09623"><ele>766</ele><time>2000-01-01T02:00:06.000Z</time></trkpt><trkpt lat="46.18512" lon="15.09637"><ele>766.33</ele><time>2000-01-01T02:00:16.000Z</time></trkpt><trkpt lat="46.1851" lon="15.0965"><ele>766.67</ele><time>2000-01-01T02:00:26.000Z</time></trkpt><trkpt lat="46.18514" lon="15.09666"><ele>767</ele><time>2000-01-01T02:00:36.000Z</time></trkpt><trkpt lat="46.18515" lon="15.09675"><ele>766.67</ele><time>2000-01-01T02:00:46.000Z</time></trkpt><trkpt lat="46.18514" lon="15.09683"><ele>766.33</ele><time>2000-01-01T02:00:56.000Z</time></trkpt><trkpt lat="46.18515" lon="15.09686"><ele>766</ele><time>2000-01-01T02:01:06.000Z</time></trkpt><trkpt lat="46.18517" lon="15.0969"><ele>765.67</ele><time>2000-01-01T02:01:16.000Z</time></trkpt><trkpt lat="46.18522" lon="15.09697"><ele>765.33</ele><time>2000-01-01T02:01:26.000Z</time></trkpt><trkpt lat="46.18529" lon="15.09705"><ele>765</ele><time>2000-01-01T02:01:36.000Z</time></trkpt><trkpt lat="46.18541" lon="15.09726"><ele>764.5</ele><time>2000-01-01T02:01:46.000Z</time></trkpt><trkpt lat="46.18544" lon="15.0975"><ele>764</ele><time>2000-01-01T02:01:56.000Z</time></trkpt><trkpt lat="46.18543" lon="15.09764"><ele>764.67</ele><time>2000-01-01T02:02:06.000Z</time></trkpt><trkpt lat="46.18543" lon="15.09775"><ele>765.33</ele><time>2000-01-01T02:02:16.000Z</time></trkpt><trkpt lat="46.18546" lon="15.09788"><ele>766</ele><time>2000-01-01T02:02:26.000Z</time></trkpt><trkpt lat="46.18546" lon="15.09799"><ele>766.75</ele><time>2000-01-01T02:02:36.000Z</time></trkpt><trkpt lat="46.1855" lon="15.09812"><ele>767.5</ele><time>2000-01-01T02:02:46.000Z</time></trkpt><trkpt lat="46.18551" lon="15.09816"><ele>768.25</ele><time>2000-01-01T02:02:56.000Z</time></trkpt><trkpt lat="46.18553" lon="15.09826"><ele>769</ele><time>2000-01-01T02:03:06.000Z</time></trkpt><trkpt lat="46.18555" lon="15.0984"><ele>769</ele><time>2000-01-01T02:03:16.000Z</time></trkpt><trkpt lat="46.18563" lon="15.09855"><ele>769</ele><time>2000-01-01T02:03:26.000Z</time></trkpt><trkpt lat="46.18568" lon="15.09863"><ele>769</ele><time>2000-01-01T02:03:36.000Z</time></trkpt><trkpt lat="46.18572" lon="15.09868"><ele>768.25</ele><time>2000-01-01T02:03:46.000Z</time></trkpt><trkpt lat="46.18575" lon="15.09875"><ele>767.5</ele><time>2000-01-01T02:03:56.000Z</time></trkpt><trkpt lat="46.18572" lon="15.09886"><ele>766.75</ele><time>2000-01-01T02:04:06.000Z</time></trkpt><trkpt lat="46.18563" lon="15.09898"><ele>766</ele><time>2000-01-01T02:04:16.000Z</time></trkpt><trkpt lat="46.18557" lon="15.09905"><ele>766.5</ele><time>2000-01-01T02:04:26.000Z</time></trkpt><trkpt lat="46.1854" lon="15.09922"><ele>767</ele><time>2000-01-01T02:04:36.000Z</time></trkpt><trkpt lat="46.18537" lon="15.09928"><ele>767.5</ele><time>2000-01-01T02:04:46.000Z</time></trkpt><trkpt lat="46.18532" lon="15.09932"><ele>768</ele><time>2000-01-01T02:04:56.000Z</time></trkpt><trkpt lat="46.18532" lon="15.09945"><ele>768.5</ele><time>2000-01-01T02:05:06.000Z</time></trkpt><trkpt lat="46.1853" lon="15.09959"><ele>769</ele><time>2000-01-01T02:05:16.000Z</time></trkpt><trkpt lat="46.18523" lon="15.09969"><ele>770.33</ele><time>2000-01-01T02:05:26.000Z</time></trkpt><trkpt lat="46.18516" lon="15.09975"><ele>771.67</ele><time>2000-01-01T02:05:36.000Z</time></trkpt><trkpt lat="46.18508" lon="15.09981"><ele>773</ele><time>2000-01-01T02:05:46.000Z</time></trkpt><trkpt lat="46.18496" lon="15.0999"><ele>775</ele><time>2000-01-01T02:05:56.000Z</time></trkpt><trkpt lat="46.18493" lon="15.09991"><ele>777</ele><time>2000-01-01T02:06:06.000Z</time></trkpt><trkpt lat="46.18485" lon="15.09999"><ele>779</ele><time>2000-01-01T02:06:16.000Z</time></trkpt><trkpt lat="46.18483" lon="15.1"><ele>779.2</ele><time>2000-01-01T02:06:26.000Z</time></trkpt><trkpt lat="46.18482" lon="15.10003"><ele>779.4</ele><time>2000-01-01T02:06:36.000Z</time></trkpt><trkpt lat="46.18476" lon="15.10015"><ele>779.6</ele><time>2000-01-01T02:06:46.000Z</time></trkpt><trkpt lat="46.18471" lon="15.10019"><ele>779.8</ele><time>2000-01-01T02:06:56.000Z</time></trkpt><trkpt lat="46.18465" lon="15.10027"><ele>780</ele><time>2000-01-01T02:07:06.000Z</time></trkpt><trkpt lat="46.18456" lon="15.10034"><ele>780.25</ele><time>2000-01-01T02:07:16.000Z</time></trkpt><trkpt lat="46.18448" lon="15.1004"><ele>780.5</ele><time>2000-01-01T02:07:26.000Z</time></trkpt><trkpt lat="46.18443" lon="15.10042"><ele>780.75</ele><time>2000-01-01T02:07:36.000Z</time></trkpt><trkpt lat="46.18431" lon="15.10056"><ele>781</ele><time>2000-01-01T02:07:46.000Z</time></trkpt><trkpt lat="46.18415" lon="15.1007"><ele>782</ele><time>2000-01-01T02:07:56.000Z</time></trkpt><trkpt lat="46.18406" lon="15.10073"><ele>783</ele><time>2000-01-01T02:08:06.000Z</time></trkpt><trkpt lat="46.18378" lon="15.10073"><ele>780</ele><time>2000-01-01T02:08:16.000Z</time></trkpt><trkpt lat="46.18365" lon="15.10069"><ele>778.5</ele><time>2000-01-01T02:08:26.000Z</time></trkpt><trkpt lat="46.1835" lon="15.10058"><ele>777</ele><time>2000-01-01T02:08:36.000Z</time></trkpt><trkpt lat="46.18334" lon="15.10036"><ele>773</ele><time>2000-01-01T02:08:46.000Z</time></trkpt><trkpt lat="46.18328" lon="15.10031"><ele>769</ele><time>2000-01-01T02:08:56.000Z</time></trkpt><trkpt lat="46.18326" lon="15.10031"><ele>767.25</ele><time>2000-01-01T02:09:06.000Z</time></trkpt><trkpt lat="46.18314" lon="15.10034"><ele>765.5</ele><time>2000-01-01T02:09:16.000Z</time></trkpt><trkpt lat="46.18305" lon="15.10039"><ele>763.75</ele><time>2000-01-01T02:09:26.000Z</time></trkpt><trkpt lat="46.18297" lon="15.10042"><ele>762</ele><time>2000-01-01T02:09:36.000Z</time></trkpt><trkpt lat="46.18288" lon="15.10044"><ele>761</ele><time>2000-01-01T02:09:46.000Z</time></trkpt><trkpt lat="46.18275" lon="15.10043"><ele>760</ele><time>2000-01-01T02:09:56.000Z</time></trkpt><trkpt lat="46.18262" lon="15.10041"><ele>759</ele><time>2000-01-01T02:10:06.000Z</time></trkpt><trkpt lat="46.18245" lon="15.10037"><ele>757</ele><time>2000-01-01T02:10:16.000Z</time></trkpt><trkpt lat="46.18235" lon="15.10036"><ele>755</ele><time>2000-01-01T02:10:26.000Z</time></trkpt><trkpt lat="46.18223" lon="15.10032"><ele>753.5</ele><time>2000-01-01T02:10:36.000Z</time></trkpt><trkpt lat="46.18206" lon="15.1003"><ele>752</ele><time>2000-01-01T02:10:46.000Z</time></trkpt><trkpt lat="46.18193" lon="15.1003"><ele>751.33</ele><time>2000-01-01T02:10:56.000Z</time></trkpt><trkpt lat="46.18184" lon="15.10029"><ele>750.67</ele><time>2000-01-01T02:11:06.000Z</time></trkpt><trkpt lat="46.18157" lon="15.10029"><ele>750</ele><time>2000-01-01T02:11:16.000Z</time></trkpt><trkpt lat="46.18151" lon="15.1003"><ele>750</ele><time>2000-01-01T02:11:26.000Z</time></trkpt><trkpt lat="46.1813" lon="15.10041"><ele>750</ele><time>2000-01-01T02:11:36.000Z</time></trkpt><trkpt lat="46.18125" lon="15.10043"><ele>750</ele><time>2000-01-01T02:11:46.000Z</time></trkpt><trkpt lat="46.18115" lon="15.10049"><ele>750</ele><time>2000-01-01T02:11:56.000Z</time></trkpt><trkpt lat="46.18107" lon="15.10054"><ele>750</ele><time>2000-01-01T02:12:06.000Z</time></trkpt><trkpt lat="46.18103" lon="15.10057"><ele>750</ele><time>2000-01-01T02:12:16.000Z</time></trkpt><trkpt lat="46.18091" lon="15.10064"><ele>749.5</ele><time>2000-01-01T02:12:26.000Z</time></trkpt><trkpt lat="46.1807" lon="15.10084"><ele>749</ele><time>2000-01-01T02:12:36.000Z</time></trkpt><trkpt lat="46.1806" lon="15.10095"><ele>749</ele><time>2000-01-01T02:12:46.000Z</time></trkpt><trkpt lat="46.18055" lon="15.101"><ele>749</ele><time>2000-01-01T02:12:56.000Z</time></trkpt><trkpt lat="46.18044" lon="15.10105"><ele>749</ele><time>2000-01-01T02:13:06.000Z</time></trkpt><trkpt lat="46.18043" lon="15.10106"><ele>749.86</ele><time>2000-01-01T02:13:16.000Z</time></trkpt><trkpt lat="46.18041" lon="15.10109"><ele>750.71</ele><time>2000-01-01T02:13:26.000Z</time></trkpt><trkpt lat="46.18041" lon="15.10112"><ele>751.57</ele><time>2000-01-01T02:13:36.000Z</time></trkpt><trkpt lat="46.1804" lon="15.10125"><ele>752.43</ele><time>2000-01-01T02:13:46.000Z</time></trkpt><trkpt lat="46.18039" lon="15.10129"><ele>753.29</ele><time>2000-01-01T02:13:56.000Z</time></trkpt><trkpt lat="46.18038" lon="15.10138"><ele>754.14</ele><time>2000-01-01T02:14:06.000Z</time></trkpt><trkpt lat="46.18037" lon="15.10141"><ele>755</ele><time>2000-01-01T02:14:16.000Z</time></trkpt><trkpt lat="46.18035" lon="15.10147"><ele>757</ele><time>2000-01-01T02:14:26.000Z</time></trkpt><trkpt lat="46.1803" lon="15.10173"><ele>759</ele><time>2000-01-01T02:14:36.000Z</time></trkpt><trkpt lat="46.1803" lon="15.10186"><ele>761</ele><time>2000-01-01T02:14:46.000Z</time></trkpt><trkpt lat="46.18031" lon="15.10213"><ele>761.67</ele><time>2000-01-01T02:14:56.000Z</time></trkpt><trkpt lat="46.18031" lon="15.10222"><ele>762.33</ele><time>2000-01-01T02:15:06.000Z</time></trkpt><trkpt lat="46.18029" lon="15.1023"><ele>763</ele><time>2000-01-01T02:15:16.000Z</time></trkpt><trkpt lat="46.18028" lon="15.10236"><ele>762.5</ele><time>2000-01-01T02:15:26.000Z</time></trkpt><trkpt lat="46.18028" lon="15.10246"><ele>762</ele><time>2000-01-01T02:15:36.000Z</time></trkpt><trkpt lat="46.18026" lon="15.10259"><ele>761.5</ele><time>2000-01-01T02:15:46.000Z</time></trkpt><trkpt lat="46.18022" lon="15.10271"><ele>761</ele><time>2000-01-01T02:15:56.000Z</time></trkpt><trkpt lat="46.18019" lon="15.10282"><ele>761</ele><time>2000-01-01T02:16:06.000Z</time></trkpt><trkpt lat="46.18014" lon="15.10291"><ele>761</ele><time>2000-01-01T02:16:16.000Z</time></trkpt><trkpt lat="46.18011" lon="15.10294"><ele>761</ele><time>2000-01-01T02:16:26.000Z</time></trkpt><trkpt lat="46.18004" lon="15.10295"><ele>761</ele><time>2000-01-01T02:16:36.000Z</time></trkpt><trkpt lat="46.18002" lon="15.10294"><ele>761</ele><time>2000-01-01T02:16:46.000Z</time></trkpt><trkpt lat="46.17992" lon="15.10292"><ele>761</ele><time>2000-01-01T02:16:56.000Z</time></trkpt><trkpt lat="46.17987" lon="15.1029"><ele>761</ele><time>2000-01-01T02:17:06.000Z</time></trkpt><trkpt lat="46.17984" lon="15.10289"><ele>761</ele><time>2000-01-01T02:17:16.000Z</time></trkpt><trkpt lat="46.17968" lon="15.10289"><ele>761</ele><time>2000-01-01T02:17:26.000Z</time></trkpt><trkpt lat="46.17951" lon="15.10291"><ele>762</ele><time>2000-01-01T02:17:36.000Z</time></trkpt><trkpt lat="46.17942" lon="15.10294"><ele>763</ele><time>2000-01-01T02:17:46.000Z</time></trkpt><trkpt lat="46.17925" lon="15.103"><ele>769</ele><time>2000-01-01T02:17:56.000Z</time></trkpt><trkpt lat="46.17918" lon="15.10305"><ele>775</ele><time>2000-01-01T02:18:06.000Z</time></trkpt><trkpt lat="46.179" lon="15.1032"><ele>775</ele><time>2000-01-01T02:18:16.000Z</time></trkpt><trkpt lat="46.17889" lon="15.10326"><ele>775</ele><time>2000-01-01T02:18:26.000Z</time></trkpt><trkpt lat="46.17883" lon="15.10328"><ele>775</ele><time>2000-01-01T02:18:36.000Z</time></trkpt><trkpt lat="46.17881" lon="15.10329"><ele>775</ele><time>2000-01-01T02:18:46.000Z</time></trkpt><trkpt lat="46.17871" lon="15.10329"><ele>775</ele><time>2000-01-01T02:18:56.000Z</time></trkpt><trkpt lat="46.17858" lon="15.10328"><ele>775</ele><time>2000-01-01T02:19:06.000Z</time></trkpt><trkpt lat="46.17842" lon="15.1033"><ele>773.5</ele><time>2000-01-01T02:19:16.000Z</time></trkpt><trkpt lat="46.17832" lon="15.10334"><ele>772</ele><time>2000-01-01T02:19:26.000Z</time></trkpt><trkpt lat="46.17824" lon="15.10339"><ele>771.5</ele><time>2000-01-01T02:19:36.000Z</time></trkpt><trkpt lat="46.1782" lon="15.10341"><ele>771</ele><time>2000-01-01T02:19:46.000Z</time></trkpt><trkpt lat="46.17811" lon="15.10349"><ele>770.5</ele><time>2000-01-01T02:19:56.000Z</time></trkpt><trkpt lat="46.178" lon="15.10361"><ele>770</ele><time>2000-01-01T02:20:06.000Z</time></trkpt><trkpt lat="46.17791" lon="15.1037"><ele>769.6</ele><time>2000-01-01T02:20:16.000Z</time></trkpt><trkpt lat="46.17784" lon="15.10377"><ele>769.2</ele><time>2000-01-01T02:20:26.000Z</time></trkpt><trkpt lat="46.17781" lon="15.10377"><ele>768.8</ele><time>2000-01-01T02:20:36.000Z</time></trkpt><trkpt lat="46.1778" lon="15.10379"><ele>768.4</ele><time>2000-01-01T02:20:46.000Z</time></trkpt><trkpt lat="46.17773" lon="15.10388"><ele>768</ele><time>2000-01-01T02:20:56.000Z</time></trkpt><trkpt lat="46.17768" lon="15.10393"><ele>768</ele><time>2000-01-01T02:21:06.000Z</time></trkpt><trkpt lat="46.17766" lon="15.10396"><ele>768</ele><time>2000-01-01T02:21:16.000Z</time></trkpt><trkpt lat="46.17763" lon="15.10399"><ele>768</ele><time>2000-01-01T02:21:26.000Z</time></trkpt><trkpt lat="46.17761" lon="15.10401"><ele>768</ele><time>2000-01-01T02:21:36.000Z</time></trkpt><trkpt lat="46.1776" lon="15.10405"><ele>768</ele><time>2000-01-01T02:21:46.000Z</time></trkpt><trkpt lat="46.17756" lon="15.1041"><ele>768</ele><time>2000-01-01T02:21:56.000Z</time></trkpt><trkpt lat="46.17749" lon="15.10422"><ele>768</ele><time>2000-01-01T02:22:06.000Z</time></trkpt><trkpt lat="46.17742" lon="15.10429"><ele>768</ele><time>2000-01-01T02:22:16.000Z</time></trkpt><trkpt lat="46.17737" lon="15.10435"><ele>768</ele><time>2000-01-01T02:22:26.000Z</time></trkpt><trkpt lat="46.17735" lon="15.10439"><ele>768</ele><time>2000-01-01T02:22:36.000Z</time></trkpt><trkpt lat="46.17722" lon="15.10453"><ele>768</ele><time>2000-01-01T02:22:46.000Z</time></trkpt><trkpt lat="46.17698" lon="15.10492"><ele>783</ele><time>2000-01-01T02:22:56.000Z</time></trkpt><trkpt lat="46.17682" lon="15.10518"><ele>785.5</ele><time>2000-01-01T02:23:06.000Z</time></trkpt><trkpt lat="46.17674" lon="15.10525"><ele>788</ele><time>2000-01-01T02:23:16.000Z</time></trkpt><trkpt lat="46.17664" lon="15.10523"><ele>787.75</ele><time>2000-01-01T02:23:26.000Z</time></trkpt><trkpt lat="46.17659" lon="15.10519"><ele>787.5</ele><time>2000-01-01T02:23:36.000Z</time></trkpt><trkpt lat="46.17655" lon="15.10508"><ele>787.25</ele><time>2000-01-01T02:23:46.000Z</time></trkpt><trkpt lat="46.17652" lon="15.10503"><ele>787</ele><time>2000-01-01T02:23:56.000Z</time></trkpt><trkpt lat="46.1765" lon="15.105"><ele>787</ele><time>2000-01-01T02:24:06.000Z</time></trkpt><trkpt lat="46.17647" lon="15.10498"><ele>787</ele><time>2000-01-01T02:24:16.000Z</time></trkpt><trkpt lat="46.17643" lon="15.10492"><ele>787</ele><time>2000-01-01T02:24:26.000Z</time></trkpt><trkpt lat="46.17637" lon="15.10484"><ele>787</ele><time>2000-01-01T02:24:36.000Z</time></trkpt><trkpt lat="46.17633" lon="15.10478"><ele>787</ele><time>2000-01-01T02:24:46.000Z</time></trkpt><trkpt lat="46.17629" lon="15.1047"><ele>787.5</ele><time>2000-01-01T02:24:56.000Z</time></trkpt><trkpt lat="46.17625" lon="15.10465"><ele>788</ele><time>2000-01-01T02:25:06.000Z</time></trkpt><trkpt lat="46.17616" lon="15.10453"><ele>788.5</ele><time>2000-01-01T02:25:16.000Z</time></trkpt><trkpt lat="46.17608" lon="15.10445"><ele>789</ele><time>2000-01-01T02:25:26.000Z</time></trkpt><trkpt lat="46.17605" lon="15.10442"><ele>789.75</ele><time>2000-01-01T02:25:36.000Z</time></trkpt><trkpt lat="46.17599" lon="15.10432"><ele>790.5</ele><time>2000-01-01T02:25:46.000Z</time></trkpt><trkpt lat="46.17594" lon="15.10422"><ele>791.25</ele><time>2000-01-01T02:25:56.000Z</time></trkpt><trkpt lat="46.17589" lon="15.10415"><ele>792</ele><time>2000-01-01T02:26:06.000Z</time></trkpt><trkpt lat="46.17586" lon="15.10409"><ele>794.75</ele><time>2000-01-01T02:26:16.000Z</time></trkpt><trkpt lat="46.17573" lon="15.10399"><ele>797.5</ele><time>2000-01-01T02:26:26.000Z</time></trkpt><trkpt lat="46.17571" lon="15.10399"><ele>800.25</ele><time>2000-01-01T02:26:36.000Z</time></trkpt><trkpt lat="46.17565" lon="15.104"><ele>803</ele><time>2000-01-01T02:26:46.000Z</time></trkpt><trkpt lat="46.17558" lon="15.10402"><ele>806.25</ele><time>2000-01-01T02:26:56.000Z</time></trkpt><trkpt lat="46.17554" lon="15.10405"><ele>809.5</ele><time>2000-01-01T02:27:06.000Z</time></trkpt><trkpt lat="46.17541" lon="15.10411"><ele>812.75</ele><time>2000-01-01T02:27:16.000Z</time></trkpt><trkpt lat="46.17529" lon="15.10421"><ele>816</ele><time>2000-01-01T02:27:26.000Z</time></trkpt><trkpt lat="46.17523" lon="15.10426"><ele>816.4</ele><time>2000-01-01T02:27:36.000Z</time></trkpt><trkpt lat="46.17521" lon="15.10428"><ele>816.8</ele><time>2000-01-01T02:27:46.000Z</time></trkpt><trkpt lat="46.17516" lon="15.10432"><ele>817.2</ele><time>2000-01-01T02:27:56.000Z</time></trkpt><trkpt lat="46.17509" lon="15.10435"><ele>817.6</ele><time>2000-01-01T02:28:06.000Z</time></trkpt><trkpt lat="46.17502" lon="15.10436"><ele>818</ele><time>2000-01-01T02:28:16.000Z</time></trkpt><trkpt lat="46.17498" lon="15.10438"><ele>817.8</ele><time>2000-01-01T02:28:26.000Z</time></trkpt><trkpt lat="46.17492" lon="15.10437"><ele>817.6</ele><time>2000-01-01T02:28:36.000Z</time></trkpt><trkpt lat="46.1749" lon="15.10436"><ele>817.4</ele><time>2000-01-01T02:28:46.000Z</time></trkpt><trkpt lat="46.17479" lon="15.10436"><ele>817.2</ele><time>2000-01-01T02:28:56.000Z</time></trkpt><trkpt lat="46.17471" lon="15.10433"><ele>817</ele><time>2000-01-01T02:29:06.000Z</time></trkpt><trkpt lat="46.17469" lon="15.10431"><ele>817.2</ele><time>2000-01-01T02:29:16.000Z</time></trkpt><trkpt lat="46.17461" lon="15.1043"><ele>817.4</ele><time>2000-01-01T02:29:26.000Z</time></trkpt><trkpt lat="46.17458" lon="15.10428"><ele>817.6</ele><time>2000-01-01T02:29:36.000Z</time></trkpt><trkpt lat="46.17455" lon="15.10424"><ele>817.8</ele><time>2000-01-01T02:29:46.000Z</time></trkpt><trkpt lat="46.17448" lon="15.1042"><ele>818</ele><time>2000-01-01T02:29:56.000Z</time></trkpt><trkpt lat="46.17446" lon="15.1042"><ele>818.14</ele><time>2000-01-01T02:30:06.000Z</time></trkpt><trkpt lat="46.17441" lon="15.10417"><ele>818.29</ele><time>2000-01-01T02:30:16.000Z</time></trkpt><trkpt lat="46.17434" lon="15.10415"><ele>818.43</ele><time>2000-01-01T02:30:26.000Z</time></trkpt><trkpt lat="46.17431" lon="15.10416"><ele>818.57</ele><time>2000-01-01T02:30:36.000Z</time></trkpt><trkpt lat="46.17427" lon="15.10418"><ele>818.71</ele><time>2000-01-01T02:30:46.000Z</time></trkpt><trkpt lat="46.17424" lon="15.10419"><ele>818.86</ele><time>2000-01-01T02:30:56.000Z</time></trkpt><trkpt lat="46.17422" lon="15.10418"><ele>819</ele><time>2000-01-01T02:31:06.000Z</time></trkpt><trkpt lat="46.17415" lon="15.10418"><ele>821</ele><time>2000-01-01T02:31:16.000Z</time></trkpt><trkpt lat="46.17405" lon="15.10422"><ele>823</ele><time>2000-01-01T02:31:26.000Z</time></trkpt><trkpt lat="46.17399" lon="15.10423"><ele>825</ele><time>2000-01-01T02:31:36.000Z</time></trkpt><trkpt lat="46.17395" lon="15.10423"><ele>827</ele><time>2000-01-01T02:31:46.000Z</time></trkpt><trkpt lat="46.17391" lon="15.10422"><ele>830</ele><time>2000-01-01T02:31:56.000Z</time></trkpt><trkpt lat="46.17388" lon="15.1042"><ele>833</ele><time>2000-01-01T02:32:06.000Z</time></trkpt><trkpt lat="46.17369" lon="15.10408"><ele>836</ele><time>2000-01-01T02:32:16.000Z</time></trkpt><trkpt lat="46.17361" lon="15.10402"><ele>839.5</ele><time>2000-01-01T02:32:26.000Z</time></trkpt><trkpt lat="46.17356" lon="15.10395"><ele>843</ele><time>2000-01-01T02:32:36.000Z</time></trkpt><trkpt lat="46.17353" lon="15.10392"><ele>846.5</ele><time>2000-01-01T02:32:46.000Z</time></trkpt><trkpt lat="46.17344" lon="15.10389"><ele>850</ele><time>2000-01-01T02:32:56.000Z</time></trkpt><trkpt lat="46.17337" lon="15.10382"><ele>851.8</ele><time>2000-01-01T02:33:06.000Z</time></trkpt><trkpt lat="46.17331" lon="15.10379"><ele>853.6</ele><time>2000-01-01T02:33:16.000Z</time></trkpt><trkpt lat="46.17329" lon="15.10379"><ele>855.4</ele><time>2000-01-01T02:33:26.000Z</time></trkpt><trkpt lat="46.17323" lon="15.10374"><ele>857.2</ele><time>2000-01-01T02:33:36.000Z</time></trkpt><trkpt lat="46.17317" lon="15.10371"><ele>859</ele><time>2000-01-01T02:33:46.000Z</time></trkpt><trkpt lat="46.17311" lon="15.10368"><ele>859.4</ele><time>2000-01-01T02:33:56.000Z</time></trkpt><trkpt lat="46.1731" lon="15.10366"><ele>859.8</ele><time>2000-01-01T02:34:06.000Z</time></trkpt><trkpt lat="46.17305" lon="15.10365"><ele>860.2</ele><time>2000-01-01T02:34:16.000Z</time></trkpt><trkpt lat="46.173" lon="15.10361"><ele>860.6</ele><time>2000-01-01T02:34:26.000Z</time></trkpt><trkpt lat="46.17294" lon="15.10359"><ele>861</ele><time>2000-01-01T02:34:36.000Z</time></trkpt><trkpt lat="46.17286" lon="15.10353"><ele>861.75</ele><time>2000-01-01T02:34:46.000Z</time></trkpt><trkpt lat="46.17281" lon="15.10352"><ele>862.5</ele><time>2000-01-01T02:34:56.000Z</time></trkpt><trkpt lat="46.17278" lon="15.1035"><ele>863.25</ele><time>2000-01-01T02:35:06.000Z</time></trkpt><trkpt lat="46.17263" lon="15.10347"><ele>864</ele><time>2000-01-01T02:35:16.000Z</time></trkpt><trkpt lat="46.1726" lon="15.10347"><ele>864.33</ele><time>2000-01-01T02:35:26.000Z</time></trkpt><trkpt lat="46.17256" lon="15.1035"><ele>864.67</ele><time>2000-01-01T02:35:36.000Z</time></trkpt><trkpt lat="46.17253" lon="15.10356"><ele>865</ele><time>2000-01-01T02:35:46.000Z</time></trkpt><trkpt lat="46.17254" lon="15.10365"><ele>865.33</ele><time>2000-01-01T02:35:56.000Z</time></trkpt><trkpt lat="46.17255" lon="15.1037"><ele>865.67</ele><time>2000-01-01T02:36:06.000Z</time></trkpt><trkpt lat="46.17257" lon="15.10383"><ele>866</ele><time>2000-01-01T02:36:16.000Z</time></trkpt><trkpt lat="46.1726" lon="15.10395"><ele>866.33</ele><time>2000-01-01T02:36:26.000Z</time></trkpt><trkpt lat="46.1726" lon="15.10401"><ele>866.67</ele><time>2000-01-01T02:36:36.000Z</time></trkpt><trkpt lat="46.17259" lon="15.10408"><ele>867</ele><time>2000-01-01T02:36:46.000Z</time></trkpt><trkpt lat="46.17259" lon="15.1041"><ele>867.33</ele><time>2000-01-01T02:36:56.000Z</time></trkpt><trkpt lat="46.17255" lon="15.10415"><ele>867.67</ele><time>2000-01-01T02:37:06.000Z</time></trkpt><trkpt lat="46.17245" lon="15.10428"><ele>868</ele><time>2000-01-01T02:37:16.000Z</time></trkpt><trkpt lat="46.17238" lon="15.10432"><ele>868</ele><time>2000-01-01T02:37:26.000Z</time></trkpt><trkpt lat="46.1723" lon="15.10439"><ele>868</ele><time>2000-01-01T02:37:36.000Z</time></trkpt><trkpt lat="46.17222" lon="15.10443"><ele>868</ele><time>2000-01-01T02:37:46.000Z</time></trkpt><trkpt lat="46.17212" lon="15.10447"><ele>868</ele><time>2000-01-01T02:37:56.000Z</time></trkpt><trkpt lat="46.17205" lon="15.10447"><ele>868.67</ele><time>2000-01-01T02:38:06.000Z</time></trkpt><trkpt lat="46.17203" lon="15.10448"><ele>869.33</ele><time>2000-01-01T02:38:16.000Z</time></trkpt><trkpt lat="46.17184" lon="15.10461"><ele>870</ele><time>2000-01-01T02:38:26.000Z</time></trkpt><trkpt lat="46.17178" lon="15.10462"><ele>870</ele><time>2000-01-01T02:38:36.000Z</time></trkpt><trkpt lat="46.17168" lon="15.10467"><ele>870</ele><time>2000-01-01T02:38:46.000Z</time></trkpt><trkpt lat="46.17161" lon="15.10468"><ele>870</ele><time>2000-01-01T02:38:56.000Z</time></trkpt><trkpt lat="46.1714" lon="15.10478"><ele>870</ele><time>2000-01-01T02:39:06.000Z</time></trkpt><trkpt lat="46.17133" lon="15.1048"><ele>870.33</ele><time>2000-01-01T02:39:16.000Z</time></trkpt><trkpt lat="46.17125" lon="15.10479"><ele>870.67</ele><time>2000-01-01T02:39:26.000Z</time></trkpt><trkpt lat="46.17104" lon="15.10485"><ele>871</ele><time>2000-01-01T02:39:36.000Z</time></trkpt><trkpt lat="46.17098" lon="15.10488"><ele>873.25</ele><time>2000-01-01T02:39:46.000Z</time></trkpt><trkpt lat="46.17093" lon="15.10491"><ele>875.5</ele><time>2000-01-01T02:39:56.000Z</time></trkpt><trkpt lat="46.17083" lon="15.10495"><ele>877.75</ele><time>2000-01-01T02:40:06.000Z</time></trkpt><trkpt lat="46.17079" lon="15.10498"><ele>880</ele><time>2000-01-01T02:40:16.000Z</time></trkpt><trkpt lat="46.17072" lon="15.10501"><ele>880</ele><time>2000-01-01T02:40:26.000Z</time></trkpt><trkpt lat="46.17064" lon="15.10506"><ele>880</ele><time>2000-01-01T02:40:36.000Z</time></trkpt><trkpt lat="46.1706" lon="15.10509"><ele>880</ele><time>2000-01-01T02:40:46.000Z</time></trkpt><trkpt lat="46.17046" lon="15.10518"><ele>880</ele><time>2000-01-01T02:40:56.000Z</time></trkpt><trkpt lat="46.17039" lon="15.1052"><ele>880.75</ele><time>2000-01-01T02:41:06.000Z</time></trkpt><trkpt lat="46.17037" lon="15.10522"><ele>881.5</ele><time>2000-01-01T02:41:16.000Z</time></trkpt><trkpt lat="46.17026" lon="15.10531"><ele>882.25</ele><time>2000-01-01T02:41:26.000Z</time></trkpt><trkpt lat="46.17023" lon="15.10535"><ele>883</ele><time>2000-01-01T02:41:36.000Z</time></trkpt><trkpt lat="46.1702" lon="15.10543"><ele>883.2</ele><time>2000-01-01T02:41:46.000Z</time></trkpt><trkpt lat="46.1702" lon="15.10547"><ele>883.4</ele><time>2000-01-01T02:41:56.000Z</time></trkpt><trkpt lat="46.17021" lon="15.10551"><ele>883.6</ele><time>2000-01-01T02:42:06.000Z</time></trkpt><trkpt lat="46.17027" lon="15.1056"><ele>883.8</ele><time>2000-01-01T02:42:16.000Z</time></trkpt><trkpt lat="46.17033" lon="15.10562"><ele>884</ele><time>2000-01-01T02:42:26.000Z</time></trkpt><trkpt lat="46.17041" lon="15.10561"><ele>884.33</ele><time>2000-01-01T02:42:36.000Z</time></trkpt><trkpt lat="46.17053" lon="15.10554"><ele>884.67</ele><time>2000-01-01T02:42:46.000Z</time></trkpt><trkpt lat="46.17061" lon="15.10548"><ele>885</ele><time>2000-01-01T02:42:56.000Z</time></trkpt><trkpt lat="46.1707" lon="15.10542"><ele>884.4</ele><time>2000-01-01T02:43:06.000Z</time></trkpt><trkpt lat="46.17073" lon="15.10541"><ele>883.8</ele><time>2000-01-01T02:43:16.000Z</time></trkpt><trkpt lat="46.17078" lon="15.10538"><ele>883.2</ele><time>2000-01-01T02:43:26.000Z</time></trkpt><trkpt lat="46.17083" lon="15.10536"><ele>882.6</ele><time>2000-01-01T02:43:36.000Z</time></trkpt><trkpt lat="46.17086" lon="15.10531"><ele>882</ele><time>2000-01-01T02:43:46.000Z</time></trkpt><trkpt lat="46.17092" lon="15.1053"><ele>881.75</ele><time>2000-01-01T02:43:56.000Z</time></trkpt><trkpt lat="46.171" lon="15.1053"><ele>881.5</ele><time>2000-01-01T02:44:06.000Z</time></trkpt><trkpt lat="46.17108" lon="15.10531"><ele>881.25</ele><time>2000-01-01T02:44:16.000Z</time></trkpt><trkpt lat="46.17116" lon="15.10531"><ele>881</ele><time>2000-01-01T02:44:26.000Z</time></trkpt><trkpt lat="46.17126" lon="15.10533"><ele>882</ele><time>2000-01-01T02:44:36.000Z</time></trkpt><trkpt lat="46.17131" lon="15.10533"><ele>883</ele><time>2000-01-01T02:44:46.000Z</time></trkpt><trkpt lat="46.17138" lon="15.10536"><ele>884</ele><time>2000-01-01T02:44:56.000Z</time></trkpt><trkpt lat="46.17147" lon="15.10539"><ele>885</ele><time>2000-01-01T02:45:06.000Z</time></trkpt><trkpt lat="46.17161" lon="15.10545"><ele>886.67</ele><time>2000-01-01T02:45:16.000Z</time></trkpt><trkpt lat="46.17167" lon="15.10551"><ele>888.33</ele><time>2000-01-01T02:45:26.000Z</time></trkpt><trkpt lat="46.17172" lon="15.10554"><ele>890</ele><time>2000-01-01T02:45:36.000Z</time></trkpt><trkpt lat="46.17174" lon="15.10556"><ele>890.67</ele><time>2000-01-01T02:45:46.000Z</time></trkpt><trkpt lat="46.1718" lon="15.10564"><ele>891.33</ele><time>2000-01-01T02:45:56.000Z</time></trkpt><trkpt lat="46.17182" lon="15.10569"><ele>892</ele><time>2000-01-01T02:46:06.000Z</time></trkpt><trkpt lat="46.17183" lon="15.10578"><ele>892.67</ele><time>2000-01-01T02:46:16.000Z</time></trkpt><trkpt lat="46.17183" lon="15.10581"><ele>893.33</ele><time>2000-01-01T02:46:26.000Z</time></trkpt><trkpt lat="46.1718" lon="15.10589"><ele>894</ele><time>2000-01-01T02:46:36.000Z</time></trkpt><trkpt lat="46.1718" lon="15.10592"><ele>896.75</ele><time>2000-01-01T02:46:46.000Z</time></trkpt><trkpt lat="46.17176" lon="15.10596"><ele>899.5</ele><time>2000-01-01T02:46:56.000Z</time></trkpt><trkpt lat="46.17166" lon="15.10604"><ele>902.25</ele><time>2000-01-01T02:47:06.000Z</time></trkpt><trkpt lat="46.17158" lon="15.10608"><ele>905</ele><time>2000-01-01T02:47:16.000Z</time></trkpt><trkpt lat="46.17148" lon="15.1062"><ele>905.75</ele><time>2000-01-01T02:47:26.000Z</time></trkpt><trkpt lat="46.17143" lon="15.10629"><ele>906.5</ele><time>2000-01-01T02:47:36.000Z</time></trkpt><trkpt lat="46.17143" lon="15.10633"><ele>907.25</ele><time>2000-01-01T02:47:46.000Z</time></trkpt><trkpt lat="46.17143" lon="15.10637"><ele>908</ele><time>2000-01-01T02:47:56.000Z</time></trkpt><trkpt lat="46.17146" lon="15.10643"><ele>909.4</ele><time>2000-01-01T02:48:06.000Z</time></trkpt><trkpt lat="46.17148" lon="15.10645"><ele>910.8</ele><time>2000-01-01T02:48:16.000Z</time></trkpt><trkpt lat="46.17157" lon="15.1065"><ele>912.2</ele><time>2000-01-01T02:48:26.000Z</time></trkpt><trkpt lat="46.17163" lon="15.10655"><ele>913.6</ele><time>2000-01-01T02:48:36.000Z</time></trkpt><trkpt lat="46.17178" lon="15.10666"><ele>915</ele><time>2000-01-01T02:48:46.000Z</time></trkpt><trkpt lat="46.17191" lon="15.10672"><ele>914.5</ele><time>2000-01-01T02:48:56.000Z</time></trkpt><trkpt lat="46.17203" lon="15.10681"><ele>914</ele><time>2000-01-01T02:49:06.000Z</time></trkpt><trkpt lat="46.17211" lon="15.10689"><ele>914</ele><time>2000-01-01T02:49:16.000Z</time></trkpt><trkpt lat="46.17216" lon="15.10697"><ele>914</ele><time>2000-01-01T02:49:26.000Z</time></trkpt><trkpt lat="46.17229" lon="15.10721"><ele>914</ele><time>2000-01-01T02:49:36.000Z</time></trkpt><trkpt lat="46.17238" lon="15.10731"><ele>914</ele><time>2000-01-01T02:49:46.000Z</time></trkpt><trkpt lat="46.1725" lon="15.10741"><ele>914</ele><time>2000-01-01T02:49:56.000Z</time></trkpt><trkpt lat="46.17252" lon="15.1074"><ele>915.75</ele><time>2000-01-01T02:50:06.000Z</time></trkpt><trkpt lat="46.17257" lon="15.10738"><ele>917.5</ele><time>2000-01-01T02:50:16.000Z</time></trkpt><trkpt lat="46.1727" lon="15.10739"><ele>919.25</ele><time>2000-01-01T02:50:26.000Z</time></trkpt><trkpt lat="46.17275" lon="15.10741"><ele>921</ele><time>2000-01-01T02:50:36.000Z</time></trkpt><trkpt lat="46.17298" lon="15.10746"><ele>927</ele><time>2000-01-01T02:50:46.000Z</time></trkpt><trkpt lat="46.17324" lon="15.10754"><ele>933</ele><time>2000-01-01T02:50:56.000Z</time></trkpt><trkpt lat="46.17332" lon="15.10757"><ele>933</ele><time>2000-01-01T02:51:06.000Z</time></trkpt><trkpt lat="46.17337" lon="15.10761"><ele>933</ele><time>2000-01-01T02:51:16.000Z</time></trkpt><trkpt lat="46.17339" lon="15.10764"><ele>933</ele><time>2000-01-01T02:51:26.000Z</time></trkpt><trkpt lat="46.1734" lon="15.10767"><ele>933</ele><time>2000-01-01T02:51:36.000Z</time></trkpt><trkpt lat="46.1734" lon="15.10773"><ele>933</ele><time>2000-01-01T02:51:46.000Z</time></trkpt><trkpt lat="46.17344" lon="15.10769"><ele>933</ele><time>2000-01-01T02:51:56.000Z</time></trkpt><trkpt lat="46.17349" lon="15.10768"><ele>933.67</ele><time>2000-01-01T02:52:06.000Z</time></trkpt><trkpt lat="46.17362" lon="15.10781"><ele>934.33</ele><time>2000-01-01T02:52:16.000Z</time></trkpt><trkpt lat="46.17367" lon="15.10786"><ele>935</ele><time>2000-01-01T02:52:26.000Z</time></trkpt><trkpt lat="46.17369" lon="15.10787"><ele>937.43</ele><time>2000-01-01T02:52:36.000Z</time></trkpt><trkpt lat="46.17371" lon="15.10787"><ele>939.86</ele><time>2000-01-01T02:52:46.000Z</time></trkpt><trkpt lat="46.17373" lon="15.10788"><ele>942.29</ele><time>2000-01-01T02:52:56.000Z</time></trkpt><trkpt lat="46.17374" lon="15.1079"><ele>944.71</ele><time>2000-01-01T02:53:06.000Z</time></trkpt><trkpt lat="46.17378" lon="15.10792"><ele>947.14</ele><time>2000-01-01T02:53:16.000Z</time></trkpt><trkpt lat="46.17386" lon="15.10795"><ele>949.57</ele><time>2000-01-01T02:53:26.000Z</time></trkpt><trkpt lat="46.17392" lon="15.10798"><ele>952</ele><time>2000-01-01T02:53:36.000Z</time></trkpt><trkpt lat="46.17395" lon="15.108"><ele>954.75</ele><time>2000-01-01T02:53:46.000Z</time></trkpt><trkpt lat="46.174" lon="15.10802"><ele>957.5</ele><time>2000-01-01T02:53:56.000Z</time></trkpt><trkpt lat="46.17411" lon="15.10811"><ele>960.25</ele><time>2000-01-01T02:54:06.000Z</time></trkpt><trkpt lat="46.17418" lon="15.10815"><ele>963</ele><time>2000-01-01T02:54:16.000Z</time></trkpt><trkpt lat="46.17423" lon="15.10817"><ele>965</ele><time>2000-01-01T02:54:26.000Z</time></trkpt><trkpt lat="46.17431" lon="15.10823"><ele>967</ele><time>2000-01-01T02:54:36.000Z</time></trkpt><trkpt lat="46.17437" lon="15.10828"><ele>969</ele><time>2000-01-01T02:54:46.000Z</time></trkpt><trkpt lat="46.17445" lon="15.10836"><ele>971</ele><time>2000-01-01T02:54:56.000Z</time></trkpt><trkpt lat="46.17452" lon="15.1084"><ele>971.4</ele><time>2000-01-01T02:55:06.000Z</time></trkpt><trkpt lat="46.17454" lon="15.10843"><ele>971.8</ele><time>2000-01-01T02:55:16.000Z</time></trkpt><trkpt lat="46.17461" lon="15.10846"><ele>972.2</ele><time>2000-01-01T02:55:26.000Z</time></trkpt><trkpt lat="46.17464" lon="15.1085"><ele>972.6</ele><time>2000-01-01T02:55:36.000Z</time></trkpt><trkpt lat="46.17473" lon="15.10856"><ele>973</ele><time>2000-01-01T02:55:46.000Z</time></trkpt><trkpt lat="46.17488" lon="15.10874"><ele>973.5</ele><time>2000-01-01T02:55:56.000Z</time></trkpt><trkpt lat="46.17495" lon="15.10879"><ele>974</ele><time>2000-01-01T02:56:06.000Z</time></trkpt><trkpt lat="46.17503" lon="15.10891"><ele>974.33</ele><time>2000-01-01T02:56:16.000Z</time></trkpt><trkpt lat="46.17512" lon="15.10899"><ele>974.67</ele><time>2000-01-01T02:56:26.000Z</time></trkpt><trkpt lat="46.17518" lon="15.10904"><ele>975</ele><time>2000-01-01T02:56:36.000Z</time></trkpt><trkpt lat="46.17529" lon="15.1091"><ele>975</ele><time>2000-01-01T02:56:46.000Z</time></trkpt><trkpt lat="46.17542" lon="15.10909"><ele>975</ele><time>2000-01-01T02:56:56.000Z</time></trkpt><trkpt lat="46.17546" lon="15.1091"><ele>975</ele><time>2000-01-01T02:57:06.000Z</time></trkpt><trkpt lat="46.17551" lon="15.1091"><ele>976.6</ele><time>2000-01-01T02:57:16.000Z</time></trkpt><trkpt lat="46.1756" lon="15.10907"><ele>978.2</ele><time>2000-01-01T02:57:26.000Z</time></trkpt><trkpt lat="46.17562" lon="15.10908"><ele>979.8</ele><time>2000-01-01T02:57:36.000Z</time></trkpt><trkpt lat="46.17565" lon="15.10912"><ele>981.4</ele><time>2000-01-01T02:57:46.000Z</time></trkpt><trkpt lat="46.1757" lon="15.10915"><ele>983</ele><time>2000-01-01T02:57:56.000Z</time></trkpt><trkpt lat="46.17574" lon="15.10914"><ele>982.6</ele><time>2000-01-01T02:58:06.000Z</time></trkpt><trkpt lat="46.17578" lon="15.1091"><ele>982.2</ele><time>2000-01-01T02:58:16.000Z</time></trkpt><trkpt lat="46.17582" lon="15.10909"><ele>981.8</ele><time>2000-01-01T02:58:26.000Z</time></trkpt><trkpt lat="46.17593" lon="15.10912"><ele>981.4</ele><time>2000-01-01T02:58:36.000Z</time></trkpt><trkpt lat="46.17596" lon="15.10914"><ele>981</ele><time>2000-01-01T02:58:46.000Z</time></trkpt><trkpt lat="46.17598" lon="15.10917"><ele>980.86</ele><time>2000-01-01T02:58:56.000Z</time></trkpt><trkpt lat="46.176" lon="15.10923"><ele>980.71</ele><time>2000-01-01T02:59:06.000Z</time></trkpt><trkpt lat="46.17604" lon="15.10924"><ele>980.57</ele><time>2000-01-01T02:59:16.000Z</time></trkpt><trkpt lat="46.17609" lon="15.10931"><ele>980.43</ele><time>2000-01-01T02:59:26.000Z</time></trkpt><trkpt lat="46.17611" lon="15.10932"><ele>980.29</ele><time>2000-01-01T02:59:36.000Z</time></trkpt><trkpt lat="46.17613" lon="15.10932"><ele>980.14</ele><time>2000-01-01T02:59:46.000Z</time></trkpt><trkpt lat="46.17617" lon="15.10936"><ele>980</ele><time>2000-01-01T02:59:56.000Z</time></trkpt><trkpt lat="46.1762" lon="15.10936"><ele>980</ele><time>2000-01-01T03:00:06.000Z</time></trkpt><trkpt lat="46.17628" lon="15.10936"><ele>980</ele><time>2000-01-01T03:00:16.000Z</time></trkpt><trkpt lat="46.17629" lon="15.10934"><ele>980</ele><time>2000-01-01T03:00:26.000Z</time></trkpt><trkpt lat="46.17628" lon="15.10932"><ele>980</ele><time>2000-01-01T03:00:36.000Z</time></trkpt><trkpt lat="46.17629" lon="15.10935"><ele>980</ele><time>2000-01-01T03:00:46.000Z</time></trkpt><trkpt lat="46.17633" lon="15.1094"><ele>980</ele><time>2000-01-01T03:00:56.000Z</time></trkpt><trkpt lat="46.17639" lon="15.10949"><ele>980</ele><time>2000-01-01T03:01:06.000Z</time></trkpt><trkpt lat="46.17643" lon="15.10954"><ele>979.2</ele><time>2000-01-01T03:01:16.000Z</time></trkpt><trkpt lat="46.17645" lon="15.10957"><ele>978.4</ele><time>2000-01-01T03:01:26.000Z</time></trkpt><trkpt lat="46.17651" lon="15.10959"><ele>977.6</ele><time>2000-01-01T03:01:36.000Z</time></trkpt><trkpt lat="46.17657" lon="15.10956"><ele>976.8</ele><time>2000-01-01T03:01:46.000Z</time></trkpt><trkpt lat="46.17675" lon="15.10958"><ele>976</ele><time>2000-01-01T03:01:56.000Z</time></trkpt><trkpt lat="46.1768" lon="15.10957"><ele>973.25</ele><time>2000-01-01T03:02:06.000Z</time></trkpt><trkpt lat="46.17689" lon="15.1095"><ele>970.5</ele><time>2000-01-01T03:02:16.000Z</time></trkpt><trkpt lat="46.17694" lon="15.10947"><ele>967.75</ele><time>2000-01-01T03:02:26.000Z</time></trkpt><trkpt lat="46.17708" lon="15.10942"><ele>965</ele><time>2000-01-01T03:02:36.000Z</time></trkpt><trkpt lat="46.17716" lon="15.10938"><ele>963.6</ele><time>2000-01-01T03:02:46.000Z</time></trkpt><trkpt lat="46.17722" lon="15.10938"><ele>962.2</ele><time>2000-01-01T03:02:56.000Z</time></trkpt><trkpt lat="46.17725" lon="15.10935"><ele>960.8</ele><time>2000-01-01T03:03:06.000Z</time></trkpt><trkpt lat="46.17731" lon="15.10933"><ele>959.4</ele><time>2000-01-01T03:03:16.000Z</time></trkpt><trkpt lat="46.17737" lon="15.10931"><ele>958</ele><time>2000-01-01T03:03:26.000Z</time></trkpt><trkpt lat="46.17752" lon="15.10928"><ele>958</ele><time>2000-01-01T03:03:36.000Z</time></trkpt><trkpt lat="46.17757" lon="15.10926"><ele>958</ele><time>2000-01-01T03:03:46.000Z</time></trkpt><trkpt lat="46.17764" lon="15.10921"><ele>958</ele><time>2000-01-01T03:03:56.000Z</time></trkpt><trkpt lat="46.17767" lon="15.1092"><ele>958</ele><time>2000-01-01T03:04:06.000Z</time></trkpt><trkpt lat="46.17773" lon="15.10917"><ele>958</ele><time>2000-01-01T03:04:16.000Z</time></trkpt><trkpt lat="46.17779" lon="15.10911"><ele>958</ele><time>2000-01-01T03:04:26.000Z</time></trkpt><trkpt lat="46.17783" lon="15.10909"><ele>958</ele><time>2000-01-01T03:04:36.000Z</time></trkpt><trkpt lat="46.17788" lon="15.10902"><ele>958</ele><time>2000-01-01T03:04:46.000Z</time></trkpt><trkpt lat="46.1779" lon="15.10901"><ele>959.67</ele><time>2000-01-01T03:04:56.000Z</time></trkpt><trkpt lat="46.17798" lon="15.10891"><ele>961.33</ele><time>2000-01-01T03:05:06.000Z</time></trkpt><trkpt lat="46.1781" lon="15.10871"><ele>963</ele><time>2000-01-01T03:05:16.000Z</time></trkpt><trkpt lat="46.17812" lon="15.10865"><ele>963</ele><time>2000-01-01T03:05:26.000Z</time></trkpt><trkpt lat="46.17814" lon="15.10857"><ele>963</ele><time>2000-01-01T03:05:36.000Z</time></trkpt><trkpt lat="46.17817" lon="15.10852"><ele>963</ele><time>2000-01-01T03:05:46.000Z</time></trkpt><trkpt lat="46.17825" lon="15.10839"><ele>963</ele><time>2000-01-01T03:05:56.000Z</time></trkpt><trkpt lat="46.17833" lon="15.10825"><ele>962</ele><time>2000-01-01T03:06:06.000Z</time></trkpt><trkpt lat="46.17838" lon="15.10819"><ele>961</ele><time>2000-01-01T03:06:16.000Z</time></trkpt><trkpt lat="46.17845" lon="15.10806"><ele>960</ele><time>2000-01-01T03:06:26.000Z</time></trkpt><trkpt lat="46.17848" lon="15.10802"><ele>959.5</ele><time>2000-01-01T03:06:36.000Z</time></trkpt><trkpt lat="46.17853" lon="15.10797"><ele>959</ele><time>2000-01-01T03:06:46.000Z</time></trkpt><trkpt lat="46.17862" lon="15.10793"><ele>958.5</ele><time>2000-01-01T03:06:56.000Z</time></trkpt><trkpt lat="46.1787" lon="15.10787"><ele>958</ele><time>2000-01-01T03:07:06.000Z</time></trkpt><trkpt lat="46.17876" lon="15.10782"><ele>957.33</ele><time>2000-01-01T03:07:16.000Z</time></trkpt><trkpt lat="46.17878" lon="15.10779"><ele>956.67</ele><time>2000-01-01T03:07:26.000Z</time></trkpt><trkpt lat="46.1788" lon="15.10779"><ele>956</ele><time>2000-01-01T03:07:36.000Z</time></trkpt><trkpt lat="46.17885" lon="15.10776"><ele>955.33</ele><time>2000-01-01T03:07:46.000Z</time></trkpt><trkpt lat="46.17887" lon="15.10776"><ele>954.67</ele><time>2000-01-01T03:07:56.000Z</time></trkpt><trkpt lat="46.17895" lon="15.10772"><ele>954</ele><time>2000-01-01T03:08:06.000Z</time></trkpt><trkpt lat="46.17898" lon="15.10771"><ele>953.4</ele><time>2000-01-01T03:08:16.000Z</time></trkpt><trkpt lat="46.17907" lon="15.10765"><ele>952.8</ele><time>2000-01-01T03:08:26.000Z</time></trkpt><trkpt lat="46.1791" lon="15.10761"><ele>952.2</ele><time>2000-01-01T03:08:36.000Z</time></trkpt><trkpt lat="46.17916" lon="15.10754"><ele>951.6</ele><time>2000-01-01T03:08:46.000Z</time></trkpt><trkpt lat="46.17917" lon="15.10747"><ele>951</ele><time>2000-01-01T03:08:56.000Z</time></trkpt><trkpt lat="46.17918" lon="15.10744"><ele>949</ele><time>2000-01-01T03:09:06.000Z</time></trkpt><trkpt lat="46.17923" lon="15.10739"><ele>947</ele><time>2000-01-01T03:09:16.000Z</time></trkpt><trkpt lat="46.17927" lon="15.10736"><ele>945</ele><time>2000-01-01T03:09:26.000Z</time></trkpt><trkpt lat="46.17929" lon="15.10736"><ele>943</ele><time>2000-01-01T03:09:36.000Z</time></trkpt><trkpt lat="46.17934" lon="15.10733"><ele>941</ele><time>2000-01-01T03:09:46.000Z</time></trkpt><trkpt lat="46.17937" lon="15.10727"><ele>939</ele><time>2000-01-01T03:09:56.000Z</time></trkpt><trkpt lat="46.1794" lon="15.10717"><ele>937.5</ele><time>2000-01-01T03:10:06.000Z</time></trkpt><trkpt lat="46.17941" lon="15.10712"><ele>936</ele><time>2000-01-01T03:10:16.000Z</time></trkpt><trkpt lat="46.17948" lon="15.107"><ele>934.5</ele><time>2000-01-01T03:10:26.000Z</time></trkpt><trkpt lat="46.17953" lon="15.10689"><ele>933</ele><time>2000-01-01T03:10:36.000Z</time></trkpt><trkpt lat="46.17971" lon="15.10661"><ele>927</ele><time>2000-01-01T03:10:46.000Z</time></trkpt><trkpt lat="46.1798" lon="15.10651"><ele>925</ele><time>2000-01-01T03:10:56.000Z</time></trkpt><trkpt lat="46.17982" lon="15.10649"><ele>923</ele><time>2000-01-01T03:11:06.000Z</time></trkpt><trkpt lat="46.17988" lon="15.10647"><ele>921</ele><time>2000-01-01T03:11:16.000Z</time></trkpt><trkpt lat="46.17992" lon="15.10644"><ele>919</ele><time>2000-01-01T03:11:26.000Z</time></trkpt><trkpt lat="46.17997" lon="15.10641"><ele>917.33</ele><time>2000-01-01T03:11:36.000Z</time></trkpt><trkpt lat="46.18" lon="15.1064"><ele>915.67</ele><time>2000-01-01T03:11:46.000Z</time></trkpt><trkpt lat="46.18006" lon="15.10642"><ele>914</ele><time>2000-01-01T03:11:56.000Z</time></trkpt><trkpt lat="46.18012" lon="15.10639"><ele>912.33</ele><time>2000-01-01T03:12:06.000Z</time></trkpt><trkpt lat="46.18015" lon="15.10637"><ele>910.67</ele><time>2000-01-01T03:12:16.000Z</time></trkpt><trkpt lat="46.1802" lon="15.10637"><ele>909</ele><time>2000-01-01T03:12:26.000Z</time></trkpt><trkpt lat="46.18026" lon="15.10634"><ele>909.33</ele><time>2000-01-01T03:12:36.000Z</time></trkpt><trkpt lat="46.1804" lon="15.10625"><ele>909.67</ele><time>2000-01-01T03:12:46.000Z</time></trkpt><trkpt lat="46.18044" lon="15.10624"><ele>910</ele><time>2000-01-01T03:12:56.000Z</time></trkpt><trkpt lat="46.18048" lon="15.10627"><ele>909.6</ele><time>2000-01-01T03:13:06.000Z</time></trkpt><trkpt lat="46.1806" lon="15.10624"><ele>909.2</ele><time>2000-01-01T03:13:16.000Z</time></trkpt><trkpt lat="46.18065" lon="15.10625"><ele>908.8</ele><time>2000-01-01T03:13:26.000Z</time></trkpt><trkpt lat="46.18068" lon="15.10623"><ele>908.4</ele><time>2000-01-01T03:13:36.000Z</time></trkpt><trkpt lat="46.18071" lon="15.10625"><ele>908</ele><time>2000-01-01T03:13:46.000Z</time></trkpt><trkpt lat="46.18075" lon="15.1063"><ele>908.6</ele><time>2000-01-01T03:13:56.000Z</time></trkpt><trkpt lat="46.18078" lon="15.10632"><ele>909.2</ele><time>2000-01-01T03:14:06.000Z</time></trkpt><trkpt lat="46.18082" lon="15.10633"><ele>909.8</ele><time>2000-01-01T03:14:16.000Z</time></trkpt><trkpt lat="46.1809" lon="15.10632"><ele>910.4</ele><time>2000-01-01T03:14:26.000Z</time></trkpt><trkpt lat="46.18109" lon="15.1063"><ele>911</ele><time>2000-01-01T03:14:36.000Z</time></trkpt><trkpt lat="46.18114" lon="15.10634"><ele>911.43</ele><time>2000-01-01T03:14:46.000Z</time></trkpt><trkpt lat="46.18118" lon="15.10635"><ele>911.86</ele><time>2000-01-01T03:14:56.000Z</time></trkpt><trkpt lat="46.18122" lon="15.10636"><ele>912.29</ele><time>2000-01-01T03:15:06.000Z</time></trkpt><trkpt lat="46.18124" lon="15.10636"><ele>912.71</ele><time>2000-01-01T03:15:16.000Z</time></trkpt><trkpt lat="46.18126" lon="15.10635"><ele>913.14</ele><time>2000-01-01T03:15:26.000Z</time></trkpt><trkpt lat="46.18132" lon="15.10633"><ele>913.57</ele><time>2000-01-01T03:15:36.000Z</time></trkpt><trkpt lat="46.18134" lon="15.10631"><ele>914</ele><time>2000-01-01T03:15:46.000Z</time></trkpt><trkpt lat="46.18138" lon="15.10629"><ele>917</ele><time>2000-01-01T03:15:56.000Z</time></trkpt><trkpt lat="46.1815" lon="15.1063"><ele>920</ele><time>2000-01-01T03:16:06.000Z</time></trkpt><trkpt lat="46.18158" lon="15.10628"><ele>923</ele><time>2000-01-01T03:16:16.000Z</time></trkpt><trkpt lat="46.18167" lon="15.10629"><ele>926</ele><time>2000-01-01T03:16:26.000Z</time></trkpt><trkpt lat="46.18171" lon="15.10627"><ele>926</ele><time>2000-01-01T03:16:36.000Z</time></trkpt><trkpt lat="46.18174" lon="15.10624"><ele>926</ele><time>2000-01-01T03:16:46.000Z</time></trkpt><trkpt lat="46.18177" lon="15.10622"><ele>926</ele><time>2000-01-01T03:16:56.000Z</time></trkpt><trkpt lat="46.18182" lon="15.10616"><ele>926</ele><time>2000-01-01T03:17:06.000Z</time></trkpt><trkpt lat="46.18184" lon="15.10611"><ele>926</ele><time>2000-01-01T03:17:16.000Z</time></trkpt><trkpt lat="46.18188" lon="15.1061"><ele>926</ele><time>2000-01-01T03:17:26.000Z</time></trkpt><trkpt lat="46.1819" lon="15.10603"><ele>929</ele><time>2000-01-01T03:17:36.000Z</time></trkpt><trkpt lat="46.18193" lon="15.10596"><ele>932</ele><time>2000-01-01T03:17:46.000Z</time></trkpt><trkpt lat="46.18194" lon="15.10594"><ele>935</ele><time>2000-01-01T03:17:56.000Z</time></trkpt><trkpt lat="46.18197" lon="15.10595"><ele>938</ele><time>2000-01-01T03:18:06.000Z</time></trkpt><trkpt lat="46.18199" lon="15.10597"><ele>941</ele><time>2000-01-01T03:18:16.000Z</time></trkpt><trkpt lat="46.18203" lon="15.10604"><ele>944</ele><time>2000-01-01T03:18:26.000Z</time></trkpt><trkpt lat="46.18205" lon="15.10609"><ele>947</ele><time>2000-01-01T03:18:36.000Z</time></trkpt><trkpt lat="46.18208" lon="15.10613"><ele>948.38</ele><time>2000-01-01T03:18:46.000Z</time></trkpt><trkpt lat="46.1821" lon="15.10615"><ele>949.75</ele><time>2000-01-01T03:18:56.000Z</time></trkpt><trkpt lat="46.18211" lon="15.10618"><ele>951.13</ele><time>2000-01-01T03:19:06.000Z</time></trkpt><trkpt lat="46.18214" lon="15.10621"><ele>952.5</ele><time>2000-01-01T03:19:16.000Z</time></trkpt><trkpt lat="46.18215" lon="15.10624"><ele>953.88</ele><time>2000-01-01T03:19:26.000Z</time></trkpt><trkpt lat="46.18218" lon="15.10629"><ele>955.25</ele><time>2000-01-01T03:19:36.000Z</time></trkpt><trkpt lat="46.18218" lon="15.10636"><ele>956.63</ele><time>2000-01-01T03:19:46.000Z</time></trkpt><trkpt lat="46.18219" lon="15.10642"><ele>958</ele><time>2000-01-01T03:19:56.000Z</time></trkpt><trkpt lat="46.18223" lon="15.1065"><ele>958</ele><time>2000-01-01T03:20:06.000Z</time></trkpt><trkpt lat="46.18225" lon="15.10652"><ele>958</ele><time>2000-01-01T03:20:16.000Z</time></trkpt><trkpt lat="46.1823" lon="15.10655"><ele>958</ele><time>2000-01-01T03:20:26.000Z</time></trkpt><trkpt lat="46.18231" lon="15.10657"><ele>958</ele><time>2000-01-01T03:20:36.000Z</time></trkpt><trkpt lat="46.18233" lon="15.10658"><ele>958</ele><time>2000-01-01T03:20:46.000Z</time></trkpt><trkpt lat="46.18233" lon="15.10661"><ele>958</ele><time>2000-01-01T03:20:56.000Z</time></trkpt><trkpt lat="46.18235" lon="15.10659"><ele>958</ele><time>2000-01-01T03:21:06.000Z</time></trkpt><trkpt lat="46.18235" lon="15.10652"><ele>958</ele><time>2000-01-01T03:21:16.000Z</time></trkpt><trkpt lat="46.18237" lon="15.10645"><ele>961.4</ele><time>2000-01-01T03:21:26.000Z</time></trkpt><trkpt lat="46.18242" lon="15.10635"><ele>964.8</ele><time>2000-01-01T03:21:36.000Z</time></trkpt><trkpt lat="46.18248" lon="15.10627"><ele>968.2</ele><time>2000-01-01T03:21:46.000Z</time></trkpt><trkpt lat="46.1825" lon="15.10628"><ele>971.6</ele><time>2000-01-01T03:21:56.000Z</time></trkpt><trkpt lat="46.18259" lon="15.10641"><ele>975</ele><time>2000-01-01T03:22:06.000Z</time></trkpt><trkpt lat="46.18261" lon="15.10649"><ele>976.43</ele><time>2000-01-01T03:22:16.000Z</time></trkpt><trkpt lat="46.18265" lon="15.10657"><ele>977.86</ele><time>2000-01-01T03:22:26.000Z</time></trkpt><trkpt lat="46.18265" lon="15.1066"><ele>979.29</ele><time>2000-01-01T03:22:36.000Z</time></trkpt><trkpt lat="46.18266" lon="15.10663"><ele>980.71</ele><time>2000-01-01T03:22:46.000Z</time></trkpt><trkpt lat="46.18268" lon="15.10664"><ele>982.14</ele><time>2000-01-01T03:22:56.000Z</time></trkpt><trkpt lat="46.1827" lon="15.10669"><ele>983.57</ele><time>2000-01-01T03:23:06.000Z</time></trkpt><trkpt lat="46.18273" lon="15.10677"><ele>985</ele><time>2000-01-01T03:23:16.000Z</time></trkpt><trkpt lat="46.18277" lon="15.10688"><ele>987</ele><time>2000-01-01T03:23:26.000Z</time></trkpt><trkpt lat="46.18279" lon="15.10697"><ele>989</ele><time>2000-01-01T03:23:36.000Z</time></trkpt><trkpt lat="46.18282" lon="15.10702"><ele>991</ele><time>2000-01-01T03:23:46.000Z</time></trkpt><trkpt lat="46.18284" lon="15.10704"><ele>993</ele><time>2000-01-01T03:23:56.000Z</time></trkpt><trkpt lat="46.18288" lon="15.10702"><ele>995</ele><time>2000-01-01T03:24:06.000Z</time></trkpt><trkpt lat="46.1829" lon="15.10702"><ele>995.5</ele><time>2000-01-01T03:24:16.000Z</time></trkpt><trkpt lat="46.18296" lon="15.10706"><ele>996</ele><time>2000-01-01T03:24:26.000Z</time></trkpt><trkpt lat="46.183" lon="15.10708"><ele>996.5</ele><time>2000-01-01T03:24:36.000Z</time></trkpt><trkpt lat="46.18305" lon="15.10708"><ele>997</ele><time>2000-01-01T03:24:46.000Z</time></trkpt><trkpt lat="46.18307" lon="15.10709"><ele>997.5</ele><time>2000-01-01T03:24:56.000Z</time></trkpt><trkpt lat="46.18313" lon="15.10714"><ele>998</ele><time>2000-01-01T03:25:06.000Z</time></trkpt><trkpt lat="46.18322" lon="15.1072"><ele>1001.75</ele><time>2000-01-01T03:25:16.000Z</time></trkpt><trkpt lat="46.18329" lon="15.10723"><ele>1005.5</ele><time>2000-01-01T03:25:26.000Z</time></trkpt><trkpt lat="46.18331" lon="15.10725"><ele>1009.25</ele><time>2000-01-01T03:25:36.000Z</time></trkpt><trkpt lat="46.1834" lon="15.10731"><ele>1013</ele><time>2000-01-01T03:25:46.000Z</time></trkpt><trkpt lat="46.18344" lon="15.10734"><ele>1012.8</ele><time>2000-01-01T03:25:56.000Z</time></trkpt><trkpt lat="46.18349" lon="15.10734"><ele>1012.6</ele><time>2000-01-01T03:26:06.000Z</time></trkpt><trkpt lat="46.18351" lon="15.10735"><ele>1012.4</ele><time>2000-01-01T03:26:16.000Z</time></trkpt><trkpt lat="46.18357" lon="15.10748"><ele>1012.2</ele><time>2000-01-01T03:26:26.000Z</time></trkpt><trkpt lat="46.18366" lon="15.10753"><ele>1012</ele><time>2000-01-01T03:26:36.000Z</time></trkpt><trkpt lat="46.18366" lon="15.10756"><ele>1012</ele><time>2000-01-01T03:26:46.000Z</time></trkpt><trkpt lat="46.18372" lon="15.10763"><ele>1012</ele><time>2000-01-01T03:26:56.000Z</time></trkpt><trkpt lat="46.18373" lon="15.10767"><ele>1012</ele><time>2000-01-01T03:27:06.000Z</time></trkpt><trkpt lat="46.18375" lon="15.10769"><ele>1012</ele><time>2000-01-01T03:27:16.000Z</time></trkpt><trkpt lat="46.18377" lon="15.10775"><ele>1012</ele><time>2000-01-01T03:27:26.000Z</time></trkpt><trkpt lat="46.18379" lon="15.10781"><ele>1012</ele><time>2000-01-01T03:27:36.000Z</time></trkpt><trkpt lat="46.18381" lon="15.10784"><ele>1012</ele><time>2000-01-01T03:27:46.000Z</time></trkpt><trkpt lat="46.18385" lon="15.10786"><ele>1012.86</ele><time>2000-01-01T03:27:56.000Z</time></trkpt><trkpt lat="46.18389" lon="15.10785"><ele>1013.71</ele><time>2000-01-01T03:28:06.000Z</time></trkpt><trkpt lat="46.18393" lon="15.10783"><ele>1014.57</ele><time>2000-01-01T03:28:16.000Z</time></trkpt><trkpt lat="46.18395" lon="15.10783"><ele>1015.43</ele><time>2000-01-01T03:28:26.000Z</time></trkpt><trkpt lat="46.18397" lon="15.10783"><ele>1016.29</ele><time>2000-01-01T03:28:36.000Z</time></trkpt><trkpt lat="46.18401" lon="15.10774"><ele>1017.14</ele><time>2000-01-01T03:28:46.000Z</time></trkpt><trkpt lat="46.18405" lon="15.10768"><ele>1018</ele><time>2000-01-01T03:28:56.000Z</time></trkpt><trkpt lat="46.18405" lon="15.10762"><ele>1019.8</ele><time>2000-01-01T03:29:06.000Z</time></trkpt><trkpt lat="46.1841" lon="15.10755"><ele>1021.6</ele><time>2000-01-01T03:29:16.000Z</time></trkpt><trkpt lat="46.18412" lon="15.10745"><ele>1023.4</ele><time>2000-01-01T03:29:26.000Z</time></trkpt><trkpt lat="46.18415" lon="15.10737"><ele>1025.2</ele><time>2000-01-01T03:29:36.000Z</time></trkpt><trkpt lat="46.1842" lon="15.10737"><ele>1027</ele><time>2000-01-01T03:29:46.000Z</time></trkpt><trkpt lat="46.18422" lon="15.10735"><ele>1028.29</ele><time>2000-01-01T03:29:56.000Z</time></trkpt><trkpt lat="46.18424" lon="15.10732"><ele>1029.57</ele><time>2000-01-01T03:30:06.000Z</time></trkpt><trkpt lat="46.18427" lon="15.10727"><ele>1030.86</ele><time>2000-01-01T03:30:16.000Z</time></trkpt><trkpt lat="46.18429" lon="15.10727"><ele>1032.14</ele><time>2000-01-01T03:30:26.000Z</time></trkpt><trkpt lat="46.18432" lon="15.10727"><ele>1033.43</ele><time>2000-01-01T03:30:36.000Z</time></trkpt><trkpt lat="46.18436" lon="15.10731"><ele>1034.71</ele><time>2000-01-01T03:30:46.000Z</time></trkpt><trkpt lat="46.18443" lon="15.10734"><ele>1036</ele><time>2000-01-01T03:30:56.000Z</time></trkpt><trkpt lat="46.18446" lon="15.10734"><ele>1036</ele><time>2000-01-01T03:31:06.000Z</time></trkpt><trkpt lat="46.18448" lon="15.10732"><ele>1036</ele><time>2000-01-01T03:31:16.000Z</time></trkpt><trkpt lat="46.18454" lon="15.1073"><ele>1036</ele><time>2000-01-01T03:31:26.000Z</time></trkpt><trkpt lat="46.18455" lon="15.10726"><ele>1036</ele><time>2000-01-01T03:31:36.000Z</time></trkpt><trkpt lat="46.18459" lon="15.1072"><ele>1036</ele><time>2000-01-01T03:31:46.000Z</time></trkpt><trkpt lat="46.18461" lon="15.10719"><ele>1036</ele><time>2000-01-01T03:31:56.000Z</time></trkpt><trkpt lat="46.18465" lon="15.10714"><ele>1036</ele><time>2000-01-01T03:32:06.000Z</time></trkpt><trkpt lat="46.18467" lon="15.10713"><ele>1036</ele><time>2000-01-01T03:32:16.000Z</time></trkpt><trkpt lat="46.1847" lon="15.10713"><ele>1036</ele><time>2000-01-01T03:32:26.000Z</time></trkpt><trkpt lat="46.18475" lon="15.10707"><ele>1036</ele><time>2000-01-01T03:32:36.000Z</time></trkpt><trkpt lat="46.18478" lon="15.10702"><ele>1036</ele><time>2000-01-01T03:32:46.000Z</time></trkpt><trkpt lat="46.18483" lon="15.10696"><ele>1036</ele><time>2000-01-01T03:32:56.000Z</time></trkpt><trkpt lat="46.18485" lon="15.10694"><ele>1036</ele><time>2000-01-01T03:33:06.000Z</time></trkpt><trkpt lat="46.18488" lon="15.10693"><ele>1036.71</ele><time>2000-01-01T03:33:16.000Z</time></trkpt><trkpt lat="46.18489" lon="15.10691"><ele>1037.43</ele><time>2000-01-01T03:33:26.000Z</time></trkpt><trkpt lat="46.1849" lon="15.10688"><ele>1038.14</ele><time>2000-01-01T03:33:36.000Z</time></trkpt><trkpt lat="46.18492" lon="15.10687"><ele>1038.86</ele><time>2000-01-01T03:33:46.000Z</time></trkpt><trkpt lat="46.18496" lon="15.10684"><ele>1039.57</ele><time>2000-01-01T03:33:56.000Z</time></trkpt><trkpt lat="46.18501" lon="15.10679"><ele>1040.29</ele><time>2000-01-01T03:34:06.000Z</time></trkpt><trkpt lat="46.18506" lon="15.10673"><ele>1041</ele><time>2000-01-01T03:34:16.000Z</time></trkpt><trkpt lat="46.18521" lon="15.10657"><ele>1042.67</ele><time>2000-01-01T03:34:26.000Z</time></trkpt><trkpt lat="46.18522" lon="15.10654"><ele>1044.33</ele><time>2000-01-01T03:34:36.000Z</time></trkpt><trkpt lat="46.18522" lon="15.10647"><ele>1046</ele><time>2000-01-01T03:34:46.000Z</time></trkpt><trkpt lat="46.18523" lon="15.10644"><ele>1047.2</ele><time>2000-01-01T03:34:56.000Z</time></trkpt><trkpt lat="46.18526" lon="15.1064"><ele>1048.4</ele><time>2000-01-01T03:35:06.000Z</time></trkpt><trkpt lat="46.18528" lon="15.10638"><ele>1049.6</ele><time>2000-01-01T03:35:16.000Z</time></trkpt><trkpt lat="46.18532" lon="15.10629"><ele>1050.8</ele><time>2000-01-01T03:35:26.000Z</time></trkpt><trkpt lat="46.18541" lon="15.10617"><ele>1052</ele><time>2000-01-01T03:35:36.000Z</time></trkpt><trkpt lat="46.18548" lon="15.10615"><ele>1052.33</ele><time>2000-01-01T03:35:46.000Z</time></trkpt><trkpt lat="46.1855" lon="15.10613"><ele>1052.67</ele><time>2000-01-01T03:35:56.000Z</time></trkpt><trkpt lat="46.18552" lon="15.10613"><ele>1053</ele><time>2000-01-01T03:36:06.000Z</time></trkpt><trkpt lat="46.1856" lon="15.10608"><ele>1053.33</ele><time>2000-01-01T03:36:16.000Z</time></trkpt><trkpt lat="46.18564" lon="15.10609"><ele>1053.67</ele><time>2000-01-01T03:36:26.000Z</time></trkpt><trkpt lat="46.18566" lon="15.10603"><ele>1054</ele><time>2000-01-01T03:36:36.000Z</time></trkpt><trkpt lat="46.18569" lon="15.10599"><ele>1054.6</ele><time>2000-01-01T03:36:46.000Z</time></trkpt><trkpt lat="46.18571" lon="15.10598"><ele>1055.2</ele><time>2000-01-01T03:36:56.000Z</time></trkpt><trkpt lat="46.18575" lon="15.10599"><ele>1055.8</ele><time>2000-01-01T03:37:06.000Z</time></trkpt><trkpt lat="46.18588" lon="15.106"><ele>1056.4</ele><time>2000-01-01T03:37:16.000Z</time></trkpt><trkpt lat="46.18593" lon="15.10596"><ele>1057</ele><time>2000-01-01T03:37:26.000Z</time></trkpt><trkpt lat="46.18598" lon="15.10597"><ele>1057.17</ele><time>2000-01-01T03:37:36.000Z</time></trkpt><trkpt lat="46.18601" lon="15.106"><ele>1057.33</ele><time>2000-01-01T03:37:46.000Z</time></trkpt><trkpt lat="46.18604" lon="15.10599"><ele>1057.5</ele><time>2000-01-01T03:37:56.000Z</time></trkpt><trkpt lat="46.18608" lon="15.106"><ele>1057.67</ele><time>2000-01-01T03:38:06.000Z</time></trkpt><trkpt lat="46.1861" lon="15.10603"><ele>1057.83</ele><time>2000-01-01T03:38:16.000Z</time></trkpt><trkpt lat="46.18615" lon="15.10609"><ele>1058</ele><time>2000-01-01T03:38:26.000Z</time></trkpt><trkpt lat="46.18617" lon="15.1061"><ele>1059.8</ele><time>2000-01-01T03:38:36.000Z</time></trkpt><trkpt lat="46.18623" lon="15.10611"><ele>1061.6</ele><time>2000-01-01T03:38:46.000Z</time></trkpt><trkpt lat="46.18627" lon="15.10616"><ele>1063.4</ele><time>2000-01-01T03:38:56.000Z</time></trkpt><trkpt lat="46.18633" lon="15.10629"><ele>1065.2</ele><time>2000-01-01T03:39:06.000Z</time></trkpt><trkpt lat="46.18635" lon="15.10633"><ele>1067</ele><time>2000-01-01T03:39:16.000Z</time></trkpt><trkpt lat="46.18637" lon="15.10645"><ele>1068.25</ele><time>2000-01-01T03:39:26.000Z</time></trkpt><trkpt lat="46.18638" lon="15.10651"><ele>1069.5</ele><time>2000-01-01T03:39:36.000Z</time></trkpt><trkpt lat="46.18642" lon="15.10659"><ele>1070.75</ele><time>2000-01-01T03:39:46.000Z</time></trkpt><trkpt lat="46.18648" lon="15.10668"><ele>1072</ele><time>2000-01-01T03:39:56.000Z</time></trkpt><trkpt lat="46.18651" lon="15.10673"><ele>1076</ele><time>2000-01-01T03:40:06.000Z</time></trkpt><trkpt lat="46.18657" lon="15.10678"><ele>1080</ele><time>2000-01-01T03:40:16.000Z</time></trkpt><trkpt lat="46.1867" lon="15.10684"><ele>1084</ele><time>2000-01-01T03:40:26.000Z</time></trkpt><trkpt lat="46.18674" lon="15.10687"><ele>1087.5</ele><time>2000-01-01T03:40:36.000Z</time></trkpt><trkpt lat="46.18678" lon="15.10694"><ele>1091</ele><time>2000-01-01T03:40:46.000Z</time></trkpt><trkpt lat="46.18683" lon="15.10705"><ele>1094.5</ele><time>2000-01-01T03:40:56.000Z</time></trkpt><trkpt lat="46.18693" lon="15.10711"><ele>1098</ele><time>2000-01-01T03:41:06.000Z</time></trkpt><trkpt lat="46.18695" lon="15.1071"><ele>1098.14</ele><time>2000-01-01T03:41:16.000Z</time></trkpt><trkpt lat="46.18697" lon="15.10716"><ele>1098.29</ele><time>2000-01-01T03:41:26.000Z</time></trkpt><trkpt lat="46.18699" lon="15.10714"><ele>1098.43</ele><time>2000-01-01T03:41:36.000Z</time></trkpt><trkpt lat="46.18702" lon="15.1072"><ele>1098.57</ele><time>2000-01-01T03:41:46.000Z</time></trkpt><trkpt lat="46.18703" lon="15.10721"><ele>1098.71</ele><time>2000-01-01T03:41:56.000Z</time></trkpt><trkpt lat="46.18705" lon="15.10721"><ele>1098.86</ele><time>2000-01-01T03:42:06.000Z</time></trkpt><trkpt lat="46.18713" lon="15.10726"><ele>1099</ele><time>2000-01-01T03:42:16.000Z</time></trkpt><trkpt lat="46.18719" lon="15.10724"><ele>1099</ele><time>2000-01-01T03:42:26.000Z</time></trkpt><trkpt lat="46.18724" lon="15.10727"><ele>1099</ele><time>2000-01-01T03:42:36.000Z</time></trkpt><trkpt lat="46.18727" lon="15.10728"><ele>1099</ele><time>2000-01-01T03:42:46.000Z</time></trkpt><trkpt lat="46.18731" lon="15.10729"><ele>1099</ele><time>2000-01-01T03:42:56.000Z</time></trkpt><trkpt lat="46.18738" lon="15.10738"><ele>1099</ele><time>2000-01-01T03:43:06.000Z</time></trkpt><trkpt lat="46.1875" lon="15.10746"><ele>1099.2</ele><time>2000-01-01T03:43:16.000Z</time></trkpt><trkpt lat="46.18752" lon="15.10747"><ele>1099.4</ele><time>2000-01-01T03:43:26.000Z</time></trkpt><trkpt lat="46.18753" lon="15.1075"><ele>1099.6</ele><time>2000-01-01T03:43:36.000Z</time></trkpt><trkpt lat="46.18753" lon="15.10756"><ele>1099.8</ele><time>2000-01-01T03:43:46.000Z</time></trkpt><trkpt lat="46.18756" lon="15.10762"><ele>1100</ele><time>2000-01-01T03:43:56.000Z</time></trkpt><trkpt lat="46.1876" lon="15.10772"><ele>1100.14</ele><time>2000-01-01T03:44:06.000Z</time></trkpt><trkpt lat="46.18762" lon="15.10773"><ele>1100.29</ele><time>2000-01-01T03:44:16.000Z</time></trkpt><trkpt lat="46.18764" lon="15.10778"><ele>1100.43</ele><time>2000-01-01T03:44:26.000Z</time></trkpt><trkpt lat="46.18766" lon="15.1078"><ele>1100.57</ele><time>2000-01-01T03:44:36.000Z</time></trkpt><trkpt lat="46.18767" lon="15.10783"><ele>1100.71</ele><time>2000-01-01T03:44:46.000Z</time></trkpt><trkpt lat="46.18771" lon="15.10789"><ele>1100.86</ele><time>2000-01-01T03:44:56.000Z</time></trkpt><trkpt lat="46.18776" lon="15.10793"><ele>1101</ele><time>2000-01-01T03:45:06.000Z</time></trkpt><trkpt lat="46.18777" lon="15.10795"><ele>1100.5</ele><time>2000-01-01T03:45:16.000Z</time></trkpt><trkpt lat="46.18779" lon="15.10797"><ele>1100</ele><time>2000-01-01T03:45:26.000Z</time></trkpt><trkpt lat="46.18783" lon="15.10801"><ele>1099.5</ele><time>2000-01-01T03:45:36.000Z</time></trkpt><trkpt lat="46.18787" lon="15.10804"><ele>1099</ele><time>2000-01-01T03:45:46.000Z</time></trkpt><trkpt lat="46.18788" lon="15.10806"><ele>1098.5</ele><time>2000-01-01T03:45:56.000Z</time></trkpt><trkpt lat="46.18792" lon="15.10809"><ele>1098</ele><time>2000-01-01T03:46:06.000Z</time></trkpt><trkpt lat="46.18793" lon="15.10812"><ele>1097.5</ele><time>2000-01-01T03:46:16.000Z</time></trkpt><trkpt lat="46.18796" lon="15.10815"><ele>1097</ele><time>2000-01-01T03:46:26.000Z</time></trkpt><trkpt lat="46.18798" lon="15.10816"><ele>1096.83</ele><time>2000-01-01T03:46:36.000Z</time></trkpt><trkpt lat="46.18801" lon="15.10816"><ele>1096.67</ele><time>2000-01-01T03:46:46.000Z</time></trkpt><trkpt lat="46.18806" lon="15.10822"><ele>1096.5</ele><time>2000-01-01T03:46:56.000Z</time></trkpt><trkpt lat="46.18808" lon="15.10827"><ele>1096.33</ele><time>2000-01-01T03:47:06.000Z</time></trkpt><trkpt lat="46.18813" lon="15.10833"><ele>1096.17</ele><time>2000-01-01T03:47:16.000Z</time></trkpt><trkpt lat="46.18818" lon="15.10845"><ele>1096</ele><time>2000-01-01T03:47:26.000Z</time></trkpt><trkpt lat="46.1882" lon="15.10851"><ele>1095.83</ele><time>2000-01-01T03:47:36.000Z</time></trkpt><trkpt lat="46.18823" lon="15.10856"><ele>1095.67</ele><time>2000-01-01T03:47:46.000Z</time></trkpt><trkpt lat="46.18825" lon="15.10862"><ele>1095.5</ele><time>2000-01-01T03:47:56.000Z</time></trkpt><trkpt lat="46.18826" lon="15.10872"><ele>1095.33</ele><time>2000-01-01T03:48:06.000Z</time></trkpt><trkpt lat="46.18828" lon="15.10877"><ele>1095.17</ele><time>2000-01-01T03:48:16.000Z</time></trkpt><trkpt lat="46.18826" lon="15.10877"><ele>1095</ele><time>2000-01-01T03:48:26.000Z</time></trkpt><trkpt lat="46.18823" lon="15.10878"><ele>1095.2</ele><time>2000-01-01T03:48:36.000Z</time></trkpt><trkpt lat="46.18819" lon="15.10884"><ele>1095.4</ele><time>2000-01-01T03:48:46.000Z</time></trkpt><trkpt lat="46.18817" lon="15.1089"><ele>1095.6</ele><time>2000-01-01T03:48:56.000Z</time></trkpt><trkpt lat="46.18814" lon="15.10906"><ele>1095.8</ele><time>2000-01-01T03:49:06.000Z</time></trkpt><trkpt lat="46.18814" lon="15.10915"><ele>1096</ele><time>2000-01-01T03:49:16.000Z</time></trkpt><trkpt lat="46.18813" lon="15.10918"><ele>1094.8</ele><time>2000-01-01T03:49:26.000Z</time></trkpt><trkpt lat="46.18813" lon="15.10921"><ele>1093.6</ele><time>2000-01-01T03:49:36.000Z</time></trkpt><trkpt lat="46.18811" lon="15.10933"><ele>1092.4</ele><time>2000-01-01T03:49:46.000Z</time></trkpt><trkpt lat="46.1881" lon="15.10944"><ele>1091.2</ele><time>2000-01-01T03:49:56.000Z</time></trkpt><trkpt lat="46.18803" lon="15.10969"><ele>1090</ele><time>2000-01-01T03:50:06.000Z</time></trkpt><trkpt lat="46.18801" lon="15.10979"><ele>1089.75</ele><time>2000-01-01T03:50:16.000Z</time></trkpt><trkpt lat="46.18802" lon="15.10987"><ele>1089.5</ele><time>2000-01-01T03:50:26.000Z</time></trkpt><trkpt lat="46.18802" lon="15.10992"><ele>1089.25</ele><time>2000-01-01T03:50:36.000Z</time></trkpt><trkpt lat="46.18799" lon="15.11005"><ele>1089</ele><time>2000-01-01T03:50:46.000Z</time></trkpt><trkpt lat="46.188" lon="15.11022"><ele>1089</ele><time>2000-01-01T03:50:56.000Z</time></trkpt><trkpt lat="46.18798" lon="15.11037"><ele>1089</ele><time>2000-01-01T03:51:06.000Z</time></trkpt><trkpt lat="46.18798" lon="15.1105"><ele>1089</ele><time>2000-01-01T03:51:16.000Z</time></trkpt><trkpt lat="46.18799" lon="15.11056"><ele>1088.17</ele><time>2000-01-01T03:51:26.000Z</time></trkpt><trkpt lat="46.188" lon="15.11063"><ele>1087.33</ele><time>2000-01-01T03:51:36.000Z</time></trkpt><trkpt lat="46.18802" lon="15.11068"><ele>1086.5</ele><time>2000-01-01T03:51:46.000Z</time></trkpt><trkpt lat="46.18805" lon="15.11071"><ele>1085.67</ele><time>2000-01-01T03:51:56.000Z</time></trkpt><trkpt lat="46.18807" lon="15.11074"><ele>1084.83</ele><time>2000-01-01T03:52:06.000Z</time></trkpt><trkpt lat="46.18811" lon="15.11086"><ele>1084</ele><time>2000-01-01T03:52:16.000Z</time></trkpt><trkpt lat="46.18815" lon="15.11091"><ele>1084</ele><time>2000-01-01T03:52:26.000Z</time></trkpt><trkpt lat="46.18819" lon="15.111"><ele>1084</ele><time>2000-01-01T03:52:36.000Z</time></trkpt><trkpt lat="46.18822" lon="15.11105"><ele>1084</ele><time>2000-01-01T03:52:46.000Z</time></trkpt><trkpt lat="46.18824" lon="15.1111"><ele>1084</ele><time>2000-01-01T03:52:56.000Z</time></trkpt><trkpt lat="46.1883" lon="15.11118"><ele>1084</ele><time>2000-01-01T03:53:06.000Z</time></trkpt><trkpt lat="46.18837" lon="15.11124"><ele>1085.33</ele><time>2000-01-01T03:53:16.000Z</time></trkpt><trkpt lat="46.18842" lon="15.11127"><ele>1086.67</ele><time>2000-01-01T03:53:26.000Z</time></trkpt><trkpt lat="46.18855" lon="15.1113"><ele>1088</ele><time>2000-01-01T03:53:36.000Z</time></trkpt><trkpt lat="46.1886" lon="15.11132"><ele>1089.25</ele><time>2000-01-01T03:53:46.000Z</time></trkpt><trkpt lat="46.18865" lon="15.11136"><ele>1090.5</ele><time>2000-01-01T03:53:56.000Z</time></trkpt><trkpt lat="46.1887" lon="15.11141"><ele>1091.75</ele><time>2000-01-01T03:54:06.000Z</time></trkpt><trkpt lat="46.18884" lon="15.11147"><ele>1093</ele><time>2000-01-01T03:54:16.000Z</time></trkpt><trkpt lat="46.18887" lon="15.1115"><ele>1093</ele><time>2000-01-01T03:54:26.000Z</time></trkpt><trkpt lat="46.18897" lon="15.11152"><ele>1093</ele><time>2000-01-01T03:54:36.000Z</time></trkpt><trkpt lat="46.18909" lon="15.11151"><ele>1093</ele><time>2000-01-01T03:54:46.000Z</time></trkpt><trkpt lat="46.18914" lon="15.11148"><ele>1092.5</ele><time>2000-01-01T03:54:56.000Z</time></trkpt><trkpt lat="46.1892" lon="15.11148"><ele>1092</ele><time>2000-01-01T03:55:06.000Z</time></trkpt><trkpt lat="46.18925" lon="15.11146"><ele>1091.5</ele><time>2000-01-01T03:55:16.000Z</time></trkpt><trkpt lat="46.18933" lon="15.11143"><ele>1091</ele><time>2000-01-01T03:55:26.000Z</time></trkpt><trkpt lat="46.18939" lon="15.11142"><ele>1091</ele><time>2000-01-01T03:55:36.000Z</time></trkpt><trkpt lat="46.18956" lon="15.11137"><ele>1091</ele><time>2000-01-01T03:55:46.000Z</time></trkpt><trkpt lat="46.18964" lon="15.11132"><ele>1091</ele><time>2000-01-01T03:55:56.000Z</time></trkpt><trkpt lat="46.1897" lon="15.11129"><ele>1091</ele><time>2000-01-01T03:56:06.000Z</time></trkpt><trkpt lat="46.18981" lon="15.11121"><ele>1091</ele><time>2000-01-01T03:56:16.000Z</time></trkpt><trkpt lat="46.18984" lon="15.11115"><ele>1091</ele><time>2000-01-01T03:56:26.000Z</time></trkpt><trkpt lat="46.18985" lon="15.11112"><ele>1091</ele><time>2000-01-01T03:56:36.000Z</time></trkpt><trkpt lat="46.18985" lon="15.11109"><ele>1090.8</ele><time>2000-01-01T03:56:46.000Z</time></trkpt><trkpt lat="46.18978" lon="15.11096"><ele>1090.6</ele><time>2000-01-01T03:56:56.000Z</time></trkpt><trkpt lat="46.18976" lon="15.11088"><ele>1090.4</ele><time>2000-01-01T03:57:06.000Z</time></trkpt><trkpt lat="46.18974" lon="15.11083"><ele>1090.2</ele><time>2000-01-01T03:57:16.000Z</time></trkpt><trkpt lat="46.18972" lon="15.11078"><ele>1090</ele><time>2000-01-01T03:57:26.000Z</time></trkpt><trkpt lat="46.18969" lon="15.1107"><ele>1089.4</ele><time>2000-01-01T03:57:36.000Z</time></trkpt><trkpt lat="46.18968" lon="15.11067"><ele>1088.8</ele><time>2000-01-01T03:57:46.000Z</time></trkpt><trkpt lat="46.18966" lon="15.11062"><ele>1088.2</ele><time>2000-01-01T03:57:56.000Z</time></trkpt><trkpt lat="46.18963" lon="15.11048"><ele>1087.6</ele><time>2000-01-01T03:58:06.000Z</time></trkpt><trkpt lat="46.18959" lon="15.11039"><ele>1087</ele><time>2000-01-01T03:58:16.000Z</time></trkpt><trkpt lat="46.18959" lon="15.11036"><ele>1086.25</ele><time>2000-01-01T03:58:26.000Z</time></trkpt><trkpt lat="46.18954" lon="15.11021"><ele>1085.5</ele><time>2000-01-01T03:58:36.000Z</time></trkpt><trkpt lat="46.1895" lon="15.11009"><ele>1084.75</ele><time>2000-01-01T03:58:46.000Z</time></trkpt><trkpt lat="46.1895" lon="15.11"><ele>1084</ele><time>2000-01-01T03:58:56.000Z</time></trkpt><trkpt lat="46.18948" lon="15.10989"><ele>1084</ele><time>2000-01-01T03:59:06.000Z</time></trkpt><trkpt lat="46.18949" lon="15.1098"><ele>1084</ele><time>2000-01-01T03:59:16.000Z</time></trkpt><trkpt lat="46.18948" lon="15.10976"><ele>1084</ele><time>2000-01-01T03:59:26.000Z</time></trkpt><trkpt lat="46.18948" lon="15.10962"><ele>1084</ele><time>2000-01-01T03:59:36.000Z</time></trkpt><trkpt lat="46.18947" lon="15.10956"><ele>1083.25</ele><time>2000-01-01T03:59:46.000Z</time></trkpt><trkpt lat="46.18946" lon="15.10949"><ele>1082.5</ele><time>2000-01-01T03:59:56.000Z</time></trkpt><trkpt lat="46.18944" lon="15.10941"><ele>1081.75</ele><time>2000-01-01T04:00:06.000Z</time></trkpt><trkpt lat="46.18936" lon="15.10926"><ele>1081</ele><time>2000-01-01T04:00:16.000Z</time></trkpt><trkpt lat="46.18935" lon="15.10922"><ele>1082.5</ele><time>2000-01-01T04:00:26.000Z</time></trkpt><trkpt lat="46.18928" lon="15.10908"><ele>1084</ele><time>2000-01-01T04:00:36.000Z</time></trkpt><trkpt lat="46.18925" lon="15.10901"><ele>1085.5</ele><time>2000-01-01T04:00:46.000Z</time></trkpt><trkpt lat="46.18918" lon="15.10888"><ele>1087</ele><time>2000-01-01T04:00:56.000Z</time></trkpt><trkpt lat="46.18914" lon="15.10876"><ele>1086.8</ele><time>2000-01-01T04:01:06.000Z</time></trkpt><trkpt lat="46.18911" lon="15.10873"><ele>1086.6</ele><time>2000-01-01T04:01:16.000Z</time></trkpt><trkpt lat="46.1891" lon="15.10869"><ele>1086.4</ele><time>2000-01-01T04:01:26.000Z</time></trkpt><trkpt lat="46.18906" lon="15.1086"><ele>1086.2</ele><time>2000-01-01T04:01:36.000Z</time></trkpt><trkpt lat="46.18904" lon="15.10853"><ele>1086</ele><time>2000-01-01T04:01:46.000Z</time></trkpt><trkpt lat="46.18902" lon="15.10849"><ele>1085.75</ele><time>2000-01-01T04:01:56.000Z</time></trkpt><trkpt lat="46.18892" lon="15.10837"><ele>1085.5</ele><time>2000-01-01T04:02:06.000Z</time></trkpt><trkpt lat="46.18885" lon="15.1083"><ele>1085.25</ele><time>2000-01-01T04:02:16.000Z</time></trkpt><trkpt lat="46.18882" lon="15.10825"><ele>1085</ele><time>2000-01-01T04:02:26.000Z</time></trkpt><trkpt lat="46.1888" lon="15.1082"><ele>1082.33</ele><time>2000-01-01T04:02:36.000Z</time></trkpt><trkpt lat="46.18879" lon="15.10815"><ele>1079.67</ele><time>2000-01-01T04:02:46.000Z</time></trkpt><trkpt lat="46.18879" lon="15.1081"><ele>1077</ele><time>2000-01-01T04:02:56.000Z</time></trkpt><trkpt lat="46.18877" lon="15.10805"><ele>1074.33</ele><time>2000-01-01T04:03:06.000Z</time></trkpt><trkpt lat="46.18876" lon="15.10799"><ele>1071.67</ele><time>2000-01-01T04:03:16.000Z</time></trkpt><trkpt lat="46.18873" lon="15.10789"><ele>1069</ele><time>2000-01-01T04:03:26.000Z</time></trkpt><trkpt lat="46.18872" lon="15.10783"><ele>1066.75</ele><time>2000-01-01T04:03:36.000Z</time></trkpt><trkpt lat="46.1887" lon="15.10778"><ele>1064.5</ele><time>2000-01-01T04:03:46.000Z</time></trkpt><trkpt lat="46.18867" lon="15.10767"><ele>1062.25</ele><time>2000-01-01T04:03:56.000Z</time></trkpt><trkpt lat="46.18862" lon="15.10751"><ele>1060</ele><time>2000-01-01T04:04:06.000Z</time></trkpt><trkpt lat="46.18861" lon="15.10742"><ele>1057.8</ele><time>2000-01-01T04:04:16.000Z</time></trkpt><trkpt lat="46.18857" lon="15.10732"><ele>1055.6</ele><time>2000-01-01T04:04:26.000Z</time></trkpt><trkpt lat="46.18855" lon="15.10723"><ele>1053.4</ele><time>2000-01-01T04:04:36.000Z</time></trkpt><trkpt lat="46.18853" lon="15.10719"><ele>1051.2</ele><time>2000-01-01T04:04:46.000Z</time></trkpt><trkpt lat="46.18849" lon="15.10706"><ele>1049</ele><time>2000-01-01T04:04:56.000Z</time></trkpt><trkpt lat="46.18847" lon="15.10694"><ele>1048.5</ele><time>2000-01-01T04:05:06.000Z</time></trkpt><trkpt lat="46.1885" lon="15.10684"><ele>1048</ele><time>2000-01-01T04:05:16.000Z</time></trkpt><trkpt lat="46.1885" lon="15.10676"><ele>1047.5</ele><time>2000-01-01T04:05:26.000Z</time></trkpt><trkpt lat="46.18849" lon="15.10671"><ele>1047</ele><time>2000-01-01T04:05:36.000Z</time></trkpt><trkpt lat="46.18848" lon="15.10667"><ele>1039</ele><time>2000-01-01T04:05:46.000Z</time></trkpt><trkpt lat="46.18851" lon="15.10645"><ele>1031</ele><time>2000-01-01T04:05:56.000Z</time></trkpt><trkpt lat="46.18852" lon="15.10637"><ele>1023</ele><time>2000-01-01T04:06:06.000Z</time></trkpt><trkpt lat="46.18854" lon="15.10627"><ele>1015</ele><time>2000-01-01T04:06:16.000Z</time></trkpt><trkpt lat="46.18855" lon="15.1061"><ele>1015.25</ele><time>2000-01-01T04:06:26.000Z</time></trkpt><trkpt lat="46.18854" lon="15.10597"><ele>1015.5</ele><time>2000-01-01T04:06:36.000Z</time></trkpt><trkpt lat="46.18855" lon="15.10592"><ele>1015.75</ele><time>2000-01-01T04:06:46.000Z</time></trkpt><trkpt lat="46.18853" lon="15.10583"><ele>1016</ele><time>2000-01-01T04:06:56.000Z</time></trkpt><trkpt lat="46.18853" lon="15.1057"><ele>1015.75</ele><time>2000-01-01T04:07:06.000Z</time></trkpt><trkpt lat="46.18853" lon="15.10563"><ele>1015.5</ele><time>2000-01-01T04:07:16.000Z</time></trkpt><trkpt lat="46.18852" lon="15.10559"><ele>1015.25</ele><time>2000-01-01T04:07:26.000Z</time></trkpt><trkpt lat="46.18851" lon="15.10539"><ele>1015</ele><time>2000-01-01T04:07:36.000Z</time></trkpt><trkpt lat="46.1885" lon="15.10531"><ele>1015</ele><time>2000-01-01T04:07:46.000Z</time></trkpt><trkpt lat="46.18848" lon="15.1052"><ele>1015</ele><time>2000-01-01T04:07:56.000Z</time></trkpt><trkpt lat="46.18848" lon="15.10507"><ele>1015</ele><time>2000-01-01T04:08:06.000Z</time></trkpt><trkpt lat="46.18848" lon="15.10493"><ele>1015</ele><time>2000-01-01T04:08:16.000Z</time></trkpt><trkpt lat="46.18849" lon="15.10476"><ele>1010.33</ele><time>2000-01-01T04:08:26.000Z</time></trkpt><trkpt lat="46.18852" lon="15.10463"><ele>1005.67</ele><time>2000-01-01T04:08:36.000Z</time></trkpt><trkpt lat="46.18855" lon="15.10455"><ele>1001</ele><time>2000-01-01T04:08:46.000Z</time></trkpt><trkpt lat="46.18861" lon="15.10443"><ele>1000.67</ele><time>2000-01-01T04:08:56.000Z</time></trkpt><trkpt lat="46.18866" lon="15.10433"><ele>1000.33</ele><time>2000-01-01T04:09:06.000Z</time></trkpt><trkpt lat="46.1887" lon="15.10407"><ele>1000</ele><time>2000-01-01T04:09:16.000Z</time></trkpt><trkpt lat="46.18876" lon="15.10383"><ele>1000</ele><time>2000-01-01T04:09:26.000Z</time></trkpt><trkpt lat="46.18879" lon="15.10375"><ele>1000</ele><time>2000-01-01T04:09:36.000Z</time></trkpt><trkpt lat="46.18882" lon="15.10366"><ele>1000</ele><time>2000-01-01T04:09:46.000Z</time></trkpt><trkpt lat="46.18895" lon="15.10333"><ele>1000</ele><time>2000-01-01T04:09:56.000Z</time></trkpt><trkpt lat="46.18899" lon="15.10323"><ele>1001</ele><time>2000-01-01T04:10:06.000Z</time></trkpt><trkpt lat="46.18912" lon="15.10299"><ele>1002</ele><time>2000-01-01T04:10:16.000Z</time></trkpt><trkpt lat="46.18913" lon="15.10295"><ele>1002</ele><time>2000-01-01T04:10:26.000Z</time></trkpt><trkpt lat="46.18917" lon="15.10289"><ele>1002</ele><time>2000-01-01T04:10:36.000Z</time></trkpt><trkpt lat="46.18923" lon="15.10281"><ele>1002</ele><time>2000-01-01T04:10:46.000Z</time></trkpt><trkpt lat="46.18928" lon="15.10271"><ele>1002</ele><time>2000-01-01T04:10:56.000Z</time></trkpt><trkpt lat="46.18936" lon="15.10255"><ele>999</ele><time>2000-01-01T04:11:06.000Z</time></trkpt><trkpt lat="46.18937" lon="15.10252"><ele>996</ele><time>2000-01-01T04:11:16.000Z</time></trkpt><trkpt lat="46.18939" lon="15.10233"><ele>993</ele><time>2000-01-01T04:11:26.000Z</time></trkpt><trkpt lat="46.18939" lon="15.10229"><ele>994</ele><time>2000-01-01T04:11:36.000Z</time></trkpt><trkpt lat="46.18938" lon="15.10225"><ele>995</ele><time>2000-01-01T04:11:46.000Z</time></trkpt><trkpt lat="46.18936" lon="15.10213"><ele>996</ele><time>2000-01-01T04:11:56.000Z</time></trkpt><trkpt lat="46.18936" lon="15.10192"><ele>997</ele><time>2000-01-01T04:12:06.000Z</time></trkpt><trkpt lat="46.18937" lon="15.10181"><ele>998.67</ele><time>2000-01-01T04:12:16.000Z</time></trkpt><trkpt lat="46.18939" lon="15.10173"><ele>1000.33</ele><time>2000-01-01T04:12:26.000Z</time></trkpt><trkpt lat="46.1895" lon="15.10146"><ele>1002</ele><time>2000-01-01T04:12:36.000Z</time></trkpt><trkpt lat="46.18952" lon="15.10136"><ele>1006.33</ele><time>2000-01-01T04:12:46.000Z</time></trkpt><trkpt lat="46.18954" lon="15.1012"><ele>1010.67</ele><time>2000-01-01T04:12:56.000Z</time></trkpt><trkpt lat="46.1896" lon="15.10092"><ele>1015</ele><time>2000-01-01T04:13:06.000Z</time></trkpt><trkpt lat="46.18962" lon="15.10078"><ele>1015</ele><time>2000-01-01T04:13:16.000Z</time></trkpt><trkpt lat="46.18963" lon="15.10068"><ele>1015</ele><time>2000-01-01T04:13:26.000Z</time></trkpt><trkpt lat="46.18963" lon="15.10046"><ele>1015</ele><time>2000-01-01T04:13:36.000Z</time></trkpt><trkpt lat="46.18962" lon="15.10036"><ele>1014</ele><time>2000-01-01T04:13:46.000Z</time></trkpt><trkpt lat="46.18962" lon="15.10029"><ele>1013</ele><time>2000-01-01T04:13:56.000Z</time></trkpt><trkpt lat="46.18964" lon="15.10014"><ele>1012</ele><time>2000-01-01T04:14:06.000Z</time></trkpt><trkpt lat="46.18968" lon="15.09999"><ele>1011</ele><time>2000-01-01T04:14:16.000Z</time></trkpt><trkpt lat="46.18969" lon="15.09986"><ele>1009.5</ele><time>2000-01-01T04:14:26.000Z</time></trkpt><trkpt lat="46.18974" lon="15.09964"><ele>1008</ele><time>2000-01-01T04:14:36.000Z</time></trkpt><trkpt lat="46.18975" lon="15.09952"><ele>1007</ele><time>2000-01-01T04:14:46.000Z</time></trkpt><trkpt lat="46.18977" lon="15.09933"><ele>1006</ele><time>2000-01-01T04:14:56.000Z</time></trkpt><trkpt lat="46.1898" lon="15.09916"><ele>1005</ele><time>2000-01-01T04:15:06.000Z</time></trkpt><trkpt lat="46.1898" lon="15.09903"><ele>1004.67</ele><time>2000-01-01T04:15:16.000Z</time></trkpt><trkpt lat="46.18981" lon="15.099"><ele>1004.33</ele><time>2000-01-01T04:15:26.000Z</time></trkpt><trkpt lat="46.18982" lon="15.09878"><ele>1004</ele><time>2000-01-01T04:15:36.000Z</time></trkpt><trkpt lat="46.18981" lon="15.09867"><ele>1004.25</ele><time>2000-01-01T04:15:46.000Z</time></trkpt><trkpt lat="46.18981" lon="15.09856"><ele>1004.5</ele><time>2000-01-01T04:15:56.000Z</time></trkpt><trkpt lat="46.18979" lon="15.09846"><ele>1004.75</ele><time>2000-01-01T04:16:06.000Z</time></trkpt><trkpt lat="46.18979" lon="15.0984"><ele>1005</ele><time>2000-01-01T04:16:16.000Z</time></trkpt><trkpt lat="46.18983" lon="15.0982"><ele>1004.67</ele><time>2000-01-01T04:16:26.000Z</time></trkpt><trkpt lat="46.18983" lon="15.09817"><ele>1004.33</ele><time>2000-01-01T04:16:36.000Z</time></trkpt><trkpt lat="46.18983" lon="15.09803"><ele>1004</ele><time>2000-01-01T04:16:46.000Z</time></trkpt><trkpt lat="46.18981" lon="15.09793"><ele>1004</ele><time>2000-01-01T04:16:56.000Z</time></trkpt><trkpt lat="46.18982" lon="15.09789"><ele>1004</ele><time>2000-01-01T04:17:06.000Z</time></trkpt><trkpt lat="46.18981" lon="15.09784"><ele>1004</ele><time>2000-01-01T04:17:16.000Z</time></trkpt><trkpt lat="46.1898" lon="15.09778"><ele>1004</ele><time>2000-01-01T04:17:26.000Z</time></trkpt><trkpt lat="46.18979" lon="15.09762"><ele>1004</ele><time>2000-01-01T04:17:36.000Z</time></trkpt><trkpt lat="46.18978" lon="15.09759"><ele>1004.33</ele><time>2000-01-01T04:17:46.000Z</time></trkpt><trkpt lat="46.1898" lon="15.09752"><ele>1004.67</ele><time>2000-01-01T04:17:56.000Z</time></trkpt><trkpt lat="46.18979" lon="15.09727"><ele>1005</ele><time>2000-01-01T04:18:06.000Z</time></trkpt><trkpt lat="46.18977" lon="15.09719"><ele>1005.4</ele><time>2000-01-01T04:18:16.000Z</time></trkpt><trkpt lat="46.18975" lon="15.09713"><ele>1005.8</ele><time>2000-01-01T04:18:26.000Z</time></trkpt><trkpt lat="46.18976" lon="15.09707"><ele>1006.2</ele><time>2000-01-01T04:18:36.000Z</time></trkpt><trkpt lat="46.18975" lon="15.09703"><ele>1006.6</ele><time>2000-01-01T04:18:46.000Z</time></trkpt><trkpt lat="46.18978" lon="15.09688"><ele>1007</ele><time>2000-01-01T04:18:56.000Z</time></trkpt><trkpt lat="46.18978" lon="15.09685"><ele>1007.17</ele><time>2000-01-01T04:19:06.000Z</time></trkpt><trkpt lat="46.18979" lon="15.0968"><ele>1007.33</ele><time>2000-01-01T04:19:16.000Z</time></trkpt><trkpt lat="46.18977" lon="15.09668"><ele>1007.5</ele><time>2000-01-01T04:19:26.000Z</time></trkpt><trkpt lat="46.18978" lon="15.09665"><ele>1007.67</ele><time>2000-01-01T04:19:36.000Z</time></trkpt><trkpt lat="46.18976" lon="15.0966"><ele>1007.83</ele><time>2000-01-01T04:19:46.000Z</time></trkpt><trkpt lat="46.18976" lon="15.09652"><ele>1008</ele><time>2000-01-01T04:19:56.000Z</time></trkpt><trkpt lat="46.18975" lon="15.09646"><ele>1007.8</ele><time>2000-01-01T04:20:06.000Z</time></trkpt><trkpt lat="46.18973" lon="15.0964"><ele>1007.6</ele><time>2000-01-01T04:20:16.000Z</time></trkpt><trkpt lat="46.18972" lon="15.09629"><ele>1007.4</ele><time>2000-01-01T04:20:26.000Z</time></trkpt><trkpt lat="46.18973" lon="15.09621"><ele>1007.2</ele><time>2000-01-01T04:20:36.000Z</time></trkpt><trkpt lat="46.18976" lon="15.09615"><ele>1007</ele><time>2000-01-01T04:20:46.000Z</time></trkpt><trkpt lat="46.18977" lon="15.09614"><ele>1007</ele><time>2000-01-01T04:20:56.000Z</time></trkpt><trkpt lat="46.18978" lon="15.09611"><ele>1007</ele><time>2000-01-01T04:21:06.000Z</time></trkpt><trkpt lat="46.18978" lon="15.09607"><ele>1007</ele><time>2000-01-01T04:21:16.000Z</time></trkpt><trkpt lat="46.18979" lon="15.09597"><ele>1007</ele><time>2000-01-01T04:21:26.000Z</time></trkpt><trkpt lat="46.18978" lon="15.09594"><ele>1007</ele><time>2000-01-01T04:21:36.000Z</time></trkpt><trkpt lat="46.18978" lon="15.09591"><ele>1007</ele><time>2000-01-01T04:21:46.000Z</time></trkpt><trkpt lat="46.18983" lon="15.09582"><ele>1007</ele><time>2000-01-01T04:21:56.000Z</time></trkpt><trkpt lat="46.18984" lon="15.09578"><ele>1005.5</ele><time>2000-01-01T04:22:06.000Z</time></trkpt><trkpt lat="46.18984" lon="15.09565"><ele>1004</ele><time>2000-01-01T04:22:16.000Z</time></trkpt><trkpt lat="46.18982" lon="15.09548"><ele>1002.5</ele><time>2000-01-01T04:22:26.000Z</time></trkpt><trkpt lat="46.18973" lon="15.0952"><ele>1001</ele><time>2000-01-01T04:22:36.000Z</time></trkpt><trkpt lat="46.1897" lon="15.09514"><ele>1000</ele><time>2000-01-01T04:22:46.000Z</time></trkpt><trkpt lat="46.18965" lon="15.095"><ele>999</ele><time>2000-01-01T04:22:56.000Z</time></trkpt><trkpt lat="46.18964" lon="15.09497"><ele>998</ele><time>2000-01-01T04:23:06.000Z</time></trkpt><trkpt lat="46.18965" lon="15.09491"><ele>997</ele><time>2000-01-01T04:23:16.000Z</time></trkpt><trkpt lat="46.18964" lon="15.09485"><ele>996</ele><time>2000-01-01T04:23:26.000Z</time></trkpt><trkpt lat="46.18964" lon="15.09475"><ele>994.67</ele><time>2000-01-01T04:23:36.000Z</time></trkpt><trkpt lat="46.18965" lon="15.09455"><ele>993.33</ele><time>2000-01-01T04:23:46.000Z</time></trkpt><trkpt lat="46.18964" lon="15.09444"><ele>992</ele><time>2000-01-01T04:23:56.000Z</time></trkpt><trkpt lat="46.18965" lon="15.09439"><ele>991.6</ele><time>2000-01-01T04:24:06.000Z</time></trkpt><trkpt lat="46.18966" lon="15.0943"><ele>991.2</ele><time>2000-01-01T04:24:16.000Z</time></trkpt><trkpt lat="46.18967" lon="15.09422"><ele>990.8</ele><time>2000-01-01T04:24:26.000Z</time></trkpt><trkpt lat="46.18966" lon="15.0941"><ele>990.4</ele><time>2000-01-01T04:24:36.000Z</time></trkpt><trkpt lat="46.18968" lon="15.09396"><ele>990</ele><time>2000-01-01T04:24:46.000Z</time></trkpt><trkpt lat="46.1897" lon="15.09375"><ele>988</ele><time>2000-01-01T04:24:56.000Z</time></trkpt><trkpt lat="46.18971" lon="15.09372"><ele>986</ele><time>2000-01-01T04:25:06.000Z</time></trkpt><trkpt lat="46.18973" lon="15.09364"><ele>984</ele><time>2000-01-01T04:25:16.000Z</time></trkpt><trkpt lat="46.18977" lon="15.09333"><ele>982</ele><time>2000-01-01T04:25:26.000Z</time></trkpt><trkpt lat="46.18979" lon="15.09327"><ele>979</ele><time>2000-01-01T04:25:36.000Z</time></trkpt><trkpt lat="46.1898" lon="15.09298"><ele>976</ele><time>2000-01-01T04:25:46.000Z</time></trkpt><trkpt lat="46.18978" lon="15.09278"><ele>973</ele><time>2000-01-01T04:25:56.000Z</time></trkpt><trkpt lat="46.18979" lon="15.09267"><ele>972.5</ele><time>2000-01-01T04:26:06.000Z</time></trkpt><trkpt lat="46.18982" lon="15.09223"><ele>972</ele><time>2000-01-01T04:26:16.000Z</time></trkpt><trkpt lat="46.18983" lon="15.09185"><ele>965</ele><time>2000-01-01T04:26:26.000Z</time></trkpt><trkpt lat="46.18985" lon="15.09164"><ele>963.5</ele><time>2000-01-01T04:26:36.000Z</time></trkpt><trkpt lat="46.18989" lon="15.0915"><ele>962</ele><time>2000-01-01T04:26:46.000Z</time></trkpt><trkpt lat="46.18991" lon="15.09133"><ele>961.33</ele><time>2000-01-01T04:26:56.000Z</time></trkpt><trkpt lat="46.18992" lon="15.09119"><ele>960.67</ele><time>2000-01-01T04:27:06.000Z</time></trkpt><trkpt lat="46.1899" lon="15.09112"><ele>960</ele><time>2000-01-01T04:27:16.000Z</time></trkpt><trkpt lat="46.1897" lon="15.09079"><ele>956</ele><time>2000-01-01T04:27:26.000Z</time></trkpt><trkpt lat="46.18953" lon="15.09058"><ele>956</ele><time>2000-01-01T04:27:36.000Z</time></trkpt><trkpt lat="46.18941" lon="15.09043"><ele>956</ele><time>2000-01-01T04:27:46.000Z</time></trkpt><trkpt lat="46.18933" lon="15.09036"><ele>956</ele><time>2000-01-01T04:27:56.000Z</time></trkpt><trkpt lat="46.18924" lon="15.09031"><ele>956</ele><time>2000-01-01T04:28:06.000Z</time></trkpt><trkpt lat="46.18898" lon="15.09022"><ele>956</ele><time>2000-01-01T04:28:16.000Z</time></trkpt><trkpt lat="46.1889" lon="15.09015"><ele>954.5</ele><time>2000-01-01T04:28:26.000Z</time></trkpt><trkpt lat="46.18871" lon="15.09007"><ele>953</ele><time>2000-01-01T04:28:36.000Z</time></trkpt><trkpt lat="46.18862" lon="15.09005"><ele>951.5</ele><time>2000-01-01T04:28:46.000Z</time></trkpt><trkpt lat="46.18847" lon="15.08998"><ele>950</ele><time>2000-01-01T04:28:56.000Z</time></trkpt><trkpt lat="46.18829" lon="15.08995"><ele>951.5</ele><time>2000-01-01T04:29:06.000Z</time></trkpt><trkpt lat="46.18804" lon="15.08989"><ele>953</ele><time>2000-01-01T04:29:16.000Z</time></trkpt><trkpt lat="46.18774" lon="15.08972"><ele>952</ele><time>2000-01-01T04:29:26.000Z</time></trkpt><trkpt lat="46.18757" lon="15.0896"><ele>952</ele><time>2000-01-01T04:29:36.000Z</time></trkpt><trkpt lat="46.18754" lon="15.0896"><ele>952</ele><time>2000-01-01T04:29:46.000Z</time></trkpt><trkpt lat="46.18724" lon="15.08945"><ele>952</ele><time>2000-01-01T04:29:56.000Z</time></trkpt><trkpt lat="46.18719" lon="15.0894"><ele>948.75</ele><time>2000-01-01T04:30:06.000Z</time></trkpt><trkpt lat="46.18712" lon="15.08935"><ele>945.5</ele><time>2000-01-01T04:30:16.000Z</time></trkpt><trkpt lat="46.18709" lon="15.0893"><ele>942.25</ele><time>2000-01-01T04:30:26.000Z</time></trkpt><trkpt lat="46.18704" lon="15.08923"><ele>939</ele><time>2000-01-01T04:30:36.000Z</time></trkpt><trkpt lat="46.18697" lon="15.08916"><ele>938</ele><time>2000-01-01T04:30:46.000Z</time></trkpt><trkpt lat="46.18693" lon="15.08913"><ele>937</ele><time>2000-01-01T04:30:56.000Z</time></trkpt><trkpt lat="46.18682" lon="15.08909"><ele>936</ele><time>2000-01-01T04:31:06.000Z</time></trkpt><trkpt lat="46.18674" lon="15.08904"><ele>935</ele><time>2000-01-01T04:31:16.000Z</time></trkpt><trkpt lat="46.18672" lon="15.089"><ele>934.6</ele><time>2000-01-01T04:31:26.000Z</time></trkpt><trkpt lat="46.18669" lon="15.08892"><ele>934.2</ele><time>2000-01-01T04:31:36.000Z</time></trkpt><trkpt lat="46.18668" lon="15.08881"><ele>933.8</ele><time>2000-01-01T04:31:46.000Z</time></trkpt><trkpt lat="46.18664" lon="15.08873"><ele>933.4</ele><time>2000-01-01T04:31:56.000Z</time></trkpt><trkpt lat="46.18662" lon="15.08872"><ele>933</ele><time>2000-01-01T04:32:06.000Z</time></trkpt><trkpt lat="46.1866" lon="15.08868"><ele>933</ele><time>2000-01-01T04:32:16.000Z</time></trkpt><trkpt lat="46.18655" lon="15.08864"><ele>933</ele><time>2000-01-01T04:32:26.000Z</time></trkpt><trkpt lat="46.18653" lon="15.08861"><ele>933</ele><time>2000-01-01T04:32:36.000Z</time></trkpt><trkpt lat="46.18651" lon="15.08856"><ele>933</ele><time>2000-01-01T04:32:46.000Z</time></trkpt><trkpt lat="46.18649" lon="15.0884"><ele>933</ele><time>2000-01-01T04:32:56.000Z</time></trkpt><trkpt lat="46.18639" lon="15.08818"><ele>933</ele><time>2000-01-01T04:33:06.000Z</time></trkpt><trkpt lat="46.18635" lon="15.08812"><ele>933</ele><time>2000-01-01T04:33:16.000Z</time></trkpt><trkpt lat="46.18634" lon="15.08805"><ele>933</ele><time>2000-01-01T04:33:26.000Z</time></trkpt><trkpt lat="46.18633" lon="15.088"><ele>932.2</ele><time>2000-01-01T04:33:36.000Z</time></trkpt><trkpt lat="46.1863" lon="15.08787"><ele>931.4</ele><time>2000-01-01T04:33:46.000Z</time></trkpt><trkpt lat="46.18628" lon="15.08785"><ele>930.6</ele><time>2000-01-01T04:33:56.000Z</time></trkpt><trkpt lat="46.18624" lon="15.08775"><ele>929.8</ele><time>2000-01-01T04:34:06.000Z</time></trkpt><trkpt lat="46.18625" lon="15.08768"><ele>929</ele><time>2000-01-01T04:34:16.000Z</time></trkpt><trkpt lat="46.18623" lon="15.08759"><ele>928.5</ele><time>2000-01-01T04:34:26.000Z</time></trkpt><trkpt lat="46.18621" lon="15.08755"><ele>928</ele><time>2000-01-01T04:34:36.000Z</time></trkpt><trkpt lat="46.18619" lon="15.08748"><ele>927.5</ele><time>2000-01-01T04:34:46.000Z</time></trkpt><trkpt lat="46.1862" lon="15.08739"><ele>927</ele><time>2000-01-01T04:34:56.000Z</time></trkpt><trkpt lat="46.18621" lon="15.08737"><ele>926.5</ele><time>2000-01-01T04:35:06.000Z</time></trkpt><trkpt lat="46.18622" lon="15.0873"><ele>926</ele><time>2000-01-01T04:35:16.000Z</time></trkpt><trkpt lat="46.18616" lon="15.08716"><ele>924.75</ele><time>2000-01-01T04:35:26.000Z</time></trkpt><trkpt lat="46.18614" lon="15.08708"><ele>923.5</ele><time>2000-01-01T04:35:36.000Z</time></trkpt><trkpt lat="46.18615" lon="15.08701"><ele>922.25</ele><time>2000-01-01T04:35:46.000Z</time></trkpt><trkpt lat="46.18615" lon="15.08694"><ele>921</ele><time>2000-01-01T04:35:56.000Z</time></trkpt><trkpt lat="46.18616" lon="15.08687"><ele>920</ele><time>2000-01-01T04:36:06.000Z</time></trkpt><trkpt lat="46.18613" lon="15.0867"><ele>919</ele><time>2000-01-01T04:36:16.000Z</time></trkpt><trkpt lat="46.18613" lon="15.08661"><ele>918</ele><time>2000-01-01T04:36:26.000Z</time></trkpt><trkpt lat="46.18612" lon="15.08655"><ele>917</ele><time>2000-01-01T04:36:36.000Z</time></trkpt><trkpt lat="46.18615" lon="15.08651"><ele>917</ele><time>2000-01-01T04:36:46.000Z</time></trkpt><trkpt lat="46.18617" lon="15.0865"><ele>917</ele><time>2000-01-01T04:36:56.000Z</time></trkpt><trkpt lat="46.18624" lon="15.08646"><ele>917</ele><time>2000-01-01T04:37:06.000Z</time></trkpt><trkpt lat="46.18626" lon="15.08643"><ele>917</ele><time>2000-01-01T04:37:16.000Z</time></trkpt><trkpt lat="46.18624" lon="15.08632"><ele>917</ele><time>2000-01-01T04:37:26.000Z</time></trkpt><trkpt lat="46.18618" lon="15.0863"><ele>917</ele><time>2000-01-01T04:37:36.000Z</time></trkpt><trkpt lat="46.18604" lon="15.08614"><ele>912.5</ele><time>2000-01-01T04:37:46.000Z</time></trkpt><trkpt lat="46.18597" lon="15.08599"><ele>908</ele><time>2000-01-01T04:37:56.000Z</time></trkpt><trkpt lat="46.18596" lon="15.08594"><ele>906</ele><time>2000-01-01T04:38:06.000Z</time></trkpt><trkpt lat="46.18596" lon="15.08586"><ele>904</ele><time>2000-01-01T04:38:16.000Z</time></trkpt><trkpt lat="46.18595" lon="15.0858"><ele>902</ele><time>2000-01-01T04:38:26.000Z</time></trkpt><trkpt lat="46.1859" lon="15.08563"><ele>900</ele><time>2000-01-01T04:38:36.000Z</time></trkpt><trkpt lat="46.18588" lon="15.08553"><ele>898.25</ele><time>2000-01-01T04:38:46.000Z</time></trkpt><trkpt lat="46.18585" lon="15.08546"><ele>896.5</ele><time>2000-01-01T04:38:56.000Z</time></trkpt><trkpt lat="46.18581" lon="15.08535"><ele>894.75</ele><time>2000-01-01T04:39:06.000Z</time></trkpt><trkpt lat="46.18572" lon="15.0851"><ele>893</ele><time>2000-01-01T04:39:16.000Z</time></trkpt><trkpt lat="46.1857" lon="15.085"><ele>890</ele><time>2000-01-01T04:39:26.000Z</time></trkpt><trkpt lat="46.18571" lon="15.08491"><ele>887</ele><time>2000-01-01T04:39:36.000Z</time></trkpt><trkpt lat="46.18574" lon="15.08473"><ele>884</ele><time>2000-01-01T04:39:46.000Z</time></trkpt><trkpt lat="46.18574" lon="15.08468"><ele>882.67</ele><time>2000-01-01T04:39:56.000Z</time></trkpt><trkpt lat="46.18576" lon="15.08455"><ele>881.33</ele><time>2000-01-01T04:40:06.000Z</time></trkpt><trkpt lat="46.18576" lon="15.08448"><ele>880</ele><time>2000-01-01T04:40:16.000Z</time></trkpt><trkpt lat="46.18576" lon="15.08446"><ele>878.67</ele><time>2000-01-01T04:40:26.000Z</time></trkpt><trkpt lat="46.18577" lon="15.08443"><ele>877.33</ele><time>2000-01-01T04:40:36.000Z</time></trkpt><trkpt lat="46.18579" lon="15.08422"><ele>876</ele><time>2000-01-01T04:40:46.000Z</time></trkpt><trkpt lat="46.18574" lon="15.08412"><ele>875.25</ele><time>2000-01-01T04:40:56.000Z</time></trkpt><trkpt lat="46.18573" lon="15.08406"><ele>874.5</ele><time>2000-01-01T04:41:06.000Z</time></trkpt><trkpt lat="46.18571" lon="15.08398"><ele>873.75</ele><time>2000-01-01T04:41:16.000Z</time></trkpt><trkpt lat="46.18568" lon="15.08386"><ele>873</ele><time>2000-01-01T04:41:26.000Z</time></trkpt><trkpt lat="46.18564" lon="15.08385"><ele>871.4</ele><time>2000-01-01T04:41:36.000Z</time></trkpt><trkpt lat="46.18557" lon="15.08375"><ele>869.8</ele><time>2000-01-01T04:41:46.000Z</time></trkpt><trkpt lat="46.18554" lon="15.08369"><ele>868.2</ele><time>2000-01-01T04:41:56.000Z</time></trkpt><trkpt lat="46.1855" lon="15.08367"><ele>866.6</ele><time>2000-01-01T04:42:06.000Z</time></trkpt><trkpt lat="46.18547" lon="15.08361"><ele>865</ele><time>2000-01-01T04:42:16.000Z</time></trkpt><trkpt lat="46.18545" lon="15.08344"><ele>864.5</ele><time>2000-01-01T04:42:26.000Z</time></trkpt><trkpt lat="46.18544" lon="15.08341"><ele>864</ele><time>2000-01-01T04:42:36.000Z</time></trkpt><trkpt lat="46.18538" lon="15.08333"><ele>863.5</ele><time>2000-01-01T04:42:46.000Z</time></trkpt><trkpt lat="46.18532" lon="15.08312"><ele>863</ele><time>2000-01-01T04:42:56.000Z</time></trkpt><trkpt lat="46.18531" lon="15.08306"><ele>862</ele><time>2000-01-01T04:43:06.000Z</time></trkpt><trkpt lat="46.18534" lon="15.08285"><ele>861</ele><time>2000-01-01T04:43:16.000Z</time></trkpt><trkpt lat="46.18535" lon="15.08274"><ele>860</ele><time>2000-01-01T04:43:26.000Z</time></trkpt><trkpt lat="46.18534" lon="15.08263"><ele>858.5</ele><time>2000-01-01T04:43:36.000Z</time></trkpt><trkpt lat="46.18533" lon="15.08258"><ele>857</ele><time>2000-01-01T04:43:46.000Z</time></trkpt><trkpt lat="46.18531" lon="15.08245"><ele>855.5</ele><time>2000-01-01T04:43:56.000Z</time></trkpt><trkpt lat="46.18527" lon="15.08232"><ele>854</ele><time>2000-01-01T04:44:06.000Z</time></trkpt><trkpt lat="46.18526" lon="15.08227"><ele>853</ele><time>2000-01-01T04:44:16.000Z</time></trkpt><trkpt lat="46.18522" lon="15.08214"><ele>852</ele><time>2000-01-01T04:44:26.000Z</time></trkpt><trkpt lat="46.18523" lon="15.08208"><ele>851</ele><time>2000-01-01T04:44:36.000Z</time></trkpt><trkpt lat="46.18522" lon="15.08196"><ele>850</ele><time>2000-01-01T04:44:46.000Z</time></trkpt><trkpt lat="46.18521" lon="15.08188"><ele>848.83</ele><time>2000-01-01T04:44:56.000Z</time></trkpt><trkpt lat="46.18518" lon="15.08176"><ele>847.67</ele><time>2000-01-01T04:45:06.000Z</time></trkpt><trkpt lat="46.18519" lon="15.08173"><ele>846.5</ele><time>2000-01-01T04:45:16.000Z</time></trkpt><trkpt lat="46.18523" lon="15.0817"><ele>845.33</ele><time>2000-01-01T04:45:26.000Z</time></trkpt><trkpt lat="46.18524" lon="15.08167"><ele>844.17</ele><time>2000-01-01T04:45:36.000Z</time></trkpt><trkpt lat="46.18524" lon="15.08162"><ele>843</ele><time>2000-01-01T04:45:46.000Z</time></trkpt><trkpt lat="46.18526" lon="15.08159"><ele>841.67</ele><time>2000-01-01T04:45:56.000Z</time></trkpt><trkpt lat="46.18529" lon="15.08155"><ele>840.33</ele><time>2000-01-01T04:46:06.000Z</time></trkpt><trkpt lat="46.1853" lon="15.08152"><ele>839</ele><time>2000-01-01T04:46:16.000Z</time></trkpt><trkpt lat="46.18529" lon="15.08148"><ele>837.67</ele><time>2000-01-01T04:46:26.000Z</time></trkpt><trkpt lat="46.1852" lon="15.08136"><ele>836.33</ele><time>2000-01-01T04:46:36.000Z</time></trkpt><trkpt lat="46.18514" lon="15.08129"><ele>835</ele><time>2000-01-01T04:46:46.000Z</time></trkpt><trkpt lat="46.18512" lon="15.08124"><ele>834.6</ele><time>2000-01-01T04:46:56.000Z</time></trkpt><trkpt lat="46.18509" lon="15.0812"><ele>834.2</ele><time>2000-01-01T04:47:06.000Z</time></trkpt><trkpt lat="46.18506" lon="15.08111"><ele>833.8</ele><time>2000-01-01T04:47:16.000Z</time></trkpt><trkpt lat="46.18502" lon="15.08108"><ele>833.4</ele><time>2000-01-01T04:47:26.000Z</time></trkpt><trkpt lat="46.18493" lon="15.0808"><ele>833</ele><time>2000-01-01T04:47:36.000Z</time></trkpt><trkpt lat="46.18492" lon="15.08076"><ele>832.83</ele><time>2000-01-01T04:47:46.000Z</time></trkpt><trkpt lat="46.18492" lon="15.08069"><ele>832.67</ele><time>2000-01-01T04:47:56.000Z</time></trkpt><trkpt lat="46.18487" lon="15.08062"><ele>832.5</ele><time>2000-01-01T04:48:06.000Z</time></trkpt><trkpt lat="46.18487" lon="15.0806"><ele>832.33</ele><time>2000-01-01T04:48:16.000Z</time></trkpt><trkpt lat="46.18482" lon="15.0805"><ele>832.17</ele><time>2000-01-01T04:48:26.000Z</time></trkpt><trkpt lat="46.18479" lon="15.08039"><ele>832</ele><time>2000-01-01T04:48:36.000Z</time></trkpt><trkpt lat="46.18479" lon="15.08032"><ele>832</ele><time>2000-01-01T04:48:46.000Z</time></trkpt><trkpt lat="46.18478" lon="15.0802"><ele>832</ele><time>2000-01-01T04:48:56.000Z</time></trkpt><trkpt lat="46.18475" lon="15.07999"><ele>832</ele><time>2000-01-01T04:49:06.000Z</time></trkpt><trkpt lat="46.18474" lon="15.07987"><ele>832</ele><time>2000-01-01T04:49:16.000Z</time></trkpt><trkpt lat="46.18477" lon="15.07971"><ele>832</ele><time>2000-01-01T04:49:26.000Z</time></trkpt><trkpt lat="46.18477" lon="15.07963"><ele>832</ele><time>2000-01-01T04:49:36.000Z</time></trkpt><trkpt lat="46.18476" lon="15.07957"><ele>831.25</ele><time>2000-01-01T04:49:46.000Z</time></trkpt><trkpt lat="46.18475" lon="15.07955"><ele>830.5</ele><time>2000-01-01T04:49:56.000Z</time></trkpt><trkpt lat="46.18473" lon="15.07948"><ele>829.75</ele><time>2000-01-01T04:50:06.000Z</time></trkpt><trkpt lat="46.18472" lon="15.07919"><ele>829</ele><time>2000-01-01T04:50:16.000Z</time></trkpt><trkpt lat="46.1847" lon="15.07914"><ele>828.8</ele><time>2000-01-01T04:50:26.000Z</time></trkpt><trkpt lat="46.18462" lon="15.07907"><ele>828.6</ele><time>2000-01-01T04:50:36.000Z</time></trkpt><trkpt lat="46.18459" lon="15.07903"><ele>828.4</ele><time>2000-01-01T04:50:46.000Z</time></trkpt><trkpt lat="46.18456" lon="15.07897"><ele>828.2</ele><time>2000-01-01T04:50:56.000Z</time></trkpt><trkpt lat="46.18455" lon="15.07883"><ele>828</ele><time>2000-01-01T04:51:06.000Z</time></trkpt><trkpt lat="46.18454" lon="15.07881"><ele>827.86</ele><time>2000-01-01T04:51:16.000Z</time></trkpt><trkpt lat="46.18453" lon="15.07876"><ele>827.71</ele><time>2000-01-01T04:51:26.000Z</time></trkpt><trkpt lat="46.18454" lon="15.07869"><ele>827.57</ele><time>2000-01-01T04:51:36.000Z</time></trkpt><trkpt lat="46.18455" lon="15.07863"><ele>827.43</ele><time>2000-01-01T04:51:46.000Z</time></trkpt><trkpt lat="46.18456" lon="15.0786"><ele>827.29</ele><time>2000-01-01T04:51:56.000Z</time></trkpt><trkpt lat="46.18455" lon="15.07858"><ele>827.14</ele><time>2000-01-01T04:52:06.000Z</time></trkpt><trkpt lat="46.18437" lon="15.07829"><ele>827</ele><time>2000-01-01T04:52:16.000Z</time></trkpt><trkpt lat="46.18431" lon="15.07825"><ele>827</ele><time>2000-01-01T04:52:26.000Z</time></trkpt><trkpt lat="46.18425" lon="15.07815"><ele>827</ele><time>2000-01-01T04:52:36.000Z</time></trkpt><trkpt lat="46.18425" lon="15.07808"><ele>827</ele><time>2000-01-01T04:52:46.000Z</time></trkpt><trkpt lat="46.18422" lon="15.07802"><ele>827</ele><time>2000-01-01T04:52:56.000Z</time></trkpt><trkpt lat="46.18417" lon="15.07798"><ele>826</ele><time>2000-01-01T04:53:06.000Z</time></trkpt><trkpt lat="46.18416" lon="15.07783"><ele>825</ele><time>2000-01-01T04:53:16.000Z</time></trkpt><trkpt lat="46.18405" lon="15.07778"><ele>824</ele><time>2000-01-01T04:53:26.000Z</time></trkpt><trkpt lat="46.18403" lon="15.07774"><ele>823.75</ele><time>2000-01-01T04:53:36.000Z</time></trkpt><trkpt lat="46.184" lon="15.07756"><ele>823.5</ele><time>2000-01-01T04:53:46.000Z</time></trkpt><trkpt lat="46.184" lon="15.07746"><ele>823.25</ele><time>2000-01-01T04:53:56.000Z</time></trkpt><trkpt lat="46.18399" lon="15.07743"><ele>823</ele><time>2000-01-01T04:54:06.000Z</time></trkpt><trkpt lat="46.18398" lon="15.07737"><ele>823</ele><time>2000-01-01T04:54:16.000Z</time></trkpt><trkpt lat="46.18393" lon="15.07713"><ele>823</ele><time>2000-01-01T04:54:26.000Z</time></trkpt><trkpt lat="46.1839" lon="15.07693"><ele>823</ele><time>2000-01-01T04:54:36.000Z</time></trkpt><trkpt lat="46.18388" lon="15.0769"><ele>823.67</ele><time>2000-01-01T04:54:46.000Z</time></trkpt><trkpt lat="46.18388" lon="15.07687"><ele>824.33</ele><time>2000-01-01T04:54:56.000Z</time></trkpt><trkpt lat="46.18374" lon="15.07664"><ele>825</ele><time>2000-01-01T04:55:06.000Z</time></trkpt><trkpt lat="46.1837" lon="15.07654"><ele>825</ele><time>2000-01-01T04:55:16.000Z</time></trkpt><trkpt lat="46.18369" lon="15.07651"><ele>825</ele><time>2000-01-01T04:55:26.000Z</time></trkpt><trkpt lat="46.18366" lon="15.07642"><ele>825</ele><time>2000-01-01T04:55:36.000Z</time></trkpt><trkpt lat="46.18368" lon="15.07643"><ele>825</ele><time>2000-01-01T04:55:46.000Z</time></trkpt><trkpt lat="46.18365" lon="15.0764"><ele>825</ele><time>2000-01-01T04:55:56.000Z</time></trkpt><trkpt lat="46.18364" lon="15.0764"><ele>825</ele><time>2000-01-01T04:56:06.000Z</time></trkpt><trkpt lat="46.18365" lon="15.07643"><ele>825</ele><time>2000-01-01T04:56:16.000Z</time></trkpt><trkpt lat="46.18365" lon="15.07637"><ele>824.33</ele><time>2000-01-01T04:56:26.000Z</time></trkpt><trkpt lat="46.18371" lon="15.07647"><ele>823.67</ele><time>2000-01-01T04:56:36.000Z</time></trkpt><trkpt lat="46.18363" lon="15.07629"><ele>823</ele><time>2000-01-01T04:56:46.000Z</time></trkpt><trkpt lat="46.1836" lon="15.07619"><ele>822.67</ele><time>2000-01-01T04:56:56.000Z</time></trkpt><trkpt lat="46.18353" lon="15.07604"><ele>822.33</ele><time>2000-01-01T04:57:06.000Z</time></trkpt><trkpt lat="46.1835" lon="15.07595"><ele>822</ele><time>2000-01-01T04:57:16.000Z</time></trkpt><trkpt lat="46.18346" lon="15.07588"><ele>822</ele><time>2000-01-01T04:57:26.000Z</time></trkpt><trkpt lat="46.18343" lon="15.0758"><ele>822</ele><time>2000-01-01T04:57:36.000Z</time></trkpt><trkpt lat="46.1834" lon="15.07576"><ele>822</ele><time>2000-01-01T04:57:46.000Z</time></trkpt><trkpt lat="46.1834" lon="15.07566"><ele>822</ele><time>2000-01-01T04:57:56.000Z</time></trkpt><trkpt lat="46.18341" lon="15.07561"><ele>822</ele><time>2000-01-01T04:58:06.000Z</time></trkpt><trkpt lat="46.18344" lon="15.07553"><ele>819.67</ele><time>2000-01-01T04:58:16.000Z</time></trkpt><trkpt lat="46.18347" lon="15.07536"><ele>817.33</ele><time>2000-01-01T04:58:26.000Z</time></trkpt><trkpt lat="46.18352" lon="15.07525"><ele>815</ele><time>2000-01-01T04:58:36.000Z</time></trkpt><trkpt lat="46.18352" lon="15.07521"><ele>814.43</ele><time>2000-01-01T04:58:46.000Z</time></trkpt><trkpt lat="46.18354" lon="15.07514"><ele>813.86</ele><time>2000-01-01T04:58:56.000Z</time></trkpt><trkpt lat="46.18355" lon="15.07512"><ele>813.29</ele><time>2000-01-01T04:59:06.000Z</time></trkpt><trkpt lat="46.18359" lon="15.07509"><ele>812.71</ele><time>2000-01-01T04:59:16.000Z</time></trkpt><trkpt lat="46.18362" lon="15.07504"><ele>812.14</ele><time>2000-01-01T04:59:26.000Z</time></trkpt><trkpt lat="46.18366" lon="15.07498"><ele>811.57</ele><time>2000-01-01T04:59:36.000Z</time></trkpt><trkpt lat="46.18368" lon="15.07498"><ele>811</ele><time>2000-01-01T04:59:46.000Z</time></trkpt><trkpt lat="46.1837" lon="15.07498"><ele>809.43</ele><time>2000-01-01T04:59:56.000Z</time></trkpt><trkpt lat="46.18374" lon="15.07494"><ele>807.86</ele><time>2000-01-01T05:00:06.000Z</time></trkpt><trkpt lat="46.18378" lon="15.07494"><ele>806.29</ele><time>2000-01-01T05:00:16.000Z</time></trkpt><trkpt lat="46.1838" lon="15.07492"><ele>804.71</ele><time>2000-01-01T05:00:26.000Z</time></trkpt><trkpt lat="46.18387" lon="15.07495"><ele>803.14</ele><time>2000-01-01T05:00:36.000Z</time></trkpt><trkpt lat="46.18388" lon="15.07492"><ele>801.57</ele><time>2000-01-01T05:00:46.000Z</time></trkpt><trkpt lat="46.18391" lon="15.07492"><ele>800</ele><time>2000-01-01T05:00:56.000Z</time></trkpt><trkpt lat="46.18392" lon="15.07493"><ele>799.56</ele><time>2000-01-01T05:01:06.000Z</time></trkpt><trkpt lat="46.18396" lon="15.07491"><ele>799.11</ele><time>2000-01-01T05:01:16.000Z</time></trkpt><trkpt lat="46.18396" lon="15.07489"><ele>798.67</ele><time>2000-01-01T05:01:26.000Z</time></trkpt><trkpt lat="46.18395" lon="15.07489"><ele>798.22</ele><time>2000-01-01T05:01:36.000Z</time></trkpt><trkpt lat="46.18396" lon="15.0749"><ele>797.78</ele><time>2000-01-01T05:01:46.000Z</time></trkpt><trkpt lat="46.18396" lon="15.07489"><ele>797.33</ele><time>2000-01-01T05:01:56.000Z</time></trkpt><trkpt lat="46.18404" lon="15.07488"><ele>796.89</ele><time>2000-01-01T05:02:06.000Z</time></trkpt><trkpt lat="46.1841" lon="15.07486"><ele>796.44</ele><time>2000-01-01T05:02:16.000Z</time></trkpt><trkpt lat="46.18414" lon="15.07485"><ele>796</ele><time>2000-01-01T05:02:26.000Z</time></trkpt><trkpt lat="46.18419" lon="15.07484"><ele>795.5</ele><time>2000-01-01T05:02:36.000Z</time></trkpt><trkpt lat="46.18429" lon="15.07487"><ele>795</ele><time>2000-01-01T05:02:46.000Z</time></trkpt><trkpt lat="46.1843" lon="15.07488"><ele>794.5</ele><time>2000-01-01T05:02:56.000Z</time></trkpt><trkpt lat="46.18429" lon="15.07488"><ele>794</ele><time>2000-01-01T05:03:06.000Z</time></trkpt><trkpt lat="46.18429" lon="15.0749"><ele>793.5</ele><time>2000-01-01T05:03:16.000Z</time></trkpt><trkpt lat="46.18431" lon="15.07493"><ele>793</ele><time>2000-01-01T05:03:26.000Z</time></trkpt><trkpt lat="46.18431" lon="15.07495"><ele>792.5</ele><time>2000-01-01T05:03:36.000Z</time></trkpt><trkpt lat="46.18433" lon="15.07492"><ele>792</ele><time>2000-01-01T05:03:46.000Z</time></trkpt><trkpt lat="46.1844" lon="15.0749"><ele>791</ele><time>2000-01-01T05:03:56.000Z</time></trkpt><trkpt lat="46.18442" lon="15.07487"><ele>790</ele><time>2000-01-01T05:04:06.000Z</time></trkpt><trkpt lat="46.18444" lon="15.07488"><ele>789</ele><time>2000-01-01T05:04:16.000Z</time></trkpt><trkpt lat="46.18452" lon="15.07487"><ele>788</ele><time>2000-01-01T05:04:26.000Z</time></trkpt><trkpt lat="46.18458" lon="15.07494"><ele>787</ele><time>2000-01-01T05:04:36.000Z</time></trkpt><trkpt lat="46.18459" lon="15.07492"><ele>786</ele><time>2000-01-01T05:04:46.000Z</time></trkpt><trkpt lat="46.18459" lon="15.0749"><ele>785</ele><time>2000-01-01T05:04:56.000Z</time></trkpt><trkpt lat="46.18458" lon="15.07491"><ele>784</ele><time>2000-01-01T05:05:06.000Z</time></trkpt><trkpt lat="46.18457" lon="15.0749"><ele>783</ele><time>2000-01-01T05:05:16.000Z</time></trkpt><trkpt lat="46.18461" lon="15.07491"><ele>782</ele><time>2000-01-01T05:05:26.000Z</time></trkpt><trkpt lat="46.18466" lon="15.07488"><ele>781</ele><time>2000-01-01T05:05:36.000Z</time></trkpt><trkpt lat="46.18474" lon="15.07487"><ele>780</ele><time>2000-01-01T05:05:46.000Z</time></trkpt><trkpt lat="46.18479" lon="15.07485"><ele>779</ele><time>2000-01-01T05:05:56.000Z</time></trkpt><trkpt lat="46.18486" lon="15.07479"><ele>778.17</ele><time>2000-01-01T05:06:06.000Z</time></trkpt><trkpt lat="46.18488" lon="15.07475"><ele>777.33</ele><time>2000-01-01T05:06:16.000Z</time></trkpt><trkpt lat="46.1849" lon="15.0747"><ele>776.5</ele><time>2000-01-01T05:06:26.000Z</time></trkpt><trkpt lat="46.1849" lon="15.07468"><ele>775.67</ele><time>2000-01-01T05:06:36.000Z</time></trkpt><trkpt lat="46.1849" lon="15.07461"><ele>774.83</ele><time>2000-01-01T05:06:46.000Z</time></trkpt><trkpt lat="46.18486" lon="15.07444"><ele>774</ele><time>2000-01-01T05:06:56.000Z</time></trkpt><trkpt lat="46.18484" lon="15.07439"><ele>771</ele><time>2000-01-01T05:07:06.000Z</time></trkpt><trkpt lat="46.18482" lon="15.07424"><ele>768</ele><time>2000-01-01T05:07:16.000Z</time></trkpt><trkpt lat="46.18475" lon="15.07414"><ele>765</ele><time>2000-01-01T05:07:26.000Z</time></trkpt><trkpt lat="46.1846" lon="15.07382"><ele>762</ele><time>2000-01-01T05:07:36.000Z</time></trkpt><trkpt lat="46.18459" lon="15.07374"><ele>762</ele><time>2000-01-01T05:07:46.000Z</time></trkpt><trkpt lat="46.18458" lon="15.07362"><ele>762</ele><time>2000-01-01T05:07:56.000Z</time></trkpt><trkpt lat="46.1846" lon="15.07352"><ele>762</ele><time>2000-01-01T05:08:06.000Z</time></trkpt><trkpt lat="46.18465" lon="15.07322"><ele>762</ele><time>2000-01-01T05:08:16.000Z</time></trkpt><trkpt lat="46.18471" lon="15.07306"><ele>759.5</ele><time>2000-01-01T05:08:26.000Z</time></trkpt><trkpt lat="46.1848" lon="15.07284"><ele>757</ele><time>2000-01-01T05:08:36.000Z</time></trkpt><trkpt lat="46.18484" lon="15.07278"><ele>755.67</ele><time>2000-01-01T05:08:46.000Z</time></trkpt><trkpt lat="46.18495" lon="15.07264"><ele>754.33</ele><time>2000-01-01T05:08:56.000Z</time></trkpt><trkpt lat="46.18504" lon="15.07249"><ele>753</ele><time>2000-01-01T05:09:06.000Z</time></trkpt><trkpt lat="46.18506" lon="15.07245"><ele>752.67</ele><time>2000-01-01T05:09:16.000Z</time></trkpt><trkpt lat="46.1851" lon="15.07229"><ele>752.33</ele><time>2000-01-01T05:09:26.000Z</time></trkpt><trkpt lat="46.18513" lon="15.07204"><ele>752</ele><time>2000-01-01T05:09:36.000Z</time></trkpt><trkpt lat="46.18514" lon="15.07198"><ele>752</ele><time>2000-01-01T05:09:46.000Z</time></trkpt><trkpt lat="46.18516" lon="15.07188"><ele>752</ele><time>2000-01-01T05:09:56.000Z</time></trkpt><trkpt lat="46.18516" lon="15.07182"><ele>752</ele><time>2000-01-01T05:10:06.000Z</time></trkpt><trkpt lat="46.18517" lon="15.07172"><ele>752</ele><time>2000-01-01T05:10:16.000Z</time></trkpt><trkpt lat="46.18517" lon="15.07162"><ele>752</ele><time>2000-01-01T05:10:26.000Z</time></trkpt><trkpt lat="46.18519" lon="15.07132"><ele>747.5</ele><time>2000-01-01T05:10:36.000Z</time></trkpt><trkpt lat="46.18523" lon="15.07116"><ele>743</ele><time>2000-01-01T05:10:46.000Z</time></trkpt><trkpt lat="46.18531" lon="15.07092"><ele>743</ele><time>2000-01-01T05:10:56.000Z</time></trkpt><trkpt lat="46.18537" lon="15.07061"><ele>743</ele><time>2000-01-01T05:11:06.000Z</time></trkpt><trkpt lat="46.18538" lon="15.07043"><ele>742</ele><time>2000-01-01T05:11:16.000Z</time></trkpt><trkpt lat="46.18539" lon="15.07029"><ele>741</ele><time>2000-01-01T05:11:26.000Z</time></trkpt><trkpt lat="46.18536" lon="15.06984"><ele>740</ele><time>2000-01-01T05:11:36.000Z</time></trkpt><trkpt lat="46.18535" lon="15.06964"><ele>739.67</ele><time>2000-01-01T05:11:46.000Z</time></trkpt><trkpt lat="46.18536" lon="15.0695"><ele>739.33</ele><time>2000-01-01T05:11:56.000Z</time></trkpt><trkpt lat="46.18535" lon="15.06941"><ele>739</ele><time>2000-01-01T05:12:06.000Z</time></trkpt><trkpt lat="46.18536" lon="15.06934"><ele>738.25</ele><time>2000-01-01T05:12:16.000Z</time></trkpt><trkpt lat="46.18538" lon="15.06924"><ele>737.5</ele><time>2000-01-01T05:12:26.000Z</time></trkpt><trkpt lat="46.18543" lon="15.0691"><ele>736.75</ele><time>2000-01-01T05:12:36.000Z</time></trkpt><trkpt lat="46.18545" lon="15.06902"><ele>736</ele><time>2000-01-01T05:12:46.000Z</time></trkpt><trkpt lat="46.18552" lon="15.06869"><ele>735.5</ele><time>2000-01-01T05:12:56.000Z</time></trkpt><trkpt lat="46.18555" lon="15.06827"><ele>735</ele><time>2000-01-01T05:13:06.000Z</time></trkpt><trkpt lat="46.18555" lon="15.06817"><ele>734</ele><time>2000-01-01T05:13:16.000Z</time></trkpt><trkpt lat="46.18553" lon="15.06812"><ele>733</ele><time>2000-01-01T05:13:26.000Z</time></trkpt><trkpt lat="46.18551" lon="15.06803"><ele>732</ele><time>2000-01-01T05:13:36.000Z</time></trkpt><trkpt lat="46.18552" lon="15.0679"><ele>731</ele><time>2000-01-01T05:13:46.000Z</time></trkpt><trkpt lat="46.18552" lon="15.06775"><ele>731</ele><time>2000-01-01T05:13:56.000Z</time></trkpt><trkpt lat="46.18553" lon="15.06762"><ele>731</ele><time>2000-01-01T05:14:06.000Z</time></trkpt><trkpt lat="46.18554" lon="15.06736"><ele>731</ele><time>2000-01-01T05:14:16.000Z</time></trkpt><trkpt lat="46.18554" lon="15.06733"><ele>731.6</ele><time>2000-01-01T05:14:26.000Z</time></trkpt><trkpt lat="46.18552" lon="15.06727"><ele>732.2</ele><time>2000-01-01T05:14:36.000Z</time></trkpt><trkpt lat="46.18549" lon="15.06717"><ele>732.8</ele><time>2000-01-01T05:14:46.000Z</time></trkpt><trkpt lat="46.18548" lon="15.06703"><ele>733.4</ele><time>2000-01-01T05:14:56.000Z</time></trkpt><trkpt lat="46.18545" lon="15.06689"><ele>734</ele><time>2000-01-01T05:15:06.000Z</time></trkpt><trkpt lat="46.18544" lon="15.0668"><ele>735.75</ele><time>2000-01-01T05:15:16.000Z</time></trkpt><trkpt lat="46.18545" lon="15.06672"><ele>737.5</ele><time>2000-01-01T05:15:26.000Z</time></trkpt><trkpt lat="46.18547" lon="15.06664"><ele>739.25</ele><time>2000-01-01T05:15:36.000Z</time></trkpt><trkpt lat="46.18546" lon="15.06652"><ele>741</ele><time>2000-01-01T05:15:46.000Z</time></trkpt><trkpt lat="46.18545" lon="15.06648"><ele>741.17</ele><time>2000-01-01T05:15:56.000Z</time></trkpt><trkpt lat="46.18545" lon="15.06645"><ele>741.33</ele><time>2000-01-01T05:16:06.000Z</time></trkpt><trkpt lat="46.18546" lon="15.06638"><ele>741.5</ele><time>2000-01-01T05:16:16.000Z</time></trkpt><trkpt lat="46.18546" lon="15.06626"><ele>741.67</ele><time>2000-01-01T05:16:26.000Z</time></trkpt><trkpt lat="46.18547" lon="15.0662"><ele>741.83</ele><time>2000-01-01T05:16:36.000Z</time></trkpt><trkpt lat="46.18548" lon="15.06615"><ele>742</ele><time>2000-01-01T05:16:46.000Z</time></trkpt><trkpt lat="46.1855" lon="15.06603"><ele>743</ele><time>2000-01-01T05:16:56.000Z</time></trkpt><trkpt lat="46.18549" lon="15.06587"><ele>744</ele><time>2000-01-01T05:17:06.000Z</time></trkpt><trkpt lat="46.18549" lon="15.06582"><ele>745</ele><time>2000-01-01T05:17:16.000Z</time></trkpt><trkpt lat="46.18547" lon="15.06576"><ele>746</ele><time>2000-01-01T05:17:26.000Z</time></trkpt><trkpt lat="46.18547" lon="15.06573"><ele>746.43</ele><time>2000-01-01T05:17:36.000Z</time></trkpt><trkpt lat="46.18548" lon="15.06568"><ele>746.86</ele><time>2000-01-01T05:17:46.000Z</time></trkpt><trkpt lat="46.18547" lon="15.06561"><ele>747.29</ele><time>2000-01-01T05:17:56.000Z</time></trkpt><trkpt lat="46.18547" lon="15.06558"><ele>747.71</ele><time>2000-01-01T05:18:06.000Z</time></trkpt><trkpt lat="46.18544" lon="15.06549"><ele>748.14</ele><time>2000-01-01T05:18:16.000Z</time></trkpt><trkpt lat="46.18545" lon="15.06545"><ele>748.57</ele><time>2000-01-01T05:18:26.000Z</time></trkpt><trkpt lat="46.18548" lon="15.06536"><ele>749</ele><time>2000-01-01T05:18:36.000Z</time></trkpt><trkpt lat="46.18553" lon="15.06522"><ele>749.5</ele><time>2000-01-01T05:18:46.000Z</time></trkpt><trkpt lat="46.18554" lon="15.06515"><ele>750</ele><time>2000-01-01T05:18:56.000Z</time></trkpt><trkpt lat="46.18555" lon="15.06508"><ele>750.5</ele><time>2000-01-01T05:19:06.000Z</time></trkpt><trkpt lat="46.18556" lon="15.06502"><ele>751</ele><time>2000-01-01T05:19:16.000Z</time></trkpt><trkpt lat="46.18554" lon="15.06496"><ele>751.75</ele><time>2000-01-01T05:19:26.000Z</time></trkpt><trkpt lat="46.18551" lon="15.06487"><ele>752.5</ele><time>2000-01-01T05:19:36.000Z</time></trkpt><trkpt lat="46.1855" lon="15.0648"><ele>753.25</ele><time>2000-01-01T05:19:46.000Z</time></trkpt><trkpt lat="46.18547" lon="15.06467"><ele>754</ele><time>2000-01-01T05:19:56.000Z</time></trkpt><trkpt lat="46.18546" lon="15.0646"><ele>755.8</ele><time>2000-01-01T05:20:06.000Z</time></trkpt><trkpt lat="46.18543" lon="15.0645"><ele>757.6</ele><time>2000-01-01T05:20:16.000Z</time></trkpt><trkpt lat="46.18543" lon="15.06448"><ele>759.4</ele><time>2000-01-01T05:20:26.000Z</time></trkpt><trkpt lat="46.18544" lon="15.06442"><ele>761.2</ele><time>2000-01-01T05:20:36.000Z</time></trkpt><trkpt lat="46.18542" lon="15.06431"><ele>763</ele><time>2000-01-01T05:20:46.000Z</time></trkpt><trkpt lat="46.18544" lon="15.06425"><ele>761.5</ele><time>2000-01-01T05:20:56.000Z</time></trkpt><trkpt lat="46.18544" lon="15.06421"><ele>760</ele><time>2000-01-01T05:21:06.000Z</time></trkpt><trkpt lat="46.18548" lon="15.06405"><ele>758.5</ele><time>2000-01-01T05:21:16.000Z</time></trkpt><trkpt lat="46.18549" lon="15.06396"><ele>757</ele><time>2000-01-01T05:21:26.000Z</time></trkpt><trkpt lat="46.18549" lon="15.06382"><ele>757.33</ele><time>2000-01-01T05:21:36.000Z</time></trkpt><trkpt lat="46.18547" lon="15.06369"><ele>757.67</ele><time>2000-01-01T05:21:46.000Z</time></trkpt><trkpt lat="46.1855" lon="15.06358"><ele>758</ele><time>2000-01-01T05:21:56.000Z</time></trkpt><trkpt lat="46.18551" lon="15.06344"><ele>757</ele><time>2000-01-01T05:22:06.000Z</time></trkpt><trkpt lat="46.18553" lon="15.06335"><ele>756</ele><time>2000-01-01T05:22:16.000Z</time></trkpt><trkpt lat="46.18553" lon="15.06332"><ele>755</ele><time>2000-01-01T05:22:26.000Z</time></trkpt><trkpt lat="46.18548" lon="15.06323"><ele>754</ele><time>2000-01-01T05:22:36.000Z</time></trkpt><trkpt lat="46.18547" lon="15.06319"><ele>753.4</ele><time>2000-01-01T05:22:46.000Z</time></trkpt><trkpt lat="46.18546" lon="15.06316"><ele>752.8</ele><time>2000-01-01T05:22:56.000Z</time></trkpt><trkpt lat="46.18543" lon="15.06311"><ele>752.2</ele><time>2000-01-01T05:23:06.000Z</time></trkpt><trkpt lat="46.18542" lon="15.06297"><ele>751.6</ele><time>2000-01-01T05:23:16.000Z</time></trkpt><trkpt lat="46.18545" lon="15.06289"><ele>751</ele><time>2000-01-01T05:23:26.000Z</time></trkpt><trkpt lat="46.18547" lon="15.06286"><ele>748.25</ele><time>2000-01-01T05:23:36.000Z</time></trkpt><trkpt lat="46.18556" lon="15.06275"><ele>745.5</ele><time>2000-01-01T05:23:46.000Z</time></trkpt><trkpt lat="46.18563" lon="15.06265"><ele>742.75</ele><time>2000-01-01T05:23:56.000Z</time></trkpt><trkpt lat="46.18566" lon="15.06258"><ele>740</ele><time>2000-01-01T05:24:06.000Z</time></trkpt><trkpt lat="46.1857" lon="15.06253"><ele>738</ele><time>2000-01-01T05:24:16.000Z</time></trkpt><trkpt lat="46.18573" lon="15.06246"><ele>736</ele><time>2000-01-01T05:24:26.000Z</time></trkpt><trkpt lat="46.1858" lon="15.0624"><ele>734</ele><time>2000-01-01T05:24:36.000Z</time></trkpt><trkpt lat="46.18585" lon="15.06237"><ele>732</ele><time>2000-01-01T05:24:46.000Z</time></trkpt><trkpt lat="46.18591" lon="15.06236"><ele>730</ele><time>2000-01-01T05:24:56.000Z</time></trkpt><trkpt lat="46.18594" lon="15.06238"><ele>728.4</ele><time>2000-01-01T05:25:06.000Z</time></trkpt><trkpt lat="46.18596" lon="15.06236"><ele>726.8</ele><time>2000-01-01T05:25:16.000Z</time></trkpt><trkpt lat="46.18602" lon="15.06226"><ele>725.2</ele><time>2000-01-01T05:25:26.000Z</time></trkpt><trkpt lat="46.18608" lon="15.06216"><ele>723.6</ele><time>2000-01-01T05:25:36.000Z</time></trkpt><trkpt lat="46.1861" lon="15.06209"><ele>722</ele><time>2000-01-01T05:25:46.000Z</time></trkpt><trkpt lat="46.18617" lon="15.06198"><ele>723.33</ele><time>2000-01-01T05:25:56.000Z</time></trkpt><trkpt lat="46.18622" lon="15.06186"><ele>724.67</ele><time>2000-01-01T05:26:06.000Z</time></trkpt><trkpt lat="46.18627" lon="15.0618"><ele>726</ele><time>2000-01-01T05:26:16.000Z</time></trkpt><trkpt lat="46.18647" lon="15.06164"><ele>728</ele><time>2000-01-01T05:26:26.000Z</time></trkpt><trkpt lat="46.1866" lon="15.0615"><ele>730</ele><time>2000-01-01T05:26:36.000Z</time></trkpt><trkpt lat="46.18663" lon="15.06146"><ele>730</ele><time>2000-01-01T05:26:46.000Z</time></trkpt><trkpt lat="46.18667" lon="15.06142"><ele>730</ele><time>2000-01-01T05:26:56.000Z</time></trkpt><trkpt lat="46.18676" lon="15.0614"><ele>730</ele><time>2000-01-01T05:27:06.000Z</time></trkpt><trkpt lat="46.18679" lon="15.0614"><ele>730</ele><time>2000-01-01T05:27:16.000Z</time></trkpt><trkpt lat="46.18685" lon="15.06137"><ele>730</ele><time>2000-01-01T05:27:26.000Z</time></trkpt><trkpt lat="46.18693" lon="15.06133"><ele>733.67</ele><time>2000-01-01T05:27:36.000Z</time></trkpt><trkpt lat="46.18697" lon="15.06127"><ele>737.33</ele><time>2000-01-01T05:27:46.000Z</time></trkpt><trkpt lat="46.18701" lon="15.06112"><ele>741</ele><time>2000-01-01T05:27:56.000Z</time></trkpt><trkpt lat="46.18705" lon="15.06105"><ele>741</ele><time>2000-01-01T05:28:06.000Z</time></trkpt><trkpt lat="46.1871" lon="15.06096"><ele>741</ele><time>2000-01-01T05:28:16.000Z</time></trkpt><trkpt lat="46.18712" lon="15.06093"><ele>741</ele><time>2000-01-01T05:28:26.000Z</time></trkpt><trkpt lat="46.18712" lon="15.0609"><ele>741</ele><time>2000-01-01T05:28:36.000Z</time></trkpt><trkpt lat="46.18713" lon="15.06087"><ele>741</ele><time>2000-01-01T05:28:46.000Z</time></trkpt><trkpt lat="46.18714" lon="15.06081"><ele>741</ele><time>2000-01-01T05:28:56.000Z</time></trkpt><trkpt lat="46.18716" lon="15.06075"><ele>744.67</ele><time>2000-01-01T05:29:06.000Z</time></trkpt><trkpt lat="46.18723" lon="15.0606"><ele>748.33</ele><time>2000-01-01T05:29:16.000Z</time></trkpt><trkpt lat="46.18724" lon="15.06047"><ele>752</ele><time>2000-01-01T05:29:26.000Z</time></trkpt><trkpt lat="46.18724" lon="15.06041"><ele>753.6</ele><time>2000-01-01T05:29:36.000Z</time></trkpt><trkpt lat="46.18724" lon="15.06038"><ele>755.2</ele><time>2000-01-01T05:29:46.000Z</time></trkpt><trkpt lat="46.18727" lon="15.06033"><ele>756.8</ele><time>2000-01-01T05:29:56.000Z</time></trkpt><trkpt lat="46.1873" lon="15.0602"><ele>758.4</ele><time>2000-01-01T05:30:06.000Z</time></trkpt><trkpt lat="46.18731" lon="15.06011"><ele>760</ele><time>2000-01-01T05:30:16.000Z</time></trkpt><trkpt lat="46.18731" lon="15.06001"><ele>760.2</ele><time>2000-01-01T05:30:26.000Z</time></trkpt><trkpt lat="46.18732" lon="15.05991"><ele>760.4</ele><time>2000-01-01T05:30:36.000Z</time></trkpt><trkpt lat="46.18732" lon="15.05985"><ele>760.6</ele><time>2000-01-01T05:30:46.000Z</time></trkpt><trkpt lat="46.18733" lon="15.05981"><ele>760.8</ele><time>2000-01-01T05:30:56.000Z</time></trkpt><trkpt lat="46.18734" lon="15.05969"><ele>761</ele><time>2000-01-01T05:31:06.000Z</time></trkpt><trkpt lat="46.18737" lon="15.0596"><ele>762</ele><time>2000-01-01T05:31:16.000Z</time></trkpt><trkpt lat="46.18741" lon="15.05944"><ele>763</ele><time>2000-01-01T05:31:26.000Z</time></trkpt><trkpt lat="46.18746" lon="15.05932"><ele>764</ele><time>2000-01-01T05:31:36.000Z</time></trkpt><trkpt lat="46.18747" lon="15.05921"><ele>764.43</ele><time>2000-01-01T05:31:46.000Z</time></trkpt><trkpt lat="46.18748" lon="15.05917"><ele>764.86</ele><time>2000-01-01T05:31:56.000Z</time></trkpt><trkpt lat="46.1875" lon="15.05913"><ele>765.29</ele><time>2000-01-01T05:32:06.000Z</time></trkpt><trkpt lat="46.1875" lon="15.05909"><ele>765.71</ele><time>2000-01-01T05:32:16.000Z</time></trkpt><trkpt lat="46.18752" lon="15.05906"><ele>766.14</ele><time>2000-01-01T05:32:26.000Z</time></trkpt><trkpt lat="46.18753" lon="15.05902"><ele>766.57</ele><time>2000-01-01T05:32:36.000Z</time></trkpt><trkpt lat="46.18756" lon="15.05896"><ele>767</ele><time>2000-01-01T05:32:46.000Z</time></trkpt><trkpt lat="46.18757" lon="15.05892"><ele>767.4</ele><time>2000-01-01T05:32:56.000Z</time></trkpt><trkpt lat="46.18758" lon="15.05879"><ele>767.8</ele><time>2000-01-01T05:33:06.000Z</time></trkpt><trkpt lat="46.1876" lon="15.05875"><ele>768.2</ele><time>2000-01-01T05:33:16.000Z</time></trkpt><trkpt lat="46.18762" lon="15.05871"><ele>768.6</ele><time>2000-01-01T05:33:26.000Z</time></trkpt><trkpt lat="46.18763" lon="15.0586"><ele>769</ele><time>2000-01-01T05:33:36.000Z</time></trkpt><trkpt lat="46.18763" lon="15.05857"><ele>769</ele><time>2000-01-01T05:33:46.000Z</time></trkpt><trkpt lat="46.18766" lon="15.05846"><ele>769</ele><time>2000-01-01T05:33:56.000Z</time></trkpt><trkpt lat="46.18767" lon="15.05843"><ele>769</ele><time>2000-01-01T05:34:06.000Z</time></trkpt><trkpt lat="46.18765" lon="15.0584"><ele>769</ele><time>2000-01-01T05:34:16.000Z</time></trkpt><trkpt lat="46.18764" lon="15.05835"><ele>769</ele><time>2000-01-01T05:34:26.000Z</time></trkpt><trkpt lat="46.18764" lon="15.05831"><ele>769</ele><time>2000-01-01T05:34:36.000Z</time></trkpt><trkpt lat="46.18765" lon="15.05825"><ele>769</ele><time>2000-01-01T05:34:46.000Z</time></trkpt><trkpt lat="46.18764" lon="15.0582"><ele>769</ele><time>2000-01-01T05:34:56.000Z</time></trkpt><trkpt lat="46.18763" lon="15.05817"><ele>769</ele><time>2000-01-01T05:35:06.000Z</time></trkpt><trkpt lat="46.18764" lon="15.05812"><ele>769</ele><time>2000-01-01T05:35:16.000Z</time></trkpt><trkpt lat="46.18765" lon="15.0581"><ele>769</ele><time>2000-01-01T05:35:26.000Z</time></trkpt><trkpt lat="46.18768" lon="15.05803"><ele>769</ele><time>2000-01-01T05:35:36.000Z</time></trkpt><trkpt lat="46.18769" lon="15.05795"><ele>769</ele><time>2000-01-01T05:35:46.000Z</time></trkpt><trkpt lat="46.1877" lon="15.0579"><ele>769</ele><time>2000-01-01T05:35:56.000Z</time></trkpt><trkpt lat="46.18771" lon="15.05786"><ele>769</ele><time>2000-01-01T05:36:06.000Z</time></trkpt><trkpt lat="46.18772" lon="15.05765"><ele>769</ele><time>2000-01-01T05:36:16.000Z</time></trkpt><trkpt lat="46.18776" lon="15.05734"><ele>769</ele><time>2000-01-01T05:36:26.000Z</time></trkpt><trkpt lat="46.18777" lon="15.05722"><ele>768.33</ele><time>2000-01-01T05:36:36.000Z</time></trkpt><trkpt lat="46.18778" lon="15.05708"><ele>767.67</ele><time>2000-01-01T05:36:46.000Z</time></trkpt><trkpt lat="46.18776" lon="15.05691"><ele>767</ele><time>2000-01-01T05:36:56.000Z</time></trkpt><trkpt lat="46.18777" lon="15.05683"><ele>766.25</ele><time>2000-01-01T05:37:06.000Z</time></trkpt><trkpt lat="46.18778" lon="15.05675"><ele>765.5</ele><time>2000-01-01T05:37:16.000Z</time></trkpt><trkpt lat="46.1878" lon="15.05662"><ele>764.75</ele><time>2000-01-01T05:37:26.000Z</time></trkpt><trkpt lat="46.1878" lon="15.05656"><ele>764</ele><time>2000-01-01T05:37:36.000Z</time></trkpt><trkpt lat="46.1878" lon="15.05648"><ele>764</ele><time>2000-01-01T05:37:46.000Z</time></trkpt><trkpt lat="46.18783" lon="15.05632"><ele>764</ele><time>2000-01-01T05:37:56.000Z</time></trkpt><trkpt lat="46.18784" lon="15.05618"><ele>764</ele><time>2000-01-01T05:38:06.000Z</time></trkpt><trkpt lat="46.18785" lon="15.05603"><ele>764.67</ele><time>2000-01-01T05:38:16.000Z</time></trkpt><trkpt lat="46.18789" lon="15.05593"><ele>765.33</ele><time>2000-01-01T05:38:26.000Z</time></trkpt><trkpt lat="46.18801" lon="15.05572"><ele>766</ele><time>2000-01-01T05:38:36.000Z</time></trkpt><trkpt lat="46.18806" lon="15.0556"><ele>767</ele><time>2000-01-01T05:38:46.000Z</time></trkpt><trkpt lat="46.18811" lon="15.05538"><ele>768</ele><time>2000-01-01T05:38:56.000Z</time></trkpt><trkpt lat="46.18814" lon="15.05533"><ele>768</ele><time>2000-01-01T05:39:06.000Z</time></trkpt><trkpt lat="46.18821" lon="15.05526"><ele>768</ele><time>2000-01-01T05:39:16.000Z</time></trkpt><trkpt lat="46.18824" lon="15.05524"><ele>768</ele><time>2000-01-01T05:39:26.000Z</time></trkpt><trkpt lat="46.18832" lon="15.05518"><ele>768</ele><time>2000-01-01T05:39:36.000Z</time></trkpt><trkpt lat="46.18838" lon="15.0551"><ele>767.6</ele><time>2000-01-01T05:39:46.000Z</time></trkpt><trkpt lat="46.18842" lon="15.05506"><ele>767.2</ele><time>2000-01-01T05:39:56.000Z</time></trkpt><trkpt lat="46.18843" lon="15.05502"><ele>766.8</ele><time>2000-01-01T05:40:06.000Z</time></trkpt><trkpt lat="46.18849" lon="15.05495"><ele>766.4</ele><time>2000-01-01T05:40:16.000Z</time></trkpt><trkpt lat="46.18854" lon="15.05487"><ele>766</ele><time>2000-01-01T05:40:26.000Z</time></trkpt><trkpt lat="46.18855" lon="15.05484"><ele>766</ele><time>2000-01-01T05:40:36.000Z</time></trkpt><trkpt lat="46.18858" lon="15.05478"><ele>766</ele><time>2000-01-01T05:40:46.000Z</time></trkpt><trkpt lat="46.18862" lon="15.05469"><ele>766</ele><time>2000-01-01T05:40:56.000Z</time></trkpt><trkpt lat="46.18864" lon="15.05467"><ele>766</ele><time>2000-01-01T05:41:06.000Z</time></trkpt><trkpt lat="46.18867" lon="15.05458"><ele>766</ele><time>2000-01-01T05:41:16.000Z</time></trkpt><trkpt lat="46.18868" lon="15.05447"><ele>766</ele><time>2000-01-01T05:41:26.000Z</time></trkpt><trkpt lat="46.18868" lon="15.05443"><ele>766.17</ele><time>2000-01-01T05:41:36.000Z</time></trkpt><trkpt lat="46.18868" lon="15.0544"><ele>766.33</ele><time>2000-01-01T05:41:46.000Z</time></trkpt><trkpt lat="46.18869" lon="15.05437"><ele>766.5</ele><time>2000-01-01T05:41:56.000Z</time></trkpt><trkpt lat="46.1887" lon="15.0543"><ele>766.67</ele><time>2000-01-01T05:42:06.000Z</time></trkpt><trkpt lat="46.18873" lon="15.0542"><ele>766.83</ele><time>2000-01-01T05:42:16.000Z</time></trkpt><trkpt lat="46.18875" lon="15.05412"><ele>767</ele><time>2000-01-01T05:42:26.000Z</time></trkpt><trkpt lat="46.18876" lon="15.05395"><ele>767</ele><time>2000-01-01T05:42:36.000Z</time></trkpt><trkpt lat="46.18875" lon="15.05377"><ele>767</ele><time>2000-01-01T05:42:46.000Z</time></trkpt><trkpt lat="46.18876" lon="15.0537"><ele>767</ele><time>2000-01-01T05:42:56.000Z</time></trkpt><trkpt lat="46.18876" lon="15.05365"><ele>766.17</ele><time>2000-01-01T05:43:06.000Z</time></trkpt><trkpt lat="46.18874" lon="15.05359"><ele>765.33</ele><time>2000-01-01T05:43:16.000Z</time></trkpt><trkpt lat="46.18873" lon="15.0535"><ele>764.5</ele><time>2000-01-01T05:43:26.000Z</time></trkpt><trkpt lat="46.18873" lon="15.05346"><ele>763.67</ele><time>2000-01-01T05:43:36.000Z</time></trkpt><trkpt lat="46.18874" lon="15.05343"><ele>762.83</ele><time>2000-01-01T05:43:46.000Z</time></trkpt><trkpt lat="46.18874" lon="15.05335"><ele>762</ele><time>2000-01-01T05:43:56.000Z</time></trkpt><trkpt lat="46.18876" lon="15.05331"><ele>761.75</ele><time>2000-01-01T05:44:06.000Z</time></trkpt><trkpt lat="46.18884" lon="15.05314"><ele>761.5</ele><time>2000-01-01T05:44:16.000Z</time></trkpt><trkpt lat="46.18885" lon="15.05306"><ele>761.25</ele><time>2000-01-01T05:44:26.000Z</time></trkpt><trkpt lat="46.1889" lon="15.05294"><ele>761</ele><time>2000-01-01T05:44:36.000Z</time></trkpt><trkpt lat="46.18891" lon="15.05288"><ele>761</ele><time>2000-01-01T05:44:46.000Z</time></trkpt><trkpt lat="46.1889" lon="15.05281"><ele>761</ele><time>2000-01-01T05:44:56.000Z</time></trkpt><trkpt lat="46.18891" lon="15.05273"><ele>761</ele><time>2000-01-01T05:45:06.000Z</time></trkpt><trkpt lat="46.18891" lon="15.0527"><ele>761</ele><time>2000-01-01T05:45:16.000Z</time></trkpt><trkpt lat="46.18889" lon="15.05263"><ele>761</ele><time>2000-01-01T05:45:26.000Z</time></trkpt><trkpt lat="46.1889" lon="15.05257"><ele>761</ele><time>2000-01-01T05:45:36.000Z</time></trkpt><trkpt lat="46.18888" lon="15.05246"><ele>760</ele><time>2000-01-01T05:45:46.000Z</time></trkpt><trkpt lat="46.18889" lon="15.05238"><ele>759</ele><time>2000-01-01T05:45:56.000Z</time></trkpt><trkpt lat="46.18887" lon="15.05226"><ele>758</ele><time>2000-01-01T05:46:06.000Z</time></trkpt><trkpt lat="46.18884" lon="15.0521"><ele>757</ele><time>2000-01-01T05:46:16.000Z</time></trkpt><trkpt lat="46.1888" lon="15.05196"><ele>756.2</ele><time>2000-01-01T05:46:26.000Z</time></trkpt><trkpt lat="46.18879" lon="15.05192"><ele>755.4</ele><time>2000-01-01T05:46:36.000Z</time></trkpt><trkpt lat="46.18877" lon="15.05189"><ele>754.6</ele><time>2000-01-01T05:46:46.000Z</time></trkpt><trkpt lat="46.18876" lon="15.05184"><ele>753.8</ele><time>2000-01-01T05:46:56.000Z</time></trkpt><trkpt lat="46.18878" lon="15.05174"><ele>753</ele><time>2000-01-01T05:47:06.000Z</time></trkpt><trkpt lat="46.18878" lon="15.05166"><ele>752.2</ele><time>2000-01-01T05:47:16.000Z</time></trkpt><trkpt lat="46.18879" lon="15.05163"><ele>751.4</ele><time>2000-01-01T05:47:26.000Z</time></trkpt><trkpt lat="46.18879" lon="15.05157"><ele>750.6</ele><time>2000-01-01T05:47:36.000Z</time></trkpt><trkpt lat="46.18878" lon="15.0515"><ele>749.8</ele><time>2000-01-01T05:47:46.000Z</time></trkpt><trkpt lat="46.18868" lon="15.05135"><ele>749</ele><time>2000-01-01T05:47:56.000Z</time></trkpt><trkpt lat="46.18861" lon="15.05122"><ele>748.2</ele><time>2000-01-01T05:48:06.000Z</time></trkpt><trkpt lat="46.18857" lon="15.05113"><ele>747.4</ele><time>2000-01-01T05:48:16.000Z</time></trkpt><trkpt lat="46.18858" lon="15.0511"><ele>746.6</ele><time>2000-01-01T05:48:26.000Z</time></trkpt><trkpt lat="46.18858" lon="15.05108"><ele>745.8</ele><time>2000-01-01T05:48:36.000Z</time></trkpt><trkpt lat="46.18865" lon="15.051"><ele>745</ele><time>2000-01-01T05:48:46.000Z</time></trkpt><trkpt lat="46.18868" lon="15.05093"><ele>742.67</ele><time>2000-01-01T05:48:56.000Z</time></trkpt><trkpt lat="46.18875" lon="15.0507"><ele>740.33</ele><time>2000-01-01T05:49:06.000Z</time></trkpt><trkpt lat="46.18875" lon="15.05066"><ele>738</ele><time>2000-01-01T05:49:16.000Z</time></trkpt><trkpt lat="46.18876" lon="15.05057"><ele>736.2</ele><time>2000-01-01T05:49:26.000Z</time></trkpt><trkpt lat="46.18878" lon="15.05051"><ele>734.4</ele><time>2000-01-01T05:49:36.000Z</time></trkpt><trkpt lat="46.18882" lon="15.05044"><ele>732.6</ele><time>2000-01-01T05:49:46.000Z</time></trkpt><trkpt lat="46.18883" lon="15.05041"><ele>730.8</ele><time>2000-01-01T05:49:56.000Z</time></trkpt><trkpt lat="46.1889" lon="15.05016"><ele>729</ele><time>2000-01-01T05:50:06.000Z</time></trkpt><trkpt lat="46.18894" lon="15.05002"><ele>729</ele><time>2000-01-01T05:50:16.000Z</time></trkpt><trkpt lat="46.18897" lon="15.04997"><ele>729</ele><time>2000-01-01T05:50:26.000Z</time></trkpt><trkpt lat="46.18905" lon="15.04991"><ele>729</ele><time>2000-01-01T05:50:36.000Z</time></trkpt><trkpt lat="46.18911" lon="15.04985"><ele>729</ele><time>2000-01-01T05:50:46.000Z</time></trkpt><trkpt lat="46.18916" lon="15.04981"><ele>729</ele><time>2000-01-01T05:50:56.000Z</time></trkpt><trkpt lat="46.1892" lon="15.04975"><ele>729</ele><time>2000-01-01T05:51:06.000Z</time></trkpt><trkpt lat="46.18925" lon="15.04961"><ele>729</ele><time>2000-01-01T05:51:16.000Z</time></trkpt><trkpt lat="46.18929" lon="15.04951"><ele>729</ele><time>2000-01-01T05:51:26.000Z</time></trkpt><trkpt lat="46.18936" lon="15.04946"><ele>726.25</ele><time>2000-01-01T05:51:36.000Z</time></trkpt><trkpt lat="46.18945" lon="15.04945"><ele>723.5</ele><time>2000-01-01T05:51:46.000Z</time></trkpt><trkpt lat="46.18949" lon="15.04944"><ele>720.75</ele><time>2000-01-01T05:51:56.000Z</time></trkpt><trkpt lat="46.18964" lon="15.04937"><ele>718</ele><time>2000-01-01T05:52:06.000Z</time></trkpt><trkpt lat="46.18971" lon="15.04931"><ele>718</ele><time>2000-01-01T05:52:16.000Z</time></trkpt><trkpt lat="46.18978" lon="15.04923"><ele>718</ele><time>2000-01-01T05:52:26.000Z</time></trkpt><trkpt lat="46.18981" lon="15.04918"><ele>718</ele><time>2000-01-01T05:52:36.000Z</time></trkpt><trkpt lat="46.18982" lon="15.04911"><ele>718</ele><time>2000-01-01T05:52:46.000Z</time></trkpt><trkpt lat="46.18982" lon="15.04907"><ele>717.33</ele><time>2000-01-01T05:52:56.000Z</time></trkpt><trkpt lat="46.18982" lon="15.04903"><ele>716.67</ele><time>2000-01-01T05:53:06.000Z</time></trkpt><trkpt lat="46.18981" lon="15.049"><ele>716</ele><time>2000-01-01T05:53:16.000Z</time></trkpt><trkpt lat="46.18981" lon="15.04895"><ele>715.33</ele><time>2000-01-01T05:53:26.000Z</time></trkpt><trkpt lat="46.18979" lon="15.04888"><ele>714.67</ele><time>2000-01-01T05:53:36.000Z</time></trkpt><trkpt lat="46.1898" lon="15.04873"><ele>714</ele><time>2000-01-01T05:53:46.000Z</time></trkpt><trkpt lat="46.18978" lon="15.04862"><ele>713.4</ele><time>2000-01-01T05:53:56.000Z</time></trkpt><trkpt lat="46.18977" lon="15.04854"><ele>712.8</ele><time>2000-01-01T05:54:06.000Z</time></trkpt><trkpt lat="46.18978" lon="15.04845"><ele>712.2</ele><time>2000-01-01T05:54:16.000Z</time></trkpt><trkpt lat="46.18978" lon="15.04841"><ele>711.6</ele><time>2000-01-01T05:54:26.000Z</time></trkpt><trkpt lat="46.18982" lon="15.0483"><ele>711</ele><time>2000-01-01T05:54:36.000Z</time></trkpt><trkpt lat="46.18983" lon="15.04828"><ele>710.17</ele><time>2000-01-01T05:54:46.000Z</time></trkpt><trkpt lat="46.18986" lon="15.04826"><ele>709.33</ele><time>2000-01-01T05:54:56.000Z</time></trkpt><trkpt lat="46.1899" lon="15.04825"><ele>708.5</ele><time>2000-01-01T05:55:06.000Z</time></trkpt><trkpt lat="46.18995" lon="15.04824"><ele>707.67</ele><time>2000-01-01T05:55:16.000Z</time></trkpt><trkpt lat="46.19005" lon="15.04826"><ele>706.83</ele><time>2000-01-01T05:55:26.000Z</time></trkpt><trkpt lat="46.19015" lon="15.04832"><ele>706</ele><time>2000-01-01T05:55:36.000Z</time></trkpt><trkpt lat="46.19017" lon="15.04832"><ele>705.33</ele><time>2000-01-01T05:55:46.000Z</time></trkpt><trkpt lat="46.19019" lon="15.04831"><ele>704.67</ele><time>2000-01-01T05:55:56.000Z</time></trkpt><trkpt lat="46.19019" lon="15.04827"><ele>704</ele><time>2000-01-01T05:56:06.000Z</time></trkpt><trkpt lat="46.19018" lon="15.04822"><ele>703.33</ele><time>2000-01-01T05:56:16.000Z</time></trkpt><trkpt lat="46.19014" lon="15.04814"><ele>702.67</ele><time>2000-01-01T05:56:26.000Z</time></trkpt><trkpt lat="46.1901" lon="15.04799"><ele>702</ele><time>2000-01-01T05:56:36.000Z</time></trkpt><trkpt lat="46.19004" lon="15.04783"><ele>702</ele><time>2000-01-01T05:56:46.000Z</time></trkpt><trkpt lat="46.19003" lon="15.04772"><ele>702</ele><time>2000-01-01T05:56:56.000Z</time></trkpt><trkpt lat="46.19001" lon="15.04766"><ele>702</ele><time>2000-01-01T05:57:06.000Z</time></trkpt><trkpt lat="46.18999" lon="15.04759"><ele>702</ele><time>2000-01-01T05:57:16.000Z</time></trkpt><trkpt lat="46.18999" lon="15.04756"><ele>701.8</ele><time>2000-01-01T05:57:26.000Z</time></trkpt><trkpt lat="46.18997" lon="15.04748"><ele>701.6</ele><time>2000-01-01T05:57:36.000Z</time></trkpt><trkpt lat="46.18997" lon="15.04746"><ele>701.4</ele><time>2000-01-01T05:57:46.000Z</time></trkpt><trkpt lat="46.18998" lon="15.0474"><ele>701.2</ele><time>2000-01-01T05:57:56.000Z</time></trkpt><trkpt lat="46.19005" lon="15.04719"><ele>701</ele><time>2000-01-01T05:58:06.000Z</time></trkpt><trkpt lat="46.19009" lon="15.04704"><ele>700</ele><time>2000-01-01T05:58:16.000Z</time></trkpt><trkpt lat="46.19011" lon="15.04689"><ele>699</ele><time>2000-01-01T05:58:26.000Z</time></trkpt><trkpt lat="46.19015" lon="15.04631"><ele>698</ele><time>2000-01-01T05:58:36.000Z</time></trkpt><trkpt lat="46.19017" lon="15.04612"><ele>699</ele><time>2000-01-01T05:58:46.000Z</time></trkpt><trkpt lat="46.19024" lon="15.04581"><ele>700</ele><time>2000-01-01T05:58:56.000Z</time></trkpt><trkpt lat="46.19027" lon="15.04564"><ele>700.67</ele><time>2000-01-01T05:59:06.000Z</time></trkpt><trkpt lat="46.19028" lon="15.04553"><ele>701.33</ele><time>2000-01-01T05:59:16.000Z</time></trkpt><trkpt lat="46.19028" lon="15.04531"><ele>702</ele><time>2000-01-01T05:59:26.000Z</time></trkpt><trkpt lat="46.1903" lon="15.04515"><ele>703.5</ele><time>2000-01-01T05:59:36.000Z</time></trkpt><trkpt lat="46.1903" lon="15.04508"><ele>705</ele><time>2000-01-01T05:59:46.000Z</time></trkpt><trkpt lat="46.1903" lon="15.04496"><ele>706.5</ele><time>2000-01-01T05:59:56.000Z</time></trkpt><trkpt lat="46.19029" lon="15.04455"><ele>708</ele><time>2000-01-01T06:00:06.000Z</time></trkpt><trkpt lat="46.1903" lon="15.04438"><ele>708.5</ele><time>2000-01-01T06:00:16.000Z</time></trkpt><trkpt lat="46.19034" lon="15.04419"><ele>709</ele><time>2000-01-01T06:00:26.000Z</time></trkpt><trkpt lat="46.19036" lon="15.04414"><ele>710</ele><time>2000-01-01T06:00:36.000Z</time></trkpt><trkpt lat="46.19038" lon="15.044"><ele>711</ele><time>2000-01-01T06:00:46.000Z</time></trkpt><trkpt lat="46.19041" lon="15.04391"><ele>712</ele><time>2000-01-01T06:00:56.000Z</time></trkpt><trkpt lat="46.19042" lon="15.04371"><ele>713</ele><time>2000-01-01T06:01:06.000Z</time></trkpt><trkpt lat="46.19045" lon="15.04361"><ele>715</ele><time>2000-01-01T06:01:16.000Z</time></trkpt><trkpt lat="46.19047" lon="15.0435"><ele>717</ele><time>2000-01-01T06:01:26.000Z</time></trkpt><trkpt lat="46.1905" lon="15.04338"><ele>719</ele><time>2000-01-01T06:01:36.000Z</time></trkpt><trkpt lat="46.19058" lon="15.04307"><ele>721</ele><time>2000-01-01T06:01:46.000Z</time></trkpt><trkpt lat="46.19058" lon="15.04296"><ele>721.6</ele><time>2000-01-01T06:01:56.000Z</time></trkpt><trkpt lat="46.19057" lon="15.04286"><ele>722.2</ele><time>2000-01-01T06:02:06.000Z</time></trkpt><trkpt lat="46.19058" lon="15.04281"><ele>722.8</ele><time>2000-01-01T06:02:16.000Z</time></trkpt><trkpt lat="46.19055" lon="15.04273"><ele>723.4</ele><time>2000-01-01T06:02:26.000Z</time></trkpt><trkpt lat="46.19054" lon="15.04265"><ele>724</ele><time>2000-01-01T06:02:36.000Z</time></trkpt><trkpt lat="46.19051" lon="15.04231"><ele>726</ele><time>2000-01-01T06:02:46.000Z</time></trkpt><trkpt lat="46.19048" lon="15.04222"><ele>728</ele><time>2000-01-01T06:02:56.000Z</time></trkpt><trkpt lat="46.19046" lon="15.04214"><ele>728.67</ele><time>2000-01-01T06:03:06.000Z</time></trkpt><trkpt lat="46.19042" lon="15.04201"><ele>729.33</ele><time>2000-01-01T06:03:16.000Z</time></trkpt><trkpt lat="46.19034" lon="15.04188"><ele>730</ele><time>2000-01-01T06:03:26.000Z</time></trkpt><trkpt lat="46.19033" lon="15.04184"><ele>730.4</ele><time>2000-01-01T06:03:36.000Z</time></trkpt><trkpt lat="46.19031" lon="15.04181"><ele>730.8</ele><time>2000-01-01T06:03:46.000Z</time></trkpt><trkpt lat="46.19025" lon="15.04165"><ele>731.2</ele><time>2000-01-01T06:03:56.000Z</time></trkpt><trkpt lat="46.19022" lon="15.04159"><ele>731.6</ele><time>2000-01-01T06:04:06.000Z</time></trkpt><trkpt lat="46.19014" lon="15.04145"><ele>732</ele><time>2000-01-01T06:04:16.000Z</time></trkpt><trkpt lat="46.1901" lon="15.04134"><ele>732.75</ele><time>2000-01-01T06:04:26.000Z</time></trkpt><trkpt lat="46.19008" lon="15.04118"><ele>733.5</ele><time>2000-01-01T06:04:36.000Z</time></trkpt><trkpt lat="46.19007" lon="15.04111"><ele>734.25</ele><time>2000-01-01T06:04:46.000Z</time></trkpt><trkpt lat="46.19007" lon="15.04105"><ele>735</ele><time>2000-01-01T06:04:56.000Z</time></trkpt><trkpt lat="46.19007" lon="15.04101"><ele>737.17</ele><time>2000-01-01T06:05:06.000Z</time></trkpt><trkpt lat="46.19005" lon="15.04094"><ele>739.33</ele><time>2000-01-01T06:05:16.000Z</time></trkpt><trkpt lat="46.19004" lon="15.04088"><ele>741.5</ele><time>2000-01-01T06:05:26.000Z</time></trkpt><trkpt lat="46.19001" lon="15.0408"><ele>743.67</ele><time>2000-01-01T06:05:36.000Z</time></trkpt><trkpt lat="46.19001" lon="15.04071"><ele>745.83</ele><time>2000-01-01T06:05:46.000Z</time></trkpt><trkpt lat="46.19002" lon="15.0406"><ele>748</ele><time>2000-01-01T06:05:56.000Z</time></trkpt><trkpt lat="46.19001" lon="15.04056"><ele>748</ele><time>2000-01-01T06:06:06.000Z</time></trkpt><trkpt lat="46.18998" lon="15.0405"><ele>748</ele><time>2000-01-01T06:06:16.000Z</time></trkpt><trkpt lat="46.18994" lon="15.04045"><ele>748</ele><time>2000-01-01T06:06:26.000Z</time></trkpt><trkpt lat="46.18987" lon="15.04042"><ele>748</ele><time>2000-01-01T06:06:36.000Z</time></trkpt><trkpt lat="46.18981" lon="15.04041"><ele>748</ele><time>2000-01-01T06:06:46.000Z</time></trkpt><trkpt lat="46.18976" lon="15.04039"><ele>749.25</ele><time>2000-01-01T06:06:56.000Z</time></trkpt><trkpt lat="46.18963" lon="15.04031"><ele>750.5</ele><time>2000-01-01T06:07:06.000Z</time></trkpt><trkpt lat="46.18961" lon="15.04029"><ele>751.75</ele><time>2000-01-01T06:07:16.000Z</time></trkpt><trkpt lat="46.18957" lon="15.04023"><ele>753</ele><time>2000-01-01T06:07:26.000Z</time></trkpt><trkpt lat="46.1895" lon="15.04009"><ele>754.25</ele><time>2000-01-01T06:07:36.000Z</time></trkpt><trkpt lat="46.18949" lon="15.04005"><ele>755.5</ele><time>2000-01-01T06:07:46.000Z</time></trkpt><trkpt lat="46.18948" lon="15.03997"><ele>756.75</ele><time>2000-01-01T06:07:56.000Z</time></trkpt><trkpt lat="46.18948" lon="15.03983"><ele>758</ele><time>2000-01-01T06:08:06.000Z</time></trkpt><trkpt lat="46.18947" lon="15.03971"><ele>759.67</ele><time>2000-01-01T06:08:16.000Z</time></trkpt><trkpt lat="46.18948" lon="15.03958"><ele>761.33</ele><time>2000-01-01T06:08:26.000Z</time></trkpt><trkpt lat="46.18947" lon="15.03946"><ele>763</ele><time>2000-01-01T06:08:36.000Z</time></trkpt><trkpt lat="46.18945" lon="15.03939"><ele>762</ele><time>2000-01-01T06:08:46.000Z</time></trkpt><trkpt lat="46.18944" lon="15.03936"><ele>761</ele><time>2000-01-01T06:08:56.000Z</time></trkpt><trkpt lat="46.18941" lon="15.03928"><ele>760</ele><time>2000-01-01T06:09:06.000Z</time></trkpt><trkpt lat="46.18929" lon="15.03905"><ele>759</ele><time>2000-01-01T06:09:16.000Z</time></trkpt><trkpt lat="46.18918" lon="15.039"><ele>758.25</ele><time>2000-01-01T06:09:26.000Z</time></trkpt><trkpt lat="46.18914" lon="15.03896"><ele>757.5</ele><time>2000-01-01T06:09:36.000Z</time></trkpt><trkpt lat="46.18907" lon="15.03895"><ele>756.75</ele><time>2000-01-01T06:09:46.000Z</time></trkpt><trkpt lat="46.18902" lon="15.03894"><ele>756</ele><time>2000-01-01T06:09:56.000Z</time></trkpt><trkpt lat="46.1889" lon="15.03889"><ele>756.33</ele><time>2000-01-01T06:10:06.000Z</time></trkpt><trkpt lat="46.18882" lon="15.03885"><ele>756.67</ele><time>2000-01-01T06:10:16.000Z</time></trkpt><trkpt lat="46.18878" lon="15.03879"><ele>757</ele><time>2000-01-01T06:10:26.000Z</time></trkpt><trkpt lat="46.18875" lon="15.03873"><ele>757.29</ele><time>2000-01-01T06:10:36.000Z</time></trkpt><trkpt lat="46.18873" lon="15.03869"><ele>757.57</ele><time>2000-01-01T06:10:46.000Z</time></trkpt><trkpt lat="46.18874" lon="15.03864"><ele>757.86</ele><time>2000-01-01T06:10:56.000Z</time></trkpt><trkpt lat="46.18875" lon="15.03862"><ele>758.14</ele><time>2000-01-01T06:11:06.000Z</time></trkpt><trkpt lat="46.18878" lon="15.0386"><ele>758.43</ele><time>2000-01-01T06:11:16.000Z</time></trkpt><trkpt lat="46.18884" lon="15.03857"><ele>758.71</ele><time>2000-01-01T06:11:26.000Z</time></trkpt><trkpt lat="46.18886" lon="15.03856"><ele>759</ele><time>2000-01-01T06:11:36.000Z</time></trkpt><trkpt lat="46.18888" lon="15.0385"><ele>759</ele><time>2000-01-01T06:11:46.000Z</time></trkpt><trkpt lat="46.1889" lon="15.03848"><ele>759</ele><time>2000-01-01T06:11:56.000Z</time></trkpt><trkpt lat="46.18905" lon="15.03841"><ele>759</ele><time>2000-01-01T06:12:06.000Z</time></trkpt><trkpt lat="46.18907" lon="15.03839"><ele>759</ele><time>2000-01-01T06:12:16.000Z</time></trkpt><trkpt lat="46.18908" lon="15.03837"><ele>759</ele><time>2000-01-01T06:12:26.000Z</time></trkpt><trkpt lat="46.18913" lon="15.03834"><ele>762.17</ele><time>2000-01-01T06:12:36.000Z</time></trkpt><trkpt lat="46.18916" lon="15.0383"><ele>765.33</ele><time>2000-01-01T06:12:46.000Z</time></trkpt><trkpt lat="46.1892" lon="15.03827"><ele>768.5</ele><time>2000-01-01T06:12:56.000Z</time></trkpt><trkpt lat="46.18925" lon="15.03826"><ele>771.67</ele><time>2000-01-01T06:13:06.000Z</time></trkpt><trkpt lat="46.1893" lon="15.03824"><ele>774.83</ele><time>2000-01-01T06:13:16.000Z</time></trkpt><trkpt lat="46.18933" lon="15.0382"><ele>778</ele><time>2000-01-01T06:13:26.000Z</time></trkpt><trkpt lat="46.18935" lon="15.0382"><ele>779.33</ele><time>2000-01-01T06:13:36.000Z</time></trkpt><trkpt lat="46.18936" lon="15.03818"><ele>780.67</ele><time>2000-01-01T06:13:46.000Z</time></trkpt><trkpt lat="46.18938" lon="15.03817"><ele>782</ele><time>2000-01-01T06:13:56.000Z</time></trkpt><trkpt lat="46.18944" lon="15.03816"><ele>783.33</ele><time>2000-01-01T06:14:06.000Z</time></trkpt><trkpt lat="46.18948" lon="15.03814"><ele>784.67</ele><time>2000-01-01T06:14:16.000Z</time></trkpt><trkpt lat="46.18957" lon="15.03811"><ele>786</ele><time>2000-01-01T06:14:26.000Z</time></trkpt><trkpt lat="46.18979" lon="15.03816"><ele>791</ele><time>2000-01-01T06:14:36.000Z</time></trkpt><trkpt lat="46.18985" lon="15.0382"><ele>796</ele><time>2000-01-01T06:14:46.000Z</time></trkpt><trkpt lat="46.1899" lon="15.03821"><ele>799.25</ele><time>2000-01-01T06:14:56.000Z</time></trkpt><trkpt lat="46.18998" lon="15.03827"><ele>802.5</ele><time>2000-01-01T06:15:06.000Z</time></trkpt><trkpt lat="46.19" lon="15.03829"><ele>805.75</ele><time>2000-01-01T06:15:16.000Z</time></trkpt><trkpt lat="46.19009" lon="15.03834"><ele>809</ele><time>2000-01-01T06:15:26.000Z</time></trkpt><trkpt lat="46.19017" lon="15.03843"><ele>815.5</ele><time>2000-01-01T06:15:36.000Z</time></trkpt><trkpt lat="46.19031" lon="15.0385"><ele>822</ele><time>2000-01-01T06:15:46.000Z</time></trkpt><trkpt lat="46.19042" lon="15.03863"><ele>822</ele><time>2000-01-01T06:15:56.000Z</time></trkpt><trkpt lat="46.19049" lon="15.03877"><ele>822</ele><time>2000-01-01T06:16:06.000Z</time></trkpt><trkpt lat="46.19056" lon="15.03884"><ele>822.67</ele><time>2000-01-01T06:16:16.000Z</time></trkpt><trkpt lat="46.19062" lon="15.03891"><ele>823.33</ele><time>2000-01-01T06:16:26.000Z</time></trkpt><trkpt lat="46.19068" lon="15.03903"><ele>824</ele><time>2000-01-01T06:16:36.000Z</time></trkpt><trkpt lat="46.19069" lon="15.03903"><ele>823.25</ele><time>2000-01-01T06:16:46.000Z</time></trkpt><trkpt lat="46.19077" lon="15.03906"><ele>822.5</ele><time>2000-01-01T06:16:56.000Z</time></trkpt><trkpt lat="46.19086" lon="15.03903"><ele>821.75</ele><time>2000-01-01T06:17:06.000Z</time></trkpt><trkpt lat="46.19106" lon="15.03904"><ele>821</ele><time>2000-01-01T06:17:16.000Z</time></trkpt><trkpt lat="46.19133" lon="15.03914"><ele>824</ele><time>2000-01-01T06:17:26.000Z</time></trkpt><trkpt lat="46.19142" lon="15.03915"><ele>825</ele><time>2000-01-01T06:17:36.000Z</time></trkpt><trkpt lat="46.19148" lon="15.03913"><ele>826</ele><time>2000-01-01T06:17:46.000Z</time></trkpt><trkpt lat="46.19151" lon="15.039"><ele>827</ele><time>2000-01-01T06:17:56.000Z</time></trkpt><trkpt lat="46.19156" lon="15.03889"><ele>827.67</ele><time>2000-01-01T06:18:06.000Z</time></trkpt><trkpt lat="46.19165" lon="15.03886"><ele>828.33</ele><time>2000-01-01T06:18:16.000Z</time></trkpt><trkpt lat="46.19185" lon="15.03885"><ele>829</ele><time>2000-01-01T06:18:26.000Z</time></trkpt><trkpt lat="46.19194" lon="15.03884"><ele>844.5</ele><time>2000-01-01T06:18:36.000Z</time></trkpt><trkpt lat="46.19212" lon="15.03894"><ele>860</ele><time>2000-01-01T06:18:46.000Z</time></trkpt><trkpt lat="46.1922" lon="15.03901"><ele>860.5</ele><time>2000-01-01T06:18:56.000Z</time></trkpt><trkpt lat="46.19241" lon="15.03915"><ele>861</ele><time>2000-01-01T06:19:06.000Z</time></trkpt><trkpt lat="46.19248" lon="15.03928"><ele>861.33</ele><time>2000-01-01T06:19:16.000Z</time></trkpt><trkpt lat="46.19255" lon="15.03943"><ele>861.67</ele><time>2000-01-01T06:19:26.000Z</time></trkpt><trkpt lat="46.19256" lon="15.03946"><ele>862</ele><time>2000-01-01T06:19:36.000Z</time></trkpt><trkpt lat="46.19258" lon="15.03951"><ele>863</ele><time>2000-01-01T06:19:46.000Z</time></trkpt><trkpt lat="46.19261" lon="15.03956"><ele>864</ele><time>2000-01-01T06:19:56.000Z</time></trkpt><trkpt lat="46.19263" lon="15.03963"><ele>865</ele><time>2000-01-01T06:20:06.000Z</time></trkpt><trkpt lat="46.19265" lon="15.03969"><ele>866</ele><time>2000-01-01T06:20:16.000Z</time></trkpt><trkpt lat="46.19266" lon="15.03971"><ele>867</ele><time>2000-01-01T06:20:26.000Z</time></trkpt><trkpt lat="46.19275" lon="15.03976"><ele>868</ele><time>2000-01-01T06:20:36.000Z</time></trkpt><trkpt lat="46.19283" lon="15.03979"><ele>869</ele><time>2000-01-01T06:20:46.000Z</time></trkpt><trkpt lat="46.19293" lon="15.03976"><ele>870</ele><time>2000-01-01T06:20:56.000Z</time></trkpt><trkpt lat="46.19301" lon="15.0397"><ele>871</ele><time>2000-01-01T06:21:06.000Z</time></trkpt><trkpt lat="46.19308" lon="15.03962"><ele>871.2</ele><time>2000-01-01T06:21:16.000Z</time></trkpt><trkpt lat="46.19311" lon="15.03951"><ele>871.4</ele><time>2000-01-01T06:21:26.000Z</time></trkpt><trkpt lat="46.19309" lon="15.03947"><ele>871.6</ele><time>2000-01-01T06:21:36.000Z</time></trkpt><trkpt lat="46.19308" lon="15.03944"><ele>871.8</ele><time>2000-01-01T06:21:46.000Z</time></trkpt><trkpt lat="46.19307" lon="15.03938"><ele>872</ele><time>2000-01-01T06:21:56.000Z</time></trkpt><trkpt lat="46.19305" lon="15.03936"><ele>872.2</ele><time>2000-01-01T06:22:06.000Z</time></trkpt><trkpt lat="46.19303" lon="15.03926"><ele>872.4</ele><time>2000-01-01T06:22:16.000Z</time></trkpt><trkpt lat="46.19301" lon="15.03922"><ele>872.6</ele><time>2000-01-01T06:22:26.000Z</time></trkpt><trkpt lat="46.19297" lon="15.03913"><ele>872.8</ele><time>2000-01-01T06:22:36.000Z</time></trkpt><trkpt lat="46.19293" lon="15.03909"><ele>873</ele><time>2000-01-01T06:22:46.000Z</time></trkpt><trkpt lat="46.19292" lon="15.03906"><ele>873.5</ele><time>2000-01-01T06:22:56.000Z</time></trkpt><trkpt lat="46.1929" lon="15.03904"><ele>874</ele><time>2000-01-01T06:23:06.000Z</time></trkpt><trkpt lat="46.19288" lon="15.03901"><ele>874.5</ele><time>2000-01-01T06:23:16.000Z</time></trkpt><trkpt lat="46.19288" lon="15.03897"><ele>875</ele><time>2000-01-01T06:23:26.000Z</time></trkpt><trkpt lat="46.19286" lon="15.0389"><ele>875.5</ele><time>2000-01-01T06:23:36.000Z</time></trkpt><trkpt lat="46.19285" lon="15.03881"><ele>876</ele><time>2000-01-01T06:23:46.000Z</time></trkpt><trkpt lat="46.19284" lon="15.03878"><ele>876.5</ele><time>2000-01-01T06:23:56.000Z</time></trkpt><trkpt lat="46.19283" lon="15.03872"><ele>877</ele><time>2000-01-01T06:24:06.000Z</time></trkpt><trkpt lat="46.19281" lon="15.03868"><ele>877</ele><time>2000-01-01T06:24:16.000Z</time></trkpt><trkpt lat="46.19275" lon="15.03861"><ele>877</ele><time>2000-01-01T06:24:26.000Z</time></trkpt><trkpt lat="46.19273" lon="15.03859"><ele>877</ele><time>2000-01-01T06:24:36.000Z</time></trkpt><trkpt lat="46.19272" lon="15.03856"><ele>877</ele><time>2000-01-01T06:24:46.000Z</time></trkpt><trkpt lat="46.1927" lon="15.03854"><ele>877</ele><time>2000-01-01T06:24:56.000Z</time></trkpt><trkpt lat="46.19267" lon="15.03844"><ele>877</ele><time>2000-01-01T06:25:06.000Z</time></trkpt><trkpt lat="46.19267" lon="15.03841"><ele>877.2</ele><time>2000-01-01T06:25:16.000Z</time></trkpt><trkpt lat="46.19263" lon="15.03826"><ele>877.4</ele><time>2000-01-01T06:25:26.000Z</time></trkpt><trkpt lat="46.19259" lon="15.03815"><ele>877.6</ele><time>2000-01-01T06:25:36.000Z</time></trkpt><trkpt lat="46.19259" lon="15.03812"><ele>877.8</ele><time>2000-01-01T06:25:46.000Z</time></trkpt><trkpt lat="46.19258" lon="15.03808"><ele>878</ele><time>2000-01-01T06:25:56.000Z</time></trkpt><trkpt lat="46.19257" lon="15.03805"><ele>878.5</ele><time>2000-01-01T06:26:06.000Z</time></trkpt><trkpt lat="46.19256" lon="15.03801"><ele>879</ele><time>2000-01-01T06:26:16.000Z</time></trkpt><trkpt lat="46.19255" lon="15.03796"><ele>879.5</ele><time>2000-01-01T06:26:26.000Z</time></trkpt><trkpt lat="46.19254" lon="15.03793"><ele>880</ele><time>2000-01-01T06:26:36.000Z</time></trkpt><trkpt lat="46.19249" lon="15.03786"><ele>880.5</ele><time>2000-01-01T06:26:46.000Z</time></trkpt><trkpt lat="46.19245" lon="15.03778"><ele>881</ele><time>2000-01-01T06:26:56.000Z</time></trkpt><trkpt lat="46.19241" lon="15.0377"><ele>881.43</ele><time>2000-01-01T06:27:06.000Z</time></trkpt><trkpt lat="46.19238" lon="15.03765"><ele>881.86</ele><time>2000-01-01T06:27:16.000Z</time></trkpt><trkpt lat="46.19237" lon="15.03762"><ele>882.29</ele><time>2000-01-01T06:27:26.000Z</time></trkpt><trkpt lat="46.19235" lon="15.0376"><ele>882.71</ele><time>2000-01-01T06:27:36.000Z</time></trkpt><trkpt lat="46.19234" lon="15.03756"><ele>883.14</ele><time>2000-01-01T06:27:46.000Z</time></trkpt><trkpt lat="46.19231" lon="15.03749"><ele>883.57</ele><time>2000-01-01T06:27:56.000Z</time></trkpt><trkpt lat="46.19228" lon="15.03745"><ele>884</ele><time>2000-01-01T06:28:06.000Z</time></trkpt><trkpt lat="46.19223" lon="15.03733"><ele>884</ele><time>2000-01-01T06:28:16.000Z</time></trkpt><trkpt lat="46.1922" lon="15.0373"><ele>884</ele><time>2000-01-01T06:28:26.000Z</time></trkpt><trkpt lat="46.19218" lon="15.03727"><ele>884</ele><time>2000-01-01T06:28:36.000Z</time></trkpt><trkpt lat="46.19216" lon="15.03719"><ele>884</ele><time>2000-01-01T06:28:46.000Z</time></trkpt><trkpt lat="46.19216" lon="15.03714"><ele>884</ele><time>2000-01-01T06:28:56.000Z</time></trkpt><trkpt lat="46.19218" lon="15.03698"><ele>883.67</ele><time>2000-01-01T06:29:06.000Z</time></trkpt><trkpt lat="46.19219" lon="15.03687"><ele>883.33</ele><time>2000-01-01T06:29:16.000Z</time></trkpt><trkpt lat="46.19219" lon="15.03679"><ele>883</ele><time>2000-01-01T06:29:26.000Z</time></trkpt><trkpt lat="46.1922" lon="15.03666"><ele>883.25</ele><time>2000-01-01T06:29:36.000Z</time></trkpt><trkpt lat="46.19216" lon="15.03652"><ele>883.5</ele><time>2000-01-01T06:29:46.000Z</time></trkpt><trkpt lat="46.19214" lon="15.03647"><ele>883.75</ele><time>2000-01-01T06:29:56.000Z</time></trkpt><trkpt lat="46.19212" lon="15.03638"><ele>884</ele><time>2000-01-01T06:30:06.000Z</time></trkpt><trkpt lat="46.19212" lon="15.03633"><ele>884.25</ele><time>2000-01-01T06:30:16.000Z</time></trkpt><trkpt lat="46.19211" lon="15.03619"><ele>884.5</ele><time>2000-01-01T06:30:26.000Z</time></trkpt><trkpt lat="46.19212" lon="15.03609"><ele>884.75</ele><time>2000-01-01T06:30:36.000Z</time></trkpt><trkpt lat="46.19211" lon="15.03602"><ele>885</ele><time>2000-01-01T06:30:46.000Z</time></trkpt><trkpt lat="46.19209" lon="15.03588"><ele>887.5</ele><time>2000-01-01T06:30:56.000Z</time></trkpt><trkpt lat="46.19207" lon="15.03552"><ele>890</ele><time>2000-01-01T06:31:06.000Z</time></trkpt><trkpt lat="46.19206" lon="15.03544"><ele>890.17</ele><time>2000-01-01T06:31:16.000Z</time></trkpt><trkpt lat="46.19206" lon="15.0354"><ele>890.33</ele><time>2000-01-01T06:31:26.000Z</time></trkpt><trkpt lat="46.19207" lon="15.03532"><ele>890.5</ele><time>2000-01-01T06:31:36.000Z</time></trkpt><trkpt lat="46.19207" lon="15.03529"><ele>890.67</ele><time>2000-01-01T06:31:46.000Z</time></trkpt><trkpt lat="46.19209" lon="15.03525"><ele>890.83</ele><time>2000-01-01T06:31:56.000Z</time></trkpt><trkpt lat="46.19209" lon="15.03511"><ele>891</ele><time>2000-01-01T06:32:06.000Z</time></trkpt><trkpt lat="46.19208" lon="15.03501"><ele>890.75</ele><time>2000-01-01T06:32:16.000Z</time></trkpt><trkpt lat="46.19208" lon="15.03498"><ele>890.5</ele><time>2000-01-01T06:32:26.000Z</time></trkpt><trkpt lat="46.19205" lon="15.03478"><ele>890.25</ele><time>2000-01-01T06:32:36.000Z</time></trkpt><trkpt lat="46.19205" lon="15.03471"><ele>890</ele><time>2000-01-01T06:32:46.000Z</time></trkpt><trkpt lat="46.19203" lon="15.03465"><ele>890.25</ele><time>2000-01-01T06:32:56.000Z</time></trkpt><trkpt lat="46.19204" lon="15.03449"><ele>890.5</ele><time>2000-01-01T06:33:06.000Z</time></trkpt><trkpt lat="46.19203" lon="15.03444"><ele>890.75</ele><time>2000-01-01T06:33:16.000Z</time></trkpt><trkpt lat="46.19195" lon="15.03417"><ele>891</ele><time>2000-01-01T06:33:26.000Z</time></trkpt><trkpt lat="46.19193" lon="15.03414"><ele>890.5</ele><time>2000-01-01T06:33:36.000Z</time></trkpt><trkpt lat="46.19189" lon="15.03408"><ele>890</ele><time>2000-01-01T06:33:46.000Z</time></trkpt><trkpt lat="46.19186" lon="15.03395"><ele>889.5</ele><time>2000-01-01T06:33:56.000Z</time></trkpt><trkpt lat="46.19184" lon="15.03382"><ele>889</ele><time>2000-01-01T06:34:06.000Z</time></trkpt><trkpt lat="46.19185" lon="15.03368"><ele>888.75</ele><time>2000-01-01T06:34:16.000Z</time></trkpt><trkpt lat="46.19187" lon="15.0336"><ele>888.5</ele><time>2000-01-01T06:34:26.000Z</time></trkpt><trkpt lat="46.19187" lon="15.03354"><ele>888.25</ele><time>2000-01-01T06:34:36.000Z</time></trkpt><trkpt lat="46.1919" lon="15.03335"><ele>888</ele><time>2000-01-01T06:34:46.000Z</time></trkpt><trkpt lat="46.19189" lon="15.03327"><ele>887.75</ele><time>2000-01-01T06:34:56.000Z</time></trkpt><trkpt lat="46.1919" lon="15.03315"><ele>887.5</ele><time>2000-01-01T06:35:06.000Z</time></trkpt><trkpt lat="46.1919" lon="15.03301"><ele>887.25</ele><time>2000-01-01T06:35:16.000Z</time></trkpt><trkpt lat="46.19189" lon="15.03298"><ele>887</ele><time>2000-01-01T06:35:26.000Z</time></trkpt><trkpt lat="46.19187" lon="15.03297"><ele>886.75</ele><time>2000-01-01T06:35:36.000Z</time></trkpt><trkpt lat="46.19181" lon="15.0329"><ele>886.5</ele><time>2000-01-01T06:35:46.000Z</time></trkpt><trkpt lat="46.19177" lon="15.03274"><ele>886.25</ele><time>2000-01-01T06:35:56.000Z</time></trkpt><trkpt lat="46.19173" lon="15.03268"><ele>886</ele><time>2000-01-01T06:36:06.000Z</time></trkpt><trkpt lat="46.19169" lon="15.03257"><ele>886</ele><time>2000-01-01T06:36:16.000Z</time></trkpt><trkpt lat="46.19168" lon="15.03252"><ele>886</ele><time>2000-01-01T06:36:26.000Z</time></trkpt><trkpt lat="46.19164" lon="15.03243"><ele>886</ele><time>2000-01-01T06:36:36.000Z</time></trkpt><trkpt lat="46.19158" lon="15.03235"><ele>886</ele><time>2000-01-01T06:36:46.000Z</time></trkpt><trkpt lat="46.19152" lon="15.03229"><ele>886</ele><time>2000-01-01T06:36:56.000Z</time></trkpt><trkpt lat="46.19153" lon="15.03216"><ele>886</ele><time>2000-01-01T06:37:06.000Z</time></trkpt><trkpt lat="46.19154" lon="15.03212"><ele>886</ele><time>2000-01-01T06:37:16.000Z</time></trkpt><trkpt lat="46.19153" lon="15.03208"><ele>886</ele><time>2000-01-01T06:37:26.000Z</time></trkpt><trkpt lat="46.19143" lon="15.03189"><ele>886</ele><time>2000-01-01T06:37:36.000Z</time></trkpt><trkpt lat="46.19141" lon="15.03185"><ele>887.25</ele><time>2000-01-01T06:37:46.000Z</time></trkpt><trkpt lat="46.19136" lon="15.0317"><ele>888.5</ele><time>2000-01-01T06:37:56.000Z</time></trkpt><trkpt lat="46.19136" lon="15.03165"><ele>889.75</ele><time>2000-01-01T06:38:06.000Z</time></trkpt><trkpt lat="46.1913" lon="15.03147"><ele>891</ele><time>2000-01-01T06:38:16.000Z</time></trkpt><trkpt lat="46.19122" lon="15.03133"><ele>890.75</ele><time>2000-01-01T06:38:26.000Z</time></trkpt><trkpt lat="46.19116" lon="15.03125"><ele>890.5</ele><time>2000-01-01T06:38:36.000Z</time></trkpt><trkpt lat="46.19114" lon="15.0312"><ele>890.25</ele><time>2000-01-01T06:38:46.000Z</time></trkpt><trkpt lat="46.1911" lon="15.03106"><ele>890</ele><time>2000-01-01T06:38:56.000Z</time></trkpt><trkpt lat="46.19109" lon="15.0309"><ele>889.67</ele><time>2000-01-01T06:39:06.000Z</time></trkpt><trkpt lat="46.19105" lon="15.03072"><ele>889.33</ele><time>2000-01-01T06:39:16.000Z</time></trkpt><trkpt lat="46.19104" lon="15.03069"><ele>889</ele><time>2000-01-01T06:39:26.000Z</time></trkpt><trkpt lat="46.19105" lon="15.03057"><ele>888.75</ele><time>2000-01-01T06:39:36.000Z</time></trkpt><trkpt lat="46.19102" lon="15.0304"><ele>888.5</ele><time>2000-01-01T06:39:46.000Z</time></trkpt><trkpt lat="46.19102" lon="15.03037"><ele>888.25</ele><time>2000-01-01T06:39:56.000Z</time></trkpt><trkpt lat="46.19097" lon="15.03036"><ele>888</ele><time>2000-01-01T06:40:06.000Z</time></trkpt><trkpt lat="46.19096" lon="15.03034"><ele>888</ele><time>2000-01-01T06:40:16.000Z</time></trkpt><trkpt lat="46.19094" lon="15.03023"><ele>888</ele><time>2000-01-01T06:40:26.000Z</time></trkpt><trkpt lat="46.19095" lon="15.03019"><ele>888</ele><time>2000-01-01T06:40:36.000Z</time></trkpt><trkpt lat="46.19096" lon="15.03017"><ele>888</ele><time>2000-01-01T06:40:46.000Z</time></trkpt><trkpt lat="46.19095" lon="15.03003"><ele>888</ele><time>2000-01-01T06:40:56.000Z</time></trkpt><trkpt lat="46.19093" lon="15.02996"><ele>888</ele><time>2000-01-01T06:41:06.000Z</time></trkpt><trkpt lat="46.19093" lon="15.02993"><ele>888</ele><time>2000-01-01T06:41:16.000Z</time></trkpt><trkpt lat="46.19092" lon="15.02989"><ele>888</ele><time>2000-01-01T06:41:26.000Z</time></trkpt><trkpt lat="46.19092" lon="15.02984"><ele>888</ele><time>2000-01-01T06:41:36.000Z</time></trkpt><trkpt lat="46.19095" lon="15.02963"><ele>888</ele><time>2000-01-01T06:41:46.000Z</time></trkpt><trkpt lat="46.19094" lon="15.02946"><ele>888</ele><time>2000-01-01T06:41:56.000Z</time></trkpt><trkpt lat="46.19095" lon="15.02934"><ele>890</ele><time>2000-01-01T06:42:06.000Z</time></trkpt><trkpt lat="46.19098" lon="15.02922"><ele>892</ele><time>2000-01-01T06:42:16.000Z</time></trkpt><trkpt lat="46.19098" lon="15.02906"><ele>894</ele><time>2000-01-01T06:42:26.000Z</time></trkpt><trkpt lat="46.19097" lon="15.02899"><ele>894.43</ele><time>2000-01-01T06:42:36.000Z</time></trkpt><trkpt lat="46.19097" lon="15.02896"><ele>894.86</ele><time>2000-01-01T06:42:46.000Z</time></trkpt><trkpt lat="46.19097" lon="15.02892"><ele>895.29</ele><time>2000-01-01T06:42:56.000Z</time></trkpt><trkpt lat="46.19096" lon="15.02889"><ele>895.71</ele><time>2000-01-01T06:43:06.000Z</time></trkpt><trkpt lat="46.19096" lon="15.02883"><ele>896.14</ele><time>2000-01-01T06:43:16.000Z</time></trkpt><trkpt lat="46.19094" lon="15.02873"><ele>896.57</ele><time>2000-01-01T06:43:26.000Z</time></trkpt><trkpt lat="46.19094" lon="15.02861"><ele>897</ele><time>2000-01-01T06:43:36.000Z</time></trkpt><trkpt lat="46.1909" lon="15.02844"><ele>897.25</ele><time>2000-01-01T06:43:46.000Z</time></trkpt><trkpt lat="46.19088" lon="15.02836"><ele>897.5</ele><time>2000-01-01T06:43:56.000Z</time></trkpt><trkpt lat="46.19087" lon="15.02828"><ele>897.75</ele><time>2000-01-01T06:44:06.000Z</time></trkpt><trkpt lat="46.19087" lon="15.02825"><ele>898</ele><time>2000-01-01T06:44:16.000Z</time></trkpt><trkpt lat="46.19088" lon="15.0282"><ele>899</ele><time>2000-01-01T06:44:26.000Z</time></trkpt><trkpt lat="46.19088" lon="15.02803"><ele>900</ele><time>2000-01-01T06:44:36.000Z</time></trkpt><trkpt lat="46.19085" lon="15.02795"><ele>901</ele><time>2000-01-01T06:44:46.000Z</time></trkpt><trkpt lat="46.19083" lon="15.02785"><ele>902</ele><time>2000-01-01T06:44:56.000Z</time></trkpt><trkpt lat="46.19081" lon="15.02773"><ele>904.33</ele><time>2000-01-01T06:45:06.000Z</time></trkpt><trkpt lat="46.19079" lon="15.02756"><ele>906.67</ele><time>2000-01-01T06:45:16.000Z</time></trkpt><trkpt lat="46.19078" lon="15.02749"><ele>909</ele><time>2000-01-01T06:45:26.000Z</time></trkpt><trkpt lat="46.19077" lon="15.02745"><ele>910.25</ele><time>2000-01-01T06:45:36.000Z</time></trkpt><trkpt lat="46.19074" lon="15.0274"><ele>911.5</ele><time>2000-01-01T06:45:46.000Z</time></trkpt><trkpt lat="46.19068" lon="15.02723"><ele>912.75</ele><time>2000-01-01T06:45:56.000Z</time></trkpt><trkpt lat="46.19067" lon="15.02714"><ele>914</ele><time>2000-01-01T06:46:06.000Z</time></trkpt><trkpt lat="46.19066" lon="15.0271"><ele>914.6</ele><time>2000-01-01T06:46:16.000Z</time></trkpt><trkpt lat="46.19066" lon="15.02702"><ele>915.2</ele><time>2000-01-01T06:46:26.000Z</time></trkpt><trkpt lat="46.19067" lon="15.02689"><ele>915.8</ele><time>2000-01-01T06:46:36.000Z</time></trkpt><trkpt lat="46.19069" lon="15.02682"><ele>916.4</ele><time>2000-01-01T06:46:46.000Z</time></trkpt><trkpt lat="46.19071" lon="15.02679"><ele>917</ele><time>2000-01-01T06:46:56.000Z</time></trkpt><trkpt lat="46.1908" lon="15.02665"><ele>917</ele><time>2000-01-01T06:47:06.000Z</time></trkpt><trkpt lat="46.19083" lon="15.02664"><ele>917</ele><time>2000-01-01T06:47:16.000Z</time></trkpt><trkpt lat="46.19085" lon="15.02662"><ele>917</ele><time>2000-01-01T06:47:26.000Z</time></trkpt><trkpt lat="46.19087" lon="15.0266"><ele>917</ele><time>2000-01-01T06:47:36.000Z</time></trkpt><trkpt lat="46.19089" lon="15.02658"><ele>917</ele><time>2000-01-01T06:47:46.000Z</time></trkpt><trkpt lat="46.19094" lon="15.02649"><ele>917</ele><time>2000-01-01T06:47:56.000Z</time></trkpt><trkpt lat="46.19098" lon="15.02645"><ele>917</ele><time>2000-01-01T06:48:06.000Z</time></trkpt><trkpt lat="46.19104" lon="15.02638"><ele>917</ele><time>2000-01-01T06:48:16.000Z</time></trkpt><trkpt lat="46.19104" lon="15.02635"><ele>917</ele><time>2000-01-01T06:48:26.000Z</time></trkpt><trkpt lat="46.19102" lon="15.0263"><ele>917</ele><time>2000-01-01T06:48:36.000Z</time></trkpt><trkpt lat="46.191" lon="15.0263"><ele>917</ele><time>2000-01-01T06:48:46.000Z</time></trkpt><trkpt lat="46.19092" lon="15.02628"><ele>917</ele><time>2000-01-01T06:48:56.000Z</time></trkpt><trkpt lat="46.19088" lon="15.02629"><ele>917.6</ele><time>2000-01-01T06:49:06.000Z</time></trkpt><trkpt lat="46.19084" lon="15.02631"><ele>918.2</ele><time>2000-01-01T06:49:16.000Z</time></trkpt><trkpt lat="46.19077" lon="15.0263"><ele>918.8</ele><time>2000-01-01T06:49:26.000Z</time></trkpt><trkpt lat="46.19071" lon="15.02628"><ele>919.4</ele><time>2000-01-01T06:49:36.000Z</time></trkpt><trkpt lat="46.19063" lon="15.02622"><ele>920</ele><time>2000-01-01T06:49:46.000Z</time></trkpt><trkpt lat="46.19049" lon="15.02617"><ele>922.33</ele><time>2000-01-01T06:49:56.000Z</time></trkpt><trkpt lat="46.19042" lon="15.02617"><ele>924.67</ele><time>2000-01-01T06:50:06.000Z</time></trkpt><trkpt lat="46.19036" lon="15.02615"><ele>927</ele><time>2000-01-01T06:50:16.000Z</time></trkpt><trkpt lat="46.19032" lon="15.02617"><ele>928.67</ele><time>2000-01-01T06:50:26.000Z</time></trkpt><trkpt lat="46.19027" lon="15.02615"><ele>930.33</ele><time>2000-01-01T06:50:36.000Z</time></trkpt><trkpt lat="46.19023" lon="15.02612"><ele>932</ele><time>2000-01-01T06:50:46.000Z</time></trkpt><trkpt lat="46.19022" lon="15.02609"><ele>933.67</ele><time>2000-01-01T06:50:56.000Z</time></trkpt><trkpt lat="46.19017" lon="15.02604"><ele>935.33</ele><time>2000-01-01T06:51:06.000Z</time></trkpt><trkpt lat="46.19013" lon="15.02597"><ele>937</ele><time>2000-01-01T06:51:16.000Z</time></trkpt><trkpt lat="46.19011" lon="15.02593"><ele>936.4</ele><time>2000-01-01T06:51:26.000Z</time></trkpt><trkpt lat="46.19009" lon="15.02584"><ele>935.8</ele><time>2000-01-01T06:51:36.000Z</time></trkpt><trkpt lat="46.19009" lon="15.0258"><ele>935.2</ele><time>2000-01-01T06:51:46.000Z</time></trkpt><trkpt lat="46.1901" lon="15.02575"><ele>934.6</ele><time>2000-01-01T06:51:56.000Z</time></trkpt><trkpt lat="46.19012" lon="15.02562"><ele>934</ele><time>2000-01-01T06:52:06.000Z</time></trkpt><trkpt lat="46.19014" lon="15.02558"><ele>933.5</ele><time>2000-01-01T06:52:16.000Z</time></trkpt><trkpt lat="46.19023" lon="15.02553"><ele>933</ele><time>2000-01-01T06:52:26.000Z</time></trkpt><trkpt lat="46.19024" lon="15.02551"><ele>932.5</ele><time>2000-01-01T06:52:36.000Z</time></trkpt><trkpt lat="46.19031" lon="15.0254"><ele>932</ele><time>2000-01-01T06:52:46.000Z</time></trkpt><trkpt lat="46.19038" lon="15.02532"><ele>931.5</ele><time>2000-01-01T06:52:56.000Z</time></trkpt><trkpt lat="46.19039" lon="15.02521"><ele>931</ele><time>2000-01-01T06:53:06.000Z</time></trkpt><trkpt lat="46.19038" lon="15.02516"><ele>930.5</ele><time>2000-01-01T06:53:16.000Z</time></trkpt><trkpt lat="46.19037" lon="15.0251"><ele>930</ele><time>2000-01-01T06:53:26.000Z</time></trkpt><trkpt lat="46.19034" lon="15.02505"><ele>931.83</ele><time>2000-01-01T06:53:36.000Z</time></trkpt><trkpt lat="46.19032" lon="15.02502"><ele>933.67</ele><time>2000-01-01T06:53:46.000Z</time></trkpt><trkpt lat="46.19028" lon="15.02495"><ele>935.5</ele><time>2000-01-01T06:53:56.000Z</time></trkpt><trkpt lat="46.19026" lon="15.02493"><ele>937.33</ele><time>2000-01-01T06:54:06.000Z</time></trkpt><trkpt lat="46.19022" lon="15.02484"><ele>939.17</ele><time>2000-01-01T06:54:16.000Z</time></trkpt><trkpt lat="46.1902" lon="15.02482"><ele>941</ele><time>2000-01-01T06:54:26.000Z</time></trkpt><trkpt lat="46.19011" lon="15.0248"><ele>944</ele><time>2000-01-01T06:54:36.000Z</time></trkpt><trkpt lat="46.19002" lon="15.02481"><ele>947</ele><time>2000-01-01T06:54:46.000Z</time></trkpt><trkpt lat="46.18998" lon="15.0248"><ele>950</ele><time>2000-01-01T06:54:56.000Z</time></trkpt><trkpt lat="46.18986" lon="15.02476"><ele>953</ele><time>2000-01-01T06:55:06.000Z</time></trkpt><trkpt lat="46.18982" lon="15.02477"><ele>953</ele><time>2000-01-01T06:55:16.000Z</time></trkpt><trkpt lat="46.18975" lon="15.02476"><ele>953</ele><time>2000-01-01T06:55:26.000Z</time></trkpt><trkpt lat="46.18971" lon="15.02476"><ele>953</ele><time>2000-01-01T06:55:36.000Z</time></trkpt><trkpt lat="46.18963" lon="15.02471"><ele>953</ele><time>2000-01-01T06:55:46.000Z</time></trkpt><trkpt lat="46.18961" lon="15.0247"><ele>953</ele><time>2000-01-01T06:55:56.000Z</time></trkpt><trkpt lat="46.18957" lon="15.02471"><ele>954.2</ele><time>2000-01-01T06:56:06.000Z</time></trkpt><trkpt lat="46.18954" lon="15.0247"><ele>955.4</ele><time>2000-01-01T06:56:16.000Z</time></trkpt><trkpt lat="46.18944" lon="15.02462"><ele>956.6</ele><time>2000-01-01T06:56:26.000Z</time></trkpt><trkpt lat="46.18941" lon="15.02461"><ele>957.8</ele><time>2000-01-01T06:56:36.000Z</time></trkpt><trkpt lat="46.18932" lon="15.02455"><ele>959</ele><time>2000-01-01T06:56:46.000Z</time></trkpt><trkpt lat="46.18927" lon="15.02453"><ele>958.67</ele><time>2000-01-01T06:56:56.000Z</time></trkpt><trkpt lat="46.18922" lon="15.02448"><ele>958.33</ele><time>2000-01-01T06:57:06.000Z</time></trkpt><trkpt lat="46.18907" lon="15.0243"><ele>958</ele><time>2000-01-01T06:57:16.000Z</time></trkpt><trkpt lat="46.18905" lon="15.02428"><ele>958</ele><time>2000-01-01T06:57:26.000Z</time></trkpt><trkpt lat="46.18899" lon="15.02422"><ele>958</ele><time>2000-01-01T06:57:36.000Z</time></trkpt><trkpt lat="46.18895" lon="15.02413"><ele>958</ele><time>2000-01-01T06:57:46.000Z</time></trkpt><trkpt lat="46.18891" lon="15.0241"><ele>958</ele><time>2000-01-01T06:57:56.000Z</time></trkpt><trkpt lat="46.18888" lon="15.02405"><ele>958</ele><time>2000-01-01T06:58:06.000Z</time></trkpt><trkpt lat="46.18879" lon="15.02402"><ele>961.33</ele><time>2000-01-01T06:58:16.000Z</time></trkpt><trkpt lat="46.18872" lon="15.02403"><ele>964.67</ele><time>2000-01-01T06:58:26.000Z</time></trkpt><trkpt lat="46.18859" lon="15.02401"><ele>968</ele><time>2000-01-01T06:58:36.000Z</time></trkpt><trkpt lat="46.18854" lon="15.02402"><ele>969</ele><time>2000-01-01T06:58:46.000Z</time></trkpt><trkpt lat="46.18852" lon="15.02401"><ele>970</ele><time>2000-01-01T06:58:56.000Z</time></trkpt><trkpt lat="46.18846" lon="15.02399"><ele>971</ele><time>2000-01-01T06:59:06.000Z</time></trkpt><trkpt lat="46.1884" lon="15.02393"><ele>972</ele><time>2000-01-01T06:59:16.000Z</time></trkpt><trkpt lat="46.18837" lon="15.02392"><ele>973</ele><time>2000-01-01T06:59:26.000Z</time></trkpt><trkpt lat="46.18835" lon="15.02392"><ele>974</ele><time>2000-01-01T06:59:36.000Z</time></trkpt><trkpt lat="46.18829" lon="15.02389"><ele>975.25</ele><time>2000-01-01T06:59:46.000Z</time></trkpt><trkpt lat="46.18825" lon="15.0239"><ele>976.5</ele><time>2000-01-01T06:59:56.000Z</time></trkpt><trkpt lat="46.18814" lon="15.02384"><ele>977.75</ele><time>2000-01-01T07:00:06.000Z</time></trkpt><trkpt lat="46.1881" lon="15.0238"><ele>979</ele><time>2000-01-01T07:00:16.000Z</time></trkpt><trkpt lat="46.18809" lon="15.02379"><ele>980</ele><time>2000-01-01T07:00:26.000Z</time></trkpt><trkpt lat="46.18807" lon="15.02377"><ele>981</ele><time>2000-01-01T07:00:36.000Z</time></trkpt><trkpt lat="46.18804" lon="15.02372"><ele>982</ele><time>2000-01-01T07:00:46.000Z</time></trkpt><trkpt lat="46.18802" lon="15.02367"><ele>983</ele><time>2000-01-01T07:00:56.000Z</time></trkpt><trkpt lat="46.18797" lon="15.02357"><ele>984</ele><time>2000-01-01T07:01:06.000Z</time></trkpt><trkpt lat="46.18791" lon="15.02352"><ele>985</ele><time>2000-01-01T07:01:16.000Z</time></trkpt><trkpt lat="46.18786" lon="15.02349"><ele>985.67</ele><time>2000-01-01T07:01:26.000Z</time></trkpt><trkpt lat="46.18776" lon="15.02341"><ele>986.33</ele><time>2000-01-01T07:01:36.000Z</time></trkpt><trkpt lat="46.18767" lon="15.02338"><ele>987</ele><time>2000-01-01T07:01:46.000Z</time></trkpt><trkpt lat="46.18759" lon="15.02329"><ele>987.75</ele><time>2000-01-01T07:01:56.000Z</time></trkpt><trkpt lat="46.18753" lon="15.02327"><ele>988.5</ele><time>2000-01-01T07:02:06.000Z</time></trkpt><trkpt lat="46.18746" lon="15.02327"><ele>989.25</ele><time>2000-01-01T07:02:16.000Z</time></trkpt><trkpt lat="46.1874" lon="15.02325"><ele>990</ele><time>2000-01-01T07:02:26.000Z</time></trkpt><trkpt lat="46.18738" lon="15.02323"><ele>991.8</ele><time>2000-01-01T07:02:36.000Z</time></trkpt><trkpt lat="46.18733" lon="15.02318"><ele>993.6</ele><time>2000-01-01T07:02:46.000Z</time></trkpt><trkpt lat="46.18725" lon="15.02314"><ele>995.4</ele><time>2000-01-01T07:02:56.000Z</time></trkpt><trkpt lat="46.18721" lon="15.0231"><ele>997.2</ele><time>2000-01-01T07:03:06.000Z</time></trkpt><trkpt lat="46.18716" lon="15.02307"><ele>999</ele><time>2000-01-01T07:03:16.000Z</time></trkpt><trkpt lat="46.18706" lon="15.02301"><ele>999</ele><time>2000-01-01T07:03:26.000Z</time></trkpt><trkpt lat="46.18704" lon="15.02299"><ele>999</ele><time>2000-01-01T07:03:36.000Z</time></trkpt><trkpt lat="46.18702" lon="15.02296"><ele>999</ele><time>2000-01-01T07:03:46.000Z</time></trkpt><trkpt lat="46.18699" lon="15.0229"><ele>999</ele><time>2000-01-01T07:03:56.000Z</time></trkpt><trkpt lat="46.18698" lon="15.02285"><ele>999</ele><time>2000-01-01T07:04:06.000Z</time></trkpt><trkpt lat="46.18695" lon="15.02279"><ele>999</ele><time>2000-01-01T07:04:16.000Z</time></trkpt><trkpt lat="46.18694" lon="15.02268"><ele>999</ele><time>2000-01-01T07:04:26.000Z</time></trkpt><trkpt lat="46.18695" lon="15.02249"><ele>999</ele><time>2000-01-01T07:04:36.000Z</time></trkpt><trkpt lat="46.18699" lon="15.02228"><ele>999</ele><time>2000-01-01T07:04:46.000Z</time></trkpt><trkpt lat="46.18701" lon="15.02214"><ele>999.67</ele><time>2000-01-01T07:04:56.000Z</time></trkpt><trkpt lat="46.187" lon="15.02202"><ele>1000.33</ele><time>2000-01-01T07:05:06.000Z</time></trkpt><trkpt lat="46.18699" lon="15.02189"><ele>1001</ele><time>2000-01-01T07:05:16.000Z</time></trkpt><trkpt lat="46.18698" lon="15.02184"><ele>1001.5</ele><time>2000-01-01T07:05:26.000Z</time></trkpt><trkpt lat="46.18698" lon="15.02178"><ele>1002</ele><time>2000-01-01T07:05:36.000Z</time></trkpt><trkpt lat="46.18696" lon="15.02173"><ele>1002.5</ele><time>2000-01-01T07:05:46.000Z</time></trkpt><trkpt lat="46.18696" lon="15.02169"><ele>1003</ele><time>2000-01-01T07:05:56.000Z</time></trkpt><trkpt lat="46.18694" lon="15.02157"><ele>1003.5</ele><time>2000-01-01T07:06:06.000Z</time></trkpt><trkpt lat="46.18691" lon="15.02154"><ele>1004</ele><time>2000-01-01T07:06:16.000Z</time></trkpt><trkpt lat="46.1869" lon="15.02152"><ele>1005.5</ele><time>2000-01-01T07:06:26.000Z</time></trkpt><trkpt lat="46.18688" lon="15.02143"><ele>1007</ele><time>2000-01-01T07:06:36.000Z</time></trkpt><trkpt lat="46.18688" lon="15.02139"><ele>1008.5</ele><time>2000-01-01T07:06:46.000Z</time></trkpt><trkpt lat="46.18687" lon="15.02131"><ele>1010</ele><time>2000-01-01T07:06:56.000Z</time></trkpt><trkpt lat="46.18688" lon="15.02125"><ele>1011.5</ele><time>2000-01-01T07:07:06.000Z</time></trkpt><trkpt lat="46.18687" lon="15.02117"><ele>1013</ele><time>2000-01-01T07:07:16.000Z</time></trkpt><trkpt lat="46.18686" lon="15.02114"><ele>1013.86</ele><time>2000-01-01T07:07:26.000Z</time></trkpt><trkpt lat="46.18684" lon="15.02112"><ele>1014.71</ele><time>2000-01-01T07:07:36.000Z</time></trkpt><trkpt lat="46.18684" lon="15.02106"><ele>1015.57</ele><time>2000-01-01T07:07:46.000Z</time></trkpt><trkpt lat="46.18682" lon="15.02099"><ele>1016.43</ele><time>2000-01-01T07:07:56.000Z</time></trkpt><trkpt lat="46.18681" lon="15.02097"><ele>1017.29</ele><time>2000-01-01T07:08:06.000Z</time></trkpt><trkpt lat="46.18675" lon="15.02089"><ele>1018.14</ele><time>2000-01-01T07:08:16.000Z</time></trkpt><trkpt lat="46.18675" lon="15.02086"><ele>1019</ele><time>2000-01-01T07:08:26.000Z</time></trkpt><trkpt lat="46.18669" lon="15.02077"><ele>1021.75</ele><time>2000-01-01T07:08:36.000Z</time></trkpt><trkpt lat="46.18666" lon="15.02068"><ele>1024.5</ele><time>2000-01-01T07:08:46.000Z</time></trkpt><trkpt lat="46.18663" lon="15.02064"><ele>1027.25</ele><time>2000-01-01T07:08:56.000Z</time></trkpt><trkpt lat="46.18661" lon="15.02052"><ele>1030</ele><time>2000-01-01T07:09:06.000Z</time></trkpt><trkpt lat="46.1866" lon="15.02046"><ele>1031</ele><time>2000-01-01T07:09:16.000Z</time></trkpt><trkpt lat="46.18655" lon="15.02037"><ele>1032</ele><time>2000-01-01T07:09:26.000Z</time></trkpt><trkpt lat="46.18654" lon="15.02034"><ele>1033</ele><time>2000-01-01T07:09:36.000Z</time></trkpt><trkpt lat="46.18654" lon="15.02031"><ele>1034</ele><time>2000-01-01T07:09:46.000Z</time></trkpt><trkpt lat="46.1865" lon="15.02021"><ele>1035</ele><time>2000-01-01T07:09:56.000Z</time></trkpt><trkpt lat="46.18642" lon="15.02011"><ele>1036</ele><time>2000-01-01T07:10:06.000Z</time></trkpt><trkpt lat="46.18629" lon="15.01983"><ele>1037.5</ele><time>2000-01-01T07:10:16.000Z</time></trkpt><trkpt lat="46.18597" lon="15.0194"><ele>1039</ele><time>2000-01-01T07:10:26.000Z</time></trkpt><trkpt lat="46.18575" lon="15.01911"><ele>1039</ele><time>2000-01-01T07:10:36.000Z</time></trkpt><trkpt lat="46.18575" lon="15.01907"><ele>1039.33</ele><time>2000-01-01T07:10:46.000Z</time></trkpt><trkpt lat="46.18574" lon="15.01905"><ele>1039.67</ele><time>2000-01-01T07:10:56.000Z</time></trkpt><trkpt lat="46.18575" lon="15.01904"><ele>1040</ele><time>2000-01-01T07:11:06.000Z</time></trkpt><trkpt lat="46.18574" lon="15.01903"><ele>1040.33</ele><time>2000-01-01T07:11:16.000Z</time></trkpt><trkpt lat="46.18573" lon="15.01896"><ele>1040.67</ele><time>2000-01-01T07:11:26.000Z</time></trkpt><trkpt lat="46.18568" lon="15.01891"><ele>1041</ele><time>2000-01-01T07:11:36.000Z</time></trkpt><trkpt lat="46.18569" lon="15.01888"><ele>1041.33</ele><time>2000-01-01T07:11:46.000Z</time></trkpt><trkpt lat="46.18566" lon="15.01884"><ele>1041.67</ele><time>2000-01-01T07:11:56.000Z</time></trkpt><trkpt lat="46.18557" lon="15.01871"><ele>1042</ele><time>2000-01-01T07:12:06.000Z</time></trkpt><trkpt lat="46.18545" lon="15.01858"><ele>1042.75</ele><time>2000-01-01T07:12:16.000Z</time></trkpt><trkpt lat="46.18538" lon="15.01857"><ele>1043.5</ele><time>2000-01-01T07:12:26.000Z</time></trkpt><trkpt lat="46.18536" lon="15.01856"><ele>1044.25</ele><time>2000-01-01T07:12:36.000Z</time></trkpt><trkpt lat="46.18535" lon="15.01854"><ele>1045</ele><time>2000-01-01T07:12:46.000Z</time></trkpt><trkpt lat="46.18535" lon="15.0185"><ele>1043.83</ele><time>2000-01-01T07:12:56.000Z</time></trkpt><trkpt lat="46.18531" lon="15.01849"><ele>1042.67</ele><time>2000-01-01T07:13:06.000Z</time></trkpt><trkpt lat="46.18525" lon="15.01845"><ele>1041.5</ele><time>2000-01-01T07:13:16.000Z</time></trkpt><trkpt lat="46.18523" lon="15.01836"><ele>1040.33</ele><time>2000-01-01T07:13:26.000Z</time></trkpt><trkpt lat="46.18521" lon="15.01834"><ele>1039.17</ele><time>2000-01-01T07:13:36.000Z</time></trkpt><trkpt lat="46.18519" lon="15.01828"><ele>1038</ele><time>2000-01-01T07:13:46.000Z</time></trkpt><trkpt lat="46.18514" lon="15.01816"><ele>1036.83</ele><time>2000-01-01T07:13:56.000Z</time></trkpt><trkpt lat="46.18514" lon="15.01813"><ele>1035.67</ele><time>2000-01-01T07:14:06.000Z</time></trkpt><trkpt lat="46.18514" lon="15.0181"><ele>1034.5</ele><time>2000-01-01T07:14:16.000Z</time></trkpt><trkpt lat="46.18511" lon="15.01809"><ele>1033.33</ele><time>2000-01-01T07:14:26.000Z</time></trkpt><trkpt lat="46.18508" lon="15.01802"><ele>1032.17</ele><time>2000-01-01T07:14:36.000Z</time></trkpt><trkpt lat="46.18505" lon="15.018"><ele>1031</ele><time>2000-01-01T07:14:46.000Z</time></trkpt><trkpt lat="46.18504" lon="15.01795"><ele>1031.67</ele><time>2000-01-01T07:14:56.000Z</time></trkpt><trkpt lat="46.18503" lon="15.01791"><ele>1032.33</ele><time>2000-01-01T07:15:06.000Z</time></trkpt><trkpt lat="46.18499" lon="15.01786"><ele>1033</ele><time>2000-01-01T07:15:16.000Z</time></trkpt><trkpt lat="46.18496" lon="15.0178"><ele>1033.67</ele><time>2000-01-01T07:15:26.000Z</time></trkpt><trkpt lat="46.18493" lon="15.01775"><ele>1034.33</ele><time>2000-01-01T07:15:36.000Z</time></trkpt><trkpt lat="46.1849" lon="15.01769"><ele>1035</ele><time>2000-01-01T07:15:46.000Z</time></trkpt><trkpt lat="46.18486" lon="15.01769"><ele>1035.83</ele><time>2000-01-01T07:15:56.000Z</time></trkpt><trkpt lat="46.18482" lon="15.01766"><ele>1036.67</ele><time>2000-01-01T07:16:06.000Z</time></trkpt><trkpt lat="46.18481" lon="15.01761"><ele>1037.5</ele><time>2000-01-01T07:16:16.000Z</time></trkpt><trkpt lat="46.18482" lon="15.01761"><ele>1038.33</ele><time>2000-01-01T07:16:26.000Z</time></trkpt><trkpt lat="46.1848" lon="15.01753"><ele>1039.17</ele><time>2000-01-01T07:16:36.000Z</time></trkpt><trkpt lat="46.18475" lon="15.01741"><ele>1040</ele><time>2000-01-01T07:16:46.000Z</time></trkpt><trkpt lat="46.18463" lon="15.01723"><ele>1041</ele><time>2000-01-01T07:16:56.000Z</time></trkpt><trkpt lat="46.18452" lon="15.01673"><ele>1042</ele><time>2000-01-01T07:17:06.000Z</time></trkpt><trkpt lat="46.18452" lon="15.01634"><ele>1044</ele><time>2000-01-01T07:17:16.000Z</time></trkpt><trkpt lat="46.18452" lon="15.01581"><ele>1044</ele><time>2000-01-01T07:17:26.000Z</time></trkpt><trkpt lat="46.18451" lon="15.01545"><ele>1036</ele><time>2000-01-01T07:17:36.000Z</time></trkpt><trkpt lat="46.18451" lon="15.01503"><ele>1036</ele><time>2000-01-01T07:17:46.000Z</time></trkpt><trkpt lat="46.18455" lon="15.0144"><ele>1036</ele><time>2000-01-01T07:17:56.000Z</time></trkpt><trkpt lat="46.1845" lon="15.0142"><ele>1036.5</ele><time>2000-01-01T07:18:06.000Z</time></trkpt><trkpt lat="46.18432" lon="15.01365"><ele>1037</ele><time>2000-01-01T07:18:16.000Z</time></trkpt><trkpt lat="46.18418" lon="15.01341"><ele>1050</ele><time>2000-01-01T07:18:26.000Z</time></trkpt><trkpt lat="46.18393" lon="15.01335"><ele>1063</ele><time>2000-01-01T07:18:36.000Z</time></trkpt><trkpt lat="46.18379" lon="15.01338"><ele>1063</ele><time>2000-01-01T07:18:46.000Z</time></trkpt><trkpt lat="46.18373" lon="15.01338"><ele>1063</ele><time>2000-01-01T07:18:56.000Z</time></trkpt><trkpt lat="46.18367" lon="15.0134"><ele>1063</ele><time>2000-01-01T07:19:06.000Z</time></trkpt><trkpt lat="46.18365" lon="15.0134"><ele>1063</ele><time>2000-01-01T07:19:16.000Z</time></trkpt><trkpt lat="46.18357" lon="15.01344"><ele>1063</ele><time>2000-01-01T07:19:26.000Z</time></trkpt><trkpt lat="46.18349" lon="15.01347"><ele>1063</ele><time>2000-01-01T07:19:36.000Z</time></trkpt><trkpt lat="46.18348" lon="15.01348"><ele>1063</ele><time>2000-01-01T07:19:46.000Z</time></trkpt><trkpt lat="46.18344" lon="15.01353"><ele>1063</ele><time>2000-01-01T07:19:56.000Z</time></trkpt><trkpt lat="46.18342" lon="15.01355"><ele>1063</ele><time>2000-01-01T07:20:06.000Z</time></trkpt><trkpt lat="46.18338" lon="15.01359"><ele>1063</ele><time>2000-01-01T07:20:16.000Z</time></trkpt><trkpt lat="46.18334" lon="15.0136"><ele>1063</ele><time>2000-01-01T07:20:26.000Z</time></trkpt><trkpt lat="46.18329" lon="15.01365"><ele>1063</ele><time>2000-01-01T07:20:36.000Z</time></trkpt><trkpt lat="46.18328" lon="15.01365"><ele>1063</ele><time>2000-01-01T07:20:46.000Z</time></trkpt><trkpt lat="46.18322" lon="15.01368"><ele>1063</ele><time>2000-01-01T07:20:56.000Z</time></trkpt><trkpt lat="46.18321" lon="15.01367"><ele>1063</ele><time>2000-01-01T07:21:06.000Z</time></trkpt><trkpt lat="46.18317" lon="15.0137"><ele>1063.5</ele><time>2000-01-01T07:21:16.000Z</time></trkpt><trkpt lat="46.18311" lon="15.01374"><ele>1064</ele><time>2000-01-01T07:21:26.000Z</time></trkpt><trkpt lat="46.18305" lon="15.01378"><ele>1064.5</ele><time>2000-01-01T07:21:36.000Z</time></trkpt><trkpt lat="46.18297" lon="15.0138"><ele>1065</ele><time>2000-01-01T07:21:46.000Z</time></trkpt><trkpt lat="46.18289" lon="15.01385"><ele>1065.5</ele><time>2000-01-01T07:21:56.000Z</time></trkpt><trkpt lat="46.18281" lon="15.01387"><ele>1066</ele><time>2000-01-01T07:22:06.000Z</time></trkpt><trkpt lat="46.18275" lon="15.0139"><ele>1066.5</ele><time>2000-01-01T07:22:16.000Z</time></trkpt><trkpt lat="46.18272" lon="15.01393"><ele>1067</ele><time>2000-01-01T07:22:26.000Z</time></trkpt><trkpt lat="46.18272" lon="15.01395"><ele>1067.14</ele><time>2000-01-01T07:22:36.000Z</time></trkpt><trkpt lat="46.18274" lon="15.014"><ele>1067.29</ele><time>2000-01-01T07:22:46.000Z</time></trkpt><trkpt lat="46.1827" lon="15.01401"><ele>1067.43</ele><time>2000-01-01T07:22:56.000Z</time></trkpt><trkpt lat="46.18265" lon="15.01402"><ele>1067.57</ele><time>2000-01-01T07:23:06.000Z</time></trkpt><trkpt lat="46.18263" lon="15.01401"><ele>1067.71</ele><time>2000-01-01T07:23:16.000Z</time></trkpt><trkpt lat="46.18257" lon="15.01402"><ele>1067.86</ele><time>2000-01-01T07:23:26.000Z</time></trkpt><trkpt lat="46.18246" lon="15.01405"><ele>1068</ele><time>2000-01-01T07:23:36.000Z</time></trkpt><trkpt lat="46.18227" lon="15.01404"><ele>1070</ele><time>2000-01-01T07:23:46.000Z</time></trkpt><trkpt lat="46.18214" lon="15.01405"><ele>1072</ele><time>2000-01-01T07:23:56.000Z</time></trkpt><trkpt lat="46.18203" lon="15.01414"><ele>1072.17</ele><time>2000-01-01T07:24:06.000Z</time></trkpt><trkpt lat="46.18198" lon="15.01414"><ele>1072.33</ele><time>2000-01-01T07:24:16.000Z</time></trkpt><trkpt lat="46.18194" lon="15.01415"><ele>1072.5</ele><time>2000-01-01T07:24:26.000Z</time></trkpt><trkpt lat="46.18193" lon="15.01415"><ele>1072.67</ele><time>2000-01-01T07:24:36.000Z</time></trkpt><trkpt lat="46.18191" lon="15.01416"><ele>1072.83</ele><time>2000-01-01T07:24:46.000Z</time></trkpt><trkpt lat="46.18191" lon="15.01415"><ele>1073</ele><time>2000-01-01T07:24:56.000Z</time></trkpt><trkpt lat="46.1818" lon="15.01412"><ele>1073.25</ele><time>2000-01-01T07:25:06.000Z</time></trkpt><trkpt lat="46.18176" lon="15.01416"><ele>1073.5</ele><time>2000-01-01T07:25:16.000Z</time></trkpt><trkpt lat="46.1817" lon="15.01417"><ele>1073.75</ele><time>2000-01-01T07:25:26.000Z</time></trkpt><trkpt lat="46.18165" lon="15.01422"><ele>1074</ele><time>2000-01-01T07:25:36.000Z</time></trkpt><trkpt lat="46.18159" lon="15.01426"><ele>1073.75</ele><time>2000-01-01T07:25:46.000Z</time></trkpt><trkpt lat="46.18148" lon="15.01428"><ele>1073.5</ele><time>2000-01-01T07:25:56.000Z</time></trkpt><trkpt lat="46.18148" lon="15.01429"><ele>1073.25</ele><time>2000-01-01T07:26:06.000Z</time></trkpt><trkpt lat="46.18138" lon="15.01434"><ele>1073</ele><time>2000-01-01T07:26:16.000Z</time></trkpt><trkpt lat="46.18139" lon="15.01432"><ele>1073</ele><time>2000-01-01T07:26:26.000Z</time></trkpt><trkpt lat="46.18139" lon="15.01434"><ele>1073</ele><time>2000-01-01T07:26:36.000Z</time></trkpt><trkpt lat="46.18133" lon="15.01443"><ele>1073</ele><time>2000-01-01T07:26:46.000Z</time></trkpt><trkpt lat="46.18132" lon="15.01447"><ele>1073</ele><time>2000-01-01T07:26:56.000Z</time></trkpt><trkpt lat="46.18131" lon="15.0145"><ele>1073</ele><time>2000-01-01T07:27:06.000Z</time></trkpt><trkpt lat="46.18128" lon="15.01453"><ele>1073</ele><time>2000-01-01T07:27:16.000Z</time></trkpt><trkpt lat="46.18125" lon="15.0146"><ele>1073</ele><time>2000-01-01T07:27:26.000Z</time></trkpt><trkpt lat="46.18121" lon="15.01462"><ele>1073</ele><time>2000-01-01T07:27:36.000Z</time></trkpt><trkpt lat="46.18118" lon="15.01465"><ele>1073</ele><time>2000-01-01T07:27:46.000Z</time></trkpt><trkpt lat="46.18117" lon="15.01481"><ele>1073</ele><time>2000-01-01T07:27:56.000Z</time></trkpt><trkpt lat="46.18116" lon="15.01487"><ele>1073</ele><time>2000-01-01T07:28:06.000Z</time></trkpt><trkpt lat="46.18112" lon="15.01493"><ele>1073</ele><time>2000-01-01T07:28:16.000Z</time></trkpt><trkpt lat="46.18111" lon="15.01499"><ele>1071.25</ele><time>2000-01-01T07:28:26.000Z</time></trkpt><trkpt lat="46.18107" lon="15.01505"><ele>1069.5</ele><time>2000-01-01T07:28:36.000Z</time></trkpt><trkpt lat="46.18105" lon="15.01513"><ele>1067.75</ele><time>2000-01-01T07:28:46.000Z</time></trkpt><trkpt lat="46.18098" lon="15.01526"><ele>1066</ele><time>2000-01-01T07:28:56.000Z</time></trkpt><trkpt lat="46.18098" lon="15.01529"><ele>1065.14</ele><time>2000-01-01T07:29:06.000Z</time></trkpt><trkpt lat="46.18096" lon="15.01539"><ele>1064.29</ele><time>2000-01-01T07:29:16.000Z</time></trkpt><trkpt lat="46.18094" lon="15.0154"><ele>1063.43</ele><time>2000-01-01T07:29:26.000Z</time></trkpt><trkpt lat="46.18091" lon="15.01544"><ele>1062.57</ele><time>2000-01-01T07:29:36.000Z</time></trkpt><trkpt lat="46.18088" lon="15.01548"><ele>1061.71</ele><time>2000-01-01T07:29:46.000Z</time></trkpt><trkpt lat="46.18084" lon="15.01551"><ele>1060.86</ele><time>2000-01-01T07:29:56.000Z</time></trkpt><trkpt lat="46.18073" lon="15.01562"><ele>1060</ele><time>2000-01-01T07:30:06.000Z</time></trkpt><trkpt lat="46.18071" lon="15.01563"><ele>1059.63</ele><time>2000-01-01T07:30:16.000Z</time></trkpt><trkpt lat="46.1807" lon="15.01568"><ele>1059.25</ele><time>2000-01-01T07:30:26.000Z</time></trkpt><trkpt lat="46.18067" lon="15.01571"><ele>1058.88</ele><time>2000-01-01T07:30:36.000Z</time></trkpt><trkpt lat="46.18067" lon="15.01573"><ele>1058.5</ele><time>2000-01-01T07:30:46.000Z</time></trkpt><trkpt lat="46.18061" lon="15.01585"><ele>1058.13</ele><time>2000-01-01T07:30:56.000Z</time></trkpt><trkpt lat="46.1806" lon="15.01585"><ele>1057.75</ele><time>2000-01-01T07:31:06.000Z</time></trkpt><trkpt lat="46.1806" lon="15.01589"><ele>1057.38</ele><time>2000-01-01T07:31:16.000Z</time></trkpt><trkpt lat="46.18061" lon="15.01589"><ele>1057</ele><time>2000-01-01T07:31:26.000Z</time></trkpt><trkpt lat="46.1806" lon="15.01593"><ele>1055.43</ele><time>2000-01-01T07:31:36.000Z</time></trkpt><trkpt lat="46.1806" lon="15.01598"><ele>1053.86</ele><time>2000-01-01T07:31:46.000Z</time></trkpt><trkpt lat="46.1806" lon="15.01603"><ele>1052.29</ele><time>2000-01-01T07:31:56.000Z</time></trkpt><trkpt lat="46.1806" lon="15.01604"><ele>1050.71</ele><time>2000-01-01T07:32:06.000Z</time></trkpt><trkpt lat="46.18053" lon="15.01609"><ele>1049.14</ele><time>2000-01-01T07:32:16.000Z</time></trkpt><trkpt lat="46.18051" lon="15.01616"><ele>1047.57</ele><time>2000-01-01T07:32:26.000Z</time></trkpt><trkpt lat="46.18048" lon="15.01621"><ele>1046</ele><time>2000-01-01T07:32:36.000Z</time></trkpt><trkpt lat="46.18042" lon="15.01631"><ele>1042.75</ele><time>2000-01-01T07:32:46.000Z</time></trkpt><trkpt lat="46.1804" lon="15.01634"><ele>1039.5</ele><time>2000-01-01T07:32:56.000Z</time></trkpt><trkpt lat="46.1804" lon="15.01643"><ele>1036.25</ele><time>2000-01-01T07:33:06.000Z</time></trkpt><trkpt lat="46.18032" lon="15.01664"><ele>1033</ele><time>2000-01-01T07:33:16.000Z</time></trkpt><trkpt lat="46.18031" lon="15.0167"><ele>1031</ele><time>2000-01-01T07:33:26.000Z</time></trkpt><trkpt lat="46.18027" lon="15.01682"><ele>1029</ele><time>2000-01-01T07:33:36.000Z</time></trkpt><trkpt lat="46.18021" lon="15.01694"><ele>1027</ele><time>2000-01-01T07:33:46.000Z</time></trkpt><trkpt lat="46.18012" lon="15.01716"><ele>1025</ele><time>2000-01-01T07:33:56.000Z</time></trkpt><trkpt lat="46.18005" lon="15.01723"><ele>1024.67</ele><time>2000-01-01T07:34:06.000Z</time></trkpt><trkpt lat="46.18" lon="15.0173"><ele>1024.33</ele><time>2000-01-01T07:34:16.000Z</time></trkpt><trkpt lat="46.18" lon="15.01732"><ele>1024</ele><time>2000-01-01T07:34:26.000Z</time></trkpt><trkpt lat="46.17999" lon="15.01733"><ele>1023.67</ele><time>2000-01-01T07:34:36.000Z</time></trkpt><trkpt lat="46.17998" lon="15.0174"><ele>1023.33</ele><time>2000-01-01T07:34:46.000Z</time></trkpt><trkpt lat="46.17998" lon="15.01743"><ele>1023</ele><time>2000-01-01T07:34:56.000Z</time></trkpt><trkpt lat="46.17999" lon="15.01744"><ele>1023.33</ele><time>2000-01-01T07:35:06.000Z</time></trkpt><trkpt lat="46.17999" lon="15.01752"><ele>1023.67</ele><time>2000-01-01T07:35:16.000Z</time></trkpt><trkpt lat="46.18002" lon="15.01757"><ele>1024</ele><time>2000-01-01T07:35:26.000Z</time></trkpt><trkpt lat="46.18001" lon="15.01762"><ele>1024.33</ele><time>2000-01-01T07:35:36.000Z</time></trkpt><trkpt lat="46.18004" lon="15.01768"><ele>1024.67</ele><time>2000-01-01T07:35:46.000Z</time></trkpt><trkpt lat="46.17999" lon="15.01777"><ele>1025</ele><time>2000-01-01T07:35:56.000Z</time></trkpt><trkpt lat="46.17999" lon="15.01782"><ele>1024.5</ele><time>2000-01-01T07:36:06.000Z</time></trkpt><trkpt lat="46.17999" lon="15.01784"><ele>1024</ele><time>2000-01-01T07:36:16.000Z</time></trkpt><trkpt lat="46.17999" lon="15.01792"><ele>1023.5</ele><time>2000-01-01T07:36:26.000Z</time></trkpt><trkpt lat="46.17999" lon="15.01803"><ele>1023</ele><time>2000-01-01T07:36:36.000Z</time></trkpt><trkpt lat="46.17998" lon="15.01809"><ele>1022.5</ele><time>2000-01-01T07:36:46.000Z</time></trkpt><trkpt lat="46.17998" lon="15.01813"><ele>1022</ele><time>2000-01-01T07:36:56.000Z</time></trkpt><trkpt lat="46.17997" lon="15.01826"><ele>1021</ele><time>2000-01-01T07:37:06.000Z</time></trkpt><trkpt lat="46.17994" lon="15.01831"><ele>1020</ele><time>2000-01-01T07:37:16.000Z</time></trkpt><trkpt lat="46.17983" lon="15.01845"><ele>1019</ele><time>2000-01-01T07:37:26.000Z</time></trkpt><trkpt lat="46.17981" lon="15.01849"><ele>1018</ele><time>2000-01-01T07:37:36.000Z</time></trkpt><trkpt lat="46.17973" lon="15.01859"><ele>1017</ele><time>2000-01-01T07:37:46.000Z</time></trkpt><trkpt lat="46.17973" lon="15.01868"><ele>1016</ele><time>2000-01-01T07:37:56.000Z</time></trkpt><trkpt lat="46.17969" lon="15.01874"><ele>1015</ele><time>2000-01-01T07:38:06.000Z</time></trkpt><trkpt lat="46.17967" lon="15.01881"><ele>1013.2</ele><time>2000-01-01T07:38:16.000Z</time></trkpt><trkpt lat="46.17965" lon="15.01886"><ele>1011.4</ele><time>2000-01-01T07:38:26.000Z</time></trkpt><trkpt lat="46.17969" lon="15.01895"><ele>1009.6</ele><time>2000-01-01T07:38:36.000Z</time></trkpt><trkpt lat="46.17969" lon="15.01898"><ele>1007.8</ele><time>2000-01-01T07:38:46.000Z</time></trkpt><trkpt lat="46.17965" lon="15.0192"><ele>1006</ele><time>2000-01-01T07:38:56.000Z</time></trkpt><trkpt lat="46.17964" lon="15.01944"><ele>1003</ele><time>2000-01-01T07:39:06.000Z</time></trkpt><trkpt lat="46.17962" lon="15.01961"><ele>1000</ele><time>2000-01-01T07:39:16.000Z</time></trkpt><trkpt lat="46.17954" lon="15.01983"><ele>997</ele><time>2000-01-01T07:39:26.000Z</time></trkpt><trkpt lat="46.17945" lon="15.02002"><ele>994</ele><time>2000-01-01T07:39:36.000Z</time></trkpt><trkpt lat="46.1793" lon="15.02022"><ele>988.5</ele><time>2000-01-01T07:39:46.000Z</time></trkpt><trkpt lat="46.17934" lon="15.02031"><ele>983</ele><time>2000-01-01T07:39:56.000Z</time></trkpt><trkpt lat="46.17931" lon="15.02034"><ele>981.8</ele><time>2000-01-01T07:40:06.000Z</time></trkpt><trkpt lat="46.17928" lon="15.02038"><ele>980.6</ele><time>2000-01-01T07:40:16.000Z</time></trkpt><trkpt lat="46.17926" lon="15.02043"><ele>979.4</ele><time>2000-01-01T07:40:26.000Z</time></trkpt><trkpt lat="46.1792" lon="15.02053"><ele>978.2</ele><time>2000-01-01T07:40:36.000Z</time></trkpt><trkpt lat="46.17909" lon="15.02066"><ele>977</ele><time>2000-01-01T07:40:46.000Z</time></trkpt><trkpt lat="46.17905" lon="15.02069"><ele>976.25</ele><time>2000-01-01T07:40:56.000Z</time></trkpt><trkpt lat="46.17899" lon="15.02078"><ele>975.5</ele><time>2000-01-01T07:41:06.000Z</time></trkpt><trkpt lat="46.17892" lon="15.02088"><ele>974.75</ele><time>2000-01-01T07:41:16.000Z</time></trkpt><trkpt lat="46.1788" lon="15.02099"><ele>974</ele><time>2000-01-01T07:41:26.000Z</time></trkpt><trkpt lat="46.17875" lon="15.02104"><ele>973.5</ele><time>2000-01-01T07:41:36.000Z</time></trkpt><trkpt lat="46.17872" lon="15.02107"><ele>973</ele><time>2000-01-01T07:41:46.000Z</time></trkpt><trkpt lat="46.17864" lon="15.02108"><ele>972.5</ele><time>2000-01-01T07:41:56.000Z</time></trkpt><trkpt lat="46.17856" lon="15.02116"><ele>972</ele><time>2000-01-01T07:42:06.000Z</time></trkpt><trkpt lat="46.17851" lon="15.02117"><ele>972</ele><time>2000-01-01T07:42:16.000Z</time></trkpt><trkpt lat="46.17844" lon="15.02115"><ele>972</ele><time>2000-01-01T07:42:26.000Z</time></trkpt><trkpt lat="46.17841" lon="15.02116"><ele>972</ele><time>2000-01-01T07:42:36.000Z</time></trkpt><trkpt lat="46.17841" lon="15.02118"><ele>972</ele><time>2000-01-01T07:42:46.000Z</time></trkpt><trkpt lat="46.17841" lon="15.02121"><ele>972</ele><time>2000-01-01T07:42:56.000Z</time></trkpt><trkpt lat="46.17844" lon="15.02126"><ele>972</ele><time>2000-01-01T07:43:06.000Z</time></trkpt><trkpt lat="46.17844" lon="15.02129"><ele>972</ele><time>2000-01-01T07:43:16.000Z</time></trkpt><trkpt lat="46.17844" lon="15.02139"><ele>972</ele><time>2000-01-01T07:43:26.000Z</time></trkpt><trkpt lat="46.17843" lon="15.02141"><ele>972</ele><time>2000-01-01T07:43:36.000Z</time></trkpt><trkpt lat="46.17841" lon="15.0215"><ele>972</ele><time>2000-01-01T07:43:46.000Z</time></trkpt><trkpt lat="46.17835" lon="15.02159"><ele>972</ele><time>2000-01-01T07:43:56.000Z</time></trkpt><trkpt lat="46.17833" lon="15.02161"><ele>972</ele><time>2000-01-01T07:44:06.000Z</time></trkpt><trkpt lat="46.17831" lon="15.02161"><ele>972.6</ele><time>2000-01-01T07:44:16.000Z</time></trkpt><trkpt lat="46.17823" lon="15.02157"><ele>973.2</ele><time>2000-01-01T07:44:26.000Z</time></trkpt><trkpt lat="46.17821" lon="15.02157"><ele>973.8</ele><time>2000-01-01T07:44:36.000Z</time></trkpt><trkpt lat="46.17817" lon="15.02158"><ele>974.4</ele><time>2000-01-01T07:44:46.000Z</time></trkpt><trkpt lat="46.17807" lon="15.02155"><ele>975</ele><time>2000-01-01T07:44:56.000Z</time></trkpt><trkpt lat="46.178" lon="15.02154"><ele>975.83</ele><time>2000-01-01T07:45:06.000Z</time></trkpt><trkpt lat="46.17797" lon="15.02159"><ele>976.67</ele><time>2000-01-01T07:45:16.000Z</time></trkpt><trkpt lat="46.17793" lon="15.02162"><ele>977.5</ele><time>2000-01-01T07:45:26.000Z</time></trkpt><trkpt lat="46.17793" lon="15.02164"><ele>978.33</ele><time>2000-01-01T07:45:36.000Z</time></trkpt><trkpt lat="46.17787" lon="15.02172"><ele>979.17</ele><time>2000-01-01T07:45:46.000Z</time></trkpt><trkpt lat="46.17785" lon="15.02173"><ele>980</ele><time>2000-01-01T07:45:56.000Z</time></trkpt><trkpt lat="46.17784" lon="15.02174"><ele>980.5</ele><time>2000-01-01T07:46:06.000Z</time></trkpt><trkpt lat="46.17781" lon="15.02174"><ele>981</ele><time>2000-01-01T07:46:16.000Z</time></trkpt><trkpt lat="46.17773" lon="15.02178"><ele>981.5</ele><time>2000-01-01T07:46:26.000Z</time></trkpt><trkpt lat="46.17761" lon="15.02186"><ele>982</ele><time>2000-01-01T07:46:36.000Z</time></trkpt><trkpt lat="46.17747" lon="15.02189"><ele>982.6</ele><time>2000-01-01T07:46:46.000Z</time></trkpt><trkpt lat="46.17745" lon="15.0219"><ele>983.2</ele><time>2000-01-01T07:46:56.000Z</time></trkpt><trkpt lat="46.17742" lon="15.02192"><ele>983.8</ele><time>2000-01-01T07:47:06.000Z</time></trkpt><trkpt lat="46.17738" lon="15.02198"><ele>984.4</ele><time>2000-01-01T07:47:16.000Z</time></trkpt><trkpt lat="46.17736" lon="15.02203"><ele>985</ele><time>2000-01-01T07:47:26.000Z</time></trkpt><trkpt lat="46.17734" lon="15.02206"><ele>985.17</ele><time>2000-01-01T07:47:36.000Z</time></trkpt><trkpt lat="46.17727" lon="15.02211"><ele>985.33</ele><time>2000-01-01T07:47:46.000Z</time></trkpt><trkpt lat="46.17725" lon="15.02214"><ele>985.5</ele><time>2000-01-01T07:47:56.000Z</time></trkpt><trkpt lat="46.17723" lon="15.0222"><ele>985.67</ele><time>2000-01-01T07:48:06.000Z</time></trkpt><trkpt lat="46.17719" lon="15.02228"><ele>985.83</ele><time>2000-01-01T07:48:16.000Z</time></trkpt><trkpt lat="46.1771" lon="15.02235"><ele>986</ele><time>2000-01-01T07:48:26.000Z</time></trkpt><trkpt lat="46.17708" lon="15.02235"><ele>984.5</ele><time>2000-01-01T07:48:36.000Z</time></trkpt><trkpt lat="46.17697" lon="15.02235"><ele>983</ele><time>2000-01-01T07:48:46.000Z</time></trkpt><trkpt lat="46.17688" lon="15.02237"><ele>981.5</ele><time>2000-01-01T07:48:56.000Z</time></trkpt><trkpt lat="46.17684" lon="15.0224"><ele>980</ele><time>2000-01-01T07:49:06.000Z</time></trkpt><trkpt lat="46.17674" lon="15.02249"><ele>978</ele><time>2000-01-01T07:49:16.000Z</time></trkpt><trkpt lat="46.17665" lon="15.02255"><ele>976</ele><time>2000-01-01T07:49:26.000Z</time></trkpt><trkpt lat="46.17657" lon="15.02261"><ele>974</ele><time>2000-01-01T07:49:36.000Z</time></trkpt><trkpt lat="46.17652" lon="15.02263"><ele>974</ele><time>2000-01-01T07:49:46.000Z</time></trkpt><trkpt lat="46.1765" lon="15.02263"><ele>974</ele><time>2000-01-01T07:49:56.000Z</time></trkpt><trkpt lat="46.1764" lon="15.02261"><ele>974</ele><time>2000-01-01T07:50:06.000Z</time></trkpt><trkpt lat="46.17637" lon="15.02258"><ele>974</ele><time>2000-01-01T07:50:16.000Z</time></trkpt><trkpt lat="46.17633" lon="15.0226"><ele>974</ele><time>2000-01-01T07:50:26.000Z</time></trkpt><trkpt lat="46.17631" lon="15.02262"><ele>973.83</ele><time>2000-01-01T07:50:36.000Z</time></trkpt><trkpt lat="46.17629" lon="15.02265"><ele>973.67</ele><time>2000-01-01T07:50:46.000Z</time></trkpt><trkpt lat="46.17628" lon="15.02269"><ele>973.5</ele><time>2000-01-01T07:50:56.000Z</time></trkpt><trkpt lat="46.17624" lon="15.02274"><ele>973.33</ele><time>2000-01-01T07:51:06.000Z</time></trkpt><trkpt lat="46.17618" lon="15.02277"><ele>973.17</ele><time>2000-01-01T07:51:16.000Z</time></trkpt><trkpt lat="46.17605" lon="15.02285"><ele>973</ele><time>2000-01-01T07:51:26.000Z</time></trkpt><trkpt lat="46.176" lon="15.02287"><ele>971</ele><time>2000-01-01T07:51:36.000Z</time></trkpt><trkpt lat="46.17595" lon="15.02286"><ele>969</ele><time>2000-01-01T07:51:46.000Z</time></trkpt><trkpt lat="46.17582" lon="15.02289"><ele>967</ele><time>2000-01-01T07:51:56.000Z</time></trkpt><trkpt lat="46.17574" lon="15.02288"><ele>965</ele><time>2000-01-01T07:52:06.000Z</time></trkpt><trkpt lat="46.17569" lon="15.02284"><ele>964.17</ele><time>2000-01-01T07:52:16.000Z</time></trkpt><trkpt lat="46.17564" lon="15.02282"><ele>963.33</ele><time>2000-01-01T07:52:26.000Z</time></trkpt><trkpt lat="46.17559" lon="15.02279"><ele>962.5</ele><time>2000-01-01T07:52:36.000Z</time></trkpt><trkpt lat="46.17557" lon="15.02276"><ele>961.67</ele><time>2000-01-01T07:52:46.000Z</time></trkpt><trkpt lat="46.17557" lon="15.02269"><ele>960.83</ele><time>2000-01-01T07:52:56.000Z</time></trkpt><trkpt lat="46.17557" lon="15.02266"><ele>960</ele><time>2000-01-01T07:53:06.000Z</time></trkpt><trkpt lat="46.17559" lon="15.02263"><ele>960</ele><time>2000-01-01T07:53:16.000Z</time></trkpt><trkpt lat="46.17562" lon="15.02259"><ele>960</ele><time>2000-01-01T07:53:26.000Z</time></trkpt><trkpt lat="46.17572" lon="15.0225"><ele>960</ele><time>2000-01-01T07:53:36.000Z</time></trkpt><trkpt lat="46.17575" lon="15.02246"><ele>960</ele><time>2000-01-01T07:53:46.000Z</time></trkpt><trkpt lat="46.17584" lon="15.02242"><ele>960</ele><time>2000-01-01T07:53:56.000Z</time></trkpt><trkpt lat="46.17597" lon="15.02232"><ele>959</ele><time>2000-01-01T07:54:06.000Z</time></trkpt><trkpt lat="46.17601" lon="15.02231"><ele>958</ele><time>2000-01-01T07:54:16.000Z</time></trkpt><trkpt lat="46.17619" lon="15.02217"><ele>957</ele><time>2000-01-01T07:54:26.000Z</time></trkpt><trkpt lat="46.1763" lon="15.02207"><ele>957</ele><time>2000-01-01T07:54:36.000Z</time></trkpt><trkpt lat="46.17641" lon="15.022"><ele>957</ele><time>2000-01-01T07:54:46.000Z</time></trkpt><trkpt lat="46.17649" lon="15.02193"><ele>957</ele><time>2000-01-01T07:54:56.000Z</time></trkpt><trkpt lat="46.17657" lon="15.02189"><ele>957</ele><time>2000-01-01T07:55:06.000Z</time></trkpt><trkpt lat="46.17662" lon="15.02183"><ele>957</ele><time>2000-01-01T07:55:16.000Z</time></trkpt><trkpt lat="46.1767" lon="15.02176"><ele>957</ele><time>2000-01-01T07:55:26.000Z</time></trkpt><trkpt lat="46.17675" lon="15.02173"><ele>958</ele><time>2000-01-01T07:55:36.000Z</time></trkpt><trkpt lat="46.17683" lon="15.02168"><ele>959</ele><time>2000-01-01T07:55:46.000Z</time></trkpt><trkpt lat="46.17689" lon="15.02162"><ele>960</ele><time>2000-01-01T07:55:56.000Z</time></trkpt><trkpt lat="46.17696" lon="15.02155"><ele>961</ele><time>2000-01-01T07:56:06.000Z</time></trkpt><trkpt lat="46.17702" lon="15.0215"><ele>962.25</ele><time>2000-01-01T07:56:16.000Z</time></trkpt><trkpt lat="46.17709" lon="15.02138"><ele>963.5</ele><time>2000-01-01T07:56:26.000Z</time></trkpt><trkpt lat="46.17714" lon="15.02134"><ele>964.75</ele><time>2000-01-01T07:56:36.000Z</time></trkpt><trkpt lat="46.17722" lon="15.0213"><ele>966</ele><time>2000-01-01T07:56:46.000Z</time></trkpt><trkpt lat="46.17724" lon="15.02127"><ele>967.25</ele><time>2000-01-01T07:56:56.000Z</time></trkpt><trkpt lat="46.17734" lon="15.02119"><ele>968.5</ele><time>2000-01-01T07:57:06.000Z</time></trkpt><trkpt lat="46.1774" lon="15.02116"><ele>969.75</ele><time>2000-01-01T07:57:16.000Z</time></trkpt><trkpt lat="46.17747" lon="15.02109"><ele>971</ele><time>2000-01-01T07:57:26.000Z</time></trkpt><trkpt lat="46.17758" lon="15.02104"><ele>970.5</ele><time>2000-01-01T07:57:36.000Z</time></trkpt><trkpt lat="46.1776" lon="15.02104"><ele>970</ele><time>2000-01-01T07:57:46.000Z</time></trkpt><trkpt lat="46.17764" lon="15.02102"><ele>969.5</ele><time>2000-01-01T07:57:56.000Z</time></trkpt><trkpt lat="46.17772" lon="15.02101"><ele>969</ele><time>2000-01-01T07:58:06.000Z</time></trkpt><trkpt lat="46.1778" lon="15.02097"><ele>968.5</ele><time>2000-01-01T07:58:16.000Z</time></trkpt><trkpt lat="46.17785" lon="15.02093"><ele>968</ele><time>2000-01-01T07:58:26.000Z</time></trkpt><trkpt lat="46.17791" lon="15.02092"><ele>967.5</ele><time>2000-01-01T07:58:36.000Z</time></trkpt><trkpt lat="46.17797" lon="15.0209"><ele>967</ele><time>2000-01-01T07:58:46.000Z</time></trkpt><trkpt lat="46.17809" lon="15.0209"><ele>966.25</ele><time>2000-01-01T07:58:56.000Z</time></trkpt><trkpt lat="46.17812" lon="15.0209"><ele>965.5</ele><time>2000-01-01T07:59:06.000Z</time></trkpt><trkpt lat="46.17815" lon="15.02088"><ele>964.75</ele><time>2000-01-01T07:59:16.000Z</time></trkpt><trkpt lat="46.17821" lon="15.02084"><ele>964</ele><time>2000-01-01T07:59:26.000Z</time></trkpt><trkpt lat="46.17828" lon="15.02077"><ele>963.67</ele><time>2000-01-01T07:59:36.000Z</time></trkpt><trkpt lat="46.17833" lon="15.02063"><ele>963.33</ele><time>2000-01-01T07:59:46.000Z</time></trkpt><trkpt lat="46.17836" lon="15.02045"><ele>963</ele><time>2000-01-01T07:59:56.000Z</time></trkpt><trkpt lat="46.17836" lon="15.02032"><ele>962</ele><time>2000-01-01T08:00:06.000Z</time></trkpt><trkpt lat="46.17836" lon="15.02025"><ele>961</ele><time>2000-01-01T08:00:16.000Z</time></trkpt><trkpt lat="46.1784" lon="15.02006"><ele>960</ele><time>2000-01-01T08:00:26.000Z</time></trkpt><trkpt lat="46.17841" lon="15.0199"><ele>957</ele><time>2000-01-01T08:00:36.000Z</time></trkpt><trkpt lat="46.17841" lon="15.01958"><ele>954</ele><time>2000-01-01T08:00:46.000Z</time></trkpt><trkpt lat="46.17842" lon="15.01946"><ele>953</ele><time>2000-01-01T08:00:56.000Z</time></trkpt><trkpt lat="46.17845" lon="15.01933"><ele>952</ele><time>2000-01-01T08:01:06.000Z</time></trkpt><trkpt lat="46.17847" lon="15.01925"><ele>951</ele><time>2000-01-01T08:01:16.000Z</time></trkpt><trkpt lat="46.17849" lon="15.01916"><ele>950</ele><time>2000-01-01T08:01:26.000Z</time></trkpt><trkpt lat="46.17849" lon="15.01912"><ele>950</ele><time>2000-01-01T08:01:36.000Z</time></trkpt><trkpt lat="46.17851" lon="15.019"><ele>950</ele><time>2000-01-01T08:01:46.000Z</time></trkpt><trkpt lat="46.17853" lon="15.01888"><ele>950</ele><time>2000-01-01T08:01:56.000Z</time></trkpt><trkpt lat="46.17855" lon="15.01867"><ele>950</ele><time>2000-01-01T08:02:06.000Z</time></trkpt><trkpt lat="46.17855" lon="15.01843"><ele>949</ele><time>2000-01-01T08:02:16.000Z</time></trkpt><trkpt lat="46.17855" lon="15.01827"><ele>948</ele><time>2000-01-01T08:02:26.000Z</time></trkpt><trkpt lat="46.17852" lon="15.01806"><ele>947</ele><time>2000-01-01T08:02:36.000Z</time></trkpt><trkpt lat="46.17847" lon="15.01785"><ele>946</ele><time>2000-01-01T08:02:46.000Z</time></trkpt><trkpt lat="46.17843" lon="15.01773"><ele>946.67</ele><time>2000-01-01T08:02:56.000Z</time></trkpt><trkpt lat="46.17839" lon="15.01758"><ele>947.33</ele><time>2000-01-01T08:03:06.000Z</time></trkpt><trkpt lat="46.17836" lon="15.01751"><ele>948</ele><time>2000-01-01T08:03:16.000Z</time></trkpt><trkpt lat="46.17835" lon="15.01743"><ele>948.67</ele><time>2000-01-01T08:03:26.000Z</time></trkpt><trkpt lat="46.1783" lon="15.01721"><ele>949.33</ele><time>2000-01-01T08:03:36.000Z</time></trkpt><trkpt lat="46.1783" lon="15.01712"><ele>950</ele><time>2000-01-01T08:03:46.000Z</time></trkpt><trkpt lat="46.17828" lon="15.01696"><ele>949</ele><time>2000-01-01T08:03:56.000Z</time></trkpt><trkpt lat="46.17824" lon="15.01679"><ele>948</ele><time>2000-01-01T08:04:06.000Z</time></trkpt><trkpt lat="46.17822" lon="15.0167"><ele>947</ele><time>2000-01-01T08:04:16.000Z</time></trkpt><trkpt lat="46.17818" lon="15.01654"><ele>946.33</ele><time>2000-01-01T08:04:26.000Z</time></trkpt><trkpt lat="46.17816" lon="15.01637"><ele>945.67</ele><time>2000-01-01T08:04:36.000Z</time></trkpt><trkpt lat="46.17814" lon="15.01628"><ele>945</ele><time>2000-01-01T08:04:46.000Z</time></trkpt><trkpt lat="46.17813" lon="15.01619"><ele>944.75</ele><time>2000-01-01T08:04:56.000Z</time></trkpt><trkpt lat="46.17813" lon="15.01608"><ele>944.5</ele><time>2000-01-01T08:05:06.000Z</time></trkpt><trkpt lat="46.17813" lon="15.01599"><ele>944.25</ele><time>2000-01-01T08:05:16.000Z</time></trkpt><trkpt lat="46.17811" lon="15.01585"><ele>944</ele><time>2000-01-01T08:05:26.000Z</time></trkpt><trkpt lat="46.17809" lon="15.01571"><ele>943</ele><time>2000-01-01T08:05:36.000Z</time></trkpt><trkpt lat="46.17803" lon="15.01544"><ele>942</ele><time>2000-01-01T08:05:46.000Z</time></trkpt><trkpt lat="46.178" lon="15.01536"><ele>942</ele><time>2000-01-01T08:05:56.000Z</time></trkpt><trkpt lat="46.17791" lon="15.01507"><ele>942</ele><time>2000-01-01T08:06:06.000Z</time></trkpt><trkpt lat="46.17788" lon="15.015"><ele>940.67</ele><time>2000-01-01T08:06:16.000Z</time></trkpt><trkpt lat="46.17781" lon="15.01479"><ele>939.33</ele><time>2000-01-01T08:06:26.000Z</time></trkpt><trkpt lat="46.1778" lon="15.01458"><ele>938</ele><time>2000-01-01T08:06:36.000Z</time></trkpt><trkpt lat="46.1778" lon="15.01455"><ele>937.67</ele><time>2000-01-01T08:06:46.000Z</time></trkpt><trkpt lat="46.17781" lon="15.01451"><ele>937.33</ele><time>2000-01-01T08:06:56.000Z</time></trkpt><trkpt lat="46.17782" lon="15.01447"><ele>937</ele><time>2000-01-01T08:07:06.000Z</time></trkpt><trkpt lat="46.17782" lon="15.01444"><ele>936.67</ele><time>2000-01-01T08:07:16.000Z</time></trkpt><trkpt lat="46.17783" lon="15.01441"><ele>936.33</ele><time>2000-01-01T08:07:26.000Z</time></trkpt><trkpt lat="46.17783" lon="15.01437"><ele>936</ele><time>2000-01-01T08:07:36.000Z</time></trkpt><trkpt lat="46.17782" lon="15.01434"><ele>935.67</ele><time>2000-01-01T08:07:46.000Z</time></trkpt><trkpt lat="46.17783" lon="15.0143"><ele>935.33</ele><time>2000-01-01T08:07:56.000Z</time></trkpt><trkpt lat="46.17781" lon="15.01424"><ele>935</ele><time>2000-01-01T08:08:06.000Z</time></trkpt><trkpt lat="46.17782" lon="15.01411"><ele>934.67</ele><time>2000-01-01T08:08:16.000Z</time></trkpt><trkpt lat="46.17783" lon="15.01406"><ele>934.33</ele><time>2000-01-01T08:08:26.000Z</time></trkpt><trkpt lat="46.17786" lon="15.01398"><ele>934</ele><time>2000-01-01T08:08:36.000Z</time></trkpt><trkpt lat="46.17787" lon="15.01393"><ele>933.67</ele><time>2000-01-01T08:08:46.000Z</time></trkpt><trkpt lat="46.17788" lon="15.0139"><ele>933.33</ele><time>2000-01-01T08:08:56.000Z</time></trkpt><trkpt lat="46.17791" lon="15.0138"><ele>933</ele><time>2000-01-01T08:09:06.000Z</time></trkpt><trkpt lat="46.17792" lon="15.01369"><ele>932.67</ele><time>2000-01-01T08:09:16.000Z</time></trkpt><trkpt lat="46.17794" lon="15.01356"><ele>932.33</ele><time>2000-01-01T08:09:26.000Z</time></trkpt><trkpt lat="46.17805" lon="15.01325"><ele>932</ele><time>2000-01-01T08:09:36.000Z</time></trkpt><trkpt lat="46.17808" lon="15.01313"><ele>930</ele><time>2000-01-01T08:09:46.000Z</time></trkpt><trkpt lat="46.17813" lon="15.01299"><ele>928</ele><time>2000-01-01T08:09:56.000Z</time></trkpt><trkpt lat="46.17815" lon="15.01293"><ele>926</ele><time>2000-01-01T08:10:06.000Z</time></trkpt><trkpt lat="46.1782" lon="15.01278"><ele>924</ele><time>2000-01-01T08:10:16.000Z</time></trkpt><trkpt lat="46.17827" lon="15.01255"><ele>923.67</ele><time>2000-01-01T08:10:26.000Z</time></trkpt><trkpt lat="46.17828" lon="15.0125"><ele>923.33</ele><time>2000-01-01T08:10:36.000Z</time></trkpt><trkpt lat="46.17828" lon="15.01242"><ele>923</ele><time>2000-01-01T08:10:46.000Z</time></trkpt><trkpt lat="46.17826" lon="15.0123"><ele>923</ele><time>2000-01-01T08:10:56.000Z</time></trkpt><trkpt lat="46.17826" lon="15.01226"><ele>923</ele><time>2000-01-01T08:11:06.000Z</time></trkpt><trkpt lat="46.17825" lon="15.01213"><ele>923</ele><time>2000-01-01T08:11:16.000Z</time></trkpt><trkpt lat="46.17826" lon="15.01196"><ele>923</ele><time>2000-01-01T08:11:26.000Z</time></trkpt><trkpt lat="46.17828" lon="15.01188"><ele>922.25</ele><time>2000-01-01T08:11:36.000Z</time></trkpt><trkpt lat="46.1783" lon="15.01179"><ele>921.5</ele><time>2000-01-01T08:11:46.000Z</time></trkpt><trkpt lat="46.17831" lon="15.01174"><ele>920.75</ele><time>2000-01-01T08:11:56.000Z</time></trkpt><trkpt lat="46.17838" lon="15.01159"><ele>920</ele><time>2000-01-01T08:12:06.000Z</time></trkpt><trkpt lat="46.17843" lon="15.0114"><ele>917</ele><time>2000-01-01T08:12:16.000Z</time></trkpt><trkpt lat="46.17845" lon="15.01114"><ele>914</ele><time>2000-01-01T08:12:26.000Z</time></trkpt><trkpt lat="46.17846" lon="15.01105"><ele>913.75</ele><time>2000-01-01T08:12:36.000Z</time></trkpt><trkpt lat="46.17848" lon="15.011"><ele>913.5</ele><time>2000-01-01T08:12:46.000Z</time></trkpt><trkpt lat="46.17856" lon="15.01083"><ele>913.25</ele><time>2000-01-01T08:12:56.000Z</time></trkpt><trkpt lat="46.17861" lon="15.01067"><ele>913</ele><time>2000-01-01T08:13:06.000Z</time></trkpt><trkpt lat="46.17865" lon="15.01056"><ele>913</ele><time>2000-01-01T08:13:16.000Z</time></trkpt><trkpt lat="46.17879" lon="15.01033"><ele>913</ele><time>2000-01-01T08:13:26.000Z</time></trkpt><trkpt lat="46.17901" lon="15.00988"><ele>914</ele><time>2000-01-01T08:13:36.000Z</time></trkpt><trkpt lat="46.17906" lon="15.00981"><ele>914.33</ele><time>2000-01-01T08:13:46.000Z</time></trkpt><trkpt lat="46.17915" lon="15.00969"><ele>914.67</ele><time>2000-01-01T08:13:56.000Z</time></trkpt><trkpt lat="46.17927" lon="15.0096"><ele>915</ele><time>2000-01-01T08:14:06.000Z</time></trkpt><trkpt lat="46.17932" lon="15.00957"><ele>915.2</ele><time>2000-01-01T08:14:16.000Z</time></trkpt><trkpt lat="46.17936" lon="15.00952"><ele>915.4</ele><time>2000-01-01T08:14:26.000Z</time></trkpt><trkpt lat="46.1794" lon="15.00949"><ele>915.6</ele><time>2000-01-01T08:14:36.000Z</time></trkpt><trkpt lat="46.17948" lon="15.00944"><ele>915.8</ele><time>2000-01-01T08:14:46.000Z</time></trkpt><trkpt lat="46.17956" lon="15.00943"><ele>916</ele><time>2000-01-01T08:14:56.000Z</time></trkpt><trkpt lat="46.17959" lon="15.00943"><ele>914.67</ele><time>2000-01-01T08:15:06.000Z</time></trkpt><trkpt lat="46.17963" lon="15.00939"><ele>913.33</ele><time>2000-01-01T08:15:16.000Z</time></trkpt><trkpt lat="46.17981" lon="15.00935"><ele>912</ele><time>2000-01-01T08:15:26.000Z</time></trkpt><trkpt lat="46.17983" lon="15.00933"><ele>911.25</ele><time>2000-01-01T08:15:36.000Z</time></trkpt><trkpt lat="46.17993" lon="15.00928"><ele>910.5</ele><time>2000-01-01T08:15:46.000Z</time></trkpt><trkpt lat="46.18005" lon="15.00927"><ele>909.75</ele><time>2000-01-01T08:15:56.000Z</time></trkpt><trkpt lat="46.1801" lon="15.00925"><ele>909</ele><time>2000-01-01T08:16:06.000Z</time></trkpt><trkpt lat="46.18015" lon="15.00925"><ele>908.8</ele><time>2000-01-01T08:16:16.000Z</time></trkpt><trkpt lat="46.18019" lon="15.00926"><ele>908.6</ele><time>2000-01-01T08:16:26.000Z</time></trkpt><trkpt lat="46.18024" lon="15.00926"><ele>908.4</ele><time>2000-01-01T08:16:36.000Z</time></trkpt><trkpt lat="46.18029" lon="15.00927"><ele>908.2</ele><time>2000-01-01T08:16:46.000Z</time></trkpt><trkpt lat="46.18039" lon="15.0093"><ele>908</ele><time>2000-01-01T08:16:56.000Z</time></trkpt><trkpt lat="46.18049" lon="15.00931"><ele>907.67</ele><time>2000-01-01T08:17:06.000Z</time></trkpt><trkpt lat="46.18064" lon="15.00936"><ele>907.33</ele><time>2000-01-01T08:17:16.000Z</time></trkpt><trkpt lat="46.18073" lon="15.00937"><ele>907</ele><time>2000-01-01T08:17:26.000Z</time></trkpt><trkpt lat="46.18083" lon="15.00938"><ele>907</ele><time>2000-01-01T08:17:36.000Z</time></trkpt><trkpt lat="46.18089" lon="15.00935"><ele>907</ele><time>2000-01-01T08:17:46.000Z</time></trkpt><trkpt lat="46.18093" lon="15.00935"><ele>907</ele><time>2000-01-01T08:17:56.000Z</time></trkpt><trkpt lat="46.18097" lon="15.00933"><ele>907</ele><time>2000-01-01T08:18:06.000Z</time></trkpt><trkpt lat="46.18109" lon="15.00928"><ele>906</ele><time>2000-01-01T08:18:16.000Z</time></trkpt><trkpt lat="46.18128" lon="15.00923"><ele>905</ele><time>2000-01-01T08:18:26.000Z</time></trkpt><trkpt lat="46.18139" lon="15.00917"><ele>904</ele><time>2000-01-01T08:18:36.000Z</time></trkpt><trkpt lat="46.18144" lon="15.00915"><ele>903</ele><time>2000-01-01T08:18:46.000Z</time></trkpt><trkpt lat="46.18152" lon="15.00909"><ele>902</ele><time>2000-01-01T08:18:56.000Z</time></trkpt><trkpt lat="46.18157" lon="15.00907"><ele>901.33</ele><time>2000-01-01T08:19:06.000Z</time></trkpt><trkpt lat="46.18166" lon="15.00897"><ele>900.67</ele><time>2000-01-01T08:19:16.000Z</time></trkpt><trkpt lat="46.18175" lon="15.0089"><ele>900</ele><time>2000-01-01T08:19:26.000Z</time></trkpt><trkpt lat="46.18182" lon="15.00885"><ele>900</ele><time>2000-01-01T08:19:36.000Z</time></trkpt><trkpt lat="46.18186" lon="15.00884"><ele>900</ele><time>2000-01-01T08:19:46.000Z</time></trkpt><trkpt lat="46.18192" lon="15.00879"><ele>900</ele><time>2000-01-01T08:19:56.000Z</time></trkpt><trkpt lat="46.18198" lon="15.00876"><ele>900</ele><time>2000-01-01T08:20:06.000Z</time></trkpt><trkpt lat="46.1821" lon="15.00869"><ele>899.67</ele><time>2000-01-01T08:20:16.000Z</time></trkpt><trkpt lat="46.1822" lon="15.0086"><ele>899.33</ele><time>2000-01-01T08:20:26.000Z</time></trkpt><trkpt lat="46.18225" lon="15.00856"><ele>899</ele><time>2000-01-01T08:20:36.000Z</time></trkpt><trkpt lat="46.1823" lon="15.00851"><ele>899.67</ele><time>2000-01-01T08:20:46.000Z</time></trkpt><trkpt lat="46.18244" lon="15.00844"><ele>900.33</ele><time>2000-01-01T08:20:56.000Z</time></trkpt><trkpt lat="46.1826" lon="15.0084"><ele>901</ele><time>2000-01-01T08:21:06.000Z</time></trkpt><trkpt lat="46.18269" lon="15.00835"><ele>900.75</ele><time>2000-01-01T08:21:16.000Z</time></trkpt><trkpt lat="46.18276" lon="15.00833"><ele>900.5</ele><time>2000-01-01T08:21:26.000Z</time></trkpt><trkpt lat="46.18282" lon="15.00826"><ele>900.25</ele><time>2000-01-01T08:21:36.000Z</time></trkpt><trkpt lat="46.18287" lon="15.0082"><ele>900</ele><time>2000-01-01T08:21:46.000Z</time></trkpt><trkpt lat="46.18299" lon="15.0081"><ele>899.5</ele><time>2000-01-01T08:21:56.000Z</time></trkpt><trkpt lat="46.18314" lon="15.00801"><ele>899</ele><time>2000-01-01T08:22:06.000Z</time></trkpt><trkpt lat="46.18324" lon="15.00798"><ele>898.5</ele><time>2000-01-01T08:22:16.000Z</time></trkpt><trkpt lat="46.18332" lon="15.00795"><ele>898</ele><time>2000-01-01T08:22:26.000Z</time></trkpt><trkpt lat="46.18337" lon="15.00796"><ele>897.5</ele><time>2000-01-01T08:22:36.000Z</time></trkpt><trkpt lat="46.18342" lon="15.00799"><ele>897</ele><time>2000-01-01T08:22:46.000Z</time></trkpt><trkpt lat="46.18352" lon="15.00796"><ele>896.8</ele><time>2000-01-01T08:22:56.000Z</time></trkpt><trkpt lat="46.18355" lon="15.00796"><ele>896.6</ele><time>2000-01-01T08:23:06.000Z</time></trkpt><trkpt lat="46.1836" lon="15.00795"><ele>896.4</ele><time>2000-01-01T08:23:16.000Z</time></trkpt><trkpt lat="46.18365" lon="15.00796"><ele>896.2</ele><time>2000-01-01T08:23:26.000Z</time></trkpt><trkpt lat="46.18371" lon="15.00794"><ele>896</ele><time>2000-01-01T08:23:36.000Z</time></trkpt><trkpt lat="46.18377" lon="15.00795"><ele>895.4</ele><time>2000-01-01T08:23:46.000Z</time></trkpt><trkpt lat="46.18383" lon="15.00794"><ele>894.8</ele><time>2000-01-01T08:23:56.000Z</time></trkpt><trkpt lat="46.18386" lon="15.00793"><ele>894.2</ele><time>2000-01-01T08:24:06.000Z</time></trkpt><trkpt lat="46.18389" lon="15.00793"><ele>893.6</ele><time>2000-01-01T08:24:16.000Z</time></trkpt><trkpt lat="46.18403" lon="15.00789"><ele>893</ele><time>2000-01-01T08:24:26.000Z</time></trkpt><trkpt lat="46.18407" lon="15.0079"><ele>892</ele><time>2000-01-01T08:24:36.000Z</time></trkpt><trkpt lat="46.18414" lon="15.00789"><ele>891</ele><time>2000-01-01T08:24:46.000Z</time></trkpt><trkpt lat="46.18421" lon="15.0079"><ele>890</ele><time>2000-01-01T08:24:56.000Z</time></trkpt><trkpt lat="46.18426" lon="15.00789"><ele>889</ele><time>2000-01-01T08:25:06.000Z</time></trkpt><trkpt lat="46.18441" lon="15.00791"><ele>888</ele><time>2000-01-01T08:25:16.000Z</time></trkpt><trkpt lat="46.1845" lon="15.00794"><ele>889</ele><time>2000-01-01T08:25:26.000Z</time></trkpt><trkpt lat="46.18464" lon="15.00792"><ele>890</ele><time>2000-01-01T08:25:36.000Z</time></trkpt><trkpt lat="46.18486" lon="15.00794"><ele>891</ele><time>2000-01-01T08:25:46.000Z</time></trkpt><trkpt lat="46.1849" lon="15.00795"><ele>892.33</ele><time>2000-01-01T08:25:56.000Z</time></trkpt><trkpt lat="46.18502" lon="15.00802"><ele>893.67</ele><time>2000-01-01T08:26:06.000Z</time></trkpt><trkpt lat="46.1852" lon="15.00817"><ele>895</ele><time>2000-01-01T08:26:16.000Z</time></trkpt><trkpt lat="46.18529" lon="15.00821"><ele>896.33</ele><time>2000-01-01T08:26:26.000Z</time></trkpt><trkpt lat="46.18538" lon="15.00828"><ele>897.67</ele><time>2000-01-01T08:26:36.000Z</time></trkpt><trkpt lat="46.18557" lon="15.0084"><ele>899</ele><time>2000-01-01T08:26:46.000Z</time></trkpt><trkpt lat="46.18561" lon="15.00844"><ele>899.5</ele><time>2000-01-01T08:26:56.000Z</time></trkpt><trkpt lat="46.18572" lon="15.00852"><ele>900</ele><time>2000-01-01T08:27:06.000Z</time></trkpt><trkpt lat="46.18578" lon="15.00855"><ele>900.5</ele><time>2000-01-01T08:27:16.000Z</time></trkpt><trkpt lat="46.18584" lon="15.00857"><ele>901</ele><time>2000-01-01T08:27:26.000Z</time></trkpt><trkpt lat="46.18593" lon="15.00857"><ele>902</ele><time>2000-01-01T08:27:36.000Z</time></trkpt><trkpt lat="46.18607" lon="15.00852"><ele>903</ele><time>2000-01-01T08:27:46.000Z</time></trkpt><trkpt lat="46.18613" lon="15.00852"><ele>904</ele><time>2000-01-01T08:27:56.000Z</time></trkpt><trkpt lat="46.18619" lon="15.00853"><ele>902.25</ele><time>2000-01-01T08:28:06.000Z</time></trkpt><trkpt lat="46.18628" lon="15.00854"><ele>900.5</ele><time>2000-01-01T08:28:16.000Z</time></trkpt><trkpt lat="46.18638" lon="15.00857"><ele>898.75</ele><time>2000-01-01T08:28:26.000Z</time></trkpt><trkpt lat="46.18659" lon="15.00866"><ele>897</ele><time>2000-01-01T08:28:36.000Z</time></trkpt><trkpt lat="46.18665" lon="15.00867"><ele>894.67</ele><time>2000-01-01T08:28:46.000Z</time></trkpt><trkpt lat="46.18674" lon="15.00867"><ele>892.33</ele><time>2000-01-01T08:28:56.000Z</time></trkpt><trkpt lat="46.1869" lon="15.00862"><ele>890</ele><time>2000-01-01T08:29:06.000Z</time></trkpt><trkpt lat="46.18716" lon="15.00849"><ele>882</ele><time>2000-01-01T08:29:16.000Z</time></trkpt><trkpt lat="46.18737" lon="15.00836"><ele>881.5</ele><time>2000-01-01T08:29:26.000Z</time></trkpt><trkpt lat="46.18765" lon="15.00809"><ele>881</ele><time>2000-01-01T08:29:36.000Z</time></trkpt><trkpt lat="46.18772" lon="15.00804"><ele>879.33</ele><time>2000-01-01T08:29:46.000Z</time></trkpt><trkpt lat="46.18781" lon="15.00799"><ele>877.67</ele><time>2000-01-01T08:29:56.000Z</time></trkpt><trkpt lat="46.18791" lon="15.0079"><ele>876</ele><time>2000-01-01T08:30:06.000Z</time></trkpt><trkpt lat="46.18795" lon="15.00787"><ele>875</ele><time>2000-01-01T08:30:16.000Z</time></trkpt><trkpt lat="46.1883" lon="15.00753"><ele>874</ele><time>2000-01-01T08:30:26.000Z</time></trkpt><trkpt lat="46.18835" lon="15.00751"><ele>873.67</ele><time>2000-01-01T08:30:36.000Z</time></trkpt><trkpt lat="46.18843" lon="15.00745"><ele>873.33</ele><time>2000-01-01T08:30:46.000Z</time></trkpt><trkpt lat="46.18851" lon="15.00733"><ele>873</ele><time>2000-01-01T08:30:56.000Z</time></trkpt><trkpt lat="46.18853" lon="15.00727"><ele>872.75</ele><time>2000-01-01T08:31:06.000Z</time></trkpt><trkpt lat="46.18857" lon="15.00721"><ele>872.5</ele><time>2000-01-01T08:31:16.000Z</time></trkpt><trkpt lat="46.18864" lon="15.00705"><ele>872.25</ele><time>2000-01-01T08:31:26.000Z</time></trkpt><trkpt lat="46.18871" lon="15.00683"><ele>872</ele><time>2000-01-01T08:31:36.000Z</time></trkpt><trkpt lat="46.18873" lon="15.00669"><ele>872</ele><time>2000-01-01T08:31:46.000Z</time></trkpt><trkpt lat="46.1888" lon="15.00647"><ele>872</ele><time>2000-01-01T08:31:56.000Z</time></trkpt><trkpt lat="46.18884" lon="15.00637"><ele>874.33</ele><time>2000-01-01T08:32:06.000Z</time></trkpt><trkpt lat="46.18895" lon="15.00622"><ele>876.67</ele><time>2000-01-01T08:32:16.000Z</time></trkpt><trkpt lat="46.18897" lon="15.00617"><ele>879</ele><time>2000-01-01T08:32:26.000Z</time></trkpt><trkpt lat="46.18899" lon="15.00616"><ele>880.75</ele><time>2000-01-01T08:32:36.000Z</time></trkpt><trkpt lat="46.18907" lon="15.00606"><ele>882.5</ele><time>2000-01-01T08:32:46.000Z</time></trkpt><trkpt lat="46.18915" lon="15.00599"><ele>884.25</ele><time>2000-01-01T08:32:56.000Z</time></trkpt><trkpt lat="46.18922" lon="15.00591"><ele>886</ele><time>2000-01-01T08:33:06.000Z</time></trkpt><trkpt lat="46.18928" lon="15.0058"><ele>887.25</ele><time>2000-01-01T08:33:16.000Z</time></trkpt><trkpt lat="46.18934" lon="15.00569"><ele>888.5</ele><time>2000-01-01T08:33:26.000Z</time></trkpt><trkpt lat="46.18937" lon="15.00565"><ele>889.75</ele><time>2000-01-01T08:33:36.000Z</time></trkpt><trkpt lat="46.18946" lon="15.00551"><ele>891</ele><time>2000-01-01T08:33:46.000Z</time></trkpt><trkpt lat="46.1895" lon="15.00546"><ele>892.4</ele><time>2000-01-01T08:33:56.000Z</time></trkpt><trkpt lat="46.18954" lon="15.00542"><ele>893.8</ele><time>2000-01-01T08:34:06.000Z</time></trkpt><trkpt lat="46.18959" lon="15.00537"><ele>895.2</ele><time>2000-01-01T08:34:16.000Z</time></trkpt><trkpt lat="46.18965" lon="15.00533"><ele>896.6</ele><time>2000-01-01T08:34:26.000Z</time></trkpt><trkpt lat="46.18969" lon="15.00533"><ele>898</ele><time>2000-01-01T08:34:36.000Z</time></trkpt><trkpt lat="46.18977" lon="15.00527"><ele>898.67</ele><time>2000-01-01T08:34:46.000Z</time></trkpt><trkpt lat="46.18983" lon="15.00517"><ele>899.33</ele><time>2000-01-01T08:34:56.000Z</time></trkpt><trkpt lat="46.18988" lon="15.00507"><ele>900</ele><time>2000-01-01T08:35:06.000Z</time></trkpt><trkpt lat="46.18989" lon="15.0051"><ele>900.6</ele><time>2000-01-01T08:35:16.000Z</time></trkpt><trkpt lat="46.18995" lon="15.00518"><ele>901.2</ele><time>2000-01-01T08:35:26.000Z</time></trkpt><trkpt lat="46.18999" lon="15.00518"><ele>901.8</ele><time>2000-01-01T08:35:36.000Z</time></trkpt><trkpt lat="46.19007" lon="15.00528"><ele>902.4</ele><time>2000-01-01T08:35:46.000Z</time></trkpt><trkpt lat="46.19021" lon="15.00537"><ele>903</ele><time>2000-01-01T08:35:56.000Z</time></trkpt><trkpt lat="46.19026" lon="15.00538"><ele>904</ele><time>2000-01-01T08:36:06.000Z</time></trkpt><trkpt lat="46.1903" lon="15.00543"><ele>905</ele><time>2000-01-01T08:36:16.000Z</time></trkpt><trkpt lat="46.1904" lon="15.00549"><ele>906</ele><time>2000-01-01T08:36:26.000Z</time></trkpt><trkpt lat="46.19068" lon="15.00562"><ele>907</ele><time>2000-01-01T08:36:36.000Z</time></trkpt><trkpt lat="46.1908" lon="15.00565"><ele>907</ele><time>2000-01-01T08:36:46.000Z</time></trkpt><trkpt lat="46.19084" lon="15.00565"><ele>907</ele><time>2000-01-01T08:36:56.000Z</time></trkpt><trkpt lat="46.19096" lon="15.0057"><ele>907</ele><time>2000-01-01T08:37:06.000Z</time></trkpt><trkpt lat="46.19104" lon="15.00572"><ele>910.67</ele><time>2000-01-01T08:37:16.000Z</time></trkpt><trkpt lat="46.19117" lon="15.00576"><ele>914.33</ele><time>2000-01-01T08:37:26.000Z</time></trkpt><trkpt lat="46.19131" lon="15.0058"><ele>918</ele><time>2000-01-01T08:37:36.000Z</time></trkpt><trkpt lat="46.19137" lon="15.00583"><ele>918.67</ele><time>2000-01-01T08:37:46.000Z</time></trkpt><trkpt lat="46.19147" lon="15.00587"><ele>919.33</ele><time>2000-01-01T08:37:56.000Z</time></trkpt><trkpt lat="46.19167" lon="15.00598"><ele>920</ele><time>2000-01-01T08:38:06.000Z</time></trkpt><trkpt lat="46.19175" lon="15.00605"><ele>919.67</ele><time>2000-01-01T08:38:16.000Z</time></trkpt><trkpt lat="46.19186" lon="15.00616"><ele>919.33</ele><time>2000-01-01T08:38:26.000Z</time></trkpt><trkpt lat="46.19201" lon="15.00629"><ele>919</ele><time>2000-01-01T08:38:36.000Z</time></trkpt><trkpt lat="46.19209" lon="15.00638"><ele>918.5</ele><time>2000-01-01T08:38:46.000Z</time></trkpt><trkpt lat="46.19224" lon="15.00657"><ele>918</ele><time>2000-01-01T08:38:56.000Z</time></trkpt><trkpt lat="46.19232" lon="15.00668"><ele>916</ele><time>2000-01-01T08:39:06.000Z</time></trkpt><trkpt lat="46.19238" lon="15.00679"><ele>914</ele><time>2000-01-01T08:39:16.000Z</time></trkpt><trkpt lat="46.19251" lon="15.007"><ele>912</ele><time>2000-01-01T08:39:26.000Z</time></trkpt><trkpt lat="46.19255" lon="15.00712"><ele>910.67</ele><time>2000-01-01T08:39:36.000Z</time></trkpt><trkpt lat="46.19261" lon="15.00723"><ele>909.33</ele><time>2000-01-01T08:39:46.000Z</time></trkpt><trkpt lat="46.19267" lon="15.00736"><ele>908</ele><time>2000-01-01T08:39:56.000Z</time></trkpt><trkpt lat="46.19274" lon="15.00744"><ele>908</ele><time>2000-01-01T08:40:06.000Z</time></trkpt><trkpt lat="46.19282" lon="15.00751"><ele>908</ele><time>2000-01-01T08:40:16.000Z</time></trkpt><trkpt lat="46.19293" lon="15.00762"><ele>908</ele><time>2000-01-01T08:40:26.000Z</time></trkpt><trkpt lat="46.19303" lon="15.00771"><ele>908</ele><time>2000-01-01T08:40:36.000Z</time></trkpt><trkpt lat="46.1931" lon="15.00774"><ele>908</ele><time>2000-01-01T08:40:46.000Z</time></trkpt><trkpt lat="46.19319" lon="15.0078"><ele>908</ele><time>2000-01-01T08:40:56.000Z</time></trkpt><trkpt lat="46.19351" lon="15.00792"><ele>912</ele><time>2000-01-01T08:41:06.000Z</time></trkpt><trkpt lat="46.19361" lon="15.00798"><ele>909.67</ele><time>2000-01-01T08:41:16.000Z</time></trkpt><trkpt lat="46.19369" lon="15.00801"><ele>907.33</ele><time>2000-01-01T08:41:26.000Z</time></trkpt><trkpt lat="46.19389" lon="15.00808"><ele>905</ele><time>2000-01-01T08:41:36.000Z</time></trkpt><trkpt lat="46.19404" lon="15.00814"><ele>905</ele><time>2000-01-01T08:41:46.000Z</time></trkpt><trkpt lat="46.19412" lon="15.00815"><ele>905</ele><time>2000-01-01T08:41:56.000Z</time></trkpt><trkpt lat="46.19431" lon="15.00823"><ele>905</ele><time>2000-01-01T08:42:06.000Z</time></trkpt><trkpt lat="46.19438" lon="15.00823"><ele>900</ele><time>2000-01-01T08:42:16.000Z</time></trkpt><trkpt lat="46.19448" lon="15.0082"><ele>895</ele><time>2000-01-01T08:42:26.000Z</time></trkpt><trkpt lat="46.19458" lon="15.00812"><ele>890</ele><time>2000-01-01T08:42:36.000Z</time></trkpt><trkpt lat="46.19467" lon="15.00808"><ele>886.25</ele><time>2000-01-01T08:42:46.000Z</time></trkpt><trkpt lat="46.19473" lon="15.00805"><ele>882.5</ele><time>2000-01-01T08:42:56.000Z</time></trkpt><trkpt lat="46.19476" lon="15.00804"><ele>878.75</ele><time>2000-01-01T08:43:06.000Z</time></trkpt><trkpt lat="46.19495" lon="15.00805"><ele>875</ele><time>2000-01-01T08:43:16.000Z</time></trkpt><trkpt lat="46.19498" lon="15.00806"><ele>874.17</ele><time>2000-01-01T08:43:26.000Z</time></trkpt><trkpt lat="46.19503" lon="15.0081"><ele>873.33</ele><time>2000-01-01T08:43:36.000Z</time></trkpt><trkpt lat="46.19505" lon="15.00814"><ele>872.5</ele><time>2000-01-01T08:43:46.000Z</time></trkpt><trkpt lat="46.19511" lon="15.00826"><ele>871.67</ele><time>2000-01-01T08:43:56.000Z</time></trkpt><trkpt lat="46.19512" lon="15.00829"><ele>870.83</ele><time>2000-01-01T08:44:06.000Z</time></trkpt><trkpt lat="46.19515" lon="15.00833"><ele>870</ele><time>2000-01-01T08:44:16.000Z</time></trkpt><trkpt lat="46.19526" lon="15.00845"><ele>868.5</ele><time>2000-01-01T08:44:26.000Z</time></trkpt><trkpt lat="46.1953" lon="15.00848"><ele>867</ele><time>2000-01-01T08:44:36.000Z</time></trkpt><trkpt lat="46.19534" lon="15.0085"><ele>865.5</ele><time>2000-01-01T08:44:46.000Z</time></trkpt><trkpt lat="46.19537" lon="15.0085"><ele>864</ele><time>2000-01-01T08:44:56.000Z</time></trkpt><trkpt lat="46.1954" lon="15.00848"><ele>863.75</ele><time>2000-01-01T08:45:06.000Z</time></trkpt><trkpt lat="46.19544" lon="15.00843"><ele>863.5</ele><time>2000-01-01T08:45:16.000Z</time></trkpt><trkpt lat="46.19545" lon="15.00831"><ele>863.25</ele><time>2000-01-01T08:45:26.000Z</time></trkpt><trkpt lat="46.19544" lon="15.00805"><ele>863</ele><time>2000-01-01T08:45:36.000Z</time></trkpt><trkpt lat="46.19545" lon="15.00795"><ele>862</ele><time>2000-01-01T08:45:46.000Z</time></trkpt><trkpt lat="46.19546" lon="15.00789"><ele>861</ele><time>2000-01-01T08:45:56.000Z</time></trkpt><trkpt lat="46.19548" lon="15.00783"><ele>860</ele><time>2000-01-01T08:46:06.000Z</time></trkpt><trkpt lat="46.19553" lon="15.00772"><ele>859</ele><time>2000-01-01T08:46:16.000Z</time></trkpt><trkpt lat="46.19563" lon="15.00763"><ele>859.5</ele><time>2000-01-01T08:46:26.000Z</time></trkpt><trkpt lat="46.19568" lon="15.00756"><ele>860</ele><time>2000-01-01T08:46:36.000Z</time></trkpt><trkpt lat="46.1957" lon="15.00751"><ele>860.5</ele><time>2000-01-01T08:46:46.000Z</time></trkpt><trkpt lat="46.19574" lon="15.00738"><ele>861</ele><time>2000-01-01T08:46:56.000Z</time></trkpt><trkpt lat="46.19574" lon="15.00727"><ele>861</ele><time>2000-01-01T08:47:06.000Z</time></trkpt><trkpt lat="46.19573" lon="15.0071"><ele>861</ele><time>2000-01-01T08:47:16.000Z</time></trkpt><trkpt lat="46.19566" lon="15.00677"><ele>861</ele><time>2000-01-01T08:47:26.000Z</time></trkpt><trkpt lat="46.19558" lon="15.00651"><ele>859.5</ele><time>2000-01-01T08:47:36.000Z</time></trkpt><trkpt lat="46.19557" lon="15.0064"><ele>858</ele><time>2000-01-01T08:47:46.000Z</time></trkpt><trkpt lat="46.19553" lon="15.00621"><ele>856.5</ele><time>2000-01-01T08:47:56.000Z</time></trkpt><trkpt lat="46.19548" lon="15.00591"><ele>855</ele><time>2000-01-01T08:48:06.000Z</time></trkpt><trkpt lat="46.19548" lon="15.00584"><ele>855</ele><time>2000-01-01T08:48:16.000Z</time></trkpt><trkpt lat="46.19547" lon="15.00568"><ele>855</ele><time>2000-01-01T08:48:26.000Z</time></trkpt><trkpt lat="46.19546" lon="15.00565"><ele>855</ele><time>2000-01-01T08:48:36.000Z</time></trkpt><trkpt lat="46.19544" lon="15.00551"><ele>855</ele><time>2000-01-01T08:48:46.000Z</time></trkpt><trkpt lat="46.19542" lon="15.00544"><ele>855</ele><time>2000-01-01T08:48:56.000Z</time></trkpt><trkpt lat="46.19539" lon="15.00536"><ele>855</ele><time>2000-01-01T08:49:06.000Z</time></trkpt><trkpt lat="46.19536" lon="15.0053"><ele>855</ele><time>2000-01-01T08:49:16.000Z</time></trkpt><trkpt lat="46.19532" lon="15.00521"><ele>855</ele><time>2000-01-01T08:49:26.000Z</time></trkpt><trkpt lat="46.19522" lon="15.00499"><ele>855</ele><time>2000-01-01T08:49:36.000Z</time></trkpt><trkpt lat="46.1952" lon="15.00495"><ele>855</ele><time>2000-01-01T08:49:46.000Z</time></trkpt><trkpt lat="46.1952" lon="15.00492"><ele>855</ele><time>2000-01-01T08:49:56.000Z</time></trkpt><trkpt lat="46.19518" lon="15.00488"><ele>855</ele><time>2000-01-01T08:50:06.000Z</time></trkpt><trkpt lat="46.19513" lon="15.00478"><ele>855</ele><time>2000-01-01T08:50:16.000Z</time></trkpt><trkpt lat="46.19507" lon="15.00468"><ele>855</ele><time>2000-01-01T08:50:26.000Z</time></trkpt><trkpt lat="46.19499" lon="15.00451"><ele>854.33</ele><time>2000-01-01T08:50:36.000Z</time></trkpt><trkpt lat="46.19493" lon="15.00441"><ele>853.67</ele><time>2000-01-01T08:50:46.000Z</time></trkpt><trkpt lat="46.19487" lon="15.00429"><ele>853</ele><time>2000-01-01T08:50:56.000Z</time></trkpt><trkpt lat="46.19477" lon="15.00407"><ele>855</ele><time>2000-01-01T08:51:06.000Z</time></trkpt><trkpt lat="46.19471" lon="15.00397"><ele>857</ele><time>2000-01-01T08:51:16.000Z</time></trkpt><trkpt lat="46.19468" lon="15.00391"><ele>857.67</ele><time>2000-01-01T08:51:26.000Z</time></trkpt><trkpt lat="46.19461" lon="15.00366"><ele>858.33</ele><time>2000-01-01T08:51:36.000Z</time></trkpt><trkpt lat="46.19458" lon="15.0035"><ele>859</ele><time>2000-01-01T08:51:46.000Z</time></trkpt><trkpt lat="46.19457" lon="15.00329"><ele>858</ele><time>2000-01-01T08:51:56.000Z</time></trkpt><trkpt lat="46.19454" lon="15.00312"><ele>857</ele><time>2000-01-01T08:52:06.000Z</time></trkpt><trkpt lat="46.19454" lon="15.00305"><ele>856.5</ele><time>2000-01-01T08:52:16.000Z</time></trkpt><trkpt lat="46.19451" lon="15.0029"><ele>856</ele><time>2000-01-01T08:52:26.000Z</time></trkpt><trkpt lat="46.19449" lon="15.00281"><ele>855.5</ele><time>2000-01-01T08:52:36.000Z</time></trkpt><trkpt lat="46.19448" lon="15.00277"><ele>855</ele><time>2000-01-01T08:52:46.000Z</time></trkpt><trkpt lat="46.19449" lon="15.0026"><ele>853.33</ele><time>2000-01-01T08:52:56.000Z</time></trkpt><trkpt lat="46.19451" lon="15.00248"><ele>851.67</ele><time>2000-01-01T08:53:06.000Z</time></trkpt><trkpt lat="46.19459" lon="15.00214"><ele>850</ele><time>2000-01-01T08:53:16.000Z</time></trkpt><trkpt lat="46.19467" lon="15.00199"><ele>842.5</ele><time>2000-01-01T08:53:26.000Z</time></trkpt><trkpt lat="46.19474" lon="15.00177"><ele>835</ele><time>2000-01-01T08:53:36.000Z</time></trkpt><trkpt lat="46.19475" lon="15.00166"><ele>834.75</ele><time>2000-01-01T08:53:46.000Z</time></trkpt><trkpt lat="46.19475" lon="15.00157"><ele>834.5</ele><time>2000-01-01T08:53:56.000Z</time></trkpt><trkpt lat="46.19472" lon="15.00149"><ele>834.25</ele><time>2000-01-01T08:54:06.000Z</time></trkpt><trkpt lat="46.19468" lon="15.00141"><ele>834</ele><time>2000-01-01T08:54:16.000Z</time></trkpt><trkpt lat="46.19464" lon="15.00135"><ele>834</ele><time>2000-01-01T08:54:26.000Z</time></trkpt><trkpt lat="46.19456" lon="15.00126"><ele>834</ele><time>2000-01-01T08:54:36.000Z</time></trkpt><trkpt lat="46.19444" lon="15.00107"><ele>834</ele><time>2000-01-01T08:54:46.000Z</time></trkpt><trkpt lat="46.19442" lon="15.00101"><ele>833.71</ele><time>2000-01-01T08:54:56.000Z</time></trkpt><trkpt lat="46.19441" lon="15.00098"><ele>833.43</ele><time>2000-01-01T08:55:06.000Z</time></trkpt><trkpt lat="46.19441" lon="15.00093"><ele>833.14</ele><time>2000-01-01T08:55:16.000Z</time></trkpt><trkpt lat="46.19443" lon="15.0009"><ele>832.86</ele><time>2000-01-01T08:55:26.000Z</time></trkpt><trkpt lat="46.19446" lon="15.00087"><ele>832.57</ele><time>2000-01-01T08:55:36.000Z</time></trkpt><trkpt lat="46.19449" lon="15.00086"><ele>832.29</ele><time>2000-01-01T08:55:46.000Z</time></trkpt><trkpt lat="46.19456" lon="15.00088"><ele>832</ele><time>2000-01-01T08:55:56.000Z</time></trkpt><trkpt lat="46.19463" lon="15.00094"><ele>832</ele><time>2000-01-01T08:56:06.000Z</time></trkpt><trkpt lat="46.19474" lon="15.001"><ele>832</ele><time>2000-01-01T08:56:16.000Z</time></trkpt><trkpt lat="46.1948" lon="15.00104"><ele>832</ele><time>2000-01-01T08:56:26.000Z</time></trkpt><trkpt lat="46.19495" lon="15.00127"><ele>832.33</ele><time>2000-01-01T08:56:36.000Z</time></trkpt><trkpt lat="46.19497" lon="15.00129"><ele>832.67</ele><time>2000-01-01T08:56:46.000Z</time></trkpt><trkpt lat="46.19498" lon="15.00126"><ele>833</ele><time>2000-01-01T08:56:56.000Z</time></trkpt><trkpt lat="46.19497" lon="15.00122"><ele>832.25</ele><time>2000-01-01T08:57:06.000Z</time></trkpt><trkpt lat="46.19492" lon="15.00112"><ele>831.5</ele><time>2000-01-01T08:57:16.000Z</time></trkpt><trkpt lat="46.19488" lon="15.00097"><ele>830.75</ele><time>2000-01-01T08:57:26.000Z</time></trkpt><trkpt lat="46.19483" lon="15.00084"><ele>830</ele><time>2000-01-01T08:57:36.000Z</time></trkpt><trkpt lat="46.19473" lon="15.0007"><ele>829.25</ele><time>2000-01-01T08:57:46.000Z</time></trkpt><trkpt lat="46.19468" lon="15.00065"><ele>828.5</ele><time>2000-01-01T08:57:56.000Z</time></trkpt><trkpt lat="46.19465" lon="15.0006"><ele>827.75</ele><time>2000-01-01T08:58:06.000Z</time></trkpt><trkpt lat="46.19461" lon="15.00049"><ele>827</ele><time>2000-01-01T08:58:16.000Z</time></trkpt><trkpt lat="46.19458" lon="15.00038"><ele>827</ele><time>2000-01-01T08:58:26.000Z</time></trkpt><trkpt lat="46.1945" lon="15.00014"><ele>827</ele><time>2000-01-01T08:58:36.000Z</time></trkpt><trkpt lat="46.19449" lon="15.00009"><ele>827</ele><time>2000-01-01T08:58:46.000Z</time></trkpt><trkpt lat="46.1945" lon="15.00002"><ele>827</ele><time>2000-01-01T08:58:56.000Z</time></trkpt><trkpt lat="46.1945" lon="14.99998"><ele>827</ele><time>2000-01-01T08:59:06.000Z</time></trkpt><trkpt lat="46.1945" lon="14.99993"><ele>827</ele><time>2000-01-01T08:59:16.000Z</time></trkpt><trkpt lat="46.19451" lon="14.99985"><ele>827</ele><time>2000-01-01T08:59:26.000Z</time></trkpt><trkpt lat="46.19453" lon="14.99977"><ele>827</ele><time>2000-01-01T08:59:36.000Z</time></trkpt><trkpt lat="46.19456" lon="14.99969"><ele>826.8</ele><time>2000-01-01T08:59:46.000Z</time></trkpt><trkpt lat="46.19457" lon="14.99965"><ele>826.6</ele><time>2000-01-01T08:59:56.000Z</time></trkpt><trkpt lat="46.19458" lon="14.99961"><ele>826.4</ele><time>2000-01-01T09:00:06.000Z</time></trkpt><trkpt lat="46.19457" lon="14.99955"><ele>826.2</ele><time>2000-01-01T09:00:16.000Z</time></trkpt><trkpt lat="46.19451" lon="14.99946"><ele>826</ele><time>2000-01-01T09:00:26.000Z</time></trkpt><trkpt lat="46.19451" lon="14.99944"><ele>826.09</ele><time>2000-01-01T09:00:36.000Z</time></trkpt><trkpt lat="46.1945" lon="14.9994"><ele>826.18</ele><time>2000-01-01T09:00:46.000Z</time></trkpt><trkpt lat="46.19449" lon="14.99938"><ele>826.27</ele><time>2000-01-01T09:00:56.000Z</time></trkpt><trkpt lat="46.19447" lon="14.99939"><ele>826.36</ele><time>2000-01-01T09:01:06.000Z</time></trkpt><trkpt lat="46.19447" lon="14.99942"><ele>826.45</ele><time>2000-01-01T09:01:16.000Z</time></trkpt><trkpt lat="46.19445" lon="14.99944"><ele>826.55</ele><time>2000-01-01T09:01:26.000Z</time></trkpt><trkpt lat="46.19445" lon="14.99947"><ele>826.64</ele><time>2000-01-01T09:01:36.000Z</time></trkpt><trkpt lat="46.19445" lon="14.9995"><ele>826.73</ele><time>2000-01-01T09:01:46.000Z</time></trkpt><trkpt lat="46.19444" lon="14.99947"><ele>826.82</ele><time>2000-01-01T09:01:56.000Z</time></trkpt><trkpt lat="46.19447" lon="14.9994"><ele>826.91</ele><time>2000-01-01T09:02:06.000Z</time></trkpt><trkpt lat="46.19447" lon="14.99937"><ele>827</ele><time>2000-01-01T09:02:16.000Z</time></trkpt><trkpt lat="46.19447" lon="14.99927"><ele>826</ele><time>2000-01-01T09:02:26.000Z</time></trkpt><trkpt lat="46.19446" lon="14.99924"><ele>825</ele><time>2000-01-01T09:02:36.000Z</time></trkpt><trkpt lat="46.19446" lon="14.99918"><ele>824</ele><time>2000-01-01T09:02:46.000Z</time></trkpt><trkpt lat="46.19445" lon="14.99908"><ele>823</ele><time>2000-01-01T09:02:56.000Z</time></trkpt><trkpt lat="46.19445" lon="14.99901"><ele>822</ele><time>2000-01-01T09:03:06.000Z</time></trkpt><trkpt lat="46.19446" lon="14.99898"><ele>821.33</ele><time>2000-01-01T09:03:16.000Z</time></trkpt><trkpt lat="46.19448" lon="14.99894"><ele>820.67</ele><time>2000-01-01T09:03:26.000Z</time></trkpt><trkpt lat="46.19449" lon="14.99891"><ele>820</ele><time>2000-01-01T09:03:36.000Z</time></trkpt><trkpt lat="46.19454" lon="14.99885"><ele>819.33</ele><time>2000-01-01T09:03:46.000Z</time></trkpt><trkpt lat="46.19461" lon="14.99877"><ele>818.67</ele><time>2000-01-01T09:03:56.000Z</time></trkpt><trkpt lat="46.1947" lon="14.99873"><ele>818</ele><time>2000-01-01T09:04:06.000Z</time></trkpt><trkpt lat="46.19478" lon="14.99882"><ele>818</ele><time>2000-01-01T09:04:16.000Z</time></trkpt><trkpt lat="46.19481" lon="14.99888"><ele>818</ele><time>2000-01-01T09:04:26.000Z</time></trkpt><trkpt lat="46.19483" lon="14.9989"><ele>818</ele><time>2000-01-01T09:04:36.000Z</time></trkpt><trkpt lat="46.19485" lon="14.99891"><ele>818</ele><time>2000-01-01T09:04:46.000Z</time></trkpt><trkpt lat="46.19488" lon="14.99891"><ele>818</ele><time>2000-01-01T09:04:56.000Z</time></trkpt><trkpt lat="46.1949" lon="14.9989"><ele>818</ele><time>2000-01-01T09:05:06.000Z</time></trkpt><trkpt lat="46.1949" lon="14.99887"><ele>818</ele><time>2000-01-01T09:05:16.000Z</time></trkpt><trkpt lat="46.19489" lon="14.99884"><ele>818</ele><time>2000-01-01T09:05:26.000Z</time></trkpt><trkpt lat="46.19486" lon="14.9988"><ele>818</ele><time>2000-01-01T09:05:36.000Z</time></trkpt><trkpt lat="46.19483" lon="14.99872"><ele>818</ele><time>2000-01-01T09:05:46.000Z</time></trkpt><trkpt lat="46.19477" lon="14.99864"><ele>818</ele><time>2000-01-01T09:05:56.000Z</time></trkpt><trkpt lat="46.19476" lon="14.9986"><ele>818</ele><time>2000-01-01T09:06:06.000Z</time></trkpt><trkpt lat="46.19473" lon="14.99857"><ele>816.67</ele><time>2000-01-01T09:06:16.000Z</time></trkpt><trkpt lat="46.19472" lon="14.99855"><ele>815.33</ele><time>2000-01-01T09:06:26.000Z</time></trkpt><trkpt lat="46.19472" lon="14.99851"><ele>814</ele><time>2000-01-01T09:06:36.000Z</time></trkpt><trkpt lat="46.19471" lon="14.99848"><ele>812.67</ele><time>2000-01-01T09:06:46.000Z</time></trkpt><trkpt lat="46.19471" lon="14.99836"><ele>811.33</ele><time>2000-01-01T09:06:56.000Z</time></trkpt><trkpt lat="46.19473" lon="14.9982"><ele>810</ele><time>2000-01-01T09:07:06.000Z</time></trkpt><trkpt lat="46.19472" lon="14.998"><ele>810</ele><time>2000-01-01T09:07:16.000Z</time></trkpt><trkpt lat="46.19473" lon="14.99795"><ele>810</ele><time>2000-01-01T09:07:26.000Z</time></trkpt><trkpt lat="46.19474" lon="14.99791"><ele>810</ele><time>2000-01-01T09:07:36.000Z</time></trkpt><trkpt lat="46.1948" lon="14.99769"><ele>810</ele><time>2000-01-01T09:07:46.000Z</time></trkpt><trkpt lat="46.19481" lon="14.99765"><ele>809.57</ele><time>2000-01-01T09:07:56.000Z</time></trkpt><trkpt lat="46.19482" lon="14.99762"><ele>809.14</ele><time>2000-01-01T09:08:06.000Z</time></trkpt><trkpt lat="46.19484" lon="14.99757"><ele>808.71</ele><time>2000-01-01T09:08:16.000Z</time></trkpt><trkpt lat="46.19484" lon="14.99751"><ele>808.29</ele><time>2000-01-01T09:08:26.000Z</time></trkpt><trkpt lat="46.19481" lon="14.99746"><ele>807.86</ele><time>2000-01-01T09:08:36.000Z</time></trkpt><trkpt lat="46.1948" lon="14.9974"><ele>807.43</ele><time>2000-01-01T09:08:46.000Z</time></trkpt><trkpt lat="46.19481" lon="14.99733"><ele>807</ele><time>2000-01-01T09:08:56.000Z</time></trkpt><trkpt lat="46.19485" lon="14.99723"><ele>806.5</ele><time>2000-01-01T09:09:06.000Z</time></trkpt><trkpt lat="46.1949" lon="14.99712"><ele>806</ele><time>2000-01-01T09:09:16.000Z</time></trkpt><trkpt lat="46.19493" lon="14.99708"><ele>805.5</ele><time>2000-01-01T09:09:26.000Z</time></trkpt><trkpt lat="46.19501" lon="14.9971"><ele>805</ele><time>2000-01-01T09:09:36.000Z</time></trkpt><trkpt lat="46.19508" lon="14.99717"><ele>804.67</ele><time>2000-01-01T09:09:46.000Z</time></trkpt><trkpt lat="46.19516" lon="14.9972"><ele>804.33</ele><time>2000-01-01T09:09:56.000Z</time></trkpt><trkpt lat="46.19524" lon="14.99727"><ele>804</ele><time>2000-01-01T09:10:06.000Z</time></trkpt><trkpt lat="46.19541" lon="14.99751"><ele>804</ele><time>2000-01-01T09:10:16.000Z</time></trkpt><trkpt lat="46.19542" lon="14.99756"><ele>804</ele><time>2000-01-01T09:10:26.000Z</time></trkpt><trkpt lat="46.19543" lon="14.99758"><ele>804</ele><time>2000-01-01T09:10:36.000Z</time></trkpt><trkpt lat="46.19546" lon="14.99762"><ele>804</ele><time>2000-01-01T09:10:46.000Z</time></trkpt><trkpt lat="46.19549" lon="14.99765"><ele>804</ele><time>2000-01-01T09:10:56.000Z</time></trkpt><trkpt lat="46.1955" lon="14.99767"><ele>804</ele><time>2000-01-01T09:11:06.000Z</time></trkpt><trkpt lat="46.19554" lon="14.9978"><ele>804</ele><time>2000-01-01T09:11:16.000Z</time></trkpt><trkpt lat="46.19556" lon="14.99792"><ele>804</ele><time>2000-01-01T09:11:26.000Z</time></trkpt><trkpt lat="46.19554" lon="14.99786"><ele>804</ele><time>2000-01-01T09:11:36.000Z</time></trkpt><trkpt lat="46.19553" lon="14.99776"><ele>804</ele><time>2000-01-01T09:11:46.000Z</time></trkpt><trkpt lat="46.19547" lon="14.99766"><ele>804</ele><time>2000-01-01T09:11:56.000Z</time></trkpt><trkpt lat="46.19546" lon="14.99762"><ele>804</ele><time>2000-01-01T09:12:06.000Z</time></trkpt><trkpt lat="46.19549" lon="14.99747"><ele>804</ele><time>2000-01-01T09:12:16.000Z</time></trkpt><trkpt lat="46.19552" lon="14.9974"><ele>802.71</ele><time>2000-01-01T09:12:26.000Z</time></trkpt><trkpt lat="46.19553" lon="14.99736"><ele>801.43</ele><time>2000-01-01T09:12:36.000Z</time></trkpt><trkpt lat="46.19554" lon="14.99734"><ele>800.14</ele><time>2000-01-01T09:12:46.000Z</time></trkpt><trkpt lat="46.19556" lon="14.99733"><ele>798.86</ele><time>2000-01-01T09:12:56.000Z</time></trkpt><trkpt lat="46.19559" lon="14.99728"><ele>797.57</ele><time>2000-01-01T09:13:06.000Z</time></trkpt><trkpt lat="46.19563" lon="14.9972"><ele>796.29</ele><time>2000-01-01T09:13:16.000Z</time></trkpt><trkpt lat="46.19564" lon="14.99717"><ele>795</ele><time>2000-01-01T09:13:26.000Z</time></trkpt><trkpt lat="46.19566" lon="14.99713"><ele>795.33</ele><time>2000-01-01T09:13:36.000Z</time></trkpt><trkpt lat="46.19567" lon="14.9971"><ele>795.67</ele><time>2000-01-01T09:13:46.000Z</time></trkpt><trkpt lat="46.19567" lon="14.99706"><ele>796</ele><time>2000-01-01T09:13:56.000Z</time></trkpt><trkpt lat="46.19565" lon="14.997"><ele>796.33</ele><time>2000-01-01T09:14:06.000Z</time></trkpt><trkpt lat="46.19564" lon="14.99698"><ele>796.67</ele><time>2000-01-01T09:14:16.000Z</time></trkpt><trkpt lat="46.19561" lon="14.99698"><ele>797</ele><time>2000-01-01T09:14:26.000Z</time></trkpt><trkpt lat="46.19558" lon="14.99697"><ele>797.33</ele><time>2000-01-01T09:14:36.000Z</time></trkpt><trkpt lat="46.19557" lon="14.99693"><ele>797.67</ele><time>2000-01-01T09:14:46.000Z</time></trkpt><trkpt lat="46.1956" lon="14.99688"><ele>798</ele><time>2000-01-01T09:14:56.000Z</time></trkpt><trkpt lat="46.19557" lon="14.99685"><ele>799</ele><time>2000-01-01T09:15:06.000Z</time></trkpt><trkpt lat="46.19552" lon="14.99685"><ele>800</ele><time>2000-01-01T09:15:16.000Z</time></trkpt><trkpt lat="46.19549" lon="14.99683"><ele>801</ele><time>2000-01-01T09:15:26.000Z</time></trkpt><trkpt lat="46.19541" lon="14.99665"><ele>802</ele><time>2000-01-01T09:15:36.000Z</time></trkpt><trkpt lat="46.19538" lon="14.99661"><ele>802</ele><time>2000-01-01T09:15:46.000Z</time></trkpt><trkpt lat="46.19527" lon="14.99651"><ele>802</ele><time>2000-01-01T09:15:56.000Z</time></trkpt><trkpt lat="46.19525" lon="14.99647"><ele>802</ele><time>2000-01-01T09:16:06.000Z</time></trkpt><trkpt lat="46.19525" lon="14.99644"><ele>802</ele><time>2000-01-01T09:16:16.000Z</time></trkpt><trkpt lat="46.19533" lon="14.99629"><ele>802</ele><time>2000-01-01T09:16:26.000Z</time></trkpt><trkpt lat="46.19544" lon="14.99613"><ele>802</ele><time>2000-01-01T09:16:36.000Z</time></trkpt><trkpt lat="46.19546" lon="14.99608"><ele>802</ele><time>2000-01-01T09:16:46.000Z</time></trkpt><trkpt lat="46.19547" lon="14.99605"><ele>802</ele><time>2000-01-01T09:16:56.000Z</time></trkpt><trkpt lat="46.19546" lon="14.99602"><ele>802</ele><time>2000-01-01T09:17:06.000Z</time></trkpt><trkpt lat="46.19544" lon="14.996"><ele>802</ele><time>2000-01-01T09:17:16.000Z</time></trkpt><trkpt lat="46.19543" lon="14.99597"><ele>800.5</ele><time>2000-01-01T09:17:26.000Z</time></trkpt><trkpt lat="46.19543" lon="14.99589"><ele>799</ele><time>2000-01-01T09:17:36.000Z</time></trkpt><trkpt lat="46.19543" lon="14.99586"><ele>797.5</ele><time>2000-01-01T09:17:46.000Z</time></trkpt><trkpt lat="46.19545" lon="14.99579"><ele>796</ele><time>2000-01-01T09:17:56.000Z</time></trkpt><trkpt lat="46.19546" lon="14.99575"><ele>794.5</ele><time>2000-01-01T09:18:06.000Z</time></trkpt><trkpt lat="46.19554" lon="14.99561"><ele>793</ele><time>2000-01-01T09:18:16.000Z</time></trkpt><trkpt lat="46.19563" lon="14.99549"><ele>790.8</ele><time>2000-01-01T09:18:26.000Z</time></trkpt><trkpt lat="46.19565" lon="14.99547"><ele>788.6</ele><time>2000-01-01T09:18:36.000Z</time></trkpt><trkpt lat="46.1957" lon="14.99545"><ele>786.4</ele><time>2000-01-01T09:18:46.000Z</time></trkpt><trkpt lat="46.19572" lon="14.99544"><ele>784.2</ele><time>2000-01-01T09:18:56.000Z</time></trkpt><trkpt lat="46.19576" lon="14.99539"><ele>782</ele><time>2000-01-01T09:19:06.000Z</time></trkpt><trkpt lat="46.19578" lon="14.99538"><ele>782</ele><time>2000-01-01T09:19:16.000Z</time></trkpt><trkpt lat="46.19584" lon="14.99529"><ele>782</ele><time>2000-01-01T09:19:26.000Z</time></trkpt><trkpt lat="46.19587" lon="14.99519"><ele>782</ele><time>2000-01-01T09:19:36.000Z</time></trkpt><trkpt lat="46.1959" lon="14.99511"><ele>782</ele><time>2000-01-01T09:19:46.000Z</time></trkpt><trkpt lat="46.19591" lon="14.99504"><ele>782</ele><time>2000-01-01T09:19:56.000Z</time></trkpt><trkpt lat="46.19596" lon="14.9949"><ele>781.75</ele><time>2000-01-01T09:20:06.000Z</time></trkpt><trkpt lat="46.196" lon="14.99478"><ele>781.5</ele><time>2000-01-01T09:20:16.000Z</time></trkpt><trkpt lat="46.196" lon="14.99473"><ele>781.25</ele><time>2000-01-01T09:20:26.000Z</time></trkpt><trkpt lat="46.19602" lon="14.99466"><ele>781</ele><time>2000-01-01T09:20:36.000Z</time></trkpt><trkpt lat="46.19612" lon="14.99451"><ele>781</ele><time>2000-01-01T09:20:46.000Z</time></trkpt><trkpt lat="46.19615" lon="14.99441"><ele>781</ele><time>2000-01-01T09:20:56.000Z</time></trkpt><trkpt lat="46.19617" lon="14.99438"><ele>781</ele><time>2000-01-01T09:21:06.000Z</time></trkpt><trkpt lat="46.19621" lon="14.99428"><ele>781</ele><time>2000-01-01T09:21:16.000Z</time></trkpt><trkpt lat="46.19627" lon="14.99415"><ele>781</ele><time>2000-01-01T09:21:26.000Z</time></trkpt><trkpt lat="46.19628" lon="14.9941"><ele>781</ele><time>2000-01-01T09:21:36.000Z</time></trkpt><trkpt lat="46.19636" lon="14.99394"><ele>781</ele><time>2000-01-01T09:21:46.000Z</time></trkpt><trkpt lat="46.19637" lon="14.9939"><ele>781</ele><time>2000-01-01T09:21:56.000Z</time></trkpt><trkpt lat="46.19644" lon="14.99378"><ele>781</ele><time>2000-01-01T09:22:06.000Z</time></trkpt><trkpt lat="46.19646" lon="14.99373"><ele>781</ele><time>2000-01-01T09:22:16.000Z</time></trkpt><trkpt lat="46.19648" lon="14.99372"><ele>781</ele><time>2000-01-01T09:22:26.000Z</time></trkpt><trkpt lat="46.19653" lon="14.9937"><ele>781</ele><time>2000-01-01T09:22:36.000Z</time></trkpt><trkpt lat="46.19658" lon="14.99367"><ele>781</ele><time>2000-01-01T09:22:46.000Z</time></trkpt><trkpt lat="46.19661" lon="14.99366"><ele>779.86</ele><time>2000-01-01T09:22:56.000Z</time></trkpt><trkpt lat="46.19669" lon="14.99364"><ele>778.71</ele><time>2000-01-01T09:23:06.000Z</time></trkpt><trkpt lat="46.19671" lon="14.99365"><ele>777.57</ele><time>2000-01-01T09:23:16.000Z</time></trkpt><trkpt lat="46.19674" lon="14.99364"><ele>776.43</ele><time>2000-01-01T09:23:26.000Z</time></trkpt><trkpt lat="46.19677" lon="14.99364"><ele>775.29</ele><time>2000-01-01T09:23:36.000Z</time></trkpt><trkpt lat="46.1968" lon="14.99365"><ele>774.14</ele><time>2000-01-01T09:23:46.000Z</time></trkpt><trkpt lat="46.19683" lon="14.99366"><ele>773</ele><time>2000-01-01T09:23:56.000Z</time></trkpt><trkpt lat="46.19686" lon="14.99368"><ele>772.75</ele><time>2000-01-01T09:24:06.000Z</time></trkpt><trkpt lat="46.19696" lon="14.99369"><ele>772.5</ele><time>2000-01-01T09:24:16.000Z</time></trkpt><trkpt lat="46.19704" lon="14.99375"><ele>772.25</ele><time>2000-01-01T09:24:26.000Z</time></trkpt><trkpt lat="46.19711" lon="14.99378"><ele>772</ele><time>2000-01-01T09:24:36.000Z</time></trkpt><trkpt lat="46.19726" lon="14.99375"><ele>772</ele><time>2000-01-01T09:24:46.000Z</time></trkpt><trkpt lat="46.19733" lon="14.99371"><ele>772</ele><time>2000-01-01T09:24:56.000Z</time></trkpt><trkpt lat="46.19735" lon="14.99371"><ele>772</ele><time>2000-01-01T09:25:06.000Z</time></trkpt><trkpt lat="46.19741" lon="14.99373"><ele>772.2</ele><time>2000-01-01T09:25:16.000Z</time></trkpt><trkpt lat="46.19747" lon="14.99371"><ele>772.4</ele><time>2000-01-01T09:25:26.000Z</time></trkpt><trkpt lat="46.19752" lon="14.99367"><ele>772.6</ele><time>2000-01-01T09:25:36.000Z</time></trkpt><trkpt lat="46.19756" lon="14.99365"><ele>772.8</ele><time>2000-01-01T09:25:46.000Z</time></trkpt><trkpt lat="46.19763" lon="14.99359"><ele>773</ele><time>2000-01-01T09:25:56.000Z</time></trkpt><trkpt lat="46.19769" lon="14.99355"><ele>773.75</ele><time>2000-01-01T09:26:06.000Z</time></trkpt><trkpt lat="46.19771" lon="14.99352"><ele>774.5</ele><time>2000-01-01T09:26:16.000Z</time></trkpt><trkpt lat="46.19782" lon="14.99343"><ele>775.25</ele><time>2000-01-01T09:26:26.000Z</time></trkpt><trkpt lat="46.19791" lon="14.99339"><ele>776</ele><time>2000-01-01T09:26:36.000Z</time></trkpt><trkpt lat="46.19794" lon="14.99339"><ele>776.25</ele><time>2000-01-01T09:26:46.000Z</time></trkpt><trkpt lat="46.19798" lon="14.99336"><ele>776.5</ele><time>2000-01-01T09:26:56.000Z</time></trkpt><trkpt lat="46.19809" lon="14.99334"><ele>776.75</ele><time>2000-01-01T09:27:06.000Z</time></trkpt><trkpt lat="46.19822" lon="14.99327"><ele>777</ele><time>2000-01-01T09:27:16.000Z</time></trkpt><trkpt lat="46.19831" lon="14.99324"><ele>776.8</ele><time>2000-01-01T09:27:26.000Z</time></trkpt><trkpt lat="46.19835" lon="14.9932"><ele>776.6</ele><time>2000-01-01T09:27:36.000Z</time></trkpt><trkpt lat="46.19839" lon="14.99314"><ele>776.4</ele><time>2000-01-01T09:27:46.000Z</time></trkpt><trkpt lat="46.19841" lon="14.99311"><ele>776.2</ele><time>2000-01-01T09:27:56.000Z</time></trkpt><trkpt lat="46.19842" lon="14.99306"><ele>776</ele><time>2000-01-01T09:28:06.000Z</time></trkpt><trkpt lat="46.19842" lon="14.99298"><ele>776</ele><time>2000-01-01T09:28:16.000Z</time></trkpt><trkpt lat="46.1984" lon="14.99295"><ele>776</ele><time>2000-01-01T09:28:26.000Z</time></trkpt><trkpt lat="46.19829" lon="14.99277"><ele>776</ele><time>2000-01-01T09:28:36.000Z</time></trkpt><trkpt lat="46.19828" lon="14.99274"><ele>776</ele><time>2000-01-01T09:28:46.000Z</time></trkpt><trkpt lat="46.1982" lon="14.99264"><ele>774.33</ele><time>2000-01-01T09:28:56.000Z</time></trkpt><trkpt lat="46.1981" lon="14.99253"><ele>772.67</ele><time>2000-01-01T09:29:06.000Z</time></trkpt><trkpt lat="46.19808" lon="14.9925"><ele>771</ele><time>2000-01-01T09:29:16.000Z</time></trkpt><trkpt lat="46.19801" lon="14.99241"><ele>770.5</ele><time>2000-01-01T09:29:26.000Z</time></trkpt><trkpt lat="46.19785" lon="14.99226"><ele>770</ele><time>2000-01-01T09:29:36.000Z</time></trkpt><trkpt lat="46.1978" lon="14.99222"><ele>769.67</ele><time>2000-01-01T09:29:46.000Z</time></trkpt><trkpt lat="46.19776" lon="14.99218"><ele>769.33</ele><time>2000-01-01T09:29:56.000Z</time></trkpt><trkpt lat="46.19763" lon="14.99208"><ele>769</ele><time>2000-01-01T09:30:06.000Z</time></trkpt><trkpt lat="46.19754" lon="14.99203"><ele>768.67</ele><time>2000-01-01T09:30:16.000Z</time></trkpt><trkpt lat="46.19744" lon="14.99196"><ele>768.33</ele><time>2000-01-01T09:30:26.000Z</time></trkpt><trkpt lat="46.1974" lon="14.99194"><ele>768</ele><time>2000-01-01T09:30:36.000Z</time></trkpt><trkpt lat="46.19737" lon="14.99194"><ele>770</ele><time>2000-01-01T09:30:46.000Z</time></trkpt><trkpt lat="46.19728" lon="14.99194"><ele>772</ele><time>2000-01-01T09:30:56.000Z</time></trkpt><trkpt lat="46.19706" lon="14.99203"><ele>774</ele><time>2000-01-01T09:31:06.000Z</time></trkpt><trkpt lat="46.197" lon="14.99204"><ele>774</ele><time>2000-01-01T09:31:16.000Z</time></trkpt><trkpt lat="46.19696" lon="14.99205"><ele>774</ele><time>2000-01-01T09:31:26.000Z</time></trkpt><trkpt lat="46.19691" lon="14.99206"><ele>774</ele><time>2000-01-01T09:31:36.000Z</time></trkpt><trkpt lat="46.19657" lon="14.99206"><ele>774</ele><time>2000-01-01T09:31:46.000Z</time></trkpt><trkpt lat="46.19655" lon="14.99206"><ele>774.2</ele><time>2000-01-01T09:31:56.000Z</time></trkpt><trkpt lat="46.19648" lon="14.99202"><ele>774.4</ele><time>2000-01-01T09:32:06.000Z</time></trkpt><trkpt lat="46.19643" lon="14.99195"><ele>774.6</ele><time>2000-01-01T09:32:16.000Z</time></trkpt><trkpt lat="46.19639" lon="14.99186"><ele>774.8</ele><time>2000-01-01T09:32:26.000Z</time></trkpt><trkpt lat="46.19634" lon="14.99151"><ele>775</ele><time>2000-01-01T09:32:36.000Z</time></trkpt><trkpt lat="46.19631" lon="14.99138"><ele>776</ele><time>2000-01-01T09:32:46.000Z</time></trkpt><trkpt lat="46.19624" lon="14.99113"><ele>777</ele><time>2000-01-01T09:32:56.000Z</time></trkpt><trkpt lat="46.19619" lon="14.99102"><ele>777</ele><time>2000-01-01T09:33:06.000Z</time></trkpt><trkpt lat="46.19615" lon="14.99084"><ele>777</ele><time>2000-01-01T09:33:16.000Z</time></trkpt><trkpt lat="46.19613" lon="14.99074"><ele>777</ele><time>2000-01-01T09:33:26.000Z</time></trkpt><trkpt lat="46.19608" lon="14.99056"><ele>775.33</ele><time>2000-01-01T09:33:36.000Z</time></trkpt><trkpt lat="46.19602" lon="14.99044"><ele>773.67</ele><time>2000-01-01T09:33:46.000Z</time></trkpt><trkpt lat="46.19599" lon="14.99039"><ele>772</ele><time>2000-01-01T09:33:56.000Z</time></trkpt><trkpt lat="46.19593" lon="14.99033"><ele>772.5</ele><time>2000-01-01T09:34:06.000Z</time></trkpt><trkpt lat="46.19586" lon="14.99028"><ele>773</ele><time>2000-01-01T09:34:16.000Z</time></trkpt><trkpt lat="46.19581" lon="14.99022"><ele>773.5</ele><time>2000-01-01T09:34:26.000Z</time></trkpt><trkpt lat="46.19576" lon="14.99015"><ele>774</ele><time>2000-01-01T09:34:36.000Z</time></trkpt><trkpt lat="46.19567" lon="14.98998"><ele>775</ele><time>2000-01-01T09:34:46.000Z</time></trkpt><trkpt lat="46.19565" lon="14.98993"><ele>776</ele><time>2000-01-01T09:34:56.000Z</time></trkpt><trkpt lat="46.19561" lon="14.98981"><ele>777</ele><time>2000-01-01T09:35:06.000Z</time></trkpt><trkpt lat="46.19559" lon="14.98972"><ele>776.83</ele><time>2000-01-01T09:35:16.000Z</time></trkpt><trkpt lat="46.19558" lon="14.98969"><ele>776.67</ele><time>2000-01-01T09:35:26.000Z</time></trkpt><trkpt lat="46.19554" lon="14.98961"><ele>776.5</ele><time>2000-01-01T09:35:36.000Z</time></trkpt><trkpt lat="46.19553" lon="14.98958"><ele>776.33</ele><time>2000-01-01T09:35:46.000Z</time></trkpt><trkpt lat="46.19552" lon="14.98951"><ele>776.17</ele><time>2000-01-01T09:35:56.000Z</time></trkpt><trkpt lat="46.19545" lon="14.98935"><ele>776</ele><time>2000-01-01T09:36:06.000Z</time></trkpt><trkpt lat="46.19544" lon="14.98927"><ele>776</ele><time>2000-01-01T09:36:16.000Z</time></trkpt><trkpt lat="46.19539" lon="14.98913"><ele>776</ele><time>2000-01-01T09:36:26.000Z</time></trkpt><trkpt lat="46.19539" lon="14.98905"><ele>776</ele><time>2000-01-01T09:36:36.000Z</time></trkpt><trkpt lat="46.1954" lon="14.98884"><ele>776</ele><time>2000-01-01T09:36:46.000Z</time></trkpt><trkpt lat="46.19539" lon="14.98878"><ele>776</ele><time>2000-01-01T09:36:56.000Z</time></trkpt><trkpt lat="46.19544" lon="14.98821"><ele>776</ele><time>2000-01-01T09:37:06.000Z</time></trkpt><trkpt lat="46.19546" lon="14.98816"><ele>777</ele><time>2000-01-01T09:37:16.000Z</time></trkpt><trkpt lat="46.19548" lon="14.98807"><ele>778</ele><time>2000-01-01T09:37:26.000Z</time></trkpt><trkpt lat="46.1955" lon="14.988"><ele>779</ele><time>2000-01-01T09:37:36.000Z</time></trkpt><trkpt lat="46.19551" lon="14.98796"><ele>780</ele><time>2000-01-01T09:37:46.000Z</time></trkpt><trkpt lat="46.19551" lon="14.98789"><ele>781</ele><time>2000-01-01T09:37:56.000Z</time></trkpt><trkpt lat="46.19553" lon="14.98775"><ele>782</ele><time>2000-01-01T09:38:06.000Z</time></trkpt><trkpt lat="46.19553" lon="14.98766"><ele>782.33</ele><time>2000-01-01T09:38:16.000Z</time></trkpt><trkpt lat="46.19556" lon="14.98756"><ele>782.67</ele><time>2000-01-01T09:38:26.000Z</time></trkpt><trkpt lat="46.19564" lon="14.98738"><ele>783</ele><time>2000-01-01T09:38:36.000Z</time></trkpt><trkpt lat="46.19591" lon="14.98694"><ele>772</ele><time>2000-01-01T09:38:46.000Z</time></trkpt><trkpt lat="46.19596" lon="14.98684"><ele>769.8</ele><time>2000-01-01T09:38:56.000Z</time></trkpt><trkpt lat="46.19602" lon="14.9868"><ele>767.6</ele><time>2000-01-01T09:39:06.000Z</time></trkpt><trkpt lat="46.19606" lon="14.9868"><ele>765.4</ele><time>2000-01-01T09:39:16.000Z</time></trkpt><trkpt lat="46.19608" lon="14.98678"><ele>763.2</ele><time>2000-01-01T09:39:26.000Z</time></trkpt><trkpt lat="46.19616" lon="14.98668"><ele>761</ele><time>2000-01-01T09:39:36.000Z</time></trkpt><trkpt lat="46.19622" lon="14.98665"><ele>755</ele><time>2000-01-01T09:39:46.000Z</time></trkpt><trkpt lat="46.1963" lon="14.9866"><ele>749</ele><time>2000-01-01T09:39:56.000Z</time></trkpt><trkpt lat="46.1964" lon="14.98651"><ele>743</ele><time>2000-01-01T09:40:06.000Z</time></trkpt><trkpt lat="46.19641" lon="14.98647"><ele>744</ele><time>2000-01-01T09:40:16.000Z</time></trkpt><trkpt lat="46.19642" lon="14.98631"><ele>745</ele><time>2000-01-01T09:40:26.000Z</time></trkpt><trkpt lat="46.19641" lon="14.98616"><ele>746</ele><time>2000-01-01T09:40:36.000Z</time></trkpt><trkpt lat="46.19642" lon="14.98601"><ele>746.33</ele><time>2000-01-01T09:40:46.000Z</time></trkpt><trkpt lat="46.19637" lon="14.98588"><ele>746.67</ele><time>2000-01-01T09:40:56.000Z</time></trkpt><trkpt lat="46.1963" lon="14.98579"><ele>747</ele><time>2000-01-01T09:41:06.000Z</time></trkpt><trkpt lat="46.19621" lon="14.98573"><ele>747.67</ele><time>2000-01-01T09:41:16.000Z</time></trkpt><trkpt lat="46.19607" lon="14.98571"><ele>748.33</ele><time>2000-01-01T09:41:26.000Z</time></trkpt><trkpt lat="46.19597" lon="14.98568"><ele>749</ele><time>2000-01-01T09:41:36.000Z</time></trkpt><trkpt lat="46.1957" lon="14.98559"><ele>749</ele><time>2000-01-01T09:41:46.000Z</time></trkpt><trkpt lat="46.19565" lon="14.9856"><ele>749</ele><time>2000-01-01T09:41:56.000Z</time></trkpt><trkpt lat="46.19562" lon="14.98559"><ele>749</ele><time>2000-01-01T09:42:06.000Z</time></trkpt><trkpt lat="46.19557" lon="14.98555"><ele>749</ele><time>2000-01-01T09:42:16.000Z</time></trkpt><trkpt lat="46.19556" lon="14.98548"><ele>749</ele><time>2000-01-01T09:42:26.000Z</time></trkpt><trkpt lat="46.19558" lon="14.98533"><ele>749</ele><time>2000-01-01T09:42:36.000Z</time></trkpt><trkpt lat="46.19567" lon="14.98513"><ele>749</ele><time>2000-01-01T09:42:46.000Z</time></trkpt><trkpt lat="46.1958" lon="14.98493"><ele>749</ele><time>2000-01-01T09:42:56.000Z</time></trkpt><trkpt lat="46.19586" lon="14.98483"><ele>751.75</ele><time>2000-01-01T09:43:06.000Z</time></trkpt><trkpt lat="46.19591" lon="14.98475"><ele>754.5</ele><time>2000-01-01T09:43:16.000Z</time></trkpt><trkpt lat="46.19593" lon="14.98469"><ele>757.25</ele><time>2000-01-01T09:43:26.000Z</time></trkpt><trkpt lat="46.19599" lon="14.9846"><ele>760</ele><time>2000-01-01T09:43:36.000Z</time></trkpt><trkpt lat="46.19604" lon="14.9845"><ele>759.5</ele><time>2000-01-01T09:43:46.000Z</time></trkpt><trkpt lat="46.19616" lon="14.9843"><ele>759</ele><time>2000-01-01T09:43:56.000Z</time></trkpt><trkpt lat="46.19622" lon="14.98423"><ele>759.8</ele><time>2000-01-01T09:44:06.000Z</time></trkpt><trkpt lat="46.19624" lon="14.98419"><ele>760.6</ele><time>2000-01-01T09:44:16.000Z</time></trkpt><trkpt lat="46.19626" lon="14.98417"><ele>761.4</ele><time>2000-01-01T09:44:26.000Z</time></trkpt><trkpt lat="46.1963" lon="14.9841"><ele>762.2</ele><time>2000-01-01T09:44:36.000Z</time></trkpt><trkpt lat="46.19635" lon="14.98403"><ele>763</ele><time>2000-01-01T09:44:46.000Z</time></trkpt><trkpt lat="46.19639" lon="14.98394"><ele>763.25</ele><time>2000-01-01T09:44:56.000Z</time></trkpt><trkpt lat="46.19641" lon="14.98386"><ele>763.5</ele><time>2000-01-01T09:45:06.000Z</time></trkpt><trkpt lat="46.19642" lon="14.98383"><ele>763.75</ele><time>2000-01-01T09:45:16.000Z</time></trkpt><trkpt lat="46.1965" lon="14.9837"><ele>764</ele><time>2000-01-01T09:45:26.000Z</time></trkpt><trkpt lat="46.19656" lon="14.98363"><ele>764</ele><time>2000-01-01T09:45:36.000Z</time></trkpt><trkpt lat="46.19669" lon="14.98344"><ele>764</ele><time>2000-01-01T09:45:46.000Z</time></trkpt><trkpt lat="46.19684" lon="14.98325"><ele>764.5</ele><time>2000-01-01T09:45:56.000Z</time></trkpt><trkpt lat="46.19691" lon="14.98311"><ele>765</ele><time>2000-01-01T09:46:06.000Z</time></trkpt><trkpt lat="46.19699" lon="14.98282"><ele>765</ele><time>2000-01-01T09:46:16.000Z</time></trkpt><trkpt lat="46.19707" lon="14.98275"><ele>765</ele><time>2000-01-01T09:46:26.000Z</time></trkpt><trkpt lat="46.19716" lon="14.98274"><ele>765.5</ele><time>2000-01-01T09:46:36.000Z</time></trkpt><trkpt lat="46.19736" lon="14.98271"><ele>766</ele><time>2000-01-01T09:46:46.000Z</time></trkpt><trkpt lat="46.19745" lon="14.98266"><ele>766</ele><time>2000-01-01T09:46:56.000Z</time></trkpt><trkpt lat="46.19759" lon="14.98249"><ele>766</ele><time>2000-01-01T09:47:06.000Z</time></trkpt><trkpt lat="46.19778" lon="14.98236"><ele>765.5</ele><time>2000-01-01T09:47:16.000Z</time></trkpt><trkpt lat="46.19786" lon="14.98226"><ele>765</ele><time>2000-01-01T09:47:26.000Z</time></trkpt><trkpt lat="46.19795" lon="14.98219"><ele>765</ele><time>2000-01-01T09:47:36.000Z</time></trkpt><trkpt lat="46.19805" lon="14.98219"><ele>765</ele><time>2000-01-01T09:47:46.000Z</time></trkpt><trkpt lat="46.19815" lon="14.98221"><ele>765</ele><time>2000-01-01T09:47:56.000Z</time></trkpt><trkpt lat="46.19824" lon="14.98228"><ele>765</ele><time>2000-01-01T09:48:06.000Z</time></trkpt><trkpt lat="46.19835" lon="14.9823"><ele>765</ele><time>2000-01-01T09:48:16.000Z</time></trkpt><trkpt lat="46.19845" lon="14.9823"><ele>765</ele><time>2000-01-01T09:48:26.000Z</time></trkpt><trkpt lat="46.19855" lon="14.98228"><ele>763.33</ele><time>2000-01-01T09:48:36.000Z</time></trkpt><trkpt lat="46.19866" lon="14.98226"><ele>761.67</ele><time>2000-01-01T09:48:46.000Z</time></trkpt><trkpt lat="46.19887" lon="14.98228"><ele>760</ele><time>2000-01-01T09:48:56.000Z</time></trkpt><trkpt lat="46.19896" lon="14.98229"><ele>758</ele><time>2000-01-01T09:49:06.000Z</time></trkpt><trkpt lat="46.19926" lon="14.98229"><ele>756</ele><time>2000-01-01T09:49:16.000Z</time></trkpt><trkpt lat="46.19936" lon="14.9823"><ele>756</ele><time>2000-01-01T09:49:26.000Z</time></trkpt><trkpt lat="46.19956" lon="14.98229"><ele>756</ele><time>2000-01-01T09:49:36.000Z</time></trkpt><trkpt lat="46.19966" lon="14.98231"><ele>756</ele><time>2000-01-01T09:49:46.000Z</time></trkpt><trkpt lat="46.19978" lon="14.98231"><ele>756</ele><time>2000-01-01T09:49:56.000Z</time></trkpt><trkpt lat="46.19996" lon="14.98228"><ele>756</ele><time>2000-01-01T09:50:06.000Z</time></trkpt><trkpt lat="46.20006" lon="14.98229"><ele>755</ele><time>2000-01-01T09:50:16.000Z</time></trkpt><trkpt lat="46.20016" lon="14.9823"><ele>754</ele><time>2000-01-01T09:50:26.000Z</time></trkpt><trkpt lat="46.20036" lon="14.98227"><ele>753</ele><time>2000-01-01T09:50:36.000Z</time></trkpt><trkpt lat="46.20066" lon="14.98227"><ele>747</ele><time>2000-01-01T09:50:46.000Z</time></trkpt><trkpt lat="46.20077" lon="14.98225"><ele>744</ele><time>2000-01-01T09:50:56.000Z</time></trkpt><trkpt lat="46.20086" lon="14.98221"><ele>741</ele><time>2000-01-01T09:51:06.000Z</time></trkpt><trkpt lat="46.20107" lon="14.98219"><ele>738</ele><time>2000-01-01T09:51:16.000Z</time></trkpt><trkpt lat="46.20118" lon="14.98217"><ele>735.67</ele><time>2000-01-01T09:51:26.000Z</time></trkpt><trkpt lat="46.20127" lon="14.98218"><ele>733.33</ele><time>2000-01-01T09:51:36.000Z</time></trkpt><trkpt lat="46.20147" lon="14.98213"><ele>731</ele><time>2000-01-01T09:51:46.000Z</time></trkpt><trkpt lat="46.20158" lon="14.98211"><ele>729.67</ele><time>2000-01-01T09:51:56.000Z</time></trkpt><trkpt lat="46.20168" lon="14.98211"><ele>728.33</ele><time>2000-01-01T09:52:06.000Z</time></trkpt><trkpt lat="46.20178" lon="14.98214"><ele>727</ele><time>2000-01-01T09:52:16.000Z</time></trkpt><trkpt lat="46.20187" lon="14.98219"><ele>723.67</ele><time>2000-01-01T09:52:26.000Z</time></trkpt><trkpt lat="46.20195" lon="14.98226"><ele>720.33</ele><time>2000-01-01T09:52:36.000Z</time></trkpt><trkpt lat="46.20204" lon="14.98229"><ele>717</ele><time>2000-01-01T09:52:46.000Z</time></trkpt><trkpt lat="46.20213" lon="14.98225"><ele>716.5</ele><time>2000-01-01T09:52:56.000Z</time></trkpt><trkpt lat="46.20238" lon="14.98193"><ele>716</ele><time>2000-01-01T09:53:06.000Z</time></trkpt><trkpt lat="46.20245" lon="14.98181"><ele>716</ele><time>2000-01-01T09:53:16.000Z</time></trkpt><trkpt lat="46.2026" lon="14.98156"><ele>716</ele><time>2000-01-01T09:53:26.000Z</time></trkpt><trkpt lat="46.20271" lon="14.98135"><ele>713.5</ele><time>2000-01-01T09:53:36.000Z</time></trkpt><trkpt lat="46.20285" lon="14.98116"><ele>711</ele><time>2000-01-01T09:53:46.000Z</time></trkpt><trkpt lat="46.20292" lon="14.98105"><ele>713.33</ele><time>2000-01-01T09:53:56.000Z</time></trkpt><trkpt lat="46.20296" lon="14.98091"><ele>715.67</ele><time>2000-01-01T09:54:06.000Z</time></trkpt><trkpt lat="46.203" lon="14.98061"><ele>718</ele><time>2000-01-01T09:54:16.000Z</time></trkpt><trkpt lat="46.20298" lon="14.98036"><ele>721.5</ele><time>2000-01-01T09:54:26.000Z</time></trkpt><trkpt lat="46.20298" lon="14.98022"><ele>725</ele><time>2000-01-01T09:54:36.000Z</time></trkpt><trkpt lat="46.20298" lon="14.98003"><ele>723.33</ele><time>2000-01-01T09:54:46.000Z</time></trkpt><trkpt lat="46.20298" lon="14.97989"><ele>721.67</ele><time>2000-01-01T09:54:56.000Z</time></trkpt><trkpt lat="46.20298" lon="14.97975"><ele>720</ele><time>2000-01-01T09:55:06.000Z</time></trkpt><trkpt lat="46.20297" lon="14.97961"><ele>718.33</ele><time>2000-01-01T09:55:16.000Z</time></trkpt><trkpt lat="46.20298" lon="14.97948"><ele>716.67</ele><time>2000-01-01T09:55:26.000Z</time></trkpt><trkpt lat="46.20297" lon="14.97934"><ele>715</ele><time>2000-01-01T09:55:36.000Z</time></trkpt><trkpt lat="46.20296" lon="14.97918"><ele>711.67</ele><time>2000-01-01T09:55:46.000Z</time></trkpt><trkpt lat="46.20295" lon="14.97902"><ele>708.33</ele><time>2000-01-01T09:55:56.000Z</time></trkpt><trkpt lat="46.20295" lon="14.97889"><ele>705</ele><time>2000-01-01T09:56:06.000Z</time></trkpt><trkpt lat="46.20297" lon="14.97876"><ele>704.5</ele><time>2000-01-01T09:56:16.000Z</time></trkpt><trkpt lat="46.20298" lon="14.97844"><ele>704</ele><time>2000-01-01T09:56:26.000Z</time></trkpt><trkpt lat="46.203" lon="14.97831"><ele>703.33</ele><time>2000-01-01T09:56:36.000Z</time></trkpt><trkpt lat="46.203" lon="14.97816"><ele>702.67</ele><time>2000-01-01T09:56:46.000Z</time></trkpt><trkpt lat="46.20298" lon="14.97802"><ele>702</ele><time>2000-01-01T09:56:56.000Z</time></trkpt><trkpt lat="46.20297" lon="14.97789"><ele>700.5</ele><time>2000-01-01T09:57:06.000Z</time></trkpt><trkpt lat="46.20294" lon="14.97757"><ele>699</ele><time>2000-01-01T09:57:16.000Z</time></trkpt><trkpt lat="46.20292" lon="14.97731"><ele>696</ele><time>2000-01-01T09:57:26.000Z</time></trkpt><trkpt lat="46.20292" lon="14.97702"><ele>693</ele><time>2000-01-01T09:57:36.000Z</time></trkpt><trkpt lat="46.20293" lon="14.97689"><ele>686.67</ele><time>2000-01-01T09:57:46.000Z</time></trkpt><trkpt lat="46.20297" lon="14.97673"><ele>680.33</ele><time>2000-01-01T09:57:56.000Z</time></trkpt><trkpt lat="46.20305" lon="14.97648"><ele>674</ele><time>2000-01-01T09:58:06.000Z</time></trkpt><trkpt lat="46.20311" lon="14.97618"><ele>673</ele><time>2000-01-01T09:58:16.000Z</time></trkpt><trkpt lat="46.20316" lon="14.97602"><ele>672</ele><time>2000-01-01T09:58:26.000Z</time></trkpt><trkpt lat="46.20318" lon="14.97588"><ele>671.33</ele><time>2000-01-01T09:58:36.000Z</time></trkpt><trkpt lat="46.20317" lon="14.97573"><ele>670.67</ele><time>2000-01-01T09:58:46.000Z</time></trkpt><trkpt lat="46.20313" lon="14.97561"><ele>670</ele><time>2000-01-01T09:58:56.000Z</time></trkpt><trkpt lat="46.20308" lon="14.97548"><ele>669.67</ele><time>2000-01-01T09:59:06.000Z</time></trkpt><trkpt lat="46.20302" lon="14.97539"><ele>669.33</ele><time>2000-01-01T09:59:16.000Z</time></trkpt><trkpt lat="46.20296" lon="14.97526"><ele>669</ele><time>2000-01-01T09:59:26.000Z</time></trkpt><trkpt lat="46.20293" lon="14.97512"><ele>657</ele><time>2000-01-01T09:59:36.000Z</time></trkpt><trkpt lat="46.20283" lon="14.97483"><ele>645</ele><time>2000-01-01T09:59:46.000Z</time></trkpt><trkpt lat="46.20277" lon="14.97458"><ele>646</ele><time>2000-01-01T09:59:56.000Z</time></trkpt><trkpt lat="46.20277" lon="14.97443"><ele>647</ele><time>2000-01-01T10:00:06.000Z</time></trkpt><trkpt lat="46.20284" lon="14.97423"><ele>648</ele><time>2000-01-01T10:00:16.000Z</time></trkpt><trkpt lat="46.20288" lon="14.97413"><ele>649</ele><time>2000-01-01T10:00:26.000Z</time></trkpt><trkpt lat="46.20294" lon="14.97404"><ele>650</ele><time>2000-01-01T10:00:36.000Z</time></trkpt><trkpt lat="46.20291" lon="14.97391"><ele>652</ele><time>2000-01-01T10:00:46.000Z</time></trkpt><trkpt lat="46.2029" lon="14.97377"><ele>654</ele><time>2000-01-01T10:00:56.000Z</time></trkpt><trkpt lat="46.20292" lon="14.97363"><ele>656</ele><time>2000-01-01T10:01:06.000Z</time></trkpt><trkpt lat="46.20297" lon="14.97352"><ele>657</ele><time>2000-01-01T10:01:16.000Z</time></trkpt><trkpt lat="46.20301" lon="14.9734"><ele>658</ele><time>2000-01-01T10:01:26.000Z</time></trkpt><trkpt lat="46.20293" lon="14.97333"><ele>659</ele><time>2000-01-01T10:01:36.000Z</time></trkpt><trkpt lat="46.20286" lon="14.97321"><ele>662</ele><time>2000-01-01T10:01:46.000Z</time></trkpt><trkpt lat="46.20286" lon="14.97309"><ele>665</ele><time>2000-01-01T10:01:56.000Z</time></trkpt><trkpt lat="46.20285" lon="14.97294"><ele>668</ele><time>2000-01-01T10:02:06.000Z</time></trkpt><trkpt lat="46.20286" lon="14.9728"><ele>668</ele><time>2000-01-01T10:02:16.000Z</time></trkpt><trkpt lat="46.20282" lon="14.97266"><ele>668</ele><time>2000-01-01T10:02:26.000Z</time></trkpt><trkpt lat="46.20282" lon="14.97251"><ele>668</ele><time>2000-01-01T10:02:36.000Z</time></trkpt><trkpt lat="46.20279" lon="14.97225"><ele>670</ele><time>2000-01-01T10:02:46.000Z</time></trkpt><trkpt lat="46.20282" lon="14.97197"><ele>672</ele><time>2000-01-01T10:02:56.000Z</time></trkpt><trkpt lat="46.20285" lon="14.97181"><ele>670.5</ele><time>2000-01-01T10:03:06.000Z</time></trkpt><trkpt lat="46.20287" lon="14.97156"><ele>669</ele><time>2000-01-01T10:03:16.000Z</time></trkpt><trkpt lat="46.20297" lon="14.97132"><ele>669</ele><time>2000-01-01T10:03:26.000Z</time></trkpt><trkpt lat="46.20303" lon="14.97121"><ele>669</ele><time>2000-01-01T10:03:36.000Z</time></trkpt><trkpt lat="46.20305" lon="14.97115"><ele>669</ele><time>2000-01-01T10:03:46.000Z</time></trkpt><trkpt lat="46.20306" lon="14.97103"><ele>669</ele><time>2000-01-01T10:03:56.000Z</time></trkpt><trkpt lat="46.20308" lon="14.97089"><ele>669</ele><time>2000-01-01T10:04:06.000Z</time></trkpt><trkpt lat="46.20308" lon="14.97085"><ele>669</ele><time>2000-01-01T10:04:16.000Z</time></trkpt><trkpt lat="46.20307" lon="14.97076"><ele>670.6</ele><time>2000-01-01T10:04:26.000Z</time></trkpt><trkpt lat="46.20307" lon="14.97072"><ele>672.2</ele><time>2000-01-01T10:04:36.000Z</time></trkpt><trkpt lat="46.20308" lon="14.97059"><ele>673.8</ele><time>2000-01-01T10:04:46.000Z</time></trkpt><trkpt lat="46.20309" lon="14.97057"><ele>675.4</ele><time>2000-01-01T10:04:56.000Z</time></trkpt><trkpt lat="46.20312" lon="14.97042"><ele>677</ele><time>2000-01-01T10:05:06.000Z</time></trkpt><trkpt lat="46.20312" lon="14.97031"><ele>678.75</ele><time>2000-01-01T10:05:16.000Z</time></trkpt><trkpt lat="46.20311" lon="14.9702"><ele>680.5</ele><time>2000-01-01T10:05:26.000Z</time></trkpt><trkpt lat="46.20309" lon="14.9701"><ele>682.25</ele><time>2000-01-01T10:05:36.000Z</time></trkpt><trkpt lat="46.20305" lon="14.96996"><ele>684</ele><time>2000-01-01T10:05:46.000Z</time></trkpt><trkpt lat="46.203" lon="14.96971"><ele>686</ele><time>2000-01-01T10:05:56.000Z</time></trkpt><trkpt lat="46.20299" lon="14.96961"><ele>688</ele><time>2000-01-01T10:06:06.000Z</time></trkpt><trkpt lat="46.20299" lon="14.9695"><ele>689.33</ele><time>2000-01-01T10:06:16.000Z</time></trkpt><trkpt lat="46.20301" lon="14.96934"><ele>690.67</ele><time>2000-01-01T10:06:26.000Z</time></trkpt><trkpt lat="46.20302" lon="14.96919"><ele>692</ele><time>2000-01-01T10:06:36.000Z</time></trkpt><trkpt lat="46.20309" lon="14.96892"><ele>692.5</ele><time>2000-01-01T10:06:46.000Z</time></trkpt><trkpt lat="46.20311" lon="14.96879"><ele>693</ele><time>2000-01-01T10:06:56.000Z</time></trkpt><trkpt lat="46.20315" lon="14.96867"><ele>693.33</ele><time>2000-01-01T10:07:06.000Z</time></trkpt><trkpt lat="46.20319" lon="14.96854"><ele>693.67</ele><time>2000-01-01T10:07:16.000Z</time></trkpt><trkpt lat="46.2033" lon="14.96823"><ele>694</ele><time>2000-01-01T10:07:26.000Z</time></trkpt><trkpt lat="46.20332" lon="14.96816"><ele>695.67</ele><time>2000-01-01T10:07:36.000Z</time></trkpt><trkpt lat="46.20333" lon="14.96812"><ele>697.33</ele><time>2000-01-01T10:07:46.000Z</time></trkpt><trkpt lat="46.20337" lon="14.96801"><ele>699</ele><time>2000-01-01T10:07:56.000Z</time></trkpt><trkpt lat="46.20339" lon="14.96798"><ele>700.67</ele><time>2000-01-01T10:08:06.000Z</time></trkpt><trkpt lat="46.20341" lon="14.96798"><ele>702.33</ele><time>2000-01-01T10:08:16.000Z</time></trkpt><trkpt lat="46.20348" lon="14.96792"><ele>704</ele><time>2000-01-01T10:08:26.000Z</time></trkpt><trkpt lat="46.20359" lon="14.96788"><ele>704.67</ele><time>2000-01-01T10:08:36.000Z</time></trkpt><trkpt lat="46.20361" lon="14.96786"><ele>705.33</ele><time>2000-01-01T10:08:46.000Z</time></trkpt><trkpt lat="46.20373" lon="14.96786"><ele>706</ele><time>2000-01-01T10:08:56.000Z</time></trkpt><trkpt lat="46.20378" lon="14.96787"><ele>706.33</ele><time>2000-01-01T10:09:06.000Z</time></trkpt><trkpt lat="46.20381" lon="14.96789"><ele>706.67</ele><time>2000-01-01T10:09:16.000Z</time></trkpt><trkpt lat="46.20396" lon="14.96799"><ele>707</ele><time>2000-01-01T10:09:26.000Z</time></trkpt><trkpt lat="46.20407" lon="14.96802"><ele>707.25</ele><time>2000-01-01T10:09:36.000Z</time></trkpt><trkpt lat="46.20413" lon="14.96805"><ele>707.5</ele><time>2000-01-01T10:09:46.000Z</time></trkpt><trkpt lat="46.20416" lon="14.96806"><ele>707.75</ele><time>2000-01-01T10:09:56.000Z</time></trkpt><trkpt lat="46.20429" lon="14.96812"><ele>708</ele><time>2000-01-01T10:10:06.000Z</time></trkpt><trkpt lat="46.20431" lon="14.96814"><ele>708</ele><time>2000-01-01T10:10:16.000Z</time></trkpt><trkpt lat="46.20439" lon="14.96829"><ele>708</ele><time>2000-01-01T10:10:26.000Z</time></trkpt><trkpt lat="46.20444" lon="14.96834"><ele>708</ele><time>2000-01-01T10:10:36.000Z</time></trkpt><trkpt lat="46.20451" lon="14.96845"><ele>708</ele><time>2000-01-01T10:10:46.000Z</time></trkpt><trkpt lat="46.20454" lon="14.96848"><ele>708.5</ele><time>2000-01-01T10:10:56.000Z</time></trkpt><trkpt lat="46.20458" lon="14.96849"><ele>709</ele><time>2000-01-01T10:11:06.000Z</time></trkpt><trkpt lat="46.2046" lon="14.96851"><ele>709.5</ele><time>2000-01-01T10:11:16.000Z</time></trkpt><trkpt lat="46.20462" lon="14.96854"><ele>710</ele><time>2000-01-01T10:11:26.000Z</time></trkpt><trkpt lat="46.20465" lon="14.96854"><ele>710.5</ele><time>2000-01-01T10:11:36.000Z</time></trkpt><trkpt lat="46.20473" lon="14.96864"><ele>711</ele><time>2000-01-01T10:11:46.000Z</time></trkpt><trkpt lat="46.20479" lon="14.9687"><ele>711.8</ele><time>2000-01-01T10:11:56.000Z</time></trkpt><trkpt lat="46.20481" lon="14.96873"><ele>712.6</ele><time>2000-01-01T10:12:06.000Z</time></trkpt><trkpt lat="46.20481" lon="14.96878"><ele>713.4</ele><time>2000-01-01T10:12:16.000Z</time></trkpt><trkpt lat="46.2048" lon="14.96887"><ele>714.2</ele><time>2000-01-01T10:12:26.000Z</time></trkpt><trkpt lat="46.20481" lon="14.96898"><ele>715</ele><time>2000-01-01T10:12:36.000Z</time></trkpt><trkpt lat="46.20485" lon="14.96903"><ele>715.8</ele><time>2000-01-01T10:12:46.000Z</time></trkpt><trkpt lat="46.20488" lon="14.96906"><ele>716.6</ele><time>2000-01-01T10:12:56.000Z</time></trkpt><trkpt lat="46.20491" lon="14.96901"><ele>717.4</ele><time>2000-01-01T10:13:06.000Z</time></trkpt><trkpt lat="46.2049" lon="14.96893"><ele>718.2</ele><time>2000-01-01T10:13:16.000Z</time></trkpt><trkpt lat="46.20486" lon="14.96879"><ele>719</ele><time>2000-01-01T10:13:26.000Z</time></trkpt><trkpt lat="46.20483" lon="14.96873"><ele>718.75</ele><time>2000-01-01T10:13:36.000Z</time></trkpt><trkpt lat="46.20479" lon="14.96868"><ele>718.5</ele><time>2000-01-01T10:13:46.000Z</time></trkpt><trkpt lat="46.20477" lon="14.96865"><ele>718.25</ele><time>2000-01-01T10:13:56.000Z</time></trkpt><trkpt lat="46.20467" lon="14.96846"><ele>718</ele><time>2000-01-01T10:14:06.000Z</time></trkpt><trkpt lat="46.20462" lon="14.96831"><ele>719.33</ele><time>2000-01-01T10:14:16.000Z</time></trkpt><trkpt lat="46.20458" lon="14.96821"><ele>720.67</ele><time>2000-01-01T10:14:26.000Z</time></trkpt><trkpt lat="46.20455" lon="14.9681"><ele>722</ele><time>2000-01-01T10:14:36.000Z</time></trkpt><trkpt lat="46.20452" lon="14.96795"><ele>723.33</ele><time>2000-01-01T10:14:46.000Z</time></trkpt><trkpt lat="46.20449" lon="14.96788"><ele>724.67</ele><time>2000-01-01T10:14:56.000Z</time></trkpt><trkpt lat="46.20448" lon="14.96775"><ele>726</ele><time>2000-01-01T10:15:06.000Z</time></trkpt><trkpt lat="46.20448" lon="14.96767"><ele>727</ele><time>2000-01-01T10:15:16.000Z</time></trkpt><trkpt lat="46.20434" lon="14.96724"><ele>728</ele><time>2000-01-01T10:15:26.000Z</time></trkpt><trkpt lat="46.20431" lon="14.96718"><ele>730</ele><time>2000-01-01T10:15:36.000Z</time></trkpt><trkpt lat="46.20427" lon="14.96713"><ele>732</ele><time>2000-01-01T10:15:46.000Z</time></trkpt><trkpt lat="46.20421" lon="14.96705"><ele>734</ele><time>2000-01-01T10:15:56.000Z</time></trkpt><trkpt lat="46.20415" lon="14.96698"><ele>736</ele><time>2000-01-01T10:16:06.000Z</time></trkpt><trkpt lat="46.20412" lon="14.96696"><ele>736.5</ele><time>2000-01-01T10:16:16.000Z</time></trkpt><trkpt lat="46.20401" lon="14.96689"><ele>737</ele><time>2000-01-01T10:16:26.000Z</time></trkpt><trkpt lat="46.20397" lon="14.96685"><ele>737.5</ele><time>2000-01-01T10:16:36.000Z</time></trkpt><trkpt lat="46.20387" lon="14.9668"><ele>738</ele><time>2000-01-01T10:16:46.000Z</time></trkpt><trkpt lat="46.2038" lon="14.9668"><ele>738.5</ele><time>2000-01-01T10:16:56.000Z</time></trkpt><trkpt lat="46.20373" lon="14.96682"><ele>739</ele><time>2000-01-01T10:17:06.000Z</time></trkpt><trkpt lat="46.20368" lon="14.96682"><ele>739.5</ele><time>2000-01-01T10:17:16.000Z</time></trkpt><trkpt lat="46.20358" lon="14.96677"><ele>740</ele><time>2000-01-01T10:17:26.000Z</time></trkpt><trkpt lat="46.20353" lon="14.96674"><ele>739</ele><time>2000-01-01T10:17:36.000Z</time></trkpt><trkpt lat="46.20339" lon="14.9666"><ele>738</ele><time>2000-01-01T10:17:46.000Z</time></trkpt><trkpt lat="46.20323" lon="14.96638"><ele>737</ele><time>2000-01-01T10:17:56.000Z</time></trkpt><trkpt lat="46.20305" lon="14.96618"><ele>736</ele><time>2000-01-01T10:18:06.000Z</time></trkpt><trkpt lat="46.20275" lon="14.9659"><ele>735</ele><time>2000-01-01T10:18:16.000Z</time></trkpt><trkpt lat="46.20271" lon="14.96595"><ele>735.4</ele><time>2000-01-01T10:18:26.000Z</time></trkpt><trkpt lat="46.20267" lon="14.96598"><ele>735.8</ele><time>2000-01-01T10:18:36.000Z</time></trkpt><trkpt lat="46.20261" lon="14.966"><ele>736.2</ele><time>2000-01-01T10:18:46.000Z</time></trkpt><trkpt lat="46.20255" lon="14.96601"><ele>736.6</ele><time>2000-01-01T10:18:56.000Z</time></trkpt><trkpt lat="46.2025" lon="14.96602"><ele>737</ele><time>2000-01-01T10:19:06.000Z</time></trkpt><trkpt lat="46.20245" lon="14.96605"><ele>737.5</ele><time>2000-01-01T10:19:16.000Z</time></trkpt><trkpt lat="46.20235" lon="14.96609"><ele>738</ele><time>2000-01-01T10:19:26.000Z</time></trkpt><trkpt lat="46.20231" lon="14.96612"><ele>738.5</ele><time>2000-01-01T10:19:36.000Z</time></trkpt><trkpt lat="46.20214" lon="14.9662"><ele>739</ele><time>2000-01-01T10:19:46.000Z</time></trkpt><trkpt lat="46.20211" lon="14.96626"><ele>739.17</ele><time>2000-01-01T10:19:56.000Z</time></trkpt><trkpt lat="46.20211" lon="14.96629"><ele>739.33</ele><time>2000-01-01T10:20:06.000Z</time></trkpt><trkpt lat="46.20213" lon="14.96634"><ele>739.5</ele><time>2000-01-01T10:20:16.000Z</time></trkpt><trkpt lat="46.20213" lon="14.96638"><ele>739.67</ele><time>2000-01-01T10:20:26.000Z</time></trkpt><trkpt lat="46.20212" lon="14.96642"><ele>739.83</ele><time>2000-01-01T10:20:36.000Z</time></trkpt><trkpt lat="46.20212" lon="14.96661"><ele>740</ele><time>2000-01-01T10:20:46.000Z</time></trkpt><trkpt lat="46.20213" lon="14.96667"><ele>740</ele><time>2000-01-01T10:20:56.000Z</time></trkpt><trkpt lat="46.20215" lon="14.96674"><ele>740</ele><time>2000-01-01T10:21:06.000Z</time></trkpt><trkpt lat="46.20215" lon="14.96681"><ele>740</ele><time>2000-01-01T10:21:16.000Z</time></trkpt><trkpt lat="46.20213" lon="14.96687"><ele>740</ele><time>2000-01-01T10:21:26.000Z</time></trkpt><trkpt lat="46.2021" lon="14.96703"><ele>740</ele><time>2000-01-01T10:21:36.000Z</time></trkpt><trkpt lat="46.20208" lon="14.96716"><ele>741.33</ele><time>2000-01-01T10:21:46.000Z</time></trkpt><trkpt lat="46.20206" lon="14.96733"><ele>742.67</ele><time>2000-01-01T10:21:56.000Z</time></trkpt><trkpt lat="46.20204" lon="14.96745"><ele>744</ele><time>2000-01-01T10:22:06.000Z</time></trkpt><trkpt lat="46.20204" lon="14.9675"><ele>745.33</ele><time>2000-01-01T10:22:16.000Z</time></trkpt><trkpt lat="46.20199" lon="14.96772"><ele>746.67</ele><time>2000-01-01T10:22:26.000Z</time></trkpt><trkpt lat="46.20196" lon="14.96781"><ele>748</ele><time>2000-01-01T10:22:36.000Z</time></trkpt><trkpt lat="46.20193" lon="14.9679"><ele>751.25</ele><time>2000-01-01T10:22:46.000Z</time></trkpt><trkpt lat="46.20191" lon="14.96798"><ele>754.5</ele><time>2000-01-01T10:22:56.000Z</time></trkpt><trkpt lat="46.20187" lon="14.96807"><ele>757.75</ele><time>2000-01-01T10:23:06.000Z</time></trkpt><trkpt lat="46.20183" lon="14.96813"><ele>761</ele><time>2000-01-01T10:23:16.000Z</time></trkpt><trkpt lat="46.20181" lon="14.96819"><ele>761.75</ele><time>2000-01-01T10:23:26.000Z</time></trkpt><trkpt lat="46.20177" lon="14.96826"><ele>762.5</ele><time>2000-01-01T10:23:36.000Z</time></trkpt><trkpt lat="46.20176" lon="14.96828"><ele>763.25</ele><time>2000-01-01T10:23:46.000Z</time></trkpt><trkpt lat="46.20174" lon="14.9683"><ele>764</ele><time>2000-01-01T10:23:56.000Z</time></trkpt><trkpt lat="46.20171" lon="14.9683"><ele>764.75</ele><time>2000-01-01T10:24:06.000Z</time></trkpt><trkpt lat="46.20169" lon="14.96831"><ele>765.5</ele><time>2000-01-01T10:24:16.000Z</time></trkpt><trkpt lat="46.20167" lon="14.96832"><ele>766.25</ele><time>2000-01-01T10:24:26.000Z</time></trkpt><trkpt lat="46.20159" lon="14.96829"><ele>767</ele><time>2000-01-01T10:24:36.000Z</time></trkpt><trkpt lat="46.20155" lon="14.96821"><ele>769</ele><time>2000-01-01T10:24:46.000Z</time></trkpt><trkpt lat="46.20151" lon="14.968"><ele>771</ele><time>2000-01-01T10:24:56.000Z</time></trkpt><trkpt lat="46.20148" lon="14.96792"><ele>773</ele><time>2000-01-01T10:25:06.000Z</time></trkpt><trkpt lat="46.20145" lon="14.96776"><ele>773</ele><time>2000-01-01T10:25:16.000Z</time></trkpt><trkpt lat="46.20144" lon="14.96772"><ele>773</ele><time>2000-01-01T10:25:26.000Z</time></trkpt><trkpt lat="46.20142" lon="14.96763"><ele>773</ele><time>2000-01-01T10:25:36.000Z</time></trkpt><trkpt lat="46.20142" lon="14.96755"><ele>773</ele><time>2000-01-01T10:25:46.000Z</time></trkpt><trkpt lat="46.20139" lon="14.9673"><ele>773.5</ele><time>2000-01-01T10:25:56.000Z</time></trkpt><trkpt lat="46.20137" lon="14.96714"><ele>774</ele><time>2000-01-01T10:26:06.000Z</time></trkpt><trkpt lat="46.20133" lon="14.96688"><ele>774.5</ele><time>2000-01-01T10:26:16.000Z</time></trkpt><trkpt lat="46.2013" lon="14.96676"><ele>775</ele><time>2000-01-01T10:26:26.000Z</time></trkpt><trkpt lat="46.20125" lon="14.96668"><ele>775</ele><time>2000-01-01T10:26:36.000Z</time></trkpt><trkpt lat="46.20121" lon="14.96661"><ele>775</ele><time>2000-01-01T10:26:46.000Z</time></trkpt><trkpt lat="46.20112" lon="14.96651"><ele>775</ele><time>2000-01-01T10:26:56.000Z</time></trkpt><trkpt lat="46.20106" lon="14.96648"><ele>775</ele><time>2000-01-01T10:27:06.000Z</time></trkpt><trkpt lat="46.20099" lon="14.96642"><ele>776.6</ele><time>2000-01-01T10:27:16.000Z</time></trkpt><trkpt lat="46.20097" lon="14.96641"><ele>778.2</ele><time>2000-01-01T10:27:26.000Z</time></trkpt><trkpt lat="46.20093" lon="14.9664"><ele>779.8</ele><time>2000-01-01T10:27:36.000Z</time></trkpt><trkpt lat="46.20088" lon="14.96638"><ele>781.4</ele><time>2000-01-01T10:27:46.000Z</time></trkpt><trkpt lat="46.20078" lon="14.96637"><ele>783</ele><time>2000-01-01T10:27:56.000Z</time></trkpt><trkpt lat="46.20069" lon="14.96639"><ele>784.67</ele><time>2000-01-01T10:28:06.000Z</time></trkpt><trkpt lat="46.20061" lon="14.96633"><ele>786.33</ele><time>2000-01-01T10:28:16.000Z</time></trkpt><trkpt lat="46.20054" lon="14.96624"><ele>788</ele><time>2000-01-01T10:28:26.000Z</time></trkpt><trkpt lat="46.20035" lon="14.96611"><ele>791.5</ele><time>2000-01-01T10:28:36.000Z</time></trkpt><trkpt lat="46.20027" lon="14.96604"><ele>795</ele><time>2000-01-01T10:28:46.000Z</time></trkpt><trkpt lat="46.20019" lon="14.96599"><ele>795</ele><time>2000-01-01T10:28:56.000Z</time></trkpt><trkpt lat="46.20014" lon="14.96587"><ele>795</ele><time>2000-01-01T10:29:06.000Z</time></trkpt><trkpt lat="46.20007" lon="14.96578"><ele>795</ele><time>2000-01-01T10:29:16.000Z</time></trkpt><trkpt lat="46.20002" lon="14.96566"><ele>795</ele><time>2000-01-01T10:29:26.000Z</time></trkpt><trkpt lat="46.19994" lon="14.96557"><ele>795</ele><time>2000-01-01T10:29:36.000Z</time></trkpt><trkpt lat="46.1999" lon="14.96545"><ele>795</ele><time>2000-01-01T10:29:46.000Z</time></trkpt><trkpt lat="46.19997" lon="14.96554"><ele>795.57</ele><time>2000-01-01T10:29:56.000Z</time></trkpt><trkpt lat="46.19998" lon="14.96556"><ele>796.14</ele><time>2000-01-01T10:30:06.000Z</time></trkpt><trkpt lat="46.19998" lon="14.9656"><ele>796.71</ele><time>2000-01-01T10:30:16.000Z</time></trkpt><trkpt lat="46.19999" lon="14.96563"><ele>797.29</ele><time>2000-01-01T10:30:26.000Z</time></trkpt><trkpt lat="46.20002" lon="14.9657"><ele>797.86</ele><time>2000-01-01T10:30:36.000Z</time></trkpt><trkpt lat="46.20003" lon="14.96573"><ele>798.43</ele><time>2000-01-01T10:30:46.000Z</time></trkpt><trkpt lat="46.20003" lon="14.96581"><ele>799</ele><time>2000-01-01T10:30:56.000Z</time></trkpt><trkpt lat="46.20008" lon="14.96611"><ele>801.5</ele><time>2000-01-01T10:31:06.000Z</time></trkpt><trkpt lat="46.20008" lon="14.96617"><ele>804</ele><time>2000-01-01T10:31:16.000Z</time></trkpt><trkpt lat="46.20011" lon="14.9663"><ele>805.5</ele><time>2000-01-01T10:31:26.000Z</time></trkpt><trkpt lat="46.20012" lon="14.96642"><ele>807</ele><time>2000-01-01T10:31:36.000Z</time></trkpt><trkpt lat="46.20011" lon="14.96647"><ele>808.5</ele><time>2000-01-01T10:31:46.000Z</time></trkpt><trkpt lat="46.20015" lon="14.96678"><ele>810</ele><time>2000-01-01T10:31:56.000Z</time></trkpt><trkpt lat="46.20015" lon="14.96685"><ele>814.2</ele><time>2000-01-01T10:32:06.000Z</time></trkpt><trkpt lat="46.20016" lon="14.96693"><ele>818.4</ele><time>2000-01-01T10:32:16.000Z</time></trkpt><trkpt lat="46.20017" lon="14.96699"><ele>822.6</ele><time>2000-01-01T10:32:26.000Z</time></trkpt><trkpt lat="46.20017" lon="14.96707"><ele>826.8</ele><time>2000-01-01T10:32:36.000Z</time></trkpt><trkpt lat="46.20018" lon="14.96732"><ele>831</ele><time>2000-01-01T10:32:46.000Z</time></trkpt><trkpt lat="46.20017" lon="14.96736"><ele>831.25</ele><time>2000-01-01T10:32:56.000Z</time></trkpt><trkpt lat="46.20018" lon="14.9675"><ele>831.5</ele><time>2000-01-01T10:33:06.000Z</time></trkpt><trkpt lat="46.20018" lon="14.96759"><ele>831.75</ele><time>2000-01-01T10:33:16.000Z</time></trkpt><trkpt lat="46.20018" lon="14.96771"><ele>832</ele><time>2000-01-01T10:33:26.000Z</time></trkpt><trkpt lat="46.20017" lon="14.96776"><ele>831.17</ele><time>2000-01-01T10:33:36.000Z</time></trkpt><trkpt lat="46.20018" lon="14.96786"><ele>830.33</ele><time>2000-01-01T10:33:46.000Z</time></trkpt><trkpt lat="46.20017" lon="14.9679"><ele>829.5</ele><time>2000-01-01T10:33:56.000Z</time></trkpt><trkpt lat="46.20018" lon="14.96793"><ele>828.67</ele><time>2000-01-01T10:34:06.000Z</time></trkpt><trkpt lat="46.20017" lon="14.96797"><ele>827.83</ele><time>2000-01-01T10:34:16.000Z</time></trkpt><trkpt lat="46.20018" lon="14.96812"><ele>827</ele><time>2000-01-01T10:34:26.000Z</time></trkpt><trkpt lat="46.20018" lon="14.96818"><ele>828.67</ele><time>2000-01-01T10:34:36.000Z</time></trkpt><trkpt lat="46.20021" lon="14.96826"><ele>830.33</ele><time>2000-01-01T10:34:46.000Z</time></trkpt><trkpt lat="46.20021" lon="14.96832"><ele>832</ele><time>2000-01-01T10:34:56.000Z</time></trkpt><trkpt lat="46.20022" lon="14.96836"><ele>833.67</ele><time>2000-01-01T10:35:06.000Z</time></trkpt><trkpt lat="46.20022" lon="14.96839"><ele>835.33</ele><time>2000-01-01T10:35:16.000Z</time></trkpt><trkpt lat="46.2002" lon="14.96851"><ele>837</ele><time>2000-01-01T10:35:26.000Z</time></trkpt><trkpt lat="46.20021" lon="14.96858"><ele>839.2</ele><time>2000-01-01T10:35:36.000Z</time></trkpt><trkpt lat="46.2002" lon="14.96867"><ele>841.4</ele><time>2000-01-01T10:35:46.000Z</time></trkpt><trkpt lat="46.20019" lon="14.9687"><ele>843.6</ele><time>2000-01-01T10:35:56.000Z</time></trkpt><trkpt lat="46.20018" lon="14.96885"><ele>845.8</ele><time>2000-01-01T10:36:06.000Z</time></trkpt><trkpt lat="46.20018" lon="14.96896"><ele>848</ele><time>2000-01-01T10:36:16.000Z</time></trkpt><trkpt lat="46.20017" lon="14.96904"><ele>848</ele><time>2000-01-01T10:36:26.000Z</time></trkpt><trkpt lat="46.20016" lon="14.96911"><ele>848</ele><time>2000-01-01T10:36:36.000Z</time></trkpt><trkpt lat="46.20015" lon="14.96916"><ele>848</ele><time>2000-01-01T10:36:46.000Z</time></trkpt><trkpt lat="46.20013" lon="14.96922"><ele>848</ele><time>2000-01-01T10:36:56.000Z</time></trkpt><trkpt lat="46.20008" lon="14.96937"><ele>848</ele><time>2000-01-01T10:37:06.000Z</time></trkpt><trkpt lat="46.20003" lon="14.96943"><ele>850.33</ele><time>2000-01-01T10:37:16.000Z</time></trkpt><trkpt lat="46.19998" lon="14.96953"><ele>852.67</ele><time>2000-01-01T10:37:26.000Z</time></trkpt><trkpt lat="46.19998" lon="14.96956"><ele>855</ele><time>2000-01-01T10:37:36.000Z</time></trkpt><trkpt lat="46.19995" lon="14.96961"><ele>857.33</ele><time>2000-01-01T10:37:46.000Z</time></trkpt><trkpt lat="46.19994" lon="14.96963"><ele>859.67</ele><time>2000-01-01T10:37:56.000Z</time></trkpt><trkpt lat="46.19988" lon="14.96974"><ele>862</ele><time>2000-01-01T10:38:06.000Z</time></trkpt><trkpt lat="46.19988" lon="14.96988"><ele>867</ele><time>2000-01-01T10:38:16.000Z</time></trkpt><trkpt lat="46.19989" lon="14.96998"><ele>872</ele><time>2000-01-01T10:38:26.000Z</time></trkpt><trkpt lat="46.1998" lon="14.96995"><ele>877</ele><time>2000-01-01T10:38:36.000Z</time></trkpt><trkpt lat="46.19972" lon="14.96986"><ele>877</ele><time>2000-01-01T10:38:46.000Z</time></trkpt><trkpt lat="46.19964" lon="14.9696"><ele>877</ele><time>2000-01-01T10:38:56.000Z</time></trkpt><trkpt lat="46.19964" lon="14.96946"><ele>875.75</ele><time>2000-01-01T10:39:06.000Z</time></trkpt><trkpt lat="46.19969" lon="14.96935"><ele>874.5</ele><time>2000-01-01T10:39:16.000Z</time></trkpt><trkpt lat="46.19971" lon="14.96932"><ele>873.25</ele><time>2000-01-01T10:39:26.000Z</time></trkpt><trkpt lat="46.19972" lon="14.96927"><ele>872</ele><time>2000-01-01T10:39:36.000Z</time></trkpt><trkpt lat="46.19972" lon="14.96924"><ele>873.86</ele><time>2000-01-01T10:39:46.000Z</time></trkpt><trkpt lat="46.19975" lon="14.96916"><ele>875.71</ele><time>2000-01-01T10:39:56.000Z</time></trkpt><trkpt lat="46.19976" lon="14.96913"><ele>877.57</ele><time>2000-01-01T10:40:06.000Z</time></trkpt><trkpt lat="46.19977" lon="14.96911"><ele>879.43</ele><time>2000-01-01T10:40:16.000Z</time></trkpt><trkpt lat="46.19976" lon="14.96908"><ele>881.29</ele><time>2000-01-01T10:40:26.000Z</time></trkpt><trkpt lat="46.19972" lon="14.96901"><ele>883.14</ele><time>2000-01-01T10:40:36.000Z</time></trkpt><trkpt lat="46.19967" lon="14.96889"><ele>885</ele><time>2000-01-01T10:40:46.000Z</time></trkpt><trkpt lat="46.19958" lon="14.96857"><ele>892</ele><time>2000-01-01T10:40:56.000Z</time></trkpt><trkpt lat="46.19955" lon="14.96854"><ele>899</ele><time>2000-01-01T10:41:06.000Z</time></trkpt><trkpt lat="46.19943" lon="14.96831"><ele>900.5</ele><time>2000-01-01T10:41:16.000Z</time></trkpt><trkpt lat="46.19942" lon="14.96824"><ele>902</ele><time>2000-01-01T10:41:26.000Z</time></trkpt><trkpt lat="46.1994" lon="14.96819"><ele>907.67</ele><time>2000-01-01T10:41:36.000Z</time></trkpt><trkpt lat="46.19931" lon="14.96806"><ele>913.33</ele><time>2000-01-01T10:41:46.000Z</time></trkpt><trkpt lat="46.19925" lon="14.96796"><ele>919</ele><time>2000-01-01T10:41:56.000Z</time></trkpt><trkpt lat="46.19918" lon="14.96788"><ele>918</ele><time>2000-01-01T10:42:06.000Z</time></trkpt><trkpt lat="46.19912" lon="14.96777"><ele>917</ele><time>2000-01-01T10:42:16.000Z</time></trkpt><trkpt lat="46.19907" lon="14.96766"><ele>916</ele><time>2000-01-01T10:42:26.000Z</time></trkpt><trkpt lat="46.19901" lon="14.9674"><ele>914.5</ele><time>2000-01-01T10:42:36.000Z</time></trkpt><trkpt lat="46.19894" lon="14.96732"><ele>913</ele><time>2000-01-01T10:42:46.000Z</time></trkpt><trkpt lat="46.19892" lon="14.96719"><ele>913</ele><time>2000-01-01T10:42:56.000Z</time></trkpt><trkpt lat="46.19887" lon="14.96707"><ele>913</ele><time>2000-01-01T10:43:06.000Z</time></trkpt><trkpt lat="46.19889" lon="14.96702"><ele>913</ele><time>2000-01-01T10:43:16.000Z</time></trkpt><trkpt lat="46.19891" lon="14.96704"><ele>913</ele><time>2000-01-01T10:43:26.000Z</time></trkpt><trkpt lat="46.19891" lon="14.96716"><ele>913</ele><time>2000-01-01T10:43:36.000Z</time></trkpt><trkpt lat="46.19893" lon="14.96729"><ele>918.5</ele><time>2000-01-01T10:43:46.000Z</time></trkpt><trkpt lat="46.19895" lon="14.9676"><ele>924</ele><time>2000-01-01T10:43:56.000Z</time></trkpt><trkpt lat="46.19894" lon="14.96764"><ele>925</ele><time>2000-01-01T10:44:06.000Z</time></trkpt><trkpt lat="46.19896" lon="14.96769"><ele>926</ele><time>2000-01-01T10:44:16.000Z</time></trkpt><trkpt lat="46.19896" lon="14.96776"><ele>927</ele><time>2000-01-01T10:44:26.000Z</time></trkpt><trkpt lat="46.19897" lon="14.96783"><ele>928</ele><time>2000-01-01T10:44:36.000Z</time></trkpt><trkpt lat="46.19897" lon="14.9679"><ele>929</ele><time>2000-01-01T10:44:46.000Z</time></trkpt><trkpt lat="46.19897" lon="14.96797"><ele>930</ele><time>2000-01-01T10:44:56.000Z</time></trkpt><trkpt lat="46.19898" lon="14.96804"><ele>931.5</ele><time>2000-01-01T10:45:06.000Z</time></trkpt><trkpt lat="46.19898" lon="14.96811"><ele>933</ele><time>2000-01-01T10:45:16.000Z</time></trkpt><trkpt lat="46.19899" lon="14.96826"><ele>934.5</ele><time>2000-01-01T10:45:26.000Z</time></trkpt><trkpt lat="46.19898" lon="14.96841"><ele>936</ele><time>2000-01-01T10:45:36.000Z</time></trkpt><trkpt lat="46.19899" lon="14.96849"><ele>936.2</ele><time>2000-01-01T10:45:46.000Z</time></trkpt><trkpt lat="46.19899" lon="14.96855"><ele>936.4</ele><time>2000-01-01T10:45:56.000Z</time></trkpt><trkpt lat="46.19897" lon="14.96861"><ele>936.6</ele><time>2000-01-01T10:46:06.000Z</time></trkpt><trkpt lat="46.19897" lon="14.96868"><ele>936.8</ele><time>2000-01-01T10:46:16.000Z</time></trkpt><trkpt lat="46.19894" lon="14.9688"><ele>937</ele><time>2000-01-01T10:46:26.000Z</time></trkpt><trkpt lat="46.19893" lon="14.96897"><ele>937.33</ele><time>2000-01-01T10:46:36.000Z</time></trkpt><trkpt lat="46.19889" lon="14.96914"><ele>937.67</ele><time>2000-01-01T10:46:46.000Z</time></trkpt><trkpt lat="46.19886" lon="14.96918"><ele>938</ele><time>2000-01-01T10:46:56.000Z</time></trkpt><trkpt lat="46.1988" lon="14.96931"><ele>942.75</ele><time>2000-01-01T10:47:06.000Z</time></trkpt><trkpt lat="46.19879" lon="14.96937"><ele>947.5</ele><time>2000-01-01T10:47:16.000Z</time></trkpt><trkpt lat="46.19877" lon="14.96942"><ele>952.25</ele><time>2000-01-01T10:47:26.000Z</time></trkpt><trkpt lat="46.19871" lon="14.96949"><ele>957</ele><time>2000-01-01T10:47:36.000Z</time></trkpt><trkpt lat="46.19868" lon="14.96958"><ele>963.33</ele><time>2000-01-01T10:47:46.000Z</time></trkpt><trkpt lat="46.19859" lon="14.96972"><ele>969.67</ele><time>2000-01-01T10:47:56.000Z</time></trkpt><trkpt lat="46.19858" lon="14.9698"><ele>976</ele><time>2000-01-01T10:48:06.000Z</time></trkpt><trkpt lat="46.19856" lon="14.96986"><ele>978.33</ele><time>2000-01-01T10:48:16.000Z</time></trkpt><trkpt lat="46.19855" lon="14.96997"><ele>980.67</ele><time>2000-01-01T10:48:26.000Z</time></trkpt><trkpt lat="46.19853" lon="14.97002"><ele>983</ele><time>2000-01-01T10:48:36.000Z</time></trkpt><trkpt lat="46.19853" lon="14.97005"><ele>985.33</ele><time>2000-01-01T10:48:46.000Z</time></trkpt><trkpt lat="46.19851" lon="14.97007"><ele>987.67</ele><time>2000-01-01T10:48:56.000Z</time></trkpt><trkpt lat="46.1985" lon="14.97013"><ele>990</ele><time>2000-01-01T10:49:06.000Z</time></trkpt><trkpt lat="46.19848" lon="14.97024"><ele>993.75</ele><time>2000-01-01T10:49:16.000Z</time></trkpt><trkpt lat="46.19845" lon="14.97032"><ele>997.5</ele><time>2000-01-01T10:49:26.000Z</time></trkpt><trkpt lat="46.19845" lon="14.97039"><ele>1001.25</ele><time>2000-01-01T10:49:36.000Z</time></trkpt><trkpt lat="46.19841" lon="14.97051"><ele>1005</ele><time>2000-01-01T10:49:46.000Z</time></trkpt><trkpt lat="46.19841" lon="14.97058"><ele>1005.29</ele><time>2000-01-01T10:49:56.000Z</time></trkpt><trkpt lat="46.19842" lon="14.97063"><ele>1005.57</ele><time>2000-01-01T10:50:06.000Z</time></trkpt><trkpt lat="46.1984" lon="14.97069"><ele>1005.86</ele><time>2000-01-01T10:50:16.000Z</time></trkpt><trkpt lat="46.1984" lon="14.97075"><ele>1006.14</ele><time>2000-01-01T10:50:26.000Z</time></trkpt><trkpt lat="46.19839" lon="14.97078"><ele>1006.43</ele><time>2000-01-01T10:50:36.000Z</time></trkpt><trkpt lat="46.19837" lon="14.97083"><ele>1006.71</ele><time>2000-01-01T10:50:46.000Z</time></trkpt><trkpt lat="46.19836" lon="14.9709"><ele>1007</ele><time>2000-01-01T10:50:56.000Z</time></trkpt><trkpt lat="46.19837" lon="14.97093"><ele>1007.4</ele><time>2000-01-01T10:51:06.000Z</time></trkpt><trkpt lat="46.19835" lon="14.97104"><ele>1007.8</ele><time>2000-01-01T10:51:16.000Z</time></trkpt><trkpt lat="46.19832" lon="14.97112"><ele>1008.2</ele><time>2000-01-01T10:51:26.000Z</time></trkpt><trkpt lat="46.19831" lon="14.97118"><ele>1008.6</ele><time>2000-01-01T10:51:36.000Z</time></trkpt><trkpt lat="46.19829" lon="14.97124"><ele>1009</ele><time>2000-01-01T10:51:46.000Z</time></trkpt><trkpt lat="46.19828" lon="14.97133"><ele>1009.5</ele><time>2000-01-01T10:51:56.000Z</time></trkpt><trkpt lat="46.19826" lon="14.97142"><ele>1010</ele><time>2000-01-01T10:52:06.000Z</time></trkpt><trkpt lat="46.19824" lon="14.97157"><ele>1010.5</ele><time>2000-01-01T10:52:16.000Z</time></trkpt><trkpt lat="46.19819" lon="14.97168"><ele>1011</ele><time>2000-01-01T10:52:26.000Z</time></trkpt><trkpt lat="46.19818" lon="14.97179"><ele>1011</ele><time>2000-01-01T10:52:36.000Z</time></trkpt><trkpt lat="46.19817" lon="14.97183"><ele>1011</ele><time>2000-01-01T10:52:46.000Z</time></trkpt><trkpt lat="46.19815" lon="14.97188"><ele>1011</ele><time>2000-01-01T10:52:56.000Z</time></trkpt><trkpt lat="46.19813" lon="14.9719"><ele>1011</ele><time>2000-01-01T10:53:06.000Z</time></trkpt><trkpt lat="46.19811" lon="14.97189"><ele>1011</ele><time>2000-01-01T10:53:16.000Z</time></trkpt><trkpt lat="46.19807" lon="14.9718"><ele>1011</ele><time>2000-01-01T10:53:26.000Z</time></trkpt><trkpt lat="46.19806" lon="14.97178"><ele>1011.8</ele><time>2000-01-01T10:53:36.000Z</time></trkpt><trkpt lat="46.19806" lon="14.97168"><ele>1012.6</ele><time>2000-01-01T10:53:46.000Z</time></trkpt><trkpt lat="46.19804" lon="14.97165"><ele>1013.4</ele><time>2000-01-01T10:53:56.000Z</time></trkpt><trkpt lat="46.198" lon="14.97155"><ele>1014.2</ele><time>2000-01-01T10:54:06.000Z</time></trkpt><trkpt lat="46.19798" lon="14.97146"><ele>1015</ele><time>2000-01-01T10:54:16.000Z</time></trkpt><trkpt lat="46.19796" lon="14.97139"><ele>1015.83</ele><time>2000-01-01T10:54:26.000Z</time></trkpt><trkpt lat="46.19797" lon="14.97135"><ele>1016.67</ele><time>2000-01-01T10:54:36.000Z</time></trkpt><trkpt lat="46.19797" lon="14.97132"><ele>1017.5</ele><time>2000-01-01T10:54:46.000Z</time></trkpt><trkpt lat="46.19795" lon="14.9713"><ele>1018.33</ele><time>2000-01-01T10:54:56.000Z</time></trkpt><trkpt lat="46.19795" lon="14.97124"><ele>1019.17</ele><time>2000-01-01T10:55:06.000Z</time></trkpt><trkpt lat="46.19793" lon="14.97111"><ele>1020</ele><time>2000-01-01T10:55:16.000Z</time></trkpt><trkpt lat="46.19792" lon="14.97097"><ele>1021</ele><time>2000-01-01T10:55:26.000Z</time></trkpt><trkpt lat="46.19791" lon="14.9709"><ele>1022</ele><time>2000-01-01T10:55:36.000Z</time></trkpt><trkpt lat="46.19793" lon="14.97082"><ele>1023</ele><time>2000-01-01T10:55:46.000Z</time></trkpt><trkpt lat="46.19791" lon="14.97073"><ele>1024</ele><time>2000-01-01T10:55:56.000Z</time></trkpt><trkpt lat="46.19791" lon="14.97064"><ele>1023.86</ele><time>2000-01-01T10:56:06.000Z</time></trkpt><trkpt lat="46.19791" lon="14.97061"><ele>1023.71</ele><time>2000-01-01T10:56:16.000Z</time></trkpt><trkpt lat="46.19791" lon="14.97054"><ele>1023.57</ele><time>2000-01-01T10:56:26.000Z</time></trkpt><trkpt lat="46.1979" lon="14.9705"><ele>1023.43</ele><time>2000-01-01T10:56:36.000Z</time></trkpt><trkpt lat="46.19789" lon="14.97048"><ele>1023.29</ele><time>2000-01-01T10:56:46.000Z</time></trkpt><trkpt lat="46.19788" lon="14.97045"><ele>1023.14</ele><time>2000-01-01T10:56:56.000Z</time></trkpt><trkpt lat="46.19787" lon="14.97036"><ele>1023</ele><time>2000-01-01T10:57:06.000Z</time></trkpt><trkpt lat="46.19788" lon="14.97022"><ele>1022.5</ele><time>2000-01-01T10:57:16.000Z</time></trkpt><trkpt lat="46.19784" lon="14.96996"><ele>1022</ele><time>2000-01-01T10:57:26.000Z</time></trkpt><trkpt lat="46.19785" lon="14.96984"><ele>1022</ele><time>2000-01-01T10:57:36.000Z</time></trkpt><trkpt lat="46.19784" lon="14.96968"><ele>1022</ele><time>2000-01-01T10:57:46.000Z</time></trkpt><trkpt lat="46.19783" lon="14.96956"><ele>1022</ele><time>2000-01-01T10:57:56.000Z</time></trkpt><trkpt lat="46.19781" lon="14.96943"><ele>1022.67</ele><time>2000-01-01T10:58:06.000Z</time></trkpt><trkpt lat="46.19778" lon="14.96931"><ele>1023.33</ele><time>2000-01-01T10:58:16.000Z</time></trkpt><trkpt lat="46.19778" lon="14.96919"><ele>1024</ele><time>2000-01-01T10:58:26.000Z</time></trkpt><trkpt lat="46.19774" lon="14.96899"><ele>1027.33</ele><time>2000-01-01T10:58:36.000Z</time></trkpt><trkpt lat="46.19772" lon="14.96884"><ele>1030.67</ele><time>2000-01-01T10:58:46.000Z</time></trkpt><trkpt lat="46.1977" lon="14.96872"><ele>1034</ele><time>2000-01-01T10:58:56.000Z</time></trkpt><trkpt lat="46.19763" lon="14.96855"><ele>1033.33</ele><time>2000-01-01T10:59:06.000Z</time></trkpt><trkpt lat="46.19759" lon="14.96841"><ele>1032.67</ele><time>2000-01-01T10:59:16.000Z</time></trkpt><trkpt lat="46.19754" lon="14.96831"><ele>1032</ele><time>2000-01-01T10:59:26.000Z</time></trkpt><trkpt lat="46.19749" lon="14.96819"><ele>1033.5</ele><time>2000-01-01T10:59:36.000Z</time></trkpt><trkpt lat="46.19741" lon="14.96794"><ele>1035</ele><time>2000-01-01T10:59:46.000Z</time></trkpt><trkpt lat="46.19742" lon="14.96795"><ele>1034.89</ele><time>2000-01-01T10:59:56.000Z</time></trkpt><trkpt lat="46.19747" lon="14.968"><ele>1034.78</ele><time>2000-01-01T11:00:06.000Z</time></trkpt><trkpt lat="46.19748" lon="14.96803"><ele>1034.67</ele><time>2000-01-01T11:00:16.000Z</time></trkpt><trkpt lat="46.19748" lon="14.96806"><ele>1034.56</ele><time>2000-01-01T11:00:26.000Z</time></trkpt><trkpt lat="46.19747" lon="14.96809"><ele>1034.44</ele><time>2000-01-01T11:00:36.000Z</time></trkpt><trkpt lat="46.19748" lon="14.96812"><ele>1034.33</ele><time>2000-01-01T11:00:46.000Z</time></trkpt><trkpt lat="46.19747" lon="14.96816"><ele>1034.22</ele><time>2000-01-01T11:00:56.000Z</time></trkpt><trkpt lat="46.19746" lon="14.96823"><ele>1034.11</ele><time>2000-01-01T11:01:06.000Z</time></trkpt><trkpt lat="46.19746" lon="14.96826"><ele>1034</ele><time>2000-01-01T11:01:16.000Z</time></trkpt><trkpt lat="46.19745" lon="14.96836"><ele>1034</ele><time>2000-01-01T11:01:26.000Z</time></trkpt><trkpt lat="46.19747" lon="14.96846"><ele>1034</ele><time>2000-01-01T11:01:36.000Z</time></trkpt><trkpt lat="46.19745" lon="14.96862"><ele>1034</ele><time>2000-01-01T11:01:46.000Z</time></trkpt><trkpt lat="46.19746" lon="14.96872"><ele>1034</ele><time>2000-01-01T11:01:56.000Z</time></trkpt><trkpt lat="46.19744" lon="14.96884"><ele>1039</ele><time>2000-01-01T11:02:06.000Z</time></trkpt><trkpt lat="46.19745" lon="14.96886"><ele>1044</ele><time>2000-01-01T11:02:16.000Z</time></trkpt><trkpt lat="46.19741" lon="14.96899"><ele>1049</ele><time>2000-01-01T11:02:26.000Z</time></trkpt><trkpt lat="46.1974" lon="14.96906"><ele>1054</ele><time>2000-01-01T11:02:36.000Z</time></trkpt><trkpt lat="46.19741" lon="14.96908"><ele>1056.4</ele><time>2000-01-01T11:02:46.000Z</time></trkpt><trkpt lat="46.19739" lon="14.9692"><ele>1058.8</ele><time>2000-01-01T11:02:56.000Z</time></trkpt><trkpt lat="46.19739" lon="14.96926"><ele>1061.2</ele><time>2000-01-01T11:03:06.000Z</time></trkpt><trkpt lat="46.19738" lon="14.96937"><ele>1063.6</ele><time>2000-01-01T11:03:16.000Z</time></trkpt><trkpt lat="46.19735" lon="14.96952"><ele>1066</ele><time>2000-01-01T11:03:26.000Z</time></trkpt><trkpt lat="46.19732" lon="14.96958"><ele>1066</ele><time>2000-01-01T11:03:36.000Z</time></trkpt><trkpt lat="46.19729" lon="14.9697"><ele>1066</ele><time>2000-01-01T11:03:46.000Z</time></trkpt><trkpt lat="46.19727" lon="14.96973"><ele>1066</ele><time>2000-01-01T11:03:56.000Z</time></trkpt><trkpt lat="46.19727" lon="14.96976"><ele>1066</ele><time>2000-01-01T11:04:06.000Z</time></trkpt><trkpt lat="46.19727" lon="14.96983"><ele>1066</ele><time>2000-01-01T11:04:16.000Z</time></trkpt><trkpt lat="46.19723" lon="14.96996"><ele>1066</ele><time>2000-01-01T11:04:26.000Z</time></trkpt><trkpt lat="46.19721" lon="14.97009"><ele>1066</ele><time>2000-01-01T11:04:36.000Z</time></trkpt><trkpt lat="46.1972" lon="14.97016"><ele>1066</ele><time>2000-01-01T11:04:46.000Z</time></trkpt><trkpt lat="46.19718" lon="14.9702"><ele>1066</ele><time>2000-01-01T11:04:56.000Z</time></trkpt><trkpt lat="46.19717" lon="14.97027"><ele>1066</ele><time>2000-01-01T11:05:06.000Z</time></trkpt><trkpt lat="46.19715" lon="14.97028"><ele>1066</ele><time>2000-01-01T11:05:16.000Z</time></trkpt><trkpt lat="46.19712" lon="14.97027"><ele>1066</ele><time>2000-01-01T11:05:26.000Z</time></trkpt><trkpt lat="46.19709" lon="14.97024"><ele>1070.67</ele><time>2000-01-01T11:05:36.000Z</time></trkpt><trkpt lat="46.19699" lon="14.96998"><ele>1075.33</ele><time>2000-01-01T11:05:46.000Z</time></trkpt><trkpt lat="46.19696" lon="14.96985"><ele>1080</ele><time>2000-01-01T11:05:56.000Z</time></trkpt><trkpt lat="46.19695" lon="14.96972"><ele>1082.67</ele><time>2000-01-01T11:06:06.000Z</time></trkpt><trkpt lat="46.19692" lon="14.96961"><ele>1085.33</ele><time>2000-01-01T11:06:16.000Z</time></trkpt><trkpt lat="46.19686" lon="14.96934"><ele>1088</ele><time>2000-01-01T11:06:26.000Z</time></trkpt><trkpt lat="46.19684" lon="14.96919"><ele>1089</ele><time>2000-01-01T11:06:36.000Z</time></trkpt><trkpt lat="46.19686" lon="14.96904"><ele>1090</ele><time>2000-01-01T11:06:46.000Z</time></trkpt><trkpt lat="46.19681" lon="14.96891"><ele>1091</ele><time>2000-01-01T11:06:56.000Z</time></trkpt><trkpt lat="46.19679" lon="14.96878"><ele>1092.33</ele><time>2000-01-01T11:07:06.000Z</time></trkpt><trkpt lat="46.19673" lon="14.96868"><ele>1093.67</ele><time>2000-01-01T11:07:16.000Z</time></trkpt><trkpt lat="46.19668" lon="14.96856"><ele>1095</ele><time>2000-01-01T11:07:26.000Z</time></trkpt><trkpt lat="46.19662" lon="14.96846"><ele>1097.67</ele><time>2000-01-01T11:07:36.000Z</time></trkpt><trkpt lat="46.1966" lon="14.96833"><ele>1100.33</ele><time>2000-01-01T11:07:46.000Z</time></trkpt><trkpt lat="46.19655" lon="14.96822"><ele>1103</ele><time>2000-01-01T11:07:56.000Z</time></trkpt><trkpt lat="46.19658" lon="14.96835"><ele>1105</ele><time>2000-01-01T11:08:06.000Z</time></trkpt><trkpt lat="46.1966" lon="14.96839"><ele>1107</ele><time>2000-01-01T11:08:16.000Z</time></trkpt><trkpt lat="46.1966" lon="14.96841"><ele>1109</ele><time>2000-01-01T11:08:26.000Z</time></trkpt><trkpt lat="46.19663" lon="14.96847"><ele>1111</ele><time>2000-01-01T11:08:36.000Z</time></trkpt><trkpt lat="46.19659" lon="14.96863"><ele>1113</ele><time>2000-01-01T11:08:46.000Z</time></trkpt><trkpt lat="46.1966" lon="14.96866"><ele>1113.2</ele><time>2000-01-01T11:08:56.000Z</time></trkpt><trkpt lat="46.19658" lon="14.96881"><ele>1113.4</ele><time>2000-01-01T11:09:06.000Z</time></trkpt><trkpt lat="46.19658" lon="14.9689"><ele>1113.6</ele><time>2000-01-01T11:09:16.000Z</time></trkpt><trkpt lat="46.19658" lon="14.96892"><ele>1113.8</ele><time>2000-01-01T11:09:26.000Z</time></trkpt><trkpt lat="46.19657" lon="14.969"><ele>1114</ele><time>2000-01-01T11:09:36.000Z</time></trkpt><trkpt lat="46.19656" lon="14.96902"><ele>1115.2</ele><time>2000-01-01T11:09:46.000Z</time></trkpt><trkpt lat="46.19655" lon="14.96908"><ele>1116.4</ele><time>2000-01-01T11:09:56.000Z</time></trkpt><trkpt lat="46.19656" lon="14.96914"><ele>1117.6</ele><time>2000-01-01T11:10:06.000Z</time></trkpt><trkpt lat="46.19655" lon="14.96927"><ele>1118.8</ele><time>2000-01-01T11:10:16.000Z</time></trkpt><trkpt lat="46.19655" lon="14.96946"><ele>1120</ele><time>2000-01-01T11:10:26.000Z</time></trkpt><trkpt lat="46.19653" lon="14.96959"><ele>1119.6</ele><time>2000-01-01T11:10:36.000Z</time></trkpt><trkpt lat="46.19654" lon="14.96966"><ele>1119.2</ele><time>2000-01-01T11:10:46.000Z</time></trkpt><trkpt lat="46.19652" lon="14.9697"><ele>1118.8</ele><time>2000-01-01T11:10:56.000Z</time></trkpt><trkpt lat="46.1965" lon="14.96979"><ele>1118.4</ele><time>2000-01-01T11:11:06.000Z</time></trkpt><trkpt lat="46.1965" lon="14.9699"><ele>1118</ele><time>2000-01-01T11:11:16.000Z</time></trkpt><trkpt lat="46.19649" lon="14.96993"><ele>1121.33</ele><time>2000-01-01T11:11:26.000Z</time></trkpt><trkpt lat="46.19646" lon="14.97011"><ele>1124.67</ele><time>2000-01-01T11:11:36.000Z</time></trkpt><trkpt lat="46.1964" lon="14.9703"><ele>1128</ele><time>2000-01-01T11:11:46.000Z</time></trkpt><trkpt lat="46.19637" lon="14.9703"><ele>1128</ele><time>2000-01-01T11:11:56.000Z</time></trkpt><trkpt lat="46.19631" lon="14.97019"><ele>1128</ele><time>2000-01-01T11:12:06.000Z</time></trkpt><trkpt lat="46.19631" lon="14.97015"><ele>1128</ele><time>2000-01-01T11:12:16.000Z</time></trkpt><trkpt lat="46.1963" lon="14.97012"><ele>1128</ele><time>2000-01-01T11:12:26.000Z</time></trkpt><trkpt lat="46.19623" lon="14.96998"><ele>1128</ele><time>2000-01-01T11:12:36.000Z</time></trkpt><trkpt lat="46.1962" lon="14.96988"><ele>1128.25</ele><time>2000-01-01T11:12:46.000Z</time></trkpt><trkpt lat="46.1962" lon="14.96981"><ele>1128.5</ele><time>2000-01-01T11:12:56.000Z</time></trkpt><trkpt lat="46.19616" lon="14.96968"><ele>1128.75</ele><time>2000-01-01T11:13:06.000Z</time></trkpt><trkpt lat="46.19616" lon="14.96964"><ele>1129</ele><time>2000-01-01T11:13:16.000Z</time></trkpt><trkpt lat="46.19614" lon="14.96959"><ele>1129.67</ele><time>2000-01-01T11:13:26.000Z</time></trkpt><trkpt lat="46.19614" lon="14.96956"><ele>1130.33</ele><time>2000-01-01T11:13:36.000Z</time></trkpt><trkpt lat="46.19613" lon="14.96953"><ele>1131</ele><time>2000-01-01T11:13:46.000Z</time></trkpt><trkpt lat="46.19611" lon="14.96947"><ele>1131.67</ele><time>2000-01-01T11:13:56.000Z</time></trkpt><trkpt lat="46.19607" lon="14.96941"><ele>1132.33</ele><time>2000-01-01T11:14:06.000Z</time></trkpt><trkpt lat="46.19603" lon="14.96928"><ele>1133</ele><time>2000-01-01T11:14:16.000Z</time></trkpt><trkpt lat="46.19603" lon="14.96924"><ele>1133</ele><time>2000-01-01T11:14:26.000Z</time></trkpt><trkpt lat="46.19598" lon="14.96912"><ele>1133</ele><time>2000-01-01T11:14:36.000Z</time></trkpt><trkpt lat="46.19598" lon="14.96906"><ele>1133</ele><time>2000-01-01T11:14:46.000Z</time></trkpt><trkpt lat="46.19595" lon="14.96897"><ele>1133</ele><time>2000-01-01T11:14:56.000Z</time></trkpt><trkpt lat="46.19591" lon="14.96892"><ele>1133</ele><time>2000-01-01T11:15:06.000Z</time></trkpt><trkpt lat="46.1959" lon="14.96889"><ele>1133</ele><time>2000-01-01T11:15:16.000Z</time></trkpt><trkpt lat="46.19587" lon="14.96881"><ele>1133</ele><time>2000-01-01T11:15:26.000Z</time></trkpt><trkpt lat="46.19588" lon="14.96877"><ele>1133</ele><time>2000-01-01T11:15:36.000Z</time></trkpt><trkpt lat="46.19587" lon="14.96872"><ele>1133</ele><time>2000-01-01T11:15:46.000Z</time></trkpt><trkpt lat="46.19584" lon="14.96868"><ele>1133</ele><time>2000-01-01T11:15:56.000Z</time></trkpt><trkpt lat="46.19582" lon="14.96863"><ele>1133</ele><time>2000-01-01T11:16:06.000Z</time></trkpt><trkpt lat="46.19579" lon="14.96846"><ele>1133</ele><time>2000-01-01T11:16:16.000Z</time></trkpt><trkpt lat="46.19573" lon="14.96836"><ele>1138</ele><time>2000-01-01T11:16:26.000Z</time></trkpt><trkpt lat="46.19565" lon="14.96826"><ele>1143</ele><time>2000-01-01T11:16:36.000Z</time></trkpt><trkpt lat="46.19559" lon="14.96815"><ele>1148</ele><time>2000-01-01T11:16:46.000Z</time></trkpt><trkpt lat="46.19557" lon="14.96807"><ele>1148.5</ele><time>2000-01-01T11:16:56.000Z</time></trkpt><trkpt lat="46.19553" lon="14.96796"><ele>1149</ele><time>2000-01-01T11:17:06.000Z</time></trkpt><trkpt lat="46.19545" lon="14.96788"><ele>1149.5</ele><time>2000-01-01T11:17:16.000Z</time></trkpt><trkpt lat="46.19541" lon="14.96776"><ele>1150</ele><time>2000-01-01T11:17:26.000Z</time></trkpt><trkpt lat="46.19539" lon="14.96774"><ele>1150.43</ele><time>2000-01-01T11:17:36.000Z</time></trkpt><trkpt lat="46.1953" lon="14.96771"><ele>1150.86</ele><time>2000-01-01T11:17:46.000Z</time></trkpt><trkpt lat="46.19531" lon="14.96767"><ele>1151.29</ele><time>2000-01-01T11:17:56.000Z</time></trkpt><trkpt lat="46.19531" lon="14.96763"><ele>1151.71</ele><time>2000-01-01T11:18:06.000Z</time></trkpt><trkpt lat="46.19526" lon="14.96762"><ele>1152.14</ele><time>2000-01-01T11:18:16.000Z</time></trkpt><trkpt lat="46.19525" lon="14.9676"><ele>1152.57</ele><time>2000-01-01T11:18:26.000Z</time></trkpt><trkpt lat="46.19522" lon="14.96761"><ele>1153</ele><time>2000-01-01T11:18:36.000Z</time></trkpt><trkpt lat="46.1952" lon="14.9676"><ele>1153</ele><time>2000-01-01T11:18:46.000Z</time></trkpt><trkpt lat="46.19516" lon="14.96751"><ele>1153</ele><time>2000-01-01T11:18:56.000Z</time></trkpt><trkpt lat="46.19514" lon="14.96744"><ele>1153</ele><time>2000-01-01T11:19:06.000Z</time></trkpt><trkpt lat="46.1951" lon="14.96737"><ele>1153</ele><time>2000-01-01T11:19:16.000Z</time></trkpt><trkpt lat="46.19505" lon="14.96737"><ele>1153</ele><time>2000-01-01T11:19:26.000Z</time></trkpt><trkpt lat="46.19498" lon="14.96728"><ele>1153</ele><time>2000-01-01T11:19:36.000Z</time></trkpt><trkpt lat="46.19496" lon="14.96724"><ele>1153</ele><time>2000-01-01T11:19:46.000Z</time></trkpt><trkpt lat="46.19488" lon="14.9672"><ele>1153</ele><time>2000-01-01T11:19:56.000Z</time></trkpt><trkpt lat="46.19488" lon="14.96717"><ele>1153</ele><time>2000-01-01T11:20:06.000Z</time></trkpt><trkpt lat="46.19483" lon="14.96709"><ele>1153</ele><time>2000-01-01T11:20:16.000Z</time></trkpt><trkpt lat="46.19478" lon="14.96701"><ele>1153.5</ele><time>2000-01-01T11:20:26.000Z</time></trkpt><trkpt lat="46.19475" lon="14.96699"><ele>1154</ele><time>2000-01-01T11:20:36.000Z</time></trkpt><trkpt lat="46.19473" lon="14.96696"><ele>1154.5</ele><time>2000-01-01T11:20:46.000Z</time></trkpt><trkpt lat="46.19469" lon="14.96694"><ele>1155</ele><time>2000-01-01T11:20:56.000Z</time></trkpt><trkpt lat="46.19464" lon="14.96693"><ele>1155.5</ele><time>2000-01-01T11:21:06.000Z</time></trkpt><trkpt lat="46.19457" lon="14.96687"><ele>1156</ele><time>2000-01-01T11:21:16.000Z</time></trkpt><trkpt lat="46.19455" lon="14.96686"><ele>1156.11</ele><time>2000-01-01T11:21:26.000Z</time></trkpt><trkpt lat="46.19453" lon="14.96687"><ele>1156.22</ele><time>2000-01-01T11:21:36.000Z</time></trkpt><trkpt lat="46.1945" lon="14.96688"><ele>1156.33</ele><time>2000-01-01T11:21:46.000Z</time></trkpt><trkpt lat="46.19448" lon="14.96688"><ele>1156.44</ele><time>2000-01-01T11:21:56.000Z</time></trkpt><trkpt lat="46.19445" lon="14.96686"><ele>1156.56</ele><time>2000-01-01T11:22:06.000Z</time></trkpt><trkpt lat="46.1944" lon="14.96682"><ele>1156.67</ele><time>2000-01-01T11:22:16.000Z</time></trkpt><trkpt lat="46.19438" lon="14.96681"><ele>1156.78</ele><time>2000-01-01T11:22:26.000Z</time></trkpt><trkpt lat="46.19436" lon="14.96683"><ele>1156.89</ele><time>2000-01-01T11:22:36.000Z</time></trkpt><trkpt lat="46.19431" lon="14.96684"><ele>1157</ele><time>2000-01-01T11:22:46.000Z</time></trkpt><trkpt lat="46.1943" lon="14.96683"><ele>1157.14</ele><time>2000-01-01T11:22:56.000Z</time></trkpt><trkpt lat="46.19428" lon="14.96681"><ele>1157.29</ele><time>2000-01-01T11:23:06.000Z</time></trkpt><trkpt lat="46.19426" lon="14.9668"><ele>1157.43</ele><time>2000-01-01T11:23:16.000Z</time></trkpt><trkpt lat="46.19424" lon="14.9668"><ele>1157.57</ele><time>2000-01-01T11:23:26.000Z</time></trkpt><trkpt lat="46.19417" lon="14.9668"><ele>1157.71</ele><time>2000-01-01T11:23:36.000Z</time></trkpt><trkpt lat="46.1941" lon="14.96682"><ele>1157.86</ele><time>2000-01-01T11:23:46.000Z</time></trkpt><trkpt lat="46.19402" lon="14.96685"><ele>1158</ele><time>2000-01-01T11:23:56.000Z</time></trkpt><trkpt lat="46.19388" lon="14.96696"><ele>1162.5</ele><time>2000-01-01T11:24:06.000Z</time></trkpt><trkpt lat="46.1937" lon="14.96707"><ele>1167</ele><time>2000-01-01T11:24:16.000Z</time></trkpt><trkpt lat="46.19366" lon="14.96711"><ele>1167.57</ele><time>2000-01-01T11:24:26.000Z</time></trkpt><trkpt lat="46.19364" lon="14.96712"><ele>1168.14</ele><time>2000-01-01T11:24:36.000Z</time></trkpt><trkpt lat="46.19362" lon="14.96714"><ele>1168.71</ele><time>2000-01-01T11:24:46.000Z</time></trkpt><trkpt lat="46.1936" lon="14.96714"><ele>1169.29</ele><time>2000-01-01T11:24:56.000Z</time></trkpt><trkpt lat="46.19353" lon="14.96718"><ele>1169.86</ele><time>2000-01-01T11:25:06.000Z</time></trkpt><trkpt lat="46.19351" lon="14.96719"><ele>1170.43</ele><time>2000-01-01T11:25:16.000Z</time></trkpt><trkpt lat="46.19347" lon="14.96723"><ele>1171</ele><time>2000-01-01T11:25:26.000Z</time></trkpt><trkpt lat="46.19341" lon="14.96733"><ele>1171</ele><time>2000-01-01T11:25:36.000Z</time></trkpt><trkpt lat="46.19339" lon="14.96736"><ele>1171</ele><time>2000-01-01T11:25:46.000Z</time></trkpt><trkpt lat="46.19336" lon="14.96737"><ele>1171</ele><time>2000-01-01T11:25:56.000Z</time></trkpt><trkpt lat="46.1933" lon="14.96742"><ele>1171</ele><time>2000-01-01T11:26:06.000Z</time></trkpt><trkpt lat="46.1932" lon="14.96752"><ele>1171</ele><time>2000-01-01T11:26:16.000Z</time></trkpt><trkpt lat="46.1931" lon="14.9676"><ele>1171.33</ele><time>2000-01-01T11:26:26.000Z</time></trkpt><trkpt lat="46.19299" lon="14.96763"><ele>1171.67</ele><time>2000-01-01T11:26:36.000Z</time></trkpt><trkpt lat="46.19295" lon="14.96763"><ele>1172</ele><time>2000-01-01T11:26:46.000Z</time></trkpt><trkpt lat="46.19291" lon="14.96761"><ele>1172.17</ele><time>2000-01-01T11:26:56.000Z</time></trkpt><trkpt lat="46.19284" lon="14.96754"><ele>1172.33</ele><time>2000-01-01T11:27:06.000Z</time></trkpt><trkpt lat="46.19279" lon="14.96751"><ele>1172.5</ele><time>2000-01-01T11:27:16.000Z</time></trkpt><trkpt lat="46.19276" lon="14.9675"><ele>1172.67</ele><time>2000-01-01T11:27:26.000Z</time></trkpt><trkpt lat="46.19273" lon="14.96747"><ele>1172.83</ele><time>2000-01-01T11:27:36.000Z</time></trkpt><trkpt lat="46.19268" lon="14.96741"><ele>1173</ele><time>2000-01-01T11:27:46.000Z</time></trkpt><trkpt lat="46.19264" lon="14.96738"><ele>1173.4</ele><time>2000-01-01T11:27:56.000Z</time></trkpt><trkpt lat="46.19261" lon="14.96734"><ele>1173.8</ele><time>2000-01-01T11:28:06.000Z</time></trkpt><trkpt lat="46.1926" lon="14.96731"><ele>1174.2</ele><time>2000-01-01T11:28:16.000Z</time></trkpt><trkpt lat="46.19258" lon="14.96721"><ele>1174.6</ele><time>2000-01-01T11:28:26.000Z</time></trkpt><trkpt lat="46.19252" lon="14.96706"><ele>1175</ele><time>2000-01-01T11:28:36.000Z</time></trkpt><trkpt lat="46.19249" lon="14.9669"><ele>1175</ele><time>2000-01-01T11:28:46.000Z</time></trkpt><trkpt lat="46.19244" lon="14.9668"><ele>1175</ele><time>2000-01-01T11:28:56.000Z</time></trkpt><trkpt lat="46.19236" lon="14.96675"><ele>1175</ele><time>2000-01-01T11:29:06.000Z</time></trkpt><trkpt lat="46.19234" lon="14.96669"><ele>1174.2</ele><time>2000-01-01T11:29:16.000Z</time></trkpt><trkpt lat="46.19228" lon="14.96662"><ele>1173.4</ele><time>2000-01-01T11:29:26.000Z</time></trkpt><trkpt lat="46.19224" lon="14.96658"><ele>1172.6</ele><time>2000-01-01T11:29:36.000Z</time></trkpt><trkpt lat="46.19221" lon="14.96653"><ele>1171.8</ele><time>2000-01-01T11:29:46.000Z</time></trkpt><trkpt lat="46.19217" lon="14.9665"><ele>1171</ele><time>2000-01-01T11:29:56.000Z</time></trkpt><trkpt lat="46.19209" lon="14.96638"><ele>1171</ele><time>2000-01-01T11:30:06.000Z</time></trkpt><trkpt lat="46.19205" lon="14.9663"><ele>1171</ele><time>2000-01-01T11:30:16.000Z</time></trkpt><trkpt lat="46.19201" lon="14.96621"><ele>1171</ele><time>2000-01-01T11:30:26.000Z</time></trkpt><trkpt lat="46.19192" lon="14.96609"><ele>1170.8</ele><time>2000-01-01T11:30:36.000Z</time></trkpt><trkpt lat="46.19189" lon="14.96603"><ele>1170.6</ele><time>2000-01-01T11:30:46.000Z</time></trkpt><trkpt lat="46.19185" lon="14.96599"><ele>1170.4</ele><time>2000-01-01T11:30:56.000Z</time></trkpt><trkpt lat="46.19184" lon="14.96596"><ele>1170.2</ele><time>2000-01-01T11:31:06.000Z</time></trkpt><trkpt lat="46.19179" lon="14.96581"><ele>1170</ele><time>2000-01-01T11:31:16.000Z</time></trkpt><trkpt lat="46.19168" lon="14.96562"><ele>1169.5</ele><time>2000-01-01T11:31:26.000Z</time></trkpt><trkpt lat="46.19164" lon="14.96551"><ele>1169</ele><time>2000-01-01T11:31:36.000Z</time></trkpt><trkpt lat="46.19162" lon="14.9654"><ele>1167.4</ele><time>2000-01-01T11:31:46.000Z</time></trkpt><trkpt lat="46.1916" lon="14.96534"><ele>1165.8</ele><time>2000-01-01T11:31:56.000Z</time></trkpt><trkpt lat="46.19159" lon="14.96532"><ele>1164.2</ele><time>2000-01-01T11:32:06.000Z</time></trkpt><trkpt lat="46.19152" lon="14.96528"><ele>1162.6</ele><time>2000-01-01T11:32:16.000Z</time></trkpt><trkpt lat="46.19148" lon="14.96523"><ele>1161</ele><time>2000-01-01T11:32:26.000Z</time></trkpt><trkpt lat="46.19146" lon="14.96519"><ele>1160.33</ele><time>2000-01-01T11:32:36.000Z</time></trkpt><trkpt lat="46.1913" lon="14.96502"><ele>1159.67</ele><time>2000-01-01T11:32:46.000Z</time></trkpt><trkpt lat="46.19125" lon="14.965"><ele>1159</ele><time>2000-01-01T11:32:56.000Z</time></trkpt><trkpt lat="46.1912" lon="14.96497"><ele>1158.67</ele><time>2000-01-01T11:33:06.000Z</time></trkpt><trkpt lat="46.19115" lon="14.96491"><ele>1158.33</ele><time>2000-01-01T11:33:16.000Z</time></trkpt><trkpt lat="46.19101" lon="14.96474"><ele>1158</ele><time>2000-01-01T11:33:26.000Z</time></trkpt><trkpt lat="46.19098" lon="14.96467"><ele>1157</ele><time>2000-01-01T11:33:36.000Z</time></trkpt><trkpt lat="46.19092" lon="14.96462"><ele>1156</ele><time>2000-01-01T11:33:46.000Z</time></trkpt><trkpt lat="46.19087" lon="14.96458"><ele>1155</ele><time>2000-01-01T11:33:56.000Z</time></trkpt><trkpt lat="46.19085" lon="14.96456"><ele>1154</ele><time>2000-01-01T11:34:06.000Z</time></trkpt><trkpt lat="46.19083" lon="14.96452"><ele>1153</ele><time>2000-01-01T11:34:16.000Z</time></trkpt><trkpt lat="46.19074" lon="14.96444"><ele>1152</ele><time>2000-01-01T11:34:26.000Z</time></trkpt><trkpt lat="46.1907" lon="14.96435"><ele>1152.33</ele><time>2000-01-01T11:34:36.000Z</time></trkpt><trkpt lat="46.1907" lon="14.96426"><ele>1152.67</ele><time>2000-01-01T11:34:46.000Z</time></trkpt><trkpt lat="46.19065" lon="14.9641"><ele>1153</ele><time>2000-01-01T11:34:56.000Z</time></trkpt><trkpt lat="46.19064" lon="14.96406"><ele>1151.8</ele><time>2000-01-01T11:35:06.000Z</time></trkpt><trkpt lat="46.19062" lon="14.964"><ele>1150.6</ele><time>2000-01-01T11:35:16.000Z</time></trkpt><trkpt lat="46.1906" lon="14.96391"><ele>1149.4</ele><time>2000-01-01T11:35:26.000Z</time></trkpt><trkpt lat="46.19056" lon="14.96385"><ele>1148.2</ele><time>2000-01-01T11:35:36.000Z</time></trkpt><trkpt lat="46.19052" lon="14.96375"><ele>1147</ele><time>2000-01-01T11:35:46.000Z</time></trkpt><trkpt lat="46.19051" lon="14.96371"><ele>1145.75</ele><time>2000-01-01T11:35:56.000Z</time></trkpt><trkpt lat="46.19046" lon="14.96362"><ele>1144.5</ele><time>2000-01-01T11:36:06.000Z</time></trkpt><trkpt lat="46.1904" lon="14.96346"><ele>1143.25</ele><time>2000-01-01T11:36:16.000Z</time></trkpt><trkpt lat="46.19035" lon="14.9634"><ele>1142</ele><time>2000-01-01T11:36:26.000Z</time></trkpt><trkpt lat="46.19031" lon="14.96336"><ele>1138.25</ele><time>2000-01-01T11:36:36.000Z</time></trkpt><trkpt lat="46.19027" lon="14.96331"><ele>1134.5</ele><time>2000-01-01T11:36:46.000Z</time></trkpt><trkpt lat="46.19023" lon="14.96321"><ele>1130.75</ele><time>2000-01-01T11:36:56.000Z</time></trkpt><trkpt lat="46.19008" lon="14.96299"><ele>1127</ele><time>2000-01-01T11:37:06.000Z</time></trkpt><trkpt lat="46.19003" lon="14.9629"><ele>1125.8</ele><time>2000-01-01T11:37:16.000Z</time></trkpt><trkpt lat="46.19" lon="14.96283"><ele>1124.6</ele><time>2000-01-01T11:37:26.000Z</time></trkpt><trkpt lat="46.18999" lon="14.96276"><ele>1123.4</ele><time>2000-01-01T11:37:36.000Z</time></trkpt><trkpt lat="46.18995" lon="14.96271"><ele>1122.2</ele><time>2000-01-01T11:37:46.000Z</time></trkpt><trkpt lat="46.18991" lon="14.96265"><ele>1121</ele><time>2000-01-01T11:37:56.000Z</time></trkpt><trkpt lat="46.18986" lon="14.9626"><ele>1119.6</ele><time>2000-01-01T11:38:06.000Z</time></trkpt><trkpt lat="46.18984" lon="14.96257"><ele>1118.2</ele><time>2000-01-01T11:38:16.000Z</time></trkpt><trkpt lat="46.18983" lon="14.96248"><ele>1116.8</ele><time>2000-01-01T11:38:26.000Z</time></trkpt><trkpt lat="46.18983" lon="14.96239"><ele>1115.4</ele><time>2000-01-01T11:38:36.000Z</time></trkpt><trkpt lat="46.18982" lon="14.96234"><ele>1114</ele><time>2000-01-01T11:38:46.000Z</time></trkpt><trkpt lat="46.18984" lon="14.9623"><ele>1113</ele><time>2000-01-01T11:38:56.000Z</time></trkpt><trkpt lat="46.18993" lon="14.96219"><ele>1112</ele><time>2000-01-01T11:39:06.000Z</time></trkpt><trkpt lat="46.19001" lon="14.9621"><ele>1111</ele><time>2000-01-01T11:39:16.000Z</time></trkpt><trkpt lat="46.19006" lon="14.96204"><ele>1110.6</ele><time>2000-01-01T11:39:26.000Z</time></trkpt><trkpt lat="46.19013" lon="14.96191"><ele>1110.2</ele><time>2000-01-01T11:39:36.000Z</time></trkpt><trkpt lat="46.19015" lon="14.96188"><ele>1109.8</ele><time>2000-01-01T11:39:46.000Z</time></trkpt><trkpt lat="46.19015" lon="14.96184"><ele>1109.4</ele><time>2000-01-01T11:39:56.000Z</time></trkpt><trkpt lat="46.19016" lon="14.96182"><ele>1109</ele><time>2000-01-01T11:40:06.000Z</time></trkpt><trkpt lat="46.19018" lon="14.9618"><ele>1109</ele><time>2000-01-01T11:40:16.000Z</time></trkpt><trkpt lat="46.19018" lon="14.9617"><ele>1109</ele><time>2000-01-01T11:40:26.000Z</time></trkpt><trkpt lat="46.19016" lon="14.96173"><ele>1109</ele><time>2000-01-01T11:40:36.000Z</time></trkpt><trkpt lat="46.19014" lon="14.96175"><ele>1109</ele><time>2000-01-01T11:40:46.000Z</time></trkpt><trkpt lat="46.19013" lon="14.96182"><ele>1109</ele><time>2000-01-01T11:40:56.000Z</time></trkpt><trkpt lat="46.19011" lon="14.96184"><ele>1109</ele><time>2000-01-01T11:41:06.000Z</time></trkpt><trkpt lat="46.19009" lon="14.96185"><ele>1109</ele><time>2000-01-01T11:41:16.000Z</time></trkpt><trkpt lat="46.1901" lon="14.9618"><ele>1109</ele><time>2000-01-01T11:41:26.000Z</time></trkpt><trkpt lat="46.1901" lon="14.96177"><ele>1109</ele><time>2000-01-01T11:41:36.000Z</time></trkpt><trkpt lat="46.19012" lon="14.96175"><ele>1109</ele><time>2000-01-01T11:41:46.000Z</time></trkpt><trkpt lat="46.1901" lon="14.96177"><ele>1109</ele><time>2000-01-01T11:41:56.000Z</time></trkpt><trkpt lat="46.19009" lon="14.9618"><ele>1109</ele><time>2000-01-01T11:42:06.000Z</time></trkpt><trkpt lat="46.1901" lon="14.96177"><ele>1109</ele><time>2000-01-01T11:42:16.000Z</time></trkpt><trkpt lat="46.19008" lon="14.96179"><ele>1109</ele><time>2000-01-01T11:42:26.000Z</time></trkpt><trkpt lat="46.19007" lon="14.9618"><ele>1109</ele><time>2000-01-01T11:42:36.000Z</time></trkpt><trkpt lat="46.19008" lon="14.96181"><ele>1109</ele><time>2000-01-01T11:42:46.000Z</time></trkpt><trkpt lat="46.19003" lon="14.96185"><ele>1109</ele><time>2000-01-01T11:42:56.000Z</time></trkpt><trkpt lat="46.19005" lon="14.96185"><ele>1109</ele><time>2000-01-01T11:43:06.000Z</time></trkpt><trkpt lat="46.19004" lon="14.96187"><ele>1109</ele><time>2000-01-01T11:43:16.000Z</time></trkpt><trkpt lat="46.19005" lon="14.9619"><ele>1109</ele><time>2000-01-01T11:43:26.000Z</time></trkpt><trkpt lat="46.19005" lon="14.96187"><ele>1109</ele><time>2000-01-01T11:43:36.000Z</time></trkpt><trkpt lat="46.19004" lon="14.96185"><ele>1109</ele><time>2000-01-01T11:43:46.000Z</time></trkpt><trkpt lat="46.19004" lon="14.96188"><ele>1109</ele><time>2000-01-01T11:43:56.000Z</time></trkpt><trkpt lat="46.19004" lon="14.96185"><ele>1109</ele><time>2000-01-01T11:44:06.000Z</time></trkpt><trkpt lat="46.19006" lon="14.9618"><ele>1109</ele><time>2000-01-01T11:44:16.000Z</time></trkpt><trkpt lat="46.19008" lon="14.9618"><ele>1109</ele><time>2000-01-01T11:44:26.000Z</time></trkpt><trkpt lat="46.19005" lon="14.96181"><ele>1109</ele><time>2000-01-01T11:44:36.000Z</time></trkpt><trkpt lat="46.19009" lon="14.96176"><ele>1109</ele><time>2000-01-01T11:44:46.000Z</time></trkpt><trkpt lat="46.19002" lon="14.96181"><ele>1109</ele><time>2000-01-01T11:44:56.000Z</time></trkpt><trkpt lat="46.19" lon="14.96184"><ele>1109</ele><time>2000-01-01T11:45:06.000Z</time></trkpt><trkpt lat="46.19001" lon="14.96182"><ele>1109</ele><time>2000-01-01T11:45:16.000Z</time></trkpt><trkpt lat="46.19003" lon="14.9618"><ele>1109</ele><time>2000-01-01T11:45:26.000Z</time></trkpt><trkpt lat="46.19005" lon="14.96181"><ele>1109</ele><time>2000-01-01T11:45:36.000Z</time></trkpt><trkpt lat="46.19003" lon="14.96182"><ele>1109</ele><time>2000-01-01T11:45:46.000Z</time></trkpt><trkpt lat="46.1901" lon="14.96173"><ele>1109</ele><time>2000-01-01T11:45:56.000Z</time></trkpt><trkpt lat="46.19008" lon="14.96176"><ele>1109</ele><time>2000-01-01T11:46:06.000Z</time></trkpt><trkpt lat="46.19007" lon="14.96178"><ele>1109</ele><time>2000-01-01T11:46:16.000Z</time></trkpt><trkpt lat="46.19005" lon="14.96179"><ele>1109</ele><time>2000-01-01T11:46:26.000Z</time></trkpt><trkpt lat="46.19003" lon="14.96176"><ele>1108.67</ele><time>2000-01-01T11:46:36.000Z</time></trkpt><trkpt lat="46.19007" lon="14.96173"><ele>1108.33</ele><time>2000-01-01T11:46:46.000Z</time></trkpt><trkpt lat="46.19006" lon="14.96171"><ele>1108</ele><time>2000-01-01T11:46:56.000Z</time></trkpt><trkpt lat="46.19006" lon="14.96166"><ele>1107.67</ele><time>2000-01-01T11:47:06.000Z</time></trkpt><trkpt lat="46.19007" lon="14.96163"><ele>1107.33</ele><time>2000-01-01T11:47:16.000Z</time></trkpt><trkpt lat="46.19006" lon="14.96161"><ele>1107</ele><time>2000-01-01T11:47:26.000Z</time></trkpt><trkpt lat="46.19004" lon="14.96158"><ele>1106.67</ele><time>2000-01-01T11:47:36.000Z</time></trkpt><trkpt lat="46.19004" lon="14.96155"><ele>1106.33</ele><time>2000-01-01T11:47:46.000Z</time></trkpt><trkpt lat="46.19001" lon="14.9615"><ele>1106</ele><time>2000-01-01T11:47:56.000Z</time></trkpt><trkpt lat="46.18999" lon="14.96144"><ele>1106</ele><time>2000-01-01T11:48:06.000Z</time></trkpt><trkpt lat="46.18997" lon="14.96143"><ele>1106</ele><time>2000-01-01T11:48:16.000Z</time></trkpt><trkpt lat="46.18996" lon="14.96139"><ele>1106</ele><time>2000-01-01T11:48:26.000Z</time></trkpt><trkpt lat="46.18991" lon="14.96124"><ele>1106</ele><time>2000-01-01T11:48:36.000Z</time></trkpt><trkpt lat="46.18987" lon="14.96115"><ele>1106</ele><time>2000-01-01T11:48:46.000Z</time></trkpt><trkpt lat="46.18987" lon="14.96111"><ele>1106</ele><time>2000-01-01T11:48:56.000Z</time></trkpt><trkpt lat="46.18983" lon="14.96104"><ele>1106</ele><time>2000-01-01T11:49:06.000Z</time></trkpt><trkpt lat="46.18981" lon="14.96098"><ele>1106</ele><time>2000-01-01T11:49:16.000Z</time></trkpt><trkpt lat="46.1898" lon="14.96096"><ele>1106</ele><time>2000-01-01T11:49:26.000Z</time></trkpt><trkpt lat="46.18975" lon="14.96095"><ele>1106</ele><time>2000-01-01T11:49:36.000Z</time></trkpt><trkpt lat="46.18974" lon="14.96094"><ele>1106</ele><time>2000-01-01T11:49:46.000Z</time></trkpt><trkpt lat="46.18973" lon="14.9609"><ele>1106</ele><time>2000-01-01T11:49:56.000Z</time></trkpt><trkpt lat="46.1897" lon="14.96084"><ele>1106</ele><time>2000-01-01T11:50:06.000Z</time></trkpt><trkpt lat="46.18966" lon="14.96074"><ele>1105.75</ele><time>2000-01-01T11:50:16.000Z</time></trkpt><trkpt lat="46.18965" lon="14.96065"><ele>1105.5</ele><time>2000-01-01T11:50:26.000Z</time></trkpt><trkpt lat="46.18961" lon="14.96056"><ele>1105.25</ele><time>2000-01-01T11:50:36.000Z</time></trkpt><trkpt lat="46.1896" lon="14.96046"><ele>1105</ele><time>2000-01-01T11:50:46.000Z</time></trkpt><trkpt lat="46.18958" lon="14.96043"><ele>1105</ele><time>2000-01-01T11:50:56.000Z</time></trkpt><trkpt lat="46.18957" lon="14.96039"><ele>1105</ele><time>2000-01-01T11:51:06.000Z</time></trkpt><trkpt lat="46.18955" lon="14.96029"><ele>1105</ele><time>2000-01-01T11:51:16.000Z</time></trkpt><trkpt lat="46.18952" lon="14.96021"><ele>1105</ele><time>2000-01-01T11:51:26.000Z</time></trkpt><trkpt lat="46.1895" lon="14.96019"><ele>1105</ele><time>2000-01-01T11:51:36.000Z</time></trkpt><trkpt lat="46.18949" lon="14.96016"><ele>1105</ele><time>2000-01-01T11:51:46.000Z</time></trkpt><trkpt lat="46.18948" lon="14.96013"><ele>1105</ele><time>2000-01-01T11:51:56.000Z</time></trkpt><trkpt lat="46.18946" lon="14.96011"><ele>1104.17</ele><time>2000-01-01T11:52:06.000Z</time></trkpt><trkpt lat="46.18946" lon="14.96006"><ele>1103.33</ele><time>2000-01-01T11:52:16.000Z</time></trkpt><trkpt lat="46.18942" lon="14.95995"><ele>1102.5</ele><time>2000-01-01T11:52:26.000Z</time></trkpt><trkpt lat="46.18939" lon="14.9599"><ele>1101.67</ele><time>2000-01-01T11:52:36.000Z</time></trkpt><trkpt lat="46.18935" lon="14.95984"><ele>1100.83</ele><time>2000-01-01T11:52:46.000Z</time></trkpt><trkpt lat="46.18932" lon="14.95977"><ele>1100</ele><time>2000-01-01T11:52:56.000Z</time></trkpt><trkpt lat="46.18929" lon="14.95972"><ele>1099.17</ele><time>2000-01-01T11:53:06.000Z</time></trkpt><trkpt lat="46.18926" lon="14.95965"><ele>1098.33</ele><time>2000-01-01T11:53:16.000Z</time></trkpt><trkpt lat="46.18925" lon="14.95962"><ele>1097.5</ele><time>2000-01-01T11:53:26.000Z</time></trkpt><trkpt lat="46.18923" lon="14.95957"><ele>1096.67</ele><time>2000-01-01T11:53:36.000Z</time></trkpt><trkpt lat="46.18921" lon="14.95951"><ele>1095.83</ele><time>2000-01-01T11:53:46.000Z</time></trkpt><trkpt lat="46.18914" lon="14.95936"><ele>1095</ele><time>2000-01-01T11:53:56.000Z</time></trkpt><trkpt lat="46.18912" lon="14.95926"><ele>1090.75</ele><time>2000-01-01T11:54:06.000Z</time></trkpt><trkpt lat="46.18908" lon="14.95914"><ele>1086.5</ele><time>2000-01-01T11:54:16.000Z</time></trkpt><trkpt lat="46.18907" lon="14.95908"><ele>1082.25</ele><time>2000-01-01T11:54:26.000Z</time></trkpt><trkpt lat="46.18907" lon="14.95893"><ele>1078</ele><time>2000-01-01T11:54:36.000Z</time></trkpt><trkpt lat="46.18905" lon="14.95889"><ele>1078</ele><time>2000-01-01T11:54:46.000Z</time></trkpt><trkpt lat="46.18905" lon="14.95884"><ele>1078</ele><time>2000-01-01T11:54:56.000Z</time></trkpt><trkpt lat="46.18906" lon="14.95872"><ele>1078</ele><time>2000-01-01T11:55:06.000Z</time></trkpt><trkpt lat="46.18909" lon="14.95855"><ele>1078</ele><time>2000-01-01T11:55:16.000Z</time></trkpt><trkpt lat="46.18908" lon="14.95839"><ele>1078</ele><time>2000-01-01T11:55:26.000Z</time></trkpt><trkpt lat="46.18909" lon="14.95826"><ele>1078</ele><time>2000-01-01T11:55:36.000Z</time></trkpt><trkpt lat="46.18909" lon="14.95823"><ele>1078</ele><time>2000-01-01T11:55:46.000Z</time></trkpt><trkpt lat="46.18909" lon="14.95819"><ele>1078</ele><time>2000-01-01T11:55:56.000Z</time></trkpt><trkpt lat="46.18908" lon="14.95811"><ele>1078.2</ele><time>2000-01-01T11:56:06.000Z</time></trkpt><trkpt lat="46.18905" lon="14.95802"><ele>1078.4</ele><time>2000-01-01T11:56:16.000Z</time></trkpt><trkpt lat="46.18907" lon="14.95796"><ele>1078.6</ele><time>2000-01-01T11:56:26.000Z</time></trkpt><trkpt lat="46.18905" lon="14.95788"><ele>1078.8</ele><time>2000-01-01T11:56:36.000Z</time></trkpt><trkpt lat="46.18901" lon="14.95782"><ele>1079</ele><time>2000-01-01T11:56:46.000Z</time></trkpt><trkpt lat="46.189" lon="14.95778"><ele>1079</ele><time>2000-01-01T11:56:56.000Z</time></trkpt><trkpt lat="46.18898" lon="14.9577"><ele>1079</ele><time>2000-01-01T11:57:06.000Z</time></trkpt><trkpt lat="46.18898" lon="14.95761"><ele>1079</ele><time>2000-01-01T11:57:16.000Z</time></trkpt><trkpt lat="46.18896" lon="14.95753"><ele>1079</ele><time>2000-01-01T11:57:26.000Z</time></trkpt><trkpt lat="46.18893" lon="14.95742"><ele>1079</ele><time>2000-01-01T11:57:36.000Z</time></trkpt><trkpt lat="46.18888" lon="14.95731"><ele>1078.4</ele><time>2000-01-01T11:57:46.000Z</time></trkpt><trkpt lat="46.18885" lon="14.95721"><ele>1077.8</ele><time>2000-01-01T11:57:56.000Z</time></trkpt><trkpt lat="46.18886" lon="14.95715"><ele>1077.2</ele><time>2000-01-01T11:58:06.000Z</time></trkpt><trkpt lat="46.18885" lon="14.95711"><ele>1076.6</ele><time>2000-01-01T11:58:16.000Z</time></trkpt><trkpt lat="46.18882" lon="14.95705"><ele>1076</ele><time>2000-01-01T11:58:26.000Z</time></trkpt><trkpt lat="46.18882" lon="14.957"><ele>1075.5</ele><time>2000-01-01T11:58:36.000Z</time></trkpt><trkpt lat="46.18883" lon="14.95693"><ele>1075</ele><time>2000-01-01T11:58:46.000Z</time></trkpt><trkpt lat="46.18882" lon="14.95686"><ele>1074.5</ele><time>2000-01-01T11:58:56.000Z</time></trkpt><trkpt lat="46.18883" lon="14.95683"><ele>1074</ele><time>2000-01-01T11:59:06.000Z</time></trkpt><trkpt lat="46.18882" lon="14.95677"><ele>1073.5</ele><time>2000-01-01T11:59:16.000Z</time></trkpt><trkpt lat="46.18882" lon="14.95674"><ele>1073</ele><time>2000-01-01T11:59:26.000Z</time></trkpt><trkpt lat="46.18881" lon="14.95671"><ele>1072.5</ele><time>2000-01-01T11:59:36.000Z</time></trkpt><trkpt lat="46.18883" lon="14.95663"><ele>1072</ele><time>2000-01-01T11:59:46.000Z</time></trkpt><trkpt lat="46.18884" lon="14.9566"><ele>1070.4</ele><time>2000-01-01T11:59:56.000Z</time></trkpt><trkpt lat="46.18883" lon="14.95654"><ele>1068.8</ele><time>2000-01-01T12:00:06.000Z</time></trkpt><trkpt lat="46.18881" lon="14.95651"><ele>1067.2</ele><time>2000-01-01T12:00:16.000Z</time></trkpt><trkpt lat="46.18881" lon="14.95644"><ele>1065.6</ele><time>2000-01-01T12:00:26.000Z</time></trkpt><trkpt lat="46.18877" lon="14.95629"><ele>1064</ele><time>2000-01-01T12:00:36.000Z</time></trkpt><trkpt lat="46.18878" lon="14.95625"><ele>1062.83</ele><time>2000-01-01T12:00:46.000Z</time></trkpt><trkpt lat="46.18877" lon="14.95622"><ele>1061.67</ele><time>2000-01-01T12:00:56.000Z</time></trkpt><trkpt lat="46.18877" lon="14.95614"><ele>1060.5</ele><time>2000-01-01T12:01:06.000Z</time></trkpt><trkpt lat="46.18877" lon="14.9561"><ele>1059.33</ele><time>2000-01-01T12:01:16.000Z</time></trkpt><trkpt lat="46.18874" lon="14.95605"><ele>1058.17</ele><time>2000-01-01T12:01:26.000Z</time></trkpt><trkpt lat="46.18871" lon="14.95595"><ele>1057</ele><time>2000-01-01T12:01:36.000Z</time></trkpt><trkpt lat="46.18866" lon="14.9557"><ele>1053</ele><time>2000-01-01T12:01:46.000Z</time></trkpt><trkpt lat="46.18858" lon="14.95551"><ele>1049</ele><time>2000-01-01T12:01:56.000Z</time></trkpt><trkpt lat="46.18854" lon="14.95528"><ele>1048.5</ele><time>2000-01-01T12:02:06.000Z</time></trkpt><trkpt lat="46.18852" lon="14.95521"><ele>1048</ele><time>2000-01-01T12:02:16.000Z</time></trkpt><trkpt lat="46.18852" lon="14.95518"><ele>1047.5</ele><time>2000-01-01T12:02:26.000Z</time></trkpt><trkpt lat="46.1885" lon="14.95512"><ele>1047</ele><time>2000-01-01T12:02:36.000Z</time></trkpt><trkpt lat="46.18847" lon="14.95504"><ele>1045.75</ele><time>2000-01-01T12:02:46.000Z</time></trkpt><trkpt lat="46.18846" lon="14.955"><ele>1044.5</ele><time>2000-01-01T12:02:56.000Z</time></trkpt><trkpt lat="46.18848" lon="14.95485"><ele>1043.25</ele><time>2000-01-01T12:03:06.000Z</time></trkpt><trkpt lat="46.18846" lon="14.95474"><ele>1042</ele><time>2000-01-01T12:03:16.000Z</time></trkpt><trkpt lat="46.18846" lon="14.95454"><ele>1042</ele><time>2000-01-01T12:03:26.000Z</time></trkpt><trkpt lat="46.18845" lon="14.95449"><ele>1042</ele><time>2000-01-01T12:03:36.000Z</time></trkpt><trkpt lat="46.18842" lon="14.95443"><ele>1042</ele><time>2000-01-01T12:03:46.000Z</time></trkpt><trkpt lat="46.1884" lon="14.95438"><ele>1042</ele><time>2000-01-01T12:03:56.000Z</time></trkpt><trkpt lat="46.18838" lon="14.95438"><ele>1041.2</ele><time>2000-01-01T12:04:06.000Z</time></trkpt><trkpt lat="46.18836" lon="14.95435"><ele>1040.4</ele><time>2000-01-01T12:04:16.000Z</time></trkpt><trkpt lat="46.1883" lon="14.95438"><ele>1039.6</ele><time>2000-01-01T12:04:26.000Z</time></trkpt><trkpt lat="46.18827" lon="14.95436"><ele>1038.8</ele><time>2000-01-01T12:04:36.000Z</time></trkpt><trkpt lat="46.18819" lon="14.95424"><ele>1038</ele><time>2000-01-01T12:04:46.000Z</time></trkpt><trkpt lat="46.18818" lon="14.95422"><ele>1037.63</ele><time>2000-01-01T12:04:56.000Z</time></trkpt><trkpt lat="46.18818" lon="14.95419"><ele>1037.25</ele><time>2000-01-01T12:05:06.000Z</time></trkpt><trkpt lat="46.18817" lon="14.95416"><ele>1036.88</ele><time>2000-01-01T12:05:16.000Z</time></trkpt><trkpt lat="46.18815" lon="14.95417"><ele>1036.5</ele><time>2000-01-01T12:05:26.000Z</time></trkpt><trkpt lat="46.18811" lon="14.95412"><ele>1036.13</ele><time>2000-01-01T12:05:36.000Z</time></trkpt><trkpt lat="46.18809" lon="14.95411"><ele>1035.75</ele><time>2000-01-01T12:05:46.000Z</time></trkpt><trkpt lat="46.18807" lon="14.95402"><ele>1035.38</ele><time>2000-01-01T12:05:56.000Z</time></trkpt><trkpt lat="46.188" lon="14.95405"><ele>1035</ele><time>2000-01-01T12:06:06.000Z</time></trkpt><trkpt lat="46.18799" lon="14.95405"><ele>1030.4</ele><time>2000-01-01T12:06:16.000Z</time></trkpt><trkpt lat="46.18796" lon="14.95399"><ele>1025.8</ele><time>2000-01-01T12:06:26.000Z</time></trkpt><trkpt lat="46.18792" lon="14.95397"><ele>1021.2</ele><time>2000-01-01T12:06:36.000Z</time></trkpt><trkpt lat="46.18784" lon="14.95391"><ele>1016.6</ele><time>2000-01-01T12:06:46.000Z</time></trkpt><trkpt lat="46.18775" lon="14.95386"><ele>1012</ele><time>2000-01-01T12:06:56.000Z</time></trkpt><trkpt lat="46.18769" lon="14.95385"><ele>1010</ele><time>2000-01-01T12:07:06.000Z</time></trkpt><trkpt lat="46.18765" lon="14.95387"><ele>1008</ele><time>2000-01-01T12:07:16.000Z</time></trkpt><trkpt lat="46.18752" lon="14.95382"><ele>1006</ele><time>2000-01-01T12:07:26.000Z</time></trkpt><trkpt lat="46.18743" lon="14.95373"><ele>1004</ele><time>2000-01-01T12:07:36.000Z</time></trkpt><trkpt lat="46.18735" lon="14.95364"><ele>1002.5</ele><time>2000-01-01T12:07:46.000Z</time></trkpt><trkpt lat="46.18733" lon="14.9536"><ele>1001</ele><time>2000-01-01T12:07:56.000Z</time></trkpt><trkpt lat="46.18731" lon="14.95359"><ele>999.5</ele><time>2000-01-01T12:08:06.000Z</time></trkpt><trkpt lat="46.1873" lon="14.95357"><ele>998</ele><time>2000-01-01T12:08:16.000Z</time></trkpt><trkpt lat="46.18728" lon="14.95355"><ele>996.5</ele><time>2000-01-01T12:08:26.000Z</time></trkpt><trkpt lat="46.18718" lon="14.95347"><ele>995</ele><time>2000-01-01T12:08:36.000Z</time></trkpt><trkpt lat="46.18705" lon="14.9534"><ele>989.5</ele><time>2000-01-01T12:08:46.000Z</time></trkpt><trkpt lat="46.18702" lon="14.95338"><ele>984</ele><time>2000-01-01T12:08:56.000Z</time></trkpt><trkpt lat="46.187" lon="14.95335"><ele>978.5</ele><time>2000-01-01T12:09:06.000Z</time></trkpt><trkpt lat="46.18691" lon="14.95327"><ele>973</ele><time>2000-01-01T12:09:16.000Z</time></trkpt><trkpt lat="46.1869" lon="14.95324"><ele>971.17</ele><time>2000-01-01T12:09:26.000Z</time></trkpt><trkpt lat="46.18688" lon="14.95322"><ele>969.33</ele><time>2000-01-01T12:09:36.000Z</time></trkpt><trkpt lat="46.18687" lon="14.95319"><ele>967.5</ele><time>2000-01-01T12:09:46.000Z</time></trkpt><trkpt lat="46.1868" lon="14.95318"><ele>965.67</ele><time>2000-01-01T12:09:56.000Z</time></trkpt><trkpt lat="46.18671" lon="14.95313"><ele>963.83</ele><time>2000-01-01T12:10:06.000Z</time></trkpt><trkpt lat="46.18669" lon="14.9531"><ele>962</ele><time>2000-01-01T12:10:16.000Z</time></trkpt><trkpt lat="46.18663" lon="14.95306"><ele>958.8</ele><time>2000-01-01T12:10:26.000Z</time></trkpt><trkpt lat="46.18657" lon="14.95298"><ele>955.6</ele><time>2000-01-01T12:10:36.000Z</time></trkpt><trkpt lat="46.18653" lon="14.95296"><ele>952.4</ele><time>2000-01-01T12:10:46.000Z</time></trkpt><trkpt lat="46.18647" lon="14.95293"><ele>949.2</ele><time>2000-01-01T12:10:56.000Z</time></trkpt><trkpt lat="46.18645" lon="14.9529"><ele>946</ele><time>2000-01-01T12:11:06.000Z</time></trkpt><trkpt lat="46.18639" lon="14.95285"><ele>943.25</ele><time>2000-01-01T12:11:16.000Z</time></trkpt><trkpt lat="46.18636" lon="14.9528"><ele>940.5</ele><time>2000-01-01T12:11:26.000Z</time></trkpt><trkpt lat="46.18631" lon="14.95277"><ele>937.75</ele><time>2000-01-01T12:11:36.000Z</time></trkpt><trkpt lat="46.18624" lon="14.9527"><ele>935</ele><time>2000-01-01T12:11:46.000Z</time></trkpt><trkpt lat="46.18619" lon="14.95267"><ele>935</ele><time>2000-01-01T12:11:56.000Z</time></trkpt><trkpt lat="46.18617" lon="14.95265"><ele>935</ele><time>2000-01-01T12:12:06.000Z</time></trkpt><trkpt lat="46.18612" lon="14.95257"><ele>935</ele><time>2000-01-01T12:12:16.000Z</time></trkpt><trkpt lat="46.18608" lon="14.95254"><ele>935</ele><time>2000-01-01T12:12:26.000Z</time></trkpt><trkpt lat="46.18602" lon="14.95245"><ele>935</ele><time>2000-01-01T12:12:36.000Z</time></trkpt><trkpt lat="46.18597" lon="14.95241"><ele>934</ele><time>2000-01-01T12:12:46.000Z</time></trkpt><trkpt lat="46.18595" lon="14.9524"><ele>933</ele><time>2000-01-01T12:12:56.000Z</time></trkpt><trkpt lat="46.18593" lon="14.95241"><ele>932</ele><time>2000-01-01T12:13:06.000Z</time></trkpt><trkpt lat="46.1859" lon="14.95239"><ele>931</ele><time>2000-01-01T12:13:16.000Z</time></trkpt><trkpt lat="46.18588" lon="14.9524"><ele>930</ele><time>2000-01-01T12:13:26.000Z</time></trkpt><trkpt lat="46.18578" lon="14.95236"><ele>929</ele><time>2000-01-01T12:13:36.000Z</time></trkpt><trkpt lat="46.18576" lon="14.95237"><ele>926.71</ele><time>2000-01-01T12:13:46.000Z</time></trkpt><trkpt lat="46.18576" lon="14.95242"><ele>924.43</ele><time>2000-01-01T12:13:56.000Z</time></trkpt><trkpt lat="46.18578" lon="14.95248"><ele>922.14</ele><time>2000-01-01T12:14:06.000Z</time></trkpt><trkpt lat="46.18576" lon="14.95256"><ele>919.86</ele><time>2000-01-01T12:14:16.000Z</time></trkpt><trkpt lat="46.18574" lon="14.95259"><ele>917.57</ele><time>2000-01-01T12:14:26.000Z</time></trkpt><trkpt lat="46.18574" lon="14.95262"><ele>915.29</ele><time>2000-01-01T12:14:36.000Z</time></trkpt><trkpt lat="46.18581" lon="14.9528"><ele>913</ele><time>2000-01-01T12:14:46.000Z</time></trkpt><trkpt lat="46.18582" lon="14.95291"><ele>909.8</ele><time>2000-01-01T12:14:56.000Z</time></trkpt><trkpt lat="46.18586" lon="14.953"><ele>906.6</ele><time>2000-01-01T12:15:06.000Z</time></trkpt><trkpt lat="46.18589" lon="14.95305"><ele>903.4</ele><time>2000-01-01T12:15:16.000Z</time></trkpt><trkpt lat="46.18587" lon="14.95311"><ele>900.2</ele><time>2000-01-01T12:15:26.000Z</time></trkpt><trkpt lat="46.18586" lon="14.95314"><ele>897</ele><time>2000-01-01T12:15:36.000Z</time></trkpt><trkpt lat="46.18584" lon="14.95316"><ele>897.5</ele><time>2000-01-01T12:15:46.000Z</time></trkpt><trkpt lat="46.18575" lon="14.95323"><ele>898</ele><time>2000-01-01T12:15:56.000Z</time></trkpt><trkpt lat="46.18568" lon="14.95323"><ele>898.5</ele><time>2000-01-01T12:16:06.000Z</time></trkpt><trkpt lat="46.1856" lon="14.95319"><ele>899</ele><time>2000-01-01T12:16:16.000Z</time></trkpt><trkpt lat="46.18554" lon="14.95313"><ele>896</ele><time>2000-01-01T12:16:26.000Z</time></trkpt><trkpt lat="46.1854" lon="14.953"><ele>893</ele><time>2000-01-01T12:16:36.000Z</time></trkpt><trkpt lat="46.18535" lon="14.95298"><ele>890</ele><time>2000-01-01T12:16:46.000Z</time></trkpt><trkpt lat="46.18527" lon="14.95291"><ele>888.67</ele><time>2000-01-01T12:16:56.000Z</time></trkpt><trkpt lat="46.18521" lon="14.95287"><ele>887.33</ele><time>2000-01-01T12:17:06.000Z</time></trkpt><trkpt lat="46.18519" lon="14.95285"><ele>886</ele><time>2000-01-01T12:17:16.000Z</time></trkpt><trkpt lat="46.18517" lon="14.95284"><ele>884.67</ele><time>2000-01-01T12:17:26.000Z</time></trkpt><trkpt lat="46.18513" lon="14.95282"><ele>883.33</ele><time>2000-01-01T12:17:36.000Z</time></trkpt><trkpt lat="46.18502" lon="14.95273"><ele>882</ele><time>2000-01-01T12:17:46.000Z</time></trkpt><trkpt lat="46.18498" lon="14.9527"><ele>879.67</ele><time>2000-01-01T12:17:56.000Z</time></trkpt><trkpt lat="46.18496" lon="14.95268"><ele>877.33</ele><time>2000-01-01T12:18:06.000Z</time></trkpt><trkpt lat="46.18495" lon="14.95262"><ele>875</ele><time>2000-01-01T12:18:16.000Z</time></trkpt><trkpt lat="46.18493" lon="14.95259"><ele>872.67</ele><time>2000-01-01T12:18:26.000Z</time></trkpt><trkpt lat="46.18489" lon="14.95246"><ele>870.33</ele><time>2000-01-01T12:18:36.000Z</time></trkpt><trkpt lat="46.18487" lon="14.95243"><ele>868</ele><time>2000-01-01T12:18:46.000Z</time></trkpt><trkpt lat="46.18483" lon="14.9524"><ele>868</ele><time>2000-01-01T12:18:56.000Z</time></trkpt><trkpt lat="46.1848" lon="14.95235"><ele>868</ele><time>2000-01-01T12:19:06.000Z</time></trkpt><trkpt lat="46.18478" lon="14.95234"><ele>868</ele><time>2000-01-01T12:19:16.000Z</time></trkpt><trkpt lat="46.18476" lon="14.95235"><ele>868</ele><time>2000-01-01T12:19:26.000Z</time></trkpt><trkpt lat="46.18475" lon="14.95237"><ele>868</ele><time>2000-01-01T12:19:36.000Z</time></trkpt><trkpt lat="46.18475" lon="14.95244"><ele>868</ele><time>2000-01-01T12:19:46.000Z</time></trkpt><trkpt lat="46.18472" lon="14.95248"><ele>868</ele><time>2000-01-01T12:19:56.000Z</time></trkpt><trkpt lat="46.1847" lon="14.9525"><ele>868</ele><time>2000-01-01T12:20:06.000Z</time></trkpt><trkpt lat="46.18465" lon="14.95252"><ele>867.67</ele><time>2000-01-01T12:20:16.000Z</time></trkpt><trkpt lat="46.18461" lon="14.95265"><ele>867.33</ele><time>2000-01-01T12:20:26.000Z</time></trkpt><trkpt lat="46.18471" lon="14.95284"><ele>867</ele><time>2000-01-01T12:20:36.000Z</time></trkpt><trkpt lat="46.18473" lon="14.95299"><ele>866.67</ele><time>2000-01-01T12:20:46.000Z</time></trkpt><trkpt lat="46.18478" lon="14.95311"><ele>866.33</ele><time>2000-01-01T12:20:56.000Z</time></trkpt><trkpt lat="46.18483" lon="14.95324"><ele>866</ele><time>2000-01-01T12:21:06.000Z</time></trkpt><trkpt lat="46.18488" lon="14.95335"><ele>866</ele><time>2000-01-01T12:21:16.000Z</time></trkpt><trkpt lat="46.18489" lon="14.95337"><ele>866</ele><time>2000-01-01T12:21:26.000Z</time></trkpt><trkpt lat="46.18489" lon="14.95341"><ele>866</ele><time>2000-01-01T12:21:36.000Z</time></trkpt><trkpt lat="46.1849" lon="14.95352"><ele>866</ele><time>2000-01-01T12:21:46.000Z</time></trkpt><trkpt lat="46.18499" lon="14.95353"><ele>866</ele><time>2000-01-01T12:21:56.000Z</time></trkpt><trkpt lat="46.18507" lon="14.95362"><ele>864</ele><time>2000-01-01T12:22:06.000Z</time></trkpt><trkpt lat="46.18509" lon="14.95363"><ele>862</ele><time>2000-01-01T12:22:16.000Z</time></trkpt><trkpt lat="46.18515" lon="14.95377"><ele>860</ele><time>2000-01-01T12:22:26.000Z</time></trkpt><trkpt lat="46.18523" lon="14.95388"><ele>858</ele><time>2000-01-01T12:22:36.000Z</time></trkpt><trkpt lat="46.18528" lon="14.95401"><ele>855.67</ele><time>2000-01-01T12:22:46.000Z</time></trkpt><trkpt lat="46.18533" lon="14.9541"><ele>853.33</ele><time>2000-01-01T12:22:56.000Z</time></trkpt><trkpt lat="46.18536" lon="14.95423"><ele>851</ele><time>2000-01-01T12:23:06.000Z</time></trkpt><trkpt lat="46.18543" lon="14.95449"><ele>851</ele><time>2000-01-01T12:23:16.000Z</time></trkpt><trkpt lat="46.18546" lon="14.95463"><ele>851</ele><time>2000-01-01T12:23:26.000Z</time></trkpt><trkpt lat="46.18551" lon="14.95509"><ele>852</ele><time>2000-01-01T12:23:36.000Z</time></trkpt><trkpt lat="46.18554" lon="14.95521"><ele>851.33</ele><time>2000-01-01T12:23:46.000Z</time></trkpt><trkpt lat="46.18559" lon="14.95534"><ele>850.67</ele><time>2000-01-01T12:23:56.000Z</time></trkpt><trkpt lat="46.1857" lon="14.95556"><ele>850</ele><time>2000-01-01T12:24:06.000Z</time></trkpt><trkpt lat="46.18578" lon="14.95569"><ele>849.67</ele><time>2000-01-01T12:24:16.000Z</time></trkpt><trkpt lat="46.18583" lon="14.95581"><ele>849.33</ele><time>2000-01-01T12:24:26.000Z</time></trkpt><trkpt lat="46.18583" lon="14.95598"><ele>849</ele><time>2000-01-01T12:24:36.000Z</time></trkpt><trkpt lat="46.18586" lon="14.95611"><ele>847.67</ele><time>2000-01-01T12:24:46.000Z</time></trkpt><trkpt lat="46.18584" lon="14.95624"><ele>846.33</ele><time>2000-01-01T12:24:56.000Z</time></trkpt><trkpt lat="46.18586" lon="14.95637"><ele>845</ele><time>2000-01-01T12:25:06.000Z</time></trkpt><trkpt lat="46.18586" lon="14.95652"><ele>843.67</ele><time>2000-01-01T12:25:16.000Z</time></trkpt><trkpt lat="46.18582" lon="14.95666"><ele>842.33</ele><time>2000-01-01T12:25:26.000Z</time></trkpt><trkpt lat="46.18578" lon="14.95692"><ele>841</ele><time>2000-01-01T12:25:36.000Z</time></trkpt><trkpt lat="46.18577" lon="14.95705"><ele>839</ele><time>2000-01-01T12:25:46.000Z</time></trkpt><trkpt lat="46.18569" lon="14.95749"><ele>837</ele><time>2000-01-01T12:25:56.000Z</time></trkpt><trkpt lat="46.18564" lon="14.95761"><ele>837</ele><time>2000-01-01T12:26:06.000Z</time></trkpt><trkpt lat="46.1856" lon="14.95768"><ele>837</ele><time>2000-01-01T12:26:16.000Z</time></trkpt><trkpt lat="46.18555" lon="14.9579"><ele>837</ele><time>2000-01-01T12:26:26.000Z</time></trkpt><trkpt lat="46.18553" lon="14.95795"><ele>837</ele><time>2000-01-01T12:26:36.000Z</time></trkpt><trkpt lat="46.18548" lon="14.95806"><ele>837</ele><time>2000-01-01T12:26:46.000Z</time></trkpt><trkpt lat="46.18543" lon="14.95818"><ele>837</ele><time>2000-01-01T12:26:56.000Z</time></trkpt><trkpt lat="46.18539" lon="14.95831"><ele>837</ele><time>2000-01-01T12:27:06.000Z</time></trkpt><trkpt lat="46.18535" lon="14.95836"><ele>836.4</ele><time>2000-01-01T12:27:16.000Z</time></trkpt><trkpt lat="46.18529" lon="14.95841"><ele>835.8</ele><time>2000-01-01T12:27:26.000Z</time></trkpt><trkpt lat="46.18525" lon="14.95845"><ele>835.2</ele><time>2000-01-01T12:27:36.000Z</time></trkpt><trkpt lat="46.18518" lon="14.95848"><ele>834.6</ele><time>2000-01-01T12:27:46.000Z</time></trkpt><trkpt lat="46.18512" lon="14.95848"><ele>834</ele><time>2000-01-01T12:27:56.000Z</time></trkpt><trkpt lat="46.18489" lon="14.95854"><ele>832.5</ele><time>2000-01-01T12:28:06.000Z</time></trkpt><trkpt lat="46.18484" lon="14.95859"><ele>831</ele><time>2000-01-01T12:28:16.000Z</time></trkpt><trkpt lat="46.18475" lon="14.95863"><ele>831</ele><time>2000-01-01T12:28:26.000Z</time></trkpt><trkpt lat="46.1847" lon="14.95868"><ele>831</ele><time>2000-01-01T12:28:36.000Z</time></trkpt><trkpt lat="46.18463" lon="14.95882"><ele>831</ele><time>2000-01-01T12:28:46.000Z</time></trkpt><trkpt lat="46.1846" lon="14.95885"><ele>830.8</ele><time>2000-01-01T12:28:56.000Z</time></trkpt><trkpt lat="46.18458" lon="14.95891"><ele>830.6</ele><time>2000-01-01T12:29:06.000Z</time></trkpt><trkpt lat="46.18459" lon="14.959"><ele>830.4</ele><time>2000-01-01T12:29:16.000Z</time></trkpt><trkpt lat="46.18461" lon="14.9591"><ele>830.2</ele><time>2000-01-01T12:29:26.000Z</time></trkpt><trkpt lat="46.18461" lon="14.95918"><ele>830</ele><time>2000-01-01T12:29:36.000Z</time></trkpt><trkpt lat="46.18465" lon="14.9593"><ele>830</ele><time>2000-01-01T12:29:46.000Z</time></trkpt><trkpt lat="46.18467" lon="14.95933"><ele>830</ele><time>2000-01-01T12:29:56.000Z</time></trkpt><trkpt lat="46.18469" lon="14.95936"><ele>830</ele><time>2000-01-01T12:30:06.000Z</time></trkpt><trkpt lat="46.18477" lon="14.95942"><ele>830</ele><time>2000-01-01T12:30:16.000Z</time></trkpt><trkpt lat="46.18481" lon="14.95947"><ele>830</ele><time>2000-01-01T12:30:26.000Z</time></trkpt><trkpt lat="46.18498" lon="14.95961"><ele>830.5</ele><time>2000-01-01T12:30:36.000Z</time></trkpt><trkpt lat="46.18517" lon="14.95981"><ele>831</ele><time>2000-01-01T12:30:46.000Z</time></trkpt><trkpt lat="46.18536" lon="14.96002"><ele>831.5</ele><time>2000-01-01T12:30:56.000Z</time></trkpt><trkpt lat="46.18544" lon="14.96013"><ele>832</ele><time>2000-01-01T12:31:06.000Z</time></trkpt><trkpt lat="46.1855" lon="14.96024"><ele>833</ele><time>2000-01-01T12:31:16.000Z</time></trkpt><trkpt lat="46.18556" lon="14.96037"><ele>834</ele><time>2000-01-01T12:31:26.000Z</time></trkpt><trkpt lat="46.18557" lon="14.96039"><ele>835</ele><time>2000-01-01T12:31:36.000Z</time></trkpt><trkpt lat="46.18561" lon="14.96047"><ele>836</ele><time>2000-01-01T12:31:46.000Z</time></trkpt><trkpt lat="46.18564" lon="14.96052"><ele>835.75</ele><time>2000-01-01T12:31:56.000Z</time></trkpt><trkpt lat="46.18569" lon="14.96059"><ele>835.5</ele><time>2000-01-01T12:32:06.000Z</time></trkpt><trkpt lat="46.18576" lon="14.96066"><ele>835.25</ele><time>2000-01-01T12:32:16.000Z</time></trkpt><trkpt lat="46.18579" lon="14.96079"><ele>835</ele><time>2000-01-01T12:32:26.000Z</time></trkpt><trkpt lat="46.18587" lon="14.96103"><ele>834.5</ele><time>2000-01-01T12:32:36.000Z</time></trkpt><trkpt lat="46.18589" lon="14.96116"><ele>834</ele><time>2000-01-01T12:32:46.000Z</time></trkpt><trkpt lat="46.18587" lon="14.96125"><ele>833.75</ele><time>2000-01-01T12:32:56.000Z</time></trkpt><trkpt lat="46.18586" lon="14.96131"><ele>833.5</ele><time>2000-01-01T12:33:06.000Z</time></trkpt><trkpt lat="46.18581" lon="14.96145"><ele>833.25</ele><time>2000-01-01T12:33:16.000Z</time></trkpt><trkpt lat="46.18577" lon="14.96157"><ele>833</ele><time>2000-01-01T12:33:26.000Z</time></trkpt><trkpt lat="46.18562" lon="14.96171"><ele>831</ele><time>2000-01-01T12:33:36.000Z</time></trkpt><trkpt lat="46.18553" lon="14.96178"><ele>829</ele><time>2000-01-01T12:33:46.000Z</time></trkpt><trkpt lat="46.18551" lon="14.9618"><ele>829.2</ele><time>2000-01-01T12:33:56.000Z</time></trkpt><trkpt lat="46.18546" lon="14.96186"><ele>829.4</ele><time>2000-01-01T12:34:06.000Z</time></trkpt><trkpt lat="46.18544" lon="14.96194"><ele>829.6</ele><time>2000-01-01T12:34:16.000Z</time></trkpt><trkpt lat="46.18541" lon="14.96199"><ele>829.8</ele><time>2000-01-01T12:34:26.000Z</time></trkpt><trkpt lat="46.18537" lon="14.96207"><ele>830</ele><time>2000-01-01T12:34:36.000Z</time></trkpt><trkpt lat="46.18537" lon="14.96211"><ele>829.57</ele><time>2000-01-01T12:34:46.000Z</time></trkpt><trkpt lat="46.18534" lon="14.96223"><ele>829.14</ele><time>2000-01-01T12:34:56.000Z</time></trkpt><trkpt lat="46.18534" lon="14.9623"><ele>828.71</ele><time>2000-01-01T12:35:06.000Z</time></trkpt><trkpt lat="46.18535" lon="14.96233"><ele>828.29</ele><time>2000-01-01T12:35:16.000Z</time></trkpt><trkpt lat="46.18535" lon="14.96237"><ele>827.86</ele><time>2000-01-01T12:35:26.000Z</time></trkpt><trkpt lat="46.18535" lon="14.9624"><ele>827.43</ele><time>2000-01-01T12:35:36.000Z</time></trkpt><trkpt lat="46.18535" lon="14.96243"><ele>827</ele><time>2000-01-01T12:35:46.000Z</time></trkpt><trkpt lat="46.18536" lon="14.96246"><ele>826.8</ele><time>2000-01-01T12:35:56.000Z</time></trkpt><trkpt lat="46.18537" lon="14.96266"><ele>826.6</ele><time>2000-01-01T12:36:06.000Z</time></trkpt><trkpt lat="46.18539" lon="14.96273"><ele>826.4</ele><time>2000-01-01T12:36:16.000Z</time></trkpt><trkpt lat="46.18541" lon="14.96276"><ele>826.2</ele><time>2000-01-01T12:36:26.000Z</time></trkpt><trkpt lat="46.18543" lon="14.96282"><ele>826</ele><time>2000-01-01T12:36:36.000Z</time></trkpt><trkpt lat="46.18543" lon="14.96294"><ele>826</ele><time>2000-01-01T12:36:46.000Z</time></trkpt><trkpt lat="46.18539" lon="14.96304"><ele>826</ele><time>2000-01-01T12:36:56.000Z</time></trkpt><trkpt lat="46.18537" lon="14.96312"><ele>826</ele><time>2000-01-01T12:37:06.000Z</time></trkpt><trkpt lat="46.18534" lon="14.96322"><ele>826</ele><time>2000-01-01T12:37:16.000Z</time></trkpt><trkpt lat="46.18533" lon="14.96343"><ele>826</ele><time>2000-01-01T12:37:26.000Z</time></trkpt><trkpt lat="46.18532" lon="14.96349"><ele>826</ele><time>2000-01-01T12:37:36.000Z</time></trkpt><trkpt lat="46.18534" lon="14.96359"><ele>826</ele><time>2000-01-01T12:37:46.000Z</time></trkpt><trkpt lat="46.18539" lon="14.96381"><ele>827</ele><time>2000-01-01T12:37:56.000Z</time></trkpt><trkpt lat="46.1854" lon="14.96389"><ele>828</ele><time>2000-01-01T12:38:06.000Z</time></trkpt><trkpt lat="46.18542" lon="14.96392"><ele>829</ele><time>2000-01-01T12:38:16.000Z</time></trkpt><trkpt lat="46.18543" lon="14.96395"><ele>830</ele><time>2000-01-01T12:38:26.000Z</time></trkpt><trkpt lat="46.18546" lon="14.96397"><ele>835.67</ele><time>2000-01-01T12:38:36.000Z</time></trkpt><trkpt lat="46.18553" lon="14.96406"><ele>841.33</ele><time>2000-01-01T12:38:46.000Z</time></trkpt><trkpt lat="46.18556" lon="14.96432"><ele>847</ele><time>2000-01-01T12:38:56.000Z</time></trkpt><trkpt lat="46.18558" lon="14.9644"><ele>848.17</ele><time>2000-01-01T12:39:06.000Z</time></trkpt><trkpt lat="46.18558" lon="14.96443"><ele>849.33</ele><time>2000-01-01T12:39:16.000Z</time></trkpt><trkpt lat="46.18559" lon="14.96446"><ele>850.5</ele><time>2000-01-01T12:39:26.000Z</time></trkpt><trkpt lat="46.18563" lon="14.96458"><ele>851.67</ele><time>2000-01-01T12:39:36.000Z</time></trkpt><trkpt lat="46.18563" lon="14.96464"><ele>852.83</ele><time>2000-01-01T12:39:46.000Z</time></trkpt><trkpt lat="46.18566" lon="14.96475"><ele>854</ele><time>2000-01-01T12:39:56.000Z</time></trkpt><trkpt lat="46.18567" lon="14.96478"><ele>854.17</ele><time>2000-01-01T12:40:06.000Z</time></trkpt><trkpt lat="46.1857" lon="14.96484"><ele>854.33</ele><time>2000-01-01T12:40:16.000Z</time></trkpt><trkpt lat="46.18571" lon="14.96488"><ele>854.5</ele><time>2000-01-01T12:40:26.000Z</time></trkpt><trkpt lat="46.18572" lon="14.96495"><ele>854.67</ele><time>2000-01-01T12:40:36.000Z</time></trkpt><trkpt lat="46.18572" lon="14.965"><ele>854.83</ele><time>2000-01-01T12:40:46.000Z</time></trkpt><trkpt lat="46.18575" lon="14.96514"><ele>855</ele><time>2000-01-01T12:40:56.000Z</time></trkpt><trkpt lat="46.18576" lon="14.96522"><ele>855.33</ele><time>2000-01-01T12:41:06.000Z</time></trkpt><trkpt lat="46.18578" lon="14.96527"><ele>855.67</ele><time>2000-01-01T12:41:16.000Z</time></trkpt><trkpt lat="46.1858" lon="14.96537"><ele>856</ele><time>2000-01-01T12:41:26.000Z</time></trkpt><trkpt lat="46.18582" lon="14.9654"><ele>856.33</ele><time>2000-01-01T12:41:36.000Z</time></trkpt><trkpt lat="46.18584" lon="14.96546"><ele>856.67</ele><time>2000-01-01T12:41:46.000Z</time></trkpt><trkpt lat="46.18587" lon="14.96552"><ele>857</ele><time>2000-01-01T12:41:56.000Z</time></trkpt><trkpt lat="46.18596" lon="14.96581"><ele>859</ele><time>2000-01-01T12:42:06.000Z</time></trkpt><trkpt lat="46.18602" lon="14.96593"><ele>861</ele><time>2000-01-01T12:42:16.000Z</time></trkpt><trkpt lat="46.18606" lon="14.96598"><ele>861.57</ele><time>2000-01-01T12:42:26.000Z</time></trkpt><trkpt lat="46.18612" lon="14.96602"><ele>862.14</ele><time>2000-01-01T12:42:36.000Z</time></trkpt><trkpt lat="46.18613" lon="14.96605"><ele>862.71</ele><time>2000-01-01T12:42:46.000Z</time></trkpt><trkpt lat="46.18613" lon="14.96609"><ele>863.29</ele><time>2000-01-01T12:42:56.000Z</time></trkpt><trkpt lat="46.18616" lon="14.96614"><ele>863.86</ele><time>2000-01-01T12:43:06.000Z</time></trkpt><trkpt lat="46.18616" lon="14.96616"><ele>864.43</ele><time>2000-01-01T12:43:16.000Z</time></trkpt><trkpt lat="46.1862" lon="14.96628"><ele>865</ele><time>2000-01-01T12:43:26.000Z</time></trkpt><trkpt lat="46.18621" lon="14.96632"><ele>867</ele><time>2000-01-01T12:43:36.000Z</time></trkpt><trkpt lat="46.18627" lon="14.96644"><ele>869</ele><time>2000-01-01T12:43:46.000Z</time></trkpt><trkpt lat="46.18633" lon="14.96654"><ele>871</ele><time>2000-01-01T12:43:56.000Z</time></trkpt><trkpt lat="46.18639" lon="14.96664"><ele>873</ele><time>2000-01-01T12:44:06.000Z</time></trkpt><trkpt lat="46.18644" lon="14.9667"><ele>875.25</ele><time>2000-01-01T12:44:16.000Z</time></trkpt><trkpt lat="46.18651" lon="14.96684"><ele>877.5</ele><time>2000-01-01T12:44:26.000Z</time></trkpt><trkpt lat="46.18655" lon="14.96688"><ele>879.75</ele><time>2000-01-01T12:44:36.000Z</time></trkpt><trkpt lat="46.18663" lon="14.96696"><ele>882</ele><time>2000-01-01T12:44:46.000Z</time></trkpt><trkpt lat="46.18664" lon="14.96699"><ele>882</ele><time>2000-01-01T12:44:56.000Z</time></trkpt><trkpt lat="46.18668" lon="14.96702"><ele>882</ele><time>2000-01-01T12:45:06.000Z</time></trkpt><trkpt lat="46.18672" lon="14.9671"><ele>882</ele><time>2000-01-01T12:45:16.000Z</time></trkpt><trkpt lat="46.18676" lon="14.96714"><ele>882</ele><time>2000-01-01T12:45:26.000Z</time></trkpt><trkpt lat="46.18686" lon="14.96723"><ele>882</ele><time>2000-01-01T12:45:36.000Z</time></trkpt><trkpt lat="46.18688" lon="14.96724"><ele>883.43</ele><time>2000-01-01T12:45:46.000Z</time></trkpt><trkpt lat="46.18691" lon="14.96728"><ele>884.86</ele><time>2000-01-01T12:45:56.000Z</time></trkpt><trkpt lat="46.18692" lon="14.9673"><ele>886.29</ele><time>2000-01-01T12:46:06.000Z</time></trkpt><trkpt lat="46.18697" lon="14.96731"><ele>887.71</ele><time>2000-01-01T12:46:16.000Z</time></trkpt><trkpt lat="46.18699" lon="14.96732"><ele>889.14</ele><time>2000-01-01T12:46:26.000Z</time></trkpt><trkpt lat="46.18707" lon="14.96738"><ele>890.57</ele><time>2000-01-01T12:46:36.000Z</time></trkpt><trkpt lat="46.1871" lon="14.96742"><ele>892</ele><time>2000-01-01T12:46:46.000Z</time></trkpt><trkpt lat="46.18718" lon="14.96748"><ele>893.8</ele><time>2000-01-01T12:46:56.000Z</time></trkpt><trkpt lat="46.18722" lon="14.96749"><ele>895.6</ele><time>2000-01-01T12:47:06.000Z</time></trkpt><trkpt lat="46.18726" lon="14.96748"><ele>897.4</ele><time>2000-01-01T12:47:16.000Z</time></trkpt><trkpt lat="46.18731" lon="14.96749"><ele>899.2</ele><time>2000-01-01T12:47:26.000Z</time></trkpt><trkpt lat="46.1874" lon="14.96752"><ele>901</ele><time>2000-01-01T12:47:36.000Z</time></trkpt><trkpt lat="46.18745" lon="14.96753"><ele>903</ele><time>2000-01-01T12:47:46.000Z</time></trkpt><trkpt lat="46.18749" lon="14.96756"><ele>905</ele><time>2000-01-01T12:47:56.000Z</time></trkpt><trkpt lat="46.18752" lon="14.96756"><ele>907</ele><time>2000-01-01T12:48:06.000Z</time></trkpt><trkpt lat="46.18756" lon="14.96759"><ele>909</ele><time>2000-01-01T12:48:16.000Z</time></trkpt><trkpt lat="46.18762" lon="14.96765"><ele>911</ele><time>2000-01-01T12:48:26.000Z</time></trkpt><trkpt lat="46.18773" lon="14.9677"><ele>913</ele><time>2000-01-01T12:48:36.000Z</time></trkpt><trkpt lat="46.18776" lon="14.96773"><ele>913.33</ele><time>2000-01-01T12:48:46.000Z</time></trkpt><trkpt lat="46.1878" lon="14.96774"><ele>913.67</ele><time>2000-01-01T12:48:56.000Z</time></trkpt><trkpt lat="46.18782" lon="14.96776"><ele>914</ele><time>2000-01-01T12:49:06.000Z</time></trkpt><trkpt lat="46.18787" lon="14.96778"><ele>914.33</ele><time>2000-01-01T12:49:16.000Z</time></trkpt><trkpt lat="46.1879" lon="14.9678"><ele>914.67</ele><time>2000-01-01T12:49:26.000Z</time></trkpt><trkpt lat="46.188" lon="14.96786"><ele>915</ele><time>2000-01-01T12:49:36.000Z</time></trkpt><trkpt lat="46.18806" lon="14.96798"><ele>913.33</ele><time>2000-01-01T12:49:46.000Z</time></trkpt><trkpt lat="46.18814" lon="14.96806"><ele>911.67</ele><time>2000-01-01T12:49:56.000Z</time></trkpt><trkpt lat="46.18818" lon="14.96818"><ele>910</ele><time>2000-01-01T12:50:06.000Z</time></trkpt><trkpt lat="46.18822" lon="14.96831"><ele>910.33</ele><time>2000-01-01T12:50:16.000Z</time></trkpt><trkpt lat="46.1882" lon="14.96848"><ele>910.67</ele><time>2000-01-01T12:50:26.000Z</time></trkpt><trkpt lat="46.1882" lon="14.96861"><ele>911</ele><time>2000-01-01T12:50:36.000Z</time></trkpt><trkpt lat="46.18824" lon="14.96874"><ele>910.5</ele><time>2000-01-01T12:50:46.000Z</time></trkpt><trkpt lat="46.18828" lon="14.96899"><ele>910</ele><time>2000-01-01T12:50:56.000Z</time></trkpt><trkpt lat="46.1883" lon="14.96902"><ele>910</ele><time>2000-01-01T12:51:06.000Z</time></trkpt><trkpt lat="46.18835" lon="14.96918"><ele>910</ele><time>2000-01-01T12:51:16.000Z</time></trkpt><trkpt lat="46.18832" lon="14.96922"><ele>910</ele><time>2000-01-01T12:51:26.000Z</time></trkpt><trkpt lat="46.18834" lon="14.96927"><ele>910</ele><time>2000-01-01T12:51:36.000Z</time></trkpt><trkpt lat="46.18835" lon="14.96929"><ele>910</ele><time>2000-01-01T12:51:46.000Z</time></trkpt><trkpt lat="46.18834" lon="14.96932"><ele>910</ele><time>2000-01-01T12:51:56.000Z</time></trkpt><trkpt lat="46.18831" lon="14.96936"><ele>910.4</ele><time>2000-01-01T12:52:06.000Z</time></trkpt><trkpt lat="46.18828" lon="14.96944"><ele>910.8</ele><time>2000-01-01T12:52:16.000Z</time></trkpt><trkpt lat="46.1883" lon="14.96953"><ele>911.2</ele><time>2000-01-01T12:52:26.000Z</time></trkpt><trkpt lat="46.18834" lon="14.96961"><ele>911.6</ele><time>2000-01-01T12:52:36.000Z</time></trkpt><trkpt lat="46.18841" lon="14.9697"><ele>912</ele><time>2000-01-01T12:52:46.000Z</time></trkpt><trkpt lat="46.18847" lon="14.96974"><ele>911.6</ele><time>2000-01-01T12:52:56.000Z</time></trkpt><trkpt lat="46.18849" lon="14.96976"><ele>911.2</ele><time>2000-01-01T12:53:06.000Z</time></trkpt><trkpt lat="46.18853" lon="14.9698"><ele>910.8</ele><time>2000-01-01T12:53:16.000Z</time></trkpt><trkpt lat="46.1886" lon="14.96991"><ele>910.4</ele><time>2000-01-01T12:53:26.000Z</time></trkpt><trkpt lat="46.18864" lon="14.97004"><ele>910</ele><time>2000-01-01T12:53:36.000Z</time></trkpt><trkpt lat="46.18868" lon="14.97016"><ele>910</ele><time>2000-01-01T12:53:46.000Z</time></trkpt><trkpt lat="46.18871" lon="14.97027"><ele>910</ele><time>2000-01-01T12:53:56.000Z</time></trkpt><trkpt lat="46.18878" lon="14.97039"><ele>910</ele><time>2000-01-01T12:54:06.000Z</time></trkpt><trkpt lat="46.18881" lon="14.97047"><ele>910</ele><time>2000-01-01T12:54:16.000Z</time></trkpt><trkpt lat="46.18887" lon="14.97061"><ele>910</ele><time>2000-01-01T12:54:26.000Z</time></trkpt><trkpt lat="46.18896" lon="14.97072"><ele>910</ele><time>2000-01-01T12:54:36.000Z</time></trkpt><trkpt lat="46.18902" lon="14.97082"><ele>910.67</ele><time>2000-01-01T12:54:46.000Z</time></trkpt><trkpt lat="46.18911" lon="14.97091"><ele>911.33</ele><time>2000-01-01T12:54:56.000Z</time></trkpt><trkpt lat="46.18917" lon="14.97101"><ele>912</ele><time>2000-01-01T12:55:06.000Z</time></trkpt><trkpt lat="46.18925" lon="14.97115"><ele>913</ele><time>2000-01-01T12:55:16.000Z</time></trkpt><trkpt lat="46.18932" lon="14.97124"><ele>914</ele><time>2000-01-01T12:55:26.000Z</time></trkpt><trkpt lat="46.18935" lon="14.9714"><ele>915</ele><time>2000-01-01T12:55:36.000Z</time></trkpt><trkpt lat="46.18949" lon="14.97152"><ele>919</ele><time>2000-01-01T12:55:46.000Z</time></trkpt><trkpt lat="46.18955" lon="14.97164"><ele>923</ele><time>2000-01-01T12:55:56.000Z</time></trkpt><trkpt lat="46.1896" lon="14.97176"><ele>920.5</ele><time>2000-01-01T12:56:06.000Z</time></trkpt><trkpt lat="46.18964" lon="14.97201"><ele>918</ele><time>2000-01-01T12:56:16.000Z</time></trkpt><trkpt lat="46.1897" lon="14.97214"><ele>916.67</ele><time>2000-01-01T12:56:26.000Z</time></trkpt><trkpt lat="46.18973" lon="14.97227"><ele>915.33</ele><time>2000-01-01T12:56:36.000Z</time></trkpt><trkpt lat="46.18979" lon="14.97248"><ele>914</ele><time>2000-01-01T12:56:46.000Z</time></trkpt><trkpt lat="46.1898" lon="14.97252"><ele>915.25</ele><time>2000-01-01T12:56:56.000Z</time></trkpt><trkpt lat="46.18982" lon="14.97262"><ele>916.5</ele><time>2000-01-01T12:57:06.000Z</time></trkpt><trkpt lat="46.18984" lon="14.97265"><ele>917.75</ele><time>2000-01-01T12:57:16.000Z</time></trkpt><trkpt lat="46.1899" lon="14.97281"><ele>919</ele><time>2000-01-01T12:57:26.000Z</time></trkpt><trkpt lat="46.18991" lon="14.97289"><ele>918.75</ele><time>2000-01-01T12:57:36.000Z</time></trkpt><trkpt lat="46.18992" lon="14.97293"><ele>918.5</ele><time>2000-01-01T12:57:46.000Z</time></trkpt><trkpt lat="46.18995" lon="14.9731"><ele>918.25</ele><time>2000-01-01T12:57:56.000Z</time></trkpt><trkpt lat="46.18996" lon="14.97323"><ele>918</ele><time>2000-01-01T12:58:06.000Z</time></trkpt><trkpt lat="46.18998" lon="14.97328"><ele>917.83</ele><time>2000-01-01T12:58:16.000Z</time></trkpt><trkpt lat="46.19001" lon="14.97334"><ele>917.67</ele><time>2000-01-01T12:58:26.000Z</time></trkpt><trkpt lat="46.19003" lon="14.97338"><ele>917.5</ele><time>2000-01-01T12:58:36.000Z</time></trkpt><trkpt lat="46.19008" lon="14.97349"><ele>917.33</ele><time>2000-01-01T12:58:46.000Z</time></trkpt><trkpt lat="46.1901" lon="14.97352"><ele>917.17</ele><time>2000-01-01T12:58:56.000Z</time></trkpt><trkpt lat="46.19015" lon="14.97368"><ele>917</ele><time>2000-01-01T12:59:06.000Z</time></trkpt><trkpt lat="46.19015" lon="14.97377"><ele>915.83</ele><time>2000-01-01T12:59:16.000Z</time></trkpt><trkpt lat="46.19014" lon="14.9738"><ele>914.67</ele><time>2000-01-01T12:59:26.000Z</time></trkpt><trkpt lat="46.19014" lon="14.97384"><ele>913.5</ele><time>2000-01-01T12:59:36.000Z</time></trkpt><trkpt lat="46.19016" lon="14.97392"><ele>912.33</ele><time>2000-01-01T12:59:46.000Z</time></trkpt><trkpt lat="46.19017" lon="14.97395"><ele>911.17</ele><time>2000-01-01T12:59:56.000Z</time></trkpt><trkpt lat="46.19014" lon="14.97409"><ele>910</ele><time>2000-01-01T13:00:06.000Z</time></trkpt><trkpt lat="46.19013" lon="14.97423"><ele>908</ele><time>2000-01-01T13:00:16.000Z</time></trkpt><trkpt lat="46.19011" lon="14.97426"><ele>906</ele><time>2000-01-01T13:00:26.000Z</time></trkpt><trkpt lat="46.19012" lon="14.9743"><ele>904</ele><time>2000-01-01T13:00:36.000Z</time></trkpt><trkpt lat="46.19015" lon="14.97435"><ele>902</ele><time>2000-01-01T13:00:46.000Z</time></trkpt><trkpt lat="46.19014" lon="14.97446"><ele>900</ele><time>2000-01-01T13:00:56.000Z</time></trkpt><trkpt lat="46.19016" lon="14.97459"><ele>899</ele><time>2000-01-01T13:01:06.000Z</time></trkpt><trkpt lat="46.19016" lon="14.97466"><ele>898</ele><time>2000-01-01T13:01:16.000Z</time></trkpt><trkpt lat="46.19014" lon="14.97474"><ele>897</ele><time>2000-01-01T13:01:26.000Z</time></trkpt><trkpt lat="46.19016" lon="14.9748"><ele>896</ele><time>2000-01-01T13:01:36.000Z</time></trkpt><trkpt lat="46.19016" lon="14.97483"><ele>896.67</ele><time>2000-01-01T13:01:46.000Z</time></trkpt><trkpt lat="46.19016" lon="14.97486"><ele>897.33</ele><time>2000-01-01T13:01:56.000Z</time></trkpt><trkpt lat="46.19017" lon="14.97496"><ele>898</ele><time>2000-01-01T13:02:06.000Z</time></trkpt><trkpt lat="46.1902" lon="14.97511"><ele>898.67</ele><time>2000-01-01T13:02:16.000Z</time></trkpt><trkpt lat="46.19019" lon="14.97515"><ele>899.33</ele><time>2000-01-01T13:02:26.000Z</time></trkpt><trkpt lat="46.1902" lon="14.97518"><ele>900</ele><time>2000-01-01T13:02:36.000Z</time></trkpt><trkpt lat="46.19032" lon="14.97539"><ele>901.33</ele><time>2000-01-01T13:02:46.000Z</time></trkpt><trkpt lat="46.19036" lon="14.97544"><ele>902.67</ele><time>2000-01-01T13:02:56.000Z</time></trkpt><trkpt lat="46.19036" lon="14.97548"><ele>904</ele><time>2000-01-01T13:03:06.000Z</time></trkpt><trkpt lat="46.19039" lon="14.97552"><ele>907.67</ele><time>2000-01-01T13:03:16.000Z</time></trkpt><trkpt lat="46.19045" lon="14.97567"><ele>911.33</ele><time>2000-01-01T13:03:26.000Z</time></trkpt><trkpt lat="46.19052" lon="14.97576"><ele>915</ele><time>2000-01-01T13:03:36.000Z</time></trkpt><trkpt lat="46.19054" lon="14.97579"><ele>915.75</ele><time>2000-01-01T13:03:46.000Z</time></trkpt><trkpt lat="46.19048" lon="14.9759"><ele>916.5</ele><time>2000-01-01T13:03:56.000Z</time></trkpt><trkpt lat="46.19056" lon="14.97596"><ele>917.25</ele><time>2000-01-01T13:04:06.000Z</time></trkpt><trkpt lat="46.19061" lon="14.97607"><ele>918</ele><time>2000-01-01T13:04:16.000Z</time></trkpt><trkpt lat="46.19066" lon="14.9762"><ele>920.25</ele><time>2000-01-01T13:04:26.000Z</time></trkpt><trkpt lat="46.19066" lon="14.97625"><ele>922.5</ele><time>2000-01-01T13:04:36.000Z</time></trkpt><trkpt lat="46.1907" lon="14.97638"><ele>924.75</ele><time>2000-01-01T13:04:46.000Z</time></trkpt><trkpt lat="46.1907" lon="14.97643"><ele>927</ele><time>2000-01-01T13:04:56.000Z</time></trkpt><trkpt lat="46.19067" lon="14.97656"><ele>927</ele><time>2000-01-01T13:05:06.000Z</time></trkpt><trkpt lat="46.19071" lon="14.97663"><ele>927</ele><time>2000-01-01T13:05:16.000Z</time></trkpt><trkpt lat="46.19078" lon="14.97673"><ele>927</ele><time>2000-01-01T13:05:26.000Z</time></trkpt><trkpt lat="46.1908" lon="14.97675"><ele>927</ele><time>2000-01-01T13:05:36.000Z</time></trkpt><trkpt lat="46.1908" lon="14.97678"><ele>927</ele><time>2000-01-01T13:05:46.000Z</time></trkpt><trkpt lat="46.19081" lon="14.97681"><ele>927</ele><time>2000-01-01T13:05:56.000Z</time></trkpt><trkpt lat="46.19083" lon="14.97682"><ele>927</ele><time>2000-01-01T13:06:06.000Z</time></trkpt><trkpt lat="46.19087" lon="14.97688"><ele>927</ele><time>2000-01-01T13:06:16.000Z</time></trkpt><trkpt lat="46.19088" lon="14.9769"><ele>927</ele><time>2000-01-01T13:06:26.000Z</time></trkpt><trkpt lat="46.1909" lon="14.97696"><ele>927</ele><time>2000-01-01T13:06:36.000Z</time></trkpt><trkpt lat="46.19092" lon="14.97698"><ele>927</ele><time>2000-01-01T13:06:46.000Z</time></trkpt><trkpt lat="46.19094" lon="14.97708"><ele>927</ele><time>2000-01-01T13:06:56.000Z</time></trkpt><trkpt lat="46.19096" lon="14.97714"><ele>927</ele><time>2000-01-01T13:07:06.000Z</time></trkpt><trkpt lat="46.19098" lon="14.9772"><ele>927</ele><time>2000-01-01T13:07:16.000Z</time></trkpt><trkpt lat="46.191" lon="14.97727"><ele>927</ele><time>2000-01-01T13:07:26.000Z</time></trkpt><trkpt lat="46.19103" lon="14.9773"><ele>927</ele><time>2000-01-01T13:07:36.000Z</time></trkpt><trkpt lat="46.19108" lon="14.97735"><ele>927</ele><time>2000-01-01T13:07:46.000Z</time></trkpt><trkpt lat="46.19112" lon="14.97741"><ele>927</ele><time>2000-01-01T13:07:56.000Z</time></trkpt><trkpt lat="46.1912" lon="14.97749"><ele>927</ele><time>2000-01-01T13:08:06.000Z</time></trkpt><trkpt lat="46.19127" lon="14.97762"><ele>927</ele><time>2000-01-01T13:08:16.000Z</time></trkpt><trkpt lat="46.19127" lon="14.97765"><ele>927</ele><time>2000-01-01T13:08:26.000Z</time></trkpt><trkpt lat="46.19129" lon="14.97768"><ele>927</ele><time>2000-01-01T13:08:36.000Z</time></trkpt><trkpt lat="46.19132" lon="14.97771"><ele>924.67</ele><time>2000-01-01T13:08:46.000Z</time></trkpt><trkpt lat="46.19146" lon="14.97776"><ele>922.33</ele><time>2000-01-01T13:08:56.000Z</time></trkpt><trkpt lat="46.19164" lon="14.97786"><ele>920</ele><time>2000-01-01T13:09:06.000Z</time></trkpt><trkpt lat="46.19171" lon="14.97791"><ele>919.25</ele><time>2000-01-01T13:09:16.000Z</time></trkpt><trkpt lat="46.19176" lon="14.97799"><ele>918.5</ele><time>2000-01-01T13:09:26.000Z</time></trkpt><trkpt lat="46.19184" lon="14.97803"><ele>917.75</ele><time>2000-01-01T13:09:36.000Z</time></trkpt><trkpt lat="46.19188" lon="14.97804"><ele>917</ele><time>2000-01-01T13:09:46.000Z</time></trkpt><trkpt lat="46.19196" lon="14.9781"><ele>917.33</ele><time>2000-01-01T13:09:56.000Z</time></trkpt><trkpt lat="46.19204" lon="14.9782"><ele>917.67</ele><time>2000-01-01T13:10:06.000Z</time></trkpt><trkpt lat="46.1921" lon="14.97831"><ele>918</ele><time>2000-01-01T13:10:16.000Z</time></trkpt><trkpt lat="46.19213" lon="14.97844"><ele>916.67</ele><time>2000-01-01T13:10:26.000Z</time></trkpt><trkpt lat="46.19219" lon="14.97855"><ele>915.33</ele><time>2000-01-01T13:10:36.000Z</time></trkpt><trkpt lat="46.19225" lon="14.97865"><ele>914</ele><time>2000-01-01T13:10:46.000Z</time></trkpt><trkpt lat="46.19229" lon="14.97879"><ele>913</ele><time>2000-01-01T13:10:56.000Z</time></trkpt><trkpt lat="46.19234" lon="14.9789"><ele>912</ele><time>2000-01-01T13:11:06.000Z</time></trkpt><trkpt lat="46.19237" lon="14.97904"><ele>911</ele><time>2000-01-01T13:11:16.000Z</time></trkpt><trkpt lat="46.1924" lon="14.97919"><ele>907</ele><time>2000-01-01T13:11:26.000Z</time></trkpt><trkpt lat="46.19238" lon="14.97949"><ele>903</ele><time>2000-01-01T13:11:36.000Z</time></trkpt><trkpt lat="46.19237" lon="14.97952"><ele>903.5</ele><time>2000-01-01T13:11:46.000Z</time></trkpt><trkpt lat="46.19236" lon="14.97959"><ele>904</ele><time>2000-01-01T13:11:56.000Z</time></trkpt><trkpt lat="46.19233" lon="14.97968"><ele>904.5</ele><time>2000-01-01T13:12:06.000Z</time></trkpt><trkpt lat="46.19234" lon="14.97976"><ele>905</ele><time>2000-01-01T13:12:16.000Z</time></trkpt><trkpt lat="46.19234" lon="14.9798"><ele>905.5</ele><time>2000-01-01T13:12:26.000Z</time></trkpt><trkpt lat="46.1924" lon="14.97992"><ele>906</ele><time>2000-01-01T13:12:36.000Z</time></trkpt><trkpt lat="46.19246" lon="14.98002"><ele>906.33</ele><time>2000-01-01T13:12:46.000Z</time></trkpt><trkpt lat="46.19253" lon="14.98012"><ele>906.67</ele><time>2000-01-01T13:12:56.000Z</time></trkpt><trkpt lat="46.19262" lon="14.98022"><ele>907</ele><time>2000-01-01T13:13:06.000Z</time></trkpt><trkpt lat="46.19267" lon="14.98035"><ele>904.67</ele><time>2000-01-01T13:13:16.000Z</time></trkpt><trkpt lat="46.19275" lon="14.98045"><ele>902.33</ele><time>2000-01-01T13:13:26.000Z</time></trkpt><trkpt lat="46.19281" lon="14.98056"><ele>900</ele><time>2000-01-01T13:13:36.000Z</time></trkpt><trkpt lat="46.19287" lon="14.98066"><ele>898.6</ele><time>2000-01-01T13:13:46.000Z</time></trkpt><trkpt lat="46.19285" lon="14.98066"><ele>897.2</ele><time>2000-01-01T13:13:56.000Z</time></trkpt><trkpt lat="46.19285" lon="14.98072"><ele>895.8</ele><time>2000-01-01T13:14:06.000Z</time></trkpt><trkpt lat="46.19291" lon="14.9808"><ele>894.4</ele><time>2000-01-01T13:14:16.000Z</time></trkpt><trkpt lat="46.19294" lon="14.98083"><ele>893</ele><time>2000-01-01T13:14:26.000Z</time></trkpt><trkpt lat="46.19296" lon="14.98087"><ele>892.38</ele><time>2000-01-01T13:14:36.000Z</time></trkpt><trkpt lat="46.19296" lon="14.9809"><ele>891.75</ele><time>2000-01-01T13:14:46.000Z</time></trkpt><trkpt lat="46.19295" lon="14.98091"><ele>891.13</ele><time>2000-01-01T13:14:56.000Z</time></trkpt><trkpt lat="46.19297" lon="14.98092"><ele>890.5</ele><time>2000-01-01T13:15:06.000Z</time></trkpt><trkpt lat="46.19299" lon="14.98094"><ele>889.88</ele><time>2000-01-01T13:15:16.000Z</time></trkpt><trkpt lat="46.193" lon="14.98101"><ele>889.25</ele><time>2000-01-01T13:15:26.000Z</time></trkpt><trkpt lat="46.19302" lon="14.98104"><ele>888.63</ele><time>2000-01-01T13:15:36.000Z</time></trkpt><trkpt lat="46.19308" lon="14.98116"><ele>888</ele><time>2000-01-01T13:15:46.000Z</time></trkpt><trkpt lat="46.19312" lon="14.98125"><ele>887.8</ele><time>2000-01-01T13:15:56.000Z</time></trkpt><trkpt lat="46.19314" lon="14.98132"><ele>887.6</ele><time>2000-01-01T13:16:06.000Z</time></trkpt><trkpt lat="46.19316" lon="14.9814"><ele>887.4</ele><time>2000-01-01T13:16:16.000Z</time></trkpt><trkpt lat="46.19317" lon="14.98148"><ele>887.2</ele><time>2000-01-01T13:16:26.000Z</time></trkpt><trkpt lat="46.1932" lon="14.98163"><ele>887</ele><time>2000-01-01T13:16:36.000Z</time></trkpt><trkpt lat="46.19324" lon="14.98176"><ele>886.25</ele><time>2000-01-01T13:16:46.000Z</time></trkpt><trkpt lat="46.19325" lon="14.98185"><ele>885.5</ele><time>2000-01-01T13:16:56.000Z</time></trkpt><trkpt lat="46.19327" lon="14.98196"><ele>884.75</ele><time>2000-01-01T13:17:06.000Z</time></trkpt><trkpt lat="46.19325" lon="14.98207"><ele>884</ele><time>2000-01-01T13:17:16.000Z</time></trkpt><trkpt lat="46.19323" lon="14.98212"><ele>880.67</ele><time>2000-01-01T13:17:26.000Z</time></trkpt><trkpt lat="46.19311" lon="14.9823"><ele>877.33</ele><time>2000-01-01T13:17:36.000Z</time></trkpt><trkpt lat="46.19304" lon="14.98242"><ele>874</ele><time>2000-01-01T13:17:46.000Z</time></trkpt><trkpt lat="46.19303" lon="14.98245"><ele>873.8</ele><time>2000-01-01T13:17:56.000Z</time></trkpt><trkpt lat="46.193" lon="14.98248"><ele>873.6</ele><time>2000-01-01T13:18:06.000Z</time></trkpt><trkpt lat="46.19297" lon="14.98253"><ele>873.4</ele><time>2000-01-01T13:18:16.000Z</time></trkpt><trkpt lat="46.19293" lon="14.98266"><ele>873.2</ele><time>2000-01-01T13:18:26.000Z</time></trkpt><trkpt lat="46.19286" lon="14.98275"><ele>873</ele><time>2000-01-01T13:18:36.000Z</time></trkpt><trkpt lat="46.19285" lon="14.98277"><ele>873.5</ele><time>2000-01-01T13:18:46.000Z</time></trkpt><trkpt lat="46.19279" lon="14.98287"><ele>874</ele><time>2000-01-01T13:18:56.000Z</time></trkpt><trkpt lat="46.19277" lon="14.98289"><ele>874.5</ele><time>2000-01-01T13:19:06.000Z</time></trkpt><trkpt lat="46.19273" lon="14.98295"><ele>875</ele><time>2000-01-01T13:19:16.000Z</time></trkpt><trkpt lat="46.19271" lon="14.983"><ele>875.5</ele><time>2000-01-01T13:19:26.000Z</time></trkpt><trkpt lat="46.1927" lon="14.98306"><ele>876</ele><time>2000-01-01T13:19:36.000Z</time></trkpt><trkpt lat="46.19267" lon="14.98315"><ele>876.8</ele><time>2000-01-01T13:19:46.000Z</time></trkpt><trkpt lat="46.19266" lon="14.98321"><ele>877.6</ele><time>2000-01-01T13:19:56.000Z</time></trkpt><trkpt lat="46.19262" lon="14.98333"><ele>878.4</ele><time>2000-01-01T13:20:06.000Z</time></trkpt><trkpt lat="46.1926" lon="14.98337"><ele>879.2</ele><time>2000-01-01T13:20:16.000Z</time></trkpt><trkpt lat="46.19256" lon="14.98352"><ele>880</ele><time>2000-01-01T13:20:26.000Z</time></trkpt><trkpt lat="46.19255" lon="14.98359"><ele>879.86</ele><time>2000-01-01T13:20:36.000Z</time></trkpt><trkpt lat="46.19254" lon="14.98362"><ele>879.71</ele><time>2000-01-01T13:20:46.000Z</time></trkpt><trkpt lat="46.19253" lon="14.98365"><ele>879.57</ele><time>2000-01-01T13:20:56.000Z</time></trkpt><trkpt lat="46.19253" lon="14.98371"><ele>879.43</ele><time>2000-01-01T13:21:06.000Z</time></trkpt><trkpt lat="46.19252" lon="14.98375"><ele>879.29</ele><time>2000-01-01T13:21:16.000Z</time></trkpt><trkpt lat="46.19251" lon="14.98383"><ele>879.14</ele><time>2000-01-01T13:21:26.000Z</time></trkpt><trkpt lat="46.19248" lon="14.984"><ele>879</ele><time>2000-01-01T13:21:36.000Z</time></trkpt><trkpt lat="46.19248" lon="14.98403"><ele>878.8</ele><time>2000-01-01T13:21:46.000Z</time></trkpt><trkpt lat="46.19247" lon="14.9841"><ele>878.6</ele><time>2000-01-01T13:21:56.000Z</time></trkpt><trkpt lat="46.19247" lon="14.98413"><ele>878.4</ele><time>2000-01-01T13:22:06.000Z</time></trkpt><trkpt lat="46.19246" lon="14.98416"><ele>878.2</ele><time>2000-01-01T13:22:16.000Z</time></trkpt><trkpt lat="46.19245" lon="14.98442"><ele>878</ele><time>2000-01-01T13:22:26.000Z</time></trkpt><trkpt lat="46.19243" lon="14.98451"><ele>877</ele><time>2000-01-01T13:22:36.000Z</time></trkpt><trkpt lat="46.19243" lon="14.98459"><ele>876</ele><time>2000-01-01T13:22:46.000Z</time></trkpt><trkpt lat="46.19242" lon="14.98467"><ele>875</ele><time>2000-01-01T13:22:56.000Z</time></trkpt><trkpt lat="46.19242" lon="14.98475"><ele>874</ele><time>2000-01-01T13:23:06.000Z</time></trkpt><trkpt lat="46.19242" lon="14.98479"><ele>873</ele><time>2000-01-01T13:23:16.000Z</time></trkpt><trkpt lat="46.19241" lon="14.98488"><ele>871.2</ele><time>2000-01-01T13:23:26.000Z</time></trkpt><trkpt lat="46.1924" lon="14.98495"><ele>869.4</ele><time>2000-01-01T13:23:36.000Z</time></trkpt><trkpt lat="46.19237" lon="14.98506"><ele>867.6</ele><time>2000-01-01T13:23:46.000Z</time></trkpt><trkpt lat="46.19235" lon="14.98512"><ele>865.8</ele><time>2000-01-01T13:23:56.000Z</time></trkpt><trkpt lat="46.19231" lon="14.98533"><ele>864</ele><time>2000-01-01T13:24:06.000Z</time></trkpt><trkpt lat="46.19229" lon="14.9854"><ele>863.17</ele><time>2000-01-01T13:24:16.000Z</time></trkpt><trkpt lat="46.19227" lon="14.98546"><ele>862.33</ele><time>2000-01-01T13:24:26.000Z</time></trkpt><trkpt lat="46.19224" lon="14.98549"><ele>861.5</ele><time>2000-01-01T13:24:36.000Z</time></trkpt><trkpt lat="46.1922" lon="14.98558"><ele>860.67</ele><time>2000-01-01T13:24:46.000Z</time></trkpt><trkpt lat="46.19219" lon="14.98561"><ele>859.83</ele><time>2000-01-01T13:24:56.000Z</time></trkpt><trkpt lat="46.19218" lon="14.98565"><ele>859</ele><time>2000-01-01T13:25:06.000Z</time></trkpt><trkpt lat="46.19212" lon="14.98575"><ele>858.4</ele><time>2000-01-01T13:25:16.000Z</time></trkpt><trkpt lat="46.19209" lon="14.98582"><ele>857.8</ele><time>2000-01-01T13:25:26.000Z</time></trkpt><trkpt lat="46.19207" lon="14.98586"><ele>857.2</ele><time>2000-01-01T13:25:36.000Z</time></trkpt><trkpt lat="46.19206" lon="14.98594"><ele>856.6</ele><time>2000-01-01T13:25:46.000Z</time></trkpt><trkpt lat="46.19204" lon="14.98598"><ele>856</ele><time>2000-01-01T13:25:56.000Z</time></trkpt><trkpt lat="46.192" lon="14.98604"><ele>856.5</ele><time>2000-01-01T13:26:06.000Z</time></trkpt><trkpt lat="46.1919" lon="14.9863"><ele>857</ele><time>2000-01-01T13:26:16.000Z</time></trkpt><trkpt lat="46.19188" lon="14.98632"><ele>857</ele><time>2000-01-01T13:26:26.000Z</time></trkpt><trkpt lat="46.19187" lon="14.98635"><ele>857</ele><time>2000-01-01T13:26:36.000Z</time></trkpt><trkpt lat="46.19184" lon="14.98646"><ele>857</ele><time>2000-01-01T13:26:46.000Z</time></trkpt><trkpt lat="46.19184" lon="14.98653"><ele>857</ele><time>2000-01-01T13:26:56.000Z</time></trkpt><trkpt lat="46.19182" lon="14.98662"><ele>857</ele><time>2000-01-01T13:27:06.000Z</time></trkpt><trkpt lat="46.1918" lon="14.98673"><ele>857</ele><time>2000-01-01T13:27:16.000Z</time></trkpt><trkpt lat="46.1918" lon="14.98676"><ele>857</ele><time>2000-01-01T13:27:26.000Z</time></trkpt><trkpt lat="46.19178" lon="14.98691"><ele>857</ele><time>2000-01-01T13:27:36.000Z</time></trkpt><trkpt lat="46.19176" lon="14.9871"><ele>857</ele><time>2000-01-01T13:27:46.000Z</time></trkpt><trkpt lat="46.19176" lon="14.9872"><ele>858.33</ele><time>2000-01-01T13:27:56.000Z</time></trkpt><trkpt lat="46.19174" lon="14.98738"><ele>859.67</ele><time>2000-01-01T13:28:06.000Z</time></trkpt><trkpt lat="46.19169" lon="14.98754"><ele>861</ele><time>2000-01-01T13:28:16.000Z</time></trkpt><trkpt lat="46.19164" lon="14.98782"><ele>860.5</ele><time>2000-01-01T13:28:26.000Z</time></trkpt><trkpt lat="46.19161" lon="14.98796"><ele>860</ele><time>2000-01-01T13:28:36.000Z</time></trkpt><trkpt lat="46.19159" lon="14.98811"><ele>859.5</ele><time>2000-01-01T13:28:46.000Z</time></trkpt><trkpt lat="46.19153" lon="14.98843"><ele>859</ele><time>2000-01-01T13:28:56.000Z</time></trkpt><trkpt lat="46.19153" lon="14.98853"><ele>858.2</ele><time>2000-01-01T13:29:06.000Z</time></trkpt><trkpt lat="46.19152" lon="14.98857"><ele>857.4</ele><time>2000-01-01T13:29:16.000Z</time></trkpt><trkpt lat="46.1915" lon="14.98864"><ele>856.6</ele><time>2000-01-01T13:29:26.000Z</time></trkpt><trkpt lat="46.1915" lon="14.98874"><ele>855.8</ele><time>2000-01-01T13:29:36.000Z</time></trkpt><trkpt lat="46.19148" lon="14.98886"><ele>855</ele><time>2000-01-01T13:29:46.000Z</time></trkpt><trkpt lat="46.19146" lon="14.9889"><ele>854.25</ele><time>2000-01-01T13:29:56.000Z</time></trkpt><trkpt lat="46.19144" lon="14.98894"><ele>853.5</ele><time>2000-01-01T13:30:06.000Z</time></trkpt><trkpt lat="46.19143" lon="14.98898"><ele>852.75</ele><time>2000-01-01T13:30:16.000Z</time></trkpt><trkpt lat="46.19132" lon="14.98913"><ele>852</ele><time>2000-01-01T13:30:26.000Z</time></trkpt><trkpt lat="46.19115" lon="14.98931"><ele>849.5</ele><time>2000-01-01T13:30:36.000Z</time></trkpt><trkpt lat="46.19107" lon="14.98937"><ele>847</ele><time>2000-01-01T13:30:46.000Z</time></trkpt><trkpt lat="46.19101" lon="14.98942"><ele>845.67</ele><time>2000-01-01T13:30:56.000Z</time></trkpt><trkpt lat="46.19091" lon="14.98953"><ele>844.33</ele><time>2000-01-01T13:31:06.000Z</time></trkpt><trkpt lat="46.19073" lon="14.98965"><ele>843</ele><time>2000-01-01T13:31:16.000Z</time></trkpt><trkpt lat="46.19071" lon="14.98966"><ele>841.2</ele><time>2000-01-01T13:31:26.000Z</time></trkpt><trkpt lat="46.19068" lon="14.98979"><ele>839.4</ele><time>2000-01-01T13:31:36.000Z</time></trkpt><trkpt lat="46.19067" lon="14.98981"><ele>837.6</ele><time>2000-01-01T13:31:46.000Z</time></trkpt><trkpt lat="46.19065" lon="14.98995"><ele>835.8</ele><time>2000-01-01T13:31:56.000Z</time></trkpt><trkpt lat="46.19058" lon="14.99015"><ele>834</ele><time>2000-01-01T13:32:06.000Z</time></trkpt><trkpt lat="46.19058" lon="14.99028"><ele>833</ele><time>2000-01-01T13:32:16.000Z</time></trkpt><trkpt lat="46.19054" lon="14.99042"><ele>832</ele><time>2000-01-01T13:32:26.000Z</time></trkpt><trkpt lat="46.19041" lon="14.99063"><ele>831</ele><time>2000-01-01T13:32:36.000Z</time></trkpt><trkpt lat="46.19028" lon="14.99076"><ele>831.33</ele><time>2000-01-01T13:32:46.000Z</time></trkpt><trkpt lat="46.19021" lon="14.9908"><ele>831.67</ele><time>2000-01-01T13:32:56.000Z</time></trkpt><trkpt lat="46.19012" lon="14.99087"><ele>832</ele><time>2000-01-01T13:33:06.000Z</time></trkpt><trkpt lat="46.18998" lon="14.99095"><ele>831.5</ele><time>2000-01-01T13:33:16.000Z</time></trkpt><trkpt lat="46.18993" lon="14.99097"><ele>831</ele><time>2000-01-01T13:33:26.000Z</time></trkpt><trkpt lat="46.18992" lon="14.99098"><ele>830.5</ele><time>2000-01-01T13:33:36.000Z</time></trkpt><trkpt lat="46.18982" lon="14.991"><ele>830</ele><time>2000-01-01T13:33:46.000Z</time></trkpt><trkpt lat="46.18969" lon="14.99105"><ele>829.67</ele><time>2000-01-01T13:33:56.000Z</time></trkpt><trkpt lat="46.18962" lon="14.99106"><ele>829.33</ele><time>2000-01-01T13:34:06.000Z</time></trkpt><trkpt lat="46.18953" lon="14.99111"><ele>829</ele><time>2000-01-01T13:34:16.000Z</time></trkpt><trkpt lat="46.18944" lon="14.99112"><ele>827.67</ele><time>2000-01-01T13:34:26.000Z</time></trkpt><trkpt lat="46.18932" lon="14.99111"><ele>826.33</ele><time>2000-01-01T13:34:36.000Z</time></trkpt><trkpt lat="46.18922" lon="14.99109"><ele>825</ele><time>2000-01-01T13:34:46.000Z</time></trkpt><trkpt lat="46.18913" lon="14.99103"><ele>820</ele><time>2000-01-01T13:34:56.000Z</time></trkpt><trkpt lat="46.18903" lon="14.99098"><ele>815</ele><time>2000-01-01T13:35:06.000Z</time></trkpt><trkpt lat="46.18902" lon="14.99095"><ele>810</ele><time>2000-01-01T13:35:16.000Z</time></trkpt><trkpt lat="46.18891" lon="14.99086"><ele>805</ele><time>2000-01-01T13:35:26.000Z</time></trkpt><trkpt lat="46.1888" lon="14.99084"><ele>807.5</ele><time>2000-01-01T13:35:36.000Z</time></trkpt><trkpt lat="46.18857" lon="14.99094"><ele>810</ele><time>2000-01-01T13:35:46.000Z</time></trkpt><trkpt lat="46.18847" lon="14.99101"><ele>809.33</ele><time>2000-01-01T13:35:56.000Z</time></trkpt><trkpt lat="46.1884" lon="14.99108"><ele>808.67</ele><time>2000-01-01T13:36:06.000Z</time></trkpt><trkpt lat="46.18831" lon="14.99115"><ele>808</ele><time>2000-01-01T13:36:16.000Z</time></trkpt><trkpt lat="46.18811" lon="14.99117"><ele>807.5</ele><time>2000-01-01T13:36:26.000Z</time></trkpt><trkpt lat="46.18801" lon="14.99117"><ele>807</ele><time>2000-01-01T13:36:36.000Z</time></trkpt><trkpt lat="46.18792" lon="14.99114"><ele>804</ele><time>2000-01-01T13:36:46.000Z</time></trkpt><trkpt lat="46.18781" lon="14.99112"><ele>801</ele><time>2000-01-01T13:36:56.000Z</time></trkpt><trkpt lat="46.1877" lon="14.99113"><ele>798</ele><time>2000-01-01T13:37:06.000Z</time></trkpt><trkpt lat="46.1873" lon="14.99107"><ele>771</ele><time>2000-01-01T13:37:16.000Z</time></trkpt><trkpt lat="46.18716" lon="14.99109"><ele>770.5</ele><time>2000-01-01T13:37:26.000Z</time></trkpt><trkpt lat="46.18689" lon="14.99122"><ele>770</ele><time>2000-01-01T13:37:36.000Z</time></trkpt><trkpt lat="46.18688" lon="14.99122"><ele>772.67</ele><time>2000-01-01T13:37:46.000Z</time></trkpt><trkpt lat="46.18686" lon="14.99136"><ele>775.33</ele><time>2000-01-01T13:37:56.000Z</time></trkpt><trkpt lat="46.1868" lon="14.99163"><ele>778</ele><time>2000-01-01T13:38:06.000Z</time></trkpt><trkpt lat="46.18678" lon="14.99167"><ele>777</ele><time>2000-01-01T13:38:16.000Z</time></trkpt><trkpt lat="46.18675" lon="14.9918"><ele>776</ele><time>2000-01-01T13:38:26.000Z</time></trkpt><trkpt lat="46.18673" lon="14.99195"><ele>775</ele><time>2000-01-01T13:38:36.000Z</time></trkpt><trkpt lat="46.18669" lon="14.9921"><ele>774</ele><time>2000-01-01T13:38:46.000Z</time></trkpt><trkpt lat="46.18654" lon="14.99247"><ele>771</ele><time>2000-01-01T13:38:56.000Z</time></trkpt><trkpt lat="46.18646" lon="14.99258"><ele>765</ele><time>2000-01-01T13:39:06.000Z</time></trkpt><trkpt lat="46.18637" lon="14.99262"><ele>759</ele><time>2000-01-01T13:39:16.000Z</time></trkpt><trkpt lat="46.18629" lon="14.99267"><ele>753</ele><time>2000-01-01T13:39:26.000Z</time></trkpt><trkpt lat="46.18621" lon="14.99277"><ele>752.5</ele><time>2000-01-01T13:39:36.000Z</time></trkpt><trkpt lat="46.18608" lon="14.9929"><ele>752</ele><time>2000-01-01T13:39:46.000Z</time></trkpt><trkpt lat="46.18606" lon="14.99292"><ele>751</ele><time>2000-01-01T13:39:56.000Z</time></trkpt><trkpt lat="46.18601" lon="14.99296"><ele>750</ele><time>2000-01-01T13:40:06.000Z</time></trkpt><trkpt lat="46.18593" lon="14.99303"><ele>749</ele><time>2000-01-01T13:40:16.000Z</time></trkpt><trkpt lat="46.18585" lon="14.99311"><ele>748</ele><time>2000-01-01T13:40:26.000Z</time></trkpt><trkpt lat="46.1858" lon="14.99324"><ele>749</ele><time>2000-01-01T13:40:36.000Z</time></trkpt><trkpt lat="46.18579" lon="14.99338"><ele>750</ele><time>2000-01-01T13:40:46.000Z</time></trkpt><trkpt lat="46.18577" lon="14.99343"><ele>751</ele><time>2000-01-01T13:40:56.000Z</time></trkpt><trkpt lat="46.18577" lon="14.99346"><ele>752</ele><time>2000-01-01T13:41:06.000Z</time></trkpt><trkpt lat="46.18581" lon="14.99367"><ele>753.33</ele><time>2000-01-01T13:41:16.000Z</time></trkpt><trkpt lat="46.18582" lon="14.99378"><ele>754.67</ele><time>2000-01-01T13:41:26.000Z</time></trkpt><trkpt lat="46.18584" lon="14.99395"><ele>756</ele><time>2000-01-01T13:41:36.000Z</time></trkpt><trkpt lat="46.18586" lon="14.99402"><ele>757</ele><time>2000-01-01T13:41:46.000Z</time></trkpt><trkpt lat="46.18588" lon="14.99412"><ele>758</ele><time>2000-01-01T13:41:56.000Z</time></trkpt><trkpt lat="46.18588" lon="14.9942"><ele>759</ele><time>2000-01-01T13:42:06.000Z</time></trkpt><trkpt lat="46.18589" lon="14.99423"><ele>760</ele><time>2000-01-01T13:42:16.000Z</time></trkpt><trkpt lat="46.18591" lon="14.99429"><ele>761</ele><time>2000-01-01T13:42:26.000Z</time></trkpt><trkpt lat="46.18594" lon="14.99443"><ele>760.67</ele><time>2000-01-01T13:42:36.000Z</time></trkpt><trkpt lat="46.18596" lon="14.99451"><ele>760.33</ele><time>2000-01-01T13:42:46.000Z</time></trkpt><trkpt lat="46.18598" lon="14.99466"><ele>760</ele><time>2000-01-01T13:42:56.000Z</time></trkpt><trkpt lat="46.18596" lon="14.9948"><ele>760.6</ele><time>2000-01-01T13:43:06.000Z</time></trkpt><trkpt lat="46.18594" lon="14.99484"><ele>761.2</ele><time>2000-01-01T13:43:16.000Z</time></trkpt><trkpt lat="46.1859" lon="14.99491"><ele>761.8</ele><time>2000-01-01T13:43:26.000Z</time></trkpt><trkpt lat="46.18588" lon="14.99497"><ele>762.4</ele><time>2000-01-01T13:43:36.000Z</time></trkpt><trkpt lat="46.18586" lon="14.995"><ele>763</ele><time>2000-01-01T13:43:46.000Z</time></trkpt><trkpt lat="46.18584" lon="14.99505"><ele>761.5</ele><time>2000-01-01T13:43:56.000Z</time></trkpt><trkpt lat="46.18577" lon="14.99543"><ele>760</ele><time>2000-01-01T13:44:06.000Z</time></trkpt><trkpt lat="46.18577" lon="14.99547"><ele>759.8</ele><time>2000-01-01T13:44:16.000Z</time></trkpt><trkpt lat="46.18575" lon="14.99551"><ele>759.6</ele><time>2000-01-01T13:44:26.000Z</time></trkpt><trkpt lat="46.18572" lon="14.99558"><ele>759.4</ele><time>2000-01-01T13:44:36.000Z</time></trkpt><trkpt lat="46.1857" lon="14.99564"><ele>759.2</ele><time>2000-01-01T13:44:46.000Z</time></trkpt><trkpt lat="46.18566" lon="14.99583"><ele>759</ele><time>2000-01-01T13:44:56.000Z</time></trkpt><trkpt lat="46.18567" lon="14.9959"><ele>759</ele><time>2000-01-01T13:45:06.000Z</time></trkpt><trkpt lat="46.18566" lon="14.99605"><ele>759</ele><time>2000-01-01T13:45:16.000Z</time></trkpt><trkpt lat="46.18564" lon="14.99625"><ele>759</ele><time>2000-01-01T13:45:26.000Z</time></trkpt><trkpt lat="46.18564" lon="14.99633"><ele>760.2</ele><time>2000-01-01T13:45:36.000Z</time></trkpt><trkpt lat="46.18564" lon="14.99636"><ele>761.4</ele><time>2000-01-01T13:45:46.000Z</time></trkpt><trkpt lat="46.18565" lon="14.9964"><ele>762.6</ele><time>2000-01-01T13:45:56.000Z</time></trkpt><trkpt lat="46.18564" lon="14.99647"><ele>763.8</ele><time>2000-01-01T13:46:06.000Z</time></trkpt><trkpt lat="46.18565" lon="14.99665"><ele>765</ele><time>2000-01-01T13:46:16.000Z</time></trkpt><trkpt lat="46.18565" lon="14.99669"><ele>765.25</ele><time>2000-01-01T13:46:26.000Z</time></trkpt><trkpt lat="46.18563" lon="14.99676"><ele>765.5</ele><time>2000-01-01T13:46:36.000Z</time></trkpt><trkpt lat="46.18562" lon="14.99682"><ele>765.75</ele><time>2000-01-01T13:46:46.000Z</time></trkpt><trkpt lat="46.18558" lon="14.99704"><ele>766</ele><time>2000-01-01T13:46:56.000Z</time></trkpt><trkpt lat="46.18557" lon="14.99728"><ele>770</ele><time>2000-01-01T13:47:06.000Z</time></trkpt><trkpt lat="46.18561" lon="14.99745"><ele>774</ele><time>2000-01-01T13:47:16.000Z</time></trkpt><trkpt lat="46.18571" lon="14.99767"><ele>778.5</ele><time>2000-01-01T13:47:26.000Z</time></trkpt><trkpt lat="46.18574" lon="14.99776"><ele>783</ele><time>2000-01-01T13:47:36.000Z</time></trkpt><trkpt lat="46.18577" lon="14.99782"><ele>783.75</ele><time>2000-01-01T13:47:46.000Z</time></trkpt><trkpt lat="46.18581" lon="14.99787"><ele>784.5</ele><time>2000-01-01T13:47:56.000Z</time></trkpt><trkpt lat="46.18589" lon="14.99799"><ele>785.25</ele><time>2000-01-01T13:48:06.000Z</time></trkpt><trkpt lat="46.18593" lon="14.99803"><ele>786</ele><time>2000-01-01T13:48:16.000Z</time></trkpt><trkpt lat="46.18595" lon="14.99807"><ele>790</ele><time>2000-01-01T13:48:26.000Z</time></trkpt><trkpt lat="46.18599" lon="14.99816"><ele>794</ele><time>2000-01-01T13:48:36.000Z</time></trkpt><trkpt lat="46.18602" lon="14.99827"><ele>798</ele><time>2000-01-01T13:48:46.000Z</time></trkpt><trkpt lat="46.18607" lon="14.99839"><ele>802</ele><time>2000-01-01T13:48:56.000Z</time></trkpt><trkpt lat="46.1861" lon="14.99853"><ele>802</ele><time>2000-01-01T13:49:06.000Z</time></trkpt><trkpt lat="46.1861" lon="14.99856"><ele>802</ele><time>2000-01-01T13:49:16.000Z</time></trkpt><trkpt lat="46.18607" lon="14.99862"><ele>802</ele><time>2000-01-01T13:49:26.000Z</time></trkpt><trkpt lat="46.18607" lon="14.99865"><ele>802</ele><time>2000-01-01T13:49:36.000Z</time></trkpt><trkpt lat="46.18608" lon="14.99875"><ele>802</ele><time>2000-01-01T13:49:46.000Z</time></trkpt><trkpt lat="46.18609" lon="14.99882"><ele>802.2</ele><time>2000-01-01T13:49:56.000Z</time></trkpt><trkpt lat="46.18609" lon="14.99898"><ele>802.4</ele><time>2000-01-01T13:50:06.000Z</time></trkpt><trkpt lat="46.1861" lon="14.99904"><ele>802.6</ele><time>2000-01-01T13:50:16.000Z</time></trkpt><trkpt lat="46.1861" lon="14.99908"><ele>802.8</ele><time>2000-01-01T13:50:26.000Z</time></trkpt><trkpt lat="46.18612" lon="14.99913"><ele>803</ele><time>2000-01-01T13:50:36.000Z</time></trkpt><trkpt lat="46.18612" lon="14.99915"><ele>803</ele><time>2000-01-01T13:50:46.000Z</time></trkpt><trkpt lat="46.18611" lon="14.99931"><ele>803</ele><time>2000-01-01T13:50:56.000Z</time></trkpt><trkpt lat="46.18607" lon="14.9994"><ele>803</ele><time>2000-01-01T13:51:06.000Z</time></trkpt><trkpt lat="46.18606" lon="14.99946"><ele>803</ele><time>2000-01-01T13:51:16.000Z</time></trkpt><trkpt lat="46.18602" lon="14.99963"><ele>803</ele><time>2000-01-01T13:51:26.000Z</time></trkpt><trkpt lat="46.18596" lon="14.99974"><ele>801.5</ele><time>2000-01-01T13:51:36.000Z</time></trkpt><trkpt lat="46.18594" lon="14.99976"><ele>800</ele><time>2000-01-01T13:51:46.000Z</time></trkpt><trkpt lat="46.18587" lon="14.99985"><ele>798.5</ele><time>2000-01-01T13:51:56.000Z</time></trkpt><trkpt lat="46.18579" lon="14.99991"><ele>797</ele><time>2000-01-01T13:52:06.000Z</time></trkpt><trkpt lat="46.18572" lon="14.99999"><ele>795.75</ele><time>2000-01-01T13:52:16.000Z</time></trkpt><trkpt lat="46.1857" lon="15"><ele>794.5</ele><time>2000-01-01T13:52:26.000Z</time></trkpt><trkpt lat="46.18564" lon="15.0001"><ele>793.25</ele><time>2000-01-01T13:52:36.000Z</time></trkpt><trkpt lat="46.18558" lon="15.00018"><ele>792</ele><time>2000-01-01T13:52:46.000Z</time></trkpt><trkpt lat="46.18555" lon="15.0002"><ele>791.5</ele><time>2000-01-01T13:52:56.000Z</time></trkpt><trkpt lat="46.18551" lon="15.00026"><ele>791</ele><time>2000-01-01T13:53:06.000Z</time></trkpt><trkpt lat="46.18546" lon="15.00031"><ele>790.5</ele><time>2000-01-01T13:53:16.000Z</time></trkpt><trkpt lat="46.18534" lon="15.00046"><ele>790</ele><time>2000-01-01T13:53:26.000Z</time></trkpt><trkpt lat="46.18529" lon="15.00052"><ele>790.8</ele><time>2000-01-01T13:53:36.000Z</time></trkpt><trkpt lat="46.18527" lon="15.00059"><ele>791.6</ele><time>2000-01-01T13:53:46.000Z</time></trkpt><trkpt lat="46.18525" lon="15.00069"><ele>792.4</ele><time>2000-01-01T13:53:56.000Z</time></trkpt><trkpt lat="46.18524" lon="15.00075"><ele>793.2</ele><time>2000-01-01T13:54:06.000Z</time></trkpt><trkpt lat="46.18525" lon="15.0008"><ele>794</ele><time>2000-01-01T13:54:16.000Z</time></trkpt><trkpt lat="46.1853" lon="15.0009"><ele>795.33</ele><time>2000-01-01T13:54:26.000Z</time></trkpt><trkpt lat="46.18538" lon="15.00102"><ele>796.67</ele><time>2000-01-01T13:54:36.000Z</time></trkpt><trkpt lat="46.18551" lon="15.00115"><ele>798</ele><time>2000-01-01T13:54:46.000Z</time></trkpt><trkpt lat="46.18561" lon="15.00124"><ele>801.67</ele><time>2000-01-01T13:54:56.000Z</time></trkpt><trkpt lat="46.18572" lon="15.00128"><ele>805.33</ele><time>2000-01-01T13:55:06.000Z</time></trkpt><trkpt lat="46.18575" lon="15.00131"><ele>809</ele><time>2000-01-01T13:55:16.000Z</time></trkpt><trkpt lat="46.1858" lon="15.00133"><ele>810.33</ele><time>2000-01-01T13:55:26.000Z</time></trkpt><trkpt lat="46.18592" lon="15.00141"><ele>811.67</ele><time>2000-01-01T13:55:36.000Z</time></trkpt><trkpt lat="46.186" lon="15.00146"><ele>813</ele><time>2000-01-01T13:55:46.000Z</time></trkpt><trkpt lat="46.18603" lon="15.00149"><ele>814</ele><time>2000-01-01T13:55:56.000Z</time></trkpt><trkpt lat="46.18607" lon="15.00151"><ele>815</ele><time>2000-01-01T13:56:06.000Z</time></trkpt><trkpt lat="46.18613" lon="15.00154"><ele>816</ele><time>2000-01-01T13:56:16.000Z</time></trkpt><trkpt lat="46.18616" lon="15.00156"><ele>817</ele><time>2000-01-01T13:56:26.000Z</time></trkpt><trkpt lat="46.18621" lon="15.00164"><ele>818</ele><time>2000-01-01T13:56:36.000Z</time></trkpt><trkpt lat="46.18623" lon="15.00168"><ele>816.5</ele><time>2000-01-01T13:56:46.000Z</time></trkpt><trkpt lat="46.18628" lon="15.00177"><ele>815</ele><time>2000-01-01T13:56:56.000Z</time></trkpt><trkpt lat="46.18632" lon="15.00189"><ele>813.5</ele><time>2000-01-01T13:57:06.000Z</time></trkpt><trkpt lat="46.18634" lon="15.00204"><ele>812</ele><time>2000-01-01T13:57:16.000Z</time></trkpt><trkpt lat="46.18632" lon="15.00214"><ele>811.5</ele><time>2000-01-01T13:57:26.000Z</time></trkpt><trkpt lat="46.18623" lon="15.00226"><ele>811</ele><time>2000-01-01T13:57:36.000Z</time></trkpt><trkpt lat="46.18622" lon="15.00234"><ele>810.5</ele><time>2000-01-01T13:57:46.000Z</time></trkpt><trkpt lat="46.18622" lon="15.00243"><ele>810</ele><time>2000-01-01T13:57:56.000Z</time></trkpt><trkpt lat="46.18621" lon="15.00252"><ele>809.83</ele><time>2000-01-01T13:58:06.000Z</time></trkpt><trkpt lat="46.18619" lon="15.00255"><ele>809.67</ele><time>2000-01-01T13:58:16.000Z</time></trkpt><trkpt lat="46.18619" lon="15.00259"><ele>809.5</ele><time>2000-01-01T13:58:26.000Z</time></trkpt><trkpt lat="46.18614" lon="15.00268"><ele>809.33</ele><time>2000-01-01T13:58:36.000Z</time></trkpt><trkpt lat="46.18613" lon="15.00272"><ele>809.17</ele><time>2000-01-01T13:58:46.000Z</time></trkpt><trkpt lat="46.18614" lon="15.00276"><ele>809</ele><time>2000-01-01T13:58:56.000Z</time></trkpt><trkpt lat="46.18612" lon="15.00285"><ele>808.8</ele><time>2000-01-01T13:59:06.000Z</time></trkpt><trkpt lat="46.18611" lon="15.00289"><ele>808.6</ele><time>2000-01-01T13:59:16.000Z</time></trkpt><trkpt lat="46.1861" lon="15.00298"><ele>808.4</ele><time>2000-01-01T13:59:26.000Z</time></trkpt><trkpt lat="46.1861" lon="15.00307"><ele>808.2</ele><time>2000-01-01T13:59:36.000Z</time></trkpt><trkpt lat="46.18611" lon="15.00314"><ele>808</ele><time>2000-01-01T13:59:46.000Z</time></trkpt><trkpt lat="46.18614" lon="15.00322"><ele>807.75</ele><time>2000-01-01T13:59:56.000Z</time></trkpt><trkpt lat="46.1862" lon="15.00333"><ele>807.5</ele><time>2000-01-01T14:00:06.000Z</time></trkpt><trkpt lat="46.18623" lon="15.0034"><ele>807.25</ele><time>2000-01-01T14:00:16.000Z</time></trkpt><trkpt lat="46.18626" lon="15.00355"><ele>807</ele><time>2000-01-01T14:00:26.000Z</time></trkpt><trkpt lat="46.18627" lon="15.0036"><ele>806.33</ele><time>2000-01-01T14:00:36.000Z</time></trkpt><trkpt lat="46.18638" lon="15.00376"><ele>805.67</ele><time>2000-01-01T14:00:46.000Z</time></trkpt><trkpt lat="46.18646" lon="15.00383"><ele>805</ele><time>2000-01-01T14:00:56.000Z</time></trkpt><trkpt lat="46.18648" lon="15.00389"><ele>804.33</ele><time>2000-01-01T14:01:06.000Z</time></trkpt><trkpt lat="46.18649" lon="15.00396"><ele>803.67</ele><time>2000-01-01T14:01:16.000Z</time></trkpt><trkpt lat="46.18654" lon="15.00421"><ele>803</ele><time>2000-01-01T14:01:26.000Z</time></trkpt><trkpt lat="46.18655" lon="15.00435"><ele>804</ele><time>2000-01-01T14:01:36.000Z</time></trkpt><trkpt lat="46.18657" lon="15.00451"><ele>805</ele><time>2000-01-01T14:01:46.000Z</time></trkpt><trkpt lat="46.18656" lon="15.00466"><ele>806</ele><time>2000-01-01T14:01:56.000Z</time></trkpt><trkpt lat="46.18657" lon="15.00496"><ele>808</ele><time>2000-01-01T14:02:06.000Z</time></trkpt><trkpt lat="46.1866" lon="15.0051"><ele>810</ele><time>2000-01-01T14:02:16.000Z</time></trkpt><trkpt lat="46.18666" lon="15.00521"><ele>810</ele><time>2000-01-01T14:02:26.000Z</time></trkpt><trkpt lat="46.18662" lon="15.00533"><ele>810</ele><time>2000-01-01T14:02:36.000Z</time></trkpt><trkpt lat="46.1865" lon="15.00532"><ele>810</ele><time>2000-01-01T14:02:46.000Z</time></trkpt><trkpt lat="46.18639" lon="15.00529"><ele>807</ele><time>2000-01-01T14:02:56.000Z</time></trkpt><trkpt lat="46.18629" lon="15.00532"><ele>804</ele><time>2000-01-01T14:03:06.000Z</time></trkpt><trkpt lat="46.18624" lon="15.00531"><ele>801</ele><time>2000-01-01T14:03:16.000Z</time></trkpt><trkpt lat="46.18616" lon="15.00522"><ele>800.67</ele><time>2000-01-01T14:03:26.000Z</time></trkpt><trkpt lat="46.18608" lon="15.00515"><ele>800.33</ele><time>2000-01-01T14:03:36.000Z</time></trkpt><trkpt lat="46.18603" lon="15.00511"><ele>800</ele><time>2000-01-01T14:03:46.000Z</time></trkpt><trkpt lat="46.18598" lon="15.00506"><ele>799.5</ele><time>2000-01-01T14:03:56.000Z</time></trkpt><trkpt lat="46.18592" lon="15.00502"><ele>799</ele><time>2000-01-01T14:04:06.000Z</time></trkpt><trkpt lat="46.18587" lon="15.00497"><ele>798.5</ele><time>2000-01-01T14:04:16.000Z</time></trkpt><trkpt lat="46.18572" lon="15.00486"><ele>798</ele><time>2000-01-01T14:04:26.000Z</time></trkpt><trkpt lat="46.18567" lon="15.00483"><ele>798</ele><time>2000-01-01T14:04:36.000Z</time></trkpt><trkpt lat="46.18565" lon="15.00481"><ele>798</ele><time>2000-01-01T14:04:46.000Z</time></trkpt><trkpt lat="46.18563" lon="15.00479"><ele>798</ele><time>2000-01-01T14:04:56.000Z</time></trkpt><trkpt lat="46.18561" lon="15.00477"><ele>798</ele><time>2000-01-01T14:05:06.000Z</time></trkpt><trkpt lat="46.18551" lon="15.00475"><ele>798</ele><time>2000-01-01T14:05:16.000Z</time></trkpt><trkpt lat="46.18544" lon="15.00469"><ele>798</ele><time>2000-01-01T14:05:26.000Z</time></trkpt><trkpt lat="46.18535" lon="15.00459"><ele>796</ele><time>2000-01-01T14:05:36.000Z</time></trkpt><trkpt lat="46.18525" lon="15.00448"><ele>794</ele><time>2000-01-01T14:05:46.000Z</time></trkpt><trkpt lat="46.18515" lon="15.00442"><ele>792</ele><time>2000-01-01T14:05:56.000Z</time></trkpt><trkpt lat="46.18504" lon="15.00439"><ele>790.33</ele><time>2000-01-01T14:06:06.000Z</time></trkpt><trkpt lat="46.18493" lon="15.00437"><ele>788.67</ele><time>2000-01-01T14:06:16.000Z</time></trkpt><trkpt lat="46.18484" lon="15.00433"><ele>787</ele><time>2000-01-01T14:06:26.000Z</time></trkpt><trkpt lat="46.18479" lon="15.00422"><ele>785</ele><time>2000-01-01T14:06:36.000Z</time></trkpt><trkpt lat="46.18476" lon="15.0042"><ele>783</ele><time>2000-01-01T14:06:46.000Z</time></trkpt><trkpt lat="46.18467" lon="15.00409"><ele>781</ele><time>2000-01-01T14:06:56.000Z</time></trkpt><trkpt lat="46.18454" lon="15.00397"><ele>779</ele><time>2000-01-01T14:07:06.000Z</time></trkpt><trkpt lat="46.18445" lon="15.00379"><ele>777.5</ele><time>2000-01-01T14:07:16.000Z</time></trkpt><trkpt lat="46.18426" lon="15.00362"><ele>776</ele><time>2000-01-01T14:07:26.000Z</time></trkpt><trkpt lat="46.18413" lon="15.00352"><ele>771.5</ele><time>2000-01-01T14:07:36.000Z</time></trkpt><trkpt lat="46.18401" lon="15.00345"><ele>767</ele><time>2000-01-01T14:07:46.000Z</time></trkpt><trkpt lat="46.18389" lon="15.00341"><ele>767</ele><time>2000-01-01T14:07:56.000Z</time></trkpt><trkpt lat="46.18384" lon="15.00338"><ele>767</ele><time>2000-01-01T14:08:06.000Z</time></trkpt><trkpt lat="46.18378" lon="15.00335"><ele>767</ele><time>2000-01-01T14:08:16.000Z</time></trkpt><trkpt lat="46.18368" lon="15.00332"><ele>767</ele><time>2000-01-01T14:08:26.000Z</time></trkpt><trkpt lat="46.18359" lon="15.00331"><ele>768</ele><time>2000-01-01T14:08:36.000Z</time></trkpt><trkpt lat="46.18355" lon="15.00331"><ele>769</ele><time>2000-01-01T14:08:46.000Z</time></trkpt><trkpt lat="46.18341" lon="15.00337"><ele>770</ele><time>2000-01-01T14:08:56.000Z</time></trkpt><trkpt lat="46.18332" lon="15.00351"><ele>771.33</ele><time>2000-01-01T14:09:06.000Z</time></trkpt><trkpt lat="46.1833" lon="15.00359"><ele>772.67</ele><time>2000-01-01T14:09:16.000Z</time></trkpt><trkpt lat="46.18329" lon="15.00368"><ele>774</ele><time>2000-01-01T14:09:26.000Z</time></trkpt><trkpt lat="46.18322" lon="15.0039"><ele>776</ele><time>2000-01-01T14:09:36.000Z</time></trkpt><trkpt lat="46.18321" lon="15.00396"><ele>778</ele><time>2000-01-01T14:09:46.000Z</time></trkpt><trkpt lat="46.18321" lon="15.00413"><ele>780</ele><time>2000-01-01T14:09:56.000Z</time></trkpt><trkpt lat="46.1832" lon="15.00428"><ele>779.5</ele><time>2000-01-01T14:10:06.000Z</time></trkpt><trkpt lat="46.18315" lon="15.00449"><ele>779</ele><time>2000-01-01T14:10:16.000Z</time></trkpt><trkpt lat="46.18312" lon="15.00458"><ele>778.67</ele><time>2000-01-01T14:10:26.000Z</time></trkpt><trkpt lat="46.18304" lon="15.00466"><ele>778.33</ele><time>2000-01-01T14:10:36.000Z</time></trkpt><trkpt lat="46.18274" lon="15.00458"><ele>778</ele><time>2000-01-01T14:10:46.000Z</time></trkpt><trkpt lat="46.18263" lon="15.00444"><ele>776.33</ele><time>2000-01-01T14:10:56.000Z</time></trkpt><trkpt lat="46.18255" lon="15.00437"><ele>774.67</ele><time>2000-01-01T14:11:06.000Z</time></trkpt><trkpt lat="46.18252" lon="15.00435"><ele>773</ele><time>2000-01-01T14:11:16.000Z</time></trkpt><trkpt lat="46.18248" lon="15.0043"><ele>771.75</ele><time>2000-01-01T14:11:26.000Z</time></trkpt><trkpt lat="46.18244" lon="15.00427"><ele>770.5</ele><time>2000-01-01T14:11:36.000Z</time></trkpt><trkpt lat="46.18235" lon="15.00424"><ele>769.25</ele><time>2000-01-01T14:11:46.000Z</time></trkpt><trkpt lat="46.18226" lon="15.00418"><ele>768</ele><time>2000-01-01T14:11:56.000Z</time></trkpt><trkpt lat="46.18219" lon="15.00409"><ele>766</ele><time>2000-01-01T14:12:06.000Z</time></trkpt><trkpt lat="46.1821" lon="15.00403"><ele>764</ele><time>2000-01-01T14:12:16.000Z</time></trkpt><trkpt lat="46.18203" lon="15.00391"><ele>762</ele><time>2000-01-01T14:12:26.000Z</time></trkpt><trkpt lat="46.18198" lon="15.00377"><ele>762</ele><time>2000-01-01T14:12:36.000Z</time></trkpt><trkpt lat="46.1819" lon="15.00364"><ele>762</ele><time>2000-01-01T14:12:46.000Z</time></trkpt><trkpt lat="46.18181" lon="15.00352"><ele>762</ele><time>2000-01-01T14:12:56.000Z</time></trkpt><trkpt lat="46.18168" lon="15.00328"><ele>759.5</ele><time>2000-01-01T14:13:06.000Z</time></trkpt><trkpt lat="46.18164" lon="15.00322"><ele>757</ele><time>2000-01-01T14:13:16.000Z</time></trkpt><trkpt lat="46.18159" lon="15.00317"><ele>756.6</ele><time>2000-01-01T14:13:26.000Z</time></trkpt><trkpt lat="46.18153" lon="15.00309"><ele>756.2</ele><time>2000-01-01T14:13:36.000Z</time></trkpt><trkpt lat="46.1815" lon="15.00304"><ele>755.8</ele><time>2000-01-01T14:13:46.000Z</time></trkpt><trkpt lat="46.18145" lon="15.00299"><ele>755.4</ele><time>2000-01-01T14:13:56.000Z</time></trkpt><trkpt lat="46.1814" lon="15.00292"><ele>755</ele><time>2000-01-01T14:14:06.000Z</time></trkpt><trkpt lat="46.18135" lon="15.00288"><ele>754.75</ele><time>2000-01-01T14:14:16.000Z</time></trkpt><trkpt lat="46.18133" lon="15.00285"><ele>754.5</ele><time>2000-01-01T14:14:26.000Z</time></trkpt><trkpt lat="46.18127" lon="15.00282"><ele>754.25</ele><time>2000-01-01T14:14:36.000Z</time></trkpt><trkpt lat="46.18117" lon="15.00277"><ele>754</ele><time>2000-01-01T14:14:46.000Z</time></trkpt><trkpt lat="46.18109" lon="15.00271"><ele>753.25</ele><time>2000-01-01T14:14:56.000Z</time></trkpt><trkpt lat="46.18104" lon="15.00271"><ele>752.5</ele><time>2000-01-01T14:15:06.000Z</time></trkpt><trkpt lat="46.18098" lon="15.00267"><ele>751.75</ele><time>2000-01-01T14:15:16.000Z</time></trkpt><trkpt lat="46.18091" lon="15.00266"><ele>751</ele><time>2000-01-01T14:15:26.000Z</time></trkpt><trkpt lat="46.18079" lon="15.00266"><ele>750.5</ele><time>2000-01-01T14:15:36.000Z</time></trkpt><trkpt lat="46.18075" lon="15.00268"><ele>750</ele><time>2000-01-01T14:15:46.000Z</time></trkpt><trkpt lat="46.18073" lon="15.00269"><ele>749.5</ele><time>2000-01-01T14:15:56.000Z</time></trkpt><trkpt lat="46.18067" lon="15.00278"><ele>749</ele><time>2000-01-01T14:16:06.000Z</time></trkpt><trkpt lat="46.18066" lon="15.00283"><ele>749</ele><time>2000-01-01T14:16:16.000Z</time></trkpt><trkpt lat="46.18054" lon="15.00304"><ele>749</ele><time>2000-01-01T14:16:26.000Z</time></trkpt><trkpt lat="46.18049" lon="15.00319"><ele>749</ele><time>2000-01-01T14:16:36.000Z</time></trkpt><trkpt lat="46.18048" lon="15.00325"><ele>749</ele><time>2000-01-01T14:16:46.000Z</time></trkpt><trkpt lat="46.18041" lon="15.00337"><ele>749</ele><time>2000-01-01T14:16:56.000Z</time></trkpt><trkpt lat="46.18034" lon="15.00346"><ele>749</ele><time>2000-01-01T14:17:06.000Z</time></trkpt><trkpt lat="46.18028" lon="15.00357"><ele>749</ele><time>2000-01-01T14:17:16.000Z</time></trkpt><trkpt lat="46.1802" lon="15.00366"><ele>747.67</ele><time>2000-01-01T14:17:26.000Z</time></trkpt><trkpt lat="46.18012" lon="15.00372"><ele>746.33</ele><time>2000-01-01T14:17:36.000Z</time></trkpt><trkpt lat="46.18005" lon="15.00383"><ele>745</ele><time>2000-01-01T14:17:46.000Z</time></trkpt><trkpt lat="46.18" lon="15.00394"><ele>744.67</ele><time>2000-01-01T14:17:56.000Z</time></trkpt><trkpt lat="46.17993" lon="15.00403"><ele>744.33</ele><time>2000-01-01T14:18:06.000Z</time></trkpt><trkpt lat="46.17988" lon="15.00414"><ele>744</ele><time>2000-01-01T14:18:16.000Z</time></trkpt><trkpt lat="46.17986" lon="15.00428"><ele>745</ele><time>2000-01-01T14:18:26.000Z</time></trkpt><trkpt lat="46.17985" lon="15.00442"><ele>746</ele><time>2000-01-01T14:18:36.000Z</time></trkpt><trkpt lat="46.17973" lon="15.00459"><ele>747</ele><time>2000-01-01T14:18:46.000Z</time></trkpt><trkpt lat="46.17967" lon="15.00465"><ele>748.33</ele><time>2000-01-01T14:18:56.000Z</time></trkpt><trkpt lat="46.1796" lon="15.00472"><ele>749.67</ele><time>2000-01-01T14:19:06.000Z</time></trkpt><trkpt lat="46.1795" lon="15.00486"><ele>751</ele><time>2000-01-01T14:19:16.000Z</time></trkpt><trkpt lat="46.17943" lon="15.00495"><ele>749.33</ele><time>2000-01-01T14:19:26.000Z</time></trkpt><trkpt lat="46.17933" lon="15.00492"><ele>747.67</ele><time>2000-01-01T14:19:36.000Z</time></trkpt><trkpt lat="46.17923" lon="15.00493"><ele>746</ele><time>2000-01-01T14:19:46.000Z</time></trkpt><trkpt lat="46.17911" lon="15.00492"><ele>744</ele><time>2000-01-01T14:19:56.000Z</time></trkpt><trkpt lat="46.17893" lon="15.00489"><ele>742</ele><time>2000-01-01T14:20:06.000Z</time></trkpt><trkpt lat="46.17888" lon="15.00489"><ele>740.5</ele><time>2000-01-01T14:20:16.000Z</time></trkpt><trkpt lat="46.17859" lon="15.00483"><ele>739</ele><time>2000-01-01T14:20:26.000Z</time></trkpt><trkpt lat="46.17855" lon="15.0048"><ele>739.25</ele><time>2000-01-01T14:20:36.000Z</time></trkpt><trkpt lat="46.17853" lon="15.00481"><ele>739.5</ele><time>2000-01-01T14:20:46.000Z</time></trkpt><trkpt lat="46.17843" lon="15.00486"><ele>739.75</ele><time>2000-01-01T14:20:56.000Z</time></trkpt><trkpt lat="46.17834" lon="15.00499"><ele>740</ele><time>2000-01-01T14:21:06.000Z</time></trkpt><trkpt lat="46.1783" lon="15.00504"><ele>740.2</ele><time>2000-01-01T14:21:16.000Z</time></trkpt><trkpt lat="46.17827" lon="15.00506"><ele>740.4</ele><time>2000-01-01T14:21:26.000Z</time></trkpt><trkpt lat="46.17822" lon="15.00508"><ele>740.6</ele><time>2000-01-01T14:21:36.000Z</time></trkpt><trkpt lat="46.17819" lon="15.00508"><ele>740.8</ele><time>2000-01-01T14:21:46.000Z</time></trkpt><trkpt lat="46.17803" lon="15.00506"><ele>741</ele><time>2000-01-01T14:21:56.000Z</time></trkpt><trkpt lat="46.17797" lon="15.00507"><ele>743.25</ele><time>2000-01-01T14:22:06.000Z</time></trkpt><trkpt lat="46.17792" lon="15.00509"><ele>745.5</ele><time>2000-01-01T14:22:16.000Z</time></trkpt><trkpt lat="46.17785" lon="15.00516"><ele>747.75</ele><time>2000-01-01T14:22:26.000Z</time></trkpt><trkpt lat="46.1778" lon="15.00525"><ele>750</ele><time>2000-01-01T14:22:36.000Z</time></trkpt><trkpt lat="46.1778" lon="15.00528"><ele>751.5</ele><time>2000-01-01T14:22:46.000Z</time></trkpt><trkpt lat="46.17778" lon="15.00533"><ele>753</ele><time>2000-01-01T14:22:56.000Z</time></trkpt><trkpt lat="46.17773" lon="15.00559"><ele>754.5</ele><time>2000-01-01T14:23:06.000Z</time></trkpt><trkpt lat="46.17771" lon="15.00567"><ele>756</ele><time>2000-01-01T14:23:16.000Z</time></trkpt><trkpt lat="46.17768" lon="15.00569"><ele>758.67</ele><time>2000-01-01T14:23:26.000Z</time></trkpt><trkpt lat="46.17758" lon="15.00572"><ele>761.33</ele><time>2000-01-01T14:23:36.000Z</time></trkpt><trkpt lat="46.17737" lon="15.00573"><ele>764</ele><time>2000-01-01T14:23:46.000Z</time></trkpt><trkpt lat="46.17728" lon="15.00569"><ele>766.67</ele><time>2000-01-01T14:23:56.000Z</time></trkpt><trkpt lat="46.17721" lon="15.00557"><ele>769.33</ele><time>2000-01-01T14:24:06.000Z</time></trkpt><trkpt lat="46.17716" lon="15.00552"><ele>772</ele><time>2000-01-01T14:24:16.000Z</time></trkpt><trkpt lat="46.17706" lon="15.0053"><ele>773</ele><time>2000-01-01T14:24:26.000Z</time></trkpt><trkpt lat="46.17697" lon="15.00516"><ele>774</ele><time>2000-01-01T14:24:36.000Z</time></trkpt><trkpt lat="46.17695" lon="15.00514"><ele>775.75</ele><time>2000-01-01T14:24:46.000Z</time></trkpt><trkpt lat="46.17693" lon="15.00511"><ele>777.5</ele><time>2000-01-01T14:24:56.000Z</time></trkpt><trkpt lat="46.17686" lon="15.00504"><ele>779.25</ele><time>2000-01-01T14:25:06.000Z</time></trkpt><trkpt lat="46.17666" lon="15.00504"><ele>781</ele><time>2000-01-01T14:25:16.000Z</time></trkpt><trkpt lat="46.17661" lon="15.00502"><ele>786.5</ele><time>2000-01-01T14:25:26.000Z</time></trkpt><trkpt lat="46.17641" lon="15.00493"><ele>792</ele><time>2000-01-01T14:25:36.000Z</time></trkpt><trkpt lat="46.17633" lon="15.00486"><ele>792</ele><time>2000-01-01T14:25:46.000Z</time></trkpt><trkpt lat="46.17631" lon="15.00486"><ele>792</ele><time>2000-01-01T14:25:56.000Z</time></trkpt><trkpt lat="46.17629" lon="15.00484"><ele>792</ele><time>2000-01-01T14:26:06.000Z</time></trkpt><trkpt lat="46.17607" lon="15.00485"><ele>792</ele><time>2000-01-01T14:26:16.000Z</time></trkpt><trkpt lat="46.17591" lon="15.00481"><ele>792.5</ele><time>2000-01-01T14:26:26.000Z</time></trkpt><trkpt lat="46.17582" lon="15.00474"><ele>793</ele><time>2000-01-01T14:26:36.000Z</time></trkpt><trkpt lat="46.1758" lon="15.00472"><ele>793</ele><time>2000-01-01T14:26:46.000Z</time></trkpt><trkpt lat="46.17578" lon="15.00471"><ele>793</ele><time>2000-01-01T14:26:56.000Z</time></trkpt><trkpt lat="46.17575" lon="15.00466"><ele>793</ele><time>2000-01-01T14:27:06.000Z</time></trkpt><trkpt lat="46.1757" lon="15.00445"><ele>793</ele><time>2000-01-01T14:27:16.000Z</time></trkpt><trkpt lat="46.17569" lon="15.00434"><ele>793</ele><time>2000-01-01T14:27:26.000Z</time></trkpt><trkpt lat="46.17568" lon="15.00424"><ele>792.33</ele><time>2000-01-01T14:27:36.000Z</time></trkpt><trkpt lat="46.17567" lon="15.00412"><ele>791.67</ele><time>2000-01-01T14:27:46.000Z</time></trkpt><trkpt lat="46.17568" lon="15.00409"><ele>791</ele><time>2000-01-01T14:27:56.000Z</time></trkpt><trkpt lat="46.17568" lon="15.00405"><ele>790.33</ele><time>2000-01-01T14:28:06.000Z</time></trkpt><trkpt lat="46.17568" lon="15.00401"><ele>789.67</ele><time>2000-01-01T14:28:16.000Z</time></trkpt><trkpt lat="46.17568" lon="15.00394"><ele>789</ele><time>2000-01-01T14:28:26.000Z</time></trkpt><trkpt lat="46.17568" lon="15.00389"><ele>788.6</ele><time>2000-01-01T14:28:36.000Z</time></trkpt><trkpt lat="46.17569" lon="15.00384"><ele>788.2</ele><time>2000-01-01T14:28:46.000Z</time></trkpt><trkpt lat="46.17569" lon="15.00379"><ele>787.8</ele><time>2000-01-01T14:28:56.000Z</time></trkpt><trkpt lat="46.17569" lon="15.00371"><ele>787.4</ele><time>2000-01-01T14:29:06.000Z</time></trkpt><trkpt lat="46.17564" lon="15.00351"><ele>787</ele><time>2000-01-01T14:29:16.000Z</time></trkpt><trkpt lat="46.17564" lon="15.00342"><ele>786.25</ele><time>2000-01-01T14:29:26.000Z</time></trkpt><trkpt lat="46.17562" lon="15.00334"><ele>785.5</ele><time>2000-01-01T14:29:36.000Z</time></trkpt><trkpt lat="46.17557" lon="15.00318"><ele>784.75</ele><time>2000-01-01T14:29:46.000Z</time></trkpt><trkpt lat="46.17547" lon="15.00296"><ele>784</ele><time>2000-01-01T14:29:56.000Z</time></trkpt><trkpt lat="46.17543" lon="15.00282"><ele>783</ele><time>2000-01-01T14:30:06.000Z</time></trkpt><trkpt lat="46.17541" lon="15.00267"><ele>782</ele><time>2000-01-01T14:30:16.000Z</time></trkpt><trkpt lat="46.17537" lon="15.00255"><ele>781</ele><time>2000-01-01T14:30:26.000Z</time></trkpt><trkpt lat="46.17525" lon="15.00231"><ele>781.5</ele><time>2000-01-01T14:30:36.000Z</time></trkpt><trkpt lat="46.17521" lon="15.00225"><ele>782</ele><time>2000-01-01T14:30:46.000Z</time></trkpt><trkpt lat="46.17512" lon="15.00195"><ele>782.5</ele><time>2000-01-01T14:30:56.000Z</time></trkpt><trkpt lat="46.17511" lon="15.00189"><ele>783</ele><time>2000-01-01T14:31:06.000Z</time></trkpt><trkpt lat="46.17511" lon="15.00185"><ele>782.75</ele><time>2000-01-01T14:31:16.000Z</time></trkpt><trkpt lat="46.17509" lon="15.00181"><ele>782.5</ele><time>2000-01-01T14:31:26.000Z</time></trkpt><trkpt lat="46.17508" lon="15.00164"><ele>782.25</ele><time>2000-01-01T14:31:36.000Z</time></trkpt><trkpt lat="46.17507" lon="15.00153"><ele>782</ele><time>2000-01-01T14:31:46.000Z</time></trkpt><trkpt lat="46.17507" lon="15.00149"><ele>781.8</ele><time>2000-01-01T14:31:56.000Z</time></trkpt><trkpt lat="46.17506" lon="15.0014"><ele>781.6</ele><time>2000-01-01T14:32:06.000Z</time></trkpt><trkpt lat="46.17507" lon="15.00136"><ele>781.4</ele><time>2000-01-01T14:32:16.000Z</time></trkpt><trkpt lat="46.17506" lon="15.00129"><ele>781.2</ele><time>2000-01-01T14:32:26.000Z</time></trkpt><trkpt lat="46.17508" lon="15.00114"><ele>781</ele><time>2000-01-01T14:32:36.000Z</time></trkpt><trkpt lat="46.17508" lon="15.00101"><ele>779.33</ele><time>2000-01-01T14:32:46.000Z</time></trkpt><trkpt lat="46.17507" lon="15.00097"><ele>777.67</ele><time>2000-01-01T14:32:56.000Z</time></trkpt><trkpt lat="46.17509" lon="15.00077"><ele>776</ele><time>2000-01-01T14:33:06.000Z</time></trkpt><trkpt lat="46.17508" lon="15.00074"><ele>776.29</ele><time>2000-01-01T14:33:16.000Z</time></trkpt><trkpt lat="46.17508" lon="15.00069"><ele>776.57</ele><time>2000-01-01T14:33:26.000Z</time></trkpt><trkpt lat="46.17506" lon="15.00061"><ele>776.86</ele><time>2000-01-01T14:33:36.000Z</time></trkpt><trkpt lat="46.17506" lon="15.00054"><ele>777.14</ele><time>2000-01-01T14:33:46.000Z</time></trkpt><trkpt lat="46.17505" lon="15.00052"><ele>777.43</ele><time>2000-01-01T14:33:56.000Z</time></trkpt><trkpt lat="46.17504" lon="15.00048"><ele>777.71</ele><time>2000-01-01T14:34:06.000Z</time></trkpt><trkpt lat="46.17501" lon="15.00042"><ele>778</ele><time>2000-01-01T14:34:16.000Z</time></trkpt><trkpt lat="46.175" lon="15.00039"><ele>778.75</ele><time>2000-01-01T14:34:26.000Z</time></trkpt><trkpt lat="46.17497" lon="15.00033"><ele>779.5</ele><time>2000-01-01T14:34:36.000Z</time></trkpt><trkpt lat="46.17494" lon="15.00023"><ele>780.25</ele><time>2000-01-01T14:34:46.000Z</time></trkpt><trkpt lat="46.17475" lon="14.99999"><ele>781</ele><time>2000-01-01T14:34:56.000Z</time></trkpt><trkpt lat="46.17468" lon="14.99991"><ele>781</ele><time>2000-01-01T14:35:06.000Z</time></trkpt><trkpt lat="46.17464" lon="14.99984"><ele>781</ele><time>2000-01-01T14:35:16.000Z</time></trkpt><trkpt lat="46.17462" lon="14.99981"><ele>781</ele><time>2000-01-01T14:35:26.000Z</time></trkpt><trkpt lat="46.17457" lon="14.99972"><ele>781</ele><time>2000-01-01T14:35:36.000Z</time></trkpt><trkpt lat="46.17455" lon="14.9997"><ele>781</ele><time>2000-01-01T14:35:46.000Z</time></trkpt><trkpt lat="46.17454" lon="14.99972"><ele>781</ele><time>2000-01-01T14:35:56.000Z</time></trkpt><trkpt lat="46.1746" lon="14.99991"><ele>781</ele><time>2000-01-01T14:36:06.000Z</time></trkpt><trkpt lat="46.17462" lon="14.99994"><ele>781</ele><time>2000-01-01T14:36:16.000Z</time></trkpt><trkpt lat="46.17468" lon="15.00001"><ele>781</ele><time>2000-01-01T14:36:26.000Z</time></trkpt><trkpt lat="46.17473" lon="15.00012"><ele>782.33</ele><time>2000-01-01T14:36:36.000Z</time></trkpt><trkpt lat="46.17481" lon="15.00025"><ele>783.67</ele><time>2000-01-01T14:36:46.000Z</time></trkpt><trkpt lat="46.17484" lon="15.00033"><ele>785</ele><time>2000-01-01T14:36:56.000Z</time></trkpt><trkpt lat="46.17486" lon="15.00039"><ele>788</ele><time>2000-01-01T14:37:06.000Z</time></trkpt><trkpt lat="46.17488" lon="15.00047"><ele>791</ele><time>2000-01-01T14:37:16.000Z</time></trkpt><trkpt lat="46.17488" lon="15.00062"><ele>794</ele><time>2000-01-01T14:37:26.000Z</time></trkpt><trkpt lat="46.17485" lon="15.00083"><ele>797</ele><time>2000-01-01T14:37:36.000Z</time></trkpt><trkpt lat="46.17484" lon="15.00099"><ele>799</ele><time>2000-01-01T14:37:46.000Z</time></trkpt><trkpt lat="46.17483" lon="15.00109"><ele>801</ele><time>2000-01-01T14:37:56.000Z</time></trkpt><trkpt lat="46.1748" lon="15.00116"><ele>803</ele><time>2000-01-01T14:38:06.000Z</time></trkpt><trkpt lat="46.17475" lon="15.00137"><ele>805</ele><time>2000-01-01T14:38:16.000Z</time></trkpt><trkpt lat="46.17474" lon="15.00153"><ele>805</ele><time>2000-01-01T14:38:26.000Z</time></trkpt><trkpt lat="46.17474" lon="15.00157"><ele>805</ele><time>2000-01-01T14:38:36.000Z</time></trkpt><trkpt lat="46.17473" lon="15.00172"><ele>805</ele><time>2000-01-01T14:38:46.000Z</time></trkpt><trkpt lat="46.17471" lon="15.00183"><ele>805</ele><time>2000-01-01T14:38:56.000Z</time></trkpt><trkpt lat="46.17472" lon="15.0019"><ele>805.5</ele><time>2000-01-01T14:39:06.000Z</time></trkpt><trkpt lat="46.17473" lon="15.00193"><ele>806</ele><time>2000-01-01T14:39:16.000Z</time></trkpt><trkpt lat="46.17472" lon="15.00205"><ele>806.5</ele><time>2000-01-01T14:39:26.000Z</time></trkpt><trkpt lat="46.17474" lon="15.00228"><ele>807</ele><time>2000-01-01T14:39:36.000Z</time></trkpt><trkpt lat="46.17474" lon="15.00235"><ele>807.6</ele><time>2000-01-01T14:39:46.000Z</time></trkpt><trkpt lat="46.17474" lon="15.00247"><ele>808.2</ele><time>2000-01-01T14:39:56.000Z</time></trkpt><trkpt lat="46.17475" lon="15.00251"><ele>808.8</ele><time>2000-01-01T14:40:06.000Z</time></trkpt><trkpt lat="46.17475" lon="15.00255"><ele>809.4</ele><time>2000-01-01T14:40:16.000Z</time></trkpt><trkpt lat="46.17478" lon="15.00275"><ele>810</ele><time>2000-01-01T14:40:26.000Z</time></trkpt><trkpt lat="46.1748" lon="15.00278"><ele>809.78</ele><time>2000-01-01T14:40:36.000Z</time></trkpt><trkpt lat="46.17481" lon="15.00282"><ele>809.56</ele><time>2000-01-01T14:40:46.000Z</time></trkpt><trkpt lat="46.17481" lon="15.00285"><ele>809.33</ele><time>2000-01-01T14:40:56.000Z</time></trkpt><trkpt lat="46.17481" lon="15.00288"><ele>809.11</ele><time>2000-01-01T14:41:06.000Z</time></trkpt><trkpt lat="46.17484" lon="15.00291"><ele>808.89</ele><time>2000-01-01T14:41:16.000Z</time></trkpt><trkpt lat="46.17484" lon="15.00293"><ele>808.67</ele><time>2000-01-01T14:41:26.000Z</time></trkpt><trkpt lat="46.17486" lon="15.003"><ele>808.44</ele><time>2000-01-01T14:41:36.000Z</time></trkpt><trkpt lat="46.17486" lon="15.00307"><ele>808.22</ele><time>2000-01-01T14:41:46.000Z</time></trkpt><trkpt lat="46.17487" lon="15.00313"><ele>808</ele><time>2000-01-01T14:41:56.000Z</time></trkpt><trkpt lat="46.1749" lon="15.00319"><ele>807.8</ele><time>2000-01-01T14:42:06.000Z</time></trkpt><trkpt lat="46.17491" lon="15.00326"><ele>807.6</ele><time>2000-01-01T14:42:16.000Z</time></trkpt><trkpt lat="46.17495" lon="15.00339"><ele>807.4</ele><time>2000-01-01T14:42:26.000Z</time></trkpt><trkpt lat="46.17496" lon="15.00345"><ele>807.2</ele><time>2000-01-01T14:42:36.000Z</time></trkpt><trkpt lat="46.17496" lon="15.00348"><ele>807</ele><time>2000-01-01T14:42:46.000Z</time></trkpt><trkpt lat="46.17495" lon="15.00368"><ele>807</ele><time>2000-01-01T14:42:56.000Z</time></trkpt><trkpt lat="46.17497" lon="15.00375"><ele>807</ele><time>2000-01-01T14:43:06.000Z</time></trkpt><trkpt lat="46.17496" lon="15.00378"><ele>807</ele><time>2000-01-01T14:43:16.000Z</time></trkpt><trkpt lat="46.17496" lon="15.00385"><ele>807</ele><time>2000-01-01T14:43:26.000Z</time></trkpt><trkpt lat="46.17497" lon="15.00394"><ele>807.5</ele><time>2000-01-01T14:43:36.000Z</time></trkpt><trkpt lat="46.17496" lon="15.00398"><ele>808</ele><time>2000-01-01T14:43:46.000Z</time></trkpt><trkpt lat="46.17495" lon="15.00417"><ele>808.5</ele><time>2000-01-01T14:43:56.000Z</time></trkpt><trkpt lat="46.17494" lon="15.00421"><ele>809</ele><time>2000-01-01T14:44:06.000Z</time></trkpt><trkpt lat="46.17493" lon="15.00424"><ele>810.6</ele><time>2000-01-01T14:44:16.000Z</time></trkpt><trkpt lat="46.17494" lon="15.00437"><ele>812.2</ele><time>2000-01-01T14:44:26.000Z</time></trkpt><trkpt lat="46.17493" lon="15.0044"><ele>813.8</ele><time>2000-01-01T14:44:36.000Z</time></trkpt><trkpt lat="46.17494" lon="15.0045"><ele>815.4</ele><time>2000-01-01T14:44:46.000Z</time></trkpt><trkpt lat="46.17494" lon="15.00464"><ele>817</ele><time>2000-01-01T14:44:56.000Z</time></trkpt><trkpt lat="46.17495" lon="15.00474"><ele>817.43</ele><time>2000-01-01T14:45:06.000Z</time></trkpt><trkpt lat="46.17495" lon="15.00477"><ele>817.86</ele><time>2000-01-01T14:45:16.000Z</time></trkpt><trkpt lat="46.17495" lon="15.00484"><ele>818.29</ele><time>2000-01-01T14:45:26.000Z</time></trkpt><trkpt lat="46.17497" lon="15.00491"><ele>818.71</ele><time>2000-01-01T14:45:36.000Z</time></trkpt><trkpt lat="46.17497" lon="15.00494"><ele>819.14</ele><time>2000-01-01T14:45:46.000Z</time></trkpt><trkpt lat="46.17498" lon="15.00497"><ele>819.57</ele><time>2000-01-01T14:45:56.000Z</time></trkpt><trkpt lat="46.17501" lon="15.0051"><ele>820</ele><time>2000-01-01T14:46:06.000Z</time></trkpt><trkpt lat="46.17505" lon="15.00516"><ele>822.25</ele><time>2000-01-01T14:46:16.000Z</time></trkpt><trkpt lat="46.17508" lon="15.00528"><ele>824.5</ele><time>2000-01-01T14:46:26.000Z</time></trkpt><trkpt lat="46.17509" lon="15.00532"><ele>826.75</ele><time>2000-01-01T14:46:36.000Z</time></trkpt><trkpt lat="46.17516" lon="15.00564"><ele>829</ele><time>2000-01-01T14:46:46.000Z</time></trkpt><trkpt lat="46.17519" lon="15.00571"><ele>829.5</ele><time>2000-01-01T14:46:56.000Z</time></trkpt><trkpt lat="46.1752" lon="15.00582"><ele>830</ele><time>2000-01-01T14:47:06.000Z</time></trkpt><trkpt lat="46.1752" lon="15.00585"><ele>830.5</ele><time>2000-01-01T14:47:16.000Z</time></trkpt><trkpt lat="46.1752" lon="15.00589"><ele>831</ele><time>2000-01-01T14:47:26.000Z</time></trkpt><trkpt lat="46.17522" lon="15.00596"><ele>831.5</ele><time>2000-01-01T14:47:36.000Z</time></trkpt><trkpt lat="46.17523" lon="15.00599"><ele>832</ele><time>2000-01-01T14:47:46.000Z</time></trkpt><trkpt lat="46.17523" lon="15.00602"><ele>832.75</ele><time>2000-01-01T14:47:56.000Z</time></trkpt><trkpt lat="46.17525" lon="15.00611"><ele>833.5</ele><time>2000-01-01T14:48:06.000Z</time></trkpt><trkpt lat="46.17531" lon="15.00624"><ele>834.25</ele><time>2000-01-01T14:48:16.000Z</time></trkpt><trkpt lat="46.17534" lon="15.00638"><ele>835</ele><time>2000-01-01T14:48:26.000Z</time></trkpt><trkpt lat="46.17543" lon="15.00664"><ele>836.5</ele><time>2000-01-01T14:48:36.000Z</time></trkpt><trkpt lat="46.17551" lon="15.00681"><ele>838</ele><time>2000-01-01T14:48:46.000Z</time></trkpt><trkpt lat="46.1757" lon="15.00718"><ele>839</ele><time>2000-01-01T14:48:56.000Z</time></trkpt><trkpt lat="46.17576" lon="15.00729"><ele>840.5</ele><time>2000-01-01T14:49:06.000Z</time></trkpt><trkpt lat="46.17592" lon="15.00751"><ele>842</ele><time>2000-01-01T14:49:16.000Z</time></trkpt><trkpt lat="46.17598" lon="15.00762"><ele>843</ele><time>2000-01-01T14:49:26.000Z</time></trkpt><trkpt lat="46.17602" lon="15.00769"><ele>844</ele><time>2000-01-01T14:49:36.000Z</time></trkpt><trkpt lat="46.17606" lon="15.00774"><ele>845</ele><time>2000-01-01T14:49:46.000Z</time></trkpt><trkpt lat="46.17614" lon="15.00786"><ele>846</ele><time>2000-01-01T14:49:56.000Z</time></trkpt><trkpt lat="46.17619" lon="15.00802"><ele>846.5</ele><time>2000-01-01T14:50:06.000Z</time></trkpt><trkpt lat="46.1763" lon="15.00821"><ele>847</ele><time>2000-01-01T14:50:16.000Z</time></trkpt><trkpt lat="46.1764" lon="15.00829"><ele>847.25</ele><time>2000-01-01T14:50:26.000Z</time></trkpt><trkpt lat="46.17642" lon="15.00831"><ele>847.5</ele><time>2000-01-01T14:50:36.000Z</time></trkpt><trkpt lat="46.17645" lon="15.00837"><ele>847.75</ele><time>2000-01-01T14:50:46.000Z</time></trkpt><trkpt lat="46.17658" lon="15.0085"><ele>848</ele><time>2000-01-01T14:50:56.000Z</time></trkpt><trkpt lat="46.17663" lon="15.00852"><ele>848.33</ele><time>2000-01-01T14:51:06.000Z</time></trkpt><trkpt lat="46.17666" lon="15.00851"><ele>848.67</ele><time>2000-01-01T14:51:16.000Z</time></trkpt><trkpt lat="46.17669" lon="15.00854"><ele>849</ele><time>2000-01-01T14:51:26.000Z</time></trkpt><trkpt lat="46.17678" lon="15.00855"><ele>849.33</ele><time>2000-01-01T14:51:36.000Z</time></trkpt><trkpt lat="46.1768" lon="15.00857"><ele>849.67</ele><time>2000-01-01T14:51:46.000Z</time></trkpt><trkpt lat="46.17684" lon="15.00867"><ele>850</ele><time>2000-01-01T14:51:56.000Z</time></trkpt><trkpt lat="46.17686" lon="15.00876"><ele>850.5</ele><time>2000-01-01T14:52:06.000Z</time></trkpt><trkpt lat="46.17686" lon="15.00881"><ele>851</ele><time>2000-01-01T14:52:16.000Z</time></trkpt><trkpt lat="46.1768" lon="15.00892"><ele>851.5</ele><time>2000-01-01T14:52:26.000Z</time></trkpt><trkpt lat="46.17674" lon="15.0089"><ele>852</ele><time>2000-01-01T14:52:36.000Z</time></trkpt><trkpt lat="46.17666" lon="15.00898"><ele>853.67</ele><time>2000-01-01T14:52:46.000Z</time></trkpt><trkpt lat="46.17659" lon="15.00908"><ele>855.33</ele><time>2000-01-01T14:52:56.000Z</time></trkpt><trkpt lat="46.1764" lon="15.00916"><ele>857</ele><time>2000-01-01T14:53:06.000Z</time></trkpt><trkpt lat="46.1763" lon="15.00916"><ele>859.5</ele><time>2000-01-01T14:53:16.000Z</time></trkpt><trkpt lat="46.17609" lon="15.00914"><ele>862</ele><time>2000-01-01T14:53:26.000Z</time></trkpt><trkpt lat="46.17605" lon="15.00915"><ele>862</ele><time>2000-01-01T14:53:36.000Z</time></trkpt><trkpt lat="46.17603" lon="15.00917"><ele>862</ele><time>2000-01-01T14:53:46.000Z</time></trkpt><trkpt lat="46.17601" lon="15.00921"><ele>862</ele><time>2000-01-01T14:53:56.000Z</time></trkpt><trkpt lat="46.17601" lon="15.00922"><ele>862</ele><time>2000-01-01T14:54:06.000Z</time></trkpt><trkpt lat="46.17601" lon="15.00932"><ele>862</ele><time>2000-01-01T14:54:16.000Z</time></trkpt><trkpt lat="46.17603" lon="15.00931"><ele>862</ele><time>2000-01-01T14:54:26.000Z</time></trkpt><trkpt lat="46.17609" lon="15.00936"><ele>862</ele><time>2000-01-01T14:54:36.000Z</time></trkpt><trkpt lat="46.17614" lon="15.00939"><ele>861</ele><time>2000-01-01T14:54:46.000Z</time></trkpt><trkpt lat="46.17621" lon="15.0094"><ele>860</ele><time>2000-01-01T14:54:56.000Z</time></trkpt><trkpt lat="46.17624" lon="15.00944"><ele>859</ele><time>2000-01-01T14:55:06.000Z</time></trkpt><trkpt lat="46.17631" lon="15.00948"><ele>858</ele><time>2000-01-01T14:55:16.000Z</time></trkpt><trkpt lat="46.17634" lon="15.00952"><ele>857</ele><time>2000-01-01T14:55:26.000Z</time></trkpt><trkpt lat="46.17639" lon="15.00955"><ele>856.5</ele><time>2000-01-01T14:55:36.000Z</time></trkpt><trkpt lat="46.17642" lon="15.00959"><ele>856</ele><time>2000-01-01T14:55:46.000Z</time></trkpt><trkpt lat="46.1765" lon="15.00965"><ele>855.5</ele><time>2000-01-01T14:55:56.000Z</time></trkpt><trkpt lat="46.17658" lon="15.00974"><ele>855</ele><time>2000-01-01T14:56:06.000Z</time></trkpt><trkpt lat="46.17664" lon="15.00977"><ele>853</ele><time>2000-01-01T14:56:16.000Z</time></trkpt><trkpt lat="46.17669" lon="15.00983"><ele>851</ele><time>2000-01-01T14:56:26.000Z</time></trkpt><trkpt lat="46.17674" lon="15.00997"><ele>849</ele><time>2000-01-01T14:56:36.000Z</time></trkpt><trkpt lat="46.17674" lon="15.0101"><ele>847</ele><time>2000-01-01T14:56:46.000Z</time></trkpt><trkpt lat="46.17671" lon="15.01024"><ele>847</ele><time>2000-01-01T14:56:56.000Z</time></trkpt><trkpt lat="46.17668" lon="15.01038"><ele>847</ele><time>2000-01-01T14:57:06.000Z</time></trkpt><trkpt lat="46.17668" lon="15.0104"><ele>847</ele><time>2000-01-01T14:57:16.000Z</time></trkpt><trkpt lat="46.17668" lon="15.01044"><ele>847</ele><time>2000-01-01T14:57:26.000Z</time></trkpt><trkpt lat="46.17668" lon="15.01048"><ele>847</ele><time>2000-01-01T14:57:36.000Z</time></trkpt><trkpt lat="46.17669" lon="15.01064"><ele>848.67</ele><time>2000-01-01T14:57:46.000Z</time></trkpt><trkpt lat="46.17667" lon="15.01077"><ele>850.33</ele><time>2000-01-01T14:57:56.000Z</time></trkpt><trkpt lat="46.17665" lon="15.01084"><ele>852</ele><time>2000-01-01T14:58:06.000Z</time></trkpt><trkpt lat="46.17664" lon="15.01092"><ele>852</ele><time>2000-01-01T14:58:16.000Z</time></trkpt><trkpt lat="46.17663" lon="15.01121"><ele>852</ele><time>2000-01-01T14:58:26.000Z</time></trkpt><trkpt lat="46.17664" lon="15.0113"><ele>851.75</ele><time>2000-01-01T14:58:36.000Z</time></trkpt><trkpt lat="46.17669" lon="15.01139"><ele>851.5</ele><time>2000-01-01T14:58:46.000Z</time></trkpt><trkpt lat="46.17674" lon="15.01143"><ele>851.25</ele><time>2000-01-01T14:58:56.000Z</time></trkpt><trkpt lat="46.17684" lon="15.01158"><ele>851</ele><time>2000-01-01T14:59:06.000Z</time></trkpt><trkpt lat="46.17693" lon="15.01178"><ele>851</ele><time>2000-01-01T14:59:16.000Z</time></trkpt><trkpt lat="46.17696" lon="15.01188"><ele>851</ele><time>2000-01-01T14:59:26.000Z</time></trkpt><trkpt lat="46.17697" lon="15.01196"><ele>851</ele><time>2000-01-01T14:59:36.000Z</time></trkpt><trkpt lat="46.17692" lon="15.01221"><ele>850.67</ele><time>2000-01-01T14:59:46.000Z</time></trkpt><trkpt lat="46.17691" lon="15.01226"><ele>850.33</ele><time>2000-01-01T14:59:56.000Z</time></trkpt><trkpt lat="46.17691" lon="15.01232"><ele>850</ele><time>2000-01-01T15:00:06.000Z</time></trkpt><trkpt lat="46.1769" lon="15.01237"><ele>845.5</ele><time>2000-01-01T15:00:16.000Z</time></trkpt><trkpt lat="46.17671" lon="15.01257"><ele>841</ele><time>2000-01-01T15:00:26.000Z</time></trkpt><trkpt lat="46.17665" lon="15.01271"><ele>841.4</ele><time>2000-01-01T15:00:36.000Z</time></trkpt><trkpt lat="46.17663" lon="15.01274"><ele>841.8</ele><time>2000-01-01T15:00:46.000Z</time></trkpt><trkpt lat="46.17663" lon="15.01278"><ele>842.2</ele><time>2000-01-01T15:00:56.000Z</time></trkpt><trkpt lat="46.17661" lon="15.01286"><ele>842.6</ele><time>2000-01-01T15:01:06.000Z</time></trkpt><trkpt lat="46.1766" lon="15.01291"><ele>843</ele><time>2000-01-01T15:01:16.000Z</time></trkpt><trkpt lat="46.17659" lon="15.01296"><ele>842</ele><time>2000-01-01T15:01:26.000Z</time></trkpt><trkpt lat="46.17655" lon="15.01309"><ele>841</ele><time>2000-01-01T15:01:36.000Z</time></trkpt><trkpt lat="46.17646" lon="15.01316"><ele>840</ele><time>2000-01-01T15:01:46.000Z</time></trkpt><trkpt lat="46.1764" lon="15.01326"><ele>839</ele><time>2000-01-01T15:01:56.000Z</time></trkpt><trkpt lat="46.17626" lon="15.01335"><ele>837</ele><time>2000-01-01T15:02:06.000Z</time></trkpt><trkpt lat="46.17614" lon="15.0134"><ele>835</ele><time>2000-01-01T15:02:16.000Z</time></trkpt><trkpt lat="46.1761" lon="15.01343"><ele>835.4</ele><time>2000-01-01T15:02:26.000Z</time></trkpt><trkpt lat="46.17605" lon="15.0135"><ele>835.8</ele><time>2000-01-01T15:02:36.000Z</time></trkpt><trkpt lat="46.17601" lon="15.01358"><ele>836.2</ele><time>2000-01-01T15:02:46.000Z</time></trkpt><trkpt lat="46.17598" lon="15.0136"><ele>836.6</ele><time>2000-01-01T15:02:56.000Z</time></trkpt><trkpt lat="46.17594" lon="15.01367"><ele>837</ele><time>2000-01-01T15:03:06.000Z</time></trkpt><trkpt lat="46.17589" lon="15.01382"><ele>837.67</ele><time>2000-01-01T15:03:16.000Z</time></trkpt><trkpt lat="46.17587" lon="15.01392"><ele>838.33</ele><time>2000-01-01T15:03:26.000Z</time></trkpt><trkpt lat="46.17586" lon="15.01413"><ele>839</ele><time>2000-01-01T15:03:36.000Z</time></trkpt><trkpt lat="46.17585" lon="15.01416"><ele>839.2</ele><time>2000-01-01T15:03:46.000Z</time></trkpt><trkpt lat="46.17584" lon="15.01421"><ele>839.4</ele><time>2000-01-01T15:03:56.000Z</time></trkpt><trkpt lat="46.17583" lon="15.01432"><ele>839.6</ele><time>2000-01-01T15:04:06.000Z</time></trkpt><trkpt lat="46.17583" lon="15.01441"><ele>839.8</ele><time>2000-01-01T15:04:16.000Z</time></trkpt><trkpt lat="46.17584" lon="15.01449"><ele>840</ele><time>2000-01-01T15:04:26.000Z</time></trkpt><trkpt lat="46.17586" lon="15.01459"><ele>841.6</ele><time>2000-01-01T15:04:36.000Z</time></trkpt><trkpt lat="46.17588" lon="15.01466"><ele>843.2</ele><time>2000-01-01T15:04:46.000Z</time></trkpt><trkpt lat="46.17588" lon="15.01471"><ele>844.8</ele><time>2000-01-01T15:04:56.000Z</time></trkpt><trkpt lat="46.17587" lon="15.01481"><ele>846.4</ele><time>2000-01-01T15:05:06.000Z</time></trkpt><trkpt lat="46.17581" lon="15.01494"><ele>848</ele><time>2000-01-01T15:05:16.000Z</time></trkpt><trkpt lat="46.1758" lon="15.01499"><ele>848.2</ele><time>2000-01-01T15:05:26.000Z</time></trkpt><trkpt lat="46.17579" lon="15.01507"><ele>848.4</ele><time>2000-01-01T15:05:36.000Z</time></trkpt><trkpt lat="46.17581" lon="15.01516"><ele>848.6</ele><time>2000-01-01T15:05:46.000Z</time></trkpt><trkpt lat="46.1758" lon="15.01525"><ele>848.8</ele><time>2000-01-01T15:05:56.000Z</time></trkpt><trkpt lat="46.1758" lon="15.01539"><ele>849</ele><time>2000-01-01T15:06:06.000Z</time></trkpt><trkpt lat="46.1758" lon="15.01542"><ele>849</ele><time>2000-01-01T15:06:16.000Z</time></trkpt><trkpt lat="46.17579" lon="15.01553"><ele>849</ele><time>2000-01-01T15:06:26.000Z</time></trkpt><trkpt lat="46.17582" lon="15.01569"><ele>849</ele><time>2000-01-01T15:06:36.000Z</time></trkpt><trkpt lat="46.17586" lon="15.01581"><ele>849</ele><time>2000-01-01T15:06:46.000Z</time></trkpt><trkpt lat="46.17586" lon="15.01589"><ele>848.25</ele><time>2000-01-01T15:06:56.000Z</time></trkpt><trkpt lat="46.17587" lon="15.01595"><ele>847.5</ele><time>2000-01-01T15:07:06.000Z</time></trkpt><trkpt lat="46.17586" lon="15.01611"><ele>846.75</ele><time>2000-01-01T15:07:16.000Z</time></trkpt><trkpt lat="46.17583" lon="15.01624"><ele>846</ele><time>2000-01-01T15:07:26.000Z</time></trkpt><trkpt lat="46.17567" lon="15.01637"><ele>845</ele><time>2000-01-01T15:07:36.000Z</time></trkpt><trkpt lat="46.17555" lon="15.01643"><ele>844</ele><time>2000-01-01T15:07:46.000Z</time></trkpt><trkpt lat="46.17548" lon="15.01648"><ele>835.5</ele><time>2000-01-01T15:07:56.000Z</time></trkpt><trkpt lat="46.17526" lon="15.01653"><ele>827</ele><time>2000-01-01T15:08:06.000Z</time></trkpt><trkpt lat="46.17516" lon="15.01657"><ele>824.5</ele><time>2000-01-01T15:08:16.000Z</time></trkpt><trkpt lat="46.17489" lon="15.01673"><ele>822</ele><time>2000-01-01T15:08:26.000Z</time></trkpt><trkpt lat="46.17484" lon="15.01676"><ele>822</ele><time>2000-01-01T15:08:36.000Z</time></trkpt><trkpt lat="46.17464" lon="15.01688"><ele>822</ele><time>2000-01-01T15:08:46.000Z</time></trkpt><trkpt lat="46.17447" lon="15.01702"><ele>819.5</ele><time>2000-01-01T15:08:56.000Z</time></trkpt><trkpt lat="46.1744" lon="15.01711"><ele>817</ele><time>2000-01-01T15:09:06.000Z</time></trkpt><trkpt lat="46.17422" lon="15.01726"><ele>818</ele><time>2000-01-01T15:09:16.000Z</time></trkpt><trkpt lat="46.17413" lon="15.01745"><ele>819</ele><time>2000-01-01T15:09:26.000Z</time></trkpt><trkpt lat="46.17413" lon="15.01753"><ele>819.4</ele><time>2000-01-01T15:09:36.000Z</time></trkpt><trkpt lat="46.17414" lon="15.01757"><ele>819.8</ele><time>2000-01-01T15:09:46.000Z</time></trkpt><trkpt lat="46.17416" lon="15.01761"><ele>820.2</ele><time>2000-01-01T15:09:56.000Z</time></trkpt><trkpt lat="46.17418" lon="15.01764"><ele>820.6</ele><time>2000-01-01T15:10:06.000Z</time></trkpt><trkpt lat="46.17444" lon="15.01783"><ele>821</ele><time>2000-01-01T15:10:16.000Z</time></trkpt><trkpt lat="46.17451" lon="15.01793"><ele>820.5</ele><time>2000-01-01T15:10:26.000Z</time></trkpt><trkpt lat="46.17463" lon="15.01813"><ele>820</ele><time>2000-01-01T15:10:36.000Z</time></trkpt><trkpt lat="46.17472" lon="15.01822"><ele>820</ele><time>2000-01-01T15:10:46.000Z</time></trkpt><trkpt lat="46.17485" lon="15.01845"><ele>820</ele><time>2000-01-01T15:10:56.000Z</time></trkpt><trkpt lat="46.1749" lon="15.01856"><ele>819.67</ele><time>2000-01-01T15:11:06.000Z</time></trkpt><trkpt lat="46.17497" lon="15.01868"><ele>819.33</ele><time>2000-01-01T15:11:16.000Z</time></trkpt><trkpt lat="46.17495" lon="15.01884"><ele>819</ele><time>2000-01-01T15:11:26.000Z</time></trkpt><trkpt lat="46.17491" lon="15.01893"><ele>818.75</ele><time>2000-01-01T15:11:36.000Z</time></trkpt><trkpt lat="46.17489" lon="15.01898"><ele>818.5</ele><time>2000-01-01T15:11:46.000Z</time></trkpt><trkpt lat="46.1748" lon="15.0191"><ele>818.25</ele><time>2000-01-01T15:11:56.000Z</time></trkpt><trkpt lat="46.17473" lon="15.01915"><ele>818</ele><time>2000-01-01T15:12:06.000Z</time></trkpt><trkpt lat="46.17464" lon="15.01918"><ele>820.33</ele><time>2000-01-01T15:12:16.000Z</time></trkpt><trkpt lat="46.17455" lon="15.01923"><ele>822.67</ele><time>2000-01-01T15:12:26.000Z</time></trkpt><trkpt lat="46.17447" lon="15.01934"><ele>825</ele><time>2000-01-01T15:12:36.000Z</time></trkpt><trkpt lat="46.17441" lon="15.0194"><ele>824.25</ele><time>2000-01-01T15:12:46.000Z</time></trkpt><trkpt lat="46.17433" lon="15.0195"><ele>823.5</ele><time>2000-01-01T15:12:56.000Z</time></trkpt><trkpt lat="46.17431" lon="15.01951"><ele>822.75</ele><time>2000-01-01T15:13:06.000Z</time></trkpt><trkpt lat="46.17414" lon="15.0196"><ele>822</ele><time>2000-01-01T15:13:16.000Z</time></trkpt><trkpt lat="46.17405" lon="15.01964"><ele>821</ele><time>2000-01-01T15:13:26.000Z</time></trkpt><trkpt lat="46.17395" lon="15.01966"><ele>820</ele><time>2000-01-01T15:13:36.000Z</time></trkpt><trkpt lat="46.17386" lon="15.01965"><ele>819</ele><time>2000-01-01T15:13:46.000Z</time></trkpt><trkpt lat="46.17366" lon="15.01971"><ele>818</ele><time>2000-01-01T15:13:56.000Z</time></trkpt><trkpt lat="46.17357" lon="15.01972"><ele>817</ele><time>2000-01-01T15:14:06.000Z</time></trkpt><trkpt lat="46.17348" lon="15.01977"><ele>816.5</ele><time>2000-01-01T15:14:16.000Z</time></trkpt><trkpt lat="46.17331" lon="15.01992"><ele>816</ele><time>2000-01-01T15:14:26.000Z</time></trkpt><trkpt lat="46.17322" lon="15.01992"><ele>815.33</ele><time>2000-01-01T15:14:36.000Z</time></trkpt><trkpt lat="46.17313" lon="15.01995"><ele>814.67</ele><time>2000-01-01T15:14:46.000Z</time></trkpt><trkpt lat="46.17303" lon="15.01996"><ele>814</ele><time>2000-01-01T15:14:56.000Z</time></trkpt><trkpt lat="46.17294" lon="15.01991"><ele>813.33</ele><time>2000-01-01T15:15:06.000Z</time></trkpt><trkpt lat="46.17285" lon="15.01994"><ele>812.67</ele><time>2000-01-01T15:15:16.000Z</time></trkpt><trkpt lat="46.17275" lon="15.01995"><ele>812</ele><time>2000-01-01T15:15:26.000Z</time></trkpt><trkpt lat="46.17265" lon="15.01994"><ele>812</ele><time>2000-01-01T15:15:36.000Z</time></trkpt><trkpt lat="46.17255" lon="15.01997"><ele>812</ele><time>2000-01-01T15:15:46.000Z</time></trkpt><trkpt lat="46.17245" lon="15.01997"><ele>812</ele><time>2000-01-01T15:15:56.000Z</time></trkpt><trkpt lat="46.17234" lon="15.01994"><ele>813</ele><time>2000-01-01T15:16:06.000Z</time></trkpt><trkpt lat="46.17214" lon="15.01991"><ele>814</ele><time>2000-01-01T15:16:16.000Z</time></trkpt><trkpt lat="46.17205" lon="15.01988"><ele>814.67</ele><time>2000-01-01T15:16:26.000Z</time></trkpt><trkpt lat="46.17194" lon="15.01991"><ele>815.33</ele><time>2000-01-01T15:16:36.000Z</time></trkpt><trkpt lat="46.17176" lon="15.01999"><ele>816</ele><time>2000-01-01T15:16:46.000Z</time></trkpt><trkpt lat="46.17166" lon="15.01998"><ele>816</ele><time>2000-01-01T15:16:56.000Z</time></trkpt><trkpt lat="46.17153" lon="15.01998"><ele>816</ele><time>2000-01-01T15:17:06.000Z</time></trkpt><trkpt lat="46.17132" lon="15.01996"><ele>816</ele><time>2000-01-01T15:17:16.000Z</time></trkpt><trkpt lat="46.17124" lon="15.01997"><ele>812</ele><time>2000-01-01T15:17:26.000Z</time></trkpt><trkpt lat="46.17114" lon="15.01997"><ele>808</ele><time>2000-01-01T15:17:36.000Z</time></trkpt><trkpt lat="46.17106" lon="15.02003"><ele>804</ele><time>2000-01-01T15:17:46.000Z</time></trkpt><trkpt lat="46.17097" lon="15.02006"><ele>800</ele><time>2000-01-01T15:17:56.000Z</time></trkpt><trkpt lat="46.17089" lon="15.02013"><ele>796</ele><time>2000-01-01T15:18:06.000Z</time></trkpt><trkpt lat="46.1707" lon="15.02022"><ele>792</ele><time>2000-01-01T15:18:16.000Z</time></trkpt><trkpt lat="46.1706" lon="15.02023"><ele>788.67</ele><time>2000-01-01T15:18:26.000Z</time></trkpt><trkpt lat="46.17051" lon="15.02027"><ele>785.33</ele><time>2000-01-01T15:18:36.000Z</time></trkpt><trkpt lat="46.17031" lon="15.0203"><ele>782</ele><time>2000-01-01T15:18:46.000Z</time></trkpt><trkpt lat="46.17022" lon="15.0203"><ele>780.75</ele><time>2000-01-01T15:18:56.000Z</time></trkpt><trkpt lat="46.17017" lon="15.02031"><ele>779.5</ele><time>2000-01-01T15:19:06.000Z</time></trkpt><trkpt lat="46.17009" lon="15.02037"><ele>778.25</ele><time>2000-01-01T15:19:16.000Z</time></trkpt><trkpt lat="46.16999" lon="15.02046"><ele>777</ele><time>2000-01-01T15:19:26.000Z</time></trkpt><trkpt lat="46.16978" lon="15.02074"><ele>772</ele><time>2000-01-01T15:19:36.000Z</time></trkpt><trkpt lat="46.16967" lon="15.02082"><ele>766.5</ele><time>2000-01-01T15:19:46.000Z</time></trkpt><trkpt lat="46.16955" lon="15.02091"><ele>761</ele><time>2000-01-01T15:19:56.000Z</time></trkpt><trkpt lat="46.1695" lon="15.02096"><ele>758.67</ele><time>2000-01-01T15:20:06.000Z</time></trkpt><trkpt lat="46.1694" lon="15.02102"><ele>756.33</ele><time>2000-01-01T15:20:16.000Z</time></trkpt><trkpt lat="46.16934" lon="15.02109"><ele>754</ele><time>2000-01-01T15:20:26.000Z</time></trkpt><trkpt lat="46.1693" lon="15.02111"><ele>753</ele><time>2000-01-01T15:20:36.000Z</time></trkpt><trkpt lat="46.16928" lon="15.02114"><ele>752</ele><time>2000-01-01T15:20:46.000Z</time></trkpt><trkpt lat="46.16919" lon="15.0212"><ele>751</ele><time>2000-01-01T15:20:56.000Z</time></trkpt><trkpt lat="46.16918" lon="15.02122"><ele>750</ele><time>2000-01-01T15:21:06.000Z</time></trkpt><trkpt lat="46.16917" lon="15.02125"><ele>749</ele><time>2000-01-01T15:21:16.000Z</time></trkpt><trkpt lat="46.16909" lon="15.02134"><ele>748</ele><time>2000-01-01T15:21:26.000Z</time></trkpt><trkpt lat="46.16903" lon="15.0214"><ele>748</ele><time>2000-01-01T15:21:36.000Z</time></trkpt><trkpt lat="46.16901" lon="15.02143"><ele>748</ele><time>2000-01-01T15:21:46.000Z</time></trkpt><trkpt lat="46.169" lon="15.02147"><ele>748</ele><time>2000-01-01T15:21:56.000Z</time></trkpt><trkpt lat="46.16898" lon="15.02153"><ele>748</ele><time>2000-01-01T15:22:06.000Z</time></trkpt><trkpt lat="46.16887" lon="15.02171"><ele>748</ele><time>2000-01-01T15:22:16.000Z</time></trkpt><trkpt lat="46.16886" lon="15.02175"><ele>747.33</ele><time>2000-01-01T15:22:26.000Z</time></trkpt><trkpt lat="46.16885" lon="15.0218"><ele>746.67</ele><time>2000-01-01T15:22:36.000Z</time></trkpt><trkpt lat="46.16882" lon="15.02186"><ele>746</ele><time>2000-01-01T15:22:46.000Z</time></trkpt><trkpt lat="46.16882" lon="15.02193"><ele>745.33</ele><time>2000-01-01T15:22:56.000Z</time></trkpt><trkpt lat="46.16882" lon="15.02201"><ele>744.67</ele><time>2000-01-01T15:23:06.000Z</time></trkpt><trkpt lat="46.16882" lon="15.0221"><ele>744</ele><time>2000-01-01T15:23:16.000Z</time></trkpt><trkpt lat="46.16883" lon="15.02218"><ele>743.25</ele><time>2000-01-01T15:23:26.000Z</time></trkpt><trkpt lat="46.16883" lon="15.02225"><ele>742.5</ele><time>2000-01-01T15:23:36.000Z</time></trkpt><trkpt lat="46.16881" lon="15.02241"><ele>741.75</ele><time>2000-01-01T15:23:46.000Z</time></trkpt><trkpt lat="46.16879" lon="15.02249"><ele>741</ele><time>2000-01-01T15:23:56.000Z</time></trkpt><trkpt lat="46.16877" lon="15.02253"><ele>740.83</ele><time>2000-01-01T15:24:06.000Z</time></trkpt><trkpt lat="46.16876" lon="15.02261"><ele>740.67</ele><time>2000-01-01T15:24:16.000Z</time></trkpt><trkpt lat="46.16877" lon="15.02266"><ele>740.5</ele><time>2000-01-01T15:24:26.000Z</time></trkpt><trkpt lat="46.16877" lon="15.0227"><ele>740.33</ele><time>2000-01-01T15:24:36.000Z</time></trkpt><trkpt lat="46.16876" lon="15.02274"><ele>740.17</ele><time>2000-01-01T15:24:46.000Z</time></trkpt><trkpt lat="46.16867" lon="15.02293"><ele>740</ele><time>2000-01-01T15:24:56.000Z</time></trkpt><trkpt lat="46.16862" lon="15.02306"><ele>738</ele><time>2000-01-01T15:25:06.000Z</time></trkpt><trkpt lat="46.16849" lon="15.02322"><ele>736</ele><time>2000-01-01T15:25:16.000Z</time></trkpt><trkpt lat="46.16842" lon="15.02335"><ele>734.67</ele><time>2000-01-01T15:25:26.000Z</time></trkpt><trkpt lat="46.16834" lon="15.02346"><ele>733.33</ele><time>2000-01-01T15:25:36.000Z</time></trkpt><trkpt lat="46.16828" lon="15.02356"><ele>732</ele><time>2000-01-01T15:25:46.000Z</time></trkpt><trkpt lat="46.16827" lon="15.02359"><ele>732</ele><time>2000-01-01T15:25:56.000Z</time></trkpt><trkpt lat="46.16827" lon="15.02362"><ele>732</ele><time>2000-01-01T15:26:06.000Z</time></trkpt><trkpt lat="46.16826" lon="15.02365"><ele>732</ele><time>2000-01-01T15:26:16.000Z</time></trkpt><trkpt lat="46.16826" lon="15.02369"><ele>732</ele><time>2000-01-01T15:26:26.000Z</time></trkpt><trkpt lat="46.16827" lon="15.02376"><ele>732</ele><time>2000-01-01T15:26:36.000Z</time></trkpt><trkpt lat="46.1683" lon="15.02381"><ele>732</ele><time>2000-01-01T15:26:46.000Z</time></trkpt><trkpt lat="46.1683" lon="15.02384"><ele>732</ele><time>2000-01-01T15:26:56.000Z</time></trkpt><trkpt lat="46.16832" lon="15.02387"><ele>732</ele><time>2000-01-01T15:27:06.000Z</time></trkpt><trkpt lat="46.16833" lon="15.02395"><ele>732</ele><time>2000-01-01T15:27:16.000Z</time></trkpt><trkpt lat="46.16823" lon="15.02405"><ele>729</ele><time>2000-01-01T15:27:26.000Z</time></trkpt><trkpt lat="46.16817" lon="15.02409"><ele>726</ele><time>2000-01-01T15:27:36.000Z</time></trkpt><trkpt lat="46.16809" lon="15.02421"><ele>723</ele><time>2000-01-01T15:27:46.000Z</time></trkpt><trkpt lat="46.16804" lon="15.02424"><ele>721.25</ele><time>2000-01-01T15:27:56.000Z</time></trkpt><trkpt lat="46.16796" lon="15.02426"><ele>719.5</ele><time>2000-01-01T15:28:06.000Z</time></trkpt><trkpt lat="46.16794" lon="15.02428"><ele>717.75</ele><time>2000-01-01T15:28:16.000Z</time></trkpt><trkpt lat="46.16784" lon="15.02441"><ele>716</ele><time>2000-01-01T15:28:26.000Z</time></trkpt><trkpt lat="46.16781" lon="15.02448"><ele>715.13</ele><time>2000-01-01T15:28:36.000Z</time></trkpt><trkpt lat="46.16778" lon="15.02453"><ele>714.25</ele><time>2000-01-01T15:28:46.000Z</time></trkpt><trkpt lat="46.16777" lon="15.02456"><ele>713.38</ele><time>2000-01-01T15:28:56.000Z</time></trkpt><trkpt lat="46.16777" lon="15.02459"><ele>712.5</ele><time>2000-01-01T15:29:06.000Z</time></trkpt><trkpt lat="46.16776" lon="15.02462"><ele>711.63</ele><time>2000-01-01T15:29:16.000Z</time></trkpt><trkpt lat="46.16776" lon="15.02468"><ele>710.75</ele><time>2000-01-01T15:29:26.000Z</time></trkpt><trkpt lat="46.16778" lon="15.02467"><ele>709.88</ele><time>2000-01-01T15:29:36.000Z</time></trkpt><trkpt lat="46.16781" lon="15.02472"><ele>709</ele><time>2000-01-01T15:29:46.000Z</time></trkpt><trkpt lat="46.16782" lon="15.02475"><ele>708.8</ele><time>2000-01-01T15:29:56.000Z</time></trkpt><trkpt lat="46.16782" lon="15.0248"><ele>708.6</ele><time>2000-01-01T15:30:06.000Z</time></trkpt><trkpt lat="46.16782" lon="15.02489"><ele>708.4</ele><time>2000-01-01T15:30:16.000Z</time></trkpt><trkpt lat="46.16784" lon="15.02504"><ele>708.2</ele><time>2000-01-01T15:30:26.000Z</time></trkpt><trkpt lat="46.16783" lon="15.02514"><ele>708</ele><time>2000-01-01T15:30:36.000Z</time></trkpt><trkpt lat="46.16783" lon="15.02517"><ele>707.29</ele><time>2000-01-01T15:30:46.000Z</time></trkpt><trkpt lat="46.16781" lon="15.02523"><ele>706.57</ele><time>2000-01-01T15:30:56.000Z</time></trkpt><trkpt lat="46.16781" lon="15.02529"><ele>705.86</ele><time>2000-01-01T15:31:06.000Z</time></trkpt><trkpt lat="46.16783" lon="15.0254"><ele>705.14</ele><time>2000-01-01T15:31:16.000Z</time></trkpt><trkpt lat="46.16785" lon="15.02544"><ele>704.43</ele><time>2000-01-01T15:31:26.000Z</time></trkpt><trkpt lat="46.16785" lon="15.02548"><ele>703.71</ele><time>2000-01-01T15:31:36.000Z</time></trkpt><trkpt lat="46.16786" lon="15.02568"><ele>703</ele><time>2000-01-01T15:31:46.000Z</time></trkpt><trkpt lat="46.16788" lon="15.02571"><ele>701.5</ele><time>2000-01-01T15:31:56.000Z</time></trkpt><trkpt lat="46.16789" lon="15.02575"><ele>700</ele><time>2000-01-01T15:32:06.000Z</time></trkpt><trkpt lat="46.1679" lon="15.0258"><ele>698.5</ele><time>2000-01-01T15:32:16.000Z</time></trkpt><trkpt lat="46.1679" lon="15.02585"><ele>697</ele><time>2000-01-01T15:32:26.000Z</time></trkpt><trkpt lat="46.16792" lon="15.02591"><ele>695.5</ele><time>2000-01-01T15:32:36.000Z</time></trkpt><trkpt lat="46.16794" lon="15.02608"><ele>694</ele><time>2000-01-01T15:32:46.000Z</time></trkpt><trkpt lat="46.16798" lon="15.02617"><ele>691.75</ele><time>2000-01-01T15:32:56.000Z</time></trkpt><trkpt lat="46.16797" lon="15.02624"><ele>689.5</ele><time>2000-01-01T15:33:06.000Z</time></trkpt><trkpt lat="46.16798" lon="15.02631"><ele>687.25</ele><time>2000-01-01T15:33:16.000Z</time></trkpt><trkpt lat="46.16798" lon="15.02651"><ele>685</ele><time>2000-01-01T15:33:26.000Z</time></trkpt><trkpt lat="46.16796" lon="15.02665"><ele>681.25</ele><time>2000-01-01T15:33:36.000Z</time></trkpt><trkpt lat="46.16796" lon="15.02672"><ele>677.5</ele><time>2000-01-01T15:33:46.000Z</time></trkpt><trkpt lat="46.16794" lon="15.02683"><ele>673.75</ele><time>2000-01-01T15:33:56.000Z</time></trkpt><trkpt lat="46.16793" lon="15.02691"><ele>670</ele><time>2000-01-01T15:34:06.000Z</time></trkpt><trkpt lat="46.16791" lon="15.02698"><ele>668</ele><time>2000-01-01T15:34:16.000Z</time></trkpt><trkpt lat="46.16789" lon="15.02716"><ele>666</ele><time>2000-01-01T15:34:26.000Z</time></trkpt><trkpt lat="46.16781" lon="15.02736"><ele>664</ele><time>2000-01-01T15:34:36.000Z</time></trkpt><trkpt lat="46.16768" lon="15.02766"><ele>655.5</ele><time>2000-01-01T15:34:46.000Z</time></trkpt><trkpt lat="46.16761" lon="15.02786"><ele>647</ele><time>2000-01-01T15:34:56.000Z</time></trkpt><trkpt lat="46.16754" lon="15.02809"><ele>646.5</ele><time>2000-01-01T15:35:06.000Z</time></trkpt><trkpt lat="46.16753" lon="15.02812"><ele>646</ele><time>2000-01-01T15:35:16.000Z</time></trkpt><trkpt lat="46.16753" lon="15.02819"><ele>645.5</ele><time>2000-01-01T15:35:26.000Z</time></trkpt><trkpt lat="46.16753" lon="15.02825"><ele>645</ele><time>2000-01-01T15:35:36.000Z</time></trkpt><trkpt lat="46.16756" lon="15.02846"><ele>645.5</ele><time>2000-01-01T15:35:46.000Z</time></trkpt><trkpt lat="46.16759" lon="15.02863"><ele>646</ele><time>2000-01-01T15:35:56.000Z</time></trkpt><trkpt lat="46.16761" lon="15.0287"><ele>645.67</ele><time>2000-01-01T15:36:06.000Z</time></trkpt><trkpt lat="46.16766" lon="15.02892"><ele>645.33</ele><time>2000-01-01T15:36:16.000Z</time></trkpt><trkpt lat="46.16772" lon="15.02905"><ele>645</ele><time>2000-01-01T15:36:26.000Z</time></trkpt><trkpt lat="46.1678" lon="15.0292"><ele>644.67</ele><time>2000-01-01T15:36:36.000Z</time></trkpt><trkpt lat="46.16783" lon="15.02924"><ele>644.33</ele><time>2000-01-01T15:36:46.000Z</time></trkpt><trkpt lat="46.16802" lon="15.02957"><ele>644</ele><time>2000-01-01T15:36:56.000Z</time></trkpt><trkpt lat="46.16815" lon="15.02981"><ele>643.5</ele><time>2000-01-01T15:37:06.000Z</time></trkpt><trkpt lat="46.16824" lon="15.03005"><ele>643</ele><time>2000-01-01T15:37:16.000Z</time></trkpt><trkpt lat="46.16827" lon="15.03013"><ele>641.6</ele><time>2000-01-01T15:37:26.000Z</time></trkpt><trkpt lat="46.16829" lon="15.0302"><ele>640.2</ele><time>2000-01-01T15:37:36.000Z</time></trkpt><trkpt lat="46.16832" lon="15.03027"><ele>638.8</ele><time>2000-01-01T15:37:46.000Z</time></trkpt><trkpt lat="46.16834" lon="15.03034"><ele>637.4</ele><time>2000-01-01T15:37:56.000Z</time></trkpt><trkpt lat="46.16838" lon="15.0304"><ele>636</ele><time>2000-01-01T15:38:06.000Z</time></trkpt><trkpt lat="46.16841" lon="15.03049"><ele>633</ele><time>2000-01-01T15:38:16.000Z</time></trkpt><trkpt lat="46.16844" lon="15.03053"><ele>630</ele><time>2000-01-01T15:38:26.000Z</time></trkpt><trkpt lat="46.16847" lon="15.03059"><ele>627</ele><time>2000-01-01T15:38:36.000Z</time></trkpt><trkpt lat="46.16855" lon="15.03079"><ele>624</ele><time>2000-01-01T15:38:46.000Z</time></trkpt><trkpt lat="46.16873" lon="15.031"><ele>623</ele><time>2000-01-01T15:38:56.000Z</time></trkpt><trkpt lat="46.16875" lon="15.03102"><ele>622</ele><time>2000-01-01T15:39:06.000Z</time></trkpt><trkpt lat="46.16877" lon="15.03101"><ele>621.6</ele><time>2000-01-01T15:39:16.000Z</time></trkpt><trkpt lat="46.1688" lon="15.03103"><ele>621.2</ele><time>2000-01-01T15:39:26.000Z</time></trkpt><trkpt lat="46.16888" lon="15.03108"><ele>620.8</ele><time>2000-01-01T15:39:36.000Z</time></trkpt><trkpt lat="46.16897" lon="15.03112"><ele>620.4</ele><time>2000-01-01T15:39:46.000Z</time></trkpt><trkpt lat="46.16905" lon="15.03119"><ele>620</ele><time>2000-01-01T15:39:56.000Z</time></trkpt><trkpt lat="46.16911" lon="15.03123"><ele>618.4</ele><time>2000-01-01T15:40:06.000Z</time></trkpt><trkpt lat="46.16909" lon="15.03126"><ele>616.8</ele><time>2000-01-01T15:40:16.000Z</time></trkpt><trkpt lat="46.16899" lon="15.03132"><ele>615.2</ele><time>2000-01-01T15:40:26.000Z</time></trkpt><trkpt lat="46.16897" lon="15.03134"><ele>613.6</ele><time>2000-01-01T15:40:36.000Z</time></trkpt><trkpt lat="46.16892" lon="15.03137"><ele>612</ele><time>2000-01-01T15:40:46.000Z</time></trkpt><trkpt lat="46.1688" lon="15.03137"><ele>611.67</ele><time>2000-01-01T15:40:56.000Z</time></trkpt><trkpt lat="46.16876" lon="15.03138"><ele>611.33</ele><time>2000-01-01T15:41:06.000Z</time></trkpt><trkpt lat="46.16861" lon="15.03134"><ele>611</ele><time>2000-01-01T15:41:16.000Z</time></trkpt><trkpt lat="46.16854" lon="15.0313"><ele>611</ele><time>2000-01-01T15:41:26.000Z</time></trkpt><trkpt lat="46.16835" lon="15.03116"><ele>611</ele><time>2000-01-01T15:41:36.000Z</time></trkpt><trkpt lat="46.16827" lon="15.03112"><ele>611</ele><time>2000-01-01T15:41:46.000Z</time></trkpt><trkpt lat="46.16815" lon="15.03098"><ele>611</ele><time>2000-01-01T15:41:56.000Z</time></trkpt><trkpt lat="46.1681" lon="15.03095"><ele>611</ele><time>2000-01-01T15:42:06.000Z</time></trkpt><trkpt lat="46.16807" lon="15.03093"><ele>611</ele><time>2000-01-01T15:42:16.000Z</time></trkpt><trkpt lat="46.16803" lon="15.03089"><ele>611</ele><time>2000-01-01T15:42:26.000Z</time></trkpt><trkpt lat="46.16796" lon="15.03079"><ele>611</ele><time>2000-01-01T15:42:36.000Z</time></trkpt><trkpt lat="46.16794" lon="15.03078"><ele>611</ele><time>2000-01-01T15:42:46.000Z</time></trkpt><trkpt lat="46.16792" lon="15.03076"><ele>611</ele><time>2000-01-01T15:42:56.000Z</time></trkpt><trkpt lat="46.1679" lon="15.03073"><ele>611</ele><time>2000-01-01T15:43:06.000Z</time></trkpt><trkpt lat="46.16784" lon="15.03065"><ele>611.75</ele><time>2000-01-01T15:43:16.000Z</time></trkpt><trkpt lat="46.16782" lon="15.03062"><ele>612.5</ele><time>2000-01-01T15:43:26.000Z</time></trkpt><trkpt lat="46.16774" lon="15.03052"><ele>613.25</ele><time>2000-01-01T15:43:36.000Z</time></trkpt><trkpt lat="46.16769" lon="15.03042"><ele>614</ele><time>2000-01-01T15:43:46.000Z</time></trkpt><trkpt lat="46.16767" lon="15.03039"><ele>613.6</ele><time>2000-01-01T15:43:56.000Z</time></trkpt><trkpt lat="46.16764" lon="15.03034"><ele>613.2</ele><time>2000-01-01T15:44:06.000Z</time></trkpt><trkpt lat="46.1676" lon="15.0303"><ele>612.8</ele><time>2000-01-01T15:44:16.000Z</time></trkpt><trkpt lat="46.16758" lon="15.03025"><ele>612.4</ele><time>2000-01-01T15:44:26.000Z</time></trkpt><trkpt lat="46.1675" lon="15.03017"><ele>612</ele><time>2000-01-01T15:44:36.000Z</time></trkpt><trkpt lat="46.16747" lon="15.03012"><ele>611.83</ele><time>2000-01-01T15:44:46.000Z</time></trkpt><trkpt lat="46.16744" lon="15.03011"><ele>611.67</ele><time>2000-01-01T15:44:56.000Z</time></trkpt><trkpt lat="46.1674" lon="15.03009"><ele>611.5</ele><time>2000-01-01T15:45:06.000Z</time></trkpt><trkpt lat="46.16735" lon="15.0301"><ele>611.33</ele><time>2000-01-01T15:45:16.000Z</time></trkpt><trkpt lat="46.1673" lon="15.03012"><ele>611.17</ele><time>2000-01-01T15:45:26.000Z</time></trkpt><trkpt lat="46.16726" lon="15.03015"><ele>611</ele><time>2000-01-01T15:45:36.000Z</time></trkpt><trkpt lat="46.16719" lon="15.03024"><ele>608.5</ele><time>2000-01-01T15:45:46.000Z</time></trkpt><trkpt lat="46.16702" lon="15.03034"><ele>606</ele><time>2000-01-01T15:45:56.000Z</time></trkpt><trkpt lat="46.16696" lon="15.03035"><ele>606.67</ele><time>2000-01-01T15:46:06.000Z</time></trkpt><trkpt lat="46.16687" lon="15.03035"><ele>607.33</ele><time>2000-01-01T15:46:16.000Z</time></trkpt><trkpt lat="46.16674" lon="15.03031"><ele>608</ele><time>2000-01-01T15:46:26.000Z</time></trkpt><trkpt lat="46.16651" lon="15.03026"><ele>609</ele><time>2000-01-01T15:46:36.000Z</time></trkpt><trkpt lat="46.16641" lon="15.03023"><ele>610</ele><time>2000-01-01T15:46:46.000Z</time></trkpt><trkpt lat="46.16628" lon="15.03012"><ele>612.33</ele><time>2000-01-01T15:46:56.000Z</time></trkpt><trkpt lat="46.1662" lon="15.03005"><ele>614.67</ele><time>2000-01-01T15:47:06.000Z</time></trkpt><trkpt lat="46.16615" lon="15.03002"><ele>617</ele><time>2000-01-01T15:47:16.000Z</time></trkpt><trkpt lat="46.16609" lon="15.02996"><ele>617</ele><time>2000-01-01T15:47:26.000Z</time></trkpt><trkpt lat="46.16599" lon="15.0299"><ele>617</ele><time>2000-01-01T15:47:36.000Z</time></trkpt><trkpt lat="46.16597" lon="15.02991"><ele>617</ele><time>2000-01-01T15:47:46.000Z</time></trkpt><trkpt lat="46.16596" lon="15.02992"><ele>617</ele><time>2000-01-01T15:47:56.000Z</time></trkpt><trkpt lat="46.16592" lon="15.02998"><ele>617</ele><time>2000-01-01T15:48:06.000Z</time></trkpt><trkpt lat="46.16588" lon="15.03008"><ele>617.5</ele><time>2000-01-01T15:48:16.000Z</time></trkpt><trkpt lat="46.16581" lon="15.03031"><ele>618</ele><time>2000-01-01T15:48:26.000Z</time></trkpt><trkpt lat="46.16577" lon="15.03051"><ele>619</ele><time>2000-01-01T15:48:36.000Z</time></trkpt><trkpt lat="46.16574" lon="15.03059"><ele>620</ele><time>2000-01-01T15:48:46.000Z</time></trkpt><trkpt lat="46.16569" lon="15.03073"><ele>621</ele><time>2000-01-01T15:48:56.000Z</time></trkpt><trkpt lat="46.16562" lon="15.031"><ele>621.33</ele><time>2000-01-01T15:49:06.000Z</time></trkpt><trkpt lat="46.16562" lon="15.03107"><ele>621.67</ele><time>2000-01-01T15:49:16.000Z</time></trkpt><trkpt lat="46.16561" lon="15.03116"><ele>622</ele><time>2000-01-01T15:49:26.000Z</time></trkpt><trkpt lat="46.16558" lon="15.03134"><ele>623</ele><time>2000-01-01T15:49:36.000Z</time></trkpt><trkpt lat="46.16557" lon="15.03158"><ele>624</ele><time>2000-01-01T15:49:46.000Z</time></trkpt><trkpt lat="46.16559" lon="15.03169"><ele>623.2</ele><time>2000-01-01T15:49:56.000Z</time></trkpt><trkpt lat="46.16558" lon="15.03182"><ele>622.4</ele><time>2000-01-01T15:50:06.000Z</time></trkpt><trkpt lat="46.16557" lon="15.03186"><ele>621.6</ele><time>2000-01-01T15:50:16.000Z</time></trkpt><trkpt lat="46.16557" lon="15.03192"><ele>620.8</ele><time>2000-01-01T15:50:26.000Z</time></trkpt><trkpt lat="46.16556" lon="15.03207"><ele>620</ele><time>2000-01-01T15:50:36.000Z</time></trkpt><trkpt lat="46.16556" lon="15.0322"><ele>620.75</ele><time>2000-01-01T15:50:46.000Z</time></trkpt><trkpt lat="46.16555" lon="15.03227"><ele>621.5</ele><time>2000-01-01T15:50:56.000Z</time></trkpt><trkpt lat="46.16555" lon="15.03239"><ele>622.25</ele><time>2000-01-01T15:51:06.000Z</time></trkpt><trkpt lat="46.16556" lon="15.03243"><ele>623</ele><time>2000-01-01T15:51:16.000Z</time></trkpt><trkpt lat="46.16555" lon="15.03252"><ele>622.6</ele><time>2000-01-01T15:51:26.000Z</time></trkpt><trkpt lat="46.16554" lon="15.03258"><ele>622.2</ele><time>2000-01-01T15:51:36.000Z</time></trkpt><trkpt lat="46.16553" lon="15.03269"><ele>621.8</ele><time>2000-01-01T15:51:46.000Z</time></trkpt><trkpt lat="46.16552" lon="15.03273"><ele>621.4</ele><time>2000-01-01T15:51:56.000Z</time></trkpt><trkpt lat="46.16546" lon="15.03292"><ele>621</ele><time>2000-01-01T15:52:06.000Z</time></trkpt><trkpt lat="46.16541" lon="15.03304"><ele>620.33</ele><time>2000-01-01T15:52:16.000Z</time></trkpt><trkpt lat="46.16542" lon="15.03318"><ele>619.67</ele><time>2000-01-01T15:52:26.000Z</time></trkpt><trkpt lat="46.16547" lon="15.03329"><ele>619</ele><time>2000-01-01T15:52:36.000Z</time></trkpt><trkpt lat="46.16554" lon="15.03339"><ele>612</ele><time>2000-01-01T15:52:46.000Z</time></trkpt><trkpt lat="46.16557" lon="15.03367"><ele>605</ele><time>2000-01-01T15:52:56.000Z</time></trkpt><trkpt lat="46.16562" lon="15.03377"><ele>601.75</ele><time>2000-01-01T15:53:06.000Z</time></trkpt><trkpt lat="46.16563" lon="15.03384"><ele>598.5</ele><time>2000-01-01T15:53:16.000Z</time></trkpt><trkpt lat="46.16565" lon="15.03394"><ele>595.25</ele><time>2000-01-01T15:53:26.000Z</time></trkpt><trkpt lat="46.16564" lon="15.03406"><ele>592</ele><time>2000-01-01T15:53:36.000Z</time></trkpt><trkpt lat="46.1656" lon="15.03432"><ele>593.33</ele><time>2000-01-01T15:53:46.000Z</time></trkpt><trkpt lat="46.16559" lon="15.03436"><ele>594.67</ele><time>2000-01-01T15:53:56.000Z</time></trkpt><trkpt lat="46.16556" lon="15.03446"><ele>596</ele><time>2000-01-01T15:54:06.000Z</time></trkpt><trkpt lat="46.16555" lon="15.03453"><ele>595.67</ele><time>2000-01-01T15:54:16.000Z</time></trkpt><trkpt lat="46.16553" lon="15.03458"><ele>595.33</ele><time>2000-01-01T15:54:26.000Z</time></trkpt><trkpt lat="46.16553" lon="15.03461"><ele>595</ele><time>2000-01-01T15:54:36.000Z</time></trkpt><trkpt lat="46.1655" lon="15.03469"><ele>594.67</ele><time>2000-01-01T15:54:46.000Z</time></trkpt><trkpt lat="46.16549" lon="15.03477"><ele>594.33</ele><time>2000-01-01T15:54:56.000Z</time></trkpt><trkpt lat="46.16549" lon="15.0348"><ele>594</ele><time>2000-01-01T15:55:06.000Z</time></trkpt><trkpt lat="46.16547" lon="15.03494"><ele>593.67</ele><time>2000-01-01T15:55:16.000Z</time></trkpt><trkpt lat="46.16542" lon="15.03505"><ele>593.33</ele><time>2000-01-01T15:55:26.000Z</time></trkpt><trkpt lat="46.16541" lon="15.03522"><ele>593</ele><time>2000-01-01T15:55:36.000Z</time></trkpt><trkpt lat="46.16539" lon="15.03527"><ele>591.75</ele><time>2000-01-01T15:55:46.000Z</time></trkpt><trkpt lat="46.16534" lon="15.0354"><ele>590.5</ele><time>2000-01-01T15:55:56.000Z</time></trkpt><trkpt lat="46.1653" lon="15.03551"><ele>589.25</ele><time>2000-01-01T15:56:06.000Z</time></trkpt><trkpt lat="46.16527" lon="15.03568"><ele>588</ele><time>2000-01-01T15:56:16.000Z</time></trkpt><trkpt lat="46.16525" lon="15.03579"><ele>585.75</ele><time>2000-01-01T15:56:26.000Z</time></trkpt><trkpt lat="46.16522" lon="15.03591"><ele>583.5</ele><time>2000-01-01T15:56:36.000Z</time></trkpt><trkpt lat="46.16521" lon="15.03601"><ele>581.25</ele><time>2000-01-01T15:56:46.000Z</time></trkpt><trkpt lat="46.16519" lon="15.03604"><ele>579</ele><time>2000-01-01T15:56:56.000Z</time></trkpt><trkpt lat="46.16517" lon="15.03612"><ele>579.5</ele><time>2000-01-01T15:57:06.000Z</time></trkpt><trkpt lat="46.16515" lon="15.03615"><ele>580</ele><time>2000-01-01T15:57:16.000Z</time></trkpt><trkpt lat="46.16515" lon="15.03618"><ele>580.5</ele><time>2000-01-01T15:57:26.000Z</time></trkpt><trkpt lat="46.16514" lon="15.03622"><ele>581</ele><time>2000-01-01T15:57:36.000Z</time></trkpt><trkpt lat="46.16506" lon="15.03633"><ele>581.5</ele><time>2000-01-01T15:57:46.000Z</time></trkpt><trkpt lat="46.16503" lon="15.03641"><ele>582</ele><time>2000-01-01T15:57:56.000Z</time></trkpt><trkpt lat="46.165" lon="15.03646"><ele>581</ele><time>2000-01-01T15:58:06.000Z</time></trkpt><trkpt lat="46.16498" lon="15.0365"><ele>580</ele><time>2000-01-01T15:58:16.000Z</time></trkpt><trkpt lat="46.16494" lon="15.03653"><ele>579</ele><time>2000-01-01T15:58:26.000Z</time></trkpt><trkpt lat="46.16486" lon="15.0367"><ele>578</ele><time>2000-01-01T15:58:36.000Z</time></trkpt><trkpt lat="46.16478" lon="15.03685"><ele>578.5</ele><time>2000-01-01T15:58:46.000Z</time></trkpt><trkpt lat="46.16466" lon="15.03716"><ele>579</ele><time>2000-01-01T15:58:56.000Z</time></trkpt><trkpt lat="46.16462" lon="15.03728"><ele>577</ele><time>2000-01-01T15:59:06.000Z</time></trkpt><trkpt lat="46.16452" lon="15.03751"><ele>575</ele><time>2000-01-01T15:59:16.000Z</time></trkpt><trkpt lat="46.16447" lon="15.0376"><ele>574.57</ele><time>2000-01-01T15:59:26.000Z</time></trkpt><trkpt lat="46.16446" lon="15.03763"><ele>574.14</ele><time>2000-01-01T15:59:36.000Z</time></trkpt><trkpt lat="46.16445" lon="15.03766"><ele>573.71</ele><time>2000-01-01T15:59:46.000Z</time></trkpt><trkpt lat="46.16443" lon="15.03768"><ele>573.29</ele><time>2000-01-01T15:59:56.000Z</time></trkpt><trkpt lat="46.16442" lon="15.03771"><ele>572.86</ele><time>2000-01-01T16:00:06.000Z</time></trkpt><trkpt lat="46.16441" lon="15.03777"><ele>572.43</ele><time>2000-01-01T16:00:16.000Z</time></trkpt><trkpt lat="46.16442" lon="15.03784"><ele>572</ele><time>2000-01-01T16:00:26.000Z</time></trkpt><trkpt lat="46.16442" lon="15.03787"><ele>571.13</ele><time>2000-01-01T16:00:36.000Z</time></trkpt><trkpt lat="46.16444" lon="15.03791"><ele>570.25</ele><time>2000-01-01T16:00:46.000Z</time></trkpt><trkpt lat="46.16444" lon="15.03794"><ele>569.38</ele><time>2000-01-01T16:00:56.000Z</time></trkpt><trkpt lat="46.16442" lon="15.038"><ele>568.5</ele><time>2000-01-01T16:01:06.000Z</time></trkpt><trkpt lat="46.16442" lon="15.03803"><ele>567.63</ele><time>2000-01-01T16:01:16.000Z</time></trkpt><trkpt lat="46.16442" lon="15.03811"><ele>566.75</ele><time>2000-01-01T16:01:26.000Z</time></trkpt><trkpt lat="46.16441" lon="15.03816"><ele>565.88</ele><time>2000-01-01T16:01:36.000Z</time></trkpt><trkpt lat="46.16439" lon="15.03819"><ele>565</ele><time>2000-01-01T16:01:46.000Z</time></trkpt><trkpt lat="46.16429" lon="15.03823"><ele>561</ele><time>2000-01-01T16:01:56.000Z</time></trkpt><trkpt lat="46.16425" lon="15.03827"><ele>557</ele><time>2000-01-01T16:02:06.000Z</time></trkpt><trkpt lat="46.16416" lon="15.03835"><ele>553</ele><time>2000-01-01T16:02:16.000Z</time></trkpt><trkpt lat="46.16398" lon="15.03852"><ele>552.5</ele><time>2000-01-01T16:02:26.000Z</time></trkpt><trkpt lat="46.16381" lon="15.0386"><ele>552</ele><time>2000-01-01T16:02:36.000Z</time></trkpt><trkpt lat="46.16373" lon="15.03864"><ele>551.67</ele><time>2000-01-01T16:02:46.000Z</time></trkpt><trkpt lat="46.16363" lon="15.03876"><ele>551.33</ele><time>2000-01-01T16:02:56.000Z</time></trkpt><trkpt lat="46.16359" lon="15.03882"><ele>551</ele><time>2000-01-01T16:03:06.000Z</time></trkpt><trkpt lat="46.16357" lon="15.0389"><ele>547.8</ele><time>2000-01-01T16:03:16.000Z</time></trkpt><trkpt lat="46.16356" lon="15.039"><ele>544.6</ele><time>2000-01-01T16:03:26.000Z</time></trkpt><trkpt lat="46.16355" lon="15.03903"><ele>541.4</ele><time>2000-01-01T16:03:36.000Z</time></trkpt><trkpt lat="46.16354" lon="15.03913"><ele>538.2</ele><time>2000-01-01T16:03:46.000Z</time></trkpt><trkpt lat="46.16351" lon="15.03922"><ele>535</ele><time>2000-01-01T16:03:56.000Z</time></trkpt><trkpt lat="46.1635" lon="15.03925"><ele>534.6</ele><time>2000-01-01T16:04:06.000Z</time></trkpt><trkpt lat="46.16348" lon="15.03928"><ele>534.2</ele><time>2000-01-01T16:04:16.000Z</time></trkpt><trkpt lat="46.16342" lon="15.03938"><ele>533.8</ele><time>2000-01-01T16:04:26.000Z</time></trkpt><trkpt lat="46.16339" lon="15.0394"><ele>533.4</ele><time>2000-01-01T16:04:36.000Z</time></trkpt><trkpt lat="46.16332" lon="15.03942"><ele>533</ele><time>2000-01-01T16:04:46.000Z</time></trkpt><trkpt lat="46.16328" lon="15.03947"><ele>532.67</ele><time>2000-01-01T16:04:56.000Z</time></trkpt><trkpt lat="46.16317" lon="15.03953"><ele>532.33</ele><time>2000-01-01T16:05:06.000Z</time></trkpt><trkpt lat="46.16309" lon="15.03957"><ele>532</ele><time>2000-01-01T16:05:16.000Z</time></trkpt><trkpt lat="46.16307" lon="15.03958"><ele>529.88</ele><time>2000-01-01T16:05:26.000Z</time></trkpt><trkpt lat="46.16303" lon="15.03957"><ele>527.75</ele><time>2000-01-01T16:05:36.000Z</time></trkpt><trkpt lat="46.163" lon="15.03958"><ele>525.63</ele><time>2000-01-01T16:05:46.000Z</time></trkpt><trkpt lat="46.16297" lon="15.03961"><ele>523.5</ele><time>2000-01-01T16:05:56.000Z</time></trkpt><trkpt lat="46.16294" lon="15.03966"><ele>521.38</ele><time>2000-01-01T16:06:06.000Z</time></trkpt><trkpt lat="46.16294" lon="15.03969"><ele>519.25</ele><time>2000-01-01T16:06:16.000Z</time></trkpt><trkpt lat="46.16292" lon="15.03972"><ele>517.13</ele><time>2000-01-01T16:06:26.000Z</time></trkpt><trkpt lat="46.16287" lon="15.03973"><ele>515</ele><time>2000-01-01T16:06:36.000Z</time></trkpt><trkpt lat="46.16279" lon="15.03972"><ele>512</ele><time>2000-01-01T16:06:46.000Z</time></trkpt><trkpt lat="46.1627" lon="15.03968"><ele>509</ele><time>2000-01-01T16:06:56.000Z</time></trkpt><trkpt lat="46.16261" lon="15.03962"><ele>506</ele><time>2000-01-01T16:07:06.000Z</time></trkpt><trkpt lat="46.1625" lon="15.03958"><ele>505</ele><time>2000-01-01T16:07:16.000Z</time></trkpt><trkpt lat="46.16245" lon="15.03955"><ele>504</ele><time>2000-01-01T16:07:26.000Z</time></trkpt><trkpt lat="46.1624" lon="15.03954"><ele>503</ele><time>2000-01-01T16:07:36.000Z</time></trkpt><trkpt lat="46.16236" lon="15.03954"><ele>502</ele><time>2000-01-01T16:07:46.000Z</time></trkpt><trkpt lat="46.16232" lon="15.03956"><ele>499.5</ele><time>2000-01-01T16:07:56.000Z</time></trkpt><trkpt lat="46.16223" lon="15.03956"><ele>497</ele><time>2000-01-01T16:08:06.000Z</time></trkpt><trkpt lat="46.16218" lon="15.03954"><ele>494.5</ele><time>2000-01-01T16:08:16.000Z</time></trkpt><trkpt lat="46.16209" lon="15.03954"><ele>492</ele><time>2000-01-01T16:08:26.000Z</time></trkpt><trkpt lat="46.16205" lon="15.03955"><ele>488.75</ele><time>2000-01-01T16:08:36.000Z</time></trkpt><trkpt lat="46.16196" lon="15.03961"><ele>485.5</ele><time>2000-01-01T16:08:46.000Z</time></trkpt><trkpt lat="46.16191" lon="15.03963"><ele>482.25</ele><time>2000-01-01T16:08:56.000Z</time></trkpt><trkpt lat="46.16183" lon="15.03963"><ele>479</ele><time>2000-01-01T16:09:06.000Z</time></trkpt><trkpt lat="46.16171" lon="15.03961"><ele>477.5</ele><time>2000-01-01T16:09:16.000Z</time></trkpt><trkpt lat="46.16149" lon="15.03954"><ele>476</ele><time>2000-01-01T16:09:26.000Z</time></trkpt><trkpt lat="46.16145" lon="15.03954"><ele>476</ele><time>2000-01-01T16:09:36.000Z</time></trkpt><trkpt lat="46.16139" lon="15.03965"><ele>476</ele><time>2000-01-01T16:09:46.000Z</time></trkpt><trkpt lat="46.16135" lon="15.0397"><ele>476</ele><time>2000-01-01T16:09:56.000Z</time></trkpt><trkpt lat="46.1613" lon="15.03981"><ele>476</ele><time>2000-01-01T16:10:06.000Z</time></trkpt><trkpt lat="46.16121" lon="15.03999"><ele>473.67</ele><time>2000-01-01T16:10:16.000Z</time></trkpt><trkpt lat="46.16118" lon="15.04008"><ele>471.33</ele><time>2000-01-01T16:10:26.000Z</time></trkpt><trkpt lat="46.16107" lon="15.04021"><ele>469</ele><time>2000-01-01T16:10:36.000Z</time></trkpt><trkpt lat="46.16103" lon="15.04024"><ele>469</ele><time>2000-01-01T16:10:46.000Z</time></trkpt><trkpt lat="46.16098" lon="15.04029"><ele>469</ele><time>2000-01-01T16:10:56.000Z</time></trkpt><trkpt lat="46.16097" lon="15.04031"><ele>469</ele><time>2000-01-01T16:11:06.000Z</time></trkpt><trkpt lat="46.16098" lon="15.04038"><ele>469</ele><time>2000-01-01T16:11:16.000Z</time></trkpt><trkpt lat="46.161" lon="15.04044"><ele>469</ele><time>2000-01-01T16:11:26.000Z</time></trkpt><trkpt lat="46.16102" lon="15.04054"><ele>469</ele><time>2000-01-01T16:11:36.000Z</time></trkpt><trkpt lat="46.16104" lon="15.04058"><ele>468.5</ele><time>2000-01-01T16:11:46.000Z</time></trkpt><trkpt lat="46.16118" lon="15.04084"><ele>468</ele><time>2000-01-01T16:11:56.000Z</time></trkpt><trkpt lat="46.16127" lon="15.04104"><ele>468.67</ele><time>2000-01-01T16:12:06.000Z</time></trkpt><trkpt lat="46.16128" lon="15.04115"><ele>469.33</ele><time>2000-01-01T16:12:16.000Z</time></trkpt><trkpt lat="46.1613" lon="15.04123"><ele>470</ele><time>2000-01-01T16:12:26.000Z</time></trkpt><trkpt lat="46.16132" lon="15.04127"><ele>469.5</ele><time>2000-01-01T16:12:36.000Z</time></trkpt><trkpt lat="46.16139" lon="15.04135"><ele>469</ele><time>2000-01-01T16:12:46.000Z</time></trkpt><trkpt lat="46.16143" lon="15.04148"><ele>468.5</ele><time>2000-01-01T16:12:56.000Z</time></trkpt><trkpt lat="46.16145" lon="15.04162"><ele>468</ele><time>2000-01-01T16:13:06.000Z</time></trkpt><trkpt lat="46.16149" lon="15.04174"><ele>467</ele><time>2000-01-01T16:13:16.000Z</time></trkpt><trkpt lat="46.16172" lon="15.04199"><ele>466</ele><time>2000-01-01T16:13:26.000Z</time></trkpt><trkpt lat="46.16181" lon="15.04202"><ele>464</ele><time>2000-01-01T16:13:36.000Z</time></trkpt><trkpt lat="46.16185" lon="15.04208"><ele>462</ele><time>2000-01-01T16:13:46.000Z</time></trkpt><trkpt lat="46.1619" lon="15.0422"><ele>460</ele><time>2000-01-01T16:13:56.000Z</time></trkpt><trkpt lat="46.16191" lon="15.04236"><ele>458</ele><time>2000-01-01T16:14:06.000Z</time></trkpt><trkpt lat="46.16189" lon="15.04244"><ele>458</ele><time>2000-01-01T16:14:16.000Z</time></trkpt><trkpt lat="46.16191" lon="15.04249"><ele>458</ele><time>2000-01-01T16:14:26.000Z</time></trkpt><trkpt lat="46.16193" lon="15.0425"><ele>458</ele><time>2000-01-01T16:14:36.000Z</time></trkpt><trkpt lat="46.16195" lon="15.04256"><ele>458</ele><time>2000-01-01T16:14:46.000Z</time></trkpt><trkpt lat="46.16197" lon="15.04259"><ele>458</ele><time>2000-01-01T16:14:56.000Z</time></trkpt><trkpt lat="46.16197" lon="15.04263"><ele>458</ele><time>2000-01-01T16:15:06.000Z</time></trkpt><trkpt lat="46.16195" lon="15.04267"><ele>458</ele><time>2000-01-01T16:15:16.000Z</time></trkpt><trkpt lat="46.16194" lon="15.0427"><ele>461</ele><time>2000-01-01T16:15:26.000Z</time></trkpt><trkpt lat="46.16193" lon="15.04273"><ele>464</ele><time>2000-01-01T16:15:36.000Z</time></trkpt><trkpt lat="46.1619" lon="15.04281"><ele>467</ele><time>2000-01-01T16:15:46.000Z</time></trkpt><trkpt lat="46.16184" lon="15.04291"><ele>470</ele><time>2000-01-01T16:15:56.000Z</time></trkpt><trkpt lat="46.16181" lon="15.04297"><ele>473</ele><time>2000-01-01T16:16:06.000Z</time></trkpt><trkpt lat="46.1618" lon="15.04307"><ele>473</ele><time>2000-01-01T16:16:16.000Z</time></trkpt><trkpt lat="46.16179" lon="15.04311"><ele>473</ele><time>2000-01-01T16:16:26.000Z</time></trkpt><trkpt lat="46.16179" lon="15.04314"><ele>473</ele><time>2000-01-01T16:16:36.000Z</time></trkpt><trkpt lat="46.16179" lon="15.04317"><ele>473</ele><time>2000-01-01T16:16:46.000Z</time></trkpt><trkpt lat="46.16179" lon="15.04321"><ele>473</ele><time>2000-01-01T16:16:56.000Z</time></trkpt><trkpt lat="46.16182" lon="15.04334"><ele>473</ele><time>2000-01-01T16:17:06.000Z</time></trkpt><trkpt lat="46.16188" lon="15.04345"><ele>466.67</ele><time>2000-01-01T16:17:16.000Z</time></trkpt><trkpt lat="46.16193" lon="15.04358"><ele>460.33</ele><time>2000-01-01T16:17:26.000Z</time></trkpt><trkpt lat="46.16195" lon="15.04371"><ele>454</ele><time>2000-01-01T16:17:36.000Z</time></trkpt><trkpt lat="46.16192" lon="15.04384"><ele>455.33</ele><time>2000-01-01T16:17:46.000Z</time></trkpt><trkpt lat="46.16194" lon="15.04396"><ele>456.67</ele><time>2000-01-01T16:17:56.000Z</time></trkpt><trkpt lat="46.16193" lon="15.04425"><ele>458</ele><time>2000-01-01T16:18:06.000Z</time></trkpt><trkpt lat="46.16189" lon="15.04438"><ele>457.67</ele><time>2000-01-01T16:18:16.000Z</time></trkpt><trkpt lat="46.16186" lon="15.04447"><ele>457.33</ele><time>2000-01-01T16:18:26.000Z</time></trkpt><trkpt lat="46.16183" lon="15.04458"><ele>457</ele><time>2000-01-01T16:18:36.000Z</time></trkpt><trkpt lat="46.16179" lon="15.04469"><ele>458.33</ele><time>2000-01-01T16:18:46.000Z</time></trkpt><trkpt lat="46.16173" lon="15.04475"><ele>459.67</ele><time>2000-01-01T16:18:56.000Z</time></trkpt><trkpt lat="46.16164" lon="15.04487"><ele>461</ele><time>2000-01-01T16:19:06.000Z</time></trkpt><trkpt lat="46.16157" lon="15.04493"><ele>460.75</ele><time>2000-01-01T16:19:16.000Z</time></trkpt><trkpt lat="46.16155" lon="15.04496"><ele>460.5</ele><time>2000-01-01T16:19:26.000Z</time></trkpt><trkpt lat="46.1615" lon="15.04505"><ele>460.25</ele><time>2000-01-01T16:19:36.000Z</time></trkpt><trkpt lat="46.16146" lon="15.04512"><ele>460</ele><time>2000-01-01T16:19:46.000Z</time></trkpt><trkpt lat="46.16146" lon="15.04516"><ele>459.8</ele><time>2000-01-01T16:19:56.000Z</time></trkpt><trkpt lat="46.16147" lon="15.04524"><ele>459.6</ele><time>2000-01-01T16:20:06.000Z</time></trkpt><trkpt lat="46.1615" lon="15.04532"><ele>459.4</ele><time>2000-01-01T16:20:16.000Z</time></trkpt><trkpt lat="46.16155" lon="15.04544"><ele>459.2</ele><time>2000-01-01T16:20:26.000Z</time></trkpt><trkpt lat="46.16154" lon="15.04546"><ele>459</ele><time>2000-01-01T16:20:36.000Z</time></trkpt><trkpt lat="46.16156" lon="15.04561"><ele>452.67</ele><time>2000-01-01T16:20:46.000Z</time></trkpt><trkpt lat="46.16155" lon="15.04571"><ele>446.33</ele><time>2000-01-01T16:20:56.000Z</time></trkpt><trkpt lat="46.16163" lon="15.0458"><ele>440</ele><time>2000-01-01T16:21:06.000Z</time></trkpt><trkpt lat="46.1617" lon="15.04593"><ele>440</ele><time>2000-01-01T16:21:16.000Z</time></trkpt><trkpt lat="46.16177" lon="15.04602"><ele>440</ele><time>2000-01-01T16:21:26.000Z</time></trkpt><trkpt lat="46.16185" lon="15.04609"><ele>440</ele><time>2000-01-01T16:21:36.000Z</time></trkpt><trkpt lat="46.16193" lon="15.04618"><ele>426.5</ele><time>2000-01-01T16:21:46.000Z</time></trkpt><trkpt lat="46.16213" lon="15.04629"><ele>413</ele><time>2000-01-01T16:21:56.000Z</time></trkpt><trkpt lat="46.16218" lon="15.04636"><ele>407.33</ele><time>2000-01-01T16:22:06.000Z</time></trkpt><trkpt lat="46.16227" lon="15.04644"><ele>401.67</ele><time>2000-01-01T16:22:16.000Z</time></trkpt><trkpt lat="46.16245" lon="15.04657"><ele>396</ele><time>2000-01-01T16:22:26.000Z</time></trkpt><trkpt lat="46.16252" lon="15.04666"><ele>395.75</ele><time>2000-01-01T16:22:36.000Z</time></trkpt><trkpt lat="46.16258" lon="15.04677"><ele>395.5</ele><time>2000-01-01T16:22:46.000Z</time></trkpt><trkpt lat="46.16254" lon="15.04683"><ele>395.25</ele><time>2000-01-01T16:22:56.000Z</time></trkpt><trkpt lat="46.16253" lon="15.04691"><ele>395</ele><time>2000-01-01T16:23:06.000Z</time></trkpt><trkpt lat="46.1626" lon="15.04696"><ele>393.33</ele><time>2000-01-01T16:23:16.000Z</time></trkpt><trkpt lat="46.16267" lon="15.04706"><ele>391.67</ele><time>2000-01-01T16:23:26.000Z</time></trkpt><trkpt lat="46.16271" lon="15.04718"><ele>390</ele><time>2000-01-01T16:23:36.000Z</time></trkpt><trkpt lat="46.16284" lon="15.0474"><ele>388</ele><time>2000-01-01T16:23:46.000Z</time></trkpt><trkpt lat="46.16288" lon="15.04767"><ele>386</ele><time>2000-01-01T16:23:56.000Z</time></trkpt><trkpt lat="46.16293" lon="15.0478"><ele>384.67</ele><time>2000-01-01T16:24:06.000Z</time></trkpt><trkpt lat="46.16287" lon="15.04789"><ele>383.33</ele><time>2000-01-01T16:24:16.000Z</time></trkpt><trkpt lat="46.16286" lon="15.04799"><ele>382</ele><time>2000-01-01T16:24:26.000Z</time></trkpt><trkpt lat="46.16284" lon="15.0481"><ele>381.33</ele><time>2000-01-01T16:24:36.000Z</time></trkpt><trkpt lat="46.16276" lon="15.0482"><ele>380.67</ele><time>2000-01-01T16:24:46.000Z</time></trkpt><trkpt lat="46.16271" lon="15.04832"><ele>380</ele><time>2000-01-01T16:24:56.000Z</time></trkpt><trkpt lat="46.16267" lon="15.04839"><ele>379.83</ele><time>2000-01-01T16:25:06.000Z</time></trkpt><trkpt lat="46.16267" lon="15.04845"><ele>379.67</ele><time>2000-01-01T16:25:16.000Z</time></trkpt><trkpt lat="46.16265" lon="15.04848"><ele>379.5</ele><time>2000-01-01T16:25:26.000Z</time></trkpt><trkpt lat="46.16264" lon="15.04858"><ele>379.33</ele><time>2000-01-01T16:25:36.000Z</time></trkpt><trkpt lat="46.16264" lon="15.04862"><ele>379.17</ele><time>2000-01-01T16:25:46.000Z</time></trkpt><trkpt lat="46.16264" lon="15.04867"><ele>379</ele><time>2000-01-01T16:25:56.000Z</time></trkpt><trkpt lat="46.16266" lon="15.04875"><ele>377.5</ele><time>2000-01-01T16:26:06.000Z</time></trkpt><trkpt lat="46.16268" lon="15.04884"><ele>376</ele><time>2000-01-01T16:26:16.000Z</time></trkpt><trkpt lat="46.16268" lon="15.04887"><ele>374.5</ele><time>2000-01-01T16:26:26.000Z</time></trkpt><trkpt lat="46.16268" lon="15.04894"><ele>373</ele><time>2000-01-01T16:26:36.000Z</time></trkpt><trkpt lat="46.16269" lon="15.04901"><ele>371.5</ele><time>2000-01-01T16:26:46.000Z</time></trkpt><trkpt lat="46.16268" lon="15.04905"><ele>370</ele><time>2000-01-01T16:26:56.000Z</time></trkpt><trkpt lat="46.16268" lon="15.0492"><ele>367</ele><time>2000-01-01T16:27:06.000Z</time></trkpt><trkpt lat="46.16262" lon="15.0493"><ele>364</ele><time>2000-01-01T16:27:16.000Z</time></trkpt><trkpt lat="46.1626" lon="15.04936"><ele>361</ele><time>2000-01-01T16:27:26.000Z</time></trkpt><trkpt lat="46.1626" lon="15.04938"><ele>358</ele><time>2000-01-01T16:27:36.000Z</time></trkpt><trkpt lat="46.16263" lon="15.04948"><ele>350.75</ele><time>2000-01-01T16:27:46.000Z</time></trkpt><trkpt lat="46.16262" lon="15.04953"><ele>343.5</ele><time>2000-01-01T16:27:56.000Z</time></trkpt><trkpt lat="46.16258" lon="15.04965"><ele>336.25</ele><time>2000-01-01T16:28:06.000Z</time></trkpt><trkpt lat="46.16256" lon="15.04979"><ele>329</ele><time>2000-01-01T16:28:16.000Z</time></trkpt><trkpt lat="46.16256" lon="15.04992"><ele>328.5</ele><time>2000-01-01T16:28:26.000Z</time></trkpt><trkpt lat="46.16257" lon="15.04995"><ele>328</ele><time>2000-01-01T16:28:36.000Z</time></trkpt><trkpt lat="46.16252" lon="15.05012"><ele>327.5</ele><time>2000-01-01T16:28:46.000Z</time></trkpt><trkpt lat="46.16242" lon="15.05034"><ele>327</ele><time>2000-01-01T16:28:56.000Z</time></trkpt><trkpt lat="46.16237" lon="15.0505"><ele>326.5</ele><time>2000-01-01T16:29:06.000Z</time></trkpt><trkpt lat="46.16236" lon="15.05057"><ele>326</ele><time>2000-01-01T16:29:16.000Z</time></trkpt><trkpt lat="46.16235" lon="15.05059"><ele>325.5</ele><time>2000-01-01T16:29:26.000Z</time></trkpt><trkpt lat="46.1623" lon="15.05068"><ele>325</ele><time>2000-01-01T16:29:36.000Z</time></trkpt><trkpt lat="46.16219" lon="15.05081"><ele>323.33</ele><time>2000-01-01T16:29:46.000Z</time></trkpt><trkpt lat="46.16213" lon="15.05089"><ele>321.67</ele><time>2000-01-01T16:29:56.000Z</time></trkpt><trkpt lat="46.16208" lon="15.05093"><ele>320</ele><time>2000-01-01T16:30:06.000Z</time></trkpt><trkpt lat="46.16204" lon="15.05099"><ele>317</ele><time>2000-01-01T16:30:16.000Z</time></trkpt><trkpt lat="46.16192" lon="15.05112"><ele>314</ele><time>2000-01-01T16:30:26.000Z</time></trkpt><trkpt lat="46.16172" lon="15.05133"><ele>311</ele><time>2000-01-01T16:30:36.000Z</time></trkpt><trkpt lat="46.16164" lon="15.05143"><ele>307</ele><time>2000-01-01T16:30:46.000Z</time></trkpt><trkpt lat="46.16148" lon="15.05163"><ele>303</ele><time>2000-01-01T16:30:56.000Z</time></trkpt><trkpt lat="46.16143" lon="15.05168"><ele>302</ele><time>2000-01-01T16:31:06.000Z</time></trkpt><trkpt lat="46.16134" lon="15.05186"><ele>301</ele><time>2000-01-01T16:31:16.000Z</time></trkpt><trkpt lat="46.16127" lon="15.05197"><ele>300</ele><time>2000-01-01T16:31:26.000Z</time></trkpt><trkpt lat="46.16124" lon="15.05205"><ele>299</ele><time>2000-01-01T16:31:36.000Z</time></trkpt><trkpt lat="46.16121" lon="15.05216"><ele>298</ele><time>2000-01-01T16:31:46.000Z</time></trkpt><trkpt lat="46.16121" lon="15.05219"><ele>297</ele><time>2000-01-01T16:31:56.000Z</time></trkpt><trkpt lat="46.1612" lon="15.05223"><ele>296</ele><time>2000-01-01T16:32:06.000Z</time></trkpt><trkpt lat="46.1612" lon="15.05227"><ele>295</ele><time>2000-01-01T16:32:16.000Z</time></trkpt><trkpt lat="46.16125" lon="15.05243"><ele>294</ele><time>2000-01-01T16:32:26.000Z</time></trkpt><trkpt lat="46.1613" lon="15.05251"><ele>293.86</ele><time>2000-01-01T16:32:36.000Z</time></trkpt><trkpt lat="46.16131" lon="15.05254"><ele>293.71</ele><time>2000-01-01T16:32:46.000Z</time></trkpt><trkpt lat="46.16131" lon="15.05257"><ele>293.57</ele><time>2000-01-01T16:32:56.000Z</time></trkpt><trkpt lat="46.16132" lon="15.05263"><ele>293.43</ele><time>2000-01-01T16:33:06.000Z</time></trkpt><trkpt lat="46.16134" lon="15.05268"><ele>293.29</ele><time>2000-01-01T16:33:16.000Z</time></trkpt><trkpt lat="46.16134" lon="15.05274"><ele>293.14</ele><time>2000-01-01T16:33:26.000Z</time></trkpt><trkpt lat="46.16135" lon="15.05275"><ele>293</ele><time>2000-01-01T16:33:36.000Z</time></trkpt><trkpt lat="46.16103" lon="15.05293"><ele>293</ele><time>2000-01-01T16:33:46.000Z</time></trkpt><trkpt lat="46.1608" lon="15.05308"><ele>295</ele><time>2000-01-01T16:33:56.000Z</time></trkpt><trkpt lat="46.16054" lon="15.05326"><ele>297</ele><time>2000-01-01T16:34:06.000Z</time></trkpt><trkpt lat="46.16063" lon="15.05353"><ele>299.5</ele><time>2000-01-01T16:34:16.000Z</time></trkpt><trkpt lat="46.16074" lon="15.05386"><ele>302</ele><time>2000-01-01T16:34:26.000Z</time></trkpt></trkseg></trk></gpx>