<?xml version="1.0"?>
<gpx xmlns="http://www.topografix.com/GPX/1/1" xmlns:xsi="http://www.w3.org/2001/XMLSchema-instance" version="1.1" creator="AllTrails.com" xsi:schemaLocation="http://www.topografix.com/GPX/1/1 http://www.topografix.com/GPX/1/1/gpx.xsd">
  <metadata>
    <name><![CDATA[Berkmandlc Trail 27km]]></name>
    <desc><![CDATA[]]></desc>
    <link href="http://www.alltrails.com">
      <text>AllTrails, LLC</text>
    </link>
    <bounds minlat="45.96879" minlon="13.95351" maxlat="46.02135" maxlon="14.03489"/>
  </metadata>
  <trk>
    <name><![CDATA[Berkmandlc Trail 27km]]></name>
    <src>AllTrails</src>
    <trkseg>
      <trkpt lat="46.00086" lon="14.0223">
        <ele>333.23</ele>
      </trkpt>
      <trkpt lat="46.00085" lon="14.01999">
        <ele>341.36</ele>
      </trkpt>
      <trkpt lat="46.00063" lon="14.01979">
        <ele>341.0</ele>
      </trkpt>
      <trkpt lat="45.9999" lon="14.02082">
        <ele>342.1</ele>
      </trkpt>
      <trkpt lat="45.99964" lon="14.02189">
        <ele>339.35</ele>
      </trkpt>
      <trkpt lat="45.99974" lon="14.02258">
        <ele>340.11</ele>
      </trkpt>
      <trkpt lat="45.9998" lon="14.0228">
        <ele>340.3</ele>
      </trkpt>
      <trkpt lat="46.00018" lon="14.02317">
        <ele>344.62</ele>
      </trkpt>
      <trkpt lat="46.00041" lon="14.02368">
        <ele>347.05</ele>
      </trkpt>
      <trkpt lat="46.00063" lon="14.02476">
        <ele>343.89</ele>
      </trkpt>
      <trkpt lat="46.00062" lon="14.02588">
        <ele>356.03</ele>
      </trkpt>
      <trkpt lat="46.00062" lon="14.02649">
        <ele>358.24</ele>
      </trkpt>
      <trkpt lat="46.00058" lon="14.02758">
        <ele>354.8</ele>
      </trkpt>
      <trkpt lat="46.00023" lon="14.02872">
        <ele>341.91</ele>
      </trkpt>
      <trkpt lat="46.00017" lon="14.02924">
        <ele>338.5</ele>
      </trkpt>
      <trkpt lat="46.0001" lon="14.03045">
        <ele>336.64</ele>
      </trkpt>
      <trkpt lat="46.00008" lon="14.03054">
        <ele>337.16</ele>
      </trkpt>
      <trkpt lat="45.99988" lon="14.03099">
        <ele>337.47</ele>
      </trkpt>
      <trkpt lat="45.99973" lon="14.03122">
        <ele>336.5</ele>
      </trkpt>
      <trkpt lat="45.99962" lon="14.03128">
        <ele>337.93</ele>
      </trkpt>
      <trkpt lat="45.99939" lon="14.03134">
        <ele>342.68</ele>
      </trkpt>
      <trkpt lat="45.99926" lon="14.0314">
        <ele>345.78</ele>
      </trkpt>
      <trkpt lat="45.9992" lon="14.03147">
        <ele>346.65</ele>
      </trkpt>
      <trkpt lat="45.99907" lon="14.03167">
        <ele>344.92</ele>
      </trkpt>
      <trkpt lat="45.99891" lon="14.03183">
        <ele>343.51</ele>
      </trkpt>
      <trkpt lat="45.99875" lon="14.03202">
        <ele>343.96</ele>
      </trkpt>
      <trkpt lat="45.9987" lon="14.03209">
        <ele>343.62</ele>
      </trkpt>
      <trkpt lat="45.99871" lon="14.0321">
        <ele>343.07</ele>
      </trkpt>
      <trkpt lat="45.99872" lon="14.03209">
        <ele>343.0</ele>
      </trkpt>
      <trkpt lat="45.99873" lon="14.03211">
        <ele>342.18</ele>
      </trkpt>
      <trkpt lat="45.99873" lon="14.03208">
        <ele>342.95</ele>
      </trkpt>
      <trkpt lat="45.99871" lon="14.03211">
        <ele>342.82</ele>
      </trkpt>
      <trkpt lat="45.99873" lon="14.03212">
        <ele>341.92</ele>
      </trkpt>
      <trkpt lat="45.99874" lon="14.0321">
        <ele>342.12</ele>
      </trkpt>
      <trkpt lat="45.99873" lon="14.03203">
        <ele>344.23</ele>
      </trkpt>
      <trkpt lat="45.99873" lon="14.03202">
        <ele>344.49</ele>
      </trkpt>
      <trkpt lat="45.99871" lon="14.03202">
        <ele>345.02</ele>
      </trkpt>
      <trkpt lat="45.99864" lon="14.0321">
        <ele>345.28</ele>
      </trkpt>
      <trkpt lat="45.99856" lon="14.03213">
        <ele>347.25</ele>
      </trkpt>
      <trkpt lat="45.99853" lon="14.0322">
        <ele>347.0</ele>
      </trkpt>
      <trkpt lat="45.99837" lon="14.03267">
        <ele>344.04</ele>
      </trkpt>
      <trkpt lat="45.99833" lon="14.03276">
        <ele>343.49</ele>
      </trkpt>
      <trkpt lat="45.99826" lon="14.03284">
        <ele>343.64</ele>
      </trkpt>
      <trkpt lat="45.99821" lon="14.03287">
        <ele>344.49</ele>
      </trkpt>
      <trkpt lat="45.99812" lon="14.03288">
        <ele>347.25</ele>
      </trkpt>
      <trkpt lat="45.99787" lon="14.03278">
        <ele>353.28</ele>
      </trkpt>
      <trkpt lat="45.99776" lon="14.03281">
        <ele>353.06</ele>
      </trkpt>
      <trkpt lat="45.99766" lon="14.03282">
        <ele>352.09</ele>
      </trkpt>
      <trkpt lat="45.99727" lon="14.03277">
        <ele>354.73</ele>
      </trkpt>
      <trkpt lat="45.99713" lon="14.03272">
        <ele>355.27</ele>
      </trkpt>
      <trkpt lat="45.99686" lon="14.03259">
        <ele>354.51</ele>
      </trkpt>
      <trkpt lat="45.99624" lon="14.03248">
        <ele>363.69</ele>
      </trkpt>
      <trkpt lat="45.99611" lon="14.03249">
        <ele>366.53</ele>
      </trkpt>
      <trkpt lat="45.99598" lon="14.03252">
        <ele>367.54</ele>
      </trkpt>
      <trkpt lat="45.99585" lon="14.03251">
        <ele>370.93</ele>
      </trkpt>
      <trkpt lat="45.99544" lon="14.0326">
        <ele>364.98</ele>
      </trkpt>
      <trkpt lat="45.99524" lon="14.0327">
        <ele>360.61</ele>
      </trkpt>
      <trkpt lat="45.99515" lon="14.03277">
        <ele>359.63</ele>
      </trkpt>
      <trkpt lat="45.99474" lon="14.03277">
        <ele>359.23</ele>
      </trkpt>
      <trkpt lat="45.99447" lon="14.03272">
        <ele>368.38</ele>
      </trkpt>
      <trkpt lat="45.99431" lon="14.03271">
        <ele>370.06</ele>
      </trkpt>
      <trkpt lat="45.99424" lon="14.03272">
        <ele>370.16</ele>
      </trkpt>
      <trkpt lat="45.99409" lon="14.0328">
        <ele>365.4</ele>
      </trkpt>
      <trkpt lat="45.99391" lon="14.03302">
        <ele>350.45</ele>
      </trkpt>
      <trkpt lat="45.99379" lon="14.03311">
        <ele>346.89</ele>
      </trkpt>
      <trkpt lat="45.99374" lon="14.03313">
        <ele>346.68</ele>
      </trkpt>
      <trkpt lat="45.99349" lon="14.03314">
        <ele>349.58</ele>
      </trkpt>
      <trkpt lat="45.99331" lon="14.03318">
        <ele>352.24</ele>
      </trkpt>
      <trkpt lat="45.99321" lon="14.03322">
        <ele>355.25</ele>
      </trkpt>
      <trkpt lat="45.99309" lon="14.03329">
        <ele>357.97</ele>
      </trkpt>
      <trkpt lat="45.99303" lon="14.03337">
        <ele>357.7</ele>
      </trkpt>
      <trkpt lat="45.99295" lon="14.03358">
        <ele>353.64</ele>
      </trkpt>
      <trkpt lat="45.99278" lon="14.03385">
        <ele>352.16</ele>
      </trkpt>
      <trkpt lat="45.99269" lon="14.03397">
        <ele>353.93</ele>
      </trkpt>
      <trkpt lat="45.99251" lon="14.03412">
        <ele>358.22</ele>
      </trkpt>
      <trkpt lat="45.99196" lon="14.03466">
        <ele>346.31</ele>
      </trkpt>
      <trkpt lat="45.99178" lon="14.03474">
        <ele>344.42</ele>
      </trkpt>
      <trkpt lat="45.99146" lon="14.03484">
        <ele>342.06</ele>
      </trkpt>
      <trkpt lat="45.99118" lon="14.03489">
        <ele>337.21</ele>
      </trkpt>
      <trkpt lat="45.991" lon="14.03485">
        <ele>336.78</ele>
      </trkpt>
      <trkpt lat="45.99085" lon="14.03478">
        <ele>336.71</ele>
      </trkpt>
      <trkpt lat="45.99079" lon="14.03472">
        <ele>336.23</ele>
      </trkpt>
      <trkpt lat="45.99076" lon="14.03465">
        <ele>335.87</ele>
      </trkpt>
      <trkpt lat="45.99076" lon="14.03452">
        <ele>336.22</ele>
      </trkpt>
      <trkpt lat="45.99079" lon="14.03439">
        <ele>337.43</ele>
      </trkpt>
      <trkpt lat="45.99089" lon="14.03405">
        <ele>343.21</ele>
      </trkpt>
      <trkpt lat="45.99093" lon="14.03372">
        <ele>351.27</ele>
      </trkpt>
      <trkpt lat="45.99087" lon="14.03346">
        <ele>353.58</ele>
      </trkpt>
      <trkpt lat="45.99071" lon="14.03299">
        <ele>363.3</ele>
      </trkpt>
      <trkpt lat="45.99054" lon="14.03261">
        <ele>360.86</ele>
      </trkpt>
      <trkpt lat="45.99029" lon="14.03217">
        <ele>364.53</ele>
      </trkpt>
      <trkpt lat="45.99019" lon="14.03194">
        <ele>366.88</ele>
      </trkpt>
      <trkpt lat="45.9899" lon="14.03156">
        <ele>364.28</ele>
      </trkpt>
      <trkpt lat="45.98984" lon="14.03146">
        <ele>362.84</ele>
      </trkpt>
      <trkpt lat="45.98977" lon="14.03131">
        <ele>361.17</ele>
      </trkpt>
      <trkpt lat="45.98969" lon="14.03104">
        <ele>361.18</ele>
      </trkpt>
      <trkpt lat="45.98962" lon="14.03095">
        <ele>360.53</ele>
      </trkpt>
      <trkpt lat="45.98948" lon="14.03086">
        <ele>357.72</ele>
      </trkpt>
      <trkpt lat="45.98938" lon="14.03082">
        <ele>356.56</ele>
      </trkpt>
      <trkpt lat="45.98925" lon="14.03081">
        <ele>355.38</ele>
      </trkpt>
      <trkpt lat="45.98907" lon="14.03081">
        <ele>354.56</ele>
      </trkpt>
      <trkpt lat="45.98892" lon="14.03079">
        <ele>355.21</ele>
      </trkpt>
      <trkpt lat="45.98873" lon="14.03062">
        <ele>363.27</ele>
      </trkpt>
      <trkpt lat="45.98815" lon="14.03071">
        <ele>361.33</ele>
      </trkpt>
      <trkpt lat="45.98798" lon="14.0306">
        <ele>361.0</ele>
      </trkpt>
      <trkpt lat="45.98776" lon="14.03053">
        <ele>359.41</ele>
      </trkpt>
      <trkpt lat="45.98769" lon="14.03041">
        <ele>361.9</ele>
      </trkpt>
      <trkpt lat="45.98749" lon="14.03044">
        <ele>358.66</ele>
      </trkpt>
      <trkpt lat="45.9872" lon="14.03042">
        <ele>344.95</ele>
      </trkpt>
      <trkpt lat="45.98703" lon="14.03023">
        <ele>342.42</ele>
      </trkpt>
      <trkpt lat="45.98687" lon="14.03002">
        <ele>342.25</ele>
      </trkpt>
      <trkpt lat="45.98669" lon="14.02967">
        <ele>343.2</ele>
      </trkpt>
      <trkpt lat="45.98655" lon="14.0293">
        <ele>342.25</ele>
      </trkpt>
      <trkpt lat="45.98629" lon="14.02906">
        <ele>339.62</ele>
      </trkpt>
      <trkpt lat="45.98614" lon="14.02861">
        <ele>344.75</ele>
      </trkpt>
      <trkpt lat="45.98603" lon="14.0284">
        <ele>345.99</ele>
      </trkpt>
      <trkpt lat="45.98597" lon="14.02831">
        <ele>347.7</ele>
      </trkpt>
      <trkpt lat="45.98585" lon="14.02819">
        <ele>351.04</ele>
      </trkpt>
      <trkpt lat="45.98534" lon="14.02784">
        <ele>363.31</ele>
      </trkpt>
      <trkpt lat="45.98512" lon="14.02765">
        <ele>367.21</ele>
      </trkpt>
      <trkpt lat="45.98498" lon="14.02757">
        <ele>367.51</ele>
      </trkpt>
      <trkpt lat="45.9848" lon="14.02752">
        <ele>370.1</ele>
      </trkpt>
      <trkpt lat="45.98448" lon="14.02749">
        <ele>373.01</ele>
      </trkpt>
      <trkpt lat="45.98426" lon="14.02744">
        <ele>374.41</ele>
      </trkpt>
      <trkpt lat="45.98363" lon="14.02738">
        <ele>365.61</ele>
      </trkpt>
      <trkpt lat="45.98324" lon="14.02725">
        <ele>360.68</ele>
      </trkpt>
      <trkpt lat="45.983" lon="14.02715">
        <ele>356.48</ele>
      </trkpt>
      <trkpt lat="45.98287" lon="14.02717">
        <ele>356.08</ele>
      </trkpt>
      <trkpt lat="45.98281" lon="14.02709">
        <ele>357.33</ele>
      </trkpt>
      <trkpt lat="45.98274" lon="14.02703">
        <ele>358.32</ele>
      </trkpt>
      <trkpt lat="45.98234" lon="14.02675">
        <ele>361.88</ele>
      </trkpt>
      <trkpt lat="45.98224" lon="14.02653">
        <ele>366.57</ele>
      </trkpt>
      <trkpt lat="45.98202" lon="14.02626">
        <ele>369.13</ele>
      </trkpt>
      <trkpt lat="45.98187" lon="14.02603">
        <ele>369.73</ele>
      </trkpt>
      <trkpt lat="45.9817" lon="14.02589">
        <ele>364.26</ele>
      </trkpt>
      <trkpt lat="45.98131" lon="14.02531">
        <ele>352.13</ele>
      </trkpt>
      <trkpt lat="45.98101" lon="14.02464">
        <ele>359.69</ele>
      </trkpt>
      <trkpt lat="45.98087" lon="14.02413">
        <ele>372.4</ele>
      </trkpt>
      <trkpt lat="45.98052" lon="14.0235">
        <ele>385.81</ele>
      </trkpt>
      <trkpt lat="45.98024" lon="14.02325">
        <ele>395.04</ele>
      </trkpt>
      <trkpt lat="45.97994" lon="14.02302">
        <ele>409.31</ele>
      </trkpt>
      <trkpt lat="45.97968" lon="14.02288">
        <ele>409.65</ele>
      </trkpt>
      <trkpt lat="45.97939" lon="14.02283">
        <ele>409.49</ele>
      </trkpt>
      <trkpt lat="45.97917" lon="14.02269">
        <ele>410.62</ele>
      </trkpt>
      <trkpt lat="45.97903" lon="14.02246">
        <ele>411.06</ele>
      </trkpt>
      <trkpt lat="45.97889" lon="14.02239">
        <ele>408.61</ele>
      </trkpt>
      <trkpt lat="45.97862" lon="14.02235">
        <ele>412.74</ele>
      </trkpt>
      <trkpt lat="45.97847" lon="14.02228">
        <ele>414.41</ele>
      </trkpt>
      <trkpt lat="45.97826" lon="14.02228">
        <ele>409.86</ele>
      </trkpt>
      <trkpt lat="45.97806" lon="14.02223">
        <ele>400.99</ele>
      </trkpt>
      <trkpt lat="45.9779" lon="14.02198">
        <ele>397.69</ele>
      </trkpt>
      <trkpt lat="45.97778" lon="14.02185">
        <ele>395.28</ele>
      </trkpt>
      <trkpt lat="45.97761" lon="14.02173">
        <ele>391.54</ele>
      </trkpt>
      <trkpt lat="45.97749" lon="14.02136">
        <ele>407.07</ele>
      </trkpt>
      <trkpt lat="45.97732" lon="14.02125">
        <ele>418.5</ele>
      </trkpt>
      <trkpt lat="45.97712" lon="14.02116">
        <ele>421.53</ele>
      </trkpt>
      <trkpt lat="45.97699" lon="14.02102">
        <ele>427.32</ele>
      </trkpt>
      <trkpt lat="45.9767" lon="14.02082">
        <ele>428.22</ele>
      </trkpt>
      <trkpt lat="45.97657" lon="14.02079">
        <ele>419.23</ele>
      </trkpt>
      <trkpt lat="45.97652" lon="14.02074">
        <ele>418.52</ele>
      </trkpt>
      <trkpt lat="45.97642" lon="14.02071">
        <ele>411.97</ele>
      </trkpt>
      <trkpt lat="45.97626" lon="14.02058">
        <ele>411.71</ele>
      </trkpt>
      <trkpt lat="45.97603" lon="14.02057">
        <ele>398.11</ele>
      </trkpt>
      <trkpt lat="45.97584" lon="14.02041">
        <ele>398.97</ele>
      </trkpt>
      <trkpt lat="45.97533" lon="14.02013">
        <ele>387.19</ele>
      </trkpt>
      <trkpt lat="45.97513" lon="14.01981">
        <ele>396.08</ele>
      </trkpt>
      <trkpt lat="45.97488" lon="14.0196">
        <ele>390.77</ele>
      </trkpt>
      <trkpt lat="45.9747" lon="14.01939">
        <ele>388.41</ele>
      </trkpt>
      <trkpt lat="45.97446" lon="14.0192">
        <ele>386.67</ele>
      </trkpt>
      <trkpt lat="45.97401" lon="14.01839">
        <ele>412.63</ele>
      </trkpt>
      <trkpt lat="45.97367" lon="14.01801">
        <ele>423.95</ele>
      </trkpt>
      <trkpt lat="45.97352" lon="14.01782">
        <ele>427.16</ele>
      </trkpt>
      <trkpt lat="45.97344" lon="14.01767">
        <ele>433.4</ele>
      </trkpt>
      <trkpt lat="45.97334" lon="14.01751">
        <ele>441.44</ele>
      </trkpt>
      <trkpt lat="45.97321" lon="14.01741">
        <ele>435.53</ele>
      </trkpt>
      <trkpt lat="45.97305" lon="14.01733">
        <ele>428.45</ele>
      </trkpt>
      <trkpt lat="45.97294" lon="14.01722">
        <ele>429.26</ele>
      </trkpt>
      <trkpt lat="45.97281" lon="14.017">
        <ele>429.49</ele>
      </trkpt>
      <trkpt lat="45.97273" lon="14.01692">
        <ele>428.38</ele>
      </trkpt>
      <trkpt lat="45.97267" lon="14.0168">
        <ele>431.27</ele>
      </trkpt>
      <trkpt lat="45.97261" lon="14.01666">
        <ele>434.24</ele>
      </trkpt>
      <trkpt lat="45.97253" lon="14.01652">
        <ele>434.06</ele>
      </trkpt>
      <trkpt lat="45.97248" lon="14.01629">
        <ele>438.86</ele>
      </trkpt>
      <trkpt lat="45.97244" lon="14.01621">
        <ele>440.64</ele>
      </trkpt>
      <trkpt lat="45.97232" lon="14.01612">
        <ele>443.72</ele>
      </trkpt>
      <trkpt lat="45.97223" lon="14.01609">
        <ele>446.29</ele>
      </trkpt>
      <trkpt lat="45.97194" lon="14.01594">
        <ele>452.66</ele>
      </trkpt>
      <trkpt lat="45.97173" lon="14.01594">
        <ele>447.19</ele>
      </trkpt>
      <trkpt lat="45.97164" lon="14.0159">
        <ele>446.41</ele>
      </trkpt>
      <trkpt lat="45.97152" lon="14.01577">
        <ele>450.46</ele>
      </trkpt>
      <trkpt lat="45.97147" lon="14.01566">
        <ele>454.65</ele>
      </trkpt>
      <trkpt lat="45.97142" lon="14.01561">
        <ele>455.63</ele>
      </trkpt>
      <trkpt lat="45.97128" lon="14.01556">
        <ele>456.0</ele>
      </trkpt>
      <trkpt lat="45.97111" lon="14.01545">
        <ele>460.31</ele>
      </trkpt>
      <trkpt lat="45.97043" lon="14.01529">
        <ele>462.01</ele>
      </trkpt>
      <trkpt lat="45.97037" lon="14.01529">
        <ele>461.83</ele>
      </trkpt>
      <trkpt lat="45.97027" lon="14.01533">
        <ele>460.23</ele>
      </trkpt>
      <trkpt lat="45.97012" lon="14.01536">
        <ele>461.31</ele>
      </trkpt>
      <trkpt lat="45.97" lon="14.01534">
        <ele>463.76</ele>
      </trkpt>
      <trkpt lat="45.96982" lon="14.01522">
        <ele>467.15</ele>
      </trkpt>
      <trkpt lat="45.96964" lon="14.01514">
        <ele>467.24</ele>
      </trkpt>
      <trkpt lat="45.96936" lon="14.01498">
        <ele>465.84</ele>
      </trkpt>
      <trkpt lat="45.9691" lon="14.01491">
        <ele>458.96</ele>
      </trkpt>
      <trkpt lat="45.96899" lon="14.0149">
        <ele>454.83</ele>
      </trkpt>
      <trkpt lat="45.96879" lon="14.01495">
        <ele>447.12</ele>
      </trkpt>
      <trkpt lat="45.96881" lon="14.01477">
        <ele>451.1</ele>
      </trkpt>
      <trkpt lat="45.96884" lon="14.01475">
        <ele>452.25</ele>
      </trkpt>
      <trkpt lat="45.96886" lon="14.01474">
        <ele>452.95</ele>
      </trkpt>
      <trkpt lat="45.96889" lon="14.01466">
        <ele>454.95</ele>
      </trkpt>
      <trkpt lat="45.96895" lon="14.01459">
        <ele>458.87</ele>
      </trkpt>
      <trkpt lat="45.96895" lon="14.01455">
        <ele>459.48</ele>
      </trkpt>
      <trkpt lat="45.96902" lon="14.01451">
        <ele>463.55</ele>
      </trkpt>
      <trkpt lat="45.96913" lon="14.01449">
        <ele>469.35</ele>
      </trkpt>
      <trkpt lat="45.96915" lon="14.01444">
        <ele>471.19</ele>
      </trkpt>
      <trkpt lat="45.96916" lon="14.01444">
        <ele>471.7</ele>
      </trkpt>
      <trkpt lat="45.96934" lon="14.01444">
        <ele>478.95</ele>
      </trkpt>
      <trkpt lat="45.9695" lon="14.01454">
        <ele>482.05</ele>
      </trkpt>
      <trkpt lat="45.96959" lon="14.01443">
        <ele>487.61</ele>
      </trkpt>
      <trkpt lat="45.96962" lon="14.01445">
        <ele>487.89</ele>
      </trkpt>
      <trkpt lat="45.96963" lon="14.01437">
        <ele>490.58</ele>
      </trkpt>
      <trkpt lat="45.96975" lon="14.0143">
        <ele>496.03</ele>
      </trkpt>
      <trkpt lat="45.96972" lon="14.01422">
        <ele>498.2</ele>
      </trkpt>
      <trkpt lat="45.96968" lon="14.01417">
        <ele>498.38</ele>
      </trkpt>
      <trkpt lat="45.96983" lon="14.01409">
        <ele>503.32</ele>
      </trkpt>
      <trkpt lat="45.96983" lon="14.01405">
        <ele>504.23</ele>
      </trkpt>
      <trkpt lat="45.96979" lon="14.014">
        <ele>504.72</ele>
      </trkpt>
      <trkpt lat="45.96979" lon="14.01396">
        <ele>505.62</ele>
      </trkpt>
      <trkpt lat="45.9699" lon="14.01394">
        <ele>507.98</ele>
      </trkpt>
      <trkpt lat="45.96995" lon="14.01391">
        <ele>509.58</ele>
      </trkpt>
      <trkpt lat="45.96986" lon="14.01383">
        <ele>510.17</ele>
      </trkpt>
      <trkpt lat="45.96986" lon="14.01381">
        <ele>510.75</ele>
      </trkpt>
      <trkpt lat="45.96993" lon="14.0138">
        <ele>512.78</ele>
      </trkpt>
      <trkpt lat="45.9699" lon="14.01377">
        <ele>512.98</ele>
      </trkpt>
      <trkpt lat="45.96986" lon="14.0137">
        <ele>513.9</ele>
      </trkpt>
      <trkpt lat="45.96989" lon="14.01365">
        <ele>516.44</ele>
      </trkpt>
      <trkpt lat="45.96986" lon="14.01357">
        <ele>516.97</ele>
      </trkpt>
      <trkpt lat="45.96989" lon="14.01353">
        <ele>518.82</ele>
      </trkpt>
      <trkpt lat="45.96987" lon="14.0134">
        <ele>519.63</ele>
      </trkpt>
      <trkpt lat="45.96989" lon="14.01331">
        <ele>522.05</ele>
      </trkpt>
      <trkpt lat="45.96988" lon="14.01314">
        <ele>524.04</ele>
      </trkpt>
      <trkpt lat="45.96992" lon="14.013">
        <ele>529.22</ele>
      </trkpt>
      <trkpt lat="45.96991" lon="14.01272">
        <ele>527.96</ele>
      </trkpt>
      <trkpt lat="45.96996" lon="14.01252">
        <ele>530.47</ele>
      </trkpt>
      <trkpt lat="45.96997" lon="14.01233">
        <ele>531.63</ele>
      </trkpt>
      <trkpt lat="45.97004" lon="14.01201">
        <ele>538.51</ele>
      </trkpt>
      <trkpt lat="45.97002" lon="14.01187">
        <ele>537.42</ele>
      </trkpt>
      <trkpt lat="45.97005" lon="14.01172">
        <ele>539.45</ele>
      </trkpt>
      <trkpt lat="45.97004" lon="14.01149">
        <ele>539.01</ele>
      </trkpt>
      <trkpt lat="45.97006" lon="14.01144">
        <ele>540.21</ele>
      </trkpt>
      <trkpt lat="45.97006" lon="14.0112">
        <ele>542.04</ele>
      </trkpt>
      <trkpt lat="45.97004" lon="14.01109">
        <ele>541.69</ele>
      </trkpt>
      <trkpt lat="45.97006" lon="14.01099">
        <ele>543.51</ele>
      </trkpt>
      <trkpt lat="45.97002" lon="14.01087">
        <ele>541.29</ele>
      </trkpt>
      <trkpt lat="45.97002" lon="14.01069">
        <ele>543.62</ele>
      </trkpt>
      <trkpt lat="45.96998" lon="14.0105">
        <ele>544.21</ele>
      </trkpt>
      <trkpt lat="45.97" lon="14.01044">
        <ele>546.5</ele>
      </trkpt>
      <trkpt lat="45.97006" lon="14.01043">
        <ele>552.07</ele>
      </trkpt>
      <trkpt lat="45.97008" lon="14.01041">
        <ele>554.37</ele>
      </trkpt>
      <trkpt lat="45.9701" lon="14.01034">
        <ele>558.05</ele>
      </trkpt>
      <trkpt lat="45.97021" lon="14.01014">
        <ele>575.99</ele>
      </trkpt>
      <trkpt lat="45.97028" lon="14.01013">
        <ele>583.0</ele>
      </trkpt>
      <trkpt lat="45.9703" lon="14.00998">
        <ele>589.99</ele>
      </trkpt>
      <trkpt lat="45.97032" lon="14.00994">
        <ele>592.53</ele>
      </trkpt>
      <trkpt lat="45.97037" lon="14.00993">
        <ele>595.66</ele>
      </trkpt>
      <trkpt lat="45.97042" lon="14.00989">
        <ele>599.75</ele>
      </trkpt>
      <trkpt lat="45.97044" lon="14.00986">
        <ele>601.8</ele>
      </trkpt>
      <trkpt lat="45.97047" lon="14.00988">
        <ele>602.79</ele>
      </trkpt>
      <trkpt lat="45.97057" lon="14.00988">
        <ele>608.37</ele>
      </trkpt>
      <trkpt lat="45.9706" lon="14.0099">
        <ele>609.78</ele>
      </trkpt>
      <trkpt lat="45.97064" lon="14.00989">
        <ele>612.59</ele>
      </trkpt>
      <trkpt lat="45.97067" lon="14.00993">
        <ele>613.84</ele>
      </trkpt>
      <trkpt lat="45.9707" lon="14.00991">
        <ele>616.16</ele>
      </trkpt>
      <trkpt lat="45.97073" lon="14.00985">
        <ele>618.8</ele>
      </trkpt>
      <trkpt lat="45.97074" lon="14.0097">
        <ele>620.82</ele>
      </trkpt>
      <trkpt lat="45.97071" lon="14.00955">
        <ele>620.95</ele>
      </trkpt>
      <trkpt lat="45.97073" lon="14.00931">
        <ele>623.5</ele>
      </trkpt>
      <trkpt lat="45.97069" lon="14.00911">
        <ele>622.93</ele>
      </trkpt>
      <trkpt lat="45.97069" lon="14.00903">
        <ele>622.29</ele>
      </trkpt>
      <trkpt lat="45.9707" lon="14.00892">
        <ele>622.11</ele>
      </trkpt>
      <trkpt lat="45.97076" lon="14.00874">
        <ele>624.03</ele>
      </trkpt>
      <trkpt lat="45.97081" lon="14.0084">
        <ele>621.06</ele>
      </trkpt>
      <trkpt lat="45.97087" lon="14.0082">
        <ele>618.76</ele>
      </trkpt>
      <trkpt lat="45.97087" lon="14.00804">
        <ele>612.71</ele>
      </trkpt>
      <trkpt lat="45.97091" lon="14.00799">
        <ele>613.41</ele>
      </trkpt>
      <trkpt lat="45.97103" lon="14.00796">
        <ele>618.07</ele>
      </trkpt>
      <trkpt lat="45.97106" lon="14.00792">
        <ele>617.54</ele>
      </trkpt>
      <trkpt lat="45.9711" lon="14.00791">
        <ele>618.69</ele>
      </trkpt>
      <trkpt lat="45.97132" lon="14.00767">
        <ele>615.64</ele>
      </trkpt>
      <trkpt lat="45.97145" lon="14.0076">
        <ele>618.24</ele>
      </trkpt>
      <trkpt lat="45.97159" lon="14.00748">
        <ele>619.81</ele>
      </trkpt>
      <trkpt lat="45.97172" lon="14.00744">
        <ele>621.89</ele>
      </trkpt>
      <trkpt lat="45.97191" lon="14.0074">
        <ele>622.89</ele>
      </trkpt>
      <trkpt lat="45.97211" lon="14.00742">
        <ele>626.08</ele>
      </trkpt>
      <trkpt lat="45.97222" lon="14.00736">
        <ele>625.44</ele>
      </trkpt>
      <trkpt lat="45.97229" lon="14.00735">
        <ele>626.76</ele>
      </trkpt>
      <trkpt lat="45.97235" lon="14.00735">
        <ele>628.19</ele>
      </trkpt>
      <trkpt lat="45.97252" lon="14.00738">
        <ele>632.74</ele>
      </trkpt>
      <trkpt lat="45.97256" lon="14.00737">
        <ele>633.17</ele>
      </trkpt>
      <trkpt lat="45.97281" lon="14.00723">
        <ele>634.11</ele>
      </trkpt>
      <trkpt lat="45.973" lon="14.00715">
        <ele>637.79</ele>
      </trkpt>
      <trkpt lat="45.97306" lon="14.0071">
        <ele>638.45</ele>
      </trkpt>
      <trkpt lat="45.97316" lon="14.00698">
        <ele>638.26</ele>
      </trkpt>
      <trkpt lat="45.97331" lon="14.00692">
        <ele>640.79</ele>
      </trkpt>
      <trkpt lat="45.97347" lon="14.00691">
        <ele>640.76</ele>
      </trkpt>
      <trkpt lat="45.97349" lon="14.00698">
        <ele>641.6</ele>
      </trkpt>
      <trkpt lat="45.9735" lon="14.00714">
        <ele>642.24</ele>
      </trkpt>
      <trkpt lat="45.97344" lon="14.00725">
        <ele>643.97</ele>
      </trkpt>
      <trkpt lat="45.97328" lon="14.00746">
        <ele>646.27</ele>
      </trkpt>
      <trkpt lat="45.97273" lon="14.00782">
        <ele>646.83</ele>
      </trkpt>
      <trkpt lat="45.97255" lon="14.00793">
        <ele>646.62</ele>
      </trkpt>
      <trkpt lat="45.97249" lon="14.00794">
        <ele>646.09</ele>
      </trkpt>
      <trkpt lat="45.97235" lon="14.00804">
        <ele>646.83</ele>
      </trkpt>
      <trkpt lat="45.97222" lon="14.00805">
        <ele>644.85</ele>
      </trkpt>
      <trkpt lat="45.97198" lon="14.00806">
        <ele>646.01</ele>
      </trkpt>
      <trkpt lat="45.9719" lon="14.00807">
        <ele>645.78</ele>
      </trkpt>
      <trkpt lat="45.97185" lon="14.0081">
        <ele>645.97</ele>
      </trkpt>
      <trkpt lat="45.97181" lon="14.00814">
        <ele>646.64</ele>
      </trkpt>
      <trkpt lat="45.97176" lon="14.00824">
        <ele>649.1</ele>
      </trkpt>
      <trkpt lat="45.97175" lon="14.00832">
        <ele>651.48</ele>
      </trkpt>
      <trkpt lat="45.97175" lon="14.00841">
        <ele>654.11</ele>
      </trkpt>
      <trkpt lat="45.97189" lon="14.00878">
        <ele>664.45</ele>
      </trkpt>
      <trkpt lat="45.97197" lon="14.00889">
        <ele>667.48</ele>
      </trkpt>
      <trkpt lat="45.97211" lon="14.00894">
        <ele>670.79</ele>
      </trkpt>
      <trkpt lat="45.97213" lon="14.00896">
        <ele>671.45</ele>
      </trkpt>
      <trkpt lat="45.97224" lon="14.00913">
        <ele>675.28</ele>
      </trkpt>
      <trkpt lat="45.97229" lon="14.00927">
        <ele>677.78</ele>
      </trkpt>
      <trkpt lat="45.97228" lon="14.00935">
        <ele>679.86</ele>
      </trkpt>
      <trkpt lat="45.97219" lon="14.0096">
        <ele>683.18</ele>
      </trkpt>
      <trkpt lat="45.97215" lon="14.00977">
        <ele>682.32</ele>
      </trkpt>
      <trkpt lat="45.97217" lon="14.01004">
        <ele>681.21</ele>
      </trkpt>
      <trkpt lat="45.97221" lon="14.01026">
        <ele>681.02</ele>
      </trkpt>
      <trkpt lat="45.97213" lon="14.01056">
        <ele>683.67</ele>
      </trkpt>
      <trkpt lat="45.97212" lon="14.01065">
        <ele>683.3</ele>
      </trkpt>
      <trkpt lat="45.97214" lon="14.01072">
        <ele>683.75</ele>
      </trkpt>
      <trkpt lat="45.97229" lon="14.01099">
        <ele>687.5</ele>
      </trkpt>
      <trkpt lat="45.97248" lon="14.01116">
        <ele>692.33</ele>
      </trkpt>
      <trkpt lat="45.97253" lon="14.01121">
        <ele>693.15</ele>
      </trkpt>
      <trkpt lat="45.97268" lon="14.01129">
        <ele>695.78</ele>
      </trkpt>
      <trkpt lat="45.97283" lon="14.01143">
        <ele>698.5</ele>
      </trkpt>
      <trkpt lat="45.97293" lon="14.01146">
        <ele>699.97</ele>
      </trkpt>
      <trkpt lat="45.97309" lon="14.01147">
        <ele>703.45</ele>
      </trkpt>
      <trkpt lat="45.97326" lon="14.01154">
        <ele>709.06</ele>
      </trkpt>
      <trkpt lat="45.97356" lon="14.0116">
        <ele>721.21</ele>
      </trkpt>
      <trkpt lat="45.97382" lon="14.01157">
        <ele>727.33</ele>
      </trkpt>
      <trkpt lat="45.9739" lon="14.0116">
        <ele>728.98</ele>
      </trkpt>
      <trkpt lat="45.974" lon="14.01168">
        <ele>731.48</ele>
      </trkpt>
      <trkpt lat="45.97411" lon="14.01179">
        <ele>734.31</ele>
      </trkpt>
      <trkpt lat="45.97412" lon="14.01184">
        <ele>734.72</ele>
      </trkpt>
      <trkpt lat="45.97419" lon="14.01207">
        <ele>739.43</ele>
      </trkpt>
      <trkpt lat="45.9742" lon="14.01229">
        <ele>742.6</ele>
      </trkpt>
      <trkpt lat="45.97424" lon="14.01242">
        <ele>742.65</ele>
      </trkpt>
      <trkpt lat="45.97427" lon="14.01248">
        <ele>742.67</ele>
      </trkpt>
      <trkpt lat="45.97437" lon="14.01256">
        <ele>742.89</ele>
      </trkpt>
      <trkpt lat="45.97441" lon="14.01258">
        <ele>743.24</ele>
      </trkpt>
      <trkpt lat="45.97445" lon="14.01257">
        <ele>744.13</ele>
      </trkpt>
      <trkpt lat="45.97457" lon="14.01249">
        <ele>748.28</ele>
      </trkpt>
      <trkpt lat="45.97466" lon="14.01245">
        <ele>750.77</ele>
      </trkpt>
      <trkpt lat="45.97489" lon="14.01241">
        <ele>749.94</ele>
      </trkpt>
      <trkpt lat="45.97494" lon="14.01246">
        <ele>749.9</ele>
      </trkpt>
      <trkpt lat="45.97507" lon="14.01272">
        <ele>747.7</ele>
      </trkpt>
      <trkpt lat="45.97525" lon="14.01293">
        <ele>745.98</ele>
      </trkpt>
      <trkpt lat="45.97535" lon="14.01297">
        <ele>745.04</ele>
      </trkpt>
      <trkpt lat="45.97541" lon="14.01298">
        <ele>744.23</ele>
      </trkpt>
      <trkpt lat="45.97546" lon="14.01297">
        <ele>743.58</ele>
      </trkpt>
      <trkpt lat="45.97553" lon="14.01292">
        <ele>742.81</ele>
      </trkpt>
      <trkpt lat="45.97559" lon="14.01283">
        <ele>742.66</ele>
      </trkpt>
      <trkpt lat="45.97585" lon="14.01256">
        <ele>743.63</ele>
      </trkpt>
      <trkpt lat="45.97596" lon="14.01241">
        <ele>744.43</ele>
      </trkpt>
      <trkpt lat="45.97601" lon="14.01236">
        <ele>744.77</ele>
      </trkpt>
      <trkpt lat="45.97601" lon="14.01235">
        <ele>744.78</ele>
      </trkpt>
      <trkpt lat="45.97601" lon="14.01236">
        <ele>744.77</ele>
      </trkpt>
      <trkpt lat="45.97604" lon="14.01235">
        <ele>745.01</ele>
      </trkpt>
      <trkpt lat="45.97605" lon="14.01237">
        <ele>745.04</ele>
      </trkpt>
      <trkpt lat="45.97605" lon="14.01233">
        <ele>745.12</ele>
      </trkpt>
      <trkpt lat="45.97609" lon="14.0123">
        <ele>745.53</ele>
      </trkpt>
      <trkpt lat="45.97609" lon="14.01227">
        <ele>745.63</ele>
      </trkpt>
      <trkpt lat="45.97622" lon="14.01221">
        <ele>747.18</ele>
      </trkpt>
      <trkpt lat="45.97625" lon="14.01218">
        <ele>747.5</ele>
      </trkpt>
      <trkpt lat="45.97635" lon="14.01195">
        <ele>748.58</ele>
      </trkpt>
      <trkpt lat="45.97638" lon="14.01177">
        <ele>747.69</ele>
      </trkpt>
      <trkpt lat="45.97646" lon="14.01146">
        <ele>749.9</ele>
      </trkpt>
      <trkpt lat="45.97649" lon="14.0111">
        <ele>753.35</ele>
      </trkpt>
      <trkpt lat="45.97655" lon="14.01068">
        <ele>751.66</ele>
      </trkpt>
      <trkpt lat="45.97653" lon="14.01057">
        <ele>750.64</ele>
      </trkpt>
      <trkpt lat="45.97657" lon="14.01061">
        <ele>751.11</ele>
      </trkpt>
      <trkpt lat="45.97657" lon="14.0106">
        <ele>751.03</ele>
      </trkpt>
      <trkpt lat="45.97658" lon="14.0106">
        <ele>751.06</ele>
      </trkpt>
      <trkpt lat="45.97657" lon="14.0106">
        <ele>751.03</ele>
      </trkpt>
      <trkpt lat="45.97659" lon="14.01061">
        <ele>751.17</ele>
      </trkpt>
      <trkpt lat="45.97658" lon="14.01062">
        <ele>751.22</ele>
      </trkpt>
      <trkpt lat="45.97659" lon="14.01062">
        <ele>751.25</ele>
      </trkpt>
      <trkpt lat="45.97657" lon="14.01057">
        <ele>750.77</ele>
      </trkpt>
      <trkpt lat="45.97658" lon="14.0106">
        <ele>751.06</ele>
      </trkpt>
      <trkpt lat="45.97659" lon="14.01044">
        <ele>748.99</ele>
      </trkpt>
      <trkpt lat="45.97665" lon="14.01027">
        <ele>746.03</ele>
      </trkpt>
      <trkpt lat="45.9767" lon="14.01004">
        <ele>743.29</ele>
      </trkpt>
      <trkpt lat="45.9768" lon="14.00974">
        <ele>738.74</ele>
      </trkpt>
      <trkpt lat="45.97688" lon="14.00919">
        <ele>738.97</ele>
      </trkpt>
      <trkpt lat="45.97698" lon="14.00891">
        <ele>736.19</ele>
      </trkpt>
      <trkpt lat="45.97708" lon="14.0085">
        <ele>734.2</ele>
      </trkpt>
      <trkpt lat="45.97715" lon="14.00834">
        <ele>732.59</ele>
      </trkpt>
      <trkpt lat="45.97717" lon="14.00823">
        <ele>732.45</ele>
      </trkpt>
      <trkpt lat="45.97717" lon="14.00804">
        <ele>732.59</ele>
      </trkpt>
      <trkpt lat="45.97715" lon="14.0079">
        <ele>733.07</ele>
      </trkpt>
      <trkpt lat="45.97704" lon="14.00756">
        <ele>737.12</ele>
      </trkpt>
      <trkpt lat="45.97701" lon="14.00736">
        <ele>738.44</ele>
      </trkpt>
      <trkpt lat="45.97702" lon="14.0073">
        <ele>738.44</ele>
      </trkpt>
      <trkpt lat="45.97705" lon="14.00727">
        <ele>737.99</ele>
      </trkpt>
      <trkpt lat="45.97704" lon="14.00707">
        <ele>738.11</ele>
      </trkpt>
      <trkpt lat="45.97706" lon="14.00697">
        <ele>737.77</ele>
      </trkpt>
      <trkpt lat="45.97712" lon="14.00682">
        <ele>736.49</ele>
      </trkpt>
      <trkpt lat="45.97715" lon="14.00666">
        <ele>735.44</ele>
      </trkpt>
      <trkpt lat="45.9772" lon="14.00657">
        <ele>734.32</ele>
      </trkpt>
      <trkpt lat="45.97732" lon="14.00646">
        <ele>731.83</ele>
      </trkpt>
      <trkpt lat="45.97747" lon="14.0062">
        <ele>728.84</ele>
      </trkpt>
      <trkpt lat="45.97759" lon="14.00611">
        <ele>728.98</ele>
      </trkpt>
      <trkpt lat="45.97764" lon="14.00604">
        <ele>727.6</ele>
      </trkpt>
      <trkpt lat="45.97772" lon="14.00597">
        <ele>726.65</ele>
      </trkpt>
      <trkpt lat="45.9779" lon="14.00584">
        <ele>723.75</ele>
      </trkpt>
      <trkpt lat="45.97806" lon="14.00578">
        <ele>720.76</ele>
      </trkpt>
      <trkpt lat="45.9784" lon="14.00556">
        <ele>714.52</ele>
      </trkpt>
      <trkpt lat="45.97853" lon="14.00551">
        <ele>715.6</ele>
      </trkpt>
      <trkpt lat="45.97865" lon="14.00536">
        <ele>716.41</ele>
      </trkpt>
      <trkpt lat="45.97873" lon="14.00524">
        <ele>713.92</ele>
      </trkpt>
      <trkpt lat="45.97881" lon="14.00517">
        <ele>710.95</ele>
      </trkpt>
      <trkpt lat="45.97889" lon="14.00505">
        <ele>708.33</ele>
      </trkpt>
      <trkpt lat="45.97894" lon="14.00489">
        <ele>703.11</ele>
      </trkpt>
      <trkpt lat="45.97905" lon="14.0047">
        <ele>694.82</ele>
      </trkpt>
      <trkpt lat="45.97913" lon="14.00464">
        <ele>691.96</ele>
      </trkpt>
      <trkpt lat="45.97931" lon="14.00458">
        <ele>690.96</ele>
      </trkpt>
      <trkpt lat="45.97937" lon="14.00454">
        <ele>690.45</ele>
      </trkpt>
      <trkpt lat="45.97946" lon="14.00443">
        <ele>689.46</ele>
      </trkpt>
      <trkpt lat="45.97952" lon="14.00432">
        <ele>691.07</ele>
      </trkpt>
      <trkpt lat="45.97995" lon="14.00385">
        <ele>711.0</ele>
      </trkpt>
      <trkpt lat="45.97998" lon="14.00383">
        <ele>712.65</ele>
      </trkpt>
      <trkpt lat="45.98001" lon="14.00376">
        <ele>715.02</ele>
      </trkpt>
      <trkpt lat="45.98006" lon="14.00373">
        <ele>718.54</ele>
      </trkpt>
      <trkpt lat="45.98006" lon="14.00368">
        <ele>719.2</ele>
      </trkpt>
      <trkpt lat="45.98011" lon="14.00362">
        <ele>723.39</ele>
      </trkpt>
      <trkpt lat="45.98013" lon="14.00357">
        <ele>725.47</ele>
      </trkpt>
      <trkpt lat="45.98018" lon="14.00341">
        <ele>731.64</ele>
      </trkpt>
      <trkpt lat="45.98018" lon="14.00329">
        <ele>733.16</ele>
      </trkpt>
      <trkpt lat="45.98021" lon="14.0032">
        <ele>736.23</ele>
      </trkpt>
      <trkpt lat="45.98026" lon="14.0029">
        <ele>743.49</ele>
      </trkpt>
      <trkpt lat="45.98026" lon="14.00273">
        <ele>745.3</ele>
      </trkpt>
      <trkpt lat="45.98028" lon="14.00259">
        <ele>747.8</ele>
      </trkpt>
      <trkpt lat="45.98036" lon="14.00243">
        <ele>753.23</ele>
      </trkpt>
      <trkpt lat="45.98043" lon="14.00221">
        <ele>758.12</ele>
      </trkpt>
      <trkpt lat="45.98048" lon="14.00214">
        <ele>762.66</ele>
      </trkpt>
      <trkpt lat="45.98052" lon="14.00199">
        <ele>767.68</ele>
      </trkpt>
      <trkpt lat="45.98054" lon="14.00195">
        <ele>769.75</ele>
      </trkpt>
      <trkpt lat="45.98055" lon="14.00189">
        <ele>770.78</ele>
      </trkpt>
      <trkpt lat="45.98058" lon="14.00181">
        <ele>771.74</ele>
      </trkpt>
      <trkpt lat="45.98059" lon="14.0017">
        <ele>772.53</ele>
      </trkpt>
      <trkpt lat="45.98066" lon="14.00136">
        <ele>775.93</ele>
      </trkpt>
      <trkpt lat="45.98104" lon="14.00075">
        <ele>795.04</ele>
      </trkpt>
      <trkpt lat="45.98111" lon="14.00069">
        <ele>798.54</ele>
      </trkpt>
      <trkpt lat="45.98121" lon="14.00063">
        <ele>799.16</ele>
      </trkpt>
      <trkpt lat="45.9813" lon="14.00053">
        <ele>799.24</ele>
      </trkpt>
      <trkpt lat="45.98151" lon="14.00042">
        <ele>797.64</ele>
      </trkpt>
      <trkpt lat="45.98161" lon="14.00031">
        <ele>795.11</ele>
      </trkpt>
      <trkpt lat="45.98176" lon="14.00025">
        <ele>794.71</ele>
      </trkpt>
      <trkpt lat="45.98191" lon="14.00001">
        <ele>802.65</ele>
      </trkpt>
      <trkpt lat="45.9819" lon="13.99997">
        <ele>803.19</ele>
      </trkpt>
      <trkpt lat="45.98195" lon="13.99995">
        <ele>804.89</ele>
      </trkpt>
      <trkpt lat="45.982" lon="13.9999">
        <ele>805.82</ele>
      </trkpt>
      <trkpt lat="45.98214" lon="13.99981">
        <ele>808.16</ele>
      </trkpt>
      <trkpt lat="45.9822" lon="13.99974">
        <ele>810.34</ele>
      </trkpt>
      <trkpt lat="45.98235" lon="13.99967">
        <ele>809.34</ele>
      </trkpt>
      <trkpt lat="45.98249" lon="13.99956">
        <ele>809.8</ele>
      </trkpt>
      <trkpt lat="45.98266" lon="13.99956">
        <ele>806.7</ele>
      </trkpt>
      <trkpt lat="45.98273" lon="13.99951">
        <ele>806.53</ele>
      </trkpt>
      <trkpt lat="45.98276" lon="13.99947">
        <ele>806.82</ele>
      </trkpt>
      <trkpt lat="45.98287" lon="13.99921">
        <ele>810.53</ele>
      </trkpt>
      <trkpt lat="45.98301" lon="13.99899">
        <ele>812.41</ele>
      </trkpt>
      <trkpt lat="45.98304" lon="13.99897">
        <ele>812.14</ele>
      </trkpt>
      <trkpt lat="45.98311" lon="13.99899">
        <ele>808.55</ele>
      </trkpt>
      <trkpt lat="45.98319" lon="13.99892">
        <ele>804.92</ele>
      </trkpt>
      <trkpt lat="45.98334" lon="13.99893">
        <ele>796.56</ele>
      </trkpt>
      <trkpt lat="45.98338" lon="13.99892">
        <ele>795.77</ele>
      </trkpt>
      <trkpt lat="45.98373" lon="13.99873">
        <ele>798.56</ele>
      </trkpt>
      <trkpt lat="45.98385" lon="13.99856">
        <ele>805.29</ele>
      </trkpt>
      <trkpt lat="45.9839" lon="13.9984">
        <ele>810.41</ele>
      </trkpt>
      <trkpt lat="45.98405" lon="13.99819">
        <ele>814.96</ele>
      </trkpt>
      <trkpt lat="45.98409" lon="13.99804">
        <ele>819.21</ele>
      </trkpt>
      <trkpt lat="45.98414" lon="13.99794">
        <ele>821.44</ele>
      </trkpt>
      <trkpt lat="45.98424" lon="13.99789">
        <ele>820.47</ele>
      </trkpt>
      <trkpt lat="45.98442" lon="13.99788">
        <ele>816.06</ele>
      </trkpt>
      <trkpt lat="45.98455" lon="13.99783">
        <ele>813.41</ele>
      </trkpt>
      <trkpt lat="45.9846" lon="13.99779">
        <ele>812.7</ele>
      </trkpt>
      <trkpt lat="45.98467" lon="13.9977">
        <ele>812.53</ele>
      </trkpt>
      <trkpt lat="45.98471" lon="13.99762">
        <ele>812.88</ele>
      </trkpt>
      <trkpt lat="45.9848" lon="13.99735">
        <ele>815.03</ele>
      </trkpt>
      <trkpt lat="45.98483" lon="13.99718">
        <ele>817.45</ele>
      </trkpt>
      <trkpt lat="45.9848" lon="13.99699">
        <ele>824.36</ele>
      </trkpt>
      <trkpt lat="45.9848" lon="13.99696">
        <ele>825.28</ele>
      </trkpt>
      <trkpt lat="45.98485" lon="13.9969">
        <ele>825.92</ele>
      </trkpt>
      <trkpt lat="45.9851" lon="13.99681">
        <ele>822.12</ele>
      </trkpt>
      <trkpt lat="45.98521" lon="13.99687">
        <ele>816.48</ele>
      </trkpt>
      <trkpt lat="45.98528" lon="13.99695">
        <ele>810.91</ele>
      </trkpt>
      <trkpt lat="45.98535" lon="13.997">
        <ele>810.89</ele>
      </trkpt>
      <trkpt lat="45.98552" lon="13.99705">
        <ele>812.54</ele>
      </trkpt>
      <trkpt lat="45.98559" lon="13.99702">
        <ele>812.61</ele>
      </trkpt>
      <trkpt lat="45.98573" lon="13.99686">
        <ele>812.1</ele>
      </trkpt>
      <trkpt lat="45.98578" lon="13.99687">
        <ele>810.41</ele>
      </trkpt>
      <trkpt lat="45.98588" lon="13.99693">
        <ele>807.19</ele>
      </trkpt>
      <trkpt lat="45.98596" lon="13.99692">
        <ele>807.12</ele>
      </trkpt>
      <trkpt lat="45.98604" lon="13.99684">
        <ele>808.61</ele>
      </trkpt>
      <trkpt lat="45.98611" lon="13.99666">
        <ele>812.2</ele>
      </trkpt>
      <trkpt lat="45.98626" lon="13.99664">
        <ele>812.77</ele>
      </trkpt>
      <trkpt lat="45.98647" lon="13.99653">
        <ele>814.05</ele>
      </trkpt>
      <trkpt lat="45.98662" lon="13.99655">
        <ele>810.15</ele>
      </trkpt>
      <trkpt lat="45.98679" lon="13.99653">
        <ele>806.8</ele>
      </trkpt>
      <trkpt lat="45.98685" lon="13.99654">
        <ele>805.32</ele>
      </trkpt>
      <trkpt lat="45.98694" lon="13.99659">
        <ele>802.48</ele>
      </trkpt>
      <trkpt lat="45.98699" lon="13.9967">
        <ele>802.69</ele>
      </trkpt>
      <trkpt lat="45.98703" lon="13.99671">
        <ele>804.34</ele>
      </trkpt>
      <trkpt lat="45.98706" lon="13.99668">
        <ele>806.18</ele>
      </trkpt>
      <trkpt lat="45.9871" lon="13.99649">
        <ele>807.54</ele>
      </trkpt>
      <trkpt lat="45.98709" lon="13.99636">
        <ele>807.25</ele>
      </trkpt>
      <trkpt lat="45.98707" lon="13.99632">
        <ele>807.42</ele>
      </trkpt>
      <trkpt lat="45.98708" lon="13.99621">
        <ele>808.28</ele>
      </trkpt>
      <trkpt lat="45.98712" lon="13.99615">
        <ele>808.76</ele>
      </trkpt>
      <trkpt lat="45.98716" lon="13.99607">
        <ele>808.84</ele>
      </trkpt>
      <trkpt lat="45.9872" lon="13.99607">
        <ele>808.75</ele>
      </trkpt>
      <trkpt lat="45.98725" lon="13.99609">
        <ele>809.09</ele>
      </trkpt>
      <trkpt lat="45.98729" lon="13.99606">
        <ele>809.0</ele>
      </trkpt>
      <trkpt lat="45.9873" lon="13.99602">
        <ele>808.45</ele>
      </trkpt>
      <trkpt lat="45.98729" lon="13.99587">
        <ele>806.3</ele>
      </trkpt>
      <trkpt lat="45.98726" lon="13.99582">
        <ele>806.25</ele>
      </trkpt>
      <trkpt lat="45.98723" lon="13.99583">
        <ele>806.85</ele>
      </trkpt>
      <trkpt lat="45.98722" lon="13.99582">
        <ele>806.98</ele>
      </trkpt>
      <trkpt lat="45.98723" lon="13.99584">
        <ele>806.91</ele>
      </trkpt>
      <trkpt lat="45.98721" lon="13.9958">
        <ele>807.06</ele>
      </trkpt>
      <trkpt lat="45.98713" lon="13.99573">
        <ele>808.08</ele>
      </trkpt>
      <trkpt lat="45.98713" lon="13.99572">
        <ele>808.06</ele>
      </trkpt>
      <trkpt lat="45.98702" lon="13.99565">
        <ele>809.73</ele>
      </trkpt>
      <trkpt lat="45.98694" lon="13.99554">
        <ele>811.06</ele>
      </trkpt>
      <trkpt lat="45.9869" lon="13.99552">
        <ele>812.9</ele>
      </trkpt>
      <trkpt lat="45.98686" lon="13.99546">
        <ele>814.43</ele>
      </trkpt>
      <trkpt lat="45.98683" lon="13.99545">
        <ele>815.94</ele>
      </trkpt>
      <trkpt lat="45.98679" lon="13.99545">
        <ele>818.07</ele>
      </trkpt>
      <trkpt lat="45.98674" lon="13.99542">
        <ele>820.56</ele>
      </trkpt>
      <trkpt lat="45.98669" lon="13.99544">
        <ele>823.34</ele>
      </trkpt>
      <trkpt lat="45.98669" lon="13.9954">
        <ele>823.17</ele>
      </trkpt>
      <trkpt lat="45.98664" lon="13.99535">
        <ele>825.91</ele>
      </trkpt>
      <trkpt lat="45.98659" lon="13.99533">
        <ele>829.0</ele>
      </trkpt>
      <trkpt lat="45.98651" lon="13.99528">
        <ele>834.15</ele>
      </trkpt>
      <trkpt lat="45.98648" lon="13.99529">
        <ele>836.05</ele>
      </trkpt>
      <trkpt lat="45.98647" lon="13.99524">
        <ele>836.02</ele>
      </trkpt>
      <trkpt lat="45.98641" lon="13.99521">
        <ele>839.39</ele>
      </trkpt>
      <trkpt lat="45.98635" lon="13.99521">
        <ele>843.89</ele>
      </trkpt>
      <trkpt lat="45.98631" lon="13.99514">
        <ele>846.19</ele>
      </trkpt>
      <trkpt lat="45.98619" lon="13.99513">
        <ele>856.28</ele>
      </trkpt>
      <trkpt lat="45.98615" lon="13.99509">
        <ele>859.59</ele>
      </trkpt>
      <trkpt lat="45.98611" lon="13.99509">
        <ele>863.05</ele>
      </trkpt>
      <trkpt lat="45.98605" lon="13.99513">
        <ele>865.26</ele>
      </trkpt>
      <trkpt lat="45.98601" lon="13.99512">
        <ele>866.84</ele>
      </trkpt>
      <trkpt lat="45.98596" lon="13.99514">
        <ele>868.42</ele>
      </trkpt>
      <trkpt lat="45.98588" lon="13.99508">
        <ele>872.73</ele>
      </trkpt>
      <trkpt lat="45.98584" lon="13.99509">
        <ele>874.13</ele>
      </trkpt>
      <trkpt lat="45.98581" lon="13.99512">
        <ele>874.41</ele>
      </trkpt>
      <trkpt lat="45.98578" lon="13.99511">
        <ele>875.79</ele>
      </trkpt>
      <trkpt lat="45.98575" lon="13.99509">
        <ele>877.4</ele>
      </trkpt>
      <trkpt lat="45.9857" lon="13.99501">
        <ele>881.08</ele>
      </trkpt>
      <trkpt lat="45.98562" lon="13.99496">
        <ele>885.15</ele>
      </trkpt>
      <trkpt lat="45.98559" lon="13.99493">
        <ele>887.22</ele>
      </trkpt>
      <trkpt lat="45.98557" lon="13.99489">
        <ele>889.37</ele>
      </trkpt>
      <trkpt lat="45.98527" lon="13.99465">
        <ele>905.15</ele>
      </trkpt>
      <trkpt lat="45.98526" lon="13.99454">
        <ele>905.61</ele>
      </trkpt>
      <trkpt lat="45.98504" lon="13.99462">
        <ele>902.75</ele>
      </trkpt>
      <trkpt lat="45.98482" lon="13.99448">
        <ele>898.67</ele>
      </trkpt>
      <trkpt lat="45.98458" lon="13.99452">
        <ele>890.06</ele>
      </trkpt>
      <trkpt lat="45.98449" lon="13.99446">
        <ele>888.91</ele>
      </trkpt>
      <trkpt lat="45.98449" lon="13.99438">
        <ele>890.23</ele>
      </trkpt>
      <trkpt lat="45.98453" lon="13.9943">
        <ele>892.88</ele>
      </trkpt>
      <trkpt lat="45.98452" lon="13.99428">
        <ele>892.92</ele>
      </trkpt>
      <trkpt lat="45.98454" lon="13.99427">
        <ele>893.78</ele>
      </trkpt>
      <trkpt lat="45.98454" lon="13.99429">
        <ele>893.4</ele>
      </trkpt>
      <trkpt lat="45.98452" lon="13.99429">
        <ele>892.73</ele>
      </trkpt>
      <trkpt lat="45.98452" lon="13.99428">
        <ele>892.92</ele>
      </trkpt>
      <trkpt lat="45.98453" lon="13.9943">
        <ele>892.88</ele>
      </trkpt>
      <trkpt lat="45.9846" lon="13.99403">
        <ele>900.19</ele>
      </trkpt>
      <trkpt lat="45.98464" lon="13.99394">
        <ele>903.34</ele>
      </trkpt>
      <trkpt lat="45.98471" lon="13.99369">
        <ele>908.18</ele>
      </trkpt>
      <trkpt lat="45.98471" lon="13.99344">
        <ele>904.27</ele>
      </trkpt>
      <trkpt lat="45.9847" lon="13.99327">
        <ele>898.92</ele>
      </trkpt>
      <trkpt lat="45.98466" lon="13.99321">
        <ele>895.72</ele>
      </trkpt>
      <trkpt lat="45.98465" lon="13.99315">
        <ele>893.35</ele>
      </trkpt>
      <trkpt lat="45.98463" lon="13.99311">
        <ele>891.57</ele>
      </trkpt>
      <trkpt lat="45.98462" lon="13.99285">
        <ele>881.0</ele>
      </trkpt>
      <trkpt lat="45.98464" lon="13.99274">
        <ele>877.03</ele>
      </trkpt>
      <trkpt lat="45.98452" lon="13.99257">
        <ele>873.65</ele>
      </trkpt>
      <trkpt lat="45.98449" lon="13.99249">
        <ele>872.42</ele>
      </trkpt>
      <trkpt lat="45.98448" lon="13.99229">
        <ele>870.81</ele>
      </trkpt>
      <trkpt lat="45.98445" lon="13.99221">
        <ele>870.74</ele>
      </trkpt>
      <trkpt lat="45.98441" lon="13.99189">
        <ele>867.01</ele>
      </trkpt>
      <trkpt lat="45.98436" lon="13.99166">
        <ele>864.87</ele>
      </trkpt>
      <trkpt lat="45.9843" lon="13.9915">
        <ele>861.04</ele>
      </trkpt>
      <trkpt lat="45.98419" lon="13.99132">
        <ele>855.59</ele>
      </trkpt>
      <trkpt lat="45.98415" lon="13.99113">
        <ele>852.84</ele>
      </trkpt>
      <trkpt lat="45.98403" lon="13.9907">
        <ele>853.1</ele>
      </trkpt>
      <trkpt lat="45.98402" lon="13.99046">
        <ele>858.74</ele>
      </trkpt>
      <trkpt lat="45.98398" lon="13.99026">
        <ele>861.96</ele>
      </trkpt>
      <trkpt lat="45.9839" lon="13.9901">
        <ele>861.43</ele>
      </trkpt>
      <trkpt lat="45.9839" lon="13.98993">
        <ele>860.36</ele>
      </trkpt>
      <trkpt lat="45.98386" lon="13.98979">
        <ele>859.35</ele>
      </trkpt>
      <trkpt lat="45.98386" lon="13.98967">
        <ele>859.56</ele>
      </trkpt>
      <trkpt lat="45.98389" lon="13.98952">
        <ele>861.01</ele>
      </trkpt>
      <trkpt lat="45.98386" lon="13.98938">
        <ele>859.14</ele>
      </trkpt>
      <trkpt lat="45.98387" lon="13.98933">
        <ele>859.24</ele>
      </trkpt>
      <trkpt lat="45.98401" lon="13.98901">
        <ele>860.72</ele>
      </trkpt>
      <trkpt lat="45.98407" lon="13.98892">
        <ele>862.49</ele>
      </trkpt>
      <trkpt lat="45.98413" lon="13.98889">
        <ele>864.67</ele>
      </trkpt>
      <trkpt lat="45.98426" lon="13.98858">
        <ele>862.96</ele>
      </trkpt>
      <trkpt lat="45.98431" lon="13.98823">
        <ele>866.42</ele>
      </trkpt>
      <trkpt lat="45.98435" lon="13.98811">
        <ele>867.03</ele>
      </trkpt>
      <trkpt lat="45.98442" lon="13.98796">
        <ele>868.77</ele>
      </trkpt>
      <trkpt lat="45.98444" lon="13.98789">
        <ele>870.73</ele>
      </trkpt>
      <trkpt lat="45.98444" lon="13.98782">
        <ele>872.7</ele>
      </trkpt>
      <trkpt lat="45.98442" lon="13.98769">
        <ele>873.9</ele>
      </trkpt>
      <trkpt lat="45.98443" lon="13.98751">
        <ele>875.36</ele>
      </trkpt>
      <trkpt lat="45.98447" lon="13.98738">
        <ele>876.07</ele>
      </trkpt>
      <trkpt lat="45.98454" lon="13.98705">
        <ele>879.93</ele>
      </trkpt>
      <trkpt lat="45.98462" lon="13.98684">
        <ele>885.28</ele>
      </trkpt>
      <trkpt lat="45.98465" lon="13.98651">
        <ele>890.69</ele>
      </trkpt>
      <trkpt lat="45.98474" lon="13.98623">
        <ele>894.28</ele>
      </trkpt>
      <trkpt lat="45.98476" lon="13.9861">
        <ele>894.44</ele>
      </trkpt>
      <trkpt lat="45.98486" lon="13.98587">
        <ele>895.12</ele>
      </trkpt>
      <trkpt lat="45.9849" lon="13.98572">
        <ele>895.4</ele>
      </trkpt>
      <trkpt lat="45.98491" lon="13.98554">
        <ele>896.09</ele>
      </trkpt>
      <trkpt lat="45.9849" lon="13.98544">
        <ele>894.32</ele>
      </trkpt>
      <trkpt lat="45.98499" lon="13.9853">
        <ele>893.18</ele>
      </trkpt>
      <trkpt lat="45.98501" lon="13.9852">
        <ele>892.52</ele>
      </trkpt>
      <trkpt lat="45.98511" lon="13.98495">
        <ele>892.58</ele>
      </trkpt>
      <trkpt lat="45.98534" lon="13.98477">
        <ele>896.14</ele>
      </trkpt>
      <trkpt lat="45.98543" lon="13.98468">
        <ele>897.78</ele>
      </trkpt>
      <trkpt lat="45.9855" lon="13.98458">
        <ele>899.92</ele>
      </trkpt>
      <trkpt lat="45.9856" lon="13.98435">
        <ele>904.73</ele>
      </trkpt>
      <trkpt lat="45.98567" lon="13.98402">
        <ele>910.66</ele>
      </trkpt>
      <trkpt lat="45.98583" lon="13.98384">
        <ele>914.51</ele>
      </trkpt>
      <trkpt lat="45.98578" lon="13.98341">
        <ele>916.36</ele>
      </trkpt>
      <trkpt lat="45.98574" lon="13.98328">
        <ele>916.34</ele>
      </trkpt>
      <trkpt lat="45.98568" lon="13.98318">
        <ele>916.91</ele>
      </trkpt>
      <trkpt lat="45.98565" lon="13.98302">
        <ele>917.73</ele>
      </trkpt>
      <trkpt lat="45.98568" lon="13.98238">
        <ele>914.85</ele>
      </trkpt>
      <trkpt lat="45.98566" lon="13.98227">
        <ele>913.97</ele>
      </trkpt>
      <trkpt lat="45.9857" lon="13.98185">
        <ele>907.17</ele>
      </trkpt>
      <trkpt lat="45.98572" lon="13.98131">
        <ele>896.29</ele>
      </trkpt>
      <trkpt lat="45.98582" lon="13.98091">
        <ele>895.35</ele>
      </trkpt>
      <trkpt lat="45.98588" lon="13.98058">
        <ele>888.58</ele>
      </trkpt>
      <trkpt lat="45.98599" lon="13.98023">
        <ele>885.43</ele>
      </trkpt>
      <trkpt lat="45.98601" lon="13.98007">
        <ele>885.39</ele>
      </trkpt>
      <trkpt lat="45.98604" lon="13.98">
        <ele>884.1</ele>
      </trkpt>
      <trkpt lat="45.98613" lon="13.97988">
        <ele>883.42</ele>
      </trkpt>
      <trkpt lat="45.98617" lon="13.97977">
        <ele>885.83</ele>
      </trkpt>
      <trkpt lat="45.98616" lon="13.97945">
        <ele>899.01</ele>
      </trkpt>
      <trkpt lat="45.98617" lon="13.97892">
        <ele>913.02</ele>
      </trkpt>
      <trkpt lat="45.98622" lon="13.97863">
        <ele>913.92</ele>
      </trkpt>
      <trkpt lat="45.98622" lon="13.97848">
        <ele>913.51</ele>
      </trkpt>
      <trkpt lat="45.98625" lon="13.97835">
        <ele>912.06</ele>
      </trkpt>
      <trkpt lat="45.9863" lon="13.97825">
        <ele>911.65</ele>
      </trkpt>
      <trkpt lat="45.98633" lon="13.97807">
        <ele>912.94</ele>
      </trkpt>
      <trkpt lat="45.98643" lon="13.9778">
        <ele>908.9</ele>
      </trkpt>
      <trkpt lat="45.98644" lon="13.97757">
        <ele>905.98</ele>
      </trkpt>
      <trkpt lat="45.98644" lon="13.97735">
        <ele>906.05</ele>
      </trkpt>
      <trkpt lat="45.98648" lon="13.9772">
        <ele>906.72</ele>
      </trkpt>
      <trkpt lat="45.98647" lon="13.97698">
        <ele>907.11</ele>
      </trkpt>
      <trkpt lat="45.98653" lon="13.97674">
        <ele>907.69</ele>
      </trkpt>
      <trkpt lat="45.9865" lon="13.97649">
        <ele>906.6</ele>
      </trkpt>
      <trkpt lat="45.98662" lon="13.97611">
        <ele>909.64</ele>
      </trkpt>
      <trkpt lat="45.98669" lon="13.97575">
        <ele>906.69</ele>
      </trkpt>
      <trkpt lat="45.98673" lon="13.97562">
        <ele>904.79</ele>
      </trkpt>
      <trkpt lat="45.98683" lon="13.97547">
        <ele>903.46</ele>
      </trkpt>
      <trkpt lat="45.98694" lon="13.97538">
        <ele>904.03</ele>
      </trkpt>
      <trkpt lat="45.98701" lon="13.9753">
        <ele>903.91</ele>
      </trkpt>
      <trkpt lat="45.98705" lon="13.97523">
        <ele>904.21</ele>
      </trkpt>
      <trkpt lat="45.98707" lon="13.97515">
        <ele>904.56</ele>
      </trkpt>
      <trkpt lat="45.98709" lon="13.97485">
        <ele>905.1</ele>
      </trkpt>
      <trkpt lat="45.98709" lon="13.97443">
        <ele>904.98</ele>
      </trkpt>
      <trkpt lat="45.98711" lon="13.97427">
        <ele>903.26</ele>
      </trkpt>
      <trkpt lat="45.98711" lon="13.97404">
        <ele>899.03</ele>
      </trkpt>
      <trkpt lat="45.98713" lon="13.97399">
        <ele>898.53</ele>
      </trkpt>
      <trkpt lat="45.98721" lon="13.97384">
        <ele>897.42</ele>
      </trkpt>
      <trkpt lat="45.98729" lon="13.97362">
        <ele>890.74</ele>
      </trkpt>
      <trkpt lat="45.98737" lon="13.97325">
        <ele>886.64</ele>
      </trkpt>
      <trkpt lat="45.98738" lon="13.97293">
        <ele>883.49</ele>
      </trkpt>
      <trkpt lat="45.98743" lon="13.97269">
        <ele>880.58</ele>
      </trkpt>
      <trkpt lat="45.98748" lon="13.97259">
        <ele>879.2</ele>
      </trkpt>
      <trkpt lat="45.9876" lon="13.97243">
        <ele>876.24</ele>
      </trkpt>
      <trkpt lat="45.98767" lon="13.97224">
        <ele>874.83</ele>
      </trkpt>
      <trkpt lat="45.98772" lon="13.97207">
        <ele>875.28</ele>
      </trkpt>
      <trkpt lat="45.98788" lon="13.97169">
        <ele>873.94</ele>
      </trkpt>
      <trkpt lat="45.98791" lon="13.9715">
        <ele>874.02</ele>
      </trkpt>
      <trkpt lat="45.988" lon="13.97116">
        <ele>873.11</ele>
      </trkpt>
      <trkpt lat="45.98814" lon="13.97089">
        <ele>873.97</ele>
      </trkpt>
      <trkpt lat="45.9882" lon="13.9707">
        <ele>876.79</ele>
      </trkpt>
      <trkpt lat="45.98835" lon="13.97044">
        <ele>886.47</ele>
      </trkpt>
      <trkpt lat="45.98855" lon="13.97024">
        <ele>898.11</ele>
      </trkpt>
      <trkpt lat="45.9886" lon="13.97013">
        <ele>901.36</ele>
      </trkpt>
      <trkpt lat="45.9887" lon="13.96981">
        <ele>909.46</ele>
      </trkpt>
      <trkpt lat="45.98882" lon="13.96954">
        <ele>915.41</ele>
      </trkpt>
      <trkpt lat="45.98884" lon="13.96945">
        <ele>916.56</ele>
      </trkpt>
      <trkpt lat="45.98884" lon="13.96915">
        <ele>915.61</ele>
      </trkpt>
      <trkpt lat="45.98888" lon="13.96897">
        <ele>916.21</ele>
      </trkpt>
      <trkpt lat="45.98898" lon="13.9688">
        <ele>914.04</ele>
      </trkpt>
      <trkpt lat="45.98904" lon="13.96872">
        <ele>912.99</ele>
      </trkpt>
      <trkpt lat="45.98908" lon="13.96858">
        <ele>912.21</ele>
      </trkpt>
      <trkpt lat="45.98909" lon="13.96832">
        <ele>911.43</ele>
      </trkpt>
      <trkpt lat="45.98905" lon="13.96808">
        <ele>910.78</ele>
      </trkpt>
      <trkpt lat="45.98905" lon="13.96797">
        <ele>911.1</ele>
      </trkpt>
      <trkpt lat="45.98907" lon="13.9679">
        <ele>911.69</ele>
      </trkpt>
      <trkpt lat="45.98911" lon="13.96785">
        <ele>912.57</ele>
      </trkpt>
      <trkpt lat="45.98937" lon="13.96766">
        <ele>908.93</ele>
      </trkpt>
      <trkpt lat="45.98946" lon="13.96754">
        <ele>907.69</ele>
      </trkpt>
      <trkpt lat="45.98953" lon="13.96734">
        <ele>903.76</ele>
      </trkpt>
      <trkpt lat="45.98958" lon="13.96712">
        <ele>899.77</ele>
      </trkpt>
      <trkpt lat="45.98995" lon="13.96653">
        <ele>892.51</ele>
      </trkpt>
      <trkpt lat="45.99007" lon="13.9662">
        <ele>898.02</ele>
      </trkpt>
      <trkpt lat="45.99016" lon="13.96616">
        <ele>903.33</ele>
      </trkpt>
      <trkpt lat="45.99036" lon="13.96615">
        <ele>910.49</ele>
      </trkpt>
      <trkpt lat="45.99055" lon="13.96611">
        <ele>913.96</ele>
      </trkpt>
      <trkpt lat="45.99089" lon="13.966">
        <ele>914.59</ele>
      </trkpt>
      <trkpt lat="45.99099" lon="13.96599">
        <ele>913.72</ele>
      </trkpt>
      <trkpt lat="45.99132" lon="13.96572">
        <ele>919.8</ele>
      </trkpt>
      <trkpt lat="45.99142" lon="13.96567">
        <ele>920.97</ele>
      </trkpt>
      <trkpt lat="45.99174" lon="13.96561">
        <ele>926.16</ele>
      </trkpt>
      <trkpt lat="45.992" lon="13.9656">
        <ele>925.98</ele>
      </trkpt>
      <trkpt lat="45.99213" lon="13.96554">
        <ele>927.22</ele>
      </trkpt>
      <trkpt lat="45.99227" lon="13.96537">
        <ele>929.67</ele>
      </trkpt>
      <trkpt lat="45.99234" lon="13.9651">
        <ele>931.17</ele>
      </trkpt>
      <trkpt lat="45.9924" lon="13.96499">
        <ele>931.88</ele>
      </trkpt>
      <trkpt lat="45.99246" lon="13.96495">
        <ele>932.49</ele>
      </trkpt>
      <trkpt lat="45.99275" lon="13.96483">
        <ele>930.7</ele>
      </trkpt>
      <trkpt lat="45.99286" lon="13.96472">
        <ele>930.53</ele>
      </trkpt>
      <trkpt lat="45.99289" lon="13.96465">
        <ele>930.24</ele>
      </trkpt>
      <trkpt lat="45.99294" lon="13.9644">
        <ele>930.2</ele>
      </trkpt>
      <trkpt lat="45.99299" lon="13.96424">
        <ele>930.13</ele>
      </trkpt>
      <trkpt lat="45.99307" lon="13.96411">
        <ele>931.56</ele>
      </trkpt>
      <trkpt lat="45.99314" lon="13.9641">
        <ele>931.53</ele>
      </trkpt>
      <trkpt lat="45.99332" lon="13.96414">
        <ele>929.14</ele>
      </trkpt>
      <trkpt lat="45.99361" lon="13.96417">
        <ele>934.82</ele>
      </trkpt>
      <trkpt lat="45.99375" lon="13.9641">
        <ele>932.92</ele>
      </trkpt>
      <trkpt lat="45.99385" lon="13.96401">
        <ele>933.04</ele>
      </trkpt>
      <trkpt lat="45.99399" lon="13.96382">
        <ele>935.26</ele>
      </trkpt>
      <trkpt lat="45.9941" lon="13.96347">
        <ele>941.22</ele>
      </trkpt>
      <trkpt lat="45.99427" lon="13.96312">
        <ele>942.46</ele>
      </trkpt>
      <trkpt lat="45.99431" lon="13.96294">
        <ele>944.95</ele>
      </trkpt>
      <trkpt lat="45.99434" lon="13.96288">
        <ele>945.49</ele>
      </trkpt>
      <trkpt lat="45.99448" lon="13.96272">
        <ele>945.58</ele>
      </trkpt>
      <trkpt lat="45.9948" lon="13.96248">
        <ele>946.04</ele>
      </trkpt>
      <trkpt lat="45.99491" lon="13.96234">
        <ele>946.13</ele>
      </trkpt>
      <trkpt lat="45.99498" lon="13.96209">
        <ele>949.61</ele>
      </trkpt>
      <trkpt lat="45.99502" lon="13.96199">
        <ele>950.18</ele>
      </trkpt>
      <trkpt lat="45.99506" lon="13.96163">
        <ele>955.24</ele>
      </trkpt>
      <trkpt lat="45.99508" lon="13.96154">
        <ele>956.05</ele>
      </trkpt>
      <trkpt lat="45.99519" lon="13.96128">
        <ele>957.1</ele>
      </trkpt>
      <trkpt lat="45.99534" lon="13.96104">
        <ele>954.79</ele>
      </trkpt>
      <trkpt lat="45.99564" lon="13.96069">
        <ele>943.46</ele>
      </trkpt>
      <trkpt lat="45.99591" lon="13.96042">
        <ele>934.26</ele>
      </trkpt>
      <trkpt lat="45.99597" lon="13.96033">
        <ele>932.13</ele>
      </trkpt>
      <trkpt lat="45.996" lon="13.96022">
        <ele>931.19</ele>
      </trkpt>
      <trkpt lat="45.99604" lon="13.95986">
        <ele>930.39</ele>
      </trkpt>
      <trkpt lat="45.99609" lon="13.95965">
        <ele>931.45</ele>
      </trkpt>
      <trkpt lat="45.99614" lon="13.95958">
        <ele>931.71</ele>
      </trkpt>
      <trkpt lat="45.99629" lon="13.95953">
        <ele>933.83</ele>
      </trkpt>
      <trkpt lat="45.99632" lon="13.9595">
        <ele>934.96</ele>
      </trkpt>
      <trkpt lat="45.99637" lon="13.9595">
        <ele>935.86</ele>
      </trkpt>
      <trkpt lat="45.99647" lon="13.95944">
        <ele>936.89</ele>
      </trkpt>
      <trkpt lat="45.99662" lon="13.95928">
        <ele>940.19</ele>
      </trkpt>
      <trkpt lat="45.99688" lon="13.95885">
        <ele>951.44</ele>
      </trkpt>
      <trkpt lat="45.99699" lon="13.95872">
        <ele>954.77</ele>
      </trkpt>
      <trkpt lat="45.99705" lon="13.95864">
        <ele>956.91</ele>
      </trkpt>
      <trkpt lat="45.99712" lon="13.9585">
        <ele>959.5</ele>
      </trkpt>
      <trkpt lat="45.99722" lon="13.95839">
        <ele>963.9</ele>
      </trkpt>
      <trkpt lat="45.9973" lon="13.95816">
        <ele>965.76</ele>
      </trkpt>
      <trkpt lat="45.99735" lon="13.95805">
        <ele>966.62</ele>
      </trkpt>
      <trkpt lat="45.9974" lon="13.95792">
        <ele>968.18</ele>
      </trkpt>
      <trkpt lat="45.99752" lon="13.95775">
        <ele>968.45</ele>
      </trkpt>
      <trkpt lat="45.9976" lon="13.9576">
        <ele>966.81</ele>
      </trkpt>
      <trkpt lat="45.99769" lon="13.95747">
        <ele>965.69</ele>
      </trkpt>
      <trkpt lat="45.99796" lon="13.95685">
        <ele>962.61</ele>
      </trkpt>
      <trkpt lat="45.99804" lon="13.95657">
        <ele>958.27</ele>
      </trkpt>
      <trkpt lat="45.99804" lon="13.95623">
        <ele>953.93</ele>
      </trkpt>
      <trkpt lat="45.99814" lon="13.95577">
        <ele>946.41</ele>
      </trkpt>
      <trkpt lat="45.99816" lon="13.95558">
        <ele>945.42</ele>
      </trkpt>
      <trkpt lat="45.99825" lon="13.95525">
        <ele>944.21</ele>
      </trkpt>
      <trkpt lat="45.99828" lon="13.95516">
        <ele>943.95</ele>
      </trkpt>
      <trkpt lat="45.99829" lon="13.9551">
        <ele>943.96</ele>
      </trkpt>
      <trkpt lat="45.99833" lon="13.95503">
        <ele>943.91</ele>
      </trkpt>
      <trkpt lat="45.99844" lon="13.95495">
        <ele>941.09</ele>
      </trkpt>
      <trkpt lat="45.99851" lon="13.95495">
        <ele>939.42</ele>
      </trkpt>
      <trkpt lat="45.99844" lon="13.955">
        <ele>941.31</ele>
      </trkpt>
      <trkpt lat="45.99842" lon="13.95505">
        <ele>941.52</ele>
      </trkpt>
      <trkpt lat="45.99842" lon="13.95518">
        <ele>940.76</ele>
      </trkpt>
      <trkpt lat="45.99844" lon="13.95518">
        <ele>940.17</ele>
      </trkpt>
      <trkpt lat="45.99852" lon="13.95512">
        <ele>938.28</ele>
      </trkpt>
      <trkpt lat="45.99857" lon="13.95504">
        <ele>937.65</ele>
      </trkpt>
      <trkpt lat="45.99864" lon="13.95498">
        <ele>936.09</ele>
      </trkpt>
      <trkpt lat="45.99896" lon="13.95481">
        <ele>928.02</ele>
      </trkpt>
      <trkpt lat="45.99903" lon="13.95473">
        <ele>927.32</ele>
      </trkpt>
      <trkpt lat="45.99915" lon="13.95448">
        <ele>931.08</ele>
      </trkpt>
      <trkpt lat="45.99919" lon="13.95449">
        <ele>930.72</ele>
      </trkpt>
      <trkpt lat="45.9992" lon="13.95457">
        <ele>928.29</ele>
      </trkpt>
      <trkpt lat="45.99929" lon="13.95482">
        <ele>919.93</ele>
      </trkpt>
      <trkpt lat="45.99942" lon="13.95496">
        <ele>913.01</ele>
      </trkpt>
      <trkpt lat="45.99948" lon="13.95515">
        <ele>906.95</ele>
      </trkpt>
      <trkpt lat="45.99951" lon="13.95533">
        <ele>901.98</ele>
      </trkpt>
      <trkpt lat="45.99969" lon="13.95535">
        <ele>899.53</ele>
      </trkpt>
      <trkpt lat="45.99987" lon="13.95527">
        <ele>902.83</ele>
      </trkpt>
      <trkpt lat="45.99995" lon="13.95521">
        <ele>905.46</ele>
      </trkpt>
      <trkpt lat="46.00003" lon="13.95511">
        <ele>908.25</ele>
      </trkpt>
      <trkpt lat="46.0002" lon="13.95481">
        <ele>915.12</ele>
      </trkpt>
      <trkpt lat="46.0003" lon="13.95458">
        <ele>921.05</ele>
      </trkpt>
      <trkpt lat="46.00048" lon="13.95434">
        <ele>925.18</ele>
      </trkpt>
      <trkpt lat="46.00064" lon="13.95419">
        <ele>924.1</ele>
      </trkpt>
      <trkpt lat="46.00072" lon="13.95413">
        <ele>923.02</ele>
      </trkpt>
      <trkpt lat="46.00078" lon="13.95406">
        <ele>923.16</ele>
      </trkpt>
      <trkpt lat="46.00086" lon="13.954">
        <ele>924.33</ele>
      </trkpt>
      <trkpt lat="46.00099" lon="13.95394">
        <ele>929.3</ele>
      </trkpt>
      <trkpt lat="46.00104" lon="13.95381">
        <ele>931.96</ele>
      </trkpt>
      <trkpt lat="46.00106" lon="13.9537">
        <ele>932.35</ele>
      </trkpt>
      <trkpt lat="46.00117" lon="13.95351">
        <ele>937.62</ele>
      </trkpt>
      <trkpt lat="46.00126" lon="13.95367">
        <ele>940.88</ele>
      </trkpt>
      <trkpt lat="46.00127" lon="13.95374">
        <ele>940.49</ele>
      </trkpt>
      <trkpt lat="46.00134" lon="13.95379">
        <ele>942.58</ele>
      </trkpt>
      <trkpt lat="46.00144" lon="13.95399">
        <ele>945.37</ele>
      </trkpt>
      <trkpt lat="46.00161" lon="13.95416">
        <ele>956.19</ele>
      </trkpt>
      <trkpt lat="46.00165" lon="13.95428">
        <ele>958.04</ele>
      </trkpt>
      <trkpt lat="46.00164" lon="13.95468">
        <ele>956.94</ele>
      </trkpt>
      <trkpt lat="46.00167" lon="13.9548">
        <ele>960.28</ele>
      </trkpt>
      <trkpt lat="46.00175" lon="13.95504">
        <ele>966.79</ele>
      </trkpt>
      <trkpt lat="46.00181" lon="13.95579">
        <ele>977.09</ele>
      </trkpt>
      <trkpt lat="46.00187" lon="13.95598">
        <ele>981.57</ele>
      </trkpt>
      <trkpt lat="46.0019" lon="13.95619">
        <ele>983.31</ele>
      </trkpt>
      <trkpt lat="46.00197" lon="13.95644">
        <ele>985.71</ele>
      </trkpt>
      <trkpt lat="46.00198" lon="13.95654">
        <ele>986.8</ele>
      </trkpt>
      <trkpt lat="46.00197" lon="13.9566">
        <ele>986.44</ele>
      </trkpt>
      <trkpt lat="46.00203" lon="13.95695">
        <ele>995.26</ele>
      </trkpt>
      <trkpt lat="46.00215" lon="13.95725">
        <ele>999.59</ele>
      </trkpt>
      <trkpt lat="46.00214" lon="13.95734">
        <ele>998.16</ele>
      </trkpt>
      <trkpt lat="46.00216" lon="13.95746">
        <ele>998.32</ele>
      </trkpt>
      <trkpt lat="46.00232" lon="13.95793">
        <ele>995.39</ele>
      </trkpt>
      <trkpt lat="46.00251" lon="13.95817">
        <ele>994.73</ele>
      </trkpt>
      <trkpt lat="46.00265" lon="13.9583">
        <ele>989.75</ele>
      </trkpt>
      <trkpt lat="46.00278" lon="13.95857">
        <ele>982.15</ele>
      </trkpt>
      <trkpt lat="46.0028" lon="13.9587">
        <ele>982.04</ele>
      </trkpt>
      <trkpt lat="46.00273" lon="13.95908">
        <ele>987.32</ele>
      </trkpt>
      <trkpt lat="46.00274" lon="13.95924">
        <ele>988.02</ele>
      </trkpt>
      <trkpt lat="46.00278" lon="13.95935">
        <ele>988.64</ele>
      </trkpt>
      <trkpt lat="46.00278" lon="13.95948">
        <ele>988.86</ele>
      </trkpt>
      <trkpt lat="46.00275" lon="13.95959">
        <ele>987.97</ele>
      </trkpt>
      <trkpt lat="46.00262" lon="13.95987">
        <ele>983.76</ele>
      </trkpt>
      <trkpt lat="46.00231" lon="13.96041">
        <ele>973.22</ele>
      </trkpt>
      <trkpt lat="46.00211" lon="13.96066">
        <ele>965.85</ele>
      </trkpt>
      <trkpt lat="46.00208" lon="13.9608">
        <ele>963.95</ele>
      </trkpt>
      <trkpt lat="46.00207" lon="13.96102">
        <ele>962.9</ele>
      </trkpt>
      <trkpt lat="46.00211" lon="13.96124">
        <ele>965.69</ele>
      </trkpt>
      <trkpt lat="46.00214" lon="13.96159">
        <ele>966.03</ele>
      </trkpt>
      <trkpt lat="46.00217" lon="13.96225">
        <ele>962.92</ele>
      </trkpt>
      <trkpt lat="46.00208" lon="13.96301">
        <ele>957.1</ele>
      </trkpt>
      <trkpt lat="46.00208" lon="13.96332">
        <ele>954.15</ele>
      </trkpt>
      <trkpt lat="46.0021" lon="13.96366">
        <ele>951.62</ele>
      </trkpt>
      <trkpt lat="46.00207" lon="13.96388">
        <ele>946.55</ele>
      </trkpt>
      <trkpt lat="46.00203" lon="13.96399">
        <ele>944.05</ele>
      </trkpt>
      <trkpt lat="46.00193" lon="13.96413">
        <ele>942.86</ele>
      </trkpt>
      <trkpt lat="46.00156" lon="13.96449">
        <ele>946.9</ele>
      </trkpt>
      <trkpt lat="46.00131" lon="13.96481">
        <ele>938.0</ele>
      </trkpt>
      <trkpt lat="46.00118" lon="13.96496">
        <ele>934.91</ele>
      </trkpt>
      <trkpt lat="46.00103" lon="13.96525">
        <ele>926.47</ele>
      </trkpt>
      <trkpt lat="46.00097" lon="13.96531">
        <ele>925.09</ele>
      </trkpt>
      <trkpt lat="46.00095" lon="13.96536">
        <ele>923.93</ele>
      </trkpt>
      <trkpt lat="46.00096" lon="13.96559">
        <ele>917.74</ele>
      </trkpt>
      <trkpt lat="46.00104" lon="13.96593">
        <ele>907.0</ele>
      </trkpt>
      <trkpt lat="46.00104" lon="13.96615">
        <ele>899.44</ele>
      </trkpt>
      <trkpt lat="46.00094" lon="13.96656">
        <ele>893.1</ele>
      </trkpt>
      <trkpt lat="46.00082" lon="13.96678">
        <ele>893.01</ele>
      </trkpt>
      <trkpt lat="46.00057" lon="13.96717">
        <ele>892.73</ele>
      </trkpt>
      <trkpt lat="46.00052" lon="13.96729">
        <ele>894.23</ele>
      </trkpt>
      <trkpt lat="46.00051" lon="13.96742">
        <ele>895.51</ele>
      </trkpt>
      <trkpt lat="46.00052" lon="13.96765">
        <ele>894.65</ele>
      </trkpt>
      <trkpt lat="46.00047" lon="13.96791">
        <ele>895.69</ele>
      </trkpt>
      <trkpt lat="46.0005" lon="13.96814">
        <ele>891.59</ele>
      </trkpt>
      <trkpt lat="46.00047" lon="13.96868">
        <ele>895.4</ele>
      </trkpt>
      <trkpt lat="46.00046" lon="13.96881">
        <ele>896.12</ele>
      </trkpt>
      <trkpt lat="46.00041" lon="13.969">
        <ele>896.94</ele>
      </trkpt>
      <trkpt lat="46.00036" lon="13.96964">
        <ele>891.56</ele>
      </trkpt>
      <trkpt lat="46.00035" lon="13.96991">
        <ele>889.4</ele>
      </trkpt>
      <trkpt lat="46.00031" lon="13.97015">
        <ele>887.12</ele>
      </trkpt>
      <trkpt lat="46.00031" lon="13.9704">
        <ele>882.58</ele>
      </trkpt>
      <trkpt lat="46.00027" lon="13.97049">
        <ele>882.81</ele>
      </trkpt>
      <trkpt lat="46.00016" lon="13.97063">
        <ele>882.7</ele>
      </trkpt>
      <trkpt lat="46.00001" lon="13.97103">
        <ele>882.36</ele>
      </trkpt>
      <trkpt lat="46.0" lon="13.97134">
        <ele>882.0</ele>
      </trkpt>
      <trkpt lat="45.99989" lon="13.97172">
        <ele>882.1</ele>
      </trkpt>
      <trkpt lat="45.99986" lon="13.97206">
        <ele>884.61</ele>
      </trkpt>
      <trkpt lat="45.99981" lon="13.97228">
        <ele>884.93</ele>
      </trkpt>
      <trkpt lat="45.99979" lon="13.97266">
        <ele>887.7</ele>
      </trkpt>
      <trkpt lat="45.9998" lon="13.97285">
        <ele>889.64</ele>
      </trkpt>
      <trkpt lat="45.99981" lon="13.97291">
        <ele>890.22</ele>
      </trkpt>
      <trkpt lat="45.99993" lon="13.97309">
        <ele>892.9</ele>
      </trkpt>
      <trkpt lat="46.0" lon="13.97327">
        <ele>894.0</ele>
      </trkpt>
      <trkpt lat="46.00017" lon="13.97362">
        <ele>892.0</ele>
      </trkpt>
      <trkpt lat="46.00022" lon="13.97377">
        <ele>891.85</ele>
      </trkpt>
      <trkpt lat="46.00023" lon="13.97382">
        <ele>891.87</ele>
      </trkpt>
      <trkpt lat="46.00022" lon="13.9741">
        <ele>892.9</ele>
      </trkpt>
      <trkpt lat="46.00023" lon="13.97417">
        <ele>892.82</ele>
      </trkpt>
      <trkpt lat="46.00027" lon="13.97431">
        <ele>890.53</ele>
      </trkpt>
      <trkpt lat="46.00029" lon="13.97434">
        <ele>890.0</ele>
      </trkpt>
      <trkpt lat="46.00033" lon="13.97438">
        <ele>889.29</ele>
      </trkpt>
      <trkpt lat="46.00047" lon="13.97442">
        <ele>888.27</ele>
      </trkpt>
      <trkpt lat="46.00053" lon="13.97446">
        <ele>888.18</ele>
      </trkpt>
      <trkpt lat="46.00061" lon="13.97453">
        <ele>888.99</ele>
      </trkpt>
      <trkpt lat="46.00065" lon="13.97462">
        <ele>890.25</ele>
      </trkpt>
      <trkpt lat="46.00063" lon="13.97476">
        <ele>891.24</ele>
      </trkpt>
      <trkpt lat="46.00053" lon="13.97499">
        <ele>890.42</ele>
      </trkpt>
      <trkpt lat="46.00051" lon="13.97512">
        <ele>889.51</ele>
      </trkpt>
      <trkpt lat="46.00048" lon="13.97515">
        <ele>888.68</ele>
      </trkpt>
      <trkpt lat="46.00056" lon="13.97552">
        <ele>890.04</ele>
      </trkpt>
      <trkpt lat="46.00056" lon="13.97597">
        <ele>886.18</ele>
      </trkpt>
      <trkpt lat="46.00061" lon="13.97625">
        <ele>887.96</ele>
      </trkpt>
      <trkpt lat="46.00065" lon="13.97635">
        <ele>889.88</ele>
      </trkpt>
      <trkpt lat="46.00079" lon="13.97649">
        <ele>894.57</ele>
      </trkpt>
      <trkpt lat="46.00082" lon="13.97658">
        <ele>895.08</ele>
      </trkpt>
      <trkpt lat="46.00077" lon="13.97692">
        <ele>895.72</ele>
      </trkpt>
      <trkpt lat="46.00081" lon="13.97717">
        <ele>893.0</ele>
      </trkpt>
      <trkpt lat="46.00078" lon="13.97762">
        <ele>889.06</ele>
      </trkpt>
      <trkpt lat="46.00071" lon="13.9779">
        <ele>884.07</ele>
      </trkpt>
      <trkpt lat="46.00069" lon="13.97809">
        <ele>881.91</ele>
      </trkpt>
      <trkpt lat="46.00071" lon="13.9782">
        <ele>879.96</ele>
      </trkpt>
      <trkpt lat="46.00074" lon="13.97859">
        <ele>873.08</ele>
      </trkpt>
      <trkpt lat="46.00084" lon="13.9788">
        <ele>873.05</ele>
      </trkpt>
      <trkpt lat="46.0009" lon="13.97902">
        <ele>871.65</ele>
      </trkpt>
      <trkpt lat="46.00093" lon="13.97935">
        <ele>870.12</ele>
      </trkpt>
      <trkpt lat="46.00106" lon="13.97977">
        <ele>868.59</ele>
      </trkpt>
      <trkpt lat="46.00119" lon="13.98005">
        <ele>869.54</ele>
      </trkpt>
      <trkpt lat="46.00125" lon="13.98034">
        <ele>864.6</ele>
      </trkpt>
      <trkpt lat="46.00127" lon="13.98041">
        <ele>863.88</ele>
      </trkpt>
      <trkpt lat="46.0013" lon="13.98042">
        <ele>864.18</ele>
      </trkpt>
      <trkpt lat="46.00136" lon="13.98039">
        <ele>865.39</ele>
      </trkpt>
      <trkpt lat="46.00149" lon="13.98046">
        <ele>862.61</ele>
      </trkpt>
      <trkpt lat="46.00172" lon="13.98067">
        <ele>855.74</ele>
      </trkpt>
      <trkpt lat="46.00183" lon="13.98079">
        <ele>853.38</ele>
      </trkpt>
      <trkpt lat="46.00187" lon="13.981">
        <ele>852.89</ele>
      </trkpt>
      <trkpt lat="46.00197" lon="13.98138">
        <ele>854.08</ele>
      </trkpt>
      <trkpt lat="46.00203" lon="13.9815">
        <ele>853.67</ele>
      </trkpt>
      <trkpt lat="46.00209" lon="13.98177">
        <ele>856.76</ele>
      </trkpt>
      <trkpt lat="46.0021" lon="13.98215">
        <ele>866.92</ele>
      </trkpt>
      <trkpt lat="46.00218" lon="13.98245">
        <ele>873.55</ele>
      </trkpt>
      <trkpt lat="46.00218" lon="13.98258">
        <ele>874.64</ele>
      </trkpt>
      <trkpt lat="46.00221" lon="13.98266">
        <ele>875.37</ele>
      </trkpt>
      <trkpt lat="46.0023" lon="13.98281">
        <ele>871.83</ele>
      </trkpt>
      <trkpt lat="46.00236" lon="13.983">
        <ele>867.85</ele>
      </trkpt>
      <trkpt lat="46.00234" lon="13.98315">
        <ele>867.6</ele>
      </trkpt>
      <trkpt lat="46.0023" lon="13.98324">
        <ele>868.3</ele>
      </trkpt>
      <trkpt lat="46.00227" lon="13.98338">
        <ele>868.01</ele>
      </trkpt>
      <trkpt lat="46.00218" lon="13.98365">
        <ele>866.69</ele>
      </trkpt>
      <trkpt lat="46.00217" lon="13.98367">
        <ele>866.47</ele>
      </trkpt>
      <trkpt lat="46.00216" lon="13.98366">
        <ele>866.62</ele>
      </trkpt>
      <trkpt lat="46.00216" lon="13.98366">
        <ele>866.62</ele>
      </trkpt>
      <trkpt lat="46.00215" lon="13.98365">
        <ele>866.77</ele>
      </trkpt>
      <trkpt lat="46.00217" lon="13.98364">
        <ele>866.84</ele>
      </trkpt>
      <trkpt lat="46.00221" lon="13.98364">
        <ele>866.72</ele>
      </trkpt>
      <trkpt lat="46.00216" lon="13.98366">
        <ele>866.62</ele>
      </trkpt>
      <trkpt lat="46.00228" lon="13.98392">
        <ele>862.17</ele>
      </trkpt>
      <trkpt lat="46.00254" lon="13.98398">
        <ele>854.85</ele>
      </trkpt>
      <trkpt lat="46.00285" lon="13.9843">
        <ele>842.11</ele>
      </trkpt>
      <trkpt lat="46.00252" lon="13.98456">
        <ele>850.64</ele>
      </trkpt>
      <trkpt lat="46.00255" lon="13.98468">
        <ele>846.75</ele>
      </trkpt>
      <trkpt lat="46.00247" lon="13.9847">
        <ele>848.99</ele>
      </trkpt>
      <trkpt lat="46.00231" lon="13.98478">
        <ele>850.66</ele>
      </trkpt>
      <trkpt lat="46.00223" lon="13.98479">
        <ele>852.11</ele>
      </trkpt>
      <trkpt lat="46.00208" lon="13.98476">
        <ele>853.03</ele>
      </trkpt>
      <trkpt lat="46.00203" lon="13.98477">
        <ele>853.06</ele>
      </trkpt>
      <trkpt lat="46.00198" lon="13.98481">
        <ele>852.65</ele>
      </trkpt>
      <trkpt lat="46.00191" lon="13.98496">
        <ele>850.93</ele>
      </trkpt>
      <trkpt lat="46.00184" lon="13.98532">
        <ele>848.88</ele>
      </trkpt>
      <trkpt lat="46.00175" lon="13.98551">
        <ele>849.01</ele>
      </trkpt>
      <trkpt lat="46.00177" lon="13.98563">
        <ele>848.18</ele>
      </trkpt>
      <trkpt lat="46.00193" lon="13.98589">
        <ele>846.28</ele>
      </trkpt>
      <trkpt lat="46.0021" lon="13.98648">
        <ele>847.42</ele>
      </trkpt>
      <trkpt lat="46.0022" lon="13.98667">
        <ele>848.26</ele>
      </trkpt>
      <trkpt lat="46.00228" lon="13.98691">
        <ele>842.23</ele>
      </trkpt>
      <trkpt lat="46.00228" lon="13.98706">
        <ele>840.83</ele>
      </trkpt>
      <trkpt lat="46.00225" lon="13.98716">
        <ele>840.27</ele>
      </trkpt>
      <trkpt lat="46.00215" lon="13.9874">
        <ele>835.25</ele>
      </trkpt>
      <trkpt lat="46.00202" lon="13.98763">
        <ele>828.28</ele>
      </trkpt>
      <trkpt lat="46.00199" lon="13.98771">
        <ele>826.88</ele>
      </trkpt>
      <trkpt lat="46.00191" lon="13.9881">
        <ele>823.02</ele>
      </trkpt>
      <trkpt lat="46.00189" lon="13.98829">
        <ele>822.69</ele>
      </trkpt>
      <trkpt lat="46.00194" lon="13.98834">
        <ele>823.58</ele>
      </trkpt>
      <trkpt lat="46.00204" lon="13.98838">
        <ele>821.82</ele>
      </trkpt>
      <trkpt lat="46.00222" lon="13.9884">
        <ele>820.88</ele>
      </trkpt>
      <trkpt lat="46.00247" lon="13.98838">
        <ele>818.38</ele>
      </trkpt>
      <trkpt lat="46.00263" lon="13.9884">
        <ele>811.65</ele>
      </trkpt>
      <trkpt lat="46.00269" lon="13.98839">
        <ele>810.28</ele>
      </trkpt>
      <trkpt lat="46.00284" lon="13.98834">
        <ele>809.44</ele>
      </trkpt>
      <trkpt lat="46.00311" lon="13.98818">
        <ele>808.8</ele>
      </trkpt>
      <trkpt lat="46.00345" lon="13.98788">
        <ele>807.37</ele>
      </trkpt>
      <trkpt lat="46.00363" lon="13.98778">
        <ele>802.73</ele>
      </trkpt>
      <trkpt lat="46.00372" lon="13.98762">
        <ele>800.4</ele>
      </trkpt>
      <trkpt lat="46.00377" lon="13.98749">
        <ele>799.39</ele>
      </trkpt>
      <trkpt lat="46.00384" lon="13.98708">
        <ele>803.54</ele>
      </trkpt>
      <trkpt lat="46.00387" lon="13.98698">
        <ele>807.48</ele>
      </trkpt>
      <trkpt lat="46.00389" lon="13.98696">
        <ele>808.4</ele>
      </trkpt>
      <trkpt lat="46.00404" lon="13.98715">
        <ele>804.91</ele>
      </trkpt>
      <trkpt lat="46.00446" lon="13.98758">
        <ele>808.95</ele>
      </trkpt>
      <trkpt lat="46.00452" lon="13.98763">
        <ele>808.78</ele>
      </trkpt>
      <trkpt lat="46.00462" lon="13.98775">
        <ele>808.74</ele>
      </trkpt>
      <trkpt lat="46.00473" lon="13.9878">
        <ele>810.01</ele>
      </trkpt>
      <trkpt lat="46.00483" lon="13.98779">
        <ele>810.07</ele>
      </trkpt>
      <trkpt lat="46.00487" lon="13.98784">
        <ele>810.48</ele>
      </trkpt>
      <trkpt lat="46.00494" lon="13.98802">
        <ele>812.73</ele>
      </trkpt>
      <trkpt lat="46.00493" lon="13.98804">
        <ele>812.82</ele>
      </trkpt>
      <trkpt lat="46.00507" lon="13.9887">
        <ele>814.24</ele>
      </trkpt>
      <trkpt lat="46.00507" lon="13.98877">
        <ele>813.23</ele>
      </trkpt>
      <trkpt lat="46.00503" lon="13.98895">
        <ele>809.62</ele>
      </trkpt>
      <trkpt lat="46.00503" lon="13.98901">
        <ele>808.61</ele>
      </trkpt>
      <trkpt lat="46.0051" lon="13.9894">
        <ele>804.34</ele>
      </trkpt>
      <trkpt lat="46.00512" lon="13.98964">
        <ele>799.28</ele>
      </trkpt>
      <trkpt lat="46.00517" lon="13.98983">
        <ele>793.49</ele>
      </trkpt>
      <trkpt lat="46.00528" lon="13.98998">
        <ele>789.82</ele>
      </trkpt>
      <trkpt lat="46.00541" lon="13.99007">
        <ele>787.89</ele>
      </trkpt>
      <trkpt lat="46.00551" lon="13.99018">
        <ele>784.13</ele>
      </trkpt>
      <trkpt lat="46.00568" lon="13.99033">
        <ele>780.74</ele>
      </trkpt>
      <trkpt lat="46.00585" lon="13.9905">
        <ele>778.85</ele>
      </trkpt>
      <trkpt lat="46.00611" lon="13.99067">
        <ele>778.69</ele>
      </trkpt>
      <trkpt lat="46.00628" lon="13.99086">
        <ele>768.1</ele>
      </trkpt>
      <trkpt lat="46.00638" lon="13.99098">
        <ele>760.94</ele>
      </trkpt>
      <trkpt lat="46.00655" lon="13.99112">
        <ele>752.92</ele>
      </trkpt>
      <trkpt lat="46.00661" lon="13.99121">
        <ele>750.52</ele>
      </trkpt>
      <trkpt lat="46.00667" lon="13.9913">
        <ele>748.91</ele>
      </trkpt>
      <trkpt lat="46.00667" lon="13.99136">
        <ele>748.27</ele>
      </trkpt>
      <trkpt lat="46.00664" lon="13.99136">
        <ele>748.28</ele>
      </trkpt>
      <trkpt lat="46.00663" lon="13.99134">
        <ele>748.54</ele>
      </trkpt>
      <trkpt lat="46.00653" lon="13.99135">
        <ele>748.34</ele>
      </trkpt>
      <trkpt lat="46.00653" lon="13.99134">
        <ele>748.56</ele>
      </trkpt>
      <trkpt lat="46.00652" lon="13.99132">
        <ele>749.0</ele>
      </trkpt>
      <trkpt lat="46.00656" lon="13.99146">
        <ele>746.55</ele>
      </trkpt>
      <trkpt lat="46.00671" lon="13.99178">
        <ele>743.97</ele>
      </trkpt>
      <trkpt lat="46.00691" lon="13.99228">
        <ele>740.65</ele>
      </trkpt>
      <trkpt lat="46.00692" lon="13.99235">
        <ele>740.02</ele>
      </trkpt>
      <trkpt lat="46.00689" lon="13.99275">
        <ele>732.75</ele>
      </trkpt>
      <trkpt lat="46.00693" lon="13.99293">
        <ele>726.77</ele>
      </trkpt>
      <trkpt lat="46.00703" lon="13.99307">
        <ele>722.34</ele>
      </trkpt>
      <trkpt lat="46.00712" lon="13.99314">
        <ele>721.94</ele>
      </trkpt>
      <trkpt lat="46.00736" lon="13.99339">
        <ele>715.68</ele>
      </trkpt>
      <trkpt lat="46.00743" lon="13.9935">
        <ele>713.35</ele>
      </trkpt>
      <trkpt lat="46.0075" lon="13.99367">
        <ele>711.36</ele>
      </trkpt>
      <trkpt lat="46.00752" lon="13.99379">
        <ele>709.97</ele>
      </trkpt>
      <trkpt lat="46.00748" lon="13.99411">
        <ele>706.69</ele>
      </trkpt>
      <trkpt lat="46.00748" lon="13.99427">
        <ele>705.09</ele>
      </trkpt>
      <trkpt lat="46.00754" lon="13.99457">
        <ele>703.02</ele>
      </trkpt>
      <trkpt lat="46.00748" lon="13.9948">
        <ele>700.15</ele>
      </trkpt>
      <trkpt lat="46.00746" lon="13.99505">
        <ele>696.08</ele>
      </trkpt>
      <trkpt lat="46.00748" lon="13.99516">
        <ele>695.11</ele>
      </trkpt>
      <trkpt lat="46.00753" lon="13.99525">
        <ele>695.12</ele>
      </trkpt>
      <trkpt lat="46.00754" lon="13.99533">
        <ele>693.71</ele>
      </trkpt>
      <trkpt lat="46.00754" lon="13.99555">
        <ele>688.85</ele>
      </trkpt>
      <trkpt lat="46.00751" lon="13.99568">
        <ele>684.25</ele>
      </trkpt>
      <trkpt lat="46.00752" lon="13.99618">
        <ele>675.94</ele>
      </trkpt>
      <trkpt lat="46.00763" lon="13.99656">
        <ele>670.07</ele>
      </trkpt>
      <trkpt lat="46.00771" lon="13.99673">
        <ele>668.29</ele>
      </trkpt>
      <trkpt lat="46.00784" lon="13.99691">
        <ele>669.06</ele>
      </trkpt>
      <trkpt lat="46.0079" lon="13.99705">
        <ele>667.41</ele>
      </trkpt>
      <trkpt lat="46.00791" lon="13.99722">
        <ele>661.79</ele>
      </trkpt>
      <trkpt lat="46.00801" lon="13.99757">
        <ele>656.73</ele>
      </trkpt>
      <trkpt lat="46.00799" lon="13.99773">
        <ele>652.63</ele>
      </trkpt>
      <trkpt lat="46.00799" lon="13.9978">
        <ele>650.98</ele>
      </trkpt>
      <trkpt lat="46.00802" lon="13.99797">
        <ele>646.76</ele>
      </trkpt>
      <trkpt lat="46.00806" lon="13.99811">
        <ele>643.53</ele>
      </trkpt>
      <trkpt lat="46.00814" lon="13.99828">
        <ele>640.36</ele>
      </trkpt>
      <trkpt lat="46.0082" lon="13.99836">
        <ele>639.3</ele>
      </trkpt>
      <trkpt lat="46.00826" lon="13.99841">
        <ele>639.0</ele>
      </trkpt>
      <trkpt lat="46.00832" lon="13.99852">
        <ele>636.7</ele>
      </trkpt>
      <trkpt lat="46.00832" lon="13.99852">
        <ele>636.7</ele>
      </trkpt>
      <trkpt lat="46.00831" lon="13.99847">
        <ele>638.11</ele>
      </trkpt>
      <trkpt lat="46.00835" lon="13.99854">
        <ele>636.84</ele>
      </trkpt>
      <trkpt lat="46.00842" lon="13.9987">
        <ele>635.53</ele>
      </trkpt>
      <trkpt lat="46.00846" lon="13.99893">
        <ele>633.38</ele>
      </trkpt>
      <trkpt lat="46.00852" lon="13.99907">
        <ele>632.56</ele>
      </trkpt>
      <trkpt lat="46.0087" lon="13.99935">
        <ele>626.9</ele>
      </trkpt>
      <trkpt lat="46.00878" lon="13.99943">
        <ele>622.84</ele>
      </trkpt>
      <trkpt lat="46.00891" lon="13.9995">
        <ele>618.74</ele>
      </trkpt>
      <trkpt lat="46.00921" lon="13.99958">
        <ele>615.94</ele>
      </trkpt>
      <trkpt lat="46.00934" lon="13.99966">
        <ele>612.62</ele>
      </trkpt>
      <trkpt lat="46.00959" lon="13.99998">
        <ele>601.82</ele>
      </trkpt>
      <trkpt lat="46.00973" lon="14.00009">
        <ele>598.29</ele>
      </trkpt>
      <trkpt lat="46.00982" lon="14.00017">
        <ele>595.96</ele>
      </trkpt>
      <trkpt lat="46.01" lon="14.00045">
        <ele>591.14</ele>
      </trkpt>
      <trkpt lat="46.00999" lon="14.00043">
        <ele>591.39</ele>
      </trkpt>
      <trkpt lat="46.01001" lon="14.00046">
        <ele>590.91</ele>
      </trkpt>
      <trkpt lat="46.01005" lon="14.00045">
        <ele>590.53</ele>
      </trkpt>
      <trkpt lat="46.0101" lon="14.0005">
        <ele>589.45</ele>
      </trkpt>
      <trkpt lat="46.01012" lon="14.00056">
        <ele>588.72</ele>
      </trkpt>
      <trkpt lat="46.01011" lon="14.00059">
        <ele>588.91</ele>
      </trkpt>
      <trkpt lat="46.01006" lon="14.00064">
        <ele>589.48</ele>
      </trkpt>
      <trkpt lat="46.01002" lon="14.00064">
        <ele>589.83</ele>
      </trkpt>
      <trkpt lat="46.01002" lon="14.00072">
        <ele>589.87</ele>
      </trkpt>
      <trkpt lat="46.00998" lon="14.00074">
        <ele>589.86</ele>
      </trkpt>
      <trkpt lat="46.00999" lon="14.00072">
        <ele>589.94</ele>
      </trkpt>
      <trkpt lat="46.01" lon="14.00073">
        <ele>590.0</ele>
      </trkpt>
      <trkpt lat="46.01009" lon="14.0009">
        <ele>590.63</ele>
      </trkpt>
      <trkpt lat="46.0101" lon="14.00084">
        <ele>589.74</ele>
      </trkpt>
      <trkpt lat="46.01007" lon="14.00059">
        <ele>589.31</ele>
      </trkpt>
      <trkpt lat="46.0101" lon="14.00053">
        <ele>589.16</ele>
      </trkpt>
      <trkpt lat="46.01016" lon="14.00049">
        <ele>588.84</ele>
      </trkpt>
      <trkpt lat="46.01012" lon="14.00048">
        <ele>589.4</ele>
      </trkpt>
      <trkpt lat="46.01011" lon="14.0005">
        <ele>589.33</ele>
      </trkpt>
      <trkpt lat="46.01009" lon="14.00054">
        <ele>589.18</ele>
      </trkpt>
      <trkpt lat="46.0101" lon="14.00057">
        <ele>588.96</ele>
      </trkpt>
      <trkpt lat="46.01013" lon="14.00058">
        <ele>588.68</ele>
      </trkpt>
      <trkpt lat="46.01013" lon="14.00059">
        <ele>588.71</ele>
      </trkpt>
      <trkpt lat="46.0101" lon="14.00057">
        <ele>588.96</ele>
      </trkpt>
      <trkpt lat="46.01011" lon="14.00051">
        <ele>589.24</ele>
      </trkpt>
      <trkpt lat="46.01051" lon="14.00034">
        <ele>589.58</ele>
      </trkpt>
      <trkpt lat="46.01059" lon="14.00034">
        <ele>589.24</ele>
      </trkpt>
      <trkpt lat="46.0107" lon="14.00043">
        <ele>589.23</ele>
      </trkpt>
      <trkpt lat="46.01078" lon="14.00045">
        <ele>589.74</ele>
      </trkpt>
      <trkpt lat="46.01085" lon="14.00045">
        <ele>590.08</ele>
      </trkpt>
      <trkpt lat="46.01089" lon="14.00041">
        <ele>589.16</ele>
      </trkpt>
      <trkpt lat="46.01099" lon="14.00039">
        <ele>590.04</ele>
      </trkpt>
      <trkpt lat="46.01103" lon="14.00041">
        <ele>591.44</ele>
      </trkpt>
      <trkpt lat="46.01109" lon="14.00047">
        <ele>594.59</ele>
      </trkpt>
      <trkpt lat="46.01111" lon="14.00053">
        <ele>597.06</ele>
      </trkpt>
      <trkpt lat="46.01113" lon="14.00054">
        <ele>597.9</ele>
      </trkpt>
      <trkpt lat="46.01118" lon="14.00054">
        <ele>599.13</ele>
      </trkpt>
      <trkpt lat="46.0113" lon="14.00047">
        <ele>599.05</ele>
      </trkpt>
      <trkpt lat="46.01151" lon="14.00056">
        <ele>609.06</ele>
      </trkpt>
      <trkpt lat="46.01167" lon="14.00058">
        <ele>614.59</ele>
      </trkpt>
      <trkpt lat="46.01175" lon="14.00057">
        <ele>613.54</ele>
      </trkpt>
      <trkpt lat="46.01182" lon="14.00054">
        <ele>611.88</ele>
      </trkpt>
      <trkpt lat="46.01189" lon="14.00046">
        <ele>608.42</ele>
      </trkpt>
      <trkpt lat="46.01202" lon="14.00036">
        <ele>604.47</ele>
      </trkpt>
      <trkpt lat="46.0121" lon="14.00038">
        <ele>605.86</ele>
      </trkpt>
      <trkpt lat="46.0122" lon="14.00042">
        <ele>608.45</ele>
      </trkpt>
      <trkpt lat="46.01228" lon="14.00049">
        <ele>612.61</ele>
      </trkpt>
      <trkpt lat="46.01238" lon="14.00064">
        <ele>620.01</ele>
      </trkpt>
      <trkpt lat="46.01248" lon="14.00072">
        <ele>623.79</ele>
      </trkpt>
      <trkpt lat="46.01278" lon="14.00082">
        <ele>622.75</ele>
      </trkpt>
      <trkpt lat="46.01282" lon="14.00082">
        <ele>624.32</ele>
      </trkpt>
      <trkpt lat="46.01284" lon="14.0008">
        <ele>624.57</ele>
      </trkpt>
      <trkpt lat="46.01293" lon="14.00064">
        <ele>623.39</ele>
      </trkpt>
      <trkpt lat="46.01298" lon="14.00061">
        <ele>624.21</ele>
      </trkpt>
      <trkpt lat="46.013" lon="14.00064">
        <ele>625.81</ele>
      </trkpt>
      <trkpt lat="46.01299" lon="14.00071">
        <ele>627.62</ele>
      </trkpt>
      <trkpt lat="46.01292" lon="14.0008">
        <ele>627.67</ele>
      </trkpt>
      <trkpt lat="46.01282" lon="14.00088">
        <ele>626.31</ele>
      </trkpt>
      <trkpt lat="46.01268" lon="14.00093">
        <ele>627.52</ele>
      </trkpt>
      <trkpt lat="46.01253" lon="14.00101">
        <ele>631.48</ele>
      </trkpt>
      <trkpt lat="46.0124" lon="14.00101">
        <ele>633.52</ele>
      </trkpt>
      <trkpt lat="46.01215" lon="14.00094">
        <ele>631.62</ele>
      </trkpt>
      <trkpt lat="46.01208" lon="14.00096">
        <ele>631.56</ele>
      </trkpt>
      <trkpt lat="46.01199" lon="14.00102">
        <ele>633.17</ele>
      </trkpt>
      <trkpt lat="46.01192" lon="14.00113">
        <ele>637.9</ele>
      </trkpt>
      <trkpt lat="46.01181" lon="14.00126">
        <ele>643.69</ele>
      </trkpt>
      <trkpt lat="46.01162" lon="14.00135">
        <ele>641.61</ele>
      </trkpt>
      <trkpt lat="46.01145" lon="14.00151">
        <ele>642.63</ele>
      </trkpt>
      <trkpt lat="46.01135" lon="14.00155">
        <ele>641.33</ele>
      </trkpt>
      <trkpt lat="46.0112" lon="14.00165">
        <ele>641.13</ele>
      </trkpt>
      <trkpt lat="46.01106" lon="14.00171">
        <ele>636.31</ele>
      </trkpt>
      <trkpt lat="46.01101" lon="14.00176">
        <ele>635.66</ele>
      </trkpt>
      <trkpt lat="46.01101" lon="14.0018">
        <ele>637.27</ele>
      </trkpt>
      <trkpt lat="46.01103" lon="14.00181">
        <ele>638.87</ele>
      </trkpt>
      <trkpt lat="46.01106" lon="14.0018">
        <ele>640.22</ele>
      </trkpt>
      <trkpt lat="46.01115" lon="14.0017">
        <ele>640.83</ele>
      </trkpt>
      <trkpt lat="46.01123" lon="14.00167">
        <ele>644.01</ele>
      </trkpt>
      <trkpt lat="46.0113" lon="14.00167">
        <ele>648.05</ele>
      </trkpt>
      <trkpt lat="46.0115" lon="14.00171">
        <ele>659.68</ele>
      </trkpt>
      <trkpt lat="46.01161" lon="14.00167">
        <ele>661.93</ele>
      </trkpt>
      <trkpt lat="46.01168" lon="14.00163">
        <ele>661.73</ele>
      </trkpt>
      <trkpt lat="46.01179" lon="14.00159">
        <ele>660.58</ele>
      </trkpt>
      <trkpt lat="46.01191" lon="14.00154">
        <ele>660.26</ele>
      </trkpt>
      <trkpt lat="46.01202" lon="14.00152">
        <ele>658.49</ele>
      </trkpt>
      <trkpt lat="46.01209" lon="14.00154">
        <ele>657.47</ele>
      </trkpt>
      <trkpt lat="46.01228" lon="14.00167">
        <ele>659.91</ele>
      </trkpt>
      <trkpt lat="46.01243" lon="14.00168">
        <ele>665.15</ele>
      </trkpt>
      <trkpt lat="46.01248" lon="14.00166">
        <ele>665.12</ele>
      </trkpt>
      <trkpt lat="46.01259" lon="14.00166">
        <ele>667.92</ele>
      </trkpt>
      <trkpt lat="46.01279" lon="14.00179">
        <ele>681.48</ele>
      </trkpt>
      <trkpt lat="46.0128" lon="14.00177">
        <ele>680.15</ele>
      </trkpt>
      <trkpt lat="46.01285" lon="14.00179">
        <ele>681.7</ele>
      </trkpt>
      <trkpt lat="46.01306" lon="14.0019">
        <ele>690.15</ele>
      </trkpt>
      <trkpt lat="46.01318" lon="14.00194">
        <ele>697.67</ele>
      </trkpt>
      <trkpt lat="46.01325" lon="14.00195">
        <ele>700.87</ele>
      </trkpt>
      <trkpt lat="46.01334" lon="14.00191">
        <ele>702.8</ele>
      </trkpt>
      <trkpt lat="46.01356" lon="14.00178">
        <ele>707.17</ele>
      </trkpt>
      <trkpt lat="46.01364" lon="14.00166">
        <ele>706.15</ele>
      </trkpt>
      <trkpt lat="46.01369" lon="14.00157">
        <ele>703.69</ele>
      </trkpt>
      <trkpt lat="46.01388" lon="14.00098">
        <ele>700.91</ele>
      </trkpt>
      <trkpt lat="46.01404" lon="14.00075">
        <ele>709.24</ele>
      </trkpt>
      <trkpt lat="46.01408" lon="14.00059">
        <ele>709.11</ele>
      </trkpt>
      <trkpt lat="46.01409" lon="14.00036">
        <ele>702.31</ele>
      </trkpt>
      <trkpt lat="46.01411" lon="14.00027">
        <ele>700.14</ele>
      </trkpt>
      <trkpt lat="46.01417" lon="14.00017">
        <ele>700.0</ele>
      </trkpt>
      <trkpt lat="46.01432" lon="14.00004">
        <ele>699.86</ele>
      </trkpt>
      <trkpt lat="46.01439" lon="14.00005">
        <ele>701.99</ele>
      </trkpt>
      <trkpt lat="46.01449" lon="14.0001">
        <ele>706.24</ele>
      </trkpt>
      <trkpt lat="46.01472" lon="14.00009">
        <ele>708.48</ele>
      </trkpt>
      <trkpt lat="46.01478" lon="14.0001">
        <ele>709.14</ele>
      </trkpt>
      <trkpt lat="46.01491" lon="14.00015">
        <ele>712.6</ele>
      </trkpt>
      <trkpt lat="46.01505" lon="14.00016">
        <ele>712.15</ele>
      </trkpt>
      <trkpt lat="46.0151" lon="14.00019">
        <ele>712.63</ele>
      </trkpt>
      <trkpt lat="46.01514" lon="14.00024">
        <ele>714.28</ele>
      </trkpt>
      <trkpt lat="46.01521" lon="14.00044">
        <ele>723.63</ele>
      </trkpt>
      <trkpt lat="46.01525" lon="14.00051">
        <ele>726.81</ele>
      </trkpt>
      <trkpt lat="46.01539" lon="14.00064">
        <ele>730.89</ele>
      </trkpt>
      <trkpt lat="46.0155" lon="14.00067">
        <ele>729.72</ele>
      </trkpt>
      <trkpt lat="46.01566" lon="14.00068">
        <ele>726.81</ele>
      </trkpt>
      <trkpt lat="46.01578" lon="14.00066">
        <ele>723.74</ele>
      </trkpt>
      <trkpt lat="46.01591" lon="14.00071">
        <ele>723.92</ele>
      </trkpt>
      <trkpt lat="46.01606" lon="14.00075">
        <ele>723.39</ele>
      </trkpt>
      <trkpt lat="46.01631" lon="14.00076">
        <ele>725.47</ele>
      </trkpt>
      <trkpt lat="46.01638" lon="14.00082">
        <ele>726.8</ele>
      </trkpt>
      <trkpt lat="46.01644" lon="14.00093">
        <ele>726.56</ele>
      </trkpt>
      <trkpt lat="46.01648" lon="14.00094">
        <ele>726.17</ele>
      </trkpt>
      <trkpt lat="46.01646" lon="14.00093">
        <ele>726.39</ele>
      </trkpt>
      <trkpt lat="46.01642" lon="14.00089">
        <ele>726.8</ele>
      </trkpt>
      <trkpt lat="46.01637" lon="14.0009">
        <ele>726.89</ele>
      </trkpt>
      <trkpt lat="46.01633" lon="14.00093">
        <ele>726.81</ele>
      </trkpt>
      <trkpt lat="46.0163" lon="14.00098">
        <ele>727.05</ele>
      </trkpt>
      <trkpt lat="46.01632" lon="14.00092">
        <ele>726.72</ele>
      </trkpt>
      <trkpt lat="46.01631" lon="14.00098">
        <ele>727.05</ele>
      </trkpt>
      <trkpt lat="46.01628" lon="14.00103">
        <ele>727.49</ele>
      </trkpt>
      <trkpt lat="46.01625" lon="14.00104">
        <ele>727.73</ele>
      </trkpt>
      <trkpt lat="46.01619" lon="14.00102">
        <ele>727.74</ele>
      </trkpt>
      <trkpt lat="46.016" lon="14.00111">
        <ele>733.17</ele>
      </trkpt>
      <trkpt lat="46.01592" lon="14.0012">
        <ele>737.12</ele>
      </trkpt>
      <trkpt lat="46.01586" lon="14.00124">
        <ele>739.88</ele>
      </trkpt>
      <trkpt lat="46.01581" lon="14.00123">
        <ele>741.44</ele>
      </trkpt>
      <trkpt lat="46.01574" lon="14.00132">
        <ele>746.12</ele>
      </trkpt>
      <trkpt lat="46.01565" lon="14.00141">
        <ele>751.36</ele>
      </trkpt>
      <trkpt lat="46.01562" lon="14.00148">
        <ele>752.95</ele>
      </trkpt>
      <trkpt lat="46.01556" lon="14.0015">
        <ele>755.61</ele>
      </trkpt>
      <trkpt lat="46.01548" lon="14.00169">
        <ele>760.66</ele>
      </trkpt>
      <trkpt lat="46.01541" lon="14.00172">
        <ele>763.99</ele>
      </trkpt>
      <trkpt lat="46.01532" lon="14.00185">
        <ele>768.22</ele>
      </trkpt>
      <trkpt lat="46.01528" lon="14.00185">
        <ele>769.91</ele>
      </trkpt>
      <trkpt lat="46.01521" lon="14.00194">
        <ele>771.7</ele>
      </trkpt>
      <trkpt lat="46.01517" lon="14.00192">
        <ele>772.65</ele>
      </trkpt>
      <trkpt lat="46.01513" lon="14.00193">
        <ele>773.67</ele>
      </trkpt>
      <trkpt lat="46.01508" lon="14.002">
        <ele>774.78</ele>
      </trkpt>
      <trkpt lat="46.01505" lon="14.00207">
        <ele>775.29</ele>
      </trkpt>
      <trkpt lat="46.01493" lon="14.00221">
        <ele>775.04</ele>
      </trkpt>
      <trkpt lat="46.01493" lon="14.00229">
        <ele>774.87</ele>
      </trkpt>
      <trkpt lat="46.01488" lon="14.00235">
        <ele>773.87</ele>
      </trkpt>
      <trkpt lat="46.01485" lon="14.00244">
        <ele>772.99</ele>
      </trkpt>
      <trkpt lat="46.01476" lon="14.00255">
        <ele>771.49</ele>
      </trkpt>
      <trkpt lat="46.01474" lon="14.00265">
        <ele>772.47</ele>
      </trkpt>
      <trkpt lat="46.01471" lon="14.00292">
        <ele>779.01</ele>
      </trkpt>
      <trkpt lat="46.01472" lon="14.00307">
        <ele>784.86</ele>
      </trkpt>
      <trkpt lat="46.01467" lon="14.0032">
        <ele>791.88</ele>
      </trkpt>
      <trkpt lat="46.01457" lon="14.00328">
        <ele>794.32</ele>
      </trkpt>
      <trkpt lat="46.01453" lon="14.00338">
        <ele>797.87</ele>
      </trkpt>
      <trkpt lat="46.01446" lon="14.00373">
        <ele>813.85</ele>
      </trkpt>
      <trkpt lat="46.01441" lon="14.00387">
        <ele>822.12</ele>
      </trkpt>
      <trkpt lat="46.01441" lon="14.00394">
        <ele>823.14</ele>
      </trkpt>
      <trkpt lat="46.01439" lon="14.00409">
        <ele>822.94</ele>
      </trkpt>
      <trkpt lat="46.01425" lon="14.0043">
        <ele>829.77</ele>
      </trkpt>
      <trkpt lat="46.01418" lon="14.00436">
        <ele>832.43</ele>
      </trkpt>
      <trkpt lat="46.01397" lon="14.00469">
        <ele>836.6</ele>
      </trkpt>
      <trkpt lat="46.01393" lon="14.00475">
        <ele>837.23</ele>
      </trkpt>
      <trkpt lat="46.01382" lon="14.00483">
        <ele>837.1</ele>
      </trkpt>
      <trkpt lat="46.01368" lon="14.00503">
        <ele>838.15</ele>
      </trkpt>
      <trkpt lat="46.01358" lon="14.00536">
        <ele>836.56</ele>
      </trkpt>
      <trkpt lat="46.01346" lon="14.00556">
        <ele>836.28</ele>
      </trkpt>
      <trkpt lat="46.01347" lon="14.00585">
        <ele>836.5</ele>
      </trkpt>
      <trkpt lat="46.0134" lon="14.00613">
        <ele>835.17</ele>
      </trkpt>
      <trkpt lat="46.01334" lon="14.00627">
        <ele>832.37</ele>
      </trkpt>
      <trkpt lat="46.01328" lon="14.00636">
        <ele>830.19</ele>
      </trkpt>
      <trkpt lat="46.01317" lon="14.00662">
        <ele>828.6</ele>
      </trkpt>
      <trkpt lat="46.01317" lon="14.00674">
        <ele>830.32</ele>
      </trkpt>
      <trkpt lat="46.01314" lon="14.00691">
        <ele>833.76</ele>
      </trkpt>
      <trkpt lat="46.01316" lon="14.00717">
        <ele>833.02</ele>
      </trkpt>
      <trkpt lat="46.01314" lon="14.00726">
        <ele>832.12</ele>
      </trkpt>
      <trkpt lat="46.01305" lon="14.0075">
        <ele>832.94</ele>
      </trkpt>
      <trkpt lat="46.01301" lon="14.00785">
        <ele>829.73</ele>
      </trkpt>
      <trkpt lat="46.01297" lon="14.00795">
        <ele>829.45</ele>
      </trkpt>
      <trkpt lat="46.01296" lon="14.0081">
        <ele>829.25</ele>
      </trkpt>
      <trkpt lat="46.01293" lon="14.00819">
        <ele>830.06</ele>
      </trkpt>
      <trkpt lat="46.01295" lon="14.00838">
        <ele>830.73</ele>
      </trkpt>
      <trkpt lat="46.01305" lon="14.00865">
        <ele>831.03</ele>
      </trkpt>
      <trkpt lat="46.01311" lon="14.00887">
        <ele>828.83</ele>
      </trkpt>
      <trkpt lat="46.01315" lon="14.00905">
        <ele>830.93</ele>
      </trkpt>
      <trkpt lat="46.01316" lon="14.00922">
        <ele>832.73</ele>
      </trkpt>
      <trkpt lat="46.01302" lon="14.00973">
        <ele>831.31</ele>
      </trkpt>
      <trkpt lat="46.01298" lon="14.01">
        <ele>825.27</ele>
      </trkpt>
      <trkpt lat="46.01286" lon="14.01029">
        <ele>820.23</ele>
      </trkpt>
      <trkpt lat="46.0128" lon="14.01055">
        <ele>818.94</ele>
      </trkpt>
      <trkpt lat="46.01278" lon="14.01098">
        <ele>818.38</ele>
      </trkpt>
      <trkpt lat="46.0128" lon="14.01106">
        <ele>817.28</ele>
      </trkpt>
      <trkpt lat="46.01283" lon="14.01104">
        <ele>817.11</ele>
      </trkpt>
      <trkpt lat="46.01277" lon="14.01106">
        <ele>817.4</ele>
      </trkpt>
      <trkpt lat="46.01275" lon="14.01118">
        <ele>815.81</ele>
      </trkpt>
      <trkpt lat="46.01271" lon="14.01127">
        <ele>814.34</ele>
      </trkpt>
      <trkpt lat="46.01276" lon="14.01119">
        <ele>815.86</ele>
      </trkpt>
      <trkpt lat="46.01275" lon="14.01117">
        <ele>815.91</ele>
      </trkpt>
      <trkpt lat="46.0127" lon="14.01132">
        <ele>813.77</ele>
      </trkpt>
      <trkpt lat="46.01267" lon="14.01152">
        <ele>810.74</ele>
      </trkpt>
      <trkpt lat="46.01262" lon="14.0116">
        <ele>809.46</ele>
      </trkpt>
      <trkpt lat="46.01254" lon="14.01185">
        <ele>805.65</ele>
      </trkpt>
      <trkpt lat="46.01255" lon="14.01193">
        <ele>804.25</ele>
      </trkpt>
      <trkpt lat="46.0126" lon="14.01212">
        <ele>806.02</ele>
      </trkpt>
      <trkpt lat="46.01263" lon="14.01239">
        <ele>806.87</ele>
      </trkpt>
      <trkpt lat="46.01263" lon="14.01241">
        <ele>806.89</ele>
      </trkpt>
      <trkpt lat="46.01261" lon="14.0124">
        <ele>807.01</ele>
      </trkpt>
      <trkpt lat="46.01266" lon="14.01251">
        <ele>807.06</ele>
      </trkpt>
      <trkpt lat="46.01266" lon="14.01257">
        <ele>807.39</ele>
      </trkpt>
      <trkpt lat="46.01264" lon="14.01275">
        <ele>808.78</ele>
      </trkpt>
      <trkpt lat="46.01259" lon="14.01285">
        <ele>809.62</ele>
      </trkpt>
      <trkpt lat="46.01257" lon="14.01292">
        <ele>809.59</ele>
      </trkpt>
      <trkpt lat="46.01257" lon="14.01305">
        <ele>808.77</ele>
      </trkpt>
      <trkpt lat="46.01258" lon="14.01313">
        <ele>807.64</ele>
      </trkpt>
      <trkpt lat="46.01259" lon="14.01312">
        <ele>807.6</ele>
      </trkpt>
      <trkpt lat="46.01259" lon="14.01313">
        <ele>807.48</ele>
      </trkpt>
      <trkpt lat="46.0126" lon="14.01319">
        <ele>806.61</ele>
      </trkpt>
      <trkpt lat="46.01257" lon="14.01308">
        <ele>808.43</ele>
      </trkpt>
      <trkpt lat="46.01259" lon="14.01308">
        <ele>808.09</ele>
      </trkpt>
      <trkpt lat="46.01265" lon="14.01336">
        <ele>804.34</ele>
      </trkpt>
      <trkpt lat="46.01267" lon="14.01343">
        <ele>804.11</ele>
      </trkpt>
      <trkpt lat="46.01271" lon="14.01348">
        <ele>803.87</ele>
      </trkpt>
      <trkpt lat="46.01274" lon="14.01366">
        <ele>803.8</ele>
      </trkpt>
      <trkpt lat="46.01273" lon="14.01372">
        <ele>803.54</ele>
      </trkpt>
      <trkpt lat="46.01269" lon="14.01379">
        <ele>803.15</ele>
      </trkpt>
      <trkpt lat="46.01265" lon="14.01383">
        <ele>802.85</ele>
      </trkpt>
      <trkpt lat="46.01258" lon="14.01385">
        <ele>802.53</ele>
      </trkpt>
      <trkpt lat="46.01257" lon="14.01387">
        <ele>802.37</ele>
      </trkpt>
      <trkpt lat="46.0126" lon="14.01397">
        <ele>801.24</ele>
      </trkpt>
      <trkpt lat="46.01265" lon="14.01406">
        <ele>800.84</ele>
      </trkpt>
      <trkpt lat="46.01274" lon="14.01414">
        <ele>802.13</ele>
      </trkpt>
      <trkpt lat="46.01284" lon="14.01421">
        <ele>800.66</ele>
      </trkpt>
      <trkpt lat="46.013" lon="14.0144">
        <ele>795.97</ele>
      </trkpt>
      <trkpt lat="46.0131" lon="14.01461">
        <ele>788.57</ele>
      </trkpt>
      <trkpt lat="46.01314" lon="14.01479">
        <ele>783.5</ele>
      </trkpt>
      <trkpt lat="46.01317" lon="14.01484">
        <ele>781.5</ele>
      </trkpt>
      <trkpt lat="46.01326" lon="14.01488">
        <ele>777.48</ele>
      </trkpt>
      <trkpt lat="46.01334" lon="14.01489">
        <ele>774.01</ele>
      </trkpt>
      <trkpt lat="46.01344" lon="14.01492">
        <ele>765.27</ele>
      </trkpt>
      <trkpt lat="46.01349" lon="14.01496">
        <ele>761.16</ele>
      </trkpt>
      <trkpt lat="46.01354" lon="14.01504">
        <ele>757.86</ele>
      </trkpt>
      <trkpt lat="46.01358" lon="14.015">
        <ele>753.69</ele>
      </trkpt>
      <trkpt lat="46.01358" lon="14.0148">
        <ele>751.69</ele>
      </trkpt>
      <trkpt lat="46.01359" lon="14.01479">
        <ele>750.67</ele>
      </trkpt>
      <trkpt lat="46.0136" lon="14.0148">
        <ele>749.86</ele>
      </trkpt>
      <trkpt lat="46.01362" lon="14.01483">
        <ele>748.49</ele>
      </trkpt>
      <trkpt lat="46.01368" lon="14.01499">
        <ele>745.68</ele>
      </trkpt>
      <trkpt lat="46.0137" lon="14.01518">
        <ele>747.93</ele>
      </trkpt>
      <trkpt lat="46.01377" lon="14.01548">
        <ele>750.02</ele>
      </trkpt>
      <trkpt lat="46.01382" lon="14.01577">
        <ele>755.15</ele>
      </trkpt>
      <trkpt lat="46.01384" lon="14.01608">
        <ele>762.75</ele>
      </trkpt>
      <trkpt lat="46.01386" lon="14.01615">
        <ele>763.83</ele>
      </trkpt>
      <trkpt lat="46.01389" lon="14.01621">
        <ele>764.5</ele>
      </trkpt>
      <trkpt lat="46.01394" lon="14.01625">
        <ele>765.87</ele>
      </trkpt>
      <trkpt lat="46.01401" lon="14.01625">
        <ele>766.37</ele>
      </trkpt>
      <trkpt lat="46.01418" lon="14.01617">
        <ele>765.89</ele>
      </trkpt>
      <trkpt lat="46.01433" lon="14.01616">
        <ele>763.59</ele>
      </trkpt>
      <trkpt lat="46.01465" lon="14.01608">
        <ele>759.18</ele>
      </trkpt>
      <trkpt lat="46.01479" lon="14.01601">
        <ele>755.56</ele>
      </trkpt>
      <trkpt lat="46.01491" lon="14.01589">
        <ele>749.58</ele>
      </trkpt>
      <trkpt lat="46.015" lon="14.01582">
        <ele>747.57</ele>
      </trkpt>
      <trkpt lat="46.01509" lon="14.01571">
        <ele>747.71</ele>
      </trkpt>
      <trkpt lat="46.01512" lon="14.01563">
        <ele>746.48</ele>
      </trkpt>
      <trkpt lat="46.0152" lon="14.01535">
        <ele>735.59</ele>
      </trkpt>
      <trkpt lat="46.01529" lon="14.01517">
        <ele>729.62</ele>
      </trkpt>
      <trkpt lat="46.01535" lon="14.01512">
        <ele>729.3</ele>
      </trkpt>
      <trkpt lat="46.0155" lon="14.01507">
        <ele>733.17</ele>
      </trkpt>
      <trkpt lat="46.01567" lon="14.01491">
        <ele>731.99</ele>
      </trkpt>
      <trkpt lat="46.01574" lon="14.01487">
        <ele>732.33</ele>
      </trkpt>
      <trkpt lat="46.0158" lon="14.01487">
        <ele>733.49</ele>
      </trkpt>
      <trkpt lat="46.01585" lon="14.01488">
        <ele>734.37</ele>
      </trkpt>
      <trkpt lat="46.01599" lon="14.01495">
        <ele>736.67</ele>
      </trkpt>
      <trkpt lat="46.01624" lon="14.01523">
        <ele>741.97</ele>
      </trkpt>
      <trkpt lat="46.01632" lon="14.0153">
        <ele>742.8</ele>
      </trkpt>
      <trkpt lat="46.0166" lon="14.01544">
        <ele>743.12</ele>
      </trkpt>
      <trkpt lat="46.01677" lon="14.01555">
        <ele>745.27</ele>
      </trkpt>
      <trkpt lat="46.01698" lon="14.01561">
        <ele>745.9</ele>
      </trkpt>
      <trkpt lat="46.01707" lon="14.01561">
        <ele>745.65</ele>
      </trkpt>
      <trkpt lat="46.01723" lon="14.01555">
        <ele>746.04</ele>
      </trkpt>
      <trkpt lat="46.01742" lon="14.01553">
        <ele>747.59</ele>
      </trkpt>
      <trkpt lat="46.01766" lon="14.01547">
        <ele>748.39</ele>
      </trkpt>
      <trkpt lat="46.01816" lon="14.01545">
        <ele>747.82</ele>
      </trkpt>
      <trkpt lat="46.0185" lon="14.01548">
        <ele>742.44</ele>
      </trkpt>
      <trkpt lat="46.01869" lon="14.01544">
        <ele>742.91</ele>
      </trkpt>
      <trkpt lat="46.01886" lon="14.01535">
        <ele>746.92</ele>
      </trkpt>
      <trkpt lat="46.01896" lon="14.01532">
        <ele>748.21</ele>
      </trkpt>
      <trkpt lat="46.01947" lon="14.01531">
        <ele>732.28</ele>
      </trkpt>
      <trkpt lat="46.01956" lon="14.01527">
        <ele>732.45</ele>
      </trkpt>
      <trkpt lat="46.01965" lon="14.01521">
        <ele>733.55</ele>
      </trkpt>
      <trkpt lat="46.01972" lon="14.01511">
        <ele>735.27</ele>
      </trkpt>
      <trkpt lat="46.01979" lon="14.01495">
        <ele>739.34</ele>
      </trkpt>
      <trkpt lat="46.01991" lon="14.01486">
        <ele>740.66</ele>
      </trkpt>
      <trkpt lat="46.02004" lon="14.01478">
        <ele>739.72</ele>
      </trkpt>
      <trkpt lat="46.02028" lon="14.01467">
        <ele>732.73</ele>
      </trkpt>
      <trkpt lat="46.02034" lon="14.01466">
        <ele>730.59</ele>
      </trkpt>
      <trkpt lat="46.02052" lon="14.01468">
        <ele>724.26</ele>
      </trkpt>
      <trkpt lat="46.02056" lon="14.01468">
        <ele>722.89</ele>
      </trkpt>
      <trkpt lat="46.02062" lon="14.01464">
        <ele>721.44</ele>
      </trkpt>
      <trkpt lat="46.02067" lon="14.01468">
        <ele>720.18</ele>
      </trkpt>
      <trkpt lat="46.0208" lon="14.01467">
        <ele>717.01</ele>
      </trkpt>
      <trkpt lat="46.02089" lon="14.01468">
        <ele>715.37</ele>
      </trkpt>
      <trkpt lat="46.02107" lon="14.01475">
        <ele>712.28</ele>
      </trkpt>
      <trkpt lat="46.02117" lon="14.01477">
        <ele>711.38</ele>
      </trkpt>
      <trkpt lat="46.02135" lon="14.01472">
        <ele>711.16</ele>
      </trkpt>
      <trkpt lat="46.02118" lon="14.01495">
        <ele>709.9</ele>
      </trkpt>
      <trkpt lat="46.02094" lon="14.0151">
        <ele>709.1</ele>
      </trkpt>
      <trkpt lat="46.02077" lon="14.01517">
        <ele>710.38</ele>
      </trkpt>
      <trkpt lat="46.02067" lon="14.01524">
        <ele>712.11</ele>
      </trkpt>
      <trkpt lat="46.0205" lon="14.01532">
        <ele>714.67</ele>
      </trkpt>
      <trkpt lat="46.02036" lon="14.01532">
        <ele>718.43</ele>
      </trkpt>
      <trkpt lat="46.02023" lon="14.01528">
        <ele>722.78</ele>
      </trkpt>
      <trkpt lat="46.02017" lon="14.0153">
        <ele>723.13</ele>
      </trkpt>
      <trkpt lat="46.02006" lon="14.01543">
        <ele>719.7</ele>
      </trkpt>
      <trkpt lat="46.02006" lon="14.01549">
        <ele>717.25</ele>
      </trkpt>
      <trkpt lat="46.02" lon="14.0156">
        <ele>712.6</ele>
      </trkpt>
      <trkpt lat="46.01996" lon="14.01571">
        <ele>707.78</ele>
      </trkpt>
      <trkpt lat="46.01989" lon="14.01585">
        <ele>703.32</ele>
      </trkpt>
      <trkpt lat="46.01979" lon="14.01597">
        <ele>702.52</ele>
      </trkpt>
      <trkpt lat="46.01966" lon="14.01608">
        <ele>702.59</ele>
      </trkpt>
      <trkpt lat="46.01952" lon="14.01623">
        <ele>700.2</ele>
      </trkpt>
      <trkpt lat="46.01943" lon="14.01627">
        <ele>700.35</ele>
      </trkpt>
      <trkpt lat="46.01921" lon="14.01632">
        <ele>699.53</ele>
      </trkpt>
      <trkpt lat="46.01914" lon="14.01635">
        <ele>698.9</ele>
      </trkpt>
      <trkpt lat="46.01895" lon="14.01659">
        <ele>690.33</ele>
      </trkpt>
      <trkpt lat="46.01875" lon="14.01675">
        <ele>684.6</ele>
      </trkpt>
      <trkpt lat="46.01867" lon="14.01678">
        <ele>684.66</ele>
      </trkpt>
      <trkpt lat="46.01841" lon="14.01683">
        <ele>684.89</ele>
      </trkpt>
      <trkpt lat="46.0183" lon="14.01697">
        <ele>678.83</ele>
      </trkpt>
      <trkpt lat="46.01817" lon="14.01709">
        <ele>671.6</ele>
      </trkpt>
      <trkpt lat="46.0179" lon="14.0172">
        <ele>670.47</ele>
      </trkpt>
      <trkpt lat="46.0178" lon="14.01728">
        <ele>667.04</ele>
      </trkpt>
      <trkpt lat="46.01771" lon="14.01742">
        <ele>663.83</ele>
      </trkpt>
      <trkpt lat="46.01755" lon="14.0178">
        <ele>653.99</ele>
      </trkpt>
      <trkpt lat="46.01739" lon="14.01829">
        <ele>644.79</ele>
      </trkpt>
      <trkpt lat="46.01736" lon="14.01836">
        <ele>644.0</ele>
      </trkpt>
      <trkpt lat="46.01728" lon="14.01844">
        <ele>644.86</ele>
      </trkpt>
      <trkpt lat="46.01707" lon="14.01854">
        <ele>647.52</ele>
      </trkpt>
      <trkpt lat="46.01675" lon="14.01885">
        <ele>639.28</ele>
      </trkpt>
      <trkpt lat="46.01654" lon="14.01902">
        <ele>631.36</ele>
      </trkpt>
      <trkpt lat="46.01643" lon="14.01902">
        <ele>631.65</ele>
      </trkpt>
      <trkpt lat="46.01621" lon="14.01895">
        <ele>639.53</ele>
      </trkpt>
      <trkpt lat="46.01619" lon="14.01895">
        <ele>640.15</ele>
      </trkpt>
      <trkpt lat="46.01615" lon="14.01898">
        <ele>640.22</ele>
      </trkpt>
      <trkpt lat="46.0161" lon="14.01923">
        <ele>632.59</ele>
      </trkpt>
      <trkpt lat="46.01596" lon="14.01946">
        <ele>635.39</ele>
      </trkpt>
      <trkpt lat="46.01592" lon="14.01961">
        <ele>633.84</ele>
      </trkpt>
      <trkpt lat="46.01592" lon="14.01978">
        <ele>628.86</ele>
      </trkpt>
      <trkpt lat="46.01597" lon="14.02006">
        <ele>616.64</ele>
      </trkpt>
      <trkpt lat="46.01596" lon="14.02023">
        <ele>614.55</ele>
      </trkpt>
      <trkpt lat="46.01589" lon="14.02039">
        <ele>616.53</ele>
      </trkpt>
      <trkpt lat="46.01579" lon="14.02048">
        <ele>621.17</ele>
      </trkpt>
      <trkpt lat="46.0156" lon="14.02072">
        <ele>621.93</ele>
      </trkpt>
      <trkpt lat="46.0155" lon="14.0208">
        <ele>621.14</ele>
      </trkpt>
      <trkpt lat="46.01534" lon="14.02088">
        <ele>618.36</ele>
      </trkpt>
      <trkpt lat="46.01525" lon="14.02091">
        <ele>615.77</ele>
      </trkpt>
      <trkpt lat="46.01486" lon="14.02093">
        <ele>605.65</ele>
      </trkpt>
      <trkpt lat="46.0146" lon="14.02107">
        <ele>595.1</ele>
      </trkpt>
      <trkpt lat="46.01419" lon="14.02119">
        <ele>608.34</ele>
      </trkpt>
      <trkpt lat="46.014" lon="14.02132">
        <ele>599.99</ele>
      </trkpt>
      <trkpt lat="46.01388" lon="14.02138">
        <ele>598.87</ele>
      </trkpt>
      <trkpt lat="46.01362" lon="14.02145">
        <ele>595.73</ele>
      </trkpt>
      <trkpt lat="46.01341" lon="14.02162">
        <ele>588.54</ele>
      </trkpt>
      <trkpt lat="46.01319" lon="14.02167">
        <ele>585.75</ele>
      </trkpt>
      <trkpt lat="46.01307" lon="14.02168">
        <ele>585.04</ele>
      </trkpt>
      <trkpt lat="46.01257" lon="14.02163">
        <ele>577.06</ele>
      </trkpt>
      <trkpt lat="46.01249" lon="14.02161">
        <ele>575.89</ele>
      </trkpt>
      <trkpt lat="46.01244" lon="14.02156">
        <ele>576.15</ele>
      </trkpt>
      <trkpt lat="46.01238" lon="14.02136">
        <ele>581.74</ele>
      </trkpt>
      <trkpt lat="46.01229" lon="14.02067">
        <ele>596.37</ele>
      </trkpt>
      <trkpt lat="46.0121" lon="14.02018">
        <ele>605.74</ele>
      </trkpt>
      <trkpt lat="46.01206" lon="14.02017">
        <ele>605.84</ele>
      </trkpt>
      <trkpt lat="46.0121" lon="14.02018">
        <ele>605.74</ele>
      </trkpt>
      <trkpt lat="46.01207" lon="14.02022">
        <ele>605.25</ele>
      </trkpt>
      <trkpt lat="46.0121" lon="14.02023">
        <ele>605.07</ele>
      </trkpt>
      <trkpt lat="46.01207" lon="14.02026">
        <ele>604.76</ele>
      </trkpt>
      <trkpt lat="46.01179" lon="14.0205">
        <ele>598.96</ele>
      </trkpt>
      <trkpt lat="46.01152" lon="14.02057">
        <ele>605.73</ele>
      </trkpt>
      <trkpt lat="46.01142" lon="14.02067">
        <ele>604.8</ele>
      </trkpt>
      <trkpt lat="46.01138" lon="14.0207">
        <ele>604.53</ele>
      </trkpt>
      <trkpt lat="46.01124" lon="14.02068">
        <ele>610.36</ele>
      </trkpt>
      <trkpt lat="46.01118" lon="14.0207">
        <ele>611.87</ele>
      </trkpt>
      <trkpt lat="46.01112" lon="14.02086">
        <ele>609.32</ele>
      </trkpt>
      <trkpt lat="46.01109" lon="14.02114">
        <ele>587.44</ele>
      </trkpt>
      <trkpt lat="46.01098" lon="14.02138">
        <ele>570.04</ele>
      </trkpt>
      <trkpt lat="46.01089" lon="14.02178">
        <ele>559.51</ele>
      </trkpt>
      <trkpt lat="46.01083" lon="14.02219">
        <ele>547.46</ele>
      </trkpt>
      <trkpt lat="46.01077" lon="14.02236">
        <ele>545.11</ele>
      </trkpt>
      <trkpt lat="46.01052" lon="14.02278">
        <ele>548.48</ele>
      </trkpt>
      <trkpt lat="46.01002" lon="14.02374">
        <ele>527.94</ele>
      </trkpt>
      <trkpt lat="46.00995" lon="14.02384">
        <ele>526.82</ele>
      </trkpt>
      <trkpt lat="46.00988" lon="14.02388">
        <ele>526.53</ele>
      </trkpt>
      <trkpt lat="46.00982" lon="14.02385">
        <ele>527.03</ele>
      </trkpt>
      <trkpt lat="46.00975" lon="14.02378">
        <ele>527.76</ele>
      </trkpt>
      <trkpt lat="46.00957" lon="14.0234">
        <ele>524.96</ele>
      </trkpt>
      <trkpt lat="46.00953" lon="14.02326">
        <ele>523.31</ele>
      </trkpt>
      <trkpt lat="46.00958" lon="14.02285">
        <ele>525.77</ele>
      </trkpt>
      <trkpt lat="46.00961" lon="14.02221">
        <ele>533.55</ele>
      </trkpt>
      <trkpt lat="46.00952" lon="14.02212">
        <ele>530.38</ele>
      </trkpt>
      <trkpt lat="46.00934" lon="14.02189">
        <ele>522.38</ele>
      </trkpt>
      <trkpt lat="46.00929" lon="14.02177">
        <ele>519.69</ele>
      </trkpt>
      <trkpt lat="46.00924" lon="14.02147">
        <ele>519.53</ele>
      </trkpt>
      <trkpt lat="46.00922" lon="14.02112">
        <ele>517.14</ele>
      </trkpt>
      <trkpt lat="46.00926" lon="14.02071">
        <ele>526.68</ele>
      </trkpt>
      <trkpt lat="46.00924" lon="14.02053">
        <ele>529.56</ele>
      </trkpt>
      <trkpt lat="46.0091" lon="14.02019">
        <ele>528.54</ele>
      </trkpt>
      <trkpt lat="46.00905" lon="14.02011">
        <ele>526.2</ele>
      </trkpt>
      <trkpt lat="46.00895" lon="14.01999">
        <ele>520.6</ele>
      </trkpt>
      <trkpt lat="46.0089" lon="14.0199">
        <ele>516.51</ele>
      </trkpt>
      <trkpt lat="46.0088" lon="14.01955">
        <ele>506.34</ele>
      </trkpt>
      <trkpt lat="46.00868" lon="14.01922">
        <ele>492.18</ele>
      </trkpt>
      <trkpt lat="46.00864" lon="14.01886">
        <ele>482.85</ele>
      </trkpt>
      <trkpt lat="46.00866" lon="14.01867">
        <ele>481.44</ele>
      </trkpt>
      <trkpt lat="46.00867" lon="14.01823">
        <ele>477.61</ele>
      </trkpt>
      <trkpt lat="46.00874" lon="14.01787">
        <ele>485.97</ele>
      </trkpt>
      <trkpt lat="46.00873" lon="14.01775">
        <ele>487.61</ele>
      </trkpt>
      <trkpt lat="46.00868" lon="14.01768">
        <ele>486.76</ele>
      </trkpt>
      <trkpt lat="46.00854" lon="14.01766">
        <ele>481.45</ele>
      </trkpt>
      <trkpt lat="46.00839" lon="14.01763">
        <ele>476.71</ele>
      </trkpt>
      <trkpt lat="46.00831" lon="14.01751">
        <ele>476.23</ele>
      </trkpt>
      <trkpt lat="46.0081" lon="14.01739">
        <ele>473.77</ele>
      </trkpt>
      <trkpt lat="46.00802" lon="14.01744">
        <ele>471.4</ele>
      </trkpt>
      <trkpt lat="46.00797" lon="14.01745">
        <ele>471.04</ele>
      </trkpt>
      <trkpt lat="46.00791" lon="14.0175">
        <ele>470.0</ele>
      </trkpt>
      <trkpt lat="46.00786" lon="14.01758">
        <ele>468.27</ele>
      </trkpt>
      <trkpt lat="46.00757" lon="14.01817">
        <ele>459.18</ele>
      </trkpt>
      <trkpt lat="46.00733" lon="14.01851">
        <ele>461.9</ele>
      </trkpt>
      <trkpt lat="46.00718" lon="14.01882">
        <ele>461.52</ele>
      </trkpt>
      <trkpt lat="46.00708" lon="14.01909">
        <ele>461.3</ele>
      </trkpt>
      <trkpt lat="46.00706" lon="14.01926">
        <ele>460.59</ele>
      </trkpt>
      <trkpt lat="46.00705" lon="14.01939">
        <ele>459.86</ele>
      </trkpt>
      <trkpt lat="46.00698" lon="14.01958">
        <ele>462.59</ele>
      </trkpt>
      <trkpt lat="46.00695" lon="14.01974">
        <ele>463.7</ele>
      </trkpt>
      <trkpt lat="46.00696" lon="14.01985">
        <ele>463.16</ele>
      </trkpt>
      <trkpt lat="46.00699" lon="14.02001">
        <ele>461.47</ele>
      </trkpt>
      <trkpt lat="46.00697" lon="14.0203">
        <ele>460.55</ele>
      </trkpt>
      <trkpt lat="46.00697" lon="14.02063">
        <ele>458.98</ele>
      </trkpt>
      <trkpt lat="46.00695" lon="14.02093">
        <ele>456.72</ele>
      </trkpt>
      <trkpt lat="46.00687" lon="14.02124">
        <ele>456.22</ele>
      </trkpt>
      <trkpt lat="46.00667" lon="14.02164">
        <ele>460.87</ele>
      </trkpt>
      <trkpt lat="46.00646" lon="14.02181">
        <ele>459.81</ele>
      </trkpt>
      <trkpt lat="46.00617" lon="14.02219">
        <ele>453.4</ele>
      </trkpt>
      <trkpt lat="46.00609" lon="14.02223">
        <ele>452.72</ele>
      </trkpt>
      <trkpt lat="46.006" lon="14.02224">
        <ele>451.7</ele>
      </trkpt>
      <trkpt lat="46.00592" lon="14.02219">
        <ele>451.04</ele>
      </trkpt>
      <trkpt lat="46.00587" lon="14.02211">
        <ele>450.56</ele>
      </trkpt>
      <trkpt lat="46.00585" lon="14.0221">
        <ele>450.26</ele>
      </trkpt>
      <trkpt lat="46.00582" lon="14.02216">
        <ele>449.62</ele>
      </trkpt>
      <trkpt lat="46.00581" lon="14.02223">
        <ele>449.3</ele>
      </trkpt>
      <trkpt lat="46.00586" lon="14.02244">
        <ele>449.43</ele>
      </trkpt>
      <trkpt lat="46.00575" lon="14.0228">
        <ele>441.92</ele>
      </trkpt>
      <trkpt lat="46.00565" lon="14.02304">
        <ele>434.96</ele>
      </trkpt>
      <trkpt lat="46.00563" lon="14.02326">
        <ele>429.68</ele>
      </trkpt>
      <trkpt lat="46.00567" lon="14.02347">
        <ele>426.07</ele>
      </trkpt>
      <trkpt lat="46.00564" lon="14.02357">
        <ele>424.03</ele>
      </trkpt>
      <trkpt lat="46.00554" lon="14.02369">
        <ele>421.56</ele>
      </trkpt>
      <trkpt lat="46.00551" lon="14.02375">
        <ele>420.18</ele>
      </trkpt>
      <trkpt lat="46.00552" lon="14.02393">
        <ele>418.36</ele>
      </trkpt>
      <trkpt lat="46.00546" lon="14.02403">
        <ele>417.29</ele>
      </trkpt>
      <trkpt lat="46.00542" lon="14.02431">
        <ele>417.32</ele>
      </trkpt>
      <trkpt lat="46.00543" lon="14.02447">
        <ele>418.25</ele>
      </trkpt>
      <trkpt lat="46.00542" lon="14.02446">
        <ele>418.08</ele>
      </trkpt>
      <trkpt lat="46.00542" lon="14.02448">
        <ele>418.12</ele>
      </trkpt>
      <trkpt lat="46.0054" lon="14.02446">
        <ele>417.78</ele>
      </trkpt>
      <trkpt lat="46.00526" lon="14.0245">
        <ele>415.34</ele>
      </trkpt>
      <trkpt lat="46.00525" lon="14.02462">
        <ele>414.6</ele>
      </trkpt>
      <trkpt lat="46.00524" lon="14.02463">
        <ele>414.29</ele>
      </trkpt>
      <trkpt lat="46.00519" lon="14.02462">
        <ele>412.96</ele>
      </trkpt>
      <trkpt lat="46.00517" lon="14.02465">
        <ele>412.26</ele>
      </trkpt>
      <trkpt lat="46.00519" lon="14.0248">
        <ele>411.16</ele>
      </trkpt>
      <trkpt lat="46.00509" lon="14.02475">
        <ele>409.16</ele>
      </trkpt>
      <trkpt lat="46.00509" lon="14.02478">
        <ele>408.69</ele>
      </trkpt>
      <trkpt lat="46.00512" lon="14.02487">
        <ele>408.1</ele>
      </trkpt>
      <trkpt lat="46.00511" lon="14.0249">
        <ele>407.35</ele>
      </trkpt>
      <trkpt lat="46.00504" lon="14.02489">
        <ele>405.65</ele>
      </trkpt>
      <trkpt lat="46.00502" lon="14.0249">
        <ele>404.97</ele>
      </trkpt>
      <trkpt lat="46.00504" lon="14.02503">
        <ele>403.36</ele>
      </trkpt>
      <trkpt lat="46.00495" lon="14.02501">
        <ele>401.19</ele>
      </trkpt>
      <trkpt lat="46.00494" lon="14.02502">
        <ele>400.69</ele>
      </trkpt>
      <trkpt lat="46.00495" lon="14.02517">
        <ele>398.15</ele>
      </trkpt>
      <trkpt lat="46.00494" lon="14.02518">
        <ele>397.73</ele>
      </trkpt>
      <trkpt lat="46.00488" lon="14.02518">
        <ele>396.34</ele>
      </trkpt>
      <trkpt lat="46.00486" lon="14.0252">
        <ele>395.6</ele>
      </trkpt>
      <trkpt lat="46.00493" lon="14.02543">
        <ele>394.23</ele>
      </trkpt>
      <trkpt lat="46.00492" lon="14.02557">
        <ele>392.81</ele>
      </trkpt>
      <trkpt lat="46.00489" lon="14.02562">
        <ele>392.28</ele>
      </trkpt>
      <trkpt lat="46.00485" lon="14.02562">
        <ele>391.73</ele>
      </trkpt>
      <trkpt lat="46.0048" lon="14.02555">
        <ele>391.17</ele>
      </trkpt>
      <trkpt lat="46.00476" lon="14.02522">
        <ele>393.21</ele>
      </trkpt>
      <trkpt lat="46.00473" lon="14.02475">
        <ele>396.1</ele>
      </trkpt>
      <trkpt lat="46.00467" lon="14.02451">
        <ele>397.12</ele>
      </trkpt>
      <trkpt lat="46.00465" lon="14.0243">
        <ele>398.04</ele>
      </trkpt>
      <trkpt lat="46.00459" lon="14.02418">
        <ele>396.21</ele>
      </trkpt>
      <trkpt lat="46.00452" lon="14.02413">
        <ele>393.59</ele>
      </trkpt>
      <trkpt lat="46.00438" lon="14.02416">
        <ele>388.91</ele>
      </trkpt>
      <trkpt lat="46.00427" lon="14.0241">
        <ele>387.58</ele>
      </trkpt>
      <trkpt lat="46.00404" lon="14.0241">
        <ele>383.22</ele>
      </trkpt>
      <trkpt lat="46.00385" lon="14.02406">
        <ele>379.74</ele>
      </trkpt>
      <trkpt lat="46.00379" lon="14.02407">
        <ele>378.69</ele>
      </trkpt>
      <trkpt lat="46.00372" lon="14.02411">
        <ele>377.29</ele>
      </trkpt>
      <trkpt lat="46.00367" lon="14.02416">
        <ele>376.1</ele>
      </trkpt>
      <trkpt lat="46.00359" lon="14.02423">
        <ele>374.88</ele>
      </trkpt>
      <trkpt lat="46.00349" lon="14.02424">
        <ele>374.36</ele>
      </trkpt>
      <trkpt lat="46.00347" lon="14.02399">
        <ele>374.61</ele>
      </trkpt>
      <trkpt lat="46.00342" lon="14.02386">
        <ele>374.46</ele>
      </trkpt>
      <trkpt lat="46.00337" lon="14.02384">
        <ele>373.88</ele>
      </trkpt>
      <trkpt lat="46.00333" lon="14.02385">
        <ele>373.25</ele>
      </trkpt>
      <trkpt lat="46.00325" lon="14.02373">
        <ele>373.59</ele>
      </trkpt>
      <trkpt lat="46.00314" lon="14.02369">
        <ele>373.34</ele>
      </trkpt>
      <trkpt lat="46.00298" lon="14.02379">
        <ele>370.34</ele>
      </trkpt>
      <trkpt lat="46.00292" lon="14.02385">
        <ele>368.61</ele>
      </trkpt>
      <trkpt lat="46.00286" lon="14.02393">
        <ele>366.87</ele>
      </trkpt>
      <trkpt lat="46.0027" lon="14.02423">
        <ele>359.84</ele>
      </trkpt>
      <trkpt lat="46.00262" lon="14.02433">
        <ele>355.75</ele>
      </trkpt>
      <trkpt lat="46.0024" lon="14.02454">
        <ele>345.52</ele>
      </trkpt>
      <trkpt lat="46.00229" lon="14.0246">
        <ele>341.58</ele>
      </trkpt>
      <trkpt lat="46.00195" lon="14.02454">
        <ele>337.41</ele>
      </trkpt>
      <trkpt lat="46.00176" lon="14.02462">
        <ele>337.04</ele>
      </trkpt>
      <trkpt lat="46.00167" lon="14.0245">
        <ele>337.6</ele>
      </trkpt>
      <trkpt lat="46.00164" lon="14.02432">
        <ele>335.75</ele>
      </trkpt>
      <trkpt lat="46.0015" lon="14.02374">
        <ele>333.52</ele>
      </trkpt>
      <trkpt lat="46.00141" lon="14.02356">
        <ele>334.98</ele>
      </trkpt>
      <trkpt lat="46.00129" lon="14.02311">
        <ele>337.24</ele>
      </trkpt>
      <trkpt lat="46.00122" lon="14.02305">
        <ele>336.76</ele>
      </trkpt>
      <trkpt lat="46.00114" lon="14.02286">
        <ele>335.5</ele>
      </trkpt>
      <trkpt lat="46.001" lon="14.02227">
        <ele>336.95</ele>
      </trkpt>
      <trkpt lat="46.00077" lon="14.02215">
        <ele>335.38</ele>
      </trkpt>
    </trkseg>
  </trk>
</gpx>
