<?xml version="1.0" encoding="UTF-8"?>
<gpx creator="Garmin Connect" version="1.1" schemaLocation="http://www.topografix.com/GPX/1/1 http://www.topografix.com/GPX/1/1/gpx.xsd http://www.garmin.com/xmlschemas/GpxExtensions/v3 http://www.garmin.com/xmlschemas/GpxExtensionsv3.xsd http://www.garmin.com/xmlschemas/TrackPointExtension/v1 http://www.garmin.com/xmlschemas/TrackPointExtensionv1.xsd http://www.garmin.com/xmlschemas/PowerExtension/v1 http://www.garmin.com/xmlschemas/PowerExtensionv1.xsd http://www.topografix.com/GPX/gpx_style/0/2 http://www.topografix.com/GPX/gpx_style/0/2/gpx_style.xsd" xmlns="http://www.topografix.com/GPX/1/1" xmlns:xsi="http://www.w3.org/2001/XMLSchema-instance" xsi:schemaLocation="http://www.topografix.com/GPX/1/1 http://www.topografix.com/GPX/1/1/gpx.xsd http://www.garmin.com/xmlschemas/GpxExtensions/v3 http://www.garmin.com/xmlschemas/GpxExtensionsv3.xsd http://www.garmin.com/xmlschemas/TrackPointExtension/v1 http://www.garmin.com/xmlschemas/TrackPointExtensionv1.xsd http://www.garmin.com/xmlschemas/PowerExtension/v1 http://www.garmin.com/xmlschemas/PowerExtensionv1.xsd http://www.topografix.com/GPX/gpx_style/0/2 http://www.topografix.com/GPX/gpx_style/0/2/gpx_style.xsd" xmlns:gpxtpx="http://www.garmin.com/xmlschemas/TrackPointExtension/v1" xmlns:gpxx="http://www.garmin.com/xmlschemas/GpxExtensions/v3" xmlns:gpxpx="http://www.garmin.com/xmlschemas/PowerExtension/v1" xmlns:gpx_style="http://www.topografix.com/GPX/gpx_style/0/2">
  <metadata>
    <name>KRAS TRAIL ULTRA 2027</name>
    <author>
      <name>gpx.studio</name>
      <link href="https://gpx.studio"/>
    </author>
    <link href="connect.garmin.com">
      <text>Garmin Connect</text>
    </link>
    <time>2026-04-19T12:02:00.000Z</time>
  </metadata>
  <trk>
    <name>KRAS TRAIL ULTRA 2027</name>
    <trkseg>
      <trkpt lat="45.71800716942573" lon="14.03791490390006">
        <ele>571.6376834448436</ele>
      </trkpt>
      <trkpt lat="45.71803150711415" lon="14.037893791753575">
        <ele>571.5404424587736</ele>
      </trkpt>
      <trkpt lat="45.71803150711415" lon="14.037893791753575">
        <ele>569.7280695213026</ele>
      </trkpt>
      <trkpt lat="45.7180380821228" lon="14.037888050079346">
        <ele>569.74</ele>
      </trkpt>
      <trkpt lat="45.71818828582764" lon="14.037888050079346">
        <ele>569.87</ele>
      </trkpt>
      <trkpt lat="45.71840286254883" lon="14.037694931030273">
        <ele>569.99</ele>
      </trkpt>
      <trkpt lat="45.718488693237305" lon="14.038081169128418">
        <ele>570.28</ele>
      </trkpt>
      <trkpt lat="45.7185959815979" lon="14.038381576538086">
        <ele>570.66</ele>
      </trkpt>
      <trkpt lat="45.718703269958496" lon="14.038639068603516">
        <ele>571.15</ele>
      </trkpt>
      <trkpt lat="45.71883193217218" lon="14.038789104670286">
        <ele>571.68</ele>
      </trkpt>
      <trkpt lat="45.71896084584296" lon="14.038939476013184">
        <ele>572.3</ele>
      </trkpt>
      <trkpt lat="45.71908934041858" lon="14.039217922836542">
        <ele>573.04</ele>
      </trkpt>
      <trkpt lat="45.71921833790839" lon="14.039497375488281">
        <ele>573.74</ele>
      </trkpt>
      <trkpt lat="45.71915396489203" lon="14.039497375488281">
        <ele>574.53</ele>
      </trkpt>
      <trkpt lat="45.71906805038452" lon="14.039561748504639">
        <ele>575.46</ele>
      </trkpt>
      <trkpt lat="45.71881055831909" lon="14.039583206176758">
        <ele>576.52</ele>
      </trkpt>
      <trkpt lat="45.71861752308905" lon="14.03954029083252">
        <ele>577.49</ele>
      </trkpt>
      <trkpt lat="45.718510150909424" lon="14.039647579193115">
        <ele>578.58</ele>
      </trkpt>
      <trkpt lat="45.71823128499091" lon="14.03979778289795">
        <ele>579.89</ele>
      </trkpt>
      <trkpt lat="45.71804881095886" lon="14.039926528930664">
        <ele>581.2</ele>
      </trkpt>
      <trkpt lat="45.71786642074585" lon="14.040055274963379">
        <ele>582.36</ele>
      </trkpt>
      <trkpt lat="45.717726945877075" lon="14.040194666013122">
        <ele>583.44</ele>
      </trkpt>
      <trkpt lat="45.7175874710083" lon="14.040334224700928">
        <ele>584.51</ele>
      </trkpt>
      <trkpt lat="45.71754287928343" lon="14.040401196107268">
        <ele>585.62</ele>
      </trkpt>
      <trkpt lat="45.717458724975586" lon="14.04052734375">
        <ele>586.77</ele>
      </trkpt>
      <trkpt lat="45.7173837069422" lon="14.040741501376033">
        <ele>587.99</ele>
      </trkpt>
      <trkpt lat="45.71730852127075" lon="14.040956497192383">
        <ele>589.27</ele>
      </trkpt>
      <trkpt lat="45.71721212938428" lon="14.04124558903277">
        <ele>590.74</ele>
      </trkpt>
      <trkpt lat="45.71711540222168" lon="14.0415358543396">
        <ele>592.39</ele>
      </trkpt>
      <trkpt lat="45.71705102920532" lon="14.041664600372314">
        <ele>593.94</ele>
      </trkpt>
      <trkpt lat="45.716986656188965" lon="14.041707515716553">
        <ele>595.49</ele>
      </trkpt>
      <trkpt lat="45.71681499481201" lon="14.041750431060791">
        <ele>597.24</ele>
      </trkpt>
      <trkpt lat="45.716632436960936" lon="14.041685974225402">
        <ele>598.94</ele>
      </trkpt>
      <trkpt lat="45.716450214385986" lon="14.041621685028076">
        <ele>600.57</ele>
      </trkpt>
      <trkpt lat="45.716257095336914" lon="14.041299819946289">
        <ele>602.23</ele>
      </trkpt>
      <trkpt lat="45.71602097712457" lon="14.041128074750304">
        <ele>603.99</ele>
      </trkpt>
      <trkpt lat="45.71578502655029" lon="14.040956497192383">
        <ele>605.68</ele>
      </trkpt>
      <trkpt lat="45.715742111206055" lon="14.040849208831787">
        <ele>607.19</ele>
      </trkpt>
      <trkpt lat="45.7156777381897" lon="14.040806293487549">
        <ele>608.66</ele>
      </trkpt>
      <trkpt lat="45.71559190750122" lon="14.040849208831787">
        <ele>610.1</ele>
      </trkpt>
      <trkpt lat="45.71557053364813" lon="14.041191609576344">
        <ele>611.58</ele>
      </trkpt>
      <trkpt lat="45.715549075976014" lon="14.0415358543396">
        <ele>613.03</ele>
      </trkpt>
      <trkpt lat="45.71538822725415" lon="14.041782282292843">
        <ele>614.52</ele>
      </trkpt>
      <trkpt lat="45.71522721089423" lon="14.04202938079834">
        <ele>616.14</ele>
      </trkpt>
      <trkpt lat="45.71503400802612" lon="14.042158126831055">
        <ele>617.76</ele>
      </trkpt>
      <trkpt lat="45.71484088897705" lon="14.04228687286377">
        <ele>619.37</ele>
      </trkpt>
      <trkpt lat="45.71470149792731" lon="14.042479824274778">
        <ele>620.85</ele>
      </trkpt>
      <trkpt lat="45.7145619392395" lon="14.042673110961914">
        <ele>622.19</ele>
      </trkpt>
      <trkpt lat="45.71439027786255" lon="14.042844772338867">
        <ele>623.47</ele>
      </trkpt>
      <trkpt lat="45.714332861825824" lon="14.042876623570919">
        <ele>624.61</ele>
      </trkpt>
      <trkpt lat="45.71419724263251" lon="14.042952060699463">
        <ele>625.67</ele>
      </trkpt>
      <trkpt lat="45.713993310928345" lon="14.043080806732178">
        <ele>626.66</ele>
      </trkpt>
      <trkpt lat="45.71378946304321" lon="14.043209552764893">
        <ele>627.56</ele>
      </trkpt>
      <trkpt lat="45.71357488632202" lon="14.04353141784668">
        <ele>628.5</ele>
      </trkpt>
      <trkpt lat="45.713489055633545" lon="14.043595790863037">
        <ele>629.36</ele>
      </trkpt>
      <trkpt lat="45.713220750913024" lon="14.043745994567871">
        <ele>630.22</ele>
      </trkpt>
      <trkpt lat="45.712952613830566" lon="14.043896198272705">
        <ele>631.08</ele>
      </trkpt>
      <trkpt lat="45.71284532546997" lon="14.044089317321777">
        <ele>632.13</ele>
      </trkpt>
      <trkpt lat="45.71263074874878" lon="14.044368267059326">
        <ele>633.29</ele>
      </trkpt>
      <trkpt lat="45.7124481908977" lon="14.044389724731445">
        <ele>634.5</ele>
      </trkpt>
      <trkpt lat="45.712265968322754" lon="14.044411182403564">
        <ele>635.82</ele>
      </trkpt>
      <trkpt lat="45.7120943069458" lon="14.044497013092041">
        <ele>637.27</ele>
      </trkpt>
      <trkpt lat="45.711933290585876" lon="14.044582843780518">
        <ele>638.89</ele>
      </trkpt>
      <trkpt lat="45.711772441864014" lon="14.044668674468994">
        <ele>640.64</ele>
      </trkpt>
      <trkpt lat="45.71163296699524" lon="14.044775879010558">
        <ele>642.6</ele>
      </trkpt>
      <trkpt lat="45.711493492126465" lon="14.044883251190186">
        <ele>644.67</ele>
      </trkpt>
      <trkpt lat="45.71130037307739" lon="14.044733047485352">
        <ele>646.96</ele>
      </trkpt>
      <trkpt lat="45.71112879551947" lon="14.044475555419922">
        <ele>649.41</ele>
      </trkpt>
      <trkpt lat="45.710999965667725" lon="14.044454097747803">
        <ele>652.04</ele>
      </trkpt>
      <trkpt lat="45.71078538894653" lon="14.04451847076416">
        <ele>654.96</ele>
      </trkpt>
      <trkpt lat="45.710484981536865" lon="14.04451847076416">
        <ele>658.36</ele>
      </trkpt>
      <trkpt lat="45.71022732183337" lon="14.044625759124756">
        <ele>662.03</ele>
      </trkpt>
      <trkpt lat="45.709969997406006" lon="14.044733047485352">
        <ele>665.9</ele>
      </trkpt>
      <trkpt lat="45.70984125137329" lon="14.044733047485352">
        <ele>669.66</ele>
      </trkpt>
      <trkpt lat="45.709733963012695" lon="14.044690132141113">
        <ele>673.55</ele>
      </trkpt>
      <trkpt lat="45.709519470110536" lon="14.044464910402894">
        <ele>677.74</ele>
      </trkpt>
      <trkpt lat="45.70930480957031" lon="14.044239521026611">
        <ele>682.04</ele>
      </trkpt>
      <trkpt lat="45.7091760635376" lon="14.044153690338135">
        <ele>686.33</ele>
      </trkpt>
      <trkpt lat="45.7089720480144" lon="14.044132148846984">
        <ele>690.71</ele>
      </trkpt>
      <trkpt lat="45.708768367767334" lon="14.044110774993896">
        <ele>695.22</ele>
      </trkpt>
      <trkpt lat="45.70854289457202" lon="14.044164419174194">
        <ele>699.79</ele>
      </trkpt>
      <trkpt lat="45.70831775665283" lon="14.044218063354492">
        <ele>704.48</ele>
      </trkpt>
      <trkpt lat="45.70814609527588" lon="14.044325351715088">
        <ele>709.01</ele>
      </trkpt>
      <trkpt lat="45.70797468535602" lon="14.044575216248631">
        <ele>713.7</ele>
      </trkpt>
      <trkpt lat="45.707802856341004" lon="14.044825751334429">
        <ele>718.43</ele>
      </trkpt>
      <trkpt lat="45.70763111114502" lon="14.045076370239258">
        <ele>723.45</ele>
      </trkpt>
      <trkpt lat="45.70741661824286" lon="14.045333694666624">
        <ele>728.66</ele>
      </trkpt>
      <trkpt lat="45.70720195770264" lon="14.045591354370117">
        <ele>733.9</ele>
      </trkpt>
      <trkpt lat="45.707030296325684" lon="14.04574147425592">
        <ele>739.24</ele>
      </trkpt>
      <trkpt lat="45.70685863494873" lon="14.045891761779785">
        <ele>744.55</ele>
      </trkpt>
      <trkpt lat="45.706692840904" lon="14.046159060671926">
        <ele>749.97</ele>
      </trkpt>
      <trkpt lat="45.70652637630701" lon="14.04642753303051">
        <ele>755.36</ele>
      </trkpt>
      <trkpt lat="45.706359911710024" lon="14.046696089208126">
        <ele>760.8</ele>
      </trkpt>
      <trkpt lat="45.70619344711304" lon="14.046964645385742">
        <ele>766.6</ele>
      </trkpt>
      <trkpt lat="45.7060432434082" lon="14.047307968139648">
        <ele>772.42</ele>
      </trkpt>
      <trkpt lat="45.70582866668701" lon="14.047479629516602">
        <ele>778.1</ele>
      </trkpt>
      <trkpt lat="45.7056999206543" lon="14.047672748565674">
        <ele>783.75</ele>
      </trkpt>
      <trkpt lat="45.70556044578552" lon="14.047790681943297">
        <ele>789.38</ele>
      </trkpt>
      <trkpt lat="45.70542097091675" lon="14.047908782958984">
        <ele>795.08</ele>
      </trkpt>
      <trkpt lat="45.70537805557251" lon="14.047908782958984">
        <ele>800.56</ele>
      </trkpt>
      <trkpt lat="45.70520639419556" lon="14.04778003692627">
        <ele>806.41</ele>
      </trkpt>
      <trkpt lat="45.70509910583496" lon="14.047801494598389">
        <ele>811.97</ele>
      </trkpt>
      <trkpt lat="45.70505619049072" lon="14.04775857925415">
        <ele>817.29</ele>
      </trkpt>
      <trkpt lat="45.704906238242984" lon="14.047383656725287">
        <ele>822.89</ele>
      </trkpt>
      <trkpt lat="45.704755783081055" lon="14.04700756072998">
        <ele>828.3</ele>
      </trkpt>
      <trkpt lat="45.704712867736816" lon="14.046943187713623">
        <ele>833.18</ele>
      </trkpt>
      <trkpt lat="45.7045841217041" lon="14.04700756072998">
        <ele>837.95</ele>
      </trkpt>
      <trkpt lat="45.704519748687744" lon="14.047136306762695">
        <ele>842.33</ele>
      </trkpt>
      <trkpt lat="45.70426946505904" lon="14.047372173517942">
        <ele>846.86</ele>
      </trkpt>
      <trkpt lat="45.70401909761131" lon="14.047608291730285">
        <ele>851.17</ele>
      </trkpt>
      <trkpt lat="45.703768730163574" lon="14.047844409942627">
        <ele>855.22</ele>
      </trkpt>
      <trkpt lat="45.703561529517174" lon="14.048087233677506">
        <ele>858.72</ele>
      </trkpt>
      <trkpt lat="45.70335399359465" lon="14.048330560326576">
        <ele>861.89</ele>
      </trkpt>
      <trkpt lat="45.70314645767212" lon="14.048573970794678">
        <ele>864.62</ele>
      </trkpt>
      <trkpt lat="45.70288896560669" lon="14.04874563217163">
        <ele>866.95</ele>
      </trkpt>
      <trkpt lat="45.70261001586914" lon="14.048702716827393">
        <ele>869.1</ele>
      </trkpt>
      <trkpt lat="45.70236660540104" lon="14.048588136211038">
        <ele>870.99</ele>
      </trkpt>
      <trkpt lat="45.702123530209064" lon="14.048473723232746">
        <ele>872.53</ele>
      </trkpt>
      <trkpt lat="45.70188045501709" lon="14.048359394073486">
        <ele>873.76</ele>
      </trkpt>
      <trkpt lat="45.701601253822446" lon="14.048402309417725">
        <ele>874.49</ele>
      </trkpt>
      <trkpt lat="45.70132255554199" lon="14.048445224761963">
        <ele>874.75</ele>
      </trkpt>
      <trkpt lat="45.70115089416504" lon="14.048423767089844">
        <ele>874.74</ele>
      </trkpt>
      <trkpt lat="45.70095777511597" lon="14.048445224761963">
        <ele>874.43</ele>
      </trkpt>
      <trkpt lat="45.70067832246423" lon="14.048536503687501">
        <ele>873.86</ele>
      </trkpt>
      <trkpt lat="45.70039954036474" lon="14.048627698794007">
        <ele>872.9</ele>
      </trkpt>
      <trkpt lat="45.70012075826526" lon="14.048718810081482">
        <ele>871.71</ele>
      </trkpt>
      <trkpt lat="45.69984197616577" lon="14.048810005187988">
        <ele>870.37</ele>
      </trkpt>
      <trkpt lat="45.699580293148756" lon="14.049028772860765">
        <ele>868.74</ele>
      </trkpt>
      <trkpt lat="45.69931844249368" lon="14.049247624352574">
        <ele>866.82</ele>
      </trkpt>
      <trkpt lat="45.69905667565763" lon="14.049466559663415">
        <ele>864.73</ele>
      </trkpt>
      <trkpt lat="45.69879482500255" lon="14.049685411155224">
        <ele>862.74</ele>
      </trkpt>
      <trkpt lat="45.698533058166504" lon="14.049904346466064">
        <ele>860.65</ele>
      </trkpt>
      <trkpt lat="45.698318565264344" lon="14.050111630931497">
        <ele>858.53</ele>
      </trkpt>
      <trkpt lat="45.69810390472412" lon="14.050319083034992">
        <ele>856.47</ele>
      </trkpt>
      <trkpt lat="45.69788932800293" lon="14.05052661895752">
        <ele>854.44</ele>
      </trkpt>
      <trkpt lat="45.69788941182196" lon="14.05052661895752">
        <ele>852.48</ele>
      </trkpt>
      <trkpt lat="45.697782039642334" lon="14.050612449645996">
        <ele>850.54</ele>
      </trkpt>
      <trkpt lat="45.6975887529552" lon="14.050676822662354">
        <ele>848.75</ele>
      </trkpt>
      <trkpt lat="45.69739580154419" lon="14.050741195678711">
        <ele>847.04</ele>
      </trkpt>
      <trkpt lat="45.69730997085571" lon="14.050719738006592">
        <ele>845.49</ele>
      </trkpt>
      <trkpt lat="45.69705247879028" lon="14.050569534301758">
        <ele>843.95</ele>
      </trkpt>
      <trkpt lat="45.69683790206909" lon="14.050612449645996">
        <ele>842.57</ele>
      </trkpt>
      <trkpt lat="45.69666624069214" lon="14.050590991973877">
        <ele>841.41</ele>
      </trkpt>
      <trkpt lat="45.69645141251385" lon="14.050691155716777">
        <ele>840.52</ele>
      </trkpt>
      <trkpt lat="45.69623691961169" lon="14.050791235640645">
        <ele>839.82</ele>
      </trkpt>
      <trkpt lat="45.696022510528564" lon="14.050891399383545">
        <ele>839.41</ele>
      </trkpt>
      <trkpt lat="45.695987893268466" lon="14.050896763801575">
        <ele>839.23</ele>
      </trkpt>
      <trkpt lat="45.695743560791016" lon="14.050934314727783">
        <ele>839.23</ele>
      </trkpt>
      <trkpt lat="45.69574364461005" lon="14.050934314727783">
        <ele>839.57</ele>
      </trkpt>
      <trkpt lat="45.69565781392157" lon="14.050934314727783">
        <ele>840.13</ele>
      </trkpt>
      <trkpt lat="45.69540023803711" lon="14.050955772399902">
        <ele>841.02</ele>
      </trkpt>
      <trkpt lat="45.6951642036438" lon="14.050955772399902">
        <ele>842.33</ele>
      </trkpt>
      <trkpt lat="45.694874273613095" lon="14.050902044400573">
        <ele>843.97</ele>
      </trkpt>
      <trkpt lat="45.69458484649658" lon="14.050848484039307">
        <ele>845.85</ele>
      </trkpt>
      <trkpt lat="45.69433414377272" lon="14.050769694149494">
        <ele>848.04</ele>
      </trkpt>
      <trkpt lat="45.69408394396305" lon="14.050691071897745">
        <ele>850.38</ele>
      </trkpt>
      <trkpt lat="45.69383382797241" lon="14.050612449645996">
        <ele>852.74</ele>
      </trkpt>
      <trkpt lat="45.69364070892334" lon="14.050741195678711">
        <ele>855.23</ele>
      </trkpt>
      <trkpt lat="45.69340467453003" lon="14.05078411102295">
        <ele>857.97</ele>
      </trkpt>
      <trkpt lat="45.69318255409598" lon="14.050769777968526">
        <ele>860.83</ele>
      </trkpt>
      <trkpt lat="45.69296102039516" lon="14.050755444914103">
        <ele>863.8</ele>
      </trkpt>
      <trkpt lat="45.692739486694336" lon="14.050741195678711">
        <ele>866.82</ele>
      </trkpt>
      <trkpt lat="45.69257838651538" lon="14.050794839859009">
        <ele>869.9</ele>
      </trkpt>
      <trkpt lat="45.69241762161255" lon="14.050848484039307">
        <ele>873.07</ele>
      </trkpt>
      <trkpt lat="45.69224579259753" lon="14.050848400220275">
        <ele>876.27</ele>
      </trkpt>
      <trkpt lat="45.69207429885864" lon="14.050848484039307">
        <ele>879.49</ele>
      </trkpt>
      <trkpt lat="45.69188117980957" lon="14.05076265335083">
        <ele>882.75</ele>
      </trkpt>
      <trkpt lat="45.6916880607605" lon="14.05076265335083">
        <ele>886.1</ele>
      </trkpt>
      <trkpt lat="45.691408859565854" lon="14.050929034128785">
        <ele>889.5</ele>
      </trkpt>
      <trkpt lat="45.69112999364734" lon="14.051095331087708">
        <ele>893.05</ele>
      </trkpt>
      <trkpt lat="45.69085112772882" lon="14.0512615442276">
        <ele>896.61</ele>
      </trkpt>
      <trkpt lat="45.6905722618103" lon="14.051427841186523">
        <ele>900.14</ele>
      </trkpt>
      <trkpt lat="45.69035768508911" lon="14.051449298858643">
        <ele>903.71</ele>
      </trkpt>
      <trkpt lat="45.69014310836792" lon="14.051728248596191">
        <ele>907.51</ele>
      </trkpt>
      <trkpt lat="45.68992853164673" lon="14.051899909973145">
        <ele>911.33</ele>
      </trkpt>
      <trkpt lat="45.689756870269775" lon="14.051878452301025">
        <ele>915.07</ele>
      </trkpt>
      <trkpt lat="45.689520835876465" lon="14.052093029022217">
        <ele>918.89</ele>
      </trkpt>
      <trkpt lat="45.689381528645754" lon="14.052371559664607">
        <ele>922.87</ele>
      </trkpt>
      <trkpt lat="45.689241886138916" lon="14.052650928497314">
        <ele>926.9</ele>
      </trkpt>
      <trkpt lat="45.689048767089844" lon="14.052886962890625">
        <ele>930.81</ele>
      </trkpt>
      <trkpt lat="45.68900593556464" lon="14.053058624267578">
        <ele>934.74</ele>
      </trkpt>
      <trkpt lat="45.689027309417725" lon="14.053337574005127">
        <ele>938.75</ele>
      </trkpt>
      <trkpt lat="45.689005851745605" lon="14.053679974749684">
        <ele>942.78</ele>
      </trkpt>
      <trkpt lat="45.688984394073486" lon="14.05402421951294">
        <ele>946.86</ele>
      </trkpt>
      <trkpt lat="45.689005851745605" lon="14.05428171157837">
        <ele>950.98</ele>
      </trkpt>
      <trkpt lat="45.68907022476196" lon="14.054667949676514">
        <ele>955.26</ele>
      </trkpt>
      <trkpt lat="45.689048767089844" lon="14.054946899414062">
        <ele>959.45</ele>
      </trkpt>
      <trkpt lat="45.68910224363208" lon="14.055321486666799">
        <ele>963.72</ele>
      </trkpt>
      <trkpt lat="45.68915605545044" lon="14.055697917938232">
        <ele>967.92</ele>
      </trkpt>
      <trkpt lat="45.68915605545044" lon="14.056041240692139">
        <ele>972</ele>
      </trkpt>
      <trkpt lat="45.6891131401062" lon="14.056234359741211">
        <ele>975.95</ele>
      </trkpt>
      <trkpt lat="45.68917717784643" lon="14.056526217609644">
        <ele>979.92</ele>
      </trkpt>
      <trkpt lat="45.68924171850085" lon="14.05682017095387">
        <ele>983.77</ele>
      </trkpt>
      <trkpt lat="45.68930625915527" lon="14.057114124298096">
        <ele>987.51</ele>
      </trkpt>
      <trkpt lat="45.68931329995394" lon="14.057441437616944">
        <ele>991.07</ele>
      </trkpt>
      <trkpt lat="45.689320508390665" lon="14.057771265506744">
        <ele>994.45</ele>
      </trkpt>
      <trkpt lat="45.68932771682739" lon="14.058101177215576">
        <ele>997.68</ele>
      </trkpt>
      <trkpt lat="45.68941354751587" lon="14.058294296264648">
        <ele>1000.69</ele>
      </trkpt>
      <trkpt lat="45.689499378204346" lon="14.058358669281006">
        <ele>1003.33</ele>
      </trkpt>
      <trkpt lat="45.6895637512207" lon="14.05850887298584">
        <ele>1005.69</ele>
      </trkpt>
      <trkpt lat="45.68941354751587" lon="14.058830738067627">
        <ele>1007.89</ele>
      </trkpt>
      <trkpt lat="45.68929569795728" lon="14.059109184890985">
        <ele>1009.75</ele>
      </trkpt>
      <trkpt lat="45.68917751312256" lon="14.059388637542725">
        <ele>1011.42</ele>
      </trkpt>
      <trkpt lat="45.68915605545044" lon="14.059603214263916">
        <ele>1012.58</ele>
      </trkpt>
      <trkpt lat="45.68901373073459" lon="14.05984285287559">
        <ele>1013.45</ele>
      </trkpt>
      <trkpt lat="45.68888112902641" lon="14.060066062957048">
        <ele>1013.95</ele>
      </trkpt>
      <trkpt lat="45.688748359680176" lon="14.060289859771729">
        <ele>1013.94</ele>
      </trkpt>
      <trkpt lat="45.68862556479871" lon="14.06060996465385">
        <ele>1013.61</ele>
      </trkpt>
      <trkpt lat="45.688502015545964" lon="14.060932416468859">
        <ele>1012.76</ele>
      </trkpt>
      <trkpt lat="45.688378382474184" lon="14.061254868283868">
        <ele>1011.54</ele>
      </trkpt>
      <trkpt lat="45.688254833221436" lon="14.061577320098877">
        <ele>1009.72</ele>
      </trkpt>
      <trkpt lat="45.68800781853497" lon="14.061545049771667">
        <ele>1007.51</ele>
      </trkpt>
      <trkpt lat="45.687761306762695" lon="14.06151294708252">
        <ele>1004.93</ele>
      </trkpt>
      <trkpt lat="45.68758964538574" lon="14.061448574066162">
        <ele>1001.94</ele>
      </trkpt>
      <trkpt lat="45.68736425600946" lon="14.061276828870177">
        <ele>998.44</ele>
      </trkpt>
      <trkpt lat="45.68713903427124" lon="14.061105251312256">
        <ele>994.5</ele>
      </trkpt>
      <trkpt lat="45.68688154220581" lon="14.060976505279541">
        <ele>990.26</ele>
      </trkpt>
      <trkpt lat="45.68670988082886" lon="14.060783386230469">
        <ele>985.87</ele>
      </trkpt>
      <trkpt lat="45.68660259246826" lon="14.060461521148682">
        <ele>981.11</ele>
      </trkpt>
      <trkpt lat="45.686495304107666" lon="14.060461521148682">
        <ele>976.46</ele>
      </trkpt>
      <trkpt lat="45.68647384643555" lon="14.060397148132324">
        <ele>971.7</ele>
      </trkpt>
      <trkpt lat="45.686302185058594" lon="14.060311317443848">
        <ele>966.58</ele>
      </trkpt>
      <trkpt lat="45.68603371270001" lon="14.060268318280578">
        <ele>961.26</ele>
      </trkpt>
      <trkpt lat="45.685765743255615" lon="14.060225486755371">
        <ele>955.75</ele>
      </trkpt>
      <trkpt lat="45.68579784594476" lon="14.05989364720881">
        <ele>950.5</ele>
      </trkpt>
      <trkpt lat="45.68583011627197" lon="14.059560298919678">
        <ele>945.17</ele>
      </trkpt>
      <trkpt lat="45.68583715707064" lon="14.059154614806175">
        <ele>939.66</ele>
      </trkpt>
      <trkpt lat="45.685844365507364" lon="14.058745913207531">
        <ele>934.19</ele>
      </trkpt>
      <trkpt lat="45.68585157394409" lon="14.058337211608887">
        <ele>928.88</ele>
      </trkpt>
      <trkpt lat="45.68589432165027" lon="14.058016100898385">
        <ele>923.77</ele>
      </trkpt>
      <trkpt lat="45.68593740463257" lon="14.057693481445312">
        <ele>918.72</ele>
      </trkpt>
      <trkpt lat="45.68593740463257" lon="14.057478904724121">
        <ele>913.74</ele>
      </trkpt>
      <trkpt lat="45.68598031997681" lon="14.057114124298096">
        <ele>908.94</ele>
      </trkpt>
      <trkpt lat="45.68580849096179" lon="14.057049667462707">
        <ele>904.1</ele>
      </trkpt>
      <trkpt lat="45.6856369972229" lon="14.05698537826538">
        <ele>899.42</ele>
      </trkpt>
      <trkpt lat="45.685501378029585" lon="14.05723499134183">
        <ele>894.78</ele>
      </trkpt>
      <trkpt lat="45.68536533974111" lon="14.05748569406569">
        <ele>890.25</ele>
      </trkpt>
      <trkpt lat="45.68522930145264" lon="14.05773639678955">
        <ele>885.83</ele>
      </trkpt>
      <trkpt lat="45.685057723894715" lon="14.057961450889707">
        <ele>881.47</ele>
      </trkpt>
      <trkpt lat="45.68488597869873" lon="14.058187007904053">
        <ele>877.21</ele>
      </trkpt>
      <trkpt lat="45.68469285964966" lon="14.058380126953125">
        <ele>872.93</ele>
      </trkpt>
      <trkpt lat="45.68443536758423" lon="14.058573246002197">
        <ele>868.58</ele>
      </trkpt>
      <trkpt lat="45.684166979044676" lon="14.058691263198853">
        <ele>864.36</ele>
      </trkpt>
      <trkpt lat="45.68389892578125" lon="14.058809280395508">
        <ele>860.29</ele>
      </trkpt>
      <trkpt lat="45.68364663049579" lon="14.058975577354431">
        <ele>856.29</ele>
      </trkpt>
      <trkpt lat="45.68339458666742" lon="14.059141874313354">
        <ele>852.49</ele>
      </trkpt>
      <trkpt lat="45.68314245902002" lon="14.059308171272278">
        <ele>848.59</ele>
      </trkpt>
      <trkpt lat="45.68289041519165" lon="14.059474468231201">
        <ele>844.71</ele>
      </trkpt>
      <trkpt lat="45.682619428262115" lon="14.05962391756475">
        <ele>840.85</ele>
      </trkpt>
      <trkpt lat="45.68234860897064" lon="14.059773366898298">
        <ele>837.08</ele>
      </trkpt>
      <trkpt lat="45.682268142700195" lon="14.059817790985107">
        <ele>833.41</ele>
      </trkpt>
      <trkpt lat="45.68216973166379" lon="14.059840496681774">
        <ele>832.0890173841678</ele>
      </trkpt>
      <trkpt lat="45.68216973166379" lon="14.059840496681774">
        <ele>846.1760616249878</ele>
      </trkpt>
      <trkpt lat="45.6817742350692" lon="14.060146740551682">
        <ele>836.2645599869554</ele>
      </trkpt>
      <trkpt lat="45.681459192180796" lon="14.060390686908363">
        <ele>828.5022513474768</ele>
      </trkpt>
      <trkpt lat="45.681459192180796" lon="14.060390686908363">
        <ele>828.5022513474768</ele>
      </trkpt>
      <trkpt lat="45.68126552259909" lon="14.060408571180858">
        <ele>825.2398835203928</ele>
      </trkpt>
      <trkpt lat="45.68126552259909" lon="14.060408571180858">
        <ele>825.2398835203928</ele>
      </trkpt>
      <trkpt lat="45.68114057412612" lon="14.060354918365874">
        <ele>823.2599943739901</ele>
      </trkpt>
      <trkpt lat="45.68114057412612" lon="14.060354918365874">
        <ele>823.2599943739901</ele>
      </trkpt>
      <trkpt lat="45.680820304034896" lon="14.059903151518078">
        <ele>817.4180650034427</ele>
      </trkpt>
      <trkpt lat="45.68070949975282" lon="14.059746853123045">
        <ele>814.5035216446502</ele>
      </trkpt>
      <trkpt lat="45.68070949975282" lon="14.059746853123045">
        <ele>814.5035216446502</ele>
      </trkpt>
      <trkpt lat="45.68056446107687" lon="14.059562575712192">
        <ele>809.6466486221017</ele>
      </trkpt>
      <trkpt lat="45.68041452099695" lon="14.05926301415954">
        <ele>803.2154875338545</ele>
      </trkpt>
      <trkpt lat="45.68041452099695" lon="14.05926301415954">
        <ele>803.2154875338545</ele>
      </trkpt>
      <trkpt lat="45.68041452099695" lon="14.05926301415954">
        <ele>803.2154875338545</ele>
      </trkpt>
      <trkpt lat="45.68033330328632" lon="14.058909799791905">
        <ele>797.3154284887013</ele>
      </trkpt>
      <trkpt lat="45.68031549453735" lon="14.058573246002197">
        <ele>794.4591878354906</ele>
      </trkpt>
      <trkpt lat="45.68031549453735" lon="14.058573246002197">
        <ele>792.05</ele>
      </trkpt>
      <trkpt lat="45.68031549453735" lon="14.058573246002197">
        <ele>792.05</ele>
      </trkpt>
      <trkpt lat="45.680294036865234" lon="14.058337798342109">
        <ele>788.41</ele>
      </trkpt>
      <trkpt lat="45.680272579193115" lon="14.058101177215576">
        <ele>784.8</ele>
      </trkpt>
      <trkpt lat="45.68015472963452" lon="14.057801272720098">
        <ele>781.01</ele>
      </trkpt>
      <trkpt lat="45.680036544799805" lon="14.05750036239624">
        <ele>777.26</ele>
      </trkpt>
      <trkpt lat="45.680015087127686" lon="14.057307243347168">
        <ele>773.69</ele>
      </trkpt>
      <trkpt lat="45.67980017513037" lon="14.05736449174583">
        <ele>769.87</ele>
      </trkpt>
      <trkpt lat="45.67958576604724" lon="14.05742165632546">
        <ele>766.1</ele>
      </trkpt>
      <trkpt lat="45.67937135696411" lon="14.057478904724121">
        <ele>762.41</ele>
      </trkpt>
      <trkpt lat="45.67911386489868" lon="14.057672023773193">
        <ele>758.53</ele>
      </trkpt>
      <trkpt lat="45.679028034210205" lon="14.057693481445312">
        <ele>754.87</ele>
      </trkpt>
      <trkpt lat="45.67896366119385" lon="14.057650566101074">
        <ele>751.32</ele>
      </trkpt>
      <trkpt lat="45.678791999816895" lon="14.057285785675049">
        <ele>747.77</ele>
      </trkpt>
      <trkpt lat="45.67869560793042" lon="14.05691103078425">
        <ele>744.3</ele>
      </trkpt>
      <trkpt lat="45.67859888076782" lon="14.056534767150879">
        <ele>740.85</ele>
      </trkpt>
      <trkpt lat="45.67848103120923" lon="14.056159928441048">
        <ele>737.45</ele>
      </trkpt>
      <trkpt lat="45.67836284637451" lon="14.055783748626709">
        <ele>734.07</ele>
      </trkpt>
      <trkpt lat="45.67821264266968" lon="14.055569171905518">
        <ele>730.69</ele>
      </trkpt>
      <trkpt lat="45.67810535430908" lon="14.055547714233398">
        <ele>727.37</ele>
      </trkpt>
      <trkpt lat="45.67793369293213" lon="14.0556978341192">
        <ele>724.05</ele>
      </trkpt>
      <trkpt lat="45.677762031555176" lon="14.055848121643066">
        <ele>720.67</ele>
      </trkpt>
      <trkpt lat="45.6776762008667" lon="14.055891036987305">
        <ele>717.36</ele>
      </trkpt>
      <trkpt lat="45.67744016647339" lon="14.05574083328247">
        <ele>713.95</ele>
      </trkpt>
      <trkpt lat="45.677191307768226" lon="14.05574083328247">
        <ele>710.55</ele>
      </trkpt>
      <trkpt lat="45.6771183013916" lon="14.05574083328247">
        <ele>707.35</ele>
      </trkpt>
      <trkpt lat="45.677067514644996" lon="14.055626563102615">
        <ele>705.4683674386922</ele>
      </trkpt>
      <trkpt lat="45.677067514644996" lon="14.055626563102615">
        <ele>709.1501109481455</ele>
      </trkpt>
      <trkpt lat="45.67703926367449" lon="14.055619535614653">
        <ele>708.6064193984851</ele>
      </trkpt>
      <trkpt lat="45.67703926367449" lon="14.055619535614653">
        <ele>708.6064193984851</ele>
      </trkpt>
      <trkpt lat="45.67699170683602" lon="14.055641556489178">
        <ele>707.5679190719511</ele>
      </trkpt>
      <trkpt lat="45.67699170683602" lon="14.055641556489178">
        <ele>707.5679190719511</ele>
      </trkpt>
      <trkpt lat="45.67697212459669" lon="14.055743653268621">
        <ele>706.6481007705854</ele>
      </trkpt>
      <trkpt lat="45.67695953601071" lon="14.055845750046956">
        <ele>705.6973772118972</ele>
      </trkpt>
      <trkpt lat="45.67695953601071" lon="14.055845750046956">
        <ele>705.6973772118972</ele>
      </trkpt>
      <trkpt lat="45.676970725865175" lon="14.055953852519252">
        <ele>705.0130304528168</ele>
      </trkpt>
      <trkpt lat="45.676970725865175" lon="14.055953852519252">
        <ele>705.0130304528168</ele>
      </trkpt>
      <trkpt lat="45.67699310556705" lon="14.056107998636321">
        <ele>704.120193523356</ele>
      </trkpt>
      <trkpt lat="45.67699310556705" lon="14.056107998636321">
        <ele>704.120193523356</ele>
      </trkpt>
      <trkpt lat="45.6770280738337" lon="14.056232116290317">
        <ele>703.6538686507394</ele>
      </trkpt>
      <trkpt lat="45.6770280738337" lon="14.056232116290317">
        <ele>703.6538686507394</ele>
      </trkpt>
      <trkpt lat="45.677081225557316" lon="14.056326205478939">
        <ele>703.7334509955724</ele>
      </trkpt>
      <trkpt lat="45.677081225557316" lon="14.056326205478939">
        <ele>703.7334509955724</ele>
      </trkpt>
      <trkpt lat="45.67708534742846" lon="14.056351969100072">
        <ele>703.5457784690435</ele>
      </trkpt>
      <trkpt lat="45.67708534742846" lon="14.056351969100072">
        <ele>690.7816192049736</ele>
      </trkpt>
      <trkpt lat="45.67708534742846" lon="14.056351969100072">
        <ele>703.5457784690435</ele>
      </trkpt>
      <trkpt lat="45.67698611191139" lon="14.056436309848124">
        <ele>700.8954397882342</ele>
      </trkpt>
      <trkpt lat="45.67687830572257" lon="14.056469828237992">
        <ele>698.613371676021</ele>
      </trkpt>
      <trkpt lat="45.67687830572257" lon="14.056469828237992">
        <ele>687.9434975783282</ele>
      </trkpt>
      <trkpt lat="45.67673206329346" lon="14.056448936462402">
        <ele>684.75</ele>
      </trkpt>
      <trkpt lat="45.67660331726074" lon="14.056341648101807">
        <ele>681.5</ele>
      </trkpt>
      <trkpt lat="45.67645328119397" lon="14.056095136329532">
        <ele>678.19</ele>
      </trkpt>
      <trkpt lat="45.676302909851074" lon="14.055848121643066">
        <ele>674.88</ele>
      </trkpt>
      <trkpt lat="45.67619562149048" lon="14.055805206298828">
        <ele>671.62</ele>
      </trkpt>
      <trkpt lat="45.676045417785645" lon="14.055719375610352">
        <ele>668.29</ele>
      </trkpt>
      <trkpt lat="45.67585229873657" lon="14.055397510528564">
        <ele>664.92</ele>
      </trkpt>
      <trkpt lat="45.67568063735962" lon="14.05525803565979">
        <ele>661.54</ele>
      </trkpt>
      <trkpt lat="45.675508975982666" lon="14.055118560791016">
        <ele>658.23</ele>
      </trkpt>
      <trkpt lat="45.675272941589355" lon="14.054946899414062">
        <ele>654.94</ele>
      </trkpt>
      <trkpt lat="45.67505283281207" lon="14.054812621325254">
        <ele>651.65</ele>
      </trkpt>
      <trkpt lat="45.67483289167285" lon="14.054678594693542">
        <ele>648.4</ele>
      </trkpt>
      <trkpt lat="45.67461303435266" lon="14.054544484242797">
        <ele>645.13</ele>
      </trkpt>
      <trkpt lat="45.67439317703247" lon="14.054410457611084">
        <ele>641.89</ele>
      </trkpt>
      <trkpt lat="45.674178432673216" lon="14.054335271939635">
        <ele>638.7</ele>
      </trkpt>
      <trkpt lat="45.67396402359009" lon="14.05426025390625">
        <ele>635.64</ele>
      </trkpt>
      <trkpt lat="45.673668310046196" lon="14.054206442087889">
        <ele>632.44</ele>
      </trkpt>
      <trkpt lat="45.67337351851165" lon="14.054152881726623">
        <ele>629.37</ele>
      </trkpt>
      <trkpt lat="45.67307864315808" lon="14.054099237546325">
        <ele>626.32</ele>
      </trkpt>
      <trkpt lat="45.672783851623535" lon="14.054045677185059">
        <ele>623.33</ele>
      </trkpt>
      <trkpt lat="45.67259073257446" lon="14.053959846496582">
        <ele>620.48</ele>
      </trkpt>
      <trkpt lat="45.672526359558105" lon="14.053874015808105">
        <ele>617.82</ele>
      </trkpt>
      <trkpt lat="45.67235453054309" lon="14.053841745480895">
        <ele>615.19</ele>
      </trkpt>
      <trkpt lat="45.6721830368042" lon="14.053809642791748">
        <ele>612.68</ele>
      </trkpt>
      <trkpt lat="45.67194675095379" lon="14.053695062175393">
        <ele>610.22</ele>
      </trkpt>
      <trkpt lat="45.671710800379515" lon="14.053580649197102">
        <ele>607.81</ele>
      </trkpt>
      <trkpt lat="45.67147493362427" lon="14.053466320037842">
        <ele>605.51</ele>
      </trkpt>
      <trkpt lat="45.671231439337134" lon="14.053401863202453">
        <ele>603.24</ele>
      </trkpt>
      <trkpt lat="45.67098836414516" lon="14.053337490186095">
        <ele>601.1</ele>
      </trkpt>
      <trkpt lat="45.67074537277222" lon="14.05327320098877">
        <ele>599.06</ele>
      </trkpt>
      <trkpt lat="45.67049835808575" lon="14.053305387496948">
        <ele>597.09</ele>
      </trkpt>
      <trkpt lat="45.67025184631348" lon="14.053337574005127">
        <ele>595.21</ele>
      </trkpt>
      <trkpt lat="45.67000491544604" lon="14.053423404693604">
        <ele>593.39</ele>
      </trkpt>
      <trkpt lat="45.669758319854736" lon="14.05350923538208">
        <ele>591.7</ele>
      </trkpt>
      <trkpt lat="45.66954340785742" lon="14.053537817671895">
        <ele>590.12</ele>
      </trkpt>
      <trkpt lat="45.66932899877429" lon="14.05356639996171">
        <ele>588.63</ele>
      </trkpt>
      <trkpt lat="45.669114673510194" lon="14.053595066070557">
        <ele>587.21</ele>
      </trkpt>
      <trkpt lat="45.669007301330566" lon="14.053659439086914">
        <ele>585.82</ele>
      </trkpt>
      <trkpt lat="45.66885709762573" lon="14.053659439086914">
        <ele>584.47</ele>
      </trkpt>
      <trkpt lat="45.66864235326648" lon="14.053605711087584">
        <ele>583.23</ele>
      </trkpt>
      <trkpt lat="45.66842794418335" lon="14.053552150726318">
        <ele>582.12</ele>
      </trkpt>
      <trkpt lat="45.66813809797168" lon="14.053444778546691">
        <ele>580.87</ele>
      </trkpt>
      <trkpt lat="45.66784858703613" lon="14.053337574005127">
        <ele>579.3</ele>
      </trkpt>
      <trkpt lat="45.667640967294574" lon="14.0532302018255">
        <ele>577.89</ele>
      </trkpt>
      <trkpt lat="45.66743359901011" lon="14.053122913464904">
        <ele>576.36</ele>
      </trkpt>
      <trkpt lat="45.66722631454468" lon="14.05301570892334">
        <ele>574.67</ele>
      </trkpt>
      <trkpt lat="45.667054653167725" lon="14.05299425125122">
        <ele>572.98</ele>
      </trkpt>
      <trkpt lat="45.66686153411865" lon="14.053037166595459">
        <ele>571.27</ele>
      </trkpt>
      <trkpt lat="45.66666833125055" lon="14.05317303724587">
        <ele>569.52</ele>
      </trkpt>
      <trkpt lat="45.666475212201476" lon="14.05330890789628">
        <ele>567.63</ele>
      </trkpt>
      <trkpt lat="45.666282176971436" lon="14.053444862365723">
        <ele>565.73</ele>
      </trkpt>
      <trkpt lat="45.66606022417545" lon="14.05355223454535">
        <ele>563.8</ele>
      </trkpt>
      <trkpt lat="45.6658386066556" lon="14.053659439086914">
        <ele>561.95</ele>
      </trkpt>
      <trkpt lat="45.66561698913574" lon="14.05376672744751">
        <ele>560.16</ele>
      </trkpt>
      <trkpt lat="45.66539503633976" lon="14.053673604503274">
        <ele>557.84</ele>
      </trkpt>
      <trkpt lat="45.665173418819904" lon="14.053580649197102">
        <ele>555.63</ele>
      </trkpt>
      <trkpt lat="45.66495180130005" lon="14.053487777709961">
        <ele>553.3</ele>
      </trkpt>
      <trkpt lat="45.664726411923766" lon="14.053316032513976">
        <ele>550.83</ele>
      </trkpt>
      <trkpt lat="45.66450119018555" lon="14.053144454956055">
        <ele>548.39</ele>
      </trkpt>
      <trkpt lat="45.66420773975551" lon="14.052986958995461">
        <ele>546.05</ele>
      </trkpt>
      <trkpt lat="45.66391454078257" lon="14.052829630672932">
        <ele>543.53</ele>
      </trkpt>
      <trkpt lat="45.66362142562866" lon="14.052672386169434">
        <ele>540.79</ele>
      </trkpt>
      <trkpt lat="45.66341741010547" lon="14.052661573514342">
        <ele>538.28</ele>
      </trkpt>
      <trkpt lat="45.6632137298584" lon="14.052650928497314">
        <ele>535.62</ele>
      </trkpt>
      <trkpt lat="45.663020610809326" lon="14.052565097808838">
        <ele>532.88</ele>
      </trkpt>
      <trkpt lat="45.66287040710449" lon="14.0525221824646">
        <ele>530.2</ele>
      </trkpt>
      <trkpt lat="45.66267712041736" lon="14.052554368972778">
        <ele>527.51</ele>
      </trkpt>
      <trkpt lat="45.66248416900635" lon="14.052586555480957">
        <ele>524.74</ele>
      </trkpt>
      <trkpt lat="45.66235542297363" lon="14.052565097808838">
        <ele>521.89</ele>
      </trkpt>
      <trkpt lat="45.66224813461304" lon="14.05250072479248">
        <ele>519</ele>
      </trkpt>
      <trkpt lat="45.6620979309082" lon="14.052329063415527">
        <ele>516.07</ele>
      </trkpt>
      <trkpt lat="45.66187262535095" lon="14.052157318219543">
        <ele>513.2</ele>
      </trkpt>
      <trkpt lat="45.66187254153192" lon="14.052157318219543">
        <ele>510.31</ele>
      </trkpt>
      <trkpt lat="45.6616473197937" lon="14.051985740661621">
        <ele>507.35</ele>
      </trkpt>
      <trkpt lat="45.661486219614744" lon="14.05195347033441">
        <ele>504.31</ele>
      </trkpt>
      <trkpt lat="45.661325454711914" lon="14.051921367645264">
        <ele>501.19</ele>
      </trkpt>
      <trkpt lat="45.66113233566284" lon="14.051964282989502">
        <ele>498</ele>
      </trkpt>
      <trkpt lat="45.660949777811766" lon="14.051921283826232">
        <ele>494.76</ele>
      </trkpt>
      <trkpt lat="45.660767555236816" lon="14.051878452301025">
        <ele>491.46</ele>
      </trkpt>
      <trkpt lat="45.660488521680236" lon="14.0517174359411">
        <ele>487.98</ele>
      </trkpt>
      <trkpt lat="45.66020965576172" lon="14.051556587219238">
        <ele>484.51</ele>
      </trkpt>
      <trkpt lat="45.65999482758343" lon="14.051463464275002">
        <ele>481.09</ele>
      </trkpt>
      <trkpt lat="45.65978033468127" lon="14.05137050896883">
        <ele>477.47</ele>
      </trkpt>
      <trkpt lat="45.659565925598145" lon="14.05127763748169">
        <ele>473.84</ele>
      </trkpt>
      <trkpt lat="45.659329891204834" lon="14.051320552825928">
        <ele>470.24</ele>
      </trkpt>
      <trkpt lat="45.6591796875" lon="14.051406383514404">
        <ele>466.74</ele>
      </trkpt>
      <trkpt lat="45.65890073776245" lon="14.051427841186523">
        <ele>463</ele>
      </trkpt>
      <trkpt lat="45.658814907073975" lon="14.051470756530762">
        <ele>459.49</ele>
      </trkpt>
      <trkpt lat="45.65868616104126" lon="14.051642417907715">
        <ele>455.96</ele>
      </trkpt>
      <trkpt lat="45.65860033035278" lon="14.051835536956787">
        <ele>452.48</ele>
      </trkpt>
      <trkpt lat="45.658535957336426" lon="14.05224323272705">
        <ele>448.92</ele>
      </trkpt>
      <trkpt lat="45.658535957336426" lon="14.052478596568108">
        <ele>445.4</ele>
      </trkpt>
      <trkpt lat="45.658535957336426" lon="14.052715301513672">
        <ele>441.89</ele>
      </trkpt>
      <trkpt lat="45.65851449966431" lon="14.052736759185791">
        <ele>438.51</ele>
      </trkpt>
      <trkpt lat="45.65842866897583" lon="14.052672386169434">
        <ele>435.11</ele>
      </trkpt>
      <trkpt lat="45.65827854909003" lon="14.052457977086306">
        <ele>431.6</ele>
      </trkpt>
      <trkpt lat="45.65812826156616" lon="14.05224323272705">
        <ele>428.07</ele>
      </trkpt>
      <trkpt lat="45.65803178586066" lon="14.052039636299014">
        <ele>424.79</ele>
      </trkpt>
      <trkpt lat="45.65793514251709" lon="14.051835536956787">
        <ele>421.62</ele>
      </trkpt>
      <trkpt lat="45.657881582155824" lon="14.051589276641607">
        <ele>418.65</ele>
      </trkpt>
      <trkpt lat="45.657827854156494" lon="14.051342010498047">
        <ele>415.71</ele>
      </trkpt>
      <trkpt lat="45.65769910812378" lon="14.051213264465332">
        <ele>412.62</ele>
      </trkpt>
      <trkpt lat="45.65739870071411" lon="14.051127433776855">
        <ele>409.34</ele>
      </trkpt>
      <trkpt lat="45.65709829330444" lon="14.051170349121094">
        <ele>406.29</ele>
      </trkpt>
      <trkpt lat="45.65694800578058" lon="14.05124545097351">
        <ele>403.48</ele>
      </trkpt>
      <trkpt lat="45.656797885894775" lon="14.051320552825928">
        <ele>400.86</ele>
      </trkpt>
      <trkpt lat="45.6567120552063" lon="14.051449298858643">
        <ele>398.34</ele>
      </trkpt>
      <trkpt lat="45.65666922368109" lon="14.051620960235596">
        <ele>395.94</ele>
      </trkpt>
      <trkpt lat="45.656497394666076" lon="14.051642417907715">
        <ele>393.57</ele>
      </trkpt>
      <trkpt lat="45.656325817108154" lon="14.051663875579834">
        <ele>391.32</ele>
      </trkpt>
      <trkpt lat="45.656046867370605" lon="14.051814079284668">
        <ele>389.09</ele>
      </trkpt>
      <trkpt lat="45.65576766617596" lon="14.051771080121398">
        <ele>386.98</ele>
      </trkpt>
      <trkpt lat="45.65548896789551" lon="14.051728248596191">
        <ele>384.95</ele>
      </trkpt>
      <trkpt lat="45.65536022186279" lon="14.051513671875">
        <ele>383.1</ele>
      </trkpt>
      <trkpt lat="45.655274391174316" lon="14.051320552825928">
        <ele>381.31</ele>
      </trkpt>
      <trkpt lat="45.65525301732123" lon="14.051105976104736">
        <ele>379.68</ele>
      </trkpt>
      <trkpt lat="45.65522083081305" lon="14.050881173461676">
        <ele>378.15</ele>
      </trkpt>
      <trkpt lat="45.65518856048584" lon="14.050655364990234">
        <ele>376.68</ele>
      </trkpt>
      <trkpt lat="45.65512418746948" lon="14.050548076629639">
        <ele>375.31</ele>
      </trkpt>
      <trkpt lat="45.654952358454466" lon="14.05048361979425">
        <ele>373.98</ele>
      </trkpt>
      <trkpt lat="45.654780864715576" lon="14.050419330596924">
        <ele>372.76</ele>
      </trkpt>
      <trkpt lat="45.65450199879706" lon="14.050440788269043">
        <ele>371.62</ele>
      </trkpt>
      <trkpt lat="45.65428717061877" lon="14.0505051612854">
        <ele>370.57</ele>
      </trkpt>
      <trkpt lat="45.654072761535645" lon="14.050569534301758">
        <ele>369.65</ele>
      </trkpt>
      <trkpt lat="45.65387964248657" lon="14.050548076629639">
        <ele>368.81</ele>
      </trkpt>
      <trkpt lat="45.65360069274902" lon="14.050655364990234">
        <ele>368.05</ele>
      </trkpt>
      <trkpt lat="45.65336465835571" lon="14.0505051612854">
        <ele>367.34</ele>
      </trkpt>
      <trkpt lat="45.65336465835571" lon="14.0505051612854">
        <ele>368.4821684801964</ele>
      </trkpt>
      <trkpt lat="45.65339528993718" lon="14.050206688258896">
        <ele>368.60888135159786</ele>
      </trkpt>
      <trkpt lat="45.65341960794741" lon="14.049739080952426">
        <ele>368.56309649719105</ele>
      </trkpt>
      <trkpt lat="45.65341960794741" lon="14.049739080952426">
        <ele>365.8827669045867</ele>
      </trkpt>
      <trkpt lat="45.653423415496945" lon="14.049641825258732">
        <ele>365.74</ele>
      </trkpt>
      <trkpt lat="45.65343230031431" lon="14.049418279901147">
        <ele>365.53</ele>
      </trkpt>
      <trkpt lat="45.65344110131264" lon="14.049193477258086">
        <ele>365.34</ele>
      </trkpt>
      <trkpt lat="45.65344998613" lon="14.048969931900501">
        <ele>365.21</ele>
      </trkpt>
      <trkpt lat="45.65344998613" lon="14.04889902099967">
        <ele>365.15</ele>
      </trkpt>
      <trkpt lat="45.65344998613" lon="14.048743540562954">
        <ele>365.1569060084271</ele>
      </trkpt>
      <trkpt lat="45.65344998613" lon="14.048743540562954">
        <ele>367.48140317474076</ele>
      </trkpt>
      <trkpt lat="45.65348330059945" lon="14.048390472668473">
        <ele>367.30056716725295</ele>
      </trkpt>
      <trkpt lat="45.65348330059945" lon="14.048390472668473">
        <ele>367.30056716725295</ele>
      </trkpt>
      <trkpt lat="45.65344916963096" lon="14.048232718928602">
        <ele>367.08842602420066</ele>
      </trkpt>
      <trkpt lat="45.65344916963096" lon="14.048232718928602">
        <ele>367.08842602420066</ele>
      </trkpt>
      <trkpt lat="45.6535410606528" lon="14.047977308100513">
        <ele>368.0443410851806</ele>
      </trkpt>
      <trkpt lat="45.653714340455366" lon="14.047496534797688">
        <ele>368.8926042068295</ele>
      </trkpt>
      <trkpt lat="45.653714340455366" lon="14.047496534797688">
        <ele>368.8926042068295</ele>
      </trkpt>
      <trkpt lat="45.653714340455366" lon="14.047496534797688">
        <ele>368.8926042068295</ele>
      </trkpt>
      <trkpt lat="45.65388046285322" lon="14.046898747184425">
        <ele>366.6110928084238</ele>
      </trkpt>
      <trkpt lat="45.65389634505709" lon="14.046841595440497">
        <ele>366.3078460168565</ele>
      </trkpt>
      <trkpt lat="45.65389634505709" lon="14.046841595440497">
        <ele>366.3078460168565</ele>
      </trkpt>
      <trkpt lat="45.65404824552485" lon="14.046236112719042">
        <ele>365.7141936698961</ele>
      </trkpt>
      <trkpt lat="45.65405812513515" lon="14.046196732107376">
        <ele>365.8550025974356</ele>
      </trkpt>
      <trkpt lat="45.65405812513515" lon="14.046196732107376">
        <ele>365.8550025974356</ele>
      </trkpt>
      <trkpt lat="45.6542116844136" lon="14.045592104109527">
        <ele>369.05588403913134</ele>
      </trkpt>
      <trkpt lat="45.6543194455713" lon="14.045167802734312">
        <ele>371.0869468445894</ele>
      </trkpt>
      <trkpt lat="45.6543194455713" lon="14.045167802734312">
        <ele>371.0869468445894</ele>
      </trkpt>
      <trkpt lat="45.65435882684406" lon="14.044995024828097">
        <ele>371.3000000000011</ele>
      </trkpt>
      <trkpt lat="45.65435882684406" lon="14.044995024828097">
        <ele>371.3000000000011</ele>
      </trkpt>
      <trkpt lat="45.65432216273081" lon="14.0448687922636">
        <ele>371.1608747057897</ele>
      </trkpt>
      <trkpt lat="45.65428762279804" lon="14.044686822678495">
        <ele>370.48457678631036</ele>
      </trkpt>
      <trkpt lat="45.65428762279804" lon="14.044686822678495">
        <ele>367.6088633134081</ele>
      </trkpt>
      <trkpt lat="45.654259929433465" lon="14.044589968398213">
        <ele>367.64</ele>
      </trkpt>
      <trkpt lat="45.65420997329056" lon="14.04436994343996">
        <ele>367.62</ele>
      </trkpt>
      <trkpt lat="45.654089944437146" lon="14.044039947912097">
        <ele>367.55</ele>
      </trkpt>
      <trkpt lat="45.65408231690526" lon="14.044024525210261">
        <ele>367.5</ele>
      </trkpt>
      <trkpt lat="45.65399154089391" lon="14.043840542435646">
        <ele>367.4</ele>
      </trkpt>
      <trkpt lat="45.65390110015869" lon="14.043657230213284">
        <ele>367.3</ele>
      </trkpt>
      <trkpt lat="45.653719967231154" lon="14.043289935216308">
        <ele>367.17</ele>
      </trkpt>
      <trkpt lat="45.65366489812732" lon="14.043150879442692">
        <ele>367.03</ele>
      </trkpt>
      <trkpt lat="45.65358719788492" lon="14.042954994365573">
        <ele>366.84</ele>
      </trkpt>
      <trkpt lat="45.653509916737676" lon="14.042759947478771">
        <ele>366.63</ele>
      </trkpt>
      <trkpt lat="45.65346700139344" lon="14.042606810107827">
        <ele>366.39</ele>
      </trkpt>
      <trkpt lat="45.65334999002516" lon="14.042189978063107">
        <ele>366.05</ele>
      </trkpt>
      <trkpt lat="45.653349654749036" lon="14.042187882587314">
        <ele>365.84</ele>
      </trkpt>
      <trkpt lat="45.65331470221281" lon="14.041968360543251">
        <ele>365.58</ele>
      </trkpt>
      <trkpt lat="45.65327991731465" lon="14.0417499281466">
        <ele>365.32</ele>
      </trkpt>
      <trkpt lat="45.653248485177755" lon="14.041606849059463">
        <ele>365.09</ele>
      </trkpt>
      <trkpt lat="45.65320121124387" lon="14.041392104700208">
        <ele>364.87</ele>
      </trkpt>
      <trkpt lat="45.653154188767076" lon="14.041178366169333">
        <ele>364.68</ele>
      </trkpt>
      <trkpt lat="45.65305997617543" lon="14.040749967098236">
        <ele>364.54</ele>
      </trkpt>
      <trkpt lat="45.6530199944973" lon="14.040449978783727">
        <ele>364.42</ele>
      </trkpt>
      <trkpt lat="45.653020245954394" lon="14.040437573567033">
        <ele>364.28</ele>
      </trkpt>
      <trkpt lat="45.653030052781105" lon="14.039988806471229">
        <ele>364.18</ele>
      </trkpt>
      <trkpt lat="45.653034998103976" lon="14.039763752371073">
        <ele>364.09</ele>
      </trkpt>
      <trkpt lat="45.65303994342685" lon="14.039539955556393">
        <ele>364.01</ele>
      </trkpt>
      <trkpt lat="45.65306944772601" lon="14.03910686261952">
        <ele>363.92</ele>
      </trkpt>
      <trkpt lat="45.65308470278978" lon="14.038882814347744">
        <ele>363.86</ele>
      </trkpt>
      <trkpt lat="45.653099957853556" lon="14.038659939542413">
        <ele>363.83</ele>
      </trkpt>
      <trkpt lat="45.65304991789162" lon="14.038379983976483">
        <ele>363.84</ele>
      </trkpt>
      <trkpt lat="45.6530199944973" lon="14.037959966808558">
        <ele>363.91</ele>
      </trkpt>
      <trkpt lat="45.65304991789162" lon="14.037779923528433">
        <ele>364</ele>
      </trkpt>
      <trkpt lat="45.65306458622217" lon="14.03773189522326">
        <ele>364.13</ele>
      </trkpt>
      <trkpt lat="45.65312736667693" lon="14.037525448948145">
        <ele>364.32</ele>
      </trkpt>
      <trkpt lat="45.65318997949362" lon="14.037319924682379">
        <ele>364.58</ele>
      </trkpt>
      <trkpt lat="45.65319056622684" lon="14.03731849975884">
        <ele>364.82</ele>
      </trkpt>
      <trkpt lat="45.65335996448994" lon="14.036939973011613">
        <ele>365.13</ele>
      </trkpt>
      <trkpt lat="45.65353992395103" lon="14.036599919199944">
        <ele>365.48</ele>
      </trkpt>
      <trkpt lat="45.65367478877306" lon="14.036428676918149">
        <ele>365.81</ele>
      </trkpt>
      <trkpt lat="45.65379247069359" lon="14.036279143765569">
        <ele>366.13</ele>
      </trkpt>
      <trkpt lat="45.65390998497605" lon="14.036129945889115">
        <ele>366.5</ele>
      </trkpt>
      <trkpt lat="45.65398693084717" lon="14.036028776317835">
        <ele>366.85</ele>
      </trkpt>
      <trkpt lat="45.654102768749" lon="14.035876393318176">
        <ele>367.28</ele>
      </trkpt>
      <trkpt lat="45.654218439012766" lon="14.035724345594645">
        <ele>367.7</ele>
      </trkpt>
      <trkpt lat="45.654449947178364" lon="14.035419998690486">
        <ele>368.04</ele>
      </trkpt>
      <trkpt lat="45.654493030160666" lon="14.035355374217033">
        <ele>368.42</ele>
      </trkpt>
      <trkpt lat="45.654709953814745" lon="14.035029988735914">
        <ele>368.81</ele>
      </trkpt>
      <trkpt lat="45.65484993159771" lon="14.034859919920564">
        <ele>369.21</ele>
      </trkpt>
      <trkpt lat="45.65503651276231" lon="14.034685911610723">
        <ele>369.57</ele>
      </trkpt>
      <trkpt lat="45.65523376718536" lon="14.034501774010593">
        <ele>369.79462653661005</ele>
      </trkpt>
      <trkpt lat="45.65523376718536" lon="14.034501774010593">
        <ele>367.3575752901321</ele>
      </trkpt>
      <trkpt lat="45.655230640491794" lon="14.034462210226906">
        <ele>367.40433117501664</ele>
      </trkpt>
      <trkpt lat="45.65521793338415" lon="14.034433770314811">
        <ele>367.3653173599602</ele>
      </trkpt>
      <trkpt lat="45.65521793338415" lon="14.034433770314811">
        <ele>370.25507144962137</ele>
      </trkpt>
      <trkpt lat="45.65495445393026" lon="14.034413751214743">
        <ele>370.54</ele>
      </trkpt>
      <trkpt lat="45.65479729324579" lon="14.034401848912239">
        <ele>370.86</ele>
      </trkpt>
      <trkpt lat="45.65463996492326" lon="14.034389946609735">
        <ele>371.09</ele>
      </trkpt>
      <trkpt lat="45.654634265229106" lon="14.034388102591038">
        <ele>371.3</ele>
      </trkpt>
      <trkpt lat="45.654480708763" lon="14.034338565543294">
        <ele>371.45</ele>
      </trkpt>
      <trkpt lat="45.65432706847787" lon="14.03428902849555">
        <ele>371.56</ele>
      </trkpt>
      <trkpt lat="45.654019955545664" lon="14.034189954400063">
        <ele>371.64</ele>
      </trkpt>
      <trkpt lat="45.65381904132664" lon="14.034121809527278">
        <ele>371.68</ele>
      </trkpt>
      <trkpt lat="45.6536659039557" lon="14.034069841727614">
        <ele>371.69</ele>
      </trkpt>
      <trkpt lat="45.65351268276572" lon="14.03401787392795">
        <ele>371.61</ele>
      </trkpt>
      <trkpt lat="45.65335954539478" lon="14.033965906128287">
        <ele>371.47</ele>
      </trkpt>
      <trkpt lat="45.6532063242048" lon="14.033913938328624">
        <ele>371.32</ele>
      </trkpt>
      <trkpt lat="45.65305318683386" lon="14.033861886709929">
        <ele>371.12</ele>
      </trkpt>
      <trkpt lat="45.65289996564388" lon="14.033809918910265">
        <ele>370.86</ele>
      </trkpt>
      <trkpt lat="45.65272503532469" lon="14.03371687978506">
        <ele>370.49</ele>
      </trkpt>
      <trkpt lat="45.652429992333055" lon="14.03355997055769">
        <ele>369.96</ele>
      </trkpt>
      <trkpt lat="45.65223519690335" lon="14.033430134877563">
        <ele>369.34</ele>
      </trkpt>
      <trkpt lat="45.65194996073842" lon="14.0332399494946">
        <ele>368.72</ele>
      </trkpt>
      <trkpt lat="45.65174996852875" lon="14.03312997892499">
        <ele>368.09</ele>
      </trkpt>
      <trkpt lat="45.65164494328201" lon="14.033091589808464">
        <ele>367.31</ele>
      </trkpt>
      <trkpt lat="45.65149247646332" lon="14.033035766333342">
        <ele>366.43</ele>
      </trkpt>
      <trkpt lat="45.651339925825596" lon="14.03297994285822">
        <ele>365.47</ele>
      </trkpt>
      <trkpt lat="45.65131712704897" lon="14.032968543469906">
        <ele>364.47</ele>
      </trkpt>
      <trkpt lat="45.65101998858154" lon="14.032819932326674">
        <ele>363.33</ele>
      </trkpt>
      <trkpt lat="45.65085997804999" lon="14.032759917899966">
        <ele>362.17</ele>
      </trkpt>
      <trkpt lat="45.650779930874705" lon="14.032769976183772">
        <ele>360.97</ele>
      </trkpt>
      <trkpt lat="45.65063257701695" lon="14.032744327560067">
        <ele>359.71</ele>
      </trkpt>
      <trkpt lat="45.65047633834183" lon="14.03271708637476">
        <ele>358.39</ele>
      </trkpt>
      <trkpt lat="45.65031993202865" lon="14.032689929008484">
        <ele>357.05</ele>
      </trkpt>
      <trkpt lat="45.65001994371414" lon="14.032589932903647">
        <ele>355.6</ele>
      </trkpt>
      <trkpt lat="45.64992992207408" lon="14.032589932903647">
        <ele>354.23</ele>
      </trkpt>
      <trkpt lat="45.64992992207408" lon="14.032589932903647">
        <ele>360.3186364769481</ele>
      </trkpt>
      <trkpt lat="45.649846565711556" lon="14.032671136927831">
        <ele>358.77251450120974</ele>
      </trkpt>
      <trkpt lat="45.649744396253226" lon="14.032842246820366">
        <ele>356.64020530278873</ele>
      </trkpt>
      <trkpt lat="45.649744396253226" lon="14.032842246820366">
        <ele>356.64020530278873</ele>
      </trkpt>
      <trkpt lat="45.64962478299242" lon="14.033006227134763">
        <ele>355.3117300543347</ele>
      </trkpt>
      <trkpt lat="45.64962478299242" lon="14.033006227134763">
        <ele>355.3117300543347</ele>
      </trkpt>
      <trkpt lat="45.64957709249395" lon="14.033041866875092">
        <ele>355.0860609711125</ele>
      </trkpt>
      <trkpt lat="45.64957709249395" lon="14.033041866875092">
        <ele>349.9917601426281</ele>
      </trkpt>
      <trkpt lat="45.64944829791784" lon="14.032883383333683">
        <ele>348.93</ele>
      </trkpt>
      <trkpt lat="45.64932902343571" lon="14.032736532390118">
        <ele>347.7</ele>
      </trkpt>
      <trkpt lat="45.649209916591644" lon="14.032589932903647">
        <ele>346.52</ele>
      </trkpt>
      <trkpt lat="45.64910992048681" lon="14.032449955120683">
        <ele>345.35</ele>
      </trkpt>
      <trkpt lat="45.648959297686815" lon="14.032284244894981">
        <ele>344.21</ele>
      </trkpt>
      <trkpt lat="45.64883449114859" lon="14.032147033140063">
        <ele>343.18</ele>
      </trkpt>
      <trkpt lat="45.64870993606746" lon="14.032009989023209">
        <ele>342.27</ele>
      </trkpt>
      <trkpt lat="45.64869540029029" lon="14.03199204118437">
        <ele>342.091169478346</ele>
      </trkpt>
      <trkpt lat="45.64869540029029" lon="14.03199204118437">
        <ele>343.6250578468232</ele>
      </trkpt>
      <trkpt lat="45.648527221534465" lon="14.031825864015161">
        <ele>343.44822806081555</ele>
      </trkpt>
      <trkpt lat="45.648527221534465" lon="14.031825864015161">
        <ele>343.44822806081555</ele>
      </trkpt>
      <trkpt lat="45.64840605027328" lon="14.031652529132316">
        <ele>342.8618322172772</ele>
      </trkpt>
      <trkpt lat="45.64833090527861" lon="14.031511145349214">
        <ele>341.74599581718223</ele>
      </trkpt>
      <trkpt lat="45.64833090527861" lon="14.031511145349214">
        <ele>341.74599581718223</ele>
      </trkpt>
      <trkpt lat="45.648143467716466" lon="14.031029057704103">
        <ele>339.66448047639943</ele>
      </trkpt>
      <trkpt lat="45.648143467716466" lon="14.031029057704103">
        <ele>339.66448047639943</ele>
      </trkpt>
      <trkpt lat="45.648077201761254" lon="14.030955932050716">
        <ele>340.9529902393481</ele>
      </trkpt>
      <trkpt lat="45.648077201761254" lon="14.030955932050716">
        <ele>340.9529902393481</ele>
      </trkpt>
      <trkpt lat="45.648077201761254" lon="14.030955932050716">
        <ele>340.9529902393481</ele>
      </trkpt>
      <trkpt lat="45.64795602952654" lon="14.030866556250373">
        <ele>344.096128094993</ele>
      </trkpt>
      <trkpt lat="45.647880255675915" lon="14.030657116965955">
        <ele>347.48728117607635</ele>
      </trkpt>
      <trkpt lat="45.647880255675915" lon="14.030657116965955">
        <ele>347.48728117607635</ele>
      </trkpt>
      <trkpt lat="45.647880255675915" lon="14.030657116965955">
        <ele>347.48728117607635</ele>
      </trkpt>
      <trkpt lat="45.648048031086006" lon="14.030148317534156">
        <ele>344.62736739678695</ele>
      </trkpt>
      <trkpt lat="45.648048031086006" lon="14.030148317534156">
        <ele>344.62736739678695</ele>
      </trkpt>
      <trkpt lat="45.6481352741001" lon="14.029908317802125">
        <ele>344.32941854859996</ele>
      </trkpt>
      <trkpt lat="45.6481352741001" lon="14.029908317802125">
        <ele>344.32941854859996</ele>
      </trkpt>
      <trkpt lat="45.64809983523972" lon="14.029777679953867">
        <ele>344.5487491279211</ele>
      </trkpt>
      <trkpt lat="45.64802789806308" lon="14.029649118092095">
        <ele>344.4000857849168</ele>
      </trkpt>
      <trkpt lat="45.64802789806308" lon="14.029649118092095">
        <ele>344.4000857849168</ele>
      </trkpt>
      <trkpt lat="45.64802789806308" lon="14.029649118092095">
        <ele>344.4000857849168</ele>
      </trkpt>
      <trkpt lat="45.64799509214782" lon="14.029633197796784">
        <ele>344.3352999141109</ele>
      </trkpt>
      <trkpt lat="45.64796142468424" lon="14.029651926965641">
        <ele>344.4138262462666</ele>
      </trkpt>
      <trkpt lat="45.64796142468424" lon="14.029651926965641">
        <ele>344.4138262462666</ele>
      </trkpt>
      <trkpt lat="45.64796142468424" lon="14.029651926965641">
        <ele>344.4138262462666</ele>
      </trkpt>
      <trkpt lat="45.64788286718996" lon="14.029726843639338">
        <ele>344.9317663350829</ele>
      </trkpt>
      <trkpt lat="45.64788286718996" lon="14.029726843639338">
        <ele>344.9317663350829</ele>
      </trkpt>
      <trkpt lat="45.647839847563205" lon="14.029753599594557">
        <ele>345.59538719511147</ele>
      </trkpt>
      <trkpt lat="45.64780805042599" lon="14.029732194831297">
        <ele>346.0201105247254</ele>
      </trkpt>
      <trkpt lat="45.64780805042599" lon="14.029732194831297">
        <ele>346.0201105247254</ele>
      </trkpt>
      <trkpt lat="45.647761289897915" lon="14.02968670970725">
        <ele>346.7410986237174</ele>
      </trkpt>
      <trkpt lat="45.647761289897915" lon="14.02968670970725">
        <ele>346.7410986237174</ele>
      </trkpt>
      <trkpt lat="45.64774825713817" lon="14.029512751354181">
        <ele>346.48091845718216</ele>
      </trkpt>
      <trkpt lat="45.64774825713817" lon="14.029512751354181">
        <ele>347.56172460458276</ele>
      </trkpt>
      <trkpt lat="45.64775274602863" lon="14.029140318658989">
        <ele>348.26880276782333</ele>
      </trkpt>
      <trkpt lat="45.64775274602863" lon="14.029140318658989">
        <ele>348.26880276782333</ele>
      </trkpt>
      <trkpt lat="45.64778524488572" lon="14.02849877219528">
        <ele>354.02159024105936</ele>
      </trkpt>
      <trkpt lat="45.64778630122703" lon="14.028477919399421">
        <ele>354.1887221451474</ele>
      </trkpt>
      <trkpt lat="45.64778630122703" lon="14.028477919399421">
        <ele>354.1887221451474</ele>
      </trkpt>
      <trkpt lat="45.647719190810136" lon="14.028141919773418">
        <ele>361.9946053887204</ele>
      </trkpt>
      <trkpt lat="45.647719190810136" lon="14.028141919773418">
        <ele>361.9946053887204</ele>
      </trkpt>
      <trkpt lat="45.64773734408692" lon="14.027499215948179">
        <ele>369.5012837518244</ele>
      </trkpt>
      <trkpt lat="45.64774603498674" lon="14.027191520834833">
        <ele>372.89548445230446</ele>
      </trkpt>
      <trkpt lat="45.64774603498674" lon="14.027191520834833">
        <ele>372.89548445230446</ele>
      </trkpt>
      <trkpt lat="45.64774603498674" lon="14.027191520834833">
        <ele>372.89548445230446</ele>
      </trkpt>
      <trkpt lat="45.647759491836304" lon="14.02654858037889">
        <ele>377.871697230024</ele>
      </trkpt>
      <trkpt lat="45.64777294868587" lon="14.025905639922946">
        <ele>382.67583748170205</ele>
      </trkpt>
      <trkpt lat="45.647779590189174" lon="14.025588322623662">
        <ele>385.23037320394127</ele>
      </trkpt>
      <trkpt lat="45.64772653809969" lon="14.024949586976039">
        <ele>390.64080134072276</ele>
      </trkpt>
      <trkpt lat="45.64767837524414" lon="14.024369716644287">
        <ele>388.0497148138943</ele>
      </trkpt>
      <trkpt lat="45.64767837524414" lon="14.024369716644287">
        <ele>387.99</ele>
      </trkpt>
      <trkpt lat="45.64760603941977" lon="14.024025220423937">
        <ele>390.49</ele>
      </trkpt>
      <trkpt lat="45.647532949224114" lon="14.023676784709096">
        <ele>393.06</ele>
      </trkpt>
      <trkpt lat="45.64745977520943" lon="14.023328432813287">
        <ele>395.62</ele>
      </trkpt>
      <trkpt lat="45.64738668501377" lon="14.022979997098446">
        <ele>398.14</ele>
      </trkpt>
      <trkpt lat="45.647313594818115" lon="14.022631645202637">
        <ele>400.56</ele>
      </trkpt>
      <trkpt lat="45.64721996895969" lon="14.022265691310167">
        <ele>402.97</ele>
      </trkpt>
      <trkpt lat="45.64712533727288" lon="14.021895881742239">
        <ele>405.4</ele>
      </trkpt>
      <trkpt lat="45.647030705586076" lon="14.021525988355279">
        <ele>407.82</ele>
      </trkpt>
      <trkpt lat="45.64693607389927" lon="14.021156094968319">
        <ele>410.05</ele>
      </trkpt>
      <trkpt lat="45.646841526031494" lon="14.02078628540039">
        <ele>412.21</ele>
      </trkpt>
      <trkpt lat="45.646841526031494" lon="14.02078628540039">
        <ele>402.902211644408</ele>
      </trkpt>
      <trkpt lat="45.64666264740827" lon="14.021376413748365">
        <ele>417.303367646841</ele>
      </trkpt>
      <trkpt lat="45.646483768785046" lon="14.021966542096338">
        <ele>423.93879416315</ele>
      </trkpt>
      <trkpt lat="45.64630489016182" lon="14.022556670444313">
        <ele>427.3041743047078</ele>
      </trkpt>
      <trkpt lat="45.6461260115386" lon="14.023146798792288">
        <ele>430.0530781004811</ele>
      </trkpt>
      <trkpt lat="45.64610437714734" lon="14.02321817158878">
        <ele>430.4744245478081</ele>
      </trkpt>
      <trkpt lat="45.64610437714734" lon="14.02321817158878">
        <ele>430.4744245478081</ele>
      </trkpt>
      <trkpt lat="45.64611355197536" lon="14.023861247300925">
        <ele>431.83432851314706</ele>
      </trkpt>
      <trkpt lat="45.64612163628712" lon="14.024427887299822">
        <ele>436.364491070482</ele>
      </trkpt>
      <trkpt lat="45.64612163628712" lon="14.024427887299822">
        <ele>436.364491070482</ele>
      </trkpt>
      <trkpt lat="45.64620793190562" lon="14.024946336890764">
        <ele>437.7957519225856</ele>
      </trkpt>
      <trkpt lat="45.646088354224034" lon="14.025566386499623">
        <ele>442.5373667023151</ele>
      </trkpt>
      <trkpt lat="45.64606985885186" lon="14.025662291087599">
        <ele>443.1362223040763</ele>
      </trkpt>
      <trkpt lat="45.64606985885186" lon="14.025662291087599">
        <ele>443.1362223040763</ele>
      </trkpt>
      <trkpt lat="45.64606985885186" lon="14.025662291087599">
        <ele>443.1362223040763</ele>
      </trkpt>
      <trkpt lat="45.64599306286278" lon="14.026296048924227">
        <ele>447.1014282336463</ele>
      </trkpt>
      <trkpt lat="45.64591626687369" lon="14.026929806760853">
        <ele>449.7251202417543</ele>
      </trkpt>
      <trkpt lat="45.64584548941389" lon="14.027513896767942">
        <ele>449.35244771483843</ele>
      </trkpt>
      <trkpt lat="45.64584548941389" lon="14.027513896767942">
        <ele>449.35244771483843</ele>
      </trkpt>
      <trkpt lat="45.645662055011286" lon="14.0281011480463">
        <ele>452.5836432421086</ele>
      </trkpt>
      <trkpt lat="45.645483044576565" lon="14.028674236328214">
        <ele>456.66383213729176</ele>
      </trkpt>
      <trkpt lat="45.645483044576565" lon="14.028674236328214">
        <ele>456.66383213729176</ele>
      </trkpt>
      <trkpt lat="45.645357441204496" lon="14.029291834709182">
        <ele>462.1964473782506</ele>
      </trkpt>
      <trkpt lat="45.64523183783243" lon="14.029909433090152">
        <ele>464.5113291285942</ele>
      </trkpt>
      <trkpt lat="45.64520689455534" lon="14.03003208049438">
        <ele>464.3664496364545</ele>
      </trkpt>
      <trkpt lat="45.64490595456826" lon="14.030509989061914">
        <ele>465.96890080977437</ele>
      </trkpt>
      <trkpt lat="45.644605014581174" lon="14.030987897629448">
        <ele>469.18256542102466</ele>
      </trkpt>
      <trkpt lat="45.64430407459409" lon="14.031465806196984">
        <ele>474.48543948768673</ele>
      </trkpt>
      <trkpt lat="45.644003134607004" lon="14.031943714764518">
        <ele>478.25434965239884</ele>
      </trkpt>
      <trkpt lat="45.64377307891846" lon="14.03230905532837">
        <ele>482.49316372880753</ele>
      </trkpt>
      <trkpt lat="45.64377307891846" lon="14.03230905532837">
        <ele>479.66</ele>
      </trkpt>
      <trkpt lat="45.643794536590576" lon="14.03252363204956">
        <ele>481.53</ele>
      </trkpt>
      <trkpt lat="45.64386947080493" lon="14.032727060839534">
        <ele>483.45</ele>
      </trkpt>
      <trkpt lat="45.64394474029541" lon="14.032931327819824">
        <ele>485.38</ele>
      </trkpt>
      <trkpt lat="45.64392328262329" lon="14.033188819885254">
        <ele>487.41</ele>
      </trkpt>
      <trkpt lat="45.64390182495117" lon="14.033446311950684">
        <ele>489.3</ele>
      </trkpt>
      <trkpt lat="45.64380534924567" lon="14.033649824559689">
        <ele>491.37</ele>
      </trkpt>
      <trkpt lat="45.6437087059021" lon="14.033854007720947">
        <ele>493.5</ele>
      </trkpt>
      <trkpt lat="45.64362287521362" lon="14.034240245819092">
        <ele>495.71</ele>
      </trkpt>
      <trkpt lat="45.64356931485236" lon="14.034646935760975">
        <ele>497.85</ele>
      </trkpt>
      <trkpt lat="45.64351558685303" lon="14.03505563735962">
        <ele>499.86</ele>
      </trkpt>
      <trkpt lat="45.64351567067206" lon="14.03505563735962">
        <ele>501.85</ele>
      </trkpt>
      <trkpt lat="45.64352631568909" lon="14.035419411957264">
        <ele>503.96</ele>
      </trkpt>
      <trkpt lat="45.64353704452515" lon="14.03578519821167">
        <ele>506.18</ele>
      </trkpt>
      <trkpt lat="45.64356914721429" lon="14.036138327792287">
        <ele>508.3</ele>
      </trkpt>
      <trkpt lat="45.643601417541504" lon="14.036493301391602">
        <ele>510.32</ele>
      </trkpt>
      <trkpt lat="45.6437087059021" lon="14.03679370880127">
        <ele>512.4</ele>
      </trkpt>
      <trkpt lat="45.64394474029541" lon="14.03702974319458">
        <ele>514.34</ele>
      </trkpt>
      <trkpt lat="45.64405865035951" lon="14.037414388731122">
        <ele>516.55</ele>
      </trkpt>
      <trkpt lat="45.6441733147949" lon="14.037801381200552">
        <ele>518.72</ele>
      </trkpt>
      <trkpt lat="45.644288063049316" lon="14.038188457489014">
        <ele>520.98</ele>
      </trkpt>
      <trkpt lat="45.64438059926033" lon="14.038587184622884">
        <ele>523.17</ele>
      </trkpt>
      <trkpt lat="45.6444738060236" lon="14.038988593965769">
        <ele>525.24</ele>
      </trkpt>
      <trkpt lat="45.644567012786865" lon="14.039390087127686">
        <ele>527.29</ele>
      </trkpt>
      <trkpt lat="45.64460976049304" lon="14.039818150922656">
        <ele>529.39</ele>
      </trkpt>
      <trkpt lat="45.64465284347534" lon="14.040248394012451">
        <ele>531.44</ele>
      </trkpt>
      <trkpt lat="45.64465284347534" lon="14.040569420903921">
        <ele>533.49</ele>
      </trkpt>
      <trkpt lat="45.64465292729437" lon="14.040892124176025">
        <ele>535.5</ele>
      </trkpt>
      <trkpt lat="45.644588470458984" lon="14.041149616241455">
        <ele>537.61</ele>
      </trkpt>
      <trkpt lat="45.644588554278016" lon="14.041149616241455">
        <ele>539.56</ele>
      </trkpt>
      <trkpt lat="45.64451353624463" lon="14.041353045031428">
        <ele>541.63</ele>
      </trkpt>
      <trkpt lat="45.64443826675415" lon="14.041557312011719">
        <ele>543.64</ele>
      </trkpt>
      <trkpt lat="45.64433609135449" lon="14.041944472119212">
        <ele>545.54</ele>
      </trkpt>
      <trkpt lat="45.64423291012645" lon="14.042335823178291">
        <ele>547.58</ele>
      </trkpt>
      <trkpt lat="45.644129645079374" lon="14.04272717423737">
        <ele>549.65</ele>
      </trkpt>
      <trkpt lat="45.64402646385133" lon="14.04311852529645">
        <ele>551.54</ele>
      </trkpt>
      <trkpt lat="45.64392328262329" lon="14.04350996017456">
        <ele>553.54</ele>
      </trkpt>
      <trkpt lat="45.64399813301861" lon="14.043927378952503">
        <ele>555.54</ele>
      </trkpt>
      <trkpt lat="45.644073486328125" lon="14.044346809387207">
        <ele>557.4</ele>
      </trkpt>
      <trkpt lat="45.64401992596686" lon="14.04464646242559">
        <ele>559.4</ele>
      </trkpt>
      <trkpt lat="45.64396619796753" lon="14.044947624206543">
        <ele>561.37</ele>
      </trkpt>
      <trkpt lat="45.64373016357422" lon="14.045205116271973">
        <ele>563.52</ele>
      </trkpt>
      <trkpt lat="45.64359094016254" lon="14.045579871162772">
        <ele>565.73</ele>
      </trkpt>
      <trkpt lat="45.64345121383667" lon="14.045956134796143">
        <ele>567.97</ele>
      </trkpt>
      <trkpt lat="45.64342975616455" lon="14.046320915222168">
        <ele>570.18</ele>
      </trkpt>
      <trkpt lat="45.643558418378234" lon="14.046470951288939">
        <ele>572.17</ele>
      </trkpt>
      <trkpt lat="45.64368724822998" lon="14.046621322631836">
        <ele>574.2</ele>
      </trkpt>
      <trkpt lat="45.643762182444334" lon="14.046846125274897">
        <ele>576.38</ele>
      </trkpt>
      <trkpt lat="45.643837451934814" lon="14.047071933746338">
        <ele>578.34</ele>
      </trkpt>
      <trkpt lat="45.64385337755084" lon="14.047465799376369">
        <ele>580.29</ele>
      </trkpt>
      <trkpt lat="45.64386955462396" lon="14.047863772138953">
        <ele>582.22</ele>
      </trkpt>
      <trkpt lat="45.64388564787805" lon="14.048261744901538">
        <ele>584.07</ele>
      </trkpt>
      <trkpt lat="45.64390182495117" lon="14.048659801483154">
        <ele>585.86</ele>
      </trkpt>
      <trkpt lat="45.6438054330647" lon="14.048970267176628">
        <ele>587.7</ele>
      </trkpt>
      <trkpt lat="45.6437087059021" lon="14.04928207397461">
        <ele>589.52</ele>
      </trkpt>
      <trkpt lat="45.64354467205703" lon="14.0496314316988">
        <ele>591.41</ele>
      </trkpt>
      <trkpt lat="45.64337988384068" lon="14.049982465803623">
        <ele>593.24</ele>
      </trkpt>
      <trkpt lat="45.64321517944336" lon="14.050333499908447">
        <ele>595</ele>
      </trkpt>
      <trkpt lat="45.643129432573915" lon="14.050579760223627">
        <ele>596.68</ele>
      </trkpt>
      <trkpt lat="45.643043518066406" lon="14.050827026367188">
        <ele>598.28</ele>
      </trkpt>
      <trkpt lat="45.64287185668945" lon="14.051041603088379">
        <ele>599.87</ele>
      </trkpt>
      <trkpt lat="45.64267873764038" lon="14.051127433776855">
        <ele>601.44</ele>
      </trkpt>
      <trkpt lat="45.64239375293255" lon="14.051170432940125">
        <ele>603.08</ele>
      </trkpt>
      <trkpt lat="45.642109690234065" lon="14.051213264465332">
        <ele>604.47</ele>
      </trkpt>
      <trkpt lat="45.64182554371655" lon="14.05125617980957">
        <ele>605.73</ele>
      </trkpt>
      <trkpt lat="45.641541481018066" lon="14.051299095153809">
        <ele>607.12</ele>
      </trkpt>
      <trkpt lat="45.641341069713235" lon="14.051413591951132">
        <ele>608.35</ele>
      </trkpt>
      <trkpt lat="45.64114082604647" lon="14.051528004929423">
        <ele>609.49</ele>
      </trkpt>
      <trkpt lat="45.64094066619873" lon="14.051642417907715">
        <ele>610.43</ele>
      </trkpt>
      <trkpt lat="45.64074754714966" lon="14.051706790924072">
        <ele>611.3</ele>
      </trkpt>
      <trkpt lat="45.6406831741333" lon="14.051685333251953">
        <ele>612.05</ele>
      </trkpt>
      <trkpt lat="45.64053297042847" lon="14.051578044891357">
        <ele>612.71</ele>
      </trkpt>
      <trkpt lat="45.6405330542475" lon="14.051578044891357">
        <ele>613.28</ele>
      </trkpt>
      <trkpt lat="45.6404257658869" lon="14.051513671875">
        <ele>613.75</ele>
      </trkpt>
      <trkpt lat="45.640296936035156" lon="14.051513671875">
        <ele>614.13</ele>
      </trkpt>
      <trkpt lat="45.64029701985419" lon="14.051513671875">
        <ele>614.45</ele>
      </trkpt>
      <trkpt lat="45.6402325630188" lon="14.051556587219238">
        <ele>614.69</ele>
      </trkpt>
      <trkpt lat="45.640103816986084" lon="14.05174970626831">
        <ele>614.84</ele>
      </trkpt>
      <trkpt lat="45.64007330685854" lon="14.051805613562465">
        <ele>614.95</ele>
      </trkpt>
      <trkpt lat="45.63997507095337" lon="14.051985740661621">
        <ele>614.99</ele>
      </trkpt>
      <trkpt lat="45.64001907594502" lon="14.05230182223022">
        <ele>615</ele>
      </trkpt>
      <trkpt lat="45.640062829479575" lon="14.05261647887528">
        <ele>614.92</ele>
      </trkpt>
      <trkpt lat="45.64010758884251" lon="14.052938092499971">
        <ele>614.85</ele>
      </trkpt>
      <trkpt lat="45.640241196379066" lon="14.053197344765067">
        <ele>614.75</ele>
      </trkpt>
      <trkpt lat="45.64037438482046" lon="14.053455842658877">
        <ele>614.68</ele>
      </trkpt>
      <trkpt lat="45.640485741747966" lon="14.053672081446534">
        <ele>614.4932403768855</ele>
      </trkpt>
      <trkpt lat="45.640485741747966" lon="14.053672081446534">
        <ele>609.7585774234708</ele>
      </trkpt>
      <trkpt lat="45.640614305275776" lon="14.054288379685026">
        <ele>608.9509172545972</ele>
      </trkpt>
      <trkpt lat="45.64064421022246" lon="14.054431735785158">
        <ele>607.9887608967231</ele>
      </trkpt>
      <trkpt lat="45.64064421022246" lon="14.054431735785158">
        <ele>607.9887608967231</ele>
      </trkpt>
      <trkpt lat="45.64065339661602" lon="14.05499672382723">
        <ele>608.329721022843</ele>
      </trkpt>
      <trkpt lat="45.640931577260865" lon="14.055398486928185">
        <ele>604.0391343432266</ele>
      </trkpt>
      <trkpt lat="45.640931577260865" lon="14.055398486928185">
        <ele>613.0389421029355</ele>
      </trkpt>
      <trkpt lat="45.640931577260865" lon="14.055398486928185">
        <ele>604.0391343432266</ele>
      </trkpt>
      <trkpt lat="45.641085155428556" lon="14.055785079232976">
        <ele>607.8671697603024</ele>
      </trkpt>
      <trkpt lat="45.64131481301567" lon="14.05612669990947">
        <ele>611.1616556851154</ele>
      </trkpt>
      <trkpt lat="45.64131481301567" lon="14.05612669990947">
        <ele>611.1616556851154</ele>
      </trkpt>
      <trkpt lat="45.64175193021312" lon="14.056277548395467">
        <ele>608.118698116765</ele>
      </trkpt>
      <trkpt lat="45.64191094964056" lon="14.056332425760198">
        <ele>607.5888297280299</ele>
      </trkpt>
      <trkpt lat="45.64191094964056" lon="14.056332425760198">
        <ele>612.4440349742968</ele>
      </trkpt>
      <trkpt lat="45.64202327281237" lon="14.056439464911819">
        <ele>612.39</ele>
      </trkpt>
      <trkpt lat="45.642034001648426" lon="14.056449690833688">
        <ele>612.31</ele>
      </trkpt>
      <trkpt lat="45.64216962084174" lon="14.056706679984927">
        <ele>612.2</ele>
      </trkpt>
      <trkpt lat="45.64230490475893" lon="14.056962998583913">
        <ele>612.1</ele>
      </trkpt>
      <trkpt lat="45.64240179955959" lon="14.05714656226337">
        <ele>612.06</ele>
      </trkpt>
      <trkpt lat="45.64249844290316" lon="14.057329706847668">
        <ele>612</ele>
      </trkpt>
      <trkpt lat="45.64249441958964" lon="14.057652074843645">
        <ele>612.01</ele>
      </trkpt>
      <trkpt lat="45.64249048009515" lon="14.057972766458988">
        <ele>611.97</ele>
      </trkpt>
      <trkpt lat="45.64248721115291" lon="14.058232521638274">
        <ele>611.92</ele>
      </trkpt>
      <trkpt lat="45.642555858939886" lon="14.058539466932416">
        <ele>611.87</ele>
      </trkpt>
      <trkpt lat="45.642624255269766" lon="14.05884507112205">
        <ele>611.87</ele>
      </trkpt>
      <trkpt lat="45.64269290305674" lon="14.059152100235224">
        <ele>611.85</ele>
      </trkpt>
      <trkpt lat="45.64276129938662" lon="14.059457704424858">
        <ele>611.84</ele>
      </trkpt>
      <trkpt lat="45.642789378762245" lon="14.059583181515336">
        <ele>611.78</ele>
      </trkpt>
      <trkpt lat="45.64276264049113" lon="14.059903286397457">
        <ele>611.59</ele>
      </trkpt>
      <trkpt lat="45.64273598603904" lon="14.060221798717976">
        <ele>611.42</ele>
      </trkpt>
      <trkpt lat="45.64270916394889" lon="14.060541903600097">
        <ele>611.19</ele>
      </trkpt>
      <trkpt lat="45.64268259331584" lon="14.060860415920615">
        <ele>610.94</ele>
      </trkpt>
      <trkpt lat="45.64267002046108" lon="14.061010535806417">
        <ele>610.7</ele>
      </trkpt>
      <trkpt lat="45.642774207517505" lon="14.061296191066504">
        <ele>610.56</ele>
      </trkpt>
      <trkpt lat="45.64287797547877" lon="14.061580756679177">
        <ele>610.36</ele>
      </trkpt>
      <trkpt lat="45.64298216253519" lon="14.061866411939263">
        <ele>610.16</ele>
      </trkpt>
      <trkpt lat="45.643086014315486" lon="14.062150977551937">
        <ele>609.89</ele>
      </trkpt>
      <trkpt lat="45.64319020137191" lon="14.062436632812023">
        <ele>609.45</ele>
      </trkpt>
      <trkpt lat="45.64329396933317" lon="14.062721198424697">
        <ele>608.9</ele>
      </trkpt>
      <trkpt lat="45.643398156389594" lon="14.063006853684783">
        <ele>608.25</ele>
      </trkpt>
      <trkpt lat="45.64350200816989" lon="14.063291419297457">
        <ele>607.54</ele>
      </trkpt>
      <trkpt lat="45.64360083080828" lon="14.063562490046024">
        <ele>606.95</ele>
      </trkpt>
      <trkpt lat="45.64369931817055" lon="14.06383247114718">
        <ele>606.34</ele>
      </trkpt>
      <trkpt lat="45.64378598704934" lon="14.064129944890738">
        <ele>605.65</ele>
      </trkpt>
      <trkpt lat="45.64387232065201" lon="14.06442616134882">
        <ele>604.88</ele>
      </trkpt>
      <trkpt lat="45.6439589895308" lon="14.064723635092378">
        <ele>604</ele>
      </trkpt>
      <trkpt lat="45.64404523931444" lon="14.065019935369492">
        <ele>603.03</ele>
      </trkpt>
      <trkpt lat="45.644128220155835" lon="14.065304836258292">
        <ele>601.98</ele>
      </trkpt>
      <trkpt lat="45.64404456876218" lon="14.065603986382484">
        <ele>601</ele>
      </trkpt>
      <trkpt lat="45.64396125264466" lon="14.065901963040233">
        <ele>599.94</ele>
      </trkpt>
      <trkpt lat="45.64392425042865" lon="14.066034325676682">
        <ele>599.4268877457264</ele>
      </trkpt>
      <trkpt lat="45.64392425042865" lon="14.066034325676682">
        <ele>594.9255008853047</ele>
      </trkpt>
      <trkpt lat="45.643670294045364" lon="14.066430361209171">
        <ele>592.2456772242681</ele>
      </trkpt>
      <trkpt lat="45.643670294045364" lon="14.066430361209171">
        <ele>592.2456772242681</ele>
      </trkpt>
      <trkpt lat="45.64355087723811" lon="14.066771981884756">
        <ele>590.8238971891824</ele>
      </trkpt>
      <trkpt lat="45.643444629544724" lon="14.067143491742357">
        <ele>590.2864877897955</ele>
      </trkpt>
      <trkpt lat="45.643444629544724" lon="14.067143491742357">
        <ele>589.8879360804426</ele>
      </trkpt>
      <trkpt lat="45.643429923802614" lon="14.067159919068217">
        <ele>589.67</ele>
      </trkpt>
      <trkpt lat="45.643312241882086" lon="14.067576415836811">
        <ele>588.13</ele>
      </trkpt>
      <trkpt lat="45.643299920484424" lon="14.067619917914271">
        <ele>586.59</ele>
      </trkpt>
      <trkpt lat="45.64323998987675" lon="14.06771999783814">
        <ele>584.97</ele>
      </trkpt>
      <trkpt lat="45.64298995770514" lon="14.067879924550653">
        <ele>583.19</ele>
      </trkpt>
      <trkpt lat="45.642869928851724" lon="14.067999953404069">
        <ele>581.4</ele>
      </trkpt>
      <trkpt lat="45.64280999824405" lon="14.068229952827096">
        <ele>579.68</ele>
      </trkpt>
      <trkpt lat="45.642775632441044" lon="14.068676205351949">
        <ele>577.77</ele>
      </trkpt>
      <trkpt lat="45.64276993274689" lon="14.068749966099858">
        <ele>576.04</ele>
      </trkpt>
      <trkpt lat="45.64275090582669" lon="14.069198062643409">
        <ele>574.3</ele>
      </trkpt>
      <trkpt lat="45.64274998381734" lon="14.069219939410686">
        <ele>572.58</ele>
      </trkpt>
      <trkpt lat="45.642696591094136" lon="14.069662420079112">
        <ele>570.72</ele>
      </trkpt>
      <trkpt lat="45.64267999492586" lon="14.069799967110157">
        <ele>568.95</ele>
      </trkpt>
      <trkpt lat="45.64266993664205" lon="14.070099955424666">
        <ele>567.12</ele>
      </trkpt>
      <trkpt lat="45.64263037405908" lon="14.070545369759202">
        <ele>565.35</ele>
      </trkpt>
      <trkpt lat="45.64262995496392" lon="14.070549979805946">
        <ele>563.66</ele>
      </trkpt>
      <trkpt lat="45.64262056723237" lon="14.07099874690175">
        <ele>561.93</ele>
      </trkpt>
      <trkpt lat="45.64261998049915" lon="14.071029927581549">
        <ele>560.27</ele>
      </trkpt>
      <trkpt lat="45.64249995164573" lon="14.0714399702847">
        <ele>558.34</ele>
      </trkpt>
      <trkpt lat="45.64231462776661" lon="14.071802906692028">
        <ele>556.37</ele>
      </trkpt>
      <trkpt lat="45.64225997775793" lon="14.071909943595529">
        <ele>554.77</ele>
      </trkpt>
      <trkpt lat="45.642073480412364" lon="14.072271706536412">
        <ele>553.16</ele>
      </trkpt>
      <trkpt lat="45.64192998223007" lon="14.072549985721707">
        <ele>551.66</ele>
      </trkpt>
      <trkpt lat="45.641799895092845" lon="14.072958771139383">
        <ele>550.3</ele>
      </trkpt>
      <trkpt lat="45.64178992062807" lon="14.072989951819181">
        <ele>548.93</ele>
      </trkpt>
      <trkpt lat="45.641669975593686" lon="14.073109980672598">
        <ele>547.64</ele>
      </trkpt>
      <trkpt lat="45.64138666726649" lon="14.07330603338778">
        <ele>546.31</ele>
      </trkpt>
      <trkpt lat="45.641279965639114" lon="14.073379961773753">
        <ele>545.02</ele>
      </trkpt>
      <trkpt lat="45.640986766666174" lon="14.073543827980757">
        <ele>543.71</ele>
      </trkpt>
      <trkpt lat="45.64093999564648" lon="14.073569979518652">
        <ele>542.54</ele>
      </trkpt>
      <trkpt lat="45.64064729958773" lon="14.073735773563385">
        <ele>541.37</ele>
      </trkpt>
      <trkpt lat="45.640639923512936" lon="14.07373996451497">
        <ele>540.3</ele>
      </trkpt>
      <trkpt lat="45.64034387469292" lon="14.073892766609788">
        <ele>539.2</ele>
      </trkpt>
      <trkpt lat="45.64032996073365" lon="14.073899975046515">
        <ele>538.19</ele>
      </trkpt>
      <trkpt lat="45.640229964628816" lon="14.073989996686578">
        <ele>537.17</ele>
      </trkpt>
      <trkpt lat="45.6400200817734" lon="14.074324686080217">
        <ele>536</ele>
      </trkpt>
      <trkpt lat="45.639810198917985" lon="14.074659375473857">
        <ele>534.79</ele>
      </trkpt>
      <trkpt lat="45.6396003998816" lon="14.074994064867496">
        <ele>533.61</ele>
      </trkpt>
      <trkpt lat="45.6394399702549" lon="14.075249964371324">
        <ele>532.63</ele>
      </trkpt>
      <trkpt lat="45.6391999963671" lon="14.075509971007705">
        <ele>531.68</ele>
      </trkpt>
      <trkpt lat="45.63901995308697" lon="14.07577995210886">
        <ele>530.77</ele>
      </trkpt>
      <trkpt lat="45.638899924233556" lon="14.07607994042337">
        <ele>529.75</ele>
      </trkpt>
      <trkpt lat="45.638895999305184" lon="14.076095643249399">
        <ele>529.7091524188168</ele>
      </trkpt>
      <trkpt lat="45.638895999305184" lon="14.076095643249399">
        <ele>524.6429436203603</ele>
      </trkpt>
      <trkpt lat="45.63857589109025" lon="14.076547303681698">
        <ele>530.3182771056096</ele>
      </trkpt>
      <trkpt lat="45.63834111869119" lon="14.076878558545843">
        <ele>532.3554841876269</ele>
      </trkpt>
      <trkpt lat="45.63835155856728" lon="14.077001844211306">
        <ele>530.4583982062061</ele>
      </trkpt>
      <trkpt lat="45.63835155856728" lon="14.077001844211306">
        <ele>530.7485207640736</ele>
      </trkpt>
      <trkpt lat="45.63835155856728" lon="14.077001844211306">
        <ele>530.4583982062061</ele>
      </trkpt>
      <trkpt lat="45.63834111869119" lon="14.077567897507862">
        <ele>524.8750693755228</ele>
      </trkpt>
      <trkpt lat="45.63834111869119" lon="14.077567897507862">
        <ele>524.8750693755228</ele>
      </trkpt>
      <trkpt lat="45.638432353529154" lon="14.078197641670313">
        <ele>523.0902377703475</ele>
      </trkpt>
      <trkpt lat="45.63845780737836" lon="14.078373335662917">
        <ele>522.8327325244913</ele>
      </trkpt>
      <trkpt lat="45.63845780737836" lon="14.078373335662917">
        <ele>522.8327325244913</ele>
      </trkpt>
      <trkpt lat="45.638351265543605" lon="14.078656327447021">
        <ele>521.3245536185755</ele>
      </trkpt>
      <trkpt lat="45.63801407083351" lon="14.079081789465306">
        <ele>520.5595733370633</ele>
      </trkpt>
      <trkpt lat="45.637676876123415" lon="14.079507251483589">
        <ele>514.292591830965</ele>
      </trkpt>
      <trkpt lat="45.63733968141332" lon="14.079932713501874">
        <ele>509.5420661883282</ele>
      </trkpt>
      <trkpt lat="45.63730269843117" lon="14.079979377502696">
        <ele>509.3262087939315</ele>
      </trkpt>
      <trkpt lat="45.63730269843117" lon="14.079979377502696">
        <ele>509.3262087939315</ele>
      </trkpt>
      <trkpt lat="45.63730269843117" lon="14.079979377502696">
        <ele>509.3262087939315</ele>
      </trkpt>
      <trkpt lat="45.63698616057058" lon="14.08043614390258">
        <ele>508.05133723872996</ele>
      </trkpt>
      <trkpt lat="45.63688625201826" lon="14.080580312659123">
        <ele>507.187754526828</ele>
      </trkpt>
      <trkpt lat="45.63672347746129" lon="14.08071032161547">
        <ele>504.80296959545666</ele>
      </trkpt>
      <trkpt lat="45.63672347746129" lon="14.08071032161547">
        <ele>504.80296959545666</ele>
      </trkpt>
      <trkpt lat="45.63672347746129" lon="14.08071032161547">
        <ele>504.80296959545666</ele>
      </trkpt>
      <trkpt lat="45.63647423156189" lon="14.080865126116464">
        <ele>499.25156888570666</ele>
      </trkpt>
      <trkpt lat="45.63647423156189" lon="14.080865126116464">
        <ele>499.25156888570666</ele>
      </trkpt>
      <trkpt lat="45.636029151316855" lon="14.080956678450212">
        <ele>492.8642381434336</ele>
      </trkpt>
      <trkpt lat="45.635896989563236" lon="14.080983863923194">
        <ele>491.8039731249916</ele>
      </trkpt>
      <trkpt lat="45.63571844458514" lon="14.081082075459875">
        <ele>490.13233842730693</ele>
      </trkpt>
      <trkpt lat="45.63571844458514" lon="14.081082075459875">
        <ele>490.13233842730693</ele>
      </trkpt>
      <trkpt lat="45.6354849618327" lon="14.081268677380535">
        <ele>486.9528119318536</ele>
      </trkpt>
      <trkpt lat="45.6354849618327" lon="14.081268677380535">
        <ele>486.9528119318536</ele>
      </trkpt>
      <trkpt lat="45.635173180113924" lon="14.08151436013992">
        <ele>482.6459107551463</ele>
      </trkpt>
      <trkpt lat="45.635173180113924" lon="14.08151436013992">
        <ele>482.6459107551463</ele>
      </trkpt>
      <trkpt lat="45.635173180113924" lon="14.08151436013992">
        <ele>482.6459107551463</ele>
      </trkpt>
      <trkpt lat="45.63489749989577" lon="14.081936366562275">
        <ele>474.2548917205807</ele>
      </trkpt>
      <trkpt lat="45.63467782278953" lon="14.082497480038457">
        <ele>464.6907586990219</ele>
      </trkpt>
      <trkpt lat="45.63466208367646" lon="14.082537681899254">
        <ele>463.8249106485089</ele>
      </trkpt>
      <trkpt lat="45.63466208367646" lon="14.082537681899254">
        <ele>463.8249106485089</ele>
      </trkpt>
      <trkpt lat="45.63466208367646" lon="14.082537681899254">
        <ele>463.8249106485089</ele>
      </trkpt>
      <trkpt lat="45.63482596453744" lon="14.08269972766422">
        <ele>460.8609030260518</ele>
      </trkpt>
      <trkpt lat="45.63482596453744" lon="14.08269972766422">
        <ele>460.8609030260518</ele>
      </trkpt>
      <trkpt lat="45.63474342362545" lon="14.082967297535504">
        <ele>455.633520488774</ele>
      </trkpt>
      <trkpt lat="45.634660882591845" lon="14.083140430981501">
        <ele>451.24556852906323</ele>
      </trkpt>
      <trkpt lat="45.634660882591845" lon="14.083140430981501">
        <ele>451.24556852906323</ele>
      </trkpt>
      <trkpt lat="45.634264669282636" lon="14.083444513100304">
        <ele>445.97654748604407</ele>
      </trkpt>
      <trkpt lat="45.634066569493285" lon="14.083596548890824">
        <ele>443.2376303543808</ele>
      </trkpt>
      <trkpt lat="45.634066569493285" lon="14.083596548890824">
        <ele>443.2376303543808</ele>
      </trkpt>
      <trkpt lat="45.634066569493285" lon="14.083596548890824">
        <ele>443.2376303543808</ele>
      </trkpt>
      <trkpt lat="45.63416066698238" lon="14.083964032627819">
        <ele>438.0110736433421</ele>
      </trkpt>
      <trkpt lat="45.63431372049317" lon="14.08428643586214">
        <ele>433.42895864970137</ele>
      </trkpt>
      <trkpt lat="45.63431372049317" lon="14.08428643586214">
        <ele>433.42895864970137</ele>
      </trkpt>
      <trkpt lat="45.634688383558576" lon="14.08464202561554">
        <ele>425.1166775457256</ele>
      </trkpt>
      <trkpt lat="45.6347118224206" lon="14.084664271254184">
        <ele>424.6237548651881</ele>
      </trkpt>
      <trkpt lat="45.6347118224206" lon="14.084664271254184">
        <ele>424.6237548651881</ele>
      </trkpt>
      <trkpt lat="45.63476248973572" lon="14.084959293410634">
        <ele>420.59492295559403</ele>
      </trkpt>
      <trkpt lat="45.63476248973572" lon="14.084959293410634">
        <ele>420.59492295559403</ele>
      </trkpt>
      <trkpt lat="45.63459963034555" lon="14.085176678156785">
        <ele>418.7090304204778</ele>
      </trkpt>
      <trkpt lat="45.63459963034555" lon="14.085176678156785">
        <ele>418.7090304204778</ele>
      </trkpt>
      <trkpt lat="45.634216004132924" lon="14.08531124966592">
        <ele>414.52146492442785</ele>
      </trkpt>
      <trkpt lat="45.634216004132924" lon="14.08531124966592">
        <ele>414.52146492442785</ele>
      </trkpt>
      <trkpt lat="45.63419067023406" lon="14.085611447649143">
        <ele>405.34736388586555</ele>
      </trkpt>
      <trkpt lat="45.63419067023406" lon="14.085611447649143">
        <ele>405.34736388586555</ele>
      </trkpt>
      <trkpt lat="45.634288386638445" lon="14.085911645632336">
        <ele>399.83837171293624</ele>
      </trkpt>
      <trkpt lat="45.634288386638445" lon="14.085911645632336">
        <ele>399.83837171293624</ele>
      </trkpt>
      <trkpt lat="45.634349911694216" lon="14.08634641512461">
        <ele>395.888088497033</ele>
      </trkpt>
      <trkpt lat="45.634349911694216" lon="14.08634641512461">
        <ele>395.888088497033</ele>
      </trkpt>
      <trkpt lat="45.634491057155486" lon="14.086812239581946">
        <ele>392.47454489284644</ele>
      </trkpt>
      <trkpt lat="45.634491057155486" lon="14.086812239581946">
        <ele>392.47454489284644</ele>
      </trkpt>
      <trkpt lat="45.63443677048167" lon="14.08711761339248">
        <ele>390.2235927659631</ele>
      </trkpt>
      <trkpt lat="45.63443677048167" lon="14.08711761339248">
        <ele>390.2235927659631</ele>
      </trkpt>
      <trkpt lat="45.63412184409882" lon="14.08665860033796">
        <ele>394.9181675976292</ele>
      </trkpt>
      <trkpt lat="45.63380691771598" lon="14.086199587283444">
        <ele>397.1047793864744</ele>
      </trkpt>
      <trkpt lat="45.63349199133313" lon="14.085740574228925">
        <ele>398.7897745899252</ele>
      </trkpt>
      <trkpt lat="45.63336213620465" lon="14.085551307141714">
        <ele>399.1202030770283</ele>
      </trkpt>
      <trkpt lat="45.63336213620465" lon="14.085551307141714">
        <ele>399.1202030770283</ele>
      </trkpt>
      <trkpt lat="45.63309399304594" lon="14.085035093574977">
        <ele>399.3589176218563</ele>
      </trkpt>
      <trkpt lat="45.633034859583745" lon="14.08492125328317">
        <ele>398.5150285057243</ele>
      </trkpt>
      <trkpt lat="45.632880347314746" lon="14.08433867804296">
        <ele>397.8203223936919</ele>
      </trkpt>
      <trkpt lat="45.632880347314746" lon="14.08433867804296">
        <ele>398.38960246592694</ele>
      </trkpt>
      <trkpt lat="45.632880347314746" lon="14.08433867804296">
        <ele>397.8203223936919</ele>
      </trkpt>
      <trkpt lat="45.63277320095867" lon="14.083714143774973">
        <ele>402.4018078770155</ele>
      </trkpt>
      <trkpt lat="45.632757931719254" lon="14.08362514249103">
        <ele>402.5918282732743</ele>
      </trkpt>
      <trkpt lat="45.632493590208924" lon="14.083247110175364">
        <ele>399.10276148905234</ele>
      </trkpt>
      <trkpt lat="45.632493590208924" lon="14.083247110175364">
        <ele>399.10276148905234</ele>
      </trkpt>
      <trkpt lat="45.632493590208924" lon="14.083247110175364">
        <ele>399.10276148905234</ele>
      </trkpt>
      <trkpt lat="45.63212162380108" lon="14.082885791590385">
        <ele>400.550976053254</ele>
      </trkpt>
      <trkpt lat="45.63182643704269" lon="14.082599054778683">
        <ele>402.8065750704931</ele>
      </trkpt>
      <trkpt lat="45.63182643704269" lon="14.082599054778683">
        <ele>402.8065750704931</ele>
      </trkpt>
      <trkpt lat="45.631552274391005" lon="14.082089363670422">
        <ele>404.74886841026483</ele>
      </trkpt>
      <trkpt lat="45.63132291996027" lon="14.081662974761258">
        <ele>407.1315418582905</ele>
      </trkpt>
      <trkpt lat="45.63132291996027" lon="14.081662974761258">
        <ele>407.1315418582905</ele>
      </trkpt>
      <trkpt lat="45.63104256250443" lon="14.081160228277426">
        <ele>412.0044151530461</ele>
      </trkpt>
      <trkpt lat="45.6307622050486" lon="14.080657481793592">
        <ele>414.7218129667164</ele>
      </trkpt>
      <trkpt lat="45.63052987138278" lon="14.080240853196301">
        <ele>414.1241140370724</ele>
      </trkpt>
      <trkpt lat="45.63052987138278" lon="14.080240853196301">
        <ele>414.1241140370724</ele>
      </trkpt>
      <trkpt lat="45.630178916111625" lon="14.079838853229113">
        <ele>414.59664790711196</ele>
      </trkpt>
      <trkpt lat="45.629842295914244" lon="14.079453273300771">
        <ele>414.4539939271298</ele>
      </trkpt>
      <trkpt lat="45.62942392830721" lon="14.079217590964568">
        <ele>418.6265598604997</ele>
      </trkpt>
      <trkpt lat="45.62921781826677" lon="14.07910148136375">
        <ele>421.88073461441564</ele>
      </trkpt>
      <trkpt lat="45.62921781826677" lon="14.07910148136375">
        <ele>421.88073461441564</ele>
      </trkpt>
      <trkpt lat="45.62921781826677" lon="14.07910148136375">
        <ele>421.88073461441564</ele>
      </trkpt>
      <trkpt lat="45.628774776984265" lon="14.078991560827514">
        <ele>422.81042917409127</ele>
      </trkpt>
      <trkpt lat="45.628331735701764" lon="14.078881640291279">
        <ele>423.517768043561</ele>
      </trkpt>
      <trkpt lat="45.628101391931466" lon="14.078824490965133">
        <ele>421.3465402561711</ele>
      </trkpt>
      <trkpt lat="45.62765190373284" lon="14.078806708769076">
        <ele>413.1131175523816</ele>
      </trkpt>
      <trkpt lat="45.62762374765895" lon="14.078805594887047">
        <ele>412.89712593656475</ele>
      </trkpt>
      <trkpt lat="45.62762374765895" lon="14.078805594887047">
        <ele>413.0624682928613</ele>
      </trkpt>
      <trkpt lat="45.62762374765895" lon="14.078805594887047">
        <ele>412.89712593656475</ele>
      </trkpt>
      <trkpt lat="45.627673112742514" lon="14.07816648366463">
        <ele>422.42085460751264</ele>
      </trkpt>
      <trkpt lat="45.627685749454656" lon="14.078002880891916">
        <ele>425.06338252509056</ele>
      </trkpt>
      <trkpt lat="45.627685749454656" lon="14.078002880891916">
        <ele>425.06338252509056</ele>
      </trkpt>
      <trkpt lat="45.62762462530125" lon="14.077915475563856">
        <ele>426.5139050520033</ele>
      </trkpt>
      <trkpt lat="45.62762462530125" lon="14.077915475563856">
        <ele>426.5139050520033</ele>
      </trkpt>
      <trkpt lat="45.627453477316294" lon="14.07823013474129">
        <ele>424.26098959306046</ele>
      </trkpt>
      <trkpt lat="45.627453477316294" lon="14.07823013474129">
        <ele>424.26098959306046</ele>
      </trkpt>
      <trkpt lat="45.62738012802015" lon="14.07835250219901">
        <ele>423.2933740137054</ele>
      </trkpt>
      <trkpt lat="45.62729353725457" lon="14.078357407758645">
        <ele>424.2193095241489</ele>
      </trkpt>
      <trkpt lat="45.62729353725457" lon="14.078357407758645">
        <ele>424.2177686158835</ele>
      </trkpt>
      <trkpt lat="45.62729358673096" lon="14.078357219696045">
        <ele>424.22336205380344</ele>
      </trkpt>
      <trkpt lat="45.62729358673096" lon="14.078357219696045">
        <ele>419.96</ele>
      </trkpt>
      <trkpt lat="45.62716484069824" lon="14.078013896942139">
        <ele>421.96</ele>
      </trkpt>
      <trkpt lat="45.62699317932129" lon="14.077692031860352">
        <ele>424.04</ele>
      </trkpt>
      <trkpt lat="45.62697172164917" lon="14.077541828155518">
        <ele>426.16</ele>
      </trkpt>
      <trkpt lat="45.627121925354004" lon="14.077370166778564">
        <ele>428.48</ele>
      </trkpt>
      <trkpt lat="45.62714338302612" lon="14.07724142074585">
        <ele>430.88</ele>
      </trkpt>
      <trkpt lat="45.62695026397705" lon="14.077048301696777">
        <ele>433.36</ele>
      </trkpt>
      <trkpt lat="45.62688589096069" lon="14.076769351959229">
        <ele>436.03</ele>
      </trkpt>
      <trkpt lat="45.62692880630493" lon="14.076361656188965">
        <ele>439.04</ele>
      </trkpt>
      <trkpt lat="45.62689653597772" lon="14.07594214193523">
        <ele>442.07</ele>
      </trkpt>
      <trkpt lat="45.626864433288574" lon="14.075524806976318">
        <ele>445.22</ele>
      </trkpt>
      <trkpt lat="45.62679989263415" lon="14.075230853632092">
        <ele>448.51</ele>
      </trkpt>
      <trkpt lat="45.62673535197973" lon="14.074936900287867">
        <ele>451.91</ele>
      </trkpt>
      <trkpt lat="45.6266713142395" lon="14.074645042419434">
        <ele>455.36</ele>
      </trkpt>
      <trkpt lat="45.62666452489793" lon="14.074630122631788">
        <ele>458.78</ele>
      </trkpt>
      <trkpt lat="45.626658322289586" lon="14.07461654394865">
        <ele>462.31</ele>
      </trkpt>
      <trkpt lat="45.626519350335" lon="14.074310772120953">
        <ele>466.12</ele>
      </trkpt>
      <trkpt lat="45.62638037838042" lon="14.074005084112287">
        <ele>470.06</ele>
      </trkpt>
      <trkpt lat="45.62624216079712" lon="14.073700904846191">
        <ele>474.07</ele>
      </trkpt>
      <trkpt lat="45.62609707005322" lon="14.073410723358393">
        <ele>478.26</ele>
      </trkpt>
      <trkpt lat="45.62595206312835" lon="14.073120625689626">
        <ele>482.53</ele>
      </trkpt>
      <trkpt lat="45.62580697238445" lon="14.072830528020859">
        <ele>486.78</ele>
      </trkpt>
      <trkpt lat="45.6256628036499" lon="14.072542190551758">
        <ele>490.99</ele>
      </trkpt>
      <trkpt lat="45.6256628036499" lon="14.072327613830566">
        <ele>495.33</ele>
      </trkpt>
      <trkpt lat="45.62593085691333" lon="14.072413360700011">
        <ele>499.74</ele>
      </trkpt>
      <trkpt lat="45.62619924545288" lon="14.07249927520752">
        <ele>504.2</ele>
      </trkpt>
      <trkpt lat="45.626327991485596" lon="14.072327613830566">
        <ele>508.75</ele>
      </trkpt>
      <trkpt lat="45.626306449994445" lon="14.072090908885002">
        <ele>513.15</ele>
      </trkpt>
      <trkpt lat="45.62628507614136" lon="14.071855545043945">
        <ele>517.53</ele>
      </trkpt>
      <trkpt lat="45.62622053548694" lon="14.071597466245294">
        <ele>521.93</ele>
      </trkpt>
      <trkpt lat="45.62615633010864" lon="14.071340560913086">
        <ele>526.4</ele>
      </trkpt>
      <trkpt lat="45.62613478861749" lon="14.071028586477041">
        <ele>530.95</ele>
      </trkpt>
      <trkpt lat="45.626113414764404" lon="14.07071828842163">
        <ele>535.41</ele>
      </trkpt>
      <trkpt lat="45.62614560127258" lon="14.070492396131158">
        <ele>539.82</ele>
      </trkpt>
      <trkpt lat="45.62617778778076" lon="14.070267677307129">
        <ele>544.3</ele>
      </trkpt>
      <trkpt lat="45.62624216079712" lon="14.070117473602295">
        <ele>548.76</ele>
      </trkpt>
      <trkpt lat="45.62641382217407" lon="14.069902896881104">
        <ele>553.35</ele>
      </trkpt>
      <trkpt lat="45.626413905993104" lon="14.069902896881104">
        <ele>557.68</ele>
      </trkpt>
      <trkpt lat="45.62649965286255" lon="14.069602489471436">
        <ele>562.18</ele>
      </trkpt>
      <trkpt lat="45.626349449157715" lon="14.06925916671753">
        <ele>566.63</ele>
      </trkpt>
      <trkpt lat="45.62636378221214" lon="14.068893380463123">
        <ele>571.13</ele>
      </trkpt>
      <trkpt lat="45.62637811526656" lon="14.068527678027749">
        <ele>575.51</ele>
      </trkpt>
      <trkpt lat="45.62639236450195" lon="14.068164825439453">
        <ele>579.69</ele>
      </trkpt>
      <trkpt lat="45.62632472254336" lon="14.067786885425448">
        <ele>583.89</ele>
      </trkpt>
      <trkpt lat="45.626257164403796" lon="14.067408945411444">
        <ele>588.12</ele>
      </trkpt>
      <trkpt lat="45.6261895224452" lon="14.067031005397439">
        <ele>592.27</ele>
      </trkpt>
      <trkpt lat="45.62612196430564" lon="14.066653065383434">
        <ele>596.27</ele>
      </trkpt>
      <trkpt lat="45.626054322347045" lon="14.06627512536943">
        <ele>600.08</ele>
      </trkpt>
      <trkpt lat="45.62598676420748" lon="14.065897185355425">
        <ele>603.82</ele>
      </trkpt>
      <trkpt lat="45.62592029571533" lon="14.065525531768799">
        <ele>607.43</ele>
      </trkpt>
      <trkpt lat="45.62574134208262" lon="14.065289245918393">
        <ele>610.82</ele>
      </trkpt>
      <trkpt lat="45.62556238844991" lon="14.06505304388702">
        <ele>614.1</ele>
      </trkpt>
      <trkpt lat="45.62538385391235" lon="14.064817428588867">
        <ele>617.27</ele>
      </trkpt>
      <trkpt lat="45.62524194829166" lon="14.064464885741472">
        <ele>620.24</ele>
      </trkpt>
      <trkpt lat="45.625100042670965" lon="14.064112342894077">
        <ele>622.85</ele>
      </trkpt>
      <trkpt lat="45.6249582208693" lon="14.063759800046682">
        <ele>625.27</ele>
      </trkpt>
      <trkpt lat="45.62481631524861" lon="14.06340734101832">
        <ele>627.55</ele>
      </trkpt>
      <trkpt lat="45.62467575073242" lon="14.063057899475098">
        <ele>629.52</ele>
      </trkpt>
      <trkpt lat="45.62457893975079" lon="14.062756821513176">
        <ele>631.25</ele>
      </trkpt>
      <trkpt lat="45.62448263168335" lon="14.062457084655762">
        <ele>632.72</ele>
      </trkpt>
      <trkpt lat="45.62440551817417" lon="14.06225767917931">
        <ele>633.94</ele>
      </trkpt>
      <trkpt lat="45.62440015375614" lon="14.062243597581983">
        <ele>634.9</ele>
      </trkpt>
      <trkpt lat="45.624258667230606" lon="14.061877559870481">
        <ele>635.69</ele>
      </trkpt>
      <trkpt lat="45.624117851257324" lon="14.06151294708252">
        <ele>636.2</ele>
      </trkpt>
      <trkpt lat="45.62405347824097" lon="14.061470031738281">
        <ele>636.45</ele>
      </trkpt>
      <trkpt lat="45.624048030003905" lon="14.061055881902575">
        <ele>636.45</ele>
      </trkpt>
      <trkpt lat="45.624042665585876" lon="14.06064173206687">
        <ele>636.31</ele>
      </trkpt>
      <trkpt lat="45.624037301167846" lon="14.060227666050196">
        <ele>635.88</ele>
      </trkpt>
      <trkpt lat="45.62403202056885" lon="14.059817790985107">
        <ele>635.19</ele>
      </trkpt>
      <trkpt lat="45.624107206240296" lon="14.059559712186456">
        <ele>634.24</ele>
      </trkpt>
      <trkpt lat="45.62418222427368" lon="14.059302806854248">
        <ele>633.25</ele>
      </trkpt>
      <trkpt lat="45.62418222427368" lon="14.059088230133057">
        <ele>632.2</ele>
      </trkpt>
      <trkpt lat="45.62422513961792" lon="14.058980941772461">
        <ele>630.85</ele>
      </trkpt>
      <trkpt lat="45.624353885650635" lon="14.058830738067627">
        <ele>629.26</ele>
      </trkpt>
      <trkpt lat="45.62452554702759" lon="14.058680450543761">
        <ele>627.5</ele>
      </trkpt>
      <trkpt lat="45.62469720840454" lon="14.058530330657959">
        <ele>625.67</ele>
      </trkpt>
      <trkpt lat="45.624868869781494" lon="14.058444499969482">
        <ele>623.78</ele>
      </trkpt>
      <trkpt lat="45.62511898577213" lon="14.05844441615045">
        <ele>621.71</ele>
      </trkpt>
      <trkpt lat="45.62536910176277" lon="14.05844441615045">
        <ele>619.49</ele>
      </trkpt>
      <trkpt lat="45.625619888305664" lon="14.058444499969482">
        <ele>617.23</ele>
      </trkpt>
      <trkpt lat="45.62579154968262" lon="14.058401584625244">
        <ele>615.04</ele>
      </trkpt>
      <trkpt lat="45.62600612640381" lon="14.058187007904053">
        <ele>612.8</ele>
      </trkpt>
      <trkpt lat="45.626188684254885" lon="14.057875452563167">
        <ele>610.48</ele>
      </trkpt>
      <trkpt lat="45.626370906829834" lon="14.057564735412598">
        <ele>608.07</ele>
      </trkpt>
      <trkpt lat="45.62651038169861" lon="14.05740363523364">
        <ele>605.64</ele>
      </trkpt>
      <trkpt lat="45.62664985656738" lon="14.05724287033081">
        <ele>603.35</ele>
      </trkpt>
      <trkpt lat="45.62666058540344" lon="14.056995436549187">
        <ele>601.42</ele>
      </trkpt>
      <trkpt lat="45.6266713142395" lon="14.05674934387207">
        <ele>599.54</ele>
      </trkpt>
      <trkpt lat="45.62661750242114" lon="14.056340642273426">
        <ele>597.78</ele>
      </trkpt>
      <trkpt lat="45.626564025878906" lon="14.055933952331543">
        <ele>596</ele>
      </trkpt>
      <trkpt lat="45.626555643975735" lon="14.05560102313757">
        <ele>594.23</ele>
      </trkpt>
      <trkpt lat="45.62654776498675" lon="14.055285695940256">
        <ele>592.59</ele>
      </trkpt>
      <trkpt lat="45.62654742971063" lon="14.055269854143262">
        <ele>591.35</ele>
      </trkpt>
      <trkpt lat="45.62654256820679" lon="14.055075645446777">
        <ele>590.17</ele>
      </trkpt>
      <trkpt lat="45.626370906829834" lon="14.054946899414062">
        <ele>589.34</ele>
      </trkpt>
      <trkpt lat="45.62626361846924" lon="14.054818153381348">
        <ele>588.68</ele>
      </trkpt>
      <trkpt lat="45.62616680748761" lon="14.054463347420096">
        <ele>587.99</ele>
      </trkpt>
      <trkpt lat="45.626070499420166" lon="14.054110050201416">
        <ele>587.91</ele>
      </trkpt>
      <trkpt lat="45.626091957092285" lon="14.054045677185059">
        <ele>587.99</ele>
      </trkpt>
      <trkpt lat="45.62624216079712" lon="14.053938388824463">
        <ele>588.23</ele>
      </trkpt>
      <trkpt lat="45.626349449157715" lon="14.05376672744751">
        <ele>588.78</ele>
      </trkpt>
      <trkpt lat="45.62641382217407" lon="14.053595066070557">
        <ele>589.68</ele>
      </trkpt>
      <trkpt lat="45.62649965286255" lon="14.053316116333008">
        <ele>590.95</ele>
      </trkpt>
      <trkpt lat="45.62652111053467" lon="14.053037166595459">
        <ele>592.55</ele>
      </trkpt>
      <trkpt lat="45.626485235989094" lon="14.052736004814506">
        <ele>594.5</ele>
      </trkpt>
      <trkpt lat="45.62644936144352" lon="14.052434843033552">
        <ele>596.59</ele>
      </trkpt>
      <trkpt lat="45.62641382217407" lon="14.052135944366455">
        <ele>598.8</ele>
      </trkpt>
      <trkpt lat="45.62643527984619" lon="14.051728248596191">
        <ele>601.16</ele>
      </trkpt>
      <trkpt lat="45.62652111053467" lon="14.05153512954712">
        <ele>603.63</ele>
      </trkpt>
      <trkpt lat="45.62665714882314" lon="14.051298759877682">
        <ele>606.19</ele>
      </trkpt>
      <trkpt lat="45.626793187111616" lon="14.051062474027276">
        <ele>608.93</ele>
      </trkpt>
      <trkpt lat="45.62692880630493" lon="14.050827026367188">
        <ele>611.85</ele>
      </trkpt>
      <trkpt lat="45.62699317932129" lon="14.050612449645996">
        <ele>614.92</ele>
      </trkpt>
      <trkpt lat="45.62697163783014" lon="14.05023593455553">
        <ele>618.32</ele>
      </trkpt>
      <trkpt lat="45.62695026397705" lon="14.049861431121826">
        <ele>621.69</ele>
      </trkpt>
      <trkpt lat="45.62700399197638" lon="14.049570998176932">
        <ele>624.94</ele>
      </trkpt>
      <trkpt lat="45.62705755233765" lon="14.04928207397461">
        <ele>628.11</ele>
      </trkpt>
      <trkpt lat="45.627079010009766" lon="14.049023911356926">
        <ele>631.26</ele>
      </trkpt>
      <trkpt lat="45.627100467681885" lon="14.04876708984375">
        <ele>634.27</ele>
      </trkpt>
      <trkpt lat="45.627078926190734" lon="14.048508927226067">
        <ele>637.21</ele>
      </trkpt>
      <trkpt lat="45.62705755233765" lon="14.04825210571289">
        <ele>640.02</ele>
      </trkpt>
      <trkpt lat="45.627121925354004" lon="14.047951698303223">
        <ele>642.7</ele>
      </trkpt>
      <trkpt lat="45.627122009173036" lon="14.04775857925415">
        <ele>645.19</ele>
      </trkpt>
      <trkpt lat="45.62696099281311" lon="14.047662019729614">
        <ele>647.51</ele>
      </trkpt>
      <trkpt lat="45.62680006027222" lon="14.047565460205078">
        <ele>649.71</ele>
      </trkpt>
      <trkpt lat="45.62655673362315" lon="14.04730067588389">
        <ele>651.8</ele>
      </trkpt>
      <trkpt lat="45.62631340697408" lon="14.0470358915627">
        <ele>653.57</ele>
      </trkpt>
      <trkpt lat="45.626070499420166" lon="14.04677152633667">
        <ele>655.05</ele>
      </trkpt>
      <trkpt lat="45.62600621022284" lon="14.046642780303955">
        <ele>656.32</ele>
      </trkpt>
      <trkpt lat="45.62584502622485" lon="14.04640649445355">
        <ele>657.37</ele>
      </trkpt>
      <trkpt lat="45.62568426132202" lon="14.046170711517334">
        <ele>658.14</ele>
      </trkpt>
      <trkpt lat="45.625501619651914" lon="14.045837614685297">
        <ele>658.63</ele>
      </trkpt>
      <trkpt lat="45.625319480895996" lon="14.04550552368164">
        <ele>658.86</ele>
      </trkpt>
      <trkpt lat="45.62519073486328" lon="14.045333862304688">
        <ele>658.9</ele>
      </trkpt>
      <trkpt lat="45.62501907348633" lon="14.045183658599854">
        <ele>658.72</ele>
      </trkpt>
      <trkpt lat="45.62476166523993" lon="14.045119285583496">
        <ele>658.52</ele>
      </trkpt>
      <trkpt lat="45.62454700469971" lon="14.045140743255615">
        <ele>658.03</ele>
      </trkpt>
      <trkpt lat="45.624353885650635" lon="14.045376777648926">
        <ele>657.29</ele>
      </trkpt>
      <trkpt lat="45.62422513961792" lon="14.045441150665283">
        <ele>656.38</ele>
      </trkpt>
      <trkpt lat="45.62422522343695" lon="14.045441150665283">
        <ele>655.38</ele>
      </trkpt>
      <trkpt lat="45.62405364587903" lon="14.045430421829224">
        <ele>654.08</ele>
      </trkpt>
      <trkpt lat="45.623881816864014" lon="14.045419692993164">
        <ele>652.61</ele>
      </trkpt>
      <trkpt lat="45.62379606999457" lon="14.045441150665283">
        <ele>651.08</ele>
      </trkpt>
      <trkpt lat="45.623581409454346" lon="14.045548439025879">
        <ele>649.32</ele>
      </trkpt>
      <trkpt lat="45.62349557876587" lon="14.045398235321045">
        <ele>647.53</ele>
      </trkpt>
      <trkpt lat="45.623366832733154" lon="14.045312404632568">
        <ele>645.57</ele>
      </trkpt>
      <trkpt lat="45.62346716411412" lon="14.04493966139853">
        <ele>643.58</ele>
      </trkpt>
      <trkpt lat="45.62356749549508" lon="14.044566918164492">
        <ele>641.3</ele>
      </trkpt>
      <trkpt lat="45.62366724014282" lon="14.044196605682373">
        <ele>638.8</ele>
      </trkpt>
      <trkpt lat="45.62379598617554" lon="14.044067859649658">
        <ele>636.38</ele>
      </trkpt>
      <trkpt lat="45.62398910522461" lon="14.0440034866333">
        <ele>633.91</ele>
      </trkpt>
      <trkpt lat="45.62422513961792" lon="14.04402494430542">
        <ele>631.36</ele>
      </trkpt>
      <trkpt lat="45.62441809102893" lon="14.044067775830626">
        <ele>628.71</ele>
      </trkpt>
      <trkpt lat="45.624611377716064" lon="14.044110774993896">
        <ele>625.88</ele>
      </trkpt>
      <trkpt lat="45.624868869781494" lon="14.04426097869873">
        <ele>622.97</ele>
      </trkpt>
      <trkpt lat="45.625104904174805" lon="14.044218063354492">
        <ele>619.84</ele>
      </trkpt>
      <trkpt lat="45.625158632174134" lon="14.043841632083058">
        <ele>616.55</ele>
      </trkpt>
      <trkpt lat="45.6252121925354" lon="14.043467044830322">
        <ele>613.23</ele>
      </trkpt>
      <trkpt lat="45.62539835460484" lon="14.0431590937078">
        <ele>610.04</ele>
      </trkpt>
      <trkpt lat="45.62558451667428" lon="14.042851142585278">
        <ele>606.86</ele>
      </trkpt>
      <trkpt lat="45.6257700920105" lon="14.0425443649292">
        <ele>603.59</ele>
      </trkpt>
      <trkpt lat="45.625920463353395" lon="14.042243454605341">
        <ele>600.15</ele>
      </trkpt>
      <trkpt lat="45.626070499420166" lon="14.041943550109863">
        <ele>596.8</ele>
      </trkpt>
      <trkpt lat="45.62619932927191" lon="14.04177188873291">
        <ele>593.6</ele>
      </trkpt>
      <trkpt lat="45.62619924545288" lon="14.04177188873291">
        <ele>590.43</ele>
      </trkpt>
      <trkpt lat="45.62645673751831" lon="14.04151439666748">
        <ele>587.33</ele>
      </trkpt>
      <trkpt lat="45.62664985656738" lon="14.041213989257812">
        <ele>584</ele>
      </trkpt>
      <trkpt lat="45.62671431340277" lon="14.040977451950312">
        <ele>580.76</ele>
      </trkpt>
      <trkpt lat="45.6267786026001" lon="14.040741920471191">
        <ele>577.73</ele>
      </trkpt>
      <trkpt lat="45.62694322317839" lon="14.040527176111937">
        <ele>574.74</ele>
      </trkpt>
      <trkpt lat="45.627107843756676" lon="14.040312431752682">
        <ele>571.76</ele>
      </trkpt>
      <trkpt lat="45.62727212905884" lon="14.040098190307617">
        <ele>568.88</ele>
      </trkpt>
      <trkpt lat="45.62747597694397" lon="14.039926445111632">
        <ele>566.25</ele>
      </trkpt>
      <trkpt lat="45.6276798248291" lon="14.039754867553711">
        <ele>563.61</ele>
      </trkpt>
      <trkpt lat="45.62786590307951" lon="14.03951145708561">
        <ele>560.97</ele>
      </trkpt>
      <trkpt lat="45.62805198132992" lon="14.039268046617508">
        <ele>558.38</ele>
      </trkpt>
      <trkpt lat="45.6282377243042" lon="14.03902530670166">
        <ele>556.06</ele>
      </trkpt>
      <trkpt lat="45.62854500487447" lon="14.038975266739726">
        <ele>554.07</ele>
      </trkpt>
      <trkpt lat="45.62885236926377" lon="14.038925226777792">
        <ele>552.33</ele>
      </trkpt>
      <trkpt lat="45.62916040420532" lon="14.038875102996826">
        <ele>550.68</ele>
      </trkpt>
      <trkpt lat="45.62926769256592" lon="14.038724899291992">
        <ele>549.3</ele>
      </trkpt>
      <trkpt lat="45.62928915023804" lon="14.038574695587158">
        <ele>548.26</ele>
      </trkpt>
      <trkpt lat="45.629535745829344" lon="14.038445949554443">
        <ele>547.21</ele>
      </trkpt>
      <trkpt lat="45.62978267669678" lon="14.038317203521729">
        <ele>546.45</ele>
      </trkpt>
      <trkpt lat="45.62988996505737" lon="14.038166999816895">
        <ele>546.05</ele>
      </trkpt>
      <trkpt lat="45.62995433807373" lon="14.03778076171875">
        <ele>546.03</ele>
      </trkpt>
      <trkpt lat="45.63001871109009" lon="14.037652015686035">
        <ele>546.05</ele>
      </trkpt>
      <trkpt lat="45.630083084106445" lon="14.037609100341797">
        <ele>546.32</ele>
      </trkpt>
      <trkpt lat="45.63016891479492" lon="14.037673473358154">
        <ele>546.82</ele>
      </trkpt>
      <trkpt lat="45.63021183013916" lon="14.037866592407227">
        <ele>547.47</ele>
      </trkpt>
      <trkpt lat="45.630319118499756" lon="14.038102626800537">
        <ele>548.27</ele>
      </trkpt>
      <trkpt lat="45.63049077987671" lon="14.038252830505371">
        <ele>549.4</ele>
      </trkpt>
      <trkpt lat="45.63067300245166" lon="14.038295662030578">
        <ele>550.8</ele>
      </trkpt>
      <trkpt lat="45.630855560302734" lon="14.038338661193848">
        <ele>552.37</ele>
      </trkpt>
      <trkpt lat="45.63116644509137" lon="14.038299350067973">
        <ele>554.23</ele>
      </trkpt>
      <trkpt lat="45.63147732988" lon="14.038260038942099">
        <ele>556.28</ele>
      </trkpt>
      <trkpt lat="45.63178829848766" lon="14.038220727816224">
        <ele>558.28</ele>
      </trkpt>
      <trkpt lat="45.632099183276296" lon="14.03818141669035">
        <ele>560.59</ele>
      </trkpt>
      <trkpt lat="45.63241006806493" lon="14.038142105564475">
        <ele>563.13</ele>
      </trkpt>
      <trkpt lat="45.6327223777771" lon="14.038102626800537">
        <ele>565.78</ele>
      </trkpt>
      <trkpt lat="45.63297986984253" lon="14.037952423095703">
        <ele>568.38</ele>
      </trkpt>
      <trkpt lat="45.633108615875244" lon="14.03780221939087">
        <ele>571.15</ele>
      </trkpt>
      <trkpt lat="45.63323752954602" lon="14.03754430823028">
        <ele>574.1</ele>
      </trkpt>
      <trkpt lat="45.633366107940674" lon="14.03728723526001">
        <ele>577.16</ele>
      </trkpt>
      <trkpt lat="45.63350583426654" lon="14.03690024279058">
        <ele>580.16</ele>
      </trkpt>
      <trkpt lat="45.63364505767822" lon="14.03651475906372">
        <ele>583.24</ele>
      </trkpt>
      <trkpt lat="45.63368797302246" lon="14.036192893981934">
        <ele>586.19</ele>
      </trkpt>
      <trkpt lat="45.6337308883667" lon="14.036085605621338">
        <ele>588.99</ele>
      </trkpt>
      <trkpt lat="45.63391604460776" lon="14.035818055272102">
        <ele>591.59</ele>
      </trkpt>
      <trkpt lat="45.63392400741577" lon="14.035806655883789">
        <ele>594.31</ele>
      </trkpt>
      <trkpt lat="45.6339240912348" lon="14.035806488245726">
        <ele>596.99</ele>
      </trkpt>
      <trkpt lat="45.63392400741577" lon="14.035806655883789">
        <ele>594.31</ele>
      </trkpt>
      <trkpt lat="45.634052753448486" lon="14.035570621490479">
        <ele>602.18</ele>
      </trkpt>
      <trkpt lat="45.634074211120605" lon="14.035323187708855">
        <ele>604.8</ele>
      </trkpt>
      <trkpt lat="45.634095668792725" lon="14.035077095031738">
        <ele>607.3</ele>
      </trkpt>
      <trkpt lat="45.63408125191927" lon="14.034653976559639">
        <ele>609.69</ele>
      </trkpt>
      <trkpt lat="45.634066918864846" lon="14.034230941906571">
        <ele>612</ele>
      </trkpt>
      <trkpt lat="45.634052753448486" lon="14.033811092376709">
        <ele>614.18</ele>
      </trkpt>
      <trkpt lat="45.63413858413696" lon="14.03353214263916">
        <ele>616.08</ele>
      </trkpt>
      <trkpt lat="45.63420295715332" lon="14.033381938934326">
        <ele>617.85</ele>
      </trkpt>
      <trkpt lat="45.634310245513916" lon="14.033253192901611">
        <ele>619.45</ele>
      </trkpt>
      <trkpt lat="45.634556924924254" lon="14.033092260360718">
        <ele>620.86</ele>
      </trkpt>
      <trkpt lat="45.63475409444448" lon="14.032963715206613">
        <ele>621.9702650641063</ele>
      </trkpt>
      <trkpt lat="45.63475409444448" lon="14.032963715206613">
        <ele>608.5340257573546</ele>
      </trkpt>
      <trkpt lat="45.63475123639887" lon="14.032926231819289">
        <ele>608.6109462199075</ele>
      </trkpt>
      <trkpt lat="45.634746604322665" lon="14.032881281689498">
        <ele>608.6999086729527</ele>
      </trkpt>
      <trkpt lat="45.634746604322665" lon="14.032881281689498">
        <ele>622.656489720619</ele>
      </trkpt>
      <trkpt lat="45.634746604322665" lon="14.032881281689498">
        <ele>608.6999086729527</ele>
      </trkpt>
      <trkpt lat="45.634647952130024" lon="14.032725207212394">
        <ele>609.0123719929388</ele>
      </trkpt>
      <trkpt lat="45.63452512154832" lon="14.032692532999626">
        <ele>609.4632612360646</ele>
      </trkpt>
      <trkpt lat="45.63452512154832" lon="14.032692532999626">
        <ele>609.8226164384364</ele>
      </trkpt>
      <trkpt lat="45.634360325271494" lon="14.032552092816688">
        <ele>610.6579781380138</ele>
      </trkpt>
      <trkpt lat="45.63418091149725" lon="14.032399195531866">
        <ele>612.2650861401502</ele>
      </trkpt>
      <trkpt lat="45.63418091149725" lon="14.032399195531866">
        <ele>612.2650861401502</ele>
      </trkpt>
      <trkpt lat="45.63378529110614" lon="14.032093540940675">
        <ele>614.3718262858694</ele>
      </trkpt>
      <trkpt lat="45.63367532728196" lon="14.03200858336902">
        <ele>614.2523989691372</ele>
      </trkpt>
      <trkpt lat="45.63352280632802" lon="14.03193760087089">
        <ele>614.5783161303966</ele>
      </trkpt>
      <trkpt lat="45.63352280632802" lon="14.03193760087089">
        <ele>614.5783161303966</ele>
      </trkpt>
      <trkpt lat="45.63327006861158" lon="14.031921169229122">
        <ele>615.9518951501586</ele>
      </trkpt>
      <trkpt lat="45.63327006861158" lon="14.031921169229122">
        <ele>615.9518951501586</ele>
      </trkpt>
      <trkpt lat="45.633098632608096" lon="14.031979345508603">
        <ele>616.81256053334</ele>
      </trkpt>
      <trkpt lat="45.633098632608096" lon="14.031979345508603">
        <ele>616.81256053334</ele>
      </trkpt>
      <trkpt lat="45.63301165710385" lon="14.03203841413574">
        <ele>617.1714758695389</ele>
      </trkpt>
      <trkpt lat="45.63301165710385" lon="14.03203841413574">
        <ele>617.1714758695389</ele>
      </trkpt>
      <trkpt lat="45.63298505264173" lon="14.032019356256836">
        <ele>616.6101532539373</ele>
      </trkpt>
      <trkpt lat="45.63298505264173" lon="14.032019356256836">
        <ele>625.5088072708221</ele>
      </trkpt>
      <trkpt lat="45.63307659700513" lon="14.031761214137077">
        <ele>624.68</ele>
      </trkpt>
      <trkpt lat="45.63319444656372" lon="14.031429290771484">
        <ele>623.4</ele>
      </trkpt>
      <trkpt lat="45.633323192596436" lon="14.031322002410889">
        <ele>622.19</ele>
      </trkpt>
      <trkpt lat="45.63349485397339" lon="14.031236171722412">
        <ele>620.74</ele>
      </trkpt>
      <trkpt lat="45.633773636072874" lon="14.031139612197876">
        <ele>618.97</ele>
      </trkpt>
      <trkpt lat="45.634052753448486" lon="14.03104305267334">
        <ele>617.03</ele>
      </trkpt>
      <trkpt lat="45.63413858413696" lon="14.030849933624268">
        <ele>614.97</ele>
      </trkpt>
      <trkpt lat="45.63412777148187" lon="14.030537959188223">
        <ele>612.81</ele>
      </trkpt>
      <trkpt lat="45.634117126464844" lon="14.030227661132812">
        <ele>610.52</ele>
      </trkpt>
      <trkpt lat="45.634045377373695" lon="14.029897833243012">
        <ele>608.08</ele>
      </trkpt>
      <trkpt lat="45.63397371210158" lon="14.029568089172244">
        <ele>605.48</ele>
      </trkpt>
      <trkpt lat="45.63390254974365" lon="14.029240608215332">
        <ele>602.66</ele>
      </trkpt>
      <trkpt lat="45.63379526138306" lon="14.029154777526855">
        <ele>599.78</ele>
      </trkpt>
      <trkpt lat="45.63379526138306" lon="14.028875827789307">
        <ele>596.78</ele>
      </trkpt>
      <trkpt lat="45.63383826054633" lon="14.028649935498834">
        <ele>593.71</ele>
      </trkpt>
      <trkpt lat="45.633881175890565" lon="14.028425216674805">
        <ele>590.48</ele>
      </trkpt>
      <trkpt lat="45.63399575650692" lon="14.02804534882307">
        <ele>587.18</ele>
      </trkpt>
      <trkpt lat="45.63411042094231" lon="14.027665480971336">
        <ele>583.64</ele>
      </trkpt>
      <trkpt lat="45.63422441482544" lon="14.02728796005249">
        <ele>579.89</ele>
      </trkpt>
      <trkpt lat="45.63426733016968" lon="14.027073383331299">
        <ele>576.11</ele>
      </trkpt>
      <trkpt lat="45.63426733016968" lon="14.026923179626465">
        <ele>572.33</ele>
      </trkpt>
      <trkpt lat="45.634117126464844" lon="14.02653694152832">
        <ele>568.39</ele>
      </trkpt>
      <trkpt lat="45.634031128138304" lon="14.026139052584767">
        <ele>564.59</ele>
      </trkpt>
      <trkpt lat="45.63394554890692" lon="14.025743007659912">
        <ele>560.58</ele>
      </trkpt>
      <trkpt lat="45.634128944948316" lon="14.025513678789139">
        <ele>556.64</ele>
      </trkpt>
      <trkpt lat="45.63420295715332" lon="14.025421142578125">
        <ele>552.75</ele>
      </trkpt>
      <trkpt lat="45.63420748065289" lon="14.025395509413883">
        <ele>552.461189662592</ele>
      </trkpt>
      <trkpt lat="45.63420748065289" lon="14.025395509413883">
        <ele>549.6639484642228</ele>
      </trkpt>
      <trkpt lat="45.63426304693263" lon="14.02515879589319">
        <ele>548.4433789958504</ele>
      </trkpt>
      <trkpt lat="45.63426304693263" lon="14.02515879589319">
        <ele>548.4433789958504</ele>
      </trkpt>
      <trkpt lat="45.634216329774404" lon="14.024769061014865">
        <ele>546.9222037769398</ele>
      </trkpt>
      <trkpt lat="45.63400678006099" lon="14.02420008697439">
        <ele>543.1185846411629</ele>
      </trkpt>
      <trkpt lat="45.63399999295709" lon="14.024181658478966">
        <ele>542.9727171991262</ele>
      </trkpt>
      <trkpt lat="45.63399999295709" lon="14.024181658478966">
        <ele>542.9727171991262</ele>
      </trkpt>
      <trkpt lat="45.63399999295709" lon="14.024181658478966">
        <ele>542.9727171991262</ele>
      </trkpt>
      <trkpt lat="45.633702438465946" lon="14.02375575032957">
        <ele>533.9220247233061</ele>
      </trkpt>
      <trkpt lat="45.633702438465946" lon="14.02375575032957">
        <ele>533.9220247233061</ele>
      </trkpt>
      <trkpt lat="45.633267961087256" lon="14.023590056630775">
        <ele>521.8270199968766</ele>
      </trkpt>
      <trkpt lat="45.63323526045963" lon="14.023577585813626">
        <ele>520.8617867885904</ele>
      </trkpt>
      <trkpt lat="45.63323526045963" lon="14.023577585813626">
        <ele>520.8617867885904</ele>
      </trkpt>
      <trkpt lat="45.63287478764633" lon="14.023736452045085">
        <ele>512.5096314513618</ele>
      </trkpt>
      <trkpt lat="45.63287478764633" lon="14.023736452045085">
        <ele>512.5096314513618</ele>
      </trkpt>
      <trkpt lat="45.63273696186215" lon="14.02378080044349">
        <ele>510.85951413420867</ele>
      </trkpt>
      <trkpt lat="45.63273696186215" lon="14.02378080044349">
        <ele>510.85951413420867</ele>
      </trkpt>
      <trkpt lat="45.63271628796545" lon="14.02362311724869">
        <ele>507.8239856128511</ele>
      </trkpt>
      <trkpt lat="45.63271628796545" lon="14.02362311724869">
        <ele>507.8239856128511</ele>
      </trkpt>
      <trkpt lat="45.632699059712024" lon="14.023504854851495">
        <ele>504.3131144788747</ele>
      </trkpt>
      <trkpt lat="45.63257846179144" lon="14.023445723653595">
        <ele>500.74469801142067</ele>
      </trkpt>
      <trkpt lat="45.63257846179144" lon="14.023445723653595">
        <ele>500.74469801142067</ele>
      </trkpt>
      <trkpt lat="45.63234431196034" lon="14.023366041752126">
        <ele>494.4313702380553</ele>
      </trkpt>
      <trkpt lat="45.63234431196034" lon="14.023366041752126">
        <ele>494.4313702380553</ele>
      </trkpt>
      <trkpt lat="45.6322449605112" lon="14.023234109640498">
        <ele>490.0145113389758</ele>
      </trkpt>
      <trkpt lat="45.6322449605112" lon="14.023234109640498">
        <ele>490.0145113389758</ele>
      </trkpt>
      <trkpt lat="45.6322449605112" lon="14.023234109640498">
        <ele>490.0145113389758</ele>
      </trkpt>
      <trkpt lat="45.632224770606115" lon="14.022957650386331">
        <ele>487.30911929318364</ele>
      </trkpt>
      <trkpt lat="45.632224770606115" lon="14.022957650386331">
        <ele>487.30911929318364</ele>
      </trkpt>
      <trkpt lat="45.632081038470034" lon="14.02297276422803">
        <ele>485.8791784110276</ele>
      </trkpt>
      <trkpt lat="45.631963782531514" lon="14.023062229409573">
        <ele>484.6364496964462</ele>
      </trkpt>
      <trkpt lat="45.631963782531514" lon="14.023062229409573">
        <ele>484.5126754603549</ele>
      </trkpt>
      <trkpt lat="45.63194672772249" lon="14.023074424258084">
        <ele>484.3709902785679</ele>
      </trkpt>
      <trkpt lat="45.63194672772249" lon="14.023074424258084">
        <ele>484.3709902785679</ele>
      </trkpt>
      <trkpt lat="45.631801455001494" lon="14.023387400180468">
        <ele>483.4712174361614</ele>
      </trkpt>
      <trkpt lat="45.631801455001494" lon="14.023387400180468">
        <ele>483.4712174361614</ele>
      </trkpt>
      <trkpt lat="45.63165609967493" lon="14.023469793192476">
        <ele>482.45102022367615</ele>
      </trkpt>
      <trkpt lat="45.63165609967493" lon="14.023469793192476">
        <ele>482.45102022367615</ele>
      </trkpt>
      <trkpt lat="45.631567572645224" lon="14.023403961512088">
        <ele>480.0638272716317</ele>
      </trkpt>
      <trkpt lat="45.63154632613745" lon="14.023282426102497">
        <ele>477.37637199951945</ele>
      </trkpt>
      <trkpt lat="45.63154632613745" lon="14.023282426102497">
        <ele>477.37637199951945</ele>
      </trkpt>
      <trkpt lat="45.63154632613745" lon="14.023282426102497">
        <ele>477.37637199951945</ele>
      </trkpt>
      <trkpt lat="45.631528620707826" lon="14.023150762743228">
        <ele>475.31119822438507</ele>
      </trkpt>
      <trkpt lat="45.631528620707826" lon="14.023150762743228">
        <ele>475.31119822438507</ele>
      </trkpt>
      <trkpt lat="45.63156403156103" lon="14.022963395654699">
        <ele>474.94429950620054</ele>
      </trkpt>
      <trkpt lat="45.63156403156103" lon="14.022963395654699">
        <ele>474.94429950620054</ele>
      </trkpt>
      <trkpt lat="45.63160298347381" lon="14.022791220490745">
        <ele>475.8211457995565</ele>
      </trkpt>
      <trkpt lat="45.63160298347381" lon="14.022791220490745">
        <ele>475.8211457995565</ele>
      </trkpt>
      <trkpt lat="45.63174167337303" lon="14.022614697150601">
        <ele>477.5558516624714</ele>
      </trkpt>
      <trkpt lat="45.6318347394284" lon="14.022428369885773">
        <ele>476.6728018545088</ele>
      </trkpt>
      <trkpt lat="45.6318347394284" lon="14.022428369885773">
        <ele>476.6728018545088</ele>
      </trkpt>
      <trkpt lat="45.63198984917693" lon="14.022029097175647">
        <ele>471.8366804968754</ele>
      </trkpt>
      <trkpt lat="45.63198984917693" lon="14.022029097175647">
        <ele>471.8366804968754</ele>
      </trkpt>
      <trkpt lat="45.6322690456426" lon="14.02167418809924">
        <ele>471.625887333742</ele>
      </trkpt>
      <trkpt lat="45.6322690456426" lon="14.02167418809924">
        <ele>471.625887333742</ele>
      </trkpt>
      <trkpt lat="45.63239968632183" lon="14.02126980743617">
        <ele>470.3847249069163</ele>
      </trkpt>
      <trkpt lat="45.63239968632183" lon="14.02126980743617">
        <ele>470.3847249069163</ele>
      </trkpt>
      <trkpt lat="45.63242463887582" lon="14.020663174723012">
        <ele>463.8082016868167</ele>
      </trkpt>
      <trkpt lat="45.63242463887582" lon="14.020663174723012">
        <ele>463.8082016868167</ele>
      </trkpt>
      <trkpt lat="45.632611782675696" lon="14.020181436980153">
        <ele>464.9972035107163</ele>
      </trkpt>
      <trkpt lat="45.632611782675696" lon="14.020181436980153">
        <ele>464.9972035107163</ele>
      </trkpt>
      <trkpt lat="45.63290056337615" lon="14.019688520721589">
        <ele>468.182296621094</ele>
      </trkpt>
      <trkpt lat="45.632998544549025" lon="14.019521277851595">
        <ele>467.8426681490611</ele>
      </trkpt>
      <trkpt lat="45.632998544549025" lon="14.019521277851595">
        <ele>467.8426681490611</ele>
      </trkpt>
      <trkpt lat="45.63331650231285" lon="14.019066564133922">
        <ele>464.28938946446874</ele>
      </trkpt>
      <trkpt lat="45.633559968325216" lon="14.018718381613468">
        <ele>458.169369456308</ele>
      </trkpt>
      <trkpt lat="45.633559968325216" lon="14.018718381613468">
        <ele>458.169369456308</ele>
      </trkpt>
      <trkpt lat="45.63380424679361" lon="14.018178481004147">
        <ele>453.48135266402517</ele>
      </trkpt>
      <trkpt lat="45.633971675519774" lon="14.017808432543177">
        <ele>450.6704834092889</ele>
      </trkpt>
      <trkpt lat="45.633971675519774" lon="14.017808432543177">
        <ele>450.6704834092889</ele>
      </trkpt>
      <trkpt lat="45.63427990813198" lon="14.0173402142181">
        <ele>449.0863710492864</ele>
      </trkpt>
      <trkpt lat="45.63458814074419" lon="14.016871995893023">
        <ele>448.8113342063074</ele>
      </trkpt>
      <trkpt lat="45.63487262440296" lon="14.01643985322886">
        <ele>447.8275883624259</ele>
      </trkpt>
      <trkpt lat="45.63487262440296" lon="14.01643985322886">
        <ele>447.8275883624259</ele>
      </trkpt>
      <trkpt lat="45.635090261280666" lon="14.015877113526592">
        <ele>446.18386942568895</ele>
      </trkpt>
      <trkpt lat="45.63517647394051" lon="14.015654195025627">
        <ele>446.4233581597162</ele>
      </trkpt>
      <trkpt lat="45.63517647394051" lon="14.015654195025627">
        <ele>446.68303351136376</ele>
      </trkpt>
      <trkpt lat="45.63517647394051" lon="14.015654195025627">
        <ele>446.4233581597162</ele>
      </trkpt>
      <trkpt lat="45.635387291822255" lon="14.015086167304407">
        <ele>448.2942625341069</ele>
      </trkpt>
      <trkpt lat="45.6355338341497" lon="14.014691323643007">
        <ele>444.0808338172456</ele>
      </trkpt>
      <trkpt lat="45.63583706061982" lon="14.014216454890123">
        <ele>442.5640696766976</ele>
      </trkpt>
      <trkpt lat="45.63596899537747" lon="14.014009838054188">
        <ele>442.54896196692846</ele>
      </trkpt>
      <trkpt lat="45.63596899537747" lon="14.014009838054188">
        <ele>443.1816916446681</ele>
      </trkpt>
      <trkpt lat="45.63623246238646" lon="14.013852743127472">
        <ele>439.1098188407261</ele>
      </trkpt>
      <trkpt lat="45.63641438834418" lon="14.013400352097234">
        <ele>437.6825953627948</ele>
      </trkpt>
      <trkpt lat="45.63641438834418" lon="14.013400352097234">
        <ele>437.72912673992056</ele>
      </trkpt>
      <trkpt lat="45.636426107938334" lon="14.013385203486898">
        <ele>437.55415303241574</ele>
      </trkpt>
      <trkpt lat="45.63672698434755" lon="14.01299629415928">
        <ele>437.26034719633395</ele>
      </trkpt>
      <trkpt lat="45.63672698434755" lon="14.01299629415928">
        <ele>437.26034719633395</ele>
      </trkpt>
      <trkpt lat="45.63712867881455" lon="14.0127072797315">
        <ele>435.5167584682358</ele>
      </trkpt>
      <trkpt lat="45.63753037328155" lon="14.01241826530372">
        <ele>433.6767680770722</ele>
      </trkpt>
      <trkpt lat="45.637621320451046" lon="14.012352829888727">
        <ele>433.0228129745937</ele>
      </trkpt>
      <trkpt lat="45.63794726405257" lon="14.011909795056507">
        <ele>431.74504947885293</ele>
      </trkpt>
      <trkpt lat="45.638056630948306" lon="14.01176113944837">
        <ele>431.18008964865953</ele>
      </trkpt>
      <trkpt lat="45.638056630948306" lon="14.01176113944837">
        <ele>431.1903052340218</ele>
      </trkpt>
      <trkpt lat="45.638235385175484" lon="14.011595088464842">
        <ele>429.9145480670037</ele>
      </trkpt>
      <trkpt lat="45.63861248538247" lon="14.011244787041232">
        <ele>425.9812842912312</ele>
      </trkpt>
      <trkpt lat="45.63883492567757" lon="14.011038154558406">
        <ele>425.1176640199503</ele>
      </trkpt>
      <trkpt lat="45.63883492567757" lon="14.011038154558406">
        <ele>425.1176640199503</ele>
      </trkpt>
      <trkpt lat="45.63883492567757" lon="14.011038154558406">
        <ele>425.1176640199503</ele>
      </trkpt>
      <trkpt lat="45.6390045810644" lon="14.010442559087984">
        <ele>426.4057950768023</ele>
      </trkpt>
      <trkpt lat="45.63908630729466" lon="14.010155649409086">
        <ele>432.04356914162696</ele>
      </trkpt>
      <trkpt lat="45.63949124950736" lon="14.009876048045921">
        <ele>430.2042660351598</ele>
      </trkpt>
      <trkpt lat="45.63974903524365" lon="14.009698054147009">
        <ele>428.1728704528214</ele>
      </trkpt>
      <trkpt lat="45.63974903524365" lon="14.009698054147009">
        <ele>428.1728704528214</ele>
      </trkpt>
      <trkpt lat="45.63974903524365" lon="14.009698054147009">
        <ele>428.1728704528214</ele>
      </trkpt>
      <trkpt lat="45.64018471895759" lon="14.009538951413434">
        <ele>426.5170969296861</ele>
      </trkpt>
      <trkpt lat="45.64062040267153" lon="14.00937984867986">
        <ele>424.19676073820335</ele>
      </trkpt>
      <trkpt lat="45.64082309492764" lon="14.009305829635792">
        <ele>423.19782680473696</ele>
      </trkpt>
      <trkpt lat="45.6412355884522" lon="14.009049793723543">
        <ele>424.4184667555009</ele>
      </trkpt>
      <trkpt lat="45.64164808197676" lon="14.008793757811295">
        <ele>422.7262750571442</ele>
      </trkpt>
      <trkpt lat="45.642034243914225" lon="14.00855406599058">
        <ele>421.27138364065814</ele>
      </trkpt>
      <trkpt lat="45.642034243914225" lon="14.00855406599058">
        <ele>421.27138364065814</ele>
      </trkpt>
      <trkpt lat="45.64219754055832" lon="14.00885734192866">
        <ele>422.4363200630775</ele>
      </trkpt>
      <trkpt lat="45.64219754055832" lon="14.00885734192866">
        <ele>422.98984065599643</ele>
      </trkpt>
      <trkpt lat="45.64222821034491" lon="14.00883436203003">
        <ele>422.64</ele>
      </trkpt>
      <trkpt lat="45.64222812652588" lon="14.00883436203003">
        <ele>421.73</ele>
      </trkpt>
      <trkpt lat="45.64222821034491" lon="14.00883436203003">
        <ele>422.64</ele>
      </trkpt>
      <trkpt lat="45.64239978790283" lon="14.008705615997314">
        <ele>419.9</ele>
      </trkpt>
      <trkpt lat="45.642549991607666" lon="14.008512496948242">
        <ele>418.96</ele>
      </trkpt>
      <trkpt lat="45.642678905278444" lon="14.008222315460443">
        <ele>418</ele>
      </trkpt>
      <trkpt lat="45.642807483673096" lon="14.007933139801025">
        <ele>417.06</ele>
      </trkpt>
      <trkpt lat="45.642898846417665" lon="14.007615968585014">
        <ele>416.13</ele>
      </trkpt>
      <trkpt lat="45.642990209162235" lon="14.007298797369003">
        <ele>415.25</ele>
      </trkpt>
      <trkpt lat="45.643081571906805" lon="14.006981626152992">
        <ele>414.43</ele>
      </trkpt>
      <trkpt lat="45.64317226409912" lon="14.006667137145996">
        <ele>413.71</ele>
      </trkpt>
      <trkpt lat="45.64318299293518" lon="14.006387433037162">
        <ele>412.98</ele>
      </trkpt>
      <trkpt lat="45.64319372177124" lon="14.006109237670898">
        <ele>412.25</ele>
      </trkpt>
      <trkpt lat="45.64317218028009" lon="14.005797263234854">
        <ele>411.6</ele>
      </trkpt>
      <trkpt lat="45.643150806427" lon="14.005486965179443">
        <ele>411.05</ele>
      </trkpt>
      <trkpt lat="45.643165139481425" lon="14.005149928852916">
        <ele>410.58</ele>
      </trkpt>
      <trkpt lat="45.64317947253585" lon="14.004812892526388">
        <ele>410.09</ele>
      </trkpt>
      <trkpt lat="45.64319372177124" lon="14.004478454589844">
        <ele>409.55</ele>
      </trkpt>
      <trkpt lat="45.64325817860663" lon="14.004080481827259">
        <ele>409.01</ele>
      </trkpt>
      <trkpt lat="45.643322467803955" lon="14.003684520721436">
        <ele>408.52</ele>
      </trkpt>
      <trkpt lat="45.643365466967225" lon="14.00355577468872">
        <ele>408.1</ele>
      </trkpt>
      <trkpt lat="45.6432942500564" lon="14.003377906111446">
        <ele>407.83474317814677</ele>
      </trkpt>
      <trkpt lat="45.6432942500564" lon="14.003377906111446">
        <ele>408.2204853249733</ele>
      </trkpt>
      <trkpt lat="45.643188026164395" lon="14.00275293367649">
        <ele>408.9514251945744</ele>
      </trkpt>
      <trkpt lat="45.643142059127456" lon="14.002482484811708">
        <ele>410.3711254959004</ele>
      </trkpt>
      <trkpt lat="45.64325808120558" lon="14.001861086789729">
        <ele>409.0234387860054</ele>
      </trkpt>
      <trkpt lat="45.64332255162299" lon="14.001515792251839">
        <ele>409.0522863125739</ele>
      </trkpt>
      <trkpt lat="45.64332255162299" lon="14.001515792251839">
        <ele>406.06183718475455</ele>
      </trkpt>
      <trkpt lat="45.64332255162299" lon="14.001452922821045">
        <ele>406.01</ele>
      </trkpt>
      <trkpt lat="45.64340829849243" lon="14.001281261444092">
        <ele>405.78</ele>
      </trkpt>
      <trkpt lat="45.64342975616455" lon="14.001044556498528">
        <ele>405.53</ele>
      </trkpt>
      <trkpt lat="45.64345121383667" lon="14.00080919265747">
        <ele>405.25</ele>
      </trkpt>
      <trkpt lat="45.64358012750745" lon="14.0004329290241">
        <ele>405.01</ele>
      </trkpt>
      <trkpt lat="45.6437087059021" lon="14.0000581741333">
        <ele>404.81</ele>
      </trkpt>
      <trkpt lat="45.64374089241028" lon="13.999789282679558">
        <ele>404.52</ele>
      </trkpt>
      <trkpt lat="45.64377307891846" lon="13.999521732330322">
        <ele>404.23</ele>
      </trkpt>
      <trkpt lat="45.643837535753846" lon="13.999285195022821">
        <ele>403.89</ele>
      </trkpt>
      <trkpt lat="45.64390182495117" lon="13.999049663543701">
        <ele>403.66</ele>
      </trkpt>
      <trkpt lat="45.64398765563965" lon="13.998985290527344">
        <ele>403.3</ele>
      </trkpt>
      <trkpt lat="45.6442663539201" lon="13.998995935544372">
        <ele>402.75</ele>
      </trkpt>
      <trkpt lat="45.64454513601959" lon="13.999006664380431">
        <ele>402.32</ele>
      </trkpt>
      <trkpt lat="45.64482383430004" lon="13.99901739321649">
        <ele>401.97</ele>
      </trkpt>
      <trkpt lat="45.645103454589844" lon="13.999028205871582">
        <ele>401.65</ele>
      </trkpt>
      <trkpt lat="45.64536429941654" lon="13.998974561691284">
        <ele>401.22</ele>
      </trkpt>
      <trkpt lat="45.64562522806227" lon="13.998920917510986">
        <ele>400.85</ele>
      </trkpt>
      <trkpt lat="45.64588607288897" lon="13.99886735714972">
        <ele>400.34</ele>
      </trkpt>
      <trkpt lat="45.6461470015347" lon="13.998813712969422">
        <ele>399.87</ele>
      </trkpt>
      <trkpt lat="45.6464078463614" lon="13.998760152608156">
        <ele>399.43</ele>
      </trkpt>
      <trkpt lat="45.64666986465454" lon="13.998706340789795">
        <ele>399.08</ele>
      </trkpt>
      <trkpt lat="45.646921740844846" lon="13.998749172315001">
        <ele>398.54</ele>
      </trkpt>
      <trkpt lat="45.64717370085418" lon="13.99879208765924">
        <ele>398.11</ele>
      </trkpt>
      <trkpt lat="45.64742566086352" lon="13.998834919184446">
        <ele>397.77</ele>
      </trkpt>
      <trkpt lat="45.64767837524414" lon="13.998878002166748">
        <ele>397.45</ele>
      </trkpt>
      <trkpt lat="45.647850036621094" lon="13.99883508682251">
        <ele>397.06</ele>
      </trkpt>
      <trkpt lat="45.648032343015075" lon="13.998749256134033">
        <ele>396.59</ele>
      </trkpt>
      <trkpt lat="45.64821481704712" lon="13.998663425445557">
        <ele>396.23</ele>
      </trkpt>
      <trkpt lat="45.648343563079834" lon="13.998556137084961">
        <ele>395.89</ele>
      </trkpt>
      <trkpt lat="45.64847239293158" lon="13.998363018035889">
        <ele>395.59</ele>
      </trkpt>
      <trkpt lat="45.64849376678467" lon="13.998298645019531">
        <ele>395.3</ele>
      </trkpt>
      <trkpt lat="45.648740446195006" lon="13.998180627822876">
        <ele>395.07</ele>
      </trkpt>
      <trkpt lat="45.64898737706244" lon="13.99806261062622">
        <ele>394.86</ele>
      </trkpt>
      <trkpt lat="45.6491482257843" lon="13.997966051101685">
        <ele>394.67</ele>
      </trkpt>
      <trkpt lat="45.649309158325195" lon="13.997869491577148">
        <ele>394.48</ele>
      </trkpt>
      <trkpt lat="45.64948081970215" lon="13.997869491577148">
        <ele>394.22</ele>
      </trkpt>
      <trkpt lat="45.64976672641933" lon="13.997983820736408">
        <ele>393.86</ele>
      </trkpt>
      <trkpt lat="45.65005271695554" lon="13.9980982337147">
        <ele>393.43</ele>
      </trkpt>
      <trkpt lat="45.650339126586914" lon="13.998212814331055">
        <ele>393.23</ele>
      </trkpt>
      <trkpt lat="45.65050005912781" lon="13.99834156036377">
        <ele>393.03</ele>
      </trkpt>
      <trkpt lat="45.6506609916687" lon="13.998470306396484">
        <ele>392.8</ele>
      </trkpt>
      <trkpt lat="45.65088612958789" lon="13.998577510938048">
        <ele>392.65</ele>
      </trkpt>
      <trkpt lat="45.6511116027832" lon="13.998684883117676">
        <ele>392.39</ele>
      </trkpt>
      <trkpt lat="45.65126180648804" lon="13.99881362915039">
        <ele>392.12</ele>
      </trkpt>
      <trkpt lat="45.651497673243284" lon="13.998920833691955">
        <ele>391.94</ele>
      </trkpt>
      <trkpt lat="45.65173362381756" lon="13.999028038233519">
        <ele>391.76</ele>
      </trkpt>
      <trkpt lat="45.65196990966797" lon="13.999135494232178">
        <ele>391.54</ele>
      </trkpt>
      <trkpt lat="45.652238046750426" lon="13.99929634295404">
        <ele>391.39</ele>
      </trkpt>
      <trkpt lat="45.65250635147095" lon="13.999457359313965">
        <ele>391.27</ele>
      </trkpt>
      <trkpt lat="45.65268865786493" lon="13.99954310618341">
        <ele>391.18</ele>
      </trkpt>
      <trkpt lat="45.65287113189697" lon="13.999629020690918">
        <ele>391.14</ele>
      </trkpt>
      <trkpt lat="45.65311772748828" lon="13.999714767560363">
        <ele>391.22</ele>
      </trkpt>
      <trkpt lat="45.65336465835571" lon="13.999800682067871">
        <ele>391.28</ele>
      </trkpt>
      <trkpt lat="45.65357906743884" lon="13.999886428937316">
        <ele>391.34</ele>
      </trkpt>
      <trkpt lat="45.653793811798096" lon="13.999972343444824">
        <ele>391.52</ele>
      </trkpt>
      <trkpt lat="45.65394401550293" lon="14.00007963180542">
        <ele>391.75</ele>
      </trkpt>
      <trkpt lat="45.654083490371704" lon="14.000219106674194">
        <ele>391.57</ele>
      </trkpt>
      <trkpt lat="45.65422296524048" lon="14.000358581542969">
        <ele>391.77</ele>
      </trkpt>
      <trkpt lat="45.654463190585375" lon="14.000508701428771">
        <ele>392.14</ele>
      </trkpt>
      <trkpt lat="45.6547034997493" lon="14.000658905133605">
        <ele>392.49</ele>
      </trkpt>
      <trkpt lat="45.6549437250942" lon="14.000809025019407">
        <ele>392.99</ele>
      </trkpt>
      <trkpt lat="45.65518403425813" lon="14.000959228724241">
        <ele>393.52</ele>
      </trkpt>
      <trkpt lat="45.65542459487915" lon="14.001109600067139">
        <ele>393.98</ele>
      </trkpt>
      <trkpt lat="45.6555962562561" lon="14.001109600067139">
        <ele>394.45</ele>
      </trkpt>
      <trkpt lat="45.65572500228882" lon="14.000980854034424">
        <ele>394.96</ele>
      </trkpt>
      <trkpt lat="45.65577873028815" lon="14.000701233744621">
        <ele>395.59</ele>
      </trkpt>
      <trkpt lat="45.655832290649414" lon="14.000422954559326">
        <ele>396.22</ele>
      </trkpt>
      <trkpt lat="45.65589666366577" lon="14.000358581542969">
        <ele>396.67</ele>
      </trkpt>
      <trkpt lat="45.65598249435425" lon="14.00031566619873">
        <ele>397.08</ele>
      </trkpt>
      <trkpt lat="45.65614325925708" lon="14.000304937362671">
        <ele>397.43</ele>
      </trkpt>
      <trkpt lat="45.656304359436035" lon="14.000294208526611">
        <ele>397.76</ele>
      </trkpt>
      <trkpt lat="45.656465124338865" lon="14.000240564346313">
        <ele>398.07</ele>
      </trkpt>
      <trkpt lat="45.65662622451782" lon="14.000186920166016">
        <ele>398.37</ele>
      </trkpt>
      <trkpt lat="45.656840801239014" lon="14.000165462493896">
        <ele>398.64</ele>
      </trkpt>
      <trkpt lat="45.6569538731128" lon="14.000222040340304">
        <ele>398.83</ele>
      </trkpt>
      <trkpt lat="45.65701246261597" lon="14.000251293182373">
        <ele>398.98</ele>
      </trkpt>
      <trkpt lat="45.65709829330444" lon="14.00033712387085">
        <ele>399.07</ele>
      </trkpt>
      <trkpt lat="45.65723785199225" lon="14.000551868230104">
        <ele>399.1</ele>
      </trkpt>
      <trkpt lat="45.65737724304199" lon="14.000766277313232">
        <ele>399.05</ele>
      </trkpt>
      <trkpt lat="45.65742015838623" lon="14.000787734985352">
        <ele>398.99</ele>
      </trkpt>
      <trkpt lat="45.657527446746826" lon="14.000680446624756">
        <ele>398.9</ele>
      </trkpt>
      <trkpt lat="45.65767765045166" lon="14.000294208526611">
        <ele>398.75</ele>
      </trkpt>
      <trkpt lat="45.65768442312713" lon="14.000285190035479">
        <ele>398.72793465688346</ele>
      </trkpt>
      <trkpt lat="45.65768442312713" lon="14.000285190035479">
        <ele>399.1504811422904</ele>
      </trkpt>
      <trkpt lat="45.657815501034975" lon="14.00005701733022">
        <ele>398.2887714435314</ele>
      </trkpt>
      <trkpt lat="45.65789162379647" lon="14.000003499751873">
        <ele>398.54807082172385</ele>
      </trkpt>
      <trkpt lat="45.65789162379647" lon="14.000003499751873">
        <ele>398.2434430381065</ele>
      </trkpt>
      <trkpt lat="45.658020973205566" lon="14.000015258789062">
        <ele>398.09</ele>
      </trkpt>
      <trkpt lat="45.658213924616575" lon="14.000101005658507">
        <ele>397.77</ele>
      </trkpt>
      <trkpt lat="45.65840721130371" lon="14.000186920166016">
        <ele>397.27</ele>
      </trkpt>
      <trkpt lat="45.65866470336914" lon="14.000208377838135">
        <ele>396.84</ele>
      </trkpt>
      <trkpt lat="45.658771991729736" lon="14.000251293182373">
        <ele>396.4</ele>
      </trkpt>
      <trkpt lat="45.65898665226996" lon="14.000508869066834">
        <ele>395.94</ele>
      </trkpt>
      <trkpt lat="45.65920114517212" lon="14.000766277313232">
        <ele>395.52</ele>
      </trkpt>
      <trkpt lat="45.659286975860596" lon="14.00080919265747">
        <ele>395.06</ele>
      </trkpt>
      <trkpt lat="45.659544467926025" lon="14.000852108001709">
        <ele>394.61</ele>
      </trkpt>
      <trkpt lat="45.65954455174506" lon="14.000852108001709">
        <ele>394.1</ele>
      </trkpt>
      <trkpt lat="45.65971612930298" lon="14.000637531280518">
        <ele>393.55</ele>
      </trkpt>
      <trkpt lat="45.6598343141377" lon="14.00037962011993">
        <ele>392.99</ele>
      </trkpt>
      <trkpt lat="45.65995216369629" lon="14.000122547149658">
        <ele>392.15</ele>
      </trkpt>
      <trkpt lat="45.66009163856506" lon="13.999982988461852">
        <ele>391.74</ele>
      </trkpt>
      <trkpt lat="45.66023111343384" lon="13.99984359741211">
        <ele>391.42</ele>
      </trkpt>
      <trkpt lat="45.66023111343384" lon="13.999757766723633">
        <ele>390.94</ele>
      </trkpt>
      <trkpt lat="45.660349214449525" lon="13.999596666544676">
        <ele>390.5</ele>
      </trkpt>
      <trkpt lat="45.66046714782715" lon="13.999435901641846">
        <ele>390.09</ele>
      </trkpt>
      <trkpt lat="45.660628248006105" lon="13.999091992154717">
        <ele>389.67</ele>
      </trkpt>
      <trkpt lat="45.660789012908936" lon="13.998749256134033">
        <ele>389.29</ele>
      </trkpt>
      <trkpt lat="45.660789012908936" lon="13.998663425445557">
        <ele>389.03</ele>
      </trkpt>
      <trkpt lat="45.660789012908936" lon="13.998663425445557">
        <ele>389.48729514675296</ele>
      </trkpt>
      <trkpt lat="45.660973492460954" lon="13.998651887623254">
        <ele>390.2158470900696</ele>
      </trkpt>
      <trkpt lat="45.66117525100708" lon="13.9985990524292">
        <ele>389.9734702087244</ele>
      </trkpt>
      <trkpt lat="45.66117525100708" lon="13.9985990524292">
        <ele>388.76</ele>
      </trkpt>
      <trkpt lat="45.66117525100708" lon="13.9985990524292">
        <ele>389.9734702087244</ele>
      </trkpt>
      <trkpt lat="45.66116138101509" lon="13.998222877301714">
        <ele>386.8020518337095</ele>
      </trkpt>
      <trkpt lat="45.6611967086792" lon="13.997912406921387">
        <ele>387.15000000000146</ele>
      </trkpt>
      <trkpt lat="45.6611967086792" lon="13.997912406921387">
        <ele>388.59</ele>
      </trkpt>
      <trkpt lat="45.66141128540039" lon="13.997933864593506">
        <ele>388.65</ele>
      </trkpt>
      <trkpt lat="45.66141128540039" lon="13.997805118560791">
        <ele>388.79</ele>
      </trkpt>
      <trkpt lat="45.661414027217155" lon="13.99780100583565">
        <ele>388.792555560978</ele>
      </trkpt>
      <trkpt lat="45.661414027217155" lon="13.99780100583565">
        <ele>387.60898365113025</ele>
      </trkpt>
      <trkpt lat="45.66152857071327" lon="13.997599258810055">
        <ele>388.0007906965451</ele>
      </trkpt>
      <trkpt lat="45.66162963954058" lon="13.997457739333125">
        <ele>387.8408724956439</ele>
      </trkpt>
      <trkpt lat="45.66162963954058" lon="13.997457739333125">
        <ele>389.0128406600171</ele>
      </trkpt>
      <trkpt lat="45.66166886128485" lon="13.99719282053411">
        <ele>389.25</ele>
      </trkpt>
      <trkpt lat="45.66171169281006" lon="13.996903896331787">
        <ele>389.55</ele>
      </trkpt>
      <trkpt lat="45.661776065826416" lon="13.996732234954834">
        <ele>389.98</ele>
      </trkpt>
      <trkpt lat="45.66190489567816" lon="13.996571134775877">
        <ele>390.56</ele>
      </trkpt>
      <trkpt lat="45.662033557891846" lon="13.996410369873047">
        <ele>391.22</ele>
      </trkpt>
      <trkpt lat="45.6620979309082" lon="13.996174335479736">
        <ele>391.97</ele>
      </trkpt>
      <trkpt lat="45.6620979309082" lon="13.99585247039795">
        <ele>392.85</ele>
      </trkpt>
      <trkpt lat="45.66211159341037" lon="13.995807711035013">
        <ele>393.69</ele>
      </trkpt>
      <trkpt lat="45.66217998974025" lon="13.99558282457292">
        <ele>394.69</ele>
      </trkpt>
      <trkpt lat="45.66224813461304" lon="13.995358943939209">
        <ele>395.68</ele>
      </trkpt>
      <trkpt lat="45.66224813461304" lon="13.995251655578613">
        <ele>396.63</ele>
      </trkpt>
      <trkpt lat="45.6620979309082" lon="13.994951248168945">
        <ele>397.82</ele>
      </trkpt>
      <trkpt lat="45.66199593562126" lon="13.994855249848806">
        <ele>398.52428669882534</ele>
      </trkpt>
      <trkpt lat="45.66199593562126" lon="13.994855249848806">
        <ele>403.95306573437256</ele>
      </trkpt>
      <trkpt lat="45.66185839628599" lon="13.994737456510848">
        <ele>408.2550569311443</ele>
      </trkpt>
      <trkpt lat="45.66185839628599" lon="13.994737456510848">
        <ele>408.2550569311443</ele>
      </trkpt>
      <trkpt lat="45.66179679640487" lon="13.994692127702024">
        <ele>409.90939360914797</ele>
      </trkpt>
      <trkpt lat="45.66173315048218" lon="13.994607925415039">
        <ele>411.63022163100686</ele>
      </trkpt>
      <trkpt lat="45.66173315048218" lon="13.994607925415039">
        <ele>400.32</ele>
      </trkpt>
      <trkpt lat="45.66173315048218" lon="13.994607925415039">
        <ele>411.63022163100686</ele>
      </trkpt>
      <trkpt lat="45.66176319609201" lon="13.994361618007616">
        <ele>411.9514025910254</ele>
      </trkpt>
      <trkpt lat="45.66177931222831" lon="13.994073427420155">
        <ele>412.1858063572114</ele>
      </trkpt>
      <trkpt lat="45.66177931222831" lon="13.994073427420155">
        <ele>402.66605289466855</ele>
      </trkpt>
      <trkpt lat="45.66177931222831" lon="13.994073427420155">
        <ele>412.1858063572114</ele>
      </trkpt>
      <trkpt lat="45.66179311606052" lon="13.9938881837937">
        <ele>411.42114934676545</ele>
      </trkpt>
      <trkpt lat="45.66181574266925" lon="13.993736641895703">
        <ele>409.96305239776143</ele>
      </trkpt>
      <trkpt lat="45.66181574266925" lon="13.993736641895703">
        <ele>403.54212149159207</ele>
      </trkpt>
      <trkpt lat="45.661818981170654" lon="13.993706703186035">
        <ele>403.62</ele>
      </trkpt>
      <trkpt lat="45.66192626953125" lon="13.993470668792725">
        <ele>404.57</ele>
      </trkpt>
      <trkpt lat="45.66192626953125" lon="13.993470668792725">
        <ele>405.23150384444784</ele>
      </trkpt>
      <trkpt lat="45.66200273130147" lon="13.993464017641458">
        <ele>404.35684092631607</ele>
      </trkpt>
      <trkpt lat="45.66203897913516" lon="13.993470668792725">
        <ele>404.04234017552915</ele>
      </trkpt>
      <trkpt lat="45.66203897913516" lon="13.993470668792725">
        <ele>405.159463859188</ele>
      </trkpt>
      <trkpt lat="45.6621132871212" lon="13.993470668792725">
        <ele>405.54808976773154</ele>
      </trkpt>
      <trkpt lat="45.66211938858032" lon="13.993470668792725">
        <ele>405.58</ele>
      </trkpt>
      <trkpt lat="45.662132806716436" lon="13.993349905567722">
        <ele>406.2115838151651</ele>
      </trkpt>
      <trkpt lat="45.662132806716436" lon="13.993349905567722">
        <ele>401.34335977233815</ele>
      </trkpt>
      <trkpt lat="45.662212830482474" lon="13.993304991840091">
        <ele>400.263384750975</ele>
      </trkpt>
      <trkpt lat="45.662212830482474" lon="13.993304991840091">
        <ele>400.263384750975</ele>
      </trkpt>
      <trkpt lat="45.66240780975079" lon="13.993236256201385">
        <ele>399.7163162207254</ele>
      </trkpt>
      <trkpt lat="45.66240780975079" lon="13.993236256201385">
        <ele>399.7163162207254</ele>
      </trkpt>
      <trkpt lat="45.66261170280791" lon="13.993081986329855">
        <ele>400.26549876183356</ele>
      </trkpt>
      <trkpt lat="45.66269930164904" lon="13.992908125595733">
        <ele>400.02281831645934</ele>
      </trkpt>
      <trkpt lat="45.66269930164904" lon="13.992908125595733">
        <ele>400.02281831645934</ele>
      </trkpt>
      <trkpt lat="45.66280102916372" lon="13.992629139768468">
        <ele>398.84037268279934</ele>
      </trkpt>
      <trkpt lat="45.66280102916372" lon="13.992629139768468">
        <ele>398.84037268279934</ele>
      </trkpt>
      <trkpt lat="45.662832259967786" lon="13.99259781835823">
        <ele>399.1755389026376</ele>
      </trkpt>
      <trkpt lat="45.662832259967786" lon="13.99259781835823">
        <ele>415.2763323954812</ele>
      </trkpt>
      <trkpt lat="45.66297769546509" lon="13.992612361907959">
        <ele>416.11</ele>
      </trkpt>
      <trkpt lat="45.66298117255684" lon="13.992621037692444">
        <ele>416.2021851810389</ele>
      </trkpt>
      <trkpt lat="45.66302069462836" lon="13.992719650268555">
        <ele>417.25</ele>
      </trkpt>
      <trkpt lat="45.66297769546509" lon="13.99282693862915">
        <ele>418.32</ele>
      </trkpt>
      <trkpt lat="45.66299915313721" lon="13.992955684661865">
        <ele>419.35</ele>
      </trkpt>
      <trkpt lat="45.66301004961133" lon="13.99297202937305">
        <ele>420.29</ele>
      </trkpt>
      <trkpt lat="45.66312789916992" lon="13.993148803710938">
        <ele>421.22</ele>
      </trkpt>
      <trkpt lat="45.66334247589111" lon="13.99332046508789">
        <ele>422.09</ele>
      </trkpt>
      <trkpt lat="45.66355688497424" lon="13.993413336575031">
        <ele>422.87</ele>
      </trkpt>
      <trkpt lat="45.6637713778764" lon="13.993506291881204">
        <ele>423.48</ele>
      </trkpt>
      <trkpt lat="45.66398620605469" lon="13.99359941482544">
        <ele>423.92</ele>
      </trkpt>
      <trkpt lat="45.66429709084332" lon="13.99359941482544">
        <ele>424.41</ele>
      </trkpt>
      <trkpt lat="45.66460847854614" lon="13.99359941482544">
        <ele>424.62</ele>
      </trkpt>
      <trkpt lat="45.66475868225098" lon="13.993556499481201">
        <ele>424.52</ele>
      </trkpt>
      <trkpt lat="45.66475876607001" lon="13.993556499481201">
        <ele>424.18</ele>
      </trkpt>
      <trkpt lat="45.664823139086366" lon="13.993556499481201">
        <ele>423.64</ele>
      </trkpt>
      <trkpt lat="45.664983903989196" lon="13.993556499481201">
        <ele>422.91</ele>
      </trkpt>
      <trkpt lat="45.66514492034912" lon="13.993556499481201">
        <ele>421.97</ele>
      </trkpt>
      <trkpt lat="45.66520929336548" lon="13.993535041809082">
        <ele>420.74</ele>
      </trkpt>
      <trkpt lat="45.66525220870972" lon="13.993470668792725">
        <ele>419.3</ele>
      </trkpt>
      <trkpt lat="45.6652551520939" lon="13.993472876330864">
        <ele>419.27919562362416</ele>
      </trkpt>
      <trkpt lat="45.6652551520939" lon="13.993472876330864">
        <ele>425.1824694487715</ele>
      </trkpt>
      <trkpt lat="45.6653315807377" lon="13.993286769507648">
        <ele>425.1089292795402</ele>
      </trkpt>
      <trkpt lat="45.66545087712498" lon="13.99335899063044">
        <ele>424.258580915345</ele>
      </trkpt>
      <trkpt lat="45.66545087712498" lon="13.99335899063044">
        <ele>424.258580915345</ele>
      </trkpt>
      <trkpt lat="45.66545087712498" lon="13.99335899063044">
        <ele>424.258580915345</ele>
      </trkpt>
      <trkpt lat="45.665579349872814" lon="13.993437777310106">
        <ele>422.0813976730127</ele>
      </trkpt>
      <trkpt lat="45.66578873433173" lon="13.99381399154663">
        <ele>420.1068656005437</ele>
      </trkpt>
      <trkpt lat="45.66578873433173" lon="13.99381399154663">
        <ele>410.75</ele>
      </trkpt>
      <trkpt lat="45.66593893803656" lon="13.99407148361206">
        <ele>407.97</ele>
      </trkpt>
      <trkpt lat="45.6661496163844" lon="13.994345472491155">
        <ele>404.8269089387853</ele>
      </trkpt>
      <trkpt lat="45.6661496163844" lon="13.994345472491155">
        <ele>409.8154202525195</ele>
      </trkpt>
      <trkpt lat="45.666338417484894" lon="13.994390192272334">
        <ele>409.022808919047</ele>
      </trkpt>
      <trkpt lat="45.666338417484894" lon="13.994390192272334">
        <ele>409.022808919047</ele>
      </trkpt>
      <trkpt lat="45.66664741072424" lon="13.994293526095618">
        <ele>407.5491186997393</ele>
      </trkpt>
      <trkpt lat="45.66664741072424" lon="13.994293526095618">
        <ele>407.5491186997393</ele>
      </trkpt>
      <trkpt lat="45.66682342195375" lon="13.99418558380512">
        <ele>406.50309100630943</ele>
      </trkpt>
      <trkpt lat="45.66703714913146" lon="13.993969699225488">
        <ele>404.2298607837823</ele>
      </trkpt>
      <trkpt lat="45.66703714913146" lon="13.993969699225488">
        <ele>404.2298607837823</ele>
      </trkpt>
      <trkpt lat="45.66717204626934" lon="13.993763599414564">
        <ele>402.50259818686226</ele>
      </trkpt>
      <trkpt lat="45.66717204626934" lon="13.993763599414564">
        <ele>402.50259818686226</ele>
      </trkpt>
      <trkpt lat="45.66717204626934" lon="13.993763599414564">
        <ele>402.50259818686226</ele>
      </trkpt>
      <trkpt lat="45.66761270995791" lon="13.993635530458869">
        <ele>400.02598091664333</ele>
      </trkpt>
      <trkpt lat="45.66763757469215" lon="13.993628304085036">
        <ele>399.9216155307374</ele>
      </trkpt>
      <trkpt lat="45.66763757469215" lon="13.993628304085036">
        <ele>399.9216155307374</ele>
      </trkpt>
      <trkpt lat="45.66798959037092" lon="13.993646294467396">
        <ele>398.6126344469847</ele>
      </trkpt>
      <trkpt lat="45.66817551147696" lon="13.993737957549541">
        <ele>398.80395749949196</ele>
      </trkpt>
      <trkpt lat="45.66817551147696" lon="13.993737957549541">
        <ele>398.80395749949196</ele>
      </trkpt>
      <trkpt lat="45.66817551147696" lon="13.993737957549541">
        <ele>398.80395749949196</ele>
      </trkpt>
      <trkpt lat="45.66837931943368" lon="13.993925145382775">
        <ele>398.50583577887613</ele>
      </trkpt>
      <trkpt lat="45.66837931943368" lon="13.993925145382775">
        <ele>398.50583577887613</ele>
      </trkpt>
      <trkpt lat="45.668599326576924" lon="13.994365909733233">
        <ele>396.2864638326679</ele>
      </trkpt>
      <trkpt lat="45.668821475722616" lon="13.99467180176602">
        <ele>395.7405335010063</ele>
      </trkpt>
      <trkpt lat="45.668821475722616" lon="13.99467180176602">
        <ele>395.71813771891914</ele>
      </trkpt>
      <trkpt lat="45.668821475722616" lon="13.99467180176602">
        <ele>395.7405335010063</ele>
      </trkpt>
      <trkpt lat="45.66890240166316" lon="13.994897195001357">
        <ele>394.7702879055879</ele>
      </trkpt>
      <trkpt lat="45.66890240166316" lon="13.994897195001357">
        <ele>394.7702879055879</ele>
      </trkpt>
      <trkpt lat="45.668933831014186" lon="13.995373940115314">
        <ele>389.33133355958927</ele>
      </trkpt>
      <trkpt lat="45.668933831014186" lon="13.995373940115314">
        <ele>389.33133355958927</ele>
      </trkpt>
      <trkpt lat="45.668990403801814" lon="13.995517863169226">
        <ele>386.3965736174183</ele>
      </trkpt>
      <trkpt lat="45.668990403801814" lon="13.995517863169226">
        <ele>386.3965736174183</ele>
      </trkpt>
      <trkpt lat="45.66931726767774" lon="13.995553843932726">
        <ele>384.939263871418</ele>
      </trkpt>
      <trkpt lat="45.66954355693494" lon="13.995616810268501">
        <ele>383.04224243243243</ele>
      </trkpt>
      <trkpt lat="45.66954355693494" lon="13.995616810268501">
        <ele>383.04224243243243</ele>
      </trkpt>
      <trkpt lat="45.66990080527111" lon="13.99555864279506">
        <ele>380.8521139763296</ele>
      </trkpt>
      <trkpt lat="45.66990080527111" lon="13.99555864279506">
        <ele>380.8521139763296</ele>
      </trkpt>
      <trkpt lat="45.66990080527111" lon="13.99555864279506">
        <ele>380.8521139763296</ele>
      </trkpt>
      <trkpt lat="45.67019677044959" lon="13.99543923549868">
        <ele>377.8973240336411</ele>
      </trkpt>
      <trkpt lat="45.67019677044959" lon="13.99543923549868">
        <ele>377.8973240336411</ele>
      </trkpt>
      <trkpt lat="45.67049848451475" lon="13.995187370155548">
        <ele>377.52977985159987</ele>
      </trkpt>
      <trkpt lat="45.67049848451475" lon="13.995187370155548">
        <ele>377.52977985159987</ele>
      </trkpt>
      <trkpt lat="45.670768996075424" lon="13.995116772204995">
        <ele>372.36898809364175</ele>
      </trkpt>
      <trkpt lat="45.670768996075424" lon="13.995116772204995">
        <ele>372.36898809364175</ele>
      </trkpt>
      <trkpt lat="45.670862286647775" lon="13.995067378795426">
        <ele>371.1742681290578</ele>
      </trkpt>
      <trkpt lat="45.6709465179173" lon="13.994973905462258">
        <ele>370.6419722286839</ele>
      </trkpt>
      <trkpt lat="45.67102042200568" lon="13.99489189243414">
        <ele>370.17493875500946</ele>
      </trkpt>
      <trkpt lat="45.67102042200568" lon="13.99489189243414">
        <ele>370.17493875500946</ele>
      </trkpt>
      <trkpt lat="45.67102042200568" lon="13.99489189243414">
        <ele>370.17493875500946</ele>
      </trkpt>
      <trkpt lat="45.67111329858341" lon="13.994845130185212">
        <ele>368.172753254687</ele>
      </trkpt>
      <trkpt lat="45.67111329858341" lon="13.994845130185212">
        <ele>368.172753254687</ele>
      </trkpt>
      <trkpt lat="45.67112774527877" lon="13.994943333059382">
        <ele>366.36353040748054</ele>
      </trkpt>
      <trkpt lat="45.671032993272576" lon="13.99508978663269">
        <ele>366.0407256044875</ele>
      </trkpt>
      <trkpt lat="45.671032993272576" lon="13.99508978663269">
        <ele>366.0407256044875</ele>
      </trkpt>
      <trkpt lat="45.67067665830141" lon="13.995482272241263">
        <ele>364.37958372218566</ele>
      </trkpt>
      <trkpt lat="45.670320323330245" lon="13.995874757849835">
        <ele>361.66350683530476</ele>
      </trkpt>
      <trkpt lat="45.67017005234092" lon="13.996040274022732">
        <ele>359.75882076666875</ele>
      </trkpt>
      <trkpt lat="45.67017005234092" lon="13.996040274022732">
        <ele>359.75882076666875</ele>
      </trkpt>
      <trkpt lat="45.67017005234092" lon="13.996040274022732">
        <ele>359.75882076666875</ele>
      </trkpt>
      <trkpt lat="45.66978424107836" lon="13.99626092104154">
        <ele>359.6064501249233</ele>
      </trkpt>
      <trkpt lat="45.66949479093154" lon="13.99639899223834">
        <ele>359.09292574098896</ele>
      </trkpt>
      <trkpt lat="45.66949479093154" lon="13.99639899223834">
        <ele>359.09292574098896</ele>
      </trkpt>
      <trkpt lat="45.66949479093154" lon="13.99639899223834">
        <ele>359.09292574098896</ele>
      </trkpt>
      <trkpt lat="45.6693013978381" lon="13.996458315958876">
        <ele>358.37936991064277</ele>
      </trkpt>
      <trkpt lat="45.66912520305053" lon="13.996468816162604">
        <ele>357.4914744755903</ele>
      </trkpt>
      <trkpt lat="45.66912520305053" lon="13.996468816162604">
        <ele>357.4914744755903</ele>
      </trkpt>
      <trkpt lat="45.66912520305053" lon="13.996468816162604">
        <ele>357.4914744755903</ele>
      </trkpt>
      <trkpt lat="45.668676770481774" lon="13.99642130062313">
        <ele>356.7864870859847</ele>
      </trkpt>
      <trkpt lat="45.66854100804363" lon="13.99640691534887">
        <ele>357.2338916146194</ele>
      </trkpt>
      <trkpt lat="45.66854100804363" lon="13.99640691534887">
        <ele>357.2338916146194</ele>
      </trkpt>
      <trkpt lat="45.66809810262899" lon="13.996341039807561">
        <ele>358.27455141996614</ele>
      </trkpt>
      <trkpt lat="45.66809810262899" lon="13.996341039807561">
        <ele>358.27455141996614</ele>
      </trkpt>
      <trkpt lat="45.66786593261557" lon="13.996358298706582">
        <ele>356.4781444743795</ele>
      </trkpt>
      <trkpt lat="45.66768804674236" lon="13.996420189452696">
        <ele>354.11921939463457</ele>
      </trkpt>
      <trkpt lat="45.66768804674236" lon="13.996420189452696">
        <ele>354.1064688092498</ele>
      </trkpt>
      <trkpt lat="45.66768804674236" lon="13.996420189452696">
        <ele>354.11921939463457</ele>
      </trkpt>
      <trkpt lat="45.66724609350995" lon="13.996538810903823">
        <ele>349.94230519146686</ele>
      </trkpt>
      <trkpt lat="45.66723793102409" lon="13.996541001737256">
        <ele>349.8575101241507</ele>
      </trkpt>
      <trkpt lat="45.66723793102409" lon="13.996541001737256">
        <ele>349.8575101241507</ele>
      </trkpt>
      <trkpt lat="45.66696052871103" lon="13.996541001737256">
        <ele>347.55500234811285</ele>
      </trkpt>
      <trkpt lat="45.6667554376788" lon="13.996434703064883">
        <ele>345.27067831868294</ele>
      </trkpt>
      <trkpt lat="45.6667554376788" lon="13.996434703064883">
        <ele>345.20891788988183</ele>
      </trkpt>
      <trkpt lat="45.6667554376788" lon="13.996434703064883">
        <ele>345.27067831868294</ele>
      </trkpt>
      <trkpt lat="45.66656685035758" lon="13.996320935486466">
        <ele>343.46001448887625</ele>
      </trkpt>
      <trkpt lat="45.66641365382478" lon="13.996440022033466">
        <ele>339.9757831539565</ele>
      </trkpt>
      <trkpt lat="45.66641365382478" lon="13.996440022033466">
        <ele>344.30123508389164</ele>
      </trkpt>
      <trkpt lat="45.66641092300415" lon="13.996442556381226">
        <ele>344.24</ele>
      </trkpt>
      <trkpt lat="45.666260719299316" lon="13.99658203125">
        <ele>341.15</ele>
      </trkpt>
      <trkpt lat="45.666024684906006" lon="13.996646404266357">
        <ele>338.15</ele>
      </trkpt>
      <trkpt lat="45.665961745351524" lon="13.99672507870946">
        <ele>336.23608988727835</ele>
      </trkpt>
      <trkpt lat="45.665961745351524" lon="13.99672507870946">
        <ele>337.238563238222</ele>
      </trkpt>
      <trkpt lat="45.66592567231328" lon="13.996748990898936">
        <ele>336.4366868081955</ele>
      </trkpt>
      <trkpt lat="45.665838228378675" lon="13.996895691545859">
        <ele>335.51875369256584</ele>
      </trkpt>
      <trkpt lat="45.665838228378675" lon="13.996895691545859">
        <ele>335.51875369256584</ele>
      </trkpt>
      <trkpt lat="45.66569047797077" lon="13.99719125019962">
        <ele>333.55732514955236</ele>
      </trkpt>
      <trkpt lat="45.66569047797077" lon="13.99719125019962">
        <ele>333.55732514955236</ele>
      </trkpt>
      <trkpt lat="45.665439189642406" lon="13.997724832879156">
        <ele>332.52486302147156</ele>
      </trkpt>
      <trkpt lat="45.66535811624096" lon="13.9978969831858">
        <ele>333.59763188526955</ele>
      </trkpt>
      <trkpt lat="45.66535811624096" lon="13.9978969831858">
        <ele>328.4254231385157</ele>
      </trkpt>
      <trkpt lat="45.66525220870972" lon="13.998105525970459">
        <ele>327.31</ele>
      </trkpt>
      <trkpt lat="45.66514492034912" lon="13.998212814331055">
        <ele>325.75</ele>
      </trkpt>
      <trkpt lat="45.665059089660645" lon="13.998405933380127">
        <ele>324.55</ele>
      </trkpt>
      <trkpt lat="45.66483747214079" lon="13.998484555631876">
        <ele>323.4</ele>
      </trkpt>
      <trkpt lat="45.66461585462093" lon="13.998563177883625">
        <ele>322.54</ele>
      </trkpt>
      <trkpt lat="45.66439390182495" lon="13.998641967773438">
        <ele>321.75</ele>
      </trkpt>
      <trkpt lat="45.664158035069704" lon="13.998663341626525">
        <ele>321.18</ele>
      </trkpt>
      <trkpt lat="45.66392183303833" lon="13.998684883117676">
        <ele>320.88</ele>
      </trkpt>
      <trkpt lat="45.66370725631714" lon="13.998749256134033">
        <ele>320.61</ele>
      </trkpt>
      <trkpt lat="45.663514053449035" lon="13.998953187838197">
        <ele>320.75</ele>
      </trkpt>
      <trkpt lat="45.663321018218994" lon="13.999156951904297">
        <ele>321.07</ele>
      </trkpt>
      <trkpt lat="45.66325664520264" lon="13.999285697937012">
        <ele>321.6</ele>
      </trkpt>
      <trkpt lat="45.66329243592918" lon="13.999651316553354">
        <ele>322.26</ele>
      </trkpt>
      <trkpt lat="45.66332831047475" lon="14.000017018988729">
        <ele>322.99</ele>
      </trkpt>
      <trkpt lat="45.66336393356323" lon="14.000380039215088">
        <ele>324.14</ele>
      </trkpt>
      <trkpt lat="45.663299560546875" lon="14.000723361968994">
        <ele>325.28</ele>
      </trkpt>
      <trkpt lat="45.66312764771283" lon="14.001024104654789">
        <ele>326.41</ele>
      </trkpt>
      <trkpt lat="45.66295573487878" lon="14.001324847340584">
        <ele>327.93</ele>
      </trkpt>
      <trkpt lat="45.66278390586376" lon="14.00162567384541">
        <ele>329.59</ele>
      </trkpt>
      <trkpt lat="45.66261291503906" lon="14.001924991607666">
        <ele>331.43</ele>
      </trkpt>
      <trkpt lat="45.66261291503906" lon="14.002139568328857">
        <ele>333.37</ele>
      </trkpt>
      <trkpt lat="45.66272020339966" lon="14.002418518066406">
        <ele>335.48</ele>
      </trkpt>
      <trkpt lat="45.662784576416016" lon="14.002525806427002">
        <ele>337.62</ele>
      </trkpt>
      <trkpt lat="45.662806034088135" lon="14.002933502197266">
        <ele>339.88</ele>
      </trkpt>
      <trkpt lat="45.662806034088135" lon="14.002933502197266">
        <ele>349.5248832110557</ele>
      </trkpt>
      <trkpt lat="45.66276360341095" lon="14.003157013322749">
        <ele>350.13253083005344</ele>
      </trkpt>
      <trkpt lat="45.66265827786023" lon="14.003271230718193">
        <ele>347.3708781867899</ele>
      </trkpt>
      <trkpt lat="45.66265827786023" lon="14.003271230718193">
        <ele>342.22121932796335</ele>
      </trkpt>
      <trkpt lat="45.66265827786023" lon="14.003271230718193">
        <ele>347.3708781867899</ele>
      </trkpt>
      <trkpt lat="45.66256258099986" lon="14.00342514714481">
        <ele>348.21390775468706</ele>
      </trkpt>
      <trkpt lat="45.662366079011434" lon="14.003481992188286">
        <ele>344.3411640475385</ele>
      </trkpt>
      <trkpt lat="45.662366079011434" lon="14.003481992188286">
        <ele>344.6193803557741</ele>
      </trkpt>
      <trkpt lat="45.662366079011434" lon="14.003481992188286">
        <ele>344.3411640475385</ele>
      </trkpt>
      <trkpt lat="45.66218847528012" lon="14.003660268226469">
        <ele>344.7908494725542</ele>
      </trkpt>
      <trkpt lat="45.66199019135145" lon="14.003825739145075">
        <ele>344.2515381856941</ele>
      </trkpt>
      <trkpt lat="45.66199019135145" lon="14.003825739145075">
        <ele>348.57489302044837</ele>
      </trkpt>
      <trkpt lat="45.66199019135145" lon="14.003825739145075">
        <ele>344.2515381856941</ele>
      </trkpt>
      <trkpt lat="45.66173681147299" lon="14.004207153959214">
        <ele>347.4107091099878</ele>
      </trkpt>
      <trkpt lat="45.66173681147299" lon="14.004207153959214">
        <ele>347.4107091099878</ele>
      </trkpt>
      <trkpt lat="45.66165844545324" lon="14.004377784572199">
        <ele>350.39279396340964</ele>
      </trkpt>
      <trkpt lat="45.661532597960026" lon="14.004490237899995">
        <ele>348.80596192151665</ele>
      </trkpt>
      <trkpt lat="45.661532597960026" lon="14.004490237899995">
        <ele>349.1056503330498</ele>
      </trkpt>
      <trkpt lat="45.66143274307251" lon="14.004628658294678">
        <ele>349.93443186292467</ele>
      </trkpt>
      <trkpt lat="45.66143274307251" lon="14.004628658294678">
        <ele>356.81</ele>
      </trkpt>
      <trkpt lat="45.66150742582977" lon="14.004665957763791">
        <ele>359.55</ele>
      </trkpt>
      <trkpt lat="45.66151840612292" lon="14.004671489819884">
        <ele>362.15</ele>
      </trkpt>
      <trkpt lat="45.661518573760986" lon="14.004671573638916">
        <ele>364.71</ele>
      </trkpt>
      <trkpt lat="45.66152603851335" lon="14.004668036249067">
        <ele>364.8114770073608</ele>
      </trkpt>
      <trkpt lat="45.66152603851335" lon="14.004668036249067">
        <ele>356.8069812474549</ele>
      </trkpt>
      <trkpt lat="45.66183862635481" lon="14.004652060702057">
        <ele>373.72753045094197</ele>
      </trkpt>
      <trkpt lat="45.66183862635481" lon="14.004652060702057">
        <ele>373.72753045094197</ele>
      </trkpt>
      <trkpt lat="45.662056167451965" lon="14.004508389909972">
        <ele>379.70475614885754</ele>
      </trkpt>
      <trkpt lat="45.662056167451965" lon="14.004508389909972">
        <ele>379.70475614885754</ele>
      </trkpt>
      <trkpt lat="45.66215858214861" lon="14.004328953907333">
        <ele>378.3968310565601</ele>
      </trkpt>
      <trkpt lat="45.66215858214861" lon="14.004328953907333">
        <ele>378.3968310565601</ele>
      </trkpt>
      <trkpt lat="45.662198293919374" lon="14.004293066707106">
        <ele>379.1432559646524</ele>
      </trkpt>
      <trkpt lat="45.662198293919374" lon="14.004293066707106">
        <ele>379.1432559646524</ele>
      </trkpt>
      <trkpt lat="45.662210834472575" lon="14.004251198306605">
        <ele>377.96168256253947</ele>
      </trkpt>
      <trkpt lat="45.662210834472575" lon="14.004251198306605">
        <ele>377.96168256253947</ele>
      </trkpt>
      <trkpt lat="45.66216974112328" lon="14.004184899974149">
        <ele>371.9674900287434</ele>
      </trkpt>
      <trkpt lat="45.66216974112328" lon="14.004184899974149">
        <ele>371.9674900287434</ele>
      </trkpt>
      <trkpt lat="45.66215457977245" lon="14.004147009951026">
        <ele>368.8451105933638</ele>
      </trkpt>
      <trkpt lat="45.662165488883346" lon="14.004153142153541">
        <ele>369.91549175567945</ele>
      </trkpt>
      <trkpt lat="45.662165488883346" lon="14.004153142153541">
        <ele>369.91549175567945</ele>
      </trkpt>
      <trkpt lat="45.662165488883346" lon="14.004153142153541">
        <ele>369.91549175567945</ele>
      </trkpt>
      <trkpt lat="45.66220415448291" lon="14.00418950266041">
        <ele>374.42568314577085</ele>
      </trkpt>
      <trkpt lat="45.66223078986104" lon="14.0042096574077">
        <ele>377.1936967627209</ele>
      </trkpt>
      <trkpt lat="45.66223078986104" lon="14.0042096574077">
        <ele>377.1936967627209</ele>
      </trkpt>
      <trkpt lat="45.66229718796107" lon="14.004190311491845">
        <ele>379.7476533073333</ele>
      </trkpt>
      <trkpt lat="45.66229718796107" lon="14.004190311491845">
        <ele>374.8700818683752</ele>
      </trkpt>
      <trkpt lat="45.66229718796107" lon="14.004190311491845">
        <ele>379.7476533073333</ele>
      </trkpt>
      <trkpt lat="45.662346315886566" lon="14.004182054642968">
        <ele>381.8158105703692</ele>
      </trkpt>
      <trkpt lat="45.662346315886566" lon="14.004182054642968">
        <ele>381.8158105703692</ele>
      </trkpt>
      <trkpt lat="45.6623716024574" lon="14.004202729664826">
        <ele>383.8555956136664</ele>
      </trkpt>
      <trkpt lat="45.66240772611013" lon="14.004266822231756">
        <ele>387.5706780304481</ele>
      </trkpt>
      <trkpt lat="45.66240772611013" lon="14.004266822231756">
        <ele>387.5706780304481</ele>
      </trkpt>
      <trkpt lat="45.662408539805256" lon="14.004316226427619">
        <ele>389.0540631190614</ele>
      </trkpt>
      <trkpt lat="45.662408539805256" lon="14.004316226427619">
        <ele>389.0540631190614</ele>
      </trkpt>
      <trkpt lat="45.66240358582284" lon="14.004473674737165">
        <ele>391.67308886907546</ele>
      </trkpt>
      <trkpt lat="45.66240358582284" lon="14.004473674737165">
        <ele>380.50409264617906</ele>
      </trkpt>
      <trkpt lat="45.66239833831787" lon="14.004499912261963">
        <ele>380.8</ele>
      </trkpt>
      <trkpt lat="45.662333965301514" lon="14.004757404327393">
        <ele>383.1</ele>
      </trkpt>
      <trkpt lat="45.662333965301514" lon="14.004757404327393">
        <ele>392.4588939451501</ele>
      </trkpt>
      <trkpt lat="45.662263377311206" lon="14.00482179864278">
        <ele>391.6871850456209</ele>
      </trkpt>
      <trkpt lat="45.66192774847626" lon="14.004989423542424">
        <ele>387.44864581392665</ele>
      </trkpt>
      <trkpt lat="45.66192774847626" lon="14.004989423542424">
        <ele>387.06548520326976</ele>
      </trkpt>
      <trkpt lat="45.66192774847626" lon="14.004989423542424">
        <ele>387.44864581392665</ele>
      </trkpt>
      <trkpt lat="45.661783028202194" lon="14.005033298918562">
        <ele>385.3118915845162</ele>
      </trkpt>
      <trkpt lat="45.661783028202194" lon="14.005033298918562">
        <ele>385.3118915845162</ele>
      </trkpt>
      <trkpt lat="45.661575710826185" lon="14.005394002257049">
        <ele>387.7679645110302</ele>
      </trkpt>
      <trkpt lat="45.66132154655952" lon="14.005723573670053">
        <ele>387.49066204857326</ele>
      </trkpt>
      <trkpt lat="45.66132154655952" lon="14.005723573670053">
        <ele>387.49066204857326</ele>
      </trkpt>
      <trkpt lat="45.66130566125506" lon="14.005894041641625">
        <ele>388.3442918185522</ele>
      </trkpt>
      <trkpt lat="45.66130566125506" lon="14.005894041641625">
        <ele>388.3442918185522</ele>
      </trkpt>
      <trkpt lat="45.66130566125506" lon="14.005894041641625">
        <ele>388.3442918185522</ele>
      </trkpt>
      <trkpt lat="45.66115475063296" lon="14.006053145082973">
        <ele>388.55085211411244</ele>
      </trkpt>
      <trkpt lat="45.66078901096406" lon="14.00635941184111">
        <ele>391.3670165971058</ele>
      </trkpt>
      <trkpt lat="45.66078901096406" lon="14.00635941184111">
        <ele>391.17412508347047</ele>
      </trkpt>
      <trkpt lat="45.66070318222046" lon="14.006474018096924">
        <ele>392.7449858327403</ele>
      </trkpt>
      <trkpt lat="45.66070318222046" lon="14.006474018096924">
        <ele>398.24</ele>
      </trkpt>
      <trkpt lat="45.660874927416444" lon="14.006677949801087">
        <ele>399.52</ele>
      </trkpt>
      <trkpt lat="45.661046504974365" lon="14.006881713867188">
        <ele>400.72</ele>
      </trkpt>
      <trkpt lat="45.6610465887934" lon="14.006881713867188">
        <ele>401.65</ele>
      </trkpt>
      <trkpt lat="45.661282539367676" lon="14.00707483291626">
        <ele>402.63</ele>
      </trkpt>
      <trkpt lat="45.6614971999079" lon="14.007321679964662">
        <ele>403.51</ele>
      </trkpt>
      <trkpt lat="45.66171186044812" lon="14.007568610832095">
        <ele>404.2</ele>
      </trkpt>
      <trkpt lat="45.66192660480738" lon="14.007815457880497">
        <ele>404.65</ele>
      </trkpt>
      <trkpt lat="45.66214084625244" lon="14.00806188583374">
        <ele>404.9</ele>
      </trkpt>
      <trkpt lat="45.66214084625244" lon="14.00806188583374">
        <ele>396.6277112568497</ele>
      </trkpt>
      <trkpt lat="45.66180176898715" lon="14.008317379442417">
        <ele>399.85104222539866</ele>
      </trkpt>
      <trkpt lat="45.66180176898715" lon="14.008317379442417">
        <ele>399.85104222539866</ele>
      </trkpt>
      <trkpt lat="45.66158076852025" lon="14.00863359417346">
        <ele>400.5667930314793</ele>
      </trkpt>
      <trkpt lat="45.661497893119844" lon="14.009186969949837">
        <ele>397.9740897352438</ele>
      </trkpt>
      <trkpt lat="45.661497893119844" lon="14.009186969949837">
        <ele>397.9740897352438</ele>
      </trkpt>
      <trkpt lat="45.661497893119844" lon="14.009186969949837">
        <ele>397.9740897352438</ele>
      </trkpt>
      <trkpt lat="45.661423969441344" lon="14.009821601622527">
        <ele>395.62745871179965</ele>
      </trkpt>
      <trkpt lat="45.661373579789824" lon="14.01025419466282">
        <ele>392.89059879668173</ele>
      </trkpt>
      <trkpt lat="45.661373579789824" lon="14.01025419466282">
        <ele>392.89059879668173</ele>
      </trkpt>
      <trkpt lat="45.66118020295019" lon="14.010629699653748">
        <ele>391.16102393894397</ele>
      </trkpt>
      <trkpt lat="45.66118020295019" lon="14.010629699653748">
        <ele>391.16102393894397</ele>
      </trkpt>
      <trkpt lat="45.660796516085774" lon="14.010965190073946">
        <ele>389.14495747892397</ele>
      </trkpt>
      <trkpt lat="45.660682945152274" lon="14.011064494907487">
        <ele>388.86338692747563</ele>
      </trkpt>
      <trkpt lat="45.66037875013021" lon="14.011538300643384">
        <ele>388.46937557316085</ele>
      </trkpt>
      <trkpt lat="45.66007455510814" lon="14.012012106379283">
        <ele>390.9765655858823</ele>
      </trkpt>
      <trkpt lat="45.659770360086064" lon="14.01248591211518">
        <ele>390.56834909906684</ele>
      </trkpt>
      <trkpt lat="45.65959172506095" lon="14.0127641490796">
        <ele>388.12977425835896</ele>
      </trkpt>
      <trkpt lat="45.65959172506095" lon="14.0127641490796">
        <ele>388.12977425835896</ele>
      </trkpt>
      <trkpt lat="45.65959172506095" lon="14.0127641490796">
        <ele>388.12977425835896</ele>
      </trkpt>
      <trkpt lat="45.65942691357928" lon="14.013362739791598">
        <ele>384.84857869382506</ele>
      </trkpt>
      <trkpt lat="45.6594121551598" lon="14.01341634196018">
        <ele>384.36612398313946</ele>
      </trkpt>
      <trkpt lat="45.6594121551598" lon="14.01341634196018">
        <ele>384.36612398313946</ele>
      </trkpt>
      <trkpt lat="45.65921544424497" lon="14.013994874696856">
        <ele>379.8860020357878</ele>
      </trkpt>
      <trkpt lat="45.659163518961634" lon="14.014147588522093">
        <ele>378.8857211502164</ele>
      </trkpt>
      <trkpt lat="45.659163518961634" lon="14.014147588522093">
        <ele>378.8857211502164</ele>
      </trkpt>
      <trkpt lat="45.65902939657415" lon="14.014761661542268">
        <ele>375.97826575073873</ele>
      </trkpt>
      <trkpt lat="45.65902538726331" lon="14.014780017982673">
        <ele>375.79153227372336</ele>
      </trkpt>
      <trkpt lat="45.65902538726331" lon="14.014780017982673">
        <ele>375.79153227372336</ele>
      </trkpt>
      <trkpt lat="45.65879232761938" lon="14.01533021493178">
        <ele>369.8479834553715</ele>
      </trkpt>
      <trkpt lat="45.658749122844824" lon="14.01543221086186">
        <ele>369.73635465102416</ele>
      </trkpt>
      <trkpt lat="45.658749122844824" lon="14.01543221086186">
        <ele>369.73635465102416</ele>
      </trkpt>
      <trkpt lat="45.658472857062804" lon="14.015768189012817">
        <ele>362.3249942931819</ele>
      </trkpt>
      <trkpt lat="45.658472857062804" lon="14.015768189012817">
        <ele>362.3249942931819</ele>
      </trkpt>
      <trkpt lat="45.658265656831986" lon="14.01608440374244">
        <ele>349.77487791015307</ele>
      </trkpt>
      <trkpt lat="45.658265656831986" lon="14.01608440374244">
        <ele>349.77487791015307</ele>
      </trkpt>
      <trkpt lat="45.65819658991768" lon="14.016637779518845">
        <ele>343.7207624742768</ele>
      </trkpt>
      <trkpt lat="45.65819658991768" lon="14.016637779518845">
        <ele>343.7207624742768</ele>
      </trkpt>
      <trkpt lat="45.658155149728685" lon="14.017072574772612">
        <ele>342.6029106207937</ele>
      </trkpt>
      <trkpt lat="45.658155149728685" lon="14.017072574772612">
        <ele>342.6029106207937</ele>
      </trkpt>
      <trkpt lat="45.658155149728685" lon="14.017625950549018">
        <ele>342.8155722917531</ele>
      </trkpt>
      <trkpt lat="45.658155149728685" lon="14.017625950549018">
        <ele>342.8155722917531</ele>
      </trkpt>
      <trkpt lat="45.65827346314893" lon="14.01824663027605">
        <ele>344.80058351051076</ele>
      </trkpt>
      <trkpt lat="45.6583209103016" lon="14.018495541056467">
        <ele>345.2544295455342</ele>
      </trkpt>
      <trkpt lat="45.6585479484023" lon="14.01905086502384">
        <ele>345.37212505256826</ele>
      </trkpt>
      <trkpt lat="45.658774986503005" lon="14.019606188991212">
        <ele>345.0571818362291</ele>
      </trkpt>
      <trkpt lat="45.658836364746094" lon="14.019756317138672">
        <ele>345.3088032797923</ele>
      </trkpt>
      <trkpt lat="45.658836364746094" lon="14.019756317138672">
        <ele>343.74</ele>
      </trkpt>
      <trkpt lat="45.65900802612305" lon="14.019906520843506">
        <ele>344.91</ele>
      </trkpt>
      <trkpt lat="45.65909385681152" lon="14.02005672454834">
        <ele>346.03</ele>
      </trkpt>
      <trkpt lat="45.65924406051636" lon="14.020421504974365">
        <ele>347.2</ele>
      </trkpt>
      <trkpt lat="45.659329891204834" lon="14.020743370056152">
        <ele>348.28</ele>
      </trkpt>
      <trkpt lat="45.65945863723755" lon="14.020936489105225">
        <ele>349.46</ele>
      </trkpt>
      <trkpt lat="45.65954455174506" lon="14.021140672266483">
        <ele>350.62</ele>
      </trkpt>
      <trkpt lat="45.6596302986145" lon="14.021344184875488">
        <ele>351.73</ele>
      </trkpt>
      <trkpt lat="45.65965175628662" lon="14.021344184875488">
        <ele>352.76</ele>
      </trkpt>
      <trkpt lat="45.659951912239194" lon="14.02127981185913">
        <ele>353.89</ele>
      </trkpt>
      <trkpt lat="45.6602521520108" lon="14.021215522661805">
        <ele>354.9</ele>
      </trkpt>
      <trkpt lat="45.660552978515625" lon="14.021151065826416">
        <ele>355.84</ele>
      </trkpt>
      <trkpt lat="45.660810470581055" lon="14.021022319793701">
        <ele>356.72</ele>
      </trkpt>
      <trkpt lat="45.661025047302246" lon="14.020872116088867">
        <ele>357.54</ele>
      </trkpt>
      <trkpt lat="45.66108237951994" lon="14.02125927619636">
        <ele>358.32</ele>
      </trkpt>
      <trkpt lat="45.66113971173763" lon="14.021646436303854">
        <ele>359.02</ele>
      </trkpt>
      <trkpt lat="45.6611967086792" lon="14.0220308303833">
        <ele>359.64</ele>
      </trkpt>
      <trkpt lat="45.66119679249823" lon="14.0220308303833">
        <ele>360.19</ele>
      </trkpt>
      <trkpt lat="45.66119679249823" lon="14.02205228805542">
        <ele>360.7</ele>
      </trkpt>
      <trkpt lat="45.661267754109524" lon="14.022146903537143">
        <ele>360.9590523731321</ele>
      </trkpt>
      <trkpt lat="45.661267754109524" lon="14.022146903537143">
        <ele>370.9797220059246</ele>
      </trkpt>
      <trkpt lat="45.66128490153787" lon="14.022214665448502">
        <ele>370.7086551294129</ele>
      </trkpt>
      <trkpt lat="45.66128490153787" lon="14.022214665448502">
        <ele>370.7086551294129</ele>
      </trkpt>
      <trkpt lat="45.661303368589074" lon="14.022514126975125">
        <ele>368.7687408690922</ele>
      </trkpt>
      <trkpt lat="45.66134030267236" lon="14.022566973126374">
        <ele>368.63483686627103</ele>
      </trkpt>
      <trkpt lat="45.66134030267236" lon="14.022566973126374">
        <ele>368.63483686627103</ele>
      </trkpt>
      <trkpt lat="45.661429701399804" lon="14.022672279292344">
        <ele>368.42740715318945</ele>
      </trkpt>
      <trkpt lat="45.661429701399804" lon="14.022672279292344">
        <ele>362.33255801074534</ele>
      </trkpt>
      <trkpt lat="45.66143274307251" lon="14.022674560546875">
        <ele>362.34</ele>
      </trkpt>
      <trkpt lat="45.661518573760986" lon="14.022867679595947">
        <ele>362.71</ele>
      </trkpt>
      <trkpt lat="45.661604572087526" lon="14.023254755884409">
        <ele>363.05</ele>
      </trkpt>
      <trkpt lat="45.66169023513794" lon="14.023640155792236">
        <ele>363.36</ele>
      </trkpt>
      <trkpt lat="45.66180841997266" lon="14.023930253461003">
        <ele>363.77</ele>
      </trkpt>
      <trkpt lat="45.66192626953125" lon="14.024219512939453">
        <ele>364.29</ele>
      </trkpt>
      <trkpt lat="45.66193783655763" lon="14.024251364171505">
        <ele>364.82</ele>
      </trkpt>
      <trkpt lat="45.66206096671522" lon="14.024590076878667">
        <ele>365.48</ele>
      </trkpt>
      <trkpt lat="45.66218376159668" lon="14.024927616119385">
        <ele>366.11</ele>
      </trkpt>
      <trkpt lat="45.66237688064575" lon="14.025270938873291">
        <ele>366.87</ele>
      </trkpt>
      <trkpt lat="45.66259145736694" lon="14.025453329086304">
        <ele>367.81</ele>
      </trkpt>
      <trkpt lat="45.662806034088135" lon="14.025635719299316">
        <ele>368.76</ele>
      </trkpt>
      <trkpt lat="45.662784576416016" lon="14.025743007659912">
        <ele>369.81</ele>
      </trkpt>
      <trkpt lat="45.66267728805542" lon="14.025871753692627">
        <ele>370.98</ele>
      </trkpt>
      <trkpt lat="45.6627631187439" lon="14.026086330413818">
        <ele>372.35</ele>
      </trkpt>
      <trkpt lat="45.662827491760254" lon="14.026172161102295">
        <ele>373.86</ele>
      </trkpt>
      <trkpt lat="45.66293478012085" lon="14.026215076446533">
        <ele>375.58</ele>
      </trkpt>
      <trkpt lat="45.66309571266174" lon="14.026376008987427">
        <ele>377.58</ele>
      </trkpt>
      <trkpt lat="45.66325664520264" lon="14.02653694152832">
        <ele>379.81</ele>
      </trkpt>
      <trkpt lat="45.66336393356323" lon="14.02655839920044">
        <ele>382.04</ele>
      </trkpt>
      <trkpt lat="45.66349267959595" lon="14.026687145233154">
        <ele>384.48</ele>
      </trkpt>
      <trkpt lat="45.663578510284424" lon="14.02679443359375">
        <ele>387.02</ele>
      </trkpt>
      <trkpt lat="45.663557052612305" lon="14.02679443359375">
        <ele>389.59</ele>
      </trkpt>
      <trkpt lat="45.663557052612305" lon="14.026901721954346">
        <ele>392.42</ele>
      </trkpt>
      <trkpt lat="45.66368579864502" lon="14.026987552642822">
        <ele>395.38</ele>
      </trkpt>
      <trkpt lat="45.66385746002197" lon="14.02703046798706">
        <ele>398.38</ele>
      </trkpt>
      <trkpt lat="45.66392183303833" lon="14.027009010314941">
        <ele>401.44</ele>
      </trkpt>
      <trkpt lat="45.66395401954651" lon="14.027245547622442">
        <ele>404.84</ele>
      </trkpt>
      <trkpt lat="45.66398620605469" lon="14.027481079101562">
        <ele>408.31</ele>
      </trkpt>
      <trkpt lat="45.664029121398926" lon="14.027566909790039">
        <ele>411.75</ele>
      </trkpt>
      <trkpt lat="45.664072036743164" lon="14.02780294418335">
        <ele>415.5</ele>
      </trkpt>
      <trkpt lat="45.663986038416624" lon="14.028050126507878">
        <ele>419.47</ele>
      </trkpt>
      <trkpt lat="45.66390037536621" lon="14.02829647064209">
        <ele>423.46</ele>
      </trkpt>
      <trkpt lat="45.66392191685736" lon="14.028382301330566">
        <ele>427.19</ele>
      </trkpt>
      <trkpt lat="45.66392183303833" lon="14.028382301330566">
        <ele>430.77</ele>
      </trkpt>
      <trkpt lat="45.66394329071045" lon="14.028446674346924">
        <ele>434.44</ele>
      </trkpt>
      <trkpt lat="45.66387891769409" lon="14.028575420379639">
        <ele>438.1</ele>
      </trkpt>
      <trkpt lat="45.66394329071045" lon="14.028661251068115">
        <ele>441.74</ele>
      </trkpt>
      <trkpt lat="45.66394329071045" lon="14.028704166412354">
        <ele>445.2</ele>
      </trkpt>
      <trkpt lat="45.663793087005615" lon="14.028747081756592">
        <ele>448.43</ele>
      </trkpt>
      <trkpt lat="45.66375017166138" lon="14.02881145477295">
        <ele>451.68</ele>
      </trkpt>
      <trkpt lat="45.6636643409729" lon="14.029004573822021">
        <ele>454.97</ele>
      </trkpt>
      <trkpt lat="45.66364288330078" lon="14.02928352355957">
        <ele>458.21</ele>
      </trkpt>
      <trkpt lat="45.663771629333496" lon="14.029498100280762">
        <ele>461.37</ele>
      </trkpt>
      <trkpt lat="45.66372871398926" lon="14.029712677001953">
        <ele>464.15</ele>
      </trkpt>
      <trkpt lat="45.66384689882398" lon="14.029981316998601">
        <ele>466.86</ele>
      </trkpt>
      <trkpt lat="45.66396474838257" lon="14.030249118804932">
        <ele>469.35</ele>
      </trkpt>
      <trkpt lat="45.66396474838257" lon="14.030463695526123">
        <ele>471.44</ele>
      </trkpt>
      <trkpt lat="45.664072036743164" lon="14.030678272247314">
        <ele>473.49</ele>
      </trkpt>
      <trkpt lat="45.66415786743164" lon="14.030742645263672">
        <ele>475.31</ele>
      </trkpt>
      <trkpt lat="45.6641149520874" lon="14.031150341033936">
        <ele>476.63</ele>
      </trkpt>
      <trkpt lat="45.66415786743164" lon="14.031515121459961">
        <ele>477.95</ele>
      </trkpt>
      <trkpt lat="45.66411478444934" lon="14.031945280730724">
        <ele>478.87</ele>
      </trkpt>
      <trkpt lat="45.664072036743164" lon="14.032373428344727">
        <ele>479.56</ele>
      </trkpt>
      <trkpt lat="45.664072036743164" lon="14.032695293426514">
        <ele>479.96</ele>
      </trkpt>
      <trkpt lat="45.66410422325134" lon="14.033007184043527">
        <ele>480.16</ele>
      </trkpt>
      <trkpt lat="45.66413640975952" lon="14.033317565917969">
        <ele>480.02</ele>
      </trkpt>
      <trkpt lat="45.66415786743164" lon="14.033682346343994">
        <ele>479.69</ele>
      </trkpt>
      <trkpt lat="45.664050579071045" lon="14.034090042114258">
        <ele>478.99</ele>
      </trkpt>
      <trkpt lat="45.664072036743164" lon="14.034433364868164">
        <ele>478.1</ele>
      </trkpt>
      <trkpt lat="45.66412517800927" lon="14.03475221246481">
        <ele>476.89</ele>
      </trkpt>
      <trkpt lat="45.664178067818284" lon="14.035069551318884">
        <ele>475.45</ele>
      </trkpt>
      <trkpt lat="45.664178067818284" lon="14.035069467499852">
        <ele>473.89</ele>
      </trkpt>
      <trkpt lat="45.66420078277588" lon="14.035205841064453">
        <ele>472.1</ele>
      </trkpt>
      <trkpt lat="45.664272448047996" lon="14.03551404364407">
        <ele>470.12</ele>
      </trkpt>
      <trkpt lat="45.66434411332011" lon="14.035822246223688">
        <ele>467.92</ele>
      </trkpt>
      <trkpt lat="45.66441535949707" lon="14.036128520965576">
        <ele>465.57</ele>
      </trkpt>
      <trkpt lat="45.66445827484131" lon="14.036407470703125">
        <ele>463.08</ele>
      </trkpt>
      <trkpt lat="45.66443681716919" lon="14.036471843719482">
        <ele>460.48</ele>
      </trkpt>
      <trkpt lat="45.66420078277588" lon="14.036343097686768">
        <ele>457.6</ele>
      </trkpt>
      <trkpt lat="45.66396474838257" lon="14.036214351654053">
        <ele>454.68</ele>
      </trkpt>
      <trkpt lat="45.663814544677734" lon="14.036107063293457">
        <ele>451.82</ele>
      </trkpt>
      <trkpt lat="45.66367498598993" lon="14.0359459631145">
        <ele>448.96</ele>
      </trkpt>
      <trkpt lat="45.663535594940186" lon="14.03578519821167">
        <ele>446.12</ele>
      </trkpt>
      <trkpt lat="45.663288831710815" lon="14.035645723342896">
        <ele>443.21</ele>
      </trkpt>
      <trkpt lat="45.663042068481445" lon="14.035506248474121">
        <ele>440.35</ele>
      </trkpt>
      <trkpt lat="45.66284894943237" lon="14.035334587097168">
        <ele>437.49</ele>
      </trkpt>
      <trkpt lat="45.66264493390918" lon="14.035098385065794">
        <ele>434.69</ele>
      </trkpt>
      <trkpt lat="45.66244125366211" lon="14.034862518310547">
        <ele>431.99</ele>
      </trkpt>
      <trkpt lat="45.66229088231921" lon="14.03465841896832">
        <ele>429.49</ele>
      </trkpt>
      <trkpt lat="45.66214084625244" lon="14.034454822540283">
        <ele>427.15</ele>
      </trkpt>
      <trkpt lat="45.66199064254761" lon="14.034368991851807">
        <ele>424.94</ele>
      </trkpt>
      <trkpt lat="45.6617546081543" lon="14.034390449523926">
        <ele>422.76</ele>
      </trkpt>
      <trkpt lat="45.66166877746582" lon="14.034433364868164">
        <ele>421.01</ele>
      </trkpt>
      <trkpt lat="45.661561489105225" lon="14.034562110900879">
        <ele>419.46</ele>
      </trkpt>
      <trkpt lat="45.661540031433105" lon="14.034841060638428">
        <ele>418.21</ele>
      </trkpt>
      <trkpt lat="45.66160440444946" lon="14.03501272201538">
        <ele>417.24</ele>
      </trkpt>
      <trkpt lat="45.661797523498535" lon="14.035356044769287">
        <ele>416.54</ele>
      </trkpt>
      <trkpt lat="45.661818981170654" lon="14.035570621490479">
        <ele>416.08</ele>
      </trkpt>
      <trkpt lat="45.661797523498535" lon="14.03576374053955">
        <ele>415.93</ele>
      </trkpt>
      <trkpt lat="45.66169023513794" lon="14.035956859588623">
        <ele>416.09</ele>
      </trkpt>
      <trkpt lat="45.66160440444946" lon="14.03602123260498">
        <ele>416.5</ele>
      </trkpt>
      <trkpt lat="45.66143282689154" lon="14.036064064130187">
        <ele>417.16</ele>
      </trkpt>
      <trkpt lat="45.66126108169556" lon="14.036107063293457">
        <ele>417.99</ele>
      </trkpt>
      <trkpt lat="45.661087073385715" lon="14.036107063293457">
        <ele>419.02</ele>
      </trkpt>
      <trkpt lat="45.66093921661377" lon="14.036107063293457">
        <ele>420.3</ele>
      </trkpt>
      <trkpt lat="45.660810470581055" lon="14.036214351654053">
        <ele>421.85</ele>
      </trkpt>
      <trkpt lat="45.66061735153198" lon="14.03630018234253">
        <ele>423.63</ele>
      </trkpt>
      <trkpt lat="45.660810470581055" lon="14.036643505096436">
        <ele>425.7</ele>
      </trkpt>
      <trkpt lat="45.660864198580384" lon="14.036955311894417">
        <ele>428</ele>
      </trkpt>
      <trkpt lat="45.66091775894165" lon="14.03726577758789">
        <ele>430.41</ele>
      </trkpt>
      <trkpt lat="45.6610896717757" lon="14.037620332092047">
        <ele>432.89</ele>
      </trkpt>
      <trkpt lat="45.66126108169556" lon="14.037973880767822">
        <ele>435.61</ele>
      </trkpt>
      <trkpt lat="45.66133635118604" lon="14.038404040038586">
        <ele>438.57</ele>
      </trkpt>
      <trkpt lat="45.66141128540039" lon="14.038832187652588">
        <ele>441.44</ele>
      </trkpt>
      <trkpt lat="45.66142201423645" lon="14.03912253677845">
        <ele>444.41</ele>
      </trkpt>
      <trkpt lat="45.66143274307251" lon="14.039411544799805">
        <ele>447.42</ele>
      </trkpt>
      <trkpt lat="45.6613899115473" lon="14.03979778289795">
        <ele>450.52</ele>
      </trkpt>
      <trkpt lat="45.66138982772827" lon="14.03979778289795">
        <ele>453.45</ele>
      </trkpt>
      <trkpt lat="45.66147565841675" lon="14.039883613586426">
        <ele>456.38</ele>
      </trkpt>
      <trkpt lat="45.661604572087526" lon="14.040263397619128">
        <ele>459.46</ele>
      </trkpt>
      <trkpt lat="45.661733569577336" lon="14.04064318165183">
        <ele>462.6</ele>
      </trkpt>
      <trkpt lat="45.66186189651489" lon="14.04102087020874">
        <ele>465.68</ele>
      </trkpt>
      <trkpt lat="45.66201210021973" lon="14.041364192962646">
        <ele>468.64</ele>
      </trkpt>
      <trkpt lat="45.66214084625244" lon="14.041428565979004">
        <ele>471.46</ele>
      </trkpt>
      <trkpt lat="45.662291049957275" lon="14.041428565979004">
        <ele>474.26</ele>
      </trkpt>
      <trkpt lat="45.66250562667847" lon="14.041385650634766">
        <ele>477.2</ele>
      </trkpt>
      <trkpt lat="45.66274166107178" lon="14.041171073913574">
        <ele>480.11</ele>
      </trkpt>
      <trkpt lat="45.662859762087464" lon="14.040977703407407">
        <ele>482.87</ele>
      </trkpt>
      <trkpt lat="45.66297769546509" lon="14.04078483581543">
        <ele>485.59</ele>
      </trkpt>
      <trkpt lat="45.66312789916992" lon="14.040677547454834">
        <ele>488.31</ele>
      </trkpt>
      <trkpt lat="45.66323518753052" lon="14.040677547454834">
        <ele>490.95</ele>
      </trkpt>
      <trkpt lat="45.663471138104796" lon="14.040806209668517">
        <ele>493.71</ele>
      </trkpt>
      <trkpt lat="45.66370725631714" lon="14.040935039520264">
        <ele>496.38</ele>
      </trkpt>
      <trkpt lat="45.66385586746037" lon="14.040982313454151">
        <ele>498.82</ele>
      </trkpt>
      <trkpt lat="45.66401747055352" lon="14.041033694520593">
        <ele>501.19</ele>
      </trkpt>
      <trkpt lat="45.66417932510376" lon="14.041085243225098">
        <ele>503.45</ele>
      </trkpt>
      <trkpt lat="45.66435090266168" lon="14.041160261258483">
        <ele>505.74</ele>
      </trkpt>
      <trkpt lat="45.664522647857666" lon="14.041235446929932">
        <ele>507.97</ele>
      </trkpt>
      <trkpt lat="45.66471576690674" lon="14.04127836227417">
        <ele>510.06</ele>
      </trkpt>
      <trkpt lat="45.66499471664429" lon="14.041407108306885">
        <ele>511.96</ele>
      </trkpt>
      <trkpt lat="45.66519848071039" lon="14.041546499356627">
        <ele>513.8</ele>
      </trkpt>
      <trkpt lat="45.66540241241455" lon="14.041686058044434">
        <ele>515.6</ele>
      </trkpt>
      <trkpt lat="45.665606344118714" lon="14.041911447420716">
        <ele>517.47</ele>
      </trkpt>
      <trkpt lat="45.665810108184814" lon="14.042136669158936">
        <ele>519.39</ele>
      </trkpt>
      <trkpt lat="45.66589593887329" lon="14.042136669158936">
        <ele>520.97</ele>
      </trkpt>
      <trkpt lat="45.66600322723389" lon="14.042072296142578">
        <ele>522.4</ele>
      </trkpt>
      <trkpt lat="45.66621780395508" lon="14.041836261749268">
        <ele>523.66</ele>
      </trkpt>
      <trkpt lat="45.666325092315674" lon="14.041836261749268">
        <ele>525.05</ele>
      </trkpt>
      <trkpt lat="45.66647529602051" lon="14.041857719421387">
        <ele>526.43</ele>
      </trkpt>
      <trkpt lat="45.6666898727417" lon="14.041986465454102">
        <ele>527.93</ele>
      </trkpt>
      <trkpt lat="45.666797161102295" lon="14.042072296142578">
        <ele>529.2</ele>
      </trkpt>
      <trkpt lat="45.66690444946289" lon="14.042222499847412">
        <ele>530.49</ele>
      </trkpt>
      <trkpt lat="45.66715112887323" lon="14.042399441823363">
        <ele>531.72</ele>
      </trkpt>
      <trkpt lat="45.6673978921026" lon="14.042576467618346">
        <ele>532.89</ele>
      </trkpt>
      <trkpt lat="45.66764465533197" lon="14.04275349341333">
        <ele>533.98</ele>
      </trkpt>
      <trkpt lat="45.66789150238037" lon="14.042930603027344">
        <ele>535.01</ele>
      </trkpt>
      <trkpt lat="45.668052434921265" lon="14.043070077896118">
        <ele>535.89</ele>
      </trkpt>
      <trkpt lat="45.66821336746216" lon="14.043209552764893">
        <ele>536.71</ele>
      </trkpt>
      <trkpt lat="45.668459963053465" lon="14.043327486142516">
        <ele>537.45</ele>
      </trkpt>
      <trkpt lat="45.6687068939209" lon="14.043445587158203">
        <ele>538.24</ele>
      </trkpt>
      <trkpt lat="45.66892147064209" lon="14.043338298797607">
        <ele>538.82</ele>
      </trkpt>
      <trkpt lat="45.66912515088916" lon="14.043413316830993">
        <ele>539.67</ele>
      </trkpt>
      <trkpt lat="45.66932916641235" lon="14.043488502502441">
        <ele>540.45</ele>
      </trkpt>
      <trkpt lat="45.669522285461426" lon="14.043402671813965">
        <ele>541.04</ele>
      </trkpt>
      <trkpt lat="45.669822692871094" lon="14.043338298797607">
        <ele>541.83</ele>
      </trkpt>
      <trkpt lat="45.67005327902734" lon="14.043504511937499">
        <ele>542.59</ele>
      </trkpt>
      <trkpt lat="45.670283949002624" lon="14.043670808896422">
        <ele>543.11</ele>
      </trkpt>
      <trkpt lat="45.670514618977904" lon="14.043837105855346">
        <ele>543.59</ele>
      </trkpt>
      <trkpt lat="45.67074537277222" lon="14.0440034866333">
        <ele>544.03</ele>
      </trkpt>
      <trkpt lat="45.67083120346069" lon="14.044132232666016">
        <ele>544.55</ele>
      </trkpt>
      <trkpt lat="45.671013509854674" lon="14.04402494430542">
        <ele>544.99</ele>
      </trkpt>
      <trkpt lat="45.67119598388672" lon="14.043917655944824">
        <ele>545.53</ele>
      </trkpt>
      <trkpt lat="45.67134618759155" lon="14.043756639584899">
        <ele>546.18</ele>
      </trkpt>
      <trkpt lat="45.67149639129639" lon="14.043595790863037">
        <ele>546.89</ele>
      </trkpt>
      <trkpt lat="45.671560764312744" lon="14.043381214141846">
        <ele>547.7</ele>
      </trkpt>
      <trkpt lat="45.67166805267334" lon="14.043359756469727">
        <ele>548.54</ele>
      </trkpt>
      <trkpt lat="45.67186117172241" lon="14.043402671813965">
        <ele>549.47</ele>
      </trkpt>
      <trkpt lat="45.67196846008301" lon="14.043467044830322">
        <ele>550.46</ele>
      </trkpt>
      <trkpt lat="45.672225784510374" lon="14.043552791699767">
        <ele>551.6</ele>
      </trkpt>
      <trkpt lat="45.67248344421387" lon="14.043638706207275">
        <ele>552.78</ele>
      </trkpt>
      <trkpt lat="45.67272660322487" lon="14.043831825256348">
        <ele>554.06</ele>
      </trkpt>
      <trkpt lat="45.67296976223588" lon="14.04402494430542">
        <ele>555.48</ele>
      </trkpt>
      <trkpt lat="45.67321300506592" lon="14.044218063354492">
        <ele>556.99</ele>
      </trkpt>
      <trkpt lat="45.67349614575505" lon="14.044406823813915">
        <ele>558.68</ele>
      </trkpt>
      <trkpt lat="45.67377937026322" lon="14.044595584273338">
        <ele>560.54</ele>
      </trkpt>
      <trkpt lat="45.674062594771385" lon="14.044784428551793">
        <ele>562.59</ele>
      </trkpt>
      <trkpt lat="45.67434573546052" lon="14.044973189011216">
        <ele>564.8</ele>
      </trkpt>
      <trkpt lat="45.67462921142578" lon="14.045162200927734">
        <ele>567.08</ele>
      </trkpt>
      <trkpt lat="45.674924002960324" lon="14.045205032452941">
        <ele>569.67</ele>
      </trkpt>
      <trkpt lat="45.6752188783139" lon="14.04524794779718">
        <ele>572.36</ele>
      </trkpt>
      <trkpt lat="45.67551366984844" lon="14.045290779322386">
        <ele>575.22</ele>
      </trkpt>
      <trkpt lat="45.67580854520202" lon="14.045333694666624">
        <ele>578.14</ele>
      </trkpt>
      <trkpt lat="45.67610333673656" lon="14.045376610010862">
        <ele>581.19</ele>
      </trkpt>
      <trkpt lat="45.676398212090135" lon="14.045419441536069">
        <ele>584.27</ele>
      </trkpt>
      <trkpt lat="45.67669300362468" lon="14.045462356880307">
        <ele>587.51</ele>
      </trkpt>
      <trkpt lat="45.67698955535889" lon="14.04550552368164">
        <ele>590.8</ele>
      </trkpt>
      <trkpt lat="45.677286107093096" lon="14.045526897534728">
        <ele>594.22</ele>
      </trkpt>
      <trkpt lat="45.67758274264634" lon="14.045548355206847">
        <ele>597.66</ele>
      </trkpt>
      <trkpt lat="45.67787937819958" lon="14.045569812878966">
        <ele>601.15</ele>
      </trkpt>
      <trkpt lat="45.67817601375282" lon="14.045591270551085">
        <ele>604.71</ele>
      </trkpt>
      <trkpt lat="45.67847256548703" lon="14.045612728223205">
        <ele>608.27</ele>
      </trkpt>
      <trkpt lat="45.678770542144775" lon="14.045634269714355">
        <ele>611.89</ele>
      </trkpt>
      <trkpt lat="45.67894220352173" lon="14.045677185058594">
        <ele>615.43</ele>
      </trkpt>
      <trkpt lat="45.6791353225708" lon="14.045827388763428">
        <ele>618.96</ele>
      </trkpt>
      <trkpt lat="45.67932844161987" lon="14.045977592468262">
        <ele>622.52</ele>
      </trkpt>
      <trkpt lat="45.679500019177794" lon="14.046063339337707">
        <ele>626.08</ele>
      </trkpt>
      <trkpt lat="45.67967176437378" lon="14.046149253845215">
        <ele>629.56</ele>
      </trkpt>
      <trkpt lat="45.67985407076776" lon="14.04623500071466">
        <ele>633.05</ele>
      </trkpt>
      <trkpt lat="45.68003226401608" lon="14.046318899694686">
        <ele>636.4190640914709</ele>
      </trkpt>
      <trkpt lat="45.68003226401608" lon="14.046318899694686">
        <ele>643.5559430219241</ele>
      </trkpt>
      <trkpt lat="45.680439559013976" lon="14.04659161976333">
        <ele>646.4551234318183</ele>
      </trkpt>
      <trkpt lat="45.68061814221147" lon="14.046711197028287">
        <ele>647.4614325935955</ele>
      </trkpt>
      <trkpt lat="45.68061814221147" lon="14.046711197028287">
        <ele>647.4614325935955</ele>
      </trkpt>
      <trkpt lat="45.681040224626265" lon="14.046933124519372">
        <ele>653.9089568633453</ele>
      </trkpt>
      <trkpt lat="45.68104354598739" lon="14.046934870863964">
        <ele>653.9761647221609</ele>
      </trkpt>
      <trkpt lat="45.68129531404483" lon="14.046835460270813">
        <ele>660.8129614003494</ele>
      </trkpt>
      <trkpt lat="45.68129531404483" lon="14.046835460270813">
        <ele>660.8129614003494</ele>
      </trkpt>
      <trkpt lat="45.68147420883179" lon="14.046685695648193">
        <ele>664.9595731664276</ele>
      </trkpt>
      <trkpt lat="45.68147420883179" lon="14.046685695648193">
        <ele>655.6</ele>
      </trkpt>
      <trkpt lat="45.68166732788086" lon="14.046406745910645">
        <ele>658.44</ele>
      </trkpt>
      <trkpt lat="45.68194627761841" lon="14.046363830566406">
        <ele>661.25</ele>
      </trkpt>
      <trkpt lat="45.682032108306885" lon="14.046320915222168">
        <ele>663.86</ele>
      </trkpt>
      <trkpt lat="45.68225967697799" lon="14.046020256355405">
        <ele>666.37</ele>
      </trkpt>
      <trkpt lat="45.68248732946813" lon="14.045719597488642">
        <ele>668.67</ele>
      </trkpt>
      <trkpt lat="45.68271498195827" lon="14.045418938621879">
        <ele>671.05</ele>
      </trkpt>
      <trkpt lat="45.68294255062938" lon="14.045118279755116">
        <ele>673.37</ele>
      </trkpt>
      <trkpt lat="45.6831693649292" lon="14.044818878173828">
        <ele>675.6</ele>
      </trkpt>
      <trkpt lat="45.68335963413119" lon="14.044499695301056">
        <ele>677.82</ele>
      </trkpt>
      <trkpt lat="45.68354990333319" lon="14.044180512428284">
        <ele>679.96</ele>
      </trkpt>
      <trkpt lat="45.68374017253518" lon="14.043861329555511">
        <ele>682.1</ele>
      </trkpt>
      <trkpt lat="45.683930441737175" lon="14.04354214668274">
        <ele>684.11</ele>
      </trkpt>
      <trkpt lat="45.68412071093917" lon="14.043222963809967">
        <ele>686.11</ele>
      </trkpt>
      <trkpt lat="45.68431098014116" lon="14.042903864756227">
        <ele>688.35</ele>
      </trkpt>
      <trkpt lat="45.684499740600586" lon="14.042587280273438">
        <ele>690.47</ele>
      </trkpt>
      <trkpt lat="45.68460711278021" lon="14.04239390976727">
        <ele>692.43</ele>
      </trkpt>
      <trkpt lat="45.68471431732178" lon="14.042201042175293">
        <ele>694.43</ele>
      </trkpt>
      <trkpt lat="45.684810960665345" lon="14.041975317522883">
        <ele>696.49</ele>
      </trkpt>
      <trkpt lat="45.68490743637085" lon="14.041750431060791">
        <ele>698.64</ele>
      </trkpt>
      <trkpt lat="45.6850790977478" lon="14.041557312011719">
        <ele>700.96</ele>
      </trkpt>
      <trkpt lat="45.68518655374646" lon="14.04128858819604">
        <ele>703.21</ele>
      </trkpt>
      <trkpt lat="45.685293674468994" lon="14.04102087020874">
        <ele>705.52</ele>
      </trkpt>
      <trkpt lat="45.68537950515747" lon="14.040935039520264">
        <ele>707.94</ele>
      </trkpt>
      <trkpt lat="45.68544387817383" lon="14.040913581848145">
        <ele>710.44</ele>
      </trkpt>
      <trkpt lat="45.68546533584595" lon="14.04102087020874">
        <ele>713.08</ele>
      </trkpt>
      <trkpt lat="45.685422252863646" lon="14.041300490498543">
        <ele>715.83</ele>
      </trkpt>
      <trkpt lat="45.68537950515747" lon="14.041578769683838">
        <ele>718.74</ele>
      </trkpt>
      <trkpt lat="45.68534723483026" lon="14.04191211797297">
        <ele>721.8</ele>
      </trkpt>
      <trkpt lat="45.68531513214111" lon="14.042243957519531">
        <ele>724.92</ele>
      </trkpt>
      <trkpt lat="45.68531513214111" lon="14.042684929445386">
        <ele>728.28</ele>
      </trkpt>
      <trkpt lat="45.68531513214111" lon="14.043123722076416">
        <ele>731.73</ele>
      </trkpt>
      <trkpt lat="45.68535804748535" lon="14.04325246810913">
        <ele>735.27</ele>
      </trkpt>
      <trkpt lat="45.68542242050171" lon="14.04325246810913">
        <ele>738.92</ele>
      </trkpt>
      <trkpt lat="45.68565845489502" lon="14.043067898601294">
        <ele>742.82</ele>
      </trkpt>
      <trkpt lat="45.68589448928833" lon="14.042883329093456">
        <ele>746.74</ele>
      </trkpt>
      <trkpt lat="45.68613052368164" lon="14.04269884340465">
        <ele>750.84</ele>
      </trkpt>
      <trkpt lat="45.68636655807495" lon="14.042514273896813">
        <ele>755.11</ele>
      </trkpt>
      <trkpt lat="45.68660259246826" lon="14.042329788208008">
        <ele>759.43</ele>
      </trkpt>
      <trkpt lat="45.68681105040014" lon="14.042207412421703">
        <ele>763.76</ele>
      </trkpt>
      <trkpt lat="45.68701967597008" lon="14.042085036635399">
        <ele>768.16</ele>
      </trkpt>
      <trkpt lat="45.68701967597008" lon="14.042084952816367">
        <ele>772.49</ele>
      </trkpt>
      <trkpt lat="45.68730457685888" lon="14.041917733848095">
        <ele>777.06</ele>
      </trkpt>
      <trkpt lat="45.68758964538574" lon="14.041750431060791">
        <ele>781.56</ele>
      </trkpt>
      <trkpt lat="45.68787915632129" lon="14.041621685028076">
        <ele>786.27</ele>
      </trkpt>
      <trkpt lat="45.68816900253296" lon="14.041492938995361">
        <ele>791.08</ele>
      </trkpt>
      <trkpt lat="45.68843353539705" lon="14.041328402236104">
        <ele>795.91</ele>
      </trkpt>
      <trkpt lat="45.68869815208018" lon="14.041163949295878">
        <ele>800.84</ele>
      </trkpt>
      <trkpt lat="45.68896293640137" lon="14.040999412536621">
        <ele>805.74</ele>
      </trkpt>
      <trkpt lat="45.689198886975646" lon="14.04086354188621">
        <ele>810.64</ele>
      </trkpt>
      <trkpt lat="45.689434837549925" lon="14.0407276712358">
        <ele>815.36</ele>
      </trkpt>
      <trkpt lat="45.6896710395813" lon="14.040591716766357">
        <ele>820.07</ele>
      </trkpt>
      <trkpt lat="45.689914198592305" lon="14.040398513898253">
        <ele>824.6</ele>
      </trkpt>
      <trkpt lat="45.69015735760331" lon="14.040205394849181">
        <ele>829.12</ele>
      </trkpt>
      <trkpt lat="45.69040060043335" lon="14.04001235961914">
        <ele>833.68</ele>
      </trkpt>
      <trkpt lat="45.690529346466064" lon="14.039947986602783">
        <ele>838.03</ele>
      </trkpt>
      <trkpt lat="45.6905722618103" lon="14.039969444274902">
        <ele>842.17</ele>
      </trkpt>
      <trkpt lat="45.69059371948242" lon="14.04003381729126">
        <ele>846.18</ele>
      </trkpt>
      <trkpt lat="45.6905722618103" lon="14.040398597717285">
        <ele>850.06</ele>
      </trkpt>
      <trkpt lat="45.69058835506439" lon="14.04083420522511">
        <ele>853.86</ele>
      </trkpt>
      <trkpt lat="45.69060453213751" lon="14.041269812732935">
        <ele>857.6</ele>
      </trkpt>
      <trkpt lat="45.6906206253916" lon="14.04170542024076">
        <ele>861.25</ele>
      </trkpt>
      <trkpt lat="45.69063663482666" lon="14.042136669158936">
        <ele>864.72</ele>
      </trkpt>
      <trkpt lat="45.6907762773335" lon="14.042480578646064">
        <ele>867.96</ele>
      </trkpt>
      <trkpt lat="45.69091558456421" lon="14.042823314666748">
        <ele>870.91</ele>
      </trkpt>
      <trkpt lat="45.691119600087404" lon="14.04310243204236">
        <ele>873.69</ele>
      </trkpt>
      <trkpt lat="45.69131498225033" lon="14.043369898572564">
        <ele>876.28</ele>
      </trkpt>
      <trkpt lat="45.691323364153504" lon="14.04338138177991">
        <ele>878.6</ele>
      </trkpt>
      <trkpt lat="45.69132328033447" lon="14.043381214141846">
        <ele>880.71</ele>
      </trkpt>
      <trkpt lat="45.69151648320258" lon="14.043424129486084">
        <ele>882.76</ele>
      </trkpt>
      <trkpt lat="45.69164514541626" lon="14.043123722076416">
        <ele>884.62</ele>
      </trkpt>
      <trkpt lat="45.69181680679321" lon="14.042823314666748">
        <ele>886.21</ele>
      </trkpt>
      <trkpt lat="45.69193499162793" lon="14.042522320523858">
        <ele>887.64</ele>
      </trkpt>
      <trkpt lat="45.69205284118652" lon="14.042222499847412">
        <ele>888.94</ele>
      </trkpt>
      <trkpt lat="45.69216012954712" lon="14.041879177093506">
        <ele>890.05</ele>
      </trkpt>
      <trkpt lat="45.69221746176481" lon="14.041535016149282">
        <ele>890.95</ele>
      </trkpt>
      <trkpt lat="45.692274793982506" lon="14.041190855205059">
        <ele>891.55</ele>
      </trkpt>
      <trkpt lat="45.69233179092407" lon="14.040849208831787">
        <ele>891.94</ele>
      </trkpt>
      <trkpt lat="45.69244997575879" lon="14.040483674034476">
        <ele>892.25</ele>
      </trkpt>
      <trkpt lat="45.69256782531738" lon="14.040119647979736">
        <ele>892.46</ele>
      </trkpt>
      <trkpt lat="45.69263228215277" lon="14.039818486198783">
        <ele>892.51</ele>
      </trkpt>
      <trkpt lat="45.69269682280719" lon="14.039517408236861">
        <ele>892.44</ele>
      </trkpt>
      <trkpt lat="45.692760944366455" lon="14.039218425750732">
        <ele>892.28</ele>
      </trkpt>
      <trkpt lat="45.69289698265493" lon="14.038974847644567">
        <ele>892.05</ele>
      </trkpt>
      <trkpt lat="45.6930330209434" lon="14.038731353357434">
        <ele>891.65</ele>
      </trkpt>
      <trkpt lat="45.69316864013672" lon="14.038488864898682">
        <ele>891.17</ele>
      </trkpt>
      <trkpt lat="45.69326536729932" lon="14.03814478777349">
        <ele>890.51</ele>
      </trkpt>
      <trkpt lat="45.69336175918579" lon="14.03780221939087">
        <ele>889.8</ele>
      </trkpt>
      <trkpt lat="45.6935013178736" lon="14.037608932703733">
        <ele>889.08</ele>
      </trkpt>
      <trkpt lat="45.69364070892334" lon="14.037415981292725">
        <ele>888.29</ele>
      </trkpt>
      <trkpt lat="45.69385528564453" lon="14.037244319915771">
        <ele>887.44</ele>
      </trkpt>
      <trkpt lat="45.69391965866089" lon="14.037137031555176">
        <ele>886.5</ele>
      </trkpt>
      <trkpt lat="45.694005489349365" lon="14.036836624145508">
        <ele>885.4</ele>
      </trkpt>
      <trkpt lat="45.694005489349365" lon="14.036450386047363">
        <ele>884.17</ele>
      </trkpt>
      <trkpt lat="45.69409132003784" lon="14.036107063293457">
        <ele>882.84</ele>
      </trkpt>
      <trkpt lat="45.69417715072632" lon="14.035935401916504">
        <ele>881.48</ele>
      </trkpt>
      <trkpt lat="45.69437026977539" lon="14.035720825195312">
        <ele>880.05</ele>
      </trkpt>
      <trkpt lat="45.69457403384149" lon="14.035613536834717">
        <ele>878.69</ele>
      </trkpt>
      <trkpt lat="45.694777965545654" lon="14.035506248474121">
        <ele>877.41</ele>
      </trkpt>
      <trkpt lat="45.69494962692261" lon="14.035356044769287">
        <ele>876.05</ele>
      </trkpt>
      <trkpt lat="45.69511064328253" lon="14.035152029246092">
        <ele>874.7</ele>
      </trkpt>
      <trkpt lat="45.695271492004395" lon="14.034948348999023">
        <ele>873.26</ele>
      </trkpt>
      <trkpt lat="45.69537886418402" lon="14.034744165837765">
        <ele>871.86</ele>
      </trkpt>
      <trkpt lat="45.695486068725586" lon="14.03454065322876">
        <ele>870.41</ele>
      </trkpt>
      <trkpt lat="45.69548615254462" lon="14.03454065322876">
        <ele>868.95</ele>
      </trkpt>
      <trkpt lat="45.695529067888856" lon="14.034497737884521">
        <ele>867.46</ele>
      </trkpt>
      <trkpt lat="45.69570072926581" lon="14.034218788146973">
        <ele>865.9</ele>
      </trkpt>
      <trkpt lat="45.695929639041424" lon="14.033968253061175">
        <ele>864.33</ele>
      </trkpt>
      <trkpt lat="45.69615863263607" lon="14.03371780179441">
        <ele>862.68</ele>
      </trkpt>
      <trkpt lat="45.69638729095459" lon="14.033467769622803">
        <ele>861.08</ele>
      </trkpt>
      <trkpt lat="45.696523329243064" lon="14.033224191516638">
        <ele>859.47</ele>
      </trkpt>
      <trkpt lat="45.69665936753154" lon="14.032980697229505">
        <ele>857.8</ele>
      </trkpt>
      <trkpt lat="45.69679498672485" lon="14.032738208770752">
        <ele>856.09</ele>
      </trkpt>
      <trkpt lat="45.69689171388745" lon="14.03242640197277">
        <ele>854.35</ele>
      </trkpt>
      <trkpt lat="45.696988105773926" lon="14.032115936279297">
        <ele>852.58</ele>
      </trkpt>
      <trkpt lat="45.69715976715088" lon="14.031944274902344">
        <ele>850.86</ele>
      </trkpt>
      <trkpt lat="45.697342325001955" lon="14.031664989888668">
        <ele>849.05</ele>
      </trkpt>
      <trkpt lat="45.697524547576904" lon="14.031386375427246">
        <ele>847.27</ele>
      </trkpt>
      <trkpt lat="45.69762487895787" lon="14.030977757647634">
        <ele>845.37</ele>
      </trkpt>
      <trkpt lat="45.69772521033883" lon="14.030569139868021">
        <ele>843.5</ele>
      </trkpt>
      <trkpt lat="45.69782495498657" lon="14.030163288116455">
        <ele>841.51</ele>
      </trkpt>
      <trkpt lat="45.697975158691406" lon="14.029862880706787">
        <ele>839.6</ele>
      </trkpt>
      <trkpt lat="45.697996616363525" lon="14.029636988416314">
        <ele>837.74</ele>
      </trkpt>
      <trkpt lat="45.698018074035645" lon="14.029412269592285">
        <ele>835.9</ele>
      </trkpt>
      <trkpt lat="45.69812536239624" lon="14.029111862182617">
        <ele>834</ele>
      </trkpt>
      <trkpt lat="45.69816827774048" lon="14.02881145477295">
        <ele>832.13</ele>
      </trkpt>
      <trkpt lat="45.69816836155951" lon="14.02881145477295">
        <ele>830.19</ele>
      </trkpt>
      <trkpt lat="45.698282904353725" lon="14.02858236918452">
        <ele>828.3394650596189</ele>
      </trkpt>
      <trkpt lat="45.698282904353725" lon="14.02858236918452">
        <ele>816.1382766511304</ele>
      </trkpt>
      <trkpt lat="45.69832045851288" lon="14.02852373090289">
        <ele>815.5858154090589</ele>
      </trkpt>
      <trkpt lat="45.69837976942739" lon="14.028491520010618">
        <ele>814.43859598348</ele>
      </trkpt>
      <trkpt lat="45.69837976942739" lon="14.028491520010618">
        <ele>814.43859598348</ele>
      </trkpt>
      <trkpt lat="45.69837976942739" lon="14.028491520010618">
        <ele>814.43859598348</ele>
      </trkpt>
      <trkpt lat="45.69842135454488" lon="14.028450524332499">
        <ele>813.5891122773592</ele>
      </trkpt>
      <trkpt lat="45.698447942156065" lon="14.0283919590741">
        <ele>812.9929420019457</ele>
      </trkpt>
      <trkpt lat="45.698447942156065" lon="14.0283919590741">
        <ele>812.9929420019457</ele>
      </trkpt>
      <trkpt lat="45.698489692731386" lon="14.028171047981047">
        <ele>811.3265881015449</ele>
      </trkpt>
      <trkpt lat="45.698489692731386" lon="14.028171047981047">
        <ele>811.2965798431138</ele>
      </trkpt>
      <trkpt lat="45.698489692731386" lon="14.028171047981047">
        <ele>811.3265881015449</ele>
      </trkpt>
      <trkpt lat="45.69852172302927" lon="14.02799349521743">
        <ele>809.9088192561042</ele>
      </trkpt>
      <trkpt lat="45.69857396197315" lon="14.027865862935926">
        <ele>808.4056559998971</ele>
      </trkpt>
      <trkpt lat="45.69857396197315" lon="14.027865862935926">
        <ele>808.4056559998971</ele>
      </trkpt>
      <trkpt lat="45.69857396197315" lon="14.027865862935926">
        <ele>808.4056559998971</ele>
      </trkpt>
      <trkpt lat="45.69869681762438" lon="14.027711536114396">
        <ele>805.3368339271844</ele>
      </trkpt>
      <trkpt lat="45.69869681762438" lon="14.027711536114396">
        <ele>805.3368339271844</ele>
      </trkpt>
      <trkpt lat="45.69882256127491" lon="14.027430015949903">
        <ele>801.0393969092744</ele>
      </trkpt>
      <trkpt lat="45.69882256127491" lon="14.027342322417184">
        <ele>800.4945593953286</ele>
      </trkpt>
      <trkpt lat="45.69882256127491" lon="14.027342322417184">
        <ele>800.4945593953286</ele>
      </trkpt>
      <trkpt lat="45.69881766145099" lon="14.027200258894283">
        <ele>799.6308674906035</ele>
      </trkpt>
      <trkpt lat="45.69881766145099" lon="14.027200258894283">
        <ele>799.6308674906035</ele>
      </trkpt>
      <trkpt lat="45.698769092559814" lon="14.026837348937988">
        <ele>796.9378959730745</ele>
      </trkpt>
      <trkpt lat="45.698769092559814" lon="14.026837348937988">
        <ele>810.37</ele>
      </trkpt>
      <trkpt lat="45.6986403465271" lon="14.02677297592163">
        <ele>807.37</ele>
      </trkpt>
      <trkpt lat="45.69857597351074" lon="14.026687145233154">
        <ele>804.18</ele>
      </trkpt>
      <trkpt lat="45.69846868515015" lon="14.026644229888916">
        <ele>800.83</ele>
      </trkpt>
      <trkpt lat="45.69820063188672" lon="14.026665603742003">
        <ele>797.32</ele>
      </trkpt>
      <trkpt lat="45.69793224334717" lon="14.026687145233154">
        <ele>793.44</ele>
      </trkpt>
      <trkpt lat="45.69782495498657" lon="14.026644229888916">
        <ele>789.4</ele>
      </trkpt>
      <trkpt lat="45.6976318359375" lon="14.026451110839844">
        <ele>784.89</ele>
      </trkpt>
      <trkpt lat="45.697524547576904" lon="14.026386737823486">
        <ele>780.4</ele>
      </trkpt>
      <trkpt lat="45.697395633906126" lon="14.02620417997241">
        <ele>775.53</ele>
      </trkpt>
      <trkpt lat="45.697267055511475" lon="14.026021957397461">
        <ele>770.46</ele>
      </trkpt>
      <trkpt lat="45.6970739364624" lon="14.025936126708984">
        <ele>765.16</ele>
      </trkpt>
      <trkpt lat="45.696988105773926" lon="14.025850296020508">
        <ele>759.72</ele>
      </trkpt>
      <trkpt lat="45.696912836283445" lon="14.025635300204158">
        <ele>753.96</ele>
      </trkpt>
      <trkpt lat="45.69683790206909" lon="14.025421142578125">
        <ele>747.98</ele>
      </trkpt>
      <trkpt lat="45.69671971723437" lon="14.025238500908017">
        <ele>741.84</ele>
      </trkpt>
      <trkpt lat="45.69660186767578" lon="14.0250563621521">
        <ele>735.5</ele>
      </trkpt>
      <trkpt lat="45.696440851315856" lon="14.024884616956115">
        <ele>728.94</ele>
      </trkpt>
      <trkpt lat="45.696280002593994" lon="14.024713039398193">
        <ele>721.93</ele>
      </trkpt>
      <trkpt lat="45.69611915387213" lon="14.024670124053955">
        <ele>714.83</ele>
      </trkpt>
      <trkpt lat="45.69595813751221" lon="14.024627208709717">
        <ele>707.64</ele>
      </trkpt>
      <trkpt lat="45.695732831954956" lon="14.024498462677002">
        <ele>700.19</ele>
      </trkpt>
      <trkpt lat="45.695507526397705" lon="14.024369716644287">
        <ele>692.62</ele>
      </trkpt>
      <trkpt lat="45.695271492004395" lon="14.024133682250977">
        <ele>684.88</ele>
      </trkpt>
      <trkpt lat="45.695035457611084" lon="14.023994207382202">
        <ele>677.16</ele>
      </trkpt>
      <trkpt lat="45.69479942321777" lon="14.023854732513428">
        <ele>669.22</ele>
      </trkpt>
      <trkpt lat="45.69452902302146" lon="14.023644430562854">
        <ele>660.96</ele>
      </trkpt>
      <trkpt lat="45.694258622825146" lon="14.02343412861228">
        <ele>652.84</ele>
      </trkpt>
      <trkpt lat="45.69398822262883" lon="14.023223826661706">
        <ele>644.72</ele>
      </trkpt>
      <trkpt lat="45.69371790625155" lon="14.023013524711132">
        <ele>636.68</ele>
      </trkpt>
      <trkpt lat="45.69344758987427" lon="14.02280330657959">
        <ele>628.7</ele>
      </trkpt>
      <trkpt lat="45.693254470825195" lon="14.02256727218628">
        <ele>620.86</ele>
      </trkpt>
      <trkpt lat="45.69305053912103" lon="14.022395526990294">
        <ele>613.02</ele>
      </trkpt>
      <trkpt lat="45.69284677505493" lon="14.022223949432373">
        <ele>605.26</ele>
      </trkpt>
      <trkpt lat="45.692739486694336" lon="14.0220308303833">
        <ele>597.83</ele>
      </trkpt>
      <trkpt lat="45.692481994628906" lon="14.021902084350586">
        <ele>590.43</ele>
      </trkpt>
      <trkpt lat="45.69237470626831" lon="14.021773338317871">
        <ele>583.31</ele>
      </trkpt>
      <trkpt lat="45.692159961909056" lon="14.021494137123227">
        <ele>576.28</ele>
      </trkpt>
      <trkpt lat="45.6919452175498" lon="14.021214935928583">
        <ele>569.4</ele>
      </trkpt>
      <trkpt lat="45.691730473190546" lon="14.02093581855297">
        <ele>562.55</ele>
      </trkpt>
      <trkpt lat="45.691516399383545" lon="14.020657539367676">
        <ele>556.03</ele>
      </trkpt>
      <trkpt lat="45.69151648320258" lon="14.020657539367676">
        <ele>550.12</ele>
      </trkpt>
      <trkpt lat="45.69136619567871" lon="14.020378589630127">
        <ele>544.19</ele>
      </trkpt>
      <trkpt lat="45.69132328033447" lon="14.020142555236816">
        <ele>538.64</ele>
      </trkpt>
      <trkpt lat="45.69115161895752" lon="14.019842147827148">
        <ele>533.02</ele>
      </trkpt>
      <trkpt lat="45.6910870783031" lon="14.019508715718985">
        <ele>527.76</ele>
      </trkpt>
      <trkpt lat="45.691022872924805" lon="14.019176959991455">
        <ele>522.86</ele>
      </trkpt>
      <trkpt lat="45.690958332270384" lon="14.018929610028863">
        <ele>518.28</ele>
      </trkpt>
      <trkpt lat="45.69089412689209" lon="14.018683433532715">
        <ele>514.04</ele>
      </trkpt>
      <trkpt lat="45.69082975387573" lon="14.01857614517212">
        <ele>510.14</ele>
      </trkpt>
      <trkpt lat="45.690765380859375" lon="14.018511772155762">
        <ele>506.52</ele>
      </trkpt>
      <trkpt lat="45.69072246551514" lon="14.01853322982788">
        <ele>503.15</ele>
      </trkpt>
      <trkpt lat="45.69057209417224" lon="14.018339943140745">
        <ele>499.95</ele>
      </trkpt>
      <trkpt lat="45.69042205810547" lon="14.018146991729736">
        <ele>496.89</ele>
      </trkpt>
      <trkpt lat="45.69040060043335" lon="14.017953872680664">
        <ele>494.07</ele>
      </trkpt>
      <trkpt lat="45.69022860378027" lon="14.017588505521417">
        <ele>491.37</ele>
      </trkpt>
      <trkpt lat="45.69005727767944" lon="14.017224311828613">
        <ele>489.01</ele>
      </trkpt>
      <trkpt lat="45.690035820007324" lon="14.017009735107422">
        <ele>486.92</ele>
      </trkpt>
      <trkpt lat="45.68994998931885" lon="14.016945362091064">
        <ele>485.05</ele>
      </trkpt>
      <trkpt lat="45.689756870269775" lon="14.016923904418945">
        <ele>483.37</ele>
      </trkpt>
      <trkpt lat="45.6896710395813" lon="14.016838073730469">
        <ele>481.82</ele>
      </trkpt>
      <trkpt lat="45.689499378204346" lon="14.016580581665039">
        <ele>480.36</ele>
      </trkpt>
      <trkpt lat="45.68941354751587" lon="14.016494750976562">
        <ele>479.12</ele>
      </trkpt>
      <trkpt lat="45.68934917449951" lon="14.01630163192749">
        <ele>477.98</ele>
      </trkpt>
      <trkpt lat="45.68934917449951" lon="14.016000386327505">
        <ele>476.95</ele>
      </trkpt>
      <trkpt lat="45.68934917449951" lon="14.015699224546552">
        <ele>476.01</ele>
      </trkpt>
      <trkpt lat="45.68934917449951" lon="14.015400409698486">
        <ele>475.2</ele>
      </trkpt>
      <trkpt lat="45.68934925831854" lon="14.015400409698486">
        <ele>474.59</ele>
      </trkpt>
      <trkpt lat="45.68941354751587" lon="14.015250205993652">
        <ele>474.06</ele>
      </trkpt>
      <trkpt lat="45.68958520889282" lon="14.015099918469787">
        <ele>473.64</ele>
      </trkpt>
      <trkpt lat="45.689756870269775" lon="14.014949798583984">
        <ele>473.24</ele>
      </trkpt>
      <trkpt lat="45.68986415863037" lon="14.014778137207031">
        <ele>472.93</ele>
      </trkpt>
      <trkpt lat="45.6900680065155" lon="14.014617120847106">
        <ele>472.69</ele>
      </trkpt>
      <trkpt lat="45.690271854400635" lon="14.014456272125244">
        <ele>472.52</ele>
      </trkpt>
      <trkpt lat="45.690486431121826" lon="14.014220237731934">
        <ele>472.35</ele>
      </trkpt>
      <trkpt lat="45.69061517715454" lon="14.014027118682861">
        <ele>472.22</ele>
      </trkpt>
      <trkpt lat="45.69082975387573" lon="14.01381254196167">
        <ele>472.12</ele>
      </trkpt>
      <trkpt lat="45.69105874747038" lon="14.013554882258177">
        <ele>471.95</ele>
      </trkpt>
      <trkpt lat="45.691287741065025" lon="14.013297222554684">
        <ele>471.83</ele>
      </trkpt>
      <trkpt lat="45.691516399383545" lon="14.01304006576538">
        <ele>471.85</ele>
      </trkpt>
      <trkpt lat="45.691516399383545" lon="14.012911319732666">
        <ele>471.92</ele>
      </trkpt>
      <trkpt lat="45.69137315265834" lon="14.012689283117652">
        <ele>471.91</ele>
      </trkpt>
      <trkpt lat="45.69122998975217" lon="14.01246733032167">
        <ele>471.9</ele>
      </trkpt>
      <trkpt lat="45.69108724594116" lon="14.012246131896973">
        <ele>471.97</ele>
      </trkpt>
      <trkpt lat="45.690979957580566" lon="14.012031555175781">
        <ele>472.12</ele>
      </trkpt>
      <trkpt lat="45.69093704223633" lon="14.011645317077637">
        <ele>472.32</ele>
      </trkpt>
      <trkpt lat="45.69095849990845" lon="14.011376341804862">
        <ele>472.57</ele>
      </trkpt>
      <trkpt lat="45.690979957580566" lon="14.011108875274658">
        <ele>472.83</ele>
      </trkpt>
      <trkpt lat="45.691082049161196" lon="14.010764798149467">
        <ele>473.06</ele>
      </trkpt>
      <trkpt lat="45.69118422456086" lon="14.010420804843307">
        <ele>473.3</ele>
      </trkpt>
      <trkpt lat="45.691286316141486" lon="14.010076727718115">
        <ele>473.6</ele>
      </trkpt>
      <trkpt lat="45.69138765335083" lon="14.009735584259033">
        <ele>474.06</ele>
      </trkpt>
      <trkpt lat="45.69144138135016" lon="14.009348340332508">
        <ele>474.53</ele>
      </trkpt>
      <trkpt lat="45.691494941711426" lon="14.008963108062744">
        <ele>475.04</ele>
      </trkpt>
      <trkpt lat="45.691580940037966" lon="14.008654821664095">
        <ele>475.58</ele>
      </trkpt>
      <trkpt lat="45.691666938364506" lon="14.008346619084477">
        <ele>476.13</ele>
      </trkpt>
      <trkpt lat="45.691752433776855" lon="14.008040428161621">
        <ele>476.63</ele>
      </trkpt>
      <trkpt lat="45.69189207628369" lon="14.007755694910884">
        <ele>477.14</ele>
      </trkpt>
      <trkpt lat="45.69203171879053" lon="14.007470961660147">
        <ele>477.7</ele>
      </trkpt>
      <trkpt lat="45.6921714451164" lon="14.00718622840941">
        <ele>478.31</ele>
      </trkpt>
      <trkpt lat="45.69231033325195" lon="14.006903171539307">
        <ele>478.95</ele>
      </trkpt>
      <trkpt lat="45.69242851808667" lon="14.006505366414785">
        <ele>479.53</ele>
      </trkpt>
      <trkpt lat="45.692546367645264" lon="14.006109237670898">
        <ele>480.18</ele>
      </trkpt>
      <trkpt lat="45.69255709648132" lon="14.005851075053215">
        <ele>480.7</ele>
      </trkpt>
      <trkpt lat="45.69256782531738" lon="14.005594253540039">
        <ele>481.18</ele>
      </trkpt>
      <trkpt lat="45.69261794909835" lon="14.005293091759086">
        <ele>481.69</ele>
      </trkpt>
      <trkpt lat="45.692668156698346" lon="14.004991929978132">
        <ele>482.17</ele>
      </trkpt>
      <trkpt lat="45.69271802902222" lon="14.004693031311035">
        <ele>482.63</ele>
      </trkpt>
      <trkpt lat="45.69271811284125" lon="14.004693031311035">
        <ele>483.05</ele>
      </trkpt>
      <trkpt lat="45.69280385971069" lon="14.00430679321289">
        <ele>483.47</ele>
      </trkpt>
      <trkpt lat="45.69293260574341" lon="14.004027843475342">
        <ele>483.83</ele>
      </trkpt>
      <trkpt lat="45.69312580861151" lon="14.003770099952817">
        <ele>484.26</ele>
      </trkpt>
      <trkpt lat="45.69331909529865" lon="14.003512440249324">
        <ele>484.55</ele>
      </trkpt>
      <trkpt lat="45.693511962890625" lon="14.003255367279053">
        <ele>484.75</ele>
      </trkpt>
      <trkpt lat="45.69368362426758" lon="14.002890586853027">
        <ele>484.8</ele>
      </trkpt>
      <trkpt lat="45.69381237030029" lon="14.002718925476074">
        <ele>484.84</ele>
      </trkpt>
      <trkpt lat="45.69398419931531" lon="14.002382224425673">
        <ele>484.72</ele>
      </trkpt>
      <trkpt lat="45.69415611214936" lon="14.002045607194304">
        <ele>484.59</ele>
      </trkpt>
      <trkpt lat="45.69432735443115" lon="14.001710414886475">
        <ele>484.49</ele>
      </trkpt>
      <trkpt lat="45.69439181126654" lon="14.001495838165283">
        <ele>484.27</ele>
      </trkpt>
      <trkpt lat="45.69452072493732" lon="14.001098033040762">
        <ele>483.94</ele>
      </trkpt>
      <trkpt lat="45.69464921951294" lon="14.000701904296875">
        <ele>483.69</ele>
      </trkpt>
      <trkpt lat="45.6947566755116" lon="14.000282557681203">
        <ele>483.36</ele>
      </trkpt>
      <trkpt lat="45.69486379623413" lon="13.999865055084229">
        <ele>482.73</ele>
      </trkpt>
      <trkpt lat="45.69499270990491" lon="13.999628685414791">
        <ele>482.5</ele>
      </trkpt>
      <trkpt lat="45.69512128829956" lon="13.999392986297607">
        <ele>482.01</ele>
      </trkpt>
      <trkpt lat="45.695325303822756" lon="13.999102972447872">
        <ele>481.39</ele>
      </trkpt>
      <trkpt lat="45.695528984069824" lon="13.99881362915039">
        <ele>480.63</ele>
      </trkpt>
      <trkpt lat="45.69571539759636" lon="13.998703407123685">
        <ele>479.93</ele>
      </trkpt>
      <trkpt lat="45.69590197876096" lon="13.99859326891601">
        <ele>479.24</ele>
      </trkpt>
      <trkpt lat="45.69618746638298" lon="13.998424541205168">
        <ele>478.46</ele>
      </trkpt>
      <trkpt lat="45.696473121643066" lon="13.998255729675293">
        <ele>477.58</ele>
      </trkpt>
      <trkpt lat="45.69671963341534" lon="13.998212814331055">
        <ele>476.76</ele>
      </trkpt>
      <trkpt lat="45.69696664810181" lon="13.998169898986816">
        <ele>475.9</ele>
      </trkpt>
      <trkpt lat="45.69696664810181" lon="13.998169898986816">
        <ele>486.56842506942394</ele>
      </trkpt>
      <trkpt lat="45.69741375764952" lon="13.998101424116781">
        <ele>488.7740783609927</ele>
      </trkpt>
      <trkpt lat="45.69786086719723" lon="13.998032949246747">
        <ele>486.6006295049342</ele>
      </trkpt>
      <trkpt lat="45.697985636672854" lon="13.99801384078961">
        <ele>486.83010254919634</ele>
      </trkpt>
      <trkpt lat="45.697985636672854" lon="13.99801384078961">
        <ele>486.83010254919634</ele>
      </trkpt>
      <trkpt lat="45.69812251597537" lon="13.99774185619421">
        <ele>490.7904949452831</ele>
      </trkpt>
      <trkpt lat="45.69816079805793" lon="13.997330774017996">
        <ele>494.91638529631325</ele>
      </trkpt>
      <trkpt lat="45.69816079805793" lon="13.997330774017996">
        <ele>494.91638529631325</ele>
      </trkpt>
      <trkpt lat="45.69816079805793" lon="13.997330774017996">
        <ele>494.91638529631325</ele>
      </trkpt>
      <trkpt lat="45.6980602124879" lon="13.996703280939588">
        <ele>496.67375058056723</ele>
      </trkpt>
      <trkpt lat="45.698026810654994" lon="13.996494906925761">
        <ele>497.4025383554413</ele>
      </trkpt>
      <trkpt lat="45.69791766662503" lon="13.995870354371151">
        <ele>497.663989563127</ele>
      </trkpt>
      <trkpt lat="45.697861219419366" lon="13.995547347730167">
        <ele>497.22142152990386</ele>
      </trkpt>
      <trkpt lat="45.697861219419366" lon="13.995547347730167">
        <ele>497.22142152990386</ele>
      </trkpt>
      <trkpt lat="45.697861219419366" lon="13.995547347730167">
        <ele>497.22142152990386</ele>
      </trkpt>
      <trkpt lat="45.69780065743716" lon="13.994909409832621">
        <ele>496.42352983935325</ele>
      </trkpt>
      <trkpt lat="45.697740095454954" lon="13.994271471935074">
        <ele>491.71930204963496</ele>
      </trkpt>
      <trkpt lat="45.69772723129864" lon="13.99413596559043">
        <ele>491.0999302657325</ele>
      </trkpt>
      <trkpt lat="45.697497536629896" lon="13.993834505327385">
        <ele>488.68389456663317</ele>
      </trkpt>
      <trkpt lat="45.697497536629896" lon="13.993834505327385">
        <ele>488.68389456663317</ele>
      </trkpt>
      <trkpt lat="45.697135930639924" lon="13.993451837615707">
        <ele>484.2478849409351</ele>
      </trkpt>
      <trkpt lat="45.69705728587826" lon="13.993368612194075">
        <ele>483.1802657909701</ele>
      </trkpt>
      <trkpt lat="45.69705728587826" lon="13.993368612194075">
        <ele>483.1802657909701</ele>
      </trkpt>
      <trkpt lat="45.696806184466254" lon="13.992834551478156">
        <ele>479.33708728356345</ele>
      </trkpt>
      <trkpt lat="45.69655508305424" lon="13.992300490762236">
        <ele>476.1585597405443</ele>
      </trkpt>
      <trkpt lat="45.69642448396914" lon="13.992022723145027">
        <ele>474.7238032315262</ele>
      </trkpt>
      <trkpt lat="45.69642448396914" lon="13.992022723145027">
        <ele>474.7238032315262</ele>
      </trkpt>
      <trkpt lat="45.69642448396914" lon="13.992022723145027">
        <ele>474.7238032315262</ele>
      </trkpt>
      <trkpt lat="45.69611033367737" lon="13.991562112776306">
        <ele>471.25829525968226</ele>
      </trkpt>
      <trkpt lat="45.695796183385596" lon="13.991101502407584">
        <ele>468.1177687868477</ele>
      </trkpt>
      <trkpt lat="45.69563010072372" lon="13.990857990311213">
        <ele>465.67908048560037</ele>
      </trkpt>
      <trkpt lat="45.69540116178911" lon="13.990303901374293">
        <ele>461.40448787813995</ele>
      </trkpt>
      <trkpt lat="45.695228119359285" lon="13.989885095826224">
        <ele>460.3105453489686</ele>
      </trkpt>
      <trkpt lat="45.695228119359285" lon="13.989885095826224">
        <ele>460.3105453489686</ele>
      </trkpt>
      <trkpt lat="45.694988843365905" lon="13.989597338302929">
        <ele>462.78937324317627</ele>
      </trkpt>
      <trkpt lat="45.694988843365905" lon="13.989597338302929">
        <ele>462.78937324317627</ele>
      </trkpt>
      <trkpt lat="45.694660269032575" lon="13.989157852446652">
        <ele>465.1220393925666</ele>
      </trkpt>
      <trkpt lat="45.69433169469924" lon="13.988718366590376">
        <ele>467.0884800534316</ele>
      </trkpt>
      <trkpt lat="45.694003120365906" lon="13.988278880734098">
        <ele>465.382228166844</ele>
      </trkpt>
      <trkpt lat="45.693860840312084" lon="13.988088573503916">
        <ele>463.17380618376757</ele>
      </trkpt>
      <trkpt lat="45.693860840312084" lon="13.988088573503916">
        <ele>463.17380618376757</ele>
      </trkpt>
      <trkpt lat="45.69360563831746" lon="13.98755854423482">
        <ele>458.29455783127787</ele>
      </trkpt>
      <trkpt lat="45.69335043632284" lon="13.987028514965727">
        <ele>455.8904059765403</ele>
      </trkpt>
      <trkpt lat="45.69309523432821" lon="13.986498485696632">
        <ele>457.919500621187</ele>
      </trkpt>
      <trkpt lat="45.69284321632722" lon="13.985975069266987">
        <ele>458.56366491968197</ele>
      </trkpt>
      <trkpt lat="45.69284321632722" lon="13.985975069266987">
        <ele>455.92617889051843</ele>
      </trkpt>
      <trkpt lat="45.69275004789233" lon="13.985799299553037">
        <ele>456.34</ele>
      </trkpt>
      <trkpt lat="45.69265365600586" lon="13.98561716079712">
        <ele>456.78</ele>
      </trkpt>
      <trkpt lat="45.69243882782757" lon="13.985294960439205">
        <ele>457.23</ele>
      </trkpt>
      <trkpt lat="45.69222450256348" lon="13.984973430633545">
        <ele>457.62</ele>
      </trkpt>
      <trkpt lat="45.69203649647534" lon="13.984656510874629">
        <ele>457.98</ele>
      </trkpt>
      <trkpt lat="45.6918484903872" lon="13.984339591115713">
        <ele>458.46</ele>
      </trkpt>
      <trkpt lat="45.691660568118095" lon="13.984022755175829">
        <ele>458.83</ele>
      </trkpt>
      <trkpt lat="45.69147348403931" lon="13.983707427978516">
        <ele>459.1</ele>
      </trkpt>
      <trkpt lat="45.69136619567871" lon="13.983449935913086">
        <ele>459.48</ele>
      </trkpt>
      <trkpt lat="45.6911835540086" lon="13.983116839081049">
        <ele>459.96</ele>
      </trkpt>
      <trkpt lat="45.691000912338495" lon="13.982783826068044">
        <ele>460.51</ele>
      </trkpt>
      <trkpt lat="45.69081827066839" lon="13.982450813055038">
        <ele>461.03</ele>
      </trkpt>
      <trkpt lat="45.69063663482666" lon="13.9821195602417">
        <ele>461.56</ele>
      </trkpt>
      <trkpt lat="45.690486431121826" lon="13.981904983520508">
        <ele>462.08</ele>
      </trkpt>
      <trkpt lat="45.6902289390564" lon="13.981733322143555">
        <ele>462.61</ele>
      </trkpt>
      <trkpt lat="45.69007848389447" lon="13.981453953310847">
        <ele>463.11</ele>
      </trkpt>
      <trkpt lat="45.68992811255157" lon="13.981174668297172">
        <ele>463.63</ele>
      </trkpt>
      <trkpt lat="45.689778327941895" lon="13.980896472930908">
        <ele>464.21</ele>
      </trkpt>
      <trkpt lat="45.689542293548584" lon="13.981132507324219">
        <ele>464.96</ele>
      </trkpt>
      <trkpt lat="45.689249178394675" lon="13.981175338849425">
        <ele>465.6</ele>
      </trkpt>
      <trkpt lat="45.6889561470598" lon="13.981218254193664">
        <ele>466.2</ele>
      </trkpt>
      <trkpt lat="45.6886625289917" lon="13.981261253356934">
        <ele>466.81</ele>
      </trkpt>
      <trkpt lat="45.68844803608954" lon="13.981357729062438">
        <ele>467.27</ele>
      </trkpt>
      <trkpt lat="45.688233375549316" lon="13.981454372406006">
        <ele>467.62</ele>
      </trkpt>
      <trkpt lat="45.687983175739646" lon="13.981511536985636">
        <ele>467.92</ele>
      </trkpt>
      <trkpt lat="45.687732975929976" lon="13.981568701565266">
        <ele>468.22</ele>
      </trkpt>
      <trkpt lat="45.68748235702515" lon="13.981626033782959">
        <ele>468.48</ele>
      </trkpt>
      <trkpt lat="45.68721069954336" lon="13.9817189052701">
        <ele>468.76</ele>
      </trkpt>
      <trkpt lat="45.68693904206157" lon="13.981811860576272">
        <ele>468.94</ele>
      </trkpt>
      <trkpt lat="45.68666696548462" lon="13.981904983520508">
        <ele>469</ele>
      </trkpt>
      <trkpt lat="45.68648440763354" lon="13.982119644060731">
        <ele>468.81</ele>
      </trkpt>
      <trkpt lat="45.686302185058594" lon="13.98233413696289">
        <ele>468.54</ele>
      </trkpt>
      <trkpt lat="45.686023235321045" lon="13.982462882995605">
        <ele>468.26</ele>
      </trkpt>
      <trkpt lat="45.685751577839255" lon="13.982412843033671">
        <ele>467.98</ele>
      </trkpt>
      <trkpt lat="45.6854800041765" lon="13.982362803071737">
        <ele>467.51</ele>
      </trkpt>
      <trkpt lat="45.68520784378052" lon="13.982312679290771">
        <ele>466.83</ele>
      </trkpt>
      <trkpt lat="45.68493979051709" lon="13.982334053143859">
        <ele>466.02</ele>
      </trkpt>
      <trkpt lat="45.68467140197754" lon="13.98235559463501">
        <ele>465.16</ele>
      </trkpt>
      <trkpt lat="45.68438180722296" lon="13.982194662094116">
        <ele>464.3</ele>
      </trkpt>
      <trkpt lat="45.68409204483032" lon="13.982033729553223">
        <ele>463.37</ele>
      </trkpt>
      <trkpt lat="45.683777555823326" lon="13.982040854170918">
        <ele>462.47</ele>
      </trkpt>
      <trkpt lat="45.68346306681633" lon="13.982047978788614">
        <ele>461.49</ele>
      </trkpt>
      <trkpt lat="45.68330557085574" lon="13.982051499187946">
        <ele>460.45</ele>
      </trkpt>
      <trkpt lat="45.68314799107611" lon="13.982055187225342">
        <ele>459.36</ele>
      </trkpt>
      <trkpt lat="45.68314790725708" lon="13.982055187225342">
        <ele>458.33</ele>
      </trkpt>
      <trkpt lat="45.683019161224365" lon="13.982012271881104">
        <ele>457.19</ele>
      </trkpt>
      <trkpt lat="45.68284749984741" lon="13.981883525848389">
        <ele>456.02</ele>
      </trkpt>
      <trkpt lat="45.682697128504515" lon="13.981690239161253">
        <ele>454.9</ele>
      </trkpt>
      <trkpt lat="45.682547092437744" lon="13.981497287750244">
        <ele>453.76</ele>
      </trkpt>
      <trkpt lat="45.682364450767636" lon="13.981218002736568">
        <ele>452.61</ele>
      </trkpt>
      <trkpt lat="45.68218231201172" lon="13.980939388275146">
        <ele>451.46</ele>
      </trkpt>
      <trkpt lat="45.68208550103009" lon="13.980659851804376">
        <ele>450.37</ele>
      </trkpt>
      <trkpt lat="45.68198919296265" lon="13.980381488800049">
        <ele>449.26</ele>
      </trkpt>
      <trkpt lat="45.68196773529053" lon="13.980231285095215">
        <ele>448.21</ele>
      </trkpt>
      <trkpt lat="45.68202146328986" lon="13.979930123314261">
        <ele>447.18</ele>
      </trkpt>
      <trkpt lat="45.68207502365112" lon="13.979630470275879">
        <ele>446.17</ele>
      </trkpt>
      <trkpt lat="45.682053649798036" lon="13.979458808898926">
        <ele>445.19</ele>
      </trkpt>
      <trkpt lat="45.681946403263886" lon="13.979073022771411">
        <ele>444.21114678377</ele>
      </trkpt>
      <trkpt lat="45.681946403263886" lon="13.979073022771411">
        <ele>440.10336217748284</ele>
      </trkpt>
      <trkpt lat="45.68187810803059" lon="13.978997008458606">
        <ele>440.5457619901786</ele>
      </trkpt>
      <trkpt lat="45.68187810803059" lon="13.978997008458606">
        <ele>440.5457619901786</ele>
      </trkpt>
      <trkpt lat="45.681808170330044" lon="13.978969201459819">
        <ele>440.9229119316295</ele>
      </trkpt>
      <trkpt lat="45.681808170330044" lon="13.978802359463629">
        <ele>440.5451715507557</ele>
      </trkpt>
      <trkpt lat="45.681808170330044" lon="13.978802359463629">
        <ele>440.5451715507557</ele>
      </trkpt>
      <trkpt lat="45.68177477657459" lon="13.978688408923201">
        <ele>440.27765893489214</ele>
      </trkpt>
      <trkpt lat="45.68177477657459" lon="13.978688408923201">
        <ele>438.5355030768134</ele>
      </trkpt>
      <trkpt lat="45.681774616241455" lon="13.978686332702637">
        <ele>438.5</ele>
      </trkpt>
      <trkpt lat="45.68165274336934" lon="13.978306464850903">
        <ele>437.54</ele>
      </trkpt>
      <trkpt lat="45.68153087049723" lon="13.977926596999168">
        <ele>436.63</ele>
      </trkpt>
      <trkpt lat="45.68140983581543" lon="13.977549076080322">
        <ele>435.7</ele>
      </trkpt>
      <trkpt lat="45.68137756548822" lon="13.977172560989857">
        <ele>434.89</ele>
      </trkpt>
      <trkpt lat="45.68134546279907" lon="13.976798057556152">
        <ele>434.23</ele>
      </trkpt>
      <trkpt lat="45.68131368032165" lon="13.9765967960498">
        <ele>433.9690062358172</ele>
      </trkpt>
      <trkpt lat="45.68131368032165" lon="13.9765967960498">
        <ele>436.0536571249646</ele>
      </trkpt>
      <trkpt lat="45.68127359506556" lon="13.97595932634104">
        <ele>439.2630325838238</ele>
      </trkpt>
      <trkpt lat="45.68127359506556" lon="13.97595932634104">
        <ele>439.2630325838238</ele>
      </trkpt>
      <trkpt lat="45.681286331961076" lon="13.975740557364105">
        <ele>436.69663619216556</ele>
      </trkpt>
      <trkpt lat="45.681286331961076" lon="13.975740557364105">
        <ele>436.69663619216556</ele>
      </trkpt>
      <trkpt lat="45.68142643761993" lon="13.975676749745787">
        <ele>434.692238863232</ele>
      </trkpt>
      <trkpt lat="45.68142643761993" lon="13.975676749745787">
        <ele>434.692238863232</ele>
      </trkpt>
      <trkpt lat="45.681752150888" lon="13.9758364845367">
        <ele>434.74217263627827</ele>
      </trkpt>
      <trkpt lat="45.68199952099786" lon="13.975938280511599">
        <ele>434.01292494465645</ele>
      </trkpt>
      <trkpt lat="45.68199952099786" lon="13.975938280511599">
        <ele>434.01292494465645</ele>
      </trkpt>
      <trkpt lat="45.682306234871106" lon="13.975995512829599">
        <ele>431.9806142666488</ele>
      </trkpt>
      <trkpt lat="45.682306234871106" lon="13.975995512829599">
        <ele>431.9806142666488</ele>
      </trkpt>
      <trkpt lat="45.682306234871106" lon="13.975995512829599">
        <ele>431.9806142666488</ele>
      </trkpt>
      <trkpt lat="45.68243626930541" lon="13.975936869400044">
        <ele>429.72833679090337</ele>
      </trkpt>
      <trkpt lat="45.68243626930541" lon="13.975936869400044">
        <ele>429.72833679090337</ele>
      </trkpt>
      <trkpt lat="45.68253705889492" lon="13.975727829968207">
        <ele>427.34850885337283</ele>
      </trkpt>
      <trkpt lat="45.68254823092258" lon="13.975603551745252">
        <ele>427.4759468212964</ele>
      </trkpt>
      <trkpt lat="45.68254823092258" lon="13.975603551745252">
        <ele>427.4759468212964</ele>
      </trkpt>
      <trkpt lat="45.68254823092258" lon="13.975603551745252">
        <ele>427.4759468212964</ele>
      </trkpt>
      <trkpt lat="45.6825206034641" lon="13.975471683057634">
        <ele>428.0149969206673</ele>
      </trkpt>
      <trkpt lat="45.6825206034641" lon="13.975471683057634">
        <ele>428.0149969206673</ele>
      </trkpt>
      <trkpt lat="45.68258049380185" lon="13.975338507842395">
        <ele>428.3777863881093</ele>
      </trkpt>
      <trkpt lat="45.68258049380185" lon="13.975338507842395">
        <ele>428.3777863881093</ele>
      </trkpt>
      <trkpt lat="45.68277244057765" lon="13.974819391043042">
        <ele>429.4818858686863</ele>
      </trkpt>
      <trkpt lat="45.68277244057765" lon="13.974819391043042">
        <ele>429.4818858686863</ele>
      </trkpt>
      <trkpt lat="45.68291534563028" lon="13.974457397435913">
        <ele>430.8224369022075</ele>
      </trkpt>
      <trkpt lat="45.68291534563028" lon="13.974457397435913">
        <ele>430.8224369022075</ele>
      </trkpt>
      <trkpt lat="45.68312473869394" lon="13.973887807613298">
        <ele>432.0594881520419</ele>
      </trkpt>
      <trkpt lat="45.683224167350915" lon="13.97361734234525">
        <ele>432.8571136223389</ele>
      </trkpt>
      <trkpt lat="45.683224167350915" lon="13.97361734234525">
        <ele>432.8571136223389</ele>
      </trkpt>
      <trkpt lat="45.68345790947129" lon="13.973369520193017">
        <ele>433.3223321540464</ele>
      </trkpt>
      <trkpt lat="45.683903529585976" lon="13.973283433996839">
        <ele>432.40162375134656</ele>
      </trkpt>
      <trkpt lat="45.68394732917042" lon="13.973274972665102">
        <ele>432.5256868175006</ele>
      </trkpt>
      <trkpt lat="45.68394732917042" lon="13.973274972665102">
        <ele>433.61648266785664</ele>
      </trkpt>
      <trkpt lat="45.68410268984735" lon="13.973160982131958">
        <ele>433.8</ele>
      </trkpt>
      <trkpt lat="45.684263706207275" lon="13.973042964935303">
        <ele>433.91</ele>
      </trkpt>
      <trkpt lat="45.68447115831077" lon="13.972864095121622">
        <ele>434.13</ele>
      </trkpt>
      <trkpt lat="45.68467861041427" lon="13.972685225307941">
        <ele>434.53</ele>
      </trkpt>
      <trkpt lat="45.68487212266464" lon="13.972518463740517">
        <ele>434.9126044347722</ele>
      </trkpt>
      <trkpt lat="45.68487212266464" lon="13.972518463740517">
        <ele>437.3893738263762</ele>
      </trkpt>
      <trkpt lat="45.68482256673863" lon="13.972436700725552">
        <ele>437.35190555150746</ele>
      </trkpt>
      <trkpt lat="45.68483333344714" lon="13.972418781046336">
        <ele>437.3878174861907</ele>
      </trkpt>
      <trkpt lat="45.68483333344714" lon="13.972418781046336">
        <ele>435.08175458703045</ele>
      </trkpt>
      <trkpt lat="45.68483333344714" lon="13.972418781046336">
        <ele>437.3878174861907</ele>
      </trkpt>
      <trkpt lat="45.68484732464759" lon="13.97239963560557">
        <ele>437.4344845979487</ele>
      </trkpt>
      <trkpt lat="45.68484732464759" lon="13.97239963560557">
        <ele>437.4344845979487</ele>
      </trkpt>
      <trkpt lat="45.68479114721134" lon="13.972296811471011">
        <ele>437.3414387821228</ele>
      </trkpt>
      <trkpt lat="45.68479114721134" lon="13.972296811471011">
        <ele>437.3414387821228</ele>
      </trkpt>
      <trkpt lat="45.68469817271932" lon="13.972155217869044">
        <ele>437.3057791042542</ele>
      </trkpt>
      <trkpt lat="45.68469817271932" lon="13.972155217869044">
        <ele>437.3057791042542</ele>
      </trkpt>
      <trkpt lat="45.68444120608024" lon="13.971758389544448">
        <ele>437.96005176876264</ele>
      </trkpt>
      <trkpt lat="45.68444120608024" lon="13.971758389544448">
        <ele>437.96005176876264</ele>
      </trkpt>
      <trkpt lat="45.68435647882271" lon="13.971604153351024">
        <ele>438.00268990558106</ele>
      </trkpt>
      <trkpt lat="45.68435647882271" lon="13.971604153351024">
        <ele>438.00268990558106</ele>
      </trkpt>
      <trkpt lat="45.684233071493765" lon="13.97135895733473">
        <ele>438.7753553914381</ele>
      </trkpt>
      <trkpt lat="45.684233071493765" lon="13.97135895733473">
        <ele>438.7753553914381</ele>
      </trkpt>
      <trkpt lat="45.68418276253652" lon="13.971259339379259">
        <ele>439.37933464490476</ele>
      </trkpt>
      <trkpt lat="45.68416250158751" lon="13.971189471696817">
        <ele>439.5938036403624</ele>
      </trkpt>
      <trkpt lat="45.68416250158751" lon="13.971189471696817">
        <ele>439.5938036403624</ele>
      </trkpt>
      <trkpt lat="45.68416250158751" lon="13.971189471696817">
        <ele>439.5938036403624</ele>
      </trkpt>
      <trkpt lat="45.68417171111028" lon="13.971122240531145">
        <ele>439.67229866571785</ele>
      </trkpt>
      <trkpt lat="45.68417171111028" lon="13.971122240531145">
        <ele>439.67229866571785</ele>
      </trkpt>
      <trkpt lat="45.68415789682507" lon="13.970949548714174">
        <ele>439.5010548670319</ele>
      </trkpt>
      <trkpt lat="45.68415789682507" lon="13.970949548714174">
        <ele>439.5010548670319</ele>
      </trkpt>
      <trkpt lat="45.684145924441594" lon="13.9707860847044">
        <ele>439.43086260374315</ele>
      </trkpt>
      <trkpt lat="45.684131189197444" lon="13.970546161721671">
        <ele>440.07903110520044</ele>
      </trkpt>
      <trkpt lat="45.684131189197444" lon="13.970546161721671">
        <ele>440.07903110520044</ele>
      </trkpt>
      <trkpt lat="45.684131189197444" lon="13.970546161721671">
        <ele>440.07903110520044</ele>
      </trkpt>
      <trkpt lat="45.68415004577108" lon="13.970427416151296">
        <ele>440.4296274084262</ele>
      </trkpt>
      <trkpt lat="45.684171488118835" lon="13.970321306976388">
        <ele>440.6054273871091</ele>
      </trkpt>
    </trkseg>
  </trk>
</gpx>
