<?xml version="1.0" encoding="UTF-8"?>
<gpx xmlns:gpxdata="http://www.cluetrust.com/XML/GPXDATA/1/0" xmlns:xsi="http://www.w3.org/2001/XMLSchema-instance" xmlns="http://www.topografix.com/GPX/1/1" version="1.1" creator="http://ridewithgps.com/" xsi:schemaLocation="http://www.topografix.com/GPX/1/1 http://www.topografix.com/GPX/1/1/gpx.xsd http://www.cluetrust.com/XML/GPXDATA/1/0 http://www.cluetrust.com/Schemas/gpxdata10.xsd">
  <metadata>
    <name>KOF 30 km</name>
    <link href="https://ridewithgps.com/routes/50782693">
      <text>KOF 30 km</text>
    </link>
    <time>2025-05-16T09:37:11Z</time>
  </metadata>
  <trk>
    <name>KOF 30 km</name>
    <trkseg>
      <trkpt lat="45.67516" lon="15.00499">
        <ele>842.9</ele>
      </trkpt>
      <trkpt lat="45.6754" lon="15.00468">
        <ele>845.3</ele>
      </trkpt>
      <trkpt lat="45.67553" lon="15.00452">
        <ele>847.4</ele>
      </trkpt>
      <trkpt lat="45.67553" lon="15.00451">
        <ele>847.5</ele>
      </trkpt>
      <trkpt lat="45.67558" lon="15.00447">
        <ele>848.2</ele>
      </trkpt>
      <trkpt lat="45.67564" lon="15.00441">
        <ele>849.2</ele>
      </trkpt>
      <trkpt lat="45.67569" lon="15.00438">
        <ele>849.9</ele>
      </trkpt>
      <trkpt lat="45.67574" lon="15.00434">
        <ele>850.8</ele>
      </trkpt>
      <trkpt lat="45.6758" lon="15.00431">
        <ele>851.7</ele>
      </trkpt>
      <trkpt lat="45.67581" lon="15.00431">
        <ele>851.8</ele>
      </trkpt>
      <trkpt lat="45.67586" lon="15.0043">
        <ele>852.3</ele>
      </trkpt>
      <trkpt lat="45.67593" lon="15.00432">
        <ele>852.5</ele>
      </trkpt>
      <trkpt lat="45.67602" lon="15.00435">
        <ele>852.7</ele>
      </trkpt>
      <trkpt lat="45.67603" lon="15.00435">
        <ele>852.8</ele>
      </trkpt>
      <trkpt lat="45.67606" lon="15.00436">
        <ele>852.9</ele>
      </trkpt>
      <trkpt lat="45.6761" lon="15.00436">
        <ele>853.2</ele>
      </trkpt>
      <trkpt lat="45.67612" lon="15.00435">
        <ele>853.5</ele>
      </trkpt>
      <trkpt lat="45.67615" lon="15.00434">
        <ele>853.8</ele>
      </trkpt>
      <trkpt lat="45.67616" lon="15.00433">
        <ele>854.0</ele>
      </trkpt>
      <trkpt lat="45.67618" lon="15.00431">
        <ele>854.4</ele>
      </trkpt>
      <trkpt lat="45.6762" lon="15.00429">
        <ele>854.7</ele>
      </trkpt>
      <trkpt lat="45.67622" lon="15.00426">
        <ele>855.2</ele>
      </trkpt>
      <trkpt lat="45.67624" lon="15.00422">
        <ele>855.8</ele>
      </trkpt>
      <trkpt lat="45.67629" lon="15.00414">
        <ele>856.9</ele>
      </trkpt>
      <trkpt lat="45.67635" lon="15.00406">
        <ele>857.9</ele>
      </trkpt>
      <trkpt lat="45.67639" lon="15.00402">
        <ele>858.4</ele>
      </trkpt>
      <trkpt lat="45.67644" lon="15.004">
        <ele>858.8</ele>
      </trkpt>
      <trkpt lat="45.6765" lon="15.00399">
        <ele>859.3</ele>
      </trkpt>
      <trkpt lat="45.67655" lon="15.00399">
        <ele>859.6</ele>
      </trkpt>
      <trkpt lat="45.67663" lon="15.004">
        <ele>860.0</ele>
      </trkpt>
      <trkpt lat="45.67666" lon="15.00401">
        <ele>860.1</ele>
      </trkpt>
      <trkpt lat="45.67667" lon="15.00401">
        <ele>860.2</ele>
      </trkpt>
      <trkpt lat="45.67671" lon="15.00401">
        <ele>861.0</ele>
      </trkpt>
      <trkpt lat="45.67675" lon="15.004">
        <ele>861.9</ele>
      </trkpt>
      <trkpt lat="45.6768" lon="15.00397">
        <ele>863.1</ele>
      </trkpt>
      <trkpt lat="45.67687" lon="15.00392">
        <ele>864.9</ele>
      </trkpt>
      <trkpt lat="45.67694" lon="15.00384">
        <ele>866.8</ele>
      </trkpt>
      <trkpt lat="45.67696" lon="15.00378">
        <ele>867.6</ele>
      </trkpt>
      <trkpt lat="45.67697" lon="15.00374">
        <ele>868.1</ele>
      </trkpt>
      <trkpt lat="45.67698" lon="15.00365">
        <ele>868.9</ele>
      </trkpt>
      <trkpt lat="45.67699" lon="15.00362">
        <ele>869.3</ele>
      </trkpt>
      <trkpt lat="45.67699" lon="15.00353">
        <ele>869.9</ele>
      </trkpt>
      <trkpt lat="45.67698" lon="15.00346">
        <ele>870.2</ele>
      </trkpt>
      <trkpt lat="45.67698" lon="15.0034">
        <ele>870.6</ele>
      </trkpt>
      <trkpt lat="45.67698" lon="15.00335">
        <ele>870.9</ele>
      </trkpt>
      <trkpt lat="45.67699" lon="15.0033">
        <ele>871.3</ele>
      </trkpt>
      <trkpt lat="45.67706" lon="15.00307">
        <ele>873.1</ele>
      </trkpt>
      <trkpt lat="45.67712" lon="15.00286">
        <ele>874.4</ele>
      </trkpt>
      <trkpt lat="45.67715" lon="15.00274">
        <ele>875.1</ele>
      </trkpt>
      <trkpt lat="45.67716" lon="15.00266">
        <ele>875.3</ele>
      </trkpt>
      <trkpt lat="45.67717" lon="15.00252">
        <ele>875.6</ele>
      </trkpt>
      <trkpt lat="45.67721" lon="15.00204">
        <ele>877.5</ele>
      </trkpt>
      <trkpt lat="45.67722" lon="15.00201">
        <ele>877.7</ele>
      </trkpt>
      <trkpt lat="45.67724" lon="15.00179">
        <ele>878.5</ele>
      </trkpt>
      <trkpt lat="45.67727" lon="15.00153">
        <ele>880.0</ele>
      </trkpt>
      <trkpt lat="45.67728" lon="15.00143">
        <ele>880.6</ele>
      </trkpt>
      <trkpt lat="45.67734" lon="15.00107">
        <ele>882.7</ele>
      </trkpt>
      <trkpt lat="45.67734" lon="15.00103">
        <ele>882.9</ele>
      </trkpt>
      <trkpt lat="45.67736" lon="15.0009">
        <ele>883.6</ele>
      </trkpt>
      <trkpt lat="45.67739" lon="15.00079">
        <ele>884.0</ele>
      </trkpt>
      <trkpt lat="45.67743" lon="15.00069">
        <ele>884.2</ele>
      </trkpt>
      <trkpt lat="45.67746" lon="15.00064">
        <ele>884.4</ele>
      </trkpt>
      <trkpt lat="45.67755" lon="15.00054">
        <ele>886.0</ele>
      </trkpt>
      <trkpt lat="45.67761" lon="15.00046">
        <ele>887.7</ele>
      </trkpt>
      <trkpt lat="45.67763" lon="15.00041">
        <ele>888.3</ele>
      </trkpt>
      <trkpt lat="45.67764" lon="15.00036">
        <ele>888.6</ele>
      </trkpt>
      <trkpt lat="45.67764" lon="15.00027">
        <ele>888.8</ele>
      </trkpt>
      <trkpt lat="45.67764" lon="15.00018">
        <ele>888.9</ele>
      </trkpt>
      <trkpt lat="45.67763" lon="14.99996">
        <ele>886.0</ele>
      </trkpt>
      <trkpt lat="45.67768" lon="14.99965">
        <ele>886.0</ele>
      </trkpt>
      <trkpt lat="45.67773" lon="14.9994">
        <ele>883.0</ele>
      </trkpt>
      <trkpt lat="45.67774" lon="14.99937">
        <ele>883.0</ele>
      </trkpt>
      <trkpt lat="45.67781" lon="14.99908">
        <ele>890.1</ele>
      </trkpt>
      <trkpt lat="45.67786" lon="14.99876">
        <ele>891.1</ele>
      </trkpt>
      <trkpt lat="45.67787" lon="14.99865">
        <ele>891.2</ele>
      </trkpt>
      <trkpt lat="45.67792" lon="14.99836">
        <ele>892.1</ele>
      </trkpt>
      <trkpt lat="45.67797" lon="14.99815">
        <ele>892.9</ele>
      </trkpt>
      <trkpt lat="45.67804" lon="14.99778">
        <ele>894.1</ele>
      </trkpt>
      <trkpt lat="45.67807" lon="14.99766">
        <ele>894.7</ele>
      </trkpt>
      <trkpt lat="45.67808" lon="14.9976">
        <ele>894.9</ele>
      </trkpt>
      <trkpt lat="45.67812" lon="14.99742">
        <ele>895.5</ele>
      </trkpt>
      <trkpt lat="45.67818" lon="14.99717">
        <ele>896.0</ele>
      </trkpt>
      <trkpt lat="45.67821" lon="14.99701">
        <ele>896.1</ele>
      </trkpt>
      <trkpt lat="45.67824" lon="14.99692">
        <ele>896.3</ele>
      </trkpt>
      <trkpt lat="45.67825" lon="14.99687">
        <ele>896.3</ele>
      </trkpt>
      <trkpt lat="45.67827" lon="14.99682">
        <ele>896.5</ele>
      </trkpt>
      <trkpt lat="45.67828" lon="14.99679">
        <ele>896.6</ele>
      </trkpt>
      <trkpt lat="45.6783" lon="14.99676">
        <ele>896.8</ele>
      </trkpt>
      <trkpt lat="45.67833" lon="14.99673">
        <ele>897.2</ele>
      </trkpt>
      <trkpt lat="45.67836" lon="14.99671">
        <ele>897.7</ele>
      </trkpt>
      <trkpt lat="45.67838" lon="14.99669">
        <ele>898.0</ele>
      </trkpt>
      <trkpt lat="45.67842" lon="14.99668">
        <ele>898.8</ele>
      </trkpt>
      <trkpt lat="45.67844" lon="14.99667">
        <ele>899.2</ele>
      </trkpt>
      <trkpt lat="45.67863" lon="14.99663">
        <ele>903.1</ele>
      </trkpt>
      <trkpt lat="45.67869" lon="14.99662">
        <ele>904.3</ele>
      </trkpt>
      <trkpt lat="45.67876" lon="14.99661">
        <ele>905.6</ele>
      </trkpt>
      <trkpt lat="45.6788" lon="14.9966">
        <ele>906.4</ele>
      </trkpt>
      <trkpt lat="45.67885" lon="14.9966">
        <ele>907.4</ele>
      </trkpt>
      <trkpt lat="45.67887" lon="14.99661">
        <ele>907.8</ele>
      </trkpt>
      <trkpt lat="45.67889" lon="14.99662">
        <ele>908.2</ele>
      </trkpt>
      <trkpt lat="45.67894" lon="14.99664">
        <ele>909.3</ele>
      </trkpt>
      <trkpt lat="45.67897" lon="14.99665">
        <ele>909.9</ele>
      </trkpt>
      <trkpt lat="45.679" lon="14.99666">
        <ele>910.6</ele>
      </trkpt>
      <trkpt lat="45.67904" lon="14.99666">
        <ele>911.4</ele>
      </trkpt>
      <trkpt lat="45.67907" lon="14.99665">
        <ele>911.9</ele>
      </trkpt>
      <trkpt lat="45.67909" lon="14.99665">
        <ele>912.4</ele>
      </trkpt>
      <trkpt lat="45.67913" lon="14.99663">
        <ele>913.0</ele>
      </trkpt>
      <trkpt lat="45.67915" lon="14.99662">
        <ele>913.4</ele>
      </trkpt>
      <trkpt lat="45.67936" lon="14.99643">
        <ele>917.1</ele>
      </trkpt>
      <trkpt lat="45.67938" lon="14.99641">
        <ele>917.4</ele>
      </trkpt>
      <trkpt lat="45.67952" lon="14.99631">
        <ele>919.7</ele>
      </trkpt>
      <trkpt lat="45.67956" lon="14.99628">
        <ele>920.3</ele>
      </trkpt>
      <trkpt lat="45.67971" lon="14.99618">
        <ele>922.5</ele>
      </trkpt>
      <trkpt lat="45.67977" lon="14.99613">
        <ele>923.2</ele>
      </trkpt>
      <trkpt lat="45.67981" lon="14.99609">
        <ele>923.5</ele>
      </trkpt>
      <trkpt lat="45.67982" lon="14.99606">
        <ele>923.4</ele>
      </trkpt>
      <trkpt lat="45.67983" lon="14.99603">
        <ele>923.3</ele>
      </trkpt>
      <trkpt lat="45.67985" lon="14.99597">
        <ele>922.9</ele>
      </trkpt>
      <trkpt lat="45.67987" lon="14.99591">
        <ele>922.6</ele>
      </trkpt>
      <trkpt lat="45.67988" lon="14.99583">
        <ele>921.8</ele>
      </trkpt>
      <trkpt lat="45.67988" lon="14.99581">
        <ele>921.7</ele>
      </trkpt>
      <trkpt lat="45.67988" lon="14.99577">
        <ele>921.4</ele>
      </trkpt>
      <trkpt lat="45.67988" lon="14.99573">
        <ele>921.2</ele>
      </trkpt>
      <trkpt lat="45.67988" lon="14.99567">
        <ele>920.8</ele>
      </trkpt>
      <trkpt lat="45.67988" lon="14.99561">
        <ele>920.4</ele>
      </trkpt>
      <trkpt lat="45.67989" lon="14.99558">
        <ele>920.4</ele>
      </trkpt>
      <trkpt lat="45.67991" lon="14.99549">
        <ele>920.0</ele>
      </trkpt>
      <trkpt lat="45.67997" lon="14.99532">
        <ele>919.4</ele>
      </trkpt>
      <trkpt lat="45.67998" lon="14.99528">
        <ele>919.2</ele>
      </trkpt>
      <trkpt lat="45.68016" lon="14.99476">
        <ele>922.9</ele>
      </trkpt>
      <trkpt lat="45.68026" lon="14.99448">
        <ele>926.0</ele>
      </trkpt>
      <trkpt lat="45.68029" lon="14.9944">
        <ele>926.9</ele>
      </trkpt>
      <trkpt lat="45.68035" lon="14.99426">
        <ele>928.6</ele>
      </trkpt>
      <trkpt lat="45.68039" lon="14.99419">
        <ele>929.7</ele>
      </trkpt>
      <trkpt lat="45.68045" lon="14.99407">
        <ele>930.5</ele>
      </trkpt>
      <trkpt lat="45.68052" lon="14.99392">
        <ele>930.9</ele>
      </trkpt>
      <trkpt lat="45.68056" lon="14.99385">
        <ele>931.2</ele>
      </trkpt>
      <trkpt lat="45.68069" lon="14.9936">
        <ele>931.5</ele>
      </trkpt>
      <trkpt lat="45.68095" lon="14.99324">
        <ele>934.0</ele>
      </trkpt>
      <trkpt lat="45.68116" lon="14.9932">
        <ele>939.9</ele>
      </trkpt>
      <trkpt lat="45.68133" lon="14.99332">
        <ele>946.3</ele>
      </trkpt>
      <trkpt lat="45.68167" lon="14.99311">
        <ele>953.1</ele>
      </trkpt>
      <trkpt lat="45.68184" lon="14.99279">
        <ele>951.6</ele>
      </trkpt>
      <trkpt lat="45.68198" lon="14.99244">
        <ele>949.0</ele>
      </trkpt>
      <trkpt lat="45.68213" lon="14.99246">
        <ele>952.7</ele>
      </trkpt>
      <trkpt lat="45.68228" lon="14.9924">
        <ele>955.6</ele>
      </trkpt>
      <trkpt lat="45.68236" lon="14.99232">
        <ele>956.4</ele>
      </trkpt>
      <trkpt lat="45.68249" lon="14.99203">
        <ele>955.6</ele>
      </trkpt>
      <trkpt lat="45.68273" lon="14.99193">
        <ele>959.2</ele>
      </trkpt>
      <trkpt lat="45.68284" lon="14.99194">
        <ele>961.6</ele>
      </trkpt>
      <trkpt lat="45.68287" lon="14.99206">
        <ele>963.6</ele>
      </trkpt>
      <trkpt lat="45.68273" lon="14.99261">
        <ele>968.5</ele>
      </trkpt>
      <trkpt lat="45.6826" lon="14.99295">
        <ele>973.5</ele>
      </trkpt>
      <trkpt lat="45.68255" lon="14.99327">
        <ele>979.5</ele>
      </trkpt>
      <trkpt lat="45.68252" lon="14.99359">
        <ele>986.5</ele>
      </trkpt>
      <trkpt lat="45.68262" lon="14.99384">
        <ele>994.2</ele>
      </trkpt>
      <trkpt lat="45.68278" lon="14.99406">
        <ele>1002.2</ele>
      </trkpt>
      <trkpt lat="45.68283" lon="14.99464">
        <ele>1012.9</ele>
      </trkpt>
      <trkpt lat="45.68282" lon="14.99474">
        <ele>1014.2</ele>
      </trkpt>
      <trkpt lat="45.68277" lon="14.99489">
        <ele>1015.2</ele>
      </trkpt>
      <trkpt lat="45.68263" lon="14.99514">
        <ele>1014.0</ele>
      </trkpt>
      <trkpt lat="45.68258" lon="14.99534">
        <ele>1014.3</ele>
      </trkpt>
      <trkpt lat="45.6828" lon="14.99579">
        <ele>1025.3</ele>
      </trkpt>
      <trkpt lat="45.68282" lon="14.996">
        <ele>1026.7</ele>
      </trkpt>
      <trkpt lat="45.68281" lon="14.9962">
        <ele>1026.8</ele>
      </trkpt>
      <trkpt lat="45.68278" lon="14.99639">
        <ele>1026.6</ele>
      </trkpt>
      <trkpt lat="45.68281" lon="14.99663">
        <ele>1027.8</ele>
      </trkpt>
      <trkpt lat="45.68301" lon="14.99691">
        <ele>1029.9</ele>
      </trkpt>
      <trkpt lat="45.68345" lon="14.99713">
        <ele>1034.3</ele>
      </trkpt>
      <trkpt lat="45.68371" lon="14.99668">
        <ele>1044.0</ele>
      </trkpt>
      <trkpt lat="45.68385" lon="14.99639">
        <ele>1049.5</ele>
      </trkpt>
      <trkpt lat="45.684" lon="14.99575">
        <ele>1057.0</ele>
      </trkpt>
      <trkpt lat="45.68417" lon="14.9957">
        <ele>1060.8</ele>
      </trkpt>
      <trkpt lat="45.68434" lon="14.99583">
        <ele>1065.0</ele>
      </trkpt>
      <trkpt lat="45.68451" lon="14.99572">
        <ele>1069.0</ele>
      </trkpt>
      <trkpt lat="45.68461" lon="14.99553">
        <ele>1071.9</ele>
      </trkpt>
      <trkpt lat="45.68486" lon="14.99521">
        <ele>1080.3</ele>
      </trkpt>
      <trkpt lat="45.68502" lon="14.99522">
        <ele>1084.3</ele>
      </trkpt>
      <trkpt lat="45.68509" lon="14.99536">
        <ele>1082.6</ele>
      </trkpt>
      <trkpt lat="45.68522" lon="14.99534">
        <ele>1081.7</ele>
      </trkpt>
      <trkpt lat="45.68526" lon="14.99548">
        <ele>1080.1</ele>
      </trkpt>
      <trkpt lat="45.68532" lon="14.99586">
        <ele>1075.7</ele>
      </trkpt>
      <trkpt lat="45.68533" lon="14.99619">
        <ele>1070.0</ele>
      </trkpt>
      <trkpt lat="45.68543" lon="14.99632">
        <ele>1066.3</ele>
      </trkpt>
      <trkpt lat="45.68547" lon="14.99664">
        <ele>1060.1</ele>
      </trkpt>
      <trkpt lat="45.68555" lon="14.99686">
        <ele>1056.2</ele>
      </trkpt>
      <trkpt lat="45.68556" lon="14.99714">
        <ele>1052.8</ele>
      </trkpt>
      <trkpt lat="45.68557" lon="14.99724">
        <ele>1051.6</ele>
      </trkpt>
      <trkpt lat="45.68528" lon="14.99751">
        <ele>1048.2</ele>
      </trkpt>
      <trkpt lat="45.68514" lon="14.99771">
        <ele>1044.6</ele>
      </trkpt>
      <trkpt lat="45.68513" lon="14.99789">
        <ele>1041.4</ele>
      </trkpt>
      <trkpt lat="45.68498" lon="14.99843">
        <ele>1029.3</ele>
      </trkpt>
      <trkpt lat="45.685" lon="14.99915">
        <ele>1011.4</ele>
      </trkpt>
      <trkpt lat="45.68504" lon="14.99939">
        <ele>1011.0</ele>
      </trkpt>
      <trkpt lat="45.68516" lon="14.99967">
        <ele>1000.0</ele>
      </trkpt>
      <trkpt lat="45.68519" lon="15.00012">
        <ele>997.1</ele>
      </trkpt>
      <trkpt lat="45.68504" lon="15.00056">
        <ele>996.4</ele>
      </trkpt>
      <trkpt lat="45.68499" lon="15.00085">
        <ele>995.9</ele>
      </trkpt>
      <trkpt lat="45.68486" lon="15.00128">
        <ele>990.4</ele>
      </trkpt>
      <trkpt lat="45.68481" lon="15.00185">
        <ele>979.4</ele>
      </trkpt>
      <trkpt lat="45.6846" lon="15.00236">
        <ele>972.4</ele>
      </trkpt>
      <trkpt lat="45.684" lon="15.0031">
        <ele>969.8</ele>
      </trkpt>
      <trkpt lat="45.68392" lon="15.00319">
        <ele>968.5</ele>
      </trkpt>
      <trkpt lat="45.68379" lon="15.00326">
        <ele>968.4</ele>
      </trkpt>
      <trkpt lat="45.68357" lon="15.00333">
        <ele>969.7</ele>
      </trkpt>
      <trkpt lat="45.68327" lon="15.00335">
        <ele>971.9</ele>
      </trkpt>
      <trkpt lat="45.68277" lon="15.0032">
        <ele>971.9</ele>
      </trkpt>
      <trkpt lat="45.68227" lon="15.00285">
        <ele>976.1</ele>
      </trkpt>
      <trkpt lat="45.68188" lon="15.00269">
        <ele>973.5</ele>
      </trkpt>
      <trkpt lat="45.68159" lon="15.00246">
        <ele>974.0</ele>
      </trkpt>
      <trkpt lat="45.68155" lon="15.00205">
        <ele>978.0</ele>
      </trkpt>
      <trkpt lat="45.68123" lon="15.00158">
        <ele>977.8</ele>
      </trkpt>
      <trkpt lat="45.68105" lon="15.00109">
        <ele>974.1</ele>
      </trkpt>
      <trkpt lat="45.68092" lon="15.00097">
        <ele>970.8</ele>
      </trkpt>
      <trkpt lat="45.68082" lon="15.0007">
        <ele>967.6</ele>
      </trkpt>
      <trkpt lat="45.68071" lon="15.00031">
        <ele>965.4</ele>
      </trkpt>
      <trkpt lat="45.68051" lon="15.00003">
        <ele>961.6</ele>
      </trkpt>
      <trkpt lat="45.68027" lon="14.99975">
        <ele>953.0</ele>
      </trkpt>
      <trkpt lat="45.68016" lon="14.99951">
        <ele>947.0</ele>
      </trkpt>
      <trkpt lat="45.68005" lon="14.99933">
        <ele>947.0</ele>
      </trkpt>
      <trkpt lat="45.67994" lon="14.9993">
        <ele>947.0</ele>
      </trkpt>
      <trkpt lat="45.67986" lon="14.99929">
        <ele>947.0</ele>
      </trkpt>
      <trkpt lat="45.67964" lon="14.99942">
        <ele>947.0</ele>
      </trkpt>
      <trkpt lat="45.67933" lon="14.99991">
        <ele>928.0</ele>
      </trkpt>
      <trkpt lat="45.67891" lon="15.00081">
        <ele>924.2</ele>
      </trkpt>
      <trkpt lat="45.67837" lon="15.00182">
        <ele>905.9</ele>
      </trkpt>
      <trkpt lat="45.67782" lon="15.00284">
        <ele>889.2</ele>
      </trkpt>
      <trkpt lat="45.6775" lon="15.00335">
        <ele>880.9</ele>
      </trkpt>
      <trkpt lat="45.67715" lon="15.00386">
        <ele>870.9</ele>
      </trkpt>
      <trkpt lat="45.67689" lon="15.00409">
        <ele>864.1</ele>
      </trkpt>
      <trkpt lat="45.67669" lon="15.00402">
        <ele>860.5</ele>
      </trkpt>
      <trkpt lat="45.67649" lon="15.00457">
        <ele>854.0</ele>
      </trkpt>
      <trkpt lat="45.67648" lon="15.00458">
        <ele>853.9</ele>
      </trkpt>
      <trkpt lat="45.67618" lon="15.00477">
        <ele>848.9</ele>
      </trkpt>
      <trkpt lat="45.67596" lon="15.00498">
        <ele>843.8</ele>
      </trkpt>
      <trkpt lat="45.67577" lon="15.00535">
        <ele>840.3</ele>
      </trkpt>
      <trkpt lat="45.67561" lon="15.00559">
        <ele>840.4</ele>
      </trkpt>
      <trkpt lat="45.67558" lon="15.00556">
        <ele>840.8</ele>
      </trkpt>
      <trkpt lat="45.67559" lon="15.00554">
        <ele>840.8</ele>
      </trkpt>
      <trkpt lat="45.67556" lon="15.0055">
        <ele>841.1</ele>
      </trkpt>
      <trkpt lat="45.67553" lon="15.00546">
        <ele>841.4</ele>
      </trkpt>
      <trkpt lat="45.67541" lon="15.00534">
        <ele>842.3</ele>
      </trkpt>
      <trkpt lat="45.67531" lon="15.00523">
        <ele>842.8</ele>
      </trkpt>
      <trkpt lat="45.67526" lon="15.00517">
        <ele>842.9</ele>
      </trkpt>
      <trkpt lat="45.675223" lon="15.005103">
        <ele>842.9</ele>
      </trkpt>
      <trkpt lat="45.67521" lon="15.00512">
        <ele>843.0</ele>
      </trkpt>
      <trkpt lat="45.67513" lon="15.00499">
        <ele>842.9</ele>
      </trkpt>
      <trkpt lat="45.67492" lon="15.00531">
        <ele>846.0</ele>
      </trkpt>
      <trkpt lat="45.67467" lon="15.00553">
        <ele>852.5</ele>
      </trkpt>
      <trkpt lat="45.67442" lon="15.00555">
        <ele>857.9</ele>
      </trkpt>
      <trkpt lat="45.6738" lon="15.00552">
        <ele>869.0</ele>
      </trkpt>
      <trkpt lat="45.6729" lon="15.00542">
        <ele>874.5</ele>
      </trkpt>
      <trkpt lat="45.6726" lon="15.00565">
        <ele>878.0</ele>
      </trkpt>
      <trkpt lat="45.67236" lon="15.00602">
        <ele>882.7</ele>
      </trkpt>
      <trkpt lat="45.67207" lon="15.00623">
        <ele>883.1</ele>
      </trkpt>
      <trkpt lat="45.67189" lon="15.00615">
        <ele>881.9</ele>
      </trkpt>
      <trkpt lat="45.67177" lon="15.00598">
        <ele>881.2</ele>
      </trkpt>
      <trkpt lat="45.67158" lon="15.00589">
        <ele>881.7</ele>
      </trkpt>
      <trkpt lat="45.67126" lon="15.00597">
        <ele>883.6</ele>
      </trkpt>
      <trkpt lat="45.67106" lon="15.00587">
        <ele>885.8</ele>
      </trkpt>
      <trkpt lat="45.67079" lon="15.00561">
        <ele>889.2</ele>
      </trkpt>
      <trkpt lat="45.67056" lon="15.0054">
        <ele>892.2</ele>
      </trkpt>
      <trkpt lat="45.66988" lon="15.00557">
        <ele>898.4</ele>
      </trkpt>
      <trkpt lat="45.66958" lon="15.00576">
        <ele>901.4</ele>
      </trkpt>
      <trkpt lat="45.66911" lon="15.00584">
        <ele>908.2</ele>
      </trkpt>
      <trkpt lat="45.66866" lon="15.00588">
        <ele>918.0</ele>
      </trkpt>
      <trkpt lat="45.66866" lon="15.00588">
        <ele>918.0</ele>
      </trkpt>
      <trkpt lat="45.66847" lon="15.00589">
        <ele>922.3</ele>
      </trkpt>
      <trkpt lat="45.66811" lon="15.00575">
        <ele>927.3</ele>
      </trkpt>
      <trkpt lat="45.66793" lon="15.00531">
        <ele>928.9</ele>
      </trkpt>
      <trkpt lat="45.66796" lon="15.00469">
        <ele>925.6</ele>
      </trkpt>
      <trkpt lat="45.66808" lon="15.00436">
        <ele>921.1</ele>
      </trkpt>
      <trkpt lat="45.668082" lon="15.004367">
        <ele>921.2</ele>
      </trkpt>
      <trkpt lat="45.668082" lon="15.004367">
        <ele>921.2</ele>
      </trkpt>
      <trkpt lat="45.668886" lon="15.003306">
        <ele>908.4</ele>
      </trkpt>
      <trkpt lat="45.668311" lon="15.002961">
        <ele>903.4</ele>
      </trkpt>
      <trkpt lat="45.667825" lon="15.0024">
        <ele>900.3</ele>
      </trkpt>
      <trkpt lat="45.667297" lon="15.001954">
        <ele>902.0</ele>
      </trkpt>
      <trkpt lat="45.666755" lon="15.001234">
        <ele>896.8</ele>
      </trkpt>
      <trkpt lat="45.666115" lon="15.000504">
        <ele>885.8</ele>
      </trkpt>
      <trkpt lat="45.666115" lon="15.000504">
        <ele>885.8</ele>
      </trkpt>
      <trkpt lat="45.665166" lon="15.000388">
        <ele>858.5</ele>
      </trkpt>
      <trkpt lat="45.664497" lon="15.000032">
        <ele>851.1</ele>
      </trkpt>
      <trkpt lat="45.664497" lon="15.000032">
        <ele>851.1</ele>
      </trkpt>
      <trkpt lat="45.663247" lon="14.999364">
        <ele>843.0</ele>
      </trkpt>
      <trkpt lat="45.661997" lon="14.998695">
        <ele>839.6</ele>
      </trkpt>
      <trkpt lat="45.661997" lon="14.998695">
        <ele>839.6</ele>
      </trkpt>
      <trkpt lat="45.660908" lon="14.99868">
        <ele>827.3</ele>
      </trkpt>
      <trkpt lat="45.659818" lon="14.998664">
        <ele>817.6</ele>
      </trkpt>
      <trkpt lat="45.6598" lon="14.9987">
        <ele>818.1</ele>
      </trkpt>
      <trkpt lat="45.65966" lon="14.99885">
        <ele>819.4</ele>
      </trkpt>
      <trkpt lat="45.65957" lon="14.99893">
        <ele>819.8</ele>
      </trkpt>
      <trkpt lat="45.65955" lon="14.99896">
        <ele>820.0</ele>
      </trkpt>
      <trkpt lat="45.65952" lon="14.99898">
        <ele>820.0</ele>
      </trkpt>
      <trkpt lat="45.65949" lon="14.99903">
        <ele>820.3</ele>
      </trkpt>
      <trkpt lat="45.65946" lon="14.99908">
        <ele>820.5</ele>
      </trkpt>
      <trkpt lat="45.65944" lon="14.99913">
        <ele>820.7</ele>
      </trkpt>
      <trkpt lat="45.65941" lon="14.9992">
        <ele>819.0</ele>
      </trkpt>
      <trkpt lat="45.65938" lon="14.99926">
        <ele>819.0</ele>
      </trkpt>
      <trkpt lat="45.65935" lon="14.99932">
        <ele>819.0</ele>
      </trkpt>
      <trkpt lat="45.65933" lon="14.99936">
        <ele>819.0</ele>
      </trkpt>
      <trkpt lat="45.65932" lon="14.99939">
        <ele>819.0</ele>
      </trkpt>
      <trkpt lat="45.6593" lon="14.99943">
        <ele>819.0</ele>
      </trkpt>
      <trkpt lat="45.65927" lon="14.99947">
        <ele>819.0</ele>
      </trkpt>
      <trkpt lat="45.65925" lon="14.99951">
        <ele>819.0</ele>
      </trkpt>
      <trkpt lat="45.65922" lon="14.99954">
        <ele>819.0</ele>
      </trkpt>
      <trkpt lat="45.65918" lon="14.99955">
        <ele>819.0</ele>
      </trkpt>
      <trkpt lat="45.65915" lon="14.99956">
        <ele>819.0</ele>
      </trkpt>
      <trkpt lat="45.6591" lon="14.99957">
        <ele>819.0</ele>
      </trkpt>
      <trkpt lat="45.65906" lon="14.99958">
        <ele>819.0</ele>
      </trkpt>
      <trkpt lat="45.65902" lon="14.99958">
        <ele>819.0</ele>
      </trkpt>
      <trkpt lat="45.65897" lon="14.99958">
        <ele>819.0</ele>
      </trkpt>
      <trkpt lat="45.65889" lon="14.99959">
        <ele>831.0</ele>
      </trkpt>
      <trkpt lat="45.65881" lon="14.99959">
        <ele>831.0</ele>
      </trkpt>
      <trkpt lat="45.65877" lon="14.9996">
        <ele>831.0</ele>
      </trkpt>
      <trkpt lat="45.65873" lon="14.99961">
        <ele>822.0</ele>
      </trkpt>
      <trkpt lat="45.6587" lon="14.99963">
        <ele>822.0</ele>
      </trkpt>
      <trkpt lat="45.65867" lon="14.99964">
        <ele>822.0</ele>
      </trkpt>
      <trkpt lat="45.65866" lon="14.99965">
        <ele>822.0</ele>
      </trkpt>
      <trkpt lat="45.65863" lon="14.99968">
        <ele>822.0</ele>
      </trkpt>
      <trkpt lat="45.65861" lon="14.9997">
        <ele>822.0</ele>
      </trkpt>
      <trkpt lat="45.65859" lon="14.99973">
        <ele>822.0</ele>
      </trkpt>
      <trkpt lat="45.65857" lon="14.99976">
        <ele>822.0</ele>
      </trkpt>
      <trkpt lat="45.65855" lon="14.9998">
        <ele>822.0</ele>
      </trkpt>
      <trkpt lat="45.65853" lon="14.99985">
        <ele>822.0</ele>
      </trkpt>
      <trkpt lat="45.65851" lon="14.9999">
        <ele>822.0</ele>
      </trkpt>
      <trkpt lat="45.6585" lon="14.99994">
        <ele>822.0</ele>
      </trkpt>
      <trkpt lat="45.65847" lon="15.00001">
        <ele>823.6</ele>
      </trkpt>
      <trkpt lat="45.65845" lon="15.00005">
        <ele>824.1</ele>
      </trkpt>
      <trkpt lat="45.65844" lon="15.00009">
        <ele>824.7</ele>
      </trkpt>
      <trkpt lat="45.65842" lon="15.00012">
        <ele>825.0</ele>
      </trkpt>
      <trkpt lat="45.65841" lon="15.00014">
        <ele>825.2</ele>
      </trkpt>
      <trkpt lat="45.65839" lon="15.00016">
        <ele>825.3</ele>
      </trkpt>
      <trkpt lat="45.65837" lon="15.00018">
        <ele>825.4</ele>
      </trkpt>
      <trkpt lat="45.65833" lon="15.00021">
        <ele>825.5</ele>
      </trkpt>
      <trkpt lat="45.65826" lon="15.00026">
        <ele>826.1</ele>
      </trkpt>
      <trkpt lat="45.65805" lon="15.00038">
        <ele>826.8</ele>
      </trkpt>
      <trkpt lat="45.65797" lon="15.00043">
        <ele>827.0</ele>
      </trkpt>
      <trkpt lat="45.65788" lon="15.0005">
        <ele>827.1</ele>
      </trkpt>
      <trkpt lat="45.65776" lon="15.00061">
        <ele>827.2</ele>
      </trkpt>
      <trkpt lat="45.65762" lon="15.00074">
        <ele>826.8</ele>
      </trkpt>
      <trkpt lat="45.65761" lon="15.00075">
        <ele>826.8</ele>
      </trkpt>
      <trkpt lat="45.65748" lon="15.00088">
        <ele>826.6</ele>
      </trkpt>
      <trkpt lat="45.65732" lon="15.00106">
        <ele>828.3</ele>
      </trkpt>
      <trkpt lat="45.65713" lon="15.00128">
        <ele>829.3</ele>
      </trkpt>
      <trkpt lat="45.65695" lon="15.00146">
        <ele>828.8</ele>
      </trkpt>
      <trkpt lat="45.65686" lon="15.00153">
        <ele>828.1</ele>
      </trkpt>
      <trkpt lat="45.65679" lon="15.00158">
        <ele>827.5</ele>
      </trkpt>
      <trkpt lat="45.65674" lon="15.00162">
        <ele>826.9</ele>
      </trkpt>
      <trkpt lat="45.65671" lon="15.00163">
        <ele>826.5</ele>
      </trkpt>
      <trkpt lat="45.65662" lon="15.00168">
        <ele>826.0</ele>
      </trkpt>
      <trkpt lat="45.65652" lon="15.00174">
        <ele>826.3</ele>
      </trkpt>
      <trkpt lat="45.6564" lon="15.00178">
        <ele>826.2</ele>
      </trkpt>
      <trkpt lat="45.65632" lon="15.00181">
        <ele>826.1</ele>
      </trkpt>
      <trkpt lat="45.65624" lon="15.00182">
        <ele>825.7</ele>
      </trkpt>
      <trkpt lat="45.65614" lon="15.00181">
        <ele>824.9</ele>
      </trkpt>
      <trkpt lat="45.65604" lon="15.0018">
        <ele>824.2</ele>
      </trkpt>
      <trkpt lat="45.65602" lon="15.0018">
        <ele>824.1</ele>
      </trkpt>
      <trkpt lat="45.65592" lon="15.00178">
        <ele>823.3</ele>
      </trkpt>
      <trkpt lat="45.65585" lon="15.00176">
        <ele>822.8</ele>
      </trkpt>
      <trkpt lat="45.65578" lon="15.00174">
        <ele>822.6</ele>
      </trkpt>
      <trkpt lat="45.65573" lon="15.00172">
        <ele>822.6</ele>
      </trkpt>
      <trkpt lat="45.65568" lon="15.00172">
        <ele>822.7</ele>
      </trkpt>
      <trkpt lat="45.65564" lon="15.00172">
        <ele>822.7</ele>
      </trkpt>
      <trkpt lat="45.65559" lon="15.00173">
        <ele>822.9</ele>
      </trkpt>
      <trkpt lat="45.65555" lon="15.00175">
        <ele>823.0</ele>
      </trkpt>
      <trkpt lat="45.6555" lon="15.00179">
        <ele>823.2</ele>
      </trkpt>
      <trkpt lat="45.65547" lon="15.00184">
        <ele>823.4</ele>
      </trkpt>
      <trkpt lat="45.65543" lon="15.00191">
        <ele>823.6</ele>
      </trkpt>
      <trkpt lat="45.6554" lon="15.00197">
        <ele>823.7</ele>
      </trkpt>
      <trkpt lat="45.65532" lon="15.0022">
        <ele>823.9</ele>
      </trkpt>
      <trkpt lat="45.65517" lon="15.00261">
        <ele>823.6</ele>
      </trkpt>
      <trkpt lat="45.65508" lon="15.00289">
        <ele>823.5</ele>
      </trkpt>
      <trkpt lat="45.65507" lon="15.00292">
        <ele>823.4</ele>
      </trkpt>
      <trkpt lat="45.65497" lon="15.00323">
        <ele>822.8</ele>
      </trkpt>
      <trkpt lat="45.65493" lon="15.00336">
        <ele>823.0</ele>
      </trkpt>
      <trkpt lat="45.65489" lon="15.00346">
        <ele>823.7</ele>
      </trkpt>
      <trkpt lat="45.65486" lon="15.00353">
        <ele>824.1</ele>
      </trkpt>
      <trkpt lat="45.65475" lon="15.00372">
        <ele>824.7</ele>
      </trkpt>
      <trkpt lat="45.65472" lon="15.00378">
        <ele>824.8</ele>
      </trkpt>
      <trkpt lat="45.65471" lon="15.0038">
        <ele>824.9</ele>
      </trkpt>
      <trkpt lat="45.65467" lon="15.0039">
        <ele>825.1</ele>
      </trkpt>
      <trkpt lat="45.65464" lon="15.00397">
        <ele>825.2</ele>
      </trkpt>
      <trkpt lat="45.65462" lon="15.00402">
        <ele>825.2</ele>
      </trkpt>
      <trkpt lat="45.65459" lon="15.00409">
        <ele>825.2</ele>
      </trkpt>
      <trkpt lat="45.65457" lon="15.00431">
        <ele>826.0</ele>
      </trkpt>
      <trkpt lat="45.65422" lon="15.00529">
        <ele>827.4</ele>
      </trkpt>
      <trkpt lat="45.65414" lon="15.00547">
        <ele>828.3</ele>
      </trkpt>
      <trkpt lat="45.65387" lon="15.00567">
        <ele>827.3</ele>
      </trkpt>
      <trkpt lat="45.65357" lon="15.00614">
        <ele>827.6</ele>
      </trkpt>
      <trkpt lat="45.65339" lon="15.00653">
        <ele>828.6</ele>
      </trkpt>
      <trkpt lat="45.65318" lon="15.00717">
        <ele>832.4</ele>
      </trkpt>
      <trkpt lat="45.65315" lon="15.0078">
        <ele>835.2</ele>
      </trkpt>
      <trkpt lat="45.65311" lon="15.00813">
        <ele>835.6</ele>
      </trkpt>
      <trkpt lat="45.65298" lon="15.00821">
        <ele>834.1</ele>
      </trkpt>
      <trkpt lat="45.65274" lon="15.0082">
        <ele>831.1</ele>
      </trkpt>
      <trkpt lat="45.6524" lon="15.00825">
        <ele>829.4</ele>
      </trkpt>
      <trkpt lat="45.65207" lon="15.00849">
        <ele>832.6</ele>
      </trkpt>
      <trkpt lat="45.65177" lon="15.00884">
        <ele>831.3</ele>
      </trkpt>
      <trkpt lat="45.65156" lon="15.00902">
        <ele>829.0</ele>
      </trkpt>
      <trkpt lat="45.65136" lon="15.00906">
        <ele>828.2</ele>
      </trkpt>
      <trkpt lat="45.65121" lon="15.009">
        <ele>828.9</ele>
      </trkpt>
      <trkpt lat="45.65107" lon="15.00886">
        <ele>830.7</ele>
      </trkpt>
      <trkpt lat="45.65089" lon="15.00863">
        <ele>833.8</ele>
      </trkpt>
      <trkpt lat="45.6508" lon="15.00875">
        <ele>832.4</ele>
      </trkpt>
      <trkpt lat="45.65078" lon="15.00877">
        <ele>832.3</ele>
      </trkpt>
      <trkpt lat="45.65035" lon="15.00891">
        <ele>835.6</ele>
      </trkpt>
      <trkpt lat="45.65024" lon="15.009">
        <ele>836.1</ele>
      </trkpt>
      <trkpt lat="45.65015" lon="15.00912">
        <ele>836.2</ele>
      </trkpt>
      <trkpt lat="45.64959" lon="15.00976">
        <ele>840.1</ele>
      </trkpt>
      <trkpt lat="45.64913" lon="15.01042">
        <ele>841.0</ele>
      </trkpt>
      <trkpt lat="45.64883" lon="15.0109">
        <ele>842.7</ele>
      </trkpt>
      <trkpt lat="45.64868" lon="15.01137">
        <ele>844.3</ele>
      </trkpt>
      <trkpt lat="45.64832" lon="15.01189">
        <ele>850.9</ele>
      </trkpt>
      <trkpt lat="45.64803" lon="15.01262">
        <ele>857.3</ele>
      </trkpt>
      <trkpt lat="45.64796" lon="15.01312">
        <ele>859.3</ele>
      </trkpt>
      <trkpt lat="45.64744" lon="15.01363">
        <ele>871.8</ele>
      </trkpt>
      <trkpt lat="45.64681" lon="15.01411">
        <ele>886.3</ele>
      </trkpt>
      <trkpt lat="45.64662" lon="15.01434">
        <ele>890.5</ele>
      </trkpt>
      <trkpt lat="45.6464" lon="15.01427">
        <ele>895.2</ele>
      </trkpt>
      <trkpt lat="45.6461" lon="15.014">
        <ele>901.3</ele>
      </trkpt>
      <trkpt lat="45.64609" lon="15.01406">
        <ele>901.7</ele>
      </trkpt>
      <trkpt lat="45.64607" lon="15.01404">
        <ele>902.1</ele>
      </trkpt>
      <trkpt lat="45.64602" lon="15.01413">
        <ele>903.6</ele>
      </trkpt>
      <trkpt lat="45.64595" lon="15.01424">
        <ele>905.4</ele>
      </trkpt>
      <trkpt lat="45.64591" lon="15.01429">
        <ele>906.3</ele>
      </trkpt>
      <trkpt lat="45.64586" lon="15.01433">
        <ele>907.4</ele>
      </trkpt>
      <trkpt lat="45.645857" lon="15.014332">
        <ele>907.5</ele>
      </trkpt>
      <trkpt lat="45.64587" lon="15.01441">
        <ele>907.2</ele>
      </trkpt>
      <trkpt lat="45.64575" lon="15.01445">
        <ele>909.7</ele>
      </trkpt>
      <trkpt lat="45.64565" lon="15.01437">
        <ele>911.7</ele>
      </trkpt>
      <trkpt lat="45.64565" lon="15.01421">
        <ele>911.6</ele>
      </trkpt>
      <trkpt lat="45.64575" lon="15.01392">
        <ele>908.1</ele>
      </trkpt>
      <trkpt lat="45.64582" lon="15.01361">
        <ele>904.9</ele>
      </trkpt>
      <trkpt lat="45.64543" lon="15.01396">
        <ele>914.6</ele>
      </trkpt>
      <trkpt lat="45.64528" lon="15.01422">
        <ele>918.8</ele>
      </trkpt>
      <trkpt lat="45.64528" lon="15.01422">
        <ele>918.8</ele>
      </trkpt>
      <trkpt lat="45.64516" lon="15.01443">
        <ele>921.7</ele>
      </trkpt>
      <trkpt lat="45.6449" lon="15.01464">
        <ele>926.8</ele>
      </trkpt>
      <trkpt lat="45.6441" lon="15.0141">
        <ele>931.0</ele>
      </trkpt>
      <trkpt lat="45.64405" lon="15.0137">
        <ele>934.4</ele>
      </trkpt>
      <trkpt lat="45.64409" lon="15.01307">
        <ele>939.4</ele>
      </trkpt>
      <trkpt lat="45.64399" lon="15.01288">
        <ele>942.0</ele>
      </trkpt>
      <trkpt lat="45.64354" lon="15.0133">
        <ele>939.1</ele>
      </trkpt>
      <trkpt lat="45.64328" lon="15.01345">
        <ele>939.2</ele>
      </trkpt>
      <trkpt lat="45.64308" lon="15.01384">
        <ele>940.4</ele>
      </trkpt>
      <trkpt lat="45.64293" lon="15.01437">
        <ele>943.2</ele>
      </trkpt>
      <trkpt lat="45.64253" lon="15.01487">
        <ele>951.8</ele>
      </trkpt>
      <trkpt lat="45.64186" lon="15.01499">
        <ele>956.7</ele>
      </trkpt>
      <trkpt lat="45.6414" lon="15.01495">
        <ele>958.2</ele>
      </trkpt>
      <trkpt lat="45.64095" lon="15.01491">
        <ele>959.0</ele>
      </trkpt>
      <trkpt lat="45.64044" lon="15.01542">
        <ele>965.9</ele>
      </trkpt>
      <trkpt lat="45.63994" lon="15.01593">
        <ele>969.5</ele>
      </trkpt>
      <trkpt lat="45.63925" lon="15.01587">
        <ele>968.1</ele>
      </trkpt>
      <trkpt lat="45.63871" lon="15.01624">
        <ele>976.1</ele>
      </trkpt>
      <trkpt lat="45.63846" lon="15.01682">
        <ele>974.9</ele>
      </trkpt>
      <trkpt lat="45.63795" lon="15.01698">
        <ele>978.1</ele>
      </trkpt>
      <trkpt lat="45.63753" lon="15.01739">
        <ele>974.7</ele>
      </trkpt>
      <trkpt lat="45.63707" lon="15.01748">
        <ele>970.7</ele>
      </trkpt>
      <trkpt lat="45.63661" lon="15.01757">
        <ele>968.2</ele>
      </trkpt>
      <trkpt lat="45.63655" lon="15.01762">
        <ele>968.1</ele>
      </trkpt>
      <trkpt lat="45.636559" lon="15.017631">
        <ele>968.3</ele>
      </trkpt>
      <trkpt lat="45.63655" lon="15.01762">
        <ele>968.1</ele>
      </trkpt>
      <trkpt lat="45.6359" lon="15.01819">
        <ele>965.1</ele>
      </trkpt>
      <trkpt lat="45.63524" lon="15.01875">
        <ele>963.6</ele>
      </trkpt>
      <trkpt lat="45.63455" lon="15.01949">
        <ele>960.2</ele>
      </trkpt>
      <trkpt lat="45.63432" lon="15.01971">
        <ele>957.4</ele>
      </trkpt>
      <trkpt lat="45.63389" lon="15.01948">
        <ele>949.8</ele>
      </trkpt>
      <trkpt lat="45.63374" lon="15.01932">
        <ele>948.6</ele>
      </trkpt>
      <trkpt lat="45.63399" lon="15.01882">
        <ele>952.1</ele>
      </trkpt>
      <trkpt lat="45.63422" lon="15.01803">
        <ele>958.2</ele>
      </trkpt>
      <trkpt lat="45.6341" lon="15.01785">
        <ele>961.0</ele>
      </trkpt>
      <trkpt lat="45.63391" lon="15.01774">
        <ele>964.5</ele>
      </trkpt>
      <trkpt lat="45.63373" lon="15.01767">
        <ele>967.6</ele>
      </trkpt>
      <trkpt lat="45.63372" lon="15.0175">
        <ele>969.9</ele>
      </trkpt>
      <trkpt lat="45.63382" lon="15.01713">
        <ele>965.9</ele>
      </trkpt>
      <trkpt lat="45.63408" lon="15.01658">
        <ele>959.7</ele>
      </trkpt>
      <trkpt lat="45.63414" lon="15.01622">
        <ele>955.7</ele>
      </trkpt>
      <trkpt lat="45.63413" lon="15.01591">
        <ele>952.5</ele>
      </trkpt>
      <trkpt lat="45.63409" lon="15.01575">
        <ele>949.8</ele>
      </trkpt>
      <trkpt lat="45.63418" lon="15.01552">
        <ele>946.2</ele>
      </trkpt>
      <trkpt lat="45.63414" lon="15.0153">
        <ele>941.4</ele>
      </trkpt>
      <trkpt lat="45.63399" lon="15.01501">
        <ele>933.7</ele>
      </trkpt>
      <trkpt lat="45.6341" lon="15.01488">
        <ele>933.6</ele>
      </trkpt>
      <trkpt lat="45.63411" lon="15.01422">
        <ele>925.6</ele>
      </trkpt>
      <trkpt lat="45.63418" lon="15.01404">
        <ele>924.4</ele>
      </trkpt>
      <trkpt lat="45.63424" lon="15.01389">
        <ele>923.2</ele>
      </trkpt>
      <trkpt lat="45.63423" lon="15.01358">
        <ele>918.6</ele>
      </trkpt>
      <trkpt lat="45.63425" lon="15.01331">
        <ele>915.1</ele>
      </trkpt>
      <trkpt lat="45.63412" lon="15.01294">
        <ele>909.5</ele>
      </trkpt>
      <trkpt lat="45.63402" lon="15.01213">
        <ele>901.1</ele>
      </trkpt>
      <trkpt lat="45.63406" lon="15.01162">
        <ele>897.9</ele>
      </trkpt>
      <trkpt lat="45.63438" lon="15.01107">
        <ele>896.1</ele>
      </trkpt>
      <trkpt lat="45.63469" lon="15.01052">
        <ele>896.8</ele>
      </trkpt>
      <trkpt lat="45.6351" lon="15.00986">
        <ele>898.8</ele>
      </trkpt>
      <trkpt lat="45.6355" lon="15.0092">
        <ele>899.5</ele>
      </trkpt>
      <trkpt lat="45.63621" lon="15.00854">
        <ele>899.0</ele>
      </trkpt>
      <trkpt lat="45.63693" lon="15.00788">
        <ele>897.1</ele>
      </trkpt>
      <trkpt lat="45.63772" lon="15.00745">
        <ele>901.4</ele>
      </trkpt>
      <trkpt lat="45.63851" lon="15.00703">
        <ele>904.2</ele>
      </trkpt>
      <trkpt lat="45.63901" lon="15.00662">
        <ele>899.8</ele>
      </trkpt>
      <trkpt lat="45.63951" lon="15.00622">
        <ele>899.1</ele>
      </trkpt>
      <trkpt lat="45.64009" lon="15.00597">
        <ele>902.5</ele>
      </trkpt>
      <trkpt lat="45.64067" lon="15.00573">
        <ele>902.1</ele>
      </trkpt>
      <trkpt lat="45.64126" lon="15.00548">
        <ele>903.6</ele>
      </trkpt>
      <trkpt lat="45.64194" lon="15.00503">
        <ele>903.9</ele>
      </trkpt>
      <trkpt lat="45.64262" lon="15.00458">
        <ele>904.2</ele>
      </trkpt>
      <trkpt lat="45.64334" lon="15.00422">
        <ele>904.5</ele>
      </trkpt>
      <trkpt lat="45.64406" lon="15.00386">
        <ele>904.8</ele>
      </trkpt>
      <trkpt lat="45.64445" lon="15.00365">
        <ele>897.9</ele>
      </trkpt>
      <trkpt lat="45.6448" lon="15.00314">
        <ele>887.7</ele>
      </trkpt>
      <trkpt lat="45.64503" lon="15.00293">
        <ele>885.4</ele>
      </trkpt>
      <trkpt lat="45.6453" lon="15.00303">
        <ele>885.0</ele>
      </trkpt>
      <trkpt lat="45.64554" lon="15.00297">
        <ele>883.7</ele>
      </trkpt>
      <trkpt lat="45.64576" lon="15.00257">
        <ele>878.4</ele>
      </trkpt>
      <trkpt lat="45.64616" lon="15.00213">
        <ele>873.4</ele>
      </trkpt>
      <trkpt lat="45.64651" lon="15.0013">
        <ele>867.4</ele>
      </trkpt>
      <trkpt lat="45.64702" lon="15.00055">
        <ele>853.6</ele>
      </trkpt>
      <trkpt lat="45.64755" lon="15.00001">
        <ele>843.2</ele>
      </trkpt>
      <trkpt lat="45.64767" lon="14.99994">
        <ele>843.0</ele>
      </trkpt>
      <trkpt lat="45.64776" lon="14.99976">
        <ele>843.0</ele>
      </trkpt>
      <trkpt lat="45.64778" lon="14.99955">
        <ele>832.0</ele>
      </trkpt>
      <trkpt lat="45.64786" lon="14.99917">
        <ele>832.0</ele>
      </trkpt>
      <trkpt lat="45.64788" lon="14.99865">
        <ele>831.2</ele>
      </trkpt>
      <trkpt lat="45.64796" lon="14.99782">
        <ele>821.1</ele>
      </trkpt>
      <trkpt lat="45.64805" lon="14.99755">
        <ele>819.3</ele>
      </trkpt>
      <trkpt lat="45.64804" lon="14.99732">
        <ele>814.7</ele>
      </trkpt>
      <trkpt lat="45.648" lon="14.99725">
        <ele>812.1</ele>
      </trkpt>
      <trkpt lat="45.6477" lon="14.99741">
        <ele>806.3</ele>
      </trkpt>
      <trkpt lat="45.64728" lon="14.99763">
        <ele>799.7</ele>
      </trkpt>
      <trkpt lat="45.64728" lon="14.99763">
        <ele>799.7</ele>
      </trkpt>
      <trkpt lat="45.64711" lon="14.99771">
        <ele>797.9</ele>
      </trkpt>
      <trkpt lat="45.64672" lon="14.99776">
        <ele>791.0</ele>
      </trkpt>
      <trkpt lat="45.64629" lon="14.99777">
        <ele>786.8</ele>
      </trkpt>
      <trkpt lat="45.64584" lon="14.99786">
        <ele>785.7</ele>
      </trkpt>
      <trkpt lat="45.64538" lon="14.99757">
        <ele>774.0</ele>
      </trkpt>
      <trkpt lat="45.64533" lon="14.99739">
        <ele>768.9</ele>
      </trkpt>
      <trkpt lat="45.64523" lon="14.99726">
        <ele>765.1</ele>
      </trkpt>
      <trkpt lat="45.64505" lon="14.99723">
        <ele>763.5</ele>
      </trkpt>
      <trkpt lat="45.64473" lon="14.99731">
        <ele>760.8</ele>
      </trkpt>
      <trkpt lat="45.64427" lon="14.99752">
        <ele>758.3</ele>
      </trkpt>
      <trkpt lat="45.64375" lon="14.99767">
        <ele>754.2</ele>
      </trkpt>
      <trkpt lat="45.64305" lon="14.99795">
        <ele>749.5</ele>
      </trkpt>
      <trkpt lat="45.64262" lon="14.99799">
        <ele>743.1</ele>
      </trkpt>
      <trkpt lat="45.64195" lon="14.99816">
        <ele>735.6</ele>
      </trkpt>
      <trkpt lat="45.64149" lon="14.99822">
        <ele>729.7</ele>
      </trkpt>
      <trkpt lat="45.64099" lon="14.99822">
        <ele>722.9</ele>
      </trkpt>
      <trkpt lat="45.64046" lon="14.99833">
        <ele>719.7</ele>
      </trkpt>
      <trkpt lat="45.63981" lon="14.99849">
        <ele>716.9</ele>
      </trkpt>
      <trkpt lat="45.63958" lon="14.99851">
        <ele>714.0</ele>
      </trkpt>
      <trkpt lat="45.6393" lon="14.99846">
        <ele>709.5</ele>
      </trkpt>
      <trkpt lat="45.63924" lon="14.99846">
        <ele>708.7</ele>
      </trkpt>
      <trkpt lat="45.63925" lon="14.99849">
        <ele>709.2</ele>
      </trkpt>
      <trkpt lat="45.639262" lon="14.998478">
        <ele>709.2</ele>
      </trkpt>
      <trkpt lat="45.63816" lon="14.998691">
        <ele>700.8</ele>
      </trkpt>
      <trkpt lat="45.63816" lon="14.998691">
        <ele>700.8</ele>
      </trkpt>
      <trkpt lat="45.636714" lon="14.998514">
        <ele>683.4</ele>
      </trkpt>
      <trkpt lat="45.636564" lon="14.998386">
        <ele>680.4</ele>
      </trkpt>
      <trkpt lat="45.636474" lon="14.998281">
        <ele>678.7</ele>
      </trkpt>
      <trkpt lat="45.63648" lon="14.99826">
        <ele>678.6</ele>
      </trkpt>
      <trkpt lat="45.63632" lon="14.99812">
        <ele>677.0</ele>
      </trkpt>
      <trkpt lat="45.63624" lon="14.99806">
        <ele>676.3</ele>
      </trkpt>
      <trkpt lat="45.63625" lon="14.998042">
        <ele>676.3</ele>
      </trkpt>
      <trkpt lat="45.636024" lon="14.997887">
        <ele>674.8</ele>
      </trkpt>
      <trkpt lat="45.63561" lon="14.99754">
        <ele>672.2</ele>
      </trkpt>
      <trkpt lat="45.63561" lon="14.99757">
        <ele>672.3</ele>
      </trkpt>
      <trkpt lat="45.63566" lon="14.99758">
        <ele>672.6</ele>
      </trkpt>
      <trkpt lat="45.63569" lon="14.99759">
        <ele>672.7</ele>
      </trkpt>
      <trkpt lat="45.63569" lon="14.99759">
        <ele>672.7</ele>
      </trkpt>
      <trkpt lat="45.63566" lon="14.99751">
        <ele>672.2</ele>
      </trkpt>
      <trkpt lat="45.63564" lon="14.99736">
        <ele>670.7</ele>
      </trkpt>
      <trkpt lat="45.63564" lon="14.99736">
        <ele>670.7</ele>
      </trkpt>
      <trkpt lat="45.63572" lon="14.99727">
        <ele>670.2</ele>
      </trkpt>
      <trkpt lat="45.63592" lon="14.99707">
        <ele>668.9</ele>
      </trkpt>
      <trkpt lat="45.63599" lon="14.99699">
        <ele>668.2</ele>
      </trkpt>
      <trkpt lat="45.63614" lon="14.99681">
        <ele>666.7</ele>
      </trkpt>
      <trkpt lat="45.63617" lon="14.99676">
        <ele>666.3</ele>
      </trkpt>
      <trkpt lat="45.63634" lon="14.99646">
        <ele>663.9</ele>
      </trkpt>
      <trkpt lat="45.63635" lon="14.99645">
        <ele>663.8</ele>
      </trkpt>
      <trkpt lat="45.63642" lon="14.99636">
        <ele>663.3</ele>
      </trkpt>
      <trkpt lat="45.63658" lon="14.99617">
        <ele>662.6</ele>
      </trkpt>
      <trkpt lat="45.63661" lon="14.99612">
        <ele>662.4</ele>
      </trkpt>
      <trkpt lat="45.63672" lon="14.99597">
        <ele>661.9</ele>
      </trkpt>
      <trkpt lat="45.63674" lon="14.99594">
        <ele>661.8</ele>
      </trkpt>
      <trkpt lat="45.63686" lon="14.99578">
        <ele>661.0</ele>
      </trkpt>
      <trkpt lat="45.63698" lon="14.99565">
        <ele>660.3</ele>
      </trkpt>
      <trkpt lat="45.63702" lon="14.99562">
        <ele>660.2</ele>
      </trkpt>
      <trkpt lat="45.63707" lon="14.99558">
        <ele>660.1</ele>
      </trkpt>
      <trkpt lat="45.63714" lon="14.99554">
        <ele>660.1</ele>
      </trkpt>
      <trkpt lat="45.63723" lon="14.99552">
        <ele>660.4</ele>
      </trkpt>
      <trkpt lat="45.63727" lon="14.9955">
        <ele>660.4</ele>
      </trkpt>
      <trkpt lat="45.63734" lon="14.99548">
        <ele>660.6</ele>
      </trkpt>
      <trkpt lat="45.6374" lon="14.99544">
        <ele>660.6</ele>
      </trkpt>
      <trkpt lat="45.63752" lon="14.99535">
        <ele>660.7</ele>
      </trkpt>
      <trkpt lat="45.63767" lon="14.9952">
        <ele>660.1</ele>
      </trkpt>
      <trkpt lat="45.6377" lon="14.99514">
        <ele>659.8</ele>
      </trkpt>
      <trkpt lat="45.63773" lon="14.99508">
        <ele>659.4</ele>
      </trkpt>
      <trkpt lat="45.6378" lon="14.99495">
        <ele>658.9</ele>
      </trkpt>
      <trkpt lat="45.63786" lon="14.9948">
        <ele>658.6</ele>
      </trkpt>
      <trkpt lat="45.6379" lon="14.9947">
        <ele>658.4</ele>
      </trkpt>
      <trkpt lat="45.638" lon="14.99444">
        <ele>658.2</ele>
      </trkpt>
      <trkpt lat="45.6381" lon="14.99419">
        <ele>658.2</ele>
      </trkpt>
      <trkpt lat="45.6381" lon="14.99419">
        <ele>658.2</ele>
      </trkpt>
      <trkpt lat="45.63794" lon="14.99416">
        <ele>657.6</ele>
      </trkpt>
      <trkpt lat="45.63786" lon="14.99414">
        <ele>657.2</ele>
      </trkpt>
      <trkpt lat="45.63777" lon="14.99414">
        <ele>656.9</ele>
      </trkpt>
      <trkpt lat="45.63774" lon="14.99414">
        <ele>656.8</ele>
      </trkpt>
      <trkpt lat="45.63771" lon="14.99414">
        <ele>656.7</ele>
      </trkpt>
      <trkpt lat="45.63766" lon="14.99414">
        <ele>656.5</ele>
      </trkpt>
      <trkpt lat="45.63761" lon="14.99413">
        <ele>656.2</ele>
      </trkpt>
      <trkpt lat="45.63758" lon="14.99412">
        <ele>656.1</ele>
      </trkpt>
      <trkpt lat="45.636988" lon="14.993738">
        <ele>650.6</ele>
      </trkpt>
      <trkpt lat="45.637071" lon="14.993093">
        <ele>648.6</ele>
      </trkpt>
      <trkpt lat="45.637071" lon="14.993093">
        <ele>648.6</ele>
      </trkpt>
      <trkpt lat="45.636037" lon="14.992355">
        <ele>644.8</ele>
      </trkpt>
      <trkpt lat="45.636037" lon="14.992355">
        <ele>644.8</ele>
      </trkpt>
      <trkpt lat="45.636617" lon="14.990549">
        <ele>652.5</ele>
      </trkpt>
      <trkpt lat="45.636617" lon="14.990549">
        <ele>652.5</ele>
      </trkpt>
      <trkpt lat="45.635598" lon="14.98897">
        <ele>650.7</ele>
      </trkpt>
      <trkpt lat="45.63566" lon="14.9886">
        <ele>652.9</ele>
      </trkpt>
      <trkpt lat="45.63558" lon="14.98852">
        <ele>653.3</ele>
      </trkpt>
      <trkpt lat="45.63551" lon="14.98841">
        <ele>653.8</ele>
      </trkpt>
      <trkpt lat="45.6355" lon="14.98839">
        <ele>653.9</ele>
      </trkpt>
      <trkpt lat="45.63541" lon="14.98814">
        <ele>654.7</ele>
      </trkpt>
      <trkpt lat="45.63534" lon="14.98793">
        <ele>655.4</ele>
      </trkpt>
      <trkpt lat="45.6353" lon="14.98775">
        <ele>656.0</ele>
      </trkpt>
      <trkpt lat="45.63514" lon="14.98735">
        <ele>657.5</ele>
      </trkpt>
      <trkpt lat="45.63509" lon="14.98725">
        <ele>657.8</ele>
      </trkpt>
      <trkpt lat="45.63506" lon="14.98719">
        <ele>658.1</ele>
      </trkpt>
      <trkpt lat="45.63497" lon="14.98705">
        <ele>659.0</ele>
      </trkpt>
      <trkpt lat="45.63482" lon="14.98687">
        <ele>661.4</ele>
      </trkpt>
      <trkpt lat="45.63465" lon="14.98669">
        <ele>664.1</ele>
      </trkpt>
      <trkpt lat="45.63457" lon="14.98654">
        <ele>665.7</ele>
      </trkpt>
      <trkpt lat="45.63455" lon="14.9865">
        <ele>666.1</ele>
      </trkpt>
      <trkpt lat="45.63448" lon="14.98626">
        <ele>668.0</ele>
      </trkpt>
      <trkpt lat="45.63446" lon="14.98608">
        <ele>669.0</ele>
      </trkpt>
      <trkpt lat="45.63446" lon="14.98606">
        <ele>669.1</ele>
      </trkpt>
      <trkpt lat="45.63444" lon="14.98594">
        <ele>669.9</ele>
      </trkpt>
      <trkpt lat="45.63444" lon="14.98575">
        <ele>671.1</ele>
      </trkpt>
      <trkpt lat="45.63446" lon="14.98558">
        <ele>672.3</ele>
      </trkpt>
      <trkpt lat="45.63452" lon="14.98541">
        <ele>673.2</ele>
      </trkpt>
      <trkpt lat="45.6346" lon="14.98525">
        <ele>674.0</ele>
      </trkpt>
      <trkpt lat="45.63467" lon="14.98513">
        <ele>674.6</ele>
      </trkpt>
      <trkpt lat="45.63472" lon="14.98505">
        <ele>675.1</ele>
      </trkpt>
      <trkpt lat="45.6349" lon="14.9848">
        <ele>675.8</ele>
      </trkpt>
      <trkpt lat="45.63492" lon="14.98476">
        <ele>675.9</ele>
      </trkpt>
      <trkpt lat="45.63505" lon="14.98451">
        <ele>675.8</ele>
      </trkpt>
      <trkpt lat="45.63512" lon="14.98433">
        <ele>675.8</ele>
      </trkpt>
      <trkpt lat="45.63512" lon="14.98433">
        <ele>675.8</ele>
      </trkpt>
      <trkpt lat="45.63517" lon="14.98409">
        <ele>677.0</ele>
      </trkpt>
      <trkpt lat="45.63534" lon="14.98335">
        <ele>684.5</ele>
      </trkpt>
      <trkpt lat="45.63545" lon="14.98286">
        <ele>691.2</ele>
      </trkpt>
      <trkpt lat="45.63556" lon="14.98237">
        <ele>697.9</ele>
      </trkpt>
      <trkpt lat="45.63557" lon="14.98232">
        <ele>698.5</ele>
      </trkpt>
      <trkpt lat="45.63558" lon="14.98218">
        <ele>700.4</ele>
      </trkpt>
      <trkpt lat="45.63557" lon="14.98206">
        <ele>702.4</ele>
      </trkpt>
      <trkpt lat="45.63557" lon="14.98197">
        <ele>703.8</ele>
      </trkpt>
      <trkpt lat="45.63555" lon="14.98189">
        <ele>705.4</ele>
      </trkpt>
      <trkpt lat="45.63554" lon="14.98184">
        <ele>706.4</ele>
      </trkpt>
      <trkpt lat="45.63552" lon="14.98179">
        <ele>707.6</ele>
      </trkpt>
      <trkpt lat="45.63546" lon="14.98167">
        <ele>710.9</ele>
      </trkpt>
      <trkpt lat="45.63535" lon="14.98153">
        <ele>715.6</ele>
      </trkpt>
      <trkpt lat="45.6353" lon="14.98146">
        <ele>717.8</ele>
      </trkpt>
      <trkpt lat="45.6353" lon="14.98144">
        <ele>718.1</ele>
      </trkpt>
      <trkpt lat="45.63529" lon="14.98137">
        <ele>719.3</ele>
      </trkpt>
      <trkpt lat="45.63529" lon="14.98128">
        <ele>720.6</ele>
      </trkpt>
      <trkpt lat="45.63531" lon="14.98112">
        <ele>722.4</ele>
      </trkpt>
      <trkpt lat="45.63531" lon="14.98097">
        <ele>724.6</ele>
      </trkpt>
      <trkpt lat="45.63531" lon="14.9809">
        <ele>725.6</ele>
      </trkpt>
      <trkpt lat="45.63529" lon="14.98083">
        <ele>727.1</ele>
      </trkpt>
      <trkpt lat="45.63527" lon="14.98077">
        <ele>729.2</ele>
      </trkpt>
      <trkpt lat="45.63525" lon="14.98075">
        <ele>730.2</ele>
      </trkpt>
      <trkpt lat="45.63521" lon="14.9807">
        <ele>732.4</ele>
      </trkpt>
      <trkpt lat="45.63518" lon="14.98065">
        <ele>734.4</ele>
      </trkpt>
      <trkpt lat="45.63516" lon="14.98062">
        <ele>735.6</ele>
      </trkpt>
      <trkpt lat="45.63515" lon="14.9806">
        <ele>736.4</ele>
      </trkpt>
      <trkpt lat="45.63515" lon="14.98056">
        <ele>737.4</ele>
      </trkpt>
      <trkpt lat="45.63514" lon="14.9805">
        <ele>739.2</ele>
      </trkpt>
      <trkpt lat="45.63515" lon="14.98044">
        <ele>740.5</ele>
      </trkpt>
      <trkpt lat="45.63515" lon="14.98041">
        <ele>741.2</ele>
      </trkpt>
      <trkpt lat="45.63517" lon="14.98036">
        <ele>742.1</ele>
      </trkpt>
      <trkpt lat="45.6352" lon="14.98032">
        <ele>742.4</ele>
      </trkpt>
      <trkpt lat="45.63539" lon="14.98013">
        <ele>743.1</ele>
      </trkpt>
      <trkpt lat="45.63551" lon="14.97992">
        <ele>745.6</ele>
      </trkpt>
      <trkpt lat="45.63558" lon="14.97969">
        <ele>748.8</ele>
      </trkpt>
      <trkpt lat="45.63562" lon="14.97952">
        <ele>751.4</ele>
      </trkpt>
      <trkpt lat="45.63563" lon="14.97947">
        <ele>752.2</ele>
      </trkpt>
      <trkpt lat="45.63564" lon="14.97922">
        <ele>757.1</ele>
      </trkpt>
      <trkpt lat="45.63567" lon="14.97901">
        <ele>759.5</ele>
      </trkpt>
      <trkpt lat="45.63567" lon="14.97898">
        <ele>759.9</ele>
      </trkpt>
      <trkpt lat="45.63577" lon="14.97861">
        <ele>762.6</ele>
      </trkpt>
      <trkpt lat="45.6358" lon="14.9784">
        <ele>764.8</ele>
      </trkpt>
      <trkpt lat="45.6358" lon="14.97827">
        <ele>766.1</ele>
      </trkpt>
      <trkpt lat="45.6358" lon="14.97817">
        <ele>766.8</ele>
      </trkpt>
      <trkpt lat="45.63577" lon="14.97801">
        <ele>768.5</ele>
      </trkpt>
      <trkpt lat="45.63574" lon="14.97794">
        <ele>769.6</ele>
      </trkpt>
      <trkpt lat="45.6357" lon="14.97787">
        <ele>770.9</ele>
      </trkpt>
      <trkpt lat="45.6356" lon="14.97778">
        <ele>773.5</ele>
      </trkpt>
      <trkpt lat="45.63556" lon="14.97772">
        <ele>774.7</ele>
      </trkpt>
      <trkpt lat="45.63554" lon="14.97768">
        <ele>775.3</ele>
      </trkpt>
      <trkpt lat="45.63554" lon="14.97765">
        <ele>775.6</ele>
      </trkpt>
      <trkpt lat="45.63553" lon="14.97763">
        <ele>775.9</ele>
      </trkpt>
      <trkpt lat="45.63553" lon="14.97754">
        <ele>776.5</ele>
      </trkpt>
      <trkpt lat="45.63554" lon="14.97748">
        <ele>776.7</ele>
      </trkpt>
      <trkpt lat="45.63554" lon="14.97748">
        <ele>776.7</ele>
      </trkpt>
      <trkpt lat="45.635349" lon="14.977246">
        <ele>780.6</ele>
      </trkpt>
      <trkpt lat="45.634957" lon="14.977386">
        <ele>787.3</ele>
      </trkpt>
      <trkpt lat="45.633913" lon="14.977815">
        <ele>798.2</ele>
      </trkpt>
      <trkpt lat="45.6339" lon="14.97779">
        <ele>798.2</ele>
      </trkpt>
      <trkpt lat="45.63377" lon="14.97769">
        <ele>799.4</ele>
      </trkpt>
      <trkpt lat="45.63364" lon="14.97763">
        <ele>800.7</ele>
      </trkpt>
      <trkpt lat="45.63357" lon="14.9776">
        <ele>801.3</ele>
      </trkpt>
      <trkpt lat="45.63346" lon="14.97758">
        <ele>802.5</ele>
      </trkpt>
      <trkpt lat="45.63339" lon="14.97757">
        <ele>803.3</ele>
      </trkpt>
      <trkpt lat="45.63319" lon="14.97754">
        <ele>804.1</ele>
      </trkpt>
      <trkpt lat="45.63299" lon="14.9776">
        <ele>805.8</ele>
      </trkpt>
      <trkpt lat="45.63275" lon="14.9777">
        <ele>808.3</ele>
      </trkpt>
      <trkpt lat="45.6327" lon="14.97772">
        <ele>808.9</ele>
      </trkpt>
      <trkpt lat="45.63265" lon="14.97772">
        <ele>809.1</ele>
      </trkpt>
      <trkpt lat="45.63258" lon="14.97771">
        <ele>809.2</ele>
      </trkpt>
      <trkpt lat="45.63252" lon="14.97769">
        <ele>809.1</ele>
      </trkpt>
      <trkpt lat="45.63247" lon="14.97764">
        <ele>808.4</ele>
      </trkpt>
      <trkpt lat="45.63242" lon="14.97757">
        <ele>807.4</ele>
      </trkpt>
      <trkpt lat="45.63234" lon="14.97743">
        <ele>805.5</ele>
      </trkpt>
      <trkpt lat="45.63228" lon="14.97732">
        <ele>804.2</ele>
      </trkpt>
      <trkpt lat="45.63223" lon="14.97726">
        <ele>803.5</ele>
      </trkpt>
      <trkpt lat="45.63222" lon="14.97724">
        <ele>803.2</ele>
      </trkpt>
      <trkpt lat="45.63218" lon="14.97721">
        <ele>802.9</ele>
      </trkpt>
      <trkpt lat="45.63213" lon="14.97718">
        <ele>802.7</ele>
      </trkpt>
      <trkpt lat="45.632" lon="14.9771">
        <ele>801.9</ele>
      </trkpt>
      <trkpt lat="45.63187" lon="14.97705">
        <ele>801.6</ele>
      </trkpt>
      <trkpt lat="45.63156" lon="14.97691">
        <ele>800.1</ele>
      </trkpt>
      <trkpt lat="45.63134" lon="14.97682">
        <ele>798.9</ele>
      </trkpt>
      <trkpt lat="45.63125" lon="14.97675">
        <ele>798.0</ele>
      </trkpt>
      <trkpt lat="45.63122" lon="14.97674">
        <ele>797.9</ele>
      </trkpt>
      <trkpt lat="45.63116" lon="14.97671">
        <ele>797.5</ele>
      </trkpt>
      <trkpt lat="45.63113" lon="14.9767">
        <ele>797.4</ele>
      </trkpt>
      <trkpt lat="45.6311" lon="14.9767">
        <ele>797.4</ele>
      </trkpt>
      <trkpt lat="45.63104" lon="14.97671">
        <ele>797.5</ele>
      </trkpt>
      <trkpt lat="45.63099" lon="14.97674">
        <ele>797.8</ele>
      </trkpt>
      <trkpt lat="45.63093" lon="14.97677">
        <ele>798.1</ele>
      </trkpt>
      <trkpt lat="45.63088" lon="14.97678">
        <ele>798.2</ele>
      </trkpt>
      <trkpt lat="45.63082" lon="14.97679">
        <ele>798.3</ele>
      </trkpt>
      <trkpt lat="45.63077" lon="14.97678">
        <ele>798.1</ele>
      </trkpt>
      <trkpt lat="45.63071" lon="14.97674">
        <ele>797.5</ele>
      </trkpt>
      <trkpt lat="45.63064" lon="14.9767">
        <ele>796.9</ele>
      </trkpt>
      <trkpt lat="45.63057" lon="14.97664">
        <ele>796.2</ele>
      </trkpt>
      <trkpt lat="45.63055" lon="14.97661">
        <ele>795.9</ele>
      </trkpt>
      <trkpt lat="45.63051" lon="14.97656">
        <ele>795.4</ele>
      </trkpt>
      <trkpt lat="45.63044" lon="14.97647">
        <ele>794.7</ele>
      </trkpt>
      <trkpt lat="45.63024" lon="14.97626">
        <ele>793.4</ele>
      </trkpt>
      <trkpt lat="45.62999" lon="14.97601">
        <ele>792.7</ele>
      </trkpt>
      <trkpt lat="45.62993" lon="14.97597">
        <ele>793.1</ele>
      </trkpt>
      <trkpt lat="45.62991" lon="14.97581">
        <ele>792.8</ele>
      </trkpt>
      <trkpt lat="45.62985" lon="14.97562">
        <ele>793.2</ele>
      </trkpt>
      <trkpt lat="45.62977" lon="14.9754">
        <ele>793.7</ele>
      </trkpt>
      <trkpt lat="45.62973" lon="14.97527">
        <ele>793.9</ele>
      </trkpt>
      <trkpt lat="45.62971" lon="14.97517">
        <ele>794.0</ele>
      </trkpt>
      <trkpt lat="45.62971" lon="14.97498">
        <ele>793.7</ele>
      </trkpt>
      <trkpt lat="45.62973" lon="14.9748">
        <ele>793.1</ele>
      </trkpt>
      <trkpt lat="45.62975" lon="14.97474">
        <ele>792.8</ele>
      </trkpt>
      <trkpt lat="45.62983" lon="14.97457">
        <ele>791.6</ele>
      </trkpt>
      <trkpt lat="45.62984" lon="14.97452">
        <ele>791.4</ele>
      </trkpt>
      <trkpt lat="45.62986" lon="14.97444">
        <ele>791.0</ele>
      </trkpt>
      <trkpt lat="45.62986" lon="14.97442">
        <ele>791.0</ele>
      </trkpt>
      <trkpt lat="45.62986" lon="14.97439">
        <ele>790.9</ele>
      </trkpt>
      <trkpt lat="45.62986" lon="14.97433">
        <ele>790.7</ele>
      </trkpt>
      <trkpt lat="45.62984" lon="14.97427">
        <ele>790.8</ele>
      </trkpt>
      <trkpt lat="45.62982" lon="14.97417">
        <ele>790.7</ele>
      </trkpt>
      <trkpt lat="45.62979" lon="14.97403">
        <ele>790.6</ele>
      </trkpt>
      <trkpt lat="45.62977" lon="14.97394">
        <ele>790.5</ele>
      </trkpt>
      <trkpt lat="45.62977" lon="14.97387">
        <ele>790.3</ele>
      </trkpt>
      <trkpt lat="45.62977" lon="14.97382">
        <ele>790.1</ele>
      </trkpt>
      <trkpt lat="45.62978" lon="14.97378">
        <ele>789.9</ele>
      </trkpt>
      <trkpt lat="45.62978" lon="14.97374">
        <ele>789.7</ele>
      </trkpt>
      <trkpt lat="45.6298" lon="14.9737">
        <ele>789.4</ele>
      </trkpt>
      <trkpt lat="45.62984" lon="14.97363">
        <ele>788.6</ele>
      </trkpt>
      <trkpt lat="45.63019" lon="14.97323">
        <ele>782.0</ele>
      </trkpt>
      <trkpt lat="45.63022" lon="14.97318">
        <ele>781.4</ele>
      </trkpt>
      <trkpt lat="45.63024" lon="14.97313">
        <ele>780.9</ele>
      </trkpt>
      <trkpt lat="45.63026" lon="14.973">
        <ele>780.1</ele>
      </trkpt>
      <trkpt lat="45.63026" lon="14.97297">
        <ele>780.0</ele>
      </trkpt>
      <trkpt lat="45.63025" lon="14.97293">
        <ele>779.9</ele>
      </trkpt>
      <trkpt lat="45.63025" lon="14.97289">
        <ele>779.7</ele>
      </trkpt>
      <trkpt lat="45.63022" lon="14.97276">
        <ele>779.5</ele>
      </trkpt>
      <trkpt lat="45.6302" lon="14.97268">
        <ele>779.4</ele>
      </trkpt>
      <trkpt lat="45.63014" lon="14.97244">
        <ele>779.0</ele>
      </trkpt>
      <trkpt lat="45.63006" lon="14.97215">
        <ele>778.2</ele>
      </trkpt>
      <trkpt lat="45.63002" lon="14.97195">
        <ele>777.5</ele>
      </trkpt>
      <trkpt lat="45.62998" lon="14.97178">
        <ele>777.1</ele>
      </trkpt>
      <trkpt lat="45.62997" lon="14.97145">
        <ele>776.3</ele>
      </trkpt>
      <trkpt lat="45.62997" lon="14.97141">
        <ele>776.2</ele>
      </trkpt>
      <trkpt lat="45.62997" lon="14.97123">
        <ele>775.9</ele>
      </trkpt>
      <trkpt lat="45.62997" lon="14.97119">
        <ele>775.9</ele>
      </trkpt>
      <trkpt lat="45.62999" lon="14.97104">
        <ele>775.4</ele>
      </trkpt>
      <trkpt lat="45.63" lon="14.97094">
        <ele>775.1</ele>
      </trkpt>
      <trkpt lat="45.63001" lon="14.9709">
        <ele>775.0</ele>
      </trkpt>
      <trkpt lat="45.63005" lon="14.97077">
        <ele>774.8</ele>
      </trkpt>
      <trkpt lat="45.63008" lon="14.97072">
        <ele>774.7</ele>
      </trkpt>
      <trkpt lat="45.63012" lon="14.97068">
        <ele>774.5</ele>
      </trkpt>
      <trkpt lat="45.63019" lon="14.97063">
        <ele>774.1</ele>
      </trkpt>
      <trkpt lat="45.63022" lon="14.97062">
        <ele>773.9</ele>
      </trkpt>
      <trkpt lat="45.63027" lon="14.97062">
        <ele>773.4</ele>
      </trkpt>
      <trkpt lat="45.63034" lon="14.97063">
        <ele>772.8</ele>
      </trkpt>
      <trkpt lat="45.63046" lon="14.97072">
        <ele>771.5</ele>
      </trkpt>
      <trkpt lat="45.63057" lon="14.97083">
        <ele>770.2</ele>
      </trkpt>
      <trkpt lat="45.63065" lon="14.97078">
        <ele>769.7</ele>
      </trkpt>
      <trkpt lat="45.63069" lon="14.97073">
        <ele>769.5</ele>
      </trkpt>
      <trkpt lat="45.63072" lon="14.97067">
        <ele>769.4</ele>
      </trkpt>
      <trkpt lat="45.63077" lon="14.97055">
        <ele>769.2</ele>
      </trkpt>
      <trkpt lat="45.63081" lon="14.97041">
        <ele>769.2</ele>
      </trkpt>
      <trkpt lat="45.63089" lon="14.97006">
        <ele>769.1</ele>
      </trkpt>
      <trkpt lat="45.63095" lon="14.96981">
        <ele>769.1</ele>
      </trkpt>
      <trkpt lat="45.63097" lon="14.96969">
        <ele>769.2</ele>
      </trkpt>
      <trkpt lat="45.631" lon="14.96951">
        <ele>769.4</ele>
      </trkpt>
      <trkpt lat="45.63101" lon="14.96926">
        <ele>770.1</ele>
      </trkpt>
      <trkpt lat="45.63101" lon="14.9689">
        <ele>771.8</ele>
      </trkpt>
      <trkpt lat="45.63099" lon="14.96867">
        <ele>773.4</ele>
      </trkpt>
      <trkpt lat="45.63096" lon="14.96841">
        <ele>775.5</ele>
      </trkpt>
      <trkpt lat="45.63094" lon="14.96813">
        <ele>776.6</ele>
      </trkpt>
      <trkpt lat="45.63091" lon="14.96764">
        <ele>777.8</ele>
      </trkpt>
      <trkpt lat="45.6309" lon="14.9675">
        <ele>778.2</ele>
      </trkpt>
      <trkpt lat="45.63089" lon="14.96739">
        <ele>778.1</ele>
      </trkpt>
      <trkpt lat="45.63086" lon="14.96713">
        <ele>778.0</ele>
      </trkpt>
      <trkpt lat="45.63082" lon="14.9667">
        <ele>777.3</ele>
      </trkpt>
      <trkpt lat="45.63081" lon="14.96657">
        <ele>776.8</ele>
      </trkpt>
      <trkpt lat="45.63078" lon="14.96643">
        <ele>776.5</ele>
      </trkpt>
      <trkpt lat="45.63071" lon="14.96624">
        <ele>776.3</ele>
      </trkpt>
      <trkpt lat="45.63067" lon="14.96606">
        <ele>775.8</ele>
      </trkpt>
      <trkpt lat="45.63066" lon="14.966">
        <ele>775.5</ele>
      </trkpt>
      <trkpt lat="45.63063" lon="14.96591">
        <ele>775.4</ele>
      </trkpt>
      <trkpt lat="45.63063" lon="14.96591">
        <ele>775.4</ele>
      </trkpt>
      <trkpt lat="45.63064" lon="14.96588">
        <ele>775.1</ele>
      </trkpt>
      <trkpt lat="45.63065" lon="14.96585">
        <ele>774.8</ele>
      </trkpt>
      <trkpt lat="45.63065" lon="14.9658">
        <ele>774.7</ele>
      </trkpt>
      <trkpt lat="45.63066" lon="14.96574">
        <ele>774.5</ele>
      </trkpt>
      <trkpt lat="45.63064" lon="14.96552">
        <ele>774.3</ele>
      </trkpt>
      <trkpt lat="45.63064" lon="14.96523">
        <ele>773.8</ele>
      </trkpt>
      <trkpt lat="45.630392" lon="14.964403">
        <ele>775.1</ele>
      </trkpt>
      <trkpt lat="45.629894" lon="14.963952">
        <ele>778.0</ele>
      </trkpt>
      <trkpt lat="45.629621" lon="14.96318">
        <ele>781.4</ele>
      </trkpt>
      <trkpt lat="45.629621" lon="14.96318">
        <ele>781.4</ele>
      </trkpt>
      <trkpt lat="45.629618" lon="14.960927">
        <ele>781.7</ele>
      </trkpt>
      <trkpt lat="45.62963" lon="14.96092">
        <ele>781.5</ele>
      </trkpt>
      <trkpt lat="45.62948" lon="14.96061">
        <ele>784.7</ele>
      </trkpt>
      <trkpt lat="45.6295" lon="14.96022">
        <ele>785.0</ele>
      </trkpt>
      <trkpt lat="45.62925" lon="14.95978">
        <ele>787.7</ele>
      </trkpt>
      <trkpt lat="45.6289" lon="14.95969">
        <ele>788.2</ele>
      </trkpt>
      <trkpt lat="45.62881" lon="14.95979">
        <ele>787.8</ele>
      </trkpt>
      <trkpt lat="45.62881" lon="14.95979">
        <ele>787.8</ele>
      </trkpt>
      <trkpt lat="45.62861" lon="14.96002">
        <ele>787.2</ele>
      </trkpt>
      <trkpt lat="45.62825" lon="14.96033">
        <ele>789.8</ele>
      </trkpt>
      <trkpt lat="45.62774" lon="14.96033">
        <ele>787.2</ele>
      </trkpt>
      <trkpt lat="45.62732" lon="14.96009">
        <ele>784.7</ele>
      </trkpt>
      <trkpt lat="45.62692" lon="14.95954">
        <ele>785.8</ele>
      </trkpt>
      <trkpt lat="45.62651" lon="14.95938">
        <ele>785.9</ele>
      </trkpt>
      <trkpt lat="45.62604" lon="14.95947">
        <ele>782.9</ele>
      </trkpt>
      <trkpt lat="45.626" lon="14.95959">
        <ele>782.1</ele>
      </trkpt>
      <trkpt lat="45.626" lon="14.95959">
        <ele>782.1</ele>
      </trkpt>
      <trkpt lat="45.62578" lon="14.96039">
        <ele>780.9</ele>
      </trkpt>
      <trkpt lat="45.62544" lon="14.96087">
        <ele>779.4</ele>
      </trkpt>
      <trkpt lat="45.6251" lon="14.96135">
        <ele>778.3</ele>
      </trkpt>
      <trkpt lat="45.62491" lon="14.96192">
        <ele>780.0</ele>
      </trkpt>
      <trkpt lat="45.62445" lon="14.9625">
        <ele>785.3</ele>
      </trkpt>
      <trkpt lat="45.62399" lon="14.96308">
        <ele>791.7</ele>
      </trkpt>
      <trkpt lat="45.6232" lon="14.96337">
        <ele>797.1</ele>
      </trkpt>
      <trkpt lat="45.62263" lon="14.96384">
        <ele>799.8</ele>
      </trkpt>
      <trkpt lat="45.62205" lon="14.96431">
        <ele>800.0</ele>
      </trkpt>
      <trkpt lat="45.62163" lon="14.96459">
        <ele>798.1</ele>
      </trkpt>
      <trkpt lat="45.62163" lon="14.96459">
        <ele>798.1</ele>
      </trkpt>
      <trkpt lat="45.62155" lon="14.96465">
        <ele>798.3</ele>
      </trkpt>
      <trkpt lat="45.62109" lon="14.96467">
        <ele>799.4</ele>
      </trkpt>
      <trkpt lat="45.62096" lon="14.96471">
        <ele>799.9</ele>
      </trkpt>
      <trkpt lat="45.62074" lon="14.96483">
        <ele>800.7</ele>
      </trkpt>
      <trkpt lat="45.62053" lon="14.96504">
        <ele>801.7</ele>
      </trkpt>
      <trkpt lat="45.62027" lon="14.9652">
        <ele>802.6</ele>
      </trkpt>
      <trkpt lat="45.61987" lon="14.96539">
        <ele>803.9</ele>
      </trkpt>
      <trkpt lat="45.61947" lon="14.9659">
        <ele>807.1</ele>
      </trkpt>
      <trkpt lat="45.61906" lon="14.9664">
        <ele>807.5</ele>
      </trkpt>
      <trkpt lat="45.6189" lon="14.96656">
        <ele>806.9</ele>
      </trkpt>
      <trkpt lat="45.61869" lon="14.96674">
        <ele>805.9</ele>
      </trkpt>
      <trkpt lat="45.61852" lon="14.96684">
        <ele>805.1</ele>
      </trkpt>
      <trkpt lat="45.61793" lon="14.96707">
        <ele>802.1</ele>
      </trkpt>
      <trkpt lat="45.61793" lon="14.96684">
        <ele>801.8</ele>
      </trkpt>
      <trkpt lat="45.61798" lon="14.96659">
        <ele>802.1</ele>
      </trkpt>
      <trkpt lat="45.6181" lon="14.96616">
        <ele>804.4</ele>
      </trkpt>
      <trkpt lat="45.61812" lon="14.96601">
        <ele>805.0</ele>
      </trkpt>
      <trkpt lat="45.61815" lon="14.96602">
        <ele>804.9</ele>
      </trkpt>
      <trkpt lat="45.61815" lon="14.96599">
        <ele>805.0</ele>
      </trkpt>
      <trkpt lat="45.61816" lon="14.96591">
        <ele>805.3</ele>
      </trkpt>
      <trkpt lat="45.61815" lon="14.9658">
        <ele>806.0</ele>
      </trkpt>
      <trkpt lat="45.61815" lon="14.96575">
        <ele>806.6</ele>
      </trkpt>
      <trkpt lat="45.61813" lon="14.96554">
        <ele>809.2</ele>
      </trkpt>
      <trkpt lat="45.61812" lon="14.96546">
        <ele>810.1</ele>
      </trkpt>
      <trkpt lat="45.61811" lon="14.96536">
        <ele>811.3</ele>
      </trkpt>
      <trkpt lat="45.61809" lon="14.9653">
        <ele>812.1</ele>
      </trkpt>
      <trkpt lat="45.61807" lon="14.96525">
        <ele>812.7</ele>
      </trkpt>
      <trkpt lat="45.61803" lon="14.9652">
        <ele>813.4</ele>
      </trkpt>
      <trkpt lat="45.61799" lon="14.96517">
        <ele>813.9</ele>
      </trkpt>
      <trkpt lat="45.61795" lon="14.96515">
        <ele>814.2</ele>
      </trkpt>
      <trkpt lat="45.61794" lon="14.96514">
        <ele>814.3</ele>
      </trkpt>
      <trkpt lat="45.6179" lon="14.96512">
        <ele>814.7</ele>
      </trkpt>
      <trkpt lat="45.61783" lon="14.96511">
        <ele>815.0</ele>
      </trkpt>
      <trkpt lat="45.61777" lon="14.96512">
        <ele>815.0</ele>
      </trkpt>
      <trkpt lat="45.61775" lon="14.96512">
        <ele>815.1</ele>
      </trkpt>
      <trkpt lat="45.61767" lon="14.96514">
        <ele>815.0</ele>
      </trkpt>
      <trkpt lat="45.61759" lon="14.96516">
        <ele>815.0</ele>
      </trkpt>
      <trkpt lat="45.61739" lon="14.96524">
        <ele>812.5</ele>
      </trkpt>
      <trkpt lat="45.61738" lon="14.96524">
        <ele>812.4</ele>
      </trkpt>
      <trkpt lat="45.61736" lon="14.96523">
        <ele>812.1</ele>
      </trkpt>
      <trkpt lat="45.61735" lon="14.96523">
        <ele>811.9</ele>
      </trkpt>
      <trkpt lat="45.61732" lon="14.9652">
        <ele>811.6</ele>
      </trkpt>
      <trkpt lat="45.61731" lon="14.96517">
        <ele>811.7</ele>
      </trkpt>
      <trkpt lat="45.6173" lon="14.96515">
        <ele>811.6</ele>
      </trkpt>
      <trkpt lat="45.61729" lon="14.96512">
        <ele>811.6</ele>
      </trkpt>
      <trkpt lat="45.61729" lon="14.96504">
        <ele>812.2</ele>
      </trkpt>
      <trkpt lat="45.61729" lon="14.96497">
        <ele>812.6</ele>
      </trkpt>
      <trkpt lat="45.61731" lon="14.9649">
        <ele>813.2</ele>
      </trkpt>
      <trkpt lat="45.61733" lon="14.96486">
        <ele>813.9</ele>
      </trkpt>
      <trkpt lat="45.61736" lon="14.96478">
        <ele>814.9</ele>
      </trkpt>
      <trkpt lat="45.61743" lon="14.96465">
        <ele>817.3</ele>
      </trkpt>
      <trkpt lat="45.61745" lon="14.96461">
        <ele>818.0</ele>
      </trkpt>
      <trkpt lat="45.61755" lon="14.96447">
        <ele>820.2</ele>
      </trkpt>
      <trkpt lat="45.61763" lon="14.9644">
        <ele>820.7</ele>
      </trkpt>
      <trkpt lat="45.61792" lon="14.9641">
        <ele>822.9</ele>
      </trkpt>
      <trkpt lat="45.618355" lon="14.96334">
        <ele>825.5</ele>
      </trkpt>
      <trkpt lat="45.618492" lon="14.963222">
        <ele>821.6</ele>
      </trkpt>
      <trkpt lat="45.61852" lon="14.96331">
        <ele>821.9</ele>
      </trkpt>
      <trkpt lat="45.61852" lon="14.96331">
        <ele>821.9</ele>
      </trkpt>
      <trkpt lat="45.61862" lon="14.96341">
        <ele>820.0</ele>
      </trkpt>
      <trkpt lat="45.61868" lon="14.96344">
        <ele>818.7</ele>
      </trkpt>
      <trkpt lat="45.61881" lon="14.96351">
        <ele>815.9</ele>
      </trkpt>
      <trkpt lat="45.61947" lon="14.96332">
        <ele>800.4</ele>
      </trkpt>
      <trkpt lat="45.61951" lon="14.96327">
        <ele>798.7</ele>
      </trkpt>
      <trkpt lat="45.619517" lon="14.963277">
        <ele>798.6</ele>
      </trkpt>
      <trkpt lat="45.619651" lon="14.963105">
        <ele>792.7</ele>
      </trkpt>
      <trkpt lat="45.61965" lon="14.96311">
        <ele>792.8</ele>
      </trkpt>
      <trkpt lat="45.61981" lon="14.96271">
        <ele>783.4</ele>
      </trkpt>
      <trkpt lat="45.61981" lon="14.96271">
        <ele>783.4</ele>
      </trkpt>
      <trkpt lat="45.61995" lon="14.96236">
        <ele>775.7</ele>
      </trkpt>
      <trkpt lat="45.62013" lon="14.96223">
        <ele>773.1</ele>
      </trkpt>
      <trkpt lat="45.6202" lon="14.96211">
        <ele>771.7</ele>
      </trkpt>
      <trkpt lat="45.62018" lon="14.96185">
        <ele>768.7</ele>
      </trkpt>
      <trkpt lat="45.62016" lon="14.96143">
        <ele>763.9</ele>
      </trkpt>
      <trkpt lat="45.62017" lon="14.96134">
        <ele>762.8</ele>
      </trkpt>
      <trkpt lat="45.62019" lon="14.96112">
        <ele>760.3</ele>
      </trkpt>
      <trkpt lat="45.62042" lon="14.96064">
        <ele>754.4</ele>
      </trkpt>
      <trkpt lat="45.62053" lon="14.96025">
        <ele>749.1</ele>
      </trkpt>
      <trkpt lat="45.62071" lon="14.95982">
        <ele>743.2</ele>
      </trkpt>
      <trkpt lat="45.62085" lon="14.95948">
        <ele>738.8</ele>
      </trkpt>
      <trkpt lat="45.62098" lon="14.95909">
        <ele>734.4</ele>
      </trkpt>
      <trkpt lat="45.62101" lon="14.95901">
        <ele>733.6</ele>
      </trkpt>
      <trkpt lat="45.62094" lon="14.95873">
        <ele>730.5</ele>
      </trkpt>
      <trkpt lat="45.62089" lon="14.95803">
        <ele>723.7</ele>
      </trkpt>
      <trkpt lat="45.62098" lon="14.95737">
        <ele>718.0</ele>
      </trkpt>
      <trkpt lat="45.62111" lon="14.95669">
        <ele>710.6</ele>
      </trkpt>
      <trkpt lat="45.62132" lon="14.95596">
        <ele>698.8</ele>
      </trkpt>
      <trkpt lat="45.62151" lon="14.95542">
        <ele>688.5</ele>
      </trkpt>
      <trkpt lat="45.62155" lon="14.95506">
        <ele>680.5</ele>
      </trkpt>
      <trkpt lat="45.62153" lon="14.95473">
        <ele>674.0</ele>
      </trkpt>
      <trkpt lat="45.62142" lon="14.9546">
        <ele>670.6</ele>
      </trkpt>
      <trkpt lat="45.62137" lon="14.95449">
        <ele>668.0</ele>
      </trkpt>
      <trkpt lat="45.62137" lon="14.95449">
        <ele>668.0</ele>
      </trkpt>
      <trkpt lat="45.62135" lon="14.95445">
        <ele>667.1</ele>
      </trkpt>
      <trkpt lat="45.62143" lon="14.9541">
        <ele>661.1</ele>
      </trkpt>
      <trkpt lat="45.62188" lon="14.95312">
        <ele>647.2</ele>
      </trkpt>
      <trkpt lat="45.62213" lon="14.95249">
        <ele>640.7</ele>
      </trkpt>
      <trkpt lat="45.62216" lon="14.952">
        <ele>633.2</ele>
      </trkpt>
      <trkpt lat="45.62213" lon="14.9519">
        <ele>631.1</ele>
      </trkpt>
      <trkpt lat="45.622139" lon="14.951898">
        <ele>631.2</ele>
      </trkpt>
      <trkpt lat="45.622324" lon="14.95148">
        <ele>627.5</ele>
      </trkpt>
      <trkpt lat="45.62242" lon="14.951311">
        <ele>626.3</ele>
      </trkpt>
      <trkpt lat="45.622822" lon="14.951115">
        <ele>630.6</ele>
      </trkpt>
      <trkpt lat="45.622822" lon="14.951115">
        <ele>630.6</ele>
      </trkpt>
      <trkpt lat="45.623775" lon="14.951974">
        <ele>665.9</ele>
      </trkpt>
      <trkpt lat="45.623941" lon="14.95146">
        <ele>660.0</ele>
      </trkpt>
      <trkpt lat="45.624089" lon="14.951122">
        <ele>656.3</ele>
      </trkpt>
      <trkpt lat="45.624175" lon="14.95103">
        <ele>656.2</ele>
      </trkpt>
      <trkpt lat="45.624583" lon="14.950441">
        <ele>654.7</ele>
      </trkpt>
      <trkpt lat="45.624625" lon="14.950215">
        <ele>651.7</ele>
      </trkpt>
      <trkpt lat="45.624625" lon="14.949984">
        <ele>647.7</ele>
      </trkpt>
      <trkpt lat="45.62472" lon="14.949656">
        <ele>645.4</ele>
      </trkpt>
      <trkpt lat="45.624907" lon="14.94926">
        <ele>644.2</ele>
      </trkpt>
      <trkpt lat="45.62498" lon="14.949276">
        <ele>646.0</ele>
      </trkpt>
      <trkpt lat="45.625062" lon="14.949369">
        <ele>649.1</ele>
      </trkpt>
      <trkpt lat="45.625175" lon="14.949386">
        <ele>652.0</ele>
      </trkpt>
      <trkpt lat="45.625483" lon="14.94968">
        <ele>663.5</ele>
      </trkpt>
      <trkpt lat="45.625867" lon="14.949611">
        <ele>671.8</ele>
      </trkpt>
      <trkpt lat="45.626541" lon="14.949086">
        <ele>677.9</ele>
      </trkpt>
      <trkpt lat="45.627275" lon="14.948501">
        <ele>685.9</ele>
      </trkpt>
      <trkpt lat="45.628056" lon="14.948013">
        <ele>690.7</ele>
      </trkpt>
      <trkpt lat="45.628056" lon="14.948013">
        <ele>690.7</ele>
      </trkpt>
      <trkpt lat="45.629008" lon="14.947291">
        <ele>691.2</ele>
      </trkpt>
      <trkpt lat="45.629569" lon="14.947029">
        <ele>695.2</ele>
      </trkpt>
      <trkpt lat="45.629747" lon="14.9468">
        <ele>692.9</ele>
      </trkpt>
      <trkpt lat="45.630017" lon="14.946667">
        <ele>693.4</ele>
      </trkpt>
      <trkpt lat="45.630511" lon="14.946075">
        <ele>689.4</ele>
      </trkpt>
      <trkpt lat="45.630706" lon="14.945944">
        <ele>689.1</ele>
      </trkpt>
      <trkpt lat="45.630764" lon="14.945762">
        <ele>685.5</ele>
      </trkpt>
      <trkpt lat="45.630798" lon="14.945532">
        <ele>681.0</ele>
      </trkpt>
      <trkpt lat="45.630772" lon="14.945337">
        <ele>676.4</ele>
      </trkpt>
      <trkpt lat="45.630863" lon="14.945062">
        <ele>671.8</ele>
      </trkpt>
      <trkpt lat="45.631002" lon="14.944991">
        <ele>672.4</ele>
      </trkpt>
      <trkpt lat="45.631002" lon="14.944991">
        <ele>672.4</ele>
      </trkpt>
      <trkpt lat="45.632401" lon="14.944716">
        <ele>690.8</ele>
      </trkpt>
      <trkpt lat="45.632977" lon="14.94442">
        <ele>692.6</ele>
      </trkpt>
      <trkpt lat="45.633301" lon="14.944339">
        <ele>694.9</ele>
      </trkpt>
      <trkpt lat="45.633672" lon="14.944381">
        <ele>700.5</ele>
      </trkpt>
      <trkpt lat="45.634053" lon="14.944264">
        <ele>702.8</ele>
      </trkpt>
      <trkpt lat="45.634792" lon="14.944224">
        <ele>716.7</ele>
      </trkpt>
      <trkpt lat="45.634792" lon="14.944224">
        <ele>716.7</ele>
      </trkpt>
      <trkpt lat="45.635864" lon="14.944231">
        <ele>736.0</ele>
      </trkpt>
      <trkpt lat="45.636186" lon="14.94407">
        <ele>738.7</ele>
      </trkpt>
      <trkpt lat="45.636662" lon="14.943649">
        <ele>736.9</ele>
      </trkpt>
      <trkpt lat="45.637195" lon="14.943262">
        <ele>733.4</ele>
      </trkpt>
      <trkpt lat="45.637658" lon="14.943173">
        <ele>735.8</ele>
      </trkpt>
      <trkpt lat="45.637959" lon="14.943288">
        <ele>738.5</ele>
      </trkpt>
      <trkpt lat="45.638355" lon="14.943192">
        <ele>738.5</ele>
      </trkpt>
      <trkpt lat="45.638595" lon="14.942964">
        <ele>738.2</ele>
      </trkpt>
      <trkpt lat="45.638726" lon="14.942675">
        <ele>736.2</ele>
      </trkpt>
      <trkpt lat="45.638948" lon="14.942538">
        <ele>737.1</ele>
      </trkpt>
      <trkpt lat="45.639056" lon="14.942641">
        <ele>739.4</ele>
      </trkpt>
      <trkpt lat="45.639128" lon="14.942558">
        <ele>739.2</ele>
      </trkpt>
      <trkpt lat="45.63913" lon="14.94257">
        <ele>739.4</ele>
      </trkpt>
      <trkpt lat="45.63908" lon="14.94238">
        <ele>735.7</ele>
      </trkpt>
      <trkpt lat="45.63903" lon="14.94213">
        <ele>730.1</ele>
      </trkpt>
      <trkpt lat="45.63903" lon="14.94211">
        <ele>729.7</ele>
      </trkpt>
      <trkpt lat="45.63901" lon="14.94206">
        <ele>728.5</ele>
      </trkpt>
      <trkpt lat="45.63901" lon="14.94206">
        <ele>728.5</ele>
      </trkpt>
      <trkpt lat="45.63902" lon="14.942052">
        <ele>728.5</ele>
      </trkpt>
      <trkpt lat="45.638896" lon="14.94176">
        <ele>721.6</ele>
      </trkpt>
      <trkpt lat="45.638781" lon="14.94156">
        <ele>716.8</ele>
      </trkpt>
      <trkpt lat="45.63871" lon="14.94144">
        <ele>713.9</ele>
      </trkpt>
      <trkpt lat="45.63871" lon="14.941437">
        <ele>713.9</ele>
      </trkpt>
      <trkpt lat="45.638613" lon="14.941259">
        <ele>709.7</ele>
      </trkpt>
      <trkpt lat="45.638552" lon="14.941108">
        <ele>706.3</ele>
      </trkpt>
      <trkpt lat="45.638527" lon="14.940893">
        <ele>702.0</ele>
      </trkpt>
      <trkpt lat="45.638526" lon="14.9407">
        <ele>698.1</ele>
      </trkpt>
      <trkpt lat="45.638584" lon="14.940529">
        <ele>695.1</ele>
      </trkpt>
      <trkpt lat="45.638688" lon="14.940325">
        <ele>691.8</ele>
      </trkpt>
      <trkpt lat="45.638807" lon="14.940132">
        <ele>688.8</ele>
      </trkpt>
      <trkpt lat="45.638892" lon="14.93996">
        <ele>685.9</ele>
      </trkpt>
      <trkpt lat="45.639002" lon="14.939778">
        <ele>682.9</ele>
      </trkpt>
      <trkpt lat="45.639121" lon="14.939575">
        <ele>679.5</ele>
      </trkpt>
      <trkpt lat="45.63924" lon="14.939424">
        <ele>677.1</ele>
      </trkpt>
      <trkpt lat="45.639515" lon="14.938554">
        <ele>662.5</ele>
      </trkpt>
      <trkpt lat="45.63949" lon="14.93855">
        <ele>662.2</ele>
      </trkpt>
      <trkpt lat="45.6395" lon="14.93848">
        <ele>661.0</ele>
      </trkpt>
      <trkpt lat="45.63951" lon="14.93843">
        <ele>660.2</ele>
      </trkpt>
      <trkpt lat="45.63951" lon="14.93838">
        <ele>659.3</ele>
      </trkpt>
      <trkpt lat="45.63955" lon="14.93826">
        <ele>657.5</ele>
      </trkpt>
      <trkpt lat="45.63959" lon="14.93816">
        <ele>656.1</ele>
      </trkpt>
      <trkpt lat="45.6397" lon="14.938">
        <ele>654.0</ele>
      </trkpt>
      <trkpt lat="45.63976" lon="14.93789">
        <ele>652.4</ele>
      </trkpt>
      <trkpt lat="45.6398" lon="14.93779">
        <ele>650.8</ele>
      </trkpt>
      <trkpt lat="45.63982" lon="14.93774">
        <ele>649.9</ele>
      </trkpt>
      <trkpt lat="45.63986" lon="14.93758">
        <ele>647.1</ele>
      </trkpt>
      <trkpt lat="45.63986" lon="14.93755">
        <ele>646.6</ele>
      </trkpt>
      <trkpt lat="45.63986" lon="14.93753">
        <ele>646.2</ele>
      </trkpt>
      <trkpt lat="45.63986" lon="14.93743">
        <ele>645.2</ele>
      </trkpt>
      <trkpt lat="45.63985" lon="14.93737">
        <ele>644.8</ele>
      </trkpt>
      <trkpt lat="45.63983" lon="14.9373">
        <ele>644.3</ele>
      </trkpt>
      <trkpt lat="45.63981" lon="14.93722">
        <ele>643.8</ele>
      </trkpt>
      <trkpt lat="45.63973" lon="14.93709">
        <ele>643.0</ele>
      </trkpt>
      <trkpt lat="45.63968" lon="14.93699">
        <ele>642.5</ele>
      </trkpt>
      <trkpt lat="45.63964" lon="14.93687">
        <ele>641.9</ele>
      </trkpt>
      <trkpt lat="45.63961" lon="14.93675">
        <ele>641.3</ele>
      </trkpt>
      <trkpt lat="45.6396" lon="14.93659">
        <ele>641.1</ele>
      </trkpt>
      <trkpt lat="45.6396" lon="14.93649">
        <ele>641.3</ele>
      </trkpt>
      <trkpt lat="45.63963" lon="14.93637">
        <ele>641.5</ele>
      </trkpt>
      <trkpt lat="45.63979" lon="14.93591">
        <ele>643.0</ele>
      </trkpt>
      <trkpt lat="45.63984" lon="14.93588">
        <ele>643.3</ele>
      </trkpt>
      <trkpt lat="45.63987" lon="14.93584">
        <ele>643.5</ele>
      </trkpt>
      <trkpt lat="45.63991" lon="14.93581">
        <ele>643.7</ele>
      </trkpt>
      <trkpt lat="45.63996" lon="14.93575">
        <ele>644.0</ele>
      </trkpt>
      <trkpt lat="45.64001" lon="14.93566">
        <ele>644.2</ele>
      </trkpt>
      <trkpt lat="45.64007" lon="14.93553">
        <ele>644.2</ele>
      </trkpt>
      <trkpt lat="45.64012" lon="14.93544">
        <ele>644.3</ele>
      </trkpt>
      <trkpt lat="45.64032" lon="14.935165">
        <ele>645.1</ele>
      </trkpt>
      <trkpt lat="45.640843" lon="14.93525">
        <ele>644.9</ele>
      </trkpt>
      <trkpt lat="45.641455" lon="14.934971">
        <ele>649.4</ele>
      </trkpt>
      <trkpt lat="45.641604" lon="14.934527">
        <ele>652.6</ele>
      </trkpt>
      <trkpt lat="45.64157" lon="14.93452">
        <ele>652.5</ele>
      </trkpt>
      <trkpt lat="45.64158" lon="14.9345">
        <ele>652.7</ele>
      </trkpt>
      <trkpt lat="45.64158" lon="14.93441">
        <ele>653.2</ele>
      </trkpt>
      <trkpt lat="45.64161" lon="14.93435">
        <ele>653.7</ele>
      </trkpt>
      <trkpt lat="45.64164" lon="14.9343">
        <ele>654.1</ele>
      </trkpt>
      <trkpt lat="45.64168" lon="14.93424">
        <ele>654.6</ele>
      </trkpt>
      <trkpt lat="45.64173" lon="14.93421">
        <ele>655.0</ele>
      </trkpt>
      <trkpt lat="45.64178" lon="14.93419">
        <ele>655.3</ele>
      </trkpt>
      <trkpt lat="45.64188" lon="14.93415">
        <ele>655.8</ele>
      </trkpt>
      <trkpt lat="45.64197" lon="14.93415">
        <ele>656.1</ele>
      </trkpt>
      <trkpt lat="45.64197" lon="14.93414">
        <ele>656.1</ele>
      </trkpt>
      <trkpt lat="45.642202" lon="14.934178">
        <ele>656.8</ele>
      </trkpt>
      <trkpt lat="45.642385" lon="14.934247">
        <ele>656.9</ele>
      </trkpt>
      <trkpt lat="45.642461" lon="14.934178">
        <ele>657.8</ele>
      </trkpt>
      <trkpt lat="45.642535" lon="14.934019">
        <ele>658.6</ele>
      </trkpt>
      <trkpt lat="45.642625" lon="14.933768">
        <ele>659.6</ele>
      </trkpt>
      <trkpt lat="45.642758" lon="14.933494">
        <ele>661.2</ele>
      </trkpt>
      <trkpt lat="45.642874" lon="14.933438">
        <ele>661.8</ele>
      </trkpt>
      <trkpt lat="45.642992" lon="14.933293">
        <ele>662.6</ele>
      </trkpt>
      <trkpt lat="45.643289" lon="14.932957">
        <ele>661.6</ele>
      </trkpt>
      <trkpt lat="45.64371" lon="14.932537">
        <ele>660.1</ele>
      </trkpt>
      <trkpt lat="45.643829" lon="14.932314">
        <ele>659.7</ele>
      </trkpt>
      <trkpt lat="45.64388" lon="14.932076">
        <ele>659.1</ele>
      </trkpt>
      <trkpt lat="45.643856" lon="14.931734">
        <ele>658.2</ele>
      </trkpt>
      <trkpt lat="45.643677" lon="14.931698">
        <ele>658.1</ele>
      </trkpt>
      <trkpt lat="45.643202" lon="14.931853">
        <ele>658.7</ele>
      </trkpt>
      <trkpt lat="45.643037" lon="14.932088">
        <ele>659.0</ele>
      </trkpt>
      <trkpt lat="45.642773" lon="14.932462">
        <ele>658.4</ele>
      </trkpt>
      <trkpt lat="45.642664" lon="14.932403">
        <ele>658.5</ele>
      </trkpt>
      <trkpt lat="45.64245" lon="14.932239">
        <ele>659.3</ele>
      </trkpt>
      <trkpt lat="45.642119" lon="14.932024">
        <ele>660.9</ele>
      </trkpt>
      <trkpt lat="45.642222" lon="14.931776">
        <ele>662.3</ele>
      </trkpt>
      <trkpt lat="45.642276" lon="14.931152">
        <ele>667.9</ele>
      </trkpt>
      <trkpt lat="45.642348" lon="14.931065">
        <ele>668.5</ele>
      </trkpt>
      <trkpt lat="45.642564" lon="14.930958">
        <ele>668.6</ele>
      </trkpt>
      <trkpt lat="45.642656" lon="14.930808">
        <ele>669.7</ele>
      </trkpt>
      <trkpt lat="45.642721" lon="14.930718">
        <ele>670.2</ele>
      </trkpt>
      <trkpt lat="45.642778" lon="14.930516">
        <ele>671.8</ele>
      </trkpt>
      <trkpt lat="45.6428" lon="14.930141">
        <ele>675.0</ele>
      </trkpt>
      <trkpt lat="45.642888" lon="14.929595">
        <ele>678.8</ele>
      </trkpt>
      <trkpt lat="45.642981" lon="14.92929">
        <ele>680.5</ele>
      </trkpt>
      <trkpt lat="45.643086" lon="14.928911">
        <ele>682.1</ele>
      </trkpt>
      <trkpt lat="45.643003" lon="14.928148">
        <ele>685.6</ele>
      </trkpt>
      <trkpt lat="45.643" lon="14.92815">
        <ele>685.6</ele>
      </trkpt>
      <trkpt lat="45.64297" lon="14.92804">
        <ele>686.0</ele>
      </trkpt>
      <trkpt lat="45.64294" lon="14.92795">
        <ele>686.3</ele>
      </trkpt>
      <trkpt lat="45.64278" lon="14.92766">
        <ele>687.6</ele>
      </trkpt>
      <trkpt lat="45.64272" lon="14.92754">
        <ele>688.1</ele>
      </trkpt>
      <trkpt lat="45.64265" lon="14.92741">
        <ele>688.1</ele>
      </trkpt>
      <trkpt lat="45.64262" lon="14.92735">
        <ele>687.9</ele>
      </trkpt>
      <trkpt lat="45.64261" lon="14.92727">
        <ele>687.6</ele>
      </trkpt>
      <trkpt lat="45.6426" lon="14.92718">
        <ele>687.2</ele>
      </trkpt>
      <trkpt lat="45.64261" lon="14.92709">
        <ele>686.8</ele>
      </trkpt>
      <trkpt lat="45.64261" lon="14.92706">
        <ele>686.6</ele>
      </trkpt>
      <trkpt lat="45.64264" lon="14.92674">
        <ele>685.2</ele>
      </trkpt>
      <trkpt lat="45.64265" lon="14.92663">
        <ele>684.7</ele>
      </trkpt>
      <trkpt lat="45.64265" lon="14.92653">
        <ele>684.3</ele>
      </trkpt>
      <trkpt lat="45.64264" lon="14.92643">
        <ele>683.9</ele>
      </trkpt>
      <trkpt lat="45.64261" lon="14.92632">
        <ele>683.6</ele>
      </trkpt>
      <trkpt lat="45.64257" lon="14.92619">
        <ele>683.2</ele>
      </trkpt>
      <trkpt lat="45.64253" lon="14.92609">
        <ele>682.9</ele>
      </trkpt>
      <trkpt lat="45.64244" lon="14.92589">
        <ele>682.6</ele>
      </trkpt>
      <trkpt lat="45.64243" lon="14.92588">
        <ele>682.6</ele>
      </trkpt>
      <trkpt lat="45.64223" lon="14.92545">
        <ele>682.2</ele>
      </trkpt>
      <trkpt lat="45.64221" lon="14.9254">
        <ele>682.2</ele>
      </trkpt>
      <trkpt lat="45.64209" lon="14.9251">
        <ele>681.8</ele>
      </trkpt>
      <trkpt lat="45.64202" lon="14.92499">
        <ele>681.8</ele>
      </trkpt>
      <trkpt lat="45.64186" lon="14.92475">
        <ele>681.0</ele>
      </trkpt>
      <trkpt lat="45.64171" lon="14.92461">
        <ele>680.5</ele>
      </trkpt>
      <trkpt lat="45.64171" lon="14.9246">
        <ele>680.5</ele>
      </trkpt>
      <trkpt lat="45.64163" lon="14.92452">
        <ele>680.1</ele>
      </trkpt>
      <trkpt lat="45.64161" lon="14.92451">
        <ele>680.1</ele>
      </trkpt>
      <trkpt lat="45.6414" lon="14.92442">
        <ele>680.0</ele>
      </trkpt>
      <trkpt lat="45.64123" lon="14.92435">
        <ele>679.8</ele>
      </trkpt>
      <trkpt lat="45.64093" lon="14.92429">
        <ele>679.7</ele>
      </trkpt>
      <trkpt lat="45.640489" lon="14.924012">
        <ele>679.2</ele>
      </trkpt>
      <trkpt lat="45.640054" lon="14.923457">
        <ele>674.6</ele>
      </trkpt>
      <trkpt lat="45.639763" lon="14.923173">
        <ele>670.7</ele>
      </trkpt>
      <trkpt lat="45.639637" lon="14.923013">
        <ele>668.6</ele>
      </trkpt>
      <trkpt lat="45.639954" lon="14.922742">
        <ele>665.8</ele>
      </trkpt>
      <trkpt lat="45.64021" lon="14.922272">
        <ele>663.2</ele>
      </trkpt>
      <trkpt lat="45.640507" lon="14.921976">
        <ele>664.1</ele>
      </trkpt>
      <trkpt lat="45.64068" lon="14.921943">
        <ele>664.9</ele>
      </trkpt>
      <trkpt lat="45.640769" lon="14.921768">
        <ele>665.5</ele>
      </trkpt>
      <trkpt lat="45.64078" lon="14.92179">
        <ele>665.6</ele>
      </trkpt>
      <trkpt lat="45.64094" lon="14.92162">
        <ele>666.1</ele>
      </trkpt>
      <trkpt lat="45.64094" lon="14.92162">
        <ele>666.1</ele>
      </trkpt>
      <trkpt lat="45.64113" lon="14.92137">
        <ele>668.1</ele>
      </trkpt>
      <trkpt lat="45.64114" lon="14.92136">
        <ele>668.1</ele>
      </trkpt>
      <trkpt lat="45.64118" lon="14.9213">
        <ele>668.7</ele>
      </trkpt>
      <trkpt lat="45.641178" lon="14.9213">
        <ele>668.7</ele>
      </trkpt>
      <trkpt lat="45.641673" lon="14.920551">
        <ele>677.4</ele>
      </trkpt>
      <trkpt lat="45.641673" lon="14.920551">
        <ele>677.4</ele>
      </trkpt>
      <trkpt lat="45.642577" lon="14.919889">
        <ele>689.9</ele>
      </trkpt>
      <trkpt lat="45.642925" lon="14.919477">
        <ele>692.8</ele>
      </trkpt>
      <trkpt lat="45.64294" lon="14.91949">
        <ele>692.6</ele>
      </trkpt>
      <trkpt lat="45.64301" lon="14.91941">
        <ele>693.1</ele>
      </trkpt>
      <trkpt lat="45.643014" lon="14.919413">
        <ele>693.1</ele>
      </trkpt>
      <trkpt lat="45.643014" lon="14.919413">
        <ele>693.1</ele>
      </trkpt>
      <trkpt lat="45.643439" lon="14.917553">
        <ele>689.4</ele>
      </trkpt>
      <trkpt lat="45.643791" lon="14.917045">
        <ele>682.3</ele>
      </trkpt>
      <trkpt lat="45.644047" lon="14.916882">
        <ele>678.1</ele>
      </trkpt>
      <trkpt lat="45.644594" lon="14.917084">
        <ele>672.9</ele>
      </trkpt>
      <trkpt lat="45.64459" lon="14.91708">
        <ele>672.9</ele>
      </trkpt>
      <trkpt lat="45.64473" lon="14.91707">
        <ele>671.7</ele>
      </trkpt>
      <trkpt lat="45.64475" lon="14.91706">
        <ele>671.5</ele>
      </trkpt>
      <trkpt lat="45.64486" lon="14.91704">
        <ele>670.5</ele>
      </trkpt>
      <trkpt lat="45.64494" lon="14.91701">
        <ele>669.8</ele>
      </trkpt>
      <trkpt lat="45.64499" lon="14.91698">
        <ele>669.2</ele>
      </trkpt>
      <trkpt lat="45.64506" lon="14.91694">
        <ele>668.3</ele>
      </trkpt>
      <trkpt lat="45.64516" lon="14.91686">
        <ele>666.8</ele>
      </trkpt>
      <trkpt lat="45.64521" lon="14.91682">
        <ele>666.1</ele>
      </trkpt>
      <trkpt lat="45.6453" lon="14.91671">
        <ele>664.9</ele>
      </trkpt>
      <trkpt lat="45.64538" lon="14.91663">
        <ele>663.7</ele>
      </trkpt>
      <trkpt lat="45.64557" lon="14.91637">
        <ele>660.7</ele>
      </trkpt>
      <trkpt lat="45.64562" lon="14.91631">
        <ele>659.9</ele>
      </trkpt>
      <trkpt lat="45.64563" lon="14.9163">
        <ele>659.8</ele>
      </trkpt>
      <trkpt lat="45.64567" lon="14.91626">
        <ele>659.2</ele>
      </trkpt>
      <trkpt lat="45.64571" lon="14.91623">
        <ele>658.7</ele>
      </trkpt>
      <trkpt lat="45.64572" lon="14.91623">
        <ele>658.6</ele>
      </trkpt>
      <trkpt lat="45.64578" lon="14.9162">
        <ele>657.9</ele>
      </trkpt>
      <trkpt lat="45.64587" lon="14.91617">
        <ele>656.9</ele>
      </trkpt>
      <trkpt lat="45.64599" lon="14.91617">
        <ele>655.8</ele>
      </trkpt>
      <trkpt lat="45.64602" lon="14.91617">
        <ele>655.5</ele>
      </trkpt>
      <trkpt lat="45.64604" lon="14.91617">
        <ele>655.3</ele>
      </trkpt>
      <trkpt lat="45.6462" lon="14.91617">
        <ele>653.9</ele>
      </trkpt>
      <trkpt lat="45.64625" lon="14.91616">
        <ele>653.4</ele>
      </trkpt>
      <trkpt lat="45.64643" lon="14.91613">
        <ele>651.8</ele>
      </trkpt>
      <trkpt lat="45.64644" lon="14.91613">
        <ele>651.7</ele>
      </trkpt>
      <trkpt lat="45.64652" lon="14.91611">
        <ele>651.0</ele>
      </trkpt>
      <trkpt lat="45.64659" lon="14.91608">
        <ele>650.4</ele>
      </trkpt>
      <trkpt lat="45.64661" lon="14.91608">
        <ele>650.2</ele>
      </trkpt>
      <trkpt lat="45.64666" lon="14.91605">
        <ele>649.8</ele>
      </trkpt>
      <trkpt lat="45.64679" lon="14.91599">
        <ele>648.8</ele>
      </trkpt>
      <trkpt lat="45.64695" lon="14.91592">
        <ele>647.7</ele>
      </trkpt>
      <trkpt lat="45.64695" lon="14.91592">
        <ele>647.7</ele>
      </trkpt>
      <trkpt lat="45.64695" lon="14.91592">
        <ele>647.7</ele>
      </trkpt>
      <trkpt lat="45.64684" lon="14.91574">
        <ele>648.4</ele>
      </trkpt>
      <trkpt lat="45.64672" lon="14.91555">
        <ele>648.3</ele>
      </trkpt>
      <trkpt lat="45.64663" lon="14.91541">
        <ele>648.2</ele>
      </trkpt>
      <trkpt lat="45.64662" lon="14.91539">
        <ele>648.1</ele>
      </trkpt>
      <trkpt lat="45.646278" lon="14.914618">
        <ele>643.6</ele>
      </trkpt>
      <trkpt lat="45.645818" lon="14.914377">
        <ele>640.4</ele>
      </trkpt>
      <trkpt lat="45.645818" lon="14.914377">
        <ele>640.4</ele>
      </trkpt>
      <trkpt lat="45.644881" lon="14.91432">
        <ele>644.2</ele>
      </trkpt>
      <trkpt lat="45.644309" lon="14.914279">
        <ele>641.4</ele>
      </trkpt>
      <trkpt lat="45.644004" lon="14.913867">
        <ele>638.5</ele>
      </trkpt>
      <trkpt lat="45.643824" lon="14.913193">
        <ele>635.9</ele>
      </trkpt>
      <trkpt lat="45.643606" lon="14.912604">
        <ele>632.9</ele>
      </trkpt>
      <trkpt lat="45.643255" lon="14.912316">
        <ele>629.7</ele>
      </trkpt>
      <trkpt lat="45.643392" lon="14.911702">
        <ele>627.6</ele>
      </trkpt>
      <trkpt lat="45.643663" lon="14.911087">
        <ele>621.9</ele>
      </trkpt>
      <trkpt lat="45.643663" lon="14.911087">
        <ele>621.9</ele>
      </trkpt>
      <trkpt lat="45.644191" lon="14.909377">
        <ele>602.7</ele>
      </trkpt>
      <trkpt lat="45.644191" lon="14.909377">
        <ele>602.7</ele>
      </trkpt>
      <trkpt lat="45.644483" lon="14.907801">
        <ele>586.4</ele>
      </trkpt>
      <trkpt lat="45.644996" lon="14.907002">
        <ele>575.4</ele>
      </trkpt>
      <trkpt lat="45.644694" lon="14.906457">
        <ele>561.6</ele>
      </trkpt>
      <trkpt lat="45.644817" lon="14.906139">
        <ele>555.0</ele>
      </trkpt>
      <trkpt lat="45.644256" lon="14.905642">
        <ele>536.7</ele>
      </trkpt>
      <trkpt lat="45.643962" lon="14.905327">
        <ele>529.5</ele>
      </trkpt>
      <trkpt lat="45.64405" lon="14.904824">
        <ele>520.8</ele>
      </trkpt>
      <trkpt lat="45.643848" lon="14.904129">
        <ele>507.2</ele>
      </trkpt>
      <trkpt lat="45.643458" lon="14.903649">
        <ele>498.9</ele>
      </trkpt>
      <trkpt lat="45.642919" lon="14.903403">
        <ele>495.2</ele>
      </trkpt>
      <trkpt lat="45.642694" lon="14.903452">
        <ele>495.3</ele>
      </trkpt>
      <trkpt lat="45.642583" lon="14.90296">
        <ele>491.3</ele>
      </trkpt>
      <trkpt lat="45.64258" lon="14.90296">
        <ele>491.3</ele>
      </trkpt>
      <trkpt lat="45.64259" lon="14.90294">
        <ele>491.2</ele>
      </trkpt>
      <trkpt lat="45.64261" lon="14.90289">
        <ele>490.8</ele>
      </trkpt>
      <trkpt lat="45.64261" lon="14.90284">
        <ele>490.4</ele>
      </trkpt>
      <trkpt lat="45.64261" lon="14.90278">
        <ele>490.0</ele>
      </trkpt>
      <trkpt lat="45.64261" lon="14.90273">
        <ele>489.6</ele>
      </trkpt>
      <trkpt lat="45.64261" lon="14.90267">
        <ele>489.1</ele>
      </trkpt>
      <trkpt lat="45.64261" lon="14.90259">
        <ele>488.5</ele>
      </trkpt>
      <trkpt lat="45.6426" lon="14.90246">
        <ele>487.9</ele>
      </trkpt>
      <trkpt lat="45.64258" lon="14.90231">
        <ele>487.9</ele>
      </trkpt>
      <trkpt lat="45.64258" lon="14.90223">
        <ele>487.9</ele>
      </trkpt>
      <trkpt lat="45.64257" lon="14.90214">
        <ele>487.9</ele>
      </trkpt>
      <trkpt lat="45.64256" lon="14.90205">
        <ele>487.9</ele>
      </trkpt>
      <trkpt lat="45.64256" lon="14.90198">
        <ele>487.9</ele>
      </trkpt>
      <trkpt lat="45.64257" lon="14.90191">
        <ele>487.9</ele>
      </trkpt>
      <trkpt lat="45.64257" lon="14.90187">
        <ele>487.9</ele>
      </trkpt>
      <trkpt lat="45.64258" lon="14.90185">
        <ele>487.9</ele>
      </trkpt>
      <trkpt lat="45.6426" lon="14.9018">
        <ele>487.9</ele>
      </trkpt>
      <trkpt lat="45.64266" lon="14.90169">
        <ele>487.8</ele>
      </trkpt>
      <trkpt lat="45.64277" lon="14.90157">
        <ele>488.2</ele>
      </trkpt>
      <trkpt lat="45.64282" lon="14.90152">
        <ele>488.4</ele>
      </trkpt>
      <trkpt lat="45.64286" lon="14.90149">
        <ele>488.6</ele>
      </trkpt>
      <trkpt lat="45.64293" lon="14.90145">
        <ele>488.8</ele>
      </trkpt>
      <trkpt lat="45.64304" lon="14.90139">
        <ele>489.2</ele>
      </trkpt>
      <trkpt lat="45.6432" lon="14.90133">
        <ele>489.7</ele>
      </trkpt>
      <trkpt lat="45.6434" lon="14.9012">
        <ele>490.6</ele>
      </trkpt>
      <trkpt lat="45.64345" lon="14.90115">
        <ele>490.7</ele>
      </trkpt>
      <trkpt lat="45.64349" lon="14.9011">
        <ele>490.9</ele>
      </trkpt>
      <trkpt lat="45.64353" lon="14.90103">
        <ele>491.1</ele>
      </trkpt>
      <trkpt lat="45.64362" lon="14.90087">
        <ele>491.4</ele>
      </trkpt>
      <trkpt lat="45.6437" lon="14.9007">
        <ele>491.5</ele>
      </trkpt>
      <trkpt lat="45.643709" lon="14.900705">
        <ele>491.4</ele>
      </trkpt>
      <trkpt lat="45.643647" lon="14.90055">
        <ele>492.5</ele>
      </trkpt>
      <trkpt lat="45.643647" lon="14.90055">
        <ele>492.5</ele>
      </trkpt>
      <trkpt lat="45.644074" lon="14.899295">
        <ele>499.7</ele>
      </trkpt>
      <trkpt lat="45.644154" lon="14.8987">
        <ele>501.3</ele>
      </trkpt>
      <trkpt lat="45.643912" lon="14.897914">
        <ele>496.7</ele>
      </trkpt>
      <trkpt lat="45.643847" lon="14.897366">
        <ele>493.6</ele>
      </trkpt>
      <trkpt lat="45.64388" lon="14.89714">
        <ele>492.7</ele>
      </trkpt>
      <trkpt lat="45.643892" lon="14.897136">
        <ele>492.8</ele>
      </trkpt>
      <trkpt lat="45.643878" lon="14.897057">
        <ele>492.3</ele>
      </trkpt>
      <trkpt lat="45.643863" lon="14.896967">
        <ele>491.7</ele>
      </trkpt>
      <trkpt lat="45.643855" lon="14.896879">
        <ele>491.2</ele>
      </trkpt>
      <trkpt lat="45.643824" lon="14.896582">
        <ele>489.7</ele>
      </trkpt>
      <trkpt lat="45.643744" lon="14.896034">
        <ele>487.6</ele>
      </trkpt>
      <trkpt lat="45.64367" lon="14.895983">
        <ele>487.2</ele>
      </trkpt>
      <trkpt lat="45.643687" lon="14.89552">
        <ele>486.6</ele>
      </trkpt>
      <trkpt lat="45.643684" lon="14.895239">
        <ele>486.4</ele>
      </trkpt>
      <trkpt lat="45.643683" lon="14.894717">
        <ele>485.2</ele>
      </trkpt>
      <trkpt lat="45.643675" lon="14.89425">
        <ele>483.5</ele>
      </trkpt>
      <trkpt lat="45.643647" lon="14.893969">
        <ele>482.2</ele>
      </trkpt>
      <trkpt lat="45.64365" lon="14.89397">
        <ele>482.2</ele>
      </trkpt>
      <trkpt lat="45.64363" lon="14.89392">
        <ele>481.9</ele>
      </trkpt>
      <trkpt lat="45.64361" lon="14.8938">
        <ele>481.2</ele>
      </trkpt>
      <trkpt lat="45.64359" lon="14.89346">
        <ele>479.5</ele>
      </trkpt>
      <trkpt lat="45.6436" lon="14.89334">
        <ele>479.0</ele>
      </trkpt>
      <trkpt lat="45.64362" lon="14.89324">
        <ele>478.8</ele>
      </trkpt>
      <trkpt lat="45.64364" lon="14.89316">
        <ele>478.7</ele>
      </trkpt>
      <trkpt lat="45.64365" lon="14.89312">
        <ele>478.7</ele>
      </trkpt>
      <trkpt lat="45.64367" lon="14.89308">
        <ele>478.7</ele>
      </trkpt>
      <trkpt lat="45.64369" lon="14.89305">
        <ele>478.7</ele>
      </trkpt>
      <trkpt lat="45.64369" lon="14.89305">
        <ele>478.7</ele>
      </trkpt>
      <trkpt lat="45.643878" lon="14.892807">
        <ele>478.5</ele>
      </trkpt>
      <trkpt lat="45.644201" lon="14.892626">
        <ele>478.5</ele>
      </trkpt>
      <trkpt lat="45.644377" lon="14.892526">
        <ele>478.3</ele>
      </trkpt>
      <trkpt lat="45.64455" lon="14.892405">
        <ele>478.4</ele>
      </trkpt>
      <trkpt lat="45.644716" lon="14.892349">
        <ele>478.5</ele>
      </trkpt>
      <trkpt lat="45.644788" lon="14.892091">
        <ele>478.4</ele>
      </trkpt>
      <trkpt lat="45.644798" lon="14.891846">
        <ele>478.2</ele>
      </trkpt>
      <trkpt lat="45.644185" lon="14.891394">
        <ele>478.0</ele>
      </trkpt>
      <trkpt lat="45.64423" lon="14.890517">
        <ele>477.7</ele>
      </trkpt>
      <trkpt lat="45.644267" lon="14.889657">
        <ele>476.3</ele>
      </trkpt>
      <trkpt lat="45.644188" lon="14.888928">
        <ele>474.4</ele>
      </trkpt>
      <trkpt lat="45.644252" lon="14.888271">
        <ele>472.9</ele>
      </trkpt>
      <trkpt lat="45.644488" lon="14.887099">
        <ele>473.7</ele>
      </trkpt>
      <trkpt lat="45.644833" lon="14.886282">
        <ele>474.5</ele>
      </trkpt>
      <trkpt lat="45.644965" lon="14.885522">
        <ele>476.0</ele>
      </trkpt>
      <trkpt lat="45.645214" lon="14.884323">
        <ele>477.6</ele>
      </trkpt>
      <trkpt lat="45.64543" lon="14.883551">
        <ele>477.5</ele>
      </trkpt>
      <trkpt lat="45.6451" lon="14.88265">
        <ele>480.5</ele>
      </trkpt>
      <trkpt lat="45.6451" lon="14.88265">
        <ele>480.5</ele>
      </trkpt>
      <trkpt lat="45.6453" lon="14.880103">
        <ele>488.5</ele>
      </trkpt>
      <trkpt lat="45.64531" lon="14.88011">
        <ele>488.5</ele>
      </trkpt>
      <trkpt lat="45.64532" lon="14.88003">
        <ele>488.8</ele>
      </trkpt>
      <trkpt lat="45.64537" lon="14.87991">
        <ele>489.4</ele>
      </trkpt>
      <trkpt lat="45.64541" lon="14.87987">
        <ele>489.5</ele>
      </trkpt>
      <trkpt lat="45.64548" lon="14.87977">
        <ele>490.0</ele>
      </trkpt>
      <trkpt lat="45.64549" lon="14.87976">
        <ele>490.0</ele>
      </trkpt>
      <trkpt lat="45.64553" lon="14.8797">
        <ele>490.3</ele>
      </trkpt>
      <trkpt lat="45.64556" lon="14.87965">
        <ele>490.5</ele>
      </trkpt>
      <trkpt lat="45.64558" lon="14.87959">
        <ele>490.8</ele>
      </trkpt>
      <trkpt lat="45.64559" lon="14.87952">
        <ele>491.1</ele>
      </trkpt>
      <trkpt lat="45.64562" lon="14.87946">
        <ele>491.4</ele>
      </trkpt>
      <trkpt lat="45.64565" lon="14.87939">
        <ele>491.8</ele>
      </trkpt>
      <trkpt lat="45.64565" lon="14.87939">
        <ele>491.8</ele>
      </trkpt>
      <trkpt lat="45.6456" lon="14.87932">
        <ele>492.0</ele>
      </trkpt>
      <trkpt lat="45.64548" lon="14.87913">
        <ele>492.6</ele>
      </trkpt>
      <trkpt lat="45.64535" lon="14.87887">
        <ele>492.6</ele>
      </trkpt>
      <trkpt lat="45.64534" lon="14.87884">
        <ele>492.6</ele>
      </trkpt>
      <trkpt lat="45.64525" lon="14.87861">
        <ele>492.5</ele>
      </trkpt>
      <trkpt lat="45.64521" lon="14.87852">
        <ele>492.4</ele>
      </trkpt>
      <trkpt lat="45.64515" lon="14.87812">
        <ele>492.5</ele>
      </trkpt>
      <trkpt lat="45.64513" lon="14.878131">
        <ele>492.5</ele>
      </trkpt>
      <trkpt lat="45.645485" lon="14.877894">
        <ele>493.1</ele>
      </trkpt>
      <trkpt lat="45.646054" lon="14.87708">
        <ele>489.9</ele>
      </trkpt>
      <trkpt lat="45.646312" lon="14.877448">
        <ele>489.4</ele>
      </trkpt>
      <trkpt lat="45.646689" lon="14.877714">
        <ele>486.7</ele>
      </trkpt>
      <trkpt lat="45.646943" lon="14.877712">
        <ele>485.7</ele>
      </trkpt>
      <trkpt lat="45.647026" lon="14.876523">
        <ele>485.8</ele>
      </trkpt>
      <trkpt lat="45.64723" lon="14.87573">
        <ele>485.5</ele>
      </trkpt>
      <trkpt lat="45.64722" lon="14.875747">
        <ele>485.6</ele>
      </trkpt>
      <trkpt lat="45.64722" lon="14.875747">
        <ele>485.6</ele>
      </trkpt>
      <trkpt lat="45.6462" lon="14.87503">
        <ele>481.8</ele>
      </trkpt>
      <trkpt lat="45.64613" lon="14.87483">
        <ele>481.1</ele>
      </trkpt>
      <trkpt lat="45.64612" lon="14.87473">
        <ele>480.8</ele>
      </trkpt>
      <trkpt lat="45.64613" lon="14.87467">
        <ele>480.6</ele>
      </trkpt>
      <trkpt lat="45.64615" lon="14.8745">
        <ele>480.0</ele>
      </trkpt>
      <trkpt lat="45.64621" lon="14.87422">
        <ele>478.8</ele>
      </trkpt>
      <trkpt lat="45.64621" lon="14.87422">
        <ele>478.8</ele>
      </trkpt>
      <trkpt lat="45.64589" lon="14.87356">
        <ele>477.8</ele>
      </trkpt>
      <trkpt lat="45.64581" lon="14.87336">
        <ele>477.3</ele>
      </trkpt>
      <trkpt lat="45.64556" lon="14.8727">
        <ele>479.5</ele>
      </trkpt>
      <trkpt lat="45.64536" lon="14.87199">
        <ele>479.6</ele>
      </trkpt>
    </trkseg>
  </trk>
</gpx>
