<?xml version="1.0" encoding="UTF-8"?><gpx creator="Wikiloc - http://www.wikiloc.com" version="1.1" xmlns="http://www.topografix.com/GPX/1/1" xmlns:xsi="http://www.w3.org/2001/XMLSchema-instance" xsi:schemaLocation="http://www.topografix.com/GPX/1/1 http://www.topografix.com/GPX/1/1/gpx.xsd"><trk><name><![CDATA[Trail po kraških klancih 19km]]></name><cmt><![CDATA[Križ- Trail po kraških klancih 19km]]></cmt><desc><![CDATA[Križ- Trail po kraških klancih 19km]]></desc><trkseg><trkpt lat="45.742065" lon="13.863365"><ele>319.029</ele><time>2025-09-28T06:53:38Z</time></trkpt><trkpt lat="45.742034" lon="13.863317"><ele>319.000</ele><time>2025-09-28T06:54:05Z</time></trkpt><trkpt lat="45.741987" lon="13.863351"><ele>319.020</ele><time>2025-09-28T06:54:07Z</time></trkpt><trkpt lat="45.741936" lon="13.86337"><ele>319.009</ele><time>2025-09-28T06:54:09Z</time></trkpt><trkpt lat="45.741886" lon="13.863333"><ele>318.874</ele><time>2025-09-28T06:54:11Z</time></trkpt><trkpt lat="45.741831" lon="13.863327"><ele>318.675</ele><time>2025-09-28T06:54:13Z</time></trkpt><trkpt lat="45.74178" lon="13.86333"><ele>318.425</ele><time>2025-09-28T06:54:15Z</time></trkpt><trkpt lat="45.741727" lon="13.863307"><ele>318.218</ele><time>2025-09-28T06:54:17Z</time></trkpt><trkpt lat="45.74168" lon="13.8633"><ele>318.086</ele><time>2025-09-28T06:54:19Z</time></trkpt><trkpt lat="45.741596" lon="13.863268"><ele>317.716</ele><time>2025-09-28T06:54:21Z</time></trkpt><trkpt lat="45.741529" lon="13.863248"><ele>317.542</ele><time>2025-09-28T06:54:23Z</time></trkpt><trkpt lat="45.741445" lon="13.863223"><ele>317.216</ele><time>2025-09-28T06:54:25Z</time></trkpt><trkpt lat="45.741368" lon="13.863192"><ele>317.110</ele><time>2025-09-28T06:54:27Z</time></trkpt><trkpt lat="45.741307" lon="13.863173"><ele>317.534</ele><time>2025-09-28T06:54:29Z</time></trkpt><trkpt lat="45.741248" lon="13.863168"><ele>317.855</ele><time>2025-09-28T06:54:31Z</time></trkpt><trkpt lat="45.741186" lon="13.863178"><ele>318.110</ele><time>2025-09-28T06:54:33Z</time></trkpt><trkpt lat="45.741115" lon="13.863166"><ele>318.609</ele><time>2025-09-28T06:54:35Z</time></trkpt><trkpt lat="45.741043" lon="13.863153"><ele>318.745</ele><time>2025-09-28T06:54:37Z</time></trkpt><trkpt lat="45.74098" lon="13.863137"><ele>318.876</ele><time>2025-09-28T06:54:39Z</time></trkpt><trkpt lat="45.74091" lon="13.863145"><ele>318.926</ele><time>2025-09-28T06:54:41Z</time></trkpt><trkpt lat="45.740847" lon="13.863136"><ele>319.049</ele><time>2025-09-28T06:54:43Z</time></trkpt><trkpt lat="45.740785" lon="13.863124"><ele>318.857</ele><time>2025-09-28T06:54:45Z</time></trkpt><trkpt lat="45.740719" lon="13.863113"><ele>318.677</ele><time>2025-09-28T06:54:47Z</time></trkpt><trkpt lat="45.740663" lon="13.86308"><ele>318.493</ele><time>2025-09-28T06:54:49Z</time></trkpt><trkpt lat="45.740623" lon="13.863051"><ele>318.347</ele><time>2025-09-28T06:54:51Z</time></trkpt><trkpt lat="45.740571" lon="13.863012"><ele>318.261</ele><time>2025-09-28T06:54:53Z</time></trkpt><trkpt lat="45.740525" lon="13.86296"><ele>318.351</ele><time>2025-09-28T06:54:55Z</time></trkpt><trkpt lat="45.740478" lon="13.862913"><ele>318.201</ele><time>2025-09-28T06:54:58Z</time></trkpt><trkpt lat="45.740425" lon="13.862865"><ele>318.011</ele><time>2025-09-28T06:55:00Z</time></trkpt><trkpt lat="45.740382" lon="13.862843"><ele>317.809</ele><time>2025-09-28T06:55:02Z</time></trkpt><trkpt lat="45.740319" lon="13.862808"><ele>317.417</ele><time>2025-09-28T06:55:05Z</time></trkpt><trkpt lat="45.740268" lon="13.862751"><ele>316.968</ele><time>2025-09-28T06:55:07Z</time></trkpt><trkpt lat="45.740206" lon="13.862721"><ele>316.768</ele><time>2025-09-28T06:55:09Z</time></trkpt><trkpt lat="45.740144" lon="13.862717"><ele>316.721</ele><time>2025-09-28T06:55:11Z</time></trkpt><trkpt lat="45.74009" lon="13.862735"><ele>316.749</ele><time>2025-09-28T06:55:13Z</time></trkpt><trkpt lat="45.740038" lon="13.86274"><ele>316.729</ele><time>2025-09-28T06:55:15Z</time></trkpt><trkpt lat="45.739976" lon="13.862716"><ele>316.535</ele><time>2025-09-28T06:55:17Z</time></trkpt><trkpt lat="45.739911" lon="13.862679"><ele>316.299</ele><time>2025-09-28T06:55:19Z</time></trkpt><trkpt lat="45.739854" lon="13.862627"><ele>316.023</ele><time>2025-09-28T06:55:21Z</time></trkpt><trkpt lat="45.73981" lon="13.862566"><ele>315.817</ele><time>2025-09-28T06:55:23Z</time></trkpt><trkpt lat="45.739782" lon="13.862497"><ele>315.887</ele><time>2025-09-28T06:55:25Z</time></trkpt><trkpt lat="45.739745" lon="13.862438"><ele>315.715</ele><time>2025-09-28T06:55:27Z</time></trkpt><trkpt lat="45.739707" lon="13.862392"><ele>315.509</ele><time>2025-09-28T06:55:29Z</time></trkpt><trkpt lat="45.739676" lon="13.862329"><ele>315.223</ele><time>2025-09-28T06:55:31Z</time></trkpt><trkpt lat="45.739632" lon="13.862251"><ele>314.724</ele><time>2025-09-28T06:55:34Z</time></trkpt><trkpt lat="45.739592" lon="13.862203"><ele>314.514</ele><time>2025-09-28T06:55:36Z</time></trkpt><trkpt lat="45.739543" lon="13.862152"><ele>314.467</ele><time>2025-09-28T06:55:38Z</time></trkpt><trkpt lat="45.739511" lon="13.862105"><ele>314.285</ele><time>2025-09-28T06:55:40Z</time></trkpt><trkpt lat="45.739461" lon="13.862025"><ele>314.165</ele><time>2025-09-28T06:55:42Z</time></trkpt><trkpt lat="45.739397" lon="13.861933"><ele>314.281</ele><time>2025-09-28T06:55:44Z</time></trkpt><trkpt lat="45.739335" lon="13.861854"><ele>314.665</ele><time>2025-09-28T06:55:46Z</time></trkpt><trkpt lat="45.739289" lon="13.861787"><ele>314.889</ele><time>2025-09-28T06:55:48Z</time></trkpt><trkpt lat="45.739251" lon="13.861713"><ele>314.956</ele><time>2025-09-28T06:55:50Z</time></trkpt><trkpt lat="45.739209" lon="13.861651"><ele>315.059</ele><time>2025-09-28T06:55:52Z</time></trkpt><trkpt lat="45.739181" lon="13.861581"><ele>315.014</ele><time>2025-09-28T06:55:54Z</time></trkpt><trkpt lat="45.739156" lon="13.861519"><ele>315.009</ele><time>2025-09-28T06:55:56Z</time></trkpt><trkpt lat="45.739132" lon="13.861435"><ele>315.097</ele><time>2025-09-28T06:55:59Z</time></trkpt><trkpt lat="45.739101" lon="13.86137"><ele>315.048</ele><time>2025-09-28T06:56:01Z</time></trkpt><trkpt lat="45.739061" lon="13.861314"><ele>315.048</ele><time>2025-09-28T06:56:03Z</time></trkpt><trkpt lat="45.739025" lon="13.861254"><ele>315.061</ele><time>2025-09-28T06:56:06Z</time></trkpt><trkpt lat="45.738979" lon="13.861161"><ele>315.069</ele><time>2025-09-28T06:56:08Z</time></trkpt><trkpt lat="45.738932" lon="13.861069"><ele>314.999</ele><time>2025-09-28T06:56:10Z</time></trkpt><trkpt lat="45.738893" lon="13.860991"><ele>314.615</ele><time>2025-09-28T06:56:12Z</time></trkpt><trkpt lat="45.738842" lon="13.860929"><ele>314.249</ele><time>2025-09-28T06:56:14Z</time></trkpt><trkpt lat="45.738802" lon="13.860858"><ele>313.833</ele><time>2025-09-28T06:56:16Z</time></trkpt><trkpt lat="45.738775" lon="13.86079"><ele>313.557</ele><time>2025-09-28T06:56:18Z</time></trkpt><trkpt lat="45.738722" lon="13.860718"><ele>313.200</ele><time>2025-09-28T06:56:21Z</time></trkpt><trkpt lat="45.738676" lon="13.860676"><ele>313.120</ele><time>2025-09-28T06:56:23Z</time></trkpt><trkpt lat="45.738629" lon="13.860641"><ele>313.009</ele><time>2025-09-28T06:56:25Z</time></trkpt><trkpt lat="45.738573" lon="13.860608"><ele>313.567</ele><time>2025-09-28T06:56:27Z</time></trkpt><trkpt lat="45.738525" lon="13.860583"><ele>314.228</ele><time>2025-09-28T06:56:29Z</time></trkpt><trkpt lat="45.738452" lon="13.860567"><ele>315.328</ele><time>2025-09-28T06:56:32Z</time></trkpt><trkpt lat="45.738403" lon="13.860558"><ele>316.091</ele><time>2025-09-28T06:56:34Z</time></trkpt><trkpt lat="45.738344" lon="13.86055"><ele>316.889</ele><time>2025-09-28T06:56:36Z</time></trkpt><trkpt lat="45.738277" lon="13.860566"><ele>317.619</ele><time>2025-09-28T06:56:39Z</time></trkpt><trkpt lat="45.73821" lon="13.860557"><ele>318.385</ele><time>2025-09-28T06:56:42Z</time></trkpt><trkpt lat="45.738153" lon="13.86056"><ele>318.939</ele><time>2025-09-28T06:56:44Z</time></trkpt><trkpt lat="45.738094" lon="13.860561"><ele>319.633</ele><time>2025-09-28T06:56:46Z</time></trkpt><trkpt lat="45.738043" lon="13.860574"><ele>320.182</ele><time>2025-09-28T06:56:48Z</time></trkpt><trkpt lat="45.737989" lon="13.860594"><ele>320.743</ele><time>2025-09-28T06:56:50Z</time></trkpt><trkpt lat="45.737941" lon="13.860613"><ele>321.217</ele><time>2025-09-28T06:56:52Z</time></trkpt><trkpt lat="45.737887" lon="13.860668"><ele>321.809</ele><time>2025-09-28T06:56:56Z</time></trkpt><trkpt lat="45.73783" lon="13.860676"><ele>322.490</ele><time>2025-09-28T06:56:58Z</time></trkpt><trkpt lat="45.73777" lon="13.860709"><ele>323.021</ele><time>2025-09-28T06:57:00Z</time></trkpt><trkpt lat="45.737713" lon="13.860714"><ele>323.311</ele><time>2025-09-28T06:57:03Z</time></trkpt><trkpt lat="45.737665" lon="13.860711"><ele>323.654</ele><time>2025-09-28T06:57:05Z</time></trkpt><trkpt lat="45.737604" lon="13.860703"><ele>323.952</ele><time>2025-09-28T06:57:08Z</time></trkpt><trkpt lat="45.73754" lon="13.860697"><ele>324.312</ele><time>2025-09-28T06:57:12Z</time></trkpt><trkpt lat="45.737477" lon="13.860714"><ele>324.478</ele><time>2025-09-28T06:57:15Z</time></trkpt><trkpt lat="45.737431" lon="13.860738"><ele>324.362</ele><time>2025-09-28T06:57:18Z</time></trkpt><trkpt lat="45.737382" lon="13.860718"><ele>324.236</ele><time>2025-09-28T06:57:22Z</time></trkpt><trkpt lat="45.737327" lon="13.860723"><ele>324.268</ele><time>2025-09-28T06:57:25Z</time></trkpt><trkpt lat="45.737279" lon="13.860732"><ele>324.142</ele><time>2025-09-28T06:57:29Z</time></trkpt><trkpt lat="45.737222" lon="13.860758"><ele>324.026</ele><time>2025-09-28T06:57:33Z</time></trkpt><trkpt lat="45.737172" lon="13.86077"><ele>323.809</ele><time>2025-09-28T06:57:36Z</time></trkpt><trkpt lat="45.737133" lon="13.860806"><ele>323.698</ele><time>2025-09-28T06:57:40Z</time></trkpt><trkpt lat="45.737087" lon="13.860819"><ele>323.539</ele><time>2025-09-28T06:57:44Z</time></trkpt><trkpt lat="45.737038" lon="13.860833"><ele>323.329</ele><time>2025-09-28T06:57:49Z</time></trkpt><trkpt lat="45.736993" lon="13.860873"><ele>323.352</ele><time>2025-09-28T06:57:51Z</time></trkpt><trkpt lat="45.736949" lon="13.860921"><ele>323.350</ele><time>2025-09-28T06:57:53Z</time></trkpt><trkpt lat="45.736903" lon="13.860955"><ele>323.490</ele><time>2025-09-28T06:57:55Z</time></trkpt><trkpt lat="45.736856" lon="13.860975"><ele>323.386</ele><time>2025-09-28T06:57:57Z</time></trkpt><trkpt lat="45.736805" lon="13.861001"><ele>323.310</ele><time>2025-09-28T06:57:59Z</time></trkpt><trkpt lat="45.736757" lon="13.861051"><ele>323.374</ele><time>2025-09-28T06:58:01Z</time></trkpt><trkpt lat="45.736712" lon="13.861114"><ele>323.251</ele><time>2025-09-28T06:58:03Z</time></trkpt><trkpt lat="45.736658" lon="13.861157"><ele>323.101</ele><time>2025-09-28T06:58:06Z</time></trkpt><trkpt lat="45.736612" lon="13.86121"><ele>323.211</ele><time>2025-09-28T06:58:08Z</time></trkpt><trkpt lat="45.73658" lon="13.86127"><ele>323.309</ele><time>2025-09-28T06:58:10Z</time></trkpt><trkpt lat="45.736534" lon="13.861323"><ele>323.317</ele><time>2025-09-28T06:58:12Z</time></trkpt><trkpt lat="45.736474" lon="13.861367"><ele>323.278</ele><time>2025-09-28T06:58:14Z</time></trkpt><trkpt lat="45.736411" lon="13.861408"><ele>323.318</ele><time>2025-09-28T06:58:16Z</time></trkpt><trkpt lat="45.736351" lon="13.861454"><ele>323.711</ele><time>2025-09-28T06:58:18Z</time></trkpt><trkpt lat="45.736278" lon="13.861503"><ele>324.129</ele><time>2025-09-28T06:58:20Z</time></trkpt><trkpt lat="45.736227" lon="13.861545"><ele>324.459</ele><time>2025-09-28T06:58:22Z</time></trkpt><trkpt lat="45.73618" lon="13.86159"><ele>324.625</ele><time>2025-09-28T06:58:24Z</time></trkpt><trkpt lat="45.73613" lon="13.861621"><ele>324.719</ele><time>2025-09-28T06:58:26Z</time></trkpt><trkpt lat="45.736077" lon="13.861641"><ele>324.373</ele><time>2025-09-28T06:58:28Z</time></trkpt><trkpt lat="45.736033" lon="13.861696"><ele>324.039</ele><time>2025-09-28T06:58:31Z</time></trkpt><trkpt lat="45.735977" lon="13.861728"><ele>323.401</ele><time>2025-09-28T06:58:34Z</time></trkpt><trkpt lat="45.735951" lon="13.861801"><ele>323.521</ele><time>2025-09-28T06:58:37Z</time></trkpt><trkpt lat="45.735897" lon="13.861865"><ele>323.209</ele><time>2025-09-28T06:58:40Z</time></trkpt><trkpt lat="45.73583" lon="13.861911"><ele>322.835</ele><time>2025-09-28T06:58:42Z</time></trkpt><trkpt lat="45.73576" lon="13.861979"><ele>323.126</ele><time>2025-09-28T06:58:44Z</time></trkpt><trkpt lat="45.735684" lon="13.86203"><ele>323.396</ele><time>2025-09-28T06:58:46Z</time></trkpt><trkpt lat="45.735592" lon="13.86208"><ele>323.549</ele><time>2025-09-28T06:58:48Z</time></trkpt><trkpt lat="45.73551" lon="13.862128"><ele>323.717</ele><time>2025-09-28T06:58:50Z</time></trkpt><trkpt lat="45.735443" lon="13.86218"><ele>323.827</ele><time>2025-09-28T06:58:52Z</time></trkpt><trkpt lat="45.735389" lon="13.862229"><ele>324.093</ele><time>2025-09-28T06:58:54Z</time></trkpt><trkpt lat="45.735335" lon="13.862278"><ele>324.027</ele><time>2025-09-28T06:58:56Z</time></trkpt><trkpt lat="45.735274" lon="13.862332"><ele>324.071</ele><time>2025-09-28T06:58:58Z</time></trkpt><trkpt lat="45.735219" lon="13.862367"><ele>323.344</ele><time>2025-09-28T06:59:00Z</time></trkpt><trkpt lat="45.735176" lon="13.862408"><ele>322.805</ele><time>2025-09-28T06:59:02Z</time></trkpt><trkpt lat="45.735137" lon="13.862464"><ele>322.415</ele><time>2025-09-28T06:59:04Z</time></trkpt><trkpt lat="45.735086" lon="13.862521"><ele>322.009</ele><time>2025-09-28T06:59:06Z</time></trkpt><trkpt lat="45.735042" lon="13.862566"><ele>321.726</ele><time>2025-09-28T06:59:08Z</time></trkpt><trkpt lat="45.734997" lon="13.862623"><ele>321.417</ele><time>2025-09-28T06:59:10Z</time></trkpt><trkpt lat="45.734953" lon="13.862668"><ele>320.937</ele><time>2025-09-28T06:59:12Z</time></trkpt><trkpt lat="45.73491" lon="13.862722"><ele>320.510</ele><time>2025-09-28T06:59:14Z</time></trkpt><trkpt lat="45.734868" lon="13.862789"><ele>320.178</ele><time>2025-09-28T06:59:16Z</time></trkpt><trkpt lat="45.734838" lon="13.862849"><ele>319.898</ele><time>2025-09-28T06:59:18Z</time></trkpt><trkpt lat="45.734812" lon="13.862921"><ele>319.624</ele><time>2025-09-28T06:59:20Z</time></trkpt><trkpt lat="45.734782" lon="13.862982"><ele>319.498</ele><time>2025-09-28T06:59:22Z</time></trkpt><trkpt lat="45.734738" lon="13.863049"><ele>319.142</ele><time>2025-09-28T06:59:24Z</time></trkpt><trkpt lat="45.734689" lon="13.863119"><ele>319.079</ele><time>2025-09-28T06:59:26Z</time></trkpt><trkpt lat="45.734646" lon="13.863186"><ele>318.905</ele><time>2025-09-28T06:59:28Z</time></trkpt><trkpt lat="45.734605" lon="13.863244"><ele>318.825</ele><time>2025-09-28T06:59:30Z</time></trkpt><trkpt lat="45.734562" lon="13.863321"><ele>318.809</ele><time>2025-09-28T06:59:32Z</time></trkpt><trkpt lat="45.73453" lon="13.863368"><ele>318.719</ele><time>2025-09-28T06:59:34Z</time></trkpt><trkpt lat="45.734507" lon="13.863432"><ele>318.730</ele><time>2025-09-28T06:59:36Z</time></trkpt><trkpt lat="45.734458" lon="13.863493"><ele>318.660</ele><time>2025-09-28T06:59:38Z</time></trkpt><trkpt lat="45.734417" lon="13.863555"><ele>318.793</ele><time>2025-09-28T06:59:40Z</time></trkpt><trkpt lat="45.734375" lon="13.863625"><ele>318.841</ele><time>2025-09-28T06:59:42Z</time></trkpt><trkpt lat="45.734339" lon="13.863683"><ele>319.061</ele><time>2025-09-28T06:59:44Z</time></trkpt><trkpt lat="45.734311" lon="13.863745"><ele>319.397</ele><time>2025-09-28T06:59:46Z</time></trkpt><trkpt lat="45.734272" lon="13.863808"><ele>319.411</ele><time>2025-09-28T06:59:48Z</time></trkpt><trkpt lat="45.734232" lon="13.863873"><ele>319.445</ele><time>2025-09-28T06:59:50Z</time></trkpt><trkpt lat="45.734192" lon="13.863928"><ele>319.518</ele><time>2025-09-28T06:59:52Z</time></trkpt><trkpt lat="45.734157" lon="13.863999"><ele>319.798</ele><time>2025-09-28T06:59:54Z</time></trkpt><trkpt lat="45.734113" lon="13.864076"><ele>319.817</ele><time>2025-09-28T06:59:56Z</time></trkpt><trkpt lat="45.734075" lon="13.864147"><ele>319.909</ele><time>2025-09-28T06:59:58Z</time></trkpt><trkpt lat="45.734031" lon="13.864224"><ele>319.643</ele><time>2025-09-28T07:00:00Z</time></trkpt><trkpt lat="45.734" lon="13.864279"><ele>319.444</ele><time>2025-09-28T07:00:02Z</time></trkpt><trkpt lat="45.733959" lon="13.864327"><ele>319.244</ele><time>2025-09-28T07:00:04Z</time></trkpt><trkpt lat="45.733925" lon="13.864382"><ele>319.137</ele><time>2025-09-28T07:00:06Z</time></trkpt><trkpt lat="45.733887" lon="13.864445"><ele>319.025</ele><time>2025-09-28T07:00:08Z</time></trkpt><trkpt lat="45.733845" lon="13.864507"><ele>318.315</ele><time>2025-09-28T07:00:10Z</time></trkpt><trkpt lat="45.733812" lon="13.864572"><ele>317.991</ele><time>2025-09-28T07:00:12Z</time></trkpt><trkpt lat="45.733783" lon="13.864634"><ele>317.625</ele><time>2025-09-28T07:00:14Z</time></trkpt><trkpt lat="45.733742" lon="13.864708"><ele>317.479</ele><time>2025-09-28T07:00:16Z</time></trkpt><trkpt lat="45.733693" lon="13.864795"><ele>317.586</ele><time>2025-09-28T07:00:18Z</time></trkpt><trkpt lat="45.733645" lon="13.864877"><ele>317.960</ele><time>2025-09-28T07:00:20Z</time></trkpt><trkpt lat="45.733602" lon="13.86496"><ele>318.426</ele><time>2025-09-28T07:00:22Z</time></trkpt><trkpt lat="45.733572" lon="13.86502"><ele>318.409</ele><time>2025-09-28T07:00:24Z</time></trkpt><trkpt lat="45.733532" lon="13.865082"><ele>318.010</ele><time>2025-09-28T07:00:26Z</time></trkpt><trkpt lat="45.733499" lon="13.865146"><ele>317.951</ele><time>2025-09-28T07:00:28Z</time></trkpt><trkpt lat="45.733456" lon="13.865207"><ele>317.841</ele><time>2025-09-28T07:00:30Z</time></trkpt><trkpt lat="45.733416" lon="13.86528"><ele>317.984</ele><time>2025-09-28T07:00:32Z</time></trkpt><trkpt lat="45.733368" lon="13.865355"><ele>317.942</ele><time>2025-09-28T07:00:34Z</time></trkpt><trkpt lat="45.733321" lon="13.865433"><ele>318.082</ele><time>2025-09-28T07:00:36Z</time></trkpt><trkpt lat="45.733276" lon="13.865515"><ele>318.178</ele><time>2025-09-28T07:00:38Z</time></trkpt><trkpt lat="45.733253" lon="13.865608"><ele>318.242</ele><time>2025-09-28T07:00:40Z</time></trkpt><trkpt lat="45.733218" lon="13.865704"><ele>318.086</ele><time>2025-09-28T07:00:42Z</time></trkpt><trkpt lat="45.733214" lon="13.865778"><ele>318.174</ele><time>2025-09-28T07:00:44Z</time></trkpt><trkpt lat="45.733208" lon="13.865882"><ele>318.056</ele><time>2025-09-28T07:00:47Z</time></trkpt><trkpt lat="45.733205" lon="13.865983"><ele>317.821</ele><time>2025-09-28T07:00:49Z</time></trkpt><trkpt lat="45.73319" lon="13.866061"><ele>317.609</ele><time>2025-09-28T07:00:52Z</time></trkpt><trkpt lat="45.733132" lon="13.866117"><ele>317.329</ele><time>2025-09-28T07:00:55Z</time></trkpt><trkpt lat="45.733074" lon="13.866143"><ele>317.170</ele><time>2025-09-28T07:00:57Z</time></trkpt><trkpt lat="45.733011" lon="13.866176"><ele>316.420</ele><time>2025-09-28T07:00:59Z</time></trkpt><trkpt lat="45.73295" lon="13.866191"><ele>315.783</ele><time>2025-09-28T07:01:01Z</time></trkpt><trkpt lat="45.732897" lon="13.866187"><ele>315.021</ele><time>2025-09-28T07:01:03Z</time></trkpt><trkpt lat="45.732842" lon="13.866158"><ele>314.271</ele><time>2025-09-28T07:01:06Z</time></trkpt><trkpt lat="45.732785" lon="13.866114"><ele>313.137</ele><time>2025-09-28T07:01:08Z</time></trkpt><trkpt lat="45.732734" lon="13.866056"><ele>312.551</ele><time>2025-09-28T07:01:10Z</time></trkpt><trkpt lat="45.732673" lon="13.866003"><ele>311.715</ele><time>2025-09-28T07:01:12Z</time></trkpt><trkpt lat="45.732615" lon="13.865954"><ele>310.931</ele><time>2025-09-28T07:01:14Z</time></trkpt><trkpt lat="45.732544" lon="13.865883"><ele>309.861</ele><time>2025-09-28T07:01:16Z</time></trkpt><trkpt lat="45.732488" lon="13.865826"><ele>308.807</ele><time>2025-09-28T07:01:18Z</time></trkpt><trkpt lat="45.732445" lon="13.865791"><ele>308.209</ele><time>2025-09-28T07:01:20Z</time></trkpt><trkpt lat="45.732376" lon="13.865706"><ele>307.275</ele><time>2025-09-28T07:01:22Z</time></trkpt><trkpt lat="45.732316" lon="13.865616"><ele>306.596</ele><time>2025-09-28T07:01:24Z</time></trkpt><trkpt lat="45.732278" lon="13.865536"><ele>306.086</ele><time>2025-09-28T07:01:26Z</time></trkpt><trkpt lat="45.732237" lon="13.865478"><ele>305.539</ele><time>2025-09-28T07:01:28Z</time></trkpt><trkpt lat="45.732198" lon="13.865411"><ele>304.727</ele><time>2025-09-28T07:01:30Z</time></trkpt><trkpt lat="45.732163" lon="13.865335"><ele>304.117</ele><time>2025-09-28T07:01:32Z</time></trkpt><trkpt lat="45.732153" lon="13.865262"><ele>303.723</ele><time>2025-09-28T07:01:34Z</time></trkpt><trkpt lat="45.73215" lon="13.865178"><ele>303.647</ele><time>2025-09-28T07:01:36Z</time></trkpt><trkpt lat="45.732152" lon="13.865083"><ele>303.661</ele><time>2025-09-28T07:01:38Z</time></trkpt><trkpt lat="45.732155" lon="13.864999"><ele>303.598</ele><time>2025-09-28T07:01:40Z</time></trkpt><trkpt lat="45.732147" lon="13.864923"><ele>303.415</ele><time>2025-09-28T07:01:42Z</time></trkpt><trkpt lat="45.732131" lon="13.864845"><ele>303.226</ele><time>2025-09-28T07:01:45Z</time></trkpt><trkpt lat="45.732123" lon="13.864771"><ele>303.009</ele><time>2025-09-28T07:01:47Z</time></trkpt><trkpt lat="45.732112" lon="13.864698"><ele>302.831</ele><time>2025-09-28T07:01:49Z</time></trkpt><trkpt lat="45.732086" lon="13.864614"><ele>302.542</ele><time>2025-09-28T07:01:51Z</time></trkpt><trkpt lat="45.732066" lon="13.864539"><ele>302.352</ele><time>2025-09-28T07:01:53Z</time></trkpt><trkpt lat="45.732046" lon="13.864452"><ele>302.175</ele><time>2025-09-28T07:01:55Z</time></trkpt><trkpt lat="45.732036" lon="13.864381"><ele>301.953</ele><time>2025-09-28T07:01:58Z</time></trkpt><trkpt lat="45.732024" lon="13.864313"><ele>301.743</ele><time>2025-09-28T07:02:00Z</time></trkpt><trkpt lat="45.732015" lon="13.864237"><ele>301.629</ele><time>2025-09-28T07:02:02Z</time></trkpt><trkpt lat="45.732003" lon="13.864156"><ele>301.443</ele><time>2025-09-28T07:02:04Z</time></trkpt><trkpt lat="45.731992" lon="13.864071"><ele>301.377</ele><time>2025-09-28T07:02:06Z</time></trkpt><trkpt lat="45.731971" lon="13.86397"><ele>301.156</ele><time>2025-09-28T07:02:08Z</time></trkpt><trkpt lat="45.731952" lon="13.863881"><ele>301.159</ele><time>2025-09-28T07:02:10Z</time></trkpt><trkpt lat="45.731938" lon="13.863802"><ele>301.414</ele><time>2025-09-28T07:02:12Z</time></trkpt><trkpt lat="45.731896" lon="13.8637"><ele>301.909</ele><time>2025-09-28T07:02:14Z</time></trkpt><trkpt lat="45.731873" lon="13.863619"><ele>302.227</ele><time>2025-09-28T07:02:16Z</time></trkpt><trkpt lat="45.731838" lon="13.863535"><ele>302.688</ele><time>2025-09-28T07:02:18Z</time></trkpt><trkpt lat="45.731806" lon="13.863443"><ele>302.838</ele><time>2025-09-28T07:02:20Z</time></trkpt><trkpt lat="45.731764" lon="13.863339"><ele>303.071</ele><time>2025-09-28T07:02:22Z</time></trkpt><trkpt lat="45.731699" lon="13.863268"><ele>302.529</ele><time>2025-09-28T07:02:24Z</time></trkpt><trkpt lat="45.731621" lon="13.863225"><ele>301.449</ele><time>2025-09-28T07:02:26Z</time></trkpt><trkpt lat="45.731552" lon="13.863201"><ele>300.075</ele><time>2025-09-28T07:02:28Z</time></trkpt><trkpt lat="45.731499" lon="13.86317"><ele>298.819</ele><time>2025-09-28T07:02:30Z</time></trkpt><trkpt lat="45.731448" lon="13.863149"><ele>297.743</ele><time>2025-09-28T07:02:32Z</time></trkpt><trkpt lat="45.731393" lon="13.863126"><ele>296.626</ele><time>2025-09-28T07:02:34Z</time></trkpt><trkpt lat="45.731344" lon="13.863136"><ele>296.047</ele><time>2025-09-28T07:02:36Z</time></trkpt><trkpt lat="45.731289" lon="13.863134"><ele>295.411</ele><time>2025-09-28T07:02:38Z</time></trkpt><trkpt lat="45.731241" lon="13.863141"><ele>294.909</ele><time>2025-09-28T07:02:40Z</time></trkpt><trkpt lat="45.731177" lon="13.863148"><ele>294.174</ele><time>2025-09-28T07:02:42Z</time></trkpt><trkpt lat="45.731109" lon="13.86317"><ele>293.465</ele><time>2025-09-28T07:02:44Z</time></trkpt><trkpt lat="45.731033" lon="13.863165"><ele>293.535</ele><time>2025-09-28T07:02:46Z</time></trkpt><trkpt lat="45.730968" lon="13.863136"><ele>293.558</ele><time>2025-09-28T07:02:48Z</time></trkpt><trkpt lat="45.730916" lon="13.863121"><ele>293.666</ele><time>2025-09-28T07:02:50Z</time></trkpt><trkpt lat="45.730863" lon="13.8631"><ele>293.826</ele><time>2025-09-28T07:02:52Z</time></trkpt><trkpt lat="45.730779" lon="13.86305"><ele>294.462</ele><time>2025-09-28T07:02:54Z</time></trkpt><trkpt lat="45.730728" lon="13.863045"><ele>294.816</ele><time>2025-09-28T07:02:56Z</time></trkpt><trkpt lat="45.730667" lon="13.863008"><ele>295.480</ele><time>2025-09-28T07:02:58Z</time></trkpt><trkpt lat="45.730608" lon="13.862995"><ele>295.871</ele><time>2025-09-28T07:03:01Z</time></trkpt><trkpt lat="45.730555" lon="13.862989"><ele>296.241</ele><time>2025-09-28T07:03:05Z</time></trkpt><trkpt lat="45.730503" lon="13.862956"><ele>297.215</ele><time>2025-09-28T07:03:11Z</time></trkpt><trkpt lat="45.730463" lon="13.862913"><ele>298.009</ele><time>2025-09-28T07:03:13Z</time></trkpt><trkpt lat="45.730406" lon="13.862873"><ele>299.289</ele><time>2025-09-28T07:03:16Z</time></trkpt><trkpt lat="45.730351" lon="13.862855"><ele>300.290</ele><time>2025-09-28T07:03:21Z</time></trkpt><trkpt lat="45.730302" lon="13.862887"><ele>300.870</ele><time>2025-09-28T07:03:25Z</time></trkpt><trkpt lat="45.730253" lon="13.862906"><ele>301.363</ele><time>2025-09-28T07:03:28Z</time></trkpt><trkpt lat="45.730192" lon="13.8629"><ele>301.811</ele><time>2025-09-28T07:03:34Z</time></trkpt><trkpt lat="45.730134" lon="13.862917"><ele>302.051</ele><time>2025-09-28T07:03:39Z</time></trkpt><trkpt lat="45.730078" lon="13.862888"><ele>302.877</ele><time>2025-09-28T07:03:43Z</time></trkpt><trkpt lat="45.73003" lon="13.862852"><ele>303.781</ele><time>2025-09-28T07:03:47Z</time></trkpt><trkpt lat="45.729985" lon="13.86284"><ele>304.135</ele><time>2025-09-28T07:03:51Z</time></trkpt><trkpt lat="45.729929" lon="13.862807"><ele>304.472</ele><time>2025-09-28T07:03:55Z</time></trkpt><trkpt lat="45.72987" lon="13.862792"><ele>304.413</ele><time>2025-09-28T07:03:57Z</time></trkpt><trkpt lat="45.729817" lon="13.862772"><ele>304.414</ele><time>2025-09-28T07:04:04Z</time></trkpt><trkpt lat="45.72977" lon="13.862724"><ele>304.809</ele><time>2025-09-28T07:04:09Z</time></trkpt><trkpt lat="45.72972" lon="13.86272"><ele>304.659</ele><time>2025-09-28T07:04:11Z</time></trkpt><trkpt lat="45.729667" lon="13.862688"><ele>304.480</ele><time>2025-09-28T07:04:15Z</time></trkpt><trkpt lat="45.72963" lon="13.862639"><ele>304.570</ele><time>2025-09-28T07:04:18Z</time></trkpt><trkpt lat="45.729579" lon="13.862597"><ele>304.493</ele><time>2025-09-28T07:04:21Z</time></trkpt><trkpt lat="45.729544" lon="13.862549"><ele>304.511</ele><time>2025-09-28T07:04:24Z</time></trkpt><trkpt lat="45.729534" lon="13.862481"><ele>305.071</ele><time>2025-09-28T07:04:28Z</time></trkpt><trkpt lat="45.729457" lon="13.862435"><ele>304.227</ele><time>2025-09-28T07:04:33Z</time></trkpt><trkpt lat="45.729422" lon="13.86239"><ele>303.731</ele><time>2025-09-28T07:04:35Z</time></trkpt><trkpt lat="45.729386" lon="13.862313"><ele>303.245</ele><time>2025-09-28T07:04:37Z</time></trkpt><trkpt lat="45.729392" lon="13.862247"><ele>303.452</ele><time>2025-09-28T07:04:40Z</time></trkpt><trkpt lat="45.729367" lon="13.862192"><ele>303.153</ele><time>2025-09-28T07:04:42Z</time></trkpt><trkpt lat="45.729366" lon="13.862118"><ele>302.908</ele><time>2025-09-28T07:04:45Z</time></trkpt><trkpt lat="45.729383" lon="13.862038"><ele>302.809</ele><time>2025-09-28T07:04:49Z</time></trkpt><trkpt lat="45.729393" lon="13.861958"><ele>302.717</ele><time>2025-09-28T07:04:51Z</time></trkpt><trkpt lat="45.729405" lon="13.861883"><ele>301.858</ele><time>2025-09-28T07:04:53Z</time></trkpt><trkpt lat="45.729427" lon="13.861768"><ele>300.388</ele><time>2025-09-28T07:04:55Z</time></trkpt><trkpt lat="45.729437" lon="13.861693"><ele>299.361</ele><time>2025-09-28T07:04:57Z</time></trkpt><trkpt lat="45.729454" lon="13.861624"><ele>298.679</ele><time>2025-09-28T07:05:00Z</time></trkpt><trkpt lat="45.729497" lon="13.861594"><ele>299.049</ele><time>2025-09-28T07:05:03Z</time></trkpt><trkpt lat="45.729528" lon="13.861544"><ele>298.995</ele><time>2025-09-28T07:05:06Z</time></trkpt><trkpt lat="45.729559" lon="13.861474"><ele>298.489</ele><time>2025-09-28T07:05:09Z</time></trkpt><trkpt lat="45.729596" lon="13.861437"><ele>298.573</ele><time>2025-09-28T07:05:12Z</time></trkpt><trkpt lat="45.729644" lon="13.861377"><ele>298.545</ele><time>2025-09-28T07:05:15Z</time></trkpt><trkpt lat="45.729687" lon="13.861322"><ele>299.047</ele><time>2025-09-28T07:05:17Z</time></trkpt><trkpt lat="45.729734" lon="13.861258"><ele>299.211</ele><time>2025-09-28T07:05:19Z</time></trkpt><trkpt lat="45.72979" lon="13.86121"><ele>299.509</ele><time>2025-09-28T07:05:21Z</time></trkpt><trkpt lat="45.729838" lon="13.861179"><ele>299.736</ele><time>2025-09-28T07:05:23Z</time></trkpt><trkpt lat="45.729883" lon="13.861112"><ele>299.227</ele><time>2025-09-28T07:05:25Z</time></trkpt><trkpt lat="45.729935" lon="13.861023"><ele>298.147</ele><time>2025-09-28T07:05:28Z</time></trkpt><trkpt lat="45.730007" lon="13.860962"><ele>297.410</ele><time>2025-09-28T07:05:30Z</time></trkpt><trkpt lat="45.730043" lon="13.860915"><ele>297.198</ele><time>2025-09-28T07:05:32Z</time></trkpt><trkpt lat="45.730083" lon="13.860846"><ele>296.488</ele><time>2025-09-28T07:05:35Z</time></trkpt><trkpt lat="45.730112" lon="13.860782"><ele>295.884</ele><time>2025-09-28T07:05:37Z</time></trkpt><trkpt lat="45.730147" lon="13.860716"><ele>295.268</ele><time>2025-09-28T07:05:39Z</time></trkpt><trkpt lat="45.730189" lon="13.860635"><ele>294.632</ele><time>2025-09-28T07:05:41Z</time></trkpt><trkpt lat="45.730248" lon="13.860532"><ele>294.118</ele><time>2025-09-28T07:05:43Z</time></trkpt><trkpt lat="45.730291" lon="13.860441"><ele>293.698</ele><time>2025-09-28T07:05:45Z</time></trkpt><trkpt lat="45.730323" lon="13.860343"><ele>292.817</ele><time>2025-09-28T07:05:47Z</time></trkpt><trkpt lat="45.730373" lon="13.860263"><ele>293.009</ele><time>2025-09-28T07:05:49Z</time></trkpt><trkpt lat="45.730413" lon="13.860169"><ele>293.313</ele><time>2025-09-28T07:05:51Z</time></trkpt><trkpt lat="45.730448" lon="13.860103"><ele>293.764</ele><time>2025-09-28T07:05:53Z</time></trkpt><trkpt lat="45.73048" lon="13.860022"><ele>293.814</ele><time>2025-09-28T07:05:56Z</time></trkpt><trkpt lat="45.730493" lon="13.859937"><ele>293.627</ele><time>2025-09-28T07:05:58Z</time></trkpt><trkpt lat="45.730503" lon="13.859852"><ele>293.595</ele><time>2025-09-28T07:06:00Z</time></trkpt><trkpt lat="45.730534" lon="13.859784"><ele>293.875</ele><time>2025-09-28T07:06:02Z</time></trkpt><trkpt lat="45.730567" lon="13.859709"><ele>293.921</ele><time>2025-09-28T07:06:04Z</time></trkpt><trkpt lat="45.730598" lon="13.859631"><ele>293.515</ele><time>2025-09-28T07:06:06Z</time></trkpt><trkpt lat="45.730623" lon="13.85956"><ele>293.439</ele><time>2025-09-28T07:06:08Z</time></trkpt><trkpt lat="45.730643" lon="13.859498"><ele>293.457</ele><time>2025-09-28T07:06:11Z</time></trkpt><trkpt lat="45.730581" lon="13.859498"><ele>292.700</ele><time>2025-09-28T07:06:26Z</time></trkpt><trkpt lat="45.730518" lon="13.859504"><ele>292.020</ele><time>2025-09-28T07:06:28Z</time></trkpt><trkpt lat="45.730459" lon="13.859537"><ele>291.409</ele><time>2025-09-28T07:06:31Z</time></trkpt><trkpt lat="45.730399" lon="13.859562"><ele>290.757</ele><time>2025-09-28T07:06:33Z</time></trkpt><trkpt lat="45.73034" lon="13.859574"><ele>289.948</ele><time>2025-09-28T07:06:35Z</time></trkpt><trkpt lat="45.730285" lon="13.859603"><ele>289.118</ele><time>2025-09-28T07:06:37Z</time></trkpt><trkpt lat="45.730231" lon="13.859623"><ele>288.711</ele><time>2025-09-28T07:06:39Z</time></trkpt><trkpt lat="45.730172" lon="13.859637"><ele>288.459</ele><time>2025-09-28T07:06:41Z</time></trkpt><trkpt lat="45.730107" lon="13.859641"><ele>288.039</ele><time>2025-09-28T07:06:43Z</time></trkpt><trkpt lat="45.730053" lon="13.859666"><ele>287.515</ele><time>2025-09-28T07:06:45Z</time></trkpt><trkpt lat="45.729979" lon="13.859688"><ele>287.419</ele><time>2025-09-28T07:06:47Z</time></trkpt><trkpt lat="45.729926" lon="13.859709"><ele>288.143</ele><time>2025-09-28T07:06:49Z</time></trkpt><trkpt lat="45.729865" lon="13.859744"><ele>288.943</ele><time>2025-09-28T07:06:52Z</time></trkpt><trkpt lat="45.729802" lon="13.859768"><ele>289.964</ele><time>2025-09-28T07:06:54Z</time></trkpt><trkpt lat="45.729755" lon="13.859782"><ele>290.510</ele><time>2025-09-28T07:06:56Z</time></trkpt><trkpt lat="45.729703" lon="13.859788"><ele>291.409</ele><time>2025-09-28T07:06:59Z</time></trkpt><trkpt lat="45.729643" lon="13.859825"><ele>292.766</ele><time>2025-09-28T07:07:02Z</time></trkpt><trkpt lat="45.729619" lon="13.859896"><ele>293.277</ele><time>2025-09-28T07:07:04Z</time></trkpt><trkpt lat="45.729563" lon="13.859869"><ele>294.417</ele><time>2025-09-28T07:07:06Z</time></trkpt><trkpt lat="45.729511" lon="13.859839"><ele>295.650</ele><time>2025-09-28T07:07:09Z</time></trkpt><trkpt lat="45.729467" lon="13.859878"><ele>296.588</ele><time>2025-09-28T07:07:15Z</time></trkpt><trkpt lat="45.729413" lon="13.859877"><ele>297.468</ele><time>2025-09-28T07:07:19Z</time></trkpt><trkpt lat="45.729362" lon="13.859912"><ele>298.064</ele><time>2025-09-28T07:07:25Z</time></trkpt><trkpt lat="45.729335" lon="13.859968"><ele>298.568</ele><time>2025-09-28T07:07:30Z</time></trkpt><trkpt lat="45.729289" lon="13.85999"><ele>299.232</ele><time>2025-09-28T07:07:36Z</time></trkpt><trkpt lat="45.729257" lon="13.860039"><ele>299.775</ele><time>2025-09-28T07:07:42Z</time></trkpt><trkpt lat="45.729212" lon="13.860075"><ele>300.328</ele><time>2025-09-28T07:07:45Z</time></trkpt><trkpt lat="45.729167" lon="13.860107"><ele>301.020</ele><time>2025-09-28T07:07:48Z</time></trkpt><trkpt lat="45.729117" lon="13.860118"><ele>301.509</ele><time>2025-09-28T07:07:51Z</time></trkpt><trkpt lat="45.729061" lon="13.860133"><ele>302.189</ele><time>2025-09-28T07:07:55Z</time></trkpt><trkpt lat="45.729017" lon="13.860173"><ele>302.610</ele><time>2025-09-28T07:08:00Z</time></trkpt><trkpt lat="45.728963" lon="13.86018"><ele>303.230</ele><time>2025-09-28T07:08:03Z</time></trkpt><trkpt lat="45.728928" lon="13.860233"><ele>303.623</ele><time>2025-09-28T07:08:06Z</time></trkpt><trkpt lat="45.728882" lon="13.860265"><ele>304.021</ele><time>2025-09-28T07:08:11Z</time></trkpt><trkpt lat="45.728834" lon="13.860304"><ele>304.321</ele><time>2025-09-28T07:08:16Z</time></trkpt><trkpt lat="45.728778" lon="13.860302"><ele>304.767</ele><time>2025-09-28T07:08:18Z</time></trkpt><trkpt lat="45.728732" lon="13.860316"><ele>305.141</ele><time>2025-09-28T07:08:20Z</time></trkpt><trkpt lat="45.728684" lon="13.860343"><ele>305.475</ele><time>2025-09-28T07:08:24Z</time></trkpt><trkpt lat="45.728668" lon="13.860413"><ele>305.516</ele><time>2025-09-28T07:08:29Z</time></trkpt><trkpt lat="45.728638" lon="13.860474"><ele>305.776</ele><time>2025-09-28T07:08:34Z</time></trkpt><trkpt lat="45.7286" lon="13.860511"><ele>306.013</ele><time>2025-09-28T07:08:38Z</time></trkpt><trkpt lat="45.728555" lon="13.860556"><ele>305.809</ele><time>2025-09-28T07:08:43Z</time></trkpt><trkpt lat="45.728515" lon="13.86059"><ele>305.873</ele><time>2025-09-28T07:08:45Z</time></trkpt><trkpt lat="45.728462" lon="13.860621"><ele>305.774</ele><time>2025-09-28T07:08:48Z</time></trkpt><trkpt lat="45.728414" lon="13.860636"><ele>305.614</ele><time>2025-09-28T07:08:51Z</time></trkpt><trkpt lat="45.728351" lon="13.860651"><ele>305.417</ele><time>2025-09-28T07:08:54Z</time></trkpt><trkpt lat="45.728304" lon="13.860686"><ele>305.295</ele><time>2025-09-28T07:08:57Z</time></trkpt><trkpt lat="45.728267" lon="13.860731"><ele>305.045</ele><time>2025-09-28T07:09:01Z</time></trkpt><trkpt lat="45.728223" lon="13.860791"><ele>304.741</ele><time>2025-09-28T07:09:06Z</time></trkpt><trkpt lat="45.728168" lon="13.86084"><ele>304.375</ele><time>2025-09-28T07:09:09Z</time></trkpt><trkpt lat="45.728119" lon="13.860869"><ele>303.959</ele><time>2025-09-28T07:09:12Z</time></trkpt><trkpt lat="45.728063" lon="13.860908"><ele>303.649</ele><time>2025-09-28T07:09:14Z</time></trkpt><trkpt lat="45.728011" lon="13.860938"><ele>303.702</ele><time>2025-09-28T07:09:16Z</time></trkpt><trkpt lat="45.727955" lon="13.860972"><ele>303.822</ele><time>2025-09-28T07:09:18Z</time></trkpt><trkpt lat="45.727902" lon="13.861026"><ele>304.009</ele><time>2025-09-28T07:09:21Z</time></trkpt><trkpt lat="45.727851" lon="13.861056"><ele>304.036</ele><time>2025-09-28T07:09:23Z</time></trkpt><trkpt lat="45.72779" lon="13.861081"><ele>303.957</ele><time>2025-09-28T07:09:25Z</time></trkpt><trkpt lat="45.727681" lon="13.861106"><ele>304.357</ele><time>2025-09-28T07:09:27Z</time></trkpt><trkpt lat="45.727626" lon="13.861133"><ele>304.560</ele><time>2025-09-28T07:09:29Z</time></trkpt><trkpt lat="45.727557" lon="13.861162"><ele>304.738</ele><time>2025-09-28T07:09:32Z</time></trkpt><trkpt lat="45.727482" lon="13.861205"><ele>304.728</ele><time>2025-09-28T07:09:35Z</time></trkpt><trkpt lat="45.727436" lon="13.861239"><ele>304.834</ele><time>2025-09-28T07:09:38Z</time></trkpt><trkpt lat="45.727371" lon="13.861262"><ele>304.928</ele><time>2025-09-28T07:09:41Z</time></trkpt><trkpt lat="45.727321" lon="13.861288"><ele>305.052</ele><time>2025-09-28T07:09:43Z</time></trkpt><trkpt lat="45.727278" lon="13.86134"><ele>305.021</ele><time>2025-09-28T07:09:46Z</time></trkpt><trkpt lat="45.727208" lon="13.861397"><ele>305.041</ele><time>2025-09-28T07:09:48Z</time></trkpt><trkpt lat="45.727146" lon="13.861466"><ele>304.805</ele><time>2025-09-28T07:09:50Z</time></trkpt><trkpt lat="45.727051" lon="13.861515"><ele>305.009</ele><time>2025-09-28T07:09:52Z</time></trkpt><trkpt lat="45.727016" lon="13.861556"><ele>305.064</ele><time>2025-09-28T07:09:54Z</time></trkpt><trkpt lat="45.726986" lon="13.861613"><ele>304.915</ele><time>2025-09-28T07:09:56Z</time></trkpt><trkpt lat="45.726938" lon="13.86166"><ele>305.025</ele><time>2025-09-28T07:09:58Z</time></trkpt><trkpt lat="45.726885" lon="13.861708"><ele>303.918</ele><time>2025-09-28T07:10:00Z</time></trkpt><trkpt lat="45.72684" lon="13.861763"><ele>302.856</ele><time>2025-09-28T07:10:02Z</time></trkpt><trkpt lat="45.726794" lon="13.861826"><ele>301.746</ele><time>2025-09-28T07:10:04Z</time></trkpt><trkpt lat="45.726755" lon="13.86186"><ele>300.942</ele><time>2025-09-28T07:10:06Z</time></trkpt><trkpt lat="45.726705" lon="13.861856"><ele>300.426</ele><time>2025-09-28T07:10:09Z</time></trkpt><trkpt lat="45.726648" lon="13.861895"><ele>299.490</ele><time>2025-09-28T07:10:12Z</time></trkpt><trkpt lat="45.726577" lon="13.861906"><ele>299.019</ele><time>2025-09-28T07:10:15Z</time></trkpt><trkpt lat="45.726535" lon="13.86185"><ele>299.209</ele><time>2025-09-28T07:10:18Z</time></trkpt><trkpt lat="45.726526" lon="13.861775"><ele>299.719</ele><time>2025-09-28T07:10:27Z</time></trkpt><trkpt lat="45.726519" lon="13.861702"><ele>300.209</ele><time>2025-09-28T07:10:33Z</time></trkpt><trkpt lat="45.726535" lon="13.861621"><ele>300.733</ele><time>2025-09-28T07:10:40Z</time></trkpt><trkpt lat="45.726525" lon="13.861543"><ele>300.954</ele><time>2025-09-28T07:10:43Z</time></trkpt><trkpt lat="45.726521" lon="13.861471"><ele>301.184</ele><time>2025-09-28T07:10:48Z</time></trkpt><trkpt lat="45.726556" lon="13.861403"><ele>301.887</ele><time>2025-09-28T07:10:53Z</time></trkpt><trkpt lat="45.726589" lon="13.861348"><ele>302.045</ele><time>2025-09-28T07:10:58Z</time></trkpt><trkpt lat="45.726597" lon="13.861272"><ele>301.865</ele><time>2025-09-28T07:11:03Z</time></trkpt><trkpt lat="45.726602" lon="13.861187"><ele>301.651</ele><time>2025-09-28T07:11:06Z</time></trkpt><trkpt lat="45.726641" lon="13.861131"><ele>301.865</ele><time>2025-09-28T07:11:09Z</time></trkpt><trkpt lat="45.726663" lon="13.861058"><ele>302.049</ele><time>2025-09-28T07:11:12Z</time></trkpt><trkpt lat="45.726669" lon="13.86099"><ele>302.037</ele><time>2025-09-28T07:11:16Z</time></trkpt><trkpt lat="45.726699" lon="13.860928"><ele>302.449</ele><time>2025-09-28T07:11:22Z</time></trkpt><trkpt lat="45.7267" lon="13.860856"><ele>302.413</ele><time>2025-09-28T07:11:26Z</time></trkpt><trkpt lat="45.726702" lon="13.860778"><ele>302.209</ele><time>2025-09-28T07:11:29Z</time></trkpt><trkpt lat="45.726695" lon="13.860695"><ele>301.935</ele><time>2025-09-28T07:11:33Z</time></trkpt><trkpt lat="45.726703" lon="13.860617"><ele>301.716</ele><time>2025-09-28T07:11:35Z</time></trkpt><trkpt lat="45.726715" lon="13.860554"><ele>301.746</ele><time>2025-09-28T07:11:38Z</time></trkpt><trkpt lat="45.726708" lon="13.860484"><ele>301.349</ele><time>2025-09-28T07:11:44Z</time></trkpt><trkpt lat="45.726749" lon="13.860419"><ele>301.577</ele><time>2025-09-28T07:11:46Z</time></trkpt><trkpt lat="45.726768" lon="13.860327"><ele>301.357</ele><time>2025-09-28T07:11:49Z</time></trkpt><trkpt lat="45.726778" lon="13.860237"><ele>300.973</ele><time>2025-09-28T07:11:52Z</time></trkpt><trkpt lat="45.726784" lon="13.860161"><ele>300.487</ele><time>2025-09-28T07:11:54Z</time></trkpt><trkpt lat="45.726802" lon="13.860101"><ele>300.291</ele><time>2025-09-28T07:11:58Z</time></trkpt><trkpt lat="45.726796" lon="13.860027"><ele>299.647</ele><time>2025-09-28T07:12:00Z</time></trkpt><trkpt lat="45.726801" lon="13.859943"><ele>298.929</ele><time>2025-09-28T07:12:02Z</time></trkpt><trkpt lat="45.726782" lon="13.859758"><ele>297.121</ele><time>2025-09-28T07:12:04Z</time></trkpt><trkpt lat="45.726747" lon="13.859584"><ele>295.609</ele><time>2025-09-28T07:12:06Z</time></trkpt><trkpt lat="45.726727" lon="13.859508"><ele>294.966</ele><time>2025-09-28T07:12:08Z</time></trkpt><trkpt lat="45.726714" lon="13.859437"><ele>294.477</ele><time>2025-09-28T07:12:10Z</time></trkpt><trkpt lat="45.726731" lon="13.859357"><ele>294.997</ele><time>2025-09-28T07:12:14Z</time></trkpt><trkpt lat="45.726732" lon="13.859279"><ele>295.430</ele><time>2025-09-28T07:12:16Z</time></trkpt><trkpt lat="45.726721" lon="13.859205"><ele>295.838</ele><time>2025-09-28T07:12:19Z</time></trkpt><trkpt lat="45.726716" lon="13.859101"><ele>296.458</ele><time>2025-09-28T07:12:21Z</time></trkpt><trkpt lat="45.726705" lon="13.859037"><ele>296.934</ele><time>2025-09-28T07:12:23Z</time></trkpt><trkpt lat="45.726733" lon="13.858963"><ele>297.388</ele><time>2025-09-28T07:12:26Z</time></trkpt><trkpt lat="45.726731" lon="13.858886"><ele>297.872</ele><time>2025-09-28T07:12:29Z</time></trkpt><trkpt lat="45.726733" lon="13.858794"><ele>298.452</ele><time>2025-09-28T07:12:31Z</time></trkpt><trkpt lat="45.72673" lon="13.858724"><ele>298.853</ele><time>2025-09-28T07:12:33Z</time></trkpt><trkpt lat="45.726711" lon="13.85865"><ele>299.408</ele><time>2025-09-28T07:12:36Z</time></trkpt><trkpt lat="45.726742" lon="13.858599"><ele>299.509</ele><time>2025-09-28T07:12:40Z</time></trkpt><trkpt lat="45.726751" lon="13.858532"><ele>299.957</ele><time>2025-09-28T07:12:42Z</time></trkpt><trkpt lat="45.726766" lon="13.85846"><ele>300.248</ele><time>2025-09-28T07:12:45Z</time></trkpt><trkpt lat="45.726779" lon="13.858387"><ele>300.528</ele><time>2025-09-28T07:12:48Z</time></trkpt><trkpt lat="45.726786" lon="13.858307"><ele>300.841</ele><time>2025-09-28T07:12:53Z</time></trkpt><trkpt lat="45.726786" lon="13.85823"><ele>301.279</ele><time>2025-09-28T07:12:58Z</time></trkpt><trkpt lat="45.726775" lon="13.85815"><ele>301.739</ele><time>2025-09-28T07:13:02Z</time></trkpt><trkpt lat="45.726759" lon="13.858087"><ele>302.225</ele><time>2025-09-28T07:13:05Z</time></trkpt><trkpt lat="45.726741" lon="13.858025"><ele>302.789</ele><time>2025-09-28T07:13:10Z</time></trkpt><trkpt lat="45.726716" lon="13.857937"><ele>303.483</ele><time>2025-09-28T07:13:14Z</time></trkpt><trkpt lat="45.726684" lon="13.85786"><ele>304.284</ele><time>2025-09-28T07:13:17Z</time></trkpt><trkpt lat="45.726643" lon="13.857795"><ele>305.107</ele><time>2025-09-28T07:13:20Z</time></trkpt><trkpt lat="45.726609" lon="13.857731"><ele>305.517</ele><time>2025-09-28T07:13:24Z</time></trkpt><trkpt lat="45.72658" lon="13.857675"><ele>305.909</ele><time>2025-09-28T07:13:26Z</time></trkpt><trkpt lat="45.726527" lon="13.857663"><ele>306.270</ele><time>2025-09-28T07:13:33Z</time></trkpt><trkpt lat="45.726479" lon="13.857649"><ele>306.561</ele><time>2025-09-28T07:13:37Z</time></trkpt><trkpt lat="45.72643" lon="13.857653"><ele>306.891</ele><time>2025-09-28T07:13:43Z</time></trkpt><trkpt lat="45.726385" lon="13.857663"><ele>307.014</ele><time>2025-09-28T07:13:47Z</time></trkpt><trkpt lat="45.726335" lon="13.857671"><ele>307.772</ele><time>2025-09-28T07:13:51Z</time></trkpt><trkpt lat="45.726284" lon="13.857669"><ele>308.342</ele><time>2025-09-28T07:13:57Z</time></trkpt><trkpt lat="45.726235" lon="13.857683"><ele>308.918</ele><time>2025-09-28T07:14:01Z</time></trkpt><trkpt lat="45.72618" lon="13.857678"><ele>309.582</ele><time>2025-09-28T07:14:05Z</time></trkpt><trkpt lat="45.72613" lon="13.857661"><ele>310.246</ele><time>2025-09-28T07:14:09Z</time></trkpt><trkpt lat="45.726084" lon="13.857649"><ele>311.035</ele><time>2025-09-28T07:14:13Z</time></trkpt><trkpt lat="45.726025" lon="13.857647"><ele>312.086</ele><time>2025-09-28T07:14:17Z</time></trkpt><trkpt lat="45.72598" lon="13.857627"><ele>312.914</ele><time>2025-09-28T07:14:21Z</time></trkpt><trkpt lat="45.725934" lon="13.85761"><ele>313.809</ele><time>2025-09-28T07:14:24Z</time></trkpt><trkpt lat="45.725881" lon="13.857621"><ele>314.715</ele><time>2025-09-28T07:14:30Z</time></trkpt><trkpt lat="45.725819" lon="13.857642"><ele>315.676</ele><time>2025-09-28T07:14:34Z</time></trkpt><trkpt lat="45.725781" lon="13.857597"><ele>316.256</ele><time>2025-09-28T07:14:38Z</time></trkpt><trkpt lat="45.725735" lon="13.857597"><ele>316.689</ele><time>2025-09-28T07:14:41Z</time></trkpt><trkpt lat="45.725683" lon="13.857594"><ele>317.127</ele><time>2025-09-28T07:14:45Z</time></trkpt><trkpt lat="45.725634" lon="13.857566"><ele>317.737</ele><time>2025-09-28T07:14:49Z</time></trkpt><trkpt lat="45.725589" lon="13.85754"><ele>318.433</ele><time>2025-09-28T07:14:54Z</time></trkpt><trkpt lat="45.725523" lon="13.857524"><ele>318.757</ele><time>2025-09-28T07:14:58Z</time></trkpt><trkpt lat="45.725477" lon="13.857504"><ele>318.791</ele><time>2025-09-28T07:15:00Z</time></trkpt><trkpt lat="45.725425" lon="13.857504"><ele>318.569</ele><time>2025-09-28T07:15:05Z</time></trkpt><trkpt lat="45.725379" lon="13.857535"><ele>318.204</ele><time>2025-09-28T07:15:10Z</time></trkpt><trkpt lat="45.725323" lon="13.857545"><ele>318.024</ele><time>2025-09-28T07:15:14Z</time></trkpt><trkpt lat="45.725255" lon="13.857538"><ele>317.909</ele><time>2025-09-28T07:15:20Z</time></trkpt><trkpt lat="45.725197" lon="13.857518"><ele>317.968</ele><time>2025-09-28T07:15:23Z</time></trkpt><trkpt lat="45.725145" lon="13.857527"><ele>317.939</ele><time>2025-09-28T07:15:27Z</time></trkpt><trkpt lat="45.725095" lon="13.857547"><ele>317.889</ele><time>2025-09-28T07:15:31Z</time></trkpt><trkpt lat="45.725048" lon="13.857517"><ele>317.922</ele><time>2025-09-28T07:15:34Z</time></trkpt><trkpt lat="45.724978" lon="13.857511"><ele>318.140</ele><time>2025-09-28T07:15:37Z</time></trkpt><trkpt lat="45.72493" lon="13.857509"><ele>318.560</ele><time>2025-09-28T07:15:41Z</time></trkpt><trkpt lat="45.724866" lon="13.857523"><ele>318.876</ele><time>2025-09-28T07:15:44Z</time></trkpt><trkpt lat="45.724817" lon="13.857532"><ele>319.130</ele><time>2025-09-28T07:15:46Z</time></trkpt><trkpt lat="45.724769" lon="13.857574"><ele>319.274</ele><time>2025-09-28T07:15:51Z</time></trkpt><trkpt lat="45.724717" lon="13.857614"><ele>319.295</ele><time>2025-09-28T07:15:55Z</time></trkpt><trkpt lat="45.724668" lon="13.857654"><ele>319.649</ele><time>2025-09-28T07:15:59Z</time></trkpt><trkpt lat="45.724628" lon="13.857689"><ele>319.923</ele><time>2025-09-28T07:16:02Z</time></trkpt><trkpt lat="45.724583" lon="13.857741"><ele>320.209</ele><time>2025-09-28T07:16:06Z</time></trkpt><trkpt lat="45.724553" lon="13.857789"><ele>320.491</ele><time>2025-09-28T07:16:10Z</time></trkpt><trkpt lat="45.724503" lon="13.857824"><ele>321.052</ele><time>2025-09-28T07:16:14Z</time></trkpt><trkpt lat="45.724446" lon="13.857831"><ele>321.852</ele><time>2025-09-28T07:16:19Z</time></trkpt><trkpt lat="45.724406" lon="13.857861"><ele>322.345</ele><time>2025-09-28T07:16:22Z</time></trkpt><trkpt lat="45.724373" lon="13.857917"><ele>322.543</ele><time>2025-09-28T07:16:25Z</time></trkpt><trkpt lat="45.724337" lon="13.857974"><ele>322.843</ele><time>2025-09-28T07:16:30Z</time></trkpt><trkpt lat="45.724308" lon="13.858044"><ele>323.019</ele><time>2025-09-28T07:16:34Z</time></trkpt><trkpt lat="45.724293" lon="13.858107"><ele>323.093</ele><time>2025-09-28T07:16:38Z</time></trkpt><trkpt lat="45.724269" lon="13.85817"><ele>323.227</ele><time>2025-09-28T07:16:41Z</time></trkpt><trkpt lat="45.724251" lon="13.858237"><ele>323.492</ele><time>2025-09-28T07:16:44Z</time></trkpt><trkpt lat="45.724237" lon="13.858307"><ele>323.573</ele><time>2025-09-28T07:16:49Z</time></trkpt><trkpt lat="45.724204" lon="13.858377"><ele>324.020</ele><time>2025-09-28T07:16:54Z</time></trkpt><trkpt lat="45.724171" lon="13.858432"><ele>324.609</ele><time>2025-09-28T07:16:58Z</time></trkpt><trkpt lat="45.724138" lon="13.858493"><ele>324.641</ele><time>2025-09-28T07:17:03Z</time></trkpt><trkpt lat="45.724093" lon="13.858563"><ele>324.772</ele><time>2025-09-28T07:17:08Z</time></trkpt><trkpt lat="45.724051" lon="13.85859"><ele>324.942</ele><time>2025-09-28T07:17:10Z</time></trkpt><trkpt lat="45.724022" lon="13.858647"><ele>324.875</ele><time>2025-09-28T07:17:12Z</time></trkpt><trkpt lat="45.723996" lon="13.858701"><ele>324.793</ele><time>2025-09-28T07:17:14Z</time></trkpt><trkpt lat="45.72397" lon="13.858765"><ele>324.573</ele><time>2025-09-28T07:17:16Z</time></trkpt><trkpt lat="45.723939" lon="13.858817"><ele>324.629</ele><time>2025-09-28T07:17:18Z</time></trkpt><trkpt lat="45.723923" lon="13.85888"><ele>324.563</ele><time>2025-09-28T07:17:20Z</time></trkpt><trkpt lat="45.723904" lon="13.858961"><ele>324.897</ele><time>2025-09-28T07:17:22Z</time></trkpt><trkpt lat="45.723901" lon="13.859029"><ele>324.875</ele><time>2025-09-28T07:17:24Z</time></trkpt><trkpt lat="45.723897" lon="13.859109"><ele>324.928</ele><time>2025-09-28T07:17:26Z</time></trkpt><trkpt lat="45.723891" lon="13.859186"><ele>325.020</ele><time>2025-09-28T07:17:29Z</time></trkpt><trkpt lat="45.723881" lon="13.85926"><ele>325.009</ele><time>2025-09-28T07:17:32Z</time></trkpt><trkpt lat="45.723852" lon="13.859335"><ele>324.969</ele><time>2025-09-28T07:17:34Z</time></trkpt><trkpt lat="45.723797" lon="13.859404"><ele>324.740</ele><time>2025-09-28T07:17:36Z</time></trkpt><trkpt lat="45.723742" lon="13.859462"><ele>324.310</ele><time>2025-09-28T07:17:38Z</time></trkpt><trkpt lat="45.723678" lon="13.859494"><ele>323.973</ele><time>2025-09-28T07:17:40Z</time></trkpt><trkpt lat="45.723616" lon="13.859536"><ele>323.431</ele><time>2025-09-28T07:17:42Z</time></trkpt><trkpt lat="45.723562" lon="13.859567"><ele>323.421</ele><time>2025-09-28T07:17:44Z</time></trkpt><trkpt lat="45.72352" lon="13.859648"><ele>323.117</ele><time>2025-09-28T07:17:46Z</time></trkpt><trkpt lat="45.723497" lon="13.859723"><ele>322.891</ele><time>2025-09-28T07:17:48Z</time></trkpt><trkpt lat="45.72348" lon="13.859805"><ele>322.215</ele><time>2025-09-28T07:17:50Z</time></trkpt><trkpt lat="45.72347" lon="13.859902"><ele>321.495</ele><time>2025-09-28T07:17:52Z</time></trkpt><trkpt lat="45.723464" lon="13.859986"><ele>320.749</ele><time>2025-09-28T07:17:54Z</time></trkpt><trkpt lat="45.723449" lon="13.860051"><ele>320.223</ele><time>2025-09-28T07:17:56Z</time></trkpt><trkpt lat="45.723402" lon="13.860096"><ele>319.909</ele><time>2025-09-28T07:17:59Z</time></trkpt><trkpt lat="45.723355" lon="13.860086"><ele>320.011</ele><time>2025-09-28T07:18:01Z</time></trkpt><trkpt lat="45.723291" lon="13.86008"><ele>320.252</ele><time>2025-09-28T07:18:03Z</time></trkpt><trkpt lat="45.723223" lon="13.860065"><ele>320.662</ele><time>2025-09-28T07:18:06Z</time></trkpt><trkpt lat="45.723173" lon="13.86006"><ele>320.855</ele><time>2025-09-28T07:18:09Z</time></trkpt><trkpt lat="45.723121" lon="13.860063"><ele>320.943</ele><time>2025-09-28T07:18:11Z</time></trkpt><trkpt lat="45.723059" lon="13.860057"><ele>321.293</ele><time>2025-09-28T07:18:13Z</time></trkpt><trkpt lat="45.722999" lon="13.86005"><ele>321.389</ele><time>2025-09-28T07:18:15Z</time></trkpt><trkpt lat="45.722944" lon="13.860043"><ele>321.493</ele><time>2025-09-28T07:18:17Z</time></trkpt><trkpt lat="45.722881" lon="13.860041"><ele>321.597</ele><time>2025-09-28T07:18:21Z</time></trkpt><trkpt lat="45.722835" lon="13.860034"><ele>321.689</ele><time>2025-09-28T07:18:24Z</time></trkpt><trkpt lat="45.722784" lon="13.860033"><ele>321.606</ele><time>2025-09-28T07:18:27Z</time></trkpt><trkpt lat="45.722734" lon="13.860026"><ele>321.826</ele><time>2025-09-28T07:18:31Z</time></trkpt><trkpt lat="45.72269" lon="13.860007"><ele>321.909</ele><time>2025-09-28T07:18:35Z</time></trkpt><trkpt lat="45.722648" lon="13.859981"><ele>322.130</ele><time>2025-09-28T07:18:39Z</time></trkpt><trkpt lat="45.722602" lon="13.859936"><ele>322.251</ele><time>2025-09-28T07:18:44Z</time></trkpt><trkpt lat="45.722549" lon="13.859883"><ele>322.171</ele><time>2025-09-28T07:18:47Z</time></trkpt><trkpt lat="45.722512" lon="13.859822"><ele>322.124</ele><time>2025-09-28T07:18:50Z</time></trkpt><trkpt lat="45.722481" lon="13.859766"><ele>322.132</ele><time>2025-09-28T07:18:53Z</time></trkpt><trkpt lat="45.722451" lon="13.85971"><ele>322.272</ele><time>2025-09-28T07:18:57Z</time></trkpt><trkpt lat="45.722418" lon="13.859658"><ele>322.698</ele><time>2025-09-28T07:19:01Z</time></trkpt><trkpt lat="45.722394" lon="13.859602"><ele>322.992</ele><time>2025-09-28T07:19:04Z</time></trkpt><trkpt lat="45.722363" lon="13.859535"><ele>323.216</ele><time>2025-09-28T07:19:08Z</time></trkpt><trkpt lat="45.722337" lon="13.859471"><ele>323.349</ele><time>2025-09-28T07:19:13Z</time></trkpt><trkpt lat="45.722346" lon="13.859401"><ele>323.602</ele><time>2025-09-28T07:19:18Z</time></trkpt><trkpt lat="45.722318" lon="13.859315"><ele>323.822</ele><time>2025-09-28T07:19:22Z</time></trkpt><trkpt lat="45.722285" lon="13.859232"><ele>324.009</ele><time>2025-09-28T07:19:25Z</time></trkpt><trkpt lat="45.722248" lon="13.859164"><ele>324.146</ele><time>2025-09-28T07:19:28Z</time></trkpt><trkpt lat="45.722234" lon="13.859097"><ele>324.367</ele><time>2025-09-28T07:19:31Z</time></trkpt><trkpt lat="45.722221" lon="13.859017"><ele>324.527</ele><time>2025-09-28T07:19:35Z</time></trkpt><trkpt lat="45.722187" lon="13.858961"><ele>324.790</ele><time>2025-09-28T07:19:39Z</time></trkpt><trkpt lat="45.722162" lon="13.858894"><ele>324.898</ele><time>2025-09-28T07:19:44Z</time></trkpt><trkpt lat="45.722146" lon="13.858823"><ele>325.148</ele><time>2025-09-28T07:19:49Z</time></trkpt><trkpt lat="45.722131" lon="13.858759"><ele>325.434</ele><time>2025-09-28T07:19:52Z</time></trkpt><trkpt lat="45.722104" lon="13.858706"><ele>325.868</ele><time>2025-09-28T07:19:55Z</time></trkpt><trkpt lat="45.722073" lon="13.858653"><ele>326.282</ele><time>2025-09-28T07:19:58Z</time></trkpt><trkpt lat="45.722045" lon="13.858597"><ele>326.833</ele><time>2025-09-28T07:20:01Z</time></trkpt><trkpt lat="45.72201" lon="13.858538"><ele>327.823</ele><time>2025-09-28T07:20:04Z</time></trkpt><trkpt lat="45.721974" lon="13.858464"><ele>329.015</ele><time>2025-09-28T07:20:08Z</time></trkpt><trkpt lat="45.72195" lon="13.858398"><ele>330.009</ele><time>2025-09-28T07:20:12Z</time></trkpt><trkpt lat="45.72193" lon="13.858334"><ele>331.165</ele><time>2025-09-28T07:20:17Z</time></trkpt><trkpt lat="45.721917" lon="13.858263"><ele>332.186</ele><time>2025-09-28T07:20:23Z</time></trkpt><trkpt lat="45.721894" lon="13.858201"><ele>333.156</ele><time>2025-09-28T07:20:27Z</time></trkpt><trkpt lat="45.721903" lon="13.858127"><ele>333.919</ele><time>2025-09-28T07:20:31Z</time></trkpt><trkpt lat="45.72191" lon="13.858052"><ele>334.637</ele><time>2025-09-28T07:20:35Z</time></trkpt><trkpt lat="45.721914" lon="13.857981"><ele>335.157</ele><time>2025-09-28T07:20:38Z</time></trkpt><trkpt lat="45.721904" lon="13.857908"><ele>335.853</ele><time>2025-09-28T07:20:43Z</time></trkpt><trkpt lat="45.721907" lon="13.857825"><ele>336.317</ele><time>2025-09-28T07:20:46Z</time></trkpt><trkpt lat="45.721911" lon="13.857753"><ele>336.841</ele><time>2025-09-28T07:20:50Z</time></trkpt><trkpt lat="45.721909" lon="13.857688"><ele>337.286</ele><time>2025-09-28T07:20:55Z</time></trkpt><trkpt lat="45.721887" lon="13.857624"><ele>338.060</ele><time>2025-09-28T07:21:00Z</time></trkpt><trkpt lat="45.721842" lon="13.857579"><ele>339.026</ele><time>2025-09-28T07:21:03Z</time></trkpt><trkpt lat="45.72183" lon="13.857512"><ele>339.609</ele><time>2025-09-28T07:21:09Z</time></trkpt><trkpt lat="45.721776" lon="13.857456"><ele>340.670</ele><time>2025-09-28T07:21:16Z</time></trkpt><trkpt lat="45.721725" lon="13.857426"><ele>341.481</ele><time>2025-09-28T07:21:20Z</time></trkpt><trkpt lat="45.721681" lon="13.857383"><ele>342.211</ele><time>2025-09-28T07:21:24Z</time></trkpt><trkpt lat="45.721641" lon="13.857336"><ele>342.974</ele><time>2025-09-28T07:21:27Z</time></trkpt><trkpt lat="45.7216" lon="13.857298"><ele>343.572</ele><time>2025-09-28T07:21:31Z</time></trkpt><trkpt lat="45.721545" lon="13.857241"><ele>344.392</ele><time>2025-09-28T07:21:34Z</time></trkpt><trkpt lat="45.721504" lon="13.857202"><ele>344.748</ele><time>2025-09-28T07:21:38Z</time></trkpt><trkpt lat="45.721453" lon="13.857186"><ele>345.212</ele><time>2025-09-28T07:21:41Z</time></trkpt><trkpt lat="45.721407" lon="13.857207"><ele>345.846</ele><time>2025-09-28T07:21:47Z</time></trkpt><trkpt lat="45.721367" lon="13.857248"><ele>346.231</ele><time>2025-09-28T07:21:51Z</time></trkpt><trkpt lat="45.721314" lon="13.85729"><ele>346.761</ele><time>2025-09-28T07:21:55Z</time></trkpt><trkpt lat="45.721282" lon="13.857343"><ele>347.007</ele><time>2025-09-28T07:22:00Z</time></trkpt><trkpt lat="45.721248" lon="13.857388"><ele>347.209</ele><time>2025-09-28T07:22:03Z</time></trkpt><trkpt lat="45.721226" lon="13.85745"><ele>347.385</ele><time>2025-09-28T07:22:07Z</time></trkpt><trkpt lat="45.721198" lon="13.857514"><ele>347.396</ele><time>2025-09-28T07:22:11Z</time></trkpt><trkpt lat="45.721166" lon="13.857574"><ele>347.116</ele><time>2025-09-28T07:22:16Z</time></trkpt><trkpt lat="45.721136" lon="13.857628"><ele>346.969</ele><time>2025-09-28T07:22:19Z</time></trkpt><trkpt lat="45.721101" lon="13.857694"><ele>346.657</ele><time>2025-09-28T07:22:23Z</time></trkpt><trkpt lat="45.721078" lon="13.85776"><ele>346.217</ele><time>2025-09-28T07:22:26Z</time></trkpt><trkpt lat="45.721054" lon="13.857818"><ele>346.083</ele><time>2025-09-28T07:22:29Z</time></trkpt><trkpt lat="45.721021" lon="13.85787"><ele>345.977</ele><time>2025-09-28T07:22:32Z</time></trkpt><trkpt lat="45.720979" lon="13.85792"><ele>345.961</ele><time>2025-09-28T07:22:35Z</time></trkpt><trkpt lat="45.720931" lon="13.857968"><ele>346.223</ele><time>2025-09-28T07:22:39Z</time></trkpt><trkpt lat="45.720893" lon="13.858008"><ele>346.483</ele><time>2025-09-28T07:22:42Z</time></trkpt><trkpt lat="45.720862" lon="13.858056"><ele>346.711</ele><time>2025-09-28T07:22:45Z</time></trkpt><trkpt lat="45.720812" lon="13.858107"><ele>346.809</ele><time>2025-09-28T07:22:49Z</time></trkpt><trkpt lat="45.720775" lon="13.858166"><ele>346.654</ele><time>2025-09-28T07:22:52Z</time></trkpt><trkpt lat="45.72073" lon="13.858205"><ele>346.535</ele><time>2025-09-28T07:22:56Z</time></trkpt><trkpt lat="45.720689" lon="13.858254"><ele>346.325</ele><time>2025-09-28T07:23:00Z</time></trkpt><trkpt lat="45.720637" lon="13.858284"><ele>346.248</ele><time>2025-09-28T07:23:03Z</time></trkpt><trkpt lat="45.720591" lon="13.858323"><ele>346.046</ele><time>2025-09-28T07:23:06Z</time></trkpt><trkpt lat="45.720566" lon="13.858385"><ele>345.826</ele><time>2025-09-28T07:23:09Z</time></trkpt><trkpt lat="45.720516" lon="13.858411"><ele>346.182</ele><time>2025-09-28T07:23:12Z</time></trkpt><trkpt lat="45.720476" lon="13.858462"><ele>346.436</ele><time>2025-09-28T07:23:15Z</time></trkpt><trkpt lat="45.720427" lon="13.858501"><ele>346.940</ele><time>2025-09-28T07:23:19Z</time></trkpt><trkpt lat="45.720385" lon="13.858549"><ele>347.448</ele><time>2025-09-28T07:23:23Z</time></trkpt><trkpt lat="45.72035" lon="13.8586"><ele>347.961</ele><time>2025-09-28T07:23:27Z</time></trkpt><trkpt lat="45.720306" lon="13.858644"><ele>348.717</ele><time>2025-09-28T07:23:32Z</time></trkpt><trkpt lat="45.720265" lon="13.858693"><ele>349.609</ele><time>2025-09-28T07:23:35Z</time></trkpt><trkpt lat="45.720243" lon="13.858761"><ele>350.266</ele><time>2025-09-28T07:23:40Z</time></trkpt><trkpt lat="45.720211" lon="13.858844"><ele>351.137</ele><time>2025-09-28T07:23:44Z</time></trkpt><trkpt lat="45.720179" lon="13.858901"><ele>351.897</ele><time>2025-09-28T07:23:47Z</time></trkpt><trkpt lat="45.720158" lon="13.858976"><ele>352.280</ele><time>2025-09-28T07:23:50Z</time></trkpt><trkpt lat="45.720134" lon="13.859034"><ele>352.648</ele><time>2025-09-28T07:23:54Z</time></trkpt><trkpt lat="45.720093" lon="13.859079"><ele>353.128</ele><time>2025-09-28T07:23:57Z</time></trkpt><trkpt lat="45.720054" lon="13.859151"><ele>353.584</ele><time>2025-09-28T07:24:01Z</time></trkpt><trkpt lat="45.720021" lon="13.859228"><ele>353.668</ele><time>2025-09-28T07:24:04Z</time></trkpt><trkpt lat="45.71999" lon="13.859287"><ele>353.612</ele><time>2025-09-28T07:24:08Z</time></trkpt><trkpt lat="45.719971" lon="13.859354"><ele>353.342</ele><time>2025-09-28T07:24:11Z</time></trkpt><trkpt lat="45.719929" lon="13.859407"><ele>352.922</ele><time>2025-09-28T07:24:15Z</time></trkpt><trkpt lat="45.719893" lon="13.859473"><ele>352.514</ele><time>2025-09-28T07:24:19Z</time></trkpt><trkpt lat="45.719855" lon="13.859527"><ele>352.209</ele><time>2025-09-28T07:24:22Z</time></trkpt><trkpt lat="45.719844" lon="13.859603"><ele>351.956</ele><time>2025-09-28T07:24:26Z</time></trkpt><trkpt lat="45.719815" lon="13.859662"><ele>351.847</ele><time>2025-09-28T07:24:30Z</time></trkpt><trkpt lat="45.719775" lon="13.859728"><ele>351.857</ele><time>2025-09-28T07:24:34Z</time></trkpt><trkpt lat="45.719739" lon="13.859774"><ele>351.990</ele><time>2025-09-28T07:24:36Z</time></trkpt><trkpt lat="45.71972" lon="13.859835"><ele>352.088</ele><time>2025-09-28T07:24:38Z</time></trkpt><trkpt lat="45.719696" lon="13.859918"><ele>352.118</ele><time>2025-09-28T07:24:41Z</time></trkpt><trkpt lat="45.719682" lon="13.859983"><ele>352.034</ele><time>2025-09-28T07:24:43Z</time></trkpt><trkpt lat="45.719648" lon="13.860029"><ele>351.838</ele><time>2025-09-28T07:24:45Z</time></trkpt><trkpt lat="45.719615" lon="13.860093"><ele>351.512</ele><time>2025-09-28T07:24:47Z</time></trkpt><trkpt lat="45.71959" lon="13.860159"><ele>351.161</ele><time>2025-09-28T07:24:50Z</time></trkpt><trkpt lat="45.719558" lon="13.860206"><ele>351.021</ele><time>2025-09-28T07:24:52Z</time></trkpt><trkpt lat="45.719531" lon="13.860274"><ele>350.713</ele><time>2025-09-28T07:24:54Z</time></trkpt><trkpt lat="45.719502" lon="13.860354"><ele>350.509</ele><time>2025-09-28T07:24:56Z</time></trkpt><trkpt lat="45.719474" lon="13.860422"><ele>350.358</ele><time>2025-09-28T07:24:58Z</time></trkpt><trkpt lat="45.719448" lon="13.860485"><ele>350.249</ele><time>2025-09-28T07:25:00Z</time></trkpt><trkpt lat="45.719417" lon="13.860546"><ele>350.299</ele><time>2025-09-28T07:25:02Z</time></trkpt><trkpt lat="45.719402" lon="13.860621"><ele>349.992</ele><time>2025-09-28T07:25:04Z</time></trkpt><trkpt lat="45.719368" lon="13.860687"><ele>349.980</ele><time>2025-09-28T07:25:06Z</time></trkpt><trkpt lat="45.719319" lon="13.860737"><ele>350.270</ele><time>2025-09-28T07:25:08Z</time></trkpt><trkpt lat="45.719275" lon="13.860805"><ele>350.516</ele><time>2025-09-28T07:25:10Z</time></trkpt><trkpt lat="45.719235" lon="13.860881"><ele>350.970</ele><time>2025-09-28T07:25:12Z</time></trkpt><trkpt lat="45.719196" lon="13.860969"><ele>351.574</ele><time>2025-09-28T07:25:14Z</time></trkpt><trkpt lat="45.719156" lon="13.861055"><ele>352.249</ele><time>2025-09-28T07:25:16Z</time></trkpt><trkpt lat="45.719121" lon="13.861126"><ele>352.702</ele><time>2025-09-28T07:25:18Z</time></trkpt><trkpt lat="45.719089" lon="13.861217"><ele>352.322</ele><time>2025-09-28T07:25:20Z</time></trkpt><trkpt lat="45.719051" lon="13.861293"><ele>352.109</ele><time>2025-09-28T07:25:22Z</time></trkpt><trkpt lat="45.719007" lon="13.861362"><ele>352.216</ele><time>2025-09-28T07:25:24Z</time></trkpt><trkpt lat="45.718979" lon="13.861455"><ele>351.737</ele><time>2025-09-28T07:25:26Z</time></trkpt><trkpt lat="45.718943" lon="13.861546"><ele>351.327</ele><time>2025-09-28T07:25:28Z</time></trkpt><trkpt lat="45.718918" lon="13.861623"><ele>350.990</ele><time>2025-09-28T07:25:30Z</time></trkpt><trkpt lat="45.71889" lon="13.861702"><ele>350.968</ele><time>2025-09-28T07:25:32Z</time></trkpt><trkpt lat="45.718863" lon="13.861759"><ele>350.948</ele><time>2025-09-28T07:25:34Z</time></trkpt><trkpt lat="45.718821" lon="13.861847"><ele>351.124</ele><time>2025-09-28T07:25:36Z</time></trkpt><trkpt lat="45.718791" lon="13.861924"><ele>351.128</ele><time>2025-09-28T07:25:38Z</time></trkpt><trkpt lat="45.718775" lon="13.861987"><ele>350.942</ele><time>2025-09-28T07:25:40Z</time></trkpt><trkpt lat="45.718747" lon="13.862051"><ele>350.652</ele><time>2025-09-28T07:25:42Z</time></trkpt><trkpt lat="45.718728" lon="13.862137"><ele>350.053</ele><time>2025-09-28T07:25:45Z</time></trkpt><trkpt lat="45.718706" lon="13.862205"><ele>349.508</ele><time>2025-09-28T07:25:47Z</time></trkpt><trkpt lat="45.71868" lon="13.862286"><ele>349.209</ele><time>2025-09-28T07:25:49Z</time></trkpt><trkpt lat="45.718663" lon="13.862364"><ele>348.967</ele><time>2025-09-28T07:25:51Z</time></trkpt><trkpt lat="45.718639" lon="13.862449"><ele>348.868</ele><time>2025-09-28T07:25:54Z</time></trkpt><trkpt lat="45.718611" lon="13.862527"><ele>348.948</ele><time>2025-09-28T07:25:57Z</time></trkpt><trkpt lat="45.718587" lon="13.862585"><ele>349.291</ele><time>2025-09-28T07:25:59Z</time></trkpt><trkpt lat="45.718566" lon="13.862663"><ele>349.389</ele><time>2025-09-28T07:26:01Z</time></trkpt><trkpt lat="45.718546" lon="13.86274"><ele>349.569</ele><time>2025-09-28T07:26:03Z</time></trkpt><trkpt lat="45.718529" lon="13.862836"><ele>349.995</ele><time>2025-09-28T07:26:06Z</time></trkpt><trkpt lat="45.718514" lon="13.862916"><ele>350.459</ele><time>2025-09-28T07:26:08Z</time></trkpt><trkpt lat="45.718489" lon="13.863002"><ele>351.183</ele><time>2025-09-28T07:26:13Z</time></trkpt><trkpt lat="45.718469" lon="13.86307"><ele>351.653</ele><time>2025-09-28T07:26:16Z</time></trkpt><trkpt lat="45.718459" lon="13.863146"><ele>352.004</ele><time>2025-09-28T07:26:20Z</time></trkpt><trkpt lat="45.718434" lon="13.863265"><ele>352.714</ele><time>2025-09-28T07:26:26Z</time></trkpt><trkpt lat="45.718416" lon="13.863359"><ele>353.209</ele><time>2025-09-28T07:26:30Z</time></trkpt><trkpt lat="45.718397" lon="13.863433"><ele>353.517</ele><time>2025-09-28T07:26:34Z</time></trkpt><trkpt lat="45.718359" lon="13.863489"><ele>353.868</ele><time>2025-09-28T07:26:38Z</time></trkpt><trkpt lat="45.718334" lon="13.863558"><ele>354.078</ele><time>2025-09-28T07:26:43Z</time></trkpt><trkpt lat="45.718314" lon="13.863691"><ele>353.381</ele><time>2025-09-28T07:26:49Z</time></trkpt><trkpt lat="45.718295" lon="13.863757"><ele>352.749</ele><time>2025-09-28T07:26:53Z</time></trkpt><trkpt lat="45.718258" lon="13.86387"><ele>351.649</ele><time>2025-09-28T07:26:59Z</time></trkpt><trkpt lat="45.718233" lon="13.863941"><ele>351.135</ele><time>2025-09-28T07:27:01Z</time></trkpt><trkpt lat="45.718216" lon="13.864022"><ele>350.759</ele><time>2025-09-28T07:27:05Z</time></trkpt><trkpt lat="45.718185" lon="13.864083"><ele>350.293</ele><time>2025-09-28T07:27:08Z</time></trkpt><trkpt lat="45.718149" lon="13.864166"><ele>349.727</ele><time>2025-09-28T07:27:11Z</time></trkpt><trkpt lat="45.718127" lon="13.864247"><ele>349.568</ele><time>2025-09-28T07:27:14Z</time></trkpt><trkpt lat="45.7181" lon="13.86433"><ele>349.314</ele><time>2025-09-28T07:27:17Z</time></trkpt><trkpt lat="45.71808" lon="13.864391"><ele>349.209</ele><time>2025-09-28T07:27:19Z</time></trkpt><trkpt lat="45.718053" lon="13.864443"><ele>349.074</ele><time>2025-09-28T07:27:22Z</time></trkpt><trkpt lat="45.718031" lon="13.864518"><ele>349.045</ele><time>2025-09-28T07:27:25Z</time></trkpt><trkpt lat="45.718018" lon="13.864603"><ele>348.835</ele><time>2025-09-28T07:27:28Z</time></trkpt><trkpt lat="45.718006" lon="13.864672"><ele>348.648</ele><time>2025-09-28T07:27:30Z</time></trkpt><trkpt lat="45.717975" lon="13.864747"><ele>348.616</ele><time>2025-09-28T07:27:32Z</time></trkpt><trkpt lat="45.717951" lon="13.864826"><ele>348.696</ele><time>2025-09-28T07:27:34Z</time></trkpt><trkpt lat="45.717914" lon="13.864905"><ele>348.742</ele><time>2025-09-28T07:27:36Z</time></trkpt><trkpt lat="45.717889" lon="13.865012"><ele>348.796</ele><time>2025-09-28T07:27:38Z</time></trkpt><trkpt lat="45.717847" lon="13.865096"><ele>349.410</ele><time>2025-09-28T07:27:40Z</time></trkpt><trkpt lat="45.717817" lon="13.865165"><ele>350.064</ele><time>2025-09-28T07:27:42Z</time></trkpt><trkpt lat="45.717788" lon="13.865278"><ele>350.906</ele><time>2025-09-28T07:27:45Z</time></trkpt><trkpt lat="45.717762" lon="13.865389"><ele>352.416</ele><time>2025-09-28T07:27:47Z</time></trkpt><trkpt lat="45.717712" lon="13.86549"><ele>353.909</ele><time>2025-09-28T07:27:49Z</time></trkpt><trkpt lat="45.717673" lon="13.865581"><ele>354.848</ele><time>2025-09-28T07:27:51Z</time></trkpt><trkpt lat="45.717647" lon="13.865659"><ele>354.939</ele><time>2025-09-28T07:27:53Z</time></trkpt><trkpt lat="45.71762" lon="13.865716"><ele>355.159</ele><time>2025-09-28T07:27:55Z</time></trkpt><trkpt lat="45.717597" lon="13.865775"><ele>355.362</ele><time>2025-09-28T07:27:57Z</time></trkpt><trkpt lat="45.717574" lon="13.865841"><ele>355.540</ele><time>2025-09-28T07:27:59Z</time></trkpt><trkpt lat="45.717552" lon="13.86591"><ele>355.660</ele><time>2025-09-28T07:28:01Z</time></trkpt><trkpt lat="45.717526" lon="13.865971"><ele>355.886</ele><time>2025-09-28T07:28:03Z</time></trkpt><trkpt lat="45.717496" lon="13.866048"><ele>356.060</ele><time>2025-09-28T07:28:05Z</time></trkpt><trkpt lat="45.717471" lon="13.866116"><ele>356.134</ele><time>2025-09-28T07:28:07Z</time></trkpt><trkpt lat="45.717447" lon="13.866176"><ele>356.044</ele><time>2025-09-28T07:28:09Z</time></trkpt><trkpt lat="45.717423" lon="13.866245"><ele>355.805</ele><time>2025-09-28T07:28:11Z</time></trkpt><trkpt lat="45.717399" lon="13.866317"><ele>355.615</ele><time>2025-09-28T07:28:13Z</time></trkpt><trkpt lat="45.717363" lon="13.866396"><ele>355.509</ele><time>2025-09-28T07:28:15Z</time></trkpt><trkpt lat="45.717325" lon="13.866476"><ele>355.476</ele><time>2025-09-28T07:28:17Z</time></trkpt><trkpt lat="45.717305" lon="13.866565"><ele>355.337</ele><time>2025-09-28T07:28:19Z</time></trkpt><trkpt lat="45.717278" lon="13.866642"><ele>355.467</ele><time>2025-09-28T07:28:21Z</time></trkpt><trkpt lat="45.717244" lon="13.866723"><ele>355.760</ele><time>2025-09-28T07:28:23Z</time></trkpt><trkpt lat="45.717205" lon="13.866781"><ele>356.058</ele><time>2025-09-28T07:28:25Z</time></trkpt><trkpt lat="45.717157" lon="13.866812"><ele>356.198</ele><time>2025-09-28T07:28:30Z</time></trkpt><trkpt lat="45.717114" lon="13.866855"><ele>356.124</ele><time>2025-09-28T07:28:33Z</time></trkpt><trkpt lat="45.717106" lon="13.866926"><ele>356.098</ele><time>2025-09-28T07:28:36Z</time></trkpt><trkpt lat="45.717098" lon="13.867004"><ele>355.882</ele><time>2025-09-28T07:28:40Z</time></trkpt><trkpt lat="45.71708" lon="13.86707"><ele>355.692</ele><time>2025-09-28T07:28:44Z</time></trkpt><trkpt lat="45.717047" lon="13.867134"><ele>355.573</ele><time>2025-09-28T07:28:48Z</time></trkpt><trkpt lat="45.717004" lon="13.867182"><ele>355.620</ele><time>2025-09-28T07:28:53Z</time></trkpt><trkpt lat="45.716987" lon="13.867259"><ele>355.709</ele><time>2025-09-28T07:28:57Z</time></trkpt><trkpt lat="45.716956" lon="13.86733"><ele>355.941</ele><time>2025-09-28T07:29:00Z</time></trkpt><trkpt lat="45.716926" lon="13.867395"><ele>355.932</ele><time>2025-09-28T07:29:06Z</time></trkpt><trkpt lat="45.716894" lon="13.867451"><ele>355.862</ele><time>2025-09-28T07:29:10Z</time></trkpt><trkpt lat="45.716885" lon="13.867532"><ele>355.735</ele><time>2025-09-28T07:29:14Z</time></trkpt><trkpt lat="45.716872" lon="13.867601"><ele>355.453</ele><time>2025-09-28T07:29:17Z</time></trkpt><trkpt lat="45.716828" lon="13.867639"><ele>355.493</ele><time>2025-09-28T07:29:19Z</time></trkpt><trkpt lat="45.716778" lon="13.867694"><ele>355.779</ele><time>2025-09-28T07:29:21Z</time></trkpt><trkpt lat="45.716757" lon="13.867754"><ele>356.073</ele><time>2025-09-28T07:29:23Z</time></trkpt><trkpt lat="45.716722" lon="13.867805"><ele>356.137</ele><time>2025-09-28T07:29:25Z</time></trkpt><trkpt lat="45.716679" lon="13.867878"><ele>355.857</ele><time>2025-09-28T07:29:27Z</time></trkpt><trkpt lat="45.716622" lon="13.86795"><ele>355.400</ele><time>2025-09-28T07:29:29Z</time></trkpt><trkpt lat="45.716585" lon="13.86801"><ele>355.020</ele><time>2025-09-28T07:29:31Z</time></trkpt><trkpt lat="45.716539" lon="13.868062"><ele>354.809</ele><time>2025-09-28T07:29:33Z</time></trkpt><trkpt lat="45.7165" lon="13.868122"><ele>354.157</ele><time>2025-09-28T07:29:35Z</time></trkpt><trkpt lat="45.716457" lon="13.868187"><ele>353.398</ele><time>2025-09-28T07:29:37Z</time></trkpt><trkpt lat="45.716415" lon="13.868225"><ele>352.828</ele><time>2025-09-28T07:29:39Z</time></trkpt><trkpt lat="45.716363" lon="13.868279"><ele>351.991</ele><time>2025-09-28T07:29:41Z</time></trkpt><trkpt lat="45.716317" lon="13.868343"><ele>350.919</ele><time>2025-09-28T07:29:43Z</time></trkpt><trkpt lat="45.716264" lon="13.868387"><ele>350.349</ele><time>2025-09-28T07:29:45Z</time></trkpt><trkpt lat="45.716209" lon="13.868459"><ele>349.625</ele><time>2025-09-28T07:29:48Z</time></trkpt><trkpt lat="45.71616" lon="13.868501"><ele>349.549</ele><time>2025-09-28T07:29:50Z</time></trkpt><trkpt lat="45.716099" lon="13.868553"><ele>349.553</ele><time>2025-09-28T07:29:52Z</time></trkpt><trkpt lat="45.71604" lon="13.868606"><ele>349.327</ele><time>2025-09-28T07:29:54Z</time></trkpt><trkpt lat="45.715965" lon="13.868648"><ele>349.068</ele><time>2025-09-28T07:29:56Z</time></trkpt><trkpt lat="45.715898" lon="13.868683"><ele>348.714</ele><time>2025-09-28T07:29:58Z</time></trkpt><trkpt lat="45.715842" lon="13.868732"><ele>348.209</ele><time>2025-09-28T07:30:00Z</time></trkpt><trkpt lat="45.715795" lon="13.868766"><ele>347.824</ele><time>2025-09-28T07:30:02Z</time></trkpt><trkpt lat="45.715729" lon="13.868798"><ele>347.695</ele><time>2025-09-28T07:30:04Z</time></trkpt><trkpt lat="45.715665" lon="13.868832"><ele>347.325</ele><time>2025-09-28T07:30:06Z</time></trkpt><trkpt lat="45.715613" lon="13.868884"><ele>346.918</ele><time>2025-09-28T07:30:08Z</time></trkpt><trkpt lat="45.715568" lon="13.868942"><ele>346.776</ele><time>2025-09-28T07:30:10Z</time></trkpt><trkpt lat="45.715525" lon="13.868996"><ele>346.966</ele><time>2025-09-28T07:30:12Z</time></trkpt><trkpt lat="45.715491" lon="13.869043"><ele>347.052</ele><time>2025-09-28T07:30:14Z</time></trkpt><trkpt lat="45.715462" lon="13.869114"><ele>346.926</ele><time>2025-09-28T07:30:17Z</time></trkpt><trkpt lat="45.715445" lon="13.869174"><ele>346.880</ele><time>2025-09-28T07:30:19Z</time></trkpt><trkpt lat="45.715414" lon="13.869241"><ele>346.952</ele><time>2025-09-28T07:30:21Z</time></trkpt><trkpt lat="45.71539" lon="13.869316"><ele>346.953</ele><time>2025-09-28T07:30:23Z</time></trkpt><trkpt lat="45.715354" lon="13.8694"><ele>346.808</ele><time>2025-09-28T07:30:25Z</time></trkpt><trkpt lat="45.71533" lon="13.869457"><ele>346.809</ele><time>2025-09-28T07:30:27Z</time></trkpt><trkpt lat="45.715307" lon="13.869554"><ele>346.537</ele><time>2025-09-28T07:30:30Z</time></trkpt><trkpt lat="45.715275" lon="13.869629"><ele>346.378</ele><time>2025-09-28T07:30:33Z</time></trkpt><trkpt lat="45.715239" lon="13.869702"><ele>345.878</ele><time>2025-09-28T07:30:35Z</time></trkpt><trkpt lat="45.715173" lon="13.869804"><ele>344.461</ele><time>2025-09-28T07:30:38Z</time></trkpt><trkpt lat="45.715141" lon="13.869881"><ele>343.679</ele><time>2025-09-28T07:30:40Z</time></trkpt><trkpt lat="45.715059" lon="13.869907"><ele>343.319</ele><time>2025-09-28T07:30:42Z</time></trkpt><trkpt lat="45.714978" lon="13.869924"><ele>344.215</ele><time>2025-09-28T07:30:44Z</time></trkpt><trkpt lat="45.71487" lon="13.869896"><ele>349.269</ele><time>2025-09-28T07:30:46Z</time></trkpt><trkpt lat="45.714781" lon="13.869882"><ele>353.233</ele><time>2025-09-28T07:30:48Z</time></trkpt><trkpt lat="45.714708" lon="13.869867"><ele>357.083</ele><time>2025-09-28T07:30:50Z</time></trkpt><trkpt lat="45.714642" lon="13.869881"><ele>361.425</ele><time>2025-09-28T07:30:52Z</time></trkpt><trkpt lat="45.714591" lon="13.869929"><ele>364.417</ele><time>2025-09-28T07:30:54Z</time></trkpt><trkpt lat="45.714571" lon="13.869993"><ele>364.909</ele><time>2025-09-28T07:30:56Z</time></trkpt><trkpt lat="45.714553" lon="13.870059"><ele>364.970</ele><time>2025-09-28T07:30:58Z</time></trkpt><trkpt lat="45.714558" lon="13.87016"><ele>362.751</ele><time>2025-09-28T07:31:00Z</time></trkpt><trkpt lat="45.714563" lon="13.870258"><ele>360.521</ele><time>2025-09-28T07:31:02Z</time></trkpt><trkpt lat="45.714566" lon="13.870349"><ele>358.584</ele><time>2025-09-28T07:31:04Z</time></trkpt><trkpt lat="45.714563" lon="13.870427"><ele>356.922</ele><time>2025-09-28T07:31:06Z</time></trkpt><trkpt lat="45.714556" lon="13.870498"><ele>355.882</ele><time>2025-09-28T07:31:08Z</time></trkpt><trkpt lat="45.714553" lon="13.87057"><ele>354.458</ele><time>2025-09-28T07:31:10Z</time></trkpt><trkpt lat="45.714541" lon="13.87064"><ele>353.322</ele><time>2025-09-28T07:31:12Z</time></trkpt><trkpt lat="45.714528" lon="13.870715"><ele>352.196</ele><time>2025-09-28T07:31:14Z</time></trkpt><trkpt lat="45.714507" lon="13.870782"><ele>351.464</ele><time>2025-09-28T07:31:16Z</time></trkpt><trkpt lat="45.714492" lon="13.870872"><ele>349.906</ele><time>2025-09-28T07:31:19Z</time></trkpt><trkpt lat="45.714482" lon="13.870963"><ele>348.216</ele><time>2025-09-28T07:31:22Z</time></trkpt><trkpt lat="45.714456" lon="13.871022"><ele>347.809</ele><time>2025-09-28T07:31:24Z</time></trkpt><trkpt lat="45.714423" lon="13.871116"><ele>347.178</ele><time>2025-09-28T07:31:26Z</time></trkpt><trkpt lat="45.714389" lon="13.87121"><ele>347.929</ele><time>2025-09-28T07:31:28Z</time></trkpt><trkpt lat="45.714354" lon="13.87129"><ele>348.549</ele><time>2025-09-28T07:31:30Z</time></trkpt><trkpt lat="45.714331" lon="13.871362"><ele>348.592</ele><time>2025-09-28T07:31:32Z</time></trkpt><trkpt lat="45.714295" lon="13.871424"><ele>349.180</ele><time>2025-09-28T07:31:34Z</time></trkpt><trkpt lat="45.714257" lon="13.871489"><ele>349.750</ele><time>2025-09-28T07:31:36Z</time></trkpt><trkpt lat="45.714216" lon="13.871537"><ele>350.476</ele><time>2025-09-28T07:31:38Z</time></trkpt><trkpt lat="45.714176" lon="13.871568"><ele>351.290</ele><time>2025-09-28T07:31:40Z</time></trkpt><trkpt lat="45.714197" lon="13.871488"><ele>351.644</ele><time>2025-09-28T07:31:49Z</time></trkpt><trkpt lat="45.714203" lon="13.871408"><ele>352.428</ele><time>2025-09-28T07:31:52Z</time></trkpt><trkpt lat="45.714203" lon="13.871341"><ele>353.889</ele><time>2025-09-28T07:31:55Z</time></trkpt><trkpt lat="45.714211" lon="13.87127"><ele>355.117</ele><time>2025-09-28T07:31:58Z</time></trkpt><trkpt lat="45.714221" lon="13.8712"><ele>356.109</ele><time>2025-09-28T07:32:01Z</time></trkpt><trkpt lat="45.714223" lon="13.87111"><ele>358.024</ele><time>2025-09-28T07:32:04Z</time></trkpt><trkpt lat="45.714239" lon="13.871037"><ele>359.025</ele><time>2025-09-28T07:32:07Z</time></trkpt><trkpt lat="45.714251" lon="13.870974"><ele>359.945</ele><time>2025-09-28T07:32:10Z</time></trkpt><trkpt lat="45.714259" lon="13.870906"><ele>361.248</ele><time>2025-09-28T07:32:13Z</time></trkpt><trkpt lat="45.714264" lon="13.870841"><ele>362.666</ele><time>2025-09-28T07:32:19Z</time></trkpt><trkpt lat="45.71425" lon="13.870762"><ele>365.086</ele><time>2025-09-28T07:32:24Z</time></trkpt><trkpt lat="45.714261" lon="13.870697"><ele>365.912</ele><time>2025-09-28T07:32:29Z</time></trkpt><trkpt lat="45.714277" lon="13.870627"><ele>366.626</ele><time>2025-09-28T07:32:33Z</time></trkpt><trkpt lat="45.714303" lon="13.870558"><ele>367.140</ele><time>2025-09-28T07:32:37Z</time></trkpt><trkpt lat="45.714315" lon="13.870488"><ele>368.127</ele><time>2025-09-28T07:32:41Z</time></trkpt><trkpt lat="45.71431" lon="13.870417"><ele>369.868</ele><time>2025-09-28T07:32:46Z</time></trkpt><trkpt lat="45.714323" lon="13.870352"><ele>370.614</ele><time>2025-09-28T07:32:50Z</time></trkpt><trkpt lat="45.714328" lon="13.87028"><ele>372.009</ele><time>2025-09-28T07:32:54Z</time></trkpt><trkpt lat="45.71436" lon="13.870225"><ele>371.844</ele><time>2025-09-28T07:32:58Z</time></trkpt><trkpt lat="45.714353" lon="13.870153"><ele>373.825</ele><time>2025-09-28T07:33:02Z</time></trkpt><trkpt lat="45.71435" lon="13.870071"><ele>375.845</ele><time>2025-09-28T07:33:07Z</time></trkpt><trkpt lat="45.714374" lon="13.870005"><ele>376.218</ele><time>2025-09-28T07:33:12Z</time></trkpt><trkpt lat="45.714383" lon="13.869931"><ele>377.296</ele><time>2025-09-28T07:33:16Z</time></trkpt><trkpt lat="45.714373" lon="13.869864"><ele>379.066</ele><time>2025-09-28T07:33:21Z</time></trkpt><trkpt lat="45.714383" lon="13.869788"><ele>380.052</ele><time>2025-09-28T07:33:25Z</time></trkpt><trkpt lat="45.714386" lon="13.869709"><ele>381.396</ele><time>2025-09-28T07:33:29Z</time></trkpt><trkpt lat="45.714395" lon="13.869636"><ele>381.590</ele><time>2025-09-28T07:33:33Z</time></trkpt><trkpt lat="45.714417" lon="13.869576"><ele>381.023</ele><time>2025-09-28T07:33:36Z</time></trkpt><trkpt lat="45.714416" lon="13.869506"><ele>381.783</ele><time>2025-09-28T07:33:39Z</time></trkpt><trkpt lat="45.714446" lon="13.869436"><ele>380.911</ele><time>2025-09-28T07:33:43Z</time></trkpt><trkpt lat="45.714451" lon="13.869365"><ele>380.309</ele><time>2025-09-28T07:33:47Z</time></trkpt><trkpt lat="45.714447" lon="13.869291"><ele>380.324</ele><time>2025-09-28T07:33:52Z</time></trkpt><trkpt lat="45.714464" lon="13.86922"><ele>379.215</ele><time>2025-09-28T07:33:56Z</time></trkpt><trkpt lat="45.714482" lon="13.869152"><ele>378.265</ele><time>2025-09-28T07:34:00Z</time></trkpt><trkpt lat="45.714478" lon="13.869086"><ele>378.348</ele><time>2025-09-28T07:34:04Z</time></trkpt><trkpt lat="45.714477" lon="13.869"><ele>378.286</ele><time>2025-09-28T07:34:08Z</time></trkpt><trkpt lat="45.714478" lon="13.868928"><ele>378.186</ele><time>2025-09-28T07:34:12Z</time></trkpt><trkpt lat="45.714481" lon="13.868862"><ele>378.392</ele><time>2025-09-28T07:34:16Z</time></trkpt><trkpt lat="45.714481" lon="13.868791"><ele>379.186</ele><time>2025-09-28T07:34:19Z</time></trkpt><trkpt lat="45.714487" lon="13.868709"><ele>379.820</ele><time>2025-09-28T07:34:23Z</time></trkpt><trkpt lat="45.714491" lon="13.868636"><ele>380.478</ele><time>2025-09-28T07:34:27Z</time></trkpt><trkpt lat="45.714517" lon="13.868557"><ele>379.833</ele><time>2025-09-28T07:34:32Z</time></trkpt><trkpt lat="45.714527" lon="13.868475"><ele>380.026</ele><time>2025-09-28T07:34:36Z</time></trkpt><trkpt lat="45.714536" lon="13.868409"><ele>380.109</ele><time>2025-09-28T07:34:39Z</time></trkpt><trkpt lat="45.714537" lon="13.868329"><ele>380.719</ele><time>2025-09-28T07:34:43Z</time></trkpt><trkpt lat="45.714538" lon="13.868261"><ele>381.310</ele><time>2025-09-28T07:34:47Z</time></trkpt><trkpt lat="45.714559" lon="13.868175"><ele>381.020</ele><time>2025-09-28T07:34:50Z</time></trkpt><trkpt lat="45.714571" lon="13.868075"><ele>381.453</ele><time>2025-09-28T07:34:53Z</time></trkpt><trkpt lat="45.714575" lon="13.867988"><ele>382.361</ele><time>2025-09-28T07:34:55Z</time></trkpt><trkpt lat="45.714582" lon="13.867898"><ele>383.141</ele><time>2025-09-28T07:34:57Z</time></trkpt><trkpt lat="45.714596" lon="13.867812"><ele>383.577</ele><time>2025-09-28T07:34:59Z</time></trkpt><trkpt lat="45.714597" lon="13.867726"><ele>384.221</ele><time>2025-09-28T07:35:01Z</time></trkpt><trkpt lat="45.714612" lon="13.86764"><ele>384.295</ele><time>2025-09-28T07:35:03Z</time></trkpt><trkpt lat="45.71462" lon="13.867556"><ele>384.433</ele><time>2025-09-28T07:35:05Z</time></trkpt><trkpt lat="45.714624" lon="13.86745"><ele>384.823</ele><time>2025-09-28T07:35:07Z</time></trkpt><trkpt lat="45.714629" lon="13.867361"><ele>385.015</ele><time>2025-09-28T07:35:09Z</time></trkpt><trkpt lat="45.714622" lon="13.867281"><ele>385.809</ele><time>2025-09-28T07:35:11Z</time></trkpt><trkpt lat="45.714624" lon="13.867192"><ele>386.155</ele><time>2025-09-28T07:35:13Z</time></trkpt><trkpt lat="45.71462" lon="13.867101"><ele>386.526</ele><time>2025-09-28T07:35:15Z</time></trkpt><trkpt lat="45.714612" lon="13.867012"><ele>387.246</ele><time>2025-09-28T07:35:17Z</time></trkpt><trkpt lat="45.714607" lon="13.866928"><ele>387.539</ele><time>2025-09-28T07:35:19Z</time></trkpt><trkpt lat="45.714594" lon="13.86684"><ele>387.957</ele><time>2025-09-28T07:35:22Z</time></trkpt><trkpt lat="45.714594" lon="13.866763"><ele>387.897</ele><time>2025-09-28T07:35:24Z</time></trkpt><trkpt lat="45.71459" lon="13.866693"><ele>387.843</ele><time>2025-09-28T07:35:26Z</time></trkpt><trkpt lat="45.714596" lon="13.866611"><ele>387.327</ele><time>2025-09-28T07:35:28Z</time></trkpt><trkpt lat="45.714586" lon="13.866528"><ele>387.421</ele><time>2025-09-28T07:35:30Z</time></trkpt><trkpt lat="45.71458" lon="13.866463"><ele>387.449</ele><time>2025-09-28T07:35:32Z</time></trkpt><trkpt lat="45.714589" lon="13.866385"><ele>386.702</ele><time>2025-09-28T07:35:35Z</time></trkpt><trkpt lat="45.71459" lon="13.866308"><ele>386.422</ele><time>2025-09-28T07:35:39Z</time></trkpt><trkpt lat="45.714602" lon="13.866229"><ele>385.609</ele><time>2025-09-28T07:35:43Z</time></trkpt><trkpt lat="45.71462" lon="13.866157"><ele>384.626</ele><time>2025-09-28T07:35:46Z</time></trkpt><trkpt lat="45.714621" lon="13.866068"><ele>384.437</ele><time>2025-09-28T07:35:50Z</time></trkpt><trkpt lat="45.714618" lon="13.865999"><ele>384.787</ele><time>2025-09-28T07:35:53Z</time></trkpt><trkpt lat="45.714603" lon="13.865933"><ele>385.480</ele><time>2025-09-28T07:35:56Z</time></trkpt><trkpt lat="45.714588" lon="13.865872"><ele>386.298</ele><time>2025-09-28T07:35:59Z</time></trkpt><trkpt lat="45.714591" lon="13.865797"><ele>386.388</ele><time>2025-09-28T07:36:02Z</time></trkpt><trkpt lat="45.714588" lon="13.865716"><ele>386.774</ele><time>2025-09-28T07:36:05Z</time></trkpt><trkpt lat="45.714576" lon="13.865639"><ele>387.578</ele><time>2025-09-28T07:36:09Z</time></trkpt><trkpt lat="45.714556" lon="13.865568"><ele>388.772</ele><time>2025-09-28T07:36:12Z</time></trkpt><trkpt lat="45.714554" lon="13.865484"><ele>389.315</ele><time>2025-09-28T07:36:15Z</time></trkpt><trkpt lat="45.714554" lon="13.865419"><ele>389.865</ele><time>2025-09-28T07:36:19Z</time></trkpt><trkpt lat="45.714565" lon="13.865337"><ele>389.711</ele><time>2025-09-28T07:36:22Z</time></trkpt><trkpt lat="45.714575" lon="13.865267"><ele>389.509</ele><time>2025-09-28T07:36:26Z</time></trkpt><trkpt lat="45.714557" lon="13.865192"><ele>391.073</ele><time>2025-09-28T07:36:31Z</time></trkpt><trkpt lat="45.714545" lon="13.865123"><ele>392.124</ele><time>2025-09-28T07:36:36Z</time></trkpt><trkpt lat="45.714538" lon="13.865052"><ele>393.054</ele><time>2025-09-28T07:36:40Z</time></trkpt><trkpt lat="45.714521" lon="13.864974"><ele>394.167</ele><time>2025-09-28T07:36:44Z</time></trkpt><trkpt lat="45.714508" lon="13.864898"><ele>394.195</ele><time>2025-09-28T07:36:48Z</time></trkpt><trkpt lat="45.714507" lon="13.864832"><ele>393.555</ele><time>2025-09-28T07:36:52Z</time></trkpt><trkpt lat="45.71449" lon="13.864755"><ele>393.771</ele><time>2025-09-28T07:36:56Z</time></trkpt><trkpt lat="45.714501" lon="13.864678"><ele>392.115</ele><time>2025-09-28T07:37:01Z</time></trkpt><trkpt lat="45.714488" lon="13.864606"><ele>391.889</ele><time>2025-09-28T07:37:05Z</time></trkpt><trkpt lat="45.714466" lon="13.864546"><ele>392.244</ele><time>2025-09-28T07:37:08Z</time></trkpt><trkpt lat="45.714449" lon="13.864481"><ele>392.305</ele><time>2025-09-28T07:37:11Z</time></trkpt><trkpt lat="45.71444" lon="13.864417"><ele>391.915</ele><time>2025-09-28T07:37:14Z</time></trkpt><trkpt lat="45.714426" lon="13.864353"><ele>391.909</ele><time>2025-09-28T07:37:17Z</time></trkpt><trkpt lat="45.714426" lon="13.864285"><ele>390.996</ele><time>2025-09-28T07:37:21Z</time></trkpt><trkpt lat="45.714402" lon="13.864205"><ele>391.577</ele><time>2025-09-28T07:37:26Z</time></trkpt><trkpt lat="45.714358" lon="13.864225"><ele>394.917</ele><time>2025-09-28T07:37:31Z</time></trkpt><trkpt lat="45.714361" lon="13.864293"><ele>395.490</ele><time>2025-09-28T07:37:41Z</time></trkpt><trkpt lat="45.714367" lon="13.864375"><ele>395.958</ele><time>2025-09-28T07:37:46Z</time></trkpt><trkpt lat="45.714357" lon="13.86444"><ele>397.328</ele><time>2025-09-28T07:37:51Z</time></trkpt><trkpt lat="45.71433" lon="13.864493"><ele>399.464</ele><time>2025-09-28T07:37:54Z</time></trkpt><trkpt lat="45.7143" lon="13.864558"><ele>401.658</ele><time>2025-09-28T07:37:58Z</time></trkpt><trkpt lat="45.714283" lon="13.864619"><ele>402.972</ele><time>2025-09-28T07:38:05Z</time></trkpt><trkpt lat="45.714272" lon="13.864688"><ele>403.937</ele><time>2025-09-28T07:38:11Z</time></trkpt><trkpt lat="45.714255" lon="13.864749"><ele>404.849</ele><time>2025-09-28T07:38:16Z</time></trkpt><trkpt lat="45.714234" lon="13.864819"><ele>405.313</ele><time>2025-09-28T07:38:20Z</time></trkpt><trkpt lat="45.714207" lon="13.864886"><ele>405.909</ele><time>2025-09-28T07:38:23Z</time></trkpt><trkpt lat="45.714175" lon="13.864969"><ele>406.195</ele><time>2025-09-28T07:38:29Z</time></trkpt><trkpt lat="45.71418" lon="13.865036"><ele>405.316</ele><time>2025-09-28T07:38:33Z</time></trkpt><trkpt lat="45.714169" lon="13.865106"><ele>404.886</ele><time>2025-09-28T07:38:37Z</time></trkpt><trkpt lat="45.71417" lon="13.865172"><ele>404.169</ele><time>2025-09-28T07:38:42Z</time></trkpt><trkpt lat="45.71417" lon="13.865248"><ele>403.227</ele><time>2025-09-28T07:38:46Z</time></trkpt><trkpt lat="45.714139" lon="13.865358"><ele>404.077</ele><time>2025-09-28T07:38:54Z</time></trkpt><trkpt lat="45.714128" lon="13.865429"><ele>404.563</ele><time>2025-09-28T07:38:58Z</time></trkpt><trkpt lat="45.714098" lon="13.865489"><ele>405.767</ele><time>2025-09-28T07:39:02Z</time></trkpt><trkpt lat="45.714088" lon="13.865558"><ele>406.151</ele><time>2025-09-28T07:39:06Z</time></trkpt><trkpt lat="45.714094" lon="13.865638"><ele>406.328</ele><time>2025-09-28T07:39:12Z</time></trkpt><trkpt lat="45.71406" lon="13.865715"><ele>408.089</ele><time>2025-09-28T07:39:15Z</time></trkpt><trkpt lat="45.714033" lon="13.865788"><ele>409.517</ele><time>2025-09-28T07:39:19Z</time></trkpt><trkpt lat="45.714022" lon="13.86588"><ele>410.309</ele><time>2025-09-28T07:39:27Z</time></trkpt><trkpt lat="45.714014" lon="13.865962"><ele>410.684</ele><time>2025-09-28T07:39:30Z</time></trkpt><trkpt lat="45.71401" lon="13.866037"><ele>410.995</ele><time>2025-09-28T07:39:33Z</time></trkpt><trkpt lat="45.714013" lon="13.866112"><ele>410.765</ele><time>2025-09-28T07:39:37Z</time></trkpt><trkpt lat="45.714029" lon="13.866188"><ele>409.928</ele><time>2025-09-28T07:39:42Z</time></trkpt><trkpt lat="45.714057" lon="13.86627"><ele>408.466</ele><time>2025-09-28T07:39:46Z</time></trkpt><trkpt lat="45.714061" lon="13.86635"><ele>408.136</ele><time>2025-09-28T07:39:49Z</time></trkpt><trkpt lat="45.714042" lon="13.866428"><ele>409.282</ele><time>2025-09-28T07:39:52Z</time></trkpt><trkpt lat="45.714059" lon="13.866488"><ele>408.256</ele><time>2025-09-28T07:39:55Z</time></trkpt><trkpt lat="45.71409" lon="13.866553"><ele>406.490</ele><time>2025-09-28T07:39:57Z</time></trkpt><trkpt lat="45.714085" lon="13.866639"><ele>406.799</ele><time>2025-09-28T07:39:59Z</time></trkpt><trkpt lat="45.714073" lon="13.86671"><ele>407.407</ele><time>2025-09-28T07:40:01Z</time></trkpt><trkpt lat="45.714077" lon="13.86678"><ele>407.327</ele><time>2025-09-28T07:40:04Z</time></trkpt><trkpt lat="45.714066" lon="13.86686"><ele>408.109</ele><time>2025-09-28T07:40:06Z</time></trkpt><trkpt lat="45.714068" lon="13.86693"><ele>408.031</ele><time>2025-09-28T07:40:08Z</time></trkpt><trkpt lat="45.714062" lon="13.867017"><ele>408.412</ele><time>2025-09-28T07:40:10Z</time></trkpt><trkpt lat="45.714068" lon="13.867086"><ele>408.042</ele><time>2025-09-28T07:40:12Z</time></trkpt><trkpt lat="45.714077" lon="13.86715"><ele>407.545</ele><time>2025-09-28T07:40:14Z</time></trkpt><trkpt lat="45.714081" lon="13.867218"><ele>407.263</ele><time>2025-09-28T07:40:16Z</time></trkpt><trkpt lat="45.714081" lon="13.867305"><ele>406.953</ele><time>2025-09-28T07:40:19Z</time></trkpt><trkpt lat="45.714089" lon="13.867401"><ele>406.179</ele><time>2025-09-28T07:40:22Z</time></trkpt><trkpt lat="45.714092" lon="13.867473"><ele>405.733</ele><time>2025-09-28T07:40:24Z</time></trkpt><trkpt lat="45.714096" lon="13.867547"><ele>405.527</ele><time>2025-09-28T07:40:26Z</time></trkpt><trkpt lat="45.714094" lon="13.867632"><ele>405.868</ele><time>2025-09-28T07:40:28Z</time></trkpt><trkpt lat="45.714099" lon="13.867701"><ele>405.742</ele><time>2025-09-28T07:40:30Z</time></trkpt><trkpt lat="45.71409" lon="13.86777"><ele>406.426</ele><time>2025-09-28T07:40:32Z</time></trkpt><trkpt lat="45.714079" lon="13.867857"><ele>407.109</ele><time>2025-09-28T07:40:34Z</time></trkpt><trkpt lat="45.714072" lon="13.867923"><ele>407.568</ele><time>2025-09-28T07:40:36Z</time></trkpt><trkpt lat="45.714062" lon="13.867988"><ele>408.069</ele><time>2025-09-28T07:40:38Z</time></trkpt><trkpt lat="45.714045" lon="13.86805"><ele>409.029</ele><time>2025-09-28T07:40:40Z</time></trkpt><trkpt lat="45.714028" lon="13.868123"><ele>409.522</ele><time>2025-09-28T07:40:43Z</time></trkpt><trkpt lat="45.714015" lon="13.868206"><ele>409.760</ele><time>2025-09-28T07:40:46Z</time></trkpt><trkpt lat="45.714001" lon="13.868289"><ele>410.050</ele><time>2025-09-28T07:40:49Z</time></trkpt><trkpt lat="45.713977" lon="13.868349"><ele>411.136</ele><time>2025-09-28T07:40:52Z</time></trkpt><trkpt lat="45.713964" lon="13.868428"><ele>411.370</ele><time>2025-09-28T07:40:55Z</time></trkpt><trkpt lat="45.713958" lon="13.868493"><ele>411.134</ele><time>2025-09-28T07:40:58Z</time></trkpt><trkpt lat="45.713938" lon="13.868562"><ele>411.989</ele><time>2025-09-28T07:41:01Z</time></trkpt><trkpt lat="45.713912" lon="13.868615"><ele>413.306</ele><time>2025-09-28T07:41:04Z</time></trkpt><trkpt lat="45.713896" lon="13.868685"><ele>414.226</ele><time>2025-09-28T07:41:07Z</time></trkpt><trkpt lat="45.713856" lon="13.868735"><ele>416.709</ele><time>2025-09-28T07:41:10Z</time></trkpt><trkpt lat="45.713823" lon="13.868794"><ele>418.810</ele><time>2025-09-28T07:41:13Z</time></trkpt><trkpt lat="45.713781" lon="13.868851"><ele>421.521</ele><time>2025-09-28T07:41:16Z</time></trkpt><trkpt lat="45.713751" lon="13.868911"><ele>423.391</ele><time>2025-09-28T07:41:19Z</time></trkpt><trkpt lat="45.713719" lon="13.868988"><ele>425.044</ele><time>2025-09-28T07:41:24Z</time></trkpt><trkpt lat="45.713697" lon="13.869047"><ele>425.922</ele><time>2025-09-28T07:41:27Z</time></trkpt><trkpt lat="45.713662" lon="13.869125"><ele>427.462</ele><time>2025-09-28T07:41:30Z</time></trkpt><trkpt lat="45.713647" lon="13.869201"><ele>427.548</ele><time>2025-09-28T07:41:35Z</time></trkpt><trkpt lat="45.71362" lon="13.869265"><ele>428.182</ele><time>2025-09-28T07:41:38Z</time></trkpt><trkpt lat="45.713591" lon="13.869323"><ele>428.486</ele><time>2025-09-28T07:41:41Z</time></trkpt><trkpt lat="45.713571" lon="13.869394"><ele>428.065</ele><time>2025-09-28T07:41:43Z</time></trkpt><trkpt lat="45.713536" lon="13.869465"><ele>428.068</ele><time>2025-09-28T07:41:46Z</time></trkpt><trkpt lat="45.713503" lon="13.869549"><ele>427.514</ele><time>2025-09-28T07:41:49Z</time></trkpt><trkpt lat="45.713474" lon="13.869603"><ele>427.309</ele><time>2025-09-28T07:41:51Z</time></trkpt><trkpt lat="45.713447" lon="13.869666"><ele>426.978</ele><time>2025-09-28T07:41:53Z</time></trkpt><trkpt lat="45.713401" lon="13.869707"><ele>427.489</ele><time>2025-09-28T07:41:55Z</time></trkpt><trkpt lat="45.713354" lon="13.86974"><ele>428.079</ele><time>2025-09-28T07:41:57Z</time></trkpt><trkpt lat="45.713305" lon="13.869768"><ele>428.382</ele><time>2025-09-28T07:41:59Z</time></trkpt><trkpt lat="45.713247" lon="13.869799"><ele>428.360</ele><time>2025-09-28T07:42:02Z</time></trkpt><trkpt lat="45.713193" lon="13.869832"><ele>428.320</ele><time>2025-09-28T07:42:04Z</time></trkpt><trkpt lat="45.713153" lon="13.869878"><ele>427.786</ele><time>2025-09-28T07:42:06Z</time></trkpt><trkpt lat="45.713113" lon="13.869931"><ele>426.970</ele><time>2025-09-28T07:42:08Z</time></trkpt><trkpt lat="45.713076" lon="13.869992"><ele>425.994</ele><time>2025-09-28T07:42:10Z</time></trkpt><trkpt lat="45.713029" lon="13.870037"><ele>425.481</ele><time>2025-09-28T07:42:12Z</time></trkpt><trkpt lat="45.712981" lon="13.870074"><ele>425.161</ele><time>2025-09-28T07:42:14Z</time></trkpt><trkpt lat="45.712933" lon="13.87009"><ele>425.417</ele><time>2025-09-28T07:42:16Z</time></trkpt><trkpt lat="45.712877" lon="13.87012"><ele>425.309</ele><time>2025-09-28T07:42:19Z</time></trkpt><trkpt lat="45.71283" lon="13.87016"><ele>424.720</ele><time>2025-09-28T07:42:21Z</time></trkpt><trkpt lat="45.712774" lon="13.870193"><ele>424.511</ele><time>2025-09-28T07:42:23Z</time></trkpt><trkpt lat="45.712704" lon="13.870221"><ele>424.251</ele><time>2025-09-28T07:42:25Z</time></trkpt><trkpt lat="45.712649" lon="13.87025"><ele>423.754</ele><time>2025-09-28T07:42:27Z</time></trkpt><trkpt lat="45.712595" lon="13.870263"><ele>423.722</ele><time>2025-09-28T07:42:29Z</time></trkpt><trkpt lat="45.712539" lon="13.870261"><ele>424.282</ele><time>2025-09-28T07:42:31Z</time></trkpt><trkpt lat="45.712487" lon="13.870269"><ele>424.018</ele><time>2025-09-28T07:42:33Z</time></trkpt><trkpt lat="45.712414" lon="13.870355"><ele>420.012</ele><time>2025-09-28T07:42:37Z</time></trkpt><trkpt lat="45.712362" lon="13.870425"><ele>416.766</ele><time>2025-09-28T07:42:39Z</time></trkpt><trkpt lat="45.712312" lon="13.870478"><ele>414.196</ele><time>2025-09-28T07:42:41Z</time></trkpt><trkpt lat="45.712252" lon="13.870514"><ele>411.931</ele><time>2025-09-28T07:42:43Z</time></trkpt><trkpt lat="45.712203" lon="13.870561"><ele>409.624</ele><time>2025-09-28T07:42:45Z</time></trkpt><trkpt lat="45.71215" lon="13.870612"><ele>407.709</ele><time>2025-09-28T07:42:47Z</time></trkpt><trkpt lat="45.712105" lon="13.870635"><ele>406.741</ele><time>2025-09-28T07:42:49Z</time></trkpt><trkpt lat="45.712045" lon="13.870653"><ele>405.742</ele><time>2025-09-28T07:42:51Z</time></trkpt><trkpt lat="45.711979" lon="13.870672"><ele>404.872</ele><time>2025-09-28T07:42:53Z</time></trkpt><trkpt lat="45.711865" lon="13.870705"><ele>403.965</ele><time>2025-09-28T07:42:55Z</time></trkpt><trkpt lat="45.711766" lon="13.870714"><ele>403.963</ele><time>2025-09-28T07:42:57Z</time></trkpt><trkpt lat="45.711688" lon="13.870726"><ele>403.913</ele><time>2025-09-28T07:42:59Z</time></trkpt><trkpt lat="45.711613" lon="13.870725"><ele>403.779</ele><time>2025-09-28T07:43:01Z</time></trkpt><trkpt lat="45.711564" lon="13.870721"><ele>403.693</ele><time>2025-09-28T07:43:03Z</time></trkpt><trkpt lat="45.711504" lon="13.870707"><ele>403.677</ele><time>2025-09-28T07:43:05Z</time></trkpt><trkpt lat="45.711443" lon="13.870738"><ele>402.739</ele><time>2025-09-28T07:43:08Z</time></trkpt><trkpt lat="45.711387" lon="13.870748"><ele>402.101</ele><time>2025-09-28T07:43:10Z</time></trkpt><trkpt lat="45.711357" lon="13.870685"><ele>403.221</ele><time>2025-09-28T07:43:15Z</time></trkpt><trkpt lat="45.711336" lon="13.870624"><ele>404.509</ele><time>2025-09-28T07:43:22Z</time></trkpt><trkpt lat="45.71129" lon="13.8706"><ele>404.445</ele><time>2025-09-28T07:43:26Z</time></trkpt><trkpt lat="45.711273" lon="13.870532"><ele>405.836</ele><time>2025-09-28T07:43:29Z</time></trkpt><trkpt lat="45.711238" lon="13.87046"><ele>407.056</ele><time>2025-09-28T07:43:32Z</time></trkpt><trkpt lat="45.711223" lon="13.870399"><ele>408.279</ele><time>2025-09-28T07:43:36Z</time></trkpt><trkpt lat="45.711194" lon="13.870333"><ele>409.627</ele><time>2025-09-28T07:43:42Z</time></trkpt><trkpt lat="45.71118" lon="13.870264"><ele>411.357</ele><time>2025-09-28T07:43:49Z</time></trkpt><trkpt lat="45.711155" lon="13.870209"><ele>412.763</ele><time>2025-09-28T07:44:01Z</time></trkpt><trkpt lat="45.711106" lon="13.870171"><ele>413.637</ele><time>2025-09-28T07:44:07Z</time></trkpt><trkpt lat="45.711098" lon="13.870106"><ele>415.271</ele><time>2025-09-28T07:44:19Z</time></trkpt><trkpt lat="45.71111" lon="13.87002"><ele>417.551</ele><time>2025-09-28T07:44:32Z</time></trkpt><trkpt lat="45.711138" lon="13.869949"><ele>419.101</ele><time>2025-09-28T07:44:36Z</time></trkpt><trkpt lat="45.711154" lon="13.869879"><ele>420.711</ele><time>2025-09-28T07:44:47Z</time></trkpt><trkpt lat="45.711171" lon="13.869797"><ele>422.809</ele><time>2025-09-28T07:44:56Z</time></trkpt><trkpt lat="45.711157" lon="13.869717"><ele>424.667</ele><time>2025-09-28T07:45:04Z</time></trkpt><trkpt lat="45.711155" lon="13.869624"><ele>427.428</ele><time>2025-09-28T07:45:17Z</time></trkpt><trkpt lat="45.711132" lon="13.86956"><ele>428.928</ele><time>2025-09-28T07:45:28Z</time></trkpt><trkpt lat="45.711089" lon="13.8695"><ele>430.041</ele><time>2025-09-28T07:45:41Z</time></trkpt><trkpt lat="45.711045" lon="13.869435"><ele>430.889</ele><time>2025-09-28T07:45:48Z</time></trkpt><trkpt lat="45.711042" lon="13.869357"><ele>432.559</ele><time>2025-09-28T07:45:55Z</time></trkpt><trkpt lat="45.711019" lon="13.869289"><ele>433.485</ele><time>2025-09-28T07:45:59Z</time></trkpt><trkpt lat="45.710988" lon="13.869237"><ele>433.699</ele><time>2025-09-28T07:46:05Z</time></trkpt><trkpt lat="45.710946" lon="13.869178"><ele>433.413</ele><time>2025-09-28T07:46:12Z</time></trkpt><trkpt lat="45.710924" lon="13.869116"><ele>433.643</ele><time>2025-09-28T07:46:16Z</time></trkpt><trkpt lat="45.710909" lon="13.86905"><ele>433.964</ele><time>2025-09-28T07:46:22Z</time></trkpt><trkpt lat="45.710886" lon="13.868991"><ele>433.810</ele><time>2025-09-28T07:46:25Z</time></trkpt><trkpt lat="45.710877" lon="13.868924"><ele>434.309</ele><time>2025-09-28T07:46:31Z</time></trkpt><trkpt lat="45.710859" lon="13.868843"><ele>434.536</ele><time>2025-09-28T07:46:35Z</time></trkpt><trkpt lat="45.710839" lon="13.868782"><ele>434.437</ele><time>2025-09-28T07:46:39Z</time></trkpt><trkpt lat="45.710829" lon="13.868703"><ele>434.977</ele><time>2025-09-28T07:46:43Z</time></trkpt><trkpt lat="45.71081" lon="13.868637"><ele>435.190</ele><time>2025-09-28T07:46:48Z</time></trkpt><trkpt lat="45.710807" lon="13.868565"><ele>435.768</ele><time>2025-09-28T07:46:51Z</time></trkpt><trkpt lat="45.710794" lon="13.868468"><ele>436.258</ele><time>2025-09-28T07:46:56Z</time></trkpt><trkpt lat="45.710799" lon="13.868388"><ele>437.194</ele><time>2025-09-28T07:47:01Z</time></trkpt><trkpt lat="45.7108" lon="13.868321"><ele>437.868</ele><time>2025-09-28T07:47:04Z</time></trkpt><trkpt lat="45.710803" lon="13.868246"><ele>438.462</ele><time>2025-09-28T07:47:08Z</time></trkpt><trkpt lat="45.710806" lon="13.868159"><ele>439.033</ele><time>2025-09-28T07:47:12Z</time></trkpt><trkpt lat="45.710818" lon="13.868082"><ele>440.123</ele><time>2025-09-28T07:47:16Z</time></trkpt><trkpt lat="45.710851" lon="13.868011"><ele>442.115</ele><time>2025-09-28T07:47:20Z</time></trkpt><trkpt lat="45.710881" lon="13.867958"><ele>443.709</ele><time>2025-09-28T07:47:25Z</time></trkpt><trkpt lat="45.710927" lon="13.867952"><ele>445.775</ele><time>2025-09-28T07:47:33Z</time></trkpt><trkpt lat="45.710971" lon="13.867973"><ele>447.466</ele><time>2025-09-28T07:47:40Z</time></trkpt><trkpt lat="45.711003" lon="13.868024"><ele>448.556</ele><time>2025-09-28T07:47:49Z</time></trkpt><trkpt lat="45.711042" lon="13.868073"><ele>449.849</ele><time>2025-09-28T07:47:53Z</time></trkpt><trkpt lat="45.711066" lon="13.868129"><ele>450.357</ele><time>2025-09-28T07:47:57Z</time></trkpt><trkpt lat="45.711109" lon="13.868181"><ele>451.617</ele><time>2025-09-28T07:48:04Z</time></trkpt><trkpt lat="45.711145" lon="13.868228"><ele>452.253</ele><time>2025-09-28T07:48:09Z</time></trkpt><trkpt lat="45.71119" lon="13.868287"><ele>452.967</ele><time>2025-09-28T07:48:16Z</time></trkpt><trkpt lat="45.711234" lon="13.868318"><ele>453.811</ele><time>2025-09-28T07:48:20Z</time></trkpt><trkpt lat="45.711268" lon="13.868363"><ele>454.239</ele><time>2025-09-28T07:48:25Z</time></trkpt><trkpt lat="45.711324" lon="13.868385"><ele>455.501</ele><time>2025-09-28T07:48:32Z</time></trkpt><trkpt lat="45.711371" lon="13.868451"><ele>455.821</ele><time>2025-09-28T07:48:37Z</time></trkpt><trkpt lat="45.711428" lon="13.868498"><ele>456.509</ele><time>2025-09-28T07:48:45Z</time></trkpt><trkpt lat="45.711493" lon="13.868524"><ele>457.645</ele><time>2025-09-28T07:48:51Z</time></trkpt><trkpt lat="45.711548" lon="13.868537"><ele>458.796</ele><time>2025-09-28T07:48:56Z</time></trkpt><trkpt lat="45.711602" lon="13.868573"><ele>459.356</ele><time>2025-09-28T07:49:00Z</time></trkpt><trkpt lat="45.711652" lon="13.868583"><ele>460.219</ele><time>2025-09-28T07:49:04Z</time></trkpt><trkpt lat="45.711704" lon="13.868613"><ele>460.427</ele><time>2025-09-28T07:49:10Z</time></trkpt><trkpt lat="45.71176" lon="13.868641"><ele>460.447</ele><time>2025-09-28T07:49:18Z</time></trkpt><trkpt lat="45.711804" lon="13.868661"><ele>460.433</ele><time>2025-09-28T07:49:23Z</time></trkpt><trkpt lat="45.711843" lon="13.868697"><ele>460.057</ele><time>2025-09-28T07:49:30Z</time></trkpt><trkpt lat="45.711889" lon="13.868686"><ele>460.821</ele><time>2025-09-28T07:49:38Z</time></trkpt><trkpt lat="45.711945" lon="13.868676"><ele>461.618</ele><time>2025-09-28T07:49:45Z</time></trkpt><trkpt lat="45.711977" lon="13.86863"><ele>462.998</ele><time>2025-09-28T07:49:49Z</time></trkpt><trkpt lat="45.712037" lon="13.868607"><ele>464.117</ele><time>2025-09-28T07:49:57Z</time></trkpt><trkpt lat="45.712084" lon="13.868586"><ele>465.109</ele><time>2025-09-28T07:50:02Z</time></trkpt><trkpt lat="45.71213" lon="13.868546"><ele>466.543</ele><time>2025-09-28T07:50:06Z</time></trkpt><trkpt lat="45.712181" lon="13.868489"><ele>468.534</ele><time>2025-09-28T07:50:11Z</time></trkpt><trkpt lat="45.712231" lon="13.868436"><ele>470.484</ele><time>2025-09-28T07:50:18Z</time></trkpt><trkpt lat="45.712271" lon="13.868406"><ele>471.277</ele><time>2025-09-28T07:50:23Z</time></trkpt><trkpt lat="45.712312" lon="13.868358"><ele>472.485</ele><time>2025-09-28T07:50:27Z</time></trkpt><trkpt lat="45.712343" lon="13.868302"><ele>473.545</ele><time>2025-09-28T07:50:30Z</time></trkpt><trkpt lat="45.712368" lon="13.868245"><ele>474.321</ele><time>2025-09-28T07:50:34Z</time></trkpt><trkpt lat="45.712391" lon="13.868172"><ele>475.345</ele><time>2025-09-28T07:50:41Z</time></trkpt><trkpt lat="45.712418" lon="13.868117"><ele>476.199</ele><time>2025-09-28T07:50:45Z</time></trkpt><trkpt lat="45.712426" lon="13.868034"><ele>477.213</ele><time>2025-09-28T07:50:53Z</time></trkpt><trkpt lat="45.71243" lon="13.867963"><ele>477.843</ele><time>2025-09-28T07:51:04Z</time></trkpt><trkpt lat="45.712421" lon="13.867881"><ele>478.507</ele><time>2025-09-28T07:51:11Z</time></trkpt><trkpt lat="45.712444" lon="13.867784"><ele>479.509</ele><time>2025-09-28T07:51:18Z</time></trkpt><trkpt lat="45.712467" lon="13.867721"><ele>479.433</ele><time>2025-09-28T07:51:20Z</time></trkpt><trkpt lat="45.71246" lon="13.867653"><ele>478.944</ele><time>2025-09-28T07:51:22Z</time></trkpt><trkpt lat="45.712475" lon="13.867591"><ele>478.654</ele><time>2025-09-28T07:51:26Z</time></trkpt><trkpt lat="45.712496" lon="13.867492"><ele>477.947</ele><time>2025-09-28T07:51:41Z</time></trkpt><trkpt lat="45.712539" lon="13.867431"><ele>476.075</ele><time>2025-09-28T07:51:47Z</time></trkpt><trkpt lat="45.712556" lon="13.867361"><ele>474.685</ele><time>2025-09-28T07:51:52Z</time></trkpt><trkpt lat="45.712573" lon="13.867293"><ele>473.161</ele><time>2025-09-28T07:51:57Z</time></trkpt><trkpt lat="45.712581" lon="13.86722"><ele>471.965</ele><time>2025-09-28T07:52:01Z</time></trkpt><trkpt lat="45.712573" lon="13.867154"><ele>471.339</ele><time>2025-09-28T07:52:07Z</time></trkpt><trkpt lat="45.712583" lon="13.867077"><ele>469.744</ele><time>2025-09-28T07:52:12Z</time></trkpt><trkpt lat="45.712583" lon="13.867005"><ele>468.705</ele><time>2025-09-28T07:52:15Z</time></trkpt><trkpt lat="45.712576" lon="13.866932"><ele>468.015</ele><time>2025-09-28T07:52:21Z</time></trkpt><trkpt lat="45.712578" lon="13.866854"><ele>466.909</ele><time>2025-09-28T07:52:25Z</time></trkpt><trkpt lat="45.712556" lon="13.866788"><ele>467.286</ele><time>2025-09-28T07:52:28Z</time></trkpt><trkpt lat="45.712521" lon="13.866733"><ele>468.067</ele><time>2025-09-28T07:52:34Z</time></trkpt><trkpt lat="45.7125" lon="13.866667"><ele>468.017</ele><time>2025-09-28T07:52:37Z</time></trkpt><trkpt lat="45.712495" lon="13.866584"><ele>467.890</ele><time>2025-09-28T07:52:40Z</time></trkpt><trkpt lat="45.712495" lon="13.866499"><ele>467.418</ele><time>2025-09-28T07:52:43Z</time></trkpt><trkpt lat="45.712492" lon="13.866433"><ele>467.298</ele><time>2025-09-28T07:52:45Z</time></trkpt><trkpt lat="45.712485" lon="13.866343"><ele>467.194</ele><time>2025-09-28T07:52:48Z</time></trkpt><trkpt lat="45.712491" lon="13.866272"><ele>467.128</ele><time>2025-09-28T07:52:52Z</time></trkpt><trkpt lat="45.712463" lon="13.866213"><ele>467.392</ele><time>2025-09-28T07:52:56Z</time></trkpt><trkpt lat="45.712445" lon="13.866121"><ele>467.453</ele><time>2025-09-28T07:53:00Z</time></trkpt><trkpt lat="45.712442" lon="13.86605"><ele>467.604</ele><time>2025-09-28T07:53:04Z</time></trkpt><trkpt lat="45.712428" lon="13.865988"><ele>467.814</ele><time>2025-09-28T07:53:09Z</time></trkpt><trkpt lat="45.712426" lon="13.865922"><ele>468.009</ele><time>2025-09-28T07:53:12Z</time></trkpt><trkpt lat="45.712406" lon="13.865841"><ele>468.387</ele><time>2025-09-28T07:53:16Z</time></trkpt><trkpt lat="45.712384" lon="13.865781"><ele>468.588</ele><time>2025-09-28T07:53:20Z</time></trkpt><trkpt lat="45.71239" lon="13.865697"><ele>468.768</ele><time>2025-09-28T07:53:24Z</time></trkpt><trkpt lat="45.712386" lon="13.86561"><ele>468.921</ele><time>2025-09-28T07:53:28Z</time></trkpt><trkpt lat="45.712384" lon="13.865525"><ele>469.159</ele><time>2025-09-28T07:53:32Z</time></trkpt><trkpt lat="45.712391" lon="13.865454"><ele>469.299</ele><time>2025-09-28T07:53:36Z</time></trkpt><trkpt lat="45.712403" lon="13.86537"><ele>469.415</ele><time>2025-09-28T07:53:40Z</time></trkpt><trkpt lat="45.712412" lon="13.865281"><ele>469.749</ele><time>2025-09-28T07:53:43Z</time></trkpt><trkpt lat="45.712435" lon="13.86521"><ele>469.963</ele><time>2025-09-28T07:53:46Z</time></trkpt><trkpt lat="45.712446" lon="13.865146"><ele>470.183</ele><time>2025-09-28T07:53:48Z</time></trkpt><trkpt lat="45.712461" lon="13.865044"><ele>470.525</ele><time>2025-09-28T07:53:51Z</time></trkpt><trkpt lat="45.71248" lon="13.864968"><ele>470.717</ele><time>2025-09-28T07:53:53Z</time></trkpt><trkpt lat="45.712506" lon="13.864905"><ele>470.509</ele><time>2025-09-28T07:53:55Z</time></trkpt><trkpt lat="45.712532" lon="13.864835"><ele>469.860</ele><time>2025-09-28T07:53:57Z</time></trkpt><trkpt lat="45.712541" lon="13.864763"><ele>469.431</ele><time>2025-09-28T07:53:59Z</time></trkpt><trkpt lat="45.712561" lon="13.864691"><ele>468.881</ele><time>2025-09-28T07:54:01Z</time></trkpt><trkpt lat="45.712591" lon="13.864619"><ele>467.914</ele><time>2025-09-28T07:54:03Z</time></trkpt><trkpt lat="45.712608" lon="13.864541"><ele>467.212</ele><time>2025-09-28T07:54:05Z</time></trkpt><trkpt lat="45.712627" lon="13.864459"><ele>466.342</ele><time>2025-09-28T07:54:08Z</time></trkpt><trkpt lat="45.71265" lon="13.864388"><ele>465.698</ele><time>2025-09-28T07:54:10Z</time></trkpt><trkpt lat="45.712664" lon="13.864304"><ele>465.052</ele><time>2025-09-28T07:54:12Z</time></trkpt><trkpt lat="45.71269" lon="13.864231"><ele>464.466</ele><time>2025-09-28T07:54:14Z</time></trkpt><trkpt lat="45.712724" lon="13.864162"><ele>463.792</ele><time>2025-09-28T07:54:16Z</time></trkpt><trkpt lat="45.71275" lon="13.864105"><ele>463.073</ele><time>2025-09-28T07:54:18Z</time></trkpt><trkpt lat="45.712766" lon="13.864022"><ele>462.120</ele><time>2025-09-28T07:54:20Z</time></trkpt><trkpt lat="45.712779" lon="13.863927"><ele>461.309</ele><time>2025-09-28T07:54:23Z</time></trkpt><trkpt lat="45.712801" lon="13.863852"><ele>460.321</ele><time>2025-09-28T07:54:25Z</time></trkpt><trkpt lat="45.712823" lon="13.863788"><ele>459.432</ele><time>2025-09-28T07:54:27Z</time></trkpt><trkpt lat="45.712848" lon="13.863735"><ele>458.562</ele><time>2025-09-28T07:54:29Z</time></trkpt><trkpt lat="45.712896" lon="13.863665"><ele>456.965</ele><time>2025-09-28T07:54:32Z</time></trkpt><trkpt lat="45.712916" lon="13.863591"><ele>455.823</ele><time>2025-09-28T07:54:34Z</time></trkpt><trkpt lat="45.712946" lon="13.863534"><ele>454.773</ele><time>2025-09-28T07:54:36Z</time></trkpt><trkpt lat="45.712966" lon="13.863455"><ele>453.619</ele><time>2025-09-28T07:54:39Z</time></trkpt><trkpt lat="45.712981" lon="13.863376"><ele>452.783</ele><time>2025-09-28T07:54:41Z</time></trkpt><trkpt lat="45.712981" lon="13.863283"><ele>452.187</ele><time>2025-09-28T07:54:43Z</time></trkpt><trkpt lat="45.712995" lon="13.86321"><ele>451.531</ele><time>2025-09-28T07:54:45Z</time></trkpt><trkpt lat="45.71301" lon="13.863147"><ele>450.961</ele><time>2025-09-28T07:54:47Z</time></trkpt><trkpt lat="45.71304" lon="13.863045"><ele>450.207</ele><time>2025-09-28T07:54:49Z</time></trkpt><trkpt lat="45.71304" lon="13.862958"><ele>450.109</ele><time>2025-09-28T07:54:51Z</time></trkpt><trkpt lat="45.713066" lon="13.862883"><ele>449.725</ele><time>2025-09-28T07:54:53Z</time></trkpt><trkpt lat="45.71307" lon="13.862794"><ele>449.526</ele><time>2025-09-28T07:54:56Z</time></trkpt><trkpt lat="45.713089" lon="13.862719"><ele>448.496</ele><time>2025-09-28T07:54:59Z</time></trkpt><trkpt lat="45.713111" lon="13.862637"><ele>447.179</ele><time>2025-09-28T07:55:01Z</time></trkpt><trkpt lat="45.71314" lon="13.862559"><ele>445.667</ele><time>2025-09-28T07:55:04Z</time></trkpt><trkpt lat="45.713176" lon="13.862464"><ele>443.797</ele><time>2025-09-28T07:55:07Z</time></trkpt><trkpt lat="45.713183" lon="13.862393"><ele>442.923</ele><time>2025-09-28T07:55:09Z</time></trkpt><trkpt lat="45.713198" lon="13.862323"><ele>441.877</ele><time>2025-09-28T07:55:11Z</time></trkpt><trkpt lat="45.713224" lon="13.862245"><ele>440.531</ele><time>2025-09-28T07:55:13Z</time></trkpt><trkpt lat="45.713244" lon="13.862185"><ele>439.414</ele><time>2025-09-28T07:55:15Z</time></trkpt><trkpt lat="45.71327" lon="13.862098"><ele>437.654</ele><time>2025-09-28T07:55:18Z</time></trkpt><trkpt lat="45.713302" lon="13.862015"><ele>436.109</ele><time>2025-09-28T07:55:21Z</time></trkpt><trkpt lat="45.713314" lon="13.86195"><ele>435.209</ele><time>2025-09-28T07:55:23Z</time></trkpt><trkpt lat="45.713332" lon="13.861875"><ele>434.313</ele><time>2025-09-28T07:55:25Z</time></trkpt><trkpt lat="45.713354" lon="13.861795"><ele>432.754</ele><time>2025-09-28T07:55:28Z</time></trkpt><trkpt lat="45.713378" lon="13.861731"><ele>431.364</ele><time>2025-09-28T07:55:30Z</time></trkpt><trkpt lat="45.7134" lon="13.861644"><ele>429.867</ele><time>2025-09-28T07:55:33Z</time></trkpt><trkpt lat="45.713425" lon="13.861556"><ele>427.945</ele><time>2025-09-28T07:55:36Z</time></trkpt><trkpt lat="45.713453" lon="13.861479"><ele>426.315</ele><time>2025-09-28T07:55:38Z</time></trkpt><trkpt lat="45.713489" lon="13.861402"><ele>424.971</ele><time>2025-09-28T07:55:40Z</time></trkpt><trkpt lat="45.713537" lon="13.861339"><ele>424.015</ele><time>2025-09-28T07:55:42Z</time></trkpt><trkpt lat="45.713563" lon="13.861271"><ele>423.529</ele><time>2025-09-28T07:55:44Z</time></trkpt><trkpt lat="45.713559" lon="13.86117"><ele>423.546</ele><time>2025-09-28T07:55:47Z</time></trkpt><trkpt lat="45.713565" lon="13.861091"><ele>423.488</ele><time>2025-09-28T07:55:50Z</time></trkpt><trkpt lat="45.713581" lon="13.861025"><ele>423.716</ele><time>2025-09-28T07:55:52Z</time></trkpt><trkpt lat="45.7136" lon="13.860954"><ele>424.109</ele><time>2025-09-28T07:55:56Z</time></trkpt><trkpt lat="45.713624" lon="13.860867"><ele>424.386</ele><time>2025-09-28T07:55:59Z</time></trkpt><trkpt lat="45.713639" lon="13.860792"><ele>423.917</ele><time>2025-09-28T07:56:01Z</time></trkpt><trkpt lat="45.713669" lon="13.860732"><ele>422.897</ele><time>2025-09-28T07:56:03Z</time></trkpt><trkpt lat="45.713696" lon="13.860676"><ele>421.780</ele><time>2025-09-28T07:56:05Z</time></trkpt><trkpt lat="45.713726" lon="13.860624"><ele>420.578</ele><time>2025-09-28T07:56:07Z</time></trkpt><trkpt lat="45.713756" lon="13.860565"><ele>419.358</ele><time>2025-09-28T07:56:09Z</time></trkpt><trkpt lat="45.713783" lon="13.86051"><ele>418.334</ele><time>2025-09-28T07:56:11Z</time></trkpt><trkpt lat="45.713807" lon="13.860441"><ele>417.498</ele><time>2025-09-28T07:56:14Z</time></trkpt><trkpt lat="45.713833" lon="13.860382"><ele>416.352</ele><time>2025-09-28T07:56:16Z</time></trkpt><trkpt lat="45.713853" lon="13.860302"><ele>415.489</ele><time>2025-09-28T07:56:19Z</time></trkpt><trkpt lat="45.713884" lon="13.86025"><ele>414.406</ele><time>2025-09-28T07:56:21Z</time></trkpt><trkpt lat="45.713919" lon="13.860203"><ele>413.926</ele><time>2025-09-28T07:56:23Z</time></trkpt><trkpt lat="45.713943" lon="13.860101"><ele>413.909</ele><time>2025-09-28T07:56:25Z</time></trkpt><trkpt lat="45.713957" lon="13.860018"><ele>414.020</ele><time>2025-09-28T07:56:27Z</time></trkpt><trkpt lat="45.714" lon="13.859949"><ele>412.421</ele><time>2025-09-28T07:56:29Z</time></trkpt><trkpt lat="45.71404" lon="13.859877"><ele>410.881</ele><time>2025-09-28T07:56:31Z</time></trkpt><trkpt lat="45.714096" lon="13.859822"><ele>409.144</ele><time>2025-09-28T07:56:33Z</time></trkpt><trkpt lat="45.714135" lon="13.859741"><ele>407.872</ele><time>2025-09-28T07:56:35Z</time></trkpt><trkpt lat="45.714177" lon="13.859644"><ele>406.092</ele><time>2025-09-28T07:56:37Z</time></trkpt><trkpt lat="45.714202" lon="13.859562"><ele>405.038</ele><time>2025-09-28T07:56:39Z</time></trkpt><trkpt lat="45.714205" lon="13.859473"><ele>404.152</ele><time>2025-09-28T07:56:41Z</time></trkpt><trkpt lat="45.714203" lon="13.859408"><ele>403.646</ele><time>2025-09-28T07:56:43Z</time></trkpt><trkpt lat="45.71421" lon="13.859333"><ele>403.213</ele><time>2025-09-28T07:56:45Z</time></trkpt><trkpt lat="45.714216" lon="13.859253"><ele>402.743</ele><time>2025-09-28T07:56:47Z</time></trkpt><trkpt lat="45.714229" lon="13.859185"><ele>402.307</ele><time>2025-09-28T07:56:49Z</time></trkpt><trkpt lat="45.714225" lon="13.859116"><ele>402.309</ele><time>2025-09-28T07:56:51Z</time></trkpt><trkpt lat="45.714202" lon="13.859038"><ele>402.573</ele><time>2025-09-28T07:56:54Z</time></trkpt><trkpt lat="45.714165" lon="13.85899"><ele>402.634</ele><time>2025-09-28T07:56:58Z</time></trkpt><trkpt lat="45.714137" lon="13.858937"><ele>402.584</ele><time>2025-09-28T07:57:02Z</time></trkpt><trkpt lat="45.71411" lon="13.85888"><ele>402.297</ele><time>2025-09-28T07:57:05Z</time></trkpt><trkpt lat="45.714055" lon="13.858853"><ele>401.665</ele><time>2025-09-28T07:57:09Z</time></trkpt><trkpt lat="45.71401" lon="13.858828"><ele>401.125</ele><time>2025-09-28T07:57:12Z</time></trkpt><trkpt lat="45.713967" lon="13.858769"><ele>400.951</ele><time>2025-09-28T07:57:15Z</time></trkpt><trkpt lat="45.713927" lon="13.858723"><ele>400.795</ele><time>2025-09-28T07:57:19Z</time></trkpt><trkpt lat="45.713895" lon="13.858672"><ele>400.699</ele><time>2025-09-28T07:57:22Z</time></trkpt><trkpt lat="45.71387" lon="13.858611"><ele>400.683</ele><time>2025-09-28T07:57:25Z</time></trkpt><trkpt lat="45.71385" lon="13.858542"><ele>401.125</ele><time>2025-09-28T07:57:28Z</time></trkpt><trkpt lat="45.71383" lon="13.858478"><ele>401.417</ele><time>2025-09-28T07:57:32Z</time></trkpt><trkpt lat="45.713801" lon="13.858422"><ele>401.409</ele><time>2025-09-28T07:57:36Z</time></trkpt><trkpt lat="45.713777" lon="13.858353"><ele>401.640</ele><time>2025-09-28T07:57:40Z</time></trkpt><trkpt lat="45.713741" lon="13.858307"><ele>401.221</ele><time>2025-09-28T07:57:44Z</time></trkpt><trkpt lat="45.713703" lon="13.858253"><ele>401.141</ele><time>2025-09-28T07:57:47Z</time></trkpt><trkpt lat="45.713653" lon="13.85821"><ele>400.784</ele><time>2025-09-28T07:57:51Z</time></trkpt><trkpt lat="45.713614" lon="13.858165"><ele>400.752</ele><time>2025-09-28T07:57:54Z</time></trkpt><trkpt lat="45.71356" lon="13.858125"><ele>400.052</ele><time>2025-09-28T07:57:58Z</time></trkpt><trkpt lat="45.713509" lon="13.858088"><ele>399.218</ele><time>2025-09-28T07:58:02Z</time></trkpt><trkpt lat="45.713468" lon="13.858052"><ele>398.562</ele><time>2025-09-28T07:58:05Z</time></trkpt><trkpt lat="45.713418" lon="13.858019"><ele>397.746</ele><time>2025-09-28T07:58:09Z</time></trkpt><trkpt lat="45.71337" lon="13.857989"><ele>396.936</ele><time>2025-09-28T07:58:12Z</time></trkpt><trkpt lat="45.713328" lon="13.857944"><ele>396.717</ele><time>2025-09-28T07:58:15Z</time></trkpt><trkpt lat="45.713283" lon="13.857895"><ele>396.318</ele><time>2025-09-28T07:58:18Z</time></trkpt><trkpt lat="45.713241" lon="13.857866"><ele>395.409</ele><time>2025-09-28T07:58:22Z</time></trkpt><trkpt lat="45.713207" lon="13.857806"><ele>395.145</ele><time>2025-09-28T07:58:27Z</time></trkpt><trkpt lat="45.713158" lon="13.857775"><ele>393.536</ele><time>2025-09-28T07:58:30Z</time></trkpt><trkpt lat="45.713117" lon="13.857735"><ele>392.956</ele><time>2025-09-28T07:58:33Z</time></trkpt><trkpt lat="45.713076" lon="13.85769"><ele>392.469</ele><time>2025-09-28T07:58:36Z</time></trkpt><trkpt lat="45.713046" lon="13.857602"><ele>393.857</ele><time>2025-09-28T07:58:39Z</time></trkpt><trkpt lat="45.712995" lon="13.857565"><ele>393.017</ele><time>2025-09-28T07:58:41Z</time></trkpt><trkpt lat="45.712947" lon="13.857545"><ele>391.653</ele><time>2025-09-28T07:58:43Z</time></trkpt><trkpt lat="45.712904" lon="13.857475"><ele>391.387</ele><time>2025-09-28T07:58:46Z</time></trkpt><trkpt lat="45.712862" lon="13.857447"><ele>390.341</ele><time>2025-09-28T07:58:48Z</time></trkpt><trkpt lat="45.712812" lon="13.857361"><ele>390.731</ele><time>2025-09-28T07:58:51Z</time></trkpt><trkpt lat="45.71277" lon="13.857283"><ele>391.061</ele><time>2025-09-28T07:58:53Z</time></trkpt><trkpt lat="45.71272" lon="13.857228"><ele>390.407</ele><time>2025-09-28T07:58:55Z</time></trkpt><trkpt lat="45.712682" lon="13.857166"><ele>390.709</ele><time>2025-09-28T07:58:57Z</time></trkpt><trkpt lat="45.712645" lon="13.857105"><ele>390.715</ele><time>2025-09-28T07:58:59Z</time></trkpt><trkpt lat="45.712605" lon="13.857038"><ele>390.486</ele><time>2025-09-28T07:59:01Z</time></trkpt><trkpt lat="45.712563" lon="13.856972"><ele>389.596</ele><time>2025-09-28T07:59:03Z</time></trkpt><trkpt lat="45.712535" lon="13.856897"><ele>389.759</ele><time>2025-09-28T07:59:05Z</time></trkpt><trkpt lat="45.712506" lon="13.856826"><ele>390.297</ele><time>2025-09-28T07:59:07Z</time></trkpt><trkpt lat="45.712481" lon="13.856728"><ele>392.237</ele><time>2025-09-28T07:59:09Z</time></trkpt><trkpt lat="45.712462" lon="13.85666"><ele>393.383</ele><time>2025-09-28T07:59:11Z</time></trkpt><trkpt lat="45.712449" lon="13.856566"><ele>394.327</ele><time>2025-09-28T07:59:13Z</time></trkpt><trkpt lat="45.712437" lon="13.856479"><ele>395.111</ele><time>2025-09-28T07:59:15Z</time></trkpt><trkpt lat="45.712428" lon="13.856409"><ele>395.896</ele><time>2025-09-28T07:59:17Z</time></trkpt><trkpt lat="45.712449" lon="13.856334"><ele>397.331</ele><time>2025-09-28T07:59:19Z</time></trkpt><trkpt lat="45.712465" lon="13.85625"><ele>398.224</ele><time>2025-09-28T07:59:21Z</time></trkpt><trkpt lat="45.712479" lon="13.85617"><ele>399.009</ele><time>2025-09-28T07:59:23Z</time></trkpt><trkpt lat="45.712499" lon="13.856092"><ele>399.881</ele><time>2025-09-28T07:59:25Z</time></trkpt><trkpt lat="45.712503" lon="13.856003"><ele>399.372</ele><time>2025-09-28T07:59:27Z</time></trkpt><trkpt lat="45.712499" lon="13.855931"><ele>398.772</ele><time>2025-09-28T07:59:29Z</time></trkpt><trkpt lat="45.712509" lon="13.855833"><ele>398.255</ele><time>2025-09-28T07:59:31Z</time></trkpt><trkpt lat="45.712529" lon="13.855749"><ele>397.893</ele><time>2025-09-28T07:59:34Z</time></trkpt><trkpt lat="45.712553" lon="13.855684"><ele>397.563</ele><time>2025-09-28T07:59:36Z</time></trkpt><trkpt lat="45.712546" lon="13.855608"><ele>396.589</ele><time>2025-09-28T07:59:38Z</time></trkpt><trkpt lat="45.712539" lon="13.855533"><ele>395.513</ele><time>2025-09-28T07:59:40Z</time></trkpt><trkpt lat="45.712516" lon="13.855452"><ele>394.537</ele><time>2025-09-28T07:59:43Z</time></trkpt><trkpt lat="45.712509" lon="13.855359"><ele>393.773</ele><time>2025-09-28T07:59:45Z</time></trkpt><trkpt lat="45.712504" lon="13.855259"><ele>393.085</ele><time>2025-09-28T07:59:47Z</time></trkpt><trkpt lat="45.712511" lon="13.855189"><ele>392.913</ele><time>2025-09-28T07:59:49Z</time></trkpt><trkpt lat="45.712509" lon="13.855082"><ele>392.409</ele><time>2025-09-28T07:59:53Z</time></trkpt><trkpt lat="45.712532" lon="13.855016"><ele>392.629</ele><time>2025-09-28T07:59:56Z</time></trkpt><trkpt lat="45.712574" lon="13.854956"><ele>393.190</ele><time>2025-09-28T07:59:59Z</time></trkpt><trkpt lat="45.712617" lon="13.854921"><ele>393.770</ele><time>2025-09-28T08:00:01Z</time></trkpt><trkpt lat="45.712663" lon="13.854884"><ele>394.313</ele><time>2025-09-28T08:00:04Z</time></trkpt><trkpt lat="45.712699" lon="13.854842"><ele>394.981</ele><time>2025-09-28T08:00:08Z</time></trkpt><trkpt lat="45.712737" lon="13.854784"><ele>395.481</ele><time>2025-09-28T08:00:11Z</time></trkpt><trkpt lat="45.712774" lon="13.85474"><ele>396.037</ele><time>2025-09-28T08:00:13Z</time></trkpt><trkpt lat="45.712813" lon="13.85468"><ele>396.911</ele><time>2025-09-28T08:00:15Z</time></trkpt><trkpt lat="45.712836" lon="13.854618"><ele>397.395</ele><time>2025-09-28T08:00:18Z</time></trkpt><trkpt lat="45.712876" lon="13.854581"><ele>398.386</ele><time>2025-09-28T08:00:23Z</time></trkpt><trkpt lat="45.712923" lon="13.854523"><ele>399.560</ele><time>2025-09-28T08:00:28Z</time></trkpt><trkpt lat="45.712968" lon="13.854464"><ele>400.526</ele><time>2025-09-28T08:00:32Z</time></trkpt><trkpt lat="45.713002" lon="13.854407"><ele>401.509</ele><time>2025-09-28T08:00:36Z</time></trkpt><trkpt lat="45.713046" lon="13.854353"><ele>402.720</ele><time>2025-09-28T08:00:40Z</time></trkpt><trkpt lat="45.713093" lon="13.854302"><ele>403.941</ele><time>2025-09-28T08:00:44Z</time></trkpt><trkpt lat="45.713128" lon="13.854226"><ele>404.541</ele><time>2025-09-28T08:00:52Z</time></trkpt><trkpt lat="45.71315" lon="13.85416"><ele>404.724</ele><time>2025-09-28T08:00:56Z</time></trkpt><trkpt lat="45.713191" lon="13.854103"><ele>405.212</ele><time>2025-09-28T08:01:01Z</time></trkpt><trkpt lat="45.713222" lon="13.854055"><ele>405.632</ele><time>2025-09-28T08:01:06Z</time></trkpt><trkpt lat="45.713246" lon="13.853992"><ele>405.888</ele><time>2025-09-28T08:01:12Z</time></trkpt><trkpt lat="45.713301" lon="13.853938"><ele>406.682</ele><time>2025-09-28T08:01:19Z</time></trkpt><trkpt lat="45.713332" lon="13.853891"><ele>407.016</ele><time>2025-09-28T08:01:22Z</time></trkpt><trkpt lat="45.713384" lon="13.853872"><ele>408.664</ele><time>2025-09-28T08:01:29Z</time></trkpt><trkpt lat="45.713438" lon="13.853877"><ele>410.406</ele><time>2025-09-28T08:01:32Z</time></trkpt><trkpt lat="45.713484" lon="13.853889"><ele>411.916</ele><time>2025-09-28T08:01:48Z</time></trkpt><trkpt lat="45.713531" lon="13.853923"><ele>413.509</ele><time>2025-09-28T08:01:53Z</time></trkpt><trkpt lat="45.713574" lon="13.853976"><ele>415.138</ele><time>2025-09-28T08:01:59Z</time></trkpt><trkpt lat="45.713612" lon="13.854023"><ele>416.539</ele><time>2025-09-28T08:02:03Z</time></trkpt><trkpt lat="45.71364" lon="13.854082"><ele>417.889</ele><time>2025-09-28T08:02:09Z</time></trkpt><trkpt lat="45.713669" lon="13.854145"><ele>419.262</ele><time>2025-09-28T08:02:16Z</time></trkpt><trkpt lat="45.713692" lon="13.854219"><ele>420.310</ele><time>2025-09-28T08:02:22Z</time></trkpt><trkpt lat="45.713702" lon="13.854282"><ele>420.950</ele><time>2025-09-28T08:02:26Z</time></trkpt><trkpt lat="45.713712" lon="13.854359"><ele>421.426</ele><time>2025-09-28T08:02:31Z</time></trkpt><trkpt lat="45.713714" lon="13.854427"><ele>421.720</ele><time>2025-09-28T08:02:34Z</time></trkpt><trkpt lat="45.71371" lon="13.854499"><ele>421.624</ele><time>2025-09-28T08:02:38Z</time></trkpt><trkpt lat="45.71374" lon="13.854548"><ele>422.611</ele><time>2025-09-28T08:02:45Z</time></trkpt><trkpt lat="45.713749" lon="13.854625"><ele>423.021</ele><time>2025-09-28T08:02:49Z</time></trkpt><trkpt lat="45.71376" lon="13.8547"><ele>423.403</ele><time>2025-09-28T08:02:55Z</time></trkpt><trkpt lat="45.713749" lon="13.854764"><ele>423.009</ele><time>2025-09-28T08:03:13Z</time></trkpt><trkpt lat="45.713734" lon="13.854834"><ele>422.533</ele><time>2025-09-28T08:03:39Z</time></trkpt><trkpt lat="45.713751" lon="13.854896"><ele>423.044</ele><time>2025-09-28T08:03:44Z</time></trkpt><trkpt lat="45.713727" lon="13.854953"><ele>422.354</ele><time>2025-09-28T08:03:48Z</time></trkpt><trkpt lat="45.713752" lon="13.855014"><ele>423.067</ele><time>2025-09-28T08:03:55Z</time></trkpt><trkpt lat="45.713757" lon="13.855108"><ele>422.885</ele><time>2025-09-28T08:04:03Z</time></trkpt><trkpt lat="45.71378" lon="13.855167"><ele>423.375</ele><time>2025-09-28T08:04:06Z</time></trkpt><trkpt lat="45.713806" lon="13.855241"><ele>423.781</ele><time>2025-09-28T08:04:11Z</time></trkpt><trkpt lat="45.713834" lon="13.855299"><ele>424.465</ele><time>2025-09-28T08:04:14Z</time></trkpt><trkpt lat="45.713858" lon="13.855361"><ele>424.879</ele><time>2025-09-28T08:04:18Z</time></trkpt><trkpt lat="45.713868" lon="13.855429"><ele>424.928</ele><time>2025-09-28T08:04:20Z</time></trkpt><trkpt lat="45.713902" lon="13.855506"><ele>425.689</ele><time>2025-09-28T08:04:23Z</time></trkpt><trkpt lat="45.71391" lon="13.855592"><ele>425.617</ele><time>2025-09-28T08:04:27Z</time></trkpt><trkpt lat="45.713917" lon="13.855674"><ele>425.709</ele><time>2025-09-28T08:04:29Z</time></trkpt><trkpt lat="45.713934" lon="13.855763"><ele>426.124</ele><time>2025-09-28T08:04:32Z</time></trkpt><trkpt lat="45.713932" lon="13.855846"><ele>425.965</ele><time>2025-09-28T08:04:35Z</time></trkpt><trkpt lat="45.713932" lon="13.85593"><ele>425.835</ele><time>2025-09-28T08:04:38Z</time></trkpt><trkpt lat="45.713933" lon="13.856007"><ele>425.838</ele><time>2025-09-28T08:04:40Z</time></trkpt><trkpt lat="45.713966" lon="13.85608"><ele>426.226</ele><time>2025-09-28T08:04:43Z</time></trkpt><trkpt lat="45.713989" lon="13.856178"><ele>425.916</ele><time>2025-09-28T08:04:47Z</time></trkpt><trkpt lat="45.714013" lon="13.85625"><ele>425.642</ele><time>2025-09-28T08:04:50Z</time></trkpt><trkpt lat="45.714034" lon="13.856309"><ele>425.326</ele><time>2025-09-28T08:04:52Z</time></trkpt><trkpt lat="45.714064" lon="13.85637"><ele>425.120</ele><time>2025-09-28T08:04:55Z</time></trkpt><trkpt lat="45.714098" lon="13.856462"><ele>424.147</ele><time>2025-09-28T08:04:58Z</time></trkpt><trkpt lat="45.714124" lon="13.856526"><ele>423.329</ele><time>2025-09-28T08:05:00Z</time></trkpt><trkpt lat="45.71415" lon="13.856592"><ele>422.321</ele><time>2025-09-28T08:05:02Z</time></trkpt><trkpt lat="45.714196" lon="13.856657"><ele>421.509</ele><time>2025-09-28T08:05:04Z</time></trkpt><trkpt lat="45.714238" lon="13.856732"><ele>421.176</ele><time>2025-09-28T08:05:06Z</time></trkpt><trkpt lat="45.714281" lon="13.856782"><ele>420.717</ele><time>2025-09-28T08:05:08Z</time></trkpt><trkpt lat="45.714319" lon="13.856877"><ele>419.527</ele><time>2025-09-28T08:05:12Z</time></trkpt><trkpt lat="45.714349" lon="13.856943"><ele>418.410</ele><time>2025-09-28T08:05:14Z</time></trkpt><trkpt lat="45.714393" lon="13.857"><ele>417.388</ele><time>2025-09-28T08:05:16Z</time></trkpt><trkpt lat="45.714422" lon="13.857069"><ele>415.978</ele><time>2025-09-28T08:05:18Z</time></trkpt><trkpt lat="45.714473" lon="13.857123"><ele>414.924</ele><time>2025-09-28T08:05:21Z</time></trkpt><trkpt lat="45.71452" lon="13.857177"><ele>413.978</ele><time>2025-09-28T08:05:23Z</time></trkpt><trkpt lat="45.714553" lon="13.857223"><ele>413.072</ele><time>2025-09-28T08:05:25Z</time></trkpt><trkpt lat="45.714601" lon="13.857302"><ele>411.991</ele><time>2025-09-28T08:05:29Z</time></trkpt><trkpt lat="45.714636" lon="13.857347"><ele>411.281</ele><time>2025-09-28T08:05:31Z</time></trkpt><trkpt lat="45.714671" lon="13.857391"><ele>410.619</ele><time>2025-09-28T08:05:33Z</time></trkpt><trkpt lat="45.714713" lon="13.857476"><ele>409.309</ele><time>2025-09-28T08:05:36Z</time></trkpt><trkpt lat="45.714769" lon="13.857528"><ele>409.411</ele><time>2025-09-28T08:05:39Z</time></trkpt><trkpt lat="45.714811" lon="13.857552"><ele>409.712</ele><time>2025-09-28T08:05:41Z</time></trkpt><trkpt lat="45.714859" lon="13.857588"><ele>409.922</ele><time>2025-09-28T08:05:43Z</time></trkpt><trkpt lat="45.714895" lon="13.857643"><ele>409.425</ele><time>2025-09-28T08:05:45Z</time></trkpt><trkpt lat="45.714927" lon="13.857696"><ele>408.863</ele><time>2025-09-28T08:05:47Z</time></trkpt><trkpt lat="45.71497" lon="13.857746"><ele>408.323</ele><time>2025-09-28T08:05:49Z</time></trkpt><trkpt lat="45.714998" lon="13.857811"><ele>407.339</ele><time>2025-09-28T08:05:51Z</time></trkpt><trkpt lat="45.715031" lon="13.857869"><ele>406.353</ele><time>2025-09-28T08:05:53Z</time></trkpt><trkpt lat="45.715056" lon="13.857926"><ele>405.437</ele><time>2025-09-28T08:05:55Z</time></trkpt><trkpt lat="45.715093" lon="13.857994"><ele>404.532</ele><time>2025-09-28T08:05:57Z</time></trkpt><trkpt lat="45.715113" lon="13.858077"><ele>403.492</ele><time>2025-09-28T08:06:00Z</time></trkpt><trkpt lat="45.715129" lon="13.858156"><ele>402.611</ele><time>2025-09-28T08:06:03Z</time></trkpt><trkpt lat="45.71516" lon="13.858224"><ele>402.209</ele><time>2025-09-28T08:06:05Z</time></trkpt><trkpt lat="45.715212" lon="13.858355"><ele>401.725</ele><time>2025-09-28T08:06:11Z</time></trkpt><trkpt lat="45.715245" lon="13.858458"><ele>401.696</ele><time>2025-09-28T08:06:15Z</time></trkpt><trkpt lat="45.715272" lon="13.858523"><ele>401.676</ele><time>2025-09-28T08:06:18Z</time></trkpt><trkpt lat="45.715287" lon="13.85859"><ele>401.239</ele><time>2025-09-28T08:06:21Z</time></trkpt><trkpt lat="45.715304" lon="13.858656"><ele>400.677</ele><time>2025-09-28T08:06:24Z</time></trkpt><trkpt lat="45.715322" lon="13.858723"><ele>399.887</ele><time>2025-09-28T08:06:27Z</time></trkpt><trkpt lat="45.715342" lon="13.858783"><ele>399.163</ele><time>2025-09-28T08:06:31Z</time></trkpt><trkpt lat="45.715366" lon="13.858863"><ele>398.017</ele><time>2025-09-28T08:06:35Z</time></trkpt><trkpt lat="45.715401" lon="13.85895"><ele>396.621</ele><time>2025-09-28T08:06:41Z</time></trkpt><trkpt lat="45.715448" lon="13.858995"><ele>395.678</ele><time>2025-09-28T08:06:44Z</time></trkpt><trkpt lat="45.715464" lon="13.859057"><ele>394.533</ele><time>2025-09-28T08:06:47Z</time></trkpt><trkpt lat="45.715461" lon="13.859134"><ele>393.226</ele><time>2025-09-28T08:06:52Z</time></trkpt><trkpt lat="45.715473" lon="13.859206"><ele>392.309</ele><time>2025-09-28T08:06:55Z</time></trkpt><trkpt lat="45.715499" lon="13.859275"><ele>391.539</ele><time>2025-09-28T08:06:58Z</time></trkpt><trkpt lat="45.715524" lon="13.859355"><ele>390.890</ele><time>2025-09-28T08:07:01Z</time></trkpt><trkpt lat="45.715541" lon="13.859435"><ele>390.160</ele><time>2025-09-28T08:07:04Z</time></trkpt><trkpt lat="45.715537" lon="13.859525"><ele>389.893</ele><time>2025-09-28T08:07:07Z</time></trkpt><trkpt lat="45.715525" lon="13.85959"><ele>389.631</ele><time>2025-09-28T08:07:11Z</time></trkpt><trkpt lat="45.715528" lon="13.859665"><ele>389.331</ele><time>2025-09-28T08:07:14Z</time></trkpt><trkpt lat="45.715524" lon="13.859769"><ele>389.197</ele><time>2025-09-28T08:07:19Z</time></trkpt><trkpt lat="45.715501" lon="13.859849"><ele>389.181</ele><time>2025-09-28T08:07:22Z</time></trkpt><trkpt lat="45.715491" lon="13.859917"><ele>389.155</ele><time>2025-09-28T08:07:25Z</time></trkpt><trkpt lat="45.715477" lon="13.859993"><ele>389.091</ele><time>2025-09-28T08:07:28Z</time></trkpt><trkpt lat="45.715444" lon="13.860088"><ele>388.481</ele><time>2025-09-28T08:07:31Z</time></trkpt><trkpt lat="45.715401" lon="13.860227"><ele>387.419</ele><time>2025-09-28T08:07:37Z</time></trkpt><trkpt lat="45.715372" lon="13.860279"><ele>387.009</ele><time>2025-09-28T08:07:39Z</time></trkpt><trkpt lat="45.715333" lon="13.860347"><ele>386.341</ele><time>2025-09-28T08:07:41Z</time></trkpt><trkpt lat="45.715291" lon="13.860395"><ele>385.742</ele><time>2025-09-28T08:07:43Z</time></trkpt><trkpt lat="45.715243" lon="13.860449"><ele>385.452</ele><time>2025-09-28T08:07:45Z</time></trkpt><trkpt lat="45.715202" lon="13.860503"><ele>385.185</ele><time>2025-09-28T08:07:47Z</time></trkpt><trkpt lat="45.715165" lon="13.860571"><ele>384.743</ele><time>2025-09-28T08:07:49Z</time></trkpt><trkpt lat="45.715134" lon="13.860637"><ele>384.443</ele><time>2025-09-28T08:07:51Z</time></trkpt><trkpt lat="45.715104" lon="13.860703"><ele>384.289</ele><time>2025-09-28T08:07:53Z</time></trkpt><trkpt lat="45.715072" lon="13.860764"><ele>384.013</ele><time>2025-09-28T08:07:56Z</time></trkpt><trkpt lat="45.715076" lon="13.86083"><ele>383.587</ele><time>2025-09-28T08:07:59Z</time></trkpt><trkpt lat="45.71506" lon="13.860892"><ele>383.246</ele><time>2025-09-28T08:08:02Z</time></trkpt><trkpt lat="45.71507" lon="13.860973"><ele>382.688</ele><time>2025-09-28T08:08:05Z</time></trkpt><trkpt lat="45.715089" lon="13.861051"><ele>382.016</ele><time>2025-09-28T08:08:07Z</time></trkpt><trkpt lat="45.715114" lon="13.861121"><ele>381.609</ele><time>2025-09-28T08:08:09Z</time></trkpt><trkpt lat="45.71509" lon="13.861182"><ele>381.786</ele><time>2025-09-28T08:08:11Z</time></trkpt><trkpt lat="45.715105" lon="13.86125"><ele>381.657</ele><time>2025-09-28T08:08:13Z</time></trkpt><trkpt lat="45.71512" lon="13.861314"><ele>381.627</ele><time>2025-09-28T08:08:15Z</time></trkpt><trkpt lat="45.715144" lon="13.861394"><ele>381.550</ele><time>2025-09-28T08:08:19Z</time></trkpt><trkpt lat="45.715176" lon="13.86145"><ele>381.178</ele><time>2025-09-28T08:08:21Z</time></trkpt><trkpt lat="45.715194" lon="13.861512"><ele>380.728</ele><time>2025-09-28T08:08:23Z</time></trkpt><trkpt lat="45.715192" lon="13.861618"><ele>380.244</ele><time>2025-09-28T08:08:26Z</time></trkpt><trkpt lat="45.715206" lon="13.861705"><ele>380.088</ele><time>2025-09-28T08:08:29Z</time></trkpt><trkpt lat="45.715201" lon="13.861777"><ele>379.962</ele><time>2025-09-28T08:08:31Z</time></trkpt><trkpt lat="45.715216" lon="13.861869"><ele>379.836</ele><time>2025-09-28T08:08:34Z</time></trkpt><trkpt lat="45.71522" lon="13.861938"><ele>379.817</ele><time>2025-09-28T08:08:36Z</time></trkpt><trkpt lat="45.715251" lon="13.862019"><ele>379.618</ele><time>2025-09-28T08:08:39Z</time></trkpt><trkpt lat="45.715259" lon="13.862102"><ele>379.309</ele><time>2025-09-28T08:08:41Z</time></trkpt><trkpt lat="45.715277" lon="13.862167"><ele>379.275</ele><time>2025-09-28T08:08:43Z</time></trkpt><trkpt lat="45.715302" lon="13.862253"><ele>378.666</ele><time>2025-09-28T08:08:46Z</time></trkpt><trkpt lat="45.715329" lon="13.862343"><ele>377.866</ele><time>2025-09-28T08:08:48Z</time></trkpt><trkpt lat="45.715352" lon="13.862451"><ele>377.029</ele><time>2025-09-28T08:08:50Z</time></trkpt><trkpt lat="45.715368" lon="13.862525"><ele>376.567</ele><time>2025-09-28T08:08:52Z</time></trkpt><trkpt lat="45.715392" lon="13.862582"><ele>375.957</ele><time>2025-09-28T08:08:54Z</time></trkpt><trkpt lat="45.715431" lon="13.862634"><ele>375.233</ele><time>2025-09-28T08:08:56Z</time></trkpt><trkpt lat="45.715468" lon="13.862687"><ele>374.577</ele><time>2025-09-28T08:08:58Z</time></trkpt><trkpt lat="45.715495" lon="13.862749"><ele>373.791</ele><time>2025-09-28T08:09:00Z</time></trkpt><trkpt lat="45.715536" lon="13.862813"><ele>373.059</ele><time>2025-09-28T08:09:03Z</time></trkpt><trkpt lat="45.715576" lon="13.862886"><ele>372.403</ele><time>2025-09-28T08:09:06Z</time></trkpt><trkpt lat="45.715589" lon="13.862968"><ele>371.923</ele><time>2025-09-28T08:09:08Z</time></trkpt><trkpt lat="45.715587" lon="13.863043"><ele>371.609</ele><time>2025-09-28T08:09:10Z</time></trkpt><trkpt lat="45.715587" lon="13.863122"><ele>371.567</ele><time>2025-09-28T08:09:12Z</time></trkpt><trkpt lat="45.71561" lon="13.863215"><ele>371.148</ele><time>2025-09-28T08:09:15Z</time></trkpt><trkpt lat="45.715617" lon="13.863298"><ele>370.938</ele><time>2025-09-28T08:09:18Z</time></trkpt><trkpt lat="45.715637" lon="13.863365"><ele>370.561</ele><time>2025-09-28T08:09:20Z</time></trkpt><trkpt lat="45.715652" lon="13.863431"><ele>370.299</ele><time>2025-09-28T08:09:22Z</time></trkpt><trkpt lat="45.715657" lon="13.863496"><ele>370.049</ele><time>2025-09-28T08:09:24Z</time></trkpt><trkpt lat="45.715667" lon="13.863581"><ele>369.825</ele><time>2025-09-28T08:09:27Z</time></trkpt><trkpt lat="45.715652" lon="13.863668"><ele>370.089</ele><time>2025-09-28T08:09:29Z</time></trkpt><trkpt lat="45.715645" lon="13.863734"><ele>370.263</ele><time>2025-09-28T08:09:31Z</time></trkpt><trkpt lat="45.715634" lon="13.863813"><ele>370.442</ele><time>2025-09-28T08:09:33Z</time></trkpt><trkpt lat="45.715643" lon="13.863894"><ele>370.322</ele><time>2025-09-28T08:09:36Z</time></trkpt><trkpt lat="45.715646" lon="13.863985"><ele>369.714</ele><time>2025-09-28T08:09:38Z</time></trkpt><trkpt lat="45.715636" lon="13.864049"><ele>369.309</ele><time>2025-09-28T08:09:40Z</time></trkpt><trkpt lat="45.715635" lon="13.864121"><ele>368.856</ele><time>2025-09-28T08:09:42Z</time></trkpt><trkpt lat="45.715632" lon="13.864191"><ele>368.287</ele><time>2025-09-28T08:09:44Z</time></trkpt><trkpt lat="45.715647" lon="13.864271"><ele>367.337</ele><time>2025-09-28T08:09:47Z</time></trkpt><trkpt lat="45.715656" lon="13.86436"><ele>366.440</ele><time>2025-09-28T08:09:50Z</time></trkpt><trkpt lat="45.715665" lon="13.864432"><ele>365.768</ele><time>2025-09-28T08:09:52Z</time></trkpt><trkpt lat="45.715681" lon="13.864494"><ele>365.328</ele><time>2025-09-28T08:09:54Z</time></trkpt><trkpt lat="45.715704" lon="13.864577"><ele>364.834</ele><time>2025-09-28T08:09:57Z</time></trkpt><trkpt lat="45.715714" lon="13.864661"><ele>364.368</ele><time>2025-09-28T08:09:59Z</time></trkpt><trkpt lat="45.715746" lon="13.864724"><ele>364.012</ele><time>2025-09-28T08:10:02Z</time></trkpt><trkpt lat="45.715772" lon="13.864805"><ele>363.968</ele><time>2025-09-28T08:10:05Z</time></trkpt><trkpt lat="45.715776" lon="13.864893"><ele>363.742</ele><time>2025-09-28T08:10:07Z</time></trkpt><trkpt lat="45.715789" lon="13.864987"><ele>363.726</ele><time>2025-09-28T08:10:09Z</time></trkpt><trkpt lat="45.715799" lon="13.865083"><ele>363.209</ele><time>2025-09-28T08:10:11Z</time></trkpt><trkpt lat="45.7158" lon="13.865181"><ele>362.598</ele><time>2025-09-28T08:10:13Z</time></trkpt><trkpt lat="45.715821" lon="13.865251"><ele>362.149</ele><time>2025-09-28T08:10:15Z</time></trkpt><trkpt lat="45.715826" lon="13.865323"><ele>361.869</ele><time>2025-09-28T08:10:18Z</time></trkpt><trkpt lat="45.715807" lon="13.86539"><ele>361.552</ele><time>2025-09-28T08:10:20Z</time></trkpt><trkpt lat="45.715778" lon="13.86546"><ele>361.010</ele><time>2025-09-28T08:10:22Z</time></trkpt><trkpt lat="45.71576" lon="13.865537"><ele>360.610</ele><time>2025-09-28T08:10:24Z</time></trkpt><trkpt lat="45.715746" lon="13.865599"><ele>360.416</ele><time>2025-09-28T08:10:26Z</time></trkpt><trkpt lat="45.715722" lon="13.865678"><ele>360.420</ele><time>2025-09-28T08:10:29Z</time></trkpt><trkpt lat="45.715701" lon="13.865745"><ele>360.444</ele><time>2025-09-28T08:10:31Z</time></trkpt><trkpt lat="45.715695" lon="13.865818"><ele>360.571</ele><time>2025-09-28T08:10:34Z</time></trkpt><trkpt lat="45.715678" lon="13.865886"><ele>360.741</ele><time>2025-09-28T08:10:36Z</time></trkpt><trkpt lat="45.715654" lon="13.865957"><ele>360.915</ele><time>2025-09-28T08:10:39Z</time></trkpt><trkpt lat="45.715649" lon="13.866029"><ele>361.309</ele><time>2025-09-28T08:10:41Z</time></trkpt><trkpt lat="45.715643" lon="13.866101"><ele>361.689</ele><time>2025-09-28T08:10:44Z</time></trkpt><trkpt lat="45.715616" lon="13.866182"><ele>362.060</ele><time>2025-09-28T08:10:47Z</time></trkpt><trkpt lat="45.715595" lon="13.866241"><ele>362.350</ele><time>2025-09-28T08:10:49Z</time></trkpt><trkpt lat="45.71559" lon="13.866309"><ele>362.643</ele><time>2025-09-28T08:10:52Z</time></trkpt><trkpt lat="45.715573" lon="13.866378"><ele>362.921</ele><time>2025-09-28T08:10:54Z</time></trkpt><trkpt lat="45.715556" lon="13.866445"><ele>363.471</ele><time>2025-09-28T08:10:57Z</time></trkpt><trkpt lat="45.715569" lon="13.866519"><ele>363.877</ele><time>2025-09-28T08:11:01Z</time></trkpt><trkpt lat="45.715559" lon="13.8666"><ele>364.581</ele><time>2025-09-28T08:11:05Z</time></trkpt><trkpt lat="45.715556" lon="13.866683"><ele>364.955</ele><time>2025-09-28T08:11:11Z</time></trkpt><trkpt lat="45.715549" lon="13.866761"><ele>364.746</ele><time>2025-09-28T08:11:14Z</time></trkpt><trkpt lat="45.715559" lon="13.866833"><ele>364.488</ele><time>2025-09-28T08:11:18Z</time></trkpt><trkpt lat="45.715529" lon="13.866946"><ele>364.116</ele><time>2025-09-28T08:11:25Z</time></trkpt><trkpt lat="45.71551" lon="13.867015"><ele>363.409</ele><time>2025-09-28T08:11:30Z</time></trkpt><trkpt lat="45.715512" lon="13.867089"><ele>362.646</ele><time>2025-09-28T08:11:33Z</time></trkpt><trkpt lat="45.71552" lon="13.867172"><ele>361.757</ele><time>2025-09-28T08:11:36Z</time></trkpt><trkpt lat="45.715537" lon="13.867268"><ele>360.737</ele><time>2025-09-28T08:11:40Z</time></trkpt><trkpt lat="45.715556" lon="13.867333"><ele>360.220</ele><time>2025-09-28T08:11:42Z</time></trkpt><trkpt lat="45.715578" lon="13.8674"><ele>359.518</ele><time>2025-09-28T08:11:44Z</time></trkpt><trkpt lat="45.715582" lon="13.867484"><ele>358.858</ele><time>2025-09-28T08:11:47Z</time></trkpt><trkpt lat="45.715571" lon="13.867552"><ele>358.634</ele><time>2025-09-28T08:11:49Z</time></trkpt><trkpt lat="45.715568" lon="13.867635"><ele>358.488</ele><time>2025-09-28T08:11:51Z</time></trkpt><trkpt lat="45.715557" lon="13.867713"><ele>358.272</ele><time>2025-09-28T08:11:53Z</time></trkpt><trkpt lat="45.715536" lon="13.867811"><ele>357.775</ele><time>2025-09-28T08:11:55Z</time></trkpt><trkpt lat="45.715518" lon="13.867891"><ele>356.828</ele><time>2025-09-28T08:11:57Z</time></trkpt><trkpt lat="45.715531" lon="13.867965"><ele>356.020</ele><time>2025-09-28T08:11:59Z</time></trkpt><trkpt lat="45.715539" lon="13.868092"><ele>354.809</ele><time>2025-09-28T08:12:01Z</time></trkpt><trkpt lat="45.715529" lon="13.868211"><ele>354.039</ele><time>2025-09-28T08:12:03Z</time></trkpt><trkpt lat="45.715493" lon="13.868305"><ele>353.670</ele><time>2025-09-28T08:12:05Z</time></trkpt><trkpt lat="45.71549" lon="13.868428"><ele>352.520</ele><time>2025-09-28T08:12:07Z</time></trkpt><trkpt lat="45.715478" lon="13.868517"><ele>351.883</ele><time>2025-09-28T08:12:09Z</time></trkpt><trkpt lat="45.715464" lon="13.868614"><ele>351.091</ele><time>2025-09-28T08:12:11Z</time></trkpt><trkpt lat="45.715456" lon="13.868695"><ele>350.271</ele><time>2025-09-28T08:12:13Z</time></trkpt><trkpt lat="45.715436" lon="13.868782"><ele>349.427</ele><time>2025-09-28T08:12:16Z</time></trkpt><trkpt lat="45.715491" lon="13.868751"><ele>349.241</ele><time>2025-09-28T08:12:26Z</time></trkpt><trkpt lat="45.715542" lon="13.868745"><ele>348.795</ele><time>2025-09-28T08:12:29Z</time></trkpt><trkpt lat="45.715595" lon="13.868701"><ele>349.086</ele><time>2025-09-28T08:12:31Z</time></trkpt><trkpt lat="45.715635" lon="13.868668"><ele>349.360</ele><time>2025-09-28T08:12:33Z</time></trkpt><trkpt lat="45.715675" lon="13.868638"><ele>349.726</ele><time>2025-09-28T08:12:35Z</time></trkpt><trkpt lat="45.715735" lon="13.868585"><ele>350.209</ele><time>2025-09-28T08:12:37Z</time></trkpt><trkpt lat="45.715786" lon="13.868543"><ele>350.530</ele><time>2025-09-28T08:12:39Z</time></trkpt><trkpt lat="45.715846" lon="13.86852"><ele>350.691</ele><time>2025-09-28T08:12:42Z</time></trkpt><trkpt lat="45.715899" lon="13.868502"><ele>350.541</ele><time>2025-09-28T08:12:46Z</time></trkpt><trkpt lat="45.715956" lon="13.868482"><ele>350.594</ele><time>2025-09-28T08:12:51Z</time></trkpt><trkpt lat="45.716002" lon="13.868454"><ele>350.562</ele><time>2025-09-28T08:12:55Z</time></trkpt><trkpt lat="45.716047" lon="13.86843"><ele>350.592</ele><time>2025-09-28T08:13:01Z</time></trkpt><trkpt lat="45.716088" lon="13.868385"><ele>350.788</ele><time>2025-09-28T08:13:05Z</time></trkpt><trkpt lat="45.716121" lon="13.868325"><ele>351.152</ele><time>2025-09-28T08:13:09Z</time></trkpt><trkpt lat="45.71615" lon="13.868271"><ele>351.546</ele><time>2025-09-28T08:13:13Z</time></trkpt><trkpt lat="45.716207" lon="13.868236"><ele>352.133</ele><time>2025-09-28T08:13:16Z</time></trkpt><trkpt lat="45.71625" lon="13.868181"><ele>352.923</ele><time>2025-09-28T08:13:18Z</time></trkpt><trkpt lat="45.716301" lon="13.868116"><ele>354.215</ele><time>2025-09-28T08:13:20Z</time></trkpt><trkpt lat="45.716336" lon="13.868061"><ele>355.309</ele><time>2025-09-28T08:13:22Z</time></trkpt><trkpt lat="45.716385" lon="13.868"><ele>356.475</ele><time>2025-09-28T08:13:25Z</time></trkpt><trkpt lat="45.716427" lon="13.867941"><ele>356.656</ele><time>2025-09-28T08:13:27Z</time></trkpt><trkpt lat="45.716459" lon="13.867875"><ele>357.026</ele><time>2025-09-28T08:13:29Z</time></trkpt><trkpt lat="45.716482" lon="13.867803"><ele>357.559</ele><time>2025-09-28T08:13:31Z</time></trkpt><trkpt lat="45.716507" lon="13.867745"><ele>357.337</ele><time>2025-09-28T08:13:33Z</time></trkpt><trkpt lat="45.716536" lon="13.867662"><ele>356.437</ele><time>2025-09-28T08:13:36Z</time></trkpt><trkpt lat="45.716563" lon="13.867608"><ele>355.933</ele><time>2025-09-28T08:13:38Z</time></trkpt><trkpt lat="45.716598" lon="13.867539"><ele>355.397</ele><time>2025-09-28T08:13:41Z</time></trkpt><trkpt lat="45.716643" lon="13.867483"><ele>354.921</ele><time>2025-09-28T08:13:43Z</time></trkpt><trkpt lat="45.716683" lon="13.867412"><ele>354.878</ele><time>2025-09-28T08:13:45Z</time></trkpt><trkpt lat="45.716714" lon="13.867344"><ele>354.733</ele><time>2025-09-28T08:13:48Z</time></trkpt><trkpt lat="45.716779" lon="13.867265"><ele>354.926</ele><time>2025-09-28T08:13:52Z</time></trkpt><trkpt lat="45.716822" lon="13.867217"><ele>355.109</ele><time>2025-09-28T08:13:55Z</time></trkpt><trkpt lat="45.716857" lon="13.867174"><ele>355.599</ele><time>2025-09-28T08:13:57Z</time></trkpt><trkpt lat="45.7169" lon="13.867122"><ele>355.880</ele><time>2025-09-28T08:14:01Z</time></trkpt><trkpt lat="45.71694" lon="13.867063"><ele>356.060</ele><time>2025-09-28T08:14:04Z</time></trkpt><trkpt lat="45.716975" lon="13.867012"><ele>355.923</ele><time>2025-09-28T08:14:07Z</time></trkpt><trkpt lat="45.717011" lon="13.866926"><ele>356.121</ele><time>2025-09-28T08:14:11Z</time></trkpt><trkpt lat="45.717035" lon="13.86686"><ele>356.221</ele><time>2025-09-28T08:14:13Z</time></trkpt><trkpt lat="45.717055" lon="13.866795"><ele>356.387</ele><time>2025-09-28T08:14:15Z</time></trkpt><trkpt lat="45.717074" lon="13.866729"><ele>356.461</ele><time>2025-09-28T08:14:18Z</time></trkpt><trkpt lat="45.717119" lon="13.866664"><ele>356.425</ele><time>2025-09-28T08:14:21Z</time></trkpt><trkpt lat="45.717155" lon="13.866587"><ele>356.374</ele><time>2025-09-28T08:14:23Z</time></trkpt><trkpt lat="45.717188" lon="13.866498"><ele>356.256</ele><time>2025-09-28T08:14:25Z</time></trkpt><trkpt lat="45.717225" lon="13.866385"><ele>356.021</ele><time>2025-09-28T08:14:27Z</time></trkpt><trkpt lat="45.717255" lon="13.86631"><ele>356.209</ele><time>2025-09-28T08:14:29Z</time></trkpt><trkpt lat="45.717291" lon="13.866242"><ele>356.329</ele><time>2025-09-28T08:14:31Z</time></trkpt><trkpt lat="45.717324" lon="13.866143"><ele>356.550</ele><time>2025-09-28T08:14:33Z</time></trkpt><trkpt lat="45.717361" lon="13.866046"><ele>356.540</ele><time>2025-09-28T08:14:35Z</time></trkpt><trkpt lat="45.717395" lon="13.865978"><ele>356.463</ele><time>2025-09-28T08:14:37Z</time></trkpt><trkpt lat="45.717447" lon="13.865882"><ele>356.241</ele><time>2025-09-28T08:14:39Z</time></trkpt><trkpt lat="45.717478" lon="13.865821"><ele>356.181</ele><time>2025-09-28T08:14:41Z</time></trkpt><trkpt lat="45.71752" lon="13.865754"><ele>355.987</ele><time>2025-09-28T08:14:43Z</time></trkpt><trkpt lat="45.717544" lon="13.865695"><ele>355.771</ele><time>2025-09-28T08:14:45Z</time></trkpt><trkpt lat="45.717574" lon="13.86564"><ele>355.545</ele><time>2025-09-28T08:14:47Z</time></trkpt><trkpt lat="45.717597" lon="13.865543"><ele>355.343</ele><time>2025-09-28T08:14:49Z</time></trkpt><trkpt lat="45.717609" lon="13.865479"><ele>354.964</ele><time>2025-09-28T08:14:51Z</time></trkpt><trkpt lat="45.717636" lon="13.865408"><ele>354.210</ele><time>2025-09-28T08:14:54Z</time></trkpt><trkpt lat="45.717665" lon="13.865338"><ele>353.409</ele><time>2025-09-28T08:14:56Z</time></trkpt><trkpt lat="45.717701" lon="13.865271"><ele>352.386</ele><time>2025-09-28T08:14:58Z</time></trkpt><trkpt lat="45.717715" lon="13.865208"><ele>351.717</ele><time>2025-09-28T08:15:00Z</time></trkpt><trkpt lat="45.717742" lon="13.865123"><ele>350.687</ele><time>2025-09-28T08:15:02Z</time></trkpt><trkpt lat="45.717754" lon="13.865055"><ele>349.990</ele><time>2025-09-28T08:15:04Z</time></trkpt><trkpt lat="45.717772" lon="13.864976"><ele>349.288</ele><time>2025-09-28T08:15:06Z</time></trkpt><trkpt lat="45.717795" lon="13.864911"><ele>349.248</ele><time>2025-09-28T08:15:08Z</time></trkpt><trkpt lat="45.71782" lon="13.864831"><ele>349.484</ele><time>2025-09-28T08:15:10Z</time></trkpt><trkpt lat="45.717853" lon="13.864734"><ele>349.468</ele><time>2025-09-28T08:15:12Z</time></trkpt><trkpt lat="45.717868" lon="13.864652"><ele>349.872</ele><time>2025-09-28T08:15:14Z</time></trkpt><trkpt lat="45.717886" lon="13.864568"><ele>350.189</ele><time>2025-09-28T08:15:16Z</time></trkpt><trkpt lat="45.717897" lon="13.864478"><ele>350.506</ele><time>2025-09-28T08:15:18Z</time></trkpt><trkpt lat="45.717928" lon="13.864401"><ele>350.426</ele><time>2025-09-28T08:15:20Z</time></trkpt><trkpt lat="45.717961" lon="13.864338"><ele>350.209</ele><time>2025-09-28T08:15:22Z</time></trkpt><trkpt lat="45.717997" lon="13.864277"><ele>349.820</ele><time>2025-09-28T08:15:24Z</time></trkpt><trkpt lat="45.718022" lon="13.864193"><ele>349.571</ele><time>2025-09-28T08:15:26Z</time></trkpt><trkpt lat="45.718049" lon="13.864111"><ele>349.351</ele><time>2025-09-28T08:15:28Z</time></trkpt><trkpt lat="45.7181" lon="13.864053"><ele>349.764</ele><time>2025-09-28T08:15:30Z</time></trkpt><trkpt lat="45.71813" lon="13.863985"><ele>350.222</ele><time>2025-09-28T08:15:32Z</time></trkpt><trkpt lat="45.718138" lon="13.863913"><ele>350.532</ele><time>2025-09-28T08:15:34Z</time></trkpt><trkpt lat="45.718157" lon="13.863843"><ele>351.138</ele><time>2025-09-28T08:15:36Z</time></trkpt><trkpt lat="45.718176" lon="13.863765"><ele>351.842</ele><time>2025-09-28T08:15:38Z</time></trkpt><trkpt lat="45.718184" lon="13.863692"><ele>352.396</ele><time>2025-09-28T08:15:41Z</time></trkpt><trkpt lat="45.718194" lon="13.863611"><ele>353.074</ele><time>2025-09-28T08:15:44Z</time></trkpt><trkpt lat="45.718205" lon="13.863525"><ele>353.456</ele><time>2025-09-28T08:15:47Z</time></trkpt><trkpt lat="45.718225" lon="13.863442"><ele>353.721</ele><time>2025-09-28T08:15:49Z</time></trkpt><trkpt lat="45.718244" lon="13.863365"><ele>353.909</ele><time>2025-09-28T08:15:51Z</time></trkpt><trkpt lat="45.718282" lon="13.863296"><ele>354.159</ele><time>2025-09-28T08:15:53Z</time></trkpt><trkpt lat="45.718297" lon="13.863214"><ele>354.190</ele><time>2025-09-28T08:15:55Z</time></trkpt><trkpt lat="45.718314" lon="13.86313"><ele>354.110</ele><time>2025-09-28T08:15:57Z</time></trkpt><trkpt lat="45.718336" lon="13.863036"><ele>354.013</ele><time>2025-09-28T08:15:59Z</time></trkpt><trkpt lat="45.718358" lon="13.86297"><ele>353.561</ele><time>2025-09-28T08:16:01Z</time></trkpt><trkpt lat="45.718394" lon="13.862897"><ele>352.891</ele><time>2025-09-28T08:16:03Z</time></trkpt><trkpt lat="45.718409" lon="13.862821"><ele>352.497</ele><time>2025-09-28T08:16:05Z</time></trkpt><trkpt lat="45.718427" lon="13.862752"><ele>352.051</ele><time>2025-09-28T08:16:07Z</time></trkpt><trkpt lat="45.718452" lon="13.862696"><ele>351.685</ele><time>2025-09-28T08:16:09Z</time></trkpt><trkpt lat="45.718468" lon="13.862625"><ele>351.418</ele><time>2025-09-28T08:16:12Z</time></trkpt><trkpt lat="45.718483" lon="13.862536"><ele>351.298</ele><time>2025-09-28T08:16:16Z</time></trkpt><trkpt lat="45.718498" lon="13.862463"><ele>351.217</ele><time>2025-09-28T08:16:19Z</time></trkpt><trkpt lat="45.71852" lon="13.862405"><ele>351.009</ele><time>2025-09-28T08:16:21Z</time></trkpt><trkpt lat="45.718537" lon="13.862338"><ele>350.963</ele><time>2025-09-28T08:16:25Z</time></trkpt><trkpt lat="45.718542" lon="13.862258"><ele>351.154</ele><time>2025-09-28T08:16:29Z</time></trkpt><trkpt lat="45.718563" lon="13.862194"><ele>351.144</ele><time>2025-09-28T08:16:33Z</time></trkpt><trkpt lat="45.718594" lon="13.862135"><ele>351.287</ele><time>2025-09-28T08:16:37Z</time></trkpt><trkpt lat="45.718625" lon="13.862056"><ele>351.735</ele><time>2025-09-28T08:16:41Z</time></trkpt><trkpt lat="45.71866" lon="13.862002"><ele>351.935</ele><time>2025-09-28T08:16:44Z</time></trkpt><trkpt lat="45.718694" lon="13.861959"><ele>352.051</ele><time>2025-09-28T08:16:46Z</time></trkpt><trkpt lat="45.718707" lon="13.861897"><ele>352.145</ele><time>2025-09-28T08:16:49Z</time></trkpt><trkpt lat="45.718731" lon="13.861823"><ele>352.159</ele><time>2025-09-28T08:16:53Z</time></trkpt><trkpt lat="45.718742" lon="13.861741"><ele>352.376</ele><time>2025-09-28T08:16:57Z</time></trkpt><trkpt lat="45.718763" lon="13.861677"><ele>352.390</ele><time>2025-09-28T08:17:00Z</time></trkpt><trkpt lat="45.718776" lon="13.861614"><ele>352.719</ele><time>2025-09-28T08:17:03Z</time></trkpt><trkpt lat="45.718811" lon="13.861551"><ele>353.009</ele><time>2025-09-28T08:17:07Z</time></trkpt><trkpt lat="45.71885" lon="13.861498"><ele>353.299</ele><time>2025-09-28T08:17:10Z</time></trkpt><trkpt lat="45.718875" lon="13.861434"><ele>353.630</ele><time>2025-09-28T08:17:13Z</time></trkpt><trkpt lat="45.718914" lon="13.861377"><ele>353.720</ele><time>2025-09-28T08:17:17Z</time></trkpt><trkpt lat="45.718945" lon="13.861308"><ele>353.943</ele><time>2025-09-28T08:17:21Z</time></trkpt><trkpt lat="45.718972" lon="13.861238"><ele>354.181</ele><time>2025-09-28T08:17:25Z</time></trkpt><trkpt lat="45.719002" lon="13.861186"><ele>354.251</ele><time>2025-09-28T08:17:28Z</time></trkpt><trkpt lat="45.719025" lon="13.861119"><ele>354.547</ele><time>2025-09-28T08:17:32Z</time></trkpt><trkpt lat="45.719054" lon="13.861067"><ele>354.021</ele><time>2025-09-28T08:17:35Z</time></trkpt><trkpt lat="45.719085" lon="13.861003"><ele>353.565</ele><time>2025-09-28T08:17:38Z</time></trkpt><trkpt lat="45.719093" lon="13.860931"><ele>353.338</ele><time>2025-09-28T08:17:42Z</time></trkpt><trkpt lat="45.719125" lon="13.860859"><ele>352.870</ele><time>2025-09-28T08:17:47Z</time></trkpt><trkpt lat="45.719175" lon="13.8608"><ele>351.917</ele><time>2025-09-28T08:17:50Z</time></trkpt><trkpt lat="45.719203" lon="13.860744"><ele>351.609</ele><time>2025-09-28T08:17:52Z</time></trkpt><trkpt lat="45.719227" lon="13.860679"><ele>351.445</ele><time>2025-09-28T08:17:54Z</time></trkpt><trkpt lat="45.719244" lon="13.860594"><ele>351.496</ele><time>2025-09-28T08:17:56Z</time></trkpt><trkpt lat="45.719254" lon="13.860515"><ele>351.686</ele><time>2025-09-28T08:17:58Z</time></trkpt><trkpt lat="45.719263" lon="13.86044"><ele>352.019</ele><time>2025-09-28T08:18:00Z</time></trkpt><trkpt lat="45.719274" lon="13.860348"><ele>352.417</ele><time>2025-09-28T08:18:02Z</time></trkpt><trkpt lat="45.719305" lon="13.860277"><ele>352.587</ele><time>2025-09-28T08:18:04Z</time></trkpt><trkpt lat="45.719342" lon="13.860205"><ele>352.533</ele><time>2025-09-28T08:18:06Z</time></trkpt><trkpt lat="45.719388" lon="13.860126"><ele>352.317</ele><time>2025-09-28T08:18:08Z</time></trkpt><trkpt lat="45.719429" lon="13.860059"><ele>352.021</ele><time>2025-09-28T08:18:10Z</time></trkpt><trkpt lat="45.719487" lon="13.859974"><ele>352.222</ele><time>2025-09-28T08:18:12Z</time></trkpt><trkpt lat="45.719541" lon="13.859899"><ele>352.562</ele><time>2025-09-28T08:18:14Z</time></trkpt><trkpt lat="45.719576" lon="13.859822"><ele>352.708</ele><time>2025-09-28T08:18:16Z</time></trkpt><trkpt lat="45.719619" lon="13.859771"><ele>352.609</ele><time>2025-09-28T08:18:18Z</time></trkpt><trkpt lat="45.719646" lon="13.859686"><ele>352.554</ele><time>2025-09-28T08:18:20Z</time></trkpt><trkpt lat="45.719696" lon="13.859624"><ele>352.265</ele><time>2025-09-28T08:18:22Z</time></trkpt><trkpt lat="45.719732" lon="13.859567"><ele>352.055</ele><time>2025-09-28T08:18:24Z</time></trkpt><trkpt lat="45.719775" lon="13.859497"><ele>352.118</ele><time>2025-09-28T08:18:26Z</time></trkpt><trkpt lat="45.719806" lon="13.859432"><ele>352.446</ele><time>2025-09-28T08:18:28Z</time></trkpt><trkpt lat="45.719847" lon="13.85938"><ele>352.856</ele><time>2025-09-28T08:18:30Z</time></trkpt><trkpt lat="45.719877" lon="13.859317"><ele>353.212</ele><time>2025-09-28T08:18:32Z</time></trkpt><trkpt lat="45.719911" lon="13.859247"><ele>353.636</ele><time>2025-09-28T08:18:34Z</time></trkpt><trkpt lat="45.71995" lon="13.859195"><ele>353.960</ele><time>2025-09-28T08:18:36Z</time></trkpt><trkpt lat="45.719983" lon="13.859125"><ele>354.239</ele><time>2025-09-28T08:18:38Z</time></trkpt><trkpt lat="45.720012" lon="13.859038"><ele>354.301</ele><time>2025-09-28T08:18:40Z</time></trkpt><trkpt lat="45.720028" lon="13.858959"><ele>354.321</ele><time>2025-09-28T08:18:42Z</time></trkpt><trkpt lat="45.720054" lon="13.858897"><ele>354.009</ele><time>2025-09-28T08:18:44Z</time></trkpt><trkpt lat="45.720088" lon="13.858844"><ele>353.475</ele><time>2025-09-28T08:18:46Z</time></trkpt><trkpt lat="45.720136" lon="13.858789"><ele>352.446</ele><time>2025-09-28T08:18:48Z</time></trkpt><trkpt lat="45.720172" lon="13.858729"><ele>351.586</ele><time>2025-09-28T08:18:50Z</time></trkpt><trkpt lat="45.720209" lon="13.858677"><ele>350.729</ele><time>2025-09-28T08:18:52Z</time></trkpt><trkpt lat="45.720247" lon="13.858625"><ele>349.767</ele><time>2025-09-28T08:18:54Z</time></trkpt><trkpt lat="45.720298" lon="13.858568"><ele>348.627</ele><time>2025-09-28T08:18:56Z</time></trkpt><trkpt lat="45.720352" lon="13.858498"><ele>347.743</ele><time>2025-09-28T08:18:58Z</time></trkpt><trkpt lat="45.720415" lon="13.858443"><ele>347.037</ele><time>2025-09-28T08:19:00Z</time></trkpt><trkpt lat="45.720462" lon="13.858379"><ele>346.691</ele><time>2025-09-28T08:19:02Z</time></trkpt><trkpt lat="45.720518" lon="13.858316"><ele>346.324</ele><time>2025-09-28T08:19:04Z</time></trkpt><trkpt lat="45.720559" lon="13.85826"><ele>346.304</ele><time>2025-09-28T08:19:06Z</time></trkpt><trkpt lat="45.720608" lon="13.858188"><ele>346.514</ele><time>2025-09-28T08:19:08Z</time></trkpt><trkpt lat="45.720657" lon="13.858131"><ele>346.709</ele><time>2025-09-28T08:19:10Z</time></trkpt><trkpt lat="45.720698" lon="13.858094"><ele>346.984</ele><time>2025-09-28T08:19:12Z</time></trkpt><trkpt lat="45.720722" lon="13.858031"><ele>347.015</ele><time>2025-09-28T08:19:14Z</time></trkpt><trkpt lat="45.720761" lon="13.857983"><ele>347.165</ele><time>2025-09-28T08:19:16Z</time></trkpt><trkpt lat="45.72081" lon="13.857938"><ele>347.038</ele><time>2025-09-28T08:19:18Z</time></trkpt><trkpt lat="45.720868" lon="13.857868"><ele>346.856</ele><time>2025-09-28T08:19:20Z</time></trkpt><trkpt lat="45.720903" lon="13.857818"><ele>346.746</ele><time>2025-09-28T08:19:22Z</time></trkpt><trkpt lat="45.720945" lon="13.857745"><ele>346.892</ele><time>2025-09-28T08:19:24Z</time></trkpt><trkpt lat="45.720989" lon="13.857696"><ele>346.996</ele><time>2025-09-28T08:19:26Z</time></trkpt><trkpt lat="45.721024" lon="13.857632"><ele>347.270</ele><time>2025-09-28T08:19:28Z</time></trkpt><trkpt lat="45.72107" lon="13.857578"><ele>347.572</ele><time>2025-09-28T08:19:30Z</time></trkpt><trkpt lat="45.721106" lon="13.857503"><ele>348.013</ele><time>2025-09-28T08:19:32Z</time></trkpt><trkpt lat="45.721136" lon="13.85743"><ele>348.114</ele><time>2025-09-28T08:19:34Z</time></trkpt><trkpt lat="45.721156" lon="13.857352"><ele>348.109</ele><time>2025-09-28T08:19:36Z</time></trkpt><trkpt lat="45.72118" lon="13.85728"><ele>348.129</ele><time>2025-09-28T08:19:38Z</time></trkpt><trkpt lat="45.721204" lon="13.857216"><ele>348.010</ele><time>2025-09-28T08:19:40Z</time></trkpt><trkpt lat="45.721218" lon="13.857147"><ele>347.650</ele><time>2025-09-28T08:19:42Z</time></trkpt><trkpt lat="45.72125" lon="13.85708"><ele>347.023</ele><time>2025-09-28T08:19:44Z</time></trkpt><trkpt lat="45.721284" lon="13.857008"><ele>346.431</ele><time>2025-09-28T08:19:46Z</time></trkpt><trkpt lat="45.721322" lon="13.856947"><ele>345.781</ele><time>2025-09-28T08:19:48Z</time></trkpt><trkpt lat="45.721367" lon="13.856865"><ele>345.087</ele><time>2025-09-28T08:19:50Z</time></trkpt><trkpt lat="45.721408" lon="13.856777"><ele>344.241</ele><time>2025-09-28T08:19:52Z</time></trkpt><trkpt lat="45.72146" lon="13.856686"><ele>343.395</ele><time>2025-09-28T08:19:54Z</time></trkpt><trkpt lat="45.721483" lon="13.8566"><ele>342.626</ele><time>2025-09-28T08:19:56Z</time></trkpt><trkpt lat="45.721516" lon="13.85652"><ele>341.847</ele><time>2025-09-28T08:19:58Z</time></trkpt><trkpt lat="45.721525" lon="13.856443"><ele>341.311</ele><time>2025-09-28T08:20:00Z</time></trkpt><trkpt lat="45.721551" lon="13.856356"><ele>340.909</ele><time>2025-09-28T08:20:02Z</time></trkpt><trkpt lat="45.721581" lon="13.856275"><ele>340.894</ele><time>2025-09-28T08:20:04Z</time></trkpt><trkpt lat="45.721611" lon="13.856194"><ele>340.865</ele><time>2025-09-28T08:20:06Z</time></trkpt><trkpt lat="45.721629" lon="13.856091"><ele>341.115</ele><time>2025-09-28T08:20:09Z</time></trkpt><trkpt lat="45.721635" lon="13.856026"><ele>341.368</ele><time>2025-09-28T08:20:11Z</time></trkpt><trkpt lat="45.721665" lon="13.855949"><ele>341.666</ele><time>2025-09-28T08:20:14Z</time></trkpt><trkpt lat="45.721677" lon="13.855852"><ele>341.946</ele><time>2025-09-28T08:20:17Z</time></trkpt><trkpt lat="45.721705" lon="13.855791"><ele>341.952</ele><time>2025-09-28T08:20:19Z</time></trkpt><trkpt lat="45.721724" lon="13.85572"><ele>342.096</ele><time>2025-09-28T08:20:22Z</time></trkpt><trkpt lat="45.721713" lon="13.855634"><ele>342.420</ele><time>2025-09-28T08:20:25Z</time></trkpt><trkpt lat="45.721728" lon="13.855535"><ele>342.789</ele><time>2025-09-28T08:20:27Z</time></trkpt><trkpt lat="45.721738" lon="13.855427"><ele>343.406</ele><time>2025-09-28T08:20:29Z</time></trkpt><trkpt lat="45.72176" lon="13.855336"><ele>343.926</ele><time>2025-09-28T08:20:31Z</time></trkpt><trkpt lat="45.721779" lon="13.855252"><ele>344.409</ele><time>2025-09-28T08:20:33Z</time></trkpt><trkpt lat="45.721797" lon="13.855179"><ele>344.930</ele><time>2025-09-28T08:20:35Z</time></trkpt><trkpt lat="45.72182" lon="13.855115"><ele>345.441</ele><time>2025-09-28T08:20:37Z</time></trkpt><trkpt lat="45.72184" lon="13.855051"><ele>345.941</ele><time>2025-09-28T08:20:39Z</time></trkpt><trkpt lat="45.72186" lon="13.854977"><ele>346.424</ele><time>2025-09-28T08:20:42Z</time></trkpt><trkpt lat="45.721881" lon="13.854904"><ele>346.862</ele><time>2025-09-28T08:20:45Z</time></trkpt><trkpt lat="45.721896" lon="13.854831"><ele>347.382</ele><time>2025-09-28T08:20:48Z</time></trkpt><trkpt lat="45.721904" lon="13.854755"><ele>347.898</ele><time>2025-09-28T08:20:52Z</time></trkpt><trkpt lat="45.721919" lon="13.854683"><ele>348.192</ele><time>2025-09-28T08:20:56Z</time></trkpt><trkpt lat="45.721932" lon="13.854621"><ele>348.466</ele><time>2025-09-28T08:20:59Z</time></trkpt><trkpt lat="45.721955" lon="13.854539"><ele>348.795</ele><time>2025-09-28T08:21:05Z</time></trkpt><trkpt lat="45.721951" lon="13.854458"><ele>349.049</ele><time>2025-09-28T08:21:10Z</time></trkpt><trkpt lat="45.721966" lon="13.854388"><ele>349.223</ele><time>2025-09-28T08:21:13Z</time></trkpt><trkpt lat="45.721973" lon="13.854321"><ele>349.309</ele><time>2025-09-28T08:21:16Z</time></trkpt><trkpt lat="45.721989" lon="13.854229"><ele>349.411</ele><time>2025-09-28T08:21:20Z</time></trkpt><trkpt lat="45.721964" lon="13.854154"><ele>349.862</ele><time>2025-09-28T08:21:24Z</time></trkpt><trkpt lat="45.721983" lon="13.854066"><ele>349.642</ele><time>2025-09-28T08:21:28Z</time></trkpt><trkpt lat="45.721975" lon="13.853983"><ele>349.755</ele><time>2025-09-28T08:21:31Z</time></trkpt><trkpt lat="45.721987" lon="13.853905"><ele>349.543</ele><time>2025-09-28T08:21:35Z</time></trkpt><trkpt lat="45.721979" lon="13.85383"><ele>349.423</ele><time>2025-09-28T08:21:39Z</time></trkpt><trkpt lat="45.721978" lon="13.853753"><ele>349.289</ele><time>2025-09-28T08:21:43Z</time></trkpt><trkpt lat="45.721977" lon="13.853686"><ele>349.073</ele><time>2025-09-28T08:21:47Z</time></trkpt><trkpt lat="45.721983" lon="13.853614"><ele>348.727</ele><time>2025-09-28T08:21:50Z</time></trkpt><trkpt lat="45.721988" lon="13.85355"><ele>348.587</ele><time>2025-09-28T08:21:54Z</time></trkpt><trkpt lat="45.722003" lon="13.853486"><ele>348.142</ele><time>2025-09-28T08:21:58Z</time></trkpt><trkpt lat="45.722027" lon="13.853405"><ele>347.726</ele><time>2025-09-28T08:22:03Z</time></trkpt><trkpt lat="45.722036" lon="13.853328"><ele>347.309</ele><time>2025-09-28T08:22:07Z</time></trkpt><trkpt lat="45.722068" lon="13.853262"><ele>347.090</ele><time>2025-09-28T08:22:11Z</time></trkpt><trkpt lat="45.722079" lon="13.853169"><ele>346.791</ele><time>2025-09-28T08:22:16Z</time></trkpt><trkpt lat="45.722084" lon="13.853096"><ele>346.611</ele><time>2025-09-28T08:22:20Z</time></trkpt><trkpt lat="45.722101" lon="13.853016"><ele>346.354</ele><time>2025-09-28T08:22:25Z</time></trkpt><trkpt lat="45.722111" lon="13.852932"><ele>346.042</ele><time>2025-09-28T08:22:28Z</time></trkpt><trkpt lat="45.722122" lon="13.852865"><ele>345.712</ele><time>2025-09-28T08:22:32Z</time></trkpt><trkpt lat="45.722132" lon="13.85279"><ele>345.458</ele><time>2025-09-28T08:22:34Z</time></trkpt><trkpt lat="45.722131" lon="13.852723"><ele>345.362</ele><time>2025-09-28T08:22:36Z</time></trkpt><trkpt lat="45.722138" lon="13.852651"><ele>345.356</ele><time>2025-09-28T08:22:38Z</time></trkpt><trkpt lat="45.722134" lon="13.852573"><ele>345.369</ele><time>2025-09-28T08:22:41Z</time></trkpt><trkpt lat="45.722129" lon="13.852508"><ele>345.304</ele><time>2025-09-28T08:22:44Z</time></trkpt><trkpt lat="45.722119" lon="13.852445"><ele>345.224</ele><time>2025-09-28T08:22:47Z</time></trkpt><trkpt lat="45.722113" lon="13.852375"><ele>345.109</ele><time>2025-09-28T08:22:50Z</time></trkpt><trkpt lat="45.722114" lon="13.852301"><ele>345.058</ele><time>2025-09-28T08:22:54Z</time></trkpt><trkpt lat="45.722107" lon="13.852231"><ele>344.839</ele><time>2025-09-28T08:22:58Z</time></trkpt><trkpt lat="45.722098" lon="13.85216"><ele>345.079</ele><time>2025-09-28T08:23:02Z</time></trkpt><trkpt lat="45.722089" lon="13.85209"><ele>345.242</ele><time>2025-09-28T08:23:06Z</time></trkpt><trkpt lat="45.722085" lon="13.852024"><ele>345.370</ele><time>2025-09-28T08:23:10Z</time></trkpt><trkpt lat="45.722069" lon="13.851948"><ele>345.530</ele><time>2025-09-28T08:23:15Z</time></trkpt><trkpt lat="45.722052" lon="13.851872"><ele>346.246</ele><time>2025-09-28T08:23:19Z</time></trkpt><trkpt lat="45.722036" lon="13.851798"><ele>346.910</ele><time>2025-09-28T08:23:23Z</time></trkpt><trkpt lat="45.722029" lon="13.851716"><ele>347.744</ele><time>2025-09-28T08:23:27Z</time></trkpt><trkpt lat="45.722008" lon="13.851651"><ele>348.463</ele><time>2025-09-28T08:23:30Z</time></trkpt><trkpt lat="45.721978" lon="13.851598"><ele>349.244</ele><time>2025-09-28T08:23:34Z</time></trkpt><trkpt lat="45.721964" lon="13.851519"><ele>349.918</ele><time>2025-09-28T08:23:39Z</time></trkpt><trkpt lat="45.721945" lon="13.851457"><ele>350.509</ele><time>2025-09-28T08:23:42Z</time></trkpt><trkpt lat="45.721932" lon="13.851389"><ele>351.098</ele><time>2025-09-28T08:23:48Z</time></trkpt><trkpt lat="45.721902" lon="13.851337"><ele>351.559</ele><time>2025-09-28T08:23:53Z</time></trkpt><trkpt lat="45.721879" lon="13.851266"><ele>352.169</ele><time>2025-09-28T08:23:57Z</time></trkpt><trkpt lat="45.72185" lon="13.851186"><ele>352.852</ele><time>2025-09-28T08:24:01Z</time></trkpt><trkpt lat="45.721813" lon="13.851141"><ele>353.310</ele><time>2025-09-28T08:24:03Z</time></trkpt><trkpt lat="45.721786" lon="13.851089"><ele>353.760</ele><time>2025-09-28T08:24:06Z</time></trkpt><trkpt lat="45.721775" lon="13.851017"><ele>354.456</ele><time>2025-09-28T08:24:10Z</time></trkpt><trkpt lat="45.721797" lon="13.850945"><ele>354.810</ele><time>2025-09-28T08:24:14Z</time></trkpt><trkpt lat="45.721828" lon="13.850884"><ele>354.974</ele><time>2025-09-28T08:24:18Z</time></trkpt><trkpt lat="45.721852" lon="13.850816"><ele>355.012</ele><time>2025-09-28T08:24:22Z</time></trkpt><trkpt lat="45.721878" lon="13.850742"><ele>354.532</ele><time>2025-09-28T08:24:26Z</time></trkpt><trkpt lat="45.72189" lon="13.850679"><ele>354.105</ele><time>2025-09-28T08:24:29Z</time></trkpt><trkpt lat="45.721896" lon="13.850601"><ele>353.809</ele><time>2025-09-28T08:24:33Z</time></trkpt><trkpt lat="45.721905" lon="13.850525"><ele>353.673</ele><time>2025-09-28T08:24:37Z</time></trkpt><trkpt lat="45.721931" lon="13.850454"><ele>353.264</ele><time>2025-09-28T08:24:41Z</time></trkpt><trkpt lat="45.72196" lon="13.850391"><ele>353.044</ele><time>2025-09-28T08:24:45Z</time></trkpt><trkpt lat="45.721959" lon="13.850319"><ele>353.097</ele><time>2025-09-28T08:24:48Z</time></trkpt><trkpt lat="45.721979" lon="13.850248"><ele>353.075</ele><time>2025-09-28T08:24:52Z</time></trkpt><trkpt lat="45.722004" lon="13.850178"><ele>353.055</ele><time>2025-09-28T08:24:56Z</time></trkpt><trkpt lat="45.722022" lon="13.850119"><ele>353.081</ele><time>2025-09-28T08:25:00Z</time></trkpt><trkpt lat="45.722028" lon="13.850047"><ele>353.055</ele><time>2025-09-28T08:25:03Z</time></trkpt><trkpt lat="45.722031" lon="13.84998"><ele>353.039</ele><time>2025-09-28T08:25:07Z</time></trkpt><trkpt lat="45.722048" lon="13.849918"><ele>353.039</ele><time>2025-09-28T08:25:10Z</time></trkpt><trkpt lat="45.722075" lon="13.849853"><ele>353.001</ele><time>2025-09-28T08:25:14Z</time></trkpt><trkpt lat="45.722108" lon="13.84979"><ele>353.021</ele><time>2025-09-28T08:25:17Z</time></trkpt><trkpt lat="45.722127" lon="13.849713"><ele>353.009</ele><time>2025-09-28T08:25:21Z</time></trkpt><trkpt lat="45.722147" lon="13.849652"><ele>353.165</ele><time>2025-09-28T08:25:24Z</time></trkpt><trkpt lat="45.722175" lon="13.849589"><ele>353.146</ele><time>2025-09-28T08:25:27Z</time></trkpt><trkpt lat="45.7222" lon="13.849522"><ele>353.146</ele><time>2025-09-28T08:25:31Z</time></trkpt><trkpt lat="45.722227" lon="13.849455"><ele>353.049</ele><time>2025-09-28T08:25:35Z</time></trkpt><trkpt lat="45.722245" lon="13.849394"><ele>352.977</ele><time>2025-09-28T08:25:38Z</time></trkpt><trkpt lat="45.722266" lon="13.849336"><ele>352.847</ele><time>2025-09-28T08:25:41Z</time></trkpt><trkpt lat="45.722273" lon="13.849256"><ele>352.873</ele><time>2025-09-28T08:25:45Z</time></trkpt><trkpt lat="45.722327" lon="13.849234"><ele>352.647</ele><time>2025-09-28T08:25:49Z</time></trkpt><trkpt lat="45.722377" lon="13.849219"><ele>352.451</ele><time>2025-09-28T08:25:53Z</time></trkpt><trkpt lat="45.722434" lon="13.849164"><ele>352.292</ele><time>2025-09-28T08:25:58Z</time></trkpt><trkpt lat="45.722482" lon="13.849148"><ele>352.173</ele><time>2025-09-28T08:26:00Z</time></trkpt><trkpt lat="45.722535" lon="13.849127"><ele>352.120</ele><time>2025-09-28T08:26:02Z</time></trkpt><trkpt lat="45.722587" lon="13.849105"><ele>352.109</ele><time>2025-09-28T08:26:04Z</time></trkpt><trkpt lat="45.722642" lon="13.849098"><ele>352.081</ele><time>2025-09-28T08:26:06Z</time></trkpt><trkpt lat="45.7227" lon="13.849084"><ele>351.942</ele><time>2025-09-28T08:26:08Z</time></trkpt><trkpt lat="45.722767" lon="13.849079"><ele>351.782</ele><time>2025-09-28T08:26:10Z</time></trkpt><trkpt lat="45.722831" lon="13.849071"><ele>351.065</ele><time>2025-09-28T08:26:12Z</time></trkpt><trkpt lat="45.722874" lon="13.849045"><ele>350.373</ele><time>2025-09-28T08:26:14Z</time></trkpt><trkpt lat="45.722921" lon="13.849024"><ele>349.713</ele><time>2025-09-28T08:26:18Z</time></trkpt><trkpt lat="45.722982" lon="13.849007"><ele>348.949</ele><time>2025-09-28T08:26:21Z</time></trkpt><trkpt lat="45.723056" lon="13.848992"><ele>348.073</ele><time>2025-09-28T08:26:23Z</time></trkpt><trkpt lat="45.723116" lon="13.84898"><ele>347.487</ele><time>2025-09-28T08:26:25Z</time></trkpt><trkpt lat="45.723169" lon="13.848948"><ele>347.036</ele><time>2025-09-28T08:26:27Z</time></trkpt><trkpt lat="45.723223" lon="13.848929"><ele>346.617</ele><time>2025-09-28T08:26:29Z</time></trkpt><trkpt lat="45.723291" lon="13.8489"><ele>346.218</ele><time>2025-09-28T08:26:31Z</time></trkpt><trkpt lat="45.723367" lon="13.848876"><ele>346.009</ele><time>2025-09-28T08:26:33Z</time></trkpt><trkpt lat="45.723446" lon="13.848912"><ele>345.835</ele><time>2025-09-28T08:26:36Z</time></trkpt><trkpt lat="45.723525" lon="13.84896"><ele>345.576</ele><time>2025-09-28T08:26:38Z</time></trkpt><trkpt lat="45.723588" lon="13.848986"><ele>345.346</ele><time>2025-09-28T08:26:40Z</time></trkpt><trkpt lat="45.72365" lon="13.848996"><ele>344.949</ele><time>2025-09-28T08:26:42Z</time></trkpt><trkpt lat="45.723713" lon="13.849025"><ele>344.127</ele><time>2025-09-28T08:26:44Z</time></trkpt><trkpt lat="45.723778" lon="13.849032"><ele>343.517</ele><time>2025-09-28T08:26:46Z</time></trkpt><trkpt lat="45.723825" lon="13.84903"><ele>343.193</ele><time>2025-09-28T08:26:48Z</time></trkpt><trkpt lat="45.723875" lon="13.849045"><ele>342.617</ele><time>2025-09-28T08:26:50Z</time></trkpt><trkpt lat="45.72393" lon="13.849051"><ele>342.041</ele><time>2025-09-28T08:26:52Z</time></trkpt><trkpt lat="45.723995" lon="13.849032"><ele>341.517</ele><time>2025-09-28T08:26:54Z</time></trkpt><trkpt lat="45.724063" lon="13.849052"><ele>340.887</ele><time>2025-09-28T08:26:57Z</time></trkpt><trkpt lat="45.724125" lon="13.849071"><ele>340.115</ele><time>2025-09-28T08:26:59Z</time></trkpt><trkpt lat="45.724184" lon="13.849122"><ele>339.109</ele><time>2025-09-28T08:27:01Z</time></trkpt><trkpt lat="45.724245" lon="13.849163"><ele>338.293</ele><time>2025-09-28T08:27:03Z</time></trkpt><trkpt lat="45.724319" lon="13.849224"><ele>337.174</ele><time>2025-09-28T08:27:05Z</time></trkpt><trkpt lat="45.724385" lon="13.849314"><ele>336.154</ele><time>2025-09-28T08:27:07Z</time></trkpt><trkpt lat="45.724447" lon="13.849403"><ele>335.197</ele><time>2025-09-28T08:27:09Z</time></trkpt><trkpt lat="45.7245" lon="13.849483"><ele>334.615</ele><time>2025-09-28T08:27:11Z</time></trkpt><trkpt lat="45.724547" lon="13.849548"><ele>334.195</ele><time>2025-09-28T08:27:13Z</time></trkpt><trkpt lat="45.724588" lon="13.849612"><ele>333.741</ele><time>2025-09-28T08:27:15Z</time></trkpt><trkpt lat="45.724645" lon="13.849684"><ele>332.935</ele><time>2025-09-28T08:27:17Z</time></trkpt><trkpt lat="45.724696" lon="13.849748"><ele>332.369</ele><time>2025-09-28T08:27:19Z</time></trkpt><trkpt lat="45.724753" lon="13.849819"><ele>331.762</ele><time>2025-09-28T08:27:21Z</time></trkpt><trkpt lat="45.724794" lon="13.849846"><ele>331.283</ele><time>2025-09-28T08:27:23Z</time></trkpt><trkpt lat="45.724847" lon="13.849805"><ele>330.711</ele><time>2025-09-28T08:27:25Z</time></trkpt><trkpt lat="45.724911" lon="13.849755"><ele>330.009</ele><time>2025-09-28T08:27:28Z</time></trkpt><trkpt lat="45.724956" lon="13.849691"><ele>329.678</ele><time>2025-09-28T08:27:30Z</time></trkpt><trkpt lat="45.724981" lon="13.849634"><ele>329.599</ele><time>2025-09-28T08:27:32Z</time></trkpt><trkpt lat="45.725026" lon="13.849607"><ele>329.389</ele><time>2025-09-28T08:27:35Z</time></trkpt><trkpt lat="45.725068" lon="13.849565"><ele>329.342</ele><time>2025-09-28T08:27:38Z</time></trkpt><trkpt lat="45.725113" lon="13.849527"><ele>329.320</ele><time>2025-09-28T08:27:41Z</time></trkpt><trkpt lat="45.725151" lon="13.849492"><ele>329.390</ele><time>2025-09-28T08:27:44Z</time></trkpt><trkpt lat="45.725193" lon="13.849449"><ele>329.326</ele><time>2025-09-28T08:27:47Z</time></trkpt><trkpt lat="45.725238" lon="13.849404"><ele>329.310</ele><time>2025-09-28T08:27:50Z</time></trkpt><trkpt lat="45.72528" lon="13.849368"><ele>329.214</ele><time>2025-09-28T08:27:54Z</time></trkpt><trkpt lat="45.725327" lon="13.849313"><ele>328.973</ele><time>2025-09-28T08:27:59Z</time></trkpt><trkpt lat="45.725365" lon="13.849262"><ele>328.585</ele><time>2025-09-28T08:28:03Z</time></trkpt><trkpt lat="45.725409" lon="13.849205"><ele>328.013</ele><time>2025-09-28T08:28:08Z</time></trkpt><trkpt lat="45.725436" lon="13.849149"><ele>327.709</ele><time>2025-09-28T08:28:11Z</time></trkpt><trkpt lat="45.725449" lon="13.849067"><ele>327.269</ele><time>2025-09-28T08:28:14Z</time></trkpt><trkpt lat="45.725469" lon="13.848984"><ele>326.620</ele><time>2025-09-28T08:28:17Z</time></trkpt><trkpt lat="45.725448" lon="13.848909"><ele>326.610</ele><time>2025-09-28T08:28:20Z</time></trkpt><trkpt lat="45.725479" lon="13.848835"><ele>326.283</ele><time>2025-09-28T08:28:22Z</time></trkpt><trkpt lat="45.725488" lon="13.848731"><ele>326.361</ele><time>2025-09-28T08:28:24Z</time></trkpt><trkpt lat="45.725522" lon="13.848662"><ele>326.171</ele><time>2025-09-28T08:28:26Z</time></trkpt><trkpt lat="45.725565" lon="13.848631"><ele>325.987</ele><time>2025-09-28T08:28:28Z</time></trkpt><trkpt lat="45.725613" lon="13.848602"><ele>325.721</ele><time>2025-09-28T08:28:30Z</time></trkpt><trkpt lat="45.725668" lon="13.848579"><ele>325.425</ele><time>2025-09-28T08:28:32Z</time></trkpt><trkpt lat="45.72573" lon="13.84855"><ele>325.248</ele><time>2025-09-28T08:28:35Z</time></trkpt><trkpt lat="45.725771" lon="13.848518"><ele>325.161</ele><time>2025-09-28T08:28:38Z</time></trkpt><trkpt lat="45.725815" lon="13.848467"><ele>325.217</ele><time>2025-09-28T08:28:41Z</time></trkpt><trkpt lat="45.725856" lon="13.848419"><ele>325.409</ele><time>2025-09-28T08:28:45Z</time></trkpt><trkpt lat="45.725864" lon="13.848343"><ele>325.986</ele><time>2025-09-28T08:28:51Z</time></trkpt><trkpt lat="45.725904" lon="13.848294"><ele>326.297</ele><time>2025-09-28T08:28:55Z</time></trkpt><trkpt lat="45.72594" lon="13.848242"><ele>326.437</ele><time>2025-09-28T08:28:58Z</time></trkpt><trkpt lat="45.725982" lon="13.848193"><ele>326.520</ele><time>2025-09-28T08:29:00Z</time></trkpt><trkpt lat="45.726015" lon="13.848125"><ele>326.598</ele><time>2025-09-28T08:29:03Z</time></trkpt><trkpt lat="45.726073" lon="13.848067"><ele>326.328</ele><time>2025-09-28T08:29:06Z</time></trkpt><trkpt lat="45.72612" lon="13.848026"><ele>326.034</ele><time>2025-09-28T08:29:08Z</time></trkpt><trkpt lat="45.72617" lon="13.847983"><ele>325.728</ele><time>2025-09-28T08:29:11Z</time></trkpt><trkpt lat="45.726211" lon="13.847953"><ele>325.512</ele><time>2025-09-28T08:29:13Z</time></trkpt><trkpt lat="45.726266" lon="13.847892"><ele>325.123</ele><time>2025-09-28T08:29:16Z</time></trkpt><trkpt lat="45.72631" lon="13.847855"><ele>324.883</ele><time>2025-09-28T08:29:18Z</time></trkpt><trkpt lat="45.726361" lon="13.847817"><ele>324.311</ele><time>2025-09-28T08:29:20Z</time></trkpt><trkpt lat="45.726421" lon="13.847776"><ele>323.909</ele><time>2025-09-28T08:29:22Z</time></trkpt><trkpt lat="45.726476" lon="13.847752"><ele>323.794</ele><time>2025-09-28T08:29:24Z</time></trkpt><trkpt lat="45.72653" lon="13.847688"><ele>323.585</ele><time>2025-09-28T08:29:26Z</time></trkpt><trkpt lat="45.726565" lon="13.84761"><ele>323.465</ele><time>2025-09-28T08:29:29Z</time></trkpt><trkpt lat="45.726595" lon="13.847551"><ele>323.318</ele><time>2025-09-28T08:29:31Z</time></trkpt><trkpt lat="45.726625" lon="13.847503"><ele>323.226</ele><time>2025-09-28T08:29:33Z</time></trkpt><trkpt lat="45.726658" lon="13.847452"><ele>323.226</ele><time>2025-09-28T08:29:35Z</time></trkpt><trkpt lat="45.726662" lon="13.84738"><ele>323.462</ele><time>2025-09-28T08:29:40Z</time></trkpt><trkpt lat="45.726697" lon="13.847318"><ele>323.646</ele><time>2025-09-28T08:29:44Z</time></trkpt><trkpt lat="45.726734" lon="13.847277"><ele>323.750</ele><time>2025-09-28T08:29:47Z</time></trkpt><trkpt lat="45.726776" lon="13.847222"><ele>323.637</ele><time>2025-09-28T08:29:51Z</time></trkpt><trkpt lat="45.726818" lon="13.847174"><ele>323.549</ele><time>2025-09-28T08:29:55Z</time></trkpt><trkpt lat="45.72685" lon="13.847119"><ele>323.313</ele><time>2025-09-28T08:29:59Z</time></trkpt><trkpt lat="45.726867" lon="13.847042"><ele>323.309</ele><time>2025-09-28T08:30:03Z</time></trkpt><trkpt lat="45.726865" lon="13.846948"><ele>323.395</ele><time>2025-09-28T08:30:08Z</time></trkpt><trkpt lat="45.726877" lon="13.846871"><ele>322.826</ele><time>2025-09-28T08:30:10Z</time></trkpt><trkpt lat="45.726919" lon="13.846792"><ele>322.156</ele><time>2025-09-28T08:30:12Z</time></trkpt><trkpt lat="45.726957" lon="13.846725"><ele>321.379</ele><time>2025-09-28T08:30:14Z</time></trkpt><trkpt lat="45.727001" lon="13.846695"><ele>320.617</ele><time>2025-09-28T08:30:16Z</time></trkpt><trkpt lat="45.727046" lon="13.846641"><ele>319.757</ele><time>2025-09-28T08:30:19Z</time></trkpt><trkpt lat="45.727103" lon="13.846593"><ele>318.823</ele><time>2025-09-28T08:30:23Z</time></trkpt><trkpt lat="45.727144" lon="13.846555"><ele>318.047</ele><time>2025-09-28T08:30:26Z</time></trkpt><trkpt lat="45.72719" lon="13.846527"><ele>317.321</ele><time>2025-09-28T08:30:32Z</time></trkpt><trkpt lat="45.727231" lon="13.846484"><ele>316.687</ele><time>2025-09-28T08:30:38Z</time></trkpt><trkpt lat="45.727278" lon="13.846442"><ele>316.042</ele><time>2025-09-28T08:30:43Z</time></trkpt><trkpt lat="45.727321" lon="13.846422"><ele>315.526</ele><time>2025-09-28T08:30:46Z</time></trkpt><trkpt lat="45.727365" lon="13.846392"><ele>315.009</ele><time>2025-09-28T08:30:54Z</time></trkpt><trkpt lat="45.72739" lon="13.846338"><ele>314.660</ele><time>2025-09-28T08:30:59Z</time></trkpt><trkpt lat="45.727406" lon="13.846273"><ele>314.371</ele><time>2025-09-28T08:31:02Z</time></trkpt><trkpt lat="45.727434" lon="13.846206"><ele>313.821</ele><time>2025-09-28T08:31:05Z</time></trkpt><trkpt lat="45.727469" lon="13.846165"><ele>313.444</ele><time>2025-09-28T08:31:07Z</time></trkpt><trkpt lat="45.727507" lon="13.846101"><ele>312.992</ele><time>2025-09-28T08:31:09Z</time></trkpt><trkpt lat="45.727548" lon="13.846051"><ele>312.252</ele><time>2025-09-28T08:31:11Z</time></trkpt><trkpt lat="45.7276" lon="13.846012"><ele>311.668</ele><time>2025-09-28T08:31:13Z</time></trkpt><trkpt lat="45.727653" lon="13.845983"><ele>311.152</ele><time>2025-09-28T08:31:16Z</time></trkpt><trkpt lat="45.727698" lon="13.845961"><ele>310.726</ele><time>2025-09-28T08:31:18Z</time></trkpt><trkpt lat="45.72773" lon="13.845896"><ele>309.898</ele><time>2025-09-28T08:31:21Z</time></trkpt><trkpt lat="45.727786" lon="13.845842"><ele>309.215</ele><time>2025-09-28T08:31:24Z</time></trkpt><trkpt lat="45.727841" lon="13.845794"><ele>309.526</ele><time>2025-09-28T08:31:27Z</time></trkpt><trkpt lat="45.727877" lon="13.845734"><ele>309.209</ele><time>2025-09-28T08:31:29Z</time></trkpt><trkpt lat="45.727917" lon="13.845655"><ele>308.881</ele><time>2025-09-28T08:31:32Z</time></trkpt><trkpt lat="45.727939" lon="13.84559"><ele>308.272</ele><time>2025-09-28T08:31:34Z</time></trkpt><trkpt lat="45.727958" lon="13.84552"><ele>307.612</ele><time>2025-09-28T08:31:36Z</time></trkpt><trkpt lat="45.727982" lon="13.845443"><ele>307.125</ele><time>2025-09-28T08:31:38Z</time></trkpt><trkpt lat="45.727986" lon="13.845368"><ele>306.473</ele><time>2025-09-28T08:31:40Z</time></trkpt><trkpt lat="45.728004" lon="13.845306"><ele>305.993</ele><time>2025-09-28T08:31:42Z</time></trkpt><trkpt lat="45.728028" lon="13.845228"><ele>305.849</ele><time>2025-09-28T08:31:45Z</time></trkpt><trkpt lat="45.728062" lon="13.845147"><ele>306.113</ele><time>2025-09-28T08:31:48Z</time></trkpt><trkpt lat="45.728092" lon="13.845087"><ele>306.687</ele><time>2025-09-28T08:31:52Z</time></trkpt><trkpt lat="45.72812" lon="13.845004"><ele>306.933</ele><time>2025-09-28T08:31:56Z</time></trkpt><trkpt lat="45.728149" lon="13.844951"><ele>307.223</ele><time>2025-09-28T08:31:59Z</time></trkpt><trkpt lat="45.728194" lon="13.844899"><ele>307.615</ele><time>2025-09-28T08:32:03Z</time></trkpt><trkpt lat="45.72824" lon="13.844879"><ele>308.109</ele><time>2025-09-28T08:32:06Z</time></trkpt><trkpt lat="45.728295" lon="13.844853"><ele>308.545</ele><time>2025-09-28T08:32:10Z</time></trkpt><trkpt lat="45.728338" lon="13.844828"><ele>308.856</ele><time>2025-09-28T08:32:13Z</time></trkpt><trkpt lat="45.728372" lon="13.844784"><ele>308.446</ele><time>2025-09-28T08:32:18Z</time></trkpt><trkpt lat="45.728403" lon="13.844726"><ele>308.049</ele><time>2025-09-28T08:32:21Z</time></trkpt><trkpt lat="45.728435" lon="13.844664"><ele>308.157</ele><time>2025-09-28T08:32:25Z</time></trkpt><trkpt lat="45.728459" lon="13.844592"><ele>308.347</ele><time>2025-09-28T08:32:33Z</time></trkpt><trkpt lat="45.728488" lon="13.844521"><ele>308.373</ele><time>2025-09-28T08:32:37Z</time></trkpt><trkpt lat="45.728531" lon="13.844467"><ele>308.357</ele><time>2025-09-28T08:32:41Z</time></trkpt><trkpt lat="45.728575" lon="13.844428"><ele>308.381</ele><time>2025-09-28T08:32:44Z</time></trkpt><trkpt lat="45.728614" lon="13.844387"><ele>308.638</ele><time>2025-09-28T08:32:48Z</time></trkpt><trkpt lat="45.728656" lon="13.844362"><ele>309.070</ele><time>2025-09-28T08:32:52Z</time></trkpt><trkpt lat="45.728709" lon="13.84435"><ele>309.317</ele><time>2025-09-28T08:32:57Z</time></trkpt><trkpt lat="45.728761" lon="13.844341"><ele>309.509</ele><time>2025-09-28T08:33:01Z</time></trkpt><trkpt lat="45.728816" lon="13.844322"><ele>309.725</ele><time>2025-09-28T08:33:06Z</time></trkpt><trkpt lat="45.728867" lon="13.844316"><ele>309.976</ele><time>2025-09-28T08:33:10Z</time></trkpt><trkpt lat="45.728914" lon="13.844312"><ele>310.196</ele><time>2025-09-28T08:33:13Z</time></trkpt><trkpt lat="45.728961" lon="13.844317"><ele>310.449</ele><time>2025-09-28T08:33:17Z</time></trkpt><trkpt lat="45.729012" lon="13.844317"><ele>310.897</ele><time>2025-09-28T08:33:21Z</time></trkpt><trkpt lat="45.72906" lon="13.84432"><ele>311.127</ele><time>2025-09-28T08:33:24Z</time></trkpt><trkpt lat="45.729114" lon="13.844349"><ele>311.363</ele><time>2025-09-28T08:33:27Z</time></trkpt><trkpt lat="45.729171" lon="13.84438"><ele>311.557</ele><time>2025-09-28T08:33:31Z</time></trkpt><trkpt lat="45.729219" lon="13.844378"><ele>312.131</ele><time>2025-09-28T08:33:35Z</time></trkpt><trkpt lat="45.729267" lon="13.844383"><ele>312.784</ele><time>2025-09-28T08:33:38Z</time></trkpt><trkpt lat="45.729316" lon="13.844403"><ele>313.307</ele><time>2025-09-28T08:33:41Z</time></trkpt><trkpt lat="45.729363" lon="13.844421"><ele>313.917</ele><time>2025-09-28T08:33:45Z</time></trkpt><trkpt lat="45.729409" lon="13.844454"><ele>314.509</ele><time>2025-09-28T08:33:49Z</time></trkpt><trkpt lat="45.729454" lon="13.844486"><ele>314.970</ele><time>2025-09-28T08:33:53Z</time></trkpt><trkpt lat="45.729516" lon="13.844507"><ele>315.341</ele><time>2025-09-28T08:33:56Z</time></trkpt><trkpt lat="45.729562" lon="13.844538"><ele>315.511</ele><time>2025-09-28T08:34:00Z</time></trkpt><trkpt lat="45.729613" lon="13.844562"><ele>315.844</ele><time>2025-09-28T08:34:04Z</time></trkpt><trkpt lat="45.72966" lon="13.844591"><ele>316.012</ele><time>2025-09-28T08:34:08Z</time></trkpt><trkpt lat="45.729717" lon="13.844607"><ele>316.492</ele><time>2025-09-28T08:34:12Z</time></trkpt><trkpt lat="45.729776" lon="13.844617"><ele>316.438</ele><time>2025-09-28T08:34:17Z</time></trkpt><trkpt lat="45.729831" lon="13.844631"><ele>316.342</ele><time>2025-09-28T08:34:21Z</time></trkpt><trkpt lat="45.729878" lon="13.844636"><ele>316.376</ele><time>2025-09-28T08:34:25Z</time></trkpt><trkpt lat="45.72994" lon="13.84465"><ele>316.373</ele><time>2025-09-28T08:34:29Z</time></trkpt><trkpt lat="45.730001" lon="13.84465"><ele>316.385</ele><time>2025-09-28T08:34:33Z</time></trkpt><trkpt lat="45.730052" lon="13.844656"><ele>316.813</ele><time>2025-09-28T08:34:37Z</time></trkpt><trkpt lat="45.7301" lon="13.844661"><ele>317.209</ele><time>2025-09-28T08:34:41Z</time></trkpt><trkpt lat="45.730161" lon="13.844667"><ele>317.869</ele><time>2025-09-28T08:34:45Z</time></trkpt><trkpt lat="45.730219" lon="13.844662"><ele>318.470</ele><time>2025-09-28T08:34:49Z</time></trkpt><trkpt lat="45.730281" lon="13.844646"><ele>319.060</ele><time>2025-09-28T08:34:55Z</time></trkpt><trkpt lat="45.730335" lon="13.844617"><ele>319.213</ele><time>2025-09-28T08:35:01Z</time></trkpt><trkpt lat="45.730389" lon="13.844584"><ele>319.451</ele><time>2025-09-28T08:35:07Z</time></trkpt><trkpt lat="45.730443" lon="13.84455"><ele>319.621</ele><time>2025-09-28T08:35:13Z</time></trkpt><trkpt lat="45.7305" lon="13.844525"><ele>319.857</ele><time>2025-09-28T08:35:18Z</time></trkpt><trkpt lat="45.730551" lon="13.844498"><ele>320.081</ele><time>2025-09-28T08:35:21Z</time></trkpt><trkpt lat="45.730607" lon="13.844464"><ele>320.595</ele><time>2025-09-28T08:35:25Z</time></trkpt><trkpt lat="45.730654" lon="13.844443"><ele>321.183</ele><time>2025-09-28T08:35:28Z</time></trkpt><trkpt lat="45.730707" lon="13.844397"><ele>321.525</ele><time>2025-09-28T08:35:32Z</time></trkpt><trkpt lat="45.730755" lon="13.844367"><ele>322.017</ele><time>2025-09-28T08:35:35Z</time></trkpt><trkpt lat="45.730799" lon="13.844335"><ele>322.309</ele><time>2025-09-28T08:35:39Z</time></trkpt><trkpt lat="45.73084" lon="13.844286"><ele>322.580</ele><time>2025-09-28T08:35:44Z</time></trkpt><trkpt lat="45.73088" lon="13.844245"><ele>322.791</ele><time>2025-09-28T08:35:48Z</time></trkpt><trkpt lat="45.730914" lon="13.844197"><ele>322.981</ele><time>2025-09-28T08:35:55Z</time></trkpt><trkpt lat="45.73096" lon="13.844144"><ele>323.284</ele><time>2025-09-28T08:35:59Z</time></trkpt><trkpt lat="45.731" lon="13.844097"><ele>323.482</ele><time>2025-09-28T08:36:02Z</time></trkpt><trkpt lat="45.731039" lon="13.844058"><ele>323.562</ele><time>2025-09-28T08:36:05Z</time></trkpt><trkpt lat="45.731084" lon="13.844013"><ele>323.718</ele><time>2025-09-28T08:36:09Z</time></trkpt><trkpt lat="45.731116" lon="13.843953"><ele>323.512</ele><time>2025-09-28T08:36:13Z</time></trkpt><trkpt lat="45.73111" lon="13.843888"><ele>323.046</ele><time>2025-09-28T08:36:21Z</time></trkpt><trkpt lat="45.731071" lon="13.843824"><ele>322.167</ele><time>2025-09-28T08:36:26Z</time></trkpt><trkpt lat="45.731017" lon="13.843764"><ele>321.381</ele><time>2025-09-28T08:36:30Z</time></trkpt><trkpt lat="45.730975" lon="13.843685"><ele>320.519</ele><time>2025-09-28T08:36:33Z</time></trkpt><trkpt lat="45.730949" lon="13.843624"><ele>320.109</ele><time>2025-09-28T08:36:35Z</time></trkpt><trkpt lat="45.730903" lon="13.843557"><ele>319.948</ele><time>2025-09-28T08:36:38Z</time></trkpt><trkpt lat="45.730863" lon="13.843505"><ele>319.719</ele><time>2025-09-28T08:36:40Z</time></trkpt><trkpt lat="45.730827" lon="13.843458"><ele>319.459</ele><time>2025-09-28T08:36:42Z</time></trkpt><trkpt lat="45.730799" lon="13.8434"><ele>319.152</ele><time>2025-09-28T08:36:44Z</time></trkpt><trkpt lat="45.730778" lon="13.843342"><ele>318.860</ele><time>2025-09-28T08:36:46Z</time></trkpt><trkpt lat="45.730759" lon="13.843276"><ele>318.540</ele><time>2025-09-28T08:36:48Z</time></trkpt><trkpt lat="45.730732" lon="13.843206"><ele>318.296</ele><time>2025-09-28T08:36:50Z</time></trkpt><trkpt lat="45.730674" lon="13.843131"><ele>317.710</ele><time>2025-09-28T08:36:52Z</time></trkpt><trkpt lat="45.730622" lon="13.843071"><ele>317.364</ele><time>2025-09-28T08:36:54Z</time></trkpt><trkpt lat="45.730581" lon="13.843022"><ele>316.789</ele><time>2025-09-28T08:36:56Z</time></trkpt><trkpt lat="45.730538" lon="13.842969"><ele>316.006</ele><time>2025-09-28T08:36:58Z</time></trkpt><trkpt lat="45.730496" lon="13.842904"><ele>315.226</ele><time>2025-09-28T08:37:00Z</time></trkpt><trkpt lat="45.730452" lon="13.84284"><ele>314.509</ele><time>2025-09-28T08:37:02Z</time></trkpt><trkpt lat="45.730408" lon="13.842781"><ele>314.040</ele><time>2025-09-28T08:37:04Z</time></trkpt><trkpt lat="45.730373" lon="13.842726"><ele>313.851</ele><time>2025-09-28T08:37:06Z</time></trkpt><trkpt lat="45.73036" lon="13.842663"><ele>313.541</ele><time>2025-09-28T08:37:08Z</time></trkpt><trkpt lat="45.730335" lon="13.842599"><ele>313.284</ele><time>2025-09-28T08:37:10Z</time></trkpt><trkpt lat="45.730301" lon="13.842513"><ele>313.052</ele><time>2025-09-28T08:37:12Z</time></trkpt><trkpt lat="45.730279" lon="13.842427"><ele>313.312</ele><time>2025-09-28T08:37:14Z</time></trkpt><trkpt lat="45.730249" lon="13.842354"><ele>313.828</ele><time>2025-09-28T08:37:16Z</time></trkpt><trkpt lat="45.730219" lon="13.8423"><ele>314.342</ele><time>2025-09-28T08:37:18Z</time></trkpt><trkpt lat="45.730202" lon="13.842241"><ele>314.736</ele><time>2025-09-28T08:37:20Z</time></trkpt><trkpt lat="45.730181" lon="13.842161"><ele>315.553</ele><time>2025-09-28T08:37:23Z</time></trkpt><trkpt lat="45.730139" lon="13.842105"><ele>316.304</ele><time>2025-09-28T08:37:25Z</time></trkpt><trkpt lat="45.730123" lon="13.842037"><ele>317.014</ele><time>2025-09-28T08:37:29Z</time></trkpt><trkpt lat="45.7301" lon="13.841963"><ele>317.809</ele><time>2025-09-28T08:37:33Z</time></trkpt><trkpt lat="45.730085" lon="13.841892"><ele>318.587</ele><time>2025-09-28T08:37:37Z</time></trkpt><trkpt lat="45.730042" lon="13.841827"><ele>319.618</ele><time>2025-09-28T08:37:41Z</time></trkpt><trkpt lat="45.730011" lon="13.841779"><ele>320.658</ele><time>2025-09-28T08:37:44Z</time></trkpt><trkpt lat="45.729985" lon="13.841727"><ele>321.461</ele><time>2025-09-28T08:37:47Z</time></trkpt><trkpt lat="45.729946" lon="13.841678"><ele>321.939</ele><time>2025-09-28T08:37:52Z</time></trkpt><trkpt lat="45.729896" lon="13.84163"><ele>322.079</ele><time>2025-09-28T08:37:57Z</time></trkpt><trkpt lat="45.729861" lon="13.841589"><ele>322.125</ele><time>2025-09-28T08:38:01Z</time></trkpt><trkpt lat="45.729849" lon="13.841526"><ele>322.399</ele><time>2025-09-28T08:38:06Z</time></trkpt><trkpt lat="45.729826" lon="13.841469"><ele>322.463</ele><time>2025-09-28T08:38:10Z</time></trkpt><trkpt lat="45.729797" lon="13.841396"><ele>322.781</ele><time>2025-09-28T08:38:16Z</time></trkpt><trkpt lat="45.729815" lon="13.841336"><ele>323.061</ele><time>2025-09-28T08:38:21Z</time></trkpt><trkpt lat="45.729831" lon="13.841263"><ele>323.517</ele><time>2025-09-28T08:38:27Z</time></trkpt><trkpt lat="45.729866" lon="13.841216"><ele>323.709</ele><time>2025-09-28T08:38:35Z</time></trkpt><trkpt lat="45.729926" lon="13.841181"><ele>323.850</ele><time>2025-09-28T08:38:41Z</time></trkpt><trkpt lat="45.729975" lon="13.841174"><ele>323.641</ele><time>2025-09-28T08:38:43Z</time></trkpt><trkpt lat="45.730017" lon="13.841132"><ele>323.511</ele><time>2025-09-28T08:38:45Z</time></trkpt><trkpt lat="45.730082" lon="13.841071"><ele>323.064</ele><time>2025-09-28T08:38:47Z</time></trkpt><trkpt lat="45.730132" lon="13.841026"><ele>322.532</ele><time>2025-09-28T08:38:49Z</time></trkpt><trkpt lat="45.730183" lon="13.840963"><ele>322.352</ele><time>2025-09-28T08:38:51Z</time></trkpt><trkpt lat="45.730252" lon="13.840919"><ele>321.548</ele><time>2025-09-28T08:38:53Z</time></trkpt><trkpt lat="45.730333" lon="13.840879"><ele>321.052</ele><time>2025-09-28T08:38:55Z</time></trkpt><trkpt lat="45.730396" lon="13.840828"><ele>321.386</ele><time>2025-09-28T08:38:57Z</time></trkpt><trkpt lat="45.730442" lon="13.840739"><ele>322.736</ele><time>2025-09-28T08:38:59Z</time></trkpt><trkpt lat="45.730484" lon="13.840671"><ele>323.617</ele><time>2025-09-28T08:39:01Z</time></trkpt><trkpt lat="45.730509" lon="13.840612"><ele>324.518</ele><time>2025-09-28T08:39:03Z</time></trkpt><trkpt lat="45.730556" lon="13.840564"><ele>324.809</ele><time>2025-09-28T08:39:05Z</time></trkpt><trkpt lat="45.730584" lon="13.840495"><ele>325.045</ele><time>2025-09-28T08:39:07Z</time></trkpt><trkpt lat="45.730604" lon="13.840423"><ele>325.286</ele><time>2025-09-28T08:39:09Z</time></trkpt><trkpt lat="45.730624" lon="13.840336"><ele>325.416</ele><time>2025-09-28T08:39:11Z</time></trkpt><trkpt lat="45.730654" lon="13.84025"><ele>325.469</ele><time>2025-09-28T08:39:13Z</time></trkpt><trkpt lat="45.730665" lon="13.840177"><ele>325.517</ele><time>2025-09-28T08:39:15Z</time></trkpt><trkpt lat="45.730668" lon="13.840102"><ele>325.737</ele><time>2025-09-28T08:39:17Z</time></trkpt><trkpt lat="45.730695" lon="13.840024"><ele>325.423</ele><time>2025-09-28T08:39:19Z</time></trkpt><trkpt lat="45.730722" lon="13.839948"><ele>325.057</ele><time>2025-09-28T08:39:22Z</time></trkpt><trkpt lat="45.730745" lon="13.839876"><ele>324.791</ele><time>2025-09-28T08:39:24Z</time></trkpt><trkpt lat="45.730778" lon="13.839805"><ele>323.886</ele><time>2025-09-28T08:39:26Z</time></trkpt><trkpt lat="45.730799" lon="13.839743"><ele>323.260</ele><time>2025-09-28T08:39:28Z</time></trkpt><trkpt lat="45.73082" lon="13.839683"><ele>323.026</ele><time>2025-09-28T08:39:30Z</time></trkpt><trkpt lat="45.730852" lon="13.839619"><ele>323.409</ele><time>2025-09-28T08:39:32Z</time></trkpt><trkpt lat="45.730876" lon="13.839539"><ele>324.430</ele><time>2025-09-28T08:39:34Z</time></trkpt><trkpt lat="45.730896" lon="13.839461"><ele>325.371</ele><time>2025-09-28T08:39:36Z</time></trkpt><trkpt lat="45.730907" lon="13.839394"><ele>326.651</ele><time>2025-09-28T08:39:38Z</time></trkpt><trkpt lat="45.730914" lon="13.839306"><ele>328.644</ele><time>2025-09-28T08:39:41Z</time></trkpt><trkpt lat="45.73093" lon="13.839237"><ele>330.012</ele><time>2025-09-28T08:39:43Z</time></trkpt><trkpt lat="45.730949" lon="13.839146"><ele>331.732</ele><time>2025-09-28T08:39:46Z</time></trkpt><trkpt lat="45.730961" lon="13.839082"><ele>332.678</ele><time>2025-09-28T08:39:48Z</time></trkpt><trkpt lat="45.730973" lon="13.839007"><ele>333.612</ele><time>2025-09-28T08:39:51Z</time></trkpt><trkpt lat="45.730995" lon="13.83895"><ele>334.066</ele><time>2025-09-28T08:39:53Z</time></trkpt><trkpt lat="45.731025" lon="13.838898"><ele>334.024</ele><time>2025-09-28T08:39:57Z</time></trkpt><trkpt lat="45.73104" lon="13.838816"><ele>334.604</ele><time>2025-09-28T08:40:00Z</time></trkpt><trkpt lat="45.731052" lon="13.83874"><ele>335.214</ele><time>2025-09-28T08:40:03Z</time></trkpt><trkpt lat="45.731074" lon="13.838665"><ele>335.509</ele><time>2025-09-28T08:40:07Z</time></trkpt><trkpt lat="45.731098" lon="13.8386"><ele>335.574</ele><time>2025-09-28T08:40:12Z</time></trkpt><trkpt lat="45.731115" lon="13.838529"><ele>335.785</ele><time>2025-09-28T08:40:16Z</time></trkpt><trkpt lat="45.731125" lon="13.838462"><ele>336.175</ele><time>2025-09-28T08:40:19Z</time></trkpt><trkpt lat="45.731152" lon="13.838409"><ele>335.548</ele><time>2025-09-28T08:40:22Z</time></trkpt><trkpt lat="45.731159" lon="13.838337"><ele>335.926</ele><time>2025-09-28T08:40:26Z</time></trkpt><trkpt lat="45.731175" lon="13.838259"><ele>335.036</ele><time>2025-09-28T08:40:30Z</time></trkpt><trkpt lat="45.731199" lon="13.838203"><ele>333.962</ele><time>2025-09-28T08:40:33Z</time></trkpt><trkpt lat="45.731195" lon="13.838121"><ele>333.836</ele><time>2025-09-28T08:40:36Z</time></trkpt><trkpt lat="45.7312" lon="13.838038"><ele>333.420</ele><time>2025-09-28T08:40:41Z</time></trkpt><trkpt lat="45.731179" lon="13.83798"><ele>333.782</ele><time>2025-09-28T08:40:44Z</time></trkpt><trkpt lat="45.731179" lon="13.837885"><ele>332.943</ele><time>2025-09-28T08:40:49Z</time></trkpt><trkpt lat="45.731171" lon="13.83781"><ele>332.517</ele><time>2025-09-28T08:40:52Z</time></trkpt><trkpt lat="45.731169" lon="13.837738"><ele>332.209</ele><time>2025-09-28T08:40:55Z</time></trkpt><trkpt lat="45.731173" lon="13.837668"><ele>331.810</ele><time>2025-09-28T08:40:57Z</time></trkpt><trkpt lat="45.731163" lon="13.837592"><ele>331.881</ele><time>2025-09-28T08:40:59Z</time></trkpt><trkpt lat="45.731164" lon="13.837504"><ele>331.551</ele><time>2025-09-28T08:41:01Z</time></trkpt><trkpt lat="45.731156" lon="13.837423"><ele>331.764</ele><time>2025-09-28T08:41:03Z</time></trkpt><trkpt lat="45.731171" lon="13.83735"><ele>331.212</ele><time>2025-09-28T08:41:05Z</time></trkpt><trkpt lat="45.731168" lon="13.837243"><ele>331.232</ele><time>2025-09-28T08:41:08Z</time></trkpt><trkpt lat="45.731173" lon="13.837167"><ele>330.768</ele><time>2025-09-28T08:41:10Z</time></trkpt><trkpt lat="45.731186" lon="13.837092"><ele>329.962</ele><time>2025-09-28T08:41:12Z</time></trkpt><trkpt lat="45.731216" lon="13.837005"><ele>328.666</ele><time>2025-09-28T08:41:14Z</time></trkpt><trkpt lat="45.731242" lon="13.836921"><ele>327.739</ele><time>2025-09-28T08:41:16Z</time></trkpt><trkpt lat="45.731269" lon="13.83686"><ele>326.901</ele><time>2025-09-28T08:41:18Z</time></trkpt><trkpt lat="45.7313" lon="13.836781"><ele>326.321</ele><time>2025-09-28T08:41:20Z</time></trkpt><trkpt lat="45.731323" lon="13.836693"><ele>325.909</ele><time>2025-09-28T08:41:22Z</time></trkpt><trkpt lat="45.731338" lon="13.836603"><ele>326.495</ele><time>2025-09-28T08:41:24Z</time></trkpt><trkpt lat="45.731351" lon="13.836518"><ele>327.266</ele><time>2025-09-28T08:41:26Z</time></trkpt><trkpt lat="45.731366" lon="13.836443"><ele>327.756</ele><time>2025-09-28T08:41:28Z</time></trkpt><trkpt lat="45.731388" lon="13.836371"><ele>328.319</ele><time>2025-09-28T08:41:30Z</time></trkpt><trkpt lat="45.731414" lon="13.836296"><ele>329.267</ele><time>2025-09-28T08:41:32Z</time></trkpt><trkpt lat="45.731447" lon="13.836218"><ele>330.097</ele><time>2025-09-28T08:41:34Z</time></trkpt><trkpt lat="45.731483" lon="13.836134"><ele>330.993</ele><time>2025-09-28T08:41:36Z</time></trkpt><trkpt lat="45.731517" lon="13.836052"><ele>331.497</ele><time>2025-09-28T08:41:38Z</time></trkpt><trkpt lat="45.731556" lon="13.835967"><ele>331.811</ele><time>2025-09-28T08:41:40Z</time></trkpt><trkpt lat="45.731577" lon="13.835908"><ele>332.078</ele><time>2025-09-28T08:41:42Z</time></trkpt><trkpt lat="45.731598" lon="13.835843"><ele>332.433</ele><time>2025-09-28T08:41:44Z</time></trkpt><trkpt lat="45.731623" lon="13.83576"><ele>331.326</ele><time>2025-09-28T08:41:46Z</time></trkpt><trkpt lat="45.731627" lon="13.835688"><ele>330.609</ele><time>2025-09-28T08:41:48Z</time></trkpt><trkpt lat="45.731644" lon="13.835617"><ele>329.469</ele><time>2025-09-28T08:41:50Z</time></trkpt><trkpt lat="45.731654" lon="13.835549"><ele>328.440</ele><time>2025-09-28T08:41:52Z</time></trkpt><trkpt lat="45.731682" lon="13.835488"><ele>327.070</ele><time>2025-09-28T08:41:55Z</time></trkpt><trkpt lat="45.731708" lon="13.83542"><ele>325.873</ele><time>2025-09-28T08:41:58Z</time></trkpt><trkpt lat="45.731727" lon="13.835346"><ele>324.741</ele><time>2025-09-28T08:42:01Z</time></trkpt><trkpt lat="45.731749" lon="13.835278"><ele>323.551</ele><time>2025-09-28T08:42:05Z</time></trkpt><trkpt lat="45.731755" lon="13.835211"><ele>323.337</ele><time>2025-09-28T08:42:10Z</time></trkpt><trkpt lat="45.731769" lon="13.835132"><ele>323.041</ele><time>2025-09-28T08:42:13Z</time></trkpt><trkpt lat="45.731758" lon="13.835058"><ele>323.135</ele><time>2025-09-28T08:42:17Z</time></trkpt><trkpt lat="45.731773" lon="13.834969"><ele>322.746</ele><time>2025-09-28T08:42:21Z</time></trkpt><trkpt lat="45.731783" lon="13.834905"><ele>322.688</ele><time>2025-09-28T08:42:24Z</time></trkpt><trkpt lat="45.731776" lon="13.834836"><ele>322.916</ele><time>2025-09-28T08:42:27Z</time></trkpt><trkpt lat="45.731791" lon="13.83477"><ele>322.709</ele><time>2025-09-28T08:42:30Z</time></trkpt><trkpt lat="45.731808" lon="13.834702"><ele>322.526</ele><time>2025-09-28T08:42:34Z</time></trkpt><trkpt lat="45.731826" lon="13.83461"><ele>322.157</ele><time>2025-09-28T08:42:37Z</time></trkpt><trkpt lat="45.731833" lon="13.834534"><ele>322.087</ele><time>2025-09-28T08:42:40Z</time></trkpt><trkpt lat="45.731826" lon="13.834464"><ele>322.180</ele><time>2025-09-28T08:42:43Z</time></trkpt><trkpt lat="45.731836" lon="13.834389"><ele>322.258</ele><time>2025-09-28T08:42:46Z</time></trkpt><trkpt lat="45.731854" lon="13.834326"><ele>322.228</ele><time>2025-09-28T08:42:50Z</time></trkpt><trkpt lat="45.731882" lon="13.834255"><ele>322.254</ele><time>2025-09-28T08:42:53Z</time></trkpt><trkpt lat="45.73189" lon="13.834174"><ele>322.548</ele><time>2025-09-28T08:42:57Z</time></trkpt><trkpt lat="45.731892" lon="13.834094"><ele>322.742</ele><time>2025-09-28T08:43:01Z</time></trkpt><trkpt lat="45.731901" lon="13.834021"><ele>322.846</ele><time>2025-09-28T08:43:05Z</time></trkpt><trkpt lat="45.731929" lon="13.833946"><ele>322.988</ele><time>2025-09-28T08:43:09Z</time></trkpt><trkpt lat="45.731943" lon="13.833874"><ele>322.916</ele><time>2025-09-28T08:43:13Z</time></trkpt><trkpt lat="45.731941" lon="13.833808"><ele>322.409</ele><time>2025-09-28T08:43:18Z</time></trkpt><trkpt lat="45.731965" lon="13.833742"><ele>322.186</ele><time>2025-09-28T08:43:21Z</time></trkpt><trkpt lat="45.731986" lon="13.833668"><ele>321.927</ele><time>2025-09-28T08:43:25Z</time></trkpt><trkpt lat="45.731982" lon="13.833601"><ele>321.587</ele><time>2025-09-28T08:43:29Z</time></trkpt><trkpt lat="45.731996" lon="13.83352"><ele>321.750</ele><time>2025-09-28T08:43:33Z</time></trkpt><trkpt lat="45.732013" lon="13.833457"><ele>321.948</ele><time>2025-09-28T08:43:35Z</time></trkpt><trkpt lat="45.732018" lon="13.833361"><ele>321.888</ele><time>2025-09-28T08:43:38Z</time></trkpt><trkpt lat="45.732025" lon="13.83329"><ele>321.934</ele><time>2025-09-28T08:43:40Z</time></trkpt><trkpt lat="45.732053" lon="13.833211"><ele>322.288</ele><time>2025-09-28T08:43:42Z</time></trkpt><trkpt lat="45.732075" lon="13.83311"><ele>322.452</ele><time>2025-09-28T08:43:45Z</time></trkpt><trkpt lat="45.732106" lon="13.833016"><ele>322.757</ele><time>2025-09-28T08:43:47Z</time></trkpt><trkpt lat="45.73213" lon="13.832944"><ele>323.000</ele><time>2025-09-28T08:43:49Z</time></trkpt><trkpt lat="45.732151" lon="13.832852"><ele>323.220</ele><time>2025-09-28T08:43:51Z</time></trkpt><trkpt lat="45.732186" lon="13.832771"><ele>323.609</ele><time>2025-09-28T08:43:53Z</time></trkpt><trkpt lat="45.732217" lon="13.832701"><ele>323.967</ele><time>2025-09-28T08:43:55Z</time></trkpt><trkpt lat="45.732272" lon="13.832589"><ele>324.168</ele><time>2025-09-28T08:44:01Z</time></trkpt><trkpt lat="45.732309" lon="13.832483"><ele>324.228</ele><time>2025-09-28T08:44:07Z</time></trkpt><trkpt lat="45.732342" lon="13.832414"><ele>323.881</ele><time>2025-09-28T08:44:11Z</time></trkpt><trkpt lat="45.732385" lon="13.832338"><ele>323.439</ele><time>2025-09-28T08:44:17Z</time></trkpt><trkpt lat="45.732422" lon="13.832284"><ele>323.279</ele><time>2025-09-28T08:44:21Z</time></trkpt><trkpt lat="45.732473" lon="13.83225"><ele>323.115</ele><time>2025-09-28T08:44:24Z</time></trkpt><trkpt lat="45.732538" lon="13.832204"><ele>323.299</ele><time>2025-09-28T08:44:30Z</time></trkpt><trkpt lat="45.732596" lon="13.832101"><ele>323.443</ele><time>2025-09-28T08:44:37Z</time></trkpt><trkpt lat="45.732631" lon="13.832021"><ele>323.695</ele><time>2025-09-28T08:44:40Z</time></trkpt><trkpt lat="45.732651" lon="13.831945"><ele>323.649</ele><time>2025-09-28T08:44:42Z</time></trkpt><trkpt lat="45.732686" lon="13.831868"><ele>323.823</ele><time>2025-09-28T08:44:44Z</time></trkpt><trkpt lat="45.732716" lon="13.831801"><ele>323.909</ele><time>2025-09-28T08:44:46Z</time></trkpt><trkpt lat="45.732744" lon="13.831739"><ele>324.021</ele><time>2025-09-28T08:44:48Z</time></trkpt><trkpt lat="45.732772" lon="13.831673"><ele>324.072</ele><time>2025-09-28T08:44:50Z</time></trkpt><trkpt lat="45.732793" lon="13.831606"><ele>323.712</ele><time>2025-09-28T08:44:52Z</time></trkpt><trkpt lat="45.732808" lon="13.831519"><ele>323.465</ele><time>2025-09-28T08:44:55Z</time></trkpt><trkpt lat="45.732818" lon="13.831453"><ele>323.183</ele><time>2025-09-28T08:44:57Z</time></trkpt><trkpt lat="45.732823" lon="13.83137"><ele>322.883</ele><time>2025-09-28T08:44:59Z</time></trkpt><trkpt lat="45.732842" lon="13.83128"><ele>322.319</ele><time>2025-09-28T08:45:01Z</time></trkpt><trkpt lat="45.732842" lon="13.831209"><ele>322.033</ele><time>2025-09-28T08:45:03Z</time></trkpt><trkpt lat="45.732854" lon="13.831131"><ele>321.597</ele><time>2025-09-28T08:45:05Z</time></trkpt><trkpt lat="45.732849" lon="13.831065"><ele>321.571</ele><time>2025-09-28T08:45:07Z</time></trkpt><trkpt lat="45.732845" lon="13.830993"><ele>321.541</ele><time>2025-09-28T08:45:09Z</time></trkpt><trkpt lat="45.732847" lon="13.830915"><ele>321.515</ele><time>2025-09-28T08:45:11Z</time></trkpt><trkpt lat="45.732862" lon="13.830834"><ele>321.409</ele><time>2025-09-28T08:45:13Z</time></trkpt><trkpt lat="45.73288" lon="13.830753"><ele>321.389</ele><time>2025-09-28T08:45:15Z</time></trkpt><trkpt lat="45.732908" lon="13.830632"><ele>321.170</ele><time>2025-09-28T08:45:17Z</time></trkpt><trkpt lat="45.732945" lon="13.830571"><ele>320.840</ele><time>2025-09-28T08:45:19Z</time></trkpt><trkpt lat="45.732971" lon="13.830464"><ele>320.543</ele><time>2025-09-28T08:45:21Z</time></trkpt><trkpt lat="45.733004" lon="13.83036"><ele>320.251</ele><time>2025-09-28T08:45:23Z</time></trkpt><trkpt lat="45.733042" lon="13.830259"><ele>320.051</ele><time>2025-09-28T08:45:25Z</time></trkpt><trkpt lat="45.733071" lon="13.830172"><ele>319.537</ele><time>2025-09-28T08:45:27Z</time></trkpt><trkpt lat="45.733088" lon="13.830109"><ele>319.061</ele><time>2025-09-28T08:45:29Z</time></trkpt><trkpt lat="45.733114" lon="13.830001"><ele>318.465</ele><time>2025-09-28T08:45:32Z</time></trkpt><trkpt lat="45.733155" lon="13.829913"><ele>317.794</ele><time>2025-09-28T08:45:34Z</time></trkpt><trkpt lat="45.73319" lon="13.829825"><ele>317.257</ele><time>2025-09-28T08:45:36Z</time></trkpt><trkpt lat="45.733216" lon="13.829751"><ele>316.922</ele><time>2025-09-28T08:45:38Z</time></trkpt><trkpt lat="45.733234" lon="13.829679"><ele>316.709</ele><time>2025-09-28T08:45:40Z</time></trkpt><trkpt lat="45.733267" lon="13.829602"><ele>316.421</ele><time>2025-09-28T08:45:42Z</time></trkpt><trkpt lat="45.733298" lon="13.829524"><ele>316.242</ele><time>2025-09-28T08:45:44Z</time></trkpt><trkpt lat="45.733329" lon="13.829465"><ele>316.052</ele><time>2025-09-28T08:45:46Z</time></trkpt><trkpt lat="45.73337" lon="13.829428"><ele>315.935</ele><time>2025-09-28T08:45:48Z</time></trkpt><trkpt lat="45.733424" lon="13.829374"><ele>315.813</ele><time>2025-09-28T08:45:50Z</time></trkpt><trkpt lat="45.733479" lon="13.829312"><ele>315.753</ele><time>2025-09-28T08:45:52Z</time></trkpt><trkpt lat="45.733536" lon="13.829268"><ele>315.789</ele><time>2025-09-28T08:45:54Z</time></trkpt><trkpt lat="45.733596" lon="13.829225"><ele>315.833</ele><time>2025-09-28T08:45:56Z</time></trkpt><trkpt lat="45.733666" lon="13.829187"><ele>315.917</ele><time>2025-09-28T08:45:58Z</time></trkpt><trkpt lat="45.733707" lon="13.82916"><ele>316.036</ele><time>2025-09-28T08:46:00Z</time></trkpt><trkpt lat="45.733773" lon="13.829109"><ele>316.417</ele><time>2025-09-28T08:46:02Z</time></trkpt><trkpt lat="45.73383" lon="13.829048"><ele>316.918</ele><time>2025-09-28T08:46:04Z</time></trkpt><trkpt lat="45.733874" lon="13.828987"><ele>317.309</ele><time>2025-09-28T08:46:06Z</time></trkpt><trkpt lat="45.73394" lon="13.828909"><ele>317.345</ele><time>2025-09-28T08:46:08Z</time></trkpt><trkpt lat="45.733989" lon="13.828845"><ele>317.036</ele><time>2025-09-28T08:46:10Z</time></trkpt><trkpt lat="45.734033" lon="13.828788"><ele>316.696</ele><time>2025-09-28T08:46:12Z</time></trkpt><trkpt lat="45.734088" lon="13.828737"><ele>316.259</ele><time>2025-09-28T08:46:14Z</time></trkpt><trkpt lat="45.73415" lon="13.828665"><ele>315.957</ele><time>2025-09-28T08:46:17Z</time></trkpt><trkpt lat="45.734183" lon="13.828609"><ele>315.777</ele><time>2025-09-28T08:46:19Z</time></trkpt><trkpt lat="45.73424" lon="13.828521"><ele>314.183</ele><time>2025-09-28T08:46:23Z</time></trkpt><trkpt lat="45.734268" lon="13.828468"><ele>313.227</ele><time>2025-09-28T08:46:25Z</time></trkpt><trkpt lat="45.734316" lon="13.828418"><ele>312.171</ele><time>2025-09-28T08:46:28Z</time></trkpt><trkpt lat="45.734346" lon="13.828366"><ele>311.361</ele><time>2025-09-28T08:46:31Z</time></trkpt><trkpt lat="45.734385" lon="13.828306"><ele>310.321</ele><time>2025-09-28T08:46:33Z</time></trkpt><trkpt lat="45.734407" lon="13.828235"><ele>309.013</ele><time>2025-09-28T08:46:36Z</time></trkpt><trkpt lat="45.734434" lon="13.828182"><ele>308.009</ele><time>2025-09-28T08:46:39Z</time></trkpt><trkpt lat="45.734475" lon="13.828108"><ele>306.768</ele><time>2025-09-28T08:46:42Z</time></trkpt><trkpt lat="45.734506" lon="13.828059"><ele>306.089</ele><time>2025-09-28T08:46:44Z</time></trkpt><trkpt lat="45.734523" lon="13.827991"><ele>305.489</ele><time>2025-09-28T08:46:46Z</time></trkpt><trkpt lat="45.734553" lon="13.827914"><ele>304.742</ele><time>2025-09-28T08:46:49Z</time></trkpt><trkpt lat="45.734562" lon="13.827844"><ele>304.090</ele><time>2025-09-28T08:46:52Z</time></trkpt><trkpt lat="45.734567" lon="13.827757"><ele>303.530</ele><time>2025-09-28T08:46:56Z</time></trkpt><trkpt lat="45.734577" lon="13.82767"><ele>303.786</ele><time>2025-09-28T08:46:59Z</time></trkpt><trkpt lat="45.734595" lon="13.827603"><ele>303.910</ele><time>2025-09-28T08:47:02Z</time></trkpt><trkpt lat="45.734592" lon="13.827529"><ele>304.074</ele><time>2025-09-28T08:47:05Z</time></trkpt><trkpt lat="45.734588" lon="13.827455"><ele>304.356</ele><time>2025-09-28T08:47:08Z</time></trkpt><trkpt lat="45.734572" lon="13.827385"><ele>304.559</ele><time>2025-09-28T08:47:11Z</time></trkpt><trkpt lat="45.734546" lon="13.827324"><ele>304.614</ele><time>2025-09-28T08:47:15Z</time></trkpt><trkpt lat="45.734522" lon="13.827266"><ele>304.609</ele><time>2025-09-28T08:47:18Z</time></trkpt><trkpt lat="45.734501" lon="13.827205"><ele>304.717</ele><time>2025-09-28T08:47:22Z</time></trkpt><trkpt lat="45.734473" lon="13.827154"><ele>304.668</ele><time>2025-09-28T08:47:27Z</time></trkpt><trkpt lat="45.734437" lon="13.827106"><ele>304.438</ele><time>2025-09-28T08:47:30Z</time></trkpt><trkpt lat="45.734387" lon="13.827075"><ele>304.221</ele><time>2025-09-28T08:47:34Z</time></trkpt><trkpt lat="45.734356" lon="13.82702"><ele>304.269</ele><time>2025-09-28T08:47:38Z</time></trkpt><trkpt lat="45.734305" lon="13.826975"><ele>303.919</ele><time>2025-09-28T08:47:42Z</time></trkpt><trkpt lat="45.73425" lon="13.826891"><ele>303.825</ele><time>2025-09-28T08:47:49Z</time></trkpt><trkpt lat="45.734203" lon="13.826849"><ele>303.649</ele><time>2025-09-28T08:47:52Z</time></trkpt><trkpt lat="45.734158" lon="13.826838"><ele>303.493</ele><time>2025-09-28T08:47:55Z</time></trkpt><trkpt lat="45.734116" lon="13.826812"><ele>303.585</ele><time>2025-09-28T08:47:58Z</time></trkpt><trkpt lat="45.734067" lon="13.82681"><ele>303.589</ele><time>2025-09-28T08:48:01Z</time></trkpt><trkpt lat="45.73401" lon="13.826801"><ele>303.517</ele><time>2025-09-28T08:48:05Z</time></trkpt><trkpt lat="45.733959" lon="13.826786"><ele>303.609</ele><time>2025-09-28T08:48:08Z</time></trkpt><trkpt lat="45.733915" lon="13.82677"><ele>303.680</ele><time>2025-09-28T08:48:11Z</time></trkpt><trkpt lat="45.733866" lon="13.826757"><ele>303.751</ele><time>2025-09-28T08:48:15Z</time></trkpt><trkpt lat="45.733809" lon="13.826735"><ele>303.921</ele><time>2025-09-28T08:48:19Z</time></trkpt><trkpt lat="45.733741" lon="13.826747"><ele>304.084</ele><time>2025-09-28T08:48:22Z</time></trkpt><trkpt lat="45.733695" lon="13.826741"><ele>304.162</ele><time>2025-09-28T08:48:24Z</time></trkpt><trkpt lat="45.733647" lon="13.826727"><ele>304.272</ele><time>2025-09-28T08:48:26Z</time></trkpt><trkpt lat="45.733597" lon="13.826708"><ele>304.388</ele><time>2025-09-28T08:48:28Z</time></trkpt><trkpt lat="45.733539" lon="13.826675"><ele>304.522</ele><time>2025-09-28T08:48:31Z</time></trkpt><trkpt lat="45.733491" lon="13.826615"><ele>305.026</ele><time>2025-09-28T08:48:34Z</time></trkpt><trkpt lat="45.733453" lon="13.826529"><ele>305.432</ele><time>2025-09-28T08:48:37Z</time></trkpt><trkpt lat="45.733414" lon="13.826469"><ele>305.692</ele><time>2025-09-28T08:48:39Z</time></trkpt><trkpt lat="45.733396" lon="13.826398"><ele>305.811</ele><time>2025-09-28T08:48:41Z</time></trkpt><trkpt lat="45.733384" lon="13.826298"><ele>306.109</ele><time>2025-09-28T08:48:44Z</time></trkpt><trkpt lat="45.733349" lon="13.826181"><ele>306.715</ele><time>2025-09-28T08:48:49Z</time></trkpt><trkpt lat="45.733363" lon="13.826111"><ele>306.946</ele><time>2025-09-28T08:48:52Z</time></trkpt><trkpt lat="45.733379" lon="13.826007"><ele>307.166</ele><time>2025-09-28T08:48:58Z</time></trkpt><trkpt lat="45.73341" lon="13.825939"><ele>307.219</ele><time>2025-09-28T08:49:02Z</time></trkpt><trkpt lat="45.733421" lon="13.825861"><ele>307.357</ele><time>2025-09-28T08:49:05Z</time></trkpt><trkpt lat="45.733423" lon="13.825778"><ele>307.997</ele><time>2025-09-28T08:49:12Z</time></trkpt><trkpt lat="45.733452" lon="13.825707"><ele>308.373</ele><time>2025-09-28T08:49:16Z</time></trkpt><trkpt lat="45.733479" lon="13.825645"><ele>308.657</ele><time>2025-09-28T08:49:20Z</time></trkpt><trkpt lat="45.733507" lon="13.825572"><ele>309.051</ele><time>2025-09-28T08:49:26Z</time></trkpt><trkpt lat="45.73355" lon="13.825534"><ele>308.963</ele><time>2025-09-28T08:49:31Z</time></trkpt><trkpt lat="45.733596" lon="13.825479"><ele>309.044</ele><time>2025-09-28T08:49:35Z</time></trkpt><trkpt lat="45.733637" lon="13.825435"><ele>309.218</ele><time>2025-09-28T08:49:39Z</time></trkpt><trkpt lat="45.733678" lon="13.825352"><ele>310.009</ele><time>2025-09-28T08:49:44Z</time></trkpt><trkpt lat="45.733718" lon="13.825304"><ele>310.358</ele><time>2025-09-28T08:49:47Z</time></trkpt><trkpt lat="45.733755" lon="13.825241"><ele>311.039</ele><time>2025-09-28T08:49:52Z</time></trkpt><trkpt lat="45.733806" lon="13.82518"><ele>311.719</ele><time>2025-09-28T08:49:58Z</time></trkpt><trkpt lat="45.73386" lon="13.825146"><ele>312.022</ele><time>2025-09-28T08:50:01Z</time></trkpt><trkpt lat="45.733926" lon="13.82508"><ele>312.610</ele><time>2025-09-28T08:50:05Z</time></trkpt><trkpt lat="45.733976" lon="13.825088"><ele>312.120</ele><time>2025-09-28T08:50:11Z</time></trkpt><trkpt lat="45.734086" lon="13.825029"><ele>311.776</ele><time>2025-09-28T08:50:13Z</time></trkpt><trkpt lat="45.73417" lon="13.824995"><ele>311.080</ele><time>2025-09-28T08:50:15Z</time></trkpt><trkpt lat="45.734258" lon="13.824964"><ele>310.814</ele><time>2025-09-28T08:50:17Z</time></trkpt><trkpt lat="45.734315" lon="13.824951"><ele>310.688</ele><time>2025-09-28T08:50:19Z</time></trkpt><trkpt lat="45.734367" lon="13.824936"><ele>310.524</ele><time>2025-09-28T08:50:22Z</time></trkpt><trkpt lat="45.734398" lon="13.824887"><ele>310.626</ele><time>2025-09-28T08:50:26Z</time></trkpt><trkpt lat="45.734449" lon="13.824875"><ele>310.409</ele><time>2025-09-28T08:50:31Z</time></trkpt><trkpt lat="45.734505" lon="13.824834"><ele>310.570</ele><time>2025-09-28T08:50:35Z</time></trkpt><trkpt lat="45.734551" lon="13.824802"><ele>310.441</ele><time>2025-09-28T08:50:38Z</time></trkpt><trkpt lat="45.734587" lon="13.824757"><ele>310.481</ele><time>2025-09-28T08:50:43Z</time></trkpt><trkpt lat="45.734609" lon="13.8247"><ele>310.434</ele><time>2025-09-28T08:50:47Z</time></trkpt><trkpt lat="45.734643" lon="13.824634"><ele>310.272</ele><time>2025-09-28T08:50:51Z</time></trkpt><trkpt lat="45.734667" lon="13.824572"><ele>310.152</ele><time>2025-09-28T08:50:55Z</time></trkpt><trkpt lat="45.734702" lon="13.824512"><ele>310.098</ele><time>2025-09-28T08:50:59Z</time></trkpt><trkpt lat="45.734771" lon="13.824425"><ele>309.932</ele><time>2025-09-28T08:51:06Z</time></trkpt><trkpt lat="45.734804" lon="13.824381"><ele>309.676</ele><time>2025-09-28T08:51:09Z</time></trkpt><trkpt lat="45.734844" lon="13.824344"><ele>309.487</ele><time>2025-09-28T08:51:13Z</time></trkpt><trkpt lat="45.734896" lon="13.824275"><ele>309.242</ele><time>2025-09-28T08:51:19Z</time></trkpt><trkpt lat="45.73495" lon="13.824237"><ele>309.126</ele><time>2025-09-28T08:51:23Z</time></trkpt><trkpt lat="45.734999" lon="13.824205"><ele>309.109</ele><time>2025-09-28T08:51:26Z</time></trkpt><trkpt lat="45.735054" lon="13.824155"><ele>309.020</ele><time>2025-09-28T08:51:29Z</time></trkpt><trkpt lat="45.735104" lon="13.824112"><ele>308.761</ele><time>2025-09-28T08:51:31Z</time></trkpt><trkpt lat="45.735144" lon="13.824069"><ele>308.561</ele><time>2025-09-28T08:51:33Z</time></trkpt><trkpt lat="45.735172" lon="13.824015"><ele>308.134</ele><time>2025-09-28T08:51:35Z</time></trkpt><trkpt lat="45.735214" lon="13.823932"><ele>307.552</ele><time>2025-09-28T08:51:37Z</time></trkpt><trkpt lat="45.735257" lon="13.82389"><ele>307.112</ele><time>2025-09-28T08:51:39Z</time></trkpt><trkpt lat="45.735288" lon="13.823838"><ele>306.598</ele><time>2025-09-28T08:51:41Z</time></trkpt><trkpt lat="45.735318" lon="13.823783"><ele>305.892</ele><time>2025-09-28T08:51:43Z</time></trkpt><trkpt lat="45.735363" lon="13.82376"><ele>305.286</ele><time>2025-09-28T08:51:45Z</time></trkpt><trkpt lat="45.735415" lon="13.823724"><ele>304.293</ele><time>2025-09-28T08:51:47Z</time></trkpt><trkpt lat="45.735461" lon="13.823679"><ele>303.265</ele><time>2025-09-28T08:51:49Z</time></trkpt><trkpt lat="45.73552" lon="13.823664"><ele>302.221</ele><time>2025-09-28T08:51:52Z</time></trkpt><trkpt lat="45.735575" lon="13.823694"><ele>302.109</ele><time>2025-09-28T08:51:55Z</time></trkpt><trkpt lat="45.735625" lon="13.823729"><ele>302.191</ele><time>2025-09-28T08:51:58Z</time></trkpt><trkpt lat="45.735676" lon="13.823732"><ele>301.752</ele><time>2025-09-28T08:52:00Z</time></trkpt><trkpt lat="45.735723" lon="13.823739"><ele>301.492</ele><time>2025-09-28T08:52:02Z</time></trkpt><trkpt lat="45.735798" lon="13.823717"><ele>300.795</ele><time>2025-09-28T08:52:04Z</time></trkpt><trkpt lat="45.735851" lon="13.82366"><ele>300.123</ele><time>2025-09-28T08:52:06Z</time></trkpt><trkpt lat="45.735905" lon="13.823578"><ele>299.773</ele><time>2025-09-28T08:52:08Z</time></trkpt><trkpt lat="45.735952" lon="13.823527"><ele>299.469</ele><time>2025-09-28T08:52:10Z</time></trkpt><trkpt lat="45.735979" lon="13.823468"><ele>299.243</ele><time>2025-09-28T08:52:12Z</time></trkpt><trkpt lat="45.736015" lon="13.823415"><ele>299.127</ele><time>2025-09-28T08:52:14Z</time></trkpt><trkpt lat="45.736055" lon="13.823353"><ele>299.055</ele><time>2025-09-28T08:52:16Z</time></trkpt><trkpt lat="45.736088" lon="13.823303"><ele>298.907</ele><time>2025-09-28T08:52:18Z</time></trkpt><trkpt lat="45.736114" lon="13.823247"><ele>298.717</ele><time>2025-09-28T08:52:20Z</time></trkpt><trkpt lat="45.736132" lon="13.823168"><ele>298.209</ele><time>2025-09-28T08:52:23Z</time></trkpt><trkpt lat="45.736153" lon="13.823098"><ele>297.797</ele><time>2025-09-28T08:52:26Z</time></trkpt><trkpt lat="45.73616" lon="13.823031"><ele>297.488</ele><time>2025-09-28T08:52:29Z</time></trkpt><trkpt lat="45.73618" lon="13.822966"><ele>296.998</ele><time>2025-09-28T08:52:32Z</time></trkpt><trkpt lat="45.736196" lon="13.822905"><ele>296.571</ele><time>2025-09-28T08:52:35Z</time></trkpt><trkpt lat="45.73622" lon="13.822826"><ele>296.059</ele><time>2025-09-28T08:52:39Z</time></trkpt><trkpt lat="45.736245" lon="13.822763"><ele>295.679</ele><time>2025-09-28T08:52:42Z</time></trkpt><trkpt lat="45.736264" lon="13.822683"><ele>295.545</ele><time>2025-09-28T08:52:46Z</time></trkpt><trkpt lat="45.736295" lon="13.822626"><ele>295.449</ele><time>2025-09-28T08:52:49Z</time></trkpt><trkpt lat="45.736343" lon="13.822598"><ele>295.013</ele><time>2025-09-28T08:52:53Z</time></trkpt><trkpt lat="45.736389" lon="13.822598"><ele>294.612</ele><time>2025-09-28T08:52:59Z</time></trkpt><trkpt lat="45.736435" lon="13.82261"><ele>294.432</ele><time>2025-09-28T08:53:02Z</time></trkpt><trkpt lat="45.736501" lon="13.822636"><ele>294.105</ele><time>2025-09-28T08:53:07Z</time></trkpt><trkpt lat="45.736553" lon="13.822652"><ele>293.909</ele><time>2025-09-28T08:53:09Z</time></trkpt><trkpt lat="45.736604" lon="13.822673"><ele>293.673</ele><time>2025-09-28T08:53:11Z</time></trkpt><trkpt lat="45.73668" lon="13.822706"><ele>293.254</ele><time>2025-09-28T08:53:13Z</time></trkpt><trkpt lat="45.736738" lon="13.82273"><ele>293.064</ele><time>2025-09-28T08:53:15Z</time></trkpt><trkpt lat="45.736797" lon="13.822754"><ele>292.797</ele><time>2025-09-28T08:53:17Z</time></trkpt><trkpt lat="45.736851" lon="13.822797"><ele>292.365</ele><time>2025-09-28T08:53:19Z</time></trkpt><trkpt lat="45.73689" lon="13.822846"><ele>292.135</ele><time>2025-09-28T08:53:21Z</time></trkpt><trkpt lat="45.736947" lon="13.822892"><ele>292.071</ele><time>2025-09-28T08:53:23Z</time></trkpt><trkpt lat="45.736993" lon="13.82294"><ele>292.015</ele><time>2025-09-28T08:53:25Z</time></trkpt><trkpt lat="45.737044" lon="13.822993"><ele>292.069</ele><time>2025-09-28T08:53:27Z</time></trkpt><trkpt lat="45.737097" lon="13.823039"><ele>292.035</ele><time>2025-09-28T08:53:29Z</time></trkpt><trkpt lat="45.737161" lon="13.823085"><ele>291.986</ele><time>2025-09-28T08:53:31Z</time></trkpt><trkpt lat="45.737213" lon="13.823141"><ele>291.714</ele><time>2025-09-28T08:53:33Z</time></trkpt><trkpt lat="45.737252" lon="13.823206"><ele>291.409</ele><time>2025-09-28T08:53:35Z</time></trkpt><trkpt lat="45.737286" lon="13.823268"><ele>291.085</ele><time>2025-09-28T08:53:37Z</time></trkpt><trkpt lat="45.737337" lon="13.823331"><ele>290.666</ele><time>2025-09-28T08:53:40Z</time></trkpt><trkpt lat="45.737378" lon="13.823385"><ele>290.386</ele><time>2025-09-28T08:53:42Z</time></trkpt><trkpt lat="45.737414" lon="13.823433"><ele>290.129</ele><time>2025-09-28T08:53:44Z</time></trkpt><trkpt lat="45.737451" lon="13.823505"><ele>289.717</ele><time>2025-09-28T08:53:46Z</time></trkpt><trkpt lat="45.737497" lon="13.823564"><ele>289.257</ele><time>2025-09-28T08:53:48Z</time></trkpt><trkpt lat="45.737549" lon="13.823633"><ele>288.993</ele><time>2025-09-28T08:53:50Z</time></trkpt><trkpt lat="45.737583" lon="13.823713"><ele>288.867</ele><time>2025-09-28T08:53:52Z</time></trkpt><trkpt lat="45.73759" lon="13.823784"><ele>288.991</ele><time>2025-09-28T08:53:54Z</time></trkpt><trkpt lat="45.737595" lon="13.823869"><ele>289.057</ele><time>2025-09-28T08:53:57Z</time></trkpt><trkpt lat="45.737565" lon="13.823958"><ele>289.600</ele><time>2025-09-28T08:54:02Z</time></trkpt><trkpt lat="45.73756" lon="13.824035"><ele>290.020</ele><time>2025-09-28T08:54:05Z</time></trkpt><trkpt lat="45.737556" lon="13.824108"><ele>290.309</ele><time>2025-09-28T08:54:08Z</time></trkpt><trkpt lat="45.737539" lon="13.824191"><ele>290.787</ele><time>2025-09-28T08:54:11Z</time></trkpt><trkpt lat="45.737551" lon="13.824262"><ele>290.618</ele><time>2025-09-28T08:54:14Z</time></trkpt><trkpt lat="45.737545" lon="13.824346"><ele>290.768</ele><time>2025-09-28T08:54:17Z</time></trkpt><trkpt lat="45.737539" lon="13.824411"><ele>290.771</ele><time>2025-09-28T08:54:20Z</time></trkpt><trkpt lat="45.737534" lon="13.824494"><ele>290.859</ele><time>2025-09-28T08:54:26Z</time></trkpt><trkpt lat="45.737525" lon="13.824577"><ele>290.889</ele><time>2025-09-28T08:54:30Z</time></trkpt><trkpt lat="45.737525" lon="13.824652"><ele>290.825</ele><time>2025-09-28T08:54:33Z</time></trkpt><trkpt lat="45.737521" lon="13.824732"><ele>290.969</ele><time>2025-09-28T08:54:36Z</time></trkpt><trkpt lat="45.737517" lon="13.824803"><ele>290.933</ele><time>2025-09-28T08:54:40Z</time></trkpt><trkpt lat="45.737521" lon="13.824888"><ele>290.915</ele><time>2025-09-28T08:54:44Z</time></trkpt><trkpt lat="45.737539" lon="13.82496"><ele>290.865</ele><time>2025-09-28T08:54:48Z</time></trkpt><trkpt lat="45.73756" lon="13.825023"><ele>290.811</ele><time>2025-09-28T08:54:52Z</time></trkpt><trkpt lat="45.737566" lon="13.825097"><ele>290.809</ele><time>2025-09-28T08:54:55Z</time></trkpt><trkpt lat="45.737592" lon="13.825189"><ele>290.973</ele><time>2025-09-28T08:54:58Z</time></trkpt><trkpt lat="45.7376" lon="13.825269"><ele>291.024</ele><time>2025-09-28T08:55:00Z</time></trkpt><trkpt lat="45.737593" lon="13.825338"><ele>290.984</ele><time>2025-09-28T08:55:02Z</time></trkpt><trkpt lat="45.737585" lon="13.825404"><ele>290.947</ele><time>2025-09-28T08:55:04Z</time></trkpt><trkpt lat="45.737578" lon="13.825493"><ele>290.885</ele><time>2025-09-28T08:55:06Z</time></trkpt><trkpt lat="45.737571" lon="13.825584"><ele>290.655</ele><time>2025-09-28T08:55:08Z</time></trkpt><trkpt lat="45.737549" lon="13.825665"><ele>290.451</ele><time>2025-09-28T08:55:10Z</time></trkpt><trkpt lat="45.737493" lon="13.825743"><ele>290.315</ele><time>2025-09-28T08:55:12Z</time></trkpt><trkpt lat="45.737415" lon="13.825806"><ele>289.819</ele><time>2025-09-28T08:55:14Z</time></trkpt><trkpt lat="45.737354" lon="13.825834"><ele>289.545</ele><time>2025-09-28T08:55:16Z</time></trkpt><trkpt lat="45.737294" lon="13.825876"><ele>289.147</ele><time>2025-09-28T08:55:18Z</time></trkpt><trkpt lat="45.73725" lon="13.825936"><ele>288.711</ele><time>2025-09-28T08:55:20Z</time></trkpt><trkpt lat="45.737208" lon="13.825977"><ele>288.509</ele><time>2025-09-28T08:55:22Z</time></trkpt><trkpt lat="45.737165" lon="13.826013"><ele>288.496</ele><time>2025-09-28T08:55:24Z</time></trkpt><trkpt lat="45.737124" lon="13.826067"><ele>288.217</ele><time>2025-09-28T08:55:26Z</time></trkpt><trkpt lat="45.737088" lon="13.826107"><ele>288.037</ele><time>2025-09-28T08:55:28Z</time></trkpt><trkpt lat="45.737042" lon="13.826153"><ele>287.810</ele><time>2025-09-28T08:55:30Z</time></trkpt><trkpt lat="45.736984" lon="13.826184"><ele>287.778</ele><time>2025-09-28T08:55:32Z</time></trkpt><trkpt lat="45.736929" lon="13.826208"><ele>287.718</ele><time>2025-09-28T08:55:34Z</time></trkpt><trkpt lat="45.73686" lon="13.826204"><ele>287.844</ele><time>2025-09-28T08:55:37Z</time></trkpt><trkpt lat="45.736814" lon="13.826211"><ele>287.898</ele><time>2025-09-28T08:55:39Z</time></trkpt><trkpt lat="45.73677" lon="13.826236"><ele>287.882</ele><time>2025-09-28T08:55:41Z</time></trkpt><trkpt lat="45.736731" lon="13.826282"><ele>287.976</ele><time>2025-09-28T08:55:43Z</time></trkpt><trkpt lat="45.736711" lon="13.826353"><ele>287.990</ele><time>2025-09-28T08:55:45Z</time></trkpt><trkpt lat="45.736704" lon="13.826441"><ele>287.819</ele><time>2025-09-28T08:55:49Z</time></trkpt><trkpt lat="45.736705" lon="13.82652"><ele>287.809</ele><time>2025-09-28T08:55:52Z</time></trkpt><trkpt lat="45.736717" lon="13.826606"><ele>287.719</ele><time>2025-09-28T08:55:55Z</time></trkpt><trkpt lat="45.736722" lon="13.826694"><ele>287.770</ele><time>2025-09-28T08:55:58Z</time></trkpt><trkpt lat="45.736716" lon="13.826778"><ele>288.290</ele><time>2025-09-28T08:56:01Z</time></trkpt><trkpt lat="45.736724" lon="13.826852"><ele>288.513</ele><time>2025-09-28T08:56:03Z</time></trkpt><trkpt lat="45.736744" lon="13.826912"><ele>288.521</ele><time>2025-09-28T08:56:05Z</time></trkpt><trkpt lat="45.736755" lon="13.826986"><ele>288.611</ele><time>2025-09-28T08:56:08Z</time></trkpt><trkpt lat="45.736758" lon="13.82707"><ele>288.867</ele><time>2025-09-28T08:56:11Z</time></trkpt><trkpt lat="45.736758" lon="13.827166"><ele>289.251</ele><time>2025-09-28T08:56:13Z</time></trkpt><trkpt lat="45.736753" lon="13.827231"><ele>289.485</ele><time>2025-09-28T08:56:16Z</time></trkpt><trkpt lat="45.736729" lon="13.827298"><ele>289.734</ele><time>2025-09-28T08:56:18Z</time></trkpt><trkpt lat="45.736713" lon="13.827388"><ele>289.855</ele><time>2025-09-28T08:56:20Z</time></trkpt><trkpt lat="45.736693" lon="13.827465"><ele>289.810</ele><time>2025-09-28T08:56:22Z</time></trkpt><trkpt lat="45.736666" lon="13.827571"><ele>289.709</ele><time>2025-09-28T08:56:25Z</time></trkpt><trkpt lat="45.73667" lon="13.827642"><ele>289.535</ele><time>2025-09-28T08:56:28Z</time></trkpt><trkpt lat="45.736712" lon="13.82767"><ele>289.026</ele><time>2025-09-28T08:56:30Z</time></trkpt><trkpt lat="45.736733" lon="13.827734"><ele>288.656</ele><time>2025-09-28T08:56:32Z</time></trkpt><trkpt lat="45.736761" lon="13.827818"><ele>288.569</ele><time>2025-09-28T08:56:35Z</time></trkpt><trkpt lat="45.736793" lon="13.827932"><ele>288.657</ele><time>2025-09-28T08:56:38Z</time></trkpt><trkpt lat="45.736841" lon="13.827936"><ele>288.347</ele><time>2025-09-28T08:56:40Z</time></trkpt><trkpt lat="45.736889" lon="13.827958"><ele>288.033</ele><time>2025-09-28T08:56:46Z</time></trkpt><trkpt lat="45.736931" lon="13.827911"><ele>287.617</ele><time>2025-09-28T08:56:52Z</time></trkpt><trkpt lat="45.736967" lon="13.827862"><ele>287.311</ele><time>2025-09-28T08:56:58Z</time></trkpt><trkpt lat="45.736992" lon="13.827803"><ele>287.153</ele><time>2025-09-28T08:57:04Z</time></trkpt><trkpt lat="45.737035" lon="13.827768"><ele>287.004</ele><time>2025-09-28T08:57:10Z</time></trkpt><trkpt lat="45.737112" lon="13.827792"><ele>287.114</ele><time>2025-09-28T08:57:16Z</time></trkpt><trkpt lat="45.737156" lon="13.82782"><ele>287.209</ele><time>2025-09-28T08:57:20Z</time></trkpt><trkpt lat="45.737196" lon="13.827868"><ele>287.377</ele><time>2025-09-28T08:57:23Z</time></trkpt><trkpt lat="45.737234" lon="13.82791"><ele>287.628</ele><time>2025-09-28T08:57:26Z</time></trkpt><trkpt lat="45.737257" lon="13.827965"><ele>287.938</ele><time>2025-09-28T08:57:30Z</time></trkpt><trkpt lat="45.737292" lon="13.828053"><ele>288.541</ele><time>2025-09-28T08:57:36Z</time></trkpt><trkpt lat="45.737304" lon="13.828127"><ele>288.839</ele><time>2025-09-28T08:57:40Z</time></trkpt><trkpt lat="45.737304" lon="13.828215"><ele>289.279</ele><time>2025-09-28T08:57:43Z</time></trkpt><trkpt lat="45.737329" lon="13.828289"><ele>289.615</ele><time>2025-09-28T08:57:47Z</time></trkpt><trkpt lat="45.737372" lon="13.828324"><ele>290.069</ele><time>2025-09-28T08:57:51Z</time></trkpt><trkpt lat="45.737425" lon="13.828357"><ele>290.453</ele><time>2025-09-28T08:57:55Z</time></trkpt><trkpt lat="45.737475" lon="13.828384"><ele>290.643</ele><time>2025-09-28T08:57:58Z</time></trkpt><trkpt lat="45.737513" lon="13.828435"><ele>290.764</ele><time>2025-09-28T08:58:00Z</time></trkpt><trkpt lat="45.737568" lon="13.828467"><ele>290.910</ele><time>2025-09-28T08:58:03Z</time></trkpt><trkpt lat="45.737613" lon="13.828516"><ele>291.009</ele><time>2025-09-28T08:58:07Z</time></trkpt><trkpt lat="45.737661" lon="13.828569"><ele>291.266</ele><time>2025-09-28T08:58:11Z</time></trkpt><trkpt lat="45.737707" lon="13.828615"><ele>291.527</ele><time>2025-09-28T08:58:14Z</time></trkpt><trkpt lat="45.737751" lon="13.828665"><ele>291.617</ele><time>2025-09-28T08:58:17Z</time></trkpt><trkpt lat="45.737792" lon="13.828723"><ele>291.560</ele><time>2025-09-28T08:58:20Z</time></trkpt><trkpt lat="45.737837" lon="13.828773"><ele>291.028</ele><time>2025-09-28T08:58:24Z</time></trkpt><trkpt lat="45.737875" lon="13.828823"><ele>290.538</ele><time>2025-09-28T08:58:28Z</time></trkpt><trkpt lat="45.737904" lon="13.828891"><ele>290.194</ele><time>2025-09-28T08:58:32Z</time></trkpt><trkpt lat="45.737922" lon="13.828978"><ele>289.688</ele><time>2025-09-28T08:58:36Z</time></trkpt><trkpt lat="45.737942" lon="13.829046"><ele>289.332</ele><time>2025-09-28T08:58:39Z</time></trkpt><trkpt lat="45.737954" lon="13.829114"><ele>288.958</ele><time>2025-09-28T08:58:42Z</time></trkpt><trkpt lat="45.737996" lon="13.829191"><ele>288.552</ele><time>2025-09-28T08:58:47Z</time></trkpt><trkpt lat="45.738002" lon="13.829267"><ele>288.717</ele><time>2025-09-28T08:58:50Z</time></trkpt><trkpt lat="45.738029" lon="13.829336"><ele>288.709</ele><time>2025-09-28T08:58:55Z</time></trkpt><trkpt lat="45.738074" lon="13.82938"><ele>288.787</ele><time>2025-09-28T08:58:59Z</time></trkpt><trkpt lat="45.738122" lon="13.829426"><ele>288.738</ele><time>2025-09-28T08:59:03Z</time></trkpt><trkpt lat="45.738161" lon="13.829491"><ele>288.658</ele><time>2025-09-28T08:59:06Z</time></trkpt><trkpt lat="45.7382" lon="13.829546"><ele>288.541</ele><time>2025-09-28T08:59:10Z</time></trkpt><trkpt lat="45.738257" lon="13.829556"><ele>288.339</ele><time>2025-09-28T08:59:13Z</time></trkpt><trkpt lat="45.73831" lon="13.829551"><ele>288.189</ele><time>2025-09-28T08:59:16Z</time></trkpt><trkpt lat="45.738359" lon="13.829543"><ele>288.025</ele><time>2025-09-28T08:59:21Z</time></trkpt><trkpt lat="45.738396" lon="13.829585"><ele>288.019</ele><time>2025-09-28T08:59:25Z</time></trkpt><trkpt lat="45.738453" lon="13.829599"><ele>288.083</ele><time>2025-09-28T08:59:28Z</time></trkpt><trkpt lat="45.738503" lon="13.829632"><ele>288.095</ele><time>2025-09-28T08:59:30Z</time></trkpt><trkpt lat="45.738554" lon="13.829672"><ele>288.049</ele><time>2025-09-28T08:59:33Z</time></trkpt><trkpt lat="45.738598" lon="13.829712"><ele>288.023</ele><time>2025-09-28T08:59:36Z</time></trkpt><trkpt lat="45.738617" lon="13.829783"><ele>287.809</ele><time>2025-09-28T08:59:38Z</time></trkpt><trkpt lat="45.738655" lon="13.829871"><ele>287.571</ele><time>2025-09-28T08:59:41Z</time></trkpt><trkpt lat="45.738686" lon="13.829946"><ele>287.252</ele><time>2025-09-28T08:59:43Z</time></trkpt><trkpt lat="45.738716" lon="13.830018"><ele>287.052</ele><time>2025-09-28T08:59:45Z</time></trkpt><trkpt lat="45.738751" lon="13.830074"><ele>287.145</ele><time>2025-09-28T08:59:47Z</time></trkpt><trkpt lat="45.738785" lon="13.83016"><ele>287.463</ele><time>2025-09-28T08:59:53Z</time></trkpt><trkpt lat="45.738808" lon="13.830226"><ele>287.623</ele><time>2025-09-28T08:59:56Z</time></trkpt><trkpt lat="45.738835" lon="13.830287"><ele>287.879</ele><time>2025-09-28T09:00:00Z</time></trkpt><trkpt lat="45.738851" lon="13.830361"><ele>287.963</ele><time>2025-09-28T09:00:05Z</time></trkpt><trkpt lat="45.738851" lon="13.830487"><ele>288.017</ele><time>2025-09-28T09:00:14Z</time></trkpt><trkpt lat="45.738837" lon="13.830578"><ele>288.112</ele><time>2025-09-28T09:00:18Z</time></trkpt><trkpt lat="45.738813" lon="13.830643"><ele>288.332</ele><time>2025-09-28T09:00:20Z</time></trkpt><trkpt lat="45.738797" lon="13.830721"><ele>288.605</ele><time>2025-09-28T09:00:22Z</time></trkpt><trkpt lat="45.738796" lon="13.830815"><ele>288.909</ele><time>2025-09-28T09:00:24Z</time></trkpt><trkpt lat="45.738765" lon="13.83093"><ele>289.723</ele><time>2025-09-28T09:00:26Z</time></trkpt><trkpt lat="45.73871" lon="13.831036"><ele>290.554</ele><time>2025-09-28T09:00:28Z</time></trkpt><trkpt lat="45.738663" lon="13.831132"><ele>291.284</ele><time>2025-09-28T09:00:30Z</time></trkpt><trkpt lat="45.738634" lon="13.831201"><ele>291.617</ele><time>2025-09-28T09:00:33Z</time></trkpt><trkpt lat="45.738601" lon="13.831265"><ele>292.135</ele><time>2025-09-28T09:00:37Z</time></trkpt><trkpt lat="45.738556" lon="13.831325"><ele>292.555</ele><time>2025-09-28T09:00:42Z</time></trkpt><trkpt lat="45.738527" lon="13.831395"><ele>293.051</ele><time>2025-09-28T09:00:46Z</time></trkpt><trkpt lat="45.738513" lon="13.831472"><ele>293.675</ele><time>2025-09-28T09:00:49Z</time></trkpt><trkpt lat="45.73851" lon="13.831559"><ele>294.289</ele><time>2025-09-28T09:00:53Z</time></trkpt><trkpt lat="45.73851" lon="13.831637"><ele>294.865</ele><time>2025-09-28T09:00:56Z</time></trkpt><trkpt lat="45.738482" lon="13.831698"><ele>295.068</ele><time>2025-09-28T09:00:58Z</time></trkpt><trkpt lat="45.738454" lon="13.83175"><ele>295.014</ele><time>2025-09-28T09:01:01Z</time></trkpt><trkpt lat="45.738433" lon="13.831807"><ele>294.909</ele><time>2025-09-28T09:01:04Z</time></trkpt><trkpt lat="45.738419" lon="13.831868"><ele>294.758</ele><time>2025-09-28T09:01:07Z</time></trkpt><trkpt lat="45.738415" lon="13.831951"><ele>294.679</ele><time>2025-09-28T09:01:11Z</time></trkpt><trkpt lat="45.738406" lon="13.832021"><ele>294.219</ele><time>2025-09-28T09:01:14Z</time></trkpt><trkpt lat="45.738405" lon="13.832087"><ele>294.062</ele><time>2025-09-28T09:01:17Z</time></trkpt><trkpt lat="45.738375" lon="13.832144"><ele>293.640</ele><time>2025-09-28T09:01:20Z</time></trkpt><trkpt lat="45.738355" lon="13.832213"><ele>293.280</ele><time>2025-09-28T09:01:23Z</time></trkpt><trkpt lat="45.738349" lon="13.832277"><ele>292.946</ele><time>2025-09-28T09:01:26Z</time></trkpt><trkpt lat="45.738341" lon="13.832345"><ele>292.630</ele><time>2025-09-28T09:01:30Z</time></trkpt><trkpt lat="45.73832" lon="13.832419"><ele>292.254</ele><time>2025-09-28T09:01:35Z</time></trkpt><trkpt lat="45.738306" lon="13.832486"><ele>292.057</ele><time>2025-09-28T09:01:40Z</time></trkpt><trkpt lat="45.738273" lon="13.832567"><ele>292.000</ele><time>2025-09-28T09:01:46Z</time></trkpt><trkpt lat="45.738241" lon="13.832638"><ele>292.220</ele><time>2025-09-28T09:01:48Z</time></trkpt><trkpt lat="45.738209" lon="13.832709"><ele>292.309</ele><time>2025-09-28T09:01:51Z</time></trkpt><trkpt lat="45.738146" lon="13.832819"><ele>292.757</ele><time>2025-09-28T09:01:56Z</time></trkpt><trkpt lat="45.738082" lon="13.832909"><ele>293.128</ele><time>2025-09-28T09:01:58Z</time></trkpt><trkpt lat="45.738038" lon="13.833005"><ele>293.538</ele><time>2025-09-28T09:02:00Z</time></trkpt><trkpt lat="45.737993" lon="13.833095"><ele>293.871</ele><time>2025-09-28T09:02:02Z</time></trkpt><trkpt lat="45.737938" lon="13.833185"><ele>293.729</ele><time>2025-09-28T09:02:04Z</time></trkpt><trkpt lat="45.73789" lon="13.833273"><ele>293.459</ele><time>2025-09-28T09:02:06Z</time></trkpt><trkpt lat="45.737845" lon="13.833358"><ele>293.065</ele><time>2025-09-28T09:02:08Z</time></trkpt><trkpt lat="45.737818" lon="13.83344"><ele>292.639</ele><time>2025-09-28T09:02:10Z</time></trkpt><trkpt lat="45.737804" lon="13.833529"><ele>292.433</ele><time>2025-09-28T09:02:12Z</time></trkpt><trkpt lat="45.73779" lon="13.833594"><ele>292.252</ele><time>2025-09-28T09:02:14Z</time></trkpt><trkpt lat="45.737784" lon="13.833676"><ele>292.353</ele><time>2025-09-28T09:02:16Z</time></trkpt><trkpt lat="45.737753" lon="13.83374"><ele>292.408</ele><time>2025-09-28T09:02:19Z</time></trkpt><trkpt lat="45.73772" lon="13.833788"><ele>292.409</ele><time>2025-09-28T09:02:21Z</time></trkpt><trkpt lat="45.737687" lon="13.83386"><ele>292.687</ele><time>2025-09-28T09:02:23Z</time></trkpt><trkpt lat="45.737648" lon="13.833931"><ele>292.688</ele><time>2025-09-28T09:02:25Z</time></trkpt><trkpt lat="45.737633" lon="13.834"><ele>292.768</ele><time>2025-09-28T09:02:27Z</time></trkpt><trkpt lat="45.737594" lon="13.834061"><ele>292.781</ele><time>2025-09-28T09:02:29Z</time></trkpt><trkpt lat="45.737549" lon="13.834143"><ele>292.999</ele><time>2025-09-28T09:02:31Z</time></trkpt><trkpt lat="45.737515" lon="13.834195"><ele>293.069</ele><time>2025-09-28T09:02:33Z</time></trkpt><trkpt lat="45.73747" lon="13.834253"><ele>292.795</ele><time>2025-09-28T09:02:35Z</time></trkpt><trkpt lat="45.737448" lon="13.83432"><ele>292.489</ele><time>2025-09-28T09:02:38Z</time></trkpt><trkpt lat="45.737415" lon="13.834385"><ele>292.123</ele><time>2025-09-28T09:02:41Z</time></trkpt><trkpt lat="45.737385" lon="13.834451"><ele>291.823</ele><time>2025-09-28T09:02:45Z</time></trkpt><trkpt lat="45.73736" lon="13.834507"><ele>291.583</ele><time>2025-09-28T09:02:49Z</time></trkpt><trkpt lat="45.737311" lon="13.834572"><ele>291.111</ele><time>2025-09-28T09:02:52Z</time></trkpt><trkpt lat="45.737276" lon="13.834617"><ele>291.009</ele><time>2025-09-28T09:02:55Z</time></trkpt><trkpt lat="45.737262" lon="13.834704"><ele>291.124</ele><time>2025-09-28T09:02:59Z</time></trkpt><trkpt lat="45.737232" lon="13.834779"><ele>291.065</ele><time>2025-09-28T09:03:04Z</time></trkpt><trkpt lat="45.737201" lon="13.834855"><ele>290.955</ele><time>2025-09-28T09:03:07Z</time></trkpt><trkpt lat="45.737175" lon="13.83493"><ele>290.838</ele><time>2025-09-28T09:03:10Z</time></trkpt><trkpt lat="45.737138" lon="13.834985"><ele>290.726</ele><time>2025-09-28T09:03:13Z</time></trkpt><trkpt lat="45.737104" lon="13.83504"><ele>290.716</ele><time>2025-09-28T09:03:16Z</time></trkpt><trkpt lat="45.737081" lon="13.835101"><ele>290.782</ele><time>2025-09-28T09:03:21Z</time></trkpt><trkpt lat="45.737054" lon="13.835164"><ele>290.696</ele><time>2025-09-28T09:03:25Z</time></trkpt><trkpt lat="45.736996" lon="13.835257"><ele>290.420</ele><time>2025-09-28T09:03:33Z</time></trkpt><trkpt lat="45.736962" lon="13.835312"><ele>290.288</ele><time>2025-09-28T09:03:35Z</time></trkpt><trkpt lat="45.736933" lon="13.835375"><ele>290.324</ele><time>2025-09-28T09:03:38Z</time></trkpt><trkpt lat="45.736907" lon="13.835436"><ele>290.326</ele><time>2025-09-28T09:03:40Z</time></trkpt><trkpt lat="45.736889" lon="13.835521"><ele>290.509</ele><time>2025-09-28T09:03:44Z</time></trkpt><trkpt lat="45.736914" lon="13.835582"><ele>290.970</ele><time>2025-09-28T09:03:49Z</time></trkpt><trkpt lat="45.736921" lon="13.835658"><ele>291.221</ele><time>2025-09-28T09:03:54Z</time></trkpt><trkpt lat="45.736943" lon="13.835741"><ele>291.761</ele><time>2025-09-28T09:03:58Z</time></trkpt><trkpt lat="45.736931" lon="13.835831"><ele>291.984</ele><time>2025-09-28T09:04:02Z</time></trkpt><trkpt lat="45.73695" lon="13.835907"><ele>292.362</ele><time>2025-09-28T09:04:06Z</time></trkpt><trkpt lat="45.73698" lon="13.835974"><ele>292.612</ele><time>2025-09-28T09:04:10Z</time></trkpt><trkpt lat="45.736982" lon="13.836056"><ele>292.878</ele><time>2025-09-28T09:04:14Z</time></trkpt><trkpt lat="45.737001" lon="13.83612"><ele>293.042</ele><time>2025-09-28T09:04:18Z</time></trkpt><trkpt lat="45.737046" lon="13.836159"><ele>293.226</ele><time>2025-09-28T09:04:22Z</time></trkpt><trkpt lat="45.737084" lon="13.836215"><ele>293.456</ele><time>2025-09-28T09:04:25Z</time></trkpt><trkpt lat="45.737116" lon="13.836264"><ele>293.659</ele><time>2025-09-28T09:04:27Z</time></trkpt><trkpt lat="45.737137" lon="13.836325"><ele>293.814</ele><time>2025-09-28T09:04:29Z</time></trkpt><trkpt lat="45.737169" lon="13.836398"><ele>294.109</ele><time>2025-09-28T09:04:31Z</time></trkpt><trkpt lat="45.73719" lon="13.836494"><ele>294.717</ele><time>2025-09-28T09:04:33Z</time></trkpt><trkpt lat="45.737195" lon="13.836561"><ele>295.258</ele><time>2025-09-28T09:04:36Z</time></trkpt><trkpt lat="45.737209" lon="13.836627"><ele>295.758</ele><time>2025-09-28T09:04:38Z</time></trkpt><trkpt lat="45.737254" lon="13.83668"><ele>296.141</ele><time>2025-09-28T09:04:41Z</time></trkpt><trkpt lat="45.737295" lon="13.836726"><ele>296.379</ele><time>2025-09-28T09:04:44Z</time></trkpt><trkpt lat="45.737327" lon="13.836776"><ele>296.519</ele><time>2025-09-28T09:04:48Z</time></trkpt><trkpt lat="45.737347" lon="13.836834"><ele>296.985</ele><time>2025-09-28T09:04:52Z</time></trkpt><trkpt lat="45.737396" lon="13.836959"><ele>297.719</ele><time>2025-09-28T09:05:03Z</time></trkpt><trkpt lat="45.737408" lon="13.837025"><ele>298.053</ele><time>2025-09-28T09:05:07Z</time></trkpt><trkpt lat="45.737426" lon="13.837085"><ele>298.286</ele><time>2025-09-28T09:05:10Z</time></trkpt><trkpt lat="45.737456" lon="13.837144"><ele>298.660</ele><time>2025-09-28T09:05:14Z</time></trkpt><trkpt lat="45.737476" lon="13.837256"><ele>299.026</ele><time>2025-09-28T09:05:21Z</time></trkpt><trkpt lat="45.73751" lon="13.837309"><ele>299.409</ele><time>2025-09-28T09:05:26Z</time></trkpt><trkpt lat="45.737546" lon="13.837351"><ele>299.760</ele><time>2025-09-28T09:05:29Z</time></trkpt><trkpt lat="45.737589" lon="13.837395"><ele>300.151</ele><time>2025-09-28T09:05:32Z</time></trkpt><trkpt lat="45.737635" lon="13.837451"><ele>300.431</ele><time>2025-09-28T09:05:36Z</time></trkpt><trkpt lat="45.737655" lon="13.837541"><ele>300.534</ele><time>2025-09-28T09:05:39Z</time></trkpt><trkpt lat="45.73768" lon="13.837601"><ele>300.442</ele><time>2025-09-28T09:05:42Z</time></trkpt><trkpt lat="45.737693" lon="13.837663"><ele>300.342</ele><time>2025-09-28T09:05:44Z</time></trkpt><trkpt lat="45.737701" lon="13.837746"><ele>300.148</ele><time>2025-09-28T09:05:47Z</time></trkpt><trkpt lat="45.737718" lon="13.837825"><ele>299.932</ele><time>2025-09-28T09:05:50Z</time></trkpt><trkpt lat="45.737757" lon="13.837863"><ele>299.716</ele><time>2025-09-28T09:05:53Z</time></trkpt><trkpt lat="45.737798" lon="13.837931"><ele>299.464</ele><time>2025-09-28T09:05:56Z</time></trkpt><trkpt lat="45.737816" lon="13.838004"><ele>299.106</ele><time>2025-09-28T09:05:58Z</time></trkpt><trkpt lat="45.737812" lon="13.838093"><ele>298.716</ele><time>2025-09-28T09:06:01Z</time></trkpt><trkpt lat="45.737813" lon="13.838172"><ele>298.409</ele><time>2025-09-28T09:06:04Z</time></trkpt><trkpt lat="45.737812" lon="13.838258"><ele>298.198</ele><time>2025-09-28T09:06:07Z</time></trkpt><trkpt lat="45.737808" lon="13.838338"><ele>297.879</ele><time>2025-09-28T09:06:09Z</time></trkpt><trkpt lat="45.737797" lon="13.838422"><ele>297.239</ele><time>2025-09-28T09:06:12Z</time></trkpt><trkpt lat="45.737777" lon="13.838557"><ele>296.442</ele><time>2025-09-28T09:06:14Z</time></trkpt><trkpt lat="45.737757" lon="13.838619"><ele>296.310</ele><time>2025-09-28T09:06:16Z</time></trkpt><trkpt lat="45.73776" lon="13.838697"><ele>296.240</ele><time>2025-09-28T09:06:18Z</time></trkpt><trkpt lat="45.737768" lon="13.83878"><ele>296.166</ele><time>2025-09-28T09:06:20Z</time></trkpt><trkpt lat="45.737768" lon="13.838916"><ele>296.110</ele><time>2025-09-28T09:06:25Z</time></trkpt><trkpt lat="45.737742" lon="13.838986"><ele>296.424</ele><time>2025-09-28T09:06:28Z</time></trkpt><trkpt lat="45.73772" lon="13.839059"><ele>296.679</ele><time>2025-09-28T09:06:31Z</time></trkpt><trkpt lat="45.737716" lon="13.839131"><ele>296.705</ele><time>2025-09-28T09:06:34Z</time></trkpt><trkpt lat="45.737712" lon="13.839216"><ele>297.125</ele><time>2025-09-28T09:06:36Z</time></trkpt><trkpt lat="45.73773" lon="13.839368"><ele>298.009</ele><time>2025-09-28T09:06:43Z</time></trkpt><trkpt lat="45.737728" lon="13.839434"><ele>298.539</ele><time>2025-09-28T09:06:46Z</time></trkpt><trkpt lat="45.737741" lon="13.839502"><ele>298.680</ele><time>2025-09-28T09:06:48Z</time></trkpt><trkpt lat="45.737744" lon="13.839574"><ele>298.820</ele><time>2025-09-28T09:06:50Z</time></trkpt><trkpt lat="45.737735" lon="13.839705"><ele>299.433</ele><time>2025-09-28T09:06:56Z</time></trkpt><trkpt lat="45.737727" lon="13.839775"><ele>299.541</ele><time>2025-09-28T09:07:00Z</time></trkpt><trkpt lat="45.737713" lon="13.839837"><ele>299.661</ele><time>2025-09-28T09:07:02Z</time></trkpt><trkpt lat="45.737691" lon="13.839953"><ele>299.727</ele><time>2025-09-28T09:07:07Z</time></trkpt><trkpt lat="45.737676" lon="13.840018"><ele>299.721</ele><time>2025-09-28T09:07:10Z</time></trkpt><trkpt lat="45.737646" lon="13.840074"><ele>299.895</ele><time>2025-09-28T09:07:13Z</time></trkpt><trkpt lat="45.737608" lon="13.840134"><ele>299.913</ele><time>2025-09-28T09:07:17Z</time></trkpt><trkpt lat="45.737591" lon="13.840202"><ele>299.943</ele><time>2025-09-28T09:07:20Z</time></trkpt><trkpt lat="45.737558" lon="13.840268"><ele>299.807</ele><time>2025-09-28T09:07:23Z</time></trkpt><trkpt lat="45.737531" lon="13.840321"><ele>299.909</ele><time>2025-09-28T09:07:26Z</time></trkpt><trkpt lat="45.737517" lon="13.840409"><ele>299.943</ele><time>2025-09-28T09:07:29Z</time></trkpt><trkpt lat="45.73755" lon="13.840467"><ele>299.714</ele><time>2025-09-28T09:07:33Z</time></trkpt><trkpt lat="45.737568" lon="13.84053"><ele>299.534</ele><time>2025-09-28T09:07:36Z</time></trkpt><trkpt lat="45.737572" lon="13.840612"><ele>299.597</ele><time>2025-09-28T09:07:39Z</time></trkpt><trkpt lat="45.737562" lon="13.840683"><ele>299.645</ele><time>2025-09-28T09:07:42Z</time></trkpt><trkpt lat="45.737539" lon="13.840757"><ele>299.745</ele><time>2025-09-28T09:07:44Z</time></trkpt><trkpt lat="45.737512" lon="13.840821"><ele>299.971</ele><time>2025-09-28T09:07:46Z</time></trkpt><trkpt lat="45.73749" lon="13.840891"><ele>300.445</ele><time>2025-09-28T09:07:48Z</time></trkpt><trkpt lat="45.737465" lon="13.840984"><ele>301.139</ele><time>2025-09-28T09:07:50Z</time></trkpt><trkpt lat="45.737434" lon="13.841059"><ele>301.629</ele><time>2025-09-28T09:07:52Z</time></trkpt><trkpt lat="45.737412" lon="13.841117"><ele>302.000</ele><time>2025-09-28T09:07:54Z</time></trkpt><trkpt lat="45.73739" lon="13.841211"><ele>302.620</ele><time>2025-09-28T09:07:56Z</time></trkpt><trkpt lat="45.737371" lon="13.841302"><ele>303.109</ele><time>2025-09-28T09:07:58Z</time></trkpt><trkpt lat="45.737359" lon="13.841386"><ele>303.524</ele><time>2025-09-28T09:08:00Z</time></trkpt><trkpt lat="45.737339" lon="13.841467"><ele>303.575</ele><time>2025-09-28T09:08:03Z</time></trkpt><trkpt lat="45.73733" lon="13.841552"><ele>303.655</ele><time>2025-09-28T09:08:05Z</time></trkpt><trkpt lat="45.737303" lon="13.841614"><ele>303.598</ele><time>2025-09-28T09:08:07Z</time></trkpt><trkpt lat="45.737281" lon="13.841702"><ele>303.686</ele><time>2025-09-28T09:08:09Z</time></trkpt><trkpt lat="45.737261" lon="13.841786"><ele>303.736</ele><time>2025-09-28T09:08:11Z</time></trkpt><trkpt lat="45.73723" lon="13.841873"><ele>303.892</ele><time>2025-09-28T09:08:13Z</time></trkpt><trkpt lat="45.737211" lon="13.841946"><ele>303.916</ele><time>2025-09-28T09:08:15Z</time></trkpt><trkpt lat="45.737193" lon="13.842019"><ele>304.070</ele><time>2025-09-28T09:08:18Z</time></trkpt><trkpt lat="45.737159" lon="13.842108"><ele>304.052</ele><time>2025-09-28T09:08:22Z</time></trkpt><trkpt lat="45.737155" lon="13.842176"><ele>304.153</ele><time>2025-09-28T09:08:25Z</time></trkpt><trkpt lat="45.737138" lon="13.842251"><ele>304.108</ele><time>2025-09-28T09:08:28Z</time></trkpt><trkpt lat="45.737126" lon="13.842326"><ele>303.809</ele><time>2025-09-28T09:08:32Z</time></trkpt><trkpt lat="45.737098" lon="13.842394"><ele>303.637</ele><time>2025-09-28T09:08:37Z</time></trkpt><trkpt lat="45.737074" lon="13.842467"><ele>303.528</ele><time>2025-09-28T09:08:40Z</time></trkpt><trkpt lat="45.737052" lon="13.842527"><ele>303.428</ele><time>2025-09-28T09:08:42Z</time></trkpt><trkpt lat="45.737015" lon="13.842576"><ele>303.241</ele><time>2025-09-28T09:08:44Z</time></trkpt><trkpt lat="45.736969" lon="13.84264"><ele>303.089</ele><time>2025-09-28T09:08:46Z</time></trkpt><trkpt lat="45.736919" lon="13.842725"><ele>302.819</ele><time>2025-09-28T09:08:48Z</time></trkpt><trkpt lat="45.736893" lon="13.842779"><ele>302.675</ele><time>2025-09-28T09:08:50Z</time></trkpt><trkpt lat="45.736858" lon="13.842838"><ele>302.469</ele><time>2025-09-28T09:08:52Z</time></trkpt><trkpt lat="45.736819" lon="13.842899"><ele>302.323</ele><time>2025-09-28T09:08:54Z</time></trkpt><trkpt lat="45.736767" lon="13.842962"><ele>302.194</ele><time>2025-09-28T09:08:56Z</time></trkpt><trkpt lat="45.736708" lon="13.843011"><ele>302.057</ele><time>2025-09-28T09:08:58Z</time></trkpt><trkpt lat="45.736647" lon="13.843068"><ele>301.722</ele><time>2025-09-28T09:09:00Z</time></trkpt><trkpt lat="45.736598" lon="13.843131"><ele>301.109</ele><time>2025-09-28T09:09:03Z</time></trkpt><trkpt lat="45.736562" lon="13.843197"><ele>300.731</ele><time>2025-09-28T09:09:05Z</time></trkpt><trkpt lat="45.736516" lon="13.843269"><ele>300.422</ele><time>2025-09-28T09:09:07Z</time></trkpt><trkpt lat="45.736479" lon="13.843308"><ele>300.352</ele><time>2025-09-28T09:09:09Z</time></trkpt><trkpt lat="45.736429" lon="13.843337"><ele>300.125</ele><time>2025-09-28T09:09:11Z</time></trkpt><trkpt lat="45.736377" lon="13.84338"><ele>300.063</ele><time>2025-09-28T09:09:13Z</time></trkpt><trkpt lat="45.73632" lon="13.843406"><ele>300.173</ele><time>2025-09-28T09:09:16Z</time></trkpt><trkpt lat="45.736268" lon="13.843437"><ele>300.259</ele><time>2025-09-28T09:09:19Z</time></trkpt><trkpt lat="45.736207" lon="13.84347"><ele>300.383</ele><time>2025-09-28T09:09:22Z</time></trkpt><trkpt lat="45.736152" lon="13.843477"><ele>300.427</ele><time>2025-09-28T09:09:24Z</time></trkpt><trkpt lat="45.736107" lon="13.843489"><ele>300.617</ele><time>2025-09-28T09:09:26Z</time></trkpt><trkpt lat="45.736067" lon="13.843532"><ele>300.787</ele><time>2025-09-28T09:09:30Z</time></trkpt><trkpt lat="45.736033" lon="13.843574"><ele>300.915</ele><time>2025-09-28T09:09:33Z</time></trkpt><trkpt lat="45.736013" lon="13.843638"><ele>301.209</ele><time>2025-09-28T09:09:37Z</time></trkpt><trkpt lat="45.736017" lon="13.843712"><ele>301.763</ele><time>2025-09-28T09:09:42Z</time></trkpt><trkpt lat="45.735989" lon="13.843786"><ele>302.324</ele><time>2025-09-28T09:09:46Z</time></trkpt><trkpt lat="45.735971" lon="13.843862"><ele>302.894</ele><time>2025-09-28T09:09:50Z</time></trkpt><trkpt lat="45.735944" lon="13.843931"><ele>303.267</ele><time>2025-09-28T09:09:54Z</time></trkpt><trkpt lat="45.735915" lon="13.844003"><ele>303.725</ele><time>2025-09-28T09:09:58Z</time></trkpt><trkpt lat="45.735947" lon="13.844076"><ele>304.175</ele><time>2025-09-28T09:10:03Z</time></trkpt><trkpt lat="45.735955" lon="13.844142"><ele>304.451</ele><time>2025-09-28T09:10:08Z</time></trkpt><trkpt lat="45.735936" lon="13.844207"><ele>304.895</ele><time>2025-09-28T09:10:10Z</time></trkpt><trkpt lat="45.735949" lon="13.844276"><ele>305.149</ele><time>2025-09-28T09:10:13Z</time></trkpt><trkpt lat="45.735937" lon="13.844351"><ele>305.515</ele><time>2025-09-28T09:10:17Z</time></trkpt><trkpt lat="45.735943" lon="13.844433"><ele>305.965</ele><time>2025-09-28T09:10:21Z</time></trkpt><trkpt lat="45.735964" lon="13.844491"><ele>306.211</ele><time>2025-09-28T09:10:23Z</time></trkpt><trkpt lat="45.735994" lon="13.844563"><ele>306.509</ele><time>2025-09-28T09:10:26Z</time></trkpt><trkpt lat="45.736003" lon="13.844633"><ele>306.883</ele><time>2025-09-28T09:10:30Z</time></trkpt><trkpt lat="45.736038" lon="13.844707"><ele>307.494</ele><time>2025-09-28T09:10:36Z</time></trkpt><trkpt lat="45.736037" lon="13.84478"><ele>307.584</ele><time>2025-09-28T09:10:39Z</time></trkpt><trkpt lat="45.736058" lon="13.844849"><ele>307.617</ele><time>2025-09-28T09:10:43Z</time></trkpt><trkpt lat="45.736087" lon="13.844924"><ele>307.885</ele><time>2025-09-28T09:10:46Z</time></trkpt><trkpt lat="45.736092" lon="13.84499"><ele>307.975</ele><time>2025-09-28T09:10:49Z</time></trkpt><trkpt lat="45.736112" lon="13.845057"><ele>308.211</ele><time>2025-09-28T09:10:52Z</time></trkpt><trkpt lat="45.736118" lon="13.845128"><ele>308.525</ele><time>2025-09-28T09:10:57Z</time></trkpt><trkpt lat="45.736138" lon="13.845244"><ele>309.199</ele><time>2025-09-28T09:11:04Z</time></trkpt><trkpt lat="45.736167" lon="13.845321"><ele>309.681</ele><time>2025-09-28T09:11:08Z</time></trkpt><trkpt lat="45.736199" lon="13.845385"><ele>309.961</ele><time>2025-09-28T09:11:13Z</time></trkpt><trkpt lat="45.736227" lon="13.845451"><ele>310.317</ele><time>2025-09-28T09:11:18Z</time></trkpt><trkpt lat="45.736275" lon="13.845519"><ele>310.809</ele><time>2025-09-28T09:11:22Z</time></trkpt><trkpt lat="45.73629" lon="13.845582"><ele>310.910</ele><time>2025-09-28T09:11:27Z</time></trkpt><trkpt lat="45.73632" lon="13.845643"><ele>311.021</ele><time>2025-09-28T09:11:31Z</time></trkpt><trkpt lat="45.736356" lon="13.845683"><ele>311.291</ele><time>2025-09-28T09:11:34Z</time></trkpt><trkpt lat="45.736403" lon="13.845735"><ele>311.454</ele><time>2025-09-28T09:11:38Z</time></trkpt><trkpt lat="45.736445" lon="13.845781"><ele>311.422</ele><time>2025-09-28T09:11:42Z</time></trkpt><trkpt lat="45.736494" lon="13.845829"><ele>311.432</ele><time>2025-09-28T09:11:48Z</time></trkpt><trkpt lat="45.736553" lon="13.845855"><ele>311.378</ele><time>2025-09-28T09:11:53Z</time></trkpt><trkpt lat="45.736584" lon="13.845915"><ele>310.662</ele><time>2025-09-28T09:11:56Z</time></trkpt><trkpt lat="45.736634" lon="13.845964"><ele>310.146</ele><time>2025-09-28T09:11:59Z</time></trkpt><trkpt lat="45.736681" lon="13.846018"><ele>309.429</ele><time>2025-09-28T09:12:02Z</time></trkpt><trkpt lat="45.736733" lon="13.846068"><ele>308.900</ele><time>2025-09-28T09:12:05Z</time></trkpt><trkpt lat="45.736772" lon="13.846106"><ele>308.520</ele><time>2025-09-28T09:12:07Z</time></trkpt><trkpt lat="45.736806" lon="13.846156"><ele>307.909</ele><time>2025-09-28T09:12:09Z</time></trkpt><trkpt lat="45.736855" lon="13.846205"><ele>307.354</ele><time>2025-09-28T09:12:11Z</time></trkpt><trkpt lat="45.736902" lon="13.846284"><ele>306.475</ele><time>2025-09-28T09:12:13Z</time></trkpt><trkpt lat="45.736947" lon="13.846359"><ele>305.495</ele><time>2025-09-28T09:12:15Z</time></trkpt><trkpt lat="45.736981" lon="13.846404"><ele>304.948</ele><time>2025-09-28T09:12:17Z</time></trkpt><trkpt lat="45.737018" lon="13.846456"><ele>304.616</ele><time>2025-09-28T09:12:19Z</time></trkpt><trkpt lat="45.73705" lon="13.846519"><ele>304.256</ele><time>2025-09-28T09:12:21Z</time></trkpt><trkpt lat="45.737078" lon="13.8466"><ele>303.852</ele><time>2025-09-28T09:12:23Z</time></trkpt><trkpt lat="45.737102" lon="13.84671"><ele>303.336</ele><time>2025-09-28T09:12:25Z</time></trkpt><trkpt lat="45.737153" lon="13.846797"><ele>303.220</ele><time>2025-09-28T09:12:27Z</time></trkpt><trkpt lat="45.737235" lon="13.846887"><ele>303.118</ele><time>2025-09-28T09:12:29Z</time></trkpt><trkpt lat="45.737311" lon="13.847039"><ele>302.198</ele><time>2025-09-28T09:12:31Z</time></trkpt><trkpt lat="45.737337" lon="13.847103"><ele>301.817</ele><time>2025-09-28T09:12:33Z</time></trkpt><trkpt lat="45.737368" lon="13.84718"><ele>301.509</ele><time>2025-09-28T09:12:35Z</time></trkpt><trkpt lat="45.73742" lon="13.847217"><ele>301.313</ele><time>2025-09-28T09:12:37Z</time></trkpt><trkpt lat="45.737473" lon="13.847248"><ele>301.284</ele><time>2025-09-28T09:12:39Z</time></trkpt><trkpt lat="45.737517" lon="13.847265"><ele>301.224</ele><time>2025-09-28T09:12:41Z</time></trkpt><trkpt lat="45.737567" lon="13.847293"><ele>301.737</ele><time>2025-09-28T09:12:44Z</time></trkpt><trkpt lat="45.737622" lon="13.847268"><ele>301.875</ele><time>2025-09-28T09:12:47Z</time></trkpt><trkpt lat="45.73767" lon="13.847244"><ele>301.825</ele><time>2025-09-28T09:12:51Z</time></trkpt><trkpt lat="45.737714" lon="13.847219"><ele>301.791</ele><time>2025-09-28T09:12:53Z</time></trkpt><trkpt lat="45.737777" lon="13.847193"><ele>301.555</ele><time>2025-09-28T09:12:56Z</time></trkpt><trkpt lat="45.737821" lon="13.847133"><ele>301.019</ele><time>2025-09-28T09:12:58Z</time></trkpt><trkpt lat="45.737852" lon="13.847074"><ele>300.333</ele><time>2025-09-28T09:13:01Z</time></trkpt><trkpt lat="45.737904" lon="13.847045"><ele>300.323</ele><time>2025-09-28T09:13:04Z</time></trkpt><trkpt lat="45.737943" lon="13.847011"><ele>300.115</ele><time>2025-09-28T09:13:08Z</time></trkpt><trkpt lat="45.737991" lon="13.846958"><ele>299.609</ele><time>2025-09-28T09:13:12Z</time></trkpt><trkpt lat="45.738037" lon="13.846933"><ele>299.745</ele><time>2025-09-28T09:13:14Z</time></trkpt><trkpt lat="45.738064" lon="13.846864"><ele>299.716</ele><time>2025-09-28T09:13:21Z</time></trkpt><trkpt lat="45.738093" lon="13.846797"><ele>300.046</ele><time>2025-09-28T09:13:24Z</time></trkpt><trkpt lat="45.738127" lon="13.846737"><ele>300.439</ele><time>2025-09-28T09:13:28Z</time></trkpt><trkpt lat="45.738158" lon="13.846677"><ele>300.717</ele><time>2025-09-28T09:13:33Z</time></trkpt><trkpt lat="45.738171" lon="13.846609"><ele>300.437</ele><time>2025-09-28T09:13:37Z</time></trkpt><trkpt lat="45.738225" lon="13.846574"><ele>301.373</ele><time>2025-09-28T09:13:43Z</time></trkpt><trkpt lat="45.738271" lon="13.846536"><ele>301.967</ele><time>2025-09-28T09:13:47Z</time></trkpt><trkpt lat="45.73831" lon="13.8465"><ele>302.251</ele><time>2025-09-28T09:13:50Z</time></trkpt><trkpt lat="45.738344" lon="13.846455"><ele>302.272</ele><time>2025-09-28T09:13:53Z</time></trkpt><trkpt lat="45.738393" lon="13.846421"><ele>302.613</ele><time>2025-09-28T09:13:59Z</time></trkpt><trkpt lat="45.738447" lon="13.846413"><ele>303.414</ele><time>2025-09-28T09:14:08Z</time></trkpt><trkpt lat="45.738496" lon="13.846402"><ele>304.109</ele><time>2025-09-28T09:14:12Z</time></trkpt><trkpt lat="45.73855" lon="13.846392"><ele>305.059</ele><time>2025-09-28T09:14:15Z</time></trkpt><trkpt lat="45.738598" lon="13.846402"><ele>306.070</ele><time>2025-09-28T09:14:19Z</time></trkpt><trkpt lat="45.738635" lon="13.846443"><ele>307.470</ele><time>2025-09-28T09:14:22Z</time></trkpt><trkpt lat="45.738686" lon="13.846484"><ele>308.883</ele><time>2025-09-28T09:14:26Z</time></trkpt><trkpt lat="45.738743" lon="13.846512"><ele>310.011</ele><time>2025-09-28T09:14:30Z</time></trkpt><trkpt lat="45.738791" lon="13.846558"><ele>311.121</ele><time>2025-09-28T09:14:34Z</time></trkpt><trkpt lat="45.738846" lon="13.846605"><ele>312.117</ele><time>2025-09-28T09:14:42Z</time></trkpt><trkpt lat="45.738884" lon="13.846653"><ele>312.951</ele><time>2025-09-28T09:14:44Z</time></trkpt><trkpt lat="45.738928" lon="13.84669"><ele>313.215</ele><time>2025-09-28T09:14:46Z</time></trkpt><trkpt lat="45.738983" lon="13.846742"><ele>313.595</ele><time>2025-09-28T09:14:49Z</time></trkpt><trkpt lat="45.73903" lon="13.846814"><ele>313.849</ele><time>2025-09-28T09:14:52Z</time></trkpt><trkpt lat="45.739061" lon="13.846882"><ele>314.123</ele><time>2025-09-28T09:14:54Z</time></trkpt><trkpt lat="45.739098" lon="13.846952"><ele>314.309</ele><time>2025-09-28T09:14:56Z</time></trkpt><trkpt lat="45.739136" lon="13.847008"><ele>314.571</ele><time>2025-09-28T09:14:58Z</time></trkpt><trkpt lat="45.739177" lon="13.847065"><ele>314.732</ele><time>2025-09-28T09:15:01Z</time></trkpt><trkpt lat="45.739213" lon="13.847131"><ele>314.642</ele><time>2025-09-28T09:15:03Z</time></trkpt><trkpt lat="45.739258" lon="13.847184"><ele>314.475</ele><time>2025-09-28T09:15:06Z</time></trkpt><trkpt lat="45.739269" lon="13.847249"><ele>314.863</ele><time>2025-09-28T09:15:08Z</time></trkpt><trkpt lat="45.739267" lon="13.847318"><ele>315.413</ele><time>2025-09-28T09:15:10Z</time></trkpt><trkpt lat="45.739264" lon="13.847384"><ele>316.019</ele><time>2025-09-28T09:15:12Z</time></trkpt><trkpt lat="45.739271" lon="13.84746"><ele>316.523</ele><time>2025-09-28T09:15:14Z</time></trkpt><trkpt lat="45.739267" lon="13.847537"><ele>317.087</ele><time>2025-09-28T09:15:17Z</time></trkpt><trkpt lat="45.739267" lon="13.84762"><ele>317.216</ele><time>2025-09-28T09:15:20Z</time></trkpt><trkpt lat="45.739265" lon="13.847685"><ele>317.476</ele><time>2025-09-28T09:15:23Z</time></trkpt><trkpt lat="45.739236" lon="13.847744"><ele>317.713</ele><time>2025-09-28T09:15:28Z</time></trkpt><trkpt lat="45.739206" lon="13.847822"><ele>317.909</ele><time>2025-09-28T09:15:32Z</time></trkpt><trkpt lat="45.739171" lon="13.847878"><ele>318.093</ele><time>2025-09-28T09:15:38Z</time></trkpt><trkpt lat="45.739153" lon="13.847965"><ele>318.054</ele><time>2025-09-28T09:15:43Z</time></trkpt><trkpt lat="45.739125" lon="13.84803"><ele>317.914</ele><time>2025-09-28T09:15:47Z</time></trkpt><trkpt lat="45.739105" lon="13.848106"><ele>317.617</ele><time>2025-09-28T09:15:50Z</time></trkpt><trkpt lat="45.739089" lon="13.848173"><ele>317.485</ele><time>2025-09-28T09:15:53Z</time></trkpt><trkpt lat="45.739092" lon="13.848241"><ele>317.265</ele><time>2025-09-28T09:15:58Z</time></trkpt><trkpt lat="45.739082" lon="13.848315"><ele>317.081</ele><time>2025-09-28T09:16:03Z</time></trkpt><trkpt lat="45.739066" lon="13.848377"><ele>317.075</ele><time>2025-09-28T09:16:06Z</time></trkpt><trkpt lat="45.739077" lon="13.84845"><ele>317.069</ele><time>2025-09-28T09:16:09Z</time></trkpt><trkpt lat="45.73908" lon="13.848517"><ele>317.013</ele><time>2025-09-28T09:16:13Z</time></trkpt><trkpt lat="45.73907" lon="13.848601"><ele>317.043</ele><time>2025-09-28T09:16:19Z</time></trkpt><trkpt lat="45.739085" lon="13.848669"><ele>317.107</ele><time>2025-09-28T09:16:23Z</time></trkpt><trkpt lat="45.739072" lon="13.848751"><ele>317.209</ele><time>2025-09-28T09:16:26Z</time></trkpt><trkpt lat="45.73908" lon="13.848816"><ele>317.223</ele><time>2025-09-28T09:16:30Z</time></trkpt><trkpt lat="45.7391" lon="13.848878"><ele>317.234</ele><time>2025-09-28T09:16:33Z</time></trkpt><trkpt lat="45.739111" lon="13.848949"><ele>317.494</ele><time>2025-09-28T09:16:36Z</time></trkpt><trkpt lat="45.739134" lon="13.849033"><ele>317.647</ele><time>2025-09-28T09:16:42Z</time></trkpt><trkpt lat="45.73914" lon="13.849115"><ele>317.935</ele><time>2025-09-28T09:16:45Z</time></trkpt><trkpt lat="45.739171" lon="13.849176"><ele>318.055</ele><time>2025-09-28T09:16:49Z</time></trkpt><trkpt lat="45.7392" lon="13.849229"><ele>317.811</ele><time>2025-09-28T09:16:52Z</time></trkpt><trkpt lat="45.739223" lon="13.849297"><ele>317.615</ele><time>2025-09-28T09:16:55Z</time></trkpt><trkpt lat="45.739257" lon="13.84937"><ele>317.419</ele><time>2025-09-28T09:16:58Z</time></trkpt><trkpt lat="45.739279" lon="13.849443"><ele>317.284</ele><time>2025-09-28T09:17:01Z</time></trkpt><trkpt lat="45.739305" lon="13.849506"><ele>317.007</ele><time>2025-09-28T09:17:05Z</time></trkpt><trkpt lat="45.739336" lon="13.849556"><ele>316.817</ele><time>2025-09-28T09:17:09Z</time></trkpt><trkpt lat="45.739365" lon="13.849607"><ele>316.609</ele><time>2025-09-28T09:17:13Z</time></trkpt><trkpt lat="45.739398" lon="13.849668"><ele>316.380</ele><time>2025-09-28T09:17:17Z</time></trkpt><trkpt lat="45.739431" lon="13.84972"><ele>316.161</ele><time>2025-09-28T09:17:20Z</time></trkpt><trkpt lat="45.739448" lon="13.849787"><ele>316.071</ele><time>2025-09-28T09:17:23Z</time></trkpt><trkpt lat="45.739477" lon="13.849862"><ele>315.944</ele><time>2025-09-28T09:17:26Z</time></trkpt><trkpt lat="45.739515" lon="13.849922"><ele>315.972</ele><time>2025-09-28T09:17:30Z</time></trkpt><trkpt lat="45.73954" lon="13.850004"><ele>316.022</ele><time>2025-09-28T09:17:34Z</time></trkpt><trkpt lat="45.739543" lon="13.850069"><ele>316.268</ele><time>2025-09-28T09:17:36Z</time></trkpt><trkpt lat="45.739552" lon="13.850136"><ele>316.432</ele><time>2025-09-28T09:17:38Z</time></trkpt><trkpt lat="45.739571" lon="13.8502"><ele>316.776</ele><time>2025-09-28T09:17:40Z</time></trkpt><trkpt lat="45.73958" lon="13.850293"><ele>317.065</ele><time>2025-09-28T09:17:43Z</time></trkpt><trkpt lat="45.739597" lon="13.85037"><ele>317.368</ele><time>2025-09-28T09:17:45Z</time></trkpt><trkpt lat="45.739621" lon="13.850443"><ele>317.614</ele><time>2025-09-28T09:17:47Z</time></trkpt><trkpt lat="45.739639" lon="13.850528"><ele>318.009</ele><time>2025-09-28T09:17:50Z</time></trkpt><trkpt lat="45.739652" lon="13.850594"><ele>318.388</ele><time>2025-09-28T09:17:54Z</time></trkpt><trkpt lat="45.739689" lon="13.850656"><ele>319.019</ele><time>2025-09-28T09:17:57Z</time></trkpt><trkpt lat="45.739731" lon="13.850706"><ele>319.659</ele><time>2025-09-28T09:18:00Z</time></trkpt><trkpt lat="45.739745" lon="13.850769"><ele>319.992</ele><time>2025-09-28T09:18:03Z</time></trkpt><trkpt lat="45.739754" lon="13.850851"><ele>320.420</ele><time>2025-09-28T09:18:06Z</time></trkpt><trkpt lat="45.73977" lon="13.850931"><ele>321.470</ele><time>2025-09-28T09:18:09Z</time></trkpt><trkpt lat="45.739765" lon="13.851004"><ele>322.246</ele><time>2025-09-28T09:18:12Z</time></trkpt><trkpt lat="45.739767" lon="13.851076"><ele>322.920</ele><time>2025-09-28T09:18:15Z</time></trkpt><trkpt lat="45.739773" lon="13.851154"><ele>323.864</ele><time>2025-09-28T09:18:19Z</time></trkpt><trkpt lat="45.739791" lon="13.851229"><ele>324.864</ele><time>2025-09-28T09:18:25Z</time></trkpt><trkpt lat="45.73982" lon="13.8513"><ele>325.706</ele><time>2025-09-28T09:18:29Z</time></trkpt><trkpt lat="45.739846" lon="13.851362"><ele>326.616</ele><time>2025-09-28T09:18:33Z</time></trkpt><trkpt lat="45.739868" lon="13.851433"><ele>327.509</ele><time>2025-09-28T09:18:37Z</time></trkpt><trkpt lat="45.73987" lon="13.851507"><ele>328.378</ele><time>2025-09-28T09:18:40Z</time></trkpt><trkpt lat="45.739883" lon="13.851583"><ele>329.389</ele><time>2025-09-28T09:18:44Z</time></trkpt><trkpt lat="45.739897" lon="13.851656"><ele>330.179</ele><time>2025-09-28T09:18:47Z</time></trkpt><trkpt lat="45.739892" lon="13.851724"><ele>330.662</ele><time>2025-09-28T09:18:50Z</time></trkpt><trkpt lat="45.73989" lon="13.851799"><ele>331.260</ele><time>2025-09-28T09:18:54Z</time></trkpt><trkpt lat="45.739889" lon="13.851874"><ele>331.730</ele><time>2025-09-28T09:18:58Z</time></trkpt><trkpt lat="45.739898" lon="13.851945"><ele>332.386</ele><time>2025-09-28T09:19:01Z</time></trkpt><trkpt lat="45.739886" lon="13.85202"><ele>332.630</ele><time>2025-09-28T09:19:04Z</time></trkpt><trkpt lat="45.739877" lon="13.852092"><ele>332.944</ele><time>2025-09-28T09:19:07Z</time></trkpt><trkpt lat="45.739893" lon="13.852158"><ele>333.313</ele><time>2025-09-28T09:19:10Z</time></trkpt><trkpt lat="45.739908" lon="13.852234"><ele>333.743</ele><time>2025-09-28T09:19:15Z</time></trkpt><trkpt lat="45.739916" lon="13.852323"><ele>333.807</ele><time>2025-09-28T09:19:20Z</time></trkpt><trkpt lat="45.739914" lon="13.852395"><ele>333.909</ele><time>2025-09-28T09:19:23Z</time></trkpt><trkpt lat="45.739923" lon="13.85247"><ele>334.043</ele><time>2025-09-28T09:19:27Z</time></trkpt><trkpt lat="45.739952" lon="13.852531"><ele>334.034</ele><time>2025-09-28T09:19:32Z</time></trkpt><trkpt lat="45.739952" lon="13.852613"><ele>334.174</ele><time>2025-09-28T09:19:35Z</time></trkpt><trkpt lat="45.73994" lon="13.852679"><ele>334.177</ele><time>2025-09-28T09:19:38Z</time></trkpt><trkpt lat="45.739923" lon="13.85276"><ele>334.315</ele><time>2025-09-28T09:19:42Z</time></trkpt><trkpt lat="45.739922" lon="13.852837"><ele>334.625</ele><time>2025-09-28T09:19:45Z</time></trkpt><trkpt lat="45.739925" lon="13.852902"><ele>334.871</ele><time>2025-09-28T09:19:48Z</time></trkpt><trkpt lat="45.739921" lon="13.852988"><ele>335.385</ele><time>2025-09-28T09:19:51Z</time></trkpt><trkpt lat="45.739913" lon="13.853065"><ele>335.669</ele><time>2025-09-28T09:19:54Z</time></trkpt><trkpt lat="45.739899" lon="13.853144"><ele>335.854</ele><time>2025-09-28T09:19:58Z</time></trkpt><trkpt lat="45.739908" lon="13.853211"><ele>335.956</ele><time>2025-09-28T09:20:02Z</time></trkpt><trkpt lat="45.739902" lon="13.853283"><ele>335.911</ele><time>2025-09-28T09:20:05Z</time></trkpt><trkpt lat="45.739893" lon="13.853374"><ele>336.109</ele><time>2025-09-28T09:20:10Z</time></trkpt><trkpt lat="45.739893" lon="13.853483"><ele>336.357</ele><time>2025-09-28T09:20:17Z</time></trkpt><trkpt lat="45.739899" lon="13.853554"><ele>336.548</ele><time>2025-09-28T09:20:21Z</time></trkpt><trkpt lat="45.7399" lon="13.853622"><ele>336.718</ele><time>2025-09-28T09:20:25Z</time></trkpt><trkpt lat="45.739888" lon="13.853692"><ele>336.841</ele><time>2025-09-28T09:20:28Z</time></trkpt><trkpt lat="45.739869" lon="13.85377"><ele>336.869</ele><time>2025-09-28T09:20:31Z</time></trkpt><trkpt lat="45.739851" lon="13.853843"><ele>336.949</ele><time>2025-09-28T09:20:33Z</time></trkpt><trkpt lat="45.739849" lon="13.853908"><ele>337.045</ele><time>2025-09-28T09:20:35Z</time></trkpt><trkpt lat="45.739839" lon="13.854007"><ele>337.449</ele><time>2025-09-28T09:20:38Z</time></trkpt><trkpt lat="45.739847" lon="13.854083"><ele>337.953</ele><time>2025-09-28T09:20:41Z</time></trkpt><trkpt lat="45.739838" lon="13.854154"><ele>338.247</ele><time>2025-09-28T09:20:43Z</time></trkpt><trkpt lat="45.739824" lon="13.854219"><ele>338.429</ele><time>2025-09-28T09:20:46Z</time></trkpt><trkpt lat="45.739803" lon="13.854358"><ele>339.121</ele><time>2025-09-28T09:20:51Z</time></trkpt><trkpt lat="45.739808" lon="13.854458"><ele>339.709</ele><time>2025-09-28T09:20:54Z</time></trkpt><trkpt lat="45.73981" lon="13.854563"><ele>340.286</ele><time>2025-09-28T09:20:57Z</time></trkpt><trkpt lat="45.739812" lon="13.854647"><ele>340.667</ele><time>2025-09-28T09:21:00Z</time></trkpt><trkpt lat="45.739801" lon="13.854733"><ele>341.077</ele><time>2025-09-28T09:21:03Z</time></trkpt><trkpt lat="45.739785" lon="13.854825"><ele>341.070</ele><time>2025-09-28T09:21:06Z</time></trkpt><trkpt lat="45.739777" lon="13.8549"><ele>341.158</ele><time>2025-09-28T09:21:08Z</time></trkpt><trkpt lat="45.739768" lon="13.854988"><ele>341.368</ele><time>2025-09-28T09:21:11Z</time></trkpt><trkpt lat="45.739759" lon="13.855054"><ele>341.354</ele><time>2025-09-28T09:21:13Z</time></trkpt><trkpt lat="45.739749" lon="13.855135"><ele>341.128</ele><time>2025-09-28T09:21:16Z</time></trkpt><trkpt lat="45.739726" lon="13.855227"><ele>341.182</ele><time>2025-09-28T09:21:18Z</time></trkpt><trkpt lat="45.739714" lon="13.8553"><ele>340.995</ele><time>2025-09-28T09:21:20Z</time></trkpt><trkpt lat="45.739706" lon="13.855368"><ele>340.949</ele><time>2025-09-28T09:21:22Z</time></trkpt><trkpt lat="45.739691" lon="13.855439"><ele>340.723</ele><time>2025-09-28T09:21:24Z</time></trkpt><trkpt lat="45.739678" lon="13.855542"><ele>340.509</ele><time>2025-09-28T09:21:27Z</time></trkpt><trkpt lat="45.739651" lon="13.855615"><ele>340.181</ele><time>2025-09-28T09:21:30Z</time></trkpt><trkpt lat="45.739635" lon="13.855738"><ele>339.652</ele><time>2025-09-28T09:21:36Z</time></trkpt><trkpt lat="45.739646" lon="13.855816"><ele>339.792</ele><time>2025-09-28T09:21:40Z</time></trkpt><trkpt lat="45.739623" lon="13.855924"><ele>339.055</ele><time>2025-09-28T09:21:45Z</time></trkpt><trkpt lat="45.739593" lon="13.856003"><ele>338.343</ele><time>2025-09-28T09:21:49Z</time></trkpt><trkpt lat="45.739592" lon="13.856091"><ele>338.253</ele><time>2025-09-28T09:21:52Z</time></trkpt><trkpt lat="45.739599" lon="13.856165"><ele>337.969</ele><time>2025-09-28T09:21:56Z</time></trkpt><trkpt lat="45.739565" lon="13.856266"><ele>336.913</ele><time>2025-09-28T09:22:03Z</time></trkpt><trkpt lat="45.739552" lon="13.85634"><ele>336.467</ele><time>2025-09-28T09:22:06Z</time></trkpt><trkpt lat="45.739544" lon="13.856409"><ele>336.053</ele><time>2025-09-28T09:22:09Z</time></trkpt><trkpt lat="45.739527" lon="13.856497"><ele>335.404</ele><time>2025-09-28T09:22:13Z</time></trkpt><trkpt lat="45.739516" lon="13.856561"><ele>335.014</ele><time>2025-09-28T09:22:15Z</time></trkpt><trkpt lat="45.739485" lon="13.85662"><ele>334.509</ele><time>2025-09-28T09:22:18Z</time></trkpt><trkpt lat="45.739474" lon="13.8567"><ele>334.097</ele><time>2025-09-28T09:22:22Z</time></trkpt><trkpt lat="45.739473" lon="13.856792"><ele>333.398</ele><time>2025-09-28T09:22:26Z</time></trkpt><trkpt lat="45.739469" lon="13.856887"><ele>332.648</ele><time>2025-09-28T09:22:29Z</time></trkpt><trkpt lat="45.739461" lon="13.856973"><ele>331.891</ele><time>2025-09-28T09:22:32Z</time></trkpt><trkpt lat="45.739437" lon="13.857049"><ele>330.879</ele><time>2025-09-28T09:22:34Z</time></trkpt><trkpt lat="45.739439" lon="13.85713"><ele>330.049</ele><time>2025-09-28T09:22:36Z</time></trkpt><trkpt lat="45.739439" lon="13.8572"><ele>329.275</ele><time>2025-09-28T09:22:38Z</time></trkpt><trkpt lat="45.739441" lon="13.857269"><ele>328.819</ele><time>2025-09-28T09:22:40Z</time></trkpt><trkpt lat="45.739445" lon="13.857377"><ele>328.493</ele><time>2025-09-28T09:22:42Z</time></trkpt><trkpt lat="45.73945" lon="13.857464"><ele>328.262</ele><time>2025-09-28T09:22:44Z</time></trkpt><trkpt lat="45.739424" lon="13.857537"><ele>327.783</ele><time>2025-09-28T09:22:46Z</time></trkpt><trkpt lat="45.73939" lon="13.857604"><ele>327.211</ele><time>2025-09-28T09:22:48Z</time></trkpt><trkpt lat="45.739349" lon="13.857691"><ele>326.609</ele><time>2025-09-28T09:22:50Z</time></trkpt><trkpt lat="45.739307" lon="13.857787"><ele>326.058</ele><time>2025-09-28T09:22:52Z</time></trkpt><trkpt lat="45.739294" lon="13.857901"><ele>325.729</ele><time>2025-09-28T09:22:54Z</time></trkpt><trkpt lat="45.739273" lon="13.858009"><ele>325.469</ele><time>2025-09-28T09:22:56Z</time></trkpt><trkpt lat="45.739259" lon="13.858093"><ele>325.332</ele><time>2025-09-28T09:22:58Z</time></trkpt><trkpt lat="45.739237" lon="13.858172"><ele>325.380</ele><time>2025-09-28T09:23:00Z</time></trkpt><trkpt lat="45.739201" lon="13.858276"><ele>325.120</ele><time>2025-09-28T09:23:02Z</time></trkpt><trkpt lat="45.73917" lon="13.858382"><ele>324.856</ele><time>2025-09-28T09:23:04Z</time></trkpt><trkpt lat="45.739156" lon="13.858453"><ele>324.650</ele><time>2025-09-28T09:23:06Z</time></trkpt><trkpt lat="45.739143" lon="13.858531"><ele>324.324</ele><time>2025-09-28T09:23:08Z</time></trkpt><trkpt lat="45.739122" lon="13.858604"><ele>324.059</ele><time>2025-09-28T09:23:10Z</time></trkpt><trkpt lat="45.739096" lon="13.858673"><ele>323.603</ele><time>2025-09-28T09:23:12Z</time></trkpt><trkpt lat="45.739053" lon="13.858739"><ele>323.123</ele><time>2025-09-28T09:23:14Z</time></trkpt><trkpt lat="45.739013" lon="13.858811"><ele>322.609</ele><time>2025-09-28T09:23:16Z</time></trkpt><trkpt lat="45.738985" lon="13.858887"><ele>322.017</ele><time>2025-09-28T09:23:18Z</time></trkpt><trkpt lat="45.738972" lon="13.858966"><ele>321.348</ele><time>2025-09-28T09:23:20Z</time></trkpt><trkpt lat="45.738969" lon="13.859052"><ele>320.488</ele><time>2025-09-28T09:23:22Z</time></trkpt><trkpt lat="45.738958" lon="13.859134"><ele>319.621</ele><time>2025-09-28T09:23:24Z</time></trkpt><trkpt lat="45.738948" lon="13.859207"><ele>319.249</ele><time>2025-09-28T09:23:26Z</time></trkpt><trkpt lat="45.738941" lon="13.859288"><ele>319.279</ele><time>2025-09-28T09:23:28Z</time></trkpt><trkpt lat="45.738929" lon="13.859371"><ele>319.155</ele><time>2025-09-28T09:23:30Z</time></trkpt><trkpt lat="45.738922" lon="13.859442"><ele>319.159</ele><time>2025-09-28T09:23:32Z</time></trkpt><trkpt lat="45.738899" lon="13.859521"><ele>318.883</ele><time>2025-09-28T09:23:34Z</time></trkpt><trkpt lat="45.738881" lon="13.859604"><ele>318.471</ele><time>2025-09-28T09:23:36Z</time></trkpt><trkpt lat="45.738861" lon="13.859692"><ele>318.141</ele><time>2025-09-28T09:23:38Z</time></trkpt><trkpt lat="45.738841" lon="13.859784"><ele>317.715</ele><time>2025-09-28T09:23:40Z</time></trkpt><trkpt lat="45.738818" lon="13.859853"><ele>317.309</ele><time>2025-09-28T09:23:42Z</time></trkpt><trkpt lat="45.73879" lon="13.859941"><ele>316.769</ele><time>2025-09-28T09:23:44Z</time></trkpt><trkpt lat="45.738758" lon="13.860023"><ele>315.950</ele><time>2025-09-28T09:23:46Z</time></trkpt><trkpt lat="45.738718" lon="13.8601"><ele>315.180</ele><time>2025-09-28T09:23:48Z</time></trkpt><trkpt lat="45.738699" lon="13.860169"><ele>314.663</ele><time>2025-09-28T09:23:50Z</time></trkpt><trkpt lat="45.738694" lon="13.860254"><ele>314.121</ele><time>2025-09-28T09:23:52Z</time></trkpt><trkpt lat="45.738712" lon="13.860314"><ele>313.991</ele><time>2025-09-28T09:23:54Z</time></trkpt><trkpt lat="45.738743" lon="13.860384"><ele>313.667</ele><time>2025-09-28T09:23:57Z</time></trkpt><trkpt lat="45.738798" lon="13.860442"><ele>313.481</ele><time>2025-09-28T09:24:00Z</time></trkpt><trkpt lat="45.738824" lon="13.860508"><ele>313.295</ele><time>2025-09-28T09:24:02Z</time></trkpt><trkpt lat="45.738847" lon="13.860579"><ele>313.127</ele><time>2025-09-28T09:24:04Z</time></trkpt><trkpt lat="45.738875" lon="13.860646"><ele>313.368</ele><time>2025-09-28T09:24:06Z</time></trkpt><trkpt lat="45.738906" lon="13.860706"><ele>313.714</ele><time>2025-09-28T09:24:08Z</time></trkpt><trkpt lat="45.738935" lon="13.860797"><ele>314.209</ele><time>2025-09-28T09:24:10Z</time></trkpt><trkpt lat="45.738961" lon="13.86088"><ele>314.654</ele><time>2025-09-28T09:24:12Z</time></trkpt><trkpt lat="45.738996" lon="13.860962"><ele>314.915</ele><time>2025-09-28T09:24:14Z</time></trkpt><trkpt lat="45.739028" lon="13.861009"><ele>315.075</ele><time>2025-09-28T09:24:16Z</time></trkpt><trkpt lat="45.739067" lon="13.861085"><ele>315.078</ele><time>2025-09-28T09:24:19Z</time></trkpt><trkpt lat="45.739098" lon="13.861149"><ele>315.036</ele><time>2025-09-28T09:24:21Z</time></trkpt><trkpt lat="45.739123" lon="13.861233"><ele>315.096</ele><time>2025-09-28T09:24:23Z</time></trkpt><trkpt lat="45.739158" lon="13.8613"><ele>315.082</ele><time>2025-09-28T09:24:25Z</time></trkpt><trkpt lat="45.739189" lon="13.861355"><ele>315.086</ele><time>2025-09-28T09:24:27Z</time></trkpt><trkpt lat="45.739216" lon="13.861443"><ele>315.020</ele><time>2025-09-28T09:24:30Z</time></trkpt><trkpt lat="45.739242" lon="13.861513"><ele>315.095</ele><time>2025-09-28T09:24:33Z</time></trkpt><trkpt lat="45.739269" lon="13.861579"><ele>315.049</ele><time>2025-09-28T09:24:35Z</time></trkpt><trkpt lat="45.739303" lon="13.861652"><ele>315.023</ele><time>2025-09-28T09:24:37Z</time></trkpt><trkpt lat="45.739338" lon="13.861716"><ele>314.909</ele><time>2025-09-28T09:24:39Z</time></trkpt><trkpt lat="45.739366" lon="13.861779"><ele>314.741</ele><time>2025-09-28T09:24:41Z</time></trkpt><trkpt lat="45.7394" lon="13.861844"><ele>314.562</ele><time>2025-09-28T09:24:43Z</time></trkpt><trkpt lat="45.739441" lon="13.86191"><ele>314.122</ele><time>2025-09-28T09:24:45Z</time></trkpt><trkpt lat="45.739508" lon="13.861971"><ele>314.235</ele><time>2025-09-28T09:24:48Z</time></trkpt><trkpt lat="45.73955" lon="13.862028"><ele>314.483</ele><time>2025-09-28T09:24:50Z</time></trkpt><trkpt lat="45.739582" lon="13.862082"><ele>314.583</ele><time>2025-09-28T09:24:52Z</time></trkpt><trkpt lat="45.739616" lon="13.862139"><ele>314.659</ele><time>2025-09-28T09:24:54Z</time></trkpt><trkpt lat="45.739642" lon="13.862198"><ele>314.753</ele><time>2025-09-28T09:24:56Z</time></trkpt><trkpt lat="45.739675" lon="13.862257"><ele>314.937</ele><time>2025-09-28T09:24:58Z</time></trkpt><trkpt lat="45.739719" lon="13.862313"><ele>315.375</ele><time>2025-09-28T09:25:00Z</time></trkpt><trkpt lat="45.739753" lon="13.862384"><ele>315.528</ele><time>2025-09-28T09:25:03Z</time></trkpt><trkpt lat="45.739762" lon="13.862457"><ele>315.720</ele><time>2025-09-28T09:25:06Z</time></trkpt><trkpt lat="45.739772" lon="13.862543"><ele>315.909</ele><time>2025-09-28T09:25:09Z</time></trkpt><trkpt lat="45.739817" lon="13.862591"><ele>315.989</ele><time>2025-09-28T09:25:12Z</time></trkpt><trkpt lat="45.739872" lon="13.862631"><ele>316.050</ele><time>2025-09-28T09:25:15Z</time></trkpt><trkpt lat="45.739919" lon="13.862668"><ele>316.190</ele><time>2025-09-28T09:25:21Z</time></trkpt><trkpt lat="45.739965" lon="13.862681"><ele>316.343</ele><time>2025-09-28T09:25:25Z</time></trkpt><trkpt lat="45.740013" lon="13.862671"><ele>316.231</ele><time>2025-09-28T09:25:29Z</time></trkpt><trkpt lat="45.740064" lon="13.862676"><ele>316.481</ele><time>2025-09-28T09:25:33Z</time></trkpt><trkpt lat="45.740114" lon="13.862692"><ele>316.597</ele><time>2025-09-28T09:25:37Z</time></trkpt><trkpt lat="45.740158" lon="13.862709"><ele>316.631</ele><time>2025-09-28T09:25:40Z</time></trkpt><trkpt lat="45.740215" lon="13.862728"><ele>316.825</ele><time>2025-09-28T09:25:43Z</time></trkpt><trkpt lat="45.740259" lon="13.862751"><ele>316.967</ele><time>2025-09-28T09:25:46Z</time></trkpt><trkpt lat="45.740305" lon="13.862797"><ele>317.381</ele><time>2025-09-28T09:25:49Z</time></trkpt><trkpt lat="45.740349" lon="13.862847"><ele>317.619</ele><time>2025-09-28T09:25:52Z</time></trkpt><trkpt lat="45.740392" lon="13.862893"><ele>317.909</ele><time>2025-09-28T09:25:56Z</time></trkpt><trkpt lat="45.740435" lon="13.86295"><ele>318.198</ele><time>2025-09-28T09:26:00Z</time></trkpt><trkpt lat="45.740477" lon="13.862978"><ele>318.129</ele><time>2025-09-28T09:26:03Z</time></trkpt><trkpt lat="45.740532" lon="13.863004"><ele>318.219</ele><time>2025-09-28T09:26:07Z</time></trkpt><trkpt lat="45.740573" lon="13.863033"><ele>318.172</ele><time>2025-09-28T09:26:11Z</time></trkpt><trkpt lat="45.740626" lon="13.863045"><ele>318.390</ele><time>2025-09-28T09:26:15Z</time></trkpt><trkpt lat="45.740683" lon="13.863062"><ele>318.510</ele><time>2025-09-28T09:26:19Z</time></trkpt><trkpt lat="45.74073" lon="13.863071"><ele>318.636</ele><time>2025-09-28T09:26:22Z</time></trkpt><trkpt lat="45.74078" lon="13.863055"><ele>318.830</ele><time>2025-09-28T09:26:25Z</time></trkpt><trkpt lat="45.740825" lon="13.863047"><ele>319.024</ele><time>2025-09-28T09:26:27Z</time></trkpt><trkpt lat="45.740885" lon="13.863065"><ele>319.071</ele><time>2025-09-28T09:26:30Z</time></trkpt><trkpt lat="45.740936" lon="13.86307"><ele>319.041</ele><time>2025-09-28T09:26:32Z</time></trkpt><trkpt lat="45.740991" lon="13.863092"><ele>318.915</ele><time>2025-09-28T09:26:34Z</time></trkpt><trkpt lat="45.74105" lon="13.863119"><ele>318.809</ele><time>2025-09-28T09:26:36Z</time></trkpt><trkpt lat="45.741112" lon="13.863142"><ele>318.739</ele><time>2025-09-28T09:26:38Z</time></trkpt><trkpt lat="45.741172" lon="13.863169"><ele>318.250</ele><time>2025-09-28T09:26:40Z</time></trkpt><trkpt lat="45.741231" lon="13.863184"><ele>317.930</ele><time>2025-09-28T09:26:42Z</time></trkpt><trkpt lat="45.741277" lon="13.863197"><ele>317.693</ele><time>2025-09-28T09:26:44Z</time></trkpt><trkpt lat="45.741331" lon="13.863213"><ele>317.341</ele><time>2025-09-28T09:26:46Z</time></trkpt><trkpt lat="45.741383" lon="13.863214"><ele>317.071</ele><time>2025-09-28T09:26:48Z</time></trkpt><trkpt lat="45.741432" lon="13.863233"><ele>317.237</ele><time>2025-09-28T09:26:50Z</time></trkpt><trkpt lat="45.741479" lon="13.863255"><ele>317.381</ele><time>2025-09-28T09:26:52Z</time></trkpt><trkpt lat="45.741526" lon="13.863258"><ele>317.535</ele><time>2025-09-28T09:26:54Z</time></trkpt><trkpt lat="45.741578" lon="13.863271"><ele>317.718</ele><time>2025-09-28T09:26:57Z</time></trkpt><trkpt lat="45.741629" lon="13.863288"><ele>317.998</ele><time>2025-09-28T09:27:00Z</time></trkpt><trkpt lat="45.741685" lon="13.863295"><ele>318.117</ele><time>2025-09-28T09:27:03Z</time></trkpt><trkpt lat="45.741734" lon="13.863329"><ele>318.209</ele><time>2025-09-28T09:27:06Z</time></trkpt><trkpt lat="45.741786" lon="13.86335"><ele>318.463</ele><time>2025-09-28T09:27:08Z</time></trkpt><trkpt lat="45.74183" lon="13.863362"><ele>318.654</ele><time>2025-09-28T09:27:10Z</time></trkpt><trkpt lat="45.741887" lon="13.863353"><ele>318.874</ele><time>2025-09-28T09:27:13Z</time></trkpt><trkpt lat="45.741964" lon="13.863354"><ele>319.087</ele><time>2025-09-28T09:27:24Z</time></trkpt></trkseg></trk></gpx>