<?xml version="1.0" encoding="UTF-8" standalone="yes"?>
<gpx version="1.1" creator="outdooractive - http://www.outdooractive.com" xmlns="http://www.topografix.com/GPX/1/1" xmlns:oa="http://www.outdooractive.com/GPX/Extensions/1" xmlns:xsi="http://www.w3.org/2001/XMLSchema-instance" xsi:schemaLocation="http://www.topografix.com/GPX/1/1 http://www.topografix.com/GPX/1/1/gpx.xsd http://www.outdooractive.com/GPX/Extensions/1 https://www.outdooractive.com/schema/gpx_extensions.xsd">
  <metadata>
    <name>GO4TRAIL ULTRA November 6, 2025</name>
    <author>
      <name>Uroš Zupan - Community</name>
    </author>
    <link href="https://www.outdooractive.com/r/329860678"/>
    <time>2025-11-06T22:18:51.196Z</time>
    <extensions>
      <oa:oaCategory>hikingTourTrail</oa:oaCategory>
    </extensions>
  </metadata>
  <trk>
    <name>GO4TRAIL ULTRA November 6, 2025</name>
    <type>hikingTourTrail</type>
    <trkseg>
      <trkpt lat="45.97231" lon="13.64258">
        <ele>64.53323</ele>
        <time>1999-12-29T02:03:00.844Z</time>
        <name>Go4trailSlovenia 2023  Go4trailGOultra 64km 3060 sur TraceDeTrail.fr</name>
      </trkpt>
      <trkpt lat="45.97234" lon="13.64266">
        <ele>63.86671</ele>
        <time>1999-12-29T02:03:06.824Z</time>
      </trkpt>
      <trkpt lat="45.97235" lon="13.64272">
        <ele>63.64111</ele>
        <time>1999-12-29T02:03:10.655Z</time>
      </trkpt>
      <trkpt lat="45.97237" lon="13.64279">
        <ele>63.34394</ele>
        <time>1999-12-29T02:03:15.348Z</time>
      </trkpt>
      <trkpt lat="45.97239" lon="13.64296">
        <ele>64.48023</ele>
        <time>1999-12-29T02:03:31.025Z</time>
      </trkpt>
      <trkpt lat="45.97246" lon="13.64307">
        <ele>65.12167</ele>
        <time>1999-12-29T02:03:43.089Z</time>
      </trkpt>
      <trkpt lat="45.97255" lon="13.64323">
        <ele>66.9701</ele>
        <time>1999-12-29T02:04:04.595Z</time>
      </trkpt>
      <trkpt lat="45.97264" lon="13.64337">
        <ele>68.19453</ele>
        <time>1999-12-29T02:04:21.776Z</time>
      </trkpt>
      <trkpt lat="45.97273" lon="13.64354">
        <ele>68.14806</ele>
        <time>1999-12-29T02:04:35.850Z</time>
      </trkpt>
      <trkpt lat="45.97283" lon="13.6437">
        <ele>69.15603</ele>
        <time>1999-12-29T02:04:53.583Z</time>
      </trkpt>
      <trkpt lat="45.97292" lon="13.64386">
        <ele>72.17785</ele>
        <time>1999-12-29T02:05:25.957Z</time>
      </trkpt>
      <trkpt lat="45.9732" lon="13.64421">
        <ele>77.6956</ele>
        <time>1999-12-29T02:06:26.879Z</time>
      </trkpt>
      <trkpt lat="45.97343" lon="13.64437">
        <ele>84.15562</ele>
        <time>1999-12-29T02:07:39.266Z</time>
      </trkpt>
      <trkpt lat="45.97359" lon="13.64449">
        <ele>85.43622</ele>
        <time>1999-12-29T02:08:00.924Z</time>
      </trkpt>
      <trkpt lat="45.97366" lon="13.64458">
        <ele>79.28359</ele>
        <time>1999-12-29T02:08:28.237Z</time>
      </trkpt>
      <trkpt lat="45.9737" lon="13.64466">
        <ele>73.64557</ele>
        <time>1999-12-29T02:08:49.594Z</time>
      </trkpt>
      <trkpt lat="45.97394" lon="13.64502">
        <ele>75.17771</ele>
        <time>1999-12-29T02:09:27.693Z</time>
      </trkpt>
      <trkpt lat="45.97404" lon="13.64518">
        <ele>75.39628</ele>
        <time>1999-12-29T02:09:42.667Z</time>
      </trkpt>
      <trkpt lat="45.97412" lon="13.64533">
        <ele>75.96047</ele>
        <time>1999-12-29T02:09:57.050Z</time>
      </trkpt>
      <trkpt lat="45.97419" lon="13.64548">
        <ele>75.65016</ele>
        <time>1999-12-29T02:10:08.472Z</time>
      </trkpt>
      <trkpt lat="45.97426" lon="13.64565">
        <ele>74.69823</ele>
        <time>1999-12-29T02:10:20.839Z</time>
      </trkpt>
      <trkpt lat="45.97434" lon="13.6458">
        <ele>73.02836</ele>
        <time>1999-12-29T02:10:34.132Z</time>
      </trkpt>
      <trkpt lat="45.97439" lon="13.64588">
        <ele>72.72519</ele>
        <time>1999-12-29T02:10:40.864Z</time>
      </trkpt>
      <trkpt lat="45.97443" lon="13.64598">
        <ele>73.39722</ele>
        <time>1999-12-29T02:10:50.936Z</time>
      </trkpt>
      <trkpt lat="45.97454" lon="13.64612">
        <ele>73.32227</ele>
        <time>1999-12-29T02:11:04.795Z</time>
      </trkpt>
      <trkpt lat="45.97475" lon="13.64642">
        <ele>74.12205</ele>
        <time>1999-12-29T02:11:35.649Z</time>
      </trkpt>
      <trkpt lat="45.97493" lon="13.64666">
        <ele>77.38094</ele>
        <time>1999-12-29T02:12:13.123Z</time>
      </trkpt>
      <trkpt lat="45.97498" lon="13.64674">
        <ele>78.80178</ele>
        <time>1999-12-29T02:12:28.364Z</time>
      </trkpt>
      <trkpt lat="45.97511" lon="13.64691">
        <ele>80.66253</ele>
        <time>1999-12-29T02:12:52.350Z</time>
      </trkpt>
      <trkpt lat="45.97517" lon="13.647">
        <ele>80.48479</ele>
        <time>1999-12-29T02:13:00.275Z</time>
      </trkpt>
      <trkpt lat="45.97525" lon="13.64708">
        <ele>78.21182</ele>
        <time>1999-12-29T02:13:13.373Z</time>
      </trkpt>
      <trkpt lat="45.97534" lon="13.64723">
        <ele>74.38096</ele>
        <time>1999-12-29T02:13:33.666Z</time>
      </trkpt>
      <trkpt lat="45.9754" lon="13.6473">
        <ele>71.92223</ele>
        <time>1999-12-29T02:13:46.114Z</time>
      </trkpt>
      <trkpt lat="45.97557" lon="13.64745">
        <ele>69.63199</ele>
        <time>1999-12-29T02:14:05.458Z</time>
      </trkpt>
      <trkpt lat="45.97578" lon="13.64767">
        <ele>71.68166</ele>
        <time>1999-12-29T02:14:37.517Z</time>
      </trkpt>
      <trkpt lat="45.97581" lon="13.64782">
        <ele>74.37617</ele>
        <time>1999-12-29T02:15:07.676Z</time>
      </trkpt>
      <trkpt lat="45.97581" lon="13.64799">
        <ele>78.85872</ele>
        <time>1999-12-29T02:15:54.846Z</time>
      </trkpt>
      <trkpt lat="45.97607" lon="13.6483">
        <ele>81.86567</ele>
        <time>1999-12-29T02:16:38.079Z</time>
      </trkpt>
      <trkpt lat="45.97615" lon="13.64848">
        <ele>85.46133</ele>
        <time>1999-12-29T02:17:18.078Z</time>
      </trkpt>
      <trkpt lat="45.97619" lon="13.64854">
        <ele>87.13992</ele>
        <time>1999-12-29T02:17:37.129Z</time>
      </trkpt>
      <trkpt lat="45.97624" lon="13.64866">
        <ele>90.41123</ele>
        <time>1999-12-29T02:18:14.158Z</time>
      </trkpt>
      <trkpt lat="45.97635" lon="13.64872">
        <ele>91.42133</ele>
        <time>1999-12-29T02:18:29.045Z</time>
      </trkpt>
      <trkpt lat="45.97643" lon="13.6488">
        <ele>91.44358</ele>
        <time>1999-12-29T02:18:38.407Z</time>
      </trkpt>
      <trkpt lat="45.97648" lon="13.64887">
        <ele>91.52727</ele>
        <time>1999-12-29T02:18:45.330Z</time>
      </trkpt>
      <trkpt lat="45.97653" lon="13.64895">
        <ele>91.63675</ele>
        <time>1999-12-29T02:18:52.818Z</time>
      </trkpt>
      <trkpt lat="45.97665" lon="13.64924">
        <ele>89.54968</ele>
        <time>1999-12-29T02:19:14.252Z</time>
      </trkpt>
      <trkpt lat="45.97679" lon="13.6494">
        <ele>85.13205</ele>
        <time>1999-12-29T02:19:38.954Z</time>
      </trkpt>
      <trkpt lat="45.97686" lon="13.64952">
        <ele>83.19269</ele>
        <time>1999-12-29T02:19:51.875Z</time>
      </trkpt>
      <trkpt lat="45.97694" lon="13.64963">
        <ele>80.74994</ele>
        <time>1999-12-29T02:20:06.380Z</time>
      </trkpt>
      <trkpt lat="45.97699" lon="13.64973">
        <ele>79.26887</ele>
        <time>1999-12-29T02:20:16.425Z</time>
      </trkpt>
      <trkpt lat="45.97707" lon="13.64987">
        <ele>76.52001</ele>
        <time>1999-12-29T02:20:32.835Z</time>
      </trkpt>
      <trkpt lat="45.9772" lon="13.64998">
        <ele>71.61832</ele>
        <time>1999-12-29T02:20:57.523Z</time>
      </trkpt>
      <trkpt lat="45.97735" lon="13.65009">
        <ele>68.16399</ele>
        <time>1999-12-29T02:21:18.780Z</time>
      </trkpt>
      <trkpt lat="45.97749" lon="13.65027">
        <ele>66.09598</ele>
        <time>1999-12-29T02:21:36.732Z</time>
      </trkpt>
      <trkpt lat="45.97756" lon="13.65037">
        <ele>65.83239</ele>
        <time>1999-12-29T02:21:45.693Z</time>
      </trkpt>
      <trkpt lat="45.9777" lon="13.65059">
        <ele>67.05595</ele>
        <time>1999-12-29T02:22:09.591Z</time>
      </trkpt>
      <trkpt lat="45.97772" lon="13.65068">
        <ele>67.41713</ele>
        <time>1999-12-29T02:22:17.062Z</time>
      </trkpt>
      <trkpt lat="45.97776" lon="13.65094">
        <ele>69.36286</ele>
        <time>1999-12-29T02:22:42.253Z</time>
      </trkpt>
      <trkpt lat="45.97767" lon="13.65092">
        <ele>67.9325</ele>
        <time>1999-12-29T02:22:52.441Z</time>
      </trkpt>
      <trkpt lat="45.97757" lon="13.65092">
        <ele>66.78285</ele>
        <time>1999-12-29T02:23:02.145Z</time>
      </trkpt>
      <trkpt lat="45.97753" lon="13.65094">
        <ele>67.38924</ele>
        <time>1999-12-29T02:23:08.922Z</time>
      </trkpt>
      <trkpt lat="45.97752" lon="13.65099">
        <ele>69.19952</ele>
        <time>1999-12-29T02:23:24.797Z</time>
      </trkpt>
      <trkpt lat="45.97754" lon="13.65106">
        <ele>71.51234</ele>
        <time>1999-12-29T02:23:47.329Z</time>
      </trkpt>
      <trkpt lat="45.97772" lon="13.65129">
        <ele>75.34225</ele>
        <time>1999-12-29T02:24:28.902Z</time>
      </trkpt>
      <trkpt lat="45.97774" lon="13.65137">
        <ele>77.12812</ele>
        <time>1999-12-29T02:24:49.106Z</time>
      </trkpt>
      <trkpt lat="45.97776" lon="13.6515">
        <ele>80.62969</ele>
        <time>1999-12-29T02:25:26.008Z</time>
      </trkpt>
      <trkpt lat="45.97776" lon="13.65163">
        <ele>85.07294</ele>
        <time>1999-12-29T02:26:05.557Z</time>
      </trkpt>
      <trkpt lat="45.97775" lon="13.65171">
        <ele>88.17888</ele>
        <time>1999-12-29T02:26:30.785Z</time>
      </trkpt>
      <trkpt lat="45.97773" lon="13.65175">
        <ele>90.0352</ele>
        <time>1999-12-29T02:26:46.037Z</time>
      </trkpt>
      <trkpt lat="45.97767" lon="13.65174">
        <ele>90.69867</ele>
        <time>1999-12-29T02:26:54.414Z</time>
      </trkpt>
      <trkpt lat="45.97751" lon="13.65168">
        <ele>92.13327</ele>
        <time>1999-12-29T02:27:15.407Z</time>
      </trkpt>
      <trkpt lat="45.97736" lon="13.65155">
        <ele>91.8104</ele>
        <time>1999-12-29T02:27:31.485Z</time>
      </trkpt>
      <trkpt lat="45.97726" lon="13.65141">
        <ele>89.81114</ele>
        <time>1999-12-29T02:27:46.389Z</time>
      </trkpt>
      <trkpt lat="45.97709" lon="13.65126">
        <ele>89.51799</ele>
        <time>1999-12-29T02:28:04.839Z</time>
      </trkpt>
      <trkpt lat="45.977" lon="13.65123">
        <ele>91.22267</ele>
        <time>1999-12-29T02:28:23.099Z</time>
      </trkpt>
      <trkpt lat="45.97692" lon="13.65124">
        <ele>93.71748</ele>
        <time>1999-12-29T02:28:51.308Z</time>
      </trkpt>
      <trkpt lat="45.97686" lon="13.65127">
        <ele>96.12987</ele>
        <time>1999-12-29T02:29:16.679Z</time>
      </trkpt>
      <trkpt lat="45.9768" lon="13.65132">
        <ele>99.03922</ele>
        <time>1999-12-29T02:29:45.676Z</time>
      </trkpt>
      <trkpt lat="45.97673" lon="13.65135">
        <ele>101.98318</ele>
        <time>1999-12-29T02:30:15.637Z</time>
      </trkpt>
      <trkpt lat="45.97631" lon="13.65102">
        <ele>107.27401</ele>
        <time>1999-12-29T02:31:22.193Z</time>
      </trkpt>
      <trkpt lat="45.97608" lon="13.65077">
        <ele>105.45747</ele>
        <time>1999-12-29T02:31:48.032Z</time>
      </trkpt>
      <trkpt lat="45.97589" lon="13.65055">
        <ele>101.86604</ele>
        <time>1999-12-29T02:32:14.426Z</time>
      </trkpt>
      <trkpt lat="45.97575" lon="13.65035">
        <ele>100.68578</ele>
        <time>1999-12-29T02:32:32.069Z</time>
      </trkpt>
      <trkpt lat="45.97566" lon="13.65025">
        <ele>100.3449</ele>
        <time>1999-12-29T02:32:42.377Z</time>
      </trkpt>
      <trkpt lat="45.97551" lon="13.64993">
        <ele>100.02602</ele>
        <time>1999-12-29T02:33:07.338Z</time>
      </trkpt>
      <trkpt lat="45.97548" lon="13.64984">
        <ele>99.93663</ele>
        <time>1999-12-29T02:33:13.780Z</time>
      </trkpt>
      <trkpt lat="45.97543" lon="13.64976">
        <ele>99.94183</ele>
        <time>1999-12-29T02:33:20.929Z</time>
      </trkpt>
      <trkpt lat="45.97539" lon="13.64967">
        <ele>100.19378</ele>
        <time>1999-12-29T02:33:28.833Z</time>
      </trkpt>
      <trkpt lat="45.97521" lon="13.64936">
        <ele>102.69712</ele>
        <time>1999-12-29T02:34:04.794Z</time>
      </trkpt>
      <trkpt lat="45.97513" lon="13.64925">
        <ele>103.09332</ele>
        <time>1999-12-29T02:34:16.641Z</time>
      </trkpt>
      <trkpt lat="45.97506" lon="13.6492">
        <ele>102.49927</ele>
        <time>1999-12-29T02:34:23.713Z</time>
      </trkpt>
      <trkpt lat="45.97496" lon="13.64911">
        <ele>101.86036</ele>
        <time>1999-12-29T02:34:34.240Z</time>
      </trkpt>
      <trkpt lat="45.97478" lon="13.64899">
        <ele>101.35041</ele>
        <time>1999-12-29T02:34:52.274Z</time>
      </trkpt>
      <trkpt lat="45.9747" lon="13.64897">
        <ele>101.0623</ele>
        <time>1999-12-29T02:34:59.608Z</time>
      </trkpt>
      <trkpt lat="45.97467" lon="13.64895">
        <ele>100.91686</ele>
        <time>1999-12-29T02:35:02.578Z</time>
      </trkpt>
      <trkpt lat="45.97464" lon="13.64892">
        <ele>100.72263</ele>
        <time>1999-12-29T02:35:05.841Z</time>
      </trkpt>
      <trkpt lat="45.97461" lon="13.64886">
        <ele>100.41316</ele>
        <time>1999-12-29T02:35:10.437Z</time>
      </trkpt>
      <trkpt lat="45.97457" lon="13.64883">
        <ele>100.1728</ele>
        <time>1999-12-29T02:35:14.465Z</time>
      </trkpt>
      <trkpt lat="45.97443" lon="13.64877">
        <ele>99.99314</ele>
        <time>1999-12-29T02:35:28.047Z</time>
      </trkpt>
      <trkpt lat="45.97437" lon="13.64874">
        <ele>100.09879</ele>
        <time>1999-12-29T02:35:34.451Z</time>
      </trkpt>
      <trkpt lat="45.97431" lon="13.6487">
        <ele>100.18085</ele>
        <time>1999-12-29T02:35:41.023Z</time>
      </trkpt>
      <trkpt lat="45.97418" lon="13.64866">
        <ele>100.17052</ele>
        <time>1999-12-29T02:35:53.683Z</time>
      </trkpt>
      <trkpt lat="45.97399" lon="13.64871">
        <ele>100.56327</ele>
        <time>1999-12-29T02:36:13.407Z</time>
      </trkpt>
      <trkpt lat="45.97377" lon="13.64878">
        <ele>101.49674</ele>
        <time>1999-12-29T02:36:37.954Z</time>
      </trkpt>
      <trkpt lat="45.97363" lon="13.64878">
        <ele>101.65737</ele>
        <time>1999-12-29T02:36:51.824Z</time>
      </trkpt>
      <trkpt lat="45.97351" lon="13.64875">
        <ele>101.69979</ele>
        <time>1999-12-29T02:37:03.575Z</time>
      </trkpt>
      <trkpt lat="45.97339" lon="13.64871">
        <ele>101.91883</ele>
        <time>1999-12-29T02:37:16.043Z</time>
      </trkpt>
      <trkpt lat="45.97329" lon="13.64869">
        <ele>102.28837</ele>
        <time>1999-12-29T02:37:26.879Z</time>
      </trkpt>
      <trkpt lat="45.97309" lon="13.6488">
        <ele>103.55548</ele>
        <time>1999-12-29T02:37:51.575Z</time>
      </trkpt>
      <trkpt lat="45.97295" lon="13.64883">
        <ele>104.73031</ele>
        <time>1999-12-29T02:38:09.302Z</time>
      </trkpt>
      <trkpt lat="45.97286" lon="13.64884">
        <ele>105.48019</ele>
        <time>1999-12-29T02:38:20.610Z</time>
      </trkpt>
      <trkpt lat="45.97283" lon="13.64889">
        <ele>105.81121</ele>
        <time>1999-12-29T02:38:26.142Z</time>
      </trkpt>
      <trkpt lat="45.97282" lon="13.64898">
        <ele>105.70633</ele>
        <time>1999-12-29T02:38:31.980Z</time>
      </trkpt>
      <trkpt lat="45.97279" lon="13.64907">
        <ele>105.35165</ele>
        <time>1999-12-29T02:38:38.183Z</time>
      </trkpt>
      <trkpt lat="45.97275" lon="13.64913">
        <ele>105.20622</ele>
        <time>1999-12-29T02:38:43.438Z</time>
      </trkpt>
      <trkpt lat="45.97267" lon="13.64921">
        <ele>105.42709</ele>
        <time>1999-12-29T02:38:53.466Z</time>
      </trkpt>
      <trkpt lat="45.97254" lon="13.64936">
        <ele>105.78799</ele>
        <time>1999-12-29T02:39:10.562Z</time>
      </trkpt>
      <trkpt lat="45.97248" lon="13.64942">
        <ele>106.08087</ele>
        <time>1999-12-29T02:39:18.489Z</time>
      </trkpt>
      <trkpt lat="45.97245" lon="13.64948">
        <ele>106.42492</ele>
        <time>1999-12-29T02:39:24.571Z</time>
      </trkpt>
      <trkpt lat="45.97242" lon="13.64962">
        <ele>107.09023</ele>
        <time>1999-12-29T02:39:36.560Z</time>
      </trkpt>
      <trkpt lat="45.97238" lon="13.64974">
        <ele>107.90999</ele>
        <time>1999-12-29T02:39:48.384Z</time>
      </trkpt>
      <trkpt lat="45.97236" lon="13.64998">
        <ele>109.33957</ele>
        <time>1999-12-29T02:40:09.584Z</time>
      </trkpt>
      <trkpt lat="45.9723" lon="13.65012">
        <ele>110.17932</ele>
        <time>1999-12-29T02:40:23.425Z</time>
      </trkpt>
      <trkpt lat="45.97225" lon="13.65027">
        <ele>110.88631</ele>
        <time>1999-12-29T02:40:36.848Z</time>
      </trkpt>
      <trkpt lat="45.97223" lon="13.65037">
        <ele>111.26594</ele>
        <time>1999-12-29T02:40:45.009Z</time>
      </trkpt>
      <trkpt lat="45.97222" lon="13.65047">
        <ele>111.62912</ele>
        <time>1999-12-29T02:40:52.913Z</time>
      </trkpt>
      <trkpt lat="45.97219" lon="13.65062">
        <ele>112.59201</ele>
        <time>1999-12-29T02:41:06.788Z</time>
      </trkpt>
      <trkpt lat="45.97211" lon="13.65061">
        <ele>113.99101</ele>
        <time>1999-12-29T02:41:21.782Z</time>
      </trkpt>
      <trkpt lat="45.97206" lon="13.65059">
        <ele>114.99055</ele>
        <time>1999-12-29T02:41:32.490Z</time>
      </trkpt>
      <trkpt lat="45.97202" lon="13.6506">
        <ele>116.07971</ele>
        <time>1999-12-29T02:41:44.804Z</time>
      </trkpt>
      <trkpt lat="45.972" lon="13.65065">
        <ele>117.28196</ele>
        <time>1999-12-29T02:41:58.411Z</time>
      </trkpt>
      <trkpt lat="45.97201" lon="13.65073">
        <ele>118.16642</ele>
        <time>1999-12-29T02:42:08.046Z</time>
      </trkpt>
      <trkpt lat="45.972" lon="13.65083">
        <ele>120.02693</ele>
        <time>1999-12-29T02:42:29.027Z</time>
      </trkpt>
      <trkpt lat="45.97195" lon="13.65091">
        <ele>123.01587</ele>
        <time>1999-12-29T02:42:59.582Z</time>
      </trkpt>
      <trkpt lat="45.97188" lon="13.65098">
        <ele>126.76289</ele>
        <time>1999-12-29T02:43:36.093Z</time>
      </trkpt>
      <trkpt lat="45.97178" lon="13.65098">
        <ele>131.46188</ele>
        <time>1999-12-29T02:44:19.557Z</time>
      </trkpt>
      <trkpt lat="45.97138" lon="13.65111">
        <ele>139.96256</ele>
        <time>1999-12-29T02:45:50.499Z</time>
      </trkpt>
      <trkpt lat="45.97126" lon="13.65117">
        <ele>139.84786</ele>
        <time>1999-12-29T02:46:02.390Z</time>
      </trkpt>
      <trkpt lat="45.97115" lon="13.65124">
        <ele>139.56594</ele>
        <time>1999-12-29T02:46:13.341Z</time>
      </trkpt>
      <trkpt lat="45.971" lon="13.65132">
        <ele>140.28431</ele>
        <time>1999-12-29T02:46:30.960Z</time>
      </trkpt>
      <trkpt lat="45.97087" lon="13.65144">
        <ele>142.52771</ele>
        <time>1999-12-29T02:46:55.914Z</time>
      </trkpt>
      <trkpt lat="45.97078" lon="13.65154">
        <ele>144.05295</ele>
        <time>1999-12-29T02:47:13.381Z</time>
      </trkpt>
      <trkpt lat="45.97069" lon="13.65167">
        <ele>145.88265</ele>
        <time>1999-12-29T02:47:33.816Z</time>
      </trkpt>
      <trkpt lat="45.97065" lon="13.65181">
        <ele>148.80327</ele>
        <time>1999-12-29T02:48:07.147Z</time>
      </trkpt>
      <trkpt lat="45.97064" lon="13.65197">
        <ele>152.81198</ele>
        <time>1999-12-29T02:48:50.724Z</time>
      </trkpt>
      <trkpt lat="45.97068" lon="13.6521">
        <ele>157.28543</ele>
        <time>1999-12-29T02:49:33.438Z</time>
      </trkpt>
      <trkpt lat="45.97075" lon="13.65219">
        <ele>160.92697</ele>
        <time>1999-12-29T02:50:11.281Z</time>
      </trkpt>
      <trkpt lat="45.97083" lon="13.65237">
        <ele>165.85382</ele>
        <time>1999-12-29T02:51:07.257Z</time>
      </trkpt>
      <trkpt lat="45.97082" lon="13.65249">
        <ele>167.5917</ele>
        <time>1999-12-29T02:51:25.847Z</time>
      </trkpt>
      <trkpt lat="45.9708" lon="13.65258">
        <ele>168.37296</ele>
        <time>1999-12-29T02:51:35.299Z</time>
      </trkpt>
      <trkpt lat="45.9708" lon="13.65265">
        <ele>169.16708</ele>
        <time>1999-12-29T02:51:43.877Z</time>
      </trkpt>
      <trkpt lat="45.97081" lon="13.6527">
        <ele>169.87172</ele>
        <time>1999-12-29T02:51:51.419Z</time>
      </trkpt>
      <trkpt lat="45.97081" lon="13.65276">
        <ele>170.44966</ele>
        <time>1999-12-29T02:51:57.954Z</time>
      </trkpt>
      <trkpt lat="45.97082" lon="13.65278">
        <ele>170.80496</ele>
        <time>1999-12-29T02:52:01.755Z</time>
      </trkpt>
      <trkpt lat="45.97082" lon="13.65286">
        <ele>171.47435</ele>
        <time>1999-12-29T02:52:09.806Z</time>
      </trkpt>
      <trkpt lat="45.97083" lon="13.65293">
        <ele>172.11149</ele>
        <time>1999-12-29T02:52:17.243Z</time>
      </trkpt>
      <trkpt lat="45.97084" lon="13.65296">
        <ele>172.43403</ele>
        <time>1999-12-29T02:52:20.881Z</time>
      </trkpt>
      <trkpt lat="45.97084" lon="13.65304">
        <ele>172.96455</ele>
        <time>1999-12-29T02:52:28.171Z</time>
      </trkpt>
      <trkpt lat="45.97086" lon="13.65313">
        <ele>173.77916</ele>
        <time>1999-12-29T02:52:37.827Z</time>
      </trkpt>
      <trkpt lat="45.97087" lon="13.65322">
        <ele>174.48097</ele>
        <time>1999-12-29T02:52:46.645Z</time>
      </trkpt>
      <trkpt lat="45.97085" lon="13.65334">
        <ele>175.29004</ele>
        <time>1999-12-29T02:52:57.845Z</time>
      </trkpt>
      <trkpt lat="45.97087" lon="13.65356">
        <ele>178.76393</ele>
        <time>1999-12-29T02:53:35.480Z</time>
      </trkpt>
      <trkpt lat="45.97089" lon="13.65367">
        <ele>180.68505</ele>
        <time>1999-12-29T02:53:56.892Z</time>
      </trkpt>
      <trkpt lat="45.97095" lon="13.65377">
        <ele>182.94986</ele>
        <time>1999-12-29T02:54:22.235Z</time>
      </trkpt>
      <trkpt lat="45.97098" lon="13.65395">
        <ele>185.17714</ele>
        <time>1999-12-29T02:54:46.118Z</time>
      </trkpt>
      <trkpt lat="45.97103" lon="13.65407">
        <ele>186.00863</ele>
        <time>1999-12-29T02:54:58.408Z</time>
      </trkpt>
      <trkpt lat="45.97105" lon="13.65423">
        <ele>187.24009</ele>
        <time>1999-12-29T02:55:14.024Z</time>
      </trkpt>
      <trkpt lat="45.97106" lon="13.65436">
        <ele>188.89396</ele>
        <time>1999-12-29T02:55:31.731Z</time>
      </trkpt>
      <trkpt lat="45.97122" lon="13.65463">
        <ele>192.29908</ele>
        <time>1999-12-29T02:56:10.286Z</time>
      </trkpt>
      <trkpt lat="45.97143" lon="13.65506">
        <ele>200.46257</ele>
        <time>1999-12-29T02:57:38.554Z</time>
      </trkpt>
      <trkpt lat="45.97155" lon="13.65535">
        <ele>206.88992</ele>
        <time>1999-12-29T02:58:51.615Z</time>
      </trkpt>
      <trkpt lat="45.97168" lon="13.65562">
        <ele>212.00262</ele>
        <time>1999-12-29T02:59:46.924Z</time>
      </trkpt>
      <trkpt lat="45.97172" lon="13.65575">
        <ele>214.26196</ele>
        <time>1999-12-29T03:00:11.502Z</time>
      </trkpt>
      <trkpt lat="45.97175" lon="13.65597">
        <ele>217.55151</ele>
        <time>1999-12-29T03:00:46.742Z</time>
      </trkpt>
      <trkpt lat="45.97178" lon="13.65639">
        <ele>221.74198</ele>
        <time>1999-12-29T03:01:33.618Z</time>
      </trkpt>
      <trkpt lat="45.97179" lon="13.65664">
        <ele>222.67709</ele>
        <time>1999-12-29T03:01:53.336Z</time>
      </trkpt>
      <trkpt lat="45.97186" lon="13.65716">
        <ele>227.16227</ele>
        <time>1999-12-29T03:02:46.962Z</time>
      </trkpt>
      <trkpt lat="45.97198" lon="13.65749">
        <ele>231.13812</ele>
        <time>1999-12-29T03:03:30.474Z</time>
      </trkpt>
      <trkpt lat="45.97204" lon="13.65757">
        <ele>231.62652</ele>
        <time>1999-12-29T03:03:39.926Z</time>
      </trkpt>
      <trkpt lat="45.97207" lon="13.65767">
        <ele>233.18557</ele>
        <time>1999-12-29T03:03:56.600Z</time>
      </trkpt>
      <trkpt lat="45.97208" lon="13.65778">
        <ele>235.42022</ele>
        <time>1999-12-29T03:04:21.969Z</time>
      </trkpt>
      <trkpt lat="45.97207" lon="13.65792">
        <ele>238.79717</ele>
        <time>1999-12-29T03:04:59.573Z</time>
      </trkpt>
      <trkpt lat="45.972" lon="13.65824">
        <ele>248.78871</ele>
        <time>1999-12-29T03:06:38.122Z</time>
      </trkpt>
      <trkpt lat="45.97198" lon="13.65853">
        <ele>258.19489</ele>
        <time>1999-12-29T03:08:06.001Z</time>
      </trkpt>
      <trkpt lat="45.972" lon="13.65864">
        <ele>260.55504</ele>
        <time>1999-12-29T03:08:32.720Z</time>
      </trkpt>
      <trkpt lat="45.97204" lon="13.65876">
        <ele>261.88844</ele>
        <time>1999-12-29T03:08:47.589Z</time>
      </trkpt>
      <trkpt lat="45.97205" lon="13.65895">
        <ele>266.77608</ele>
        <time>1999-12-29T03:09:39.853Z</time>
      </trkpt>
      <trkpt lat="45.9721" lon="13.6591">
        <ele>269.52439</ele>
        <time>1999-12-29T03:10:10.170Z</time>
      </trkpt>
      <trkpt lat="45.9723" lon="13.65957">
        <ele>283.3209</ele>
        <time>1999-12-29T03:12:39.850Z</time>
      </trkpt>
      <trkpt lat="45.97252" lon="13.66001">
        <ele>287.64251</ele>
        <time>1999-12-29T03:13:33.133Z</time>
      </trkpt>
      <trkpt lat="45.9726" lon="13.66015">
        <ele>288.07924</ele>
        <time>1999-12-29T03:13:46.573Z</time>
      </trkpt>
      <trkpt lat="45.97266" lon="13.66028">
        <ele>288.5203</ele>
        <time>1999-12-29T03:13:58.361Z</time>
      </trkpt>
      <trkpt lat="45.97268" lon="13.66042">
        <ele>290.39126</ele>
        <time>1999-12-29T03:14:18.430Z</time>
      </trkpt>
      <trkpt lat="45.97271" lon="13.66054">
        <ele>291.17848</ele>
        <time>1999-12-29T03:14:29.768Z</time>
      </trkpt>
      <trkpt lat="45.97272" lon="13.66071">
        <ele>293.50999</ele>
        <time>1999-12-29T03:14:54.709Z</time>
      </trkpt>
      <trkpt lat="45.97271" lon="13.66087">
        <ele>296.36882</ele>
        <time>1999-12-29T03:15:26.782Z</time>
      </trkpt>
      <trkpt lat="45.97264" lon="13.66132">
        <ele>303.54788</ele>
        <time>1999-12-29T03:16:44.448Z</time>
      </trkpt>
      <trkpt lat="45.97263" lon="13.66146">
        <ele>303.50609</ele>
        <time>1999-12-29T03:16:53.695Z</time>
      </trkpt>
      <trkpt lat="45.97259" lon="13.66167">
        <ele>303.94581</ele>
        <time>1999-12-29T03:17:09.570Z</time>
      </trkpt>
      <trkpt lat="45.97259" lon="13.66177">
        <ele>303.93519</ele>
        <time>1999-12-29T03:17:16.178Z</time>
      </trkpt>
      <trkpt lat="45.97234" lon="13.66232">
        <ele>322.06863</ele>
        <time>1999-12-29T03:20:22.232Z</time>
      </trkpt>
      <trkpt lat="45.97218" lon="13.66255">
        <ele>329.61869</ele>
        <time>1999-12-29T03:21:48.092Z</time>
      </trkpt>
      <trkpt lat="45.9721" lon="13.66265">
        <ele>332.56084</ele>
        <time>1999-12-29T03:22:21.669Z</time>
      </trkpt>
      <trkpt lat="45.97203" lon="13.66276">
        <ele>334.58637</ele>
        <time>1999-12-29T03:22:43.344Z</time>
      </trkpt>
      <trkpt lat="45.97201" lon="13.66285">
        <ele>334.89363</ele>
        <time>1999-12-29T03:22:50.620Z</time>
      </trkpt>
      <trkpt lat="45.97198" lon="13.66295">
        <ele>335.10333</ele>
        <time>1999-12-29T03:22:58.529Z</time>
      </trkpt>
      <trkpt lat="45.97194" lon="13.66332">
        <ele>333.98206</ele>
        <time>1999-12-29T03:23:21.920Z</time>
      </trkpt>
      <trkpt lat="45.97195" lon="13.66347">
        <ele>334.74394</ele>
        <time>1999-12-29T03:23:34.569Z</time>
      </trkpt>
      <trkpt lat="45.97193" lon="13.66377">
        <ele>337.52354</ele>
        <time>1999-12-29T03:24:06.542Z</time>
      </trkpt>
      <trkpt lat="45.97193" lon="13.66392">
        <ele>338.97913</ele>
        <time>1999-12-29T03:24:22.955Z</time>
      </trkpt>
      <trkpt lat="45.97189" lon="13.66432">
        <ele>341.35771</ele>
        <time>1999-12-29T03:24:58.346Z</time>
      </trkpt>
      <trkpt lat="45.97189" lon="13.66451">
        <ele>344.16435</ele>
        <time>1999-12-29T03:25:28.433Z</time>
      </trkpt>
      <trkpt lat="45.97191" lon="13.66478">
        <ele>349.50905</ele>
        <time>1999-12-29T03:26:29.299Z</time>
      </trkpt>
      <trkpt lat="45.97197" lon="13.66494">
        <ele>352.45733</ele>
        <time>1999-12-29T03:27:01.587Z</time>
      </trkpt>
      <trkpt lat="45.972" lon="13.66513">
        <ele>354.44805</ele>
        <time>1999-12-29T03:27:23.646Z</time>
      </trkpt>
      <trkpt lat="45.97211" lon="13.66557">
        <ele>358.64937</ele>
        <time>1999-12-29T03:28:12.516Z</time>
      </trkpt>
      <trkpt lat="45.97213" lon="13.66577">
        <ele>360.63928</ele>
        <time>1999-12-29T03:28:34.836Z</time>
      </trkpt>
      <trkpt lat="45.97203" lon="13.66624">
        <ele>362.52323</ele>
        <time>1999-12-29T03:29:13.720Z</time>
      </trkpt>
      <trkpt lat="45.97196" lon="13.66671">
        <ele>365.56374</ele>
        <time>1999-12-29T03:29:56.805Z</time>
      </trkpt>
      <trkpt lat="45.97192" lon="13.6669">
        <ele>367.29589</ele>
        <time>1999-12-29T03:30:17.222Z</time>
      </trkpt>
      <trkpt lat="45.97191" lon="13.66707">
        <ele>368.67312</ele>
        <time>1999-12-29T03:30:34.092Z</time>
      </trkpt>
      <trkpt lat="45.97191" lon="13.6672">
        <ele>369.48364</ele>
        <time>1999-12-29T03:30:45.688Z</time>
      </trkpt>
      <trkpt lat="45.9719" lon="13.66737">
        <ele>369.47109</ele>
        <time>1999-12-29T03:30:56.973Z</time>
      </trkpt>
      <trkpt lat="45.97195" lon="13.66777">
        <ele>370.08522</ele>
        <time>1999-12-29T03:31:25.960Z</time>
      </trkpt>
      <trkpt lat="45.97197" lon="13.66789">
        <ele>371.65331</ele>
        <time>1999-12-29T03:31:42.751Z</time>
      </trkpt>
      <trkpt lat="45.97198" lon="13.66801">
        <ele>373.46971</ele>
        <time>1999-12-29T03:32:02.267Z</time>
      </trkpt>
      <trkpt lat="45.972" lon="13.66816">
        <ele>375.85493</ele>
        <time>1999-12-29T03:32:28.091Z</time>
      </trkpt>
      <trkpt lat="45.97197" lon="13.66826">
        <ele>376.07739</ele>
        <time>1999-12-29T03:32:36.040Z</time>
      </trkpt>
      <trkpt lat="45.97195" lon="13.66835">
        <ele>376.33265</ele>
        <time>1999-12-29T03:32:43.138Z</time>
      </trkpt>
      <trkpt lat="45.9719" lon="13.6685">
        <ele>375.67158</ele>
        <time>1999-12-29T03:32:53.459Z</time>
      </trkpt>
      <trkpt lat="45.97185" lon="13.66868">
        <ele>374.80152</ele>
        <time>1999-12-29T03:33:05.549Z</time>
      </trkpt>
      <trkpt lat="45.97177" lon="13.66885">
        <ele>372.46984</ele>
        <time>1999-12-29T03:33:21.867Z</time>
      </trkpt>
      <trkpt lat="45.9717" lon="13.66905">
        <ele>371.36554</ele>
        <time>1999-12-29T03:33:35.899Z</time>
      </trkpt>
      <trkpt lat="45.97166" lon="13.66934">
        <ele>372.0097</ele>
        <time>1999-12-29T03:33:57.603Z</time>
      </trkpt>
      <trkpt lat="45.97162" lon="13.66971">
        <ele>373.71775</ele>
        <time>1999-12-29T03:34:28.276Z</time>
      </trkpt>
      <trkpt lat="45.97151" lon="13.66998">
        <ele>372.71959</ele>
        <time>1999-12-29T03:34:47.792Z</time>
      </trkpt>
      <trkpt lat="45.97142" lon="13.67008">
        <ele>371.7754</ele>
        <time>1999-12-29T03:34:58.137Z</time>
      </trkpt>
      <trkpt lat="45.97136" lon="13.67008">
        <ele>370.88653</ele>
        <time>1999-12-29T03:35:04.650Z</time>
      </trkpt>
      <trkpt lat="45.97131" lon="13.67013">
        <ele>370.54744</ele>
        <time>1999-12-29T03:35:10.080Z</time>
      </trkpt>
      <trkpt lat="45.97124" lon="13.67025">
        <ele>370.12091</ele>
        <time>1999-12-29T03:35:19.891Z</time>
      </trkpt>
      <trkpt lat="45.9711" lon="13.67059">
        <ele>366.59778</ele>
        <time>1999-12-29T03:35:47.794Z</time>
      </trkpt>
      <trkpt lat="45.97105" lon="13.67069">
        <ele>364.9782</ele>
        <time>1999-12-29T03:35:58.210Z</time>
      </trkpt>
      <trkpt lat="45.971" lon="13.67084">
        <ele>363.85061</ele>
        <time>1999-12-29T03:36:08.967Z</time>
      </trkpt>
      <trkpt lat="45.97095" lon="13.67097">
        <ele>363.5682</ele>
        <time>1999-12-29T03:36:18.344Z</time>
      </trkpt>
      <trkpt lat="45.97086" lon="13.67112">
        <ele>362.70582</ele>
        <time>1999-12-29T03:36:30.686Z</time>
      </trkpt>
      <trkpt lat="45.97073" lon="13.6712">
        <ele>359.26011</ele>
        <time>1999-12-29T03:36:50.089Z</time>
      </trkpt>
      <trkpt lat="45.97065" lon="13.67127">
        <ele>356.4154</ele>
        <time>1999-12-29T03:37:04.685Z</time>
      </trkpt>
      <trkpt lat="45.97059" lon="13.67138">
        <ele>354.13982</ele>
        <time>1999-12-29T03:37:17.772Z</time>
      </trkpt>
      <trkpt lat="45.97057" lon="13.67158">
        <ele>353.97193</ele>
        <time>1999-12-29T03:37:30.838Z</time>
      </trkpt>
      <trkpt lat="45.97053" lon="13.67189">
        <ele>355.40422</ele>
        <time>1999-12-29T03:37:56.643Z</time>
      </trkpt>
      <trkpt lat="45.97055" lon="13.672">
        <ele>357.57914</ele>
        <time>1999-12-29T03:38:21.397Z</time>
      </trkpt>
      <trkpt lat="45.97055" lon="13.67226">
        <ele>361.09914</ele>
        <time>1999-12-29T03:38:59.072Z</time>
      </trkpt>
      <trkpt lat="45.97059" lon="13.67246">
        <ele>363.12887</ele>
        <time>1999-12-29T03:39:21.918Z</time>
      </trkpt>
      <trkpt lat="45.97057" lon="13.67266">
        <ele>361.72811</ele>
        <time>1999-12-29T03:39:35.046Z</time>
      </trkpt>
      <trkpt lat="45.97053" lon="13.67282">
        <ele>360.38797</ele>
        <time>1999-12-29T03:39:46.454Z</time>
      </trkpt>
      <trkpt lat="45.97048" lon="13.67297">
        <ele>360.34832</ele>
        <time>1999-12-29T03:39:57.404Z</time>
      </trkpt>
      <trkpt lat="45.97043" lon="13.67304">
        <ele>359.90358</ele>
        <time>1999-12-29T03:40:03.661Z</time>
      </trkpt>
      <trkpt lat="45.97034" lon="13.6732">
        <ele>359.63724</ele>
        <time>1999-12-29T03:40:16.792Z</time>
      </trkpt>
      <trkpt lat="45.97024" lon="13.67351">
        <ele>364.04609</ele>
        <time>1999-12-29T03:41:04.032Z</time>
      </trkpt>
      <trkpt lat="45.97021" lon="13.67362">
        <ele>366.69342</ele>
        <time>1999-12-29T03:41:34.012Z</time>
      </trkpt>
      <trkpt lat="45.97008" lon="13.6738">
        <ele>367.36975</ele>
        <time>1999-12-29T03:41:53.429Z</time>
      </trkpt>
      <trkpt lat="45.97" lon="13.67383">
        <ele>364.87973</ele>
        <time>1999-12-29T03:42:06.241Z</time>
      </trkpt>
      <trkpt lat="45.96994" lon="13.67396">
        <ele>367.82882</ele>
        <time>1999-12-29T03:42:39.694Z</time>
      </trkpt>
      <trkpt lat="45.96985" lon="13.6741">
        <ele>370.22032</ele>
        <time>1999-12-29T03:43:05.297Z</time>
      </trkpt>
      <trkpt lat="45.96981" lon="13.67424">
        <ele>371.87195</ele>
        <time>1999-12-29T03:43:23.277Z</time>
      </trkpt>
      <trkpt lat="45.96979" lon="13.67438">
        <ele>372.86771</ele>
        <time>1999-12-29T03:43:36.544Z</time>
      </trkpt>
      <trkpt lat="45.96968" lon="13.67468">
        <ele>372.47074</ele>
        <time>1999-12-29T03:43:58.260Z</time>
      </trkpt>
      <trkpt lat="45.96958" lon="13.67482">
        <ele>372.35927</ele>
        <time>1999-12-29T03:44:11.349Z</time>
      </trkpt>
      <trkpt lat="45.96949" lon="13.67496">
        <ele>373.08812</ele>
        <time>1999-12-29T03:44:26.428Z</time>
      </trkpt>
      <trkpt lat="45.9694" lon="13.67506">
        <ele>373.36595</ele>
        <time>1999-12-29T03:44:38.194Z</time>
      </trkpt>
      <trkpt lat="45.96931" lon="13.67514">
        <ele>373.3091</ele>
        <time>1999-12-29T03:44:48.172Z</time>
      </trkpt>
      <trkpt lat="45.96896" lon="13.67533">
        <ele>368.59659</ele>
        <time>1999-12-29T03:45:25.870Z</time>
      </trkpt>
      <trkpt lat="45.96877" lon="13.67549">
        <ele>366.05581</ele>
        <time>1999-12-29T03:45:47.266Z</time>
      </trkpt>
      <trkpt lat="45.96858" lon="13.67567">
        <ele>364.03961</ele>
        <time>1999-12-29T03:46:08.049Z</time>
      </trkpt>
      <trkpt lat="45.968539" lon="13.675793">
        <ele>363.84917</ele>
        <time>1999-12-30T00:51:46.177Z</time>
      </trkpt>
      <trkpt lat="45.96859" lon="13.675855">
        <ele>364.79881</ele>
        <time>1999-12-30T00:51:52.546Z</time>
      </trkpt>
      <trkpt lat="45.968691" lon="13.675937">
        <ele>367.04144</ele>
        <time>1999-12-30T00:52:03.608Z</time>
      </trkpt>
      <trkpt lat="45.968793" lon="13.676012">
        <ele>370.00433</ele>
        <time>1999-12-30T00:52:14.535Z</time>
      </trkpt>
      <trkpt lat="45.96887" lon="13.67603">
        <ele>372.41763</ele>
        <time>1999-12-30T00:52:21.976Z</time>
      </trkpt>
      <trkpt lat="45.968924" lon="13.676031">
        <ele>374.27487</ele>
        <time>1999-12-30T00:52:27.127Z</time>
      </trkpt>
      <trkpt lat="45.969031" lon="13.676042">
        <ele>378.83452</ele>
        <time>1999-12-30T00:52:37.360Z</time>
      </trkpt>
      <trkpt lat="45.969059" lon="13.676055">
        <ele>380.16265</ele>
        <time>1999-12-30T00:52:40.167Z</time>
      </trkpt>
      <trkpt lat="45.969127" lon="13.676336">
        <ele>384.08584</ele>
        <time>1999-12-30T00:52:59.894Z</time>
      </trkpt>
      <trkpt lat="45.969167" lon="13.676469">
        <ele>387.10961</ele>
        <time>1999-12-30T00:53:09.502Z</time>
      </trkpt>
      <trkpt lat="45.969164" lon="13.676576">
        <ele>388.98719</ele>
        <time>1999-12-30T00:53:16.602Z</time>
      </trkpt>
      <trkpt lat="45.969198" lon="13.676693">
        <ele>392.73207</ele>
        <time>1999-12-30T00:53:25.010Z</time>
      </trkpt>
      <trkpt lat="45.969272" lon="13.676663">
        <ele>395.21127</ele>
        <time>1999-12-30T00:53:32.344Z</time>
      </trkpt>
      <trkpt lat="45.96932" lon="13.676723">
        <ele>398.59801</ele>
        <time>1999-12-30T00:53:38.409Z</time>
      </trkpt>
      <trkpt lat="45.969325" lon="13.676821">
        <ele>401.01653</ele>
        <time>1999-12-30T00:53:44.924Z</time>
      </trkpt>
      <trkpt lat="45.969376" lon="13.67693">
        <ele>405.29041</ele>
        <time>1999-12-30T00:53:53.636Z</time>
      </trkpt>
      <trkpt lat="45.969487" lon="13.676938">
        <ele>409.36642</ele>
        <time>1999-12-30T00:54:04.238Z</time>
      </trkpt>
      <trkpt lat="45.96953" lon="13.676999">
        <ele>411.71225</ele>
        <time>1999-12-30T00:54:09.998Z</time>
      </trkpt>
      <trkpt lat="45.969586" lon="13.676987">
        <ele>413.43354</ele>
        <time>1999-12-30T00:54:15.399Z</time>
      </trkpt>
      <trkpt lat="45.969636" lon="13.677162">
        <ele>417.27094</ele>
        <time>1999-12-30T00:54:27.943Z</time>
      </trkpt>
      <trkpt lat="45.969701" lon="13.677195">
        <ele>419.84531</ele>
        <time>1999-12-30T00:54:34.518Z</time>
      </trkpt>
      <trkpt lat="45.96974" lon="13.677227">
        <ele>421.64336</ele>
        <time>1999-12-30T00:54:38.801Z</time>
      </trkpt>
      <trkpt lat="45.969785" lon="13.677281">
        <ele>424.16704</ele>
        <time>1999-12-30T00:54:44.391Z</time>
      </trkpt>
      <trkpt lat="45.970022" lon="13.677167">
        <ele>428.30082</ele>
        <time>1999-12-30T00:55:08.228Z</time>
      </trkpt>
      <trkpt lat="45.970128" lon="13.677143">
        <ele>430.85551</ele>
        <time>1999-12-30T00:55:18.464Z</time>
      </trkpt>
      <trkpt lat="45.970168" lon="13.677187">
        <ele>433.00761</ele>
        <time>1999-12-30T00:55:23.267Z</time>
      </trkpt>
      <trkpt lat="45.970121" lon="13.677326">
        <ele>435.21364</ele>
        <time>1999-12-30T00:55:33.515Z</time>
      </trkpt>
      <trkpt lat="45.970054" lon="13.677448">
        <ele>436.263</ele>
        <time>1999-12-30T00:55:43.824Z</time>
      </trkpt>
      <trkpt lat="45.970044" lon="13.677538">
        <ele>438.50379</ele>
        <time>1999-12-30T00:55:49.867Z</time>
      </trkpt>
      <trkpt lat="45.970077" lon="13.677565">
        <ele>440.43459</ele>
        <time>1999-12-30T00:55:53.488Z</time>
      </trkpt>
      <trkpt lat="45.970179" lon="13.677579">
        <ele>444.13109</ele>
        <time>1999-12-30T00:56:03.262Z</time>
      </trkpt>
      <trkpt lat="45.970233" lon="13.677623">
        <ele>446.64056</ele>
        <time>1999-12-30T00:56:09.182Z</time>
      </trkpt>
      <trkpt lat="45.970296" lon="13.677597">
        <ele>446.72878</ele>
        <time>1999-12-30T00:56:15.434Z</time>
      </trkpt>
      <trkpt lat="45.970401" lon="13.677591">
        <ele>445.9074</ele>
        <time>1999-12-30T00:56:25.458Z</time>
      </trkpt>
      <trkpt lat="45.970447" lon="13.677591">
        <ele>445.25457</ele>
        <time>1999-12-30T00:56:29.846Z</time>
      </trkpt>
      <trkpt lat="45.970478" lon="13.677938">
        <ele>453.00929</ele>
        <time>1999-12-30T00:56:53.041Z</time>
      </trkpt>
      <trkpt lat="45.970545" lon="13.678107">
        <ele>457.2273</ele>
        <time>1999-12-30T00:57:05.940Z</time>
      </trkpt>
      <trkpt lat="45.970574" lon="13.678189">
        <ele>459.80556</ele>
        <time>1999-12-30T00:57:12.040Z</time>
      </trkpt>
      <trkpt lat="45.970571" lon="13.678304">
        <ele>462.61743</ele>
        <time>1999-12-30T00:57:19.670Z</time>
      </trkpt>
      <trkpt lat="45.970509" lon="13.678455">
        <ele>464.27758</ele>
        <time>1999-12-30T00:57:31.297Z</time>
      </trkpt>
      <trkpt lat="45.97047" lon="13.678698">
        <ele>467.81085</ele>
        <time>1999-12-30T00:57:47.831Z</time>
      </trkpt>
      <trkpt lat="45.970169" lon="13.6794">
        <ele>472.02885</ele>
        <time>1999-12-30T00:58:42.517Z</time>
      </trkpt>
      <trkpt lat="45.970256" lon="13.679642">
        <ele>472.59662</ele>
        <time>1999-12-30T00:59:00.581Z</time>
      </trkpt>
      <trkpt lat="45.970315" lon="13.679796">
        <ele>471.44993</ele>
        <time>1999-12-30T00:59:12.239Z</time>
      </trkpt>
      <trkpt lat="45.970354" lon="13.679875">
        <ele>470.2141</ele>
        <time>1999-12-30T00:59:18.663Z</time>
      </trkpt>
      <trkpt lat="45.970309" lon="13.680026">
        <ele>465.55213</ele>
        <time>1999-12-30T00:59:29.556Z</time>
      </trkpt>
      <trkpt lat="45.970337" lon="13.680215">
        <ele>463.73959</ele>
        <time>1999-12-30T00:59:42.368Z</time>
      </trkpt>
      <trkpt lat="45.970434" lon="13.68049">
        <ele>464.41429</ele>
        <time>1999-12-30T01:00:02.814Z</time>
      </trkpt>
      <trkpt lat="45.970486" lon="13.680864">
        <ele>459.02652</ele>
        <time>1999-12-30T01:00:28.101Z</time>
      </trkpt>
      <trkpt lat="45.970475" lon="13.681133">
        <ele>452.1008</ele>
        <time>1999-12-30T01:00:45.966Z</time>
      </trkpt>
      <trkpt lat="45.9705" lon="13.681406">
        <ele>446.69147</ele>
        <time>1999-12-30T01:01:04.222Z</time>
      </trkpt>
      <trkpt lat="45.970506" lon="13.681728">
        <ele>441.06918</ele>
        <time>1999-12-30T01:01:25.578Z</time>
      </trkpt>
      <trkpt lat="45.970664" lon="13.682381">
        <ele>438.28737</ele>
        <time>1999-12-30T01:02:11.419Z</time>
      </trkpt>
      <trkpt lat="45.97072" lon="13.682574">
        <ele>436.62393</ele>
        <time>1999-12-30T01:02:25.285Z</time>
      </trkpt>
      <trkpt lat="45.970796" lon="13.68273">
        <ele>437.7226</ele>
        <time>1999-12-30T01:02:37.915Z</time>
      </trkpt>
      <trkpt lat="45.970957" lon="13.683287">
        <ele>438.75855</ele>
        <time>1999-12-30T01:03:17.909Z</time>
      </trkpt>
      <trkpt lat="45.971142" lon="13.68395">
        <ele>434.96575</ele>
        <time>1999-12-30T01:04:05.275Z</time>
      </trkpt>
      <trkpt lat="45.971223" lon="13.684354">
        <ele>431.88148</ele>
        <time>1999-12-30T01:04:33.151Z</time>
      </trkpt>
      <trkpt lat="45.971353" lon="13.684787">
        <ele>433.05295</ele>
        <time>1999-12-30T01:05:04.422Z</time>
      </trkpt>
      <trkpt lat="45.971497" lon="13.685249">
        <ele>427.01372</ele>
        <time>1999-12-30T01:05:37.990Z</time>
      </trkpt>
      <trkpt lat="45.971646" lon="13.685669">
        <ele>417.50911</ele>
        <time>1999-12-30T01:06:09.252Z</time>
      </trkpt>
      <trkpt lat="45.971746" lon="13.68596">
        <ele>411.62447</ele>
        <time>1999-12-30T01:06:30.774Z</time>
      </trkpt>
      <trkpt lat="45.971862" lon="13.686122">
        <ele>411.2433</ele>
        <time>1999-12-30T01:06:46.194Z</time>
      </trkpt>
      <trkpt lat="45.971958" lon="13.686289">
        <ele>410.926</ele>
        <time>1999-12-30T01:07:00.562Z</time>
      </trkpt>
      <trkpt lat="45.97203" lon="13.686623">
        <ele>408.58796</ele>
        <time>1999-12-30T01:07:23.746Z</time>
      </trkpt>
      <trkpt lat="45.972074" lon="13.686753">
        <ele>408.95418</ele>
        <time>1999-12-30T01:07:33.332Z</time>
      </trkpt>
      <trkpt lat="45.972118" lon="13.686865">
        <ele>409.3878</ele>
        <time>1999-12-30T01:07:41.861Z</time>
      </trkpt>
      <trkpt lat="45.972151" lon="13.686985">
        <ele>409.29946</ele>
        <time>1999-12-30T01:07:50.417Z</time>
      </trkpt>
      <trkpt lat="45.972192" lon="13.687166">
        <ele>409.02514</ele>
        <time>1999-12-30T01:08:03.038Z</time>
      </trkpt>
      <trkpt lat="45.972264" lon="13.687298">
        <ele>408.74194</ele>
        <time>1999-12-30T01:08:14.162Z</time>
      </trkpt>
      <trkpt lat="45.97236" lon="13.68743">
        <ele>407.31599</ele>
        <time>1999-12-30T14:19:03.545Z</time>
      </trkpt>
      <trkpt lat="45.97254" lon="13.68769">
        <ele>402.85743</ele>
        <time>1999-12-30T14:19:33.592Z</time>
      </trkpt>
      <trkpt lat="45.97268" lon="13.68786">
        <ele>400.81374</ele>
        <time>1999-12-30T14:19:51.168Z</time>
      </trkpt>
      <trkpt lat="45.97306" lon="13.68801">
        <ele>403.79703</ele>
        <time>1999-12-30T14:20:39.254Z</time>
      </trkpt>
      <trkpt lat="45.97325" lon="13.68811">
        <ele>408.19958</ele>
        <time>1999-12-30T14:21:26.603Z</time>
      </trkpt>
      <trkpt lat="45.97364" lon="13.68822">
        <ele>413.71579</ele>
        <time>1999-12-30T14:22:28.940Z</time>
      </trkpt>
      <trkpt lat="45.97389" lon="13.68831">
        <ele>413.35131</ele>
        <time>1999-12-30T14:22:52.810Z</time>
      </trkpt>
      <trkpt lat="45.97403" lon="13.68835">
        <ele>415.51127</ele>
        <time>1999-12-30T14:23:16.542Z</time>
      </trkpt>
      <trkpt lat="45.97415" lon="13.68844">
        <ele>416.26721</ele>
        <time>1999-12-30T14:23:31.981Z</time>
        <extensions>
          <oa:locType>calcWayPoint</oa:locType>
        </extensions>
      </trkpt>
      <trkpt lat="45.97415" lon="13.68828">
        <ele>418.80854</ele>
        <time>1999-12-30T14:23:59.623Z</time>
      </trkpt>
      <trkpt lat="45.97413" lon="13.68813">
        <ele>421.50272</ele>
        <time>1999-12-30T14:24:29.822Z</time>
      </trkpt>
      <trkpt lat="45.97417" lon="13.68811">
        <ele>422.07438</ele>
        <time>1999-12-30T14:24:36.352Z</time>
      </trkpt>
      <trkpt lat="45.97416" lon="13.68807">
        <ele>422.74476</ele>
        <time>1999-12-30T14:24:43.629Z</time>
      </trkpt>
      <trkpt lat="45.97413" lon="13.68804">
        <ele>423.12854</ele>
        <time>1999-12-30T14:24:48.600Z</time>
      </trkpt>
      <trkpt lat="45.97413" lon="13.68787">
        <ele>425.77392</ele>
        <time>1999-12-30T14:25:17.216Z</time>
      </trkpt>
      <trkpt lat="45.97408" lon="13.68783">
        <ele>426.48876</ele>
        <time>1999-12-30T14:25:25.660Z</time>
      </trkpt>
      <trkpt lat="45.9741" lon="13.68766">
        <ele>429.02419</ele>
        <time>1999-12-30T14:25:52.827Z</time>
      </trkpt>
      <trkpt lat="45.97407" lon="13.68765">
        <ele>429.3624</ele>
        <time>1999-12-30T14:25:57.097Z</time>
      </trkpt>
      <trkpt lat="45.97407" lon="13.68753">
        <ele>431.12956</ele>
        <time>1999-12-30T14:26:16.035Z</time>
      </trkpt>
      <trkpt lat="45.97405" lon="13.68743">
        <ele>432.70844</ele>
        <time>1999-12-30T14:26:33.025Z</time>
      </trkpt>
      <trkpt lat="45.97406" lon="13.68735">
        <ele>433.71055</ele>
        <time>1999-12-30T14:26:43.756Z</time>
      </trkpt>
      <trkpt lat="45.97403" lon="13.68727">
        <ele>435.09635</ele>
        <time>1999-12-30T14:26:58.681Z</time>
      </trkpt>
      <trkpt lat="45.97409" lon="13.68716">
        <ele>437.29405</ele>
        <time>1999-12-30T14:27:22.514Z</time>
      </trkpt>
      <trkpt lat="45.9741" lon="13.68708">
        <ele>439.49261</ele>
        <time>1999-12-30T14:27:45.320Z</time>
      </trkpt>
      <trkpt lat="45.97406" lon="13.68704">
        <ele>440.52283</ele>
        <time>1999-12-30T14:27:56.358Z</time>
      </trkpt>
      <trkpt lat="45.974" lon="13.6869">
        <ele>444.29729</ele>
        <time>1999-12-30T14:28:39.213Z</time>
      </trkpt>
      <trkpt lat="45.97392" lon="13.6868">
        <ele>445.44904</ele>
        <time>1999-12-30T14:28:53.842Z</time>
      </trkpt>
      <trkpt lat="45.97386" lon="13.68668">
        <ele>447.28566</ele>
        <time>1999-12-30T14:29:13.506Z</time>
      </trkpt>
      <trkpt lat="45.9739" lon="13.68653">
        <ele>452.5184</ele>
        <time>1999-12-30T14:30:02.018Z</time>
      </trkpt>
      <trkpt lat="45.97385" lon="13.68639">
        <ele>456.07183</ele>
        <time>1999-12-30T14:30:42.287Z</time>
      </trkpt>
      <trkpt lat="45.97387" lon="13.68633">
        <ele>458.27491</ele>
        <time>1999-12-30T14:31:02.430Z</time>
      </trkpt>
      <trkpt lat="45.97386" lon="13.68628">
        <ele>459.42429</ele>
        <time>1999-12-30T14:31:15.434Z</time>
      </trkpt>
      <trkpt lat="45.9738" lon="13.68609">
        <ele>463.82099</ele>
        <time>1999-12-30T14:32:05.169Z</time>
      </trkpt>
      <trkpt lat="45.97379" lon="13.68596">
        <ele>468.89634</ele>
        <time>1999-12-30T14:32:45.890Z</time>
      </trkpt>
      <trkpt lat="45.97381" lon="13.68585">
        <ele>474.9318</ele>
        <time>1999-12-30T14:33:24.264Z</time>
      </trkpt>
      <trkpt lat="45.97379" lon="13.68569">
        <ele>481.89124</ele>
        <time>1999-12-30T14:34:15.970Z</time>
      </trkpt>
      <trkpt lat="45.97374" lon="13.6856">
        <ele>482.24843</ele>
        <time>1999-12-30T14:34:24.781Z</time>
      </trkpt>
      <trkpt lat="45.97373" lon="13.68544">
        <ele>487.56925</ele>
        <time>1999-12-30T14:35:13.412Z</time>
      </trkpt>
      <trkpt lat="45.97375" lon="13.68531">
        <ele>493.27332</ele>
        <time>1999-12-30T14:35:55.768Z</time>
      </trkpt>
      <trkpt lat="45.97379" lon="13.6852">
        <ele>498.29303</ele>
        <time>1999-12-30T14:36:34.751Z</time>
      </trkpt>
      <trkpt lat="45.97381" lon="13.68501">
        <ele>503.28528</ele>
        <time>1999-12-30T14:37:27.738Z</time>
      </trkpt>
      <trkpt lat="45.9738" lon="13.68487">
        <ele>507.17547</ele>
        <time>1999-12-30T14:38:07.614Z</time>
      </trkpt>
      <trkpt lat="45.97378" lon="13.68474">
        <ele>510.89237</ele>
        <time>1999-12-30T14:38:45.511Z</time>
      </trkpt>
      <trkpt lat="45.97378" lon="13.68462">
        <ele>514.54481</ele>
        <time>1999-12-30T14:39:21.161Z</time>
      </trkpt>
      <trkpt lat="45.97376" lon="13.68447">
        <ele>518.51869</ele>
        <time>1999-12-30T14:40:03.302Z</time>
      </trkpt>
      <trkpt lat="45.9737" lon="13.68448">
        <ele>516.83587</ele>
        <time>1999-12-30T14:40:12.211Z</time>
      </trkpt>
      <trkpt lat="45.97369" lon="13.68435">
        <ele>520.82912</ele>
        <time>1999-12-30T14:40:51.131Z</time>
      </trkpt>
      <trkpt lat="45.97354" lon="13.68409">
        <ele>527.58664</ele>
        <time>1999-12-30T14:42:07.914Z</time>
      </trkpt>
      <trkpt lat="45.9735" lon="13.684">
        <ele>530.64137</ele>
        <time>1999-12-30T14:42:38.668Z</time>
      </trkpt>
      <trkpt lat="45.97339" lon="13.68401">
        <ele>528.62254</ele>
        <time>1999-12-30T14:42:51.896Z</time>
      </trkpt>
      <trkpt lat="45.97334" lon="13.68395">
        <ele>531.05426</ele>
        <time>1999-12-30T14:43:17.718Z</time>
      </trkpt>
      <trkpt lat="45.97327" lon="13.68397">
        <ele>529.28204</ele>
        <time>1999-12-30T14:43:27.603Z</time>
      </trkpt>
      <trkpt lat="45.97321" lon="13.684">
        <ele>527.11527</ele>
        <time>1999-12-30T14:43:38.411Z</time>
      </trkpt>
      <trkpt lat="45.97308" lon="13.68404">
        <ele>522.98478</ele>
        <time>1999-12-30T14:43:59.461Z</time>
      </trkpt>
      <trkpt lat="45.97287" lon="13.68392">
        <ele>518.77586</ele>
        <time>1999-12-30T14:44:26.770Z</time>
      </trkpt>
      <trkpt lat="45.97286" lon="13.68385">
        <ele>520.60629</ele>
        <time>1999-12-30T14:44:46.360Z</time>
      </trkpt>
      <trkpt lat="45.97286" lon="13.6838">
        <ele>522.34082</ele>
        <time>1999-12-30T14:45:01.610Z</time>
      </trkpt>
      <trkpt lat="45.97284" lon="13.68359">
        <ele>527.77267</ele>
        <time>1999-12-30T14:45:59.725Z</time>
      </trkpt>
      <trkpt lat="45.97282" lon="13.68347">
        <ele>529.51752</ele>
        <time>1999-12-30T14:46:18.379Z</time>
      </trkpt>
      <trkpt lat="45.97278" lon="13.68333">
        <ele>530.24791</ele>
        <time>1999-12-30T14:46:30.940Z</time>
      </trkpt>
      <trkpt lat="45.9728" lon="13.68306">
        <ele>539.64728</ele>
        <time>1999-12-30T14:47:53.725Z</time>
      </trkpt>
      <trkpt lat="45.97285" lon="13.68296">
        <ele>546.89604</ele>
        <time>1999-12-30T14:48:36.798Z</time>
      </trkpt>
      <trkpt lat="45.9729" lon="13.68282">
        <ele>553.82811</ele>
        <time>1999-12-30T14:49:27.203Z</time>
      </trkpt>
      <trkpt lat="45.97293" lon="13.68276">
        <ele>556.22006</ele>
        <time>1999-12-30T14:49:49.500Z</time>
      </trkpt>
      <trkpt lat="45.97297" lon="13.68264">
        <ele>558.87624</ele>
        <time>1999-12-30T14:50:19.689Z</time>
      </trkpt>
      <trkpt lat="45.97317" lon="13.68226">
        <ele>561.74266</ele>
        <time>1999-12-30T14:51:01.714Z</time>
      </trkpt>
      <trkpt lat="45.97324" lon="13.68216">
        <ele>562.57075</ele>
        <time>1999-12-30T14:51:14.110Z</time>
      </trkpt>
      <trkpt lat="45.97339" lon="13.68191">
        <ele>566.27375</ele>
        <time>1999-12-30T14:51:54.194Z</time>
      </trkpt>
      <trkpt lat="45.97348" lon="13.68186">
        <ele>569.3604</ele>
        <time>1999-12-30T14:52:29.130Z</time>
      </trkpt>
      <trkpt lat="45.97358" lon="13.68177">
        <ele>572.24054</ele>
        <time>1999-12-30T14:53:01.303Z</time>
      </trkpt>
      <trkpt lat="45.97366" lon="13.68172">
        <ele>574.73974</ele>
        <time>1999-12-30T14:53:29.716Z</time>
      </trkpt>
      <trkpt lat="45.97379" lon="13.68161">
        <ele>579.02731</ele>
        <time>1999-12-30T14:54:18.515Z</time>
      </trkpt>
      <trkpt lat="45.97385" lon="13.6815">
        <ele>581.37745</ele>
        <time>1999-12-30T14:54:44.641Z</time>
      </trkpt>
      <trkpt lat="45.97387" lon="13.68135">
        <ele>582.39693</ele>
        <time>1999-12-30T14:54:58.592Z</time>
      </trkpt>
      <trkpt lat="45.97391" lon="13.68121">
        <ele>583.83493</ele>
        <time>1999-12-30T14:55:14.937Z</time>
      </trkpt>
      <trkpt lat="45.97399" lon="13.68099">
        <ele>587.66534</ele>
        <time>1999-12-30T14:55:56.290Z</time>
      </trkpt>
      <trkpt lat="45.97411" lon="13.68072">
        <ele>595.23077</ele>
        <time>1999-12-30T14:57:21.405Z</time>
      </trkpt>
      <trkpt lat="45.97418" lon="13.68059">
        <ele>598.40146</ele>
        <time>1999-12-30T14:57:57.581Z</time>
      </trkpt>
      <trkpt lat="45.97424" lon="13.68046">
        <ele>600.45084</ele>
        <time>1999-12-30T14:58:19.571Z</time>
      </trkpt>
      <trkpt lat="45.97428" lon="13.68022">
        <ele>601.80092</ele>
        <time>1999-12-30T14:58:40.726Z</time>
      </trkpt>
      <trkpt lat="45.97435" lon="13.68006">
        <ele>604.48034</ele>
        <time>1999-12-30T14:59:09.373Z</time>
      </trkpt>
      <trkpt lat="45.97444" lon="13.68003">
        <ele>607.6669</ele>
        <time>1999-12-30T14:59:44.878Z</time>
      </trkpt>
      <trkpt lat="45.97453" lon="13.67994">
        <ele>610.17084</ele>
        <time>1999-12-30T15:00:12.110Z</time>
      </trkpt>
      <trkpt lat="45.9746" lon="13.67966">
        <ele>613.72189</ele>
        <time>1999-12-30T15:00:50.213Z</time>
      </trkpt>
      <trkpt lat="45.97465" lon="13.67956">
        <ele>615.69557</ele>
        <time>1999-12-30T15:01:11.739Z</time>
      </trkpt>
      <trkpt lat="45.97466" lon="13.67941">
        <ele>617.37719</ele>
        <time>1999-12-30T15:01:29.959Z</time>
      </trkpt>
      <trkpt lat="45.97466" lon="13.67934">
        <ele>617.84716</ele>
        <time>1999-12-30T15:01:36.366Z</time>
      </trkpt>
      <trkpt lat="45.97467" lon="13.67926">
        <ele>618.34418</ele>
        <time>1999-12-30T15:01:43.570Z</time>
      </trkpt>
      <trkpt lat="45.97466" lon="13.67915">
        <ele>618.97932</ele>
        <time>1999-12-30T15:01:53.204Z</time>
      </trkpt>
      <trkpt lat="45.97481" lon="13.67881">
        <ele>622.51371</ele>
        <time>1999-12-30T15:02:34.751Z</time>
      </trkpt>
      <trkpt lat="45.97496" lon="13.6785">
        <ele>626.06553</ele>
        <time>1999-12-30T15:03:15.286Z</time>
      </trkpt>
      <trkpt lat="45.97499" lon="13.67841">
        <ele>626.63456</ele>
        <time>1999-12-30T15:03:23.944Z</time>
      </trkpt>
      <trkpt lat="45.97509" lon="13.67833">
        <ele>628.41503</ele>
        <time>1999-12-30T15:03:43.367Z</time>
      </trkpt>
      <trkpt lat="45.97517" lon="13.67825">
        <ele>630.48473</ele>
        <time>1999-12-30T15:04:05.553Z</time>
      </trkpt>
      <trkpt lat="45.97527" lon="13.67817">
        <ele>633.18388</ele>
        <time>1999-12-30T15:04:35.236Z</time>
      </trkpt>
      <trkpt lat="45.97535" lon="13.67813">
        <ele>634.63569</ele>
        <time>1999-12-30T15:04:50.816Z</time>
      </trkpt>
      <trkpt lat="45.97541" lon="13.67809">
        <ele>635.42806</ele>
        <time>1999-12-30T15:05:00.368Z</time>
      </trkpt>
      <trkpt lat="45.97569" lon="13.67797">
        <ele>639.16554</ele>
        <time>1999-12-30T15:05:44.045Z</time>
      </trkpt>
      <trkpt lat="45.97575" lon="13.67797">
        <ele>640.26</ele>
        <time>1999-12-30T15:05:55.764Z</time>
      </trkpt>
      <trkpt lat="45.97583" lon="13.67794">
        <ele>641.71372</ele>
        <time>1999-12-30T15:06:11.337Z</time>
      </trkpt>
      <trkpt lat="45.97592" lon="13.67789">
        <ele>643.53083</ele>
        <time>1999-12-30T15:06:30.828Z</time>
      </trkpt>
      <trkpt lat="45.97617" lon="13.67787">
        <ele>648.33829</ele>
        <time>1999-12-30T15:07:22.342Z</time>
      </trkpt>
      <trkpt lat="45.97623" lon="13.6778">
        <ele>649.20431</ele>
        <time>1999-12-30T15:07:33.153Z</time>
      </trkpt>
      <trkpt lat="45.97629" lon="13.67759">
        <ele>649.98749</ele>
        <time>1999-12-30T15:07:50.796Z</time>
      </trkpt>
      <trkpt lat="45.97636" lon="13.67743">
        <ele>649.49273</ele>
        <time>1999-12-30T15:08:02.647Z</time>
      </trkpt>
      <trkpt lat="45.97641" lon="13.67737">
        <ele>648.91613</ele>
        <time>1999-12-30T15:08:08.595Z</time>
      </trkpt>
      <trkpt lat="45.97645" lon="13.67729">
        <ele>647.70554</ele>
        <time>1999-12-30T15:08:16.698Z</time>
      </trkpt>
      <trkpt lat="45.9766" lon="13.67703">
        <ele>641.69665</ele>
        <time>1999-12-30T15:08:49.726Z</time>
      </trkpt>
      <trkpt lat="45.97675" lon="13.67701">
        <ele>638.95948</ele>
        <time>1999-12-30T15:09:07.746Z</time>
      </trkpt>
      <trkpt lat="45.97679" lon="13.67698">
        <ele>637.50813</ele>
        <time>1999-12-30T15:09:15.074Z</time>
      </trkpt>
      <trkpt lat="45.97689" lon="13.67693">
        <ele>633.91774</ele>
        <time>1999-12-30T15:09:33.001Z</time>
      </trkpt>
      <trkpt lat="45.97699" lon="13.67686">
        <ele>629.49463</ele>
        <time>1999-12-30T15:09:54.936Z</time>
      </trkpt>
      <trkpt lat="45.9771" lon="13.67687">
        <ele>627.2813</ele>
        <time>1999-12-30T15:10:08.710Z</time>
      </trkpt>
      <trkpt lat="45.97728" lon="13.67684">
        <ele>623.15685</ele>
        <time>1999-12-30T15:10:32.804Z</time>
      </trkpt>
      <trkpt lat="45.97741" lon="13.67671">
        <ele>620.08353</ele>
        <time>1999-12-30T15:10:52.284Z</time>
      </trkpt>
      <trkpt lat="45.97754" lon="13.67664">
        <ele>618.4182</ele>
        <time>1999-12-30T15:11:05.985Z</time>
      </trkpt>
      <trkpt lat="45.97766" lon="13.67659">
        <ele>616.92747</ele>
        <time>1999-12-30T15:11:18.289Z</time>
      </trkpt>
      <trkpt lat="45.97769" lon="13.67656">
        <ele>616.58042</ele>
        <time>1999-12-30T15:11:21.670Z</time>
      </trkpt>
      <trkpt lat="45.97774" lon="13.67653">
        <ele>615.98788</ele>
        <time>1999-12-30T15:11:26.841Z</time>
      </trkpt>
      <trkpt lat="45.97779" lon="13.67648">
        <ele>615.32268</ele>
        <time>1999-12-30T15:11:32.652Z</time>
      </trkpt>
      <trkpt lat="45.97787" lon="13.67645">
        <ele>613.54449</ele>
        <time>1999-12-30T15:11:43.341Z</time>
      </trkpt>
      <trkpt lat="45.97796" lon="13.6764">
        <ele>610.68474</ele>
        <time>1999-12-30T15:11:58.134Z</time>
      </trkpt>
      <trkpt lat="45.97803" lon="13.67626">
        <ele>608.25497</ele>
        <time>1999-12-30T15:12:13.180Z</time>
      </trkpt>
      <trkpt lat="45.97821" lon="13.67622">
        <ele>604.74992</ele>
        <time>1999-12-30T15:12:35.504Z</time>
      </trkpt>
      <trkpt lat="45.9783" lon="13.67615">
        <ele>602.46246</ele>
        <time>1999-12-30T15:12:49.002Z</time>
      </trkpt>
      <trkpt lat="45.97835" lon="13.67614">
        <ele>601.17818</ele>
        <time>1999-12-30T15:12:56.081Z</time>
      </trkpt>
      <trkpt lat="45.97856" lon="13.67606">
        <ele>592.46347</ele>
        <time>1999-12-30T15:13:39.342Z</time>
      </trkpt>
      <trkpt lat="45.97862" lon="13.67595">
        <ele>586.68018</ele>
        <time>1999-12-30T15:14:06.969Z</time>
      </trkpt>
      <trkpt lat="45.9787" lon="13.67593">
        <ele>584.91766</ele>
        <time>1999-12-30T15:14:17.518Z</time>
      </trkpt>
      <trkpt lat="45.97881" lon="13.67583">
        <ele>580.44884</ele>
        <time>1999-12-30T15:14:39.784Z</time>
      </trkpt>
      <trkpt lat="45.97892" lon="13.6758">
        <ele>578.50068</ele>
        <time>1999-12-30T15:14:52.950Z</time>
      </trkpt>
      <trkpt lat="45.979" lon="13.67577">
        <ele>576.52094</ele>
        <time>1999-12-30T15:15:04.200Z</time>
      </trkpt>
      <trkpt lat="45.97903" lon="13.67567">
        <ele>574.0973</ele>
        <time>1999-12-30T15:15:16.451Z</time>
      </trkpt>
      <trkpt lat="45.97909" lon="13.67563">
        <ele>573.64293</ele>
        <time>1999-12-30T15:15:22.403Z</time>
      </trkpt>
      <trkpt lat="45.9794" lon="13.67548">
        <ele>574.81843</ele>
        <time>1999-12-30T15:15:57.434Z</time>
      </trkpt>
      <trkpt lat="45.97946" lon="13.67537">
        <ele>572.87454</ele>
        <time>1999-12-30T15:16:09.556Z</time>
      </trkpt>
      <trkpt lat="45.97955" lon="13.67536">
        <ele>574.42023</ele>
        <time>1999-12-30T15:16:26.146Z</time>
      </trkpt>
      <trkpt lat="45.97973" lon="13.67508">
        <ele>569.72444</ele>
        <time>1999-12-30T15:16:57.534Z</time>
      </trkpt>
      <trkpt lat="45.97979" lon="13.67496">
        <ele>566.50449</ele>
        <time>1999-12-30T15:17:13.903Z</time>
      </trkpt>
      <trkpt lat="45.97985" lon="13.6749">
        <ele>565.20978</ele>
        <time>1999-12-30T15:17:22.556Z</time>
      </trkpt>
      <trkpt lat="45.9799" lon="13.67481">
        <ele>562.73601</ele>
        <time>1999-12-30T15:17:35.184Z</time>
      </trkpt>
      <trkpt lat="45.98" lon="13.67468">
        <ele>559.94954</ele>
        <time>1999-12-30T15:17:52.264Z</time>
      </trkpt>
      <trkpt lat="45.98005" lon="13.67463">
        <ele>559.21796</ele>
        <time>1999-12-30T15:17:58.277Z</time>
      </trkpt>
      <trkpt lat="45.9801" lon="13.67455">
        <ele>557.98576</ele>
        <time>1999-12-30T15:18:06.869Z</time>
      </trkpt>
      <trkpt lat="45.98027" lon="13.67445">
        <ele>557.10951</ele>
        <time>1999-12-30T15:18:23.327Z</time>
      </trkpt>
      <trkpt lat="45.98034" lon="13.67434">
        <ele>554.61371</ele>
        <time>1999-12-30T15:18:37.469Z</time>
      </trkpt>
      <trkpt lat="45.98045" lon="13.67428">
        <ele>553.08484</ele>
        <time>1999-12-30T15:18:49.491Z</time>
      </trkpt>
      <trkpt lat="45.98056" lon="13.67421">
        <ele>552.55693</ele>
        <time>1999-12-30T15:19:00.296Z</time>
      </trkpt>
      <trkpt lat="45.98068" lon="13.67415">
        <ele>553.2579</ele>
        <time>1999-12-30T15:19:14.757Z</time>
      </trkpt>
      <trkpt lat="45.98073" lon="13.6741">
        <ele>553.67306</ele>
        <time>1999-12-30T15:19:21.996Z</time>
      </trkpt>
      <trkpt lat="45.9808" lon="13.67405">
        <ele>554.77501</ele>
        <time>1999-12-30T15:19:34.377Z</time>
      </trkpt>
      <trkpt lat="45.98087" lon="13.67397">
        <ele>555.90288</ele>
        <time>1999-12-30T15:19:47.640Z</time>
      </trkpt>
      <trkpt lat="45.9809" lon="13.67386">
        <ele>555.84953</ele>
        <time>1999-12-30T15:19:55.367Z</time>
      </trkpt>
      <trkpt lat="45.98101" lon="13.67365">
        <ele>555.02748</ele>
        <time>1999-12-30T15:20:11.772Z</time>
      </trkpt>
      <trkpt lat="45.98105" lon="13.67356">
        <ele>554.81255</ele>
        <time>1999-12-30T15:20:18.506Z</time>
      </trkpt>
      <trkpt lat="45.9812" lon="13.6733">
        <ele>552.25929</ele>
        <time>1999-12-30T15:20:40.890Z</time>
      </trkpt>
      <trkpt lat="45.98129" lon="13.67325">
        <ele>549.70336</ele>
        <time>1999-12-30T15:20:54.714Z</time>
      </trkpt>
      <trkpt lat="45.98141" lon="13.67308">
        <ele>544.54397</ele>
        <time>1999-12-30T15:21:21.117Z</time>
      </trkpt>
      <trkpt lat="45.98149" lon="13.67307">
        <ele>544.37012</ele>
        <time>1999-12-30T15:21:28.443Z</time>
      </trkpt>
      <trkpt lat="45.98157" lon="13.673">
        <ele>542.42465</ele>
        <time>1999-12-30T15:21:40.338Z</time>
      </trkpt>
      <trkpt lat="45.98173" lon="13.67288">
        <ele>537.61504</ele>
        <time>1999-12-30T15:22:06.281Z</time>
      </trkpt>
      <trkpt lat="45.98179" lon="13.67289">
        <ele>538.48899</ele>
        <time>1999-12-30T15:22:16.014Z</time>
      </trkpt>
      <trkpt lat="45.98186" lon="13.67285">
        <ele>538.28027</ele>
        <time>1999-12-30T15:22:22.852Z</time>
      </trkpt>
      <trkpt lat="45.98199" lon="13.67283">
        <ele>539.52479</ele>
        <time>1999-12-30T15:22:39.980Z</time>
      </trkpt>
      <trkpt lat="45.98203" lon="13.67275">
        <ele>538.54196</ele>
        <time>1999-12-30T15:22:47.301Z</time>
      </trkpt>
      <trkpt lat="45.98208" lon="13.6727">
        <ele>538.26471</ele>
        <time>1999-12-30T15:22:52.765Z</time>
      </trkpt>
      <trkpt lat="45.98215" lon="13.67255">
        <ele>536.9485</ele>
        <time>1999-12-30T15:23:04.632Z</time>
      </trkpt>
      <trkpt lat="45.98224" lon="13.67252">
        <ele>538.84269</ele>
        <time>1999-12-30T15:23:24.887Z</time>
      </trkpt>
      <trkpt lat="45.9823" lon="13.67246">
        <ele>539.34646</ele>
        <time>1999-12-30T15:23:33.596Z</time>
      </trkpt>
      <trkpt lat="45.98241" lon="13.67229">
        <ele>538.28122</ele>
        <time>1999-12-30T15:23:48.097Z</time>
      </trkpt>
      <trkpt lat="45.98246" lon="13.67219">
        <ele>537.17831</ele>
        <time>1999-12-30T15:23:56.811Z</time>
      </trkpt>
      <trkpt lat="45.98261" lon="13.67205">
        <ele>538.36629</ele>
        <time>1999-12-30T15:24:17.941Z</time>
      </trkpt>
      <trkpt lat="45.98268" lon="13.67196">
        <ele>538.13844</ele>
        <time>1999-12-30T15:24:26.482Z</time>
      </trkpt>
      <trkpt lat="45.98275" lon="13.67191">
        <ele>538.84586</ele>
        <time>1999-12-30T15:24:36.542Z</time>
      </trkpt>
      <trkpt lat="45.98282" lon="13.67187">
        <ele>539.82757</ele>
        <time>1999-12-30T15:24:47.920Z</time>
      </trkpt>
      <trkpt lat="45.98295" lon="13.67173">
        <ele>540.43336</ele>
        <time>1999-12-30T15:25:05.385Z</time>
      </trkpt>
      <trkpt lat="45.98318" lon="13.67156">
        <ele>541.32176</ele>
        <time>1999-12-30T15:25:32.946Z</time>
      </trkpt>
      <trkpt lat="45.98328" lon="13.67139">
        <ele>540.38492</ele>
        <time>1999-12-30T15:25:46.795Z</time>
      </trkpt>
      <trkpt lat="45.98336" lon="13.6713">
        <ele>539.51084</ele>
        <time>1999-12-30T15:25:56.054Z</time>
      </trkpt>
      <trkpt lat="45.98345" lon="13.67118">
        <ele>537.51515</ele>
        <time>1999-12-30T15:26:10.048Z</time>
      </trkpt>
      <trkpt lat="45.98354" lon="13.67104">
        <ele>535.68268</ele>
        <time>1999-12-30T15:26:23.975Z</time>
      </trkpt>
      <trkpt lat="45.9836" lon="13.67091">
        <ele>533.69778</ele>
        <time>1999-12-30T15:26:36.986Z</time>
      </trkpt>
      <trkpt lat="45.98366" lon="13.67081">
        <ele>532.50069</ele>
        <time>1999-12-30T15:26:46.383Z</time>
      </trkpt>
      <trkpt lat="45.98375" lon="13.67062">
        <ele>528.67755</ele>
        <time>1999-12-30T15:27:08.118Z</time>
      </trkpt>
      <trkpt lat="45.98379" lon="13.67056">
        <ele>527.01107</ele>
        <time>1999-12-30T15:27:16.822Z</time>
      </trkpt>
      <trkpt lat="45.98393" lon="13.6703">
        <ele>517.71125</ele>
        <time>1999-12-30T15:28:03.082Z</time>
      </trkpt>
      <trkpt lat="45.98392" lon="13.6702">
        <ele>514.48943</ele>
        <time>1999-12-30T15:28:19.519Z</time>
      </trkpt>
      <trkpt lat="45.98386" lon="13.67012">
        <ele>511.8592</ele>
        <time>1999-12-30T15:28:32.801Z</time>
      </trkpt>
      <trkpt lat="45.98379" lon="13.67001">
        <ele>507.64702</ele>
        <time>1999-12-30T15:28:53.750Z</time>
      </trkpt>
      <trkpt lat="45.98375" lon="13.66996">
        <ele>505.27786</ele>
        <time>1999-12-30T15:29:05.831Z</time>
      </trkpt>
      <trkpt lat="45.98366" lon="13.66991">
        <ele>501.67154</ele>
        <time>1999-12-30T15:29:23.666Z</time>
      </trkpt>
      <trkpt lat="45.9836" lon="13.66993">
        <ele>500.96767</ele>
        <time>1999-12-30T15:29:29.629Z</time>
      </trkpt>
      <trkpt lat="45.98358" lon="13.66985">
        <ele>497.21818</ele>
        <time>1999-12-30T15:29:46.679Z</time>
      </trkpt>
      <trkpt lat="45.98362" lon="13.6696">
        <ele>488.69486</ele>
        <time>1999-12-30T15:30:30.314Z</time>
      </trkpt>
      <trkpt lat="45.9836" lon="13.66946">
        <ele>483.39662</ele>
        <time>1999-12-30T15:30:57.221Z</time>
      </trkpt>
      <trkpt lat="45.98352" lon="13.66949">
        <ele>482.95714</ele>
        <time>1999-12-30T15:31:04.604Z</time>
      </trkpt>
      <trkpt lat="45.98342" lon="13.66947">
        <ele>479.73552</ele>
        <time>1999-12-30T15:31:20.903Z</time>
      </trkpt>
      <trkpt lat="45.98333" lon="13.66944">
        <ele>475.72667</ele>
        <time>1999-12-30T15:31:41.155Z</time>
      </trkpt>
      <trkpt lat="45.98317" lon="13.66946">
        <ele>469.39744</ele>
        <time>1999-12-30T15:32:12.514Z</time>
      </trkpt>
      <trkpt lat="45.98309" lon="13.66953">
        <ele>468.01066</ele>
        <time>1999-12-30T15:32:22.676Z</time>
      </trkpt>
      <trkpt lat="45.98306" lon="13.66948">
        <ele>464.57999</ele>
        <time>1999-12-30T15:32:36.538Z</time>
      </trkpt>
      <trkpt lat="45.98309" lon="13.66917">
        <ele>453.67681</ele>
        <time>1999-12-30T15:33:32.816Z</time>
      </trkpt>
      <trkpt lat="45.98314" lon="13.66902">
        <ele>451.00396</ele>
        <time>1999-12-30T15:33:48.295Z</time>
      </trkpt>
      <trkpt lat="45.98313" lon="13.66891">
        <ele>447.45278</ele>
        <time>1999-12-30T15:34:06.416Z</time>
      </trkpt>
      <trkpt lat="45.98313" lon="13.66884">
        <ele>445.97903</ele>
        <time>1999-12-30T15:34:13.984Z</time>
      </trkpt>
      <trkpt lat="45.98317" lon="13.66879">
        <ele>446.78329</ele>
        <time>1999-12-30T15:34:22.813Z</time>
      </trkpt>
      <trkpt lat="45.9833" lon="13.66844">
        <ele>442.49486</ele>
        <time>1999-12-30T15:34:53.499Z</time>
      </trkpt>
      <trkpt lat="45.98334" lon="13.66837">
        <ele>441.38118</ele>
        <time>1999-12-30T15:35:00.951Z</time>
      </trkpt>
      <trkpt lat="45.98338" lon="13.66825">
        <ele>438.05234</ele>
        <time>1999-12-30T15:35:17.444Z</time>
      </trkpt>
      <trkpt lat="45.98339" lon="13.66811">
        <ele>432.64993</ele>
        <time>1999-12-30T15:35:44.687Z</time>
      </trkpt>
      <trkpt lat="45.98334" lon="13.66796">
        <ele>425.05686</ele>
        <time>1999-12-30T15:36:18.340Z</time>
      </trkpt>
      <trkpt lat="45.98336" lon="13.66788">
        <ele>422.04646</ele>
        <time>1999-12-30T15:36:33.806Z</time>
      </trkpt>
      <trkpt lat="45.98339" lon="13.66783">
        <ele>420.72575</ele>
        <time>1999-12-30T15:36:40.711Z</time>
      </trkpt>
      <trkpt lat="45.98338" lon="13.66775">
        <ele>417.23714</ele>
        <time>1999-12-30T15:36:56.906Z</time>
      </trkpt>
      <trkpt lat="45.98327" lon="13.66767">
        <ele>411.42722</ele>
        <time>1999-12-30T15:37:26.603Z</time>
      </trkpt>
      <trkpt lat="45.98318" lon="13.66762">
        <ele>407.5324</ele>
        <time>1999-12-30T15:37:45.954Z</time>
      </trkpt>
      <trkpt lat="45.98313" lon="13.6676">
        <ele>405.56719</ele>
        <time>1999-12-30T15:37:55.672Z</time>
      </trkpt>
      <trkpt lat="45.98311" lon="13.66751">
        <ele>401.9347</ele>
        <time>1999-12-30T15:38:13.985Z</time>
      </trkpt>
      <trkpt lat="45.98305" lon="13.66745">
        <ele>398.00988</ele>
        <time>1999-12-30T15:38:33.887Z</time>
      </trkpt>
      <trkpt lat="45.98308" lon="13.6674">
        <ele>396.96</ele>
        <time>1999-12-30T15:38:40.004Z</time>
      </trkpt>
      <trkpt lat="45.98311" lon="13.66733">
        <ele>394.94021</ele>
        <time>1999-12-30T15:38:50.029Z</time>
      </trkpt>
      <trkpt lat="45.98304" lon="13.66725">
        <ele>389.80305</ele>
        <time>1999-12-30T15:39:15.251Z</time>
      </trkpt>
      <trkpt lat="45.98315" lon="13.66715">
        <ele>388.02662</ele>
        <time>1999-12-30T15:39:28.848Z</time>
      </trkpt>
      <trkpt lat="45.98336" lon="13.66681">
        <ele>378.24917</ele>
        <time>1999-12-30T15:40:18.742Z</time>
      </trkpt>
      <trkpt lat="45.98338" lon="13.6668">
        <ele>378.45359</ele>
        <time>1999-12-30T15:40:21.530Z</time>
      </trkpt>
      <trkpt lat="45.98343" lon="13.6667">
        <ele>376.0652</ele>
        <time>1999-12-30T15:40:34.167Z</time>
      </trkpt>
      <trkpt lat="45.98349" lon="13.66654">
        <ele>371.35074</ele>
        <time>1999-12-30T15:40:57.483Z</time>
      </trkpt>
      <trkpt lat="45.9835" lon="13.66645">
        <ele>367.93041</ele>
        <time>1999-12-30T15:41:14.807Z</time>
      </trkpt>
      <trkpt lat="45.98343" lon="13.6664">
        <ele>364.53513</ele>
        <time>1999-12-30T15:41:31.967Z</time>
      </trkpt>
      <trkpt lat="45.98339" lon="13.66636">
        <ele>362.11512</ele>
        <time>1999-12-30T15:41:44.438Z</time>
      </trkpt>
      <trkpt lat="45.98329" lon="13.66628">
        <ele>356.75112</ele>
        <time>1999-12-30T15:42:11.842Z</time>
      </trkpt>
      <trkpt lat="45.98325" lon="13.66618">
        <ele>352.00302</ele>
        <time>1999-12-30T15:42:34.612Z</time>
      </trkpt>
      <trkpt lat="45.98319" lon="13.66616">
        <ele>349.87507</ele>
        <time>1999-12-30T15:42:45.205Z</time>
      </trkpt>
      <trkpt lat="45.9831" lon="13.66615">
        <ele>347.35717</ele>
        <time>1999-12-30T15:42:58.528Z</time>
      </trkpt>
      <trkpt lat="45.98311" lon="13.66608">
        <ele>345.22489</ele>
        <time>1999-12-30T15:43:09.265Z</time>
      </trkpt>
      <trkpt lat="45.98325" lon="13.66586">
        <ele>340.31056</ele>
        <time>1999-12-30T15:43:37.340Z</time>
      </trkpt>
      <trkpt lat="45.98329" lon="13.66581">
        <ele>339.29745</ele>
        <time>1999-12-30T15:43:43.816Z</time>
      </trkpt>
      <trkpt lat="45.98332" lon="13.66576">
        <ele>338.14809</ele>
        <time>1999-12-30T15:43:50.200Z</time>
      </trkpt>
      <trkpt lat="45.98336" lon="13.66572">
        <ele>337.78004</ele>
        <time>1999-12-30T15:43:54.607Z</time>
      </trkpt>
      <trkpt lat="45.98341" lon="13.66562">
        <ele>336.4109</ele>
        <time>1999-12-30T15:44:04.279Z</time>
      </trkpt>
      <trkpt lat="45.98346" lon="13.66556">
        <ele>336.97044</ele>
        <time>1999-12-30T15:44:12.520Z</time>
      </trkpt>
      <trkpt lat="45.98351" lon="13.66546">
        <ele>337.01556</ele>
        <time>1999-12-30T15:44:20.828Z</time>
      </trkpt>
      <trkpt lat="45.98356" lon="13.66539">
        <ele>337.46286</ele>
        <time>1999-12-30T15:44:29.008Z</time>
      </trkpt>
      <trkpt lat="45.98373" lon="13.66519">
        <ele>338.57526</ele>
        <time>1999-12-30T15:44:53.640Z</time>
      </trkpt>
      <trkpt lat="45.98374" lon="13.66511">
        <ele>337.90362</ele>
        <time>1999-12-30T15:44:59.195Z</time>
      </trkpt>
      <trkpt lat="45.98374" lon="13.66504">
        <ele>337.1393</ele>
        <time>1999-12-30T15:45:04.638Z</time>
      </trkpt>
      <trkpt lat="45.98373" lon="13.66494">
        <ele>335.7885</ele>
        <time>1999-12-30T15:45:13.242Z</time>
      </trkpt>
      <trkpt lat="45.98373" lon="13.66484">
        <ele>334.51484</ele>
        <time>1999-12-30T15:45:21.584Z</time>
      </trkpt>
      <trkpt lat="45.98375" lon="13.66463">
        <ele>331.64037</ele>
        <time>1999-12-30T15:45:39.750Z</time>
      </trkpt>
      <trkpt lat="45.98379" lon="13.66447">
        <ele>329.57474</ele>
        <time>1999-12-30T15:45:53.670Z</time>
      </trkpt>
      <trkpt lat="45.98384" lon="13.66437">
        <ele>329.2376</ele>
        <time>1999-12-30T15:46:01.383Z</time>
      </trkpt>
      <trkpt lat="45.98389" lon="13.6642">
        <ele>328.52422</ele>
        <time>1999-12-30T15:46:12.821Z</time>
      </trkpt>
      <trkpt lat="45.98393" lon="13.66411">
        <ele>328.06967</ele>
        <time>1999-12-30T15:46:19.467Z</time>
      </trkpt>
      <trkpt lat="45.98398" lon="13.66402">
        <ele>327.70023</ele>
        <time>1999-12-30T15:46:26.650Z</time>
      </trkpt>
      <trkpt lat="45.98405" lon="13.66385">
        <ele>326.88551</ele>
        <time>1999-12-30T15:46:38.926Z</time>
      </trkpt>
      <trkpt lat="45.98423" lon="13.66349">
        <ele>324.90563</ele>
        <time>1999-12-30T15:47:06.576Z</time>
      </trkpt>
      <trkpt lat="45.98428" lon="13.66335">
        <ele>323.17383</ele>
        <time>1999-12-30T15:47:18.865Z</time>
      </trkpt>
      <trkpt lat="45.98433" lon="13.66326">
        <ele>322.4031</ele>
        <time>1999-12-30T15:47:26.294Z</time>
      </trkpt>
      <trkpt lat="45.9844" lon="13.66317">
        <ele>321.79668</ele>
        <time>1999-12-30T15:47:34.718Z</time>
      </trkpt>
      <trkpt lat="45.98451" lon="13.66298">
        <ele>319.9614</ele>
        <time>1999-12-30T15:47:51.029Z</time>
      </trkpt>
      <trkpt lat="45.98456" lon="13.66292">
        <ele>320.07514</ele>
        <time>1999-12-30T15:47:57.612Z</time>
      </trkpt>
      <trkpt lat="45.98461" lon="13.66288">
        <ele>320.79361</ele>
        <time>1999-12-30T15:48:06.079Z</time>
      </trkpt>
      <trkpt lat="45.98468" lon="13.66281">
        <ele>321.4102</ele>
        <time>1999-12-30T15:48:16.359Z</time>
      </trkpt>
      <trkpt lat="45.98478" lon="13.66277">
        <ele>323.79687</ele>
        <time>1999-12-30T15:48:42.368Z</time>
      </trkpt>
      <trkpt lat="45.98491" lon="13.66275">
        <ele>327.7601</ele>
        <time>1999-12-30T15:49:27.200Z</time>
      </trkpt>
      <trkpt lat="45.98502" lon="13.66272">
        <ele>330.47847</ele>
        <time>1999-12-30T15:49:57.479Z</time>
      </trkpt>
      <trkpt lat="45.98507" lon="13.66272">
        <ele>331.80193</ele>
        <time>1999-12-30T15:50:12.401Z</time>
      </trkpt>
      <trkpt lat="45.98509" lon="13.6627">
        <ele>331.92045</ele>
        <time>1999-12-30T15:50:15.116Z</time>
      </trkpt>
      <trkpt lat="45.98514" lon="13.66268">
        <ele>332.77045</ele>
        <time>1999-12-30T15:50:24.292Z</time>
      </trkpt>
      <trkpt lat="45.98518" lon="13.66264">
        <ele>332.9977</ele>
        <time>1999-12-30T15:50:29.686Z</time>
      </trkpt>
      <trkpt lat="45.98527" lon="13.66253">
        <ele>333.32632</ele>
        <time>1999-12-30T15:50:42.027Z</time>
      </trkpt>
      <trkpt lat="45.98532" lon="13.66245">
        <ele>333.38004</ele>
        <time>1999-12-30T15:50:49.329Z</time>
      </trkpt>
      <trkpt lat="45.98537" lon="13.66235">
        <ele>333.22424</ele>
        <time>1999-12-30T15:50:57.193Z</time>
      </trkpt>
      <trkpt lat="45.98534" lon="13.66229">
        <ele>331.01189</ele>
        <time>1999-12-30T15:51:08.343Z</time>
      </trkpt>
      <trkpt lat="45.98535" lon="13.66222">
        <ele>329.42657</ele>
        <time>1999-12-30T15:51:16.363Z</time>
      </trkpt>
      <trkpt lat="45.98549" lon="13.66208">
        <ele>327.01136</ele>
        <time>1999-12-30T15:51:34.477Z</time>
      </trkpt>
      <trkpt lat="45.98554" lon="13.66205">
        <ele>326.40281</ele>
        <time>1999-12-30T15:51:39.688Z</time>
      </trkpt>
      <trkpt lat="45.98567" lon="13.662">
        <ele>326.44119</ele>
        <time>1999-12-30T15:51:52.643Z</time>
      </trkpt>
      <trkpt lat="45.98587" lon="13.66202">
        <ele>332.13306</ele>
        <time>1999-12-30T15:52:57.439Z</time>
      </trkpt>
      <trkpt lat="45.98606" lon="13.66201">
        <ele>337.6539</ele>
        <time>1999-12-30T15:54:00.101Z</time>
      </trkpt>
      <trkpt lat="45.98613" lon="13.662">
        <ele>338.78532</ele>
        <time>1999-12-30T15:54:12.355Z</time>
      </trkpt>
      <trkpt lat="45.98632" lon="13.66203">
        <ele>341.69996</ele>
        <time>1999-12-30T15:54:44.314Z</time>
      </trkpt>
      <trkpt lat="45.98639" lon="13.66203">
        <ele>342.60701</ele>
        <time>1999-12-30T15:54:54.854Z</time>
      </trkpt>
      <trkpt lat="45.9865" lon="13.66201">
        <ele>344.59407</ele>
        <time>1999-12-30T15:55:16.128Z</time>
      </trkpt>
      <trkpt lat="45.98659" lon="13.66198">
        <ele>346.30446</ele>
        <time>1999-12-30T15:55:34.452Z</time>
      </trkpt>
      <trkpt lat="45.98664" lon="13.66198">
        <ele>347.58951</ele>
        <time>1999-12-30T15:55:48.875Z</time>
      </trkpt>
      <trkpt lat="45.9867" lon="13.66194">
        <ele>347.35833</ele>
        <time>1999-12-30T15:55:54.850Z</time>
      </trkpt>
      <trkpt lat="45.98692" lon="13.66185">
        <ele>346.12209</ele>
        <time>1999-12-30T15:56:15.264Z</time>
      </trkpt>
      <trkpt lat="45.98707" lon="13.66183">
        <ele>349.46912</ele>
        <time>1999-12-30T15:56:51.406Z</time>
      </trkpt>
      <trkpt lat="45.98717" lon="13.66176">
        <ele>351.58525</ele>
        <time>1999-12-30T15:57:14.101Z</time>
      </trkpt>
      <trkpt lat="45.98726" lon="13.66177">
        <ele>354.63309</ele>
        <time>1999-12-30T15:57:48.521Z</time>
      </trkpt>
      <trkpt lat="45.9873" lon="13.66169">
        <ele>355.07343</ele>
        <time>1999-12-30T15:57:56.556Z</time>
      </trkpt>
      <trkpt lat="45.98735" lon="13.66161">
        <ele>355.98947</ele>
        <time>1999-12-30T15:58:07.479Z</time>
      </trkpt>
      <trkpt lat="45.9874" lon="13.6614">
        <ele>355.53808</ele>
        <time>1999-12-30T15:58:21.467Z</time>
      </trkpt>
      <trkpt lat="45.98741" lon="13.66134">
        <ele>355.36118</ele>
        <time>1999-12-30T15:58:25.325Z</time>
      </trkpt>
      <trkpt lat="45.98744" lon="13.66124">
        <ele>355.91488</ele>
        <time>1999-12-30T15:58:34.479Z</time>
      </trkpt>
      <trkpt lat="45.987502" lon="13.661192">
        <ele>358.86567</ele>
        <time>1999-12-31T13:04:41.828Z</time>
      </trkpt>
      <trkpt lat="45.987546" lon="13.661308">
        <ele>361.40533</ele>
        <time>1999-12-31T13:04:50.587Z</time>
      </trkpt>
      <trkpt lat="45.987592" lon="13.661418">
        <ele>363.10434</ele>
        <time>1999-12-31T13:04:59.096Z</time>
      </trkpt>
      <trkpt lat="45.987642" lon="13.661501">
        <ele>364.39628</ele>
        <time>1999-12-31T13:05:06.377Z</time>
      </trkpt>
      <trkpt lat="45.987705" lon="13.661586">
        <ele>365.64235</ele>
        <time>1999-12-31T13:05:14.614Z</time>
      </trkpt>
      <trkpt lat="45.987821" lon="13.661636">
        <ele>368.25793</ele>
        <time>1999-12-31T13:05:26.165Z</time>
      </trkpt>
      <trkpt lat="45.98785" lon="13.661532">
        <ele>369.3525</ele>
        <time>1999-12-31T13:05:33.592Z</time>
      </trkpt>
      <trkpt lat="45.987918" lon="13.661434">
        <ele>371.47298</ele>
        <time>1999-12-31T13:05:42.771Z</time>
      </trkpt>
      <trkpt lat="45.98796" lon="13.661238">
        <ele>375.2603</ele>
        <time>1999-12-31T13:05:56.365Z</time>
      </trkpt>
      <trkpt lat="45.987997" lon="13.661134">
        <ele>378.57726</ele>
        <time>1999-12-31T13:06:04.109Z</time>
      </trkpt>
      <trkpt lat="45.988043" lon="13.661129">
        <ele>381.03384</ele>
        <time>1999-12-31T13:06:08.509Z</time>
      </trkpt>
      <trkpt lat="45.988083" lon="13.661188">
        <ele>382.53803</ele>
        <time>1999-12-31T13:06:13.972Z</time>
      </trkpt>
      <trkpt lat="45.988133" lon="13.661219">
        <ele>385.83214</ele>
        <time>1999-12-31T13:06:19.165Z</time>
      </trkpt>
      <trkpt lat="45.988177" lon="13.661216">
        <ele>389.76098</ele>
        <time>1999-12-31T13:06:23.367Z</time>
      </trkpt>
      <trkpt lat="45.988172" lon="13.661157">
        <ele>390.38541</ele>
        <time>1999-12-31T13:06:27.306Z</time>
      </trkpt>
      <trkpt lat="45.988217" lon="13.661133">
        <ele>394.63269</ele>
        <time>1999-12-31T13:06:31.884Z</time>
      </trkpt>
      <trkpt lat="45.988233" lon="13.661067">
        <ele>396.2615</ele>
        <time>1999-12-31T13:06:36.517Z</time>
      </trkpt>
      <trkpt lat="45.988198" lon="13.661024">
        <ele>393.40933</ele>
        <time>1999-12-31T13:06:40.907Z</time>
      </trkpt>
      <trkpt lat="45.988217" lon="13.660963">
        <ele>394.4574</ele>
        <time>1999-12-31T13:06:45.338Z</time>
      </trkpt>
      <trkpt lat="45.988269" lon="13.660992">
        <ele>398.36709</ele>
        <time>1999-12-31T13:06:50.658Z</time>
      </trkpt>
      <trkpt lat="45.988287" lon="13.661047">
        <ele>400.13844</ele>
        <time>1999-12-31T13:06:54.687Z</time>
      </trkpt>
      <trkpt lat="45.988342" lon="13.661098">
        <ele>403.43952</ele>
        <time>1999-12-31T13:07:00.928Z</time>
      </trkpt>
      <trkpt lat="45.988423" lon="13.661125">
        <ele>405.75646</ele>
        <time>1999-12-31T13:07:08.859Z</time>
      </trkpt>
      <trkpt lat="45.988486" lon="13.661217">
        <ele>404.8728</ele>
        <time>1999-12-31T13:07:17.420Z</time>
      </trkpt>
      <trkpt lat="45.988586" lon="13.661258">
        <ele>404.86704</ele>
        <time>1999-12-31T13:07:27.338Z</time>
      </trkpt>
      <trkpt lat="45.988683" lon="13.661387">
        <ele>404.51423</ele>
        <time>1999-12-31T13:07:39.936Z</time>
      </trkpt>
      <trkpt lat="45.988749" lon="13.661402">
        <ele>406.92922</ele>
        <time>1999-12-31T13:07:46.310Z</time>
      </trkpt>
      <trkpt lat="45.988731" lon="13.661329">
        <ele>407.90977</ele>
        <time>1999-12-31T13:07:51.444Z</time>
      </trkpt>
      <trkpt lat="45.988714" lon="13.661284">
        <ele>408.43918</ele>
        <time>1999-12-31T13:07:54.839Z</time>
      </trkpt>
      <trkpt lat="45.988712" lon="13.661231">
        <ele>409.85184</ele>
        <time>1999-12-31T13:07:58.357Z</time>
      </trkpt>
      <trkpt lat="45.988744" lon="13.661175">
        <ele>412.71497</ele>
        <time>1999-12-31T13:08:03.162Z</time>
      </trkpt>
      <trkpt lat="45.9888" lon="13.66118">
        <ele>415.03172</ele>
        <time>1999-12-31T13:08:08.514Z</time>
      </trkpt>
      <trkpt lat="45.988823" lon="13.661228">
        <ele>414.72528</ele>
        <time>1999-12-31T13:08:12.378Z</time>
      </trkpt>
      <trkpt lat="45.988862" lon="13.661232">
        <ele>416.19581</ele>
        <time>1999-12-31T13:08:16.108Z</time>
      </trkpt>
      <trkpt lat="45.988891" lon="13.661156">
        <ele>419.20523</ele>
        <time>1999-12-31T13:08:21.855Z</time>
      </trkpt>
      <trkpt lat="45.98892" lon="13.661105">
        <ele>421.11986</ele>
        <time>1999-12-31T13:08:26.223Z</time>
      </trkpt>
      <trkpt lat="45.988914" lon="13.661108">
        <ele>420.88258</ele>
        <time>1999-12-31T13:08:26.829Z</time>
      </trkpt>
      <trkpt lat="45.988976" lon="13.661062">
        <ele>423.31345</ele>
        <time>1999-12-31T13:08:33.483Z</time>
      </trkpt>
      <trkpt lat="45.98902" lon="13.661019">
        <ele>424.77506</ele>
        <time>1999-12-31T13:08:38.556Z</time>
      </trkpt>
      <trkpt lat="45.989206" lon="13.660638">
        <ele>432.52882</ele>
        <time>1999-12-31T13:09:09.417Z</time>
      </trkpt>
      <trkpt lat="45.989213" lon="13.660531">
        <ele>433.145</ele>
        <time>1999-12-31T13:09:16.540Z</time>
      </trkpt>
      <trkpt lat="45.989249" lon="13.660449">
        <ele>434.42642</ele>
        <time>1999-12-31T13:09:22.969Z</time>
      </trkpt>
      <trkpt lat="45.989303" lon="13.660276">
        <ele>434.73037</ele>
        <time>1999-12-31T13:09:35.539Z</time>
      </trkpt>
      <trkpt lat="45.98942" lon="13.6602">
        <ele>438.40788</ele>
        <time>2000-01-01T02:19:14.895Z</time>
      </trkpt>
      <trkpt lat="45.98955" lon="13.6601">
        <ele>440.92982</ele>
        <time>2000-01-01T02:19:41.965Z</time>
      </trkpt>
      <trkpt lat="45.98968" lon="13.66014">
        <ele>446.35586</ele>
        <time>2000-01-01T02:20:36.821Z</time>
      </trkpt>
      <trkpt lat="45.98983" lon="13.6601">
        <ele>448.88065</ele>
        <time>2000-01-01T02:21:04.033Z</time>
      </trkpt>
      <trkpt lat="45.98998" lon="13.66011">
        <ele>451.4158</ele>
        <time>2000-01-01T02:21:31.283Z</time>
      </trkpt>
      <trkpt lat="45.99005" lon="13.6601">
        <ele>452.22986</ele>
        <time>2000-01-01T02:21:41.274Z</time>
      </trkpt>
      <trkpt lat="45.99023" lon="13.6602">
        <ele>456.37406</ele>
        <time>2000-01-01T02:22:25.757Z</time>
      </trkpt>
      <trkpt lat="45.9903" lon="13.66023">
        <ele>457.47172</ele>
        <time>2000-01-01T02:22:37.841Z</time>
      </trkpt>
      <trkpt lat="45.9904" lon="13.66026">
        <ele>458.70331</ele>
        <time>2000-01-01T02:22:52.642Z</time>
      </trkpt>
      <trkpt lat="45.99055" lon="13.6604">
        <ele>462.40033</ele>
        <time>2000-01-01T02:23:32.188Z</time>
      </trkpt>
      <trkpt lat="45.99056" lon="13.6605">
        <ele>464.23903</ele>
        <time>2000-01-01T02:23:52.881Z</time>
      </trkpt>
      <trkpt lat="45.99066" lon="13.66059">
        <ele>465.64822</ele>
        <time>2000-01-01T02:24:09.893Z</time>
      </trkpt>
      <trkpt lat="45.99077" lon="13.66067">
        <ele>466.44499</ele>
        <time>2000-01-01T02:24:24.371Z</time>
      </trkpt>
      <trkpt lat="45.99085" lon="13.66071">
        <ele>467.27095</ele>
        <time>2000-01-01T02:24:35.565Z</time>
      </trkpt>
      <trkpt lat="45.99102" lon="13.66075">
        <ele>469.91021</ele>
        <time>2000-01-01T02:25:04.468Z</time>
      </trkpt>
      <trkpt lat="45.99111" lon="13.6608">
        <ele>471.44643</ele>
        <time>2000-01-01T02:25:21.140Z</time>
      </trkpt>
      <trkpt lat="45.99122" lon="13.66089">
        <ele>471.88963</ele>
        <time>2000-01-01T02:25:34.655Z</time>
      </trkpt>
      <trkpt lat="45.99132" lon="13.66093">
        <ele>471.565</ele>
        <time>2000-01-01T02:25:44.055Z</time>
      </trkpt>
      <trkpt lat="45.99144" lon="13.66095">
        <ele>473.64636</ele>
        <time>2000-01-01T02:26:06.381Z</time>
      </trkpt>
      <trkpt lat="45.99154" lon="13.66093">
        <ele>477.3879</ele>
        <time>2000-01-01T02:26:46.293Z</time>
      </trkpt>
      <trkpt lat="45.99167" lon="13.66094">
        <ele>482.76113</ele>
        <time>2000-01-01T02:27:40.301Z</time>
      </trkpt>
      <trkpt lat="45.99193" lon="13.66089">
        <ele>487.82914</ele>
        <time>2000-01-01T02:28:34.578Z</time>
      </trkpt>
      <trkpt lat="45.99211" lon="13.66077">
        <ele>486.95392</ele>
        <time>2000-01-01T02:28:52.396Z</time>
      </trkpt>
      <trkpt lat="45.99219" lon="13.66075">
        <ele>487.38379</ele>
        <time>2000-01-01T02:29:01.572Z</time>
      </trkpt>
      <trkpt lat="45.99226" lon="13.66068">
        <ele>487.85053</ele>
        <time>2000-01-01T02:29:11.261Z</time>
      </trkpt>
      <trkpt lat="45.99275" lon="13.66026">
        <ele>494.678</ele>
        <time>2000-01-01T02:30:33.605Z</time>
      </trkpt>
      <trkpt lat="45.99282" lon="13.66017">
        <ele>493.78396</ele>
        <time>2000-01-01T02:30:42.295Z</time>
      </trkpt>
      <trkpt lat="45.99308" lon="13.6599">
        <ele>494.44168</ele>
        <time>2000-01-01T02:31:15.055Z</time>
      </trkpt>
      <trkpt lat="45.99315" lon="13.65986">
        <ele>495.51983</ele>
        <time>2000-01-01T02:31:27.106Z</time>
      </trkpt>
      <trkpt lat="45.99336" lon="13.65978">
        <ele>499.0826</ele>
        <time>2000-01-01T02:32:05.560Z</time>
      </trkpt>
      <trkpt lat="45.99342" lon="13.65977">
        <ele>500.57673</ele>
        <time>2000-01-01T02:32:22.280Z</time>
      </trkpt>
      <trkpt lat="45.99347" lon="13.65975">
        <ele>501.6139</ele>
        <time>2000-01-01T02:32:33.369Z</time>
      </trkpt>
      <trkpt lat="45.99355" lon="13.65973">
        <ele>503.82243</ele>
        <time>2000-01-01T02:32:58.423Z</time>
      </trkpt>
      <trkpt lat="45.99367" lon="13.65967">
        <ele>507.56897</ele>
        <time>2000-01-01T02:33:40.879Z</time>
      </trkpt>
      <trkpt lat="45.99377" lon="13.65963">
        <ele>511.86859</ele>
        <time>2000-01-01T02:34:24.014Z</time>
      </trkpt>
      <trkpt lat="45.99384" lon="13.65955">
        <ele>513.90253</ele>
        <time>2000-01-01T02:34:46.109Z</time>
      </trkpt>
      <trkpt lat="45.9939" lon="13.65946">
        <ele>514.88998</ele>
        <time>2000-01-01T02:34:58.328Z</time>
      </trkpt>
      <trkpt lat="45.99397" lon="13.65937">
        <ele>515.96392</ele>
        <time>2000-01-01T02:35:11.587Z</time>
      </trkpt>
      <trkpt lat="45.99404" lon="13.65932">
        <ele>517.99601</ele>
        <time>2000-01-01T02:35:34.430Z</time>
      </trkpt>
      <trkpt lat="45.9941" lon="13.65925">
        <ele>519.04104</ele>
        <time>2000-01-01T02:35:46.356Z</time>
      </trkpt>
      <trkpt lat="45.99427" lon="13.65912">
        <ele>523.32937</ele>
        <time>2000-01-01T02:36:32.689Z</time>
      </trkpt>
      <trkpt lat="45.99445" lon="13.65909">
        <ele>530.749</ele>
        <time>2000-01-01T02:37:47.574Z</time>
      </trkpt>
      <trkpt lat="45.9946" lon="13.65905">
        <ele>537.70522</ele>
        <time>2000-01-01T02:38:53.587Z</time>
      </trkpt>
      <trkpt lat="45.99465" lon="13.65905">
        <ele>540.2487</ele>
        <time>2000-01-01T02:39:15.600Z</time>
      </trkpt>
      <trkpt lat="45.99473" lon="13.65912">
        <ele>545.4757</ele>
        <time>2000-01-01T02:39:57.540Z</time>
      </trkpt>
      <trkpt lat="45.99475" lon="13.65912">
        <ele>546.36161</ele>
        <time>2000-01-01T02:40:06.141Z</time>
      </trkpt>
      <trkpt lat="45.99478" lon="13.6591">
        <ele>547.26477</ele>
        <time>2000-01-01T02:40:16.399Z</time>
      </trkpt>
      <trkpt lat="45.99501" lon="13.65923">
        <ele>558.69625</ele>
        <time>2000-01-01T02:42:03.548Z</time>
      </trkpt>
      <trkpt lat="45.99528" lon="13.65937">
        <ele>573.17216</ele>
        <time>2000-01-01T02:44:09.712Z</time>
      </trkpt>
      <trkpt lat="45.99538" lon="13.65943">
        <ele>579.55705</ele>
        <time>2000-01-01T02:44:58.799Z</time>
      </trkpt>
      <trkpt lat="45.99549" lon="13.65955">
        <ele>588.34065</ele>
        <time>2000-01-01T02:46:02.461Z</time>
      </trkpt>
      <trkpt lat="45.99554" lon="13.65962">
        <ele>592.97523</ele>
        <time>2000-01-01T02:46:34.988Z</time>
      </trkpt>
      <trkpt lat="45.99574" lon="13.65985">
        <ele>608.65014</ele>
        <time>2000-01-01T02:48:31.978Z</time>
      </trkpt>
      <trkpt lat="45.99584" lon="13.65995">
        <ele>615.30953</ele>
        <time>2000-01-01T02:49:26.302Z</time>
      </trkpt>
      <trkpt lat="45.99606" lon="13.66023">
        <ele>620.4406</ele>
        <time>2000-01-01T02:50:21.287Z</time>
      </trkpt>
      <trkpt lat="45.99622" lon="13.6604">
        <ele>617.02591</ele>
        <time>2000-01-01T02:50:44.555Z</time>
      </trkpt>
      <trkpt lat="45.99628" lon="13.66048">
        <ele>613.72193</ele>
        <time>2000-01-01T02:51:00.972Z</time>
      </trkpt>
      <trkpt lat="45.99634" lon="13.66053">
        <ele>610.48087</ele>
        <time>2000-01-01T02:51:17.526Z</time>
      </trkpt>
      <trkpt lat="45.99652" lon="13.66075">
        <ele>595.01621</ele>
        <time>2000-01-01T02:52:26.215Z</time>
      </trkpt>
      <trkpt lat="45.9965" lon="13.66078">
        <ele>594.99117</ele>
        <time>2000-01-01T02:52:28.921Z</time>
      </trkpt>
      <trkpt lat="45.99644" lon="13.66076">
        <ele>599.05139</ele>
        <time>2000-01-01T02:52:57.583Z</time>
      </trkpt>
      <trkpt lat="45.99641" lon="13.66076">
        <ele>600.57905</ele>
        <time>2000-01-01T02:53:10.793Z</time>
      </trkpt>
      <trkpt lat="45.99634" lon="13.66082">
        <ele>601.81464</ele>
        <time>2000-01-01T02:53:24.361Z</time>
      </trkpt>
      <trkpt lat="45.99621" lon="13.66089">
        <ele>605.66425</ele>
        <time>2000-01-01T02:54:08.280Z</time>
      </trkpt>
      <trkpt lat="45.99614" lon="13.66092">
        <ele>608.12156</ele>
        <time>2000-01-01T02:54:36.094Z</time>
      </trkpt>
      <trkpt lat="45.99604" lon="13.66098">
        <ele>611.08504</ele>
        <time>2000-01-01T02:55:09.764Z</time>
      </trkpt>
      <trkpt lat="45.99591" lon="13.66113">
        <ele>613.4033</ele>
        <time>2000-01-01T02:55:35.938Z</time>
      </trkpt>
      <trkpt lat="45.99581" lon="13.6613">
        <ele>613.8052</ele>
        <time>2000-01-01T02:55:52.023Z</time>
      </trkpt>
      <trkpt lat="45.99566" lon="13.66152">
        <ele>613.13864</ele>
        <time>2000-01-01T02:56:11.421Z</time>
      </trkpt>
      <trkpt lat="45.99563" lon="13.66162">
        <ele>611.11938</ele>
        <time>2000-01-01T02:56:22.308Z</time>
      </trkpt>
      <trkpt lat="45.99558" lon="13.6617">
        <ele>610.59176</ele>
        <time>2000-01-01T02:56:29.046Z</time>
      </trkpt>
      <trkpt lat="45.99546" lon="13.66178">
        <ele>612.30627</ele>
        <time>2000-01-01T02:56:48.964Z</time>
      </trkpt>
      <trkpt lat="45.9954" lon="13.66175">
        <ele>613.99724</ele>
        <time>2000-01-01T02:57:08.051Z</time>
      </trkpt>
      <trkpt lat="45.9954" lon="13.6617">
        <ele>614.80341</ele>
        <time>2000-01-01T02:57:16.863Z</time>
      </trkpt>
      <trkpt lat="45.99534" lon="13.66166">
        <ele>616.34133</ele>
        <time>2000-01-01T02:57:33.686Z</time>
      </trkpt>
      <trkpt lat="45.99531" lon="13.66157">
        <ele>617.82324</ele>
        <time>2000-01-01T02:57:49.582Z</time>
      </trkpt>
      <trkpt lat="45.99525" lon="13.66158">
        <ele>618.10098</ele>
        <time>2000-01-01T02:57:56.257Z</time>
      </trkpt>
      <trkpt lat="45.99521" lon="13.66149">
        <ele>618.45622</ele>
        <time>2000-01-01T02:58:04.509Z</time>
      </trkpt>
      <trkpt lat="45.99524" lon="13.66144">
        <ele>618.67993</ele>
        <time>2000-01-01T02:58:09.626Z</time>
      </trkpt>
      <trkpt lat="45.99527" lon="13.66141">
        <ele>618.916</ele>
        <time>2000-01-01T02:58:13.917Z</time>
      </trkpt>
      <trkpt lat="45.99534" lon="13.6613">
        <ele>619.47988</ele>
        <time>2000-01-01T02:58:25.684Z</time>
      </trkpt>
      <trkpt lat="45.9957" lon="13.66078">
        <ele>619.16575</ele>
        <time>2000-01-01T02:59:13.707Z</time>
      </trkpt>
      <trkpt lat="45.99576" lon="13.66069">
        <ele>618.82124</ele>
        <time>2000-01-01T02:59:21.512Z</time>
      </trkpt>
      <trkpt lat="45.99581" lon="13.6606">
        <ele>618.90374</ele>
        <time>2000-01-01T02:59:29.412Z</time>
      </trkpt>
      <trkpt lat="45.99591" lon="13.66046">
        <ele>619.18352</ele>
        <time>2000-01-01T02:59:43.644Z</time>
      </trkpt>
      <trkpt lat="45.99597" lon="13.66036">
        <ele>619.47479</ele>
        <time>2000-01-01T02:59:53.351Z</time>
      </trkpt>
      <trkpt lat="45.99601" lon="13.66031">
        <ele>619.76435</ele>
        <time>2000-01-01T02:59:59.371Z</time>
      </trkpt>
      <trkpt lat="45.99628" lon="13.65987">
        <ele>623.35724</ele>
        <time>2000-01-01T03:00:51.406Z</time>
      </trkpt>
      <trkpt lat="45.99632" lon="13.65982">
        <ele>624.00565</ele>
        <time>2000-01-01T03:00:59.141Z</time>
      </trkpt>
      <trkpt lat="45.9965" lon="13.65953">
        <ele>624.39101</ele>
        <time>2000-01-01T03:01:26.160Z</time>
      </trkpt>
      <trkpt lat="45.99673" lon="13.65919">
        <ele>627.75874</ele>
        <time>2000-01-01T03:02:10.516Z</time>
      </trkpt>
      <trkpt lat="45.99677" lon="13.65911">
        <ele>628.42738</ele>
        <time>2000-01-01T03:02:19.570Z</time>
      </trkpt>
      <trkpt lat="45.99685" lon="13.65899">
        <ele>630.299</ele>
        <time>2000-01-01T03:02:39.815Z</time>
      </trkpt>
      <trkpt lat="45.997" lon="13.65872">
        <ele>631.99508</ele>
        <time>2000-01-01T03:03:08.609Z</time>
      </trkpt>
      <trkpt lat="45.99706" lon="13.6586">
        <ele>632.25197</ele>
        <time>2000-01-01T03:03:19.254Z</time>
      </trkpt>
      <trkpt lat="45.99709" lon="13.65852">
        <ele>632.71502</ele>
        <time>2000-01-01T03:03:26.897Z</time>
      </trkpt>
      <trkpt lat="45.99726" lon="13.65819">
        <ele>634.65904</ele>
        <time>2000-01-01T03:04:00.821Z</time>
      </trkpt>
      <trkpt lat="45.99736" lon="13.65796">
        <ele>638.09503</ele>
        <time>2000-01-01T03:04:37.610Z</time>
      </trkpt>
      <trkpt lat="45.99743" lon="13.65783">
        <ele>641.51743</ele>
        <time>2000-01-01T03:05:16.348Z</time>
      </trkpt>
      <trkpt lat="45.99755" lon="13.65757">
        <ele>647.75748</ele>
        <time>2000-01-01T03:06:27.251Z</time>
      </trkpt>
      <trkpt lat="45.99777" lon="13.65717">
        <ele>658.29708</ele>
        <time>2000-01-01T03:08:26.607Z</time>
      </trkpt>
      <trkpt lat="45.9978" lon="13.65717">
        <ele>659.45426</ele>
        <time>2000-01-01T03:08:38.671Z</time>
      </trkpt>
      <trkpt lat="45.99791" lon="13.65706">
        <ele>663.40233</ele>
        <time>2000-01-01T03:09:23.413Z</time>
      </trkpt>
      <trkpt lat="45.99797" lon="13.65696">
        <ele>664.41767</ele>
        <time>2000-01-01T03:09:36.182Z</time>
      </trkpt>
      <trkpt lat="45.99805" lon="13.65685">
        <ele>666.35465</ele>
        <time>2000-01-01T03:09:56.936Z</time>
      </trkpt>
      <trkpt lat="45.99806" lon="13.65671">
        <ele>667.10485</ele>
        <time>2000-01-01T03:10:08.910Z</time>
      </trkpt>
      <trkpt lat="45.99812" lon="13.65662">
        <ele>669.31673</ele>
        <time>2000-01-01T03:10:33.717Z</time>
      </trkpt>
      <trkpt lat="45.99827" lon="13.65643">
        <ele>675.91515</ele>
        <time>2000-01-01T03:11:48.636Z</time>
      </trkpt>
      <trkpt lat="45.9984" lon="13.65623">
        <ele>678.69107</ele>
        <time>2000-01-01T03:12:19.470Z</time>
      </trkpt>
      <trkpt lat="45.99845" lon="13.65621">
        <ele>679.67939</ele>
        <time>2000-01-01T03:12:30.069Z</time>
      </trkpt>
      <trkpt lat="45.99864" lon="13.65616">
        <ele>681.26742</ele>
        <time>2000-01-01T03:12:54.191Z</time>
      </trkpt>
      <trkpt lat="45.99878" lon="13.65607">
        <ele>680.42117</ele>
        <time>2000-01-01T03:13:07.867Z</time>
      </trkpt>
      <trkpt lat="45.99893" lon="13.65595">
        <ele>679.11467</ele>
        <time>2000-01-01T03:13:23.399Z</time>
      </trkpt>
      <trkpt lat="45.99899" lon="13.65589">
        <ele>679.16167</ele>
        <time>2000-01-01T03:13:30.516Z</time>
      </trkpt>
      <trkpt lat="45.9991" lon="13.65583">
        <ele>679.26127</ele>
        <time>2000-01-01T03:13:42.053Z</time>
      </trkpt>
      <trkpt lat="45.99925" lon="13.65578">
        <ele>676.75586</ele>
        <time>2000-01-01T03:13:59.618Z</time>
      </trkpt>
      <trkpt lat="45.99936" lon="13.65565">
        <ele>675.89465</ele>
        <time>2000-01-01T03:14:12.353Z</time>
      </trkpt>
      <trkpt lat="45.99945" lon="13.65547">
        <ele>678.10228</ele>
        <time>2000-01-01T03:14:37.019Z</time>
      </trkpt>
      <trkpt lat="45.9995" lon="13.65535">
        <ele>679.70397</ele>
        <time>2000-01-01T03:14:54.294Z</time>
      </trkpt>
      <trkpt lat="45.99955" lon="13.65527">
        <ele>679.95988</ele>
        <time>2000-01-01T03:15:02.259Z</time>
      </trkpt>
      <trkpt lat="45.99973" lon="13.65489">
        <ele>679.31261</ele>
        <time>2000-01-01T03:15:31.488Z</time>
      </trkpt>
      <trkpt lat="45.99979" lon="13.65479">
        <ele>677.91363</ele>
        <time>2000-01-01T03:15:41.595Z</time>
      </trkpt>
      <trkpt lat="45.99988" lon="13.65467">
        <ele>675.11667</ele>
        <time>2000-01-01T03:15:57.918Z</time>
      </trkpt>
      <trkpt lat="45.99996" lon="13.65457">
        <ele>672.32056</ele>
        <time>2000-01-01T03:16:13.068Z</time>
      </trkpt>
      <trkpt lat="46.00003" lon="13.65463">
        <ele>671.08466</ele>
        <time>2000-01-01T03:16:22.017Z</time>
      </trkpt>
      <trkpt lat="46.00008" lon="13.65458">
        <ele>669.85682</ele>
        <time>2000-01-01T03:16:29.641Z</time>
      </trkpt>
      <trkpt lat="46.00011" lon="13.65452">
        <ele>669.00154</ele>
        <time>2000-01-01T03:16:35.579Z</time>
      </trkpt>
      <trkpt lat="46.00019" lon="13.65441">
        <ele>666.77618</ele>
        <time>2000-01-01T03:16:49.416Z</time>
      </trkpt>
      <trkpt lat="46.0003" lon="13.65432">
        <ele>663.18709</ele>
        <time>2000-01-01T03:17:08.281Z</time>
      </trkpt>
      <trkpt lat="46.00038" lon="13.65428">
        <ele>659.87394</ele>
        <time>2000-01-01T03:17:24.687Z</time>
      </trkpt>
      <trkpt lat="46.00046" lon="13.65428">
        <ele>656.60408</ele>
        <time>2000-01-01T03:17:40.964Z</time>
      </trkpt>
      <trkpt lat="46.00049" lon="13.65424">
        <ele>655.00164</ele>
        <time>2000-01-01T03:17:48.900Z</time>
      </trkpt>
      <trkpt lat="46.00052" lon="13.65417">
        <ele>653.26532</ele>
        <time>2000-01-01T03:17:57.808Z</time>
      </trkpt>
      <trkpt lat="46.00057" lon="13.65422">
        <ele>651.77234</ele>
        <time>2000-01-01T03:18:06.188Z</time>
      </trkpt>
      <trkpt lat="46.0006" lon="13.65418">
        <ele>650.43463</ele>
        <time>2000-01-01T03:18:12.916Z</time>
      </trkpt>
      <trkpt lat="46.00064" lon="13.65411">
        <ele>648.81335</ele>
        <time>2000-01-01T03:18:21.801Z</time>
      </trkpt>
      <trkpt lat="46.00067" lon="13.65411">
        <ele>647.69958</ele>
        <time>2000-01-01T03:18:27.310Z</time>
      </trkpt>
      <trkpt lat="46.00072" lon="13.65402">
        <ele>646.27681</ele>
        <time>2000-01-01T03:18:36.802Z</time>
      </trkpt>
      <trkpt lat="46.00079" lon="13.65397">
        <ele>644.52405</ele>
        <time>2000-01-01T03:18:47.126Z</time>
      </trkpt>
      <trkpt lat="46.00082" lon="13.65392">
        <ele>644.11948</ele>
        <time>2000-01-01T03:18:51.317Z</time>
      </trkpt>
      <trkpt lat="46.00088" lon="13.65385">
        <ele>643.4457</ele>
        <time>2000-01-01T03:18:58.365Z</time>
      </trkpt>
      <trkpt lat="46.00091" lon="13.65376">
        <ele>643.55741</ele>
        <time>2000-01-01T03:19:05.344Z</time>
      </trkpt>
      <trkpt lat="46.00091" lon="13.65359">
        <ele>643.32355</ele>
        <time>2000-01-01T03:19:16.157Z</time>
      </trkpt>
      <trkpt lat="46.00095" lon="13.6535">
        <ele>641.83136</ele>
        <time>2000-01-01T03:19:25.438Z</time>
      </trkpt>
      <trkpt lat="46.00099" lon="13.65348">
        <ele>641.11619</ele>
        <time>2000-01-01T03:19:30.362Z</time>
      </trkpt>
      <trkpt lat="46.00101" lon="13.65345">
        <ele>640.36731</ele>
        <time>2000-01-01T03:19:34.453Z</time>
      </trkpt>
      <trkpt lat="46.00105" lon="13.65347">
        <ele>640.24918</ele>
        <time>2000-01-01T03:19:38.297Z</time>
      </trkpt>
      <trkpt lat="46.0012" lon="13.65332">
        <ele>635.60515</ele>
        <time>2000-01-01T03:20:03.900Z</time>
      </trkpt>
      <trkpt lat="46.0012" lon="13.65329">
        <ele>635.16466</ele>
        <time>2000-01-01T03:20:06.570Z</time>
      </trkpt>
      <trkpt lat="46.00118" lon="13.65322">
        <ele>634.27601</ele>
        <time>2000-01-01T03:20:12.686Z</time>
      </trkpt>
      <trkpt lat="46.001" lon="13.653">
        <ele>629.33575</ele>
        <time>2000-01-01T03:20:42.787Z</time>
      </trkpt>
      <trkpt lat="46.00093" lon="13.65298">
        <ele>628.52898</ele>
        <time>2000-01-01T03:20:49.668Z</time>
      </trkpt>
      <trkpt lat="46.00084" lon="13.65294">
        <ele>626.406</ele>
        <time>2000-01-01T03:21:02.139Z</time>
      </trkpt>
      <trkpt lat="46.00077" lon="13.65287">
        <ele>622.47833</ele>
        <time>2000-01-01T03:21:22.181Z</time>
      </trkpt>
      <trkpt lat="46.00067" lon="13.65287">
        <ele>621.09962</ele>
        <time>2000-01-01T03:21:32.676Z</time>
      </trkpt>
      <trkpt lat="46.00061" lon="13.6528">
        <ele>617.42373</ele>
        <time>2000-01-01T03:21:51.484Z</time>
      </trkpt>
      <trkpt lat="46.00057" lon="13.65272">
        <ele>613.54453</ele>
        <time>2000-01-01T03:22:10.746Z</time>
      </trkpt>
      <trkpt lat="46.00056" lon="13.65263">
        <ele>609.24331</ele>
        <time>2000-01-01T03:22:29.342Z</time>
      </trkpt>
      <trkpt lat="46.0006" lon="13.6525">
        <ele>603.40827</ele>
        <time>2000-01-01T03:22:57.376Z</time>
      </trkpt>
      <trkpt lat="46.00065" lon="13.65241">
        <ele>599.52282</ele>
        <time>2000-01-01T03:23:17.311Z</time>
      </trkpt>
      <trkpt lat="46.00084" lon="13.65239">
        <ele>600.20114</ele>
        <time>2000-01-01T03:23:37.695Z</time>
      </trkpt>
      <trkpt lat="46.001" lon="13.65224">
        <ele>593.59454</ele>
        <time>2000-01-01T03:24:10.576Z</time>
      </trkpt>
      <trkpt lat="46.00118" lon="13.65211">
        <ele>588.19132</ele>
        <time>2000-01-01T03:24:39.637Z</time>
      </trkpt>
      <trkpt lat="46.00129" lon="13.65202">
        <ele>586.08443</ele>
        <time>2000-01-01T03:24:54.266Z</time>
      </trkpt>
      <trkpt lat="46.0014" lon="13.65196">
        <ele>587.09619</ele>
        <time>2000-01-01T03:25:09.160Z</time>
      </trkpt>
      <trkpt lat="46.00156" lon="13.65181">
        <ele>585.9113</ele>
        <time>2000-01-01T03:25:26.264Z</time>
      </trkpt>
      <trkpt lat="46.00161" lon="13.65182">
        <ele>588.39811</ele>
        <time>2000-01-01T03:25:48.369Z</time>
      </trkpt>
      <trkpt lat="46.00172" lon="13.65172">
        <ele>588.58447</ele>
        <time>2000-01-01T03:26:01.383Z</time>
      </trkpt>
      <trkpt lat="46.00182" lon="13.65156">
        <ele>586.806</ele>
        <time>2000-01-01T03:26:16.089Z</time>
      </trkpt>
      <trkpt lat="46.00199" lon="13.65136">
        <ele>585.75199</ele>
        <time>2000-01-01T03:26:35.760Z</time>
      </trkpt>
      <trkpt lat="46.002" lon="13.65123">
        <ele>581.19227</ele>
        <time>2000-01-01T03:26:59.288Z</time>
      </trkpt>
      <trkpt lat="46.002" lon="13.65112">
        <ele>577.10686</ele>
        <time>2000-01-01T03:27:20.025Z</time>
      </trkpt>
      <trkpt lat="46.00207" lon="13.65105">
        <ele>576.59184</ele>
        <time>2000-01-01T03:27:27.651Z</time>
      </trkpt>
      <trkpt lat="46.00213" lon="13.65096">
        <ele>574.95577</ele>
        <time>2000-01-01T03:27:38.184Z</time>
      </trkpt>
      <trkpt lat="46.00229" lon="13.65079">
        <ele>573.76859</ele>
        <time>2000-01-01T03:27:55.967Z</time>
      </trkpt>
      <trkpt lat="46.00234" lon="13.6507">
        <ele>572.39336</ele>
        <time>2000-01-01T03:28:05.335Z</time>
      </trkpt>
      <trkpt lat="46.00243" lon="13.65065">
        <ele>574.7256</ele>
        <time>2000-01-01T03:28:31.259Z</time>
      </trkpt>
      <trkpt lat="46.00253" lon="13.65058">
        <ele>576.06729</ele>
        <time>2000-01-01T03:28:47.377Z</time>
      </trkpt>
      <trkpt lat="46.00263" lon="13.65046">
        <ele>573.19664</ele>
        <time>2000-01-01T03:29:04.432Z</time>
      </trkpt>
      <trkpt lat="46.00275" lon="13.65033">
        <ele>570.38578</ele>
        <time>2000-01-01T03:29:22.620Z</time>
      </trkpt>
      <trkpt lat="46.0029" lon="13.65011">
        <ele>566.89148</ele>
        <time>2000-01-01T03:29:47.088Z</time>
      </trkpt>
      <trkpt lat="46.00304" lon="13.64994">
        <ele>565.92667</ele>
        <time>2000-01-01T03:30:03.450Z</time>
      </trkpt>
      <trkpt lat="46.00317" lon="13.64975">
        <ele>562.76015</ele>
        <time>2000-01-01T03:30:25.089Z</time>
      </trkpt>
      <trkpt lat="46.00324" lon="13.64967">
        <ele>561.71407</ele>
        <time>2000-01-01T03:30:33.823Z</time>
      </trkpt>
      <trkpt lat="46.00346" lon="13.64937">
        <ele>560.00011</ele>
        <time>2000-01-01T03:31:00.860Z</time>
      </trkpt>
      <trkpt lat="46.00352" lon="13.64928">
        <ele>559.62731</ele>
        <time>2000-01-01T03:31:08.648Z</time>
      </trkpt>
      <trkpt lat="46.00364" lon="13.64903">
        <ele>557.28436</ele>
        <time>2000-01-01T03:31:28.869Z</time>
      </trkpt>
      <trkpt lat="46.00378" lon="13.64869">
        <ele>553.64911</ele>
        <time>2000-01-01T03:31:57.172Z</time>
      </trkpt>
      <trkpt lat="46.00409" lon="13.64828">
        <ele>557.92542</ele>
        <time>2000-01-01T03:32:53.685Z</time>
      </trkpt>
      <trkpt lat="46.00412" lon="13.64819">
        <ele>556.71154</ele>
        <time>2000-01-01T03:33:01.858Z</time>
      </trkpt>
      <trkpt lat="46.00415" lon="13.64806">
        <ele>554.44111</ele>
        <time>2000-01-01T03:33:14.784Z</time>
      </trkpt>
      <trkpt lat="46.00417" lon="13.64791">
        <ele>551.88258</ele>
        <time>2000-01-01T03:33:29.270Z</time>
      </trkpt>
      <trkpt lat="46.00425" lon="13.64774">
        <ele>551.38841</ele>
        <time>2000-01-01T03:33:42.160Z</time>
      </trkpt>
      <trkpt lat="46.00428" lon="13.64764">
        <ele>550.4386</ele>
        <time>2000-01-01T03:33:49.773Z</time>
      </trkpt>
      <trkpt lat="46.00433" lon="13.64752">
        <ele>549.61523</ele>
        <time>2000-01-01T03:33:58.627Z</time>
      </trkpt>
      <trkpt lat="46.0044" lon="13.6474">
        <ele>549.07985</ele>
        <time>2000-01-01T03:34:08.372Z</time>
      </trkpt>
      <trkpt lat="46.00444" lon="13.64728">
        <ele>547.4502</ele>
        <time>2000-01-01T03:34:19.299Z</time>
      </trkpt>
      <trkpt lat="46.00446" lon="13.64716">
        <ele>544.66541</ele>
        <time>2000-01-01T03:34:33.326Z</time>
      </trkpt>
      <trkpt lat="46.00452" lon="13.64704">
        <ele>542.5276</ele>
        <time>2000-01-01T03:34:46.385Z</time>
      </trkpt>
      <trkpt lat="46.00457" lon="13.64688">
        <ele>538.9513</ele>
        <time>2000-01-01T03:35:04.949Z</time>
      </trkpt>
      <trkpt lat="46.00472" lon="13.64656">
        <ele>535.02534</ele>
        <time>2000-01-01T03:35:33.888Z</time>
      </trkpt>
      <trkpt lat="46.00486" lon="13.6464">
        <ele>536.06733</ele>
        <time>2000-01-01T03:35:54.445Z</time>
      </trkpt>
      <trkpt lat="46.00494" lon="13.6463">
        <ele>536.65901</ele>
        <time>2000-01-01T03:36:06.532Z</time>
      </trkpt>
      <trkpt lat="46.005" lon="13.64621">
        <ele>535.62548</ele>
        <time>2000-01-01T03:36:15.064Z</time>
      </trkpt>
      <trkpt lat="46.00507" lon="13.64613">
        <ele>534.61304</ele>
        <time>2000-01-01T03:36:23.688Z</time>
      </trkpt>
      <trkpt lat="46.00521" lon="13.646">
        <ele>533.7744</ele>
        <time>2000-01-01T03:36:38.592Z</time>
      </trkpt>
      <trkpt lat="46.00527" lon="13.64592">
        <ele>532.99803</ele>
        <time>2000-01-01T03:36:46.159Z</time>
      </trkpt>
      <trkpt lat="46.00536" lon="13.64583">
        <ele>532.43563</ele>
        <time>2000-01-01T03:36:55.957Z</time>
      </trkpt>
      <trkpt lat="46.00565" lon="13.64557">
        <ele>531.32931</ele>
        <time>2000-01-01T03:37:26.877Z</time>
      </trkpt>
      <trkpt lat="46.00584" lon="13.6453">
        <ele>527.97321</ele>
        <time>2000-01-01T03:37:53.755Z</time>
      </trkpt>
      <trkpt lat="46.00599" lon="13.64511">
        <ele>526.39572</ele>
        <time>2000-01-01T03:38:11.875Z</time>
      </trkpt>
      <trkpt lat="46.00609" lon="13.64499">
        <ele>525.98068</ele>
        <time>2000-01-01T03:38:23.661Z</time>
      </trkpt>
      <trkpt lat="46.00618" lon="13.6449">
        <ele>526.47483</ele>
        <time>2000-01-01T03:38:35.737Z</time>
      </trkpt>
      <trkpt lat="46.00623" lon="13.64481">
        <ele>525.40918</ele>
        <time>2000-01-01T03:38:44.010Z</time>
      </trkpt>
      <trkpt lat="46.0063" lon="13.64465">
        <ele>522.10179</ele>
        <time>2000-01-01T03:39:02.330Z</time>
      </trkpt>
      <trkpt lat="46.00634" lon="13.64459">
        <ele>521.12942</ele>
        <time>2000-01-01T03:39:09.039Z</time>
      </trkpt>
      <trkpt lat="46.00649" lon="13.6443">
        <ele>513.70321</ele>
        <time>2000-01-01T03:39:47.485Z</time>
      </trkpt>
      <trkpt lat="46.00659" lon="13.64427">
        <ele>514.92984</ele>
        <time>2000-01-01T03:40:02.256Z</time>
      </trkpt>
      <trkpt lat="46.0068" lon="13.64417">
        <ele>515.04503</ele>
        <time>2000-01-01T03:40:23.717Z</time>
      </trkpt>
      <trkpt lat="46.00693" lon="13.64408">
        <ele>513.77326</ele>
        <time>2000-01-01T03:40:36.891Z</time>
      </trkpt>
      <trkpt lat="46.00709" lon="13.64401">
        <ele>513.13151</ele>
        <time>2000-01-01T03:40:51.967Z</time>
      </trkpt>
      <trkpt lat="46.00713" lon="13.64402">
        <ele>513.45326</ele>
        <time>2000-01-01T03:40:56.984Z</time>
      </trkpt>
      <trkpt lat="46.00717" lon="13.64402">
        <ele>513.50139</ele>
        <time>2000-01-01T03:41:00.954Z</time>
      </trkpt>
      <trkpt lat="46.00723" lon="13.64407">
        <ele>514.3896</ele>
        <time>2000-01-01T03:41:11.327Z</time>
      </trkpt>
      <trkpt lat="46.00734" lon="13.644">
        <ele>512.63775</ele>
        <time>2000-01-01T03:41:24.274Z</time>
      </trkpt>
      <trkpt lat="46.00738" lon="13.64401">
        <ele>512.5338</ele>
        <time>2000-01-01T03:41:27.965Z</time>
      </trkpt>
      <trkpt lat="46.0074" lon="13.64403">
        <ele>512.70556</ele>
        <time>2000-01-01T03:41:30.884Z</time>
      </trkpt>
      <trkpt lat="46.00745" lon="13.64404">
        <ele>512.42689</ele>
        <time>2000-01-01T03:41:35.386Z</time>
      </trkpt>
      <trkpt lat="46.00756" lon="13.64391">
        <ele>510.00007</ele>
        <time>2000-01-01T03:41:51.994Z</time>
      </trkpt>
      <trkpt lat="46.00765" lon="13.64386">
        <ele>509.36287</ele>
        <time>2000-01-01T03:42:00.661Z</time>
      </trkpt>
      <trkpt lat="46.00814" lon="13.64354">
        <ele>504.35719</ele>
        <time>2000-01-01T03:42:50.245Z</time>
      </trkpt>
      <trkpt lat="46.0083" lon="13.64345">
        <ele>501.83</ele>
        <time>2000-01-01T03:43:08.827Z</time>
      </trkpt>
      <trkpt lat="46.00837" lon="13.6434">
        <ele>501.22436</ele>
        <time>2000-01-01T03:43:15.906Z</time>
      </trkpt>
      <trkpt lat="46.00849" lon="13.64333">
        <ele>501.08531</ele>
        <time>2000-01-01T03:43:27.983Z</time>
      </trkpt>
      <trkpt lat="46.00854" lon="13.64329">
        <ele>501.19031</ele>
        <time>2000-01-01T03:43:33.784Z</time>
      </trkpt>
      <trkpt lat="46.0086" lon="13.64326">
        <ele>501.26261</ele>
        <time>2000-01-01T03:43:40.074Z</time>
      </trkpt>
      <trkpt lat="46.0087" lon="13.64318">
        <ele>501.13851</ele>
        <time>2000-01-01T03:43:50.742Z</time>
      </trkpt>
      <trkpt lat="46.00875" lon="13.64315">
        <ele>500.86624</ele>
        <time>2000-01-01T03:43:55.588Z</time>
      </trkpt>
      <trkpt lat="46.00883" lon="13.64306">
        <ele>500.26639</ele>
        <time>2000-01-01T03:44:04.663Z</time>
      </trkpt>
      <trkpt lat="46.00887" lon="13.643">
        <ele>500.12654</ele>
        <time>2000-01-01T03:44:09.919Z</time>
      </trkpt>
      <trkpt lat="46.00904" lon="13.6428">
        <ele>501.27233</ele>
        <time>2000-01-01T03:44:34.668Z</time>
      </trkpt>
      <trkpt lat="46.00908" lon="13.64274">
        <ele>501.78201</ele>
        <time>2000-01-01T03:44:42.042Z</time>
      </trkpt>
      <trkpt lat="46.00916" lon="13.64264">
        <ele>502.86718</ele>
        <time>2000-01-01T03:44:56.311Z</time>
      </trkpt>
      <trkpt lat="46.00916" lon="13.64252">
        <ele>503.68413</ele>
        <time>2000-01-01T03:45:07.348Z</time>
      </trkpt>
      <trkpt lat="46.00925" lon="13.64239">
        <ele>507.57645</ele>
        <time>2000-01-01T03:45:51.367Z</time>
      </trkpt>
      <trkpt lat="46.00945" lon="13.64213">
        <ele>516.26692</ele>
        <time>2000-01-01T03:47:29.788Z</time>
      </trkpt>
      <trkpt lat="46.00952" lon="13.64206">
        <ele>518.34179</ele>
        <time>2000-01-01T03:47:52.930Z</time>
      </trkpt>
      <trkpt lat="46.00971" lon="13.64181">
        <ele>523.27161</ele>
        <time>2000-01-01T03:48:45.767Z</time>
      </trkpt>
      <trkpt lat="46.00977" lon="13.64175">
        <ele>524.95051</ele>
        <time>2000-01-01T03:49:04.060Z</time>
      </trkpt>
      <trkpt lat="46.01027" lon="13.64106">
        <ele>534.57902</ele>
        <time>2000-01-01T03:50:52.803Z</time>
      </trkpt>
      <trkpt lat="46.01041" lon="13.64085">
        <ele>541.27975</ele>
        <time>2000-01-01T03:52:08.922Z</time>
      </trkpt>
      <trkpt lat="46.01054" lon="13.64072">
        <ele>546.28325</ele>
        <time>2000-01-01T03:53:05.518Z</time>
      </trkpt>
      <trkpt lat="46.01061" lon="13.64063">
        <ele>548.75801</ele>
        <time>2000-01-01T03:53:33.401Z</time>
      </trkpt>
      <trkpt lat="46.01068" lon="13.64052">
        <ele>550.64053</ele>
        <time>2000-01-01T03:53:53.556Z</time>
      </trkpt>
      <trkpt lat="46.01071" lon="13.64049">
        <ele>551.09128</ele>
        <time>2000-01-01T03:53:58.912Z</time>
      </trkpt>
      <trkpt lat="46.01082" lon="13.64034">
        <ele>551.96176</ele>
        <time>2000-01-01T03:54:16.287Z</time>
      </trkpt>
      <trkpt lat="46.01096" lon="13.64016">
        <ele>556.44111</ele>
        <time>2000-01-01T03:55:05.784Z</time>
      </trkpt>
      <trkpt lat="46.0111" lon="13.64">
        <ele>562.56234</ele>
        <time>2000-01-01T03:56:14.294Z</time>
      </trkpt>
      <trkpt lat="46.0112" lon="13.63979">
        <ele>568.33395</ele>
        <time>2000-01-01T03:57:19.732Z</time>
      </trkpt>
      <trkpt lat="46.01129" lon="13.63956">
        <ele>572.48578</ele>
        <time>2000-01-01T03:58:04.773Z</time>
      </trkpt>
      <trkpt lat="46.01133" lon="13.63958">
        <ele>574.4053</ele>
        <time>2000-01-01T03:58:23.080Z</time>
      </trkpt>
      <trkpt lat="46.01135" lon="13.63971">
        <ele>575.63154</ele>
        <time>2000-01-01T03:58:37.189Z</time>
      </trkpt>
      <trkpt lat="46.0114" lon="13.63972">
        <ele>577.36059</ele>
        <time>2000-01-01T03:58:56.539Z</time>
      </trkpt>
      <trkpt lat="46.01146" lon="13.63963">
        <ele>579.26536</ele>
        <time>2000-01-01T03:59:17.062Z</time>
      </trkpt>
      <trkpt lat="46.01153" lon="13.63955">
        <ele>581.62634</ele>
        <time>2000-01-01T03:59:43.672Z</time>
      </trkpt>
      <trkpt lat="46.01168" lon="13.63933">
        <ele>588.23469</ele>
        <time>2000-01-01T04:00:58.393Z</time>
      </trkpt>
      <trkpt lat="46.01176" lon="13.6392">
        <ele>590.96328</ele>
        <time>2000-01-01T04:01:27.985Z</time>
      </trkpt>
      <trkpt lat="46.01194" lon="13.63886">
        <ele>594.84983</ele>
        <time>2000-01-01T04:02:12.950Z</time>
      </trkpt>
      <trkpt lat="46.012" lon="13.63876">
        <ele>595.74229</ele>
        <time>2000-01-01T04:02:25.067Z</time>
      </trkpt>
      <trkpt lat="46.01204" lon="13.63865">
        <ele>596.40756</ele>
        <time>2000-01-01T04:02:35.644Z</time>
      </trkpt>
      <trkpt lat="46.01258" lon="13.63794">
        <ele>610.13555</ele>
        <time>2000-01-01T04:05:02.857Z</time>
      </trkpt>
      <trkpt lat="46.01275" lon="13.63777">
        <ele>611.82645</ele>
        <time>2000-01-01T04:05:28.657Z</time>
      </trkpt>
      <trkpt lat="46.01286" lon="13.63769">
        <ele>612.06644</ele>
        <time>2000-01-01T04:05:41.204Z</time>
      </trkpt>
      <trkpt lat="46.01295" lon="13.63761">
        <ele>612.38507</ele>
        <time>2000-01-01T04:05:52.335Z</time>
      </trkpt>
      <trkpt lat="46.01302" lon="13.6375">
        <ele>613.27413</ele>
        <time>2000-01-01T04:06:05.444Z</time>
      </trkpt>
      <trkpt lat="46.01308" lon="13.63742">
        <ele>614.58658</ele>
        <time>2000-01-01T04:06:19.665Z</time>
      </trkpt>
      <trkpt lat="46.01318" lon="13.6374">
        <ele>617.45333</ele>
        <time>2000-01-01T04:06:52.299Z</time>
      </trkpt>
      <trkpt lat="46.01326" lon="13.63724">
        <ele>619.91022</ele>
        <time>2000-01-01T04:07:18.603Z</time>
      </trkpt>
      <trkpt lat="46.0133" lon="13.63719">
        <ele>621.07719</ele>
        <time>2000-01-01T04:07:31.182Z</time>
      </trkpt>
      <trkpt lat="46.01344" lon="13.63705">
        <ele>624.80567</ele>
        <time>2000-01-01T04:08:11.318Z</time>
      </trkpt>
      <trkpt lat="46.01349" lon="13.63697">
        <ele>625.98511</ele>
        <time>2000-01-01T04:08:24.143Z</time>
      </trkpt>
      <trkpt lat="46.01363" lon="13.63693">
        <ele>629.46598</ele>
        <time>2000-01-01T04:09:03.002Z</time>
      </trkpt>
      <trkpt lat="46.01377" lon="13.63695">
        <ele>633.68076</ele>
        <time>2000-01-01T04:09:50.708Z</time>
      </trkpt>
      <trkpt lat="46.01388" lon="13.63678">
        <ele>635.87381</ele>
        <time>2000-01-01T04:10:15.692Z</time>
      </trkpt>
      <trkpt lat="46.01402" lon="13.63666">
        <ele>641.07157</ele>
        <time>2000-01-01T04:11:14.512Z</time>
      </trkpt>
      <trkpt lat="46.01419" lon="13.63655">
        <ele>646.56437</ele>
        <time>2000-01-01T04:12:16.761Z</time>
      </trkpt>
      <trkpt lat="46.01432" lon="13.63643">
        <ele>645.69429</ele>
        <time>2000-01-01T04:12:30.537Z</time>
      </trkpt>
      <trkpt lat="46.01438" lon="13.63636">
        <ele>645.22337</ele>
        <time>2000-01-01T04:12:37.449Z</time>
      </trkpt>
      <trkpt lat="46.01435" lon="13.63626">
        <ele>643.62807</ele>
        <time>2000-01-01T04:12:47.131Z</time>
      </trkpt>
      <trkpt lat="46.01438" lon="13.63619">
        <ele>643.28447</ele>
        <time>2000-01-01T04:12:52.241Z</time>
      </trkpt>
      <trkpt lat="46.01445" lon="13.63617">
        <ele>644.70116</ele>
        <time>2000-01-01T04:13:07.390Z</time>
      </trkpt>
      <trkpt lat="46.01462" lon="13.63582">
        <ele>645.68962</ele>
        <time>2000-01-01T04:13:38.908Z</time>
      </trkpt>
      <trkpt lat="46.01489" lon="13.6353">
        <ele>642.7863</ele>
        <time>2000-01-01T04:14:19.367Z</time>
      </trkpt>
      <trkpt lat="46.01491" lon="13.63524">
        <ele>642.34211</ele>
        <time>2000-01-01T04:14:23.654Z</time>
      </trkpt>
      <trkpt lat="46.01497" lon="13.63514">
        <ele>641.58315</ele>
        <time>2000-01-01T04:14:32.001Z</time>
      </trkpt>
      <trkpt lat="46.01506" lon="13.63492">
        <ele>639.24893</ele>
        <time>2000-01-01T04:14:50.231Z</time>
      </trkpt>
      <trkpt lat="46.01509" lon="13.63487">
        <ele>639.33044</ele>
        <time>2000-01-01T04:14:54.876Z</time>
      </trkpt>
      <trkpt lat="46.01511" lon="13.63481">
        <ele>638.99301</ele>
        <time>2000-01-01T04:14:59.049Z</time>
      </trkpt>
      <trkpt lat="46.01522" lon="13.63457">
        <ele>638.28484</ele>
        <time>2000-01-01T04:15:17.087Z</time>
      </trkpt>
      <trkpt lat="46.01528" lon="13.63452">
        <ele>638.82922</ele>
        <time>2000-01-01T04:15:25.631Z</time>
      </trkpt>
      <trkpt lat="46.01533" lon="13.6345">
        <ele>639.42373</ele>
        <time>2000-01-01T04:15:32.966Z</time>
      </trkpt>
      <trkpt lat="46.01538" lon="13.63451">
        <ele>640.20071</ele>
        <time>2000-01-01T04:15:41.465Z</time>
      </trkpt>
      <trkpt lat="46.01541" lon="13.63459">
        <ele>641.26748</ele>
        <time>2000-01-01T04:15:52.931Z</time>
      </trkpt>
      <trkpt lat="46.01542" lon="13.63467">
        <ele>642.12786</ele>
        <time>2000-01-01T04:16:02.366Z</time>
      </trkpt>
      <trkpt lat="46.01542" lon="13.63474">
        <ele>642.84444</ele>
        <time>2000-01-01T04:16:10.300Z</time>
      </trkpt>
      <trkpt lat="46.0155" lon="13.63465">
        <ele>642.42254</ele>
        <time>2000-01-01T04:16:19.434Z</time>
      </trkpt>
      <trkpt lat="46.01554" lon="13.63459">
        <ele>641.99266</ele>
        <time>2000-01-01T04:16:24.655Z</time>
      </trkpt>
      <trkpt lat="46.01565" lon="13.63448">
        <ele>641.16316</ele>
        <time>2000-01-01T04:16:36.651Z</time>
      </trkpt>
      <trkpt lat="46.0157" lon="13.6344">
        <ele>640.79463</ele>
        <time>2000-01-01T04:16:43.342Z</time>
      </trkpt>
      <trkpt lat="46.01581" lon="13.63427">
        <ele>640.04512</ele>
        <time>2000-01-01T04:16:56.055Z</time>
      </trkpt>
      <trkpt lat="46.01586" lon="13.63417">
        <ele>639.48662</ele>
        <time>2000-01-01T04:17:03.738Z</time>
      </trkpt>
      <trkpt lat="46.01595" lon="13.63403">
        <ele>637.37848</ele>
        <time>2000-01-01T04:17:18.664Z</time>
      </trkpt>
      <trkpt lat="46.01611" lon="13.63386">
        <ele>632.13938</ele>
        <time>2000-01-01T04:17:47.071Z</time>
      </trkpt>
      <trkpt lat="46.01625" lon="13.63366">
        <ele>626.66507</ele>
        <time>2000-01-01T04:18:16.094Z</time>
      </trkpt>
      <trkpt lat="46.0163" lon="13.6336">
        <ele>624.23959</ele>
        <time>2000-01-01T04:18:28.090Z</time>
      </trkpt>
      <trkpt lat="46.01638" lon="13.63348">
        <ele>620.77767</ele>
        <time>2000-01-01T04:18:45.932Z</time>
      </trkpt>
      <trkpt lat="46.01649" lon="13.63335">
        <ele>617.07567</ele>
        <time>2000-01-01T04:19:06.122Z</time>
      </trkpt>
      <trkpt lat="46.01658" lon="13.63327">
        <ele>614.24324</ele>
        <time>2000-01-01T04:19:21.369Z</time>
      </trkpt>
      <trkpt lat="46.01695" lon="13.6329">
        <ele>602.4917</ele>
        <time>2000-01-01T04:20:25.378Z</time>
      </trkpt>
      <trkpt lat="46.01708" lon="13.63268">
        <ele>598.00966</ele>
        <time>2000-01-01T04:20:51.837Z</time>
      </trkpt>
      <trkpt lat="46.01726" lon="13.63252">
        <ele>593.29948</ele>
        <time>2000-01-01T04:21:19.697Z</time>
      </trkpt>
      <trkpt lat="46.01732" lon="13.63238">
        <ele>591.12128</ele>
        <time>2000-01-01T04:21:33.643Z</time>
      </trkpt>
      <trkpt lat="46.01736" lon="13.63225">
        <ele>589.14353</ele>
        <time>2000-01-01T04:21:45.968Z</time>
      </trkpt>
      <trkpt lat="46.01733" lon="13.63192">
        <ele>588.49152</ele>
        <time>2000-01-01T04:22:06.943Z</time>
      </trkpt>
      <trkpt lat="46.01742" lon="13.63179">
        <ele>586.03277</ele>
        <time>2000-01-01T04:22:22.583Z</time>
      </trkpt>
      <trkpt lat="46.01747" lon="13.63175">
        <ele>584.86203</ele>
        <time>2000-01-01T04:22:29.796Z</time>
      </trkpt>
      <trkpt lat="46.01762" lon="13.63165">
        <ele>582.0681</ele>
        <time>2000-01-01T04:22:49.024Z</time>
      </trkpt>
      <trkpt lat="46.01773" lon="13.6316">
        <ele>580.39468</ele>
        <time>2000-01-01T04:23:01.418Z</time>
      </trkpt>
      <trkpt lat="46.01782" lon="13.63158">
        <ele>579.06675</ele>
        <time>2000-01-01T04:23:11.227Z</time>
      </trkpt>
      <trkpt lat="46.01795" lon="13.63157">
        <ele>577.278</ele>
        <time>2000-01-01T04:23:24.870Z</time>
      </trkpt>
      <trkpt lat="46.01801" lon="13.63155">
        <ele>576.34838</ele>
        <time>2000-01-01T04:23:31.618Z</time>
      </trkpt>
      <trkpt lat="46.01807" lon="13.63155">
        <ele>575.41631</ele>
        <time>2000-01-01T04:23:38.291Z</time>
      </trkpt>
      <trkpt lat="46.01809" lon="13.63159">
        <ele>575.23256</ele>
        <time>2000-01-01T04:23:41.347Z</time>
      </trkpt>
      <trkpt lat="46.01815" lon="13.63168">
        <ele>574.43187</ele>
        <time>2000-01-01T04:23:49.321Z</time>
      </trkpt>
      <trkpt lat="46.01829" lon="13.63174">
        <ele>571.92149</ele>
        <time>2000-01-01T04:24:06.418Z</time>
      </trkpt>
      <trkpt lat="46.01841" lon="13.63178">
        <ele>569.45387</ele>
        <time>2000-01-01T04:24:21.794Z</time>
      </trkpt>
      <trkpt lat="46.0185" lon="13.63182">
        <ele>567.42039</ele>
        <time>2000-01-01T04:24:33.996Z</time>
      </trkpt>
      <trkpt lat="46.01855" lon="13.63185">
        <ele>566.28021</ele>
        <time>2000-01-01T04:24:40.922Z</time>
      </trkpt>
      <trkpt lat="46.01861" lon="13.63185">
        <ele>564.94776</ele>
        <time>2000-01-01T04:24:48.813Z</time>
      </trkpt>
      <trkpt lat="46.01873" lon="13.63188">
        <ele>562.24543</ele>
        <time>2000-01-01T04:25:04.823Z</time>
      </trkpt>
      <trkpt lat="46.01886" lon="13.63182">
        <ele>559.46432</ele>
        <time>2000-01-01T04:25:22.000Z</time>
        <extensions>
          <oa:locType>calcWayPoint</oa:locType>
        </extensions>
      </trkpt>
      <trkpt lat="46.01891" lon="13.63178">
        <ele>558.59366</ele>
        <time>2000-01-01T04:25:32.000Z</time>
      </trkpt>
      <trkpt lat="46.01895" lon="13.63172">
        <ele>558.0406</ele>
        <time>2000-01-01T04:25:42.000Z</time>
      </trkpt>
      <trkpt lat="46.01897" lon="13.63173">
        <ele>557.77805</ele>
        <time>2000-01-01T04:25:52.000Z</time>
      </trkpt>
      <trkpt lat="46.01899" lon="13.63172">
        <ele>557.53473</ele>
        <time>2000-01-01T04:26:02.000Z</time>
      </trkpt>
      <trkpt lat="46.019" lon="13.63173">
        <ele>557.41399</ele>
        <time>2000-01-01T04:26:12.000Z</time>
      </trkpt>
      <trkpt lat="46.01902" lon="13.63171">
        <ele>557.17857</ele>
        <time>2000-01-01T04:26:22.000Z</time>
      </trkpt>
      <trkpt lat="46.01902" lon="13.63187">
        <ele>557.12668</ele>
        <time>2000-01-01T04:26:32.000Z</time>
      </trkpt>
      <trkpt lat="46.01903" lon="13.63196">
        <ele>557.05134</ele>
        <time>2000-01-01T04:26:42.000Z</time>
      </trkpt>
      <trkpt lat="46.01902" lon="13.63212">
        <ele>557.50107</ele>
        <time>2000-01-01T04:26:52.000Z</time>
      </trkpt>
      <trkpt lat="46.01902" lon="13.63225">
        <ele>557.82155</ele>
        <time>2000-01-01T04:27:02.000Z</time>
      </trkpt>
      <trkpt lat="46.01898" lon="13.63252">
        <ele>559.14938</ele>
        <time>2000-01-01T04:27:12.000Z</time>
      </trkpt>
      <trkpt lat="46.01897" lon="13.63266">
        <ele>558.86675</ele>
        <time>2000-01-01T04:27:22.000Z</time>
      </trkpt>
      <trkpt lat="46.01895" lon="13.63281">
        <ele>558.32826</ele>
        <time>2000-01-01T04:27:32.000Z</time>
      </trkpt>
      <trkpt lat="46.01893" lon="13.63287">
        <ele>558.24202</ele>
        <time>2000-01-01T04:27:42.000Z</time>
      </trkpt>
      <trkpt lat="46.01887" lon="13.63319">
        <ele>555.44223</ele>
        <time>2000-01-01T04:27:52.000Z</time>
      </trkpt>
      <trkpt lat="46.01886" lon="13.63328">
        <ele>554.26579</ele>
        <time>2000-01-01T04:28:02.000Z</time>
      </trkpt>
      <trkpt lat="46.01878" lon="13.63351">
        <ele>552.59747</ele>
        <time>2000-01-01T04:28:12.000Z</time>
      </trkpt>
      <trkpt lat="46.01875" lon="13.63362">
        <ele>551.65782</ele>
        <time>2000-01-01T04:28:22.000Z</time>
      </trkpt>
      <trkpt lat="46.01867" lon="13.6337">
        <ele>551.58002</ele>
        <time>2000-01-01T04:28:32.000Z</time>
      </trkpt>
      <trkpt lat="46.01855" lon="13.6338">
        <ele>552.50431</ele>
        <time>2000-01-01T04:28:42.000Z</time>
      </trkpt>
      <trkpt lat="46.01839" lon="13.63399">
        <ele>552.6533</ele>
        <time>2000-01-01T04:28:52.000Z</time>
      </trkpt>
      <trkpt lat="46.01824" lon="13.6342">
        <ele>552.26176</ele>
        <time>2000-01-01T04:29:02.000Z</time>
      </trkpt>
      <trkpt lat="46.01817" lon="13.63433">
        <ele>552.05189</ele>
        <time>2000-01-01T04:29:12.000Z</time>
      </trkpt>
      <trkpt lat="46.01815" lon="13.6344">
        <ele>551.86065</ele>
        <time>2000-01-01T04:29:22.000Z</time>
      </trkpt>
      <trkpt lat="46.01814" lon="13.63446">
        <ele>551.81292</ele>
        <time>2000-01-01T04:29:32.000Z</time>
      </trkpt>
      <trkpt lat="46.01816" lon="13.63459">
        <ele>551.71074</ele>
        <time>2000-01-01T04:29:42.000Z</time>
      </trkpt>
      <trkpt lat="46.01822" lon="13.63472">
        <ele>550.82471</ele>
        <time>2000-01-01T04:29:52.000Z</time>
      </trkpt>
      <trkpt lat="46.01825" lon="13.63487">
        <ele>550.68568</ele>
        <time>2000-01-01T04:30:02.000Z</time>
      </trkpt>
      <trkpt lat="46.01824" lon="13.63497">
        <ele>551.24183</ele>
        <time>2000-01-01T04:30:12.000Z</time>
      </trkpt>
      <trkpt lat="46.01824" lon="13.63508">
        <ele>551.18995</ele>
        <time>2000-01-01T04:30:22.000Z</time>
      </trkpt>
      <trkpt lat="46.01822" lon="13.63531">
        <ele>550.8699</ele>
        <time>2000-01-01T04:30:32.000Z</time>
      </trkpt>
      <trkpt lat="46.01822" lon="13.63542">
        <ele>550.32525</ele>
        <time>2000-01-01T04:30:42.000Z</time>
      </trkpt>
      <trkpt lat="46.01821" lon="13.63552">
        <ele>550.10922</ele>
        <time>2000-01-01T04:30:52.000Z</time>
      </trkpt>
      <trkpt lat="46.01823" lon="13.63558">
        <ele>549.4217</ele>
        <time>2000-01-01T04:31:02.000Z</time>
      </trkpt>
      <trkpt lat="46.01825" lon="13.63568">
        <ele>548.86547</ele>
        <time>2000-01-01T04:31:12.000Z</time>
      </trkpt>
      <trkpt lat="46.01837" lon="13.63581">
        <ele>547.33465</ele>
        <time>2000-01-01T04:31:22.000Z</time>
      </trkpt>
      <trkpt lat="46.01856" lon="13.63645">
        <ele>551.62252</ele>
        <time>2000-01-01T04:31:32.000Z</time>
      </trkpt>
      <trkpt lat="46.01861" lon="13.63663">
        <ele>553.65448</ele>
        <time>2000-01-01T04:31:42.000Z</time>
      </trkpt>
      <trkpt lat="46.01863" lon="13.63686">
        <ele>555.47267</ele>
        <time>2000-01-01T04:31:52.000Z</time>
      </trkpt>
      <trkpt lat="46.01863" lon="13.63693">
        <ele>555.87825</ele>
        <time>2000-01-01T04:32:02.000Z</time>
      </trkpt>
      <trkpt lat="46.01864" lon="13.63704">
        <ele>556.30189</ele>
        <time>2000-01-01T04:32:12.000Z</time>
      </trkpt>
      <trkpt lat="46.01864" lon="13.63716">
        <ele>556.62486</ele>
        <time>2000-01-01T04:32:22.000Z</time>
      </trkpt>
      <trkpt lat="46.01867" lon="13.63726">
        <ele>557.01388</ele>
        <time>2000-01-01T04:32:32.000Z</time>
      </trkpt>
      <trkpt lat="46.01874" lon="13.63757">
        <ele>558.74309</ele>
        <time>2000-01-01T04:32:42.000Z</time>
      </trkpt>
      <trkpt lat="46.01881" lon="13.63778">
        <ele>559.48733</ele>
        <time>2000-01-01T04:32:52.000Z</time>
      </trkpt>
      <trkpt lat="46.019" lon="13.63831">
        <ele>555.9051</ele>
        <time>2000-01-01T04:33:02.000Z</time>
      </trkpt>
      <trkpt lat="46.01903" lon="13.63841">
        <ele>555.02997</ele>
        <time>2000-01-01T04:33:12.000Z</time>
      </trkpt>
      <trkpt lat="46.01914" lon="13.63859">
        <ele>554.06638</ele>
        <time>2000-01-01T04:33:22.000Z</time>
      </trkpt>
      <trkpt lat="46.01926" lon="13.63874">
        <ele>553.70767</ele>
        <time>2000-01-01T04:33:32.000Z</time>
      </trkpt>
      <trkpt lat="46.01934" lon="13.63886">
        <ele>553.48235</ele>
        <time>2000-01-01T04:33:42.000Z</time>
      </trkpt>
      <trkpt lat="46.01952" lon="13.63915">
        <ele>551.77307</ele>
        <time>2000-01-01T04:33:52.000Z</time>
      </trkpt>
      <trkpt lat="46.01963" lon="13.63949">
        <ele>549.27013</ele>
        <time>2000-01-01T04:34:02.000Z</time>
      </trkpt>
      <trkpt lat="46.01974" lon="13.63987">
        <ele>549.38555</ele>
        <time>2000-01-01T04:34:12.000Z</time>
      </trkpt>
      <trkpt lat="46.01998" lon="13.64024">
        <ele>545.30356</ele>
        <time>2000-01-01T04:34:22.000Z</time>
      </trkpt>
      <trkpt lat="46.02004" lon="13.6404">
        <ele>544.14301</ele>
        <time>2000-01-01T04:34:32.000Z</time>
      </trkpt>
      <trkpt lat="46.02009" lon="13.6406">
        <ele>542.71003</ele>
        <time>2000-01-01T04:34:42.000Z</time>
      </trkpt>
      <trkpt lat="46.0201" lon="13.64075">
        <ele>541.82893</ele>
        <time>2000-01-01T04:34:52.000Z</time>
      </trkpt>
      <trkpt lat="46.0201" lon="13.6411">
        <ele>540.55201</ele>
        <time>2000-01-01T04:35:02.000Z</time>
      </trkpt>
      <trkpt lat="46.02011" lon="13.64134">
        <ele>539.53751</ele>
        <time>2000-01-01T04:35:12.000Z</time>
      </trkpt>
      <trkpt lat="46.02015" lon="13.64162">
        <ele>540.32824</ele>
        <time>2000-01-01T04:35:22.000Z</time>
      </trkpt>
      <trkpt lat="46.0202" lon="13.64182">
        <ele>541.07163</ele>
        <time>2000-01-01T04:35:32.000Z</time>
      </trkpt>
      <trkpt lat="46.02025" lon="13.64198">
        <ele>541.49605</ele>
        <time>2000-01-01T04:35:42.000Z</time>
      </trkpt>
      <trkpt lat="46.02029" lon="13.64209">
        <ele>541.45579</ele>
        <time>2000-01-01T04:35:52.000Z</time>
      </trkpt>
      <trkpt lat="46.02043" lon="13.64239">
        <ele>541.00297</ele>
        <time>2000-01-01T04:36:02.000Z</time>
      </trkpt>
      <trkpt lat="46.02049" lon="13.6426">
        <ele>540.95864</ele>
        <time>2000-01-01T04:36:12.000Z</time>
      </trkpt>
      <trkpt lat="46.0205" lon="13.64267">
        <ele>541.18916</ele>
        <time>2000-01-01T04:36:22.000Z</time>
      </trkpt>
      <trkpt lat="46.02052" lon="13.64274">
        <ele>541.27183</ele>
        <time>2000-01-01T04:36:32.000Z</time>
      </trkpt>
      <trkpt lat="46.02054" lon="13.64299">
        <ele>541.18481</ele>
        <time>2000-01-01T04:36:42.000Z</time>
      </trkpt>
      <trkpt lat="46.02054" lon="13.64309">
        <ele>541.15814</ele>
        <time>2000-01-01T04:36:52.000Z</time>
      </trkpt>
      <trkpt lat="46.02055" lon="13.64319">
        <ele>540.99871</ele>
        <time>2000-01-01T04:37:02.000Z</time>
      </trkpt>
      <trkpt lat="46.02059" lon="13.6434">
        <ele>540.85989</ele>
        <time>2000-01-01T04:37:12.000Z</time>
      </trkpt>
      <trkpt lat="46.02063" lon="13.64356">
        <ele>541.08851</ele>
        <time>2000-01-01T04:37:22.000Z</time>
      </trkpt>
      <trkpt lat="46.02071" lon="13.64376">
        <ele>539.92994</ele>
        <time>2000-01-01T04:37:32.000Z</time>
      </trkpt>
      <trkpt lat="46.02076" lon="13.64384">
        <ele>539.03246</ele>
        <time>2000-01-01T04:37:42.000Z</time>
      </trkpt>
      <trkpt lat="46.02079" lon="13.6439">
        <ele>538.3255</ele>
        <time>2000-01-01T04:37:52.000Z</time>
      </trkpt>
      <trkpt lat="46.02085" lon="13.64396">
        <ele>537.23404</ele>
        <time>2000-01-01T04:38:02.000Z</time>
      </trkpt>
      <trkpt lat="46.02089" lon="13.64402">
        <ele>536.34105</ele>
        <time>2000-01-01T04:38:12.000Z</time>
      </trkpt>
      <trkpt lat="46.02095" lon="13.64405">
        <ele>535.80238</ele>
        <time>2000-01-01T04:38:22.000Z</time>
      </trkpt>
      <trkpt lat="46.02103" lon="13.64411">
        <ele>535.28343</ele>
        <time>2000-01-01T04:38:32.000Z</time>
      </trkpt>
      <trkpt lat="46.02114" lon="13.64418">
        <ele>534.89308</ele>
        <time>2000-01-01T04:38:42.000Z</time>
      </trkpt>
      <trkpt lat="46.0212" lon="13.64423">
        <ele>534.55472</ele>
        <time>2000-01-01T04:38:52.000Z</time>
      </trkpt>
      <trkpt lat="46.0214" lon="13.64436">
        <ele>533.18924</ele>
        <time>2000-01-01T04:39:02.000Z</time>
      </trkpt>
      <trkpt lat="46.02144" lon="13.6444">
        <ele>532.89841</ele>
        <time>2000-01-01T04:39:12.000Z</time>
      </trkpt>
      <trkpt lat="46.02176" lon="13.64465">
        <ele>531.22668</ele>
        <time>2000-01-01T04:39:22.000Z</time>
      </trkpt>
      <trkpt lat="46.02183" lon="13.64468">
        <ele>531.36009</ele>
        <time>2000-01-01T04:39:32.000Z</time>
      </trkpt>
      <trkpt lat="46.02206" lon="13.64475">
        <ele>533.37656</ele>
        <time>2000-01-01T04:39:42.000Z</time>
      </trkpt>
      <trkpt lat="46.02214" lon="13.64476">
        <ele>534.59892</ele>
        <time>2000-01-01T04:39:52.000Z</time>
      </trkpt>
      <trkpt lat="46.02219" lon="13.64481">
        <ele>535.02622</ele>
        <time>2000-01-01T04:40:02.000Z</time>
      </trkpt>
      <trkpt lat="46.02226" lon="13.64485">
        <ele>535.60041</ele>
        <time>2000-01-01T04:40:12.000Z</time>
      </trkpt>
      <trkpt lat="46.02228" lon="13.64489">
        <ele>535.52621</ele>
        <time>2000-01-01T04:40:22.000Z</time>
      </trkpt>
      <trkpt lat="46.02234" lon="13.64492">
        <ele>536.00678</ele>
        <time>2000-01-01T04:40:32.000Z</time>
      </trkpt>
      <trkpt lat="46.02243" lon="13.64503">
        <ele>536.16031</ele>
        <time>2000-01-01T04:40:42.000Z</time>
      </trkpt>
      <trkpt lat="46.02248" lon="13.64511">
        <ele>536.0431</ele>
        <time>2000-01-01T04:40:52.000Z</time>
      </trkpt>
      <trkpt lat="46.02254" lon="13.64517">
        <ele>536.08258</ele>
        <time>2000-01-01T04:41:02.000Z</time>
      </trkpt>
      <trkpt lat="46.02258" lon="13.64524">
        <ele>535.91346</ele>
        <time>2000-01-01T04:41:12.000Z</time>
      </trkpt>
      <trkpt lat="46.02261" lon="13.64533">
        <ele>535.6259</ele>
        <time>2000-01-01T04:41:22.000Z</time>
      </trkpt>
      <trkpt lat="46.02269" lon="13.64548">
        <ele>535.59622</ele>
        <time>2000-01-01T04:41:32.000Z</time>
      </trkpt>
      <trkpt lat="46.02273" lon="13.64558">
        <ele>535.51302</ele>
        <time>2000-01-01T04:41:42.000Z</time>
      </trkpt>
      <trkpt lat="46.02279" lon="13.64576">
        <ele>535.44492</ele>
        <time>2000-01-01T04:41:52.000Z</time>
      </trkpt>
      <trkpt lat="46.02288" lon="13.64606">
        <ele>534.65707</ele>
        <time>2000-01-01T04:42:02.000Z</time>
      </trkpt>
      <trkpt lat="46.02292" lon="13.64615">
        <ele>534.66754</ele>
        <time>2000-01-01T04:42:12.000Z</time>
      </trkpt>
      <trkpt lat="46.02296" lon="13.64627">
        <ele>535.15805</ele>
        <time>2000-01-01T04:42:22.000Z</time>
      </trkpt>
      <trkpt lat="46.02297" lon="13.64632">
        <ele>535.32808</ele>
        <time>2000-01-01T04:42:32.000Z</time>
      </trkpt>
      <trkpt lat="46.023" lon="13.64638">
        <ele>535.83829</ele>
        <time>2000-01-01T04:42:42.000Z</time>
      </trkpt>
      <trkpt lat="46.023" lon="13.64642">
        <ele>535.57605</ele>
        <time>2000-01-01T04:42:52.000Z</time>
      </trkpt>
      <trkpt lat="46.02301" lon="13.64647">
        <ele>535.31025</ele>
        <time>2000-01-01T04:43:02.000Z</time>
      </trkpt>
      <trkpt lat="46.02301" lon="13.64653">
        <ele>534.52269</ele>
        <time>2000-01-01T04:43:12.000Z</time>
      </trkpt>
      <trkpt lat="46.02298" lon="13.64657">
        <ele>533.13969</ele>
        <time>2000-01-01T04:43:22.000Z</time>
      </trkpt>
      <trkpt lat="46.02294" lon="13.64666">
        <ele>530.77382</ele>
        <time>2000-01-01T04:43:32.000Z</time>
      </trkpt>
      <trkpt lat="46.02295" lon="13.64676">
        <ele>529.94636</ele>
        <time>2000-01-01T04:43:42.000Z</time>
      </trkpt>
      <trkpt lat="46.02295" lon="13.64682">
        <ele>529.31775</ele>
        <time>2000-01-01T04:43:52.000Z</time>
      </trkpt>
      <trkpt lat="46.02302" lon="13.647">
        <ele>530.49839</ele>
        <time>2000-01-01T04:44:02.000Z</time>
      </trkpt>
      <trkpt lat="46.02307" lon="13.64708">
        <ele>532.02325</ele>
        <time>2000-01-01T04:44:12.000Z</time>
      </trkpt>
      <trkpt lat="46.02315" lon="13.64719">
        <ele>534.67198</ele>
        <time>2000-01-01T04:44:22.000Z</time>
      </trkpt>
      <trkpt lat="46.02316" lon="13.64724">
        <ele>534.83432</ele>
        <time>2000-01-01T04:44:32.000Z</time>
      </trkpt>
      <trkpt lat="46.02318" lon="13.64729">
        <ele>535.27594</ele>
        <time>2000-01-01T04:44:42.000Z</time>
      </trkpt>
      <trkpt lat="46.02321" lon="13.64742">
        <ele>535.30176</ele>
        <time>2000-01-01T04:44:52.000Z</time>
      </trkpt>
      <trkpt lat="46.02324" lon="13.64749">
        <ele>535.64689</ele>
        <time>2000-01-01T04:45:02.000Z</time>
      </trkpt>
      <trkpt lat="46.02327" lon="13.64764">
        <ele>535.56806</ele>
        <time>2000-01-01T04:45:12.000Z</time>
      </trkpt>
      <trkpt lat="46.02325" lon="13.64771">
        <ele>534.39594</ele>
        <time>2000-01-01T04:45:22.000Z</time>
      </trkpt>
      <trkpt lat="46.02321" lon="13.64777">
        <ele>532.23492</ele>
        <time>2000-01-01T04:45:32.000Z</time>
      </trkpt>
      <trkpt lat="46.02318" lon="13.64783">
        <ele>530.39888</ele>
        <time>2000-01-01T04:45:42.000Z</time>
      </trkpt>
      <trkpt lat="46.02315" lon="13.64791">
        <ele>528.49981</ele>
        <time>2000-01-01T04:45:52.000Z</time>
      </trkpt>
      <trkpt lat="46.02311" lon="13.64797">
        <ele>526.39317</ele>
        <time>2000-01-01T04:46:02.000Z</time>
      </trkpt>
      <trkpt lat="46.02304" lon="13.64813">
        <ele>523.55616</ele>
        <time>2000-01-01T04:46:12.000Z</time>
      </trkpt>
      <trkpt lat="46.02295" lon="13.64842">
        <ele>521.79317</ele>
        <time>2000-01-01T04:46:22.000Z</time>
      </trkpt>
      <trkpt lat="46.02295" lon="13.64871">
        <ele>522.95956</ele>
        <time>2000-01-01T04:46:32.000Z</time>
      </trkpt>
      <trkpt lat="46.02294" lon="13.6488">
        <ele>523.38501</ele>
        <time>2000-01-01T04:46:42.000Z</time>
      </trkpt>
      <trkpt lat="46.02294" lon="13.64906">
        <ele>524.82451</ele>
        <time>2000-01-01T04:46:52.000Z</time>
      </trkpt>
      <trkpt lat="46.02296" lon="13.64925">
        <ele>526.65925</ele>
        <time>2000-01-01T04:47:02.000Z</time>
      </trkpt>
      <trkpt lat="46.02296" lon="13.64934">
        <ele>527.51078</ele>
        <time>2000-01-01T04:47:12.000Z</time>
      </trkpt>
      <trkpt lat="46.02298" lon="13.6494">
        <ele>528.62198</ele>
        <time>2000-01-01T04:47:22.000Z</time>
      </trkpt>
      <trkpt lat="46.02298" lon="13.64946">
        <ele>528.93317</ele>
        <time>2000-01-01T04:47:32.000Z</time>
      </trkpt>
      <trkpt lat="46.02303" lon="13.6497">
        <ele>530.44507</ele>
        <time>2000-01-01T04:47:42.000Z</time>
      </trkpt>
      <trkpt lat="46.02304" lon="13.64982">
        <ele>530.00373</ele>
        <time>2000-01-01T04:47:52.000Z</time>
      </trkpt>
      <trkpt lat="46.02307" lon="13.65003">
        <ele>529.31471</ele>
        <time>2000-01-01T04:48:02.000Z</time>
      </trkpt>
      <trkpt lat="46.0231" lon="13.65012">
        <ele>530.12501</ele>
        <time>2000-01-01T04:48:12.000Z</time>
      </trkpt>
      <trkpt lat="46.02305" lon="13.65021">
        <ele>528.15969</ele>
        <time>2000-01-01T04:48:22.000Z</time>
      </trkpt>
      <trkpt lat="46.02297" lon="13.65042">
        <ele>523.21851</ele>
        <time>2000-01-01T04:48:32.000Z</time>
      </trkpt>
      <trkpt lat="46.02287" lon="13.65064">
        <ele>517.53249</ele>
        <time>2000-01-01T04:48:42.000Z</time>
      </trkpt>
      <trkpt lat="46.02284" lon="13.65074">
        <ele>516.38222</ele>
        <time>2000-01-01T04:48:52.000Z</time>
      </trkpt>
      <trkpt lat="46.02281" lon="13.65078">
        <ele>515.64552</ele>
        <time>2000-01-01T04:49:02.000Z</time>
      </trkpt>
      <trkpt lat="46.02271" lon="13.65099">
        <ele>514.04214</ele>
        <time>2000-01-01T04:49:12.000Z</time>
      </trkpt>
      <trkpt lat="46.02267" lon="13.65105">
        <ele>513.42207</ele>
        <time>2000-01-01T04:49:22.000Z</time>
      </trkpt>
      <trkpt lat="46.02261" lon="13.65117">
        <ele>512.39332</ele>
        <time>2000-01-01T04:49:32.000Z</time>
      </trkpt>
      <trkpt lat="46.02255" lon="13.65133">
        <ele>510.95382</ele>
        <time>2000-01-01T04:49:42.000Z</time>
      </trkpt>
      <trkpt lat="46.02231" lon="13.65154">
        <ele>508.89457</ele>
        <time>2000-01-01T04:49:52.000Z</time>
      </trkpt>
      <trkpt lat="46.02225" lon="13.65154">
        <ele>508.02393</ele>
        <time>2000-01-01T04:50:02.000Z</time>
      </trkpt>
      <trkpt lat="46.02218" lon="13.65157">
        <ele>507.17805</ele>
        <time>2000-01-01T04:50:12.000Z</time>
      </trkpt>
      <trkpt lat="46.0221" lon="13.65157">
        <ele>505.74362</ele>
        <time>2000-01-01T04:50:22.000Z</time>
      </trkpt>
      <trkpt lat="46.02205" lon="13.65159">
        <ele>504.93101</ele>
        <time>2000-01-01T04:50:32.000Z</time>
      </trkpt>
      <trkpt lat="46.02198" lon="13.65157">
        <ele>503.45664</ele>
        <time>2000-01-01T04:50:42.000Z</time>
      </trkpt>
      <trkpt lat="46.02192" lon="13.65158">
        <ele>502.24548</ele>
        <time>2000-01-01T04:50:52.000Z</time>
      </trkpt>
      <trkpt lat="46.02188" lon="13.65157">
        <ele>501.3965</ele>
        <time>2000-01-01T04:51:02.000Z</time>
      </trkpt>
      <trkpt lat="46.02184" lon="13.65155">
        <ele>500.5518</ele>
        <time>2000-01-01T04:51:12.000Z</time>
      </trkpt>
      <trkpt lat="46.02175" lon="13.65153">
        <ele>498.60314</ele>
        <time>2000-01-01T04:51:22.000Z</time>
      </trkpt>
      <trkpt lat="46.02173" lon="13.65148">
        <ele>498.22874</ele>
        <time>2000-01-01T04:51:32.000Z</time>
      </trkpt>
      <trkpt lat="46.02164" lon="13.65135">
        <ele>496.54383</ele>
        <time>2000-01-01T04:51:42.000Z</time>
      </trkpt>
      <trkpt lat="46.02162" lon="13.65123">
        <ele>496.81101</ele>
        <time>2000-01-01T04:51:52.000Z</time>
      </trkpt>
      <trkpt lat="46.02162" lon="13.65118">
        <ele>497.05857</ele>
        <time>2000-01-01T04:52:02.000Z</time>
      </trkpt>
      <trkpt lat="46.0216" lon="13.65112">
        <ele>496.75678</ele>
        <time>2000-01-01T04:52:12.000Z</time>
      </trkpt>
      <trkpt lat="46.02166" lon="13.65098">
        <ele>497.23683</ele>
        <time>2000-01-01T04:52:22.000Z</time>
      </trkpt>
      <trkpt lat="46.02174" lon="13.65091">
        <ele>497.09832</ele>
        <time>2000-01-01T04:52:32.000Z</time>
      </trkpt>
      <trkpt lat="46.02181" lon="13.65083">
        <ele>496.4117</ele>
        <time>2000-01-01T04:52:42.000Z</time>
      </trkpt>
      <trkpt lat="46.02195" lon="13.65079">
        <ele>496.73262</ele>
        <time>2000-01-01T04:52:52.000Z</time>
      </trkpt>
      <trkpt lat="46.02198" lon="13.65071">
        <ele>496.47673</ele>
        <time>2000-01-01T04:53:02.000Z</time>
      </trkpt>
      <trkpt lat="46.02201" lon="13.65065">
        <ele>496.52441</ele>
        <time>2000-01-01T04:53:12.000Z</time>
      </trkpt>
      <trkpt lat="46.02197" lon="13.65058">
        <ele>495.48568</ele>
        <time>2000-01-01T04:53:22.000Z</time>
      </trkpt>
      <trkpt lat="46.0219" lon="13.6505">
        <ele>494.28341</ele>
        <time>2000-01-01T04:53:32.000Z</time>
      </trkpt>
      <trkpt lat="46.02188" lon="13.65049">
        <ele>494.05383</ele>
        <time>2000-01-01T04:53:42.000Z</time>
      </trkpt>
      <trkpt lat="46.02183" lon="13.65041">
        <ele>493.42872</ele>
        <time>2000-01-01T04:53:52.000Z</time>
      </trkpt>
      <trkpt lat="46.02167" lon="13.65023">
        <ele>490.71816</ele>
        <time>2000-01-01T04:54:02.000Z</time>
      </trkpt>
      <trkpt lat="46.02163" lon="13.6501">
        <ele>488.85329</ele>
        <time>2000-01-01T04:54:12.000Z</time>
      </trkpt>
      <trkpt lat="46.02162" lon="13.65004">
        <ele>488.05791</ele>
        <time>2000-01-01T04:54:22.000Z</time>
      </trkpt>
      <trkpt lat="46.02164" lon="13.64987">
        <ele>487.32909</ele>
        <time>2000-01-01T04:54:32.000Z</time>
      </trkpt>
      <trkpt lat="46.02166" lon="13.64977">
        <ele>487.24239</ele>
        <time>2000-01-01T04:54:42.000Z</time>
      </trkpt>
      <trkpt lat="46.02175" lon="13.6496">
        <ele>488.05323</ele>
        <time>2000-01-01T04:54:52.000Z</time>
      </trkpt>
      <trkpt lat="46.02177" lon="13.64955">
        <ele>487.90575</ele>
        <time>2000-01-01T04:55:02.000Z</time>
      </trkpt>
      <trkpt lat="46.02186" lon="13.64942">
        <ele>488.34576</ele>
        <time>2000-01-01T04:55:12.000Z</time>
      </trkpt>
      <trkpt lat="46.02188" lon="13.64938">
        <ele>488.27424</ele>
        <time>2000-01-01T04:55:22.000Z</time>
      </trkpt>
      <trkpt lat="46.02193" lon="13.64924">
        <ele>487.54743</ele>
        <time>2000-01-01T04:55:32.000Z</time>
      </trkpt>
      <trkpt lat="46.02197" lon="13.64908">
        <ele>486.93596</ele>
        <time>2000-01-01T04:55:42.000Z</time>
      </trkpt>
      <trkpt lat="46.02195" lon="13.64901">
        <ele>485.53621</ele>
        <time>2000-01-01T04:55:52.000Z</time>
      </trkpt>
      <trkpt lat="46.02194" lon="13.64894">
        <ele>484.4309</ele>
        <time>2000-01-01T04:56:02.000Z</time>
      </trkpt>
      <trkpt lat="46.02192" lon="13.64888">
        <ele>482.87756</ele>
        <time>2000-01-01T04:56:12.000Z</time>
      </trkpt>
      <trkpt lat="46.0219" lon="13.64874">
        <ele>479.84321</ele>
        <time>2000-01-01T04:56:22.000Z</time>
      </trkpt>
      <trkpt lat="46.02188" lon="13.64867">
        <ele>477.89015</ele>
        <time>2000-01-01T04:56:32.000Z</time>
      </trkpt>
      <trkpt lat="46.02187" lon="13.6486">
        <ele>476.67907</ele>
        <time>2000-01-01T04:56:42.000Z</time>
      </trkpt>
      <trkpt lat="46.02185" lon="13.64853">
        <ele>475.29312</ele>
        <time>2000-01-01T04:56:52.000Z</time>
      </trkpt>
      <trkpt lat="46.02187" lon="13.64845">
        <ele>475.69279</ele>
        <time>2000-01-01T04:57:02.000Z</time>
      </trkpt>
      <trkpt lat="46.02187" lon="13.6484">
        <ele>475.6174</ele>
        <time>2000-01-01T04:57:12.000Z</time>
      </trkpt>
      <trkpt lat="46.02189" lon="13.64829">
        <ele>476.76019</ele>
        <time>2000-01-01T04:57:22.000Z</time>
      </trkpt>
      <trkpt lat="46.02192" lon="13.64824">
        <ele>478.30693</ele>
        <time>2000-01-01T04:57:32.000Z</time>
      </trkpt>
      <trkpt lat="46.02195" lon="13.64821">
        <ele>479.69439</ele>
        <time>2000-01-01T04:57:42.000Z</time>
      </trkpt>
      <trkpt lat="46.02202" lon="13.64812">
        <ele>483.47577</ele>
        <time>2000-01-01T04:57:52.000Z</time>
      </trkpt>
      <trkpt lat="46.02201" lon="13.64803">
        <ele>484.05397</ele>
        <time>2000-01-01T04:58:02.000Z</time>
      </trkpt>
      <trkpt lat="46.02201" lon="13.64798">
        <ele>484.22079</ele>
        <time>2000-01-01T04:58:12.000Z</time>
      </trkpt>
      <trkpt lat="46.02198" lon="13.64792">
        <ele>483.33407</ele>
        <time>2000-01-01T04:58:22.000Z</time>
      </trkpt>
      <trkpt lat="46.0219" lon="13.64785">
        <ele>481.90453</ele>
        <time>2000-01-01T04:58:32.000Z</time>
      </trkpt>
      <trkpt lat="46.02183" lon="13.64782">
        <ele>482.08399</ele>
        <time>2000-01-01T04:58:42.000Z</time>
      </trkpt>
      <trkpt lat="46.02175" lon="13.64782">
        <ele>482.88642</ele>
        <time>2000-01-01T04:58:52.000Z</time>
      </trkpt>
      <trkpt lat="46.02171" lon="13.64786">
        <ele>482.49234</ele>
        <time>2000-01-01T04:59:02.000Z</time>
      </trkpt>
      <trkpt lat="46.02168" lon="13.64788">
        <ele>482.27616</ele>
        <time>2000-01-01T04:59:12.000Z</time>
      </trkpt>
      <trkpt lat="46.02158" lon="13.64799">
        <ele>480.2991</ele>
        <time>2000-01-01T04:59:22.000Z</time>
      </trkpt>
      <trkpt lat="46.02154" lon="13.64807">
        <ele>478.58488</ele>
        <time>2000-01-01T04:59:32.000Z</time>
      </trkpt>
      <trkpt lat="46.02147" lon="13.64818">
        <ele>475.98992</ele>
        <time>2000-01-01T04:59:42.000Z</time>
      </trkpt>
      <trkpt lat="46.02129" lon="13.64839">
        <ele>468.90674</ele>
        <time>2000-01-01T04:59:52.000Z</time>
      </trkpt>
      <trkpt lat="46.02115" lon="13.64842">
        <ele>467.88858</ele>
        <time>2000-01-01T05:00:02.000Z</time>
      </trkpt>
      <trkpt lat="46.02108" lon="13.64845">
        <ele>466.29864</ele>
        <time>2000-01-01T05:00:12.000Z</time>
      </trkpt>
      <trkpt lat="46.0209" lon="13.64848">
        <ele>462.18197</ele>
        <time>2000-01-01T05:00:22.000Z</time>
      </trkpt>
      <trkpt lat="46.02085" lon="13.6485">
        <ele>460.189</ele>
        <time>2000-01-01T05:00:32.000Z</time>
      </trkpt>
      <trkpt lat="46.02073" lon="13.64841">
        <ele>461.31678</ele>
        <time>2000-01-01T05:00:42.000Z</time>
      </trkpt>
      <trkpt lat="46.02068" lon="13.64839">
        <ele>460.35907</ele>
        <time>2000-01-01T05:00:52.000Z</time>
      </trkpt>
      <trkpt lat="46.02062" lon="13.64834">
        <ele>460.20855</ele>
        <time>2000-01-01T05:01:02.000Z</time>
      </trkpt>
      <trkpt lat="46.02055" lon="13.64818">
        <ele>465.52722</ele>
        <time>2000-01-01T05:01:12.000Z</time>
      </trkpt>
      <trkpt lat="46.0205" lon="13.64809">
        <ele>469.04085</ele>
        <time>2000-01-01T05:01:22.000Z</time>
      </trkpt>
      <trkpt lat="46.02044" lon="13.64803">
        <ele>471.11771</ele>
        <time>2000-01-01T05:01:32.000Z</time>
      </trkpt>
      <trkpt lat="46.02033" lon="13.64803">
        <ele>471.50228</ele>
        <time>2000-01-01T05:01:42.000Z</time>
      </trkpt>
      <trkpt lat="46.02024" lon="13.64818">
        <ele>466.90683</ele>
        <time>2000-01-01T05:01:52.000Z</time>
      </trkpt>
      <trkpt lat="46.0202" lon="13.64836">
        <ele>461.73551</ele>
        <time>2000-01-01T05:02:02.000Z</time>
      </trkpt>
      <trkpt lat="46.02016" lon="13.64849">
        <ele>459.28912</ele>
        <time>2000-01-01T05:02:12.000Z</time>
      </trkpt>
      <trkpt lat="46.02013" lon="13.64864">
        <ele>456.63122</ele>
        <time>2000-01-01T05:02:22.000Z</time>
      </trkpt>
      <trkpt lat="46.02012" lon="13.64878">
        <ele>454.01519</ele>
        <time>2000-01-01T05:02:32.000Z</time>
      </trkpt>
      <trkpt lat="46.02008" lon="13.64885">
        <ele>454.40074</ele>
        <time>2000-01-01T05:02:42.000Z</time>
      </trkpt>
      <trkpt lat="46.02002" lon="13.64886">
        <ele>456.8689</ele>
        <time>2000-01-01T05:02:52.000Z</time>
      </trkpt>
      <trkpt lat="46.01993" lon="13.64889">
        <ele>459.3593</ele>
        <time>2000-01-01T05:03:02.000Z</time>
      </trkpt>
      <trkpt lat="46.01974" lon="13.64898">
        <ele>461.48482</ele>
        <time>2000-01-01T05:03:12.000Z</time>
      </trkpt>
      <trkpt lat="46.01967" lon="13.64908">
        <ele>459.13631</ele>
        <time>2000-01-01T05:03:22.000Z</time>
      </trkpt>
      <trkpt lat="46.01957" lon="13.64918">
        <ele>457.71123</ele>
        <time>2000-01-01T05:03:32.000Z</time>
      </trkpt>
      <trkpt lat="46.01947" lon="13.64927">
        <ele>456.77081</ele>
        <time>2000-01-01T05:03:42.000Z</time>
      </trkpt>
      <trkpt lat="46.01937" lon="13.64934">
        <ele>457.81048</ele>
        <time>2000-01-01T05:03:52.000Z</time>
      </trkpt>
      <trkpt lat="46.01923" lon="13.64953">
        <ele>461.85296</ele>
        <time>2000-01-01T05:04:02.000Z</time>
      </trkpt>
      <trkpt lat="46.01919" lon="13.64957">
        <ele>463.25409</ele>
        <time>2000-01-01T05:04:12.000Z</time>
      </trkpt>
      <trkpt lat="46.01912" lon="13.64968">
        <ele>464.43492</ele>
        <time>2000-01-01T05:04:22.000Z</time>
      </trkpt>
      <trkpt lat="46.01905" lon="13.65001">
        <ele>460.92977</ele>
        <time>2000-01-01T05:04:32.000Z</time>
      </trkpt>
      <trkpt lat="46.01892" lon="13.65026">
        <ele>455.92368</ele>
        <time>2000-01-01T05:04:42.000Z</time>
      </trkpt>
      <trkpt lat="46.01889" lon="13.65035">
        <ele>453.62888</ele>
        <time>2000-01-01T05:04:52.000Z</time>
      </trkpt>
      <trkpt lat="46.01882" lon="13.65049">
        <ele>449.93425</ele>
        <time>2000-01-01T05:05:02.000Z</time>
      </trkpt>
      <trkpt lat="46.01872" lon="13.65063">
        <ele>446.56327</ele>
        <time>2000-01-01T05:05:12.000Z</time>
      </trkpt>
      <trkpt lat="46.01865" lon="13.65067">
        <ele>445.75044</ele>
        <time>2000-01-01T05:05:22.000Z</time>
      </trkpt>
      <trkpt lat="46.01848" lon="13.6508">
        <ele>443.85092</ele>
        <time>2000-01-01T05:05:32.000Z</time>
      </trkpt>
      <trkpt lat="46.01842" lon="13.65083">
        <ele>443.8756</ele>
        <time>2000-01-01T05:05:42.000Z</time>
      </trkpt>
      <trkpt lat="46.01838" lon="13.65086">
        <ele>443.44126</ele>
        <time>2000-01-01T05:05:52.000Z</time>
      </trkpt>
      <trkpt lat="46.01833" lon="13.65088">
        <ele>443.32623</ele>
        <time>2000-01-01T05:06:02.000Z</time>
      </trkpt>
      <trkpt lat="46.01824" lon="13.65096">
        <ele>441.34609</ele>
        <time>2000-01-01T05:06:12.000Z</time>
      </trkpt>
      <trkpt lat="46.01818" lon="13.65098">
        <ele>441.29397</ele>
        <time>2000-01-01T05:06:22.000Z</time>
      </trkpt>
      <trkpt lat="46.01811" lon="13.65104">
        <ele>439.85175</ele>
        <time>2000-01-01T05:06:32.000Z</time>
      </trkpt>
      <trkpt lat="46.01805" lon="13.65105">
        <ele>439.87914</ele>
        <time>2000-01-01T05:06:42.000Z</time>
      </trkpt>
      <trkpt lat="46.01797" lon="13.65109">
        <ele>438.57785</ele>
        <time>2000-01-01T05:06:52.000Z</time>
      </trkpt>
      <trkpt lat="46.01784" lon="13.65125">
        <ele>434.94634</ele>
        <time>2000-01-01T05:07:02.000Z</time>
      </trkpt>
      <trkpt lat="46.01777" lon="13.65136">
        <ele>433.61206</ele>
        <time>2000-01-01T05:07:12.000Z</time>
      </trkpt>
      <trkpt lat="46.0177" lon="13.65139">
        <ele>434.24242</ele>
        <time>2000-01-01T05:07:22.000Z</time>
      </trkpt>
      <trkpt lat="46.01765" lon="13.65142">
        <ele>434.67297</ele>
        <time>2000-01-01T05:07:32.000Z</time>
      </trkpt>
      <trkpt lat="46.01747" lon="13.65147">
        <ele>436.58844</ele>
        <time>2000-01-01T05:07:42.000Z</time>
      </trkpt>
      <trkpt lat="46.01731" lon="13.65147">
        <ele>437.45181</ele>
        <time>2000-01-01T05:07:52.000Z</time>
      </trkpt>
      <trkpt lat="46.01723" lon="13.6515">
        <ele>437.53972</ele>
        <time>2000-01-01T05:08:02.000Z</time>
      </trkpt>
      <trkpt lat="46.01711" lon="13.65162">
        <ele>437.01871</ele>
        <time>2000-01-01T05:08:12.000Z</time>
      </trkpt>
      <trkpt lat="46.01705" lon="13.65173">
        <ele>435.4736</ele>
        <time>2000-01-01T05:08:22.000Z</time>
      </trkpt>
      <trkpt lat="46.01701" lon="13.65182">
        <ele>433.72747</ele>
        <time>2000-01-01T05:08:32.000Z</time>
      </trkpt>
      <trkpt lat="46.01695" lon="13.65191">
        <ele>431.94008</ele>
        <time>2000-01-01T05:08:42.000Z</time>
      </trkpt>
      <trkpt lat="46.01687" lon="13.65206">
        <ele>427.98104</ele>
        <time>2000-01-01T05:08:52.000Z</time>
      </trkpt>
      <trkpt lat="46.01683" lon="13.65215">
        <ele>425.3805</ele>
        <time>2000-01-01T05:09:02.000Z</time>
      </trkpt>
      <trkpt lat="46.01679" lon="13.65229">
        <ele>421.21405</ele>
        <time>2000-01-01T05:09:12.000Z</time>
      </trkpt>
      <trkpt lat="46.01666" lon="13.65243">
        <ele>416.92505</ele>
        <time>2000-01-01T05:09:22.000Z</time>
      </trkpt>
      <trkpt lat="46.01654" lon="13.65247">
        <ele>416.17766</ele>
        <time>2000-01-01T05:09:32.000Z</time>
      </trkpt>
      <trkpt lat="46.01644" lon="13.65247">
        <ele>416.53944</ele>
        <time>2000-01-01T05:09:42.000Z</time>
      </trkpt>
      <trkpt lat="46.01624" lon="13.65256">
        <ele>414.38824</ele>
        <time>2000-01-01T05:09:52.000Z</time>
      </trkpt>
      <trkpt lat="46.01594" lon="13.65256">
        <ele>414.80668</ele>
        <time>2000-01-01T05:10:02.000Z</time>
      </trkpt>
      <trkpt lat="46.01584" lon="13.65263">
        <ele>414.19917</ele>
        <time>2000-01-01T05:10:12.000Z</time>
      </trkpt>
      <trkpt lat="46.0156" lon="13.65276">
        <ele>414.74005</ele>
        <time>2000-01-01T05:10:22.000Z</time>
      </trkpt>
      <trkpt lat="46.01545" lon="13.65285">
        <ele>415.62334</ele>
        <time>2000-01-01T05:10:32.000Z</time>
      </trkpt>
      <trkpt lat="46.01535" lon="13.65293">
        <ele>415.19355</ele>
        <time>2000-01-01T05:10:42.000Z</time>
      </trkpt>
      <trkpt lat="46.01503" lon="13.65325">
        <ele>404.2108</ele>
        <time>2000-01-01T05:10:52.000Z</time>
      </trkpt>
      <trkpt lat="46.01495" lon="13.65337">
        <ele>400.65825</ele>
        <time>2000-01-01T05:11:02.000Z</time>
      </trkpt>
      <trkpt lat="46.01487" lon="13.65342">
        <ele>398.74795</ele>
        <time>2000-01-01T05:11:12.000Z</time>
      </trkpt>
      <trkpt lat="46.01472" lon="13.65354">
        <ele>395.26574</ele>
        <time>2000-01-01T05:11:22.000Z</time>
      </trkpt>
      <trkpt lat="46.01464" lon="13.65358">
        <ele>394.11558</ele>
        <time>2000-01-01T05:11:32.000Z</time>
      </trkpt>
      <trkpt lat="46.01457" lon="13.6536">
        <ele>393.44936</ele>
        <time>2000-01-01T05:11:42.000Z</time>
      </trkpt>
      <trkpt lat="46.01442" lon="13.65367">
        <ele>392.09059</ele>
        <time>2000-01-01T05:11:52.000Z</time>
      </trkpt>
      <trkpt lat="46.01432" lon="13.65369">
        <ele>392.12384</ele>
        <time>2000-01-01T05:12:02.000Z</time>
      </trkpt>
      <trkpt lat="46.01425" lon="13.65372">
        <ele>392.02623</ele>
        <time>2000-01-01T05:12:12.000Z</time>
      </trkpt>
      <trkpt lat="46.01418" lon="13.65374">
        <ele>392.03861</ele>
        <time>2000-01-01T05:12:22.000Z</time>
      </trkpt>
      <trkpt lat="46.01411" lon="13.65379">
        <ele>391.5236</ele>
        <time>2000-01-01T05:12:32.000Z</time>
      </trkpt>
      <trkpt lat="46.01405" lon="13.65385">
        <ele>390.75891</ele>
        <time>2000-01-01T05:12:42.000Z</time>
      </trkpt>
      <trkpt lat="46.0139" lon="13.65397">
        <ele>388.52908</ele>
        <time>2000-01-01T05:12:52.000Z</time>
      </trkpt>
      <trkpt lat="46.01371" lon="13.65408">
        <ele>384.97374</ele>
        <time>2000-01-01T05:13:02.000Z</time>
      </trkpt>
      <trkpt lat="46.01359" lon="13.65417">
        <ele>382.88322</ele>
        <time>2000-01-01T05:13:12.000Z</time>
      </trkpt>
      <trkpt lat="46.01353" lon="13.6543">
        <ele>381.14037</ele>
        <time>2000-01-01T05:13:22.000Z</time>
      </trkpt>
      <trkpt lat="46.01338" lon="13.65458">
        <ele>377.95972</ele>
        <time>2000-01-01T05:13:32.000Z</time>
      </trkpt>
      <trkpt lat="46.01332" lon="13.65468">
        <ele>377.25436</ele>
        <time>2000-01-01T05:13:42.000Z</time>
      </trkpt>
      <trkpt lat="46.01313" lon="13.65508">
        <ele>373.61673</ele>
        <time>2000-01-01T05:13:52.000Z</time>
      </trkpt>
      <trkpt lat="46.01308" lon="13.6552">
        <ele>372.50453</ele>
        <time>2000-01-01T05:14:02.000Z</time>
      </trkpt>
      <trkpt lat="46.01318" lon="13.6552">
        <ele>373.06166</ele>
        <time>2000-01-01T05:14:12.000Z</time>
      </trkpt>
      <trkpt lat="46.01327" lon="13.65523">
        <ele>373.59184</ele>
        <time>2000-01-01T05:14:22.000Z</time>
      </trkpt>
      <trkpt lat="46.01339" lon="13.65532">
        <ele>374.49996</ele>
        <time>2000-01-01T05:14:32.000Z</time>
      </trkpt>
      <trkpt lat="46.01348" lon="13.65541">
        <ele>375.69571</ele>
        <time>2000-01-01T05:14:42.000Z</time>
      </trkpt>
      <trkpt lat="46.01352" lon="13.65546">
        <ele>376.38927</ele>
        <time>2000-01-01T05:14:52.000Z</time>
      </trkpt>
      <trkpt lat="46.01357" lon="13.65544">
        <ele>376.6766</ele>
        <time>2000-01-01T05:15:02.000Z</time>
      </trkpt>
      <trkpt lat="46.01365" lon="13.65538">
        <ele>376.76947</ele>
        <time>2000-01-01T05:15:12.000Z</time>
      </trkpt>
      <trkpt lat="46.01369" lon="13.65532">
        <ele>376.49962</ele>
        <time>2000-01-01T05:15:22.000Z</time>
      </trkpt>
      <trkpt lat="46.01379" lon="13.65522">
        <ele>376.21655</ele>
        <time>2000-01-01T05:15:32.000Z</time>
      </trkpt>
      <trkpt lat="46.01394" lon="13.65521">
        <ele>377.34531</ele>
        <time>2000-01-01T05:15:42.000Z</time>
      </trkpt>
      <trkpt lat="46.01398" lon="13.65518">
        <ele>377.97002</ele>
        <time>2000-01-01T05:15:52.000Z</time>
      </trkpt>
      <trkpt lat="46.01412" lon="13.65511">
        <ele>380.86613</ele>
        <time>2000-01-01T05:16:02.000Z</time>
      </trkpt>
      <trkpt lat="46.01438" lon="13.655">
        <ele>381.96631</ele>
        <time>2000-01-01T05:16:12.000Z</time>
      </trkpt>
      <trkpt lat="46.01454" lon="13.65486">
        <ele>382.18905</ele>
        <time>2000-01-01T05:16:22.000Z</time>
      </trkpt>
      <trkpt lat="46.01468" lon="13.65475">
        <ele>381.21263</ele>
        <time>2000-01-01T05:16:32.000Z</time>
      </trkpt>
      <trkpt lat="46.01479" lon="13.65469">
        <ele>381.05642</ele>
        <time>2000-01-01T05:16:42.000Z</time>
      </trkpt>
      <trkpt lat="46.015" lon="13.65448">
        <ele>383.79514</ele>
        <time>2000-01-01T05:16:52.000Z</time>
      </trkpt>
      <trkpt lat="46.01508" lon="13.65437">
        <ele>385.14553</ele>
        <time>2000-01-01T05:17:02.000Z</time>
      </trkpt>
      <trkpt lat="46.01515" lon="13.65434">
        <ele>386.00893</ele>
        <time>2000-01-01T05:17:12.000Z</time>
      </trkpt>
      <trkpt lat="46.01526" lon="13.65424">
        <ele>387.42994</ele>
        <time>2000-01-01T05:17:22.000Z</time>
      </trkpt>
      <trkpt lat="46.01533" lon="13.65419">
        <ele>388.10774</ele>
        <time>2000-01-01T05:17:32.000Z</time>
      </trkpt>
      <trkpt lat="46.01541" lon="13.65415">
        <ele>388.71823</ele>
        <time>2000-01-01T05:17:42.000Z</time>
      </trkpt>
      <trkpt lat="46.0155" lon="13.65412">
        <ele>389.23825</ele>
        <time>2000-01-01T05:17:52.000Z</time>
      </trkpt>
      <trkpt lat="46.01556" lon="13.65409">
        <ele>389.6358</ele>
        <time>2000-01-01T05:18:02.000Z</time>
      </trkpt>
      <trkpt lat="46.01566" lon="13.65396">
        <ele>391.45068</ele>
        <time>2000-01-01T05:18:12.000Z</time>
      </trkpt>
      <trkpt lat="46.01572" lon="13.65396">
        <ele>391.66318</ele>
        <time>2000-01-01T05:18:22.000Z</time>
      </trkpt>
      <trkpt lat="46.01574" lon="13.6539">
        <ele>392.70883</ele>
        <time>2000-01-01T05:18:32.000Z</time>
      </trkpt>
      <trkpt lat="46.01586" lon="13.65377">
        <ele>395.0441</ele>
        <time>2000-01-01T05:18:42.000Z</time>
      </trkpt>
      <trkpt lat="46.01593" lon="13.65371">
        <ele>395.75947</ele>
        <time>2000-01-01T05:18:52.000Z</time>
      </trkpt>
      <trkpt lat="46.01603" lon="13.65367">
        <ele>395.61204</ele>
        <time>2000-01-01T05:19:02.000Z</time>
      </trkpt>
      <trkpt lat="46.01605" lon="13.65365">
        <ele>395.80481</ele>
        <time>2000-01-01T05:19:12.000Z</time>
      </trkpt>
      <trkpt lat="46.01624" lon="13.65361">
        <ele>394.69224</ele>
        <time>2000-01-01T05:19:22.000Z</time>
      </trkpt>
      <trkpt lat="46.01636" lon="13.65361">
        <ele>393.33237</ele>
        <time>2000-01-01T05:19:32.000Z</time>
      </trkpt>
      <trkpt lat="46.01637" lon="13.65363">
        <ele>392.88554</ele>
        <time>2000-01-01T05:19:42.000Z</time>
      </trkpt>
      <trkpt lat="46.01637" lon="13.6537">
        <ele>391.6683</ele>
        <time>2000-01-01T05:19:52.000Z</time>
      </trkpt>
      <trkpt lat="46.0164" lon="13.6537">
        <ele>391.40831</ele>
        <time>2000-01-01T05:20:02.000Z</time>
      </trkpt>
      <trkpt lat="46.01642" lon="13.65362">
        <ele>392.49436</ele>
        <time>2000-01-01T05:20:12.000Z</time>
      </trkpt>
      <trkpt lat="46.01646" lon="13.6536">
        <ele>392.27042</ele>
        <time>2000-01-01T05:20:22.000Z</time>
      </trkpt>
      <trkpt lat="46.0165" lon="13.6536">
        <ele>391.70922</ele>
        <time>2000-01-01T05:20:32.000Z</time>
      </trkpt>
      <trkpt lat="46.01669" lon="13.65368">
        <ele>389.62184</ele>
        <time>2000-01-01T05:20:42.000Z</time>
      </trkpt>
      <trkpt lat="46.01675" lon="13.65369">
        <ele>389.86973</ele>
        <time>2000-01-01T05:20:52.000Z</time>
      </trkpt>
      <trkpt lat="46.01681" lon="13.65372">
        <ele>390.27563</ele>
        <time>2000-01-01T05:21:02.000Z</time>
      </trkpt>
      <trkpt lat="46.01683" lon="13.65372">
        <ele>390.44403</ele>
        <time>2000-01-01T05:21:12.000Z</time>
      </trkpt>
      <trkpt lat="46.01688" lon="13.65374">
        <ele>390.80711</ele>
        <time>2000-01-01T05:21:22.000Z</time>
      </trkpt>
      <trkpt lat="46.01689" lon="13.65378">
        <ele>390.76625</ele>
        <time>2000-01-01T05:21:32.000Z</time>
      </trkpt>
      <trkpt lat="46.01704" lon="13.65373">
        <ele>391.96628</ele>
        <time>2000-01-01T05:21:42.000Z</time>
      </trkpt>
      <trkpt lat="46.01709" lon="13.65373">
        <ele>392.29456</ele>
        <time>2000-01-01T05:21:52.000Z</time>
      </trkpt>
      <trkpt lat="46.01709" lon="13.65374">
        <ele>392.23536</ele>
        <time>2000-01-01T05:22:02.000Z</time>
      </trkpt>
      <trkpt lat="46.01711" lon="13.65374">
        <ele>392.37542</ele>
        <time>2000-01-01T05:22:12.000Z</time>
      </trkpt>
      <trkpt lat="46.01711" lon="13.65375">
        <ele>392.31767</ele>
        <time>2000-01-01T05:22:22.000Z</time>
      </trkpt>
      <trkpt lat="46.01712" lon="13.65375">
        <ele>392.39066</ele>
        <time>2000-01-01T05:22:32.000Z</time>
      </trkpt>
      <trkpt lat="46.01712" lon="13.65376">
        <ele>392.33505</ele>
        <time>2000-01-01T05:22:42.000Z</time>
      </trkpt>
      <trkpt lat="46.01715" lon="13.65376">
        <ele>392.56984</ele>
        <time>2000-01-01T05:22:52.000Z</time>
      </trkpt>
      <trkpt lat="46.01718" lon="13.65374">
        <ele>392.94162</ele>
        <time>2000-01-01T05:23:02.000Z</time>
      </trkpt>
      <trkpt lat="46.01725" lon="13.65373">
        <ele>393.73306</ele>
        <time>2000-01-01T05:23:12.000Z</time>
      </trkpt>
      <trkpt lat="46.01736" lon="13.65369">
        <ele>395.31641</ele>
        <time>2000-01-01T05:23:22.000Z</time>
      </trkpt>
      <trkpt lat="46.01742" lon="13.65369">
        <ele>396.13658</ele>
        <time>2000-01-01T05:23:32.000Z</time>
      </trkpt>
      <trkpt lat="46.01747" lon="13.65368">
        <ele>396.78373</ele>
        <time>2000-01-01T05:23:42.000Z</time>
      </trkpt>
      <trkpt lat="46.01753" lon="13.65364">
        <ele>397.38162</ele>
        <time>2000-01-01T05:23:52.000Z</time>
      </trkpt>
      <trkpt lat="46.01757" lon="13.65359">
        <ele>397.62815</ele>
        <time>2000-01-01T05:24:02.000Z</time>
      </trkpt>
      <trkpt lat="46.01765" lon="13.65354">
        <ele>398.18804</ele>
        <time>2000-01-01T05:24:12.000Z</time>
      </trkpt>
      <trkpt lat="46.0177" lon="13.6535">
        <ele>398.5639</ele>
        <time>2000-01-01T05:24:22.000Z</time>
      </trkpt>
      <trkpt lat="46.01776" lon="13.65347">
        <ele>399.1857</ele>
        <time>2000-01-01T05:24:32.000Z</time>
      </trkpt>
      <trkpt lat="46.01782" lon="13.65347">
        <ele>400.05898</ele>
        <time>2000-01-01T05:24:42.000Z</time>
      </trkpt>
      <trkpt lat="46.01791" lon="13.65345">
        <ele>401.46585</ele>
        <time>2000-01-01T05:24:52.000Z</time>
      </trkpt>
      <trkpt lat="46.01793" lon="13.65343">
        <ele>401.743</ele>
        <time>2000-01-01T05:25:02.000Z</time>
      </trkpt>
      <trkpt lat="46.01795" lon="13.65343">
        <ele>402.13098</ele>
        <time>2000-01-01T05:25:12.000Z</time>
      </trkpt>
      <trkpt lat="46.01798" lon="13.65348">
        <ele>403.03553</ele>
        <time>2000-01-01T05:25:22.000Z</time>
      </trkpt>
      <trkpt lat="46.0181" lon="13.65355">
        <ele>406.96454</ele>
        <time>2000-01-01T05:25:32.000Z</time>
      </trkpt>
      <trkpt lat="46.01828" lon="13.65359">
        <ele>414.90256</ele>
        <time>2000-01-01T05:25:42.000Z</time>
      </trkpt>
      <trkpt lat="46.01832" lon="13.65359">
        <ele>416.29787</ele>
        <time>2000-01-01T05:25:52.000Z</time>
      </trkpt>
      <trkpt lat="46.01838" lon="13.65364">
        <ele>418.63784</ele>
        <time>2000-01-01T05:26:02.000Z</time>
      </trkpt>
      <trkpt lat="46.0184" lon="13.65369">
        <ele>419.8084</ele>
        <time>2000-01-01T05:26:12.000Z</time>
      </trkpt>
      <trkpt lat="46.01844" lon="13.65372">
        <ele>420.96503</ele>
        <time>2000-01-01T05:26:22.000Z</time>
      </trkpt>
      <trkpt lat="46.0185" lon="13.65375">
        <ele>422.18518</ele>
        <time>2000-01-01T05:26:32.000Z</time>
      </trkpt>
      <trkpt lat="46.01851" lon="13.65378">
        <ele>422.65734</ele>
        <time>2000-01-01T05:26:42.000Z</time>
      </trkpt>
      <trkpt lat="46.01854" lon="13.65382">
        <ele>423.43053</ele>
        <time>2000-01-01T05:26:52.000Z</time>
      </trkpt>
      <trkpt lat="46.01856" lon="13.65387">
        <ele>424.2077</ele>
        <time>2000-01-01T05:27:02.000Z</time>
      </trkpt>
      <trkpt lat="46.01859" lon="13.65391">
        <ele>425.01899</ele>
        <time>2000-01-01T05:27:12.000Z</time>
      </trkpt>
      <trkpt lat="46.01862" lon="13.65397">
        <ele>426.18823</ele>
        <time>2000-01-01T05:27:22.000Z</time>
      </trkpt>
      <trkpt lat="46.01864" lon="13.65399">
        <ele>426.75571</ele>
        <time>2000-01-01T05:27:32.000Z</time>
      </trkpt>
      <trkpt lat="46.01865" lon="13.65404">
        <ele>427.65249</ele>
        <time>2000-01-01T05:27:42.000Z</time>
      </trkpt>
      <trkpt lat="46.01868" lon="13.65409">
        <ele>428.94826</ele>
        <time>2000-01-01T05:27:52.000Z</time>
      </trkpt>
      <trkpt lat="46.01873" lon="13.65411">
        <ele>430.15479</ele>
        <time>2000-01-01T05:28:02.000Z</time>
      </trkpt>
      <trkpt lat="46.01883" lon="13.65433">
        <ele>434.91872</ele>
        <time>2000-01-01T05:28:12.000Z</time>
      </trkpt>
      <trkpt lat="46.01881" lon="13.65439">
        <ele>435.59631</ele>
        <time>2000-01-01T05:28:22.000Z</time>
      </trkpt>
      <trkpt lat="46.01874" lon="13.65439">
        <ele>434.82831</ele>
        <time>2000-01-01T05:28:32.000Z</time>
      </trkpt>
      <trkpt lat="46.01866" lon="13.65442">
        <ele>434.28068</ele>
        <time>2000-01-01T05:28:42.000Z</time>
      </trkpt>
      <trkpt lat="46.01863" lon="13.65447">
        <ele>434.81385</ele>
        <time>2000-01-01T05:28:52.000Z</time>
      </trkpt>
      <trkpt lat="46.01854" lon="13.65449">
        <ele>433.57369</ele>
        <time>2000-01-01T05:29:02.000Z</time>
      </trkpt>
      <trkpt lat="46.0185" lon="13.65454">
        <ele>433.72005</ele>
        <time>2000-01-01T05:29:12.000Z</time>
      </trkpt>
      <trkpt lat="46.01837" lon="13.65462">
        <ele>432.374</ele>
        <time>2000-01-01T05:29:22.000Z</time>
      </trkpt>
      <trkpt lat="46.0183" lon="13.65468">
        <ele>432.46774</ele>
        <time>2000-01-01T05:29:32.000Z</time>
      </trkpt>
      <trkpt lat="46.01826" lon="13.65474">
        <ele>433.33486</ele>
        <time>2000-01-01T05:29:42.000Z</time>
      </trkpt>
      <trkpt lat="46.01821" lon="13.65477">
        <ele>433.48078</ele>
        <time>2000-01-01T05:29:52.000Z</time>
      </trkpt>
      <trkpt lat="46.01819" lon="13.65477">
        <ele>433.23958</ele>
        <time>2000-01-01T05:30:02.000Z</time>
      </trkpt>
      <trkpt lat="46.01811" lon="13.65481">
        <ele>433.11366</ele>
        <time>2000-01-01T05:30:12.000Z</time>
      </trkpt>
      <trkpt lat="46.01807" lon="13.65486">
        <ele>433.54241</ele>
        <time>2000-01-01T05:30:22.000Z</time>
      </trkpt>
      <trkpt lat="46.01801" lon="13.65489">
        <ele>432.76116</ele>
        <time>2000-01-01T05:30:32.000Z</time>
      </trkpt>
      <trkpt lat="46.01798" lon="13.65504">
        <ele>434.64765</ele>
        <time>2000-01-01T05:30:42.000Z</time>
      </trkpt>
      <trkpt lat="46.01794" lon="13.65516">
        <ele>435.40859</ele>
        <time>2000-01-01T05:30:52.000Z</time>
      </trkpt>
      <trkpt lat="46.01795" lon="13.65521">
        <ele>436.26076</ele>
        <time>2000-01-01T05:31:02.000Z</time>
      </trkpt>
      <trkpt lat="46.01796" lon="13.65522">
        <ele>436.5822</ele>
        <time>2000-01-01T05:31:12.000Z</time>
      </trkpt>
      <trkpt lat="46.01796" lon="13.65523">
        <ele>436.67883</ele>
        <time>2000-01-01T05:31:22.000Z</time>
      </trkpt>
      <trkpt lat="46.018" lon="13.65529">
        <ele>437.95917</ele>
        <time>2000-01-01T05:31:32.000Z</time>
      </trkpt>
      <trkpt lat="46.01803" lon="13.65528">
        <ele>438.50809</ele>
        <time>2000-01-01T05:31:42.000Z</time>
      </trkpt>
      <trkpt lat="46.01805" lon="13.65526">
        <ele>438.76326</ele>
        <time>2000-01-01T05:31:52.000Z</time>
      </trkpt>
      <trkpt lat="46.01807" lon="13.6552">
        <ele>438.67668</ele>
        <time>2000-01-01T05:32:02.000Z</time>
      </trkpt>
      <trkpt lat="46.01811" lon="13.65521">
        <ele>439.48996</ele>
        <time>2000-01-01T05:32:12.000Z</time>
      </trkpt>
      <trkpt lat="46.01817" lon="13.65524">
        <ele>440.72465</ele>
        <time>2000-01-01T05:32:22.000Z</time>
      </trkpt>
      <trkpt lat="46.01824" lon="13.65525">
        <ele>441.96015</ele>
        <time>2000-01-01T05:32:32.000Z</time>
      </trkpt>
      <trkpt lat="46.0183" lon="13.65527">
        <ele>443.23706</ele>
        <time>2000-01-01T05:32:42.000Z</time>
      </trkpt>
      <trkpt lat="46.01835" lon="13.65527">
        <ele>444.29203</ele>
        <time>2000-01-01T05:32:52.000Z</time>
      </trkpt>
      <trkpt lat="46.01846" lon="13.6554">
        <ele>448.70904</ele>
        <time>2000-01-01T05:33:02.000Z</time>
      </trkpt>
      <trkpt lat="46.01848" lon="13.65544">
        <ele>449.62225</ele>
        <time>2000-01-01T05:33:12.000Z</time>
      </trkpt>
      <trkpt lat="46.01849" lon="13.65549">
        <ele>450.26151</ele>
        <time>2000-01-01T05:33:22.000Z</time>
      </trkpt>
      <trkpt lat="46.01859" lon="13.65557">
        <ele>452.65964</ele>
        <time>2000-01-01T05:33:32.000Z</time>
      </trkpt>
      <trkpt lat="46.01866" lon="13.65567">
        <ele>454.23254</ele>
        <time>2000-01-01T05:33:42.000Z</time>
      </trkpt>
      <trkpt lat="46.01871" lon="13.65573">
        <ele>455.40409</ele>
        <time>2000-01-01T05:33:52.000Z</time>
      </trkpt>
      <trkpt lat="46.01874" lon="13.65578">
        <ele>456.15658</ele>
        <time>2000-01-01T05:34:02.000Z</time>
      </trkpt>
      <trkpt lat="46.01881" lon="13.65585">
        <ele>457.61761</ele>
        <time>2000-01-01T05:34:12.000Z</time>
      </trkpt>
      <trkpt lat="46.01888" lon="13.65588">
        <ele>458.76216</ele>
        <time>2000-01-01T05:34:22.000Z</time>
      </trkpt>
      <trkpt lat="46.01889" lon="13.6559">
        <ele>458.81509</ele>
        <time>2000-01-01T05:34:32.000Z</time>
      </trkpt>
      <trkpt lat="46.01901" lon="13.65592">
        <ele>459.94027</ele>
        <time>2000-01-01T05:34:42.000Z</time>
      </trkpt>
      <trkpt lat="46.01905" lon="13.65595">
        <ele>460.11676</ele>
        <time>2000-01-01T05:34:52.000Z</time>
      </trkpt>
      <trkpt lat="46.01922" lon="13.65604">
        <ele>461.85014</ele>
        <time>2000-01-01T05:35:02.000Z</time>
      </trkpt>
      <trkpt lat="46.01933" lon="13.65618">
        <ele>463.55137</ele>
        <time>2000-01-01T05:35:12.000Z</time>
      </trkpt>
      <trkpt lat="46.0194" lon="13.65622">
        <ele>464.5457</ele>
        <time>2000-01-01T05:35:22.000Z</time>
      </trkpt>
      <trkpt lat="46.01958" lon="13.65647">
        <ele>466.40679</ele>
        <time>2000-01-01T05:35:32.000Z</time>
      </trkpt>
      <trkpt lat="46.01968" lon="13.65668">
        <ele>466.79853</ele>
        <time>2000-01-01T05:35:42.000Z</time>
      </trkpt>
      <trkpt lat="46.01972" lon="13.65672">
        <ele>467.00083</ele>
        <time>2000-01-01T05:35:52.000Z</time>
      </trkpt>
      <trkpt lat="46.01973" lon="13.65676">
        <ele>467.09999</ele>
        <time>2000-01-01T05:36:02.000Z</time>
      </trkpt>
      <trkpt lat="46.01979" lon="13.65686">
        <ele>467.79231</ele>
        <time>2000-01-01T05:36:12.000Z</time>
      </trkpt>
      <trkpt lat="46.01981" lon="13.65691">
        <ele>468.09386</ele>
        <time>2000-01-01T05:36:22.000Z</time>
      </trkpt>
      <trkpt lat="46.01986" lon="13.65696">
        <ele>468.70267</ele>
        <time>2000-01-01T05:36:32.000Z</time>
      </trkpt>
      <trkpt lat="46.01987" lon="13.65699">
        <ele>468.85361</ele>
        <time>2000-01-01T05:36:42.000Z</time>
      </trkpt>
      <trkpt lat="46.01995" lon="13.65709">
        <ele>469.97672</ele>
        <time>2000-01-01T05:36:52.000Z</time>
      </trkpt>
      <trkpt lat="46.01998" lon="13.65718">
        <ele>470.58306</ele>
        <time>2000-01-01T05:37:02.000Z</time>
      </trkpt>
      <trkpt lat="46.02" lon="13.65719">
        <ele>470.93741</ele>
        <time>2000-01-01T05:37:12.000Z</time>
      </trkpt>
      <trkpt lat="46.02001" lon="13.65723">
        <ele>471.19754</ele>
        <time>2000-01-01T05:37:22.000Z</time>
      </trkpt>
      <trkpt lat="46.02001" lon="13.65726">
        <ele>471.25204</ele>
        <time>2000-01-01T05:37:32.000Z</time>
      </trkpt>
      <trkpt lat="46.02003" lon="13.65729">
        <ele>471.69499</ele>
        <time>2000-01-01T05:37:42.000Z</time>
      </trkpt>
      <trkpt lat="46.02018" lon="13.65744">
        <ele>475.4947</ele>
        <time>2000-01-01T05:37:52.000Z</time>
      </trkpt>
      <trkpt lat="46.02025" lon="13.65748">
        <ele>477.29703</ele>
        <time>2000-01-01T05:38:02.000Z</time>
      </trkpt>
      <trkpt lat="46.02036" lon="13.65753">
        <ele>480.12127</ele>
        <time>2000-01-01T05:38:12.000Z</time>
      </trkpt>
      <trkpt lat="46.02043" lon="13.65761">
        <ele>482.07789</ele>
        <time>2000-01-01T05:38:22.000Z</time>
      </trkpt>
      <trkpt lat="46.02046" lon="13.65763">
        <ele>483.08402</ele>
        <time>2000-01-01T05:38:32.000Z</time>
      </trkpt>
      <trkpt lat="46.0206" lon="13.65784">
        <ele>488.73887</ele>
        <time>2000-01-01T05:38:42.000Z</time>
      </trkpt>
      <trkpt lat="46.02062" lon="13.65791">
        <ele>489.50551</ele>
        <time>2000-01-01T05:38:52.000Z</time>
      </trkpt>
      <trkpt lat="46.02064" lon="13.65795">
        <ele>490.19474</ele>
        <time>2000-01-01T05:39:02.000Z</time>
      </trkpt>
      <trkpt lat="46.02065" lon="13.65802">
        <ele>490.43794</ele>
        <time>2000-01-01T05:39:12.000Z</time>
      </trkpt>
      <trkpt lat="46.02068" lon="13.65815">
        <ele>491.16807</ele>
        <time>2000-01-01T05:39:22.000Z</time>
      </trkpt>
      <trkpt lat="46.02076" lon="13.65823">
        <ele>493.51906</ele>
        <time>2000-01-01T05:39:32.000Z</time>
      </trkpt>
      <trkpt lat="46.02077" lon="13.65827">
        <ele>493.62386</ele>
        <time>2000-01-01T05:39:42.000Z</time>
      </trkpt>
      <trkpt lat="46.02087" lon="13.65841">
        <ele>495.38641</ele>
        <time>2000-01-01T05:39:52.000Z</time>
      </trkpt>
      <trkpt lat="46.0209" lon="13.65842">
        <ele>495.90467</ele>
        <time>2000-01-01T05:40:02.000Z</time>
      </trkpt>
      <trkpt lat="46.02105" lon="13.65863">
        <ele>496.89909</ele>
        <time>2000-01-01T05:40:12.000Z</time>
      </trkpt>
      <trkpt lat="46.02111" lon="13.65885">
        <ele>497.91227</ele>
        <time>2000-01-01T05:40:22.000Z</time>
      </trkpt>
      <trkpt lat="46.02115" lon="13.65893">
        <ele>499.24355</ele>
        <time>2000-01-01T05:40:32.000Z</time>
      </trkpt>
      <trkpt lat="46.02117" lon="13.65901">
        <ele>500.20685</ele>
        <time>2000-01-01T05:40:42.000Z</time>
      </trkpt>
      <trkpt lat="46.02119" lon="13.65906">
        <ele>500.94857</ele>
        <time>2000-01-01T05:40:52.000Z</time>
      </trkpt>
      <trkpt lat="46.02118" lon="13.65909">
        <ele>500.82272</ele>
        <time>2000-01-01T05:41:02.000Z</time>
      </trkpt>
      <trkpt lat="46.02123" lon="13.65921">
        <ele>501.91979</ele>
        <time>2000-01-01T05:41:12.000Z</time>
      </trkpt>
      <trkpt lat="46.02125" lon="13.65933">
        <ele>501.97358</ele>
        <time>2000-01-01T05:41:22.000Z</time>
      </trkpt>
      <trkpt lat="46.02127" lon="13.65939">
        <ele>502.24589</ele>
        <time>2000-01-01T05:41:32.000Z</time>
      </trkpt>
      <trkpt lat="46.02127" lon="13.65944">
        <ele>501.94274</ele>
        <time>2000-01-01T05:41:42.000Z</time>
      </trkpt>
      <trkpt lat="46.02129" lon="13.6595">
        <ele>501.94036</ele>
        <time>2000-01-01T05:41:52.000Z</time>
      </trkpt>
      <trkpt lat="46.02129" lon="13.65952">
        <ele>501.68593</ele>
        <time>2000-01-01T05:42:02.000Z</time>
      </trkpt>
      <trkpt lat="46.02133" lon="13.65956">
        <ele>502.11506</ele>
        <time>2000-01-01T05:42:12.000Z</time>
      </trkpt>
      <trkpt lat="46.02136" lon="13.65956">
        <ele>502.82277</ele>
        <time>2000-01-01T05:42:22.000Z</time>
      </trkpt>
      <trkpt lat="46.02137" lon="13.65958">
        <ele>502.70529</ele>
        <time>2000-01-01T05:42:32.000Z</time>
      </trkpt>
      <trkpt lat="46.02141" lon="13.65962">
        <ele>502.86291</ele>
        <time>2000-01-01T05:42:42.000Z</time>
      </trkpt>
      <trkpt lat="46.02142" lon="13.65967">
        <ele>502.27989</ele>
        <time>2000-01-01T05:42:52.000Z</time>
      </trkpt>
      <trkpt lat="46.02146" lon="13.65971">
        <ele>502.63759</ele>
        <time>2000-01-01T05:43:02.000Z</time>
      </trkpt>
      <trkpt lat="46.02146" lon="13.65975">
        <ele>502.30888</ele>
        <time>2000-01-01T05:43:12.000Z</time>
      </trkpt>
      <trkpt lat="46.02155" lon="13.66001">
        <ele>504.09812</ele>
        <time>2000-01-01T05:43:22.000Z</time>
      </trkpt>
      <trkpt lat="46.02156" lon="13.66006">
        <ele>504.85813</ele>
        <time>2000-01-01T05:43:32.000Z</time>
      </trkpt>
      <trkpt lat="46.02173" lon="13.66021">
        <ele>513.15299</ele>
        <time>2000-01-01T05:43:42.000Z</time>
      </trkpt>
      <trkpt lat="46.02176" lon="13.66022">
        <ele>514.48148</ele>
        <time>2000-01-01T05:43:52.000Z</time>
      </trkpt>
      <trkpt lat="46.02177" lon="13.66026">
        <ele>515.46088</ele>
        <time>2000-01-01T05:44:02.000Z</time>
      </trkpt>
      <trkpt lat="46.02182" lon="13.66039">
        <ele>519.63186</ele>
        <time>2000-01-01T05:44:12.000Z</time>
      </trkpt>
      <trkpt lat="46.02179" lon="13.66047">
        <ele>520.3731</ele>
        <time>2000-01-01T05:44:22.000Z</time>
      </trkpt>
      <trkpt lat="46.02179" lon="13.66051">
        <ele>521.26787</ele>
        <time>2000-01-01T05:44:32.000Z</time>
      </trkpt>
      <trkpt lat="46.02178" lon="13.66059">
        <ele>522.63569</ele>
        <time>2000-01-01T05:44:42.000Z</time>
      </trkpt>
      <trkpt lat="46.02166" lon="13.66086">
        <ele>524.36063</ele>
        <time>2000-01-01T05:44:52.000Z</time>
      </trkpt>
      <trkpt lat="46.02165" lon="13.6609">
        <ele>524.87347</ele>
        <time>2000-01-01T05:45:02.000Z</time>
      </trkpt>
      <trkpt lat="46.02162" lon="13.66095">
        <ele>524.87742</ele>
        <time>2000-01-01T05:45:12.000Z</time>
      </trkpt>
      <trkpt lat="46.02153" lon="13.66123">
        <ele>528.35761</ele>
        <time>2000-01-01T05:45:22.000Z</time>
      </trkpt>
      <trkpt lat="46.02148" lon="13.66136">
        <ele>530.99198</ele>
        <time>2000-01-01T05:45:32.000Z</time>
      </trkpt>
      <trkpt lat="46.02142" lon="13.66142">
        <ele>531.62271</ele>
        <time>2000-01-01T05:45:42.000Z</time>
      </trkpt>
      <trkpt lat="46.02139" lon="13.66146">
        <ele>532.42781</ele>
        <time>2000-01-01T05:45:52.000Z</time>
      </trkpt>
      <trkpt lat="46.0213" lon="13.66152">
        <ele>532.86214</ele>
        <time>2000-01-01T05:46:02.000Z</time>
      </trkpt>
      <trkpt lat="46.02124" lon="13.66158">
        <ele>533.43192</ele>
        <time>2000-01-01T05:46:12.000Z</time>
      </trkpt>
      <trkpt lat="46.02119" lon="13.66162">
        <ele>533.38436</ele>
        <time>2000-01-01T05:46:22.000Z</time>
      </trkpt>
      <trkpt lat="46.02114" lon="13.66181">
        <ele>536.83709</ele>
        <time>2000-01-01T05:46:32.000Z</time>
      </trkpt>
      <trkpt lat="46.02111" lon="13.66182">
        <ele>536.57213</ele>
        <time>2000-01-01T05:46:42.000Z</time>
      </trkpt>
      <trkpt lat="46.02108" lon="13.66188">
        <ele>537.4277</ele>
        <time>2000-01-01T05:46:52.000Z</time>
      </trkpt>
      <trkpt lat="46.02104" lon="13.66191">
        <ele>537.44192</ele>
        <time>2000-01-01T05:47:02.000Z</time>
      </trkpt>
      <trkpt lat="46.02099" lon="13.662">
        <ele>537.83892</ele>
        <time>2000-01-01T05:47:12.000Z</time>
      </trkpt>
      <trkpt lat="46.02094" lon="13.66207">
        <ele>537.50574</ele>
        <time>2000-01-01T05:47:22.000Z</time>
      </trkpt>
      <trkpt lat="46.02089" lon="13.66217">
        <ele>537.28316</ele>
        <time>2000-01-01T05:47:32.000Z</time>
      </trkpt>
      <trkpt lat="46.02075" lon="13.66231">
        <ele>537.27921</ele>
        <time>2000-01-01T05:47:42.000Z</time>
      </trkpt>
      <trkpt lat="46.02058" lon="13.66251">
        <ele>536.59734</ele>
        <time>2000-01-01T05:47:52.000Z</time>
      </trkpt>
      <trkpt lat="46.02051" lon="13.66261">
        <ele>535.71745</ele>
        <time>2000-01-01T05:48:02.000Z</time>
      </trkpt>
      <trkpt lat="46.0204" lon="13.66279">
        <ele>534.15935</ele>
        <time>2000-01-01T05:48:12.000Z</time>
      </trkpt>
      <trkpt lat="46.02029" lon="13.66291">
        <ele>532.64015</ele>
        <time>2000-01-01T05:48:22.000Z</time>
      </trkpt>
      <trkpt lat="46.0202" lon="13.66299">
        <ele>531.46048</ele>
        <time>2000-01-01T05:48:32.000Z</time>
      </trkpt>
      <trkpt lat="46.02001" lon="13.66321">
        <ele>531.39448</ele>
        <time>2000-01-01T05:48:42.000Z</time>
      </trkpt>
      <trkpt lat="46.01989" lon="13.66329">
        <ele>531.67265</ele>
        <time>2000-01-01T05:48:52.000Z</time>
      </trkpt>
      <trkpt lat="46.01981" lon="13.66337">
        <ele>531.93855</ele>
        <time>2000-01-01T05:49:02.000Z</time>
      </trkpt>
      <trkpt lat="46.01976" lon="13.66343">
        <ele>532.29317</ele>
        <time>2000-01-01T05:49:12.000Z</time>
      </trkpt>
      <trkpt lat="46.01968" lon="13.66357">
        <ele>533.83469</ele>
        <time>2000-01-01T05:49:22.000Z</time>
      </trkpt>
      <trkpt lat="46.01964" lon="13.66376">
        <ele>536.08342</ele>
        <time>2000-01-01T05:49:32.000Z</time>
      </trkpt>
      <trkpt lat="46.01964" lon="13.66407">
        <ele>536.75518</ele>
        <time>2000-01-01T05:49:42.000Z</time>
      </trkpt>
      <trkpt lat="46.01962" lon="13.66411">
        <ele>536.34604</ele>
        <time>2000-01-01T05:49:52.000Z</time>
      </trkpt>
      <trkpt lat="46.01956" lon="13.66435">
        <ele>534.8515</ele>
        <time>2000-01-01T05:50:02.000Z</time>
      </trkpt>
      <trkpt lat="46.01949" lon="13.66448">
        <ele>533.48358</ele>
        <time>2000-01-01T05:50:12.000Z</time>
      </trkpt>
      <trkpt lat="46.01948" lon="13.66456">
        <ele>533.08151</ele>
        <time>2000-01-01T05:50:22.000Z</time>
      </trkpt>
      <trkpt lat="46.01951" lon="13.66461">
        <ele>533.20159</ele>
        <time>2000-01-01T05:50:32.000Z</time>
      </trkpt>
      <trkpt lat="46.01954" lon="13.66478">
        <ele>532.51487</ele>
        <time>2000-01-01T05:50:42.000Z</time>
      </trkpt>
      <trkpt lat="46.01953" lon="13.66482">
        <ele>532.16715</ele>
        <time>2000-01-01T05:50:52.000Z</time>
      </trkpt>
      <trkpt lat="46.01952" lon="13.66485">
        <ele>531.8687</ele>
        <time>2000-01-01T05:51:02.000Z</time>
      </trkpt>
      <trkpt lat="46.01949" lon="13.6649">
        <ele>531.20851</ele>
        <time>2000-01-01T05:51:12.000Z</time>
      </trkpt>
      <trkpt lat="46.01941" lon="13.66498">
        <ele>529.67229</ele>
        <time>2000-01-01T05:51:22.000Z</time>
      </trkpt>
      <trkpt lat="46.01935" lon="13.66502">
        <ele>528.66114</ele>
        <time>2000-01-01T05:51:32.000Z</time>
      </trkpt>
      <trkpt lat="46.01929" lon="13.66511">
        <ele>527.55837</ele>
        <time>2000-01-01T05:51:42.000Z</time>
      </trkpt>
      <trkpt lat="46.01925" lon="13.66518">
        <ele>526.97793</ele>
        <time>2000-01-01T05:51:52.000Z</time>
      </trkpt>
      <trkpt lat="46.01918" lon="13.66535">
        <ele>526.35143</ele>
        <time>2000-01-01T05:52:02.000Z</time>
      </trkpt>
      <trkpt lat="46.01906" lon="13.66554">
        <ele>525.13165</ele>
        <time>2000-01-01T05:52:12.000Z</time>
      </trkpt>
      <trkpt lat="46.01903" lon="13.66563">
        <ele>525.3138</ele>
        <time>2000-01-01T05:52:22.000Z</time>
      </trkpt>
      <trkpt lat="46.01899" lon="13.66578">
        <ele>526.30266</ele>
        <time>2000-01-01T05:52:32.000Z</time>
      </trkpt>
      <trkpt lat="46.01899" lon="13.6658">
        <ele>526.49406</ele>
        <time>2000-01-01T05:52:42.000Z</time>
      </trkpt>
      <trkpt lat="46.01892" lon="13.66605">
        <ele>526.42164</ele>
        <time>2000-01-01T05:52:52.000Z</time>
      </trkpt>
      <trkpt lat="46.01892" lon="13.66614">
        <ele>526.70886</ele>
        <time>2000-01-01T05:53:02.000Z</time>
      </trkpt>
      <trkpt lat="46.01891" lon="13.66623">
        <ele>526.9274</ele>
        <time>2000-01-01T05:53:12.000Z</time>
      </trkpt>
      <trkpt lat="46.01892" lon="13.66629">
        <ele>527.34444</ele>
        <time>2000-01-01T05:53:22.000Z</time>
      </trkpt>
      <trkpt lat="46.01892" lon="13.66639">
        <ele>527.52523</ele>
        <time>2000-01-01T05:53:32.000Z</time>
      </trkpt>
      <trkpt lat="46.01893" lon="13.6665">
        <ele>527.40853</ele>
        <time>2000-01-01T05:53:42.000Z</time>
      </trkpt>
      <trkpt lat="46.019" lon="13.66659">
        <ele>527.94155</ele>
        <time>2000-01-01T05:53:52.000Z</time>
      </trkpt>
      <trkpt lat="46.01903" lon="13.66672">
        <ele>527.59923</ele>
        <time>2000-01-01T05:54:02.000Z</time>
      </trkpt>
      <trkpt lat="46.01904" lon="13.6668">
        <ele>527.1507</ele>
        <time>2000-01-01T05:54:12.000Z</time>
      </trkpt>
      <trkpt lat="46.01911" lon="13.66689">
        <ele>526.5278</ele>
        <time>2000-01-01T05:54:22.000Z</time>
      </trkpt>
      <trkpt lat="46.01914" lon="13.66696">
        <ele>525.7945</ele>
        <time>2000-01-01T05:54:32.000Z</time>
      </trkpt>
      <trkpt lat="46.01926" lon="13.66718">
        <ele>523.37204</ele>
        <time>2000-01-01T05:54:42.000Z</time>
      </trkpt>
      <trkpt lat="46.01932" lon="13.66736">
        <ele>521.97174</ele>
        <time>2000-01-01T05:54:52.000Z</time>
      </trkpt>
      <trkpt lat="46.01933" lon="13.66755">
        <ele>521.47573</ele>
        <time>2000-01-01T05:55:02.000Z</time>
      </trkpt>
      <trkpt lat="46.01921" lon="13.66791">
        <ele>520.9489</ele>
        <time>2000-01-01T05:55:12.000Z</time>
      </trkpt>
      <trkpt lat="46.0192" lon="13.66797">
        <ele>521.09293</ele>
        <time>2000-01-01T05:55:22.000Z</time>
      </trkpt>
      <trkpt lat="46.0191" lon="13.66813">
        <ele>519.96822</ele>
        <time>2000-01-01T05:55:32.000Z</time>
      </trkpt>
      <trkpt lat="46.01896" lon="13.66829">
        <ele>517.37414</ele>
        <time>2000-01-01T05:55:42.000Z</time>
      </trkpt>
      <trkpt lat="46.01888" lon="13.66835">
        <ele>515.9677</ele>
        <time>2000-01-01T05:55:52.000Z</time>
      </trkpt>
      <trkpt lat="46.01877" lon="13.66845">
        <ele>514.86069</ele>
        <time>2000-01-01T05:56:02.000Z</time>
      </trkpt>
      <trkpt lat="46.01865" lon="13.66854">
        <ele>513.81238</ele>
        <time>2000-01-01T05:56:12.000Z</time>
      </trkpt>
      <trkpt lat="46.01842" lon="13.66866">
        <ele>511.88212</ele>
        <time>2000-01-01T05:56:22.000Z</time>
      </trkpt>
      <trkpt lat="46.01818" lon="13.66878">
        <ele>509.15276</ele>
        <time>2000-01-01T05:56:32.000Z</time>
      </trkpt>
      <trkpt lat="46.01809" lon="13.66885">
        <ele>507.67468</ele>
        <time>2000-01-01T05:56:42.000Z</time>
      </trkpt>
      <trkpt lat="46.01796" lon="13.66897">
        <ele>504.61179</ele>
        <time>2000-01-01T05:56:52.000Z</time>
      </trkpt>
      <trkpt lat="46.01781" lon="13.66912">
        <ele>500.74179</ele>
        <time>2000-01-01T05:57:02.000Z</time>
      </trkpt>
      <trkpt lat="46.01776" lon="13.66922">
        <ele>499.56013</ele>
        <time>2000-01-01T05:57:12.000Z</time>
      </trkpt>
      <trkpt lat="46.01776" lon="13.66933">
        <ele>499.27432</ele>
        <time>2000-01-01T05:57:22.000Z</time>
      </trkpt>
      <trkpt lat="46.01785" lon="13.66945">
        <ele>500.23487</ele>
        <time>2000-01-01T05:57:32.000Z</time>
      </trkpt>
      <trkpt lat="46.01789" lon="13.66953">
        <ele>500.24461</ele>
        <time>2000-01-01T05:57:42.000Z</time>
      </trkpt>
      <trkpt lat="46.01792" lon="13.66964">
        <ele>499.78701</ele>
        <time>2000-01-01T05:57:52.000Z</time>
      </trkpt>
      <trkpt lat="46.01793" lon="13.66971">
        <ele>499.3571</ele>
        <time>2000-01-01T05:58:02.000Z</time>
      </trkpt>
      <trkpt lat="46.01791" lon="13.66999">
        <ele>496.34626</ele>
        <time>2000-01-01T05:58:12.000Z</time>
      </trkpt>
      <trkpt lat="46.01795" lon="13.67015">
        <ele>495.44111</ele>
        <time>2000-01-01T05:58:22.000Z</time>
      </trkpt>
      <trkpt lat="46.01804" lon="13.67024">
        <ele>496.00977</ele>
        <time>2000-01-01T05:58:32.000Z</time>
      </trkpt>
      <trkpt lat="46.01806" lon="13.6703">
        <ele>495.9458</ele>
        <time>2000-01-01T05:58:42.000Z</time>
      </trkpt>
      <trkpt lat="46.0181" lon="13.67035">
        <ele>496.58724</ele>
        <time>2000-01-01T05:58:52.000Z</time>
      </trkpt>
      <trkpt lat="46.01816" lon="13.67045">
        <ele>497.69789</ele>
        <time>2000-01-01T05:59:02.000Z</time>
      </trkpt>
      <trkpt lat="46.0183" lon="13.67056">
        <ele>500.34543</ele>
        <time>2000-01-01T05:59:12.000Z</time>
      </trkpt>
      <trkpt lat="46.01885" lon="13.67066">
        <ele>508.19194</ele>
        <time>2000-01-01T05:59:22.000Z</time>
      </trkpt>
      <trkpt lat="46.01909" lon="13.67062">
        <ele>511.66401</ele>
        <time>2000-01-01T05:59:32.000Z</time>
      </trkpt>
      <trkpt lat="46.01934" lon="13.67047">
        <ele>513.89569</ele>
        <time>2000-01-01T05:59:42.000Z</time>
      </trkpt>
      <trkpt lat="46.01944" lon="13.67038">
        <ele>514.44395</ele>
        <time>2000-01-01T05:59:52.000Z</time>
      </trkpt>
      <trkpt lat="46.01961" lon="13.67021">
        <ele>514.4176</ele>
        <time>2000-01-01T06:00:02.000Z</time>
      </trkpt>
      <trkpt lat="46.01967" lon="13.67013">
        <ele>514.0726</ele>
        <time>2000-01-01T06:00:12.000Z</time>
      </trkpt>
      <trkpt lat="46.01978" lon="13.67001">
        <ele>512.02174</ele>
        <time>2000-01-01T06:00:22.000Z</time>
      </trkpt>
      <trkpt lat="46.01986" lon="13.66996">
        <ele>509.34266</ele>
        <time>2000-01-01T06:00:32.000Z</time>
      </trkpt>
      <trkpt lat="46.02008" lon="13.66994">
        <ele>502.27875</ele>
        <time>2000-01-01T06:00:42.000Z</time>
      </trkpt>
      <trkpt lat="46.02032" lon="13.66994">
        <ele>497.69401</ele>
        <time>2000-01-01T06:00:52.000Z</time>
      </trkpt>
      <trkpt lat="46.02055" lon="13.66984">
        <ele>496.1286</ele>
        <time>2000-01-01T06:01:02.000Z</time>
      </trkpt>
      <trkpt lat="46.02071" lon="13.66974">
        <ele>496.42997</ele>
        <time>2000-01-01T06:01:12.000Z</time>
      </trkpt>
      <trkpt lat="46.02084" lon="13.66967">
        <ele>497.39688</ele>
        <time>2000-01-01T06:01:22.000Z</time>
      </trkpt>
      <trkpt lat="46.02093" lon="13.66963">
        <ele>498.69145</ele>
        <time>2000-01-01T06:01:32.000Z</time>
      </trkpt>
      <trkpt lat="46.02101" lon="13.6696">
        <ele>500.06303</ele>
        <time>2000-01-01T06:01:42.000Z</time>
      </trkpt>
      <trkpt lat="46.0211" lon="13.66961">
        <ele>501.30385</ele>
        <time>2000-01-01T06:01:52.000Z</time>
      </trkpt>
      <trkpt lat="46.02114" lon="13.66978">
        <ele>500.94835</ele>
        <time>2000-01-01T06:02:02.000Z</time>
      </trkpt>
      <trkpt lat="46.02115" lon="13.66993">
        <ele>500.00244</ele>
        <time>2000-01-01T06:02:12.000Z</time>
      </trkpt>
      <trkpt lat="46.02117" lon="13.67012">
        <ele>499.48123</ele>
        <time>2000-01-01T06:02:22.000Z</time>
      </trkpt>
      <trkpt lat="46.02123" lon="13.67027">
        <ele>499.91314</ele>
        <time>2000-01-01T06:02:32.000Z</time>
      </trkpt>
      <trkpt lat="46.0213" lon="13.67051">
        <ele>499.12453</ele>
        <time>2000-01-01T06:02:42.000Z</time>
      </trkpt>
      <trkpt lat="46.0213" lon="13.67077">
        <ele>498.22238</ele>
        <time>2000-01-01T06:02:52.000Z</time>
      </trkpt>
      <trkpt lat="46.02129" lon="13.671">
        <ele>496.19211</ele>
        <time>2000-01-01T06:03:02.000Z</time>
      </trkpt>
      <trkpt lat="46.02129" lon="13.67125">
        <ele>493.53713</ele>
        <time>2000-01-01T06:03:12.000Z</time>
      </trkpt>
      <trkpt lat="46.02133" lon="13.67162">
        <ele>490.92375</ele>
        <time>2000-01-01T06:03:22.000Z</time>
      </trkpt>
      <trkpt lat="46.02139" lon="13.67181">
        <ele>490.49218</ele>
        <time>2000-01-01T06:03:32.000Z</time>
      </trkpt>
      <trkpt lat="46.02144" lon="13.67201">
        <ele>489.67006</ele>
        <time>2000-01-01T06:03:42.000Z</time>
      </trkpt>
      <trkpt lat="46.02152" lon="13.67257">
        <ele>485.29963</ele>
        <time>2000-01-01T06:03:52.000Z</time>
      </trkpt>
      <trkpt lat="46.02152" lon="13.67296">
        <ele>483.37175</ele>
        <time>2000-01-01T06:04:02.000Z</time>
      </trkpt>
      <trkpt lat="46.02157" lon="13.67321">
        <ele>482.69877</ele>
        <time>2000-01-01T06:04:12.000Z</time>
      </trkpt>
      <trkpt lat="46.02163" lon="13.67347">
        <ele>482.06247</ele>
        <time>2000-01-01T06:04:22.000Z</time>
      </trkpt>
      <trkpt lat="46.02174" lon="13.67388">
        <ele>482.44086</ele>
        <time>2000-01-01T06:04:32.000Z</time>
      </trkpt>
      <trkpt lat="46.02187" lon="13.67427">
        <ele>482.17865</ele>
        <time>2000-01-01T06:04:42.000Z</time>
      </trkpt>
      <trkpt lat="46.02196" lon="13.67453">
        <ele>481.66006</ele>
        <time>2000-01-01T06:04:52.000Z</time>
      </trkpt>
      <trkpt lat="46.02207" lon="13.67481">
        <ele>479.25063</ele>
        <time>2000-01-01T06:05:02.000Z</time>
      </trkpt>
      <trkpt lat="46.02219" lon="13.67496">
        <ele>478.13604</ele>
        <time>2000-01-01T06:05:12.000Z</time>
      </trkpt>
      <trkpt lat="46.0223" lon="13.67518">
        <ele>477.85771</ele>
        <time>2000-01-01T06:05:22.000Z</time>
      </trkpt>
      <trkpt lat="46.02235" lon="13.67535">
        <ele>477.89246</ele>
        <time>2000-01-01T06:05:32.000Z</time>
      </trkpt>
      <trkpt lat="46.02241" lon="13.6756">
        <ele>477.8288</ele>
        <time>2000-01-01T06:05:42.000Z</time>
      </trkpt>
      <trkpt lat="46.02245" lon="13.67573">
        <ele>477.42751</ele>
        <time>2000-01-01T06:05:52.000Z</time>
      </trkpt>
      <trkpt lat="46.02246" lon="13.67581">
        <ele>477.05647</ele>
        <time>2000-01-01T06:06:02.000Z</time>
      </trkpt>
      <trkpt lat="46.02227" lon="13.67603">
        <ele>475.42896</ele>
        <time>2000-01-01T06:06:12.000Z</time>
      </trkpt>
      <trkpt lat="46.02211" lon="13.67618">
        <ele>475.52892</ele>
        <time>2000-01-01T06:06:22.000Z</time>
      </trkpt>
      <trkpt lat="46.022" lon="13.67627">
        <ele>476.2796</ele>
        <time>2000-01-01T06:06:32.000Z</time>
      </trkpt>
      <trkpt lat="46.02188" lon="13.67638">
        <ele>476.93188</ele>
        <time>2000-01-01T06:06:42.000Z</time>
      </trkpt>
      <trkpt lat="46.02176" lon="13.67653">
        <ele>477.54339</ele>
        <time>2000-01-01T06:06:52.000Z</time>
      </trkpt>
      <trkpt lat="46.02162" lon="13.67669">
        <ele>478.54793</ele>
        <time>2000-01-01T06:07:02.000Z</time>
      </trkpt>
      <trkpt lat="46.02154" lon="13.67684">
        <ele>477.69213</ele>
        <time>2000-01-01T06:07:12.000Z</time>
      </trkpt>
      <trkpt lat="46.02136" lon="13.67713">
        <ele>476.0918</ele>
        <time>2000-01-01T06:07:22.000Z</time>
      </trkpt>
      <trkpt lat="46.02127" lon="13.67726">
        <ele>476.15307</ele>
        <time>2000-01-01T06:07:32.000Z</time>
      </trkpt>
      <trkpt lat="46.02119" lon="13.67741">
        <ele>475.91564</ele>
        <time>2000-01-01T06:07:42.000Z</time>
      </trkpt>
      <trkpt lat="46.02113" lon="13.67754">
        <ele>475.16705</ele>
        <time>2000-01-01T06:07:52.000Z</time>
      </trkpt>
      <trkpt lat="46.02107" lon="13.67771">
        <ele>474.15374</ele>
        <time>2000-01-01T06:08:02.000Z</time>
      </trkpt>
      <trkpt lat="46.02095" lon="13.67792">
        <ele>473.96046</ele>
        <time>2000-01-01T06:08:12.000Z</time>
      </trkpt>
      <trkpt lat="46.02096" lon="13.67798">
        <ele>473.31647</ele>
        <time>2000-01-01T06:08:22.000Z</time>
      </trkpt>
      <trkpt lat="46.02095" lon="13.67809">
        <ele>472.56524</ele>
        <time>2000-01-01T06:08:32.000Z</time>
      </trkpt>
      <trkpt lat="46.02095" lon="13.67839">
        <ele>470.40132</ele>
        <time>2000-01-01T06:08:42.000Z</time>
      </trkpt>
      <trkpt lat="46.02105" lon="13.67852">
        <ele>468.18669</ele>
        <time>2000-01-01T06:08:52.000Z</time>
      </trkpt>
      <trkpt lat="46.02112" lon="13.6787">
        <ele>466.26812</ele>
        <time>2000-01-01T06:09:02.000Z</time>
      </trkpt>
      <trkpt lat="46.0212" lon="13.67899">
        <ele>464.29461</ele>
        <time>2000-01-01T06:09:12.000Z</time>
      </trkpt>
      <trkpt lat="46.02131" lon="13.67914">
        <ele>463.94368</ele>
        <time>2000-01-01T06:09:22.000Z</time>
      </trkpt>
      <trkpt lat="46.02146" lon="13.67936">
        <ele>464.28441</ele>
        <time>2000-01-01T06:09:32.000Z</time>
      </trkpt>
      <trkpt lat="46.02178" lon="13.67955">
        <ele>469.67877</ele>
        <time>2000-01-01T06:09:42.000Z</time>
      </trkpt>
      <trkpt lat="46.02196" lon="13.67986">
        <ele>477.07623</ele>
        <time>2000-01-01T06:09:52.000Z</time>
      </trkpt>
      <trkpt lat="46.02205" lon="13.68022">
        <ele>481.72898</ele>
        <time>2000-01-01T06:10:02.000Z</time>
      </trkpt>
      <trkpt lat="46.02202" lon="13.68057">
        <ele>485.32981</ele>
        <time>2000-01-01T06:10:12.000Z</time>
      </trkpt>
      <trkpt lat="46.02199" lon="13.68065">
        <ele>485.53847</ele>
        <time>2000-01-01T06:10:22.000Z</time>
      </trkpt>
      <trkpt lat="46.02194" lon="13.68075">
        <ele>485.77716</ele>
        <time>2000-01-01T06:10:32.000Z</time>
      </trkpt>
      <trkpt lat="46.02192" lon="13.68096">
        <ele>487.9809</ele>
        <time>2000-01-01T06:10:42.000Z</time>
      </trkpt>
      <trkpt lat="46.02194" lon="13.68108">
        <ele>489.62328</ele>
        <time>2000-01-01T06:10:52.000Z</time>
      </trkpt>
      <trkpt lat="46.02197" lon="13.6815">
        <ele>493.28958</ele>
        <time>2000-01-01T06:11:02.000Z</time>
      </trkpt>
      <trkpt lat="46.022" lon="13.68159">
        <ele>494.46749</ele>
        <time>2000-01-01T06:11:12.000Z</time>
      </trkpt>
      <trkpt lat="46.02202" lon="13.68176">
        <ele>495.38073</ele>
        <time>2000-01-01T06:11:22.000Z</time>
      </trkpt>
      <trkpt lat="46.02206" lon="13.68202">
        <ele>497.59861</ele>
        <time>2000-01-01T06:11:32.000Z</time>
      </trkpt>
      <trkpt lat="46.02208" lon="13.68218">
        <ele>500.09021</ele>
        <time>2000-01-01T06:11:42.000Z</time>
      </trkpt>
      <trkpt lat="46.02209" lon="13.68236">
        <ele>502.45435</ele>
        <time>2000-01-01T06:11:52.000Z</time>
      </trkpt>
      <trkpt lat="46.02205" lon="13.6827">
        <ele>506.53449</ele>
        <time>2000-01-01T06:12:02.000Z</time>
      </trkpt>
      <trkpt lat="46.02194" lon="13.68306">
        <ele>508.93969</ele>
        <time>2000-01-01T06:12:12.000Z</time>
      </trkpt>
      <trkpt lat="46.02191" lon="13.68322">
        <ele>510.13317</ele>
        <time>2000-01-01T06:12:22.000Z</time>
      </trkpt>
      <trkpt lat="46.02183" lon="13.68337">
        <ele>510.53734</ele>
        <time>2000-01-01T06:12:32.000Z</time>
      </trkpt>
      <trkpt lat="46.02175" lon="13.68355">
        <ele>512.02817</ele>
        <time>2000-01-01T06:12:42.000Z</time>
      </trkpt>
      <trkpt lat="46.02153" lon="13.68397">
        <ele>517.18222</ele>
        <time>2000-01-01T06:12:52.000Z</time>
      </trkpt>
      <trkpt lat="46.02146" lon="13.68408">
        <ele>518.8231</ele>
        <time>2000-01-01T06:13:02.000Z</time>
      </trkpt>
      <trkpt lat="46.0214" lon="13.68416">
        <ele>519.17082</ele>
        <time>2000-01-01T06:13:12.000Z</time>
      </trkpt>
      <trkpt lat="46.02131" lon="13.68432">
        <ele>519.88373</ele>
        <time>2000-01-01T06:13:22.000Z</time>
      </trkpt>
      <trkpt lat="46.02126" lon="13.68447">
        <ele>521.42362</ele>
        <time>2000-01-01T06:13:32.000Z</time>
      </trkpt>
      <trkpt lat="46.02117" lon="13.68459">
        <ele>521.54555</ele>
        <time>2000-01-01T06:13:42.000Z</time>
      </trkpt>
      <trkpt lat="46.02111" lon="13.68476">
        <ele>523.86802</ele>
        <time>2000-01-01T06:13:52.000Z</time>
      </trkpt>
      <trkpt lat="46.02103" lon="13.68487">
        <ele>524.25633</ele>
        <time>2000-01-01T06:14:02.000Z</time>
      </trkpt>
      <trkpt lat="46.02092" lon="13.68519">
        <ele>528.82193</ele>
        <time>2000-01-01T06:14:12.000Z</time>
      </trkpt>
      <trkpt lat="46.02087" lon="13.68532">
        <ele>530.6817</ele>
        <time>2000-01-01T06:14:22.000Z</time>
      </trkpt>
      <trkpt lat="46.02083" lon="13.68549">
        <ele>534.08771</ele>
        <time>2000-01-01T06:14:32.000Z</time>
      </trkpt>
      <trkpt lat="46.0207" lon="13.68578">
        <ele>534.57762</ele>
        <time>2000-01-01T06:14:42.000Z</time>
      </trkpt>
      <trkpt lat="46.02068" lon="13.68602">
        <ele>540.07495</ele>
        <time>2000-01-01T06:14:52.000Z</time>
      </trkpt>
      <trkpt lat="46.02062" lon="13.6863">
        <ele>545.55114</ele>
        <time>2000-01-01T06:15:02.000Z</time>
      </trkpt>
      <trkpt lat="46.02047" lon="13.68664">
        <ele>547.39495</ele>
        <time>2000-01-01T06:15:12.000Z</time>
      </trkpt>
      <trkpt lat="46.02038" lon="13.68687">
        <ele>550.55034</ele>
        <time>2000-01-01T06:15:22.000Z</time>
      </trkpt>
      <trkpt lat="46.02014" lon="13.68728">
        <ele>556.58631</ele>
        <time>2000-01-01T06:15:32.000Z</time>
      </trkpt>
      <trkpt lat="46.01987" lon="13.68755">
        <ele>558.63029</ele>
        <time>2000-01-01T06:15:42.000Z</time>
      </trkpt>
      <trkpt lat="46.01979" lon="13.68761">
        <ele>558.38319</ele>
        <time>2000-01-01T06:15:52.000Z</time>
      </trkpt>
      <trkpt lat="46.01967" lon="13.68764">
        <ele>555.10599</ele>
        <time>2000-01-01T06:16:02.000Z</time>
      </trkpt>
      <trkpt lat="46.01957" lon="13.68777">
        <ele>555.20156</ele>
        <time>2000-01-01T06:16:12.000Z</time>
      </trkpt>
      <trkpt lat="46.01952" lon="13.68796">
        <ele>556.28587</ele>
        <time>2000-01-01T06:16:22.000Z</time>
      </trkpt>
      <trkpt lat="46.01959" lon="13.68824">
        <ele>564.79804</ele>
        <time>2000-01-01T06:16:32.000Z</time>
      </trkpt>
      <trkpt lat="46.0196" lon="13.68844">
        <ele>568.83314</ele>
        <time>2000-01-01T06:16:42.000Z</time>
      </trkpt>
      <trkpt lat="46.0196" lon="13.68859">
        <ele>570.93614</ele>
        <time>2000-01-01T06:16:52.000Z</time>
      </trkpt>
      <trkpt lat="46.01963" lon="13.68925">
        <ele>581.04641</ele>
        <time>2000-01-01T06:17:02.000Z</time>
      </trkpt>
      <trkpt lat="46.01958" lon="13.68942">
        <ele>579.99341</ele>
        <time>2000-01-01T06:17:12.000Z</time>
      </trkpt>
      <trkpt lat="46.01954" lon="13.68969">
        <ele>581.78335</ele>
        <time>2000-01-01T06:17:22.000Z</time>
      </trkpt>
      <trkpt lat="46.01946" lon="13.68983">
        <ele>580.89137</ele>
        <time>2000-01-01T06:17:32.000Z</time>
      </trkpt>
      <trkpt lat="46.01941" lon="13.68993">
        <ele>581.12328</ele>
        <time>2000-01-01T06:17:42.000Z</time>
      </trkpt>
      <trkpt lat="46.01935" lon="13.69002">
        <ele>580.80229</ele>
        <time>2000-01-01T06:17:52.000Z</time>
      </trkpt>
      <trkpt lat="46.01931" lon="13.69013">
        <ele>581.98002</ele>
        <time>2000-01-01T06:18:02.000Z</time>
      </trkpt>
      <trkpt lat="46.01929" lon="13.69017">
        <ele>582.36758</ele>
        <time>2000-01-01T06:18:12.000Z</time>
      </trkpt>
      <trkpt lat="46.01918" lon="13.69031">
        <ele>583.2726</ele>
        <time>2000-01-01T06:18:22.000Z</time>
      </trkpt>
      <trkpt lat="46.01906" lon="13.69055">
        <ele>587.13745</ele>
        <time>2000-01-01T06:18:32.000Z</time>
      </trkpt>
      <trkpt lat="46.01891" lon="13.69081">
        <ele>589.92313</ele>
        <time>2000-01-01T06:18:42.000Z</time>
      </trkpt>
      <trkpt lat="46.01884" lon="13.69097">
        <ele>593.02821</ele>
        <time>2000-01-01T06:18:52.000Z</time>
      </trkpt>
      <trkpt lat="46.01871" lon="13.69117">
        <ele>595.43604</ele>
        <time>2000-01-01T06:19:02.000Z</time>
      </trkpt>
      <trkpt lat="46.01859" lon="13.69127">
        <ele>595.22564</ele>
        <time>2000-01-01T06:19:12.000Z</time>
      </trkpt>
      <trkpt lat="46.01835" lon="13.69166">
        <ele>598.17507</ele>
        <time>2000-01-01T06:19:22.000Z</time>
      </trkpt>
      <trkpt lat="46.0183" lon="13.69176">
        <ele>599.61402</ele>
        <time>2000-01-01T06:19:32.000Z</time>
      </trkpt>
      <trkpt lat="46.01823" lon="13.69188">
        <ele>602.07678</ele>
        <time>2000-01-01T06:19:42.000Z</time>
      </trkpt>
      <trkpt lat="46.01817" lon="13.69196">
        <ele>604.00393</ele>
        <time>2000-01-01T06:19:52.000Z</time>
      </trkpt>
      <trkpt lat="46.01801" lon="13.69226">
        <ele>610.96169</ele>
        <time>2000-01-01T06:20:02.000Z</time>
      </trkpt>
      <trkpt lat="46.01779" lon="13.69255">
        <ele>612.7632</ele>
        <time>2000-01-01T06:20:12.000Z</time>
      </trkpt>
      <trkpt lat="46.01773" lon="13.69265">
        <ele>613.35333</ele>
        <time>2000-01-01T06:20:22.000Z</time>
      </trkpt>
      <trkpt lat="46.01764" lon="13.69276">
        <ele>612.96026</ele>
        <time>2000-01-01T06:20:32.000Z</time>
      </trkpt>
      <trkpt lat="46.01752" lon="13.69297">
        <ele>615.19936</ele>
        <time>2000-01-01T06:20:42.000Z</time>
      </trkpt>
      <trkpt lat="46.01741" lon="13.69325">
        <ele>618.51237</ele>
        <time>2000-01-01T06:20:52.000Z</time>
      </trkpt>
      <trkpt lat="46.01736" lon="13.69342">
        <ele>620.60251</ele>
        <time>2000-01-01T06:21:02.000Z</time>
      </trkpt>
      <trkpt lat="46.01725" lon="13.69362">
        <ele>621.28048</ele>
        <time>2000-01-01T06:21:12.000Z</time>
      </trkpt>
      <trkpt lat="46.01722" lon="13.6937">
        <ele>621.87918</ele>
        <time>2000-01-01T06:21:22.000Z</time>
      </trkpt>
      <trkpt lat="46.0171" lon="13.69392">
        <ele>621.94597</ele>
        <time>2000-01-01T06:21:32.000Z</time>
      </trkpt>
      <trkpt lat="46.017" lon="13.69415">
        <ele>623.55336</ele>
        <time>2000-01-01T06:21:42.000Z</time>
      </trkpt>
      <trkpt lat="46.01691" lon="13.69442">
        <ele>627.19524</ele>
        <time>2000-01-01T06:21:52.000Z</time>
      </trkpt>
      <trkpt lat="46.01679" lon="13.69468">
        <ele>628.29117</ele>
        <time>2000-01-01T06:22:02.000Z</time>
      </trkpt>
      <trkpt lat="46.01675" lon="13.69474">
        <ele>628.10399</ele>
        <time>2000-01-01T06:22:12.000Z</time>
      </trkpt>
      <trkpt lat="46.01666" lon="13.69492">
        <ele>629.80219</ele>
        <time>2000-01-01T06:22:22.000Z</time>
      </trkpt>
      <trkpt lat="46.01664" lon="13.695">
        <ele>631.17301</ele>
        <time>2000-01-01T06:22:32.000Z</time>
      </trkpt>
      <trkpt lat="46.01658" lon="13.69518">
        <ele>633.277</ele>
        <time>2000-01-01T06:22:42.000Z</time>
      </trkpt>
      <trkpt lat="46.01655" lon="13.69531">
        <ele>634.80839</ele>
        <time>2000-01-01T06:22:52.000Z</time>
      </trkpt>
      <trkpt lat="46.01652" lon="13.69541">
        <ele>635.34814</ele>
        <time>2000-01-01T06:23:02.000Z</time>
      </trkpt>
      <trkpt lat="46.01651" lon="13.69554">
        <ele>636.7187</ele>
        <time>2000-01-01T06:23:12.000Z</time>
      </trkpt>
      <trkpt lat="46.01648" lon="13.6957">
        <ele>637.51287</ele>
        <time>2000-01-01T06:23:22.000Z</time>
      </trkpt>
      <trkpt lat="46.01646" lon="13.69585">
        <ele>638.41678</ele>
        <time>2000-01-01T06:23:32.000Z</time>
      </trkpt>
      <trkpt lat="46.01646" lon="13.69594">
        <ele>639.34983</ele>
        <time>2000-01-01T06:23:42.000Z</time>
      </trkpt>
      <trkpt lat="46.01643" lon="13.6962">
        <ele>641.46182</ele>
        <time>2000-01-01T06:23:52.000Z</time>
      </trkpt>
      <trkpt lat="46.01644" lon="13.69638">
        <ele>644.57539</ele>
        <time>2000-01-01T06:24:02.000Z</time>
      </trkpt>
      <trkpt lat="46.01644" lon="13.69653">
        <ele>647.25415</ele>
        <time>2000-01-01T06:24:12.000Z</time>
      </trkpt>
      <trkpt lat="46.01642" lon="13.69666">
        <ele>649.01784</ele>
        <time>2000-01-01T06:24:22.000Z</time>
      </trkpt>
      <trkpt lat="46.01637" lon="13.69713">
        <ele>655.88219</ele>
        <time>2000-01-01T06:24:32.000Z</time>
      </trkpt>
      <trkpt lat="46.01633" lon="13.69732">
        <ele>658.11763</ele>
        <time>2000-01-01T06:24:42.000Z</time>
      </trkpt>
      <trkpt lat="46.01627" lon="13.69746">
        <ele>658.62247</ele>
        <time>2000-01-01T06:24:52.000Z</time>
      </trkpt>
      <trkpt lat="46.01623" lon="13.69759">
        <ele>660.22432</ele>
        <time>2000-01-01T06:25:02.000Z</time>
      </trkpt>
      <trkpt lat="46.01615" lon="13.69789">
        <ele>665.38417</ele>
        <time>2000-01-01T06:25:12.000Z</time>
      </trkpt>
      <trkpt lat="46.01603" lon="13.69821">
        <ele>671.21036</ele>
        <time>2000-01-01T06:25:22.000Z</time>
      </trkpt>
      <trkpt lat="46.01597" lon="13.69835">
        <ele>672.83871</ele>
        <time>2000-01-01T06:25:32.000Z</time>
      </trkpt>
      <trkpt lat="46.01593" lon="13.69854">
        <ele>674.78847</ele>
        <time>2000-01-01T06:25:42.000Z</time>
      </trkpt>
      <trkpt lat="46.01581" lon="13.69894">
        <ele>673.6341</ele>
        <time>2000-01-01T06:25:52.000Z</time>
      </trkpt>
      <trkpt lat="46.01573" lon="13.69914">
        <ele>673.47195</ele>
        <time>2000-01-01T06:26:02.000Z</time>
      </trkpt>
      <trkpt lat="46.01568" lon="13.69937">
        <ele>675.28013</ele>
        <time>2000-01-01T06:26:12.000Z</time>
      </trkpt>
      <trkpt lat="46.01555" lon="13.69964">
        <ele>674.34045</ele>
        <time>2000-01-01T06:26:22.000Z</time>
      </trkpt>
      <trkpt lat="46.01547" lon="13.69989">
        <ele>676.69869</ele>
        <time>2000-01-01T06:26:32.000Z</time>
      </trkpt>
      <trkpt lat="46.01542" lon="13.70002">
        <ele>677.54971</ele>
        <time>2000-01-01T06:26:42.000Z</time>
      </trkpt>
      <trkpt lat="46.01528" lon="13.70027">
        <ele>677.93709</ele>
        <time>2000-01-01T06:26:52.000Z</time>
      </trkpt>
      <trkpt lat="46.01524" lon="13.70043">
        <ele>679.57531</ele>
        <time>2000-01-01T06:27:02.000Z</time>
      </trkpt>
      <trkpt lat="46.01504" lon="13.70085">
        <ele>679.6091</ele>
        <time>2000-01-01T06:27:12.000Z</time>
      </trkpt>
      <trkpt lat="46.01504" lon="13.70105">
        <ele>680.24581</ele>
        <time>2000-01-01T06:27:22.000Z</time>
      </trkpt>
      <trkpt lat="46.01513" lon="13.70143">
        <ele>684.6471</ele>
        <time>2000-01-01T06:27:32.000Z</time>
      </trkpt>
      <trkpt lat="46.01513" lon="13.70187">
        <ele>688.72241</ele>
        <time>2000-01-01T06:27:42.000Z</time>
      </trkpt>
      <trkpt lat="46.01515" lon="13.70201">
        <ele>691.12112</ele>
        <time>2000-01-01T06:27:52.000Z</time>
      </trkpt>
      <trkpt lat="46.01516" lon="13.70212">
        <ele>691.90713</ele>
        <time>2000-01-01T06:28:02.000Z</time>
      </trkpt>
      <trkpt lat="46.01518" lon="13.70222">
        <ele>692.7516</ele>
        <time>2000-01-01T06:28:12.000Z</time>
      </trkpt>
      <trkpt lat="46.01523" lon="13.7024">
        <ele>694.70489</ele>
        <time>2000-01-01T06:28:22.000Z</time>
      </trkpt>
      <trkpt lat="46.01528" lon="13.70237">
        <ele>695.51513</ele>
        <time>2000-01-01T06:28:32.000Z</time>
      </trkpt>
      <trkpt lat="46.01526" lon="13.70246">
        <ele>695.54401</ele>
        <time>2000-01-01T06:28:42.000Z</time>
      </trkpt>
      <trkpt lat="46.01516" lon="13.70256">
        <ele>694.03899</ele>
        <time>2000-01-01T06:28:52.000Z</time>
      </trkpt>
      <trkpt lat="46.01509" lon="13.70262">
        <ele>692.90846</ele>
        <time>2000-01-01T06:29:02.000Z</time>
      </trkpt>
      <trkpt lat="46.01506" lon="13.70277">
        <ele>693.21149</ele>
        <time>2000-01-01T06:29:12.000Z</time>
      </trkpt>
      <trkpt lat="46.01504" lon="13.70296">
        <ele>693.4848</ele>
        <time>2000-01-01T06:29:22.000Z</time>
      </trkpt>
      <trkpt lat="46.01505" lon="13.70308">
        <ele>694.22364</ele>
        <time>2000-01-01T06:29:32.000Z</time>
      </trkpt>
      <trkpt lat="46.01505" lon="13.7032">
        <ele>695.01823</ele>
        <time>2000-01-01T06:29:42.000Z</time>
      </trkpt>
      <trkpt lat="46.015" lon="13.70335">
        <ele>695.15028</ele>
        <time>2000-01-01T06:29:52.000Z</time>
      </trkpt>
      <trkpt lat="46.01483" lon="13.70355">
        <ele>693.65408</ele>
        <time>2000-01-01T06:30:02.000Z</time>
      </trkpt>
      <trkpt lat="46.01471" lon="13.70371">
        <ele>695.17237</ele>
        <time>2000-01-01T06:30:12.000Z</time>
      </trkpt>
      <trkpt lat="46.0145" lon="13.70382">
        <ele>694.1339</ele>
        <time>2000-01-01T06:30:22.000Z</time>
      </trkpt>
      <trkpt lat="46.01444" lon="13.70387">
        <ele>694.4886</ele>
        <time>2000-01-01T06:30:32.000Z</time>
      </trkpt>
      <trkpt lat="46.01436" lon="13.70391">
        <ele>694.4095</ele>
        <time>2000-01-01T06:30:42.000Z</time>
      </trkpt>
      <trkpt lat="46.01428" lon="13.70401">
        <ele>695.36911</ele>
        <time>2000-01-01T06:30:52.000Z</time>
      </trkpt>
      <trkpt lat="46.01417" lon="13.70422">
        <ele>695.22501</ele>
        <time>2000-01-01T06:31:02.000Z</time>
      </trkpt>
      <trkpt lat="46.01396" lon="13.7044">
        <ele>689.29854</ele>
        <time>2000-01-01T06:31:12.000Z</time>
      </trkpt>
      <trkpt lat="46.01384" lon="13.70457">
        <ele>684.5525</ele>
        <time>2000-01-01T06:31:22.000Z</time>
      </trkpt>
      <trkpt lat="46.01363" lon="13.70485">
        <ele>680.78224</ele>
        <time>2000-01-01T06:31:32.000Z</time>
      </trkpt>
      <trkpt lat="46.01359" lon="13.70501">
        <ele>680.62054</ele>
        <time>2000-01-01T06:31:42.000Z</time>
      </trkpt>
      <trkpt lat="46.0136" lon="13.70517">
        <ele>681.17671</ele>
        <time>2000-01-01T06:31:52.000Z</time>
      </trkpt>
      <trkpt lat="46.01359" lon="13.70537">
        <ele>682.10117</ele>
        <time>2000-01-01T06:32:02.000Z</time>
      </trkpt>
      <trkpt lat="46.0136" lon="13.70552">
        <ele>684.11668</ele>
        <time>2000-01-01T06:32:12.000Z</time>
      </trkpt>
      <trkpt lat="46.01358" lon="13.70576">
        <ele>686.23872</ele>
        <time>2000-01-01T06:32:22.000Z</time>
      </trkpt>
      <trkpt lat="46.01323" lon="13.70652">
        <ele>695.01404</ele>
        <time>2000-01-01T06:32:32.000Z</time>
      </trkpt>
      <trkpt lat="46.01302" lon="13.70676">
        <ele>694.73405</ele>
        <time>2000-01-01T06:32:42.000Z</time>
      </trkpt>
      <trkpt lat="46.01298" lon="13.70691">
        <ele>698.59594</ele>
        <time>2000-01-01T06:32:52.000Z</time>
      </trkpt>
      <trkpt lat="46.01294" lon="13.70703">
        <ele>701.60355</ele>
        <time>2000-01-01T06:33:02.000Z</time>
      </trkpt>
      <trkpt lat="46.01285" lon="13.70759">
        <ele>711.4504</ele>
        <time>2000-01-01T06:33:12.000Z</time>
      </trkpt>
      <trkpt lat="46.01285" lon="13.70788">
        <ele>715.34998</ele>
        <time>2000-01-01T06:33:22.000Z</time>
      </trkpt>
      <trkpt lat="46.01286" lon="13.70799">
        <ele>716.383</ele>
        <time>2000-01-01T06:33:32.000Z</time>
      </trkpt>
      <trkpt lat="46.01294" lon="13.70845">
        <ele>716.03737</ele>
        <time>2000-01-01T06:33:42.000Z</time>
      </trkpt>
      <trkpt lat="46.01297" lon="13.70872">
        <ele>716.36269</ele>
        <time>2000-01-01T06:33:52.000Z</time>
      </trkpt>
      <trkpt lat="46.01297" lon="13.70882">
        <ele>716.39067</ele>
        <time>2000-01-01T06:34:02.000Z</time>
      </trkpt>
      <trkpt lat="46.01298" lon="13.70891">
        <ele>716.86554</ele>
        <time>2000-01-01T06:34:12.000Z</time>
      </trkpt>
      <trkpt lat="46.01304" lon="13.70904">
        <ele>719.7644</ele>
        <time>2000-01-01T06:34:22.000Z</time>
      </trkpt>
      <trkpt lat="46.01315" lon="13.70913">
        <ele>725.06526</ele>
        <time>2000-01-01T06:34:32.000Z</time>
      </trkpt>
      <trkpt lat="46.0133" lon="13.70896">
        <ele>734.0377</ele>
        <time>2000-01-01T06:34:42.000Z</time>
      </trkpt>
      <trkpt lat="46.01337" lon="13.70876">
        <ele>737.81412</ele>
        <time>2000-01-01T06:34:52.000Z</time>
      </trkpt>
      <trkpt lat="46.01342" lon="13.70864">
        <ele>739.56797</ele>
        <time>2000-01-01T06:35:02.000Z</time>
      </trkpt>
      <trkpt lat="46.01346" lon="13.70836">
        <ele>739.95375</ele>
        <time>2000-01-01T06:35:12.000Z</time>
      </trkpt>
      <trkpt lat="46.01365" lon="13.70847">
        <ele>746.82772</ele>
        <time>2000-01-01T06:35:22.000Z</time>
      </trkpt>
      <trkpt lat="46.01374" lon="13.70866">
        <ele>750.62622</ele>
        <time>2000-01-01T06:35:32.000Z</time>
      </trkpt>
      <trkpt lat="46.01379" lon="13.7088">
        <ele>752.47212</ele>
        <time>2000-01-01T06:35:42.000Z</time>
      </trkpt>
      <trkpt lat="46.01384" lon="13.70898">
        <ele>754.23086</ele>
        <time>2000-01-01T06:35:52.000Z</time>
      </trkpt>
      <trkpt lat="46.01399" lon="13.70911">
        <ele>760.32389</ele>
        <time>2000-01-01T06:36:02.000Z</time>
      </trkpt>
      <trkpt lat="46.01413" lon="13.70915">
        <ele>766.48925</ele>
        <time>2000-01-01T06:36:12.000Z</time>
      </trkpt>
      <trkpt lat="46.01418" lon="13.7092">
        <ele>768.27145</ele>
        <time>2000-01-01T06:36:22.000Z</time>
      </trkpt>
      <trkpt lat="46.01416" lon="13.70926">
        <ele>766.66279</ele>
        <time>2000-01-01T06:36:32.000Z</time>
      </trkpt>
      <trkpt lat="46.01422" lon="13.70933">
        <ele>768.55887</ele>
        <time>2000-01-01T06:36:42.000Z</time>
      </trkpt>
      <trkpt lat="46.01439" lon="13.70948">
        <ele>776.07873</ele>
        <time>2000-01-01T06:36:52.000Z</time>
        <extensions>
          <oa:locType>calcWayPoint</oa:locType>
        </extensions>
      </trkpt>
      <trkpt lat="46.01453" lon="13.70949">
        <ele>782.34445</ele>
        <time>2000-01-01T06:37:02.000Z</time>
      </trkpt>
      <trkpt lat="46.01464" lon="13.70952">
        <ele>786.61187</ele>
        <time>2000-01-01T06:37:12.000Z</time>
      </trkpt>
      <trkpt lat="46.01471" lon="13.70953">
        <ele>789.05313</ele>
        <time>2000-01-01T06:37:22.000Z</time>
      </trkpt>
      <trkpt lat="46.01473" lon="13.70944">
        <ele>790.27781</ele>
        <time>2000-01-01T06:37:32.000Z</time>
      </trkpt>
      <trkpt lat="46.01486" lon="13.70919">
        <ele>795.49016</ele>
        <time>2000-01-01T06:37:42.000Z</time>
      </trkpt>
      <trkpt lat="46.01493" lon="13.70902">
        <ele>796.1398</ele>
        <time>2000-01-01T06:37:52.000Z</time>
      </trkpt>
      <trkpt lat="46.01491" lon="13.70894">
        <ele>795.53555</ele>
        <time>2000-01-01T06:38:02.000Z</time>
      </trkpt>
      <trkpt lat="46.01494" lon="13.70888">
        <ele>795.91877</ele>
        <time>2000-01-01T06:38:12.000Z</time>
      </trkpt>
      <trkpt lat="46.01497" lon="13.70885">
        <ele>796.39709</ele>
        <time>2000-01-01T06:38:22.000Z</time>
      </trkpt>
      <trkpt lat="46.015" lon="13.70885">
        <ele>796.91389</ele>
        <time>2000-01-01T06:38:32.000Z</time>
      </trkpt>
      <trkpt lat="46.01506" lon="13.70881">
        <ele>797.68214</ele>
        <time>2000-01-01T06:38:42.000Z</time>
      </trkpt>
      <trkpt lat="46.01512" lon="13.70883">
        <ele>798.47438</ele>
        <time>2000-01-01T06:38:52.000Z</time>
      </trkpt>
      <trkpt lat="46.01524" lon="13.70878">
        <ele>799.40002</ele>
        <time>2000-01-01T06:39:02.000Z</time>
      </trkpt>
      <trkpt lat="46.01529" lon="13.70875">
        <ele>799.64831</ele>
        <time>2000-01-01T06:39:12.000Z</time>
      </trkpt>
      <trkpt lat="46.01531" lon="13.7087">
        <ele>799.5638</ele>
        <time>2000-01-01T06:39:22.000Z</time>
      </trkpt>
      <trkpt lat="46.01537" lon="13.70863">
        <ele>799.55154</ele>
        <time>2000-01-01T06:39:32.000Z</time>
      </trkpt>
      <trkpt lat="46.01548" lon="13.70858">
        <ele>799.67483</ele>
        <time>2000-01-01T06:39:42.000Z</time>
      </trkpt>
      <trkpt lat="46.01556" lon="13.70862">
        <ele>800.04942</ele>
        <time>2000-01-01T06:39:52.000Z</time>
      </trkpt>
      <trkpt lat="46.01563" lon="13.70864">
        <ele>800.39754</ele>
        <time>2000-01-01T06:40:02.000Z</time>
      </trkpt>
      <trkpt lat="46.01579" lon="13.70843">
        <ele>799.62756</ele>
        <time>2000-01-01T06:40:12.000Z</time>
      </trkpt>
      <trkpt lat="46.01586" lon="13.70831">
        <ele>798.94292</ele>
        <time>2000-01-01T06:40:22.000Z</time>
      </trkpt>
      <trkpt lat="46.01588" lon="13.70819">
        <ele>798.53067</ele>
        <time>2000-01-01T06:40:32.000Z</time>
      </trkpt>
      <trkpt lat="46.01602" lon="13.70812">
        <ele>797.75844</ele>
        <time>2000-01-01T06:40:42.000Z</time>
      </trkpt>
      <trkpt lat="46.0161" lon="13.70785">
        <ele>796.2527</ele>
        <time>2000-01-01T06:40:52.000Z</time>
      </trkpt>
      <trkpt lat="46.01608" lon="13.70775">
        <ele>795.72364</ele>
        <time>2000-01-01T06:41:02.000Z</time>
      </trkpt>
      <trkpt lat="46.01608" lon="13.70757">
        <ele>794.50806</ele>
        <time>2000-01-01T06:41:12.000Z</time>
      </trkpt>
      <trkpt lat="46.01604" lon="13.70746">
        <ele>793.05744</ele>
        <time>2000-01-01T06:41:22.000Z</time>
      </trkpt>
      <trkpt lat="46.01616" lon="13.70705">
        <ele>788.01773</ele>
        <time>2000-01-01T06:41:32.000Z</time>
      </trkpt>
      <trkpt lat="46.01619" lon="13.707">
        <ele>787.45055</ele>
        <time>2000-01-01T06:41:42.000Z</time>
      </trkpt>
      <trkpt lat="46.01622" lon="13.70693">
        <ele>786.44901</ele>
        <time>2000-01-01T06:41:52.000Z</time>
      </trkpt>
      <trkpt lat="46.01629" lon="13.7068">
        <ele>784.45349</ele>
        <time>2000-01-01T06:42:02.000Z</time>
      </trkpt>
      <trkpt lat="46.01632" lon="13.70673">
        <ele>783.50234</ele>
        <time>2000-01-01T06:42:12.000Z</time>
      </trkpt>
      <trkpt lat="46.01638" lon="13.70663">
        <ele>782.51359</ele>
        <time>2000-01-01T06:42:22.000Z</time>
      </trkpt>
      <trkpt lat="46.01643" lon="13.70658">
        <ele>782.25221</ele>
        <time>2000-01-01T06:42:32.000Z</time>
      </trkpt>
      <trkpt lat="46.01652" lon="13.70654">
        <ele>782.24903</ele>
        <time>2000-01-01T06:42:42.000Z</time>
      </trkpt>
      <trkpt lat="46.01658" lon="13.7065">
        <ele>782.03438</ele>
        <time>2000-01-01T06:42:52.000Z</time>
      </trkpt>
      <trkpt lat="46.01679" lon="13.70649">
        <ele>781.71352</ele>
        <time>2000-01-01T06:43:02.000Z</time>
      </trkpt>
      <trkpt lat="46.01696" lon="13.70628">
        <ele>778.82146</ele>
        <time>2000-01-01T06:43:12.000Z</time>
      </trkpt>
      <trkpt lat="46.01704" lon="13.70622">
        <ele>778.4489</ele>
        <time>2000-01-01T06:43:22.000Z</time>
      </trkpt>
      <trkpt lat="46.01712" lon="13.70617">
        <ele>778.22679</ele>
        <time>2000-01-01T06:43:32.000Z</time>
      </trkpt>
      <trkpt lat="46.01714" lon="13.70605">
        <ele>776.79094</ele>
        <time>2000-01-01T06:43:42.000Z</time>
      </trkpt>
      <trkpt lat="46.01717" lon="13.70592">
        <ele>775.42223</ele>
        <time>2000-01-01T06:43:52.000Z</time>
      </trkpt>
      <trkpt lat="46.01727" lon="13.70576">
        <ele>774.88845</ele>
        <time>2000-01-01T06:44:02.000Z</time>
      </trkpt>
      <trkpt lat="46.01729" lon="13.70571">
        <ele>774.79253</ele>
        <time>2000-01-01T06:44:12.000Z</time>
      </trkpt>
      <trkpt lat="46.01731" lon="13.70559">
        <ele>774.4044</ele>
        <time>2000-01-01T06:44:22.000Z</time>
      </trkpt>
      <trkpt lat="46.01729" lon="13.70546">
        <ele>773.52687</ele>
        <time>2000-01-01T06:44:32.000Z</time>
      </trkpt>
      <trkpt lat="46.01724" lon="13.70536">
        <ele>772.56531</ele>
        <time>2000-01-01T06:44:42.000Z</time>
      </trkpt>
      <trkpt lat="46.01724" lon="13.70523">
        <ele>771.93196</ele>
        <time>2000-01-01T06:44:52.000Z</time>
      </trkpt>
      <trkpt lat="46.01726" lon="13.70515">
        <ele>771.58552</ele>
        <time>2000-01-01T06:45:02.000Z</time>
      </trkpt>
      <trkpt lat="46.01736" lon="13.70492">
        <ele>770.79225</ele>
        <time>2000-01-01T06:45:12.000Z</time>
      </trkpt>
      <trkpt lat="46.01736" lon="13.70471">
        <ele>768.82158</ele>
        <time>2000-01-01T06:45:22.000Z</time>
      </trkpt>
      <trkpt lat="46.01733" lon="13.70454">
        <ele>767.23509</ele>
        <time>2000-01-01T06:45:32.000Z</time>
      </trkpt>
      <trkpt lat="46.01741" lon="13.70423">
        <ele>763.71747</ele>
        <time>2000-01-01T06:45:42.000Z</time>
      </trkpt>
      <trkpt lat="46.01748" lon="13.70418">
        <ele>763.11195</ele>
        <time>2000-01-01T06:45:52.000Z</time>
      </trkpt>
      <trkpt lat="46.01769" lon="13.70406">
        <ele>762.43267</ele>
        <time>2000-01-01T06:46:02.000Z</time>
      </trkpt>
      <trkpt lat="46.01801" lon="13.7039">
        <ele>764.44038</ele>
        <time>2000-01-01T06:46:12.000Z</time>
      </trkpt>
      <trkpt lat="46.01809" lon="13.70382">
        <ele>763.878</ele>
        <time>2000-01-01T06:46:22.000Z</time>
      </trkpt>
      <trkpt lat="46.01814" lon="13.7038">
        <ele>764.14159</ele>
        <time>2000-01-01T06:46:32.000Z</time>
      </trkpt>
      <trkpt lat="46.01821" lon="13.70372">
        <ele>762.8672</ele>
        <time>2000-01-01T06:46:42.000Z</time>
      </trkpt>
      <trkpt lat="46.01827" lon="13.70371">
        <ele>763.25716</ele>
        <time>2000-01-01T06:46:52.000Z</time>
      </trkpt>
      <trkpt lat="46.01832" lon="13.70369">
        <ele>763.1443</ele>
        <time>2000-01-01T06:47:02.000Z</time>
      </trkpt>
      <trkpt lat="46.0184" lon="13.70367">
        <ele>763.24216</ele>
        <time>2000-01-01T06:47:12.000Z</time>
      </trkpt>
      <trkpt lat="46.01848" lon="13.70359">
        <ele>761.77479</ele>
        <time>2000-01-01T06:47:22.000Z</time>
      </trkpt>
      <trkpt lat="46.01864" lon="13.70345">
        <ele>759.10888</ele>
        <time>2000-01-01T06:47:32.000Z</time>
      </trkpt>
      <trkpt lat="46.01875" lon="13.70334">
        <ele>756.95712</ele>
        <time>2000-01-01T06:47:42.000Z</time>
      </trkpt>
      <trkpt lat="46.01888" lon="13.70325">
        <ele>755.70324</ele>
        <time>2000-01-01T06:47:52.000Z</time>
      </trkpt>
      <trkpt lat="46.01896" lon="13.70322">
        <ele>754.95971</ele>
        <time>2000-01-01T06:48:02.000Z</time>
      </trkpt>
      <trkpt lat="46.01905" lon="13.70324">
        <ele>754.35962</ele>
        <time>2000-01-01T06:48:12.000Z</time>
      </trkpt>
      <trkpt lat="46.01915" lon="13.70316">
        <ele>752.10571</ele>
        <time>2000-01-01T06:48:22.000Z</time>
      </trkpt>
      <trkpt lat="46.01927" lon="13.70316">
        <ele>750.96729</ele>
        <time>2000-01-01T06:48:32.000Z</time>
      </trkpt>
      <trkpt lat="46.01932" lon="13.70315">
        <ele>750.46591</ele>
        <time>2000-01-01T06:48:42.000Z</time>
      </trkpt>
      <trkpt lat="46.01949" lon="13.7032">
        <ele>749.26999</ele>
        <time>2000-01-01T06:48:52.000Z</time>
      </trkpt>
      <trkpt lat="46.01958" lon="13.70325">
        <ele>749.14603</ele>
        <time>2000-01-01T06:49:02.000Z</time>
      </trkpt>
      <trkpt lat="46.01967" lon="13.70318">
        <ele>749.65389</ele>
        <time>2000-01-01T06:49:12.000Z</time>
      </trkpt>
      <trkpt lat="46.01976" lon="13.70309">
        <ele>749.91174</ele>
        <time>2000-01-01T06:49:22.000Z</time>
      </trkpt>
      <trkpt lat="46.01984" lon="13.70303">
        <ele>750.39837</ele>
        <time>2000-01-01T06:49:32.000Z</time>
      </trkpt>
      <trkpt lat="46.01998" lon="13.70276">
        <ele>752.16827</ele>
        <time>2000-01-01T06:49:42.000Z</time>
      </trkpt>
      <trkpt lat="46.02022" lon="13.70249">
        <ele>752.49809</ele>
        <time>2000-01-01T06:49:52.000Z</time>
      </trkpt>
      <trkpt lat="46.02037" lon="13.70241">
        <ele>751.51913</ele>
        <time>2000-01-01T06:50:02.000Z</time>
      </trkpt>
      <trkpt lat="46.02057" lon="13.70237">
        <ele>748.98753</ele>
        <time>2000-01-01T06:50:12.000Z</time>
      </trkpt>
      <trkpt lat="46.02079" lon="13.70219">
        <ele>747.79798</ele>
        <time>2000-01-01T06:50:22.000Z</time>
      </trkpt>
      <trkpt lat="46.02092" lon="13.7021">
        <ele>746.00428</ele>
        <time>2000-01-01T06:50:32.000Z</time>
      </trkpt>
      <trkpt lat="46.02107" lon="13.70195">
        <ele>744.53307</ele>
        <time>2000-01-01T06:50:42.000Z</time>
      </trkpt>
      <trkpt lat="46.02115" lon="13.70178">
        <ele>743.11613</ele>
        <time>2000-01-01T06:50:52.000Z</time>
      </trkpt>
      <trkpt lat="46.02116" lon="13.70163">
        <ele>742.39662</ele>
        <time>2000-01-01T06:51:02.000Z</time>
      </trkpt>
      <trkpt lat="46.02122" lon="13.70152">
        <ele>741.90066</ele>
        <time>2000-01-01T06:51:12.000Z</time>
      </trkpt>
      <trkpt lat="46.02136" lon="13.70129">
        <ele>741.04099</ele>
        <time>2000-01-01T06:51:22.000Z</time>
      </trkpt>
      <trkpt lat="46.02147" lon="13.70107">
        <ele>739.3493</ele>
        <time>2000-01-01T06:51:32.000Z</time>
      </trkpt>
      <trkpt lat="46.02152" lon="13.70087">
        <ele>736.71309</ele>
        <time>2000-01-01T06:51:42.000Z</time>
      </trkpt>
      <trkpt lat="46.02155" lon="13.70068">
        <ele>733.95405</ele>
        <time>2000-01-01T06:51:52.000Z</time>
      </trkpt>
      <trkpt lat="46.02161" lon="13.70063">
        <ele>732.65388</ele>
        <time>2000-01-01T06:52:02.000Z</time>
      </trkpt>
      <trkpt lat="46.02167" lon="13.70068">
        <ele>732.20542</ele>
        <time>2000-01-01T06:52:12.000Z</time>
      </trkpt>
      <trkpt lat="46.02176" lon="13.70078">
        <ele>730.61193</ele>
        <time>2000-01-01T06:52:22.000Z</time>
      </trkpt>
      <trkpt lat="46.02178" lon="13.70081">
        <ele>730.12585</ele>
        <time>2000-01-01T06:52:32.000Z</time>
      </trkpt>
      <trkpt lat="46.0218" lon="13.70089">
        <ele>730.03008</ele>
        <time>2000-01-01T06:52:42.000Z</time>
      </trkpt>
      <trkpt lat="46.02187" lon="13.70097">
        <ele>727.80973</ele>
        <time>2000-01-01T06:52:52.000Z</time>
      </trkpt>
      <trkpt lat="46.02189" lon="13.70073">
        <ele>725.43381</ele>
        <time>2000-01-01T06:53:02.000Z</time>
      </trkpt>
      <trkpt lat="46.02193" lon="13.70065">
        <ele>723.77094</ele>
        <time>2000-01-01T06:53:12.000Z</time>
      </trkpt>
      <trkpt lat="46.02192" lon="13.7005">
        <ele>723.62904</ele>
        <time>2000-01-01T06:53:22.000Z</time>
      </trkpt>
      <trkpt lat="46.02196" lon="13.70035">
        <ele>721.83847</ele>
        <time>2000-01-01T06:53:32.000Z</time>
      </trkpt>
      <trkpt lat="46.02199" lon="13.70026">
        <ele>720.05991</ele>
        <time>2000-01-01T06:53:42.000Z</time>
      </trkpt>
      <trkpt lat="46.02201" lon="13.70015">
        <ele>718.18984</ele>
        <time>2000-01-01T06:53:52.000Z</time>
      </trkpt>
      <trkpt lat="46.02205" lon="13.7">
        <ele>715.29155</ele>
        <time>2000-01-01T06:54:02.000Z</time>
      </trkpt>
      <trkpt lat="46.02208" lon="13.69985">
        <ele>713.44195</ele>
        <time>2000-01-01T06:54:12.000Z</time>
      </trkpt>
      <trkpt lat="46.02207" lon="13.69981">
        <ele>713.52322</ele>
        <time>2000-01-01T06:54:22.000Z</time>
      </trkpt>
      <trkpt lat="46.02203" lon="13.69972">
        <ele>713.96839</ele>
        <time>2000-01-01T06:54:32.000Z</time>
      </trkpt>
      <trkpt lat="46.022" lon="13.69963">
        <ele>713.83765</ele>
        <time>2000-01-01T06:54:42.000Z</time>
      </trkpt>
      <trkpt lat="46.02195" lon="13.69957">
        <ele>714.18966</ele>
        <time>2000-01-01T06:54:52.000Z</time>
      </trkpt>
      <trkpt lat="46.02182" lon="13.69949">
        <ele>715.36735</ele>
        <time>2000-01-01T06:55:02.000Z</time>
      </trkpt>
      <trkpt lat="46.02174" lon="13.69947">
        <ele>716.30147</ele>
        <time>2000-01-01T06:55:12.000Z</time>
      </trkpt>
      <trkpt lat="46.02166" lon="13.69939">
        <ele>716.36255</ele>
        <time>2000-01-01T06:55:22.000Z</time>
      </trkpt>
      <trkpt lat="46.02158" lon="13.69938">
        <ele>717.42709</ele>
        <time>2000-01-01T06:55:32.000Z</time>
      </trkpt>
      <trkpt lat="46.0215" lon="13.69925">
        <ele>716.80388</ele>
        <time>2000-01-01T06:55:42.000Z</time>
      </trkpt>
      <trkpt lat="46.02143" lon="13.6991">
        <ele>715.84639</ele>
        <time>2000-01-01T06:55:52.000Z</time>
      </trkpt>
      <trkpt lat="46.02124" lon="13.69893">
        <ele>717.78552</ele>
        <time>2000-01-01T06:56:02.000Z</time>
      </trkpt>
      <trkpt lat="46.02115" lon="13.69877">
        <ele>719.36542</ele>
        <time>2000-01-01T06:56:12.000Z</time>
      </trkpt>
      <trkpt lat="46.02105" lon="13.69876">
        <ele>720.8896</ele>
        <time>2000-01-01T06:56:22.000Z</time>
      </trkpt>
      <trkpt lat="46.02097" lon="13.69878">
        <ele>721.83372</ele>
        <time>2000-01-01T06:56:32.000Z</time>
      </trkpt>
      <trkpt lat="46.02073" lon="13.6988">
        <ele>723.61975</ele>
        <time>2000-01-01T06:56:42.000Z</time>
      </trkpt>
      <trkpt lat="46.02065" lon="13.69886">
        <ele>723.08431</ele>
        <time>2000-01-01T06:56:52.000Z</time>
      </trkpt>
      <trkpt lat="46.02055" lon="13.69891">
        <ele>722.8474</ele>
        <time>2000-01-01T06:57:02.000Z</time>
      </trkpt>
      <trkpt lat="46.02043" lon="13.699">
        <ele>722.70802</ele>
        <time>2000-01-01T06:57:12.000Z</time>
      </trkpt>
      <trkpt lat="46.02035" lon="13.69905">
        <ele>722.45342</ele>
        <time>2000-01-01T06:57:22.000Z</time>
      </trkpt>
      <trkpt lat="46.02025" lon="13.69917">
        <ele>721.96509</ele>
        <time>2000-01-01T06:57:32.000Z</time>
      </trkpt>
      <trkpt lat="46.02011" lon="13.69926">
        <ele>722.30297</ele>
        <time>2000-01-01T06:57:42.000Z</time>
      </trkpt>
      <trkpt lat="46.01987" lon="13.69938">
        <ele>722.25758</ele>
        <time>2000-01-01T06:57:52.000Z</time>
      </trkpt>
      <trkpt lat="46.01963" lon="13.69945">
        <ele>721.96659</ele>
        <time>2000-01-01T06:58:02.000Z</time>
      </trkpt>
      <trkpt lat="46.01965" lon="13.69931">
        <ele>721.40285</ele>
        <time>2000-01-01T06:58:12.000Z</time>
      </trkpt>
      <trkpt lat="46.0197" lon="13.69921">
        <ele>721.16272</ele>
        <time>2000-01-01T06:58:22.000Z</time>
      </trkpt>
      <trkpt lat="46.01976" lon="13.69913">
        <ele>720.87765</ele>
        <time>2000-01-01T06:58:32.000Z</time>
      </trkpt>
      <trkpt lat="46.01981" lon="13.699">
        <ele>720.18771</ele>
        <time>2000-01-01T06:58:42.000Z</time>
      </trkpt>
      <trkpt lat="46.01984" lon="13.69895">
        <ele>720.0789</ele>
        <time>2000-01-01T06:58:52.000Z</time>
      </trkpt>
      <trkpt lat="46.01984" lon="13.69879">
        <ele>719.3996</ele>
        <time>2000-01-01T06:59:02.000Z</time>
      </trkpt>
      <trkpt lat="46.01983" lon="13.69863">
        <ele>719.1455</ele>
        <time>2000-01-01T06:59:12.000Z</time>
      </trkpt>
      <trkpt lat="46.01965" lon="13.69831">
        <ele>719.79524</ele>
        <time>2000-01-01T06:59:22.000Z</time>
      </trkpt>
      <trkpt lat="46.01961" lon="13.69821">
        <ele>720.1473</ele>
        <time>2000-01-01T06:59:32.000Z</time>
      </trkpt>
      <trkpt lat="46.01956" lon="13.69804">
        <ele>720.94733</ele>
        <time>2000-01-01T06:59:42.000Z</time>
      </trkpt>
      <trkpt lat="46.01953" lon="13.69786">
        <ele>722.39768</ele>
        <time>2000-01-01T06:59:52.000Z</time>
      </trkpt>
      <trkpt lat="46.01966" lon="13.69758">
        <ele>725.67869</ele>
        <time>2000-01-01T07:00:02.000Z</time>
      </trkpt>
      <trkpt lat="46.01974" lon="13.69745">
        <ele>727.6929</ele>
        <time>2000-01-01T07:00:12.000Z</time>
      </trkpt>
      <trkpt lat="46.01983" lon="13.69735">
        <ele>729.66343</ele>
        <time>2000-01-01T07:00:22.000Z</time>
      </trkpt>
      <trkpt lat="46.01991" lon="13.69734">
        <ele>730.53279</ele>
        <time>2000-01-01T07:00:32.000Z</time>
      </trkpt>
      <trkpt lat="46.01999" lon="13.69732">
        <ele>731.55802</ele>
        <time>2000-01-01T07:00:42.000Z</time>
      </trkpt>
      <trkpt lat="46.02002" lon="13.6973">
        <ele>732.01725</ele>
        <time>2000-01-01T07:00:52.000Z</time>
      </trkpt>
      <trkpt lat="46.02003" lon="13.69731">
        <ele>732.13949</ele>
        <time>2000-01-01T07:01:02.000Z</time>
      </trkpt>
      <trkpt lat="46.02023" lon="13.69725">
        <ele>735.38175</ele>
        <time>2000-01-01T07:01:12.000Z</time>
      </trkpt>
      <trkpt lat="46.02027" lon="13.69723">
        <ele>735.91778</ele>
        <time>2000-01-01T07:01:22.000Z</time>
      </trkpt>
      <trkpt lat="46.02043" lon="13.69709">
        <ele>737.7386</ele>
        <time>2000-01-01T07:01:32.000Z</time>
      </trkpt>
      <trkpt lat="46.0205" lon="13.69707">
        <ele>738.93373</ele>
        <time>2000-01-01T07:01:42.000Z</time>
      </trkpt>
      <trkpt lat="46.02056" lon="13.69706">
        <ele>740.0333</ele>
        <time>2000-01-01T07:01:52.000Z</time>
      </trkpt>
      <trkpt lat="46.02063" lon="13.69712">
        <ele>741.24422</ele>
        <time>2000-01-01T07:02:02.000Z</time>
      </trkpt>
      <trkpt lat="46.02072" lon="13.69716">
        <ele>742.85049</ele>
        <time>2000-01-01T07:02:12.000Z</time>
      </trkpt>
      <trkpt lat="46.02084" lon="13.69715">
        <ele>745.39383</ele>
        <time>2000-01-01T07:02:22.000Z</time>
      </trkpt>
      <trkpt lat="46.02094" lon="13.69719">
        <ele>748.09607</ele>
        <time>2000-01-01T07:02:32.000Z</time>
      </trkpt>
      <trkpt lat="46.02101" lon="13.69719">
        <ele>750.20254</ele>
        <time>2000-01-01T07:02:42.000Z</time>
      </trkpt>
      <trkpt lat="46.02108" lon="13.69718">
        <ele>751.94751</ele>
        <time>2000-01-01T07:02:52.000Z</time>
      </trkpt>
      <trkpt lat="46.02133" lon="13.69721">
        <ele>751.61701</ele>
        <time>2000-01-01T07:03:02.000Z</time>
      </trkpt>
      <trkpt lat="46.02139" lon="13.69717">
        <ele>751.94768</ele>
        <time>2000-01-01T07:03:12.000Z</time>
      </trkpt>
      <trkpt lat="46.02145" lon="13.69714">
        <ele>752.38266</ele>
        <time>2000-01-01T07:03:22.000Z</time>
      </trkpt>
      <trkpt lat="46.0215" lon="13.69711">
        <ele>752.96416</ele>
        <time>2000-01-01T07:03:32.000Z</time>
      </trkpt>
      <trkpt lat="46.02151" lon="13.69697">
        <ele>755.96111</ele>
        <time>2000-01-01T07:03:42.000Z</time>
      </trkpt>
      <trkpt lat="46.02152" lon="13.69691">
        <ele>757.13681</ele>
        <time>2000-01-01T07:03:52.000Z</time>
      </trkpt>
      <trkpt lat="46.02157" lon="13.69683">
        <ele>758.65727</ele>
        <time>2000-01-01T07:04:02.000Z</time>
      </trkpt>
      <trkpt lat="46.0216" lon="13.69677">
        <ele>759.62185</ele>
        <time>2000-01-01T07:04:12.000Z</time>
      </trkpt>
      <trkpt lat="46.02167" lon="13.69675">
        <ele>759.60857</ele>
        <time>2000-01-01T07:04:22.000Z</time>
      </trkpt>
      <trkpt lat="46.02176" lon="13.6967">
        <ele>759.428</ele>
        <time>2000-01-01T07:04:32.000Z</time>
      </trkpt>
      <trkpt lat="46.02195" lon="13.69652">
        <ele>760.34019</ele>
        <time>2000-01-01T07:04:42.000Z</time>
      </trkpt>
      <trkpt lat="46.02199" lon="13.69649">
        <ele>760.40355</ele>
        <time>2000-01-01T07:04:52.000Z</time>
      </trkpt>
      <trkpt lat="46.02212" lon="13.69637">
        <ele>760.43568</ele>
        <time>2000-01-01T07:05:02.000Z</time>
      </trkpt>
      <trkpt lat="46.02231" lon="13.696">
        <ele>761.3393</ele>
        <time>2000-01-01T07:05:12.000Z</time>
      </trkpt>
      <trkpt lat="46.02239" lon="13.69574">
        <ele>761.62531</ele>
        <time>2000-01-01T07:05:22.000Z</time>
      </trkpt>
      <trkpt lat="46.02248" lon="13.69553">
        <ele>760.5695</ele>
        <time>2000-01-01T07:05:32.000Z</time>
      </trkpt>
      <trkpt lat="46.02262" lon="13.69526">
        <ele>758.88899</ele>
        <time>2000-01-01T07:05:42.000Z</time>
      </trkpt>
      <trkpt lat="46.02273" lon="13.69513">
        <ele>757.26148</ele>
        <time>2000-01-01T07:05:52.000Z</time>
      </trkpt>
      <trkpt lat="46.02281" lon="13.69509">
        <ele>756.54077</ele>
        <time>2000-01-01T07:06:02.000Z</time>
      </trkpt>
      <trkpt lat="46.02289" lon="13.69502">
        <ele>756.03576</ele>
        <time>2000-01-01T07:06:12.000Z</time>
      </trkpt>
      <trkpt lat="46.02299" lon="13.69501">
        <ele>755.28731</ele>
        <time>2000-01-01T07:06:22.000Z</time>
      </trkpt>
      <trkpt lat="46.02309" lon="13.69501">
        <ele>754.83796</ele>
        <time>2000-01-01T07:06:32.000Z</time>
      </trkpt>
      <trkpt lat="46.02321" lon="13.69502">
        <ele>754.68429</ele>
        <time>2000-01-01T07:06:42.000Z</time>
      </trkpt>
      <trkpt lat="46.02351" lon="13.69499">
        <ele>755.59334</ele>
        <time>2000-01-01T07:06:52.000Z</time>
      </trkpt>
      <trkpt lat="46.02361" lon="13.69497">
        <ele>756.21497</ele>
        <time>2000-01-01T07:07:02.000Z</time>
      </trkpt>
      <trkpt lat="46.0237" lon="13.69493">
        <ele>757.09675</ele>
        <time>2000-01-01T07:07:12.000Z</time>
      </trkpt>
      <trkpt lat="46.02377" lon="13.69491">
        <ele>757.78716</ele>
        <time>2000-01-01T07:07:22.000Z</time>
      </trkpt>
      <trkpt lat="46.02387" lon="13.69493">
        <ele>758.39213</ele>
        <time>2000-01-01T07:07:32.000Z</time>
      </trkpt>
      <trkpt lat="46.02397" lon="13.69485">
        <ele>759.64966</ele>
        <time>2000-01-01T07:07:42.000Z</time>
      </trkpt>
      <trkpt lat="46.02412" lon="13.6948">
        <ele>760.56299</ele>
        <time>2000-01-01T07:07:52.000Z</time>
      </trkpt>
      <trkpt lat="46.0242" lon="13.69475">
        <ele>760.9961</ele>
        <time>2000-01-01T07:08:02.000Z</time>
      </trkpt>
      <trkpt lat="46.02433" lon="13.69465">
        <ele>762.18161</ele>
        <time>2000-01-01T07:08:12.000Z</time>
      </trkpt>
      <trkpt lat="46.02446" lon="13.69462">
        <ele>762.80688</ele>
        <time>2000-01-01T07:08:22.000Z</time>
      </trkpt>
      <trkpt lat="46.02459" lon="13.69452">
        <ele>763.60453</ele>
        <time>2000-01-01T07:08:32.000Z</time>
      </trkpt>
      <trkpt lat="46.02488" lon="13.69433">
        <ele>764.91583</ele>
        <time>2000-01-01T07:08:42.000Z</time>
      </trkpt>
      <trkpt lat="46.02505" lon="13.69429">
        <ele>764.36457</ele>
        <time>2000-01-01T07:08:52.000Z</time>
      </trkpt>
      <trkpt lat="46.02514" lon="13.69421">
        <ele>764.48627</ele>
        <time>2000-01-01T07:09:02.000Z</time>
      </trkpt>
      <trkpt lat="46.02529" lon="13.69416">
        <ele>764.03783</ele>
        <time>2000-01-01T07:09:12.000Z</time>
      </trkpt>
      <trkpt lat="46.02556" lon="13.69402">
        <ele>766.17682</ele>
        <time>2000-01-01T07:09:22.000Z</time>
      </trkpt>
      <trkpt lat="46.02564" lon="13.69395">
        <ele>766.56048</ele>
        <time>2000-01-01T07:09:32.000Z</time>
      </trkpt>
      <trkpt lat="46.02577" lon="13.69385">
        <ele>765.86356</ele>
        <time>2000-01-01T07:09:42.000Z</time>
      </trkpt>
      <trkpt lat="46.02585" lon="13.6938">
        <ele>764.47527</ele>
        <time>2000-01-01T07:09:52.000Z</time>
      </trkpt>
      <trkpt lat="46.02596" lon="13.69365">
        <ele>763.13056</ele>
        <time>2000-01-01T07:10:02.000Z</time>
      </trkpt>
      <trkpt lat="46.02606" lon="13.69356">
        <ele>760.23835</ele>
        <time>2000-01-01T07:10:12.000Z</time>
      </trkpt>
      <trkpt lat="46.02619" lon="13.69342">
        <ele>757.47145</ele>
        <time>2000-01-01T07:10:22.000Z</time>
      </trkpt>
      <trkpt lat="46.0263" lon="13.69327">
        <ele>756.47993</ele>
        <time>2000-01-01T07:10:32.000Z</time>
      </trkpt>
      <trkpt lat="46.0265" lon="13.69293">
        <ele>755.06229</ele>
        <time>2000-01-01T07:10:42.000Z</time>
      </trkpt>
      <trkpt lat="46.02668" lon="13.69264">
        <ele>752.2967</ele>
        <time>2000-01-01T07:10:52.000Z</time>
      </trkpt>
      <trkpt lat="46.02679" lon="13.69236">
        <ele>752.8146</ele>
        <time>2000-01-01T07:11:02.000Z</time>
      </trkpt>
      <trkpt lat="46.02691" lon="13.6922">
        <ele>752.82914</ele>
        <time>2000-01-01T07:11:12.000Z</time>
      </trkpt>
      <trkpt lat="46.02707" lon="13.69186">
        <ele>753.09084</ele>
        <time>2000-01-01T07:11:22.000Z</time>
      </trkpt>
      <trkpt lat="46.02722" lon="13.69164">
        <ele>750.24199</ele>
        <time>2000-01-01T07:11:32.000Z</time>
      </trkpt>
      <trkpt lat="46.02737" lon="13.69138">
        <ele>745.43037</ele>
        <time>2000-01-01T07:11:42.000Z</time>
      </trkpt>
      <trkpt lat="46.02748" lon="13.69107">
        <ele>743.76696</ele>
        <time>2000-01-01T07:11:52.000Z</time>
      </trkpt>
      <trkpt lat="46.02763" lon="13.6908">
        <ele>745.01168</ele>
        <time>2000-01-01T07:12:02.000Z</time>
      </trkpt>
      <trkpt lat="46.02773" lon="13.6906">
        <ele>746.39189</ele>
        <time>2000-01-01T07:12:12.000Z</time>
      </trkpt>
      <trkpt lat="46.02785" lon="13.69043">
        <ele>744.71496</ele>
        <time>2000-01-01T07:12:22.000Z</time>
      </trkpt>
      <trkpt lat="46.02794" lon="13.6904">
        <ele>741.92509</ele>
        <time>2000-01-01T07:12:32.000Z</time>
      </trkpt>
      <trkpt lat="46.02805" lon="13.69025">
        <ele>740.53854</ele>
        <time>2000-01-01T07:12:42.000Z</time>
      </trkpt>
      <trkpt lat="46.02819" lon="13.69012">
        <ele>738.91728</ele>
        <time>2000-01-01T07:12:52.000Z</time>
      </trkpt>
      <trkpt lat="46.0284" lon="13.68987">
        <ele>737.68235</ele>
        <time>2000-01-01T07:13:02.000Z</time>
      </trkpt>
      <trkpt lat="46.0287" lon="13.68953">
        <ele>733.47465</ele>
        <time>2000-01-01T07:13:12.000Z</time>
      </trkpt>
      <trkpt lat="46.02881" lon="13.68939">
        <ele>730.09404</ele>
        <time>2000-01-01T07:13:22.000Z</time>
      </trkpt>
      <trkpt lat="46.02895" lon="13.6891">
        <ele>724.15783</ele>
        <time>2000-01-01T07:13:32.000Z</time>
      </trkpt>
      <trkpt lat="46.02905" lon="13.68892">
        <ele>719.26379</ele>
        <time>2000-01-01T07:13:42.000Z</time>
      </trkpt>
      <trkpt lat="46.02916" lon="13.68879">
        <ele>715.25187</ele>
        <time>2000-01-01T07:13:52.000Z</time>
      </trkpt>
      <trkpt lat="46.02925" lon="13.68862">
        <ele>713.49227</ele>
        <time>2000-01-01T07:14:02.000Z</time>
      </trkpt>
      <trkpt lat="46.02933" lon="13.68854">
        <ele>712.26607</ele>
        <time>2000-01-01T07:14:12.000Z</time>
      </trkpt>
      <trkpt lat="46.02939" lon="13.68849">
        <ele>711.76222</ele>
        <time>2000-01-01T07:14:22.000Z</time>
      </trkpt>
      <trkpt lat="46.02954" lon="13.68841">
        <ele>711.54783</ele>
        <time>2000-01-01T07:14:32.000Z</time>
      </trkpt>
      <trkpt lat="46.02962" lon="13.68841">
        <ele>711.53736</ele>
        <time>2000-01-01T07:14:42.000Z</time>
      </trkpt>
      <trkpt lat="46.02971" lon="13.68854">
        <ele>710.56505</ele>
        <time>2000-01-01T07:14:52.000Z</time>
      </trkpt>
      <trkpt lat="46.02991" lon="13.68876">
        <ele>707.99463</ele>
        <time>2000-01-01T07:15:02.000Z</time>
      </trkpt>
      <trkpt lat="46.03001" lon="13.68889">
        <ele>705.91345</ele>
        <time>2000-01-01T07:15:12.000Z</time>
      </trkpt>
      <trkpt lat="46.03023" lon="13.68899">
        <ele>703.4302</ele>
        <time>2000-01-01T07:15:22.000Z</time>
      </trkpt>
      <trkpt lat="46.03034" lon="13.68897">
        <ele>703.20926</ele>
        <time>2000-01-01T07:15:32.000Z</time>
      </trkpt>
      <trkpt lat="46.03052" lon="13.68892">
        <ele>703.03222</ele>
        <time>2000-01-01T07:15:42.000Z</time>
      </trkpt>
      <trkpt lat="46.03069" lon="13.68902">
        <ele>702.60923</ele>
        <time>2000-01-01T07:15:52.000Z</time>
      </trkpt>
      <trkpt lat="46.03096" lon="13.68882">
        <ele>703.10643</ele>
        <time>2000-01-01T07:16:02.000Z</time>
      </trkpt>
      <trkpt lat="46.03107" lon="13.68873">
        <ele>703.69642</ele>
        <time>2000-01-01T07:16:12.000Z</time>
      </trkpt>
      <trkpt lat="46.03113" lon="13.68871">
        <ele>703.88507</ele>
        <time>2000-01-01T07:16:22.000Z</time>
      </trkpt>
      <trkpt lat="46.03145" lon="13.68896">
        <ele>703.0156</ele>
        <time>2000-01-01T07:16:32.000Z</time>
      </trkpt>
      <trkpt lat="46.03165" lon="13.68904">
        <ele>705.29489</ele>
        <time>2000-01-01T07:16:42.000Z</time>
      </trkpt>
      <trkpt lat="46.03175" lon="13.68909">
        <ele>706.64502</ele>
        <time>2000-01-01T07:16:52.000Z</time>
      </trkpt>
      <trkpt lat="46.03184" lon="13.68909">
        <ele>708.01377</ele>
        <time>2000-01-01T07:17:02.000Z</time>
      </trkpt>
      <trkpt lat="46.03195" lon="13.68908">
        <ele>709.31614</ele>
        <time>2000-01-01T07:17:12.000Z</time>
      </trkpt>
      <trkpt lat="46.03203" lon="13.68913">
        <ele>708.76807</ele>
        <time>2000-01-01T07:17:22.000Z</time>
      </trkpt>
      <trkpt lat="46.03213" lon="13.68913">
        <ele>708.62632</ele>
        <time>2000-01-01T07:17:32.000Z</time>
      </trkpt>
      <trkpt lat="46.03227" lon="13.68916">
        <ele>708.07777</ele>
        <time>2000-01-01T07:17:42.000Z</time>
      </trkpt>
      <trkpt lat="46.03243" lon="13.68925">
        <ele>707.27174</ele>
        <time>2000-01-01T07:17:52.000Z</time>
      </trkpt>
      <trkpt lat="46.03243" lon="13.68905">
        <ele>708.90218</ele>
        <time>2000-01-01T07:18:02.000Z</time>
      </trkpt>
      <trkpt lat="46.03238" lon="13.68887">
        <ele>711.08994</ele>
        <time>2000-01-01T07:18:12.000Z</time>
      </trkpt>
      <trkpt lat="46.03229" lon="13.68864">
        <ele>716.11474</ele>
        <time>2000-01-01T07:18:22.000Z</time>
      </trkpt>
      <trkpt lat="46.03224" lon="13.68846">
        <ele>718.79472</ele>
        <time>2000-01-01T07:18:32.000Z</time>
      </trkpt>
      <trkpt lat="46.03219" lon="13.68832">
        <ele>720.00671</ele>
        <time>2000-01-01T07:18:42.000Z</time>
      </trkpt>
      <trkpt lat="46.03217" lon="13.68817">
        <ele>721.09447</ele>
        <time>2000-01-01T07:18:52.000Z</time>
      </trkpt>
      <trkpt lat="46.0322" lon="13.68787">
        <ele>722.58764</ele>
        <time>2000-01-01T07:19:02.000Z</time>
      </trkpt>
      <trkpt lat="46.03226" lon="13.68757">
        <ele>724.53092</ele>
        <time>2000-01-01T07:19:12.000Z</time>
      </trkpt>
      <trkpt lat="46.03233" lon="13.68744">
        <ele>725.52825</ele>
        <time>2000-01-01T07:19:22.000Z</time>
      </trkpt>
      <trkpt lat="46.03238" lon="13.68736">
        <ele>726.05586</ele>
        <time>2000-01-01T07:19:32.000Z</time>
      </trkpt>
      <trkpt lat="46.03252" lon="13.68728">
        <ele>726.47997</ele>
        <time>2000-01-01T07:19:42.000Z</time>
      </trkpt>
      <trkpt lat="46.03262" lon="13.68719">
        <ele>726.90067</ele>
        <time>2000-01-01T07:19:52.000Z</time>
      </trkpt>
      <trkpt lat="46.03267" lon="13.68711">
        <ele>727.29665</ele>
        <time>2000-01-01T07:20:02.000Z</time>
      </trkpt>
      <trkpt lat="46.03298" lon="13.68676">
        <ele>729.97814</ele>
        <time>2000-01-01T07:20:12.000Z</time>
      </trkpt>
      <trkpt lat="46.03313" lon="13.6866">
        <ele>731.47933</ele>
        <time>2000-01-01T07:20:22.000Z</time>
      </trkpt>
      <trkpt lat="46.03325" lon="13.68649">
        <ele>732.0801</ele>
        <time>2000-01-01T07:20:32.000Z</time>
      </trkpt>
      <trkpt lat="46.03348" lon="13.6863">
        <ele>733.97488</ele>
        <time>2000-01-01T07:20:42.000Z</time>
      </trkpt>
      <trkpt lat="46.03358" lon="13.68619">
        <ele>735.10179</ele>
        <time>2000-01-01T07:20:52.000Z</time>
      </trkpt>
      <trkpt lat="46.03369" lon="13.68609">
        <ele>735.53509</ele>
        <time>2000-01-01T07:21:02.000Z</time>
      </trkpt>
      <trkpt lat="46.03382" lon="13.68602">
        <ele>735.31904</ele>
        <time>2000-01-01T07:21:12.000Z</time>
      </trkpt>
      <trkpt lat="46.03399" lon="13.68588">
        <ele>736.14729</ele>
        <time>2000-01-01T07:21:22.000Z</time>
      </trkpt>
      <trkpt lat="46.03407" lon="13.6858">
        <ele>736.69909</ele>
        <time>2000-01-01T07:21:32.000Z</time>
      </trkpt>
      <trkpt lat="46.03416" lon="13.68574">
        <ele>736.997</ele>
        <time>2000-01-01T07:21:42.000Z</time>
      </trkpt>
      <trkpt lat="46.0342" lon="13.68561">
        <ele>739.6641</ele>
        <time>2000-01-01T07:21:52.000Z</time>
      </trkpt>
      <trkpt lat="46.03412" lon="13.68548">
        <ele>742.80635</ele>
        <time>2000-01-01T07:22:02.000Z</time>
      </trkpt>
      <trkpt lat="46.03405" lon="13.68547">
        <ele>743.04198</ele>
        <time>2000-01-01T07:22:12.000Z</time>
      </trkpt>
      <trkpt lat="46.03399" lon="13.68531">
        <ele>745.36595</ele>
        <time>2000-01-01T07:22:22.000Z</time>
      </trkpt>
      <trkpt lat="46.03396" lon="13.68521">
        <ele>745.89011</ele>
        <time>2000-01-01T07:22:32.000Z</time>
      </trkpt>
      <trkpt lat="46.03391" lon="13.68501">
        <ele>746.08446</ele>
        <time>2000-01-01T07:22:42.000Z</time>
      </trkpt>
      <trkpt lat="46.03391" lon="13.68487">
        <ele>747.05863</ele>
        <time>2000-01-01T07:22:52.000Z</time>
      </trkpt>
      <trkpt lat="46.03387" lon="13.68476">
        <ele>747.66601</ele>
        <time>2000-01-01T07:23:02.000Z</time>
      </trkpt>
      <trkpt lat="46.03385" lon="13.68468">
        <ele>747.99257</ele>
        <time>2000-01-01T07:23:12.000Z</time>
      </trkpt>
      <trkpt lat="46.03395" lon="13.68462">
        <ele>748.73661</ele>
        <time>2000-01-01T07:23:22.000Z</time>
      </trkpt>
      <trkpt lat="46.03407" lon="13.6845">
        <ele>749.78185</ele>
        <time>2000-01-01T07:23:32.000Z</time>
      </trkpt>
      <trkpt lat="46.03419" lon="13.68431">
        <ele>752.28437</ele>
        <time>2000-01-01T07:23:42.000Z</time>
      </trkpt>
      <trkpt lat="46.03452" lon="13.68412">
        <ele>758.07773</ele>
        <time>2000-01-01T07:23:52.000Z</time>
      </trkpt>
      <trkpt lat="46.03466" lon="13.68398">
        <ele>760.54413</ele>
        <time>2000-01-01T07:24:02.000Z</time>
      </trkpt>
      <trkpt lat="46.03497" lon="13.6838">
        <ele>767.25862</ele>
        <time>2000-01-01T07:24:12.000Z</time>
      </trkpt>
      <trkpt lat="46.03507" lon="13.68368">
        <ele>770.59222</ele>
        <time>2000-01-01T07:24:22.000Z</time>
      </trkpt>
      <trkpt lat="46.03524" lon="13.68352">
        <ele>775.11079</ele>
        <time>2000-01-01T07:24:32.000Z</time>
      </trkpt>
      <trkpt lat="46.03533" lon="13.68337">
        <ele>776.86017</ele>
        <time>2000-01-01T07:24:42.000Z</time>
      </trkpt>
      <trkpt lat="46.03539" lon="13.68324">
        <ele>777.8718</ele>
        <time>2000-01-01T07:24:52.000Z</time>
      </trkpt>
      <trkpt lat="46.0354" lon="13.68301">
        <ele>775.00093</ele>
        <time>2000-01-01T07:25:02.000Z</time>
      </trkpt>
      <trkpt lat="46.03543" lon="13.6829">
        <ele>774.03305</ele>
        <time>2000-01-01T07:25:12.000Z</time>
      </trkpt>
      <trkpt lat="46.03545" lon="13.6828">
        <ele>773.04688</ele>
        <time>2000-01-01T07:25:22.000Z</time>
      </trkpt>
      <trkpt lat="46.03554" lon="13.68261">
        <ele>773.16882</ele>
        <time>2000-01-01T07:25:32.000Z</time>
      </trkpt>
      <trkpt lat="46.0356" lon="13.68246">
        <ele>772.47721</ele>
        <time>2000-01-01T07:25:42.000Z</time>
      </trkpt>
      <trkpt lat="46.03566" lon="13.68237">
        <ele>772.28843</ele>
        <time>2000-01-01T07:25:52.000Z</time>
      </trkpt>
      <trkpt lat="46.0357" lon="13.68221">
        <ele>770.33977</ele>
        <time>2000-01-01T07:26:02.000Z</time>
      </trkpt>
      <trkpt lat="46.03576" lon="13.68208">
        <ele>769.09057</ele>
        <time>2000-01-01T07:26:12.000Z</time>
      </trkpt>
      <trkpt lat="46.03596" lon="13.6817">
        <ele>767.29067</ele>
        <time>2000-01-01T07:26:22.000Z</time>
      </trkpt>
      <trkpt lat="46.03604" lon="13.68158">
        <ele>766.61541</ele>
        <time>2000-01-01T07:26:32.000Z</time>
      </trkpt>
      <trkpt lat="46.03615" lon="13.68154">
        <ele>767.01099</ele>
        <time>2000-01-01T07:26:42.000Z</time>
      </trkpt>
      <trkpt lat="46.03624" lon="13.68146">
        <ele>766.25433</ele>
        <time>2000-01-01T07:26:52.000Z</time>
      </trkpt>
      <trkpt lat="46.03633" lon="13.68124">
        <ele>762.97045</ele>
        <time>2000-01-01T07:27:02.000Z</time>
      </trkpt>
      <trkpt lat="46.03645" lon="13.68111">
        <ele>761.38017</ele>
        <time>2000-01-01T07:27:12.000Z</time>
      </trkpt>
      <trkpt lat="46.03649" lon="13.68102">
        <ele>759.62766</ele>
        <time>2000-01-01T07:27:22.000Z</time>
      </trkpt>
      <trkpt lat="46.03653" lon="13.68091">
        <ele>756.72502</ele>
        <time>2000-01-01T07:27:32.000Z</time>
      </trkpt>
      <trkpt lat="46.03674" lon="13.68083">
        <ele>751.66127</ele>
        <time>2000-01-01T07:27:42.000Z</time>
      </trkpt>
      <trkpt lat="46.03689" lon="13.68083">
        <ele>748.61396</ele>
        <time>2000-01-01T07:27:52.000Z</time>
      </trkpt>
      <trkpt lat="46.0371" lon="13.68069">
        <ele>743.68903</ele>
        <time>2000-01-01T07:28:02.000Z</time>
      </trkpt>
      <trkpt lat="46.0371" lon="13.68067">
        <ele>743.10941</ele>
        <time>2000-01-01T07:28:12.000Z</time>
      </trkpt>
      <trkpt lat="46.03733" lon="13.68046">
        <ele>735.22862</ele>
        <time>2000-01-01T07:28:22.000Z</time>
      </trkpt>
      <trkpt lat="46.03744" lon="13.6804">
        <ele>732.35202</ele>
        <time>2000-01-01T07:28:32.000Z</time>
      </trkpt>
      <trkpt lat="46.03756" lon="13.68039">
        <ele>730.65676</ele>
        <time>2000-01-01T07:28:42.000Z</time>
      </trkpt>
      <trkpt lat="46.03768" lon="13.6804">
        <ele>729.61307</ele>
        <time>2000-01-01T07:28:52.000Z</time>
      </trkpt>
      <trkpt lat="46.03784" lon="13.68043">
        <ele>728.52705</ele>
        <time>2000-01-01T07:29:02.000Z</time>
      </trkpt>
      <trkpt lat="46.038" lon="13.6804">
        <ele>725.97462</ele>
        <time>2000-01-01T07:29:12.000Z</time>
      </trkpt>
      <trkpt lat="46.03812" lon="13.68043">
        <ele>724.76002</ele>
        <time>2000-01-01T07:29:22.000Z</time>
      </trkpt>
      <trkpt lat="46.03826" lon="13.68048">
        <ele>722.7282</ele>
        <time>2000-01-01T07:29:32.000Z</time>
      </trkpt>
      <trkpt lat="46.03833" lon="13.68058">
        <ele>722.18422</ele>
        <time>2000-01-01T07:29:42.000Z</time>
      </trkpt>
      <trkpt lat="46.03838" lon="13.68077">
        <ele>721.81473</ele>
        <time>2000-01-01T07:29:52.000Z</time>
      </trkpt>
      <trkpt lat="46.0385" lon="13.68096">
        <ele>718.70777</ele>
        <time>2000-01-01T07:30:02.000Z</time>
      </trkpt>
      <trkpt lat="46.03851" lon="13.68093">
        <ele>718.60832</ele>
        <time>2000-01-01T07:30:12.000Z</time>
      </trkpt>
      <trkpt lat="46.03863" lon="13.68086">
        <ele>716.42546</ele>
        <time>2000-01-01T07:30:22.000Z</time>
      </trkpt>
      <trkpt lat="46.03873" lon="13.68065">
        <ele>717.24893</ele>
        <time>2000-01-01T07:30:32.000Z</time>
      </trkpt>
      <trkpt lat="46.03884" lon="13.68051">
        <ele>718.30154</ele>
        <time>2000-01-01T07:30:42.000Z</time>
      </trkpt>
      <trkpt lat="46.03892" lon="13.68039">
        <ele>719.30375</ele>
        <time>2000-01-01T07:30:52.000Z</time>
      </trkpt>
      <trkpt lat="46.03902" lon="13.68031">
        <ele>719.28249</ele>
        <time>2000-01-01T07:31:02.000Z</time>
      </trkpt>
      <trkpt lat="46.03906" lon="13.68016">
        <ele>720.86197</ele>
        <time>2000-01-01T07:31:12.000Z</time>
      </trkpt>
      <trkpt lat="46.03918" lon="13.67998">
        <ele>720.9067</ele>
        <time>2000-01-01T07:31:22.000Z</time>
      </trkpt>
      <trkpt lat="46.03925" lon="13.67985">
        <ele>720.04715</ele>
        <time>2000-01-01T07:31:32.000Z</time>
      </trkpt>
      <trkpt lat="46.03932" lon="13.67974">
        <ele>718.61848</ele>
        <time>2000-01-01T07:31:42.000Z</time>
      </trkpt>
      <trkpt lat="46.03954" lon="13.67952">
        <ele>715.39355</ele>
        <time>2000-01-01T07:31:52.000Z</time>
      </trkpt>
      <trkpt lat="46.03964" lon="13.67937">
        <ele>714.31068</ele>
        <time>2000-01-01T07:32:02.000Z</time>
      </trkpt>
      <trkpt lat="46.03982" lon="13.67924">
        <ele>712.95058</ele>
        <time>2000-01-01T07:32:12.000Z</time>
      </trkpt>
      <trkpt lat="46.0399" lon="13.67916">
        <ele>712.14136</ele>
        <time>2000-01-01T07:32:22.000Z</time>
      </trkpt>
      <trkpt lat="46.03996" lon="13.67904">
        <ele>712.10809</ele>
        <time>2000-01-01T07:32:32.000Z</time>
      </trkpt>
      <trkpt lat="46.04002" lon="13.67894">
        <ele>712.53025</ele>
        <time>2000-01-01T07:32:42.000Z</time>
      </trkpt>
      <trkpt lat="46.0402" lon="13.67873">
        <ele>713.42631</ele>
        <time>2000-01-01T07:32:52.000Z</time>
      </trkpt>
      <trkpt lat="46.04034" lon="13.67847">
        <ele>711.66303</ele>
        <time>2000-01-01T07:33:02.000Z</time>
      </trkpt>
      <trkpt lat="46.04043" lon="13.67837">
        <ele>709.42748</ele>
        <time>2000-01-01T07:33:12.000Z</time>
      </trkpt>
      <trkpt lat="46.04052" lon="13.67829">
        <ele>706.87073</ele>
        <time>2000-01-01T07:33:22.000Z</time>
      </trkpt>
      <trkpt lat="46.0407" lon="13.6781">
        <ele>700.05025</ele>
        <time>2000-01-01T07:33:32.000Z</time>
      </trkpt>
      <trkpt lat="46.04086" lon="13.67795">
        <ele>694.54276</ele>
        <time>2000-01-01T07:33:42.000Z</time>
      </trkpt>
      <trkpt lat="46.04106" lon="13.67772">
        <ele>688.59067</ele>
        <time>2000-01-01T07:33:52.000Z</time>
      </trkpt>
      <trkpt lat="46.04114" lon="13.67766">
        <ele>684.92626</ele>
        <time>2000-01-01T07:34:02.000Z</time>
      </trkpt>
      <trkpt lat="46.04121" lon="13.6775">
        <ele>682.34896</ele>
        <time>2000-01-01T07:34:12.000Z</time>
      </trkpt>
      <trkpt lat="46.04126" lon="13.6774">
        <ele>681.51811</ele>
        <time>2000-01-01T07:34:22.000Z</time>
      </trkpt>
      <trkpt lat="46.04131" lon="13.67734">
        <ele>680.23558</ele>
        <time>2000-01-01T07:34:32.000Z</time>
      </trkpt>
      <trkpt lat="46.04138" lon="13.67722">
        <ele>678.36125</ele>
        <time>2000-01-01T07:34:42.000Z</time>
      </trkpt>
      <trkpt lat="46.04156" lon="13.67687">
        <ele>671.7241</ele>
        <time>2000-01-01T07:34:52.000Z</time>
      </trkpt>
      <trkpt lat="46.04172" lon="13.67639">
        <ele>666.28674</ele>
        <time>2000-01-01T07:35:02.000Z</time>
      </trkpt>
      <trkpt lat="46.04191" lon="13.67618">
        <ele>657.75809</ele>
        <time>2000-01-01T07:35:12.000Z</time>
      </trkpt>
      <trkpt lat="46.04197" lon="13.67596">
        <ele>655.01686</ele>
        <time>2000-01-01T07:35:22.000Z</time>
      </trkpt>
      <trkpt lat="46.04198" lon="13.67576">
        <ele>654.74988</ele>
        <time>2000-01-01T07:35:32.000Z</time>
      </trkpt>
      <trkpt lat="46.04207" lon="13.6756">
        <ele>651.43886</ele>
        <time>2000-01-01T07:35:42.000Z</time>
      </trkpt>
      <trkpt lat="46.04218" lon="13.67547">
        <ele>646.54531</ele>
        <time>2000-01-01T07:35:52.000Z</time>
      </trkpt>
      <trkpt lat="46.04222" lon="13.67538">
        <ele>644.56858</ele>
        <time>2000-01-01T07:36:02.000Z</time>
      </trkpt>
      <trkpt lat="46.04226" lon="13.67525">
        <ele>642.36192</ele>
        <time>2000-01-01T07:36:12.000Z</time>
      </trkpt>
      <trkpt lat="46.04239" lon="13.67501">
        <ele>636.30242</ele>
        <time>2000-01-01T07:36:22.000Z</time>
      </trkpt>
      <trkpt lat="46.04247" lon="13.67491">
        <ele>633.87455</ele>
        <time>2000-01-01T07:36:32.000Z</time>
      </trkpt>
      <trkpt lat="46.0425" lon="13.67482">
        <ele>633.73518</ele>
        <time>2000-01-01T07:36:42.000Z</time>
      </trkpt>
      <trkpt lat="46.04261" lon="13.67456">
        <ele>628.96214</ele>
        <time>2000-01-01T07:36:52.000Z</time>
      </trkpt>
      <trkpt lat="46.04266" lon="13.67427">
        <ele>624.34451</ele>
        <time>2000-01-01T07:37:02.000Z</time>
      </trkpt>
      <trkpt lat="46.04274" lon="13.67442">
        <ele>623.99672</ele>
        <time>2000-01-01T07:37:12.000Z</time>
      </trkpt>
      <trkpt lat="46.04279" lon="13.67458">
        <ele>622.86705</ele>
        <time>2000-01-01T07:37:22.000Z</time>
      </trkpt>
      <trkpt lat="46.04285" lon="13.67472">
        <ele>620.19471</ele>
        <time>2000-01-01T07:37:32.000Z</time>
      </trkpt>
      <trkpt lat="46.04288" lon="13.67488">
        <ele>618.03385</ele>
        <time>2000-01-01T07:37:42.000Z</time>
      </trkpt>
      <trkpt lat="46.04295" lon="13.67496">
        <ele>614.66812</ele>
        <time>2000-01-01T07:37:52.000Z</time>
      </trkpt>
      <trkpt lat="46.043" lon="13.67509">
        <ele>610.91824</ele>
        <time>2000-01-01T07:38:02.000Z</time>
      </trkpt>
      <trkpt lat="46.04298" lon="13.67527">
        <ele>608.7147</ele>
        <time>2000-01-01T07:38:12.000Z</time>
      </trkpt>
      <trkpt lat="46.04304" lon="13.67539">
        <ele>603.88019</ele>
        <time>2000-01-01T07:38:22.000Z</time>
      </trkpt>
      <trkpt lat="46.04312" lon="13.67533">
        <ele>601.54151</ele>
        <time>2000-01-01T07:38:32.000Z</time>
      </trkpt>
      <trkpt lat="46.04318" lon="13.67509">
        <ele>603.14379</ele>
        <time>2000-01-01T07:38:42.000Z</time>
      </trkpt>
      <trkpt lat="46.04335" lon="13.6746">
        <ele>597.72331</ele>
        <time>2000-01-01T07:38:52.000Z</time>
      </trkpt>
      <trkpt lat="46.04341" lon="13.67449">
        <ele>594.76011</ele>
        <time>2000-01-01T07:39:02.000Z</time>
      </trkpt>
      <trkpt lat="46.0435" lon="13.67424">
        <ele>590.79734</ele>
        <time>2000-01-01T07:39:12.000Z</time>
      </trkpt>
      <trkpt lat="46.04357" lon="13.67418">
        <ele>589.55572</ele>
        <time>2000-01-01T07:39:22.000Z</time>
      </trkpt>
      <trkpt lat="46.04366" lon="13.67401">
        <ele>587.6076</ele>
        <time>2000-01-01T07:39:32.000Z</time>
      </trkpt>
      <trkpt lat="46.04385" lon="13.67377">
        <ele>584.74798</ele>
        <time>2000-01-01T07:39:42.000Z</time>
      </trkpt>
      <trkpt lat="46.04394" lon="13.67387">
        <ele>585.83521</ele>
        <time>2000-01-01T07:39:52.000Z</time>
      </trkpt>
      <trkpt lat="46.04406" lon="13.67395">
        <ele>586.03938</ele>
        <time>2000-01-01T07:40:02.000Z</time>
      </trkpt>
      <trkpt lat="46.04415" lon="13.67414">
        <ele>585.12662</ele>
        <time>2000-01-01T07:40:12.000Z</time>
      </trkpt>
      <trkpt lat="46.04422" lon="13.6742">
        <ele>584.84921</ele>
        <time>2000-01-01T07:40:22.000Z</time>
      </trkpt>
      <trkpt lat="46.04425" lon="13.67403">
        <ele>585.28346</ele>
        <time>2000-01-01T07:40:32.000Z</time>
      </trkpt>
      <trkpt lat="46.04425" lon="13.67374">
        <ele>586.27691</ele>
        <time>2000-01-01T07:40:42.000Z</time>
      </trkpt>
      <trkpt lat="46.04424" lon="13.67359">
        <ele>586.16223</ele>
        <time>2000-01-01T07:40:52.000Z</time>
      </trkpt>
      <trkpt lat="46.04424" lon="13.67335">
        <ele>583.72441</ele>
        <time>2000-01-01T07:41:02.000Z</time>
      </trkpt>
      <trkpt lat="46.04423" lon="13.67317">
        <ele>582.32043</ele>
        <time>2000-01-01T07:41:12.000Z</time>
      </trkpt>
      <trkpt lat="46.04425" lon="13.67301">
        <ele>581.66653</ele>
        <time>2000-01-01T07:41:22.000Z</time>
      </trkpt>
      <trkpt lat="46.04426" lon="13.67286">
        <ele>581.14422</ele>
        <time>2000-01-01T07:41:32.000Z</time>
      </trkpt>
      <trkpt lat="46.0442" lon="13.67266">
        <ele>579.4771</ele>
        <time>2000-01-01T07:41:42.000Z</time>
      </trkpt>
      <trkpt lat="46.04412" lon="13.67243">
        <ele>577.15114</ele>
        <time>2000-01-01T07:41:52.000Z</time>
      </trkpt>
      <trkpt lat="46.04401" lon="13.67226">
        <ele>574.84616</ele>
        <time>2000-01-01T07:42:02.000Z</time>
      </trkpt>
      <trkpt lat="46.04385" lon="13.67205">
        <ele>572.39405</ele>
        <time>2000-01-01T07:42:12.000Z</time>
      </trkpt>
      <trkpt lat="46.04372" lon="13.67192">
        <ele>570.41242</ele>
        <time>2000-01-01T07:42:22.000Z</time>
      </trkpt>
      <trkpt lat="46.04357" lon="13.67169">
        <ele>569.55381</ele>
        <time>2000-01-01T07:42:32.000Z</time>
      </trkpt>
      <trkpt lat="46.04348" lon="13.6716">
        <ele>569.08939</ele>
        <time>2000-01-01T07:42:42.000Z</time>
      </trkpt>
      <trkpt lat="46.04327" lon="13.67145">
        <ele>567.16177</ele>
        <time>2000-01-01T07:42:52.000Z</time>
      </trkpt>
      <trkpt lat="46.04315" lon="13.67129">
        <ele>564.97129</ele>
        <time>2000-01-01T07:43:02.000Z</time>
      </trkpt>
      <trkpt lat="46.04302" lon="13.6712">
        <ele>562.52059</ele>
        <time>2000-01-01T07:43:12.000Z</time>
      </trkpt>
      <trkpt lat="46.0429" lon="13.67109">
        <ele>560.05469</ele>
        <time>2000-01-01T07:43:22.000Z</time>
      </trkpt>
      <trkpt lat="46.04281" lon="13.67102">
        <ele>558.09919</ele>
        <time>2000-01-01T07:43:32.000Z</time>
      </trkpt>
      <trkpt lat="46.04257" lon="13.67081">
        <ele>552.36884</ele>
        <time>2000-01-01T07:43:42.000Z</time>
      </trkpt>
      <trkpt lat="46.04253" lon="13.67068">
        <ele>550.92087</ele>
        <time>2000-01-01T07:43:52.000Z</time>
      </trkpt>
      <trkpt lat="46.04252" lon="13.67053">
        <ele>550.32905</ele>
        <time>2000-01-01T07:44:02.000Z</time>
      </trkpt>
      <trkpt lat="46.0426" lon="13.6701">
        <ele>552.00878</ele>
        <time>2000-01-01T07:44:12.000Z</time>
      </trkpt>
      <trkpt lat="46.04261" lon="13.67011">
        <ele>552.29347</ele>
        <time>2000-01-01T07:44:22.000Z</time>
      </trkpt>
      <trkpt lat="46.04267" lon="13.66976">
        <ele>549.82775</ele>
        <time>2000-01-01T07:44:32.000Z</time>
      </trkpt>
      <trkpt lat="46.0427" lon="13.6695">
        <ele>547.0019</ele>
        <time>2000-01-01T07:44:42.000Z</time>
      </trkpt>
      <trkpt lat="46.04271" lon="13.66934">
        <ele>545.66345</ele>
        <time>2000-01-01T07:44:52.000Z</time>
      </trkpt>
      <trkpt lat="46.04269" lon="13.66912">
        <ele>543.8595</ele>
        <time>2000-01-01T07:45:02.000Z</time>
      </trkpt>
      <trkpt lat="46.04262" lon="13.6689">
        <ele>542.15084</ele>
        <time>2000-01-01T07:45:12.000Z</time>
      </trkpt>
      <trkpt lat="46.04253" lon="13.66876">
        <ele>540.5542</ele>
        <time>2000-01-01T07:45:22.000Z</time>
      </trkpt>
      <trkpt lat="46.04248" lon="13.66854">
        <ele>541.11324</ele>
        <time>2000-01-01T07:45:32.000Z</time>
      </trkpt>
      <trkpt lat="46.04234" lon="13.66833">
        <ele>539.25633</ele>
        <time>2000-01-01T07:45:42.000Z</time>
      </trkpt>
      <trkpt lat="46.04226" lon="13.66825">
        <ele>536.99888</ele>
        <time>2000-01-01T07:45:52.000Z</time>
      </trkpt>
      <trkpt lat="46.04218" lon="13.66825">
        <ele>534.21593</ele>
        <time>2000-01-01T07:46:02.000Z</time>
      </trkpt>
      <trkpt lat="46.04215" lon="13.66835">
        <ele>533.33188</ele>
        <time>2000-01-01T07:46:12.000Z</time>
      </trkpt>
      <trkpt lat="46.04214" lon="13.66848">
        <ele>533.33701</ele>
        <time>2000-01-01T07:46:22.000Z</time>
      </trkpt>
      <trkpt lat="46.0421" lon="13.66868">
        <ele>532.11022</ele>
        <time>2000-01-01T07:46:32.000Z</time>
      </trkpt>
      <trkpt lat="46.042" lon="13.6688">
        <ele>529.55567</ele>
        <time>2000-01-01T07:46:42.000Z</time>
      </trkpt>
      <trkpt lat="46.04187" lon="13.66893">
        <ele>527.88073</ele>
        <time>2000-01-01T07:46:52.000Z</time>
      </trkpt>
      <trkpt lat="46.04181" lon="13.66885">
        <ele>525.65544</ele>
        <time>2000-01-01T07:47:02.000Z</time>
      </trkpt>
      <trkpt lat="46.04176" lon="13.66876">
        <ele>524.06099</ele>
        <time>2000-01-01T07:47:12.000Z</time>
      </trkpt>
      <trkpt lat="46.04169" lon="13.66859">
        <ele>522.28462</ele>
        <time>2000-01-01T07:47:22.000Z</time>
      </trkpt>
      <trkpt lat="46.04151" lon="13.66809">
        <ele>517.20858</ele>
        <time>2000-01-01T07:47:32.000Z</time>
      </trkpt>
      <trkpt lat="46.04147" lon="13.66764">
        <ele>515.25375</ele>
        <time>2000-01-01T07:47:42.000Z</time>
      </trkpt>
      <trkpt lat="46.0414" lon="13.66742">
        <ele>515.19674</ele>
        <time>2000-01-01T07:47:52.000Z</time>
      </trkpt>
      <trkpt lat="46.04129" lon="13.66732">
        <ele>515.38834</ele>
        <time>2000-01-01T07:48:02.000Z</time>
      </trkpt>
      <trkpt lat="46.04113" lon="13.66728">
        <ele>515.01754</ele>
        <time>2000-01-01T07:48:12.000Z</time>
      </trkpt>
      <trkpt lat="46.04097" lon="13.66725">
        <ele>514.48067</ele>
        <time>2000-01-01T07:48:22.000Z</time>
      </trkpt>
      <trkpt lat="46.04068" lon="13.66709">
        <ele>513.08529</ele>
        <time>2000-01-01T07:48:32.000Z</time>
      </trkpt>
      <trkpt lat="46.0406" lon="13.66697">
        <ele>512.3964</ele>
        <time>2000-01-01T07:48:42.000Z</time>
      </trkpt>
      <trkpt lat="46.04056" lon="13.6668">
        <ele>512.6355</ele>
        <time>2000-01-01T07:48:52.000Z</time>
      </trkpt>
      <trkpt lat="46.04036" lon="13.66645">
        <ele>510.04656</ele>
        <time>2000-01-01T07:49:02.000Z</time>
      </trkpt>
      <trkpt lat="46.04034" lon="13.66618">
        <ele>509.10103</ele>
        <time>2000-01-01T07:49:12.000Z</time>
      </trkpt>
      <trkpt lat="46.0403" lon="13.66583">
        <ele>507.25615</ele>
        <time>2000-01-01T07:49:22.000Z</time>
      </trkpt>
      <trkpt lat="46.0402" lon="13.66563">
        <ele>507.18997</ele>
        <time>2000-01-01T07:49:32.000Z</time>
      </trkpt>
      <trkpt lat="46.04024" lon="13.66553">
        <ele>507.85038</ele>
        <time>2000-01-01T07:49:42.000Z</time>
      </trkpt>
      <trkpt lat="46.04028" lon="13.66545">
        <ele>508.30787</ele>
        <time>2000-01-01T07:49:52.000Z</time>
      </trkpt>
      <trkpt lat="46.04036" lon="13.66535">
        <ele>509.56067</ele>
        <time>2000-01-01T07:50:02.000Z</time>
      </trkpt>
      <trkpt lat="46.04044" lon="13.6653">
        <ele>511.15914</ele>
        <time>2000-01-01T07:50:12.000Z</time>
      </trkpt>
      <trkpt lat="46.0405" lon="13.66518">
        <ele>513.13427</ele>
        <time>2000-01-01T07:50:22.000Z</time>
      </trkpt>
      <trkpt lat="46.04053" lon="13.66495">
        <ele>514.91633</ele>
        <time>2000-01-01T07:50:32.000Z</time>
      </trkpt>
      <trkpt lat="46.04066" lon="13.66463">
        <ele>515.95032</ele>
        <time>2000-01-01T07:50:42.000Z</time>
      </trkpt>
      <trkpt lat="46.04076" lon="13.66444">
        <ele>516.62643</ele>
        <time>2000-01-01T07:50:52.000Z</time>
      </trkpt>
      <trkpt lat="46.0408" lon="13.66424">
        <ele>517.32056</ele>
        <time>2000-01-01T07:51:02.000Z</time>
      </trkpt>
      <trkpt lat="46.04077" lon="13.66403">
        <ele>518.8464</ele>
        <time>2000-01-01T07:51:12.000Z</time>
      </trkpt>
      <trkpt lat="46.04071" lon="13.6639">
        <ele>519.71116</ele>
        <time>2000-01-01T07:51:22.000Z</time>
      </trkpt>
      <trkpt lat="46.04062" lon="13.66378">
        <ele>520.20372</ele>
        <time>2000-01-01T07:51:32.000Z</time>
      </trkpt>
      <trkpt lat="46.04043" lon="13.6636">
        <ele>522.50265</ele>
        <time>2000-01-01T07:51:42.000Z</time>
      </trkpt>
      <trkpt lat="46.04034" lon="13.66331">
        <ele>526.41646</ele>
        <time>2000-01-01T07:51:52.000Z</time>
      </trkpt>
      <trkpt lat="46.04019" lon="13.66316">
        <ele>528.42543</ele>
        <time>2000-01-01T07:52:02.000Z</time>
      </trkpt>
      <trkpt lat="46.04007" lon="13.66309">
        <ele>528.08778</ele>
        <time>2000-01-01T07:52:12.000Z</time>
      </trkpt>
      <trkpt lat="46.03993" lon="13.66297">
        <ele>529.12016</ele>
        <time>2000-01-01T07:52:22.000Z</time>
      </trkpt>
      <trkpt lat="46.03981" lon="13.66267">
        <ele>532.98246</ele>
        <time>2000-01-01T07:52:32.000Z</time>
      </trkpt>
      <trkpt lat="46.03973" lon="13.66251">
        <ele>533.94058</ele>
        <time>2000-01-01T07:52:42.000Z</time>
        <extensions>
          <oa:locType>calcWayPoint</oa:locType>
        </extensions>
      </trkpt>
      <trkpt lat="46.03983" lon="13.66245">
        <ele>535.13514</ele>
        <time>2000-01-01T07:52:52.000Z</time>
      </trkpt>
      <trkpt lat="46.03993" lon="13.66242">
        <ele>536.3411</ele>
        <time>2000-01-01T07:53:02.000Z</time>
      </trkpt>
      <trkpt lat="46.04002" lon="13.66232">
        <ele>538.02989</ele>
        <time>2000-01-01T07:53:12.000Z</time>
      </trkpt>
      <trkpt lat="46.04017" lon="13.66224">
        <ele>539.52321</ele>
        <time>2000-01-01T07:53:22.000Z</time>
      </trkpt>
      <trkpt lat="46.0403" lon="13.66216">
        <ele>540.94446</ele>
        <time>2000-01-01T07:53:32.000Z</time>
      </trkpt>
      <trkpt lat="46.04037" lon="13.66202">
        <ele>543.80218</ele>
        <time>2000-01-01T07:53:42.000Z</time>
      </trkpt>
      <trkpt lat="46.04052" lon="13.6619">
        <ele>546.90835</ele>
        <time>2000-01-01T07:53:52.000Z</time>
      </trkpt>
      <trkpt lat="46.04069" lon="13.66179">
        <ele>550.648</ele>
        <time>2000-01-01T07:54:02.000Z</time>
      </trkpt>
      <trkpt lat="46.04079" lon="13.66174">
        <ele>552.72566</ele>
        <time>2000-01-01T07:54:12.000Z</time>
      </trkpt>
      <trkpt lat="46.04083" lon="13.66159">
        <ele>557.01986</ele>
        <time>2000-01-01T07:54:22.000Z</time>
      </trkpt>
      <trkpt lat="46.04094" lon="13.66153">
        <ele>558.44375</ele>
        <time>2000-01-01T07:54:32.000Z</time>
      </trkpt>
      <trkpt lat="46.04105" lon="13.66171">
        <ele>553.87272</ele>
        <time>2000-01-01T07:54:42.000Z</time>
      </trkpt>
      <trkpt lat="46.04105" lon="13.66189">
        <ele>548.977</ele>
        <time>2000-01-01T07:54:52.000Z</time>
      </trkpt>
      <trkpt lat="46.04119" lon="13.66224">
        <ele>543.13679</ele>
        <time>2000-01-01T07:55:02.000Z</time>
      </trkpt>
      <trkpt lat="46.04131" lon="13.66233">
        <ele>544.56235</ele>
        <time>2000-01-01T07:55:12.000Z</time>
      </trkpt>
      <trkpt lat="46.04148" lon="13.66239">
        <ele>547.26128</ele>
        <time>2000-01-01T07:55:22.000Z</time>
      </trkpt>
      <trkpt lat="46.04166" lon="13.66249">
        <ele>548.12159</ele>
        <time>2000-01-01T07:55:32.000Z</time>
      </trkpt>
      <trkpt lat="46.04177" lon="13.66245">
        <ele>548.74679</ele>
        <time>2000-01-01T07:55:42.000Z</time>
      </trkpt>
      <trkpt lat="46.04191" lon="13.66249">
        <ele>547.23858</ele>
        <time>2000-01-01T07:55:52.000Z</time>
      </trkpt>
      <trkpt lat="46.04214" lon="13.66251">
        <ele>547.51959</ele>
        <time>2000-01-01T07:56:02.000Z</time>
      </trkpt>
      <trkpt lat="46.04228" lon="13.66256">
        <ele>546.68789</ele>
        <time>2000-01-01T07:56:12.000Z</time>
      </trkpt>
      <trkpt lat="46.04249" lon="13.66266">
        <ele>544.30108</ele>
        <time>2000-01-01T07:56:22.000Z</time>
      </trkpt>
      <trkpt lat="46.04263" lon="13.66284">
        <ele>543.35368</ele>
        <time>2000-01-01T07:56:32.000Z</time>
      </trkpt>
      <trkpt lat="46.04282" lon="13.66305">
        <ele>542.95908</ele>
        <time>2000-01-01T07:56:42.000Z</time>
      </trkpt>
      <trkpt lat="46.04289" lon="13.66314">
        <ele>542.5266</ele>
        <time>2000-01-01T07:56:52.000Z</time>
      </trkpt>
      <trkpt lat="46.04303" lon="13.66328">
        <ele>544.21589</ele>
        <time>2000-01-01T07:57:02.000Z</time>
      </trkpt>
      <trkpt lat="46.04314" lon="13.66338">
        <ele>545.05665</ele>
        <time>2000-01-01T07:57:12.000Z</time>
      </trkpt>
      <trkpt lat="46.04339" lon="13.66355">
        <ele>547.69787</ele>
        <time>2000-01-01T07:57:22.000Z</time>
      </trkpt>
      <trkpt lat="46.0437" lon="13.66383">
        <ele>547.37077</ele>
        <time>2000-01-01T07:57:32.000Z</time>
      </trkpt>
      <trkpt lat="46.04379" lon="13.66403">
        <ele>545.93866</ele>
        <time>2000-01-01T07:57:42.000Z</time>
      </trkpt>
      <trkpt lat="46.04396" lon="13.66412">
        <ele>546.67017</ele>
        <time>2000-01-01T07:57:52.000Z</time>
      </trkpt>
      <trkpt lat="46.0441" lon="13.66424">
        <ele>545.52971</ele>
        <time>2000-01-01T07:58:02.000Z</time>
      </trkpt>
      <trkpt lat="46.04446" lon="13.66442">
        <ele>549.83711</ele>
        <time>2000-01-01T07:58:12.000Z</time>
      </trkpt>
      <trkpt lat="46.04461" lon="13.66468">
        <ele>549.00069</ele>
        <time>2000-01-01T07:58:22.000Z</time>
      </trkpt>
      <trkpt lat="46.04478" lon="13.66478">
        <ele>550.95336</ele>
        <time>2000-01-01T07:58:32.000Z</time>
      </trkpt>
      <trkpt lat="46.04495" lon="13.66487">
        <ele>552.21945</ele>
        <time>2000-01-01T07:58:42.000Z</time>
      </trkpt>
      <trkpt lat="46.04526" lon="13.66487">
        <ele>554.82218</ele>
        <time>2000-01-01T07:58:52.000Z</time>
      </trkpt>
      <trkpt lat="46.04533" lon="13.66494">
        <ele>553.91277</ele>
        <time>2000-01-01T07:59:02.000Z</time>
      </trkpt>
      <trkpt lat="46.04546" lon="13.66505">
        <ele>551.3746</ele>
        <time>2000-01-01T07:59:12.000Z</time>
      </trkpt>
      <trkpt lat="46.04565" lon="13.66504">
        <ele>551.45185</ele>
        <time>2000-01-01T07:59:22.000Z</time>
      </trkpt>
      <trkpt lat="46.04587" lon="13.66508">
        <ele>550.78762</ele>
        <time>2000-01-01T07:59:32.000Z</time>
      </trkpt>
      <trkpt lat="46.04631" lon="13.66498">
        <ele>553.45188</ele>
        <time>2000-01-01T07:59:42.000Z</time>
      </trkpt>
      <trkpt lat="46.04654" lon="13.66495">
        <ele>559.07665</ele>
        <time>2000-01-01T07:59:52.000Z</time>
      </trkpt>
      <trkpt lat="46.04677" lon="13.66497">
        <ele>564.1159</ele>
        <time>2000-01-01T08:00:02.000Z</time>
      </trkpt>
      <trkpt lat="46.04707" lon="13.66507">
        <ele>569.16834</ele>
        <time>2000-01-01T08:00:12.000Z</time>
      </trkpt>
      <trkpt lat="46.04741" lon="13.66538">
        <ele>573.61481</ele>
        <time>2000-01-01T08:00:22.000Z</time>
      </trkpt>
      <trkpt lat="46.04758" lon="13.66556">
        <ele>578.03245</ele>
        <time>2000-01-01T08:00:32.000Z</time>
      </trkpt>
      <trkpt lat="46.04771" lon="13.66571">
        <ele>583.20779</ele>
        <time>2000-01-01T08:00:42.000Z</time>
      </trkpt>
      <trkpt lat="46.04785" lon="13.66603">
        <ele>590.65532</ele>
        <time>2000-01-01T08:00:52.000Z</time>
      </trkpt>
      <trkpt lat="46.04814" lon="13.6663">
        <ele>597.1085</ele>
        <time>2000-01-01T08:01:02.000Z</time>
      </trkpt>
      <trkpt lat="46.04824" lon="13.66638">
        <ele>598.05802</ele>
        <time>2000-01-01T08:01:12.000Z</time>
      </trkpt>
      <trkpt lat="46.04838" lon="13.66639">
        <ele>599.41385</ele>
        <time>2000-01-01T08:01:22.000Z</time>
      </trkpt>
      <trkpt lat="46.0485" lon="13.66642">
        <ele>600.24021</ele>
        <time>2000-01-01T08:01:32.000Z</time>
      </trkpt>
      <trkpt lat="46.04865" lon="13.66647">
        <ele>600.59155</ele>
        <time>2000-01-01T08:01:42.000Z</time>
      </trkpt>
      <trkpt lat="46.04877" lon="13.66646">
        <ele>600.74492</ele>
        <time>2000-01-01T08:01:52.000Z</time>
      </trkpt>
      <trkpt lat="46.04888" lon="13.66642">
        <ele>600.80566</ele>
        <time>2000-01-01T08:02:02.000Z</time>
      </trkpt>
      <trkpt lat="46.049" lon="13.66634">
        <ele>601.11034</ele>
        <time>2000-01-01T08:02:12.000Z</time>
      </trkpt>
      <trkpt lat="46.04912" lon="13.66622">
        <ele>601.87865</ele>
        <time>2000-01-01T08:02:22.000Z</time>
      </trkpt>
      <trkpt lat="46.04927" lon="13.66612">
        <ele>602.23185</ele>
        <time>2000-01-01T08:02:32.000Z</time>
      </trkpt>
      <trkpt lat="46.04939" lon="13.66605">
        <ele>602.34178</ele>
        <time>2000-01-01T08:02:42.000Z</time>
      </trkpt>
      <trkpt lat="46.04974" lon="13.66579">
        <ele>602.53204</ele>
        <time>2000-01-01T08:02:52.000Z</time>
      </trkpt>
      <trkpt lat="46.04977" lon="13.66573">
        <ele>603.52702</ele>
        <time>2000-01-01T08:03:02.000Z</time>
      </trkpt>
      <trkpt lat="46.04998" lon="13.66568">
        <ele>605.64188</ele>
        <time>2000-01-01T08:03:12.000Z</time>
      </trkpt>
      <trkpt lat="46.05013" lon="13.66557">
        <ele>608.10045</ele>
        <time>2000-01-01T08:03:22.000Z</time>
      </trkpt>
      <trkpt lat="46.05046" lon="13.66515">
        <ele>609.51309</ele>
        <time>2000-01-01T08:03:32.000Z</time>
      </trkpt>
      <trkpt lat="46.0506" lon="13.66494">
        <ele>609.00263</ele>
        <time>2000-01-01T08:03:42.000Z</time>
      </trkpt>
      <trkpt lat="46.05075" lon="13.66481">
        <ele>608.91296</ele>
        <time>2000-01-01T08:03:52.000Z</time>
      </trkpt>
      <trkpt lat="46.0511" lon="13.66457">
        <ele>608.45691</ele>
        <time>2000-01-01T08:04:02.000Z</time>
      </trkpt>
      <trkpt lat="46.05147" lon="13.66426">
        <ele>609.91439</ele>
        <time>2000-01-01T08:04:12.000Z</time>
      </trkpt>
      <trkpt lat="46.05155" lon="13.66412">
        <ele>609.55125</ele>
        <time>2000-01-01T08:04:22.000Z</time>
      </trkpt>
      <trkpt lat="46.05164" lon="13.66398">
        <ele>608.28097</ele>
        <time>2000-01-01T08:04:32.000Z</time>
      </trkpt>
      <trkpt lat="46.0517" lon="13.66384">
        <ele>607.6653</ele>
        <time>2000-01-01T08:04:42.000Z</time>
      </trkpt>
      <trkpt lat="46.05178" lon="13.66368">
        <ele>607.12347</ele>
        <time>2000-01-01T08:04:52.000Z</time>
      </trkpt>
      <trkpt lat="46.05198" lon="13.6636">
        <ele>606.10647</ele>
        <time>2000-01-01T08:05:02.000Z</time>
      </trkpt>
      <trkpt lat="46.05215" lon="13.66356">
        <ele>607.89732</ele>
        <time>2000-01-01T08:05:12.000Z</time>
      </trkpt>
      <trkpt lat="46.05224" lon="13.66351">
        <ele>609.28652</ele>
        <time>2000-01-01T08:05:22.000Z</time>
      </trkpt>
      <trkpt lat="46.05236" lon="13.66346">
        <ele>611.55467</ele>
        <time>2000-01-01T08:05:32.000Z</time>
      </trkpt>
      <trkpt lat="46.05241" lon="13.66349">
        <ele>612.7625</ele>
        <time>2000-01-01T08:05:42.000Z</time>
      </trkpt>
      <trkpt lat="46.05248" lon="13.66366">
        <ele>614.56827</ele>
        <time>2000-01-01T08:05:52.000Z</time>
      </trkpt>
      <trkpt lat="46.05251" lon="13.66371">
        <ele>615.06837</ele>
        <time>2000-01-01T08:06:02.000Z</time>
      </trkpt>
      <trkpt lat="46.05256" lon="13.66377">
        <ele>615.83248</ele>
        <time>2000-01-01T08:06:12.000Z</time>
      </trkpt>
      <trkpt lat="46.05263" lon="13.66375">
        <ele>617.19405</ele>
        <time>2000-01-01T08:06:22.000Z</time>
      </trkpt>
      <trkpt lat="46.05271" lon="13.66374">
        <ele>618.66072</ele>
        <time>2000-01-01T08:06:32.000Z</time>
      </trkpt>
      <trkpt lat="46.05278" lon="13.66379">
        <ele>620.03712</ele>
        <time>2000-01-01T08:06:42.000Z</time>
      </trkpt>
      <trkpt lat="46.05281" lon="13.66384">
        <ele>620.63817</ele>
        <time>2000-01-01T08:06:52.000Z</time>
      </trkpt>
      <trkpt lat="46.05286" lon="13.66397">
        <ele>621.30334</ele>
        <time>2000-01-01T08:07:02.000Z</time>
      </trkpt>
      <trkpt lat="46.05288" lon="13.66405">
        <ele>621.42057</ele>
        <time>2000-01-01T08:07:12.000Z</time>
      </trkpt>
      <trkpt lat="46.05317" lon="13.664">
        <ele>627.19093</ele>
        <time>2000-01-01T08:07:22.000Z</time>
      </trkpt>
      <trkpt lat="46.05347" lon="13.66396">
        <ele>638.98634</ele>
        <time>2000-01-01T08:07:32.000Z</time>
      </trkpt>
      <trkpt lat="46.054" lon="13.6639">
        <ele>649.60697</ele>
        <time>2000-01-01T08:07:42.000Z</time>
      </trkpt>
      <trkpt lat="46.05427" lon="13.66386">
        <ele>652.29581</ele>
        <time>2000-01-01T08:07:52.000Z</time>
      </trkpt>
      <trkpt lat="46.05467" lon="13.6638">
        <ele>658.33632</ele>
        <time>2000-01-01T08:08:02.000Z</time>
      </trkpt>
      <trkpt lat="46.05494" lon="13.66374">
        <ele>659.61252</ele>
        <time>2000-01-01T08:08:12.000Z</time>
      </trkpt>
      <trkpt lat="46.05535" lon="13.66365">
        <ele>664.53648</ele>
        <time>2000-01-01T08:08:22.000Z</time>
      </trkpt>
      <trkpt lat="46.05563" lon="13.66363">
        <ele>664.29425</ele>
        <time>2000-01-01T08:08:32.000Z</time>
      </trkpt>
      <trkpt lat="46.05573" lon="13.66363">
        <ele>662.71393</ele>
        <time>2000-01-01T08:08:42.000Z</time>
      </trkpt>
      <trkpt lat="46.05589" lon="13.6636">
        <ele>661.77897</ele>
        <time>2000-01-01T08:08:52.000Z</time>
      </trkpt>
      <trkpt lat="46.05605" lon="13.66358">
        <ele>660.77933</ele>
        <time>2000-01-01T08:09:02.000Z</time>
      </trkpt>
      <trkpt lat="46.0564" lon="13.6635">
        <ele>662.6777</ele>
        <time>2000-01-01T08:09:12.000Z</time>
      </trkpt>
      <trkpt lat="46.05669" lon="13.66346">
        <ele>663.23683</ele>
        <time>2000-01-01T08:09:22.000Z</time>
      </trkpt>
      <trkpt lat="46.05683" lon="13.66337">
        <ele>663.68983</ele>
        <time>2000-01-01T08:09:32.000Z</time>
      </trkpt>
      <trkpt lat="46.05691" lon="13.66326">
        <ele>665.52652</ele>
        <time>2000-01-01T08:09:42.000Z</time>
      </trkpt>
      <trkpt lat="46.05688" lon="13.66319">
        <ele>667.77232</ele>
        <time>2000-01-01T08:09:52.000Z</time>
      </trkpt>
      <trkpt lat="46.05681" lon="13.66306">
        <ele>672.07036</ele>
        <time>2000-01-01T08:10:02.000Z</time>
      </trkpt>
      <trkpt lat="46.05687" lon="13.66297">
        <ele>674.53775</ele>
        <time>2000-01-01T08:10:12.000Z</time>
      </trkpt>
      <trkpt lat="46.05684" lon="13.66286">
        <ele>678.7155</ele>
        <time>2000-01-01T08:10:22.000Z</time>
      </trkpt>
      <trkpt lat="46.05689" lon="13.66276">
        <ele>682.15133</ele>
        <time>2000-01-01T08:10:32.000Z</time>
      </trkpt>
      <trkpt lat="46.05687" lon="13.66268">
        <ele>685.40339</ele>
        <time>2000-01-01T08:10:42.000Z</time>
      </trkpt>
      <trkpt lat="46.05691" lon="13.66258">
        <ele>689.08196</ele>
        <time>2000-01-01T08:10:52.000Z</time>
      </trkpt>
      <trkpt lat="46.05697" lon="13.66251">
        <ele>691.30325</ele>
        <time>2000-01-01T08:11:02.000Z</time>
      </trkpt>
      <trkpt lat="46.05702" lon="13.66242">
        <ele>694.55768</ele>
        <time>2000-01-01T08:11:12.000Z</time>
      </trkpt>
      <trkpt lat="46.05704" lon="13.66235">
        <ele>697.07266</ele>
        <time>2000-01-01T08:11:22.000Z</time>
      </trkpt>
      <trkpt lat="46.05705" lon="13.66221">
        <ele>701.71167</ele>
        <time>2000-01-01T08:11:32.000Z</time>
      </trkpt>
      <trkpt lat="46.05713" lon="13.66213">
        <ele>701.19707</ele>
        <time>2000-01-01T08:11:42.000Z</time>
        <extensions>
          <oa:locType>calcWayPoint</oa:locType>
        </extensions>
      </trkpt>
      <trkpt lat="46.05718" lon="13.6621">
        <ele>700.0631</ele>
        <time>2000-01-01T08:11:52.000Z</time>
      </trkpt>
      <trkpt lat="46.05718" lon="13.66198">
        <ele>702.64655</ele>
        <time>2000-01-01T08:12:02.000Z</time>
      </trkpt>
      <trkpt lat="46.05709" lon="13.66205">
        <ele>704.46631</ele>
        <time>2000-01-01T08:12:12.000Z</time>
      </trkpt>
      <trkpt lat="46.05701" lon="13.6621">
        <ele>706.00982</ele>
        <time>2000-01-01T08:12:22.000Z</time>
      </trkpt>
      <trkpt lat="46.05689" lon="13.66222">
        <ele>705.03698</ele>
        <time>2000-01-01T08:12:32.000Z</time>
      </trkpt>
      <trkpt lat="46.0569" lon="13.66211">
        <ele>708.4814</ele>
        <time>2000-01-01T08:12:42.000Z</time>
      </trkpt>
      <trkpt lat="46.0569" lon="13.66201">
        <ele>711.26959</ele>
        <time>2000-01-01T08:12:52.000Z</time>
      </trkpt>
      <trkpt lat="46.05681" lon="13.6621">
        <ele>710.02991</ele>
        <time>2000-01-01T08:13:02.000Z</time>
      </trkpt>
      <trkpt lat="46.05674" lon="13.66216">
        <ele>708.92604</ele>
        <time>2000-01-01T08:13:12.000Z</time>
      </trkpt>
      <trkpt lat="46.05669" lon="13.66217">
        <ele>709.3762</ele>
        <time>2000-01-01T08:13:22.000Z</time>
      </trkpt>
      <trkpt lat="46.05666" lon="13.66215">
        <ele>710.67336</ele>
        <time>2000-01-01T08:13:32.000Z</time>
      </trkpt>
      <trkpt lat="46.05663" lon="13.66218">
        <ele>710.45129</ele>
        <time>2000-01-01T08:13:42.000Z</time>
      </trkpt>
      <trkpt lat="46.0566" lon="13.6621">
        <ele>713.74583</ele>
        <time>2000-01-01T08:13:52.000Z</time>
      </trkpt>
      <trkpt lat="46.05655" lon="13.66205">
        <ele>716.44913</ele>
        <time>2000-01-01T08:14:02.000Z</time>
      </trkpt>
      <trkpt lat="46.05649" lon="13.66212">
        <ele>716.50863</ele>
        <time>2000-01-01T08:14:12.000Z</time>
      </trkpt>
      <trkpt lat="46.0564" lon="13.66214">
        <ele>718.63476</ele>
        <time>2000-01-01T08:14:22.000Z</time>
      </trkpt>
      <trkpt lat="46.05641" lon="13.66201">
        <ele>720.93823</ele>
        <time>2000-01-01T08:14:32.000Z</time>
      </trkpt>
      <trkpt lat="46.05631" lon="13.66201">
        <ele>723.38886</ele>
        <time>2000-01-01T08:14:42.000Z</time>
      </trkpt>
      <trkpt lat="46.05619" lon="13.66195">
        <ele>728.16308</ele>
        <time>2000-01-01T08:14:52.000Z</time>
      </trkpt>
      <trkpt lat="46.0561" lon="13.66201">
        <ele>727.96166</ele>
        <time>2000-01-01T08:15:02.000Z</time>
      </trkpt>
      <trkpt lat="46.05599" lon="13.66199">
        <ele>729.79968</ele>
        <time>2000-01-01T08:15:12.000Z</time>
      </trkpt>
      <trkpt lat="46.05589" lon="13.66195">
        <ele>731.72565</ele>
        <time>2000-01-01T08:15:22.000Z</time>
      </trkpt>
      <trkpt lat="46.05575" lon="13.66198">
        <ele>730.70429</ele>
        <time>2000-01-01T08:15:32.000Z</time>
      </trkpt>
      <trkpt lat="46.05558" lon="13.66196">
        <ele>730.02639</ele>
        <time>2000-01-01T08:15:42.000Z</time>
      </trkpt>
      <trkpt lat="46.05548" lon="13.66194">
        <ele>728.35737</ele>
        <time>2000-01-01T08:15:52.000Z</time>
      </trkpt>
      <trkpt lat="46.05536" lon="13.6619">
        <ele>725.57531</ele>
        <time>2000-01-01T08:16:02.000Z</time>
      </trkpt>
      <trkpt lat="46.05525" lon="13.66181">
        <ele>724.17217</ele>
        <time>2000-01-01T08:16:12.000Z</time>
      </trkpt>
      <trkpt lat="46.05527" lon="13.6617">
        <ele>727.09434</ele>
        <time>2000-01-01T08:16:22.000Z</time>
      </trkpt>
      <trkpt lat="46.05532" lon="13.66167">
        <ele>729.1625</ele>
        <time>2000-01-01T08:16:32.000Z</time>
      </trkpt>
      <trkpt lat="46.05525" lon="13.66143">
        <ele>731.49455</ele>
        <time>2000-01-01T08:16:42.000Z</time>
      </trkpt>
      <trkpt lat="46.0553" lon="13.66137">
        <ele>733.99768</ele>
        <time>2000-01-01T08:16:52.000Z</time>
      </trkpt>
      <trkpt lat="46.05534" lon="13.66128">
        <ele>736.73043</ele>
        <time>2000-01-01T08:17:02.000Z</time>
      </trkpt>
      <trkpt lat="46.0554" lon="13.66095">
        <ele>742.96254</ele>
        <time>2000-01-01T08:17:12.000Z</time>
      </trkpt>
      <trkpt lat="46.0555" lon="13.66081">
        <ele>748.77723</ele>
        <time>2000-01-01T08:17:22.000Z</time>
      </trkpt>
      <trkpt lat="46.05562" lon="13.66071">
        <ele>753.78721</ele>
        <time>2000-01-01T08:17:32.000Z</time>
      </trkpt>
      <trkpt lat="46.05568" lon="13.66057">
        <ele>756.40341</ele>
        <time>2000-01-01T08:17:42.000Z</time>
      </trkpt>
      <trkpt lat="46.05586" lon="13.66056">
        <ele>763.87999</ele>
        <time>2000-01-01T08:17:52.000Z</time>
      </trkpt>
      <trkpt lat="46.05579" lon="13.66038">
        <ele>762.09616</ele>
        <time>2000-01-01T08:18:02.000Z</time>
      </trkpt>
      <trkpt lat="46.0557" lon="13.66024">
        <ele>759.12759</ele>
        <time>2000-01-01T08:18:12.000Z</time>
      </trkpt>
      <trkpt lat="46.05567" lon="13.66006">
        <ele>759.54437</ele>
        <time>2000-01-01T08:18:22.000Z</time>
      </trkpt>
      <trkpt lat="46.05562" lon="13.65982">
        <ele>759.09683</ele>
        <time>2000-01-01T08:18:32.000Z</time>
      </trkpt>
      <trkpt lat="46.05563" lon="13.65964">
        <ele>759.23156</ele>
        <time>2000-01-01T08:18:42.000Z</time>
      </trkpt>
      <trkpt lat="46.05561" lon="13.65948">
        <ele>757.46446</ele>
        <time>2000-01-01T08:18:52.000Z</time>
      </trkpt>
      <trkpt lat="46.05561" lon="13.65929">
        <ele>754.46687</ele>
        <time>2000-01-01T08:19:02.000Z</time>
      </trkpt>
      <trkpt lat="46.05558" lon="13.65917">
        <ele>750.96098</ele>
        <time>2000-01-01T08:19:12.000Z</time>
      </trkpt>
      <trkpt lat="46.05558" lon="13.65902">
        <ele>747.71477</ele>
        <time>2000-01-01T08:19:22.000Z</time>
      </trkpt>
      <trkpt lat="46.05553" lon="13.65898">
        <ele>745.22281</ele>
        <time>2000-01-01T08:19:32.000Z</time>
      </trkpt>
      <trkpt lat="46.05549" lon="13.65873">
        <ele>737.79921</ele>
        <time>2000-01-01T08:19:42.000Z</time>
      </trkpt>
      <trkpt lat="46.05536" lon="13.6586">
        <ele>729.24077</ele>
        <time>2000-01-01T08:19:52.000Z</time>
      </trkpt>
      <trkpt lat="46.05533" lon="13.65848">
        <ele>727.01662</ele>
        <time>2000-01-01T08:20:02.000Z</time>
      </trkpt>
      <trkpt lat="46.05535" lon="13.65825">
        <ele>726.06223</ele>
        <time>2000-01-01T08:20:12.000Z</time>
      </trkpt>
      <trkpt lat="46.05546" lon="13.65815">
        <ele>725.76082</ele>
        <time>2000-01-01T08:20:22.000Z</time>
      </trkpt>
      <trkpt lat="46.05553" lon="13.65801">
        <ele>725.68904</ele>
        <time>2000-01-01T08:20:32.000Z</time>
      </trkpt>
      <trkpt lat="46.05574" lon="13.65785">
        <ele>728.90976</ele>
        <time>2000-01-01T08:20:42.000Z</time>
      </trkpt>
      <trkpt lat="46.05585" lon="13.65744">
        <ele>731.39381</ele>
        <time>2000-01-01T08:20:52.000Z</time>
      </trkpt>
      <trkpt lat="46.05602" lon="13.65707">
        <ele>733.77497</ele>
        <time>2000-01-01T08:21:02.000Z</time>
      </trkpt>
      <trkpt lat="46.05621" lon="13.65672">
        <ele>734.41647</ele>
        <time>2000-01-01T08:21:12.000Z</time>
      </trkpt>
      <trkpt lat="46.05632" lon="13.65655">
        <ele>733.35236</ele>
        <time>2000-01-01T08:21:22.000Z</time>
      </trkpt>
      <trkpt lat="46.05641" lon="13.65637">
        <ele>731.77639</ele>
        <time>2000-01-01T08:21:32.000Z</time>
      </trkpt>
      <trkpt lat="46.05649" lon="13.65615">
        <ele>729.71162</ele>
        <time>2000-01-01T08:21:42.000Z</time>
      </trkpt>
      <trkpt lat="46.05658" lon="13.65599">
        <ele>726.26194</ele>
        <time>2000-01-01T08:21:52.000Z</time>
      </trkpt>
      <trkpt lat="46.05666" lon="13.65583">
        <ele>721.95126</ele>
        <time>2000-01-01T08:22:02.000Z</time>
      </trkpt>
      <trkpt lat="46.05685" lon="13.65571">
        <ele>719.18773</ele>
        <time>2000-01-01T08:22:12.000Z</time>
      </trkpt>
      <trkpt lat="46.05685" lon="13.65559">
        <ele>715.88056</ele>
        <time>2000-01-01T08:22:22.000Z</time>
      </trkpt>
      <trkpt lat="46.05699" lon="13.65528">
        <ele>708.15797</ele>
        <time>2000-01-01T08:22:32.000Z</time>
      </trkpt>
      <trkpt lat="46.05699" lon="13.6552">
        <ele>705.83029</ele>
        <time>2000-01-01T08:22:42.000Z</time>
      </trkpt>
      <trkpt lat="46.05704" lon="13.65486">
        <ele>696.2218</ele>
        <time>2000-01-01T08:22:52.000Z</time>
      </trkpt>
      <trkpt lat="46.05703" lon="13.65463">
        <ele>688.48572</ele>
        <time>2000-01-01T08:23:02.000Z</time>
      </trkpt>
      <trkpt lat="46.05701" lon="13.65452">
        <ele>683.97154</ele>
        <time>2000-01-01T08:23:12.000Z</time>
      </trkpt>
      <trkpt lat="46.05701" lon="13.65435">
        <ele>677.6904</ele>
        <time>2000-01-01T08:23:22.000Z</time>
      </trkpt>
      <trkpt lat="46.05693" lon="13.65373">
        <ele>653.5518</ele>
        <time>2000-01-01T08:23:32.000Z</time>
      </trkpt>
      <trkpt lat="46.05691" lon="13.65354">
        <ele>645.77008</ele>
        <time>2000-01-01T08:23:42.000Z</time>
      </trkpt>
      <trkpt lat="46.05688" lon="13.65334">
        <ele>637.47065</ele>
        <time>2000-01-01T08:23:52.000Z</time>
      </trkpt>
      <trkpt lat="46.0569" lon="13.65304">
        <ele>624.26086</ele>
        <time>2000-01-01T08:24:02.000Z</time>
      </trkpt>
      <trkpt lat="46.0569" lon="13.65292">
        <ele>618.44836</ele>
        <time>2000-01-01T08:24:12.000Z</time>
      </trkpt>
      <trkpt lat="46.05691" lon="13.65275">
        <ele>611.06538</ele>
        <time>2000-01-01T08:24:22.000Z</time>
      </trkpt>
      <trkpt lat="46.05662" lon="13.65288">
        <ele>610.5305</ele>
        <time>2000-01-01T08:24:32.000Z</time>
      </trkpt>
      <trkpt lat="46.05653" lon="13.65294">
        <ele>611.94472</ele>
        <time>2000-01-01T08:24:42.000Z</time>
      </trkpt>
      <trkpt lat="46.05647" lon="13.65292">
        <ele>610.3784</ele>
        <time>2000-01-01T08:24:52.000Z</time>
      </trkpt>
      <trkpt lat="46.05637" lon="13.65302">
        <ele>613.3818</ele>
        <time>2000-01-01T08:25:02.000Z</time>
      </trkpt>
      <trkpt lat="46.05626" lon="13.65307">
        <ele>614.77168</ele>
        <time>2000-01-01T08:25:12.000Z</time>
      </trkpt>
      <trkpt lat="46.05597" lon="13.65322">
        <ele>620.63449</ele>
        <time>2000-01-01T08:25:22.000Z</time>
      </trkpt>
      <trkpt lat="46.05585" lon="13.65323">
        <ele>621.49487</ele>
        <time>2000-01-01T08:25:32.000Z</time>
      </trkpt>
      <trkpt lat="46.05543" lon="13.65323">
        <ele>624.07117</ele>
        <time>2000-01-01T08:25:42.000Z</time>
      </trkpt>
      <trkpt lat="46.05529" lon="13.65324">
        <ele>626.36607</ele>
        <time>2000-01-01T08:25:52.000Z</time>
      </trkpt>
      <trkpt lat="46.05517" lon="13.65324">
        <ele>626.15295</ele>
        <time>2000-01-01T08:26:02.000Z</time>
      </trkpt>
      <trkpt lat="46.05506" lon="13.65323">
        <ele>624.75335</ele>
        <time>2000-01-01T08:26:12.000Z</time>
      </trkpt>
      <trkpt lat="46.05495" lon="13.65321">
        <ele>622.93856</ele>
        <time>2000-01-01T08:26:22.000Z</time>
      </trkpt>
      <trkpt lat="46.05471" lon="13.65319">
        <ele>620.05994</ele>
        <time>2000-01-01T08:26:32.000Z</time>
      </trkpt>
      <trkpt lat="46.05464" lon="13.65319">
        <ele>620.18922</ele>
        <time>2000-01-01T08:26:42.000Z</time>
      </trkpt>
      <trkpt lat="46.05448" lon="13.65328">
        <ele>623.31998</ele>
        <time>2000-01-01T08:26:52.000Z</time>
      </trkpt>
      <trkpt lat="46.0542" lon="13.6536">
        <ele>634.70287</ele>
        <time>2000-01-01T08:27:02.000Z</time>
      </trkpt>
      <trkpt lat="46.05406" lon="13.65371">
        <ele>637.37556</ele>
        <time>2000-01-01T08:27:12.000Z</time>
      </trkpt>
      <trkpt lat="46.05394" lon="13.65373">
        <ele>637.19725</ele>
        <time>2000-01-01T08:27:22.000Z</time>
      </trkpt>
      <trkpt lat="46.05363" lon="13.65381">
        <ele>638.63905</ele>
        <time>2000-01-01T08:27:32.000Z</time>
      </trkpt>
      <trkpt lat="46.05355" lon="13.65382">
        <ele>639.20819</ele>
        <time>2000-01-01T08:27:42.000Z</time>
      </trkpt>
      <trkpt lat="46.05346" lon="13.65385">
        <ele>640.61596</ele>
        <time>2000-01-01T08:27:52.000Z</time>
      </trkpt>
      <trkpt lat="46.0533" lon="13.65389">
        <ele>641.92976</ele>
        <time>2000-01-01T08:28:02.000Z</time>
      </trkpt>
      <trkpt lat="46.0532" lon="13.6539">
        <ele>641.47902</ele>
        <time>2000-01-01T08:28:12.000Z</time>
      </trkpt>
      <trkpt lat="46.05306" lon="13.65394">
        <ele>640.97901</ele>
        <time>2000-01-01T08:28:22.000Z</time>
      </trkpt>
      <trkpt lat="46.05296" lon="13.65398">
        <ele>640.74622</ele>
        <time>2000-01-01T08:28:32.000Z</time>
      </trkpt>
      <trkpt lat="46.05286" lon="13.65403">
        <ele>640.76317</ele>
        <time>2000-01-01T08:28:42.000Z</time>
      </trkpt>
      <trkpt lat="46.05243" lon="13.65419">
        <ele>648.64099</ele>
        <time>2000-01-01T08:28:52.000Z</time>
      </trkpt>
      <trkpt lat="46.0523" lon="13.65434">
        <ele>652.06438</ele>
        <time>2000-01-01T08:29:02.000Z</time>
      </trkpt>
      <trkpt lat="46.05221" lon="13.65443">
        <ele>654.65301</ele>
        <time>2000-01-01T08:29:12.000Z</time>
      </trkpt>
      <trkpt lat="46.05215" lon="13.65453">
        <ele>657.07216</ele>
        <time>2000-01-01T08:29:22.000Z</time>
      </trkpt>
      <trkpt lat="46.05187" lon="13.65444">
        <ele>656.75732</ele>
        <time>2000-01-01T08:29:32.000Z</time>
      </trkpt>
      <trkpt lat="46.05162" lon="13.65433">
        <ele>658.36135</ele>
        <time>2000-01-01T08:29:42.000Z</time>
      </trkpt>
      <trkpt lat="46.05149" lon="13.65425">
        <ele>658.73416</ele>
        <time>2000-01-01T08:29:52.000Z</time>
      </trkpt>
      <trkpt lat="46.05133" lon="13.65421">
        <ele>660.936</ele>
        <time>2000-01-01T08:30:02.000Z</time>
      </trkpt>
      <trkpt lat="46.05116" lon="13.65414">
        <ele>663.33907</ele>
        <time>2000-01-01T08:30:12.000Z</time>
      </trkpt>
      <trkpt lat="46.05097" lon="13.65404">
        <ele>666.72483</ele>
        <time>2000-01-01T08:30:22.000Z</time>
      </trkpt>
      <trkpt lat="46.05084" lon="13.65394">
        <ele>668.7315</ele>
        <time>2000-01-01T08:30:32.000Z</time>
      </trkpt>
      <trkpt lat="46.05073" lon="13.65388">
        <ele>671.34219</ele>
        <time>2000-01-01T08:30:42.000Z</time>
      </trkpt>
      <trkpt lat="46.05061" lon="13.65379">
        <ele>674.01694</ele>
        <time>2000-01-01T08:30:52.000Z</time>
      </trkpt>
      <trkpt lat="46.0504" lon="13.65357">
        <ele>673.18688</ele>
        <time>2000-01-01T08:31:02.000Z</time>
      </trkpt>
      <trkpt lat="46.05034" lon="13.65349">
        <ele>670.96957</ele>
        <time>2000-01-01T08:31:12.000Z</time>
      </trkpt>
      <trkpt lat="46.05003" lon="13.65351">
        <ele>669.28354</ele>
        <time>2000-01-01T08:31:22.000Z</time>
      </trkpt>
      <trkpt lat="46.04991" lon="13.65358">
        <ele>672.50685</ele>
        <time>2000-01-01T08:31:32.000Z</time>
      </trkpt>
      <trkpt lat="46.04981" lon="13.6536">
        <ele>674.79089</ele>
        <time>2000-01-01T08:31:42.000Z</time>
      </trkpt>
      <trkpt lat="46.04969" lon="13.65357">
        <ele>676.05897</ele>
        <time>2000-01-01T08:31:52.000Z</time>
      </trkpt>
      <trkpt lat="46.04959" lon="13.65353">
        <ele>677.54669</ele>
        <time>2000-01-01T08:32:02.000Z</time>
      </trkpt>
      <trkpt lat="46.04955" lon="13.65344">
        <ele>675.71606</ele>
        <time>2000-01-01T08:32:12.000Z</time>
      </trkpt>
      <trkpt lat="46.0495" lon="13.65337">
        <ele>675.65907</ele>
        <time>2000-01-01T08:32:22.000Z</time>
      </trkpt>
      <trkpt lat="46.04929" lon="13.65329">
        <ele>681.80484</ele>
        <time>2000-01-01T08:32:32.000Z</time>
      </trkpt>
      <trkpt lat="46.04921" lon="13.65327">
        <ele>684.50325</ele>
        <time>2000-01-01T08:32:42.000Z</time>
      </trkpt>
      <trkpt lat="46.04914" lon="13.6532">
        <ele>686.54803</ele>
        <time>2000-01-01T08:32:52.000Z</time>
      </trkpt>
      <trkpt lat="46.04906" lon="13.65304">
        <ele>689.02764</ele>
        <time>2000-01-01T08:33:02.000Z</time>
      </trkpt>
      <trkpt lat="46.049" lon="13.65273">
        <ele>688.85831</ele>
        <time>2000-01-01T08:33:12.000Z</time>
      </trkpt>
      <trkpt lat="46.04894" lon="13.65247">
        <ele>688.82863</ele>
        <time>2000-01-01T08:33:22.000Z</time>
      </trkpt>
      <trkpt lat="46.04891" lon="13.6523">
        <ele>688.02253</ele>
        <time>2000-01-01T08:33:32.000Z</time>
      </trkpt>
      <trkpt lat="46.04889" lon="13.65213">
        <ele>686.61052</ele>
        <time>2000-01-01T08:33:42.000Z</time>
      </trkpt>
      <trkpt lat="46.04885" lon="13.65168">
        <ele>682.13291</ele>
        <time>2000-01-01T08:33:52.000Z</time>
      </trkpt>
      <trkpt lat="46.0488" lon="13.6514">
        <ele>681.87518</ele>
        <time>2000-01-01T08:34:02.000Z</time>
      </trkpt>
      <trkpt lat="46.04876" lon="13.65102">
        <ele>679.956</ele>
        <time>2000-01-01T08:34:12.000Z</time>
      </trkpt>
      <trkpt lat="46.04875" lon="13.65078">
        <ele>677.55826</ele>
        <time>2000-01-01T08:34:22.000Z</time>
      </trkpt>
      <trkpt lat="46.04875" lon="13.65058">
        <ele>675.34083</ele>
        <time>2000-01-01T08:34:32.000Z</time>
      </trkpt>
      <trkpt lat="46.04874" lon="13.65041">
        <ele>673.97111</ele>
        <time>2000-01-01T08:34:42.000Z</time>
      </trkpt>
      <trkpt lat="46.04874" lon="13.6502">
        <ele>670.7753</ele>
        <time>2000-01-01T08:34:52.000Z</time>
      </trkpt>
      <trkpt lat="46.04872" lon="13.64996">
        <ele>666.81105</ele>
        <time>2000-01-01T08:35:02.000Z</time>
      </trkpt>
      <trkpt lat="46.04872" lon="13.64973">
        <ele>660.61064</ele>
        <time>2000-01-01T08:35:12.000Z</time>
      </trkpt>
      <trkpt lat="46.04871" lon="13.6496">
        <ele>658.19624</ele>
        <time>2000-01-01T08:35:22.000Z</time>
      </trkpt>
      <trkpt lat="46.04868" lon="13.64948">
        <ele>657.16159</ele>
        <time>2000-01-01T08:35:32.000Z</time>
      </trkpt>
      <trkpt lat="46.04862" lon="13.64941">
        <ele>658.14223</ele>
        <time>2000-01-01T08:35:42.000Z</time>
      </trkpt>
      <trkpt lat="46.04856" lon="13.6494">
        <ele>659.46568</ele>
        <time>2000-01-01T08:35:52.000Z</time>
      </trkpt>
      <trkpt lat="46.04843" lon="13.64944">
        <ele>661.36066</ele>
        <time>2000-01-01T08:36:02.000Z</time>
      </trkpt>
      <trkpt lat="46.04832" lon="13.64962">
        <ele>664.61393</ele>
        <time>2000-01-01T08:36:12.000Z</time>
      </trkpt>
      <trkpt lat="46.04813" lon="13.64975">
        <ele>662.84938</ele>
        <time>2000-01-01T08:36:22.000Z</time>
      </trkpt>
      <trkpt lat="46.04801" lon="13.64985">
        <ele>661.88717</ele>
        <time>2000-01-01T08:36:32.000Z</time>
      </trkpt>
      <trkpt lat="46.04791" lon="13.65003">
        <ele>662.59275</ele>
        <time>2000-01-01T08:36:42.000Z</time>
      </trkpt>
      <trkpt lat="46.04782" lon="13.65012">
        <ele>661.12129</ele>
        <time>2000-01-01T08:36:52.000Z</time>
      </trkpt>
      <trkpt lat="46.04773" lon="13.65027">
        <ele>661.1207</ele>
        <time>2000-01-01T08:37:02.000Z</time>
      </trkpt>
      <trkpt lat="46.04763" lon="13.65036">
        <ele>659.13156</ele>
        <time>2000-01-01T08:37:12.000Z</time>
      </trkpt>
      <trkpt lat="46.04754" lon="13.65052">
        <ele>658.75129</ele>
        <time>2000-01-01T08:37:22.000Z</time>
      </trkpt>
      <trkpt lat="46.04727" lon="13.65094">
        <ele>656.21525</ele>
        <time>2000-01-01T08:37:32.000Z</time>
      </trkpt>
      <trkpt lat="46.04708" lon="13.65121">
        <ele>658.08492</ele>
        <time>2000-01-01T08:37:42.000Z</time>
      </trkpt>
      <trkpt lat="46.04698" lon="13.65125">
        <ele>658.31184</ele>
        <time>2000-01-01T08:37:52.000Z</time>
      </trkpt>
      <trkpt lat="46.04673" lon="13.65127">
        <ele>656.04099</ele>
        <time>2000-01-01T08:38:02.000Z</time>
      </trkpt>
      <trkpt lat="46.0466" lon="13.65123">
        <ele>653.68772</ele>
        <time>2000-01-01T08:38:12.000Z</time>
      </trkpt>
      <trkpt lat="46.04648" lon="13.65121">
        <ele>653.0138</ele>
        <time>2000-01-01T08:38:22.000Z</time>
      </trkpt>
      <trkpt lat="46.04618" lon="13.65113">
        <ele>653.77948</ele>
        <time>2000-01-01T08:38:32.000Z</time>
      </trkpt>
      <trkpt lat="46.04608" lon="13.65113">
        <ele>654.48123</ele>
        <time>2000-01-01T08:38:42.000Z</time>
      </trkpt>
      <trkpt lat="46.046" lon="13.65116">
        <ele>655.17125</ele>
        <time>2000-01-01T08:38:52.000Z</time>
      </trkpt>
      <trkpt lat="46.04594" lon="13.65122">
        <ele>656.08565</ele>
        <time>2000-01-01T08:39:02.000Z</time>
      </trkpt>
      <trkpt lat="46.04585" lon="13.65129">
        <ele>656.7884</ele>
        <time>2000-01-01T08:39:12.000Z</time>
      </trkpt>
      <trkpt lat="46.04582" lon="13.65138">
        <ele>657.79001</ele>
        <time>2000-01-01T08:39:22.000Z</time>
      </trkpt>
      <trkpt lat="46.04576" lon="13.65146">
        <ele>658.0081</ele>
        <time>2000-01-01T08:39:32.000Z</time>
      </trkpt>
      <trkpt lat="46.04556" lon="13.65178">
        <ele>658.6701</ele>
        <time>2000-01-01T08:39:42.000Z</time>
      </trkpt>
      <trkpt lat="46.04545" lon="13.65192">
        <ele>660.23128</ele>
        <time>2000-01-01T08:39:52.000Z</time>
      </trkpt>
      <trkpt lat="46.0453" lon="13.65192">
        <ele>659.46429</ele>
        <time>2000-01-01T08:40:02.000Z</time>
      </trkpt>
      <trkpt lat="46.04517" lon="13.65186">
        <ele>660.23384</ele>
        <time>2000-01-01T08:40:12.000Z</time>
      </trkpt>
      <trkpt lat="46.04506" lon="13.65171">
        <ele>660.68764</ele>
        <time>2000-01-01T08:40:22.000Z</time>
      </trkpt>
      <trkpt lat="46.04502" lon="13.65154">
        <ele>658.58731</ele>
        <time>2000-01-01T08:40:32.000Z</time>
      </trkpt>
      <trkpt lat="46.04492" lon="13.65143">
        <ele>657.80068</ele>
        <time>2000-01-01T08:40:42.000Z</time>
      </trkpt>
      <trkpt lat="46.04484" lon="13.65133">
        <ele>656.83343</ele>
        <time>2000-01-01T08:40:52.000Z</time>
      </trkpt>
      <trkpt lat="46.04476" lon="13.65118">
        <ele>654.9362</ele>
        <time>2000-01-01T08:41:02.000Z</time>
      </trkpt>
      <trkpt lat="46.04464" lon="13.65103">
        <ele>652.75678</ele>
        <time>2000-01-01T08:41:12.000Z</time>
      </trkpt>
      <trkpt lat="46.04462" lon="13.65101">
        <ele>652.4194</ele>
        <time>2000-01-01T08:41:22.000Z</time>
      </trkpt>
      <trkpt lat="46.04456" lon="13.65101">
        <ele>652.31037</ele>
        <time>2000-01-01T08:41:32.000Z</time>
      </trkpt>
      <trkpt lat="46.04437" lon="13.65106">
        <ele>651.30205</ele>
        <time>2000-01-01T08:41:42.000Z</time>
      </trkpt>
      <trkpt lat="46.04421" lon="13.65113">
        <ele>649.96355</ele>
        <time>2000-01-01T08:41:52.000Z</time>
      </trkpt>
      <trkpt lat="46.04411" lon="13.65119">
        <ele>649.8379</ele>
        <time>2000-01-01T08:42:02.000Z</time>
      </trkpt>
      <trkpt lat="46.04399" lon="13.65127">
        <ele>650.04546</ele>
        <time>2000-01-01T08:42:12.000Z</time>
      </trkpt>
      <trkpt lat="46.04388" lon="13.65136">
        <ele>650.49705</ele>
        <time>2000-01-01T08:42:22.000Z</time>
      </trkpt>
      <trkpt lat="46.04382" lon="13.65143">
        <ele>651.02858</ele>
        <time>2000-01-01T08:42:32.000Z</time>
      </trkpt>
      <trkpt lat="46.04373" lon="13.65152">
        <ele>651.85288</ele>
        <time>2000-01-01T08:42:42.000Z</time>
      </trkpt>
      <trkpt lat="46.04352" lon="13.65166">
        <ele>653.44343</ele>
        <time>2000-01-01T08:42:52.000Z</time>
      </trkpt>
      <trkpt lat="46.04338" lon="13.65167">
        <ele>652.55453</ele>
        <time>2000-01-01T08:43:02.000Z</time>
      </trkpt>
      <trkpt lat="46.04328" lon="13.65161">
        <ele>650.01317</ele>
        <time>2000-01-01T08:43:12.000Z</time>
      </trkpt>
      <trkpt lat="46.04314" lon="13.65156">
        <ele>646.7446</ele>
        <time>2000-01-01T08:43:22.000Z</time>
      </trkpt>
      <trkpt lat="46.04305" lon="13.65156">
        <ele>645.43417</ele>
        <time>2000-01-01T08:43:32.000Z</time>
      </trkpt>
      <trkpt lat="46.043" lon="13.65159">
        <ele>645.44016</ele>
        <time>2000-01-01T08:43:42.000Z</time>
      </trkpt>
      <trkpt lat="46.04284" lon="13.65159">
        <ele>643.49386</ele>
        <time>2000-01-01T08:43:52.000Z</time>
      </trkpt>
      <trkpt lat="46.04273" lon="13.65166">
        <ele>644.54182</ele>
        <time>2000-01-01T08:44:02.000Z</time>
      </trkpt>
      <trkpt lat="46.0426" lon="13.6517">
        <ele>645.51081</ele>
        <time>2000-01-01T08:44:12.000Z</time>
      </trkpt>
      <trkpt lat="46.04244" lon="13.65179">
        <ele>647.40542</ele>
        <time>2000-01-01T08:44:22.000Z</time>
      </trkpt>
      <trkpt lat="46.04227" lon="13.65181">
        <ele>645.3382</ele>
        <time>2000-01-01T08:44:32.000Z</time>
      </trkpt>
      <trkpt lat="46.04218" lon="13.65187">
        <ele>645.28879</ele>
        <time>2000-01-01T08:44:42.000Z</time>
      </trkpt>
      <trkpt lat="46.04209" lon="13.65191">
        <ele>644.15499</ele>
        <time>2000-01-01T08:44:52.000Z</time>
      </trkpt>
      <trkpt lat="46.04199" lon="13.65198">
        <ele>643.20811</ele>
        <time>2000-01-01T08:45:02.000Z</time>
      </trkpt>
      <trkpt lat="46.0419" lon="13.65201">
        <ele>642.42392</ele>
        <time>2000-01-01T08:45:12.000Z</time>
      </trkpt>
      <trkpt lat="46.04181" lon="13.65208">
        <ele>642.72946</ele>
        <time>2000-01-01T08:45:22.000Z</time>
      </trkpt>
      <trkpt lat="46.04173" lon="13.65206">
        <ele>642.63932</ele>
        <time>2000-01-01T08:45:32.000Z</time>
      </trkpt>
      <trkpt lat="46.04167" lon="13.65199">
        <ele>642.38888</ele>
        <time>2000-01-01T08:45:42.000Z</time>
      </trkpt>
      <trkpt lat="46.04163" lon="13.65189">
        <ele>642.08114</ele>
        <time>2000-01-01T08:45:52.000Z</time>
      </trkpt>
      <trkpt lat="46.04157" lon="13.65172">
        <ele>642.32992</ele>
        <time>2000-01-01T08:46:02.000Z</time>
      </trkpt>
      <trkpt lat="46.04151" lon="13.65147">
        <ele>641.22932</ele>
        <time>2000-01-01T08:46:12.000Z</time>
      </trkpt>
      <trkpt lat="46.04142" lon="13.65128">
        <ele>640.27467</ele>
        <time>2000-01-01T08:46:22.000Z</time>
      </trkpt>
      <trkpt lat="46.04119" lon="13.65135">
        <ele>642.88644</ele>
        <time>2000-01-01T08:46:32.000Z</time>
      </trkpt>
      <trkpt lat="46.04106" lon="13.65137">
        <ele>643.5218</ele>
        <time>2000-01-01T08:46:42.000Z</time>
      </trkpt>
      <trkpt lat="46.04096" lon="13.65135">
        <ele>642.45405</ele>
        <time>2000-01-01T08:46:52.000Z</time>
      </trkpt>
      <trkpt lat="46.04086" lon="13.65134">
        <ele>641.78622</ele>
        <time>2000-01-01T08:47:02.000Z</time>
      </trkpt>
      <trkpt lat="46.04076" lon="13.65134">
        <ele>642.16935</ele>
        <time>2000-01-01T08:47:12.000Z</time>
      </trkpt>
      <trkpt lat="46.04071" lon="13.65119">
        <ele>639.48058</ele>
        <time>2000-01-01T08:47:22.000Z</time>
      </trkpt>
      <trkpt lat="46.04068" lon="13.65097">
        <ele>635.32503</ele>
        <time>2000-01-01T08:47:32.000Z</time>
      </trkpt>
      <trkpt lat="46.0406" lon="13.65083">
        <ele>633.886</ele>
        <time>2000-01-01T08:47:42.000Z</time>
      </trkpt>
      <trkpt lat="46.04049" lon="13.6507">
        <ele>634.35628</ele>
        <time>2000-01-01T08:47:52.000Z</time>
      </trkpt>
      <trkpt lat="46.04036" lon="13.65066">
        <ele>637.89515</ele>
        <time>2000-01-01T08:48:02.000Z</time>
      </trkpt>
      <trkpt lat="46.04024" lon="13.65039">
        <ele>634.99979</ele>
        <time>2000-01-01T08:48:12.000Z</time>
      </trkpt>
      <trkpt lat="46.0401" lon="13.65011">
        <ele>633.45769</ele>
        <time>2000-01-01T08:48:22.000Z</time>
      </trkpt>
      <trkpt lat="46.04004" lon="13.64995">
        <ele>631.08364</ele>
        <time>2000-01-01T08:48:32.000Z</time>
      </trkpt>
      <trkpt lat="46.03989" lon="13.64961">
        <ele>627.51561</ele>
        <time>2000-01-01T08:48:42.000Z</time>
      </trkpt>
      <trkpt lat="46.03974" lon="13.64934">
        <ele>624.35275</ele>
        <time>2000-01-01T08:48:52.000Z</time>
      </trkpt>
      <trkpt lat="46.03965" lon="13.64932">
        <ele>624.80201</ele>
        <time>2000-01-01T08:49:02.000Z</time>
      </trkpt>
      <trkpt lat="46.03957" lon="13.64938">
        <ele>626.7339</ele>
        <time>2000-01-01T08:49:12.000Z</time>
      </trkpt>
      <trkpt lat="46.03949" lon="13.64948">
        <ele>629.22666</ele>
        <time>2000-01-01T08:49:22.000Z</time>
      </trkpt>
      <trkpt lat="46.03909" lon="13.64972">
        <ele>629.86524</ele>
        <time>2000-01-01T08:49:32.000Z</time>
      </trkpt>
      <trkpt lat="46.03892" lon="13.64979">
        <ele>629.71342</ele>
        <time>2000-01-01T08:49:42.000Z</time>
      </trkpt>
      <trkpt lat="46.03873" lon="13.64983">
        <ele>630.62138</ele>
        <time>2000-01-01T08:49:52.000Z</time>
      </trkpt>
      <trkpt lat="46.03864" lon="13.64979">
        <ele>630.3111</ele>
        <time>2000-01-01T08:50:02.000Z</time>
      </trkpt>
      <trkpt lat="46.0386" lon="13.64971">
        <ele>628.84033</ele>
        <time>2000-01-01T08:50:12.000Z</time>
      </trkpt>
      <trkpt lat="46.0384" lon="13.64945">
        <ele>625.98605</ele>
        <time>2000-01-01T08:50:22.000Z</time>
      </trkpt>
      <trkpt lat="46.03828" lon="13.64934">
        <ele>626.4108</ele>
        <time>2000-01-01T08:50:32.000Z</time>
      </trkpt>
      <trkpt lat="46.03819" lon="13.64924">
        <ele>627.13636</ele>
        <time>2000-01-01T08:50:42.000Z</time>
      </trkpt>
      <trkpt lat="46.03812" lon="13.64914">
        <ele>627.59839</ele>
        <time>2000-01-01T08:50:52.000Z</time>
      </trkpt>
      <trkpt lat="46.03805" lon="13.64909">
        <ele>628.99737</ele>
        <time>2000-01-01T08:51:02.000Z</time>
      </trkpt>
      <trkpt lat="46.0379" lon="13.64861">
        <ele>624.88385</ele>
        <time>2000-01-01T08:51:12.000Z</time>
      </trkpt>
      <trkpt lat="46.03776" lon="13.6483">
        <ele>619.41373</ele>
        <time>2000-01-01T08:51:22.000Z</time>
      </trkpt>
      <trkpt lat="46.03756" lon="13.64837">
        <ele>622.61885</ele>
        <time>2000-01-01T08:51:32.000Z</time>
      </trkpt>
      <trkpt lat="46.03727" lon="13.64853">
        <ele>634.65442</ele>
        <time>2000-01-01T08:51:42.000Z</time>
      </trkpt>
      <trkpt lat="46.03712" lon="13.64846">
        <ele>632.83398</ele>
        <time>2000-01-01T08:51:52.000Z</time>
      </trkpt>
      <trkpt lat="46.037" lon="13.64835">
        <ele>628.7652</ele>
        <time>2000-01-01T08:52:02.000Z</time>
      </trkpt>
      <trkpt lat="46.03692" lon="13.64824">
        <ele>625.9297</ele>
        <time>2000-01-01T08:52:12.000Z</time>
      </trkpt>
      <trkpt lat="46.03674" lon="13.64796">
        <ele>626.93603</ele>
        <time>2000-01-01T08:52:22.000Z</time>
      </trkpt>
      <trkpt lat="46.03649" lon="13.64759">
        <ele>629.91569</ele>
        <time>2000-01-01T08:52:32.000Z</time>
      </trkpt>
      <trkpt lat="46.03634" lon="13.64716">
        <ele>624.89893</ele>
        <time>2000-01-01T08:52:42.000Z</time>
      </trkpt>
      <trkpt lat="46.03629" lon="13.64696">
        <ele>622.67841</ele>
        <time>2000-01-01T08:52:52.000Z</time>
      </trkpt>
      <trkpt lat="46.03623" lon="13.64684">
        <ele>621.98308</ele>
        <time>2000-01-01T08:53:02.000Z</time>
      </trkpt>
      <trkpt lat="46.03616" lon="13.64677">
        <ele>621.59246</ele>
        <time>2000-01-01T08:53:12.000Z</time>
      </trkpt>
      <trkpt lat="46.03592" lon="13.64661">
        <ele>618.6495</ele>
        <time>2000-01-01T08:53:22.000Z</time>
      </trkpt>
      <trkpt lat="46.03563" lon="13.64645">
        <ele>616.27081</ele>
        <time>2000-01-01T08:53:32.000Z</time>
      </trkpt>
      <trkpt lat="46.03552" lon="13.64644">
        <ele>616.08041</ele>
        <time>2000-01-01T08:53:42.000Z</time>
      </trkpt>
      <trkpt lat="46.03539" lon="13.64645">
        <ele>615.24528</ele>
        <time>2000-01-01T08:53:52.000Z</time>
      </trkpt>
      <trkpt lat="46.03529" lon="13.6465">
        <ele>614.48727</ele>
        <time>2000-01-01T08:54:02.000Z</time>
      </trkpt>
      <trkpt lat="46.03506" lon="13.64675">
        <ele>613.09261</ele>
        <time>2000-01-01T08:54:12.000Z</time>
      </trkpt>
      <trkpt lat="46.03498" lon="13.6468">
        <ele>613.21358</ele>
        <time>2000-01-01T08:54:22.000Z</time>
      </trkpt>
      <trkpt lat="46.03492" lon="13.64679">
        <ele>613.14597</ele>
        <time>2000-01-01T08:54:32.000Z</time>
      </trkpt>
      <trkpt lat="46.03491" lon="13.64678">
        <ele>613.06307</ele>
        <time>2000-01-01T08:54:42.000Z</time>
      </trkpt>
      <trkpt lat="46.03478" lon="13.64652">
        <ele>610.53207</ele>
        <time>2000-01-01T08:54:52.000Z</time>
      </trkpt>
      <trkpt lat="46.03468" lon="13.64623">
        <ele>608.16058</ele>
        <time>2000-01-01T08:55:02.000Z</time>
      </trkpt>
      <trkpt lat="46.03457" lon="13.64601">
        <ele>603.60041</ele>
        <time>2000-01-01T08:55:12.000Z</time>
      </trkpt>
      <trkpt lat="46.03447" lon="13.64594">
        <ele>600.605</ele>
        <time>2000-01-01T08:55:22.000Z</time>
      </trkpt>
      <trkpt lat="46.03431" lon="13.64589">
        <ele>598.09784</ele>
        <time>2000-01-01T08:55:32.000Z</time>
      </trkpt>
      <trkpt lat="46.03412" lon="13.64589">
        <ele>596.46527</ele>
        <time>2000-01-01T08:55:42.000Z</time>
      </trkpt>
      <trkpt lat="46.03387" lon="13.64591">
        <ele>594.62639</ele>
        <time>2000-01-01T08:55:52.000Z</time>
      </trkpt>
      <trkpt lat="46.03372" lon="13.64595">
        <ele>593.18154</ele>
        <time>2000-01-01T08:56:02.000Z</time>
      </trkpt>
      <trkpt lat="46.03352" lon="13.64604">
        <ele>592.37495</ele>
        <time>2000-01-01T08:56:12.000Z</time>
      </trkpt>
      <trkpt lat="46.03328" lon="13.64618">
        <ele>594.10738</ele>
        <time>2000-01-01T08:56:22.000Z</time>
      </trkpt>
      <trkpt lat="46.03294" lon="13.64628">
        <ele>591.79807</ele>
        <time>2000-01-01T08:56:32.000Z</time>
      </trkpt>
      <trkpt lat="46.0326" lon="13.64645">
        <ele>588.11508</ele>
        <time>2000-01-01T08:56:42.000Z</time>
      </trkpt>
      <trkpt lat="46.03247" lon="13.64653">
        <ele>586.78517</ele>
        <time>2000-01-01T08:56:52.000Z</time>
      </trkpt>
      <trkpt lat="46.03223" lon="13.64676">
        <ele>586.87384</ele>
        <time>2000-01-01T08:57:02.000Z</time>
      </trkpt>
      <trkpt lat="46.03193" lon="13.64711">
        <ele>586.69647</ele>
        <time>2000-01-01T08:57:12.000Z</time>
      </trkpt>
      <trkpt lat="46.03173" lon="13.64736">
        <ele>587.45756</ele>
        <time>2000-01-01T08:57:22.000Z</time>
      </trkpt>
      <trkpt lat="46.03145" lon="13.64771">
        <ele>588.8895</ele>
        <time>2000-01-01T08:57:32.000Z</time>
      </trkpt>
      <trkpt lat="46.03117" lon="13.64798">
        <ele>589.29123</ele>
        <time>2000-01-01T08:57:42.000Z</time>
      </trkpt>
      <trkpt lat="46.03092" lon="13.64815">
        <ele>590.08959</ele>
        <time>2000-01-01T08:57:52.000Z</time>
      </trkpt>
      <trkpt lat="46.03056" lon="13.64834">
        <ele>592.03107</ele>
        <time>2000-01-01T08:58:02.000Z</time>
      </trkpt>
      <trkpt lat="46.03033" lon="13.64849">
        <ele>592.79577</ele>
        <time>2000-01-01T08:58:12.000Z</time>
      </trkpt>
      <trkpt lat="46.03021" lon="13.64863">
        <ele>592.8132</ele>
        <time>2000-01-01T08:58:22.000Z</time>
      </trkpt>
      <trkpt lat="46.02998" lon="13.64908">
        <ele>594.6456</ele>
        <time>2000-01-01T08:58:32.000Z</time>
      </trkpt>
      <trkpt lat="46.0298" lon="13.64937">
        <ele>594.6068</ele>
        <time>2000-01-01T08:58:42.000Z</time>
      </trkpt>
      <trkpt lat="46.02957" lon="13.64976">
        <ele>593.67267</ele>
        <time>2000-01-01T08:58:52.000Z</time>
      </trkpt>
      <trkpt lat="46.02945" lon="13.64979">
        <ele>590.96935</ele>
        <time>2000-01-01T08:59:02.000Z</time>
      </trkpt>
      <trkpt lat="46.02897" lon="13.65023">
        <ele>585.19817</ele>
        <time>2000-01-01T08:59:12.000Z</time>
      </trkpt>
      <trkpt lat="46.02888" lon="13.65059">
        <ele>590.51957</ele>
        <time>2000-01-01T08:59:22.000Z</time>
      </trkpt>
      <trkpt lat="46.02864" lon="13.65042">
        <ele>585.1194</ele>
        <time>2000-01-01T08:59:32.000Z</time>
      </trkpt>
      <trkpt lat="46.02853" lon="13.65038">
        <ele>583.66802</ele>
        <time>2000-01-01T08:59:42.000Z</time>
      </trkpt>
      <trkpt lat="46.02831" lon="13.65051">
        <ele>583.20017</ele>
        <time>2000-01-01T08:59:52.000Z</time>
      </trkpt>
      <trkpt lat="46.02831" lon="13.65052">
        <ele>583.31599</ele>
        <time>2000-01-01T09:00:02.000Z</time>
      </trkpt>
      <trkpt lat="46.0281" lon="13.65059">
        <ele>582.01236</ele>
        <time>2000-01-01T09:00:12.000Z</time>
      </trkpt>
      <trkpt lat="46.02786" lon="13.65069">
        <ele>581.5955</ele>
        <time>2000-01-01T09:00:22.000Z</time>
      </trkpt>
      <trkpt lat="46.0277" lon="13.6507">
        <ele>580.42336</ele>
        <time>2000-01-01T09:00:32.000Z</time>
      </trkpt>
      <trkpt lat="46.02757" lon="13.65072">
        <ele>580.0298</ele>
        <time>2000-01-01T09:00:42.000Z</time>
      </trkpt>
      <trkpt lat="46.02737" lon="13.65071">
        <ele>579.05282</ele>
        <time>2000-01-01T09:00:52.000Z</time>
      </trkpt>
      <trkpt lat="46.0272" lon="13.65072">
        <ele>578.35574</ele>
        <time>2000-01-01T09:01:02.000Z</time>
      </trkpt>
      <trkpt lat="46.0272" lon="13.65043">
        <ele>577.99018</ele>
        <time>2000-01-01T09:01:12.000Z</time>
      </trkpt>
      <trkpt lat="46.02731" lon="13.65004">
        <ele>576.29947</ele>
        <time>2000-01-01T09:01:22.000Z</time>
      </trkpt>
      <trkpt lat="46.0274" lon="13.64965">
        <ele>574.25617</ele>
        <time>2000-01-01T09:01:32.000Z</time>
      </trkpt>
      <trkpt lat="46.02737" lon="13.64947">
        <ele>573.4544</ele>
        <time>2000-01-01T09:01:42.000Z</time>
      </trkpt>
      <trkpt lat="46.02732" lon="13.64936">
        <ele>573.04439</ele>
        <time>2000-01-01T09:01:52.000Z</time>
      </trkpt>
      <trkpt lat="46.02715" lon="13.64917">
        <ele>570.34814</ele>
        <time>2000-01-01T09:02:02.000Z</time>
      </trkpt>
      <trkpt lat="46.02701" lon="13.64907">
        <ele>567.57381</ele>
        <time>2000-01-01T09:02:12.000Z</time>
      </trkpt>
      <trkpt lat="46.02683" lon="13.64891">
        <ele>564.89969</ele>
        <time>2000-01-01T09:02:22.000Z</time>
      </trkpt>
      <trkpt lat="46.0267" lon="13.64874">
        <ele>562.83192</ele>
        <time>2000-01-01T09:02:32.000Z</time>
      </trkpt>
      <trkpt lat="46.02639" lon="13.64831">
        <ele>558.66477</ele>
        <time>2000-01-01T09:02:42.000Z</time>
      </trkpt>
      <trkpt lat="46.02617" lon="13.64815">
        <ele>554.61309</ele>
        <time>2000-01-01T09:02:52.000Z</time>
      </trkpt>
      <trkpt lat="46.02598" lon="13.64813">
        <ele>553.20962</ele>
        <time>2000-01-01T09:03:02.000Z</time>
      </trkpt>
      <trkpt lat="46.0259" lon="13.64817">
        <ele>553.32832</ele>
        <time>2000-01-01T09:03:12.000Z</time>
      </trkpt>
      <trkpt lat="46.02575" lon="13.64827">
        <ele>554.07474</ele>
        <time>2000-01-01T09:03:22.000Z</time>
      </trkpt>
      <trkpt lat="46.02558" lon="13.64831">
        <ele>554.66925</ele>
        <time>2000-01-01T09:03:32.000Z</time>
      </trkpt>
      <trkpt lat="46.02533" lon="13.64822">
        <ele>554.1502</ele>
        <time>2000-01-01T09:03:42.000Z</time>
      </trkpt>
      <trkpt lat="46.02524" lon="13.64816">
        <ele>553.44778</ele>
        <time>2000-01-01T09:03:52.000Z</time>
      </trkpt>
      <trkpt lat="46.02517" lon="13.64809">
        <ele>552.73214</ele>
        <time>2000-01-01T09:04:02.000Z</time>
      </trkpt>
      <trkpt lat="46.02494" lon="13.6478">
        <ele>549.53095</ele>
        <time>2000-01-01T09:04:12.000Z</time>
      </trkpt>
      <trkpt lat="46.02484" lon="13.64766">
        <ele>548.92321</ele>
        <time>2000-01-01T09:04:22.000Z</time>
      </trkpt>
      <trkpt lat="46.02477" lon="13.64758">
        <ele>548.63506</ele>
        <time>2000-01-01T09:04:32.000Z</time>
      </trkpt>
      <trkpt lat="46.02461" lon="13.64726">
        <ele>546.35903</ele>
        <time>2000-01-01T09:04:42.000Z</time>
      </trkpt>
      <trkpt lat="46.02443" lon="13.64693">
        <ele>546.0099</ele>
        <time>2000-01-01T09:04:52.000Z</time>
      </trkpt>
      <trkpt lat="46.02439" lon="13.6468">
        <ele>546.15717</ele>
        <time>2000-01-01T09:05:02.000Z</time>
      </trkpt>
      <trkpt lat="46.02432" lon="13.64667">
        <ele>546.62671</ele>
        <time>2000-01-01T09:05:12.000Z</time>
      </trkpt>
      <trkpt lat="46.02427" lon="13.6466">
        <ele>546.81759</ele>
        <time>2000-01-01T09:05:22.000Z</time>
      </trkpt>
      <trkpt lat="46.02424" lon="13.64648">
        <ele>546.91514</ele>
        <time>2000-01-01T09:05:32.000Z</time>
      </trkpt>
      <trkpt lat="46.02418" lon="13.64632">
        <ele>546.81978</ele>
        <time>2000-01-01T09:05:42.000Z</time>
      </trkpt>
      <trkpt lat="46.02415" lon="13.64611">
        <ele>546.03453</ele>
        <time>2000-01-01T09:05:52.000Z</time>
      </trkpt>
      <trkpt lat="46.0241" lon="13.64589">
        <ele>544.66539</ele>
        <time>2000-01-01T09:06:02.000Z</time>
      </trkpt>
      <trkpt lat="46.02407" lon="13.64572">
        <ele>543.60772</ele>
        <time>2000-01-01T09:06:12.000Z</time>
      </trkpt>
      <trkpt lat="46.02404" lon="13.64545">
        <ele>541.53717</ele>
        <time>2000-01-01T09:06:22.000Z</time>
      </trkpt>
      <trkpt lat="46.02402" lon="13.64515">
        <ele>539.01684</ele>
        <time>2000-01-01T09:06:32.000Z</time>
      </trkpt>
      <trkpt lat="46.02397" lon="13.64476">
        <ele>537.51027</ele>
        <time>2000-01-01T09:06:42.000Z</time>
      </trkpt>
      <trkpt lat="46.02394" lon="13.64463">
        <ele>537.73499</ele>
        <time>2000-01-01T09:06:52.000Z</time>
      </trkpt>
      <trkpt lat="46.02386" lon="13.64435">
        <ele>537.43529</ele>
        <time>2000-01-01T09:07:02.000Z</time>
      </trkpt>
      <trkpt lat="46.02371" lon="13.6441">
        <ele>535.4463</ele>
        <time>2000-01-01T09:07:12.000Z</time>
      </trkpt>
      <trkpt lat="46.02369" lon="13.64404">
        <ele>535.03984</ele>
        <time>2000-01-01T09:07:22.000Z</time>
      </trkpt>
      <trkpt lat="46.02361" lon="13.64389">
        <ele>534.00666</ele>
        <time>2000-01-01T09:07:32.000Z</time>
      </trkpt>
      <trkpt lat="46.02354" lon="13.64381">
        <ele>533.64518</ele>
        <time>2000-01-01T09:07:42.000Z</time>
      </trkpt>
      <trkpt lat="46.02349" lon="13.64373">
        <ele>533.14734</ele>
        <time>2000-01-01T09:07:52.000Z</time>
      </trkpt>
      <trkpt lat="46.0234" lon="13.64365">
        <ele>532.38197</ele>
        <time>2000-01-01T09:08:02.000Z</time>
      </trkpt>
      <trkpt lat="46.02331" lon="13.64346">
        <ele>531.30111</ele>
        <time>2000-01-01T09:08:12.000Z</time>
      </trkpt>
      <trkpt lat="46.02329" lon="13.64334">
        <ele>530.89434</ele>
        <time>2000-01-01T09:08:22.000Z</time>
      </trkpt>
      <trkpt lat="46.02325" lon="13.64323">
        <ele>530.40838</ele>
        <time>2000-01-01T09:08:32.000Z</time>
        <extensions>
          <oa:locType>calcWayPoint</oa:locType>
        </extensions>
      </trkpt>
      <trkpt lat="46.02322" lon="13.64301">
        <ele>529.29677</ele>
        <time>2000-01-01T09:08:42.000Z</time>
      </trkpt>
      <trkpt lat="46.02318" lon="13.64293">
        <ele>528.5496</ele>
        <time>2000-01-01T09:08:52.000Z</time>
      </trkpt>
      <trkpt lat="46.02316" lon="13.6428">
        <ele>527.5416</ele>
        <time>2000-01-01T09:09:02.000Z</time>
      </trkpt>
      <trkpt lat="46.02316" lon="13.64275">
        <ele>527.20613</ele>
        <time>2000-01-01T09:09:12.000Z</time>
      </trkpt>
      <trkpt lat="46.02313" lon="13.64264">
        <ele>526.29857</ele>
        <time>2000-01-01T09:09:22.000Z</time>
      </trkpt>
      <trkpt lat="46.02309" lon="13.64245">
        <ele>524.96288</ele>
        <time>2000-01-01T09:09:32.000Z</time>
      </trkpt>
      <trkpt lat="46.02309" lon="13.64226">
        <ele>524.30778</ele>
        <time>2000-01-01T09:09:42.000Z</time>
      </trkpt>
      <trkpt lat="46.02306" lon="13.64206">
        <ele>522.89084</ele>
        <time>2000-01-01T09:09:52.000Z</time>
      </trkpt>
      <trkpt lat="46.02302" lon="13.64191">
        <ele>521.77682</ele>
        <time>2000-01-01T09:10:02.000Z</time>
      </trkpt>
      <trkpt lat="46.02288" lon="13.64144">
        <ele>519.55008</ele>
        <time>2000-01-01T09:10:12.000Z</time>
      </trkpt>
      <trkpt lat="46.02281" lon="13.64124">
        <ele>519.34317</ele>
        <time>2000-01-01T09:10:22.000Z</time>
      </trkpt>
      <trkpt lat="46.02277" lon="13.64109">
        <ele>518.92141</ele>
        <time>2000-01-01T09:10:32.000Z</time>
      </trkpt>
      <trkpt lat="46.02274" lon="13.64087">
        <ele>517.47978</ele>
        <time>2000-01-01T09:10:42.000Z</time>
      </trkpt>
      <trkpt lat="46.02269" lon="13.64071">
        <ele>516.70024</ele>
        <time>2000-01-01T09:10:52.000Z</time>
      </trkpt>
      <trkpt lat="46.02262" lon="13.64061">
        <ele>516.42131</ele>
        <time>2000-01-01T09:11:02.000Z</time>
      </trkpt>
      <trkpt lat="46.02256" lon="13.64048">
        <ele>515.85728</ele>
        <time>2000-01-01T09:11:12.000Z</time>
      </trkpt>
      <trkpt lat="46.02254" lon="13.64024">
        <ele>514.19841</ele>
        <time>2000-01-01T09:11:22.000Z</time>
      </trkpt>
      <trkpt lat="46.02256" lon="13.64011">
        <ele>512.72805</ele>
        <time>2000-01-01T09:11:32.000Z</time>
      </trkpt>
      <trkpt lat="46.0226" lon="13.64003">
        <ele>511.78846</ele>
        <time>2000-01-01T09:11:42.000Z</time>
      </trkpt>
      <trkpt lat="46.02266" lon="13.63995">
        <ele>511.01336</ele>
        <time>2000-01-01T09:11:52.000Z</time>
      </trkpt>
      <trkpt lat="46.02274" lon="13.63986">
        <ele>509.84886</ele>
        <time>2000-01-01T09:12:02.000Z</time>
      </trkpt>
      <trkpt lat="46.02292" lon="13.63972">
        <ele>506.82208</ele>
        <time>2000-01-01T09:12:12.000Z</time>
      </trkpt>
      <trkpt lat="46.02297" lon="13.63966">
        <ele>505.9444</ele>
        <time>2000-01-01T09:12:22.000Z</time>
      </trkpt>
      <trkpt lat="46.02301" lon="13.63957">
        <ele>505.04694</ele>
        <time>2000-01-01T09:12:32.000Z</time>
      </trkpt>
      <trkpt lat="46.023" lon="13.63946">
        <ele>505.10783</ele>
        <time>2000-01-01T09:12:42.000Z</time>
      </trkpt>
      <trkpt lat="46.02302" lon="13.63921">
        <ele>505.6719</ele>
        <time>2000-01-01T09:12:52.000Z</time>
      </trkpt>
      <trkpt lat="46.02307" lon="13.63911">
        <ele>504.69988</ele>
        <time>2000-01-01T09:13:02.000Z</time>
      </trkpt>
      <trkpt lat="46.02319" lon="13.63892">
        <ele>501.6808</ele>
        <time>2000-01-01T09:13:12.000Z</time>
      </trkpt>
      <trkpt lat="46.02326" lon="13.63882">
        <ele>499.77509</ele>
        <time>2000-01-01T09:13:22.000Z</time>
      </trkpt>
      <trkpt lat="46.0233" lon="13.63872">
        <ele>498.29763</ele>
        <time>2000-01-01T09:13:32.000Z</time>
      </trkpt>
      <trkpt lat="46.02332" lon="13.63851">
        <ele>497.35857</ele>
        <time>2000-01-01T09:13:42.000Z</time>
      </trkpt>
      <trkpt lat="46.02334" lon="13.63837">
        <ele>496.93457</ele>
        <time>2000-01-01T09:13:52.000Z</time>
      </trkpt>
      <trkpt lat="46.02333" lon="13.63829">
        <ele>496.88555</ele>
        <time>2000-01-01T09:14:02.000Z</time>
      </trkpt>
      <trkpt lat="46.02333" lon="13.63822">
        <ele>496.45353</ele>
        <time>2000-01-01T09:14:12.000Z</time>
      </trkpt>
      <trkpt lat="46.02332" lon="13.63812">
        <ele>495.90204</ele>
        <time>2000-01-01T09:14:22.000Z</time>
      </trkpt>
      <trkpt lat="46.02329" lon="13.63802">
        <ele>495.80369</ele>
        <time>2000-01-01T09:14:32.000Z</time>
      </trkpt>
      <trkpt lat="46.02331" lon="13.63777">
        <ele>492.58092</ele>
        <time>2000-01-01T09:14:42.000Z</time>
      </trkpt>
      <trkpt lat="46.02327" lon="13.63746">
        <ele>489.2881</ele>
        <time>2000-01-01T09:14:52.000Z</time>
      </trkpt>
      <trkpt lat="46.02327" lon="13.63736">
        <ele>488.44208</ele>
        <time>2000-01-01T09:15:02.000Z</time>
      </trkpt>
      <trkpt lat="46.02329" lon="13.63722">
        <ele>486.94524</ele>
        <time>2000-01-01T09:15:12.000Z</time>
      </trkpt>
      <trkpt lat="46.0233" lon="13.63707">
        <ele>485.63967</ele>
        <time>2000-01-01T09:15:22.000Z</time>
      </trkpt>
      <trkpt lat="46.02325" lon="13.63692">
        <ele>485.41463</ele>
        <time>2000-01-01T09:15:32.000Z</time>
      </trkpt>
      <trkpt lat="46.02316" lon="13.63677">
        <ele>486.5333</ele>
        <time>2000-01-01T09:15:42.000Z</time>
      </trkpt>
      <trkpt lat="46.0231" lon="13.63669">
        <ele>488.25936</ele>
        <time>2000-01-01T09:15:52.000Z</time>
      </trkpt>
      <trkpt lat="46.02309" lon="13.6366">
        <ele>488.28616</ele>
        <time>2000-01-01T09:16:02.000Z</time>
      </trkpt>
      <trkpt lat="46.02305" lon="13.63648">
        <ele>489.57347</ele>
        <time>2000-01-01T09:16:12.000Z</time>
      </trkpt>
      <trkpt lat="46.02305" lon="13.63636">
        <ele>489.13898</ele>
        <time>2000-01-01T09:16:22.000Z</time>
      </trkpt>
      <trkpt lat="46.02304" lon="13.63618">
        <ele>488.89694</ele>
        <time>2000-01-01T09:16:32.000Z</time>
      </trkpt>
      <trkpt lat="46.02304" lon="13.63595">
        <ele>488.83209</ele>
        <time>2000-01-01T09:16:42.000Z</time>
      </trkpt>
      <trkpt lat="46.023" lon="13.63575">
        <ele>489.74258</ele>
        <time>2000-01-01T09:16:52.000Z</time>
      </trkpt>
      <trkpt lat="46.02298" lon="13.6356">
        <ele>489.03844</ele>
        <time>2000-01-01T09:17:02.000Z</time>
      </trkpt>
      <trkpt lat="46.02294" lon="13.63547">
        <ele>488.73522</ele>
        <time>2000-01-01T09:17:12.000Z</time>
      </trkpt>
      <trkpt lat="46.02293" lon="13.63533">
        <ele>485.85847</ele>
        <time>2000-01-01T09:17:22.000Z</time>
      </trkpt>
      <trkpt lat="46.02291" lon="13.6352">
        <ele>483.26008</ele>
        <time>2000-01-01T09:17:32.000Z</time>
      </trkpt>
      <trkpt lat="46.0229" lon="13.63507">
        <ele>480.03943</ele>
        <time>2000-01-01T09:17:42.000Z</time>
      </trkpt>
      <trkpt lat="46.02286" lon="13.63492">
        <ele>478.15111</ele>
        <time>2000-01-01T09:17:52.000Z</time>
      </trkpt>
      <trkpt lat="46.02281" lon="13.63484">
        <ele>479.01497</ele>
        <time>2000-01-01T09:18:02.000Z</time>
      </trkpt>
      <trkpt lat="46.02278" lon="13.63474">
        <ele>479.11464</ele>
        <time>2000-01-01T09:18:12.000Z</time>
      </trkpt>
      <trkpt lat="46.02274" lon="13.63466">
        <ele>480.03095</ele>
        <time>2000-01-01T09:18:22.000Z</time>
      </trkpt>
      <trkpt lat="46.0227" lon="13.63452">
        <ele>480.45988</ele>
        <time>2000-01-01T09:18:32.000Z</time>
      </trkpt>
      <trkpt lat="46.02271" lon="13.63439">
        <ele>478.66792</ele>
        <time>2000-01-01T09:18:42.000Z</time>
      </trkpt>
      <trkpt lat="46.02269" lon="13.63421">
        <ele>477.77334</ele>
        <time>2000-01-01T09:18:52.000Z</time>
      </trkpt>
      <trkpt lat="46.02266" lon="13.63414">
        <ele>477.9131</ele>
        <time>2000-01-01T09:19:02.000Z</time>
      </trkpt>
      <trkpt lat="46.02266" lon="13.63399">
        <ele>475.3833</ele>
        <time>2000-01-01T09:19:12.000Z</time>
      </trkpt>
      <trkpt lat="46.02264" lon="13.63379">
        <ele>472.77838</ele>
        <time>2000-01-01T09:19:22.000Z</time>
      </trkpt>
      <trkpt lat="46.0226" lon="13.63368">
        <ele>472.14142</ele>
        <time>2000-01-01T09:19:32.000Z</time>
      </trkpt>
      <trkpt lat="46.0226" lon="13.63357">
        <ele>470.71721</ele>
        <time>2000-01-01T09:19:42.000Z</time>
      </trkpt>
      <trkpt lat="46.02256" lon="13.63339">
        <ele>470.00124</ele>
        <time>2000-01-01T09:19:52.000Z</time>
      </trkpt>
      <trkpt lat="46.02251" lon="13.63323">
        <ele>470.02919</ele>
        <time>2000-01-01T09:20:02.000Z</time>
      </trkpt>
      <trkpt lat="46.02246" lon="13.6331">
        <ele>470.21741</ele>
        <time>2000-01-01T09:20:12.000Z</time>
      </trkpt>
      <trkpt lat="46.02242" lon="13.63302">
        <ele>469.93117</ele>
        <time>2000-01-01T09:20:22.000Z</time>
      </trkpt>
      <trkpt lat="46.02238" lon="13.63288">
        <ele>468.14132</ele>
        <time>2000-01-01T09:20:32.000Z</time>
      </trkpt>
      <trkpt lat="46.02231" lon="13.63281">
        <ele>467.63139</ele>
        <time>2000-01-01T09:20:42.000Z</time>
      </trkpt>
      <trkpt lat="46.02228" lon="13.63281">
        <ele>467.95152</ele>
        <time>2000-01-01T09:20:52.000Z</time>
      </trkpt>
      <trkpt lat="46.02225" lon="13.63276">
        <ele>467.32629</ele>
        <time>2000-01-01T09:21:02.000Z</time>
      </trkpt>
      <trkpt lat="46.02216" lon="13.63271">
        <ele>467.33196</ele>
        <time>2000-01-01T09:21:12.000Z</time>
      </trkpt>
      <trkpt lat="46.02203" lon="13.63267">
        <ele>468.07498</ele>
        <time>2000-01-01T09:21:22.000Z</time>
      </trkpt>
      <trkpt lat="46.02202" lon="13.63263">
        <ele>467.47312</ele>
        <time>2000-01-01T09:21:32.000Z</time>
      </trkpt>
      <trkpt lat="46.022" lon="13.6326">
        <ele>467.28337</ele>
        <time>2000-01-01T09:21:42.000Z</time>
      </trkpt>
      <trkpt lat="46.022" lon="13.63253">
        <ele>466.27842</ele>
        <time>2000-01-01T09:21:52.000Z</time>
      </trkpt>
      <trkpt lat="46.02202" lon="13.63246">
        <ele>465.13142</ele>
        <time>2000-01-01T09:22:02.000Z</time>
      </trkpt>
      <trkpt lat="46.02208" lon="13.63235">
        <ele>463.33381</ele>
        <time>2000-01-01T09:22:12.000Z</time>
      </trkpt>
      <trkpt lat="46.02222" lon="13.63221">
        <ele>461.01359</ele>
        <time>2000-01-01T09:22:22.000Z</time>
      </trkpt>
      <trkpt lat="46.02226" lon="13.63216">
        <ele>460.46609</ele>
        <time>2000-01-01T09:22:32.000Z</time>
      </trkpt>
      <trkpt lat="46.0223" lon="13.63209">
        <ele>460.13872</ele>
        <time>2000-01-01T09:22:42.000Z</time>
      </trkpt>
      <trkpt lat="46.0223" lon="13.63198">
        <ele>460.58634</ele>
        <time>2000-01-01T09:22:52.000Z</time>
      </trkpt>
      <trkpt lat="46.02228" lon="13.63186">
        <ele>461.26146</ele>
        <time>2000-01-01T09:23:02.000Z</time>
      </trkpt>
      <trkpt lat="46.02228" lon="13.63172">
        <ele>461.8688</ele>
        <time>2000-01-01T09:23:12.000Z</time>
      </trkpt>
      <trkpt lat="46.02229" lon="13.63162">
        <ele>462.67083</ele>
        <time>2000-01-01T09:23:22.000Z</time>
      </trkpt>
      <trkpt lat="46.02231" lon="13.63155">
        <ele>463.24844</ele>
        <time>2000-01-01T09:23:32.000Z</time>
      </trkpt>
      <trkpt lat="46.02241" lon="13.63136">
        <ele>462.98683</ele>
        <time>2000-01-01T09:23:42.000Z</time>
      </trkpt>
      <trkpt lat="46.02245" lon="13.63121">
        <ele>463.04429</ele>
        <time>2000-01-01T09:23:52.000Z</time>
      </trkpt>
      <trkpt lat="46.0225" lon="13.63107">
        <ele>462.19735</ele>
        <time>2000-01-01T09:24:02.000Z</time>
      </trkpt>
      <trkpt lat="46.02253" lon="13.63085">
        <ele>461.87102</ele>
        <time>2000-01-01T09:24:12.000Z</time>
      </trkpt>
      <trkpt lat="46.02256" lon="13.63075">
        <ele>461.28906</ele>
        <time>2000-01-01T09:24:22.000Z</time>
      </trkpt>
      <trkpt lat="46.02263" lon="13.63061">
        <ele>460.08631</ele>
        <time>2000-01-01T09:24:32.000Z</time>
      </trkpt>
      <trkpt lat="46.02266" lon="13.63051">
        <ele>459.65955</ele>
        <time>2000-01-01T09:24:42.000Z</time>
      </trkpt>
      <trkpt lat="46.02267" lon="13.63037">
        <ele>459.50628</ele>
        <time>2000-01-01T09:24:52.000Z</time>
      </trkpt>
      <trkpt lat="46.02267" lon="13.6302">
        <ele>458.5018</ele>
        <time>2000-01-01T09:25:02.000Z</time>
      </trkpt>
      <trkpt lat="46.02266" lon="13.63015">
        <ele>458.29166</ele>
        <time>2000-01-01T09:25:12.000Z</time>
      </trkpt>
      <trkpt lat="46.02266" lon="13.63005">
        <ele>456.89944</ele>
        <time>2000-01-01T09:25:22.000Z</time>
      </trkpt>
      <trkpt lat="46.02264" lon="13.62996">
        <ele>456.10563</ele>
        <time>2000-01-01T09:25:32.000Z</time>
      </trkpt>
      <trkpt lat="46.02263" lon="13.62986">
        <ele>454.11912</ele>
        <time>2000-01-01T09:25:42.000Z</time>
      </trkpt>
      <trkpt lat="46.02263" lon="13.62971">
        <ele>451.15316</ele>
        <time>2000-01-01T09:25:52.000Z</time>
      </trkpt>
      <trkpt lat="46.02261" lon="13.62949">
        <ele>450.21507</ele>
        <time>2000-01-01T09:26:02.000Z</time>
      </trkpt>
      <trkpt lat="46.02254" lon="13.62926">
        <ele>454.64333</ele>
        <time>2000-01-01T09:26:12.000Z</time>
      </trkpt>
      <trkpt lat="46.02254" lon="13.62913">
        <ele>456.29462</ele>
        <time>2000-01-01T09:26:22.000Z</time>
      </trkpt>
      <trkpt lat="46.02255" lon="13.62909">
        <ele>456.34199</ele>
        <time>2000-01-01T09:26:32.000Z</time>
      </trkpt>
      <trkpt lat="46.02271" lon="13.62875">
        <ele>455.56081</ele>
        <time>2000-01-01T09:26:42.000Z</time>
      </trkpt>
      <trkpt lat="46.02274" lon="13.62864">
        <ele>456.09026</ele>
        <time>2000-01-01T09:26:52.000Z</time>
      </trkpt>
      <trkpt lat="46.02282" lon="13.62848">
        <ele>455.60514</ele>
        <time>2000-01-01T09:27:02.000Z</time>
      </trkpt>
      <trkpt lat="46.02286" lon="13.62836">
        <ele>455.88497</ele>
        <time>2000-01-01T09:27:12.000Z</time>
      </trkpt>
      <trkpt lat="46.02291" lon="13.6281">
        <ele>456.64637</ele>
        <time>2000-01-01T09:27:22.000Z</time>
      </trkpt>
      <trkpt lat="46.02293" lon="13.62792">
        <ele>456.89303</ele>
        <time>2000-01-01T09:27:32.000Z</time>
      </trkpt>
      <trkpt lat="46.02296" lon="13.62777">
        <ele>456.08473</ele>
        <time>2000-01-01T09:27:42.000Z</time>
      </trkpt>
      <trkpt lat="46.02297" lon="13.62761">
        <ele>455.91111</ele>
        <time>2000-01-01T09:27:52.000Z</time>
      </trkpt>
      <trkpt lat="46.02301" lon="13.62748">
        <ele>454.54058</ele>
        <time>2000-01-01T09:28:02.000Z</time>
      </trkpt>
      <trkpt lat="46.02308" lon="13.62735">
        <ele>453.01112</ele>
        <time>2000-01-01T09:28:12.000Z</time>
      </trkpt>
      <trkpt lat="46.02313" lon="13.62727">
        <ele>452.32856</ele>
        <time>2000-01-01T09:28:22.000Z</time>
      </trkpt>
      <trkpt lat="46.02319" lon="13.62719">
        <ele>451.32172</ele>
        <time>2000-01-01T09:28:32.000Z</time>
      </trkpt>
      <trkpt lat="46.0233" lon="13.6271">
        <ele>448.23987</ele>
        <time>2000-01-01T09:28:42.000Z</time>
      </trkpt>
      <trkpt lat="46.02344" lon="13.62702">
        <ele>445.21534</ele>
        <time>2000-01-01T09:28:52.000Z</time>
      </trkpt>
      <trkpt lat="46.02359" lon="13.62687">
        <ele>444.28288</ele>
        <time>2000-01-01T09:29:02.000Z</time>
      </trkpt>
      <trkpt lat="46.02366" lon="13.62683">
        <ele>443.35941</ele>
        <time>2000-01-01T09:29:12.000Z</time>
      </trkpt>
      <trkpt lat="46.02372" lon="13.62676">
        <ele>443.42753</ele>
        <time>2000-01-01T09:29:22.000Z</time>
      </trkpt>
      <trkpt lat="46.02379" lon="13.62664">
        <ele>444.06312</ele>
        <time>2000-01-01T09:29:32.000Z</time>
      </trkpt>
      <trkpt lat="46.02379" lon="13.62649">
        <ele>445.20472</ele>
        <time>2000-01-01T09:29:42.000Z</time>
      </trkpt>
      <trkpt lat="46.02383" lon="13.62626">
        <ele>445.24588</ele>
        <time>2000-01-01T09:29:52.000Z</time>
      </trkpt>
      <trkpt lat="46.02396" lon="13.62613">
        <ele>440.19015</ele>
        <time>2000-01-01T09:30:02.000Z</time>
      </trkpt>
      <trkpt lat="46.02402" lon="13.62597">
        <ele>439.95579</ele>
        <time>2000-01-01T09:30:12.000Z</time>
      </trkpt>
      <trkpt lat="46.02407" lon="13.62588">
        <ele>439.94651</ele>
        <time>2000-01-01T09:30:22.000Z</time>
      </trkpt>
      <trkpt lat="46.02417" lon="13.62574">
        <ele>439.75843</ele>
        <time>2000-01-01T09:30:32.000Z</time>
      </trkpt>
      <trkpt lat="46.02424" lon="13.62568">
        <ele>438.75721</ele>
        <time>2000-01-01T09:30:42.000Z</time>
      </trkpt>
      <trkpt lat="46.02429" lon="13.6256">
        <ele>438.97293</ele>
        <time>2000-01-01T09:30:52.000Z</time>
      </trkpt>
      <trkpt lat="46.02438" lon="13.62553">
        <ele>437.6877</ele>
        <time>2000-01-01T09:31:02.000Z</time>
      </trkpt>
      <trkpt lat="46.02443" lon="13.62547">
        <ele>437.77027</ele>
        <time>2000-01-01T09:31:12.000Z</time>
      </trkpt>
      <trkpt lat="46.0245" lon="13.62544">
        <ele>436.55761</ele>
        <time>2000-01-01T09:31:22.000Z</time>
      </trkpt>
      <trkpt lat="46.02453" lon="13.6254">
        <ele>436.80286</ele>
        <time>2000-01-01T09:31:32.000Z</time>
      </trkpt>
      <trkpt lat="46.02461" lon="13.62536">
        <ele>435.56568</ele>
        <time>2000-01-01T09:31:42.000Z</time>
      </trkpt>
      <trkpt lat="46.02469" lon="13.62537">
        <ele>433.20934</ele>
        <time>2000-01-01T09:31:52.000Z</time>
      </trkpt>
      <trkpt lat="46.02475" lon="13.62531">
        <ele>433.63565</ele>
        <time>2000-01-01T09:32:02.000Z</time>
      </trkpt>
      <trkpt lat="46.02485" lon="13.62531">
        <ele>431.99464</ele>
        <time>2000-01-01T09:32:12.000Z</time>
      </trkpt>
      <trkpt lat="46.02496" lon="13.6253">
        <ele>431.40257</ele>
        <time>2000-01-01T09:32:22.000Z</time>
      </trkpt>
      <trkpt lat="46.02506" lon="13.62533">
        <ele>431.5833</ele>
        <time>2000-01-01T09:32:32.000Z</time>
      </trkpt>
      <trkpt lat="46.02514" lon="13.62534">
        <ele>433.08567</ele>
        <time>2000-01-01T09:32:42.000Z</time>
      </trkpt>
      <trkpt lat="46.02519" lon="13.6254">
        <ele>433.56407</ele>
        <time>2000-01-01T09:32:52.000Z</time>
      </trkpt>
      <trkpt lat="46.02524" lon="13.62541">
        <ele>434.87631</ele>
        <time>2000-01-01T09:33:02.000Z</time>
      </trkpt>
      <trkpt lat="46.0253" lon="13.62552">
        <ele>435.12199</ele>
        <time>2000-01-01T09:33:12.000Z</time>
      </trkpt>
      <trkpt lat="46.02541" lon="13.62562">
        <ele>436.56516</ele>
        <time>2000-01-01T09:33:22.000Z</time>
      </trkpt>
      <trkpt lat="46.0255" lon="13.62576">
        <ele>432.13726</ele>
        <time>2000-01-01T09:33:32.000Z</time>
      </trkpt>
      <trkpt lat="46.02557" lon="13.62579">
        <ele>429.83324</ele>
        <time>2000-01-01T09:33:42.000Z</time>
      </trkpt>
      <trkpt lat="46.02564" lon="13.62577">
        <ele>429.78853</ele>
        <time>2000-01-01T09:33:52.000Z</time>
      </trkpt>
      <trkpt lat="46.02575" lon="13.62571">
        <ele>430.66055</ele>
        <time>2000-01-01T09:34:02.000Z</time>
      </trkpt>
      <trkpt lat="46.02588" lon="13.62561">
        <ele>431.91287</ele>
        <time>2000-01-01T09:34:12.000Z</time>
      </trkpt>
      <trkpt lat="46.02602" lon="13.62558">
        <ele>428.00238</ele>
        <time>2000-01-01T09:34:22.000Z</time>
      </trkpt>
      <trkpt lat="46.02616" lon="13.62556">
        <ele>424.15624</ele>
        <time>2000-01-01T09:34:32.000Z</time>
      </trkpt>
      <trkpt lat="46.0263" lon="13.62544">
        <ele>427.29456</ele>
        <time>2000-01-01T09:34:42.000Z</time>
      </trkpt>
      <trkpt lat="46.0264" lon="13.62534">
        <ele>428.96915</ele>
        <time>2000-01-01T09:34:52.000Z</time>
      </trkpt>
      <trkpt lat="46.02646" lon="13.62525">
        <ele>430.52255</ele>
        <time>2000-01-01T09:35:02.000Z</time>
      </trkpt>
      <trkpt lat="46.02651" lon="13.62523">
        <ele>428.40472</ele>
        <time>2000-01-01T09:35:12.000Z</time>
      </trkpt>
      <trkpt lat="46.02662" lon="13.62513">
        <ele>426.65625</ele>
        <time>2000-01-01T09:35:22.000Z</time>
      </trkpt>
      <trkpt lat="46.02672" lon="13.6251">
        <ele>422.79732</ele>
        <time>2000-01-01T09:35:32.000Z</time>
      </trkpt>
      <trkpt lat="46.02685" lon="13.62505">
        <ele>419.26223</ele>
        <time>2000-01-01T09:35:42.000Z</time>
      </trkpt>
      <trkpt lat="46.0269" lon="13.62501">
        <ele>419.29029</ele>
        <time>2000-01-01T09:35:52.000Z</time>
      </trkpt>
      <trkpt lat="46.02696" lon="13.62498">
        <ele>418.37122</ele>
        <time>2000-01-01T09:36:02.000Z</time>
      </trkpt>
      <trkpt lat="46.02706" lon="13.62488">
        <ele>418.89106</ele>
        <time>2000-01-01T09:36:12.000Z</time>
      </trkpt>
      <trkpt lat="46.02715" lon="13.62476">
        <ele>419.93289</ele>
        <time>2000-01-01T09:36:22.000Z</time>
      </trkpt>
      <trkpt lat="46.02721" lon="13.6247">
        <ele>420.0479</ele>
        <time>2000-01-01T09:36:32.000Z</time>
      </trkpt>
      <trkpt lat="46.02729" lon="13.62465">
        <ele>420.38205</ele>
        <time>2000-01-01T09:36:42.000Z</time>
      </trkpt>
      <trkpt lat="46.02742" lon="13.62467">
        <ele>419.75125</ele>
        <time>2000-01-01T09:36:52.000Z</time>
      </trkpt>
      <trkpt lat="46.0275" lon="13.62463">
        <ele>422.31201</ele>
        <time>2000-01-01T09:37:02.000Z</time>
      </trkpt>
      <trkpt lat="46.02761" lon="13.62462">
        <ele>425.09397</ele>
        <time>2000-01-01T09:37:12.000Z</time>
      </trkpt>
      <trkpt lat="46.0277" lon="13.62457">
        <ele>430.07889</ele>
        <time>2000-01-01T09:37:22.000Z</time>
      </trkpt>
      <trkpt lat="46.02779" lon="13.62459">
        <ele>430.26024</ele>
        <time>2000-01-01T09:37:32.000Z</time>
      </trkpt>
      <trkpt lat="46.02796" lon="13.62476">
        <ele>420.37543</ele>
        <time>2000-01-01T09:37:42.000Z</time>
      </trkpt>
      <trkpt lat="46.02803" lon="13.62478">
        <ele>417.93435</ele>
        <time>2000-01-01T09:37:52.000Z</time>
      </trkpt>
      <trkpt lat="46.0281" lon="13.62481">
        <ele>413.91701</ele>
        <time>2000-01-01T09:38:02.000Z</time>
      </trkpt>
      <trkpt lat="46.02816" lon="13.62478">
        <ele>413.65258</ele>
        <time>2000-01-01T09:38:12.000Z</time>
      </trkpt>
      <trkpt lat="46.02828" lon="13.62477">
        <ele>408.92235</ele>
        <time>2000-01-01T09:38:22.000Z</time>
      </trkpt>
      <trkpt lat="46.02847" lon="13.62466">
        <ele>410.15737</ele>
        <time>2000-01-01T09:38:32.000Z</time>
      </trkpt>
      <trkpt lat="46.02855" lon="13.6246">
        <ele>412.61185</ele>
        <time>2000-01-01T09:38:42.000Z</time>
      </trkpt>
      <trkpt lat="46.02866" lon="13.62455">
        <ele>413.31149</ele>
        <time>2000-01-01T09:38:52.000Z</time>
      </trkpt>
      <trkpt lat="46.0288" lon="13.62452">
        <ele>410.43379</ele>
        <time>2000-01-01T09:39:02.000Z</time>
      </trkpt>
      <trkpt lat="46.02896" lon="13.62453">
        <ele>404.3248</ele>
        <time>2000-01-01T09:39:12.000Z</time>
      </trkpt>
      <trkpt lat="46.02905" lon="13.62448">
        <ele>404.07163</ele>
        <time>2000-01-01T09:39:22.000Z</time>
      </trkpt>
      <trkpt lat="46.02912" lon="13.62441">
        <ele>404.5786</ele>
        <time>2000-01-01T09:39:32.000Z</time>
      </trkpt>
      <trkpt lat="46.02918" lon="13.6244">
        <ele>402.18548</ele>
        <time>2000-01-01T09:39:42.000Z</time>
      </trkpt>
      <trkpt lat="46.02921" lon="13.62434">
        <ele>403.03792</ele>
        <time>2000-01-01T09:39:52.000Z</time>
      </trkpt>
      <trkpt lat="46.02927" lon="13.62431">
        <ele>400.71031</ele>
        <time>2000-01-01T09:40:02.000Z</time>
      </trkpt>
      <trkpt lat="46.02941" lon="13.62416">
        <ele>399.12918</ele>
        <time>2000-01-01T09:40:12.000Z</time>
      </trkpt>
      <trkpt lat="46.02954" lon="13.62393">
        <ele>407.66063</ele>
        <time>2000-01-01T09:40:22.000Z</time>
      </trkpt>
      <trkpt lat="46.02974" lon="13.62371">
        <ele>412.06482</ele>
        <time>2000-01-01T09:40:32.000Z</time>
      </trkpt>
      <trkpt lat="46.02996" lon="13.62345">
        <ele>412.08944</ele>
        <time>2000-01-01T09:40:42.000Z</time>
      </trkpt>
      <trkpt lat="46.0301" lon="13.62317">
        <ele>411.80629</ele>
        <time>2000-01-01T09:40:52.000Z</time>
      </trkpt>
      <trkpt lat="46.03019" lon="13.62302">
        <ele>409.95011</ele>
        <time>2000-01-01T09:41:02.000Z</time>
      </trkpt>
      <trkpt lat="46.03032" lon="13.62269">
        <ele>414.48549</ele>
        <time>2000-01-01T09:41:12.000Z</time>
      </trkpt>
      <trkpt lat="46.03044" lon="13.62252">
        <ele>411.94481</ele>
        <time>2000-01-01T09:41:22.000Z</time>
      </trkpt>
      <trkpt lat="46.03053" lon="13.62242">
        <ele>408.7826</ele>
        <time>2000-01-01T09:41:32.000Z</time>
      </trkpt>
      <trkpt lat="46.03065" lon="13.62212">
        <ele>408.18839</ele>
        <time>2000-01-01T09:41:42.000Z</time>
      </trkpt>
      <trkpt lat="46.0307" lon="13.62197">
        <ele>408.03626</ele>
        <time>2000-01-01T09:41:52.000Z</time>
      </trkpt>
      <trkpt lat="46.03075" lon="13.62185">
        <ele>408.34934</ele>
        <time>2000-01-01T09:42:02.000Z</time>
      </trkpt>
      <trkpt lat="46.03096" lon="13.62161">
        <ele>406.66134</ele>
        <time>2000-01-01T09:42:12.000Z</time>
      </trkpt>
      <trkpt lat="46.03109" lon="13.6214">
        <ele>407.59218</ele>
        <time>2000-01-01T09:42:22.000Z</time>
      </trkpt>
      <trkpt lat="46.03134" lon="13.62118">
        <ele>400.64733</ele>
        <time>2000-01-01T09:42:32.000Z</time>
      </trkpt>
      <trkpt lat="46.03143" lon="13.62115">
        <ele>397.60566</ele>
        <time>2000-01-01T09:42:42.000Z</time>
      </trkpt>
      <trkpt lat="46.03149" lon="13.62109">
        <ele>397.64279</ele>
        <time>2000-01-01T09:42:52.000Z</time>
      </trkpt>
      <trkpt lat="46.03157" lon="13.62108">
        <ele>396.60453</ele>
        <time>2000-01-01T09:43:02.000Z</time>
      </trkpt>
      <trkpt lat="46.03165" lon="13.62103">
        <ele>396.57386</ele>
        <time>2000-01-01T09:43:12.000Z</time>
      </trkpt>
      <trkpt lat="46.03174" lon="13.62099">
        <ele>395.69277</ele>
        <time>2000-01-01T09:43:22.000Z</time>
      </trkpt>
      <trkpt lat="46.03178" lon="13.62091">
        <ele>397.40733</ele>
        <time>2000-01-01T09:43:32.000Z</time>
      </trkpt>
      <trkpt lat="46.03184" lon="13.62086">
        <ele>397.88742</ele>
        <time>2000-01-01T09:43:42.000Z</time>
      </trkpt>
      <trkpt lat="46.03204" lon="13.62057">
        <ele>401.0317</ele>
        <time>2000-01-01T09:43:52.000Z</time>
      </trkpt>
      <trkpt lat="46.03206" lon="13.62048">
        <ele>402.64975</ele>
        <time>2000-01-01T09:44:02.000Z</time>
      </trkpt>
      <trkpt lat="46.03215" lon="13.62037">
        <ele>401.50306</ele>
        <time>2000-01-01T09:44:12.000Z</time>
      </trkpt>
      <trkpt lat="46.0322" lon="13.62022">
        <ele>403.49915</ele>
        <time>2000-01-01T09:44:22.000Z</time>
      </trkpt>
      <trkpt lat="46.0323" lon="13.62018">
        <ele>400.69518</ele>
        <time>2000-01-01T09:44:32.000Z</time>
      </trkpt>
      <trkpt lat="46.03236" lon="13.62018">
        <ele>398.09445</ele>
        <time>2000-01-01T09:44:42.000Z</time>
      </trkpt>
      <trkpt lat="46.03246" lon="13.62004">
        <ele>397.62966</ele>
        <time>2000-01-01T09:44:52.000Z</time>
      </trkpt>
      <trkpt lat="46.03256" lon="13.61996">
        <ele>395.64653</ele>
        <time>2000-01-01T09:45:02.000Z</time>
      </trkpt>
      <trkpt lat="46.03264" lon="13.61997">
        <ele>392.48892</ele>
        <time>2000-01-01T09:45:12.000Z</time>
      </trkpt>
      <trkpt lat="46.03276" lon="13.61994">
        <ele>389.5051</ele>
        <time>2000-01-01T09:45:22.000Z</time>
      </trkpt>
      <trkpt lat="46.03286" lon="13.61995">
        <ele>386.18573</ele>
        <time>2000-01-01T09:45:32.000Z</time>
      </trkpt>
      <trkpt lat="46.03298" lon="13.61994">
        <ele>383.33703</ele>
        <time>2000-01-01T09:45:42.000Z</time>
      </trkpt>
      <trkpt lat="46.03309" lon="13.61992">
        <ele>382.10699</ele>
        <time>2000-01-01T09:45:52.000Z</time>
      </trkpt>
      <trkpt lat="46.03316" lon="13.61994">
        <ele>381.05443</ele>
        <time>2000-01-01T09:46:02.000Z</time>
      </trkpt>
      <trkpt lat="46.03326" lon="13.61994">
        <ele>380.90833</ele>
        <time>2000-01-01T09:46:12.000Z</time>
      </trkpt>
      <trkpt lat="46.03336" lon="13.61989">
        <ele>381.65171</ele>
        <time>2000-01-01T09:46:22.000Z</time>
      </trkpt>
      <trkpt lat="46.0335" lon="13.61979">
        <ele>382.5825</ele>
        <time>2000-01-01T09:46:32.000Z</time>
      </trkpt>
      <trkpt lat="46.03353" lon="13.61973">
        <ele>383.62942</ele>
        <time>2000-01-01T09:46:42.000Z</time>
      </trkpt>
      <trkpt lat="46.03356" lon="13.6197">
        <ele>383.95217</ele>
        <time>2000-01-01T09:46:52.000Z</time>
      </trkpt>
      <trkpt lat="46.03364" lon="13.61967">
        <ele>383.78648</ele>
        <time>2000-01-01T09:47:02.000Z</time>
      </trkpt>
      <trkpt lat="46.03372" lon="13.61966">
        <ele>383.28113</ele>
        <time>2000-01-01T09:47:12.000Z</time>
      </trkpt>
      <trkpt lat="46.03379" lon="13.61974">
        <ele>381.03614</ele>
        <time>2000-01-01T09:47:22.000Z</time>
      </trkpt>
      <trkpt lat="46.034" lon="13.6198">
        <ele>379.44072</ele>
        <time>2000-01-01T09:47:32.000Z</time>
      </trkpt>
      <trkpt lat="46.03408" lon="13.61985">
        <ele>378.76189</ele>
        <time>2000-01-01T09:47:42.000Z</time>
      </trkpt>
      <trkpt lat="46.03411" lon="13.61988">
        <ele>378.25413</ele>
        <time>2000-01-01T09:47:52.000Z</time>
      </trkpt>
      <trkpt lat="46.03413" lon="13.61991">
        <ele>377.6938</ele>
        <time>2000-01-01T09:48:02.000Z</time>
      </trkpt>
      <trkpt lat="46.03414" lon="13.61994">
        <ele>377.09246</ele>
        <time>2000-01-01T09:48:12.000Z</time>
      </trkpt>
      <trkpt lat="46.03415" lon="13.62004">
        <ele>375.11984</ele>
        <time>2000-01-01T09:48:22.000Z</time>
      </trkpt>
      <trkpt lat="46.03417" lon="13.62012">
        <ele>373.8482</ele>
        <time>2000-01-01T09:48:32.000Z</time>
      </trkpt>
      <trkpt lat="46.03419" lon="13.62012">
        <ele>373.99644</ele>
        <time>2000-01-01T09:48:42.000Z</time>
      </trkpt>
      <trkpt lat="46.03426" lon="13.62018">
        <ele>373.41595</ele>
        <time>2000-01-01T09:48:52.000Z</time>
      </trkpt>
      <trkpt lat="46.03429" lon="13.62023">
        <ele>372.672</ele>
        <time>2000-01-01T09:49:02.000Z</time>
      </trkpt>
      <trkpt lat="46.03436" lon="13.62022">
        <ele>372.97837</ele>
        <time>2000-01-01T09:49:12.000Z</time>
      </trkpt>
      <trkpt lat="46.03442" lon="13.62024">
        <ele>372.64047</ele>
        <time>2000-01-01T09:49:22.000Z</time>
      </trkpt>
      <trkpt lat="46.03464" lon="13.62022">
        <ele>372.12995</ele>
        <time>2000-01-01T09:49:32.000Z</time>
      </trkpt>
      <trkpt lat="46.03472" lon="13.62018">
        <ele>372.61037</ele>
        <time>2000-01-01T09:49:42.000Z</time>
      </trkpt>
      <trkpt lat="46.03474" lon="13.62018">
        <ele>372.62252</ele>
        <time>2000-01-01T09:49:52.000Z</time>
      </trkpt>
      <trkpt lat="46.03478" lon="13.62019">
        <ele>372.54865</ele>
        <time>2000-01-01T09:50:02.000Z</time>
      </trkpt>
      <trkpt lat="46.03482" lon="13.62022">
        <ele>372.22</ele>
        <time>2000-01-01T09:50:12.000Z</time>
      </trkpt>
      <trkpt lat="46.03488" lon="13.62024">
        <ele>372.24191</ele>
        <time>2000-01-01T09:50:22.000Z</time>
      </trkpt>
      <trkpt lat="46.03502" lon="13.62032">
        <ele>371.26166</ele>
        <time>2000-01-01T09:50:32.000Z</time>
      </trkpt>
      <trkpt lat="46.03507" lon="13.62024">
        <ele>372.58514</ele>
        <time>2000-01-01T09:50:42.000Z</time>
      </trkpt>
      <trkpt lat="46.03512" lon="13.62019">
        <ele>373.71528</ele>
        <time>2000-01-01T09:50:52.000Z</time>
      </trkpt>
      <trkpt lat="46.03517" lon="13.6201">
        <ele>376.10804</ele>
        <time>2000-01-01T09:51:02.000Z</time>
      </trkpt>
      <trkpt lat="46.03526" lon="13.62003">
        <ele>377.57546</ele>
        <time>2000-01-01T09:51:12.000Z</time>
      </trkpt>
      <trkpt lat="46.03533" lon="13.61994">
        <ele>377.89393</ele>
        <time>2000-01-01T09:51:22.000Z</time>
      </trkpt>
      <trkpt lat="46.03563" lon="13.61969">
        <ele>375.02465</ele>
        <time>2000-01-01T09:51:32.000Z</time>
      </trkpt>
      <trkpt lat="46.03567" lon="13.61961">
        <ele>375.5124</ele>
        <time>2000-01-01T09:51:42.000Z</time>
      </trkpt>
      <trkpt lat="46.03575" lon="13.61953">
        <ele>375.40632</ele>
        <time>2000-01-01T09:51:52.000Z</time>
      </trkpt>
      <trkpt lat="46.03581" lon="13.6194">
        <ele>377.2857</ele>
        <time>2000-01-01T09:52:02.000Z</time>
      </trkpt>
      <trkpt lat="46.0359" lon="13.61934">
        <ele>377.67373</ele>
        <time>2000-01-01T09:52:12.000Z</time>
      </trkpt>
      <trkpt lat="46.03611" lon="13.61933">
        <ele>374.93058</ele>
        <time>2000-01-01T09:52:22.000Z</time>
      </trkpt>
      <trkpt lat="46.03619" lon="13.61934">
        <ele>372.88345</ele>
        <time>2000-01-01T09:52:32.000Z</time>
      </trkpt>
      <trkpt lat="46.03631" lon="13.61928">
        <ele>370.47615</ele>
        <time>2000-01-01T09:52:42.000Z</time>
      </trkpt>
      <trkpt lat="46.03642" lon="13.61924">
        <ele>367.93166</ele>
        <time>2000-01-01T09:52:52.000Z</time>
      </trkpt>
      <trkpt lat="46.03649" lon="13.61915">
        <ele>366.87641</ele>
        <time>2000-01-01T09:53:02.000Z</time>
      </trkpt>
      <trkpt lat="46.03672" lon="13.61897">
        <ele>363.71235</ele>
        <time>2000-01-01T09:53:12.000Z</time>
      </trkpt>
      <trkpt lat="46.03681" lon="13.61893">
        <ele>363.43612</ele>
        <time>2000-01-01T09:53:22.000Z</time>
      </trkpt>
      <trkpt lat="46.03689" lon="13.61888">
        <ele>363.63432</ele>
        <time>2000-01-01T09:53:32.000Z</time>
      </trkpt>
      <trkpt lat="46.03699" lon="13.61873">
        <ele>365.16506</ele>
        <time>2000-01-01T09:53:42.000Z</time>
      </trkpt>
      <trkpt lat="46.03706" lon="13.61864">
        <ele>365.44589</ele>
        <time>2000-01-01T09:53:52.000Z</time>
      </trkpt>
      <trkpt lat="46.0371" lon="13.61862">
        <ele>365.1744</ele>
        <time>2000-01-01T09:54:02.000Z</time>
      </trkpt>
      <trkpt lat="46.0372" lon="13.61838">
        <ele>366.03401</ele>
        <time>2000-01-01T09:54:12.000Z</time>
      </trkpt>
      <trkpt lat="46.03723" lon="13.61825">
        <ele>365.65109</ele>
        <time>2000-01-01T09:54:22.000Z</time>
      </trkpt>
      <trkpt lat="46.03724" lon="13.61813">
        <ele>364.51893</ele>
        <time>2000-01-01T09:54:32.000Z</time>
      </trkpt>
      <trkpt lat="46.03721" lon="13.61807">
        <ele>364.22213</ele>
        <time>2000-01-01T09:54:42.000Z</time>
      </trkpt>
      <trkpt lat="46.03721" lon="13.61776">
        <ele>361.99341</ele>
        <time>2000-01-01T09:54:52.000Z</time>
      </trkpt>
      <trkpt lat="46.03718" lon="13.61768">
        <ele>361.5974</ele>
        <time>2000-01-01T09:55:02.000Z</time>
      </trkpt>
      <trkpt lat="46.03723" lon="13.61748">
        <ele>358.66988</ele>
        <time>2000-01-01T09:55:12.000Z</time>
      </trkpt>
      <trkpt lat="46.03728" lon="13.61735">
        <ele>356.45136</ele>
        <time>2000-01-01T09:55:22.000Z</time>
      </trkpt>
      <trkpt lat="46.03731" lon="13.61725">
        <ele>354.83545</ele>
        <time>2000-01-01T09:55:32.000Z</time>
      </trkpt>
      <trkpt lat="46.03739" lon="13.6171">
        <ele>352.14954</ele>
        <time>2000-01-01T09:55:42.000Z</time>
      </trkpt>
      <trkpt lat="46.0375" lon="13.61697">
        <ele>350.23897</ele>
        <time>2000-01-01T09:55:52.000Z</time>
      </trkpt>
      <trkpt lat="46.03756" lon="13.61688">
        <ele>349.53717</ele>
        <time>2000-01-01T09:56:02.000Z</time>
      </trkpt>
      <trkpt lat="46.03763" lon="13.61684">
        <ele>349.46593</ele>
        <time>2000-01-01T09:56:12.000Z</time>
      </trkpt>
      <trkpt lat="46.03769" lon="13.61678">
        <ele>348.86001</ele>
        <time>2000-01-01T09:56:22.000Z</time>
      </trkpt>
      <trkpt lat="46.03776" lon="13.61675">
        <ele>348.51659</ele>
        <time>2000-01-01T09:56:32.000Z</time>
      </trkpt>
      <trkpt lat="46.03784" lon="13.6167">
        <ele>347.89552</ele>
        <time>2000-01-01T09:56:42.000Z</time>
      </trkpt>
      <trkpt lat="46.0379" lon="13.61668">
        <ele>347.98055</ele>
        <time>2000-01-01T09:56:52.000Z</time>
      </trkpt>
      <trkpt lat="46.03796" lon="13.6166">
        <ele>346.86695</ele>
        <time>2000-01-01T09:57:02.000Z</time>
      </trkpt>
      <trkpt lat="46.03801" lon="13.61656">
        <ele>346.29678</ele>
        <time>2000-01-01T09:57:12.000Z</time>
      </trkpt>
      <trkpt lat="46.03806" lon="13.61648">
        <ele>344.4714</ele>
        <time>2000-01-01T09:57:22.000Z</time>
      </trkpt>
      <trkpt lat="46.03813" lon="13.61623">
        <ele>338.28674</ele>
        <time>2000-01-01T09:57:32.000Z</time>
      </trkpt>
      <trkpt lat="46.0382" lon="13.61619">
        <ele>338.4024</ele>
        <time>2000-01-01T09:57:42.000Z</time>
      </trkpt>
      <trkpt lat="46.03826" lon="13.61614">
        <ele>338.3966</ele>
        <time>2000-01-01T09:57:52.000Z</time>
      </trkpt>
      <trkpt lat="46.03836" lon="13.61609">
        <ele>338.89771</ele>
        <time>2000-01-01T09:58:02.000Z</time>
      </trkpt>
      <trkpt lat="46.03845" lon="13.61607">
        <ele>339.92414</ele>
        <time>2000-01-01T09:58:12.000Z</time>
      </trkpt>
      <trkpt lat="46.03851" lon="13.61601">
        <ele>339.55148</ele>
        <time>2000-01-01T09:58:22.000Z</time>
      </trkpt>
      <trkpt lat="46.03856" lon="13.61599">
        <ele>339.93236</ele>
        <time>2000-01-01T09:58:32.000Z</time>
      </trkpt>
      <trkpt lat="46.03862" lon="13.61595">
        <ele>339.79993</ele>
        <time>2000-01-01T09:58:42.000Z</time>
      </trkpt>
      <trkpt lat="46.03866" lon="13.61594">
        <ele>339.89769</ele>
        <time>2000-01-01T09:58:52.000Z</time>
      </trkpt>
      <trkpt lat="46.03869" lon="13.61595">
        <ele>340.26878</ele>
        <time>2000-01-01T09:59:02.000Z</time>
      </trkpt>
      <trkpt lat="46.03874" lon="13.61586">
        <ele>338.52987</ele>
        <time>2000-01-01T09:59:12.000Z</time>
      </trkpt>
      <trkpt lat="46.03883" lon="13.61583">
        <ele>337.98357</ele>
        <time>2000-01-01T09:59:22.000Z</time>
      </trkpt>
      <trkpt lat="46.0389" lon="13.61577">
        <ele>336.54859</ele>
        <time>2000-01-01T09:59:32.000Z</time>
      </trkpt>
      <trkpt lat="46.03902" lon="13.61575">
        <ele>335.46953</ele>
        <time>2000-01-01T09:59:42.000Z</time>
      </trkpt>
      <trkpt lat="46.03909" lon="13.61569">
        <ele>333.77652</ele>
        <time>2000-01-01T09:59:52.000Z</time>
      </trkpt>
      <trkpt lat="46.03915" lon="13.61554">
        <ele>330.66118</ele>
        <time>2000-01-01T10:00:02.000Z</time>
      </trkpt>
      <trkpt lat="46.03924" lon="13.61534">
        <ele>327.04524</ele>
        <time>2000-01-01T10:00:12.000Z</time>
      </trkpt>
      <trkpt lat="46.03932" lon="13.6152">
        <ele>325.20578</ele>
        <time>2000-01-01T10:00:22.000Z</time>
      </trkpt>
      <trkpt lat="46.0394" lon="13.61516">
        <ele>325.32923</ele>
        <time>2000-01-01T10:00:32.000Z</time>
      </trkpt>
      <trkpt lat="46.03953" lon="13.61507">
        <ele>324.02811</ele>
        <time>2000-01-01T10:00:42.000Z</time>
      </trkpt>
      <trkpt lat="46.03958" lon="13.615">
        <ele>322.31652</ele>
        <time>2000-01-01T10:00:52.000Z</time>
      </trkpt>
      <trkpt lat="46.0397" lon="13.61491">
        <ele>320.06913</ele>
        <time>2000-01-01T10:01:02.000Z</time>
      </trkpt>
      <trkpt lat="46.03984" lon="13.61487">
        <ele>318.37576</ele>
        <time>2000-01-01T10:01:12.000Z</time>
      </trkpt>
      <trkpt lat="46.03992" lon="13.61486">
        <ele>317.35046</ele>
        <time>2000-01-01T10:01:22.000Z</time>
      </trkpt>
      <trkpt lat="46.03997" lon="13.61477">
        <ele>314.98975</ele>
        <time>2000-01-01T10:01:32.000Z</time>
      </trkpt>
      <trkpt lat="46.04011" lon="13.61457">
        <ele>312.67715</ele>
        <time>2000-01-01T10:01:42.000Z</time>
      </trkpt>
      <trkpt lat="46.04015" lon="13.6145">
        <ele>312.20933</ele>
        <time>2000-01-01T10:01:52.000Z</time>
      </trkpt>
      <trkpt lat="46.04021" lon="13.61443">
        <ele>311.49669</ele>
        <time>2000-01-01T10:02:02.000Z</time>
      </trkpt>
      <trkpt lat="46.04033" lon="13.61434">
        <ele>310.52502</ele>
        <time>2000-01-01T10:02:12.000Z</time>
      </trkpt>
      <trkpt lat="46.0404" lon="13.61423">
        <ele>308.81677</ele>
        <time>2000-01-01T10:02:22.000Z</time>
      </trkpt>
      <trkpt lat="46.04047" lon="13.61386">
        <ele>303.73729</ele>
        <time>2000-01-01T10:02:32.000Z</time>
      </trkpt>
      <trkpt lat="46.04051" lon="13.61374">
        <ele>302.37288</ele>
        <time>2000-01-01T10:02:42.000Z</time>
      </trkpt>
      <trkpt lat="46.04056" lon="13.61366">
        <ele>301.81968</ele>
        <time>2000-01-01T10:02:52.000Z</time>
      </trkpt>
      <trkpt lat="46.04064" lon="13.61361">
        <ele>301.81401</ele>
        <time>2000-01-01T10:03:02.000Z</time>
      </trkpt>
      <trkpt lat="46.04078" lon="13.61362">
        <ele>302.79995</ele>
        <time>2000-01-01T10:03:12.000Z</time>
      </trkpt>
      <trkpt lat="46.0409" lon="13.61362">
        <ele>303.48479</ele>
        <time>2000-01-01T10:03:22.000Z</time>
      </trkpt>
      <trkpt lat="46.04102" lon="13.61354">
        <ele>302.28907</ele>
        <time>2000-01-01T10:03:32.000Z</time>
      </trkpt>
      <trkpt lat="46.04118" lon="13.61347">
        <ele>303.49354</ele>
        <time>2000-01-01T10:03:42.000Z</time>
      </trkpt>
      <trkpt lat="46.04139" lon="13.61331">
        <ele>306.58714</ele>
        <time>2000-01-01T10:03:52.000Z</time>
      </trkpt>
      <trkpt lat="46.04145" lon="13.61324">
        <ele>307.04813</ele>
        <time>2000-01-01T10:04:02.000Z</time>
      </trkpt>
      <trkpt lat="46.04144" lon="13.61315">
        <ele>305.5494</ele>
        <time>2000-01-01T10:04:12.000Z</time>
      </trkpt>
      <trkpt lat="46.04141" lon="13.61308">
        <ele>303.8786</ele>
        <time>2000-01-01T10:04:22.000Z</time>
      </trkpt>
      <trkpt lat="46.04136" lon="13.61304">
        <ele>301.97455</ele>
        <time>2000-01-01T10:04:32.000Z</time>
      </trkpt>
      <trkpt lat="46.04131" lon="13.61304">
        <ele>300.3673</ele>
        <time>2000-01-01T10:04:42.000Z</time>
      </trkpt>
      <trkpt lat="46.04124" lon="13.61298">
        <ele>297.55897</ele>
        <time>2000-01-01T10:04:52.000Z</time>
      </trkpt>
      <trkpt lat="46.04118" lon="13.61299">
        <ele>295.88929</ele>
        <time>2000-01-01T10:05:02.000Z</time>
      </trkpt>
      <trkpt lat="46.0411" lon="13.61295">
        <ele>293.86955</ele>
        <time>2000-01-01T10:05:12.000Z</time>
      </trkpt>
      <trkpt lat="46.04119" lon="13.61273">
        <ele>294.67089</ele>
        <time>2000-01-01T10:05:22.000Z</time>
      </trkpt>
      <trkpt lat="46.04129" lon="13.61253">
        <ele>296.99832</ele>
        <time>2000-01-01T10:05:32.000Z</time>
      </trkpt>
      <trkpt lat="46.04146" lon="13.61212">
        <ele>302.53024</ele>
        <time>2000-01-01T10:05:42.000Z</time>
      </trkpt>
      <trkpt lat="46.04152" lon="13.61194">
        <ele>302.6893</ele>
        <time>2000-01-01T10:05:52.000Z</time>
      </trkpt>
      <trkpt lat="46.04159" lon="13.61176">
        <ele>303.14635</ele>
        <time>2000-01-01T10:06:02.000Z</time>
      </trkpt>
      <trkpt lat="46.04163" lon="13.61168">
        <ele>303.32149</ele>
        <time>2000-01-01T10:06:12.000Z</time>
      </trkpt>
      <trkpt lat="46.04167" lon="13.61158">
        <ele>302.74396</ele>
        <time>2000-01-01T10:06:22.000Z</time>
      </trkpt>
      <trkpt lat="46.04172" lon="13.61151">
        <ele>302.65247</ele>
        <time>2000-01-01T10:06:32.000Z</time>
      </trkpt>
      <trkpt lat="46.04202" lon="13.61129">
        <ele>307.44603</ele>
        <time>2000-01-01T10:06:42.000Z</time>
      </trkpt>
      <trkpt lat="46.04212" lon="13.61125">
        <ele>309.70747</ele>
        <time>2000-01-01T10:06:52.000Z</time>
      </trkpt>
      <trkpt lat="46.04223" lon="13.61124">
        <ele>313.06576</ele>
        <time>2000-01-01T10:07:02.000Z</time>
      </trkpt>
      <trkpt lat="46.04231" lon="13.61117">
        <ele>315.02042</ele>
        <time>2000-01-01T10:07:12.000Z</time>
      </trkpt>
      <trkpt lat="46.04247" lon="13.61092">
        <ele>317.36594</ele>
        <time>2000-01-01T10:07:22.000Z</time>
      </trkpt>
      <trkpt lat="46.04252" lon="13.61081">
        <ele>317.20377</ele>
        <time>2000-01-01T10:07:32.000Z</time>
      </trkpt>
      <trkpt lat="46.04257" lon="13.61066">
        <ele>315.83039</ele>
        <time>2000-01-01T10:07:42.000Z</time>
        <extensions>
          <oa:locType>calcWayPoint</oa:locType>
        </extensions>
      </trkpt>
      <trkpt lat="46.04259" lon="13.61048">
        <ele>314.34751</ele>
        <time>2000-01-01T10:07:52.000Z</time>
      </trkpt>
      <trkpt lat="46.04261" lon="13.61038">
        <ele>314.47562</ele>
        <time>2000-01-01T10:08:02.000Z</time>
      </trkpt>
      <trkpt lat="46.04265" lon="13.61024">
        <ele>315.03203</ele>
        <time>2000-01-01T10:08:12.000Z</time>
      </trkpt>
      <trkpt lat="46.04262" lon="13.61019">
        <ele>314.16404</ele>
        <time>2000-01-01T10:08:22.000Z</time>
      </trkpt>
      <trkpt lat="46.04261" lon="13.61011">
        <ele>313.84304</ele>
        <time>2000-01-01T10:08:32.000Z</time>
      </trkpt>
      <trkpt lat="46.0426" lon="13.60992">
        <ele>313.74459</ele>
        <time>2000-01-01T10:08:42.000Z</time>
      </trkpt>
      <trkpt lat="46.04264" lon="13.60971">
        <ele>315.18563</ele>
        <time>2000-01-01T10:08:52.000Z</time>
      </trkpt>
      <trkpt lat="46.04262" lon="13.60946">
        <ele>315.89396</ele>
        <time>2000-01-01T10:09:02.000Z</time>
      </trkpt>
      <trkpt lat="46.04257" lon="13.6093">
        <ele>315.33528</ele>
        <time>2000-01-01T10:09:12.000Z</time>
      </trkpt>
      <trkpt lat="46.0425" lon="13.60915">
        <ele>315.06699</ele>
        <time>2000-01-01T10:09:22.000Z</time>
      </trkpt>
      <trkpt lat="46.04237" lon="13.60883">
        <ele>315.85325</ele>
        <time>2000-01-01T10:09:32.000Z</time>
      </trkpt>
      <trkpt lat="46.04235" lon="13.60864">
        <ele>315.93029</ele>
        <time>2000-01-01T10:09:42.000Z</time>
      </trkpt>
      <trkpt lat="46.04233" lon="13.60851">
        <ele>315.27762</ele>
        <time>2000-01-01T10:09:52.000Z</time>
      </trkpt>
      <trkpt lat="46.0423" lon="13.60817">
        <ele>312.3359</ele>
        <time>2000-01-01T10:10:02.000Z</time>
      </trkpt>
      <trkpt lat="46.04227" lon="13.60799">
        <ele>311.03933</ele>
        <time>2000-01-01T10:10:12.000Z</time>
      </trkpt>
      <trkpt lat="46.04224" lon="13.60787">
        <ele>309.86629</ele>
        <time>2000-01-01T10:10:22.000Z</time>
      </trkpt>
      <trkpt lat="46.04219" lon="13.60777">
        <ele>309.06895</ele>
        <time>2000-01-01T10:10:32.000Z</time>
      </trkpt>
      <trkpt lat="46.04215" lon="13.6075">
        <ele>307.50967</ele>
        <time>2000-01-01T10:10:42.000Z</time>
      </trkpt>
      <trkpt lat="46.04211" lon="13.60734">
        <ele>307.18306</ele>
        <time>2000-01-01T10:10:52.000Z</time>
      </trkpt>
      <trkpt lat="46.04208" lon="13.60716">
        <ele>306.68138</ele>
        <time>2000-01-01T10:11:02.000Z</time>
      </trkpt>
      <trkpt lat="46.04202" lon="13.607">
        <ele>306.05588</ele>
        <time>2000-01-01T10:11:12.000Z</time>
      </trkpt>
      <trkpt lat="46.04196" lon="13.60686">
        <ele>304.67368</ele>
        <time>2000-01-01T10:11:22.000Z</time>
      </trkpt>
      <trkpt lat="46.04199" lon="13.60653">
        <ele>303.03552</ele>
        <time>2000-01-01T10:11:32.000Z</time>
      </trkpt>
      <trkpt lat="46.04198" lon="13.60636">
        <ele>302.34847</ele>
        <time>2000-01-01T10:11:42.000Z</time>
      </trkpt>
      <trkpt lat="46.04193" lon="13.60617">
        <ele>300.97815</ele>
        <time>2000-01-01T10:11:52.000Z</time>
      </trkpt>
      <trkpt lat="46.04193" lon="13.60598">
        <ele>300.20751</ele>
        <time>2000-01-01T10:12:02.000Z</time>
      </trkpt>
      <trkpt lat="46.04198" lon="13.6058">
        <ele>300.68308</ele>
        <time>2000-01-01T10:12:12.000Z</time>
      </trkpt>
      <trkpt lat="46.042" lon="13.60555">
        <ele>301.16991</ele>
        <time>2000-01-01T10:12:22.000Z</time>
      </trkpt>
      <trkpt lat="46.04203" lon="13.60538">
        <ele>301.71747</ele>
        <time>2000-01-01T10:12:32.000Z</time>
      </trkpt>
      <trkpt lat="46.04198" lon="13.60517">
        <ele>300.69185</ele>
        <time>2000-01-01T10:12:42.000Z</time>
      </trkpt>
      <trkpt lat="46.04198" lon="13.60497">
        <ele>300.49608</ele>
        <time>2000-01-01T10:12:52.000Z</time>
      </trkpt>
      <trkpt lat="46.042" lon="13.60489">
        <ele>300.56029</ele>
        <time>2000-01-01T10:13:02.000Z</time>
      </trkpt>
      <trkpt lat="46.0419" lon="13.60459">
        <ele>297.14827</ele>
        <time>2000-01-01T10:13:12.000Z</time>
      </trkpt>
      <trkpt lat="46.04188" lon="13.60448">
        <ele>295.98448</ele>
        <time>2000-01-01T10:13:22.000Z</time>
      </trkpt>
      <trkpt lat="46.04189" lon="13.60439">
        <ele>295.80802</ele>
        <time>2000-01-01T10:13:32.000Z</time>
      </trkpt>
      <trkpt lat="46.04198" lon="13.60428">
        <ele>297.30629</ele>
        <time>2000-01-01T10:13:42.000Z</time>
      </trkpt>
      <trkpt lat="46.04203" lon="13.60415">
        <ele>299.50475</ele>
        <time>2000-01-01T10:13:52.000Z</time>
      </trkpt>
      <trkpt lat="46.0421" lon="13.60411">
        <ele>302.25103</ele>
        <time>2000-01-01T10:14:02.000Z</time>
      </trkpt>
      <trkpt lat="46.04213" lon="13.6041">
        <ele>303.26434</ele>
        <time>2000-01-01T10:14:12.000Z</time>
      </trkpt>
      <trkpt lat="46.04215" lon="13.60402">
        <ele>304.55167</ele>
        <time>2000-01-01T10:14:22.000Z</time>
      </trkpt>
      <trkpt lat="46.04216" lon="13.60394">
        <ele>305.59585</ele>
        <time>2000-01-01T10:14:32.000Z</time>
      </trkpt>
      <trkpt lat="46.04218" lon="13.6039">
        <ele>306.36415</ele>
        <time>2000-01-01T10:14:42.000Z</time>
      </trkpt>
      <trkpt lat="46.0422" lon="13.60375">
        <ele>308.98787</ele>
        <time>2000-01-01T10:14:52.000Z</time>
      </trkpt>
      <trkpt lat="46.04223" lon="13.60361">
        <ele>312.07913</ele>
        <time>2000-01-01T10:15:02.000Z</time>
      </trkpt>
      <trkpt lat="46.04224" lon="13.60346">
        <ele>315.80309</ele>
        <time>2000-01-01T10:15:12.000Z</time>
      </trkpt>
      <trkpt lat="46.04224" lon="13.60337">
        <ele>318.16704</ele>
        <time>2000-01-01T10:15:22.000Z</time>
      </trkpt>
      <trkpt lat="46.04222" lon="13.60327">
        <ele>320.59563</ele>
        <time>2000-01-01T10:15:32.000Z</time>
      </trkpt>
      <trkpt lat="46.04216" lon="13.60325">
        <ele>320.28357</ele>
        <time>2000-01-01T10:15:42.000Z</time>
      </trkpt>
      <trkpt lat="46.04208" lon="13.60319">
        <ele>319.85851</ele>
        <time>2000-01-01T10:15:52.000Z</time>
      </trkpt>
      <trkpt lat="46.04213" lon="13.6031">
        <ele>323.15544</ele>
        <time>2000-01-01T10:16:02.000Z</time>
      </trkpt>
      <trkpt lat="46.04217" lon="13.60301">
        <ele>326.10372</ele>
        <time>2000-01-01T10:16:12.000Z</time>
      </trkpt>
      <trkpt lat="46.04225" lon="13.60293">
        <ele>329.01628</ele>
        <time>2000-01-01T10:16:22.000Z</time>
      </trkpt>
      <trkpt lat="46.04233" lon="13.60273">
        <ele>334.34671</ele>
        <time>2000-01-01T10:16:32.000Z</time>
      </trkpt>
      <trkpt lat="46.04239" lon="13.60265">
        <ele>336.40047</ele>
        <time>2000-01-01T10:16:42.000Z</time>
      </trkpt>
      <trkpt lat="46.04248" lon="13.60262">
        <ele>336.48807</ele>
        <time>2000-01-01T10:16:52.000Z</time>
      </trkpt>
      <trkpt lat="46.04263" lon="13.60244">
        <ele>339.85475</ele>
        <time>2000-01-01T10:17:02.000Z</time>
      </trkpt>
      <trkpt lat="46.0427" lon="13.60231">
        <ele>344.56966</ele>
        <time>2000-01-01T10:17:12.000Z</time>
      </trkpt>
      <trkpt lat="46.04283" lon="13.60226">
        <ele>345.99757</ele>
        <time>2000-01-01T10:17:22.000Z</time>
      </trkpt>
      <trkpt lat="46.04293" lon="13.60215">
        <ele>349.13945</ele>
        <time>2000-01-01T10:17:32.000Z</time>
      </trkpt>
      <trkpt lat="46.04295" lon="13.60186">
        <ele>356.67761</ele>
        <time>2000-01-01T10:17:42.000Z</time>
      </trkpt>
      <trkpt lat="46.04302" lon="13.60138">
        <ele>362.80696</ele>
        <time>2000-01-01T10:17:52.000Z</time>
      </trkpt>
      <trkpt lat="46.04295" lon="13.60113">
        <ele>370.96582</ele>
        <time>2000-01-01T10:18:02.000Z</time>
      </trkpt>
      <trkpt lat="46.04306" lon="13.60082">
        <ele>378.2711</ele>
        <time>2000-01-01T10:18:12.000Z</time>
      </trkpt>
      <trkpt lat="46.04317" lon="13.6005">
        <ele>382.68473</ele>
        <time>2000-01-01T10:18:22.000Z</time>
      </trkpt>
      <trkpt lat="46.04337" lon="13.60023">
        <ele>381.83387</ele>
        <time>2000-01-01T10:18:32.000Z</time>
      </trkpt>
      <trkpt lat="46.04364" lon="13.59985">
        <ele>383.09512</ele>
        <time>2000-01-01T10:18:42.000Z</time>
      </trkpt>
      <trkpt lat="46.04384" lon="13.5996">
        <ele>382.21164</ele>
        <time>2000-01-01T10:18:52.000Z</time>
      </trkpt>
      <trkpt lat="46.04398" lon="13.59934">
        <ele>382.71045</ele>
        <time>2000-01-01T10:19:02.000Z</time>
      </trkpt>
      <trkpt lat="46.04386" lon="13.59883">
        <ele>373.41088</ele>
        <time>2000-01-01T10:19:12.000Z</time>
      </trkpt>
      <trkpt lat="46.04377" lon="13.59841">
        <ele>363.29902</ele>
        <time>2000-01-01T10:19:22.000Z</time>
      </trkpt>
      <trkpt lat="46.04372" lon="13.59791">
        <ele>349.99074</ele>
        <time>2000-01-01T10:19:32.000Z</time>
      </trkpt>
      <trkpt lat="46.04366" lon="13.59763">
        <ele>342.11614</ele>
        <time>2000-01-01T10:19:42.000Z</time>
      </trkpt>
      <trkpt lat="46.04363" lon="13.59727">
        <ele>331.48289</ele>
        <time>2000-01-01T10:19:52.000Z</time>
      </trkpt>
      <trkpt lat="46.04348" lon="13.59677">
        <ele>316.88997</ele>
        <time>2000-01-01T10:20:02.000Z</time>
      </trkpt>
      <trkpt lat="46.04355" lon="13.5966">
        <ele>312.8464</ele>
        <time>2000-01-01T10:20:12.000Z</time>
      </trkpt>
      <trkpt lat="46.04382" lon="13.59699">
        <ele>323.46299</ele>
        <time>2000-01-01T10:20:22.000Z</time>
      </trkpt>
      <trkpt lat="46.04385" lon="13.59687">
        <ele>319.39866</ele>
        <time>2000-01-01T10:20:32.000Z</time>
      </trkpt>
      <trkpt lat="46.04371" lon="13.59618">
        <ele>297.05182</ele>
        <time>2000-01-01T10:20:42.000Z</time>
      </trkpt>
      <trkpt lat="46.0437" lon="13.59619">
        <ele>297.67692</ele>
        <time>2000-01-01T10:20:52.000Z</time>
      </trkpt>
      <trkpt lat="46.04368" lon="13.59576">
        <ele>283.39292</ele>
        <time>2000-01-01T10:21:02.000Z</time>
      </trkpt>
      <trkpt lat="46.04352" lon="13.59538">
        <ele>271.98773</ele>
        <time>2000-01-01T10:21:12.000Z</time>
      </trkpt>
      <trkpt lat="46.04331" lon="13.59507">
        <ele>267.4528</ele>
        <time>2000-01-01T10:21:22.000Z</time>
      </trkpt>
      <trkpt lat="46.04293" lon="13.5945">
        <ele>254.02008</ele>
        <time>2000-01-01T10:21:32.000Z</time>
      </trkpt>
      <trkpt lat="46.04329" lon="13.59457">
        <ele>252.67986</ele>
        <time>2000-01-01T10:21:42.000Z</time>
      </trkpt>
      <trkpt lat="46.04365" lon="13.59461">
        <ele>243.77179</ele>
        <time>2000-01-01T10:21:52.000Z</time>
      </trkpt>
      <trkpt lat="46.04392" lon="13.59482">
        <ele>237.30361</ele>
        <time>2000-01-01T10:22:02.000Z</time>
      </trkpt>
      <trkpt lat="46.04422" lon="13.59487">
        <ele>229.53258</ele>
        <time>2000-01-01T10:22:12.000Z</time>
      </trkpt>
      <trkpt lat="46.04442" lon="13.59486">
        <ele>222.93743</ele>
        <time>2000-01-01T10:22:22.000Z</time>
      </trkpt>
      <trkpt lat="46.04465" lon="13.59487">
        <ele>210.45986</ele>
        <time>2000-01-01T10:22:32.000Z</time>
      </trkpt>
      <trkpt lat="46.04462" lon="13.59478">
        <ele>209.66664</ele>
        <time>2000-01-01T10:22:42.000Z</time>
      </trkpt>
      <trkpt lat="46.04458" lon="13.59475">
        <ele>211.05809</ele>
        <time>2000-01-01T10:22:52.000Z</time>
      </trkpt>
      <trkpt lat="46.04455" lon="13.59464">
        <ele>208.32387</ele>
        <time>2000-01-01T10:23:02.000Z</time>
      </trkpt>
      <trkpt lat="46.04439" lon="13.59435">
        <ele>199.70982</ele>
        <time>2000-01-01T10:23:12.000Z</time>
      </trkpt>
      <trkpt lat="46.04435" lon="13.5943">
        <ele>198.00974</ele>
        <time>2000-01-01T10:23:22.000Z</time>
      </trkpt>
      <trkpt lat="46.0443" lon="13.59426">
        <ele>197.05048</ele>
        <time>2000-01-01T10:23:32.000Z</time>
      </trkpt>
      <trkpt lat="46.04415" lon="13.594">
        <ele>193.24266</ele>
        <time>2000-01-01T10:23:42.000Z</time>
      </trkpt>
      <trkpt lat="46.04397" lon="13.59349">
        <ele>185.60393</ele>
        <time>2000-01-01T10:23:52.000Z</time>
      </trkpt>
      <trkpt lat="46.04381" lon="13.59322">
        <ele>184.26064</ele>
        <time>2000-01-01T10:24:02.000Z</time>
      </trkpt>
      <trkpt lat="46.04364" lon="13.5929">
        <ele>178.19539</ele>
        <time>2000-01-01T10:24:12.000Z</time>
      </trkpt>
      <trkpt lat="46.04341" lon="13.59257">
        <ele>165.8429</ele>
        <time>2000-01-01T10:24:22.000Z</time>
      </trkpt>
      <trkpt lat="46.04319" lon="13.59214">
        <ele>155.2891</ele>
        <time>2000-01-01T10:24:32.000Z</time>
      </trkpt>
      <trkpt lat="46.04299" lon="13.59173">
        <ele>144.00922</ele>
        <time>2000-01-01T10:24:42.000Z</time>
      </trkpt>
      <trkpt lat="46.04272" lon="13.59136">
        <ele>140.56394</ele>
        <time>2000-01-01T10:24:52.000Z</time>
      </trkpt>
      <trkpt lat="46.04237" lon="13.5911">
        <ele>135.00864</ele>
        <time>2000-01-01T10:25:02.000Z</time>
      </trkpt>
      <trkpt lat="46.04208" lon="13.5911">
        <ele>134.2017</ele>
        <time>2000-01-01T10:25:12.000Z</time>
      </trkpt>
      <trkpt lat="46.0418" lon="13.59111">
        <ele>133.11623</ele>
        <time>2000-01-01T10:25:22.000Z</time>
      </trkpt>
      <trkpt lat="46.04151" lon="13.59114">
        <ele>131.33162</ele>
        <time>2000-01-01T10:25:32.000Z</time>
      </trkpt>
      <trkpt lat="46.04124" lon="13.5911">
        <ele>124.75629</ele>
        <time>2000-01-01T10:25:42.000Z</time>
      </trkpt>
      <trkpt lat="46.04114" lon="13.59119">
        <ele>124.50727</ele>
        <time>2000-01-01T10:25:52.000Z</time>
      </trkpt>
      <trkpt lat="46.04075" lon="13.59151">
        <ele>120.18088</ele>
        <time>2000-01-01T10:26:02.000Z</time>
      </trkpt>
      <trkpt lat="46.04046" lon="13.59187">
        <ele>117.72818</ele>
        <time>2000-01-01T10:26:12.000Z</time>
      </trkpt>
      <trkpt lat="46.04029" lon="13.59214">
        <ele>117.05184</ele>
        <time>2000-01-01T10:26:22.000Z</time>
      </trkpt>
      <trkpt lat="46.0401" lon="13.59245">
        <ele>117.7234</ele>
        <time>2000-01-01T10:26:32.000Z</time>
      </trkpt>
      <trkpt lat="46.03989" lon="13.59285">
        <ele>115.8422</ele>
        <time>2000-01-01T10:26:42.000Z</time>
      </trkpt>
      <trkpt lat="46.03979" lon="13.59307">
        <ele>114.25231</ele>
        <time>2000-01-01T10:26:52.000Z</time>
      </trkpt>
      <trkpt lat="46.03975" lon="13.5929">
        <ele>111.84896</ele>
        <time>2000-01-01T10:27:02.000Z</time>
      </trkpt>
      <trkpt lat="46.03982" lon="13.59247">
        <ele>110.53861</ele>
        <time>2000-01-01T10:27:12.000Z</time>
      </trkpt>
      <trkpt lat="46.03993" lon="13.59183">
        <ele>105.03225</ele>
        <time>2000-01-01T10:27:22.000Z</time>
      </trkpt>
      <trkpt lat="46.04007" lon="13.59126">
        <ele>101.73065</ele>
        <time>2000-01-01T10:27:32.000Z</time>
      </trkpt>
      <trkpt lat="46.04014" lon="13.59094">
        <ele>100.06124</ele>
        <time>2000-01-01T10:27:42.000Z</time>
      </trkpt>
      <trkpt lat="46.04016" lon="13.59075">
        <ele>99.03337</ele>
        <time>2000-01-01T10:27:52.000Z</time>
      </trkpt>
      <trkpt lat="46.04016" lon="13.59063">
        <ele>98.30481</ele>
        <time>2000-01-01T10:28:02.000Z</time>
      </trkpt>
      <trkpt lat="46.04026" lon="13.59029">
        <ele>96.01849</ele>
        <time>2000-01-01T10:28:12.000Z</time>
      </trkpt>
      <trkpt lat="46.04049" lon="13.5901">
        <ele>95.05375</ele>
        <time>2000-01-01T10:28:22.000Z</time>
      </trkpt>
      <trkpt lat="46.04077" lon="13.58987">
        <ele>91.26597</ele>
        <time>2000-01-01T10:28:32.000Z</time>
      </trkpt>
      <trkpt lat="46.04083" lon="13.58969">
        <ele>89.696</ele>
        <time>2000-01-01T10:28:42.000Z</time>
      </trkpt>
      <trkpt lat="46.04079" lon="13.58952">
        <ele>87.5837</ele>
        <time>2000-01-01T10:28:52.000Z</time>
      </trkpt>
      <trkpt lat="46.04064" lon="13.58945">
        <ele>85.50612</ele>
        <time>2000-01-01T10:29:02.000Z</time>
      </trkpt>
      <trkpt lat="46.04044" lon="13.58947">
        <ele>85.48055</ele>
        <time>2000-01-01T10:29:12.000Z</time>
      </trkpt>
      <trkpt lat="46.04036" lon="13.58941">
        <ele>85.40635</ele>
        <time>2000-01-01T10:29:22.000Z</time>
      </trkpt>
      <trkpt lat="46.04033" lon="13.58931">
        <ele>84.70552</ele>
        <time>2000-01-01T10:29:32.000Z</time>
      </trkpt>
      <trkpt lat="46.04029" lon="13.58845">
        <ele>86.60544</ele>
        <time>2000-01-01T10:29:42.000Z</time>
      </trkpt>
      <trkpt lat="46.0403" lon="13.58827">
        <ele>87.23961</ele>
        <time>2000-01-01T10:29:52.000Z</time>
      </trkpt>
      <trkpt lat="46.0402" lon="13.58806">
        <ele>87.95589</ele>
        <time>2000-01-01T10:30:02.000Z</time>
      </trkpt>
      <trkpt lat="46.04016" lon="13.588">
        <ele>88.45231</ele>
        <time>2000-01-01T10:30:12.000Z</time>
      </trkpt>
      <trkpt lat="46.04007" lon="13.58793">
        <ele>89.31271</ele>
        <time>2000-01-01T10:30:22.000Z</time>
      </trkpt>
      <trkpt lat="46.03973" lon="13.58795">
        <ele>87.21058</ele>
        <time>2000-01-01T10:30:32.000Z</time>
        <extensions>
          <oa:locType>calcWayPoint</oa:locType>
        </extensions>
      </trkpt>
      <trkpt lat="46.03971" lon="13.58807">
        <ele>85.82425</ele>
        <time>2000-01-01T10:30:42.000Z</time>
      </trkpt>
      <trkpt lat="46.03963" lon="13.58824">
        <ele>84.31658</ele>
        <time>2000-01-01T10:30:52.000Z</time>
      </trkpt>
      <trkpt lat="46.03953" lon="13.58859">
        <ele>83.41286</ele>
        <time>2000-01-01T10:31:02.000Z</time>
      </trkpt>
      <trkpt lat="46.03942" lon="13.58876">
        <ele>82.99777</ele>
        <time>2000-01-01T10:31:12.000Z</time>
      </trkpt>
      <trkpt lat="46.0392" lon="13.58894">
        <ele>82.60582</ele>
        <time>2000-01-01T10:31:22.000Z</time>
      </trkpt>
      <trkpt lat="46.03895" lon="13.58916">
        <ele>81.95392</ele>
        <time>2000-01-01T10:31:32.000Z</time>
      </trkpt>
      <trkpt lat="46.03862" lon="13.58961">
        <ele>82.98521</ele>
        <time>2000-01-01T10:31:42.000Z</time>
      </trkpt>
      <trkpt lat="46.03841" lon="13.59009">
        <ele>82.74733</ele>
        <time>2000-01-01T10:31:52.000Z</time>
      </trkpt>
      <trkpt lat="46.0382" lon="13.59055">
        <ele>82.97351</ele>
        <time>2000-01-01T10:32:02.000Z</time>
      </trkpt>
      <trkpt lat="46.03806" lon="13.59089">
        <ele>82.63521</ele>
        <time>2000-01-01T10:32:12.000Z</time>
      </trkpt>
      <trkpt lat="46.0379" lon="13.59118">
        <ele>80.18813</ele>
        <time>2000-01-01T10:32:22.000Z</time>
      </trkpt>
      <trkpt lat="46.03776" lon="13.59139">
        <ele>79.09846</ele>
        <time>2000-01-01T10:32:32.000Z</time>
      </trkpt>
      <trkpt lat="46.03762" lon="13.59168">
        <ele>78.78651</ele>
        <time>2000-01-01T10:32:42.000Z</time>
      </trkpt>
      <trkpt lat="46.0375" lon="13.59204">
        <ele>77.58135</ele>
        <time>2000-01-01T10:32:52.000Z</time>
      </trkpt>
      <trkpt lat="46.03742" lon="13.59239">
        <ele>76.25744</ele>
        <time>2000-01-01T10:33:02.000Z</time>
      </trkpt>
      <trkpt lat="46.03739" lon="13.59259">
        <ele>76.53811</ele>
        <time>2000-01-01T10:33:12.000Z</time>
      </trkpt>
      <trkpt lat="46.03741" lon="13.5927">
        <ele>77.37454</ele>
        <time>2000-01-01T10:33:22.000Z</time>
      </trkpt>
      <trkpt lat="46.03741" lon="13.59281">
        <ele>78.16415</ele>
        <time>2000-01-01T10:33:32.000Z</time>
      </trkpt>
      <trkpt lat="46.0374" lon="13.59285">
        <ele>78.37736</ele>
        <time>2000-01-01T10:33:42.000Z</time>
      </trkpt>
      <trkpt lat="46.03738" lon="13.59289">
        <ele>78.54603</ele>
        <time>2000-01-01T10:33:52.000Z</time>
      </trkpt>
      <trkpt lat="46.03736" lon="13.5929">
        <ele>78.54758</ele>
        <time>2000-01-01T10:34:02.000Z</time>
      </trkpt>
      <trkpt lat="46.03734" lon="13.59289">
        <ele>78.45741</ele>
        <time>2000-01-01T10:34:12.000Z</time>
      </trkpt>
      <trkpt lat="46.0373" lon="13.59291">
        <ele>78.46219</ele>
        <time>2000-01-01T10:34:22.000Z</time>
      </trkpt>
      <trkpt lat="46.0372" lon="13.59314">
        <ele>79.49992</ele>
        <time>2000-01-01T10:34:32.000Z</time>
      </trkpt>
      <trkpt lat="46.03715" lon="13.59324">
        <ele>79.99379</ele>
        <time>2000-01-01T10:34:42.000Z</time>
      </trkpt>
      <trkpt lat="46.03682" lon="13.594">
        <ele>88.69019</ele>
        <time>2000-01-01T10:34:52.000Z</time>
      </trkpt>
      <trkpt lat="46.03665" lon="13.5942">
        <ele>94.42423</ele>
        <time>2000-01-01T10:35:02.000Z</time>
      </trkpt>
      <trkpt lat="46.03651" lon="13.59439">
        <ele>98.31963</ele>
        <time>2000-01-01T10:35:12.000Z</time>
      </trkpt>
      <trkpt lat="46.03632" lon="13.59468">
        <ele>101.88528</ele>
        <time>2000-01-01T10:35:22.000Z</time>
      </trkpt>
      <trkpt lat="46.03615" lon="13.59483">
        <ele>103.4341</ele>
        <time>2000-01-01T10:35:32.000Z</time>
      </trkpt>
      <trkpt lat="46.03593" lon="13.59496">
        <ele>104.0605</ele>
        <time>2000-01-01T10:35:42.000Z</time>
      </trkpt>
      <trkpt lat="46.03564" lon="13.59511">
        <ele>104.15304</ele>
        <time>2000-01-01T10:35:52.000Z</time>
      </trkpt>
      <trkpt lat="46.03551" lon="13.59519">
        <ele>104.48722</ele>
        <time>2000-01-01T10:36:02.000Z</time>
      </trkpt>
      <trkpt lat="46.03539" lon="13.59522">
        <ele>104.52762</ele>
        <time>2000-01-01T10:36:12.000Z</time>
      </trkpt>
      <trkpt lat="46.03494" lon="13.59512">
        <ele>108.98328</ele>
        <time>2000-01-01T10:36:22.000Z</time>
      </trkpt>
      <trkpt lat="46.03462" lon="13.5951">
        <ele>108.543</ele>
        <time>2000-01-01T10:36:32.000Z</time>
      </trkpt>
      <trkpt lat="46.03448" lon="13.5951">
        <ele>109.02833</ele>
        <time>2000-01-01T10:36:42.000Z</time>
      </trkpt>
      <trkpt lat="46.03445" lon="13.595">
        <ele>110.99799</ele>
        <time>2000-01-01T10:36:52.000Z</time>
      </trkpt>
      <trkpt lat="46.03441" lon="13.59491">
        <ele>112.63981</ele>
        <time>2000-01-01T10:37:02.000Z</time>
      </trkpt>
      <trkpt lat="46.03423" lon="13.59478">
        <ele>115.18813</ele>
        <time>2000-01-01T10:37:12.000Z</time>
      </trkpt>
      <trkpt lat="46.03412" lon="13.59477">
        <ele>114.65575</ele>
        <time>2000-01-01T10:37:22.000Z</time>
      </trkpt>
      <trkpt lat="46.03393" lon="13.59471">
        <ele>112.53983</ele>
        <time>2000-01-01T10:37:32.000Z</time>
      </trkpt>
      <trkpt lat="46.03369" lon="13.59461">
        <ele>114.34356</ele>
        <time>2000-01-01T10:37:42.000Z</time>
      </trkpt>
      <trkpt lat="46.0336" lon="13.5945">
        <ele>116.23911</ele>
        <time>2000-01-01T10:37:52.000Z</time>
      </trkpt>
      <trkpt lat="46.03343" lon="13.59441">
        <ele>118.51581</ele>
        <time>2000-01-01T10:38:02.000Z</time>
      </trkpt>
      <trkpt lat="46.03322" lon="13.59428">
        <ele>121.46505</ele>
        <time>2000-01-01T10:38:12.000Z</time>
      </trkpt>
      <trkpt lat="46.03305" lon="13.59411">
        <ele>124.523</ele>
        <time>2000-01-01T10:38:22.000Z</time>
      </trkpt>
      <trkpt lat="46.03272" lon="13.59401">
        <ele>114.03864</ele>
        <time>2000-01-01T10:38:32.000Z</time>
      </trkpt>
      <trkpt lat="46.03248" lon="13.59395">
        <ele>109.25246</ele>
        <time>2000-01-01T10:38:42.000Z</time>
      </trkpt>
      <trkpt lat="46.03222" lon="13.5939">
        <ele>111.73479</ele>
        <time>2000-01-01T10:38:52.000Z</time>
      </trkpt>
      <trkpt lat="46.03198" lon="13.59384">
        <ele>119.27003</ele>
        <time>2000-01-01T10:39:02.000Z</time>
      </trkpt>
      <trkpt lat="46.03178" lon="13.59369">
        <ele>121.2871</ele>
        <time>2000-01-01T10:39:12.000Z</time>
      </trkpt>
      <trkpt lat="46.03164" lon="13.5937">
        <ele>120.10566</ele>
        <time>2000-01-01T10:39:22.000Z</time>
      </trkpt>
      <trkpt lat="46.03146" lon="13.59386">
        <ele>116.79348</ele>
        <time>2000-01-01T10:39:32.000Z</time>
      </trkpt>
      <trkpt lat="46.03129" lon="13.59393">
        <ele>114.7268</ele>
        <time>2000-01-01T10:39:42.000Z</time>
      </trkpt>
      <trkpt lat="46.03114" lon="13.59405">
        <ele>111.80847</ele>
        <time>2000-01-01T10:39:52.000Z</time>
      </trkpt>
      <trkpt lat="46.0309" lon="13.59417">
        <ele>109.81409</ele>
        <time>2000-01-01T10:40:02.000Z</time>
      </trkpt>
      <trkpt lat="46.03056" lon="13.5943">
        <ele>108.6394</ele>
        <time>2000-01-01T10:40:12.000Z</time>
      </trkpt>
      <trkpt lat="46.03033" lon="13.5944">
        <ele>108.19908</ele>
        <time>2000-01-01T10:40:22.000Z</time>
      </trkpt>
      <trkpt lat="46.03013" lon="13.59445">
        <ele>110.26769</ele>
        <time>2000-01-01T10:40:32.000Z</time>
      </trkpt>
      <trkpt lat="46.02988" lon="13.59442">
        <ele>112.47535</ele>
        <time>2000-01-01T10:40:42.000Z</time>
      </trkpt>
      <trkpt lat="46.0298" lon="13.59437">
        <ele>112.88949</ele>
        <time>2000-01-01T10:40:52.000Z</time>
      </trkpt>
      <trkpt lat="46.02972" lon="13.59435">
        <ele>112.68206</ele>
        <time>2000-01-01T10:41:02.000Z</time>
      </trkpt>
      <trkpt lat="46.02964" lon="13.5943">
        <ele>113.00247</ele>
        <time>2000-01-01T10:41:12.000Z</time>
      </trkpt>
      <trkpt lat="46.02955" lon="13.59432">
        <ele>111.52854</ele>
        <time>2000-01-01T10:41:22.000Z</time>
      </trkpt>
      <trkpt lat="46.02945" lon="13.59443">
        <ele>106.52903</ele>
        <time>2000-01-01T10:41:32.000Z</time>
      </trkpt>
      <trkpt lat="46.02918" lon="13.59435">
        <ele>105.97405</ele>
        <time>2000-01-01T10:41:42.000Z</time>
      </trkpt>
      <trkpt lat="46.02878" lon="13.59424">
        <ele>104.41002</ele>
        <time>2000-01-01T10:41:52.000Z</time>
      </trkpt>
      <trkpt lat="46.02867" lon="13.59416">
        <ele>106.51371</ele>
        <time>2000-01-01T10:42:02.000Z</time>
      </trkpt>
      <trkpt lat="46.02858" lon="13.59405">
        <ele>107.7094</ele>
        <time>2000-01-01T10:42:12.000Z</time>
      </trkpt>
      <trkpt lat="46.02825" lon="13.5938">
        <ele>107.40141</ele>
        <time>2000-01-01T10:42:22.000Z</time>
      </trkpt>
      <trkpt lat="46.02816" lon="13.59379">
        <ele>106.41377</ele>
        <time>2000-01-01T10:42:32.000Z</time>
      </trkpt>
      <trkpt lat="46.02811" lon="13.59388">
        <ele>105.03431</ele>
        <time>2000-01-01T10:42:42.000Z</time>
      </trkpt>
      <trkpt lat="46.02806" lon="13.59422">
        <ele>101.25787</ele>
        <time>2000-01-01T10:42:52.000Z</time>
      </trkpt>
      <trkpt lat="46.02785" lon="13.59438">
        <ele>101.75102</ele>
        <time>2000-01-01T10:43:02.000Z</time>
      </trkpt>
      <trkpt lat="46.02759" lon="13.59444">
        <ele>105.22403</ele>
        <time>2000-01-01T10:43:12.000Z</time>
      </trkpt>
      <trkpt lat="46.02724" lon="13.59451">
        <ele>112.66941</ele>
        <time>2000-01-01T10:43:22.000Z</time>
      </trkpt>
      <trkpt lat="46.02707" lon="13.59474">
        <ele>109.94616</ele>
        <time>2000-01-01T10:43:32.000Z</time>
      </trkpt>
      <trkpt lat="46.02699" lon="13.59483">
        <ele>109.12046</ele>
        <time>2000-01-01T10:43:42.000Z</time>
      </trkpt>
      <trkpt lat="46.02665" lon="13.59515">
        <ele>108.47176</ele>
        <time>2000-01-01T10:43:52.000Z</time>
      </trkpt>
      <trkpt lat="46.02661" lon="13.59517">
        <ele>109.05582</ele>
        <time>2000-01-01T10:44:02.000Z</time>
      </trkpt>
      <trkpt lat="46.02655" lon="13.59517">
        <ele>110.5604</ele>
        <time>2000-01-01T10:44:12.000Z</time>
      </trkpt>
      <trkpt lat="46.02654" lon="13.59511">
        <ele>111.70657</ele>
        <time>2000-01-01T10:44:22.000Z</time>
      </trkpt>
      <trkpt lat="46.02655" lon="13.59506">
        <ele>112.28431</ele>
        <time>2000-01-01T10:44:32.000Z</time>
      </trkpt>
      <trkpt lat="46.02666" lon="13.59494">
        <ele>112.31689</ele>
        <time>2000-01-01T10:44:42.000Z</time>
      </trkpt>
      <trkpt lat="46.02687" lon="13.5946">
        <ele>117.54885</ele>
        <time>2000-01-01T10:44:52.000Z</time>
      </trkpt>
      <trkpt lat="46.02691" lon="13.59452">
        <ele>119.34784</ele>
        <time>2000-01-01T10:45:02.000Z</time>
      </trkpt>
      <trkpt lat="46.02693" lon="13.59445">
        <ele>121.08504</ele>
        <time>2000-01-01T10:45:12.000Z</time>
      </trkpt>
      <trkpt lat="46.02692" lon="13.59441">
        <ele>122.409</ele>
        <time>2000-01-01T10:45:22.000Z</time>
      </trkpt>
      <trkpt lat="46.0269" lon="13.59438">
        <ele>123.60435</ele>
        <time>2000-01-01T10:45:32.000Z</time>
      </trkpt>
      <trkpt lat="46.02686" lon="13.59437">
        <ele>124.49902</ele>
        <time>2000-01-01T10:45:42.000Z</time>
      </trkpt>
      <trkpt lat="46.02679" lon="13.59452">
        <ele>120.83532</ele>
        <time>2000-01-01T10:45:52.000Z</time>
      </trkpt>
      <trkpt lat="46.02664" lon="13.5947">
        <ele>118.05654</ele>
        <time>2000-01-01T10:46:02.000Z</time>
      </trkpt>
      <trkpt lat="46.02647" lon="13.59478">
        <ele>119.6285</ele>
        <time>2000-01-01T10:46:12.000Z</time>
      </trkpt>
      <trkpt lat="46.02633" lon="13.59482">
        <ele>122.0474</ele>
        <time>2000-01-01T10:46:22.000Z</time>
      </trkpt>
      <trkpt lat="46.02609" lon="13.59477">
        <ele>129.35404</ele>
        <time>2000-01-01T10:46:32.000Z</time>
      </trkpt>
      <trkpt lat="46.02584" lon="13.59473">
        <ele>133.82152</ele>
        <time>2000-01-01T10:46:42.000Z</time>
      </trkpt>
      <trkpt lat="46.02553" lon="13.59469">
        <ele>134.53997</ele>
        <time>2000-01-01T10:46:52.000Z</time>
      </trkpt>
      <trkpt lat="46.02534" lon="13.59458">
        <ele>138.07762</ele>
        <time>2000-01-01T10:47:02.000Z</time>
      </trkpt>
      <trkpt lat="46.02498" lon="13.59439">
        <ele>152.78969</ele>
        <time>2000-01-01T10:47:12.000Z</time>
      </trkpt>
      <trkpt lat="46.0249" lon="13.59433">
        <ele>154.46517</ele>
        <time>2000-01-01T10:47:22.000Z</time>
      </trkpt>
      <trkpt lat="46.0249" lon="13.59424">
        <ele>154.66107</ele>
        <time>2000-01-01T10:47:32.000Z</time>
      </trkpt>
      <trkpt lat="46.02498" lon="13.59426">
        <ele>153.49011</ele>
        <time>2000-01-01T10:47:42.000Z</time>
      </trkpt>
      <trkpt lat="46.02522" lon="13.59436">
        <ele>145.46904</ele>
        <time>2000-01-01T10:47:52.000Z</time>
      </trkpt>
      <trkpt lat="46.02544" lon="13.59438">
        <ele>141.33211</ele>
        <time>2000-01-01T10:48:02.000Z</time>
      </trkpt>
      <trkpt lat="46.02586" lon="13.59428">
        <ele>145.02826</ele>
        <time>2000-01-01T10:48:12.000Z</time>
      </trkpt>
      <trkpt lat="46.02597" lon="13.5942">
        <ele>146.81861</ele>
        <time>2000-01-01T10:48:22.000Z</time>
      </trkpt>
      <trkpt lat="46.0262" lon="13.59405">
        <ele>147.90211</ele>
        <time>2000-01-01T10:48:32.000Z</time>
      </trkpt>
      <trkpt lat="46.02639" lon="13.59378">
        <ele>152.75105</ele>
        <time>2000-01-01T10:48:42.000Z</time>
      </trkpt>
      <trkpt lat="46.02652" lon="13.59364">
        <ele>155.1947</ele>
        <time>2000-01-01T10:48:52.000Z</time>
      </trkpt>
      <trkpt lat="46.02662" lon="13.59358">
        <ele>155.77746</ele>
        <time>2000-01-01T10:49:02.000Z</time>
      </trkpt>
      <trkpt lat="46.02664" lon="13.5935">
        <ele>157.30164</ele>
        <time>2000-01-01T10:49:12.000Z</time>
      </trkpt>
      <trkpt lat="46.0266" lon="13.59349">
        <ele>158.24902</ele>
        <time>2000-01-01T10:49:22.000Z</time>
      </trkpt>
      <trkpt lat="46.02643" lon="13.5936">
        <ele>156.87185</ele>
        <time>2000-01-01T10:49:32.000Z</time>
      </trkpt>
      <trkpt lat="46.0262" lon="13.59369">
        <ele>157.25273</ele>
        <time>2000-01-01T10:49:42.000Z</time>
      </trkpt>
      <trkpt lat="46.02598" lon="13.59369">
        <ele>161.54066</ele>
        <time>2000-01-01T10:49:52.000Z</time>
      </trkpt>
      <trkpt lat="46.02562" lon="13.59382">
        <ele>161.89986</ele>
        <time>2000-01-01T10:50:02.000Z</time>
      </trkpt>
      <trkpt lat="46.02546" lon="13.59378">
        <ele>164.30305</ele>
        <time>2000-01-01T10:50:12.000Z</time>
      </trkpt>
      <trkpt lat="46.02529" lon="13.59372">
        <ele>166.12184</ele>
        <time>2000-01-01T10:50:22.000Z</time>
      </trkpt>
      <trkpt lat="46.02517" lon="13.59366">
        <ele>165.59169</ele>
        <time>2000-01-01T10:50:32.000Z</time>
      </trkpt>
      <trkpt lat="46.02505" lon="13.59354">
        <ele>165.38119</ele>
        <time>2000-01-01T10:50:42.000Z</time>
      </trkpt>
      <trkpt lat="46.02478" lon="13.59317">
        <ele>172.70563</ele>
        <time>2000-01-01T10:50:52.000Z</time>
      </trkpt>
      <trkpt lat="46.02468" lon="13.593">
        <ele>181.23121</ele>
        <time>2000-01-01T10:51:02.000Z</time>
      </trkpt>
      <trkpt lat="46.02445" lon="13.59284">
        <ele>188.04644</ele>
        <time>2000-01-01T10:51:12.000Z</time>
      </trkpt>
      <trkpt lat="46.02437" lon="13.5928">
        <ele>188.09102</ele>
        <time>2000-01-01T10:51:22.000Z</time>
      </trkpt>
      <trkpt lat="46.02427" lon="13.59273">
        <ele>187.84197</ele>
        <time>2000-01-01T10:51:32.000Z</time>
      </trkpt>
      <trkpt lat="46.02424" lon="13.59268">
        <ele>187.82131</ele>
        <time>2000-01-01T10:51:42.000Z</time>
      </trkpt>
      <trkpt lat="46.02424" lon="13.59254">
        <ele>188.91404</ele>
        <time>2000-01-01T10:51:52.000Z</time>
      </trkpt>
      <trkpt lat="46.02425" lon="13.5925">
        <ele>189.5554</ele>
        <time>2000-01-01T10:52:02.000Z</time>
      </trkpt>
      <trkpt lat="46.02425" lon="13.59247">
        <ele>189.90671</ele>
        <time>2000-01-01T10:52:12.000Z</time>
      </trkpt>
      <trkpt lat="46.02427" lon="13.59245">
        <ele>190.67931</ele>
        <time>2000-01-01T10:52:22.000Z</time>
      </trkpt>
      <trkpt lat="46.02431" lon="13.59258">
        <ele>190.05922</ele>
        <time>2000-01-01T10:52:32.000Z</time>
      </trkpt>
      <trkpt lat="46.02436" lon="13.59265">
        <ele>190.1007</ele>
        <time>2000-01-01T10:52:42.000Z</time>
      </trkpt>
      <trkpt lat="46.02461" lon="13.59279">
        <ele>190.79842</ele>
        <time>2000-01-01T10:52:52.000Z</time>
      </trkpt>
      <trkpt lat="46.02467" lon="13.59284">
        <ele>189.08814</ele>
        <time>2000-01-01T10:53:02.000Z</time>
      </trkpt>
      <trkpt lat="46.02471" lon="13.59286">
        <ele>188.01161</ele>
        <time>2000-01-01T10:53:12.000Z</time>
      </trkpt>
      <trkpt lat="46.02474" lon="13.59284">
        <ele>188.85745</ele>
        <time>2000-01-01T10:53:22.000Z</time>
      </trkpt>
      <trkpt lat="46.02473" lon="13.59277">
        <ele>192.32462</ele>
        <time>2000-01-01T10:53:32.000Z</time>
      </trkpt>
      <trkpt lat="46.02466" lon="13.59271">
        <ele>194.57806</ele>
        <time>2000-01-01T10:53:42.000Z</time>
      </trkpt>
      <trkpt lat="46.02462" lon="13.59266">
        <ele>195.80878</ele>
        <time>2000-01-01T10:53:52.000Z</time>
      </trkpt>
      <trkpt lat="46.02455" lon="13.5926">
        <ele>195.87478</ele>
        <time>2000-01-01T10:54:02.000Z</time>
      </trkpt>
      <trkpt lat="46.02452" lon="13.59253">
        <ele>196.73501</ele>
        <time>2000-01-01T10:54:12.000Z</time>
      </trkpt>
      <trkpt lat="46.02445" lon="13.59241">
        <ele>196.63648</ele>
        <time>2000-01-01T10:54:22.000Z</time>
      </trkpt>
      <trkpt lat="46.02435" lon="13.59196">
        <ele>199.49725</ele>
        <time>2000-01-01T10:54:32.000Z</time>
      </trkpt>
      <trkpt lat="46.02403" lon="13.5916">
        <ele>201.06612</ele>
        <time>2000-01-01T10:54:42.000Z</time>
      </trkpt>
      <trkpt lat="46.02393" lon="13.5913">
        <ele>204.10545</ele>
        <time>2000-01-01T10:54:52.000Z</time>
      </trkpt>
      <trkpt lat="46.02384" lon="13.591">
        <ele>207.40677</ele>
        <time>2000-01-01T10:55:02.000Z</time>
      </trkpt>
      <trkpt lat="46.02373" lon="13.59069">
        <ele>213.63559</ele>
        <time>2000-01-01T10:55:12.000Z</time>
      </trkpt>
      <trkpt lat="46.02362" lon="13.59035">
        <ele>219.97288</ele>
        <time>2000-01-01T10:55:22.000Z</time>
      </trkpt>
      <trkpt lat="46.02346" lon="13.59015">
        <ele>220.92795</ele>
        <time>2000-01-01T10:55:32.000Z</time>
      </trkpt>
      <trkpt lat="46.02337" lon="13.58971">
        <ele>227.8547</ele>
        <time>2000-01-01T10:55:42.000Z</time>
      </trkpt>
      <trkpt lat="46.02332" lon="13.58956">
        <ele>230.68706</ele>
        <time>2000-01-01T10:55:52.000Z</time>
      </trkpt>
      <trkpt lat="46.02322" lon="13.58937">
        <ele>234.56784</ele>
        <time>2000-01-01T10:56:02.000Z</time>
      </trkpt>
      <trkpt lat="46.0231" lon="13.58905">
        <ele>237.93625</ele>
        <time>2000-01-01T10:56:12.000Z</time>
      </trkpt>
      <trkpt lat="46.02295" lon="13.58868">
        <ele>240.97386</ele>
        <time>2000-01-01T10:56:22.000Z</time>
      </trkpt>
      <trkpt lat="46.02288" lon="13.58872">
        <ele>241.97302</ele>
        <time>2000-01-01T10:56:32.000Z</time>
      </trkpt>
      <trkpt lat="46.02283" lon="13.58873">
        <ele>243.34237</ele>
        <time>2000-01-01T10:56:42.000Z</time>
      </trkpt>
      <trkpt lat="46.0228" lon="13.58886">
        <ele>245.67291</ele>
        <time>2000-01-01T10:56:52.000Z</time>
      </trkpt>
      <trkpt lat="46.02283" lon="13.58907">
        <ele>244.60374</ele>
        <time>2000-01-01T10:57:02.000Z</time>
      </trkpt>
      <trkpt lat="46.02287" lon="13.58962">
        <ele>246.70955</ele>
        <time>2000-01-01T10:57:12.000Z</time>
      </trkpt>
      <trkpt lat="46.02288" lon="13.59007">
        <ele>253.07459</ele>
        <time>2000-01-01T10:57:22.000Z</time>
      </trkpt>
      <trkpt lat="46.02291" lon="13.59071">
        <ele>243.6345</ele>
        <time>2000-01-01T10:57:32.000Z</time>
      </trkpt>
      <trkpt lat="46.02286" lon="13.59111">
        <ele>241.54427</ele>
        <time>2000-01-01T10:57:42.000Z</time>
      </trkpt>
      <trkpt lat="46.02278" lon="13.59128">
        <ele>243.35404</ele>
        <time>2000-01-01T10:57:52.000Z</time>
      </trkpt>
      <trkpt lat="46.02275" lon="13.59133">
        <ele>243.57401</ele>
        <time>2000-01-01T10:58:02.000Z</time>
      </trkpt>
      <trkpt lat="46.02264" lon="13.59141">
        <ele>245.48364</ele>
        <time>2000-01-01T10:58:12.000Z</time>
      </trkpt>
      <trkpt lat="46.02242" lon="13.59151">
        <ele>248.70048</ele>
        <time>2000-01-01T10:58:22.000Z</time>
      </trkpt>
      <trkpt lat="46.02221" lon="13.59151">
        <ele>252.41699</ele>
        <time>2000-01-01T10:58:32.000Z</time>
      </trkpt>
      <trkpt lat="46.02203" lon="13.59155">
        <ele>257.21835</ele>
        <time>2000-01-01T10:58:42.000Z</time>
      </trkpt>
      <trkpt lat="46.02184" lon="13.59156">
        <ele>267.15186</ele>
        <time>2000-01-01T10:58:52.000Z</time>
      </trkpt>
      <trkpt lat="46.02159" lon="13.59153">
        <ele>279.88827</ele>
        <time>2000-01-01T10:59:02.000Z</time>
      </trkpt>
      <trkpt lat="46.02153" lon="13.59154">
        <ele>279.84836</ele>
        <time>2000-01-01T10:59:12.000Z</time>
      </trkpt>
      <trkpt lat="46.02133" lon="13.59152">
        <ele>280.22078</ele>
        <time>2000-01-01T10:59:22.000Z</time>
      </trkpt>
      <trkpt lat="46.02109" lon="13.59152">
        <ele>279.51714</ele>
        <time>2000-01-01T10:59:32.000Z</time>
      </trkpt>
      <trkpt lat="46.02083" lon="13.59152">
        <ele>278.0337</ele>
        <time>2000-01-01T10:59:42.000Z</time>
      </trkpt>
      <trkpt lat="46.02074" lon="13.59154">
        <ele>280.31219</ele>
        <time>2000-01-01T10:59:52.000Z</time>
      </trkpt>
      <trkpt lat="46.02067" lon="13.59161">
        <ele>281.41977</ele>
        <time>2000-01-01T11:00:02.000Z</time>
      </trkpt>
      <trkpt lat="46.02068" lon="13.59171">
        <ele>278.4765</ele>
        <time>2000-01-01T11:00:12.000Z</time>
      </trkpt>
      <trkpt lat="46.02071" lon="13.59185">
        <ele>273.9314</ele>
        <time>2000-01-01T11:00:22.000Z</time>
      </trkpt>
      <trkpt lat="46.02075" lon="13.59199">
        <ele>271.8947</ele>
        <time>2000-01-01T11:00:32.000Z</time>
      </trkpt>
      <trkpt lat="46.02089" lon="13.5921">
        <ele>271.3149</ele>
        <time>2000-01-01T11:00:42.000Z</time>
      </trkpt>
      <trkpt lat="46.02114" lon="13.5925">
        <ele>276.60915</ele>
        <time>2000-01-01T11:00:52.000Z</time>
      </trkpt>
      <trkpt lat="46.02138" lon="13.59282">
        <ele>282.5974</ele>
        <time>2000-01-01T11:01:02.000Z</time>
      </trkpt>
      <trkpt lat="46.02165" lon="13.59309">
        <ele>286.0658</ele>
        <time>2000-01-01T11:01:12.000Z</time>
      </trkpt>
      <trkpt lat="46.02182" lon="13.59339">
        <ele>288.75336</ele>
        <time>2000-01-01T11:01:22.000Z</time>
      </trkpt>
      <trkpt lat="46.02202" lon="13.59362">
        <ele>290.34058</ele>
        <time>2000-01-01T11:01:32.000Z</time>
      </trkpt>
      <trkpt lat="46.02232" lon="13.59404">
        <ele>297.56871</ele>
        <time>2000-01-01T11:01:42.000Z</time>
      </trkpt>
      <trkpt lat="46.02254" lon="13.59454">
        <ele>293.60821</ele>
        <time>2000-01-01T11:01:52.000Z</time>
      </trkpt>
      <trkpt lat="46.0226" lon="13.59492">
        <ele>296.56245</ele>
        <time>2000-01-01T11:02:02.000Z</time>
      </trkpt>
      <trkpt lat="46.02269" lon="13.59536">
        <ele>295.15959</ele>
        <time>2000-01-01T11:02:12.000Z</time>
      </trkpt>
      <trkpt lat="46.0227" lon="13.59562">
        <ele>294.90848</ele>
        <time>2000-01-01T11:02:22.000Z</time>
      </trkpt>
      <trkpt lat="46.02263" lon="13.59594">
        <ele>298.62552</ele>
        <time>2000-01-01T11:02:32.000Z</time>
      </trkpt>
      <trkpt lat="46.02256" lon="13.59606">
        <ele>301.50092</ele>
        <time>2000-01-01T11:02:42.000Z</time>
      </trkpt>
      <trkpt lat="46.02244" lon="13.59618">
        <ele>305.79123</ele>
        <time>2000-01-01T11:02:52.000Z</time>
      </trkpt>
      <trkpt lat="46.02234" lon="13.59622">
        <ele>308.85766</ele>
        <time>2000-01-01T11:03:02.000Z</time>
      </trkpt>
      <trkpt lat="46.02235" lon="13.59641">
        <ele>306.39683</ele>
        <time>2000-01-01T11:03:12.000Z</time>
      </trkpt>
      <trkpt lat="46.02218" lon="13.59675">
        <ele>308.49256</ele>
        <time>2000-01-01T11:03:22.000Z</time>
      </trkpt>
      <trkpt lat="46.022" lon="13.59697">
        <ele>312.22482</ele>
        <time>2000-01-01T11:03:32.000Z</time>
      </trkpt>
      <trkpt lat="46.02186" lon="13.59707">
        <ele>314.64931</ele>
        <time>2000-01-01T11:03:42.000Z</time>
      </trkpt>
      <trkpt lat="46.02169" lon="13.59709">
        <ele>317.25623</ele>
        <time>2000-01-01T11:03:52.000Z</time>
      </trkpt>
      <trkpt lat="46.02149" lon="13.5971">
        <ele>320.48924</ele>
        <time>2000-01-01T11:04:02.000Z</time>
      </trkpt>
      <trkpt lat="46.02129" lon="13.59718">
        <ele>323.11314</ele>
        <time>2000-01-01T11:04:12.000Z</time>
      </trkpt>
      <trkpt lat="46.02102" lon="13.59719">
        <ele>327.32601</ele>
        <time>2000-01-01T11:04:22.000Z</time>
      </trkpt>
      <trkpt lat="46.02076" lon="13.59717">
        <ele>330.03093</ele>
        <time>2000-01-01T11:04:32.000Z</time>
      </trkpt>
      <trkpt lat="46.02049" lon="13.59725">
        <ele>332.75018</ele>
        <time>2000-01-01T11:04:42.000Z</time>
      </trkpt>
      <trkpt lat="46.02066" lon="13.59757">
        <ele>329.53712</ele>
        <time>2000-01-01T11:04:52.000Z</time>
      </trkpt>
      <trkpt lat="46.02082" lon="13.59783">
        <ele>330.66374</ele>
        <time>2000-01-01T11:05:02.000Z</time>
      </trkpt>
      <trkpt lat="46.02122" lon="13.5981">
        <ele>331.71054</ele>
        <time>2000-01-01T11:05:12.000Z</time>
      </trkpt>
      <trkpt lat="46.02128" lon="13.59818">
        <ele>333.01701</ele>
        <time>2000-01-01T11:05:22.000Z</time>
      </trkpt>
      <trkpt lat="46.02135" lon="13.59825">
        <ele>333.93205</ele>
        <time>2000-01-01T11:05:32.000Z</time>
      </trkpt>
      <trkpt lat="46.02158" lon="13.59845">
        <ele>337.80981</ele>
        <time>2000-01-01T11:05:42.000Z</time>
      </trkpt>
      <trkpt lat="46.02163" lon="13.59857">
        <ele>339.8286</ele>
        <time>2000-01-01T11:05:52.000Z</time>
      </trkpt>
      <trkpt lat="46.0217" lon="13.59877">
        <ele>342.44549</ele>
        <time>2000-01-01T11:06:02.000Z</time>
      </trkpt>
      <trkpt lat="46.02181" lon="13.59885">
        <ele>342.09555</ele>
        <time>2000-01-01T11:06:12.000Z</time>
      </trkpt>
      <trkpt lat="46.02215" lon="13.59902">
        <ele>341.59153</ele>
        <time>2000-01-01T11:06:22.000Z</time>
      </trkpt>
      <trkpt lat="46.0222" lon="13.59942">
        <ele>346.30297</ele>
        <time>2000-01-01T11:06:32.000Z</time>
      </trkpt>
      <trkpt lat="46.02218" lon="13.59993">
        <ele>350.12817</ele>
        <time>2000-01-01T11:06:42.000Z</time>
      </trkpt>
      <trkpt lat="46.0222" lon="13.60027">
        <ele>348.76996</ele>
        <time>2000-01-01T11:06:52.000Z</time>
      </trkpt>
      <trkpt lat="46.02214" lon="13.60033">
        <ele>351.0331</ele>
        <time>2000-01-01T11:07:02.000Z</time>
      </trkpt>
      <trkpt lat="46.02208" lon="13.60031">
        <ele>353.61386</ele>
        <time>2000-01-01T11:07:12.000Z</time>
      </trkpt>
      <trkpt lat="46.02203" lon="13.60021">
        <ele>355.86416</ele>
        <time>2000-01-01T11:07:22.000Z</time>
      </trkpt>
      <trkpt lat="46.02206" lon="13.59995">
        <ele>353.82696</ele>
        <time>2000-01-01T11:07:32.000Z</time>
        <extensions>
          <oa:locType>calcWayPoint</oa:locType>
        </extensions>
      </trkpt>
      <trkpt lat="46.02205" lon="13.59977">
        <ele>353.67833</ele>
        <time>2000-01-01T11:07:42.000Z</time>
      </trkpt>
      <trkpt lat="46.02193" lon="13.59938">
        <ele>351.09185</ele>
        <time>2000-01-01T11:07:52.000Z</time>
      </trkpt>
      <trkpt lat="46.02166" lon="13.59921">
        <ele>356.52601</ele>
        <time>2000-01-01T11:08:02.000Z</time>
      </trkpt>
      <trkpt lat="46.0214" lon="13.59914">
        <ele>361.30219</ele>
        <time>2000-01-01T11:08:12.000Z</time>
      </trkpt>
      <trkpt lat="46.02106" lon="13.59893">
        <ele>360.3992</ele>
        <time>2000-01-01T11:08:22.000Z</time>
      </trkpt>
      <trkpt lat="46.0208" lon="13.59887">
        <ele>361.81408</ele>
        <time>2000-01-01T11:08:32.000Z</time>
      </trkpt>
      <trkpt lat="46.02043" lon="13.59873">
        <ele>362.7404</ele>
        <time>2000-01-01T11:08:42.000Z</time>
      </trkpt>
      <trkpt lat="46.02017" lon="13.59861">
        <ele>367.00231</ele>
        <time>2000-01-01T11:08:52.000Z</time>
      </trkpt>
      <trkpt lat="46.01993" lon="13.59846">
        <ele>369.91545</ele>
        <time>2000-01-01T11:09:02.000Z</time>
      </trkpt>
      <trkpt lat="46.01969" lon="13.59823">
        <ele>372.03582</ele>
        <time>2000-01-01T11:09:12.000Z</time>
      </trkpt>
      <trkpt lat="46.01945" lon="13.59793">
        <ele>371.86214</ele>
        <time>2000-01-01T11:09:22.000Z</time>
      </trkpt>
      <trkpt lat="46.01927" lon="13.59777">
        <ele>374.71667</ele>
        <time>2000-01-01T11:09:32.000Z</time>
      </trkpt>
      <trkpt lat="46.01909" lon="13.59752">
        <ele>377.38594</ele>
        <time>2000-01-01T11:09:42.000Z</time>
      </trkpt>
      <trkpt lat="46.01889" lon="13.59725">
        <ele>384.85588</ele>
        <time>2000-01-01T11:09:52.000Z</time>
      </trkpt>
      <trkpt lat="46.0187" lon="13.59688">
        <ele>390.17302</ele>
        <time>2000-01-01T11:10:02.000Z</time>
      </trkpt>
      <trkpt lat="46.0185" lon="13.59674">
        <ele>393.87922</ele>
        <time>2000-01-01T11:10:12.000Z</time>
      </trkpt>
      <trkpt lat="46.01817" lon="13.59633">
        <ele>395.74865</ele>
        <time>2000-01-01T11:10:22.000Z</time>
      </trkpt>
      <trkpt lat="46.01801" lon="13.59617">
        <ele>394.57744</ele>
        <time>2000-01-01T11:10:32.000Z</time>
      </trkpt>
      <trkpt lat="46.01773" lon="13.59578">
        <ele>391.31711</ele>
        <time>2000-01-01T11:10:42.000Z</time>
      </trkpt>
      <trkpt lat="46.01768" lon="13.59551">
        <ele>391.26238</ele>
        <time>2000-01-01T11:10:52.000Z</time>
      </trkpt>
      <trkpt lat="46.01768" lon="13.59521">
        <ele>392.99161</ele>
        <time>2000-01-01T11:11:02.000Z</time>
      </trkpt>
      <trkpt lat="46.01766" lon="13.59501">
        <ele>393.08356</ele>
        <time>2000-01-01T11:11:12.000Z</time>
      </trkpt>
      <trkpt lat="46.01765" lon="13.59481">
        <ele>393.8221</ele>
        <time>2000-01-01T11:11:22.000Z</time>
      </trkpt>
      <trkpt lat="46.01765" lon="13.59455">
        <ele>394.78801</ele>
        <time>2000-01-01T11:11:32.000Z</time>
      </trkpt>
      <trkpt lat="46.01757" lon="13.59438">
        <ele>393.78376</ele>
        <time>2000-01-01T11:11:42.000Z</time>
      </trkpt>
      <trkpt lat="46.01735" lon="13.59387">
        <ele>389.85178</ele>
        <time>2000-01-01T11:11:52.000Z</time>
      </trkpt>
      <trkpt lat="46.01716" lon="13.5933">
        <ele>382.08215</ele>
        <time>2000-01-01T11:12:02.000Z</time>
      </trkpt>
      <trkpt lat="46.01713" lon="13.59305">
        <ele>380.7238</ele>
        <time>2000-01-01T11:12:12.000Z</time>
      </trkpt>
      <trkpt lat="46.01701" lon="13.59305">
        <ele>379.04021</ele>
        <time>2000-01-01T11:12:22.000Z</time>
      </trkpt>
      <trkpt lat="46.01692" lon="13.59296">
        <ele>376.54676</ele>
        <time>2000-01-01T11:12:32.000Z</time>
      </trkpt>
      <trkpt lat="46.01682" lon="13.5929">
        <ele>374.09373</ele>
        <time>2000-01-01T11:12:42.000Z</time>
      </trkpt>
      <trkpt lat="46.01661" lon="13.59284">
        <ele>370.02672</ele>
        <time>2000-01-01T11:12:52.000Z</time>
      </trkpt>
      <trkpt lat="46.0164" lon="13.59282">
        <ele>365.30481</ele>
        <time>2000-01-01T11:13:02.000Z</time>
      </trkpt>
      <trkpt lat="46.01627" lon="13.59278">
        <ele>363.04907</ele>
        <time>2000-01-01T11:13:12.000Z</time>
      </trkpt>
      <trkpt lat="46.01617" lon="13.59272">
        <ele>361.5986</ele>
        <time>2000-01-01T11:13:22.000Z</time>
      </trkpt>
      <trkpt lat="46.01604" lon="13.59262">
        <ele>360.15552</ele>
        <time>2000-01-01T11:13:32.000Z</time>
      </trkpt>
      <trkpt lat="46.01595" lon="13.59245">
        <ele>359.58186</ele>
        <time>2000-01-01T11:13:42.000Z</time>
      </trkpt>
      <trkpt lat="46.01586" lon="13.59238">
        <ele>359.40316</ele>
        <time>2000-01-01T11:13:52.000Z</time>
      </trkpt>
      <trkpt lat="46.01582" lon="13.59228">
        <ele>359.75584</ele>
        <time>2000-01-01T11:14:02.000Z</time>
      </trkpt>
      <trkpt lat="46.01578" lon="13.59204">
        <ele>360.71116</ele>
        <time>2000-01-01T11:14:12.000Z</time>
      </trkpt>
      <trkpt lat="46.01578" lon="13.59197">
        <ele>360.94995</ele>
        <time>2000-01-01T11:14:22.000Z</time>
      </trkpt>
      <trkpt lat="46.01581" lon="13.59146">
        <ele>360.22302</ele>
        <time>2000-01-01T11:14:32.000Z</time>
      </trkpt>
      <trkpt lat="46.01585" lon="13.5911">
        <ele>360.0257</ele>
        <time>2000-01-01T11:14:42.000Z</time>
      </trkpt>
      <trkpt lat="46.01589" lon="13.59068">
        <ele>361.05171</ele>
        <time>2000-01-01T11:14:52.000Z</time>
      </trkpt>
      <trkpt lat="46.01574" lon="13.59051">
        <ele>362.26233</ele>
        <time>2000-01-01T11:15:02.000Z</time>
      </trkpt>
      <trkpt lat="46.01564" lon="13.59017">
        <ele>366.60086</ele>
        <time>2000-01-01T11:15:12.000Z</time>
      </trkpt>
      <trkpt lat="46.01552" lon="13.58974">
        <ele>368.78287</ele>
        <time>2000-01-01T11:15:22.000Z</time>
      </trkpt>
      <trkpt lat="46.01543" lon="13.58939">
        <ele>366.8226</ele>
        <time>2000-01-01T11:15:32.000Z</time>
      </trkpt>
      <trkpt lat="46.01533" lon="13.58895">
        <ele>365.07677</ele>
        <time>2000-01-01T11:15:42.000Z</time>
      </trkpt>
      <trkpt lat="46.0153" lon="13.58835">
        <ele>364.82991</ele>
        <time>2000-01-01T11:15:52.000Z</time>
      </trkpt>
      <trkpt lat="46.01522" lon="13.58786">
        <ele>368.03421</ele>
        <time>2000-01-01T11:16:02.000Z</time>
      </trkpt>
      <trkpt lat="46.01504" lon="13.58725">
        <ele>372.39048</ele>
        <time>2000-01-01T11:16:12.000Z</time>
      </trkpt>
      <trkpt lat="46.01486" lon="13.58667">
        <ele>377.24049</ele>
        <time>2000-01-01T11:16:22.000Z</time>
      </trkpt>
      <trkpt lat="46.01472" lon="13.58627">
        <ele>377.99448</ele>
        <time>2000-01-01T11:16:32.000Z</time>
      </trkpt>
      <trkpt lat="46.01462" lon="13.5858">
        <ele>377.14583</ele>
        <time>2000-01-01T11:16:42.000Z</time>
      </trkpt>
      <trkpt lat="46.01456" lon="13.58515">
        <ele>379.3914</ele>
        <time>2000-01-01T11:16:52.000Z</time>
      </trkpt>
      <trkpt lat="46.01449" lon="13.58488">
        <ele>379.59295</ele>
        <time>2000-01-01T11:17:02.000Z</time>
      </trkpt>
      <trkpt lat="46.01436" lon="13.58492">
        <ele>378.79865</ele>
        <time>2000-01-01T11:17:12.000Z</time>
      </trkpt>
      <trkpt lat="46.0142" lon="13.58504">
        <ele>377.82076</ele>
        <time>2000-01-01T11:17:22.000Z</time>
      </trkpt>
      <trkpt lat="46.01406" lon="13.58517">
        <ele>377.19731</ele>
        <time>2000-01-01T11:17:32.000Z</time>
        <extensions>
          <oa:locType>calcWayPoint</oa:locType>
        </extensions>
      </trkpt>
      <trkpt lat="46.01396" lon="13.58536">
        <ele>377.11753</ele>
        <time>2000-01-01T11:17:42.000Z</time>
      </trkpt>
      <trkpt lat="46.01396" lon="13.58561">
        <ele>376.69123</ele>
        <time>2000-01-01T11:17:52.000Z</time>
      </trkpt>
      <trkpt lat="46.01385" lon="13.58642">
        <ele>384.19793</ele>
        <time>2000-01-01T11:18:02.000Z</time>
      </trkpt>
      <trkpt lat="46.01376" lon="13.5868">
        <ele>385.20861</ele>
        <time>2000-01-01T11:18:12.000Z</time>
      </trkpt>
      <trkpt lat="46.01379" lon="13.58704">
        <ele>385.82038</ele>
        <time>2000-01-01T11:18:22.000Z</time>
      </trkpt>
      <trkpt lat="46.01381" lon="13.58749">
        <ele>384.17825</ele>
        <time>2000-01-01T11:18:32.000Z</time>
      </trkpt>
      <trkpt lat="46.01384" lon="13.58794">
        <ele>383.35279</ele>
        <time>2000-01-01T11:18:42.000Z</time>
      </trkpt>
      <trkpt lat="46.01386" lon="13.58839">
        <ele>383.52837</ele>
        <time>2000-01-01T11:18:52.000Z</time>
      </trkpt>
      <trkpt lat="46.01386" lon="13.58876">
        <ele>381.73655</ele>
        <time>2000-01-01T11:19:02.000Z</time>
      </trkpt>
      <trkpt lat="46.01389" lon="13.58914">
        <ele>380.0507</ele>
        <time>2000-01-01T11:19:12.000Z</time>
      </trkpt>
      <trkpt lat="46.01392" lon="13.58965">
        <ele>379.71882</ele>
        <time>2000-01-01T11:19:22.000Z</time>
      </trkpt>
      <trkpt lat="46.01391" lon="13.58993">
        <ele>379.76133</ele>
        <time>2000-01-01T11:19:32.000Z</time>
      </trkpt>
      <trkpt lat="46.01389" lon="13.59013">
        <ele>380.5091</ele>
        <time>2000-01-01T11:19:42.000Z</time>
      </trkpt>
      <trkpt lat="46.01381" lon="13.59038">
        <ele>381.34752</ele>
        <time>2000-01-01T11:19:52.000Z</time>
      </trkpt>
      <trkpt lat="46.01376" lon="13.59067">
        <ele>381.03997</ele>
        <time>2000-01-01T11:20:02.000Z</time>
      </trkpt>
      <trkpt lat="46.01377" lon="13.59081">
        <ele>380.64399</ele>
        <time>2000-01-01T11:20:12.000Z</time>
      </trkpt>
      <trkpt lat="46.0138" lon="13.59098">
        <ele>380.27359</ele>
        <time>2000-01-01T11:20:22.000Z</time>
      </trkpt>
      <trkpt lat="46.01399" lon="13.59147">
        <ele>380.46566</ele>
        <time>2000-01-01T11:20:32.000Z</time>
      </trkpt>
      <trkpt lat="46.01406" lon="13.59177">
        <ele>383.62175</ele>
        <time>2000-01-01T11:20:42.000Z</time>
      </trkpt>
      <trkpt lat="46.01407" lon="13.59185">
        <ele>384.61522</ele>
        <time>2000-01-01T11:20:52.000Z</time>
      </trkpt>
      <trkpt lat="46.01406" lon="13.59218">
        <ele>387.90633</ele>
        <time>2000-01-01T11:21:02.000Z</time>
      </trkpt>
      <trkpt lat="46.01401" lon="13.5924">
        <ele>389.74049</ele>
        <time>2000-01-01T11:21:12.000Z</time>
      </trkpt>
      <trkpt lat="46.01388" lon="13.59272">
        <ele>391.08984</ele>
        <time>2000-01-01T11:21:22.000Z</time>
      </trkpt>
      <trkpt lat="46.01373" lon="13.59311">
        <ele>392.21929</ele>
        <time>2000-01-01T11:21:32.000Z</time>
      </trkpt>
      <trkpt lat="46.0136" lon="13.59366">
        <ele>395.18921</ele>
        <time>2000-01-01T11:21:42.000Z</time>
      </trkpt>
      <trkpt lat="46.01349" lon="13.59397">
        <ele>395.66833</ele>
        <time>2000-01-01T11:21:52.000Z</time>
      </trkpt>
      <trkpt lat="46.01319" lon="13.59443">
        <ele>393.79403</ele>
        <time>2000-01-01T11:22:02.000Z</time>
      </trkpt>
      <trkpt lat="46.01295" lon="13.59485">
        <ele>388.50662</ele>
        <time>2000-01-01T11:22:12.000Z</time>
      </trkpt>
      <trkpt lat="46.01278" lon="13.59523">
        <ele>380.53205</ele>
        <time>2000-01-01T11:22:22.000Z</time>
      </trkpt>
      <trkpt lat="46.0126" lon="13.59561">
        <ele>375.82583</ele>
        <time>2000-01-01T11:22:32.000Z</time>
      </trkpt>
      <trkpt lat="46.01242" lon="13.59601">
        <ele>377.97994</ele>
        <time>2000-01-01T11:22:42.000Z</time>
      </trkpt>
      <trkpt lat="46.01236" lon="13.59626">
        <ele>380.72261</ele>
        <time>2000-01-01T11:22:52.000Z</time>
      </trkpt>
      <trkpt lat="46.01224" lon="13.59717">
        <ele>384.86353</ele>
        <time>2000-01-01T11:23:02.000Z</time>
      </trkpt>
      <trkpt lat="46.01224" lon="13.59737">
        <ele>385.64914</ele>
        <time>2000-01-01T11:23:12.000Z</time>
      </trkpt>
      <trkpt lat="46.01228" lon="13.59758">
        <ele>386.8439</ele>
        <time>2000-01-01T11:23:22.000Z</time>
      </trkpt>
      <trkpt lat="46.0123" lon="13.59772">
        <ele>387.78929</ele>
        <time>2000-01-01T11:23:32.000Z</time>
      </trkpt>
      <trkpt lat="46.01231" lon="13.59796">
        <ele>389.02462</ele>
        <time>2000-01-01T11:23:42.000Z</time>
      </trkpt>
      <trkpt lat="46.01239" lon="13.59813">
        <ele>391.14064</ele>
        <time>2000-01-01T11:23:52.000Z</time>
      </trkpt>
      <trkpt lat="46.01245" lon="13.59829">
        <ele>393.42507</ele>
        <time>2000-01-01T11:24:02.000Z</time>
      </trkpt>
      <trkpt lat="46.01243" lon="13.59835">
        <ele>393.96423</ele>
        <time>2000-01-01T11:24:12.000Z</time>
      </trkpt>
      <trkpt lat="46.01238" lon="13.59858">
        <ele>396.62664</ele>
        <time>2000-01-01T11:24:22.000Z</time>
      </trkpt>
      <trkpt lat="46.01232" lon="13.59872">
        <ele>398.63002</ele>
        <time>2000-01-01T11:24:32.000Z</time>
      </trkpt>
      <trkpt lat="46.01228" lon="13.59885">
        <ele>399.88632</ele>
        <time>2000-01-01T11:24:42.000Z</time>
      </trkpt>
      <trkpt lat="46.01226" lon="13.5991">
        <ele>401.7283</ele>
        <time>2000-01-01T11:24:52.000Z</time>
      </trkpt>
      <trkpt lat="46.0123" lon="13.59954">
        <ele>404.06714</ele>
        <time>2000-01-01T11:25:02.000Z</time>
      </trkpt>
      <trkpt lat="46.01229" lon="13.59957">
        <ele>404.31298</ele>
        <time>2000-01-01T11:25:12.000Z</time>
      </trkpt>
      <trkpt lat="46.01223" lon="13.59987">
        <ele>405.18754</ele>
        <time>2000-01-01T11:25:22.000Z</time>
      </trkpt>
      <trkpt lat="46.01216" lon="13.60024">
        <ele>404.39054</ele>
        <time>2000-01-01T11:25:32.000Z</time>
      </trkpt>
      <trkpt lat="46.01207" lon="13.60075">
        <ele>404.89065</ele>
        <time>2000-01-01T11:25:42.000Z</time>
      </trkpt>
      <trkpt lat="46.01209" lon="13.60124">
        <ele>405.41908</ele>
        <time>2000-01-01T11:25:52.000Z</time>
      </trkpt>
      <trkpt lat="46.01208" lon="13.60124">
        <ele>405.54524</ele>
        <time>2000-01-01T11:26:02.000Z</time>
      </trkpt>
      <trkpt lat="46.01208" lon="13.60141">
        <ele>405.22764</ele>
        <time>2000-01-01T11:26:12.000Z</time>
      </trkpt>
      <trkpt lat="46.01205" lon="13.60156">
        <ele>405.68431</ele>
        <time>2000-01-01T11:26:22.000Z</time>
      </trkpt>
      <trkpt lat="46.01198" lon="13.60179">
        <ele>406.08518</ele>
        <time>2000-01-01T11:26:32.000Z</time>
      </trkpt>
      <trkpt lat="46.01187" lon="13.60194">
        <ele>405.53036</ele>
        <time>2000-01-01T11:26:42.000Z</time>
      </trkpt>
      <trkpt lat="46.01177" lon="13.60219">
        <ele>402.14791</ele>
        <time>2000-01-01T11:26:52.000Z</time>
      </trkpt>
      <trkpt lat="46.01181" lon="13.60247">
        <ele>402.22323</ele>
        <time>2000-01-01T11:27:02.000Z</time>
      </trkpt>
      <trkpt lat="46.01183" lon="13.60268">
        <ele>402.14962</ele>
        <time>2000-01-01T11:27:12.000Z</time>
      </trkpt>
      <trkpt lat="46.01183" lon="13.60294">
        <ele>401.56478</ele>
        <time>2000-01-01T11:27:22.000Z</time>
      </trkpt>
      <trkpt lat="46.01187" lon="13.60314">
        <ele>401.29798</ele>
        <time>2000-01-01T11:27:32.000Z</time>
      </trkpt>
      <trkpt lat="46.01188" lon="13.60329">
        <ele>400.80719</ele>
        <time>2000-01-01T11:27:42.000Z</time>
      </trkpt>
      <trkpt lat="46.01196" lon="13.60355">
        <ele>401.83257</ele>
        <time>2000-01-01T11:27:52.000Z</time>
      </trkpt>
      <trkpt lat="46.01213" lon="13.60386">
        <ele>400.50233</ele>
        <time>2000-01-01T11:28:02.000Z</time>
      </trkpt>
      <trkpt lat="46.01222" lon="13.60418">
        <ele>400.07239</ele>
        <time>2000-01-01T11:28:12.000Z</time>
      </trkpt>
      <trkpt lat="46.01223" lon="13.60454">
        <ele>399.61096</ele>
        <time>2000-01-01T11:28:22.000Z</time>
      </trkpt>
      <trkpt lat="46.0122" lon="13.60484">
        <ele>398.46151</ele>
        <time>2000-01-01T11:28:32.000Z</time>
      </trkpt>
      <trkpt lat="46.0121" lon="13.60504">
        <ele>397.01823</ele>
        <time>2000-01-01T11:28:42.000Z</time>
      </trkpt>
      <trkpt lat="46.01204" lon="13.60506">
        <ele>397.09305</ele>
        <time>2000-01-01T11:28:52.000Z</time>
      </trkpt>
      <trkpt lat="46.01188" lon="13.60522">
        <ele>395.12714</ele>
        <time>2000-01-01T11:29:02.000Z</time>
      </trkpt>
      <trkpt lat="46.01157" lon="13.60543">
        <ele>391.27255</ele>
        <time>2000-01-01T11:29:12.000Z</time>
      </trkpt>
      <trkpt lat="46.01154" lon="13.60552">
        <ele>388.53806</ele>
        <time>2000-01-01T11:29:22.000Z</time>
      </trkpt>
      <trkpt lat="46.01143" lon="13.60561">
        <ele>386.84697</ele>
        <time>2000-01-01T11:29:32.000Z</time>
      </trkpt>
      <trkpt lat="46.01139" lon="13.60572">
        <ele>385.1567</ele>
        <time>2000-01-01T11:29:42.000Z</time>
      </trkpt>
      <trkpt lat="46.0112" lon="13.60588">
        <ele>379.32683</ele>
        <time>2000-01-01T11:29:52.000Z</time>
      </trkpt>
      <trkpt lat="46.01106" lon="13.60595">
        <ele>376.45522</ele>
        <time>2000-01-01T11:30:02.000Z</time>
      </trkpt>
      <trkpt lat="46.01106" lon="13.60594">
        <ele>376.73091</ele>
        <time>2000-01-01T11:30:12.000Z</time>
      </trkpt>
      <trkpt lat="46.01048" lon="13.60635">
        <ele>372.28585</ele>
        <time>2000-01-01T11:30:22.000Z</time>
      </trkpt>
      <trkpt lat="46.01034" lon="13.60669">
        <ele>367.23286</ele>
        <time>2000-01-01T11:30:32.000Z</time>
      </trkpt>
      <trkpt lat="46.01013" lon="13.6072">
        <ele>356.20058</ele>
        <time>2000-01-01T11:30:42.000Z</time>
      </trkpt>
      <trkpt lat="46.00983" lon="13.60745">
        <ele>360.69364</ele>
        <time>2000-01-01T11:30:52.000Z</time>
      </trkpt>
      <trkpt lat="46.00961" lon="13.60755">
        <ele>366.86542</ele>
        <time>2000-01-01T11:31:02.000Z</time>
      </trkpt>
      <trkpt lat="46.00938" lon="13.60766">
        <ele>371.83432</ele>
        <time>2000-01-01T11:31:12.000Z</time>
      </trkpt>
      <trkpt lat="46.00918" lon="13.60794">
        <ele>378.37608</ele>
        <time>2000-01-01T11:31:22.000Z</time>
      </trkpt>
      <trkpt lat="46.00889" lon="13.60836">
        <ele>381.1141</ele>
        <time>2000-01-01T11:31:32.000Z</time>
      </trkpt>
      <trkpt lat="46.00875" lon="13.60865">
        <ele>385.60317</ele>
        <time>2000-01-01T11:31:42.000Z</time>
      </trkpt>
      <trkpt lat="46.00861" lon="13.60897">
        <ele>384.44306</ele>
        <time>2000-01-01T11:31:52.000Z</time>
      </trkpt>
      <trkpt lat="46.00824" lon="13.60935">
        <ele>391.9236</ele>
        <time>2000-01-01T11:32:02.000Z</time>
      </trkpt>
      <trkpt lat="46.008" lon="13.60982">
        <ele>385.44118</ele>
        <time>2000-01-01T11:32:12.000Z</time>
      </trkpt>
      <trkpt lat="46.00765" lon="13.61019">
        <ele>385.31043</ele>
        <time>2000-01-01T11:32:22.000Z</time>
      </trkpt>
      <trkpt lat="46.00742" lon="13.6106">
        <ele>384.93243</ele>
        <time>2000-01-01T11:32:32.000Z</time>
      </trkpt>
      <trkpt lat="46.00718" lon="13.61101">
        <ele>383.10254</ele>
        <time>2000-01-01T11:32:42.000Z</time>
      </trkpt>
      <trkpt lat="46.00695" lon="13.61142">
        <ele>384.78238</ele>
        <time>2000-01-01T11:32:52.000Z</time>
      </trkpt>
      <trkpt lat="46.00655" lon="13.61212">
        <ele>385.40437</ele>
        <time>2000-01-01T11:33:02.000Z</time>
      </trkpt>
      <trkpt lat="46.00635" lon="13.61256">
        <ele>384.29689</ele>
        <time>2000-01-01T11:33:12.000Z</time>
      </trkpt>
      <trkpt lat="46.00614" lon="13.613">
        <ele>387.35306</ele>
        <time>2000-01-01T11:33:22.000Z</time>
      </trkpt>
      <trkpt lat="46.00594" lon="13.61344">
        <ele>392.69399</ele>
        <time>2000-01-01T11:33:32.000Z</time>
      </trkpt>
      <trkpt lat="46.00561" lon="13.61417">
        <ele>396.16447</ele>
        <time>2000-01-01T11:33:42.000Z</time>
      </trkpt>
      <trkpt lat="46.00543" lon="13.61455">
        <ele>398.34665</ele>
        <time>2000-01-01T11:33:52.000Z</time>
      </trkpt>
      <trkpt lat="46.00534" lon="13.6149">
        <ele>399.45257</ele>
        <time>2000-01-01T11:34:02.000Z</time>
      </trkpt>
      <trkpt lat="46.00522" lon="13.61535">
        <ele>406.76864</ele>
        <time>2000-01-01T11:34:12.000Z</time>
      </trkpt>
      <trkpt lat="46.00503" lon="13.61566">
        <ele>410.98538</ele>
        <time>2000-01-01T11:34:22.000Z</time>
      </trkpt>
      <trkpt lat="46.00473" lon="13.61615">
        <ele>417.54368</ele>
        <time>2000-01-01T11:34:32.000Z</time>
      </trkpt>
      <trkpt lat="46.0046" lon="13.61649">
        <ele>423.31575</ele>
        <time>2000-01-01T11:34:42.000Z</time>
      </trkpt>
      <trkpt lat="46.00443" lon="13.61694">
        <ele>427.21385</ele>
        <time>2000-01-01T11:34:52.000Z</time>
      </trkpt>
      <trkpt lat="46.00426" lon="13.61737">
        <ele>430.27162</ele>
        <time>2000-01-01T11:35:02.000Z</time>
      </trkpt>
      <trkpt lat="46.0041" lon="13.61797">
        <ele>443.55461</ele>
        <time>2000-01-01T11:35:12.000Z</time>
      </trkpt>
      <trkpt lat="46.00391" lon="13.61831">
        <ele>457.9836</ele>
        <time>2000-01-01T11:35:22.000Z</time>
      </trkpt>
      <trkpt lat="46.00356" lon="13.61895">
        <ele>467.56706</ele>
        <time>2000-01-01T11:35:32.000Z</time>
      </trkpt>
      <trkpt lat="46.00325" lon="13.61926">
        <ele>477.16862</ele>
        <time>2000-01-01T11:35:42.000Z</time>
      </trkpt>
      <trkpt lat="46.00314" lon="13.6195">
        <ele>478.42908</ele>
        <time>2000-01-01T11:35:52.000Z</time>
      </trkpt>
      <trkpt lat="46.0029" lon="13.61948">
        <ele>481.78896</ele>
        <time>2000-01-01T11:36:02.000Z</time>
      </trkpt>
      <trkpt lat="46.00266" lon="13.61965">
        <ele>487.04019</ele>
        <time>2000-01-01T11:36:12.000Z</time>
      </trkpt>
      <trkpt lat="46.00261" lon="13.61988">
        <ele>490.66606</ele>
        <time>2000-01-01T11:36:22.000Z</time>
      </trkpt>
      <trkpt lat="46.00273" lon="13.62032">
        <ele>490.62477</ele>
        <time>2000-01-01T11:36:32.000Z</time>
        <extensions>
          <oa:locType>calcWayPoint</oa:locType>
        </extensions>
      </trkpt>
      <trkpt lat="46.00262" lon="13.62049">
        <ele>492.46626</ele>
        <time>2000-01-01T11:36:42.000Z</time>
      </trkpt>
      <trkpt lat="46.00206" lon="13.62108">
        <ele>493.8112</ele>
        <time>2000-01-01T11:36:52.000Z</time>
      </trkpt>
      <trkpt lat="46.00184" lon="13.62131">
        <ele>491.58805</ele>
        <time>2000-01-01T11:37:02.000Z</time>
      </trkpt>
      <trkpt lat="46.00155" lon="13.62163">
        <ele>494.78874</ele>
        <time>2000-01-01T11:37:12.000Z</time>
      </trkpt>
      <trkpt lat="46.00126" lon="13.62188">
        <ele>495.00176</ele>
        <time>2000-01-01T11:37:22.000Z</time>
      </trkpt>
      <trkpt lat="46.00097" lon="13.62213">
        <ele>493.87535</ele>
        <time>2000-01-01T11:37:32.000Z</time>
      </trkpt>
      <trkpt lat="46.00051" lon="13.62252">
        <ele>489.08716</ele>
        <time>2000-01-01T11:37:42.000Z</time>
      </trkpt>
      <trkpt lat="46.00021" lon="13.6227">
        <ele>491.10267</ele>
        <time>2000-01-01T11:37:52.000Z</time>
      </trkpt>
      <trkpt lat="46.00001" lon="13.62298">
        <ele>489.90519</ele>
        <time>2000-01-01T11:38:02.000Z</time>
      </trkpt>
      <trkpt lat="45.99973" lon="13.6234">
        <ele>491.44986</ele>
        <time>2000-01-01T11:38:12.000Z</time>
      </trkpt>
      <trkpt lat="45.99955" lon="13.62367">
        <ele>494.94651</ele>
        <time>2000-01-01T11:38:22.000Z</time>
      </trkpt>
      <trkpt lat="45.99934" lon="13.62399">
        <ele>495.0409</ele>
        <time>2000-01-01T11:38:32.000Z</time>
      </trkpt>
      <trkpt lat="45.99905" lon="13.62432">
        <ele>501.08014</ele>
        <time>2000-01-01T11:38:42.000Z</time>
      </trkpt>
      <trkpt lat="45.99877" lon="13.62465">
        <ele>504.07316</ele>
        <time>2000-01-01T11:38:52.000Z</time>
      </trkpt>
      <trkpt lat="45.99848" lon="13.62498">
        <ele>503.57893</ele>
        <time>2000-01-01T11:39:02.000Z</time>
      </trkpt>
      <trkpt lat="45.99804" lon="13.62549">
        <ele>505.32462</ele>
        <time>2000-01-01T11:39:12.000Z</time>
      </trkpt>
      <trkpt lat="45.99778" lon="13.62565">
        <ele>506.29026</ele>
        <time>2000-01-01T11:39:22.000Z</time>
      </trkpt>
      <trkpt lat="45.99736" lon="13.6259">
        <ele>502.04071</ele>
        <time>2000-01-01T11:39:32.000Z</time>
      </trkpt>
      <trkpt lat="45.99707" lon="13.62613">
        <ele>494.55688</ele>
        <time>2000-01-01T11:39:42.000Z</time>
      </trkpt>
      <trkpt lat="45.99678" lon="13.62635">
        <ele>492.56145</ele>
        <time>2000-01-01T11:39:52.000Z</time>
      </trkpt>
      <trkpt lat="45.99639" lon="13.62666">
        <ele>489.15104</ele>
        <time>2000-01-01T11:40:02.000Z</time>
      </trkpt>
      <trkpt lat="45.99604" lon="13.62686">
        <ele>484.32394</ele>
        <time>2000-01-01T11:40:12.000Z</time>
      </trkpt>
      <trkpt lat="45.99568" lon="13.62705">
        <ele>483.43765</ele>
        <time>2000-01-01T11:40:22.000Z</time>
      </trkpt>
      <trkpt lat="45.99549" lon="13.62716">
        <ele>483.78952</ele>
        <time>2000-01-01T11:40:32.000Z</time>
      </trkpt>
      <trkpt lat="45.99537" lon="13.62722">
        <ele>485.76356</ele>
        <time>2000-01-01T11:40:42.000Z</time>
      </trkpt>
      <trkpt lat="45.99506" lon="13.6274">
        <ele>483.92416</ele>
        <time>2000-01-01T11:40:52.000Z</time>
      </trkpt>
      <trkpt lat="45.99483" lon="13.62752">
        <ele>484.15847</ele>
        <time>2000-01-01T11:41:02.000Z</time>
      </trkpt>
      <trkpt lat="45.99467" lon="13.62763">
        <ele>485.33398</ele>
        <time>2000-01-01T11:41:12.000Z</time>
      </trkpt>
      <trkpt lat="45.99457" lon="13.6278">
        <ele>488.36344</ele>
        <time>2000-01-01T11:41:22.000Z</time>
      </trkpt>
      <trkpt lat="45.99445" lon="13.62792">
        <ele>494.2152</ele>
        <time>2000-01-01T11:41:32.000Z</time>
      </trkpt>
      <trkpt lat="45.99415" lon="13.62819">
        <ele>492.53994</ele>
        <time>2000-01-01T11:41:42.000Z</time>
      </trkpt>
      <trkpt lat="45.99394" lon="13.62839">
        <ele>510.35577</ele>
        <time>2000-01-01T11:41:52.000Z</time>
      </trkpt>
      <trkpt lat="45.99381" lon="13.62869">
        <ele>518.63634</ele>
        <time>2000-01-01T11:42:02.000Z</time>
      </trkpt>
      <trkpt lat="45.99376" lon="13.62886">
        <ele>522.22162</ele>
        <time>2000-01-01T11:42:12.000Z</time>
      </trkpt>
      <trkpt lat="45.99353" lon="13.62923">
        <ele>525.39321</ele>
        <time>2000-01-01T11:42:22.000Z</time>
      </trkpt>
      <trkpt lat="45.99343" lon="13.62938">
        <ele>526.52566</ele>
        <time>2000-01-01T11:42:32.000Z</time>
      </trkpt>
      <trkpt lat="45.99338" lon="13.62954">
        <ele>528.46669</ele>
        <time>2000-01-01T11:42:42.000Z</time>
      </trkpt>
      <trkpt lat="45.99333" lon="13.62974">
        <ele>529.39872</ele>
        <time>2000-01-01T11:42:52.000Z</time>
      </trkpt>
      <trkpt lat="45.99319" lon="13.63022">
        <ele>537.94147</ele>
        <time>2000-01-01T11:43:02.000Z</time>
      </trkpt>
      <trkpt lat="45.99294" lon="13.63057">
        <ele>543.87498</ele>
        <time>2000-01-01T11:43:12.000Z</time>
      </trkpt>
      <trkpt lat="45.99284" lon="13.63072">
        <ele>545.46362</ele>
        <time>2000-01-01T11:43:22.000Z</time>
      </trkpt>
      <trkpt lat="45.99281" lon="13.6309">
        <ele>548.75237</ele>
        <time>2000-01-01T11:43:32.000Z</time>
      </trkpt>
      <trkpt lat="45.99276" lon="13.63094">
        <ele>548.86343</ele>
        <time>2000-01-01T11:43:42.000Z</time>
      </trkpt>
      <trkpt lat="45.99269" lon="13.63098">
        <ele>548.89242</ele>
        <time>2000-01-01T11:43:52.000Z</time>
      </trkpt>
      <trkpt lat="45.99265" lon="13.63102">
        <ele>549.36522</ele>
        <time>2000-01-01T11:44:02.000Z</time>
      </trkpt>
      <trkpt lat="45.99257" lon="13.63105">
        <ele>549.34309</ele>
        <time>2000-01-01T11:44:12.000Z</time>
      </trkpt>
      <trkpt lat="45.9925" lon="13.63114">
        <ele>550.87377</ele>
        <time>2000-01-01T11:44:22.000Z</time>
      </trkpt>
      <trkpt lat="45.99248" lon="13.63119">
        <ele>551.77487</ele>
        <time>2000-01-01T11:44:32.000Z</time>
      </trkpt>
      <trkpt lat="45.99247" lon="13.6313">
        <ele>554.04267</ele>
        <time>2000-01-01T11:44:42.000Z</time>
      </trkpt>
      <trkpt lat="45.9925" lon="13.6314">
        <ele>556.47909</ele>
        <time>2000-01-01T11:44:52.000Z</time>
      </trkpt>
      <trkpt lat="45.9923" lon="13.63181">
        <ele>562.87746</ele>
        <time>2000-01-01T11:45:02.000Z</time>
      </trkpt>
      <trkpt lat="45.99221" lon="13.63184">
        <ele>562.62818</ele>
        <time>2000-01-01T11:45:12.000Z</time>
      </trkpt>
      <trkpt lat="45.99211" lon="13.63189">
        <ele>564.74142</ele>
        <time>2000-01-01T11:45:22.000Z</time>
      </trkpt>
      <trkpt lat="45.99189" lon="13.63185">
        <ele>562.38641</ele>
        <time>2000-01-01T11:45:32.000Z</time>
      </trkpt>
      <trkpt lat="45.99182" lon="13.63187">
        <ele>562.50077</ele>
        <time>2000-01-01T11:45:42.000Z</time>
      </trkpt>
      <trkpt lat="45.99172" lon="13.63179">
        <ele>559.60248</ele>
        <time>2000-01-01T11:45:52.000Z</time>
      </trkpt>
      <trkpt lat="45.99162" lon="13.6318">
        <ele>559.55361</ele>
        <time>2000-01-01T11:46:02.000Z</time>
      </trkpt>
      <trkpt lat="45.99155" lon="13.63184">
        <ele>560.40103</ele>
        <time>2000-01-01T11:46:12.000Z</time>
      </trkpt>
      <trkpt lat="45.99139" lon="13.63182">
        <ele>560.53783</ele>
        <time>2000-01-01T11:46:22.000Z</time>
      </trkpt>
      <trkpt lat="45.99128" lon="13.63183">
        <ele>561.47921</ele>
        <time>2000-01-01T11:46:32.000Z</time>
      </trkpt>
      <trkpt lat="45.99116" lon="13.63181">
        <ele>561.4307</ele>
        <time>2000-01-01T11:46:42.000Z</time>
      </trkpt>
      <trkpt lat="45.99103" lon="13.6318">
        <ele>559.85032</ele>
        <time>2000-01-01T11:46:52.000Z</time>
      </trkpt>
      <trkpt lat="45.9909" lon="13.63156">
        <ele>562.23779</ele>
        <time>2000-01-01T11:47:02.000Z</time>
      </trkpt>
      <trkpt lat="45.99098" lon="13.63132">
        <ele>554.0965</ele>
        <time>2000-01-01T11:47:12.000Z</time>
      </trkpt>
      <trkpt lat="45.99097" lon="13.63131">
        <ele>554.07506</ele>
        <time>2000-01-01T11:47:22.000Z</time>
      </trkpt>
      <trkpt lat="45.9909" lon="13.63139">
        <ele>556.63248</ele>
        <time>2000-01-01T11:47:32.000Z</time>
      </trkpt>
      <trkpt lat="45.99088" lon="13.63139">
        <ele>557.08107</ele>
        <time>2000-01-01T11:47:42.000Z</time>
      </trkpt>
      <trkpt lat="45.99084" lon="13.63133">
        <ele>556.7103</ele>
        <time>2000-01-01T11:47:52.000Z</time>
      </trkpt>
      <trkpt lat="45.99067" lon="13.63131">
        <ele>559.47547</ele>
        <time>2000-01-01T11:48:02.000Z</time>
      </trkpt>
      <trkpt lat="45.99048" lon="13.63133">
        <ele>563.48684</ele>
        <time>2000-01-01T11:48:12.000Z</time>
      </trkpt>
      <trkpt lat="45.99046" lon="13.63139">
        <ele>564.99912</ele>
        <time>2000-01-01T11:48:22.000Z</time>
      </trkpt>
      <trkpt lat="45.99048" lon="13.63143">
        <ele>565.4077</ele>
        <time>2000-01-01T11:48:32.000Z</time>
      </trkpt>
      <trkpt lat="45.99046" lon="13.63156">
        <ele>566.96215</ele>
        <time>2000-01-01T11:48:42.000Z</time>
      </trkpt>
      <trkpt lat="45.99044" lon="13.63161">
        <ele>567.50201</ele>
        <time>2000-01-01T11:48:52.000Z</time>
      </trkpt>
      <trkpt lat="45.99035" lon="13.63159">
        <ele>567.97312</ele>
        <time>2000-01-01T11:49:02.000Z</time>
      </trkpt>
      <trkpt lat="45.9903" lon="13.63163">
        <ele>569.19565</ele>
        <time>2000-01-01T11:49:12.000Z</time>
      </trkpt>
      <trkpt lat="45.99026" lon="13.63181">
        <ele>575.00545</ele>
        <time>2000-01-01T11:49:22.000Z</time>
      </trkpt>
      <trkpt lat="45.99007" lon="13.63186">
        <ele>577.39411</ele>
        <time>2000-01-01T11:49:32.000Z</time>
      </trkpt>
      <trkpt lat="45.99002" lon="13.63192">
        <ele>578.919</ele>
        <time>2000-01-01T11:49:42.000Z</time>
      </trkpt>
      <trkpt lat="45.99" lon="13.632">
        <ele>581.11839</ele>
        <time>2000-01-01T11:49:52.000Z</time>
      </trkpt>
      <trkpt lat="45.98992" lon="13.6321">
        <ele>582.31077</ele>
        <time>2000-01-01T11:50:02.000Z</time>
      </trkpt>
      <trkpt lat="45.98988" lon="13.6321">
        <ele>582.15877</ele>
        <time>2000-01-01T11:50:12.000Z</time>
      </trkpt>
      <trkpt lat="45.98986" lon="13.63217">
        <ele>582.53338</ele>
        <time>2000-01-01T11:50:22.000Z</time>
      </trkpt>
      <trkpt lat="45.98977" lon="13.63225">
        <ele>583.26601</ele>
        <time>2000-01-01T11:50:32.000Z</time>
      </trkpt>
      <trkpt lat="45.98969" lon="13.63225">
        <ele>583.40902</ele>
        <time>2000-01-01T11:50:42.000Z</time>
      </trkpt>
      <trkpt lat="45.98963" lon="13.63258">
        <ele>593.3921</ele>
        <time>2000-01-01T11:50:52.000Z</time>
      </trkpt>
      <trkpt lat="45.98955" lon="13.63278">
        <ele>595.33435</ele>
        <time>2000-01-01T11:51:02.000Z</time>
      </trkpt>
      <trkpt lat="45.98952" lon="13.63294">
        <ele>598.63548</ele>
        <time>2000-01-01T11:51:12.000Z</time>
      </trkpt>
      <trkpt lat="45.98943" lon="13.63311">
        <ele>601.66105</ele>
        <time>2000-01-01T11:51:22.000Z</time>
      </trkpt>
      <trkpt lat="45.9893" lon="13.6332">
        <ele>600.25691</ele>
        <time>2000-01-01T11:51:32.000Z</time>
      </trkpt>
      <trkpt lat="45.9892" lon="13.63348">
        <ele>605.84486</ele>
        <time>2000-01-01T11:51:42.000Z</time>
      </trkpt>
      <trkpt lat="45.98906" lon="13.63364">
        <ele>606.56774</ele>
        <time>2000-01-01T11:51:52.000Z</time>
      </trkpt>
      <trkpt lat="45.98897" lon="13.63382">
        <ele>607.27406</ele>
        <time>2000-01-01T11:52:02.000Z</time>
      </trkpt>
      <trkpt lat="45.98875" lon="13.63404">
        <ele>606.11756</ele>
        <time>2000-01-01T11:52:12.000Z</time>
      </trkpt>
      <trkpt lat="45.98862" lon="13.63414">
        <ele>603.94202</ele>
        <time>2000-01-01T11:52:22.000Z</time>
      </trkpt>
      <trkpt lat="45.98858" lon="13.63427">
        <ele>604.15599</ele>
        <time>2000-01-01T11:52:32.000Z</time>
      </trkpt>
      <trkpt lat="45.98855" lon="13.63441">
        <ele>606.08854</ele>
        <time>2000-01-01T11:52:42.000Z</time>
      </trkpt>
      <trkpt lat="45.9885" lon="13.6346">
        <ele>608.08945</ele>
        <time>2000-01-01T11:52:52.000Z</time>
      </trkpt>
      <trkpt lat="45.98845" lon="13.63468">
        <ele>608.05382</ele>
        <time>2000-01-01T11:53:02.000Z</time>
      </trkpt>
      <trkpt lat="45.98841" lon="13.63476">
        <ele>607.64152</ele>
        <time>2000-01-01T11:53:12.000Z</time>
      </trkpt>
      <trkpt lat="45.98835" lon="13.63483">
        <ele>606.22958</ele>
        <time>2000-01-01T11:53:22.000Z</time>
      </trkpt>
      <trkpt lat="45.98827" lon="13.6349">
        <ele>603.67895</ele>
        <time>2000-01-01T11:53:32.000Z</time>
      </trkpt>
      <trkpt lat="45.98812" lon="13.63494">
        <ele>599.14618</ele>
        <time>2000-01-01T11:53:42.000Z</time>
      </trkpt>
      <trkpt lat="45.98794" lon="13.63516">
        <ele>594.0526</ele>
        <time>2000-01-01T11:53:52.000Z</time>
      </trkpt>
      <trkpt lat="45.98791" lon="13.63524">
        <ele>594.3266</ele>
        <time>2000-01-01T11:54:02.000Z</time>
      </trkpt>
      <trkpt lat="45.98788" lon="13.63544">
        <ele>595.90005</ele>
        <time>2000-01-01T11:54:12.000Z</time>
      </trkpt>
      <trkpt lat="45.98778" lon="13.63556">
        <ele>592.95531</ele>
        <time>2000-01-01T11:54:22.000Z</time>
      </trkpt>
      <trkpt lat="45.98773" lon="13.63557">
        <ele>591.58789</ele>
        <time>2000-01-01T11:54:32.000Z</time>
      </trkpt>
      <trkpt lat="45.98767" lon="13.63564">
        <ele>589.56865</ele>
        <time>2000-01-01T11:54:42.000Z</time>
      </trkpt>
      <trkpt lat="45.9876" lon="13.6357">
        <ele>587.91453</ele>
        <time>2000-01-01T11:54:52.000Z</time>
      </trkpt>
      <trkpt lat="45.98753" lon="13.63569">
        <ele>586.43106</ele>
        <time>2000-01-01T11:55:02.000Z</time>
      </trkpt>
      <trkpt lat="45.98744" lon="13.63577">
        <ele>584.19294</ele>
        <time>2000-01-01T11:55:12.000Z</time>
      </trkpt>
      <trkpt lat="45.98741" lon="13.63583">
        <ele>583.52447</ele>
        <time>2000-01-01T11:55:22.000Z</time>
      </trkpt>
      <trkpt lat="45.98742" lon="13.6359">
        <ele>583.44489</ele>
        <time>2000-01-01T11:55:32.000Z</time>
      </trkpt>
      <trkpt lat="45.9874" lon="13.63603">
        <ele>582.44979</ele>
        <time>2000-01-01T11:55:42.000Z</time>
      </trkpt>
      <trkpt lat="45.98714" lon="13.63627">
        <ele>579.27776</ele>
        <time>2000-01-01T11:55:52.000Z</time>
      </trkpt>
      <trkpt lat="45.98712" lon="13.63635">
        <ele>577.79323</ele>
        <time>2000-01-01T11:56:02.000Z</time>
      </trkpt>
      <trkpt lat="45.98707" lon="13.63638">
        <ele>577.05433</ele>
        <time>2000-01-01T11:56:12.000Z</time>
      </trkpt>
      <trkpt lat="45.98697" lon="13.63653">
        <ele>577.7815</ele>
        <time>2000-01-01T11:56:22.000Z</time>
      </trkpt>
      <trkpt lat="45.98677" lon="13.63677">
        <ele>573.71733</ele>
        <time>2000-01-01T11:56:32.000Z</time>
      </trkpt>
      <trkpt lat="45.98666" lon="13.63697">
        <ele>572.43177</ele>
        <time>2000-01-01T11:56:42.000Z</time>
      </trkpt>
      <trkpt lat="45.98658" lon="13.63713">
        <ele>574.09475</ele>
        <time>2000-01-01T11:56:52.000Z</time>
      </trkpt>
      <trkpt lat="45.98659" lon="13.63721">
        <ele>574.88333</ele>
        <time>2000-01-01T11:57:02.000Z</time>
      </trkpt>
      <trkpt lat="45.98645" lon="13.63739">
        <ele>573.95017</ele>
        <time>2000-01-01T11:57:12.000Z</time>
      </trkpt>
      <trkpt lat="45.98647" lon="13.63745">
        <ele>574.41532</ele>
        <time>2000-01-01T11:57:22.000Z</time>
      </trkpt>
      <trkpt lat="45.9864" lon="13.63762">
        <ele>576.15326</ele>
        <time>2000-01-01T11:57:32.000Z</time>
      </trkpt>
      <trkpt lat="45.98633" lon="13.63788">
        <ele>578.24716</ele>
        <time>2000-01-01T11:57:42.000Z</time>
      </trkpt>
      <trkpt lat="45.98617" lon="13.63808">
        <ele>573.4418</ele>
        <time>2000-01-01T11:57:52.000Z</time>
      </trkpt>
      <trkpt lat="45.98601" lon="13.63816">
        <ele>569.99862</ele>
        <time>2000-01-01T11:58:02.000Z</time>
      </trkpt>
      <trkpt lat="45.98593" lon="13.63833">
        <ele>569.24904</ele>
        <time>2000-01-01T11:58:12.000Z</time>
      </trkpt>
      <trkpt lat="45.98584" lon="13.63835">
        <ele>568.96218</ele>
        <time>2000-01-01T11:58:22.000Z</time>
      </trkpt>
      <trkpt lat="45.98578" lon="13.63847">
        <ele>567.90635</ele>
        <time>2000-01-01T11:58:32.000Z</time>
      </trkpt>
      <trkpt lat="45.98571" lon="13.6385">
        <ele>565.79554</ele>
        <time>2000-01-01T11:58:42.000Z</time>
      </trkpt>
      <trkpt lat="45.98566" lon="13.63863">
        <ele>566.18776</ele>
        <time>2000-01-01T11:58:52.000Z</time>
      </trkpt>
      <trkpt lat="45.98549" lon="13.63885">
        <ele>562.87512</ele>
        <time>2000-01-01T11:59:02.000Z</time>
      </trkpt>
      <trkpt lat="45.9854" lon="13.63895">
        <ele>563.11589</ele>
        <time>2000-01-01T11:59:12.000Z</time>
      </trkpt>
      <trkpt lat="45.98539" lon="13.63902">
        <ele>562.48922</ele>
        <time>2000-01-01T11:59:22.000Z</time>
      </trkpt>
      <trkpt lat="45.98529" lon="13.63918">
        <ele>560.89422</ele>
        <time>2000-01-01T11:59:32.000Z</time>
      </trkpt>
      <trkpt lat="45.98529" lon="13.63932">
        <ele>560.71889</ele>
        <time>2000-01-01T11:59:42.000Z</time>
      </trkpt>
      <trkpt lat="45.98516" lon="13.63951">
        <ele>561.16225</ele>
        <time>2000-01-01T11:59:52.000Z</time>
      </trkpt>
      <trkpt lat="45.98507" lon="13.63974">
        <ele>561.96417</ele>
        <time>2000-01-01T12:00:02.000Z</time>
      </trkpt>
      <trkpt lat="45.98499" lon="13.63984">
        <ele>565.2305</ele>
        <time>2000-01-01T12:00:12.000Z</time>
      </trkpt>
      <trkpt lat="45.98475" lon="13.64003">
        <ele>560.14113</ele>
        <time>2000-01-01T12:00:22.000Z</time>
      </trkpt>
      <trkpt lat="45.98456" lon="13.64029">
        <ele>552.60093</ele>
        <time>2000-01-01T12:00:32.000Z</time>
      </trkpt>
      <trkpt lat="45.9844" lon="13.64043">
        <ele>550.34044</ele>
        <time>2000-01-01T12:00:42.000Z</time>
      </trkpt>
      <trkpt lat="45.98427" lon="13.64068">
        <ele>546.16917</ele>
        <time>2000-01-01T12:00:52.000Z</time>
      </trkpt>
      <trkpt lat="45.98423" lon="13.64068">
        <ele>545.49049</ele>
        <time>2000-01-01T12:01:02.000Z</time>
      </trkpt>
      <trkpt lat="45.9841" lon="13.64086">
        <ele>541.50407</ele>
        <time>2000-01-01T12:01:12.000Z</time>
      </trkpt>
      <trkpt lat="45.98396" lon="13.64121">
        <ele>536.93572</ele>
        <time>2000-01-01T12:01:22.000Z</time>
      </trkpt>
      <trkpt lat="45.98379" lon="13.64156">
        <ele>532.48533</ele>
        <time>2000-01-01T12:01:32.000Z</time>
      </trkpt>
      <trkpt lat="45.98359" lon="13.64187">
        <ele>530.13683</ele>
        <time>2000-01-01T12:01:42.000Z</time>
      </trkpt>
      <trkpt lat="45.98325" lon="13.64239">
        <ele>530.24136</ele>
        <time>2000-01-01T12:01:52.000Z</time>
      </trkpt>
      <trkpt lat="45.9831" lon="13.64256">
        <ele>529.75792</ele>
        <time>2000-01-01T12:02:02.000Z</time>
      </trkpt>
      <trkpt lat="45.98295" lon="13.64275">
        <ele>531.09677</ele>
        <time>2000-01-01T12:02:12.000Z</time>
      </trkpt>
      <trkpt lat="45.98281" lon="13.6431">
        <ele>534.19812</ele>
        <time>2000-01-01T12:02:22.000Z</time>
      </trkpt>
      <trkpt lat="45.98272" lon="13.64323">
        <ele>534.90725</ele>
        <time>2000-01-01T12:02:32.000Z</time>
      </trkpt>
      <trkpt lat="45.98265" lon="13.64331">
        <ele>534.13888</ele>
        <time>2000-01-01T12:02:42.000Z</time>
      </trkpt>
      <trkpt lat="45.9826" lon="13.64335">
        <ele>533.24556</ele>
        <time>2000-01-01T12:02:52.000Z</time>
      </trkpt>
      <trkpt lat="45.98257" lon="13.64337">
        <ele>532.6115</ele>
        <time>2000-01-01T12:03:02.000Z</time>
      </trkpt>
      <trkpt lat="45.98255" lon="13.64336">
        <ele>532.17221</ele>
        <time>2000-01-01T12:03:12.000Z</time>
      </trkpt>
      <trkpt lat="45.98248" lon="13.64341">
        <ele>529.70699</ele>
        <time>2000-01-01T12:03:22.000Z</time>
      </trkpt>
      <trkpt lat="45.98245" lon="13.64338">
        <ele>528.61602</ele>
        <time>2000-01-01T12:03:32.000Z</time>
      </trkpt>
      <trkpt lat="45.98248" lon="13.6432">
        <ele>527.67589</ele>
        <time>2000-01-01T12:03:42.000Z</time>
      </trkpt>
      <trkpt lat="45.98246" lon="13.64318">
        <ele>526.59157</ele>
        <time>2000-01-01T12:03:52.000Z</time>
      </trkpt>
      <trkpt lat="45.9824" lon="13.64322">
        <ele>525.12113</ele>
        <time>2000-01-01T12:04:02.000Z</time>
      </trkpt>
      <trkpt lat="45.9823" lon="13.64321">
        <ele>521.54328</ele>
        <time>2000-01-01T12:04:12.000Z</time>
      </trkpt>
      <trkpt lat="45.98222" lon="13.64312">
        <ele>517.57328</ele>
        <time>2000-01-01T12:04:22.000Z</time>
      </trkpt>
      <trkpt lat="45.98218" lon="13.64312">
        <ele>516.03539</ele>
        <time>2000-01-01T12:04:32.000Z</time>
      </trkpt>
      <trkpt lat="45.98217" lon="13.64301">
        <ele>514.32637</ele>
        <time>2000-01-01T12:04:42.000Z</time>
      </trkpt>
      <trkpt lat="45.98202" lon="13.64276">
        <ele>506.63087</ele>
        <time>2000-01-01T12:04:52.000Z</time>
      </trkpt>
      <trkpt lat="45.98189" lon="13.64267">
        <ele>502.13938</ele>
        <time>2000-01-01T12:05:02.000Z</time>
      </trkpt>
      <trkpt lat="45.98169" lon="13.64273">
        <ele>495.88874</ele>
        <time>2000-01-01T12:05:12.000Z</time>
      </trkpt>
      <trkpt lat="45.98153" lon="13.64265">
        <ele>489.90352</ele>
        <time>2000-01-01T12:05:22.000Z</time>
      </trkpt>
      <trkpt lat="45.9813" lon="13.64261">
        <ele>480.71838</ele>
        <time>2000-01-01T12:05:32.000Z</time>
      </trkpt>
      <trkpt lat="45.98122" lon="13.64229">
        <ele>475.31526</ele>
        <time>2000-01-01T12:05:42.000Z</time>
      </trkpt>
      <trkpt lat="45.98118" lon="13.64218">
        <ele>473.02926</ele>
        <time>2000-01-01T12:05:52.000Z</time>
      </trkpt>
      <trkpt lat="45.98091" lon="13.64166">
        <ele>461.41811</ele>
        <time>2000-01-01T12:06:02.000Z</time>
      </trkpt>
      <trkpt lat="45.98065" lon="13.6414">
        <ele>451.77955</ele>
        <time>2000-01-01T12:06:12.000Z</time>
      </trkpt>
      <trkpt lat="45.98046" lon="13.64138">
        <ele>445.30351</ele>
        <time>2000-01-01T12:06:22.000Z</time>
      </trkpt>
      <trkpt lat="45.98025" lon="13.64126">
        <ele>437.30592</ele>
        <time>2000-01-01T12:06:32.000Z</time>
      </trkpt>
      <trkpt lat="45.98016" lon="13.64136">
        <ele>432.50539</ele>
        <time>2000-01-01T12:06:42.000Z</time>
      </trkpt>
      <trkpt lat="45.98013" lon="13.64144">
        <ele>430.71683</ele>
        <time>2000-01-01T12:06:52.000Z</time>
      </trkpt>
      <trkpt lat="45.98011" lon="13.64146">
        <ele>429.65985</ele>
        <time>2000-01-01T12:07:02.000Z</time>
      </trkpt>
      <trkpt lat="45.98009" lon="13.64153">
        <ele>428.34845</ele>
        <time>2000-01-01T12:07:12.000Z</time>
      </trkpt>
      <trkpt lat="45.98008" lon="13.64159">
        <ele>427.60943</ele>
        <time>2000-01-01T12:07:22.000Z</time>
      </trkpt>
      <trkpt lat="45.98001" lon="13.64174">
        <ele>424.10789</ele>
        <time>2000-01-01T12:07:32.000Z</time>
      </trkpt>
      <trkpt lat="45.97995" lon="13.64194">
        <ele>420.80291</ele>
        <time>2000-01-01T12:07:42.000Z</time>
      </trkpt>
      <trkpt lat="45.97987" lon="13.6421">
        <ele>415.7339</ele>
        <time>2000-01-01T12:07:52.000Z</time>
      </trkpt>
      <trkpt lat="45.97981" lon="13.64216">
        <ele>412.17719</ele>
        <time>2000-01-01T12:08:02.000Z</time>
      </trkpt>
      <trkpt lat="45.97972" lon="13.64202">
        <ele>408.19178</ele>
        <time>2000-01-01T12:08:12.000Z</time>
      </trkpt>
      <trkpt lat="45.97963" lon="13.64208">
        <ele>402.59192</ele>
        <time>2000-01-01T12:08:22.000Z</time>
      </trkpt>
      <trkpt lat="45.97954" lon="13.64173">
        <ele>398.514</ele>
        <time>2000-01-01T12:08:32.000Z</time>
      </trkpt>
      <trkpt lat="45.9794" lon="13.64151">
        <ele>389.65483</ele>
        <time>2000-01-01T12:08:42.000Z</time>
      </trkpt>
      <trkpt lat="45.97937" lon="13.64126">
        <ele>386.87471</ele>
        <time>2000-01-01T12:08:52.000Z</time>
      </trkpt>
      <trkpt lat="45.9793" lon="13.64097">
        <ele>380.02572</ele>
        <time>2000-01-01T12:09:02.000Z</time>
      </trkpt>
      <trkpt lat="45.97926" lon="13.64063">
        <ele>373.28877</ele>
        <time>2000-01-01T12:09:12.000Z</time>
      </trkpt>
      <trkpt lat="45.97928" lon="13.64032">
        <ele>371.17047</ele>
        <time>2000-01-01T12:09:22.000Z</time>
      </trkpt>
      <trkpt lat="45.97923" lon="13.64016">
        <ele>366.54728</ele>
        <time>2000-01-01T12:09:32.000Z</time>
      </trkpt>
      <trkpt lat="45.97922" lon="13.64003">
        <ele>364.78338</ele>
        <time>2000-01-01T12:09:42.000Z</time>
      </trkpt>
      <trkpt lat="45.97928" lon="13.63967">
        <ele>361.14748</ele>
        <time>2000-01-01T12:09:52.000Z</time>
      </trkpt>
      <trkpt lat="45.97935" lon="13.63956">
        <ele>362.30037</ele>
        <time>2000-01-01T12:10:02.000Z</time>
      </trkpt>
      <trkpt lat="45.97944" lon="13.63938">
        <ele>363.12929</ele>
        <time>2000-01-01T12:10:12.000Z</time>
      </trkpt>
      <trkpt lat="45.97949" lon="13.63921">
        <ele>362.02194</ele>
        <time>2000-01-01T12:10:22.000Z</time>
      </trkpt>
      <trkpt lat="45.97957" lon="13.63904">
        <ele>361.7423</ele>
        <time>2000-01-01T12:10:32.000Z</time>
      </trkpt>
      <trkpt lat="45.97962" lon="13.639">
        <ele>363.16188</ele>
        <time>2000-01-01T12:10:42.000Z</time>
      </trkpt>
      <trkpt lat="45.97967" lon="13.63881">
        <ele>360.13824</ele>
        <time>2000-01-01T12:10:52.000Z</time>
      </trkpt>
      <trkpt lat="45.97987" lon="13.63844">
        <ele>358.7276</ele>
        <time>2000-01-01T12:11:02.000Z</time>
      </trkpt>
      <trkpt lat="45.98011" lon="13.63805">
        <ele>359.57268</ele>
        <time>2000-01-01T12:11:12.000Z</time>
      </trkpt>
      <trkpt lat="45.98032" lon="13.63773">
        <ele>360.75186</ele>
        <time>2000-01-01T12:11:22.000Z</time>
      </trkpt>
      <trkpt lat="45.9807" lon="13.63714">
        <ele>356.36278</ele>
        <time>2000-01-01T12:11:32.000Z</time>
      </trkpt>
      <trkpt lat="45.98085" lon="13.63684">
        <ele>353.69943</ele>
        <time>2000-01-01T12:11:42.000Z</time>
      </trkpt>
      <trkpt lat="45.98113" lon="13.63633">
        <ele>349.43866</ele>
        <time>2000-01-01T12:11:52.000Z</time>
      </trkpt>
      <trkpt lat="45.9814" lon="13.63579">
        <ele>345.20793</ele>
        <time>2000-01-01T12:12:02.000Z</time>
      </trkpt>
      <trkpt lat="45.9812" lon="13.63598">
        <ele>341.52792</ele>
        <time>2000-01-01T12:12:12.000Z</time>
      </trkpt>
      <trkpt lat="45.98098" lon="13.63617">
        <ele>336.85802</ele>
        <time>2000-01-01T12:12:22.000Z</time>
      </trkpt>
      <trkpt lat="45.98075" lon="13.63639">
        <ele>333.02499</ele>
        <time>2000-01-01T12:12:32.000Z</time>
      </trkpt>
      <trkpt lat="45.98043" lon="13.63669">
        <ele>327.34433</ele>
        <time>2000-01-01T12:12:42.000Z</time>
      </trkpt>
      <trkpt lat="45.98014" lon="13.63694">
        <ele>320.57683</ele>
        <time>2000-01-01T12:12:52.000Z</time>
      </trkpt>
      <trkpt lat="45.97994" lon="13.63716">
        <ele>317.69073</ele>
        <time>2000-01-01T12:13:02.000Z</time>
      </trkpt>
      <trkpt lat="45.97971" lon="13.63742">
        <ele>314.07124</ele>
        <time>2000-01-01T12:13:12.000Z</time>
      </trkpt>
      <trkpt lat="45.97946" lon="13.63764">
        <ele>309.25093</ele>
        <time>2000-01-01T12:13:22.000Z</time>
      </trkpt>
      <trkpt lat="45.97925" lon="13.63788">
        <ele>305.9953</ele>
        <time>2000-01-01T12:13:32.000Z</time>
      </trkpt>
      <trkpt lat="45.97908" lon="13.63809">
        <ele>304.21976</ele>
        <time>2000-01-01T12:13:42.000Z</time>
      </trkpt>
      <trkpt lat="45.97889" lon="13.63831">
        <ele>297.59682</ele>
        <time>2000-01-01T12:13:52.000Z</time>
      </trkpt>
      <trkpt lat="45.97875" lon="13.63868">
        <ele>295.5766</ele>
        <time>2000-01-01T12:14:02.000Z</time>
      </trkpt>
      <trkpt lat="45.97858" lon="13.6389">
        <ele>292.30106</ele>
        <time>2000-01-01T12:14:12.000Z</time>
      </trkpt>
      <trkpt lat="45.97848" lon="13.63914">
        <ele>290.90903</ele>
        <time>2000-01-01T12:14:22.000Z</time>
      </trkpt>
      <trkpt lat="45.97835" lon="13.63944">
        <ele>286.99188</ele>
        <time>2000-01-01T12:14:32.000Z</time>
      </trkpt>
      <trkpt lat="45.9782" lon="13.63976">
        <ele>281.29943</ele>
        <time>2000-01-01T12:14:42.000Z</time>
      </trkpt>
      <trkpt lat="45.97804" lon="13.64013">
        <ele>276.39909</ele>
        <time>2000-01-01T12:14:52.000Z</time>
      </trkpt>
      <trkpt lat="45.97793" lon="13.64045">
        <ele>274.0331</ele>
        <time>2000-01-01T12:15:02.000Z</time>
      </trkpt>
      <trkpt lat="45.97781" lon="13.64082">
        <ele>270.90963</ele>
        <time>2000-01-01T12:15:12.000Z</time>
      </trkpt>
      <trkpt lat="45.97773" lon="13.64118">
        <ele>266.80598</ele>
        <time>2000-01-01T12:15:22.000Z</time>
      </trkpt>
      <trkpt lat="45.97771" lon="13.64155">
        <ele>264.95924</ele>
        <time>2000-01-01T12:15:32.000Z</time>
      </trkpt>
      <trkpt lat="45.97763" lon="13.64158">
        <ele>259.27761</ele>
        <time>2000-01-01T12:15:42.000Z</time>
      </trkpt>
      <trkpt lat="45.9776" lon="13.64114">
        <ele>256.88727</ele>
        <time>2000-01-01T12:15:52.000Z</time>
      </trkpt>
      <trkpt lat="45.97761" lon="13.64077">
        <ele>255.38751</ele>
        <time>2000-01-01T12:16:02.000Z</time>
      </trkpt>
      <trkpt lat="45.97762" lon="13.64033">
        <ele>248.68725</ele>
        <time>2000-01-01T12:16:12.000Z</time>
      </trkpt>
      <trkpt lat="45.97768" lon="13.64">
        <ele>245.98247</ele>
        <time>2000-01-01T12:16:22.000Z</time>
      </trkpt>
      <trkpt lat="45.97775" lon="13.63968">
        <ele>243.34463</ele>
        <time>2000-01-01T12:16:32.000Z</time>
      </trkpt>
      <trkpt lat="45.97778" lon="13.63939">
        <ele>241.44682</ele>
        <time>2000-01-01T12:16:42.000Z</time>
      </trkpt>
      <trkpt lat="45.97782" lon="13.6391">
        <ele>235.79757</ele>
        <time>2000-01-01T12:16:52.000Z</time>
      </trkpt>
      <trkpt lat="45.97786" lon="13.6389">
        <ele>235.63598</ele>
        <time>2000-01-01T12:17:02.000Z</time>
      </trkpt>
      <trkpt lat="45.97789" lon="13.63869">
        <ele>231.31867</ele>
        <time>2000-01-01T12:17:12.000Z</time>
      </trkpt>
      <trkpt lat="45.97794" lon="13.63853">
        <ele>229.90483</ele>
        <time>2000-01-01T12:17:22.000Z</time>
      </trkpt>
      <trkpt lat="45.97801" lon="13.63825">
        <ele>227.76654</ele>
        <time>2000-01-01T12:17:32.000Z</time>
      </trkpt>
      <trkpt lat="45.97812" lon="13.63803">
        <ele>227.14774</ele>
        <time>2000-01-01T12:17:42.000Z</time>
      </trkpt>
      <trkpt lat="45.97811" lon="13.63797">
        <ele>225.70393</ele>
        <time>2000-01-01T12:17:52.000Z</time>
      </trkpt>
      <trkpt lat="45.97802" lon="13.63783">
        <ele>221.14889</ele>
        <time>2000-01-01T12:18:02.000Z</time>
      </trkpt>
      <trkpt lat="45.97804" lon="13.63769">
        <ele>219.59389</ele>
        <time>2000-01-01T12:18:12.000Z</time>
      </trkpt>
      <trkpt lat="45.9782" lon="13.63741">
        <ele>221.53566</ele>
        <time>2000-01-01T12:18:22.000Z</time>
      </trkpt>
      <trkpt lat="45.97822" lon="13.63728">
        <ele>220.44127</ele>
        <time>2000-01-01T12:18:32.000Z</time>
      </trkpt>
      <trkpt lat="45.97826" lon="13.63711">
        <ele>219.36236</ele>
        <time>2000-01-01T12:18:42.000Z</time>
      </trkpt>
      <trkpt lat="45.97826" lon="13.63695">
        <ele>216.67345</ele>
        <time>2000-01-01T12:18:52.000Z</time>
      </trkpt>
      <trkpt lat="45.97821" lon="13.63705">
        <ele>215.15788</ele>
        <time>2000-01-01T12:19:02.000Z</time>
      </trkpt>
      <trkpt lat="45.97807" lon="13.63739">
        <ele>213.93767</ele>
        <time>2000-01-01T12:19:12.000Z</time>
      </trkpt>
      <trkpt lat="45.97797" lon="13.63747">
        <ele>209.88396</ele>
        <time>2000-01-01T12:19:22.000Z</time>
      </trkpt>
      <trkpt lat="45.97767" lon="13.63791">
        <ele>203.65926</ele>
        <time>2000-01-01T12:19:32.000Z</time>
      </trkpt>
      <trkpt lat="45.97764" lon="13.63785">
        <ele>201.41845</ele>
        <time>2000-01-01T12:19:42.000Z</time>
      </trkpt>
      <trkpt lat="45.97743" lon="13.63833">
        <ele>195.96187</ele>
        <time>2000-01-01T12:19:52.000Z</time>
      </trkpt>
      <trkpt lat="45.97741" lon="13.63816">
        <ele>193.34264</ele>
        <time>2000-01-01T12:20:02.000Z</time>
      </trkpt>
      <trkpt lat="45.97725" lon="13.63842">
        <ele>188.94363</ele>
        <time>2000-01-01T12:20:12.000Z</time>
      </trkpt>
      <trkpt lat="45.97705" lon="13.63847">
        <ele>182.55051</ele>
        <time>2000-01-01T12:20:22.000Z</time>
      </trkpt>
      <trkpt lat="45.97687" lon="13.6387">
        <ele>177.79547</ele>
        <time>2000-01-01T12:20:32.000Z</time>
      </trkpt>
      <trkpt lat="45.97669" lon="13.63917">
        <ele>174.29318</ele>
        <time>2000-01-01T12:20:42.000Z</time>
      </trkpt>
      <trkpt lat="45.97672" lon="13.63935">
        <ele>176.28974</ele>
        <time>2000-01-01T12:20:52.000Z</time>
      </trkpt>
      <trkpt lat="45.9766" lon="13.6394">
        <ele>171.33067</ele>
        <time>2000-01-01T12:21:02.000Z</time>
      </trkpt>
      <trkpt lat="45.97657" lon="13.63957">
        <ele>170.1057</ele>
        <time>2000-01-01T12:21:12.000Z</time>
      </trkpt>
      <trkpt lat="45.97644" lon="13.63965">
        <ele>165.30961</ele>
        <time>2000-01-01T12:21:22.000Z</time>
      </trkpt>
      <trkpt lat="45.97648" lon="13.63977">
        <ele>166.61513</ele>
        <time>2000-01-01T12:21:32.000Z</time>
      </trkpt>
      <trkpt lat="45.97641" lon="13.63984">
        <ele>163.95156</ele>
        <time>2000-01-01T12:21:42.000Z</time>
      </trkpt>
      <trkpt lat="45.97634" lon="13.63975">
        <ele>161.75944</ele>
        <time>2000-01-01T12:21:52.000Z</time>
      </trkpt>
      <trkpt lat="45.97635" lon="13.63963">
        <ele>162.21141</ele>
        <time>2000-01-01T12:22:02.000Z</time>
      </trkpt>
      <trkpt lat="45.97635" lon="13.63947">
        <ele>162.16335</ele>
        <time>2000-01-01T12:22:12.000Z</time>
      </trkpt>
      <trkpt lat="45.97627" lon="13.63945">
        <ele>159.34613</ele>
        <time>2000-01-01T12:22:22.000Z</time>
      </trkpt>
      <trkpt lat="45.97616" lon="13.63967">
        <ele>156.00866</ele>
        <time>2000-01-01T12:22:32.000Z</time>
      </trkpt>
      <trkpt lat="45.97619" lon="13.63992">
        <ele>156.6205</ele>
        <time>2000-01-01T12:22:42.000Z</time>
      </trkpt>
      <trkpt lat="45.97615" lon="13.64">
        <ele>155.20389</ele>
        <time>2000-01-01T12:22:52.000Z</time>
      </trkpt>
      <trkpt lat="45.97605" lon="13.63995">
        <ele>152.35261</ele>
        <time>2000-01-01T12:23:02.000Z</time>
      </trkpt>
      <trkpt lat="45.97607" lon="13.63982">
        <ele>153.11466</ele>
        <time>2000-01-01T12:23:12.000Z</time>
      </trkpt>
      <trkpt lat="45.97608" lon="13.63969">
        <ele>153.37427</ele>
        <time>2000-01-01T12:23:22.000Z</time>
      </trkpt>
      <trkpt lat="45.97613" lon="13.63956">
        <ele>154.79508</ele>
        <time>2000-01-01T12:23:32.000Z</time>
      </trkpt>
      <trkpt lat="45.97606" lon="13.63955">
        <ele>152.36022</ele>
        <time>2000-01-01T12:23:42.000Z</time>
      </trkpt>
      <trkpt lat="45.97601" lon="13.63959">
        <ele>150.66537</ele>
        <time>2000-01-01T12:23:52.000Z</time>
      </trkpt>
      <trkpt lat="45.97592" lon="13.63999">
        <ele>147.61755</ele>
        <time>2000-01-01T12:24:02.000Z</time>
      </trkpt>
      <trkpt lat="45.97585" lon="13.63996">
        <ele>145.17759</ele>
        <time>2000-01-01T12:24:12.000Z</time>
      </trkpt>
      <trkpt lat="45.97585" lon="13.63978">
        <ele>145.45088</ele>
        <time>2000-01-01T12:24:22.000Z</time>
      </trkpt>
      <trkpt lat="45.97578" lon="13.63989">
        <ele>142.65207</ele>
        <time>2000-01-01T12:24:32.000Z</time>
      </trkpt>
      <trkpt lat="45.97574" lon="13.63979">
        <ele>140.54284</ele>
        <time>2000-01-01T12:24:42.000Z</time>
      </trkpt>
      <trkpt lat="45.97565" lon="13.6399">
        <ele>138.29141</ele>
        <time>2000-01-01T12:24:52.000Z</time>
      </trkpt>
      <trkpt lat="45.97555" lon="13.63987">
        <ele>135.20257</ele>
        <time>2000-01-01T12:25:02.000Z</time>
      </trkpt>
      <trkpt lat="45.97509" lon="13.63987">
        <ele>122.71891</ele>
        <time>2000-01-01T12:25:12.000Z</time>
      </trkpt>
      <trkpt lat="45.97495" lon="13.63993">
        <ele>118.35829</ele>
        <time>2000-01-01T12:25:22.000Z</time>
      </trkpt>
      <trkpt lat="45.97489" lon="13.64015">
        <ele>115.17884</ele>
        <time>2000-01-01T12:25:32.000Z</time>
      </trkpt>
      <trkpt lat="45.97494" lon="13.64031">
        <ele>115.71365</ele>
        <time>2000-01-01T12:25:42.000Z</time>
      </trkpt>
      <trkpt lat="45.97492" lon="13.64042">
        <ele>114.28332</ele>
        <time>2000-01-01T12:25:52.000Z</time>
      </trkpt>
      <trkpt lat="45.97486" lon="13.64045">
        <ele>112.37278</ele>
        <time>2000-01-01T12:26:02.000Z</time>
      </trkpt>
      <trkpt lat="45.97486" lon="13.64106">
        <ele>108.5917</ele>
        <time>2000-01-01T12:26:12.000Z</time>
      </trkpt>
      <trkpt lat="45.97482" lon="13.64124">
        <ele>107.57283</ele>
        <time>2000-01-01T12:26:22.000Z</time>
      </trkpt>
      <trkpt lat="45.97484" lon="13.64164">
        <ele>107.39802</ele>
        <time>2000-01-01T12:26:32.000Z</time>
      </trkpt>
      <trkpt lat="45.97491" lon="13.64191">
        <ele>107.61656</ele>
        <time>2000-01-01T12:26:42.000Z</time>
      </trkpt>
      <trkpt lat="45.97478" lon="13.64188">
        <ele>104.57095</ele>
        <time>2000-01-01T12:26:52.000Z</time>
      </trkpt>
      <trkpt lat="45.97462" lon="13.64182">
        <ele>100.99772</ele>
        <time>2000-01-01T12:27:02.000Z</time>
      </trkpt>
      <trkpt lat="45.97433" lon="13.64157">
        <ele>97.03506</ele>
        <time>2000-01-01T12:27:12.000Z</time>
      </trkpt>
      <trkpt lat="45.97407" lon="13.6412">
        <ele>96.08348</ele>
        <time>2000-01-01T12:27:22.000Z</time>
      </trkpt>
      <trkpt lat="45.97384" lon="13.64114">
        <ele>93.94094</ele>
        <time>2000-01-01T12:27:32.000Z</time>
      </trkpt>
      <trkpt lat="45.97359" lon="13.64116">
        <ele>90.59374</ele>
        <time>2000-01-01T12:27:42.000Z</time>
      </trkpt>
      <trkpt lat="45.97332" lon="13.64106">
        <ele>88.20903</ele>
        <time>2000-01-01T12:27:52.000Z</time>
      </trkpt>
      <trkpt lat="45.9732" lon="13.6412">
        <ele>87.03779</ele>
        <time>2000-01-01T12:28:02.000Z</time>
      </trkpt>
      <trkpt lat="45.97362" lon="13.64142">
        <ele>86.22466</ele>
        <time>2000-01-01T12:28:12.000Z</time>
      </trkpt>
      <trkpt lat="45.97376" lon="13.64158">
        <ele>83.601</ele>
        <time>2000-01-01T12:28:22.000Z</time>
      </trkpt>
      <trkpt lat="45.97377" lon="13.64174">
        <ele>79.51925</ele>
        <time>2000-01-01T12:28:32.000Z</time>
      </trkpt>
      <trkpt lat="45.97359" lon="13.64159">
        <ele>80.98617</ele>
        <time>2000-01-01T12:28:42.000Z</time>
      </trkpt>
      <trkpt lat="45.97349" lon="13.64152">
        <ele>80.42973</ele>
        <time>2000-01-01T12:28:52.000Z</time>
      </trkpt>
      <trkpt lat="45.9732" lon="13.64152">
        <ele>78.50288</ele>
        <time>2000-01-01T12:29:02.000Z</time>
      </trkpt>
      <trkpt lat="45.97291" lon="13.64143">
        <ele>65.65745</ele>
        <time>2000-01-01T12:29:12.000Z</time>
      </trkpt>
      <trkpt lat="45.97258" lon="13.64153">
        <ele>53.81269</ele>
        <time>2000-01-01T12:29:22.000Z</time>
      </trkpt>
      <trkpt lat="45.97224" lon="13.64163">
        <ele>53.62112</ele>
        <time>2000-01-01T12:29:32.000Z</time>
      </trkpt>
      <trkpt lat="45.9717" lon="13.64179">
        <ele>73.54014</ele>
        <time>2000-01-01T12:29:42.000Z</time>
      </trkpt>
      <trkpt lat="45.97188" lon="13.64204">
        <ele>70.22334</ele>
        <time>2000-01-01T12:29:52.000Z</time>
      </trkpt>
      <trkpt lat="45.9721" lon="13.64232">
        <ele>67.07837</ele>
        <time>2000-01-01T12:30:02.000Z</time>
      </trkpt>
      <trkpt lat="45.97231" lon="13.64258">
        <ele>64.53323</ele>
        <time>2000-01-01T12:30:12.000Z</time>
        <extensions>
          <oa:locType>routingNode</oa:locType>
        </extensions>
      </trkpt>
    </trkseg>
  </trk>
</gpx>